timestamp,open,high,low,close
1781568000000,1.15912,1.15918,1.15906,1.15914
1781568060000,1.15914,1.15919,1.15912,1.15913
1781568120000,1.15913,1.15917,1.15911,1.15911
1781568180000,1.1591,1.15916,1.15907,1.15915
1781568240000,1.15917,1.15918,1.15914,1.15916
1781568300000,1.15916,1.15916,1.1591,1.15914
1781568360000,1.15913,1.15915,1.15905,1.1591
1781568420000,1.15911,1.15914,1.15909,1.15909
1781568480000,1.15907,1.15908,1.15902,1.15906
1781568540000,1.15907,1.15912,1.15907,1.15912
1781568600000,1.15911,1.15913,1.15907,1.15911
1781568660000,1.15911,1.15911,1.15897,1.159
1781568720000,1.15901,1.15902,1.15897,1.159
1781568780000,1.15902,1.15907,1.15901,1.15901
1781568840000,1.15901,1.15901,1.15894,1.15895
1781568900000,1.15895,1.15901,1.15891,1.15895
1781568960000,1.15895,1.15897,1.15892,1.15896
1781569020000,1.15896,1.159,1.1589,1.15893
1781569080000,1.15894,1.15894,1.15891,1.15893
1781569140000,1.15891,1.159,1.15891,1.15897
1781569200000,1.15897,1.15905,1.15897,1.15902
1781569260000,1.159,1.15902,1.15897,1.159
1781569320000,1.15901,1.15903,1.1589,1.1589
1781569380000,1.15891,1.15896,1.15891,1.15894
1781569440000,1.15896,1.15898,1.15892,1.15892
1781569500000,1.15891,1.15893,1.15889,1.15889
1781569560000,1.15889,1.15892,1.15885,1.15889
1781569620000,1.15889,1.1589,1.15878,1.15883
1781569680000,1.1588,1.15886,1.1588,1.15882
1781569740000,1.15883,1.15887,1.15883,1.15886
1781569800000,1.15882,1.15894,1.15882,1.15893
1781569860000,1.15893,1.15899,1.15892,1.15896
1781569920000,1.15896,1.15898,1.15893,1.15896
1781569980000,1.15896,1.15897,1.15891,1.15892
1781570040000,1.15893,1.15903,1.15893,1.15896
1781570100000,1.15896,1.15896,1.15892,1.15894
1781570160000,1.15893,1.15897,1.15893,1.15895
1781570220000,1.15896,1.15902,1.15896,1.159
1781570280000,1.159,1.15902,1.15899,1.15902
1781570340000,1.15901,1.15904,1.15901,1.15902
1781570400000,1.15901,1.15903,1.15901,1.15902
1781570460000,1.15904,1.15915,1.15904,1.15915
1781570520000,1.15915,1.15918,1.15913,1.15916
1781570580000,1.15916,1.15917,1.15914,1.15917
1781570640000,1.15916,1.15916,1.15913,1.15913
1781570700000,1.15913,1.15915,1.15906,1.15908
1781570760000,1.15907,1.15911,1.15907,1.15909
1781570820000,1.15908,1.15911,1.15906,1.1591
1781570880000,1.15909,1.1591,1.15906,1.15908
1781570940000,1.15909,1.15909,1.15902,1.15902
1781571000000,1.15904,1.15904,1.15895,1.15898
1781571060000,1.15895,1.15897,1.15892,1.15893
1781571120000,1.15894,1.15902,1.15894,1.15896
1781571180000,1.15897,1.159,1.15891,1.15891
1781571240000,1.15891,1.15898,1.15886,1.15896
1781571300000,1.15898,1.1591,1.15898,1.15907
1781571360000,1.15908,1.15913,1.15907,1.15908
1781571420000,1.15907,1.15918,1.15904,1.15918
1781571480000,1.15915,1.15925,1.15915,1.15925
1781571540000,1.15928,1.15935,1.15928,1.15929
1781571600000,1.15928,1.1593,1.15924,1.15928
1781571660000,1.15928,1.15943,1.15927,1.15943
1781571720000,1.15942,1.15946,1.15935,1.15939
1781571780000,1.15938,1.15942,1.15932,1.15942
1781571840000,1.1594,1.1595,1.1594,1.15949
1781571900000,1.15945,1.15945,1.15928,1.15935
1781571960000,1.15934,1.15934,1.15919,1.15919
1781572020000,1.15921,1.15923,1.15917,1.15923
1781572080000,1.15922,1.15934,1.15921,1.15927
1781572140000,1.15928,1.1593,1.15924,1.15928
1781572200000,1.15928,1.15936,1.15926,1.15928
1781572260000,1.15927,1.15928,1.15917,1.15918
1781572320000,1.15917,1.1592,1.15906,1.15913
1781572380000,1.15913,1.15915,1.15905,1.15912
1781572440000,1.15912,1.15924,1.15912,1.1592
1781572500000,1.15919,1.1592,1.15908,1.15913
1781572560000,1.15912,1.15912,1.15903,1.15908
1781572620000,1.15908,1.1591,1.15905,1.15908
1781572680000,1.15908,1.1591,1.15902,1.15904
1781572740000,1.15905,1.15913,1.15905,1.15911
1781572800000,1.15913,1.15917,1.15913,1.15916
1781572860000,1.15913,1.15913,1.15907,1.15909
1781572920000,1.15911,1.15913,1.15906,1.15907
1781572980000,1.15908,1.15913,1.15905,1.15908
1781573040000,1.15906,1.15906,1.15893,1.15893
1781573100000,1.15892,1.159,1.15892,1.15897
1781573160000,1.15897,1.15904,1.15897,1.15903
1781573220000,1.15904,1.15913,1.15902,1.15913
1781573280000,1.15912,1.15917,1.15909,1.15917
1781573340000,1.15916,1.15916,1.15908,1.15909
1781573400000,1.15908,1.15924,1.15908,1.15923
1781573460000,1.15922,1.15922,1.15916,1.15918
1781573520000,1.15916,1.15918,1.15908,1.15909
1781573580000,1.15908,1.15912,1.15902,1.15902
1781573640000,1.15905,1.1591,1.15903,1.15908
1781573700000,1.15909,1.15909,1.1589,1.15894
1781573760000,1.15893,1.15893,1.15882,1.15887
1781573820000,1.15887,1.15892,1.15885,1.15892
1781573880000,1.15891,1.15899,1.15891,1.15898
1781573940000,1.15896,1.15896,1.15889,1.15889
1781574000000,1.15889,1.15889,1.15883,1.15885
1781574060000,1.15887,1.15892,1.15887,1.15889
1781574120000,1.1589,1.15904,1.15879,1.15897
1781574180000,1.15895,1.15902,1.15893,1.15894
1781574240000,1.15894,1.15894,1.15884,1.15889
1781574300000,1.15892,1.15893,1.15886,1.15886
1781574360000,1.15888,1.15892,1.15887,1.15892
1781574420000,1.15893,1.15912,1.15893,1.15911
1781574480000,1.15913,1.15923,1.15911,1.15911
1781574540000,1.15912,1.15914,1.15911,1.15913
1781574600000,1.15913,1.15916,1.15912,1.15913
1781574660000,1.15913,1.15913,1.15903,1.15904
1781574720000,1.15906,1.1591,1.15903,1.15908
1781574780000,1.1591,1.15914,1.15908,1.15914
1781574840000,1.15914,1.15914,1.15907,1.15911
1781574900000,1.15909,1.1591,1.15891,1.15891
1781574960000,1.15892,1.15894,1.15876,1.15882
1781575020000,1.15882,1.15883,1.15874,1.15874
1781575080000,1.15876,1.15876,1.15867,1.15868
1781575140000,1.15869,1.15878,1.15869,1.15877
1781575200000,1.15876,1.15878,1.15869,1.15873
1781575260000,1.15873,1.15873,1.1587,1.15872
1781575320000,1.15874,1.15877,1.15862,1.15863
1781575380000,1.15862,1.15866,1.15853,1.15856
1781575440000,1.15854,1.15858,1.15852,1.15852
1781575500000,1.15852,1.15857,1.15847,1.15854
1781575560000,1.15856,1.15864,1.15855,1.15863
1781575620000,1.15863,1.15863,1.15856,1.15858
1781575680000,1.15858,1.15865,1.15858,1.15862
1781575740000,1.15862,1.15864,1.15856,1.15858
1781575800000,1.15859,1.15861,1.15856,1.15857
1781575860000,1.15855,1.15856,1.15851,1.15856
1781575920000,1.15856,1.15856,1.15856,1.15856
1781575980000,1.15859,1.15862,1.15856,1.15862
1781576040000,1.15861,1.15861,1.15845,1.15852
1781576100000,1.15852,1.15853,1.15848,1.1585
1781576160000,1.15852,1.15854,1.15842,1.15842
1781576220000,1.15841,1.15847,1.15841,1.15842
1781576280000,1.15843,1.15843,1.1584,1.15842
1781576340000,1.15842,1.15844,1.15832,1.15832
1781576400000,1.15832,1.15837,1.15825,1.15832
1781576460000,1.15833,1.15844,1.15833,1.15844
1781576520000,1.15843,1.15844,1.15839,1.15843
1781576580000,1.15842,1.15848,1.15842,1.15848
1781576640000,1.15849,1.15849,1.15842,1.15842
1781576700000,1.15845,1.15851,1.15844,1.15851
1781576760000,1.15853,1.15853,1.15852,1.15852
1781576820000,1.15851,1.15858,1.1585,1.15856
1781576880000,1.15857,1.15861,1.15857,1.15857
1781576940000,1.15859,1.15861,1.15857,1.1586
1781577000000,1.15862,1.15869,1.15862,1.15867
1781577060000,1.15866,1.15877,1.15866,1.15872
1781577120000,1.15874,1.15881,1.15874,1.15877
1781577180000,1.15876,1.15876,1.15873,1.15876
1781577240000,1.15877,1.15881,1.15876,1.15877
1781577300000,1.15876,1.15878,1.15872,1.15878
1781577360000,1.15877,1.15881,1.15877,1.15877
1781577420000,1.15877,1.1589,1.15877,1.1589
1781577480000,1.15891,1.15892,1.15885,1.15886
1781577540000,1.15885,1.15888,1.15883,1.15884
1781577600000,1.15884,1.15887,1.15879,1.15879
1781577660000,1.15881,1.15883,1.15877,1.15879
1781577720000,1.15877,1.1588,1.15877,1.15878
1781577780000,1.15877,1.15882,1.15877,1.1588
1781577840000,1.15879,1.15885,1.15879,1.15883
1781577900000,1.15881,1.15881,1.15872,1.15872
1781577960000,1.15872,1.15873,1.15863,1.15867
1781578020000,1.15865,1.15867,1.15865,1.15867
1781578080000,1.15867,1.15871,1.15867,1.15868
1781578140000,1.1587,1.15874,1.15868,1.15871
1781578200000,1.15872,1.15874,1.15865,1.15867
1781578260000,1.15871,1.15875,1.1587,1.15871
1781578320000,1.15872,1.15872,1.15866,1.15866
1781578380000,1.15864,1.15868,1.15862,1.15868
1781578440000,1.15866,1.15869,1.15866,1.15868
1781578500000,1.15867,1.15867,1.1586,1.15861
1781578560000,1.15861,1.15872,1.15861,1.15872
1781578620000,1.15872,1.15879,1.15872,1.15879
1781578680000,1.15877,1.15885,1.15877,1.15879
1781578740000,1.15879,1.15883,1.15876,1.15876
1781578800000,1.15876,1.15882,1.15872,1.15873
1781578860000,1.15872,1.15874,1.15868,1.15868
1781578920000,1.15869,1.15872,1.15864,1.15865
1781578980000,1.15865,1.15865,1.1585,1.15852
1781579040000,1.15851,1.15857,1.15848,1.15853
1781579100000,1.15855,1.15857,1.15855,1.15856
1781579160000,1.15857,1.15866,1.15857,1.15866
1781579220000,1.15865,1.15869,1.15862,1.15863
1781579280000,1.15863,1.15873,1.15863,1.15868
1781579340000,1.15868,1.15872,1.15867,1.15867
1781579400000,1.15868,1.15872,1.15867,1.15869
1781579460000,1.15869,1.15871,1.15868,1.15871
1781579520000,1.15868,1.15873,1.15867,1.15868
1781579580000,1.15869,1.15869,1.15868,1.15868
1781579640000,1.15868,1.15869,1.15867,1.15869
1781579700000,1.15867,1.15869,1.15867,1.15868
1781579760000,1.15866,1.15868,1.15866,1.15867
1781579820000,1.15867,1.15867,1.15856,1.15856
1781579880000,1.15858,1.15858,1.15858,1.15858
1781579940000,1.15858,1.15861,1.15839,1.15858
1781580000000,1.15859,1.15873,1.15858,1.15867
1781580060000,1.15868,1.15868,1.15851,1.15851
1781580120000,1.15853,1.15857,1.15849,1.15857
1781580180000,1.15856,1.15857,1.15852,1.15857
1781580240000,1.15857,1.15863,1.15857,1.15863
1781580300000,1.15863,1.15868,1.15859,1.15867
1781580360000,1.15868,1.15872,1.15864,1.15869
1781580420000,1.15867,1.15869,1.15862,1.15862
1781580480000,1.1586,1.15864,1.15854,1.15854
1781580540000,1.15852,1.15856,1.15849,1.15855
1781580600000,1.15855,1.15868,1.15855,1.15867
1781580660000,1.15866,1.15866,1.1586,1.15863
1781580720000,1.15863,1.15864,1.1586,1.15864
1781580780000,1.15865,1.15867,1.15863,1.15865
1781580840000,1.15869,1.15869,1.15867,1.15868
1781580900000,1.15867,1.15872,1.15867,1.15871
1781580960000,1.15869,1.15873,1.15867,1.15873
1781581020000,1.15871,1.15874,1.15871,1.15872
1781581080000,1.15873,1.15873,1.15869,1.1587
1781581140000,1.15869,1.15873,1.15869,1.15871
1781581200000,1.1587,1.15871,1.15866,1.15868
1781581260000,1.15869,1.15869,1.15861,1.15864
1781581320000,1.15863,1.15869,1.15862,1.15869
1781581380000,1.15867,1.15871,1.15867,1.15868
1781581440000,1.15872,1.15872,1.15867,1.15867
1781581500000,1.15867,1.15868,1.15862,1.15868
1781581560000,1.1587,1.15871,1.15865,1.15866
1781581620000,1.15865,1.15872,1.15864,1.15871
1781581680000,1.15872,1.15882,1.15871,1.15876
1781581740000,1.15876,1.15884,1.15875,1.15884
1781581800000,1.15882,1.15885,1.15882,1.15883
1781581860000,1.15883,1.15883,1.15873,1.15873
1781581920000,1.15874,1.15878,1.15874,1.15878
1781581980000,1.15878,1.15878,1.15874,1.15876
1781582040000,1.15877,1.15877,1.15871,1.15876
1781582100000,1.15874,1.15874,1.15867,1.1587
1781582160000,1.15871,1.15871,1.15863,1.15864
1781582220000,1.15865,1.15866,1.15864,1.15864
1781582280000,1.15864,1.15865,1.15858,1.15861
1781582340000,1.15861,1.15864,1.15861,1.15863
1781582400000,1.15861,1.15869,1.15861,1.15867
1781582460000,1.15866,1.15866,1.15859,1.15859
1781582520000,1.15859,1.15862,1.1585,1.15852
1781582580000,1.15851,1.15856,1.15851,1.15854
1781582640000,1.15852,1.15852,1.15838,1.15838
1781582700000,1.15839,1.15839,1.15831,1.15833
1781582760000,1.15831,1.15833,1.15823,1.15826
1781582820000,1.15825,1.15827,1.15825,1.15826
1781582880000,1.15826,1.15829,1.15824,1.15825
1781582940000,1.15826,1.15828,1.15819,1.15828
1781583000000,1.15827,1.15827,1.15821,1.15823
1781583060000,1.15822,1.15826,1.1582,1.15823
1781583120000,1.15821,1.15824,1.15805,1.15807
1781583180000,1.15807,1.15807,1.15785,1.15798
1781583240000,1.158,1.15802,1.15794,1.15794
1781583300000,1.15793,1.15807,1.15793,1.15807
1781583360000,1.15807,1.15808,1.15804,1.15806
1781583420000,1.15806,1.15807,1.15802,1.15806
1781583480000,1.15804,1.15807,1.15799,1.15799
1781583540000,1.15799,1.15806,1.15787,1.15806
1781583600000,1.15807,1.15812,1.15801,1.15802
1781583660000,1.15802,1.15805,1.15798,1.158
1781583720000,1.15797,1.15798,1.15786,1.15787
1781583780000,1.15786,1.15786,1.15782,1.15785
1781583840000,1.15783,1.15787,1.15776,1.15777
1781583900000,1.15777,1.15781,1.15756,1.15763
1781583960000,1.15762,1.15773,1.15759,1.15763
1781584020000,1.15763,1.15767,1.15758,1.15765
1781584080000,1.15765,1.15776,1.15765,1.15775
1781584140000,1.15778,1.15785,1.15778,1.15781
1781584200000,1.15782,1.15788,1.15775,1.15783
1781584260000,1.15782,1.15798,1.1578,1.15794
1781584320000,1.15796,1.15803,1.15792,1.15792
1781584380000,1.15791,1.15795,1.15787,1.15789
1781584440000,1.15789,1.15789,1.15772,1.15776
1781584500000,1.15776,1.1579,1.15771,1.1579
1781584560000,1.1579,1.1579,1.15782,1.15788
1781584620000,1.15786,1.15788,1.15782,1.15786
1781584680000,1.15787,1.15791,1.15785,1.15785
1781584740000,1.15787,1.1579,1.15785,1.1579
1781584800000,1.15789,1.15792,1.15787,1.15788
1781584860000,1.15789,1.15792,1.15788,1.15791
1781584920000,1.15791,1.15791,1.15788,1.15791
1781584980000,1.15789,1.1579,1.15787,1.15787
1781585040000,1.15788,1.15789,1.15786,1.15787
1781585100000,1.15789,1.15791,1.15786,1.15789
1781585160000,1.1579,1.1579,1.15784,1.15785
1781585220000,1.15785,1.15786,1.15775,1.15777
1781585280000,1.15778,1.15781,1.15775,1.15778
1781585340000,1.15779,1.15787,1.15779,1.15787
1781585400000,1.15786,1.15789,1.1578,1.1578
1781585460000,1.15781,1.15784,1.15778,1.15783
1781585520000,1.15783,1.15785,1.15769,1.1577
1781585580000,1.15769,1.15771,1.15763,1.15768
1781585640000,1.15769,1.15772,1.15767,1.15769
1781585700000,1.1577,1.15778,1.1577,1.15777
1781585760000,1.1578,1.1579,1.1578,1.15788
1781585820000,1.15787,1.1579,1.15783,1.15783
1781585880000,1.15785,1.15793,1.15785,1.15789
1781585940000,1.15791,1.15794,1.15788,1.15788
1781586000000,1.15788,1.15794,1.15786,1.15787
1781586060000,1.15788,1.15798,1.15787,1.15798
1781586120000,1.15797,1.158,1.15794,1.15798
1781586180000,1.15799,1.15805,1.15799,1.15804
1781586240000,1.15803,1.15809,1.15799,1.15803
1781586300000,1.15803,1.15804,1.15794,1.15799
1781586360000,1.15798,1.15799,1.15795,1.15796
1781586420000,1.15796,1.15799,1.15795,1.15798
1781586480000,1.15799,1.15799,1.15797,1.15797
1781586540000,1.15797,1.15799,1.15797,1.15798
1781586600000,1.15798,1.15798,1.1579,1.15793
1781586660000,1.15793,1.15793,1.15789,1.15789
1781586720000,1.15787,1.15787,1.15783,1.15783
1781586780000,1.15782,1.15784,1.1578,1.15782
1781586840000,1.15783,1.15784,1.15774,1.15774
1781586900000,1.15773,1.15782,1.15773,1.15781
1781586960000,1.15782,1.15783,1.15776,1.15782
1781587020000,1.15783,1.15783,1.15776,1.15777
1781587080000,1.15778,1.15782,1.15777,1.15782
1781587140000,1.1578,1.15781,1.15776,1.15778
1781587200000,1.15777,1.15777,1.1577,1.15771
1781587260000,1.15775,1.1578,1.15774,1.15776
1781587320000,1.15778,1.15784,1.15777,1.15783
1781587380000,1.15783,1.15783,1.15782,1.15783
1781587440000,1.15784,1.15787,1.1578,1.15781
1781587500000,1.15781,1.15784,1.15781,1.15784
1781587560000,1.15784,1.15785,1.15783,1.15785
1781587620000,1.15785,1.15793,1.15785,1.15792
1781587680000,1.15792,1.15793,1.15787,1.15789
1781587740000,1.15788,1.15794,1.15788,1.15794
1781587800000,1.15793,1.15804,1.15793,1.15799
1781587860000,1.15801,1.15802,1.158,1.15801
1781587920000,1.15802,1.15802,1.15796,1.158
1781587980000,1.15799,1.15799,1.15788,1.15798
1781588040000,1.15798,1.15801,1.1579,1.1579
1781588100000,1.15789,1.15803,1.15788,1.15803
1781588160000,1.15803,1.15805,1.15795,1.15798
1781588220000,1.15798,1.15798,1.15785,1.15788
1781588280000,1.15787,1.15792,1.15786,1.15792
1781588340000,1.15792,1.15792,1.15787,1.15787
1781588400000,1.15789,1.15792,1.15787,1.15787
1781588460000,1.1579,1.15796,1.15788,1.15788
1781588520000,1.15787,1.15787,1.15783,1.15783
1781588580000,1.15782,1.15784,1.15781,1.15783
1781588640000,1.15783,1.15783,1.1577,1.15772
1781588700000,1.15772,1.15774,1.15771,1.15773
1781588760000,1.15773,1.15777,1.15772,1.15772
1781588820000,1.15772,1.15773,1.15765,1.15769
1781588880000,1.15769,1.15769,1.15763,1.15769
1781588940000,1.15767,1.15767,1.15753,1.15755
1781589000000,1.15758,1.15764,1.15758,1.15763
1781589060000,1.15763,1.1577,1.15762,1.15769
1781589120000,1.1577,1.1577,1.15766,1.15767
1781589180000,1.15768,1.15773,1.1576,1.1576
1781589240000,1.15762,1.15762,1.15757,1.15758
1781589300000,1.15758,1.1576,1.15751,1.15756
1781589360000,1.15757,1.15763,1.15753,1.15759
1781589420000,1.15759,1.15761,1.15758,1.1576
1781589480000,1.15759,1.15759,1.15753,1.15756
1781589540000,1.15757,1.15758,1.15753,1.15753
1781589600000,1.1575,1.15763,1.15748,1.1576
1781589660000,1.15759,1.15765,1.15759,1.15763
1781589720000,1.15764,1.15773,1.15764,1.15768
1781589780000,1.15771,1.15773,1.15768,1.1577
1781589840000,1.15769,1.15776,1.15767,1.15772
1781589900000,1.15773,1.15775,1.15767,1.15774
1781589960000,1.15774,1.15775,1.15764,1.15768
1781590020000,1.15769,1.15773,1.15749,1.15749
1781590080000,1.15751,1.15755,1.1575,1.15754
1781590140000,1.15753,1.15755,1.15751,1.15754
1781590200000,1.15755,1.15757,1.1575,1.1575
1781590260000,1.1575,1.15765,1.15748,1.15761
1781590320000,1.15762,1.15771,1.15762,1.1577
1781590380000,1.15769,1.1577,1.15765,1.15769
1781590440000,1.15769,1.15776,1.15767,1.1577
1781590500000,1.15769,1.15769,1.15764,1.15766
1781590560000,1.15766,1.15776,1.15766,1.15775
1781590620000,1.15775,1.15775,1.15768,1.15769
1781590680000,1.15769,1.15769,1.15757,1.15759
1781590740000,1.15761,1.15768,1.15758,1.15763
1781590800000,1.15764,1.15765,1.15761,1.15764
1781590860000,1.15764,1.15765,1.15761,1.15761
1781590920000,1.15762,1.15764,1.15755,1.15757
1781590980000,1.15756,1.15758,1.15751,1.15751
1781591040000,1.1575,1.15752,1.15748,1.15749
1781591100000,1.1575,1.15769,1.1575,1.15769
1781591160000,1.15771,1.1578,1.1577,1.15777
1781591220000,1.15777,1.15778,1.1577,1.15773
1781591280000,1.15772,1.15784,1.15772,1.15784
1781591340000,1.15785,1.15788,1.15781,1.15784
1781591400000,1.15784,1.15786,1.15777,1.15782
1781591460000,1.1578,1.15794,1.1578,1.15791
1781591520000,1.15792,1.15816,1.15792,1.15815
1781591580000,1.15815,1.15831,1.15814,1.1583
1781591640000,1.15829,1.15846,1.15824,1.15839
1781591700000,1.15839,1.1584,1.15816,1.1584
1781591760000,1.1584,1.15848,1.15831,1.15843
1781591820000,1.15844,1.15852,1.15843,1.1585
1781591880000,1.15849,1.15853,1.15846,1.15848
1781591940000,1.15848,1.15855,1.15847,1.15849
1781592000000,1.15847,1.1585,1.15842,1.15843
1781592060000,1.15843,1.1585,1.15838,1.1585
1781592120000,1.1585,1.15853,1.15842,1.15848
1781592180000,1.15848,1.15848,1.15831,1.15833
1781592240000,1.15836,1.15836,1.15813,1.15813
1781592300000,1.15815,1.15826,1.15815,1.15824
1781592360000,1.15822,1.1584,1.15821,1.15833
1781592420000,1.15832,1.15832,1.15815,1.15816
1781592480000,1.15812,1.15842,1.15811,1.15841
1781592540000,1.15841,1.15843,1.15834,1.15837
1781592600000,1.15835,1.15844,1.15832,1.15844
1781592660000,1.15847,1.15854,1.15843,1.15848
1781592720000,1.15849,1.15852,1.15843,1.1585
1781592780000,1.1585,1.15854,1.15826,1.15842
1781592840000,1.1584,1.15843,1.15832,1.15839
1781592900000,1.1584,1.15864,1.15839,1.15862
1781592960000,1.15863,1.15872,1.15861,1.15867
1781593020000,1.15865,1.15867,1.15851,1.15856
1781593080000,1.15856,1.15868,1.15855,1.15865
1781593140000,1.15863,1.15875,1.15863,1.15873
1781593200000,1.15873,1.15876,1.15859,1.1586
1781593260000,1.15859,1.15882,1.15855,1.15874
1781593320000,1.15874,1.15876,1.15857,1.1586
1781593380000,1.1586,1.1587,1.15859,1.15859
1781593440000,1.15858,1.15869,1.1585,1.15869
1781593500000,1.15869,1.15885,1.15868,1.15883
1781593560000,1.15884,1.15902,1.15882,1.15899
1781593620000,1.15896,1.15896,1.15872,1.1588
1781593680000,1.15882,1.15903,1.15882,1.15884
1781593740000,1.15883,1.15892,1.15877,1.15889
1781593800000,1.1589,1.1589,1.15878,1.15878
1781593860000,1.15877,1.15892,1.15877,1.15886
1781593920000,1.15885,1.1589,1.15877,1.15881
1781593980000,1.1588,1.15881,1.15874,1.15879
1781594040000,1.15877,1.15888,1.15874,1.1588
1781594100000,1.15881,1.15884,1.15877,1.15879
1781594160000,1.15881,1.15895,1.15875,1.15895
1781594220000,1.15897,1.15903,1.15887,1.15887
1781594280000,1.15886,1.15895,1.15882,1.15894
1781594340000,1.15894,1.159,1.15885,1.15893
1781594400000,1.15894,1.15894,1.15886,1.15888
1781594460000,1.15889,1.15893,1.15888,1.15892
1781594520000,1.15892,1.15892,1.15876,1.15882
1781594580000,1.15883,1.15885,1.15883,1.15883
1781594640000,1.15883,1.15887,1.15878,1.1588
1781594700000,1.15879,1.15884,1.15871,1.15883
1781594760000,1.15885,1.15891,1.15885,1.15889
1781594820000,1.15889,1.15896,1.15883,1.15894
1781594880000,1.15894,1.15899,1.15888,1.15888
1781594940000,1.15889,1.15912,1.15886,1.1591
1781595000000,1.1591,1.15916,1.15898,1.15905
1781595060000,1.15903,1.1592,1.15903,1.15913
1781595120000,1.15914,1.15915,1.15908,1.15909
1781595180000,1.15908,1.15909,1.15893,1.159
1781595240000,1.15901,1.15913,1.15899,1.15908
1781595300000,1.15907,1.15927,1.15906,1.15919
1781595360000,1.15919,1.15927,1.1591,1.15927
1781595420000,1.15925,1.15925,1.15908,1.15919
1781595480000,1.15918,1.15918,1.15908,1.15909
1781595540000,1.15909,1.15928,1.15907,1.15927
1781595600000,1.15929,1.15929,1.15923,1.15928
1781595660000,1.15929,1.15931,1.15927,1.15929
1781595720000,1.15929,1.15937,1.15926,1.15928
1781595780000,1.15928,1.15928,1.15925,1.15928
1781595840000,1.15929,1.15932,1.15925,1.15929
1781595900000,1.15929,1.15931,1.15918,1.15918
1781595960000,1.15918,1.15925,1.15918,1.15922
1781596020000,1.15922,1.15928,1.15918,1.15928
1781596080000,1.1593,1.15934,1.15921,1.15921
1781596140000,1.15921,1.15923,1.15917,1.15917
1781596200000,1.15921,1.15937,1.15921,1.15935
1781596260000,1.15935,1.15938,1.1593,1.1593
1781596320000,1.15933,1.15937,1.15926,1.15928
1781596380000,1.15922,1.15932,1.15922,1.15929
1781596440000,1.15928,1.15928,1.15917,1.15917
1781596500000,1.15917,1.15928,1.15917,1.15928
1781596560000,1.15927,1.15939,1.15927,1.15934
1781596620000,1.15934,1.15946,1.15934,1.15944
1781596680000,1.15945,1.15948,1.15943,1.15944
1781596740000,1.15944,1.15956,1.15944,1.15952
1781596800000,1.15956,1.15958,1.15945,1.15946
1781596860000,1.15946,1.15947,1.15932,1.15944
1781596920000,1.15943,1.1595,1.15942,1.15949
1781596980000,1.15948,1.15953,1.15942,1.15953
1781597040000,1.15952,1.15967,1.15952,1.15959
1781597100000,1.15961,1.15964,1.15957,1.15963
1781597160000,1.15964,1.15974,1.15962,1.15965
1781597220000,1.15966,1.15976,1.15962,1.15964
1781597280000,1.15964,1.15973,1.15963,1.15968
1781597340000,1.15967,1.15969,1.15956,1.15959
1781597400000,1.15963,1.15978,1.15961,1.15977
1781597460000,1.15977,1.1598,1.15973,1.15976
1781597520000,1.15977,1.15992,1.15977,1.15988
1781597580000,1.15987,1.15994,1.15977,1.15994
1781597640000,1.15993,1.15993,1.15979,1.15988
1781597700000,1.15987,1.15992,1.15976,1.15976
1781597760000,1.15974,1.15987,1.15973,1.15983
1781597820000,1.15981,1.16002,1.15978,1.16002
1781597880000,1.15999,1.15999,1.15988,1.15992
1781597940000,1.1599,1.1599,1.15982,1.15987
1781598000000,1.15988,1.15995,1.15976,1.15978
1781598060000,1.15977,1.15994,1.15972,1.15984
1781598120000,1.15983,1.15985,1.15975,1.15977
1781598180000,1.15976,1.15979,1.15973,1.15977
1781598240000,1.15976,1.15987,1.15976,1.15977
1781598300000,1.15978,1.15998,1.15976,1.15998
1781598360000,1.15999,1.16004,1.15999,1.16002
1781598420000,1.16001,1.16002,1.15997,1.15999
1781598480000,1.16,1.16018,1.16,1.16018
1781598540000,1.16016,1.16019,1.15998,1.16016
1781598600000,1.16013,1.16022,1.16006,1.16013
1781598660000,1.16014,1.16021,1.16007,1.16014
1781598720000,1.16014,1.1602,1.16008,1.16009
1781598780000,1.16012,1.16012,1.15999,1.16008
1781598840000,1.16008,1.16016,1.16006,1.16014
1781598900000,1.16015,1.16017,1.16007,1.16007
1781598960000,1.16005,1.16009,1.15998,1.15998
1781599020000,1.15999,1.16004,1.15997,1.15999
1781599080000,1.15997,1.15999,1.15989,1.15989
1781599140000,1.1599,1.15998,1.15989,1.15997
1781599200000,1.15997,1.16013,1.15996,1.16011
1781599260000,1.16012,1.16012,1.16001,1.16004
1781599320000,1.16003,1.16009,1.15997,1.16005
1781599380000,1.16003,1.16004,1.16002,1.16003
1781599440000,1.16005,1.1601,1.16005,1.16008
1781599500000,1.16008,1.16013,1.16008,1.16008
1781599560000,1.1601,1.16014,1.16007,1.16009
1781599620000,1.16009,1.1601,1.15999,1.16001
1781599680000,1.16001,1.16012,1.15995,1.1601
1781599740000,1.16011,1.16018,1.16009,1.16014
1781599800000,1.16013,1.16017,1.16011,1.16013
1781599860000,1.16014,1.16034,1.16013,1.16033
1781599920000,1.16037,1.1604,1.16033,1.16034
1781599980000,1.16035,1.16047,1.16035,1.16047
1781600040000,1.16047,1.16048,1.1604,1.16047
1781600100000,1.16047,1.16057,1.16043,1.16053
1781600160000,1.16054,1.16057,1.1605,1.16057
1781600220000,1.16058,1.16064,1.16052,1.16064
1781600280000,1.16064,1.16064,1.16057,1.16057
1781600340000,1.16056,1.16057,1.16051,1.16056
1781600400000,1.16055,1.16068,1.16055,1.16068
1781600460000,1.16066,1.16068,1.16055,1.16058
1781600520000,1.16059,1.16068,1.16047,1.16047
1781600580000,1.16046,1.16051,1.16041,1.16046
1781600640000,1.16047,1.16048,1.16042,1.16042
1781600700000,1.16043,1.16049,1.16038,1.16048
1781600760000,1.16047,1.16052,1.16033,1.16051
1781600820000,1.16055,1.16071,1.1605,1.16058
1781600880000,1.16061,1.16089,1.16061,1.16089
1781600940000,1.16088,1.1609,1.16074,1.16074
1781601000000,1.16074,1.16091,1.16072,1.16088
1781601060000,1.1609,1.16093,1.16084,1.16087
1781601120000,1.16086,1.16088,1.16072,1.16073
1781601180000,1.16073,1.16073,1.16061,1.16069
1781601240000,1.16071,1.16076,1.16066,1.1607
1781601300000,1.1607,1.16073,1.16062,1.16072
1781601360000,1.16073,1.16073,1.16063,1.16065
1781601420000,1.16066,1.16069,1.1606,1.1606
1781601480000,1.16061,1.16062,1.16047,1.16049
1781601540000,1.16047,1.16052,1.16041,1.16047
1781601600000,1.16047,1.16051,1.16041,1.16048
1781601660000,1.16047,1.16052,1.16046,1.16048
1781601720000,1.16048,1.16054,1.16044,1.16044
1781601780000,1.16043,1.16048,1.16031,1.16037
1781601840000,1.16037,1.16038,1.1603,1.1603
1781601900000,1.16029,1.16031,1.16022,1.16023
1781601960000,1.16024,1.16029,1.1602,1.16026
1781602020000,1.16027,1.16028,1.16019,1.16021
1781602080000,1.1602,1.1602,1.16004,1.16009
1781602140000,1.16007,1.16018,1.16007,1.16013
1781602200000,1.16015,1.16033,1.16015,1.16032
1781602260000,1.16032,1.16032,1.16027,1.16028
1781602320000,1.16026,1.16032,1.16021,1.16028
1781602380000,1.16029,1.16031,1.16026,1.16027
1781602440000,1.16026,1.16027,1.16013,1.16014
1781602500000,1.16015,1.16015,1.15999,1.16
1781602560000,1.16001,1.16011,1.16,1.16007
1781602620000,1.16007,1.16025,1.16007,1.16021
1781602680000,1.16021,1.16021,1.16013,1.16017
1781602740000,1.16018,1.16018,1.1601,1.16017
1781602800000,1.16014,1.1602,1.16012,1.1602
1781602860000,1.1602,1.16021,1.16014,1.16016
1781602920000,1.16016,1.16019,1.16013,1.16013
1781602980000,1.16013,1.16014,1.1601,1.1601
1781603040000,1.16012,1.16012,1.16003,1.16007
1781603100000,1.16006,1.16006,1.15998,1.16005
1781603160000,1.16005,1.16008,1.16002,1.16007
1781603220000,1.16008,1.16014,1.16007,1.16008
1781603280000,1.16009,1.16015,1.16007,1.16011
1781603340000,1.16011,1.16012,1.15998,1.15998
1781603400000,1.15998,1.16011,1.15998,1.16011
1781603460000,1.1601,1.16017,1.16008,1.16014
1781603520000,1.16014,1.16015,1.16007,1.16015
1781603580000,1.16014,1.16014,1.16009,1.1601
1781603640000,1.16011,1.16012,1.16008,1.16012
1781603700000,1.16012,1.16018,1.16008,1.16013
1781603760000,1.16011,1.16013,1.16009,1.16011
1781603820000,1.16013,1.16018,1.16013,1.16017
1781603880000,1.16016,1.16021,1.16015,1.1602
1781603940000,1.16021,1.16021,1.1601,1.1601
1781604000000,1.16009,1.16014,1.16007,1.1601
1781604060000,1.16008,1.16025,1.16007,1.16018
1781604120000,1.16018,1.16023,1.16009,1.16011
1781604180000,1.16011,1.16015,1.16011,1.16013
1781604240000,1.16013,1.16013,1.16009,1.1601
1781604300000,1.16012,1.16013,1.16004,1.16008
1781604360000,1.16009,1.16015,1.16008,1.16013
1781604420000,1.16012,1.16023,1.16012,1.16023
1781604480000,1.16022,1.16031,1.16022,1.16025
1781604540000,1.16027,1.16039,1.16026,1.16039
1781604600000,1.16036,1.16053,1.16034,1.16049
1781604660000,1.16048,1.1606,1.16042,1.16059
1781604720000,1.16058,1.16077,1.16058,1.16069
1781604780000,1.16071,1.16073,1.16062,1.16072
1781604840000,1.16072,1.16077,1.16068,1.1607
1781604900000,1.16069,1.16079,1.16067,1.16079
1781604960000,1.16079,1.16088,1.16079,1.16088
1781605020000,1.16088,1.16098,1.16085,1.16093
1781605080000,1.16093,1.16099,1.16091,1.16097
1781605140000,1.16097,1.16097,1.1609,1.16091
1781605200000,1.16091,1.16098,1.16088,1.16097
1781605260000,1.16097,1.16129,1.16097,1.16128
1781605320000,1.16128,1.16128,1.16103,1.16117
1781605380000,1.16115,1.16116,1.16108,1.16113
1781605440000,1.16114,1.16114,1.16109,1.16113
1781605500000,1.16114,1.16114,1.161,1.16111
1781605560000,1.16114,1.16115,1.16104,1.16104
1781605620000,1.16106,1.16115,1.16101,1.16101
1781605680000,1.16102,1.16103,1.16094,1.16095
1781605740000,1.16093,1.16096,1.16088,1.1609
1781605800000,1.1609,1.16092,1.16077,1.16078
1781605860000,1.16078,1.16085,1.16076,1.1608
1781605920000,1.16079,1.16086,1.16079,1.16082
1781605980000,1.16083,1.16094,1.16083,1.16093
1781606040000,1.16092,1.16094,1.16091,1.16092
1781606100000,1.1609,1.16103,1.16089,1.16097
1781606160000,1.161,1.16102,1.16092,1.16097
1781606220000,1.16098,1.161,1.16096,1.16097
1781606280000,1.16097,1.16103,1.16089,1.16102
1781606340000,1.16103,1.16103,1.1609,1.16091
1781606400000,1.16092,1.1611,1.16092,1.1611
1781606460000,1.16109,1.16111,1.16107,1.16107
1781606520000,1.16107,1.16114,1.16106,1.16113
1781606580000,1.16113,1.16118,1.1611,1.16117
1781606640000,1.1612,1.16121,1.16112,1.16113
1781606700000,1.16112,1.16117,1.1611,1.1611
1781606760000,1.1611,1.16117,1.1611,1.16112
1781606820000,1.16113,1.16117,1.16111,1.16111
1781606880000,1.1611,1.16111,1.16107,1.1611
1781606940000,1.16108,1.16109,1.16095,1.16099
1781607000000,1.16098,1.16102,1.16096,1.16101
1781607060000,1.161,1.16107,1.16099,1.16106
1781607120000,1.16108,1.16112,1.16094,1.16099
1781607180000,1.16098,1.16103,1.16097,1.16098
1781607240000,1.16099,1.16108,1.16099,1.16101
1781607300000,1.161,1.16103,1.16092,1.16098
1781607360000,1.16099,1.1611,1.16099,1.16102
1781607420000,1.16103,1.16107,1.16097,1.16101
1781607480000,1.161,1.16114,1.161,1.16114
1781607540000,1.16116,1.16124,1.16115,1.16119
1781607600000,1.16117,1.16117,1.16101,1.16102
1781607660000,1.16101,1.16108,1.16099,1.161
1781607720000,1.16102,1.16103,1.16087,1.16087
1781607780000,1.16088,1.16088,1.16082,1.16086
1781607840000,1.16084,1.1609,1.16081,1.16086
1781607900000,1.16087,1.16094,1.16084,1.16094
1781607960000,1.16093,1.16093,1.1608,1.16081
1781608020000,1.16081,1.16089,1.1608,1.1608
1781608080000,1.16079,1.16084,1.16075,1.16083
1781608140000,1.16083,1.16083,1.16073,1.16078
1781608200000,1.1608,1.16082,1.16078,1.16078
1781608260000,1.16077,1.16083,1.16076,1.16081
1781608320000,1.16082,1.16091,1.16081,1.1609
1781608380000,1.16087,1.16093,1.16084,1.16093
1781608440000,1.16092,1.16094,1.16088,1.16088
1781608500000,1.16089,1.16089,1.16073,1.16074
1781608560000,1.16076,1.16078,1.16073,1.16073
1781608620000,1.16076,1.16078,1.1607,1.16078
1781608680000,1.16076,1.16078,1.16059,1.16059
1781608740000,1.16059,1.16062,1.16055,1.16056
1781608800000,1.16058,1.16062,1.16055,1.16058
1781608860000,1.16057,1.16062,1.16055,1.16057
1781608920000,1.16057,1.16058,1.16041,1.16049
1781608980000,1.16048,1.1605,1.16042,1.16042
1781609040000,1.16041,1.16046,1.16035,1.16042
1781609100000,1.16041,1.16048,1.16038,1.1604
1781609160000,1.1604,1.16042,1.16033,1.16034
1781609220000,1.16034,1.16046,1.16034,1.16044
1781609280000,1.16045,1.16046,1.16035,1.16043
1781609340000,1.16044,1.16047,1.16041,1.16041
1781609400000,1.16041,1.16048,1.16038,1.16044
1781609460000,1.16046,1.16055,1.16044,1.16052
1781609520000,1.1605,1.16055,1.16046,1.16052
1781609580000,1.16053,1.16053,1.16047,1.16051
1781609640000,1.16052,1.16066,1.16049,1.16053
1781609700000,1.16054,1.16058,1.16051,1.16051
1781609760000,1.16052,1.16052,1.16047,1.16047
1781609820000,1.16043,1.16043,1.16031,1.16031
1781609880000,1.1603,1.16035,1.16028,1.16034
1781609940000,1.16033,1.16036,1.16029,1.16029
1781610000000,1.16028,1.16028,1.16011,1.16011
1781610060000,1.16014,1.16015,1.16005,1.16007
1781610120000,1.16006,1.16007,1.15992,1.15992
1781610180000,1.15991,1.15991,1.15977,1.15985
1781610240000,1.15984,1.15997,1.15984,1.15997
1781610300000,1.15995,1.16002,1.15985,1.15991
1781610360000,1.1599,1.15999,1.1599,1.15997
1781610420000,1.15995,1.15998,1.15989,1.15991
1781610480000,1.1599,1.15993,1.15987,1.1599
1781610540000,1.15989,1.15994,1.15989,1.15992
1781610600000,1.15993,1.16007,1.15993,1.16002
1781610660000,1.16004,1.16004,1.15996,1.16001
1781610720000,1.16,1.16001,1.15992,1.15992
1781610780000,1.15992,1.15992,1.15971,1.15986
1781610840000,1.15983,1.15987,1.15977,1.15977
1781610900000,1.15975,1.1598,1.15971,1.15979
1781610960000,1.15981,1.15991,1.15981,1.15985
1781611020000,1.15985,1.15992,1.15974,1.15984
1781611080000,1.15983,1.15995,1.1598,1.15994
1781611140000,1.15994,1.15996,1.15986,1.15989
1781611200000,1.15988,1.15992,1.1598,1.15984
1781611260000,1.15983,1.15987,1.15979,1.1598
1781611320000,1.15981,1.1599,1.15981,1.1599
1781611380000,1.15988,1.15988,1.15979,1.15983
1781611440000,1.15982,1.15982,1.15959,1.15961
1781611500000,1.15963,1.15967,1.15948,1.15956
1781611560000,1.15954,1.15962,1.15946,1.15961
1781611620000,1.15961,1.15961,1.15955,1.15956
1781611680000,1.15954,1.1596,1.15948,1.1596
1781611740000,1.1596,1.15962,1.15938,1.15939
1781611800000,1.15939,1.15946,1.15934,1.15937
1781611860000,1.15938,1.15944,1.15937,1.15944
1781611920000,1.15943,1.1595,1.15943,1.1595
1781611980000,1.15951,1.15966,1.15948,1.15965
1781612040000,1.15965,1.15976,1.15965,1.15973
1781612100000,1.15974,1.1598,1.1596,1.1596
1781612160000,1.15963,1.15968,1.15955,1.15956
1781612220000,1.15956,1.15957,1.1594,1.15951
1781612280000,1.15951,1.15963,1.15949,1.15962
1781612340000,1.15961,1.15961,1.15952,1.15952
1781612400000,1.15954,1.15954,1.15926,1.15927
1781612460000,1.15926,1.15934,1.15914,1.15914
1781612520000,1.15915,1.15941,1.15912,1.1594
1781612580000,1.15938,1.15953,1.15935,1.15948
1781612640000,1.1595,1.15958,1.15947,1.15948
1781612700000,1.15947,1.15957,1.15942,1.15945
1781612760000,1.15945,1.15952,1.15942,1.15952
1781612820000,1.15949,1.15949,1.15942,1.15943
1781612880000,1.15943,1.15948,1.15941,1.15946
1781612940000,1.15947,1.15952,1.15946,1.15948
1781613000000,1.15948,1.15953,1.15946,1.15951
1781613060000,1.15953,1.1598,1.15953,1.15976
1781613120000,1.15976,1.15976,1.15966,1.15971
1781613180000,1.15971,1.15971,1.15958,1.15963
1781613240000,1.15963,1.15966,1.1595,1.15953
1781613300000,1.15953,1.15958,1.15951,1.15956
1781613360000,1.15954,1.15961,1.15946,1.15961
1781613420000,1.1596,1.15981,1.15955,1.15979
1781613480000,1.1598,1.15985,1.15974,1.15983
1781613540000,1.15985,1.15989,1.15981,1.15988
1781613600000,1.15986,1.15993,1.1598,1.15992
1781613660000,1.15996,1.15999,1.15986,1.15994
1781613720000,1.15994,1.16009,1.15994,1.16007
1781613780000,1.16006,1.16012,1.15999,1.16012
1781613840000,1.16012,1.16018,1.16008,1.16009
1781613900000,1.16008,1.16011,1.16004,1.16005
1781613960000,1.16004,1.16011,1.16003,1.16007
1781614020000,1.16006,1.16006,1.1598,1.15981
1781614080000,1.15979,1.15998,1.15975,1.15983
1781614140000,1.15983,1.15983,1.15965,1.15967
1781614200000,1.15965,1.15981,1.15964,1.15977
1781614260000,1.15979,1.16003,1.15977,1.15999
1781614320000,1.16001,1.16006,1.1599,1.1599
1781614380000,1.1599,1.1599,1.15965,1.15973
1781614440000,1.15971,1.1598,1.15964,1.1597
1781614500000,1.15972,1.15981,1.1597,1.15979
1781614560000,1.1598,1.1599,1.15978,1.15986
1781614620000,1.15984,1.15991,1.15979,1.15985
1781614680000,1.15988,1.15995,1.15988,1.15995
1781614740000,1.15995,1.15999,1.15995,1.15996
1781614800000,1.15993,1.16007,1.15992,1.16007
1781614860000,1.16006,1.16014,1.16005,1.1601
1781614920000,1.16012,1.16026,1.16004,1.16026
1781614980000,1.16025,1.16025,1.16008,1.1601
1781615040000,1.16011,1.16011,1.15996,1.16004
1781615100000,1.16001,1.16004,1.15996,1.15997
1781615160000,1.15996,1.16018,1.15996,1.16018
1781615220000,1.16016,1.1602,1.16013,1.16019
1781615280000,1.16019,1.16023,1.16007,1.16018
1781615340000,1.16017,1.16023,1.16008,1.16008
1781615400000,1.16006,1.16011,1.16006,1.16009
1781615460000,1.1601,1.16017,1.16008,1.16012
1781615520000,1.16012,1.16013,1.15999,1.15999
1781615580000,1.15999,1.16007,1.15989,1.15998
1781615640000,1.15998,1.16002,1.15996,1.15997
1781615700000,1.15999,1.16006,1.15983,1.15988
1781615760000,1.15986,1.15993,1.15982,1.15993
1781615820000,1.15991,1.15998,1.15987,1.15995
1781615880000,1.15996,1.15999,1.15993,1.15994
1781615940000,1.15993,1.16,1.15992,1.15998
1781616000000,1.15998,1.15998,1.15973,1.15979
1781616060000,1.15979,1.15982,1.15963,1.15963
1781616120000,1.15963,1.15969,1.15949,1.15952
1781616180000,1.1595,1.15964,1.1595,1.15961
1781616240000,1.15962,1.15974,1.15961,1.15971
1781616300000,1.15973,1.15973,1.15964,1.15966
1781616360000,1.15965,1.15973,1.15959,1.15959
1781616420000,1.15956,1.15971,1.15956,1.15968
1781616480000,1.15966,1.15969,1.1596,1.15969
1781616540000,1.15968,1.15982,1.15965,1.15978
1781616600000,1.15977,1.15983,1.15971,1.1598
1781616660000,1.15979,1.16006,1.15975,1.15998
1781616720000,1.15998,1.16012,1.15998,1.16011
1781616780000,1.16009,1.16013,1.16,1.16012
1781616840000,1.16013,1.16035,1.16009,1.16019
1781616900000,1.1602,1.1602,1.16006,1.16007
1781616960000,1.16007,1.16016,1.16004,1.16011
1781617020000,1.16012,1.16018,1.16006,1.1601
1781617080000,1.16011,1.16016,1.16008,1.16012
1781617140000,1.16012,1.16016,1.16003,1.16005
1781617200000,1.16005,1.16005,1.15991,1.15995
1781617260000,1.15996,1.16016,1.15996,1.16
1781617320000,1.15999,1.16005,1.15991,1.16002
1781617380000,1.16003,1.16016,1.16002,1.16009
1781617440000,1.16008,1.16008,1.15988,1.1599
1781617500000,1.15992,1.15995,1.15977,1.15978
1781617560000,1.15976,1.15989,1.15972,1.15978
1781617620000,1.15978,1.15978,1.15961,1.15962
1781617680000,1.15961,1.15967,1.15954,1.15965
1781617740000,1.15964,1.15966,1.1596,1.15963
1781617800000,1.15963,1.15963,1.15953,1.15957
1781617860000,1.15957,1.15966,1.15949,1.15952
1781617920000,1.15952,1.15963,1.15949,1.15957
1781617980000,1.15954,1.15957,1.15932,1.15933
1781618040000,1.15934,1.15945,1.15933,1.15938
1781618100000,1.1594,1.15942,1.15932,1.15937
1781618160000,1.15939,1.15946,1.15929,1.1593
1781618220000,1.15928,1.1593,1.15915,1.15915
1781618280000,1.15916,1.15922,1.15912,1.15918
1781618340000,1.15918,1.15927,1.15918,1.15925
1781618400000,1.15926,1.15962,1.15924,1.1596
1781618460000,1.15959,1.15966,1.15939,1.15941
1781618520000,1.15939,1.15942,1.15933,1.15936
1781618580000,1.15936,1.15946,1.15935,1.15937
1781618640000,1.15935,1.15947,1.15916,1.15924
1781618700000,1.15924,1.15924,1.1588,1.1588
1781618760000,1.1588,1.15901,1.15879,1.15893
1781618820000,1.15893,1.15902,1.15892,1.15901
1781618880000,1.15902,1.15918,1.15902,1.1591
1781618940000,1.1591,1.15917,1.15905,1.15916
1781619000000,1.15918,1.15928,1.15918,1.15927
1781619060000,1.15928,1.15948,1.15928,1.15944
1781619120000,1.15945,1.15963,1.15944,1.15953
1781619180000,1.15952,1.15954,1.15947,1.15953
1781619240000,1.15951,1.15957,1.15947,1.15949
1781619300000,1.15947,1.15947,1.15928,1.15934
1781619360000,1.15934,1.15937,1.15931,1.15935
1781619420000,1.15936,1.15944,1.15934,1.15942
1781619480000,1.15941,1.15941,1.15931,1.15934
1781619540000,1.15935,1.15938,1.15927,1.15932
1781619600000,1.15933,1.15942,1.15932,1.15942
1781619660000,1.15942,1.15963,1.15938,1.15957
1781619720000,1.15957,1.15968,1.15956,1.15968
1781619780000,1.15966,1.15971,1.15962,1.15964
1781619840000,1.15962,1.15963,1.15951,1.15953
1781619900000,1.15952,1.15955,1.15943,1.15949
1781619960000,1.15949,1.15964,1.15948,1.15952
1781620020000,1.15955,1.15959,1.15936,1.15936
1781620080000,1.15935,1.15956,1.15935,1.15954
1781620140000,1.15953,1.15953,1.15906,1.15906
1781620200000,1.15904,1.15918,1.15904,1.15911
1781620260000,1.15911,1.15919,1.15898,1.15906
1781620320000,1.15907,1.15917,1.15905,1.15915
1781620380000,1.15915,1.15915,1.1588,1.15883
1781620440000,1.15882,1.15898,1.15878,1.15892
1781620500000,1.15891,1.15912,1.15891,1.15907
1781620560000,1.15908,1.15919,1.15907,1.15918
1781620620000,1.15917,1.15933,1.15913,1.15931
1781620680000,1.15932,1.15934,1.15924,1.15927
1781620740000,1.15928,1.15939,1.15928,1.15937
1781620800000,1.15936,1.15946,1.1593,1.15939
1781620860000,1.1594,1.15953,1.15936,1.15953
1781620920000,1.15954,1.15954,1.15938,1.15951
1781620980000,1.15949,1.15964,1.15949,1.15959
1781621040000,1.15959,1.15969,1.15958,1.15964
1781621100000,1.15964,1.15968,1.15958,1.15963
1781621160000,1.15963,1.15997,1.15963,1.15995
1781621220000,1.15996,1.15997,1.15978,1.15983
1781621280000,1.15984,1.15997,1.15983,1.15995
1781621340000,1.15997,1.15999,1.15985,1.15987
1781621400000,1.15986,1.16017,1.15986,1.16005
1781621460000,1.16005,1.16021,1.16004,1.16019
1781621520000,1.16019,1.16019,1.16009,1.16011
1781621580000,1.16012,1.16017,1.15997,1.16014
1781621640000,1.16014,1.16018,1.16007,1.16013
1781621700000,1.16015,1.16053,1.16014,1.16036
1781621760000,1.16038,1.16067,1.16035,1.16064
1781621820000,1.16064,1.16074,1.16053,1.16074
1781621880000,1.16074,1.16082,1.16073,1.1608
1781621940000,1.1608,1.1608,1.16059,1.16068
1781622000000,1.16071,1.16077,1.16062,1.16077
1781622060000,1.16075,1.16079,1.16055,1.16062
1781622120000,1.16063,1.16075,1.1606,1.16067
1781622180000,1.16067,1.16071,1.16055,1.16056
1781622240000,1.16056,1.16058,1.16042,1.16046
1781622300000,1.16047,1.16059,1.16041,1.16047
1781622360000,1.16047,1.16058,1.16045,1.16051
1781622420000,1.16051,1.16052,1.16037,1.16039
1781622480000,1.1604,1.16042,1.16031,1.16032
1781622540000,1.16031,1.16035,1.16024,1.16029
1781622600000,1.1603,1.16032,1.16022,1.16028
1781622660000,1.16027,1.16027,1.16014,1.16017
1781622720000,1.16015,1.16015,1.15997,1.16005
1781622780000,1.16006,1.16021,1.16005,1.16017
1781622840000,1.16018,1.16023,1.16014,1.16015
1781622900000,1.16016,1.16021,1.16013,1.1602
1781622960000,1.1602,1.16033,1.16019,1.16027
1781623020000,1.16028,1.16036,1.16027,1.16027
1781623080000,1.16027,1.16031,1.16023,1.16025
1781623140000,1.16028,1.16028,1.16022,1.16026
1781623200000,1.16028,1.16028,1.16023,1.16026
1781623260000,1.16025,1.16037,1.16022,1.16024
1781623320000,1.16022,1.16026,1.16016,1.1602
1781623380000,1.16018,1.16027,1.16017,1.16025
1781623440000,1.16025,1.16033,1.16025,1.16032
1781623500000,1.16031,1.16049,1.1603,1.16046
1781623560000,1.16046,1.16049,1.1604,1.16046
1781623620000,1.16046,1.1605,1.16036,1.16036
1781623680000,1.16037,1.1604,1.16033,1.16035
1781623740000,1.16035,1.16038,1.1602,1.1602
1781623800000,1.16022,1.16025,1.16013,1.16024
1781623860000,1.16024,1.16049,1.1602,1.16044
1781623920000,1.16045,1.16051,1.16041,1.16051
1781623980000,1.16052,1.1607,1.16046,1.16064
1781624040000,1.16065,1.16068,1.16057,1.16067
1781624100000,1.16068,1.16084,1.16068,1.16079
1781624160000,1.16077,1.16084,1.16073,1.16077
1781624220000,1.16079,1.16079,1.16066,1.16069
1781624280000,1.16072,1.16073,1.16065,1.16068
1781624340000,1.16069,1.16072,1.16067,1.16069
1781624400000,1.16067,1.16073,1.16056,1.16056
1781624460000,1.16057,1.16061,1.16054,1.16056
1781624520000,1.16055,1.16055,1.16043,1.16046
1781624580000,1.16047,1.16059,1.1604,1.16053
1781624640000,1.16053,1.16067,1.1605,1.16067
1781624700000,1.16067,1.16067,1.16045,1.16046
1781624760000,1.16047,1.16048,1.16038,1.16039
1781624820000,1.1604,1.16053,1.16037,1.16047
1781624880000,1.16045,1.16047,1.16036,1.16037
1781624940000,1.16039,1.16059,1.16037,1.16056
1781625000000,1.16057,1.16094,1.16056,1.16093
1781625060000,1.16094,1.16098,1.1608,1.16088
1781625120000,1.16089,1.16092,1.16082,1.16086
1781625180000,1.16087,1.16128,1.16087,1.16128
1781625240000,1.1613,1.16161,1.16128,1.16142
1781625300000,1.16144,1.16164,1.16142,1.16148
1781625360000,1.16148,1.16166,1.16137,1.16164
1781625420000,1.16164,1.16185,1.16164,1.16177
1781625480000,1.16177,1.16181,1.16155,1.1616
1781625540000,1.16161,1.16161,1.16138,1.16139
1781625600000,1.16141,1.16149,1.16136,1.16149
1781625660000,1.1615,1.16154,1.16142,1.16142
1781625720000,1.1614,1.16149,1.16139,1.16141
1781625780000,1.16143,1.1615,1.16139,1.16148
1781625840000,1.16147,1.16147,1.16124,1.1613
1781625900000,1.16128,1.16146,1.16128,1.16139
1781625960000,1.16139,1.16154,1.16132,1.16152
1781626020000,1.16153,1.16167,1.16151,1.16165
1781626080000,1.16165,1.16173,1.16159,1.16165
1781626140000,1.16162,1.16168,1.16159,1.16159
1781626200000,1.16161,1.1617,1.16157,1.16164
1781626260000,1.16164,1.16166,1.16157,1.1616
1781626320000,1.1616,1.16162,1.16157,1.16158
1781626380000,1.16159,1.16172,1.16152,1.16171
1781626440000,1.16172,1.1618,1.1616,1.16171
1781626500000,1.16172,1.16176,1.16168,1.1617
1781626560000,1.16169,1.16177,1.16168,1.16177
1781626620000,1.16177,1.16183,1.16168,1.16171
1781626680000,1.16171,1.16186,1.16167,1.16183
1781626740000,1.16184,1.16194,1.16176,1.16192
1781626800000,1.16191,1.16191,1.1618,1.16182
1781626860000,1.16182,1.1619,1.16181,1.16183
1781626920000,1.16184,1.16196,1.16181,1.16181
1781626980000,1.16182,1.16182,1.1616,1.1616
1781627040000,1.16161,1.16167,1.1616,1.1616
1781627100000,1.16159,1.16167,1.16155,1.16167
1781627160000,1.16167,1.16183,1.16167,1.16182
1781627220000,1.1618,1.1618,1.16167,1.1617
1781627280000,1.1617,1.1617,1.16163,1.16167
1781627340000,1.16167,1.1617,1.16162,1.16167
1781627400000,1.16167,1.16173,1.16163,1.16173
1781627460000,1.16172,1.16174,1.16167,1.16173
1781627520000,1.16175,1.16175,1.16161,1.16167
1781627580000,1.16166,1.16168,1.16162,1.16168
1781627640000,1.16167,1.16173,1.16152,1.16154
1781627700000,1.16156,1.16165,1.16153,1.16162
1781627760000,1.1616,1.16162,1.16154,1.16159
1781627820000,1.16159,1.16162,1.16156,1.16157
1781627880000,1.16157,1.16164,1.16152,1.16155
1781627940000,1.16156,1.16157,1.16149,1.16153
1781628000000,1.16152,1.16153,1.1615,1.1615
1781628060000,1.1615,1.16151,1.16145,1.16149
1781628120000,1.1615,1.16151,1.16146,1.16151
1781628180000,1.16152,1.16157,1.16148,1.16148
1781628240000,1.16145,1.16147,1.16135,1.1614
1781628300000,1.1614,1.16142,1.16137,1.1614
1781628360000,1.16141,1.16146,1.1614,1.16145
1781628420000,1.16144,1.16147,1.16141,1.16147
1781628480000,1.16147,1.16147,1.16135,1.16136
1781628540000,1.16136,1.16136,1.16127,1.16127
1781628600000,1.16127,1.1613,1.16118,1.1612
1781628660000,1.16122,1.16122,1.16115,1.16119
1781628720000,1.16119,1.16122,1.16115,1.1612
1781628780000,1.1612,1.16131,1.16119,1.16131
1781628840000,1.16132,1.1614,1.16132,1.16137
1781628900000,1.16137,1.16141,1.16133,1.1614
1781628960000,1.16141,1.16146,1.16137,1.16137
1781629020000,1.16138,1.1614,1.16132,1.16133
1781629080000,1.16132,1.16139,1.16131,1.16138
1781629140000,1.16139,1.1614,1.16131,1.16131
1781629200000,1.16129,1.16131,1.16122,1.16125
1781629260000,1.16124,1.16131,1.16124,1.16128
1781629320000,1.16128,1.16137,1.16124,1.16128
1781629380000,1.16129,1.16134,1.16126,1.16126
1781629440000,1.16125,1.16127,1.16119,1.16121
1781629500000,1.16119,1.1612,1.16117,1.16119
1781629560000,1.16119,1.16121,1.16112,1.16117
1781629620000,1.16118,1.16121,1.16117,1.16119
1781629680000,1.16119,1.16119,1.16114,1.16116
1781629740000,1.16117,1.16127,1.16117,1.16127
1781629800000,1.16125,1.1613,1.16123,1.16127
1781629860000,1.16127,1.16132,1.16126,1.1613
1781629920000,1.16128,1.16132,1.16127,1.16129
1781629980000,1.16127,1.16127,1.16118,1.16121
1781630040000,1.1612,1.16121,1.16116,1.1612
1781630100000,1.16121,1.1613,1.1612,1.16121
1781630160000,1.16121,1.16122,1.16118,1.16121
1781630220000,1.16121,1.16128,1.1612,1.16128
1781630280000,1.16125,1.16131,1.16125,1.16128
1781630340000,1.16127,1.16127,1.1612,1.16121
1781630400000,1.16121,1.16124,1.16108,1.16109
1781630460000,1.16109,1.16117,1.16106,1.16116
1781630520000,1.16117,1.16123,1.16114,1.16118
1781630580000,1.16118,1.1612,1.16116,1.16118
1781630640000,1.16117,1.16121,1.16114,1.16121
1781630700000,1.16121,1.16123,1.16115,1.16122
1781630760000,1.1612,1.16129,1.1612,1.16125
1781630820000,1.16127,1.16128,1.16125,1.16127
1781630880000,1.16128,1.16129,1.16119,1.16123
1781630940000,1.16123,1.16128,1.16118,1.1612
1781631000000,1.16119,1.16125,1.16116,1.16118
1781631060000,1.16118,1.16122,1.16114,1.16122
1781631120000,1.16121,1.16123,1.16114,1.16115
1781631180000,1.16116,1.1612,1.16114,1.16117
1781631240000,1.1612,1.16124,1.16119,1.1612
1781631300000,1.16119,1.16121,1.16112,1.1612
1781631360000,1.16121,1.16122,1.16116,1.16121
1781631420000,1.1612,1.16121,1.16107,1.16112
1781631480000,1.16111,1.16116,1.16111,1.16111
1781631540000,1.16113,1.16113,1.16107,1.16111
1781631600000,1.16108,1.16113,1.16108,1.16112
1781631660000,1.16112,1.16118,1.16111,1.16115
1781631720000,1.16116,1.1612,1.16115,1.1612
1781631780000,1.16118,1.16125,1.1611,1.16124
1781631840000,1.16125,1.16131,1.16122,1.16122
1781631900000,1.16124,1.16128,1.16111,1.16112
1781631960000,1.16113,1.16118,1.16112,1.16114
1781632020000,1.16114,1.16118,1.16113,1.16116
1781632080000,1.16118,1.16123,1.16115,1.16115
1781632140000,1.16116,1.16123,1.16115,1.16119
1781632200000,1.1612,1.16122,1.16114,1.16122
1781632260000,1.16118,1.16123,1.16115,1.16115
1781632320000,1.16116,1.16117,1.16112,1.16116
1781632380000,1.16117,1.16121,1.16117,1.1612
1781632440000,1.16119,1.16122,1.16116,1.16117
1781632500000,1.16116,1.16117,1.1611,1.16112
1781632560000,1.16114,1.16114,1.16111,1.16113
1781632620000,1.16111,1.16112,1.16107,1.16109
1781632680000,1.16109,1.16111,1.16107,1.16109
1781632740000,1.16107,1.16113,1.16107,1.16112
1781632800000,1.16114,1.1613,1.1611,1.16125
1781632860000,1.16125,1.16127,1.16122,1.16125
1781632920000,1.16126,1.16136,1.16125,1.16131
1781632980000,1.16131,1.16139,1.16128,1.16128
1781633040000,1.1613,1.1613,1.16126,1.16128
1781633100000,1.16127,1.16127,1.16112,1.1612
1781633160000,1.16119,1.16122,1.16118,1.16118
1781633220000,1.16118,1.16119,1.16115,1.16116
1781633280000,1.16115,1.16118,1.16107,1.16108
1781633340000,1.16106,1.16111,1.16106,1.16107
1781633400000,1.16108,1.16119,1.16108,1.16113
1781633460000,1.16114,1.16114,1.16107,1.16111
1781633520000,1.16113,1.1612,1.16113,1.16117
1781633580000,1.16116,1.16116,1.16111,1.16116
1781633640000,1.16116,1.16116,1.1611,1.16114
1781633700000,1.16112,1.16112,1.16105,1.16107
1781633760000,1.16109,1.16113,1.16107,1.16112
1781633820000,1.16113,1.16113,1.16107,1.16109
1781633880000,1.16108,1.16109,1.16104,1.16104
1781633940000,1.16104,1.16108,1.16103,1.16108
1781634000000,1.16108,1.16112,1.16107,1.16108
1781634060000,1.16109,1.16112,1.16107,1.16107
1781634120000,1.16106,1.16107,1.16103,1.16104
1781634180000,1.16104,1.1611,1.16104,1.16109
1781634240000,1.16109,1.16109,1.16106,1.16108
1781634300000,1.16106,1.16112,1.16105,1.16112
1781634360000,1.16111,1.16112,1.16107,1.16111
1781634420000,1.16112,1.16119,1.16106,1.16106
1781634480000,1.16104,1.16105,1.16096,1.16096
1781634540000,1.16097,1.16106,1.16097,1.16101
1781634600000,1.16104,1.16105,1.161,1.16105
1781634660000,1.16106,1.16109,1.16104,1.16107
1781634720000,1.16106,1.16109,1.16094,1.16095
1781634780000,1.16096,1.16096,1.16092,1.16094
1781634840000,1.16095,1.16098,1.16086,1.16087
1781634900000,1.16087,1.16089,1.16085,1.16087
1781634960000,1.16087,1.16094,1.16085,1.16093
1781635020000,1.16093,1.16093,1.16089,1.16089
1781635080000,1.1609,1.16091,1.16088,1.16088
1781635140000,1.16087,1.16089,1.1607,1.16071
1781635200000,1.16069,1.16071,1.16065,1.1607
1781635260000,1.16072,1.16076,1.16071,1.16076
1781635320000,1.16075,1.16076,1.16071,1.16074
1781635380000,1.16074,1.16075,1.16066,1.16066
1781635440000,1.16067,1.16074,1.16067,1.16071
1781635500000,1.16071,1.16074,1.16071,1.16072
1781635560000,1.1607,1.16077,1.1607,1.16073
1781635620000,1.1607,1.16077,1.1607,1.16076
1781635680000,1.16075,1.16076,1.16074,1.16074
1781635740000,1.16073,1.16073,1.16065,1.16068
1781635800000,1.16067,1.16072,1.16062,1.16071
1781635860000,1.16072,1.16077,1.16072,1.16077
1781635920000,1.16075,1.16081,1.16074,1.16081
1781635980000,1.1608,1.16083,1.16078,1.16083
1781636040000,1.16081,1.16082,1.16081,1.16082
1781636100000,1.16082,1.16099,1.16082,1.16099
1781636160000,1.16099,1.16104,1.16099,1.16104
1781636220000,1.16104,1.16111,1.16101,1.1611
1781636280000,1.16108,1.16111,1.16107,1.16109
1781636340000,1.16109,1.1611,1.161,1.16105
1781636400000,1.16106,1.16121,1.16106,1.16119
1781636460000,1.1612,1.16121,1.1611,1.16113
1781636520000,1.16113,1.16115,1.1611,1.16113
1781636580000,1.16115,1.16125,1.16114,1.16123
1781636640000,1.16124,1.16134,1.16123,1.16132
1781636700000,1.1613,1.16137,1.16127,1.16128
1781636760000,1.16128,1.16132,1.16128,1.1613
1781636820000,1.1613,1.16134,1.1613,1.1613
1781636880000,1.16128,1.16128,1.16115,1.16115
1781636940000,1.16115,1.16118,1.16113,1.16117
1781637000000,1.16117,1.16119,1.16111,1.16111
1781637060000,1.1611,1.16118,1.1611,1.16118
1781637120000,1.16116,1.16116,1.16111,1.16115
1781637180000,1.16115,1.16118,1.16111,1.16112
1781637240000,1.16112,1.16114,1.1611,1.16111
1781637300000,1.16113,1.16114,1.16107,1.16111
1781637360000,1.16111,1.16111,1.16107,1.1611
1781637420000,1.16109,1.16117,1.16109,1.16116
1781637480000,1.16116,1.16119,1.16115,1.16118
1781637540000,1.16119,1.16119,1.1611,1.1611
1781637600000,1.16112,1.16112,1.16103,1.1611
1781637660000,1.1611,1.16115,1.16109,1.1611
1781637720000,1.16111,1.16111,1.16106,1.16106
1781637780000,1.16105,1.16112,1.16105,1.16112
1781637840000,1.16109,1.16112,1.16109,1.1611
1781637900000,1.16111,1.16116,1.1611,1.16115
1781637960000,1.16115,1.16115,1.1611,1.16111
1781638020000,1.16111,1.16117,1.1611,1.16114
1781638080000,1.16115,1.16116,1.16111,1.16112
1781638140000,1.16113,1.16117,1.16113,1.16114
1781638200000,1.16114,1.16116,1.16108,1.1611
1781638260000,1.1611,1.16112,1.16104,1.16105
1781638320000,1.16104,1.16108,1.16101,1.16101
1781638380000,1.16101,1.16101,1.16098,1.16099
1781638440000,1.16099,1.16101,1.16096,1.16101
1781638500000,1.16101,1.16101,1.16097,1.16098
1781638560000,1.16098,1.161,1.16095,1.16097
1781638620000,1.16096,1.16097,1.1609,1.16091
1781638680000,1.1609,1.1609,1.16079,1.1608
1781638740000,1.16082,1.16085,1.16081,1.16082
1781638800000,1.16083,1.16084,1.16079,1.16082
1781638860000,1.16084,1.16092,1.16084,1.1609
1781638920000,1.16089,1.16091,1.16079,1.1608
1781638980000,1.1608,1.16083,1.16079,1.16081
1781639040000,1.16079,1.1608,1.16075,1.16077
1781639100000,1.16078,1.16084,1.16078,1.16082
1781639160000,1.1608,1.16082,1.16078,1.16082
1781639220000,1.16083,1.16086,1.16083,1.16083
1781639280000,1.16082,1.16085,1.1608,1.1608
1781639340000,1.1608,1.16087,1.1608,1.16087
1781639400000,1.16088,1.16092,1.1607,1.1607
1781639460000,1.1607,1.16072,1.16069,1.16071
1781639520000,1.1607,1.16076,1.16069,1.16071
1781639580000,1.16074,1.16082,1.16072,1.16079
1781639640000,1.1608,1.1608,1.16075,1.16076
1781639700000,1.16074,1.16074,1.16059,1.16059
1781639760000,1.16059,1.1607,1.16059,1.16069
1781639820000,1.16068,1.16071,1.16064,1.16068
1781639880000,1.16069,1.16076,1.16069,1.16073
1781639940000,1.16074,1.16085,1.16074,1.16081
1781640000000,1.1608,1.16082,1.16076,1.1608
1781640060000,1.16078,1.16081,1.16076,1.16081
1781640120000,1.16081,1.16081,1.16067,1.16071
1781640180000,1.16071,1.16073,1.16071,1.16072
1781640240000,1.16073,1.16073,1.16071,1.16073
1781640300000,1.16073,1.16084,1.16073,1.16084
1781640360000,1.16084,1.16084,1.16081,1.16081
1781640420000,1.16081,1.16081,1.16081,1.16081
1781640480000,1.16078,1.1608,1.16077,1.16077
1781640540000,1.16077,1.16079,1.16077,1.16077
1781640600000,1.16078,1.16078,1.16075,1.16077
1781640660000,1.16076,1.16076,1.16076,1.16076
1781640720000,1.16076,1.16076,1.16071,1.16071
1781640780000,1.1607,1.16075,1.1607,1.16074
1781640840000,1.16076,1.16076,1.16073,1.16075
1781640900000,1.16077,1.16077,1.16076,1.16076
1781640960000,1.16077,1.16082,1.16077,1.16082
1781641020000,1.16082,1.16085,1.16082,1.16082
1781641080000,1.16084,1.1609,1.16084,1.1609
1781641140000,1.16089,1.16093,1.16089,1.16092
1781641200000,1.16092,1.16096,1.16092,1.16096
1781641260000,1.16096,1.16096,1.16092,1.16092
1781641320000,1.16093,1.16093,1.16091,1.16091
1781641380000,1.16093,1.16093,1.16093,1.16093
1781641440000,1.16092,1.16093,1.1609,1.1609
1781641500000,1.16088,1.16095,1.16088,1.16094
1781641560000,1.16092,1.16092,1.16088,1.16088
1781641620000,1.16091,1.16091,1.1609,1.1609
1781641680000,1.1609,1.1609,1.16089,1.16089
1781641740000,1.16091,1.16094,1.16091,1.16091
1781641800000,1.16092,1.16094,1.16086,1.16089
1781641860000,1.1609,1.1609,1.16085,1.16085
1781641920000,1.16084,1.16086,1.16075,1.16077
1781641980000,1.16079,1.16079,1.16076,1.16078
1781642040000,1.16075,1.16076,1.16072,1.16076
1781642100000,1.16077,1.16077,1.16072,1.16073
1781642160000,1.16075,1.16081,1.16075,1.16081
1781642220000,1.16079,1.16079,1.16075,1.16075
1781642280000,1.16076,1.16076,1.16076,1.16076
1781642340000,1.16075,1.16077,1.16074,1.16077
1781642400000,1.16077,1.16079,1.16077,1.16077
1781642460000,1.16078,1.16079,1.16074,1.16074
1781642520000,1.16074,1.16076,1.16074,1.16075
1781642580000,1.16073,1.16073,1.16072,1.16072
1781642640000,1.16071,1.16071,1.16065,1.1607
1781642700000,1.16069,1.1607,1.16065,1.16066
1781642760000,1.16065,1.16069,1.16064,1.16069
1781642820000,1.16067,1.16069,1.16067,1.16067
1781642880000,1.16069,1.1607,1.16067,1.16068
1781642940000,1.16069,1.16076,1.16067,1.16074
1781643000000,1.16075,1.16078,1.16074,1.16078
1781643060000,1.16076,1.1608,1.16076,1.16077
1781643120000,1.16076,1.16084,1.16076,1.16082
1781643180000,1.16086,1.16088,1.16084,1.16086
1781643240000,1.16085,1.16085,1.16085,1.16085
1781643300000,1.16084,1.16086,1.16077,1.16077
1781643360000,1.16077,1.1608,1.16077,1.1608
1781643420000,1.1608,1.16081,1.16077,1.16077
1781643480000,1.16077,1.16082,1.16073,1.16081
1781643540000,1.16082,1.16082,1.16078,1.16078
1781643600000,1.16075,1.16075,1.16071,1.16071
1781643660000,1.1607,1.16074,1.16061,1.1607
1781643720000,1.16071,1.16071,1.16069,1.16069
1781643780000,1.16068,1.16084,1.16067,1.16083
1781643840000,1.16084,1.16084,1.16084,1.16084
1781643900000,1.1608,1.16081,1.16073,1.16074
1781643960000,1.16078,1.16084,1.16078,1.16084
1781644020000,1.16086,1.1609,1.16086,1.16088
1781644080000,1.16089,1.16089,1.16089,1.16089
1781644140000,1.16088,1.16092,1.16084,1.16085
1781644200000,1.16086,1.16086,1.16081,1.16083
1781644260000,1.16082,1.16084,1.16082,1.16083
1781644320000,1.16084,1.16099,1.16083,1.16098
1781644380000,1.16098,1.16098,1.16083,1.16086
1781644440000,1.16086,1.16089,1.16083,1.16089
1781644500000,1.16089,1.16089,1.16088,1.16089
1781644560000,1.16087,1.16089,1.16074,1.16074
1781644620000,1.16076,1.1608,1.16066,1.16069
1781644680000,1.16068,1.16086,1.16068,1.16086
1781644740000,1.16086,1.16086,1.16085,1.16085
1781644800000,1.16085,1.16086,1.16085,1.16085
1781644860000,1.16086,1.16086,1.16086,1.16086
1781644920000,1.16085,1.16085,1.16084,1.16085
1781644980000,1.16085,1.16087,1.16084,1.16085
1781645040000,1.16086,1.16087,1.16086,1.16086
1781645100000,1.16086,1.16097,1.16085,1.16097
1781645160000,1.16102,1.16105,1.16096,1.16101
1781645220000,1.161,1.16105,1.16097,1.16099
1781645280000,1.16099,1.16104,1.16096,1.16103
1781645340000,1.16106,1.16112,1.16101,1.16105
1781645400000,1.16104,1.16112,1.16101,1.16109
1781645460000,1.16109,1.16111,1.16106,1.16111
1781645520000,1.16109,1.16109,1.16102,1.16109
1781645580000,1.16106,1.16108,1.16088,1.16088
1781645640000,1.16088,1.16089,1.16082,1.16082
1781645700000,1.16081,1.16081,1.16081,1.16081
1781645760000,1.16077,1.16077,1.16075,1.16075
1781645820000,1.16075,1.16075,1.16071,1.16073
1781645880000,1.16075,1.16075,1.16075,1.16075
1781645940000,1.16072,1.16072,1.1607,1.16072
1781646000000,1.1607,1.16072,1.1607,1.16071
1781646060000,1.16069,1.16073,1.16069,1.16072
1781646120000,1.16074,1.16074,1.16071,1.16071
1781646180000,1.16071,1.16073,1.1607,1.16073
1781646240000,1.1607,1.16071,1.1607,1.16071
1781646300000,1.16071,1.16074,1.16064,1.16064
1781646360000,1.16064,1.16069,1.16064,1.16067
1781646420000,1.16068,1.16068,1.16067,1.16067
1781646480000,1.16066,1.1607,1.16066,1.16069
1781646540000,1.16064,1.16065,1.16063,1.16063
1781646600000,1.16063,1.16071,1.16063,1.1607
1781646660000,1.16068,1.16071,1.16068,1.16069
1781646720000,1.16071,1.16073,1.16071,1.16071
1781646780000,1.16072,1.16073,1.16072,1.16073
1781646840000,1.16066,1.16067,1.16066,1.16067
1781646900000,1.16067,1.16067,1.16064,1.16064
1781646960000,1.16063,1.16063,1.16062,1.16063
1781647020000,1.16067,1.16067,1.16062,1.16062
1781647080000,1.16065,1.16066,1.16064,1.16064
1781647140000,1.16064,1.16068,1.16061,1.16061
1781647200000,1.16075,1.16095,1.16075,1.16094
1781647260000,1.16096,1.16102,1.16094,1.16097
1781647320000,1.16098,1.16104,1.16098,1.16104
1781647380000,1.16103,1.16106,1.16102,1.16106
1781647440000,1.16106,1.16106,1.161,1.161
1781647500000,1.161,1.16103,1.16099,1.16099
1781647560000,1.16099,1.16102,1.16096,1.16102
1781647620000,1.16103,1.16103,1.16103,1.16103
1781647680000,1.16103,1.16106,1.161,1.16104
1781647740000,1.16101,1.16103,1.16101,1.16103
1781647800000,1.16103,1.16105,1.16102,1.16103
1781647860000,1.16102,1.16103,1.16097,1.16103
1781647920000,1.16104,1.16104,1.16096,1.16098
1781647980000,1.16099,1.16099,1.16095,1.16095
1781648040000,1.16095,1.16099,1.16094,1.16098
1781648100000,1.16098,1.161,1.16096,1.16098
1781648160000,1.16099,1.16099,1.16096,1.16099
1781648220000,1.16098,1.16098,1.16098,1.16098
1781648280000,1.16097,1.16098,1.16095,1.16097
1781648340000,1.16096,1.16101,1.16096,1.161
1781648400000,1.16102,1.16102,1.16099,1.16099
1781648460000,1.16099,1.16099,1.16098,1.16098
1781648520000,1.161,1.16105,1.16099,1.16104
1781648580000,1.16103,1.16107,1.16102,1.16105
1781648640000,1.16106,1.16106,1.16104,1.16105
1781648700000,1.16106,1.16106,1.16104,1.16105
1781648760000,1.16106,1.16106,1.16101,1.16104
1781648820000,1.16104,1.16104,1.16101,1.16102
1781648880000,1.16103,1.16105,1.16101,1.16102
1781648940000,1.16102,1.16104,1.16101,1.16104
1781649000000,1.16103,1.1611,1.16103,1.16106
1781649060000,1.16107,1.16108,1.16107,1.16108
1781649120000,1.16107,1.16107,1.16106,1.16107
1781649180000,1.16107,1.16107,1.16107,1.16107
1781649240000,1.16107,1.16108,1.16107,1.16108
1781649300000,1.16107,1.16111,1.16107,1.16109
1781649360000,1.16109,1.16109,1.16109,1.16109
1781649420000,1.16109,1.16109,1.16107,1.16108
1781649480000,1.16107,1.16108,1.16106,1.16107
1781649540000,1.16106,1.16111,1.16106,1.16109
1781649600000,1.16109,1.16113,1.16107,1.16109
1781649660000,1.16107,1.16115,1.16107,1.16112
1781649720000,1.16112,1.16122,1.16111,1.1612
1781649780000,1.1612,1.16121,1.16118,1.16121
1781649840000,1.16122,1.16122,1.16118,1.16122
1781649900000,1.16121,1.16123,1.16121,1.16123
1781649960000,1.16122,1.16123,1.16119,1.16121
1781650020000,1.16119,1.16125,1.16119,1.16123
1781650080000,1.16123,1.16123,1.16123,1.16123
1781650140000,1.16123,1.16124,1.16122,1.16122
1781650200000,1.16123,1.16125,1.16123,1.16123
1781650260000,1.16123,1.16124,1.16122,1.16124
1781650320000,1.16124,1.16127,1.16123,1.16125
1781650380000,1.16126,1.16127,1.1612,1.16121
1781650440000,1.16121,1.16122,1.16121,1.16122
1781650500000,1.16122,1.16122,1.1612,1.1612
1781650560000,1.16121,1.16121,1.16117,1.16118
1781650620000,1.16118,1.16123,1.16118,1.1612
1781650680000,1.16122,1.16122,1.16118,1.1612
1781650740000,1.16122,1.16122,1.1612,1.1612
1781650800000,1.1612,1.1612,1.16116,1.16116
1781650860000,1.16117,1.1612,1.16116,1.16118
1781650920000,1.16117,1.16122,1.16117,1.16122
1781650980000,1.16122,1.16124,1.16121,1.16121
1781651040000,1.16123,1.16123,1.16121,1.16122
1781651100000,1.16126,1.16127,1.16124,1.16127
1781651160000,1.16126,1.16127,1.16125,1.16125
1781651220000,1.16125,1.16138,1.16125,1.16136
1781651280000,1.16137,1.1614,1.16137,1.16137
1781651340000,1.16135,1.16137,1.16134,1.16137
1781651400000,1.16135,1.16137,1.16129,1.1613
1781651460000,1.1613,1.16133,1.16128,1.16133
1781651520000,1.16133,1.16137,1.16132,1.16135
1781651580000,1.16136,1.16136,1.16131,1.16132
1781651640000,1.16134,1.16134,1.16132,1.16133
1781651700000,1.16133,1.16134,1.1613,1.16132
1781651760000,1.16134,1.16135,1.16132,1.16134
1781651820000,1.16135,1.16138,1.16134,1.16136
1781651880000,1.16135,1.16137,1.16134,1.16135
1781651940000,1.16133,1.16137,1.16131,1.16131
1781652000000,1.1613,1.16133,1.1613,1.16133
1781652060000,1.16133,1.16133,1.16133,1.16133
1781652120000,1.16131,1.16136,1.16129,1.1613
1781652180000,1.16131,1.16136,1.16131,1.16132
1781652240000,1.16133,1.16135,1.16132,1.16133
1781652300000,1.16133,1.16139,1.16133,1.16139
1781652360000,1.1614,1.1614,1.16139,1.1614
1781652420000,1.16139,1.16142,1.16139,1.16142
1781652480000,1.16141,1.16143,1.16141,1.16142
1781652540000,1.1614,1.1614,1.1614,1.1614
1781652600000,1.16143,1.16144,1.16141,1.16143
1781652660000,1.16142,1.16146,1.16139,1.16144
1781652720000,1.16146,1.16146,1.16143,1.16143
1781652780000,1.1614,1.1614,1.16137,1.16138
1781652840000,1.16138,1.16138,1.1613,1.16133
1781652900000,1.16132,1.16136,1.16132,1.16134
1781652960000,1.16133,1.16133,1.16123,1.16124
1781653020000,1.16122,1.16128,1.16122,1.16128
1781653080000,1.16126,1.16126,1.1612,1.16123
1781653140000,1.16122,1.16123,1.16122,1.16123
1781653200000,1.16124,1.16124,1.16123,1.16123
1781653260000,1.16125,1.16126,1.16123,1.16123
1781653320000,1.16125,1.16126,1.16125,1.16126
1781653380000,1.16126,1.16126,1.16126,1.16126
1781653440000,1.16127,1.16131,1.16127,1.16131
1781653500000,1.16129,1.16129,1.16129,1.16129
1781653560000,1.16131,1.16131,1.16122,1.16122
1781653620000,1.16124,1.16125,1.1612,1.16122
1781653680000,1.16123,1.16127,1.16118,1.16121
1781653740000,1.16124,1.16125,1.16119,1.16119
1781653800000,1.16117,1.16118,1.16109,1.16113
1781653860000,1.16114,1.16115,1.16109,1.16111
1781653920000,1.16109,1.16114,1.16109,1.16111
1781653980000,1.1611,1.16121,1.16109,1.16121
1781654040000,1.16119,1.16119,1.16109,1.16114
1781654100000,1.16112,1.16113,1.16108,1.1611
1781654160000,1.16108,1.16112,1.16107,1.16111
1781654220000,1.1611,1.16111,1.16098,1.16099
1781654280000,1.16097,1.16099,1.16088,1.16095
1781654340000,1.16095,1.16097,1.16095,1.16096
1781654400000,1.16094,1.16108,1.16087,1.1609
1781654460000,1.16088,1.16108,1.16088,1.16105
1781654520000,1.16108,1.16109,1.16102,1.16103
1781654580000,1.16104,1.16114,1.16104,1.16114
1781654640000,1.16113,1.16117,1.16113,1.16115
1781654700000,1.16114,1.16121,1.16113,1.16114
1781654760000,1.16115,1.16129,1.16115,1.16122
1781654820000,1.16123,1.16135,1.16119,1.16129
1781654880000,1.1613,1.16136,1.16128,1.16134
1781654940000,1.16135,1.16136,1.16129,1.16129
1781655000000,1.16133,1.16134,1.16128,1.16134
1781655060000,1.16133,1.16134,1.16129,1.16133
1781655120000,1.16132,1.16133,1.16128,1.16132
1781655180000,1.16135,1.1614,1.16135,1.16139
1781655240000,1.1614,1.1614,1.16133,1.16133
1781655300000,1.16134,1.1614,1.16133,1.16136
1781655360000,1.16135,1.16143,1.16135,1.16141
1781655420000,1.16143,1.16147,1.16143,1.16145
1781655480000,1.16144,1.16149,1.16143,1.16144
1781655540000,1.16141,1.16145,1.16139,1.16144
1781655600000,1.16144,1.16157,1.16144,1.16149
1781655660000,1.1615,1.1615,1.16145,1.16146
1781655720000,1.16147,1.16148,1.16143,1.16143
1781655780000,1.16143,1.16143,1.16138,1.16139
1781655840000,1.16138,1.16143,1.16137,1.16142
1781655900000,1.16144,1.16146,1.16141,1.16142
1781655960000,1.16144,1.16148,1.16142,1.16147
1781656020000,1.16151,1.16166,1.16151,1.16162
1781656080000,1.16161,1.16165,1.16155,1.1616
1781656140000,1.16159,1.16163,1.1615,1.16153
1781656200000,1.16151,1.16152,1.16148,1.16149
1781656260000,1.16153,1.16155,1.1615,1.16151
1781656320000,1.16148,1.16152,1.16143,1.16144
1781656380000,1.16142,1.16145,1.16141,1.16143
1781656440000,1.16143,1.16148,1.16141,1.16148
1781656500000,1.16148,1.16149,1.16148,1.16149
1781656560000,1.16149,1.16153,1.16149,1.16151
1781656620000,1.16153,1.16158,1.16151,1.16152
1781656680000,1.16153,1.16154,1.16148,1.16148
1781656740000,1.16148,1.16148,1.16145,1.16148
1781656800000,1.16147,1.16154,1.16146,1.16152
1781656860000,1.16151,1.16152,1.16148,1.16151
1781656920000,1.16152,1.16152,1.16151,1.16151
1781656980000,1.16151,1.16152,1.1615,1.16152
1781657040000,1.16152,1.16153,1.16149,1.16152
1781657100000,1.16151,1.16152,1.16142,1.16143
1781657160000,1.16141,1.16143,1.1614,1.16142
1781657220000,1.16142,1.16148,1.16142,1.16147
1781657280000,1.16147,1.16148,1.16144,1.16145
1781657340000,1.16148,1.16149,1.16131,1.16131
1781657400000,1.16132,1.16133,1.16127,1.16128
1781657460000,1.16128,1.16129,1.16124,1.16127
1781657520000,1.16128,1.16135,1.16128,1.16132
1781657580000,1.16133,1.1614,1.16133,1.16136
1781657640000,1.16136,1.16136,1.16124,1.16126
1781657700000,1.16127,1.16133,1.16127,1.16127
1781657760000,1.16127,1.16127,1.16123,1.16127
1781657820000,1.16128,1.16129,1.16124,1.16129
1781657880000,1.16131,1.1614,1.16131,1.1614
1781657940000,1.16142,1.16146,1.16142,1.16145
1781658000000,1.16144,1.16146,1.16136,1.16139
1781658060000,1.16141,1.16144,1.16138,1.16138
1781658120000,1.16138,1.16144,1.16137,1.16139
1781658180000,1.16139,1.16143,1.16138,1.16141
1781658240000,1.1614,1.16147,1.16139,1.16145
1781658300000,1.16143,1.16151,1.1614,1.16151
1781658360000,1.16149,1.16158,1.16148,1.1615
1781658420000,1.16151,1.16154,1.1615,1.1615
1781658480000,1.16152,1.16156,1.16148,1.16155
1781658540000,1.16157,1.16159,1.16148,1.16148
1781658600000,1.16146,1.16147,1.16143,1.16144
1781658660000,1.16145,1.16145,1.16143,1.16144
1781658720000,1.16148,1.1615,1.16148,1.1615
1781658780000,1.16148,1.16154,1.16148,1.16153
1781658840000,1.16151,1.16151,1.16138,1.16138
1781658900000,1.16138,1.16139,1.16132,1.16135
1781658960000,1.16133,1.16135,1.16132,1.16133
1781659020000,1.16134,1.16138,1.16134,1.16138
1781659080000,1.16138,1.16142,1.16138,1.16138
1781659140000,1.16139,1.16139,1.16133,1.16134
1781659200000,1.16133,1.16141,1.16131,1.1614
1781659260000,1.1614,1.1614,1.16134,1.16137
1781659320000,1.16135,1.16137,1.16134,1.16136
1781659380000,1.16138,1.16138,1.16132,1.16134
1781659440000,1.16133,1.16133,1.16128,1.1613
1781659500000,1.16131,1.16134,1.16131,1.16134
1781659560000,1.16133,1.16134,1.16129,1.16129
1781659620000,1.16131,1.16133,1.16129,1.16133
1781659680000,1.16131,1.16133,1.1613,1.1613
1781659740000,1.1613,1.1613,1.16118,1.16121
1781659800000,1.16121,1.16122,1.16113,1.16114
1781659860000,1.16115,1.16119,1.16113,1.16115
1781659920000,1.16114,1.16114,1.16102,1.16108
1781659980000,1.16108,1.16113,1.16108,1.16113
1781660040000,1.16113,1.16115,1.16113,1.16115
1781660100000,1.16117,1.16124,1.16117,1.16124
1781660160000,1.16124,1.16124,1.16122,1.16122
1781660220000,1.16121,1.16122,1.16118,1.16118
1781660280000,1.1612,1.1612,1.16119,1.16119
1781660340000,1.16118,1.16123,1.16118,1.16121
1781660400000,1.1612,1.16125,1.16116,1.1612
1781660460000,1.16121,1.16125,1.16116,1.16124
1781660520000,1.16126,1.16132,1.16123,1.1613
1781660580000,1.1613,1.16131,1.16129,1.16129
1781660640000,1.1613,1.16132,1.16127,1.1613
1781660700000,1.16132,1.16138,1.16132,1.16135
1781660760000,1.16134,1.16135,1.16126,1.16129
1781660820000,1.1613,1.16132,1.16125,1.16125
1781660880000,1.16124,1.16125,1.16118,1.1612
1781660940000,1.1612,1.16122,1.16115,1.16115
1781661000000,1.16116,1.16119,1.16113,1.16119
1781661060000,1.1612,1.16121,1.16117,1.16121
1781661120000,1.1612,1.16122,1.16114,1.16114
1781661180000,1.16115,1.16118,1.16115,1.16116
1781661240000,1.16114,1.1612,1.16114,1.1612
1781661300000,1.16119,1.16121,1.16116,1.16118
1781661360000,1.16118,1.1612,1.16116,1.1612
1781661420000,1.16118,1.1612,1.16116,1.16119
1781661480000,1.1612,1.16125,1.1612,1.16122
1781661540000,1.16121,1.16123,1.16121,1.16122
1781661600000,1.16122,1.16125,1.16119,1.16121
1781661660000,1.16121,1.16128,1.1612,1.16124
1781661720000,1.16125,1.16129,1.16124,1.16127
1781661780000,1.16129,1.16129,1.16124,1.16124
1781661840000,1.16124,1.16125,1.16123,1.16123
1781661900000,1.16122,1.16126,1.16121,1.16126
1781661960000,1.16127,1.16128,1.16123,1.16123
1781662020000,1.16123,1.16126,1.16123,1.16124
1781662080000,1.16123,1.16128,1.16122,1.16127
1781662140000,1.16127,1.16127,1.16123,1.16124
1781662200000,1.16122,1.16123,1.16122,1.16123
1781662260000,1.16123,1.16125,1.16121,1.16123
1781662320000,1.16124,1.16125,1.16121,1.16123
1781662380000,1.16124,1.16125,1.16121,1.16125
1781662440000,1.16124,1.16125,1.16123,1.16125
1781662500000,1.16123,1.16124,1.16117,1.16119
1781662560000,1.16119,1.16122,1.16118,1.16121
1781662620000,1.16122,1.16125,1.16119,1.1612
1781662680000,1.16121,1.16122,1.1612,1.1612
1781662740000,1.16121,1.16124,1.16121,1.16121
1781662800000,1.16122,1.16134,1.16122,1.16134
1781662860000,1.16136,1.16143,1.16134,1.1614
1781662920000,1.16143,1.16144,1.1614,1.16143
1781662980000,1.16143,1.16143,1.16143,1.16143
1781663040000,1.16146,1.16149,1.16144,1.16144
1781663100000,1.16148,1.1615,1.16144,1.16144
1781663160000,1.16144,1.16144,1.16143,1.16143
1781663220000,1.16143,1.16144,1.1614,1.1614
1781663280000,1.16139,1.16139,1.16137,1.16139
1781663340000,1.16138,1.16138,1.16134,1.16136
1781663400000,1.16136,1.1614,1.16129,1.1613
1781663460000,1.16131,1.16132,1.16131,1.16132
1781663520000,1.16132,1.16134,1.1613,1.16131
1781663580000,1.16133,1.16133,1.16131,1.16132
1781663640000,1.16132,1.16132,1.16122,1.16122
1781663700000,1.16124,1.16124,1.16121,1.16123
1781663760000,1.16125,1.16125,1.16123,1.16125
1781663820000,1.16124,1.16125,1.16121,1.16122
1781663880000,1.16124,1.16125,1.16124,1.16125
1781663940000,1.16126,1.16126,1.16124,1.16124
1781664000000,1.16124,1.1613,1.16124,1.1613
1781664060000,1.16129,1.16132,1.16129,1.16132
1781664120000,1.16132,1.16133,1.16132,1.16133
1781664180000,1.16135,1.16135,1.16129,1.16129
1781664240000,1.16129,1.1613,1.16128,1.16128
1781664300000,1.16124,1.16124,1.16113,1.16115
1781664360000,1.16115,1.16116,1.16114,1.16114
1781664420000,1.16116,1.16116,1.16115,1.16115
1781664480000,1.16115,1.16116,1.16114,1.16115
1781664540000,1.16116,1.16118,1.16114,1.16118
1781664600000,1.16118,1.16123,1.16118,1.16121
1781664660000,1.16119,1.16119,1.16112,1.16114
1781664720000,1.16116,1.16116,1.16115,1.16115
1781664780000,1.16114,1.16114,1.16111,1.16111
1781664840000,1.16112,1.16112,1.16104,1.16104
1781664900000,1.16103,1.16111,1.16103,1.16111
1781664960000,1.16111,1.16113,1.1611,1.1611
1781665020000,1.16108,1.16108,1.16105,1.16105
1781665080000,1.16103,1.16107,1.16103,1.16107
1781665140000,1.16107,1.16107,1.16091,1.16091
1781665200000,1.16093,1.16101,1.16093,1.16101
1781665260000,1.161,1.16101,1.161,1.161
1781665320000,1.16101,1.16101,1.16095,1.16095
1781665380000,1.16095,1.16095,1.16092,1.16092
1781665440000,1.16092,1.16093,1.16081,1.16082
1781665500000,1.16084,1.16093,1.16083,1.1609
1781665560000,1.1609,1.16099,1.1609,1.16099
1781665620000,1.16098,1.16098,1.16098,1.16098
1781665680000,1.16098,1.16101,1.16098,1.16099
1781665740000,1.16099,1.16106,1.16099,1.16106
1781665800000,1.16104,1.16106,1.161,1.16101
1781665860000,1.16099,1.16109,1.16099,1.16109
1781665920000,1.16109,1.16111,1.16109,1.16111
1781665980000,1.16109,1.1611,1.16105,1.16105
1781666040000,1.16102,1.1611,1.16101,1.16109
1781666100000,1.16109,1.1611,1.16104,1.16104
1781666160000,1.16104,1.16104,1.16092,1.16096
1781666220000,1.16097,1.16097,1.1609,1.16091
1781666280000,1.16092,1.16102,1.16092,1.16102
1781666340000,1.16102,1.16103,1.16099,1.161
1781666400000,1.16101,1.16103,1.16101,1.16102
1781666460000,1.16102,1.16103,1.16101,1.16103
1781666520000,1.16103,1.16106,1.16103,1.16105
1781666580000,1.16106,1.16109,1.16106,1.16106
1781666640000,1.16105,1.16108,1.16104,1.16107
1781666700000,1.16106,1.16107,1.16103,1.16105
1781666760000,1.16106,1.16106,1.16103,1.16105
1781666820000,1.16107,1.16108,1.161,1.16102
1781666880000,1.16103,1.16103,1.16099,1.16103
1781666940000,1.16101,1.16106,1.161,1.16104
1781667000000,1.16104,1.16106,1.16104,1.16105
1781667060000,1.16105,1.16107,1.16105,1.16107
1781667120000,1.16109,1.16112,1.16108,1.1611
1781667180000,1.1611,1.16114,1.16108,1.16108
1781667240000,1.1611,1.16112,1.16109,1.16109
1781667300000,1.1611,1.1611,1.16105,1.1611
1781667360000,1.16108,1.16109,1.16103,1.16103
1781667420000,1.16102,1.16103,1.161,1.16103
1781667480000,1.16104,1.16104,1.16102,1.16103
1781667540000,1.16103,1.16103,1.16101,1.16102
1781667600000,1.16104,1.16105,1.16102,1.16104
1781667660000,1.16104,1.16113,1.16104,1.16113
1781667720000,1.16113,1.16121,1.16113,1.16114
1781667780000,1.16112,1.16112,1.16107,1.16112
1781667840000,1.16111,1.16111,1.16108,1.16108
1781667900000,1.16107,1.16107,1.16104,1.16106
1781667960000,1.16108,1.16108,1.16108,1.16108
1781668020000,1.16109,1.16109,1.16109,1.16109
1781668080000,1.16107,1.1611,1.16107,1.1611
1781668140000,1.16111,1.16111,1.16109,1.1611
1781668200000,1.16108,1.16109,1.16107,1.16108
1781668260000,1.16108,1.16108,1.16108,1.16108
1781668320000,1.16108,1.16116,1.16108,1.16113
1781668380000,1.16115,1.16115,1.16109,1.16109
1781668440000,1.16109,1.16111,1.16108,1.16108
1781668500000,1.16108,1.16109,1.16104,1.16104
1781668560000,1.16104,1.16106,1.16102,1.16104
1781668620000,1.16105,1.16106,1.16104,1.16105
1781668680000,1.16104,1.16105,1.16104,1.16104
1781668740000,1.16104,1.16104,1.16101,1.16103
1781668800000,1.16104,1.16106,1.16098,1.16106
1781668860000,1.16107,1.16108,1.16104,1.16105
1781668920000,1.16108,1.16111,1.16108,1.16111
1781668980000,1.16111,1.16111,1.16105,1.16107
1781669040000,1.16107,1.16107,1.16104,1.16107
1781669100000,1.16106,1.16112,1.16105,1.16107
1781669160000,1.16109,1.16117,1.16109,1.16112
1781669220000,1.16113,1.16115,1.16112,1.16115
1781669280000,1.16115,1.16115,1.16115,1.16115
1781669340000,1.16114,1.16116,1.16114,1.16116
1781669400000,1.16114,1.16125,1.16114,1.16125
1781669460000,1.16124,1.1613,1.16121,1.16127
1781669520000,1.16129,1.16131,1.16126,1.16127
1781669580000,1.16127,1.16129,1.16122,1.16122
1781669640000,1.16123,1.16123,1.16123,1.16123
1781669700000,1.16122,1.16135,1.16122,1.16132
1781669760000,1.16132,1.16134,1.16128,1.16129
1781669820000,1.16127,1.16127,1.16127,1.16127
1781669880000,1.16129,1.16129,1.16124,1.16128
1781669940000,1.16126,1.16132,1.16126,1.16132
1781670000000,1.16131,1.16131,1.16125,1.16126
1781670060000,1.16124,1.16124,1.16123,1.16124
1781670120000,1.16122,1.16122,1.1612,1.1612
1781670180000,1.1612,1.1612,1.16116,1.16116
1781670240000,1.16118,1.16124,1.16118,1.16124
1781670300000,1.16122,1.16122,1.16119,1.1612
1781670360000,1.1612,1.16122,1.16118,1.16122
1781670420000,1.16124,1.16124,1.16116,1.16116
1781670480000,1.16116,1.16118,1.16115,1.16116
1781670540000,1.16116,1.16116,1.16113,1.16113
1781670600000,1.16115,1.16117,1.16115,1.16116
1781670660000,1.16117,1.16121,1.16116,1.16119
1781670720000,1.16119,1.16121,1.16119,1.16119
1781670780000,1.16119,1.16119,1.16114,1.16114
1781670840000,1.16113,1.16113,1.16112,1.16112
1781670900000,1.1611,1.16114,1.1611,1.16114
1781670960000,1.16114,1.16114,1.16113,1.16113
1781671020000,1.16112,1.16112,1.16108,1.16108
1781671080000,1.16109,1.1611,1.16104,1.1611
1781671140000,1.16109,1.16109,1.16105,1.16107
1781671200000,1.16107,1.1611,1.16107,1.1611
1781671260000,1.16109,1.1611,1.16108,1.1611
1781671320000,1.16111,1.16115,1.16111,1.16114
1781671380000,1.16115,1.16115,1.16115,1.16115
1781671440000,1.16114,1.16114,1.16113,1.16113
1781671500000,1.16111,1.16115,1.16109,1.16114
1781671560000,1.16114,1.16119,1.16114,1.16119
1781671620000,1.1612,1.1612,1.1612,1.1612
1781671680000,1.1612,1.1612,1.16116,1.16116
1781671740000,1.16118,1.16121,1.16118,1.1612
1781671800000,1.16119,1.16119,1.16116,1.16116
1781671860000,1.16116,1.16123,1.16116,1.16121
1781671920000,1.16121,1.16122,1.16121,1.16122
1781671980000,1.16121,1.16126,1.1612,1.16126
1781672040000,1.16126,1.16128,1.16126,1.16127
1781672100000,1.16128,1.16128,1.16124,1.16124
1781672160000,1.16125,1.16125,1.16121,1.16121
1781672220000,1.16121,1.16121,1.16116,1.16116
1781672280000,1.16116,1.1612,1.16116,1.1612
1781672340000,1.16121,1.16123,1.16121,1.16123
1781672400000,1.16121,1.16129,1.16119,1.16119
1781672460000,1.16122,1.16127,1.16122,1.16127
1781672520000,1.16129,1.16129,1.16125,1.16129
1781672580000,1.16128,1.16135,1.16128,1.16135
1781672640000,1.16135,1.16135,1.16134,1.16135
1781672700000,1.16136,1.16137,1.1613,1.1613
1781672760000,1.16132,1.16134,1.16132,1.16134
1781672820000,1.16136,1.16137,1.16134,1.16134
1781672880000,1.16134,1.16137,1.16134,1.16134
1781672940000,1.16133,1.16133,1.16124,1.16124
1781673000000,1.16123,1.16123,1.16118,1.1612
1781673060000,1.1612,1.1612,1.16119,1.16119
1781673120000,1.1612,1.1612,1.16111,1.16115
1781673180000,1.16116,1.16119,1.16115,1.16115
1781673240000,1.16115,1.1612,1.16115,1.16119
1781673300000,1.1612,1.16125,1.1612,1.16125
1781673360000,1.16125,1.16131,1.16125,1.16129
1781673420000,1.16129,1.16136,1.16129,1.16136
1781673480000,1.16135,1.16138,1.16134,1.16137
1781673540000,1.16137,1.16141,1.16135,1.16135
1781673600000,1.16136,1.16141,1.16135,1.16141
1781673660000,1.16141,1.16143,1.1614,1.1614
1781673720000,1.16141,1.16141,1.16134,1.1614
1781673780000,1.16138,1.16138,1.16129,1.1613
1781673840000,1.1613,1.16132,1.16129,1.1613
1781673900000,1.1613,1.1613,1.16114,1.16114
1781673960000,1.16116,1.1612,1.16115,1.1612
1781674020000,1.16122,1.16126,1.1612,1.16122
1781674080000,1.16123,1.16123,1.1612,1.1612
1781674140000,1.16118,1.16122,1.16118,1.16121
1781674200000,1.16122,1.16124,1.16114,1.16115
1781674260000,1.16116,1.16118,1.16114,1.16114
1781674320000,1.16117,1.16124,1.16117,1.1612
1781674380000,1.1612,1.16122,1.16119,1.16122
1781674440000,1.16122,1.16128,1.16121,1.16125
1781674500000,1.16128,1.16134,1.16128,1.16132
1781674560000,1.16131,1.16132,1.16129,1.16129
1781674620000,1.16129,1.16133,1.16129,1.1613
1781674680000,1.1613,1.16134,1.16129,1.16133
1781674740000,1.16134,1.16139,1.16134,1.16134
1781674800000,1.16134,1.16135,1.16133,1.16134
1781674860000,1.16133,1.16141,1.16133,1.16139
1781674920000,1.1614,1.1614,1.16135,1.16138
1781674980000,1.16137,1.1614,1.16137,1.16139
1781675040000,1.1614,1.16141,1.16138,1.1614
1781675100000,1.1614,1.1614,1.1614,1.1614
1781675160000,1.16139,1.1614,1.16134,1.16134
1781675220000,1.16133,1.16145,1.16133,1.1614
1781675280000,1.16141,1.16149,1.16141,1.16149
1781675340000,1.16148,1.16148,1.16142,1.16145
1781675400000,1.16144,1.16144,1.1614,1.16142
1781675460000,1.1614,1.16141,1.16135,1.16135
1781675520000,1.16135,1.16136,1.16132,1.16136
1781675580000,1.16136,1.16137,1.16129,1.16132
1781675640000,1.16133,1.16136,1.16133,1.16134
1781675700000,1.16133,1.16136,1.16117,1.16118
1781675760000,1.16116,1.16117,1.16104,1.16114
1781675820000,1.16115,1.16126,1.16115,1.16122
1781675880000,1.16124,1.16126,1.16113,1.16119
1781675940000,1.1612,1.16122,1.16118,1.16119
1781676000000,1.16118,1.16128,1.16103,1.16103
1781676060000,1.16103,1.16109,1.16097,1.16109
1781676120000,1.16109,1.16121,1.16109,1.16116
1781676180000,1.16115,1.16115,1.16105,1.1611
1781676240000,1.16111,1.16127,1.16111,1.16125
1781676300000,1.16128,1.16137,1.16128,1.16134
1781676360000,1.16132,1.16142,1.1613,1.16135
1781676420000,1.16135,1.16137,1.16135,1.16137
1781676480000,1.16136,1.16146,1.16136,1.16144
1781676540000,1.16142,1.16145,1.16134,1.16137
1781676600000,1.16135,1.16136,1.16129,1.1613
1781676660000,1.1613,1.1613,1.16113,1.16118
1781676720000,1.16116,1.16116,1.16098,1.16098
1781676780000,1.16098,1.16102,1.16094,1.161
1781676840000,1.161,1.16116,1.16099,1.16114
1781676900000,1.16113,1.16117,1.16109,1.1611
1781676960000,1.16108,1.16109,1.16094,1.16099
1781677020000,1.16101,1.16103,1.16093,1.16095
1781677080000,1.16096,1.16102,1.16088,1.16098
1781677140000,1.16099,1.16099,1.16094,1.16095
1781677200000,1.16095,1.161,1.1609,1.1609
1781677260000,1.16089,1.16089,1.16073,1.16076
1781677320000,1.16074,1.16085,1.16071,1.16083
1781677380000,1.16084,1.16089,1.1608,1.16081
1781677440000,1.1608,1.1608,1.16075,1.16075
1781677500000,1.16075,1.16075,1.16065,1.16068
1781677560000,1.16069,1.16076,1.16064,1.16076
1781677620000,1.16075,1.16086,1.16073,1.16085
1781677680000,1.16087,1.16087,1.16069,1.1607
1781677740000,1.1607,1.16071,1.16058,1.1606
1781677800000,1.1606,1.16071,1.16049,1.16049
1781677860000,1.16048,1.1606,1.16048,1.16056
1781677920000,1.16056,1.16061,1.16045,1.16046
1781677980000,1.16046,1.16055,1.16039,1.16045
1781678040000,1.16045,1.16052,1.16039,1.16051
1781678100000,1.1605,1.16055,1.16037,1.16051
1781678160000,1.16051,1.16051,1.16045,1.1605
1781678220000,1.1605,1.16058,1.1605,1.16055
1781678280000,1.16055,1.16055,1.16046,1.1605
1781678340000,1.16056,1.16062,1.16055,1.16061
1781678400000,1.16061,1.16073,1.16059,1.16073
1781678460000,1.16071,1.16071,1.16058,1.1606
1781678520000,1.16059,1.16069,1.16059,1.16065
1781678580000,1.16065,1.16071,1.16064,1.16065
1781678640000,1.16067,1.16071,1.16064,1.16071
1781678700000,1.1607,1.1607,1.16053,1.16053
1781678760000,1.16053,1.16077,1.16053,1.16072
1781678820000,1.16071,1.16074,1.16069,1.16074
1781678880000,1.16075,1.16078,1.16072,1.16078
1781678940000,1.16075,1.16079,1.1607,1.16072
1781679000000,1.16071,1.16087,1.16071,1.16077
1781679060000,1.16076,1.16079,1.16076,1.16078
1781679120000,1.16076,1.16079,1.16073,1.16076
1781679180000,1.16074,1.16078,1.16074,1.16075
1781679240000,1.16074,1.16075,1.16069,1.16071
1781679300000,1.16071,1.16072,1.16053,1.16058
1781679360000,1.16059,1.1606,1.16054,1.16059
1781679420000,1.16059,1.16065,1.16056,1.16065
1781679480000,1.16067,1.16072,1.16066,1.1607
1781679540000,1.16071,1.1608,1.1607,1.16079
1781679600000,1.16077,1.16079,1.16065,1.16073
1781679660000,1.16071,1.16085,1.16071,1.16081
1781679720000,1.1608,1.16099,1.1608,1.16097
1781679780000,1.16098,1.16101,1.16086,1.16101
1781679840000,1.161,1.161,1.16095,1.16096
1781679900000,1.16096,1.161,1.16086,1.16094
1781679960000,1.16095,1.16105,1.16095,1.161
1781680020000,1.161,1.16105,1.16098,1.16105
1781680080000,1.16107,1.16125,1.16105,1.16125
1781680140000,1.16124,1.1613,1.16119,1.1612
1781680200000,1.16121,1.16121,1.16114,1.16115
1781680260000,1.16115,1.16131,1.16115,1.16131
1781680320000,1.16131,1.16137,1.1613,1.16135
1781680380000,1.16134,1.16135,1.1613,1.16135
1781680440000,1.16136,1.1614,1.1613,1.16138
1781680500000,1.1614,1.16145,1.16135,1.16144
1781680560000,1.16143,1.16143,1.16138,1.16138
1781680620000,1.16139,1.16143,1.16131,1.16136
1781680680000,1.16134,1.16136,1.16129,1.16129
1781680740000,1.16126,1.16135,1.16125,1.16127
1781680800000,1.16125,1.16139,1.16125,1.16138
1781680860000,1.16139,1.16147,1.16138,1.16144
1781680920000,1.16143,1.16143,1.16134,1.16139
1781680980000,1.16139,1.1614,1.16118,1.16118
1781681040000,1.16118,1.16119,1.16102,1.16115
1781681100000,1.16113,1.16114,1.16102,1.16105
1781681160000,1.16102,1.16105,1.16086,1.16087
1781681220000,1.16088,1.16088,1.16078,1.1608
1781681280000,1.16081,1.16084,1.16069,1.16082
1781681340000,1.1608,1.16082,1.16068,1.16068
1781681400000,1.16068,1.16073,1.1606,1.16069
1781681460000,1.1607,1.1607,1.1606,1.16062
1781681520000,1.16061,1.16065,1.16053,1.16058
1781681580000,1.16058,1.16058,1.16043,1.16054
1781681640000,1.16051,1.16063,1.16051,1.16051
1781681700000,1.16051,1.16059,1.16048,1.16056
1781681760000,1.16056,1.16066,1.16056,1.16064
1781681820000,1.16064,1.16064,1.16059,1.16061
1781681880000,1.16061,1.16062,1.16056,1.16058
1781681940000,1.16058,1.16074,1.16058,1.16074
1781682000000,1.16074,1.16085,1.16071,1.16074
1781682060000,1.16074,1.16074,1.16067,1.16071
1781682120000,1.16072,1.16073,1.16063,1.16065
1781682180000,1.16067,1.16072,1.16065,1.16072
1781682240000,1.16071,1.16072,1.1605,1.16057
1781682300000,1.16056,1.1606,1.16055,1.1606
1781682360000,1.16059,1.16061,1.1605,1.16057
1781682420000,1.16059,1.16059,1.16052,1.16053
1781682480000,1.16055,1.16057,1.16047,1.16053
1781682540000,1.16055,1.16061,1.16052,1.1606
1781682600000,1.16062,1.16066,1.16055,1.16065
1781682660000,1.16066,1.16079,1.16066,1.16079
1781682720000,1.16081,1.16086,1.16079,1.1608
1781682780000,1.16081,1.1609,1.16081,1.16088
1781682840000,1.16087,1.16088,1.16077,1.16079
1781682900000,1.16081,1.16081,1.16073,1.16073
1781682960000,1.16073,1.16078,1.16069,1.16069
1781683020000,1.16069,1.16075,1.16068,1.16074
1781683080000,1.16073,1.16082,1.16067,1.1608
1781683140000,1.16079,1.16084,1.16078,1.16083
1781683200000,1.16082,1.16082,1.1606,1.16062
1781683260000,1.16063,1.16063,1.16051,1.16054
1781683320000,1.16053,1.16061,1.16052,1.1606
1781683380000,1.16059,1.1606,1.16054,1.16054
1781683440000,1.16055,1.16061,1.16055,1.16058
1781683500000,1.16058,1.16061,1.16053,1.16061
1781683560000,1.1606,1.16061,1.16048,1.16048
1781683620000,1.16049,1.16054,1.16042,1.16042
1781683680000,1.16044,1.16051,1.16042,1.1605
1781683740000,1.1605,1.16058,1.1605,1.16056
1781683800000,1.16057,1.16057,1.1602,1.1602
1781683860000,1.16019,1.16026,1.16008,1.16026
1781683920000,1.16025,1.16025,1.16007,1.16009
1781683980000,1.16007,1.16031,1.16007,1.16031
1781684040000,1.16031,1.16054,1.16031,1.16046
1781684100000,1.16046,1.1605,1.16042,1.16049
1781684160000,1.16049,1.1605,1.16016,1.16018
1781684220000,1.16019,1.16024,1.16015,1.16024
1781684280000,1.16021,1.16021,1.16005,1.16008
1781684340000,1.16006,1.16007,1.16,1.16
1781684400000,1.16,1.16001,1.15993,1.15998
1781684460000,1.15997,1.16008,1.15995,1.16007
1781684520000,1.16007,1.16008,1.1599,1.15991
1781684580000,1.15992,1.15997,1.1599,1.15996
1781684640000,1.15995,1.15999,1.15982,1.15982
1781684700000,1.15983,1.15992,1.15983,1.15984
1781684760000,1.15983,1.15997,1.15979,1.15997
1781684820000,1.15997,1.16023,1.15997,1.16021
1781684880000,1.16022,1.16023,1.16017,1.16023
1781684940000,1.16021,1.16024,1.16019,1.1602
1781685000000,1.1602,1.16022,1.16009,1.16011
1781685060000,1.16013,1.16027,1.16008,1.16026
1781685120000,1.16028,1.1603,1.16021,1.16023
1781685180000,1.16021,1.16031,1.16017,1.16023
1781685240000,1.16022,1.16028,1.16018,1.16028
1781685300000,1.16029,1.1603,1.1602,1.1602
1781685360000,1.1602,1.16022,1.16015,1.16022
1781685420000,1.16022,1.16027,1.16012,1.16014
1781685480000,1.16015,1.16029,1.16014,1.16026
1781685540000,1.16025,1.16026,1.1601,1.1601
1781685600000,1.16009,1.16013,1.16003,1.16011
1781685660000,1.16013,1.16022,1.16012,1.16021
1781685720000,1.16021,1.16031,1.16019,1.16026
1781685780000,1.16026,1.16028,1.16012,1.16014
1781685840000,1.16015,1.16016,1.16005,1.16011
1781685900000,1.16013,1.16018,1.16001,1.16002
1781685960000,1.16003,1.16014,1.16,1.16006
1781686020000,1.16008,1.16008,1.16,1.16001
1781686080000,1.16001,1.16005,1.15999,1.16005
1781686140000,1.16003,1.16011,1.16,1.1601
1781686200000,1.1601,1.16012,1.16008,1.16011
1781686260000,1.1601,1.16012,1.16004,1.1601
1781686320000,1.1601,1.16026,1.1601,1.16019
1781686380000,1.16018,1.16019,1.16013,1.16018
1781686440000,1.16019,1.16022,1.16017,1.16022
1781686500000,1.16024,1.1603,1.16016,1.16016
1781686560000,1.16016,1.16021,1.16014,1.1602
1781686620000,1.16019,1.16022,1.16014,1.16021
1781686680000,1.16023,1.16023,1.1602,1.16022
1781686740000,1.16022,1.16022,1.16018,1.16018
1781686800000,1.16018,1.16019,1.16007,1.16009
1781686860000,1.16009,1.16012,1.16008,1.1601
1781686920000,1.16009,1.16023,1.16009,1.16023
1781686980000,1.16024,1.16026,1.16015,1.16019
1781687040000,1.16023,1.1603,1.16023,1.16028
1781687100000,1.16028,1.16031,1.16025,1.1603
1781687160000,1.16029,1.1603,1.16026,1.16026
1781687220000,1.16027,1.16033,1.16025,1.16033
1781687280000,1.1603,1.16032,1.16023,1.16024
1781687340000,1.16023,1.16023,1.16016,1.16018
1781687400000,1.16019,1.1602,1.16011,1.16013
1781687460000,1.16015,1.16015,1.16014,1.16014
1781687520000,1.16013,1.16025,1.16013,1.16025
1781687580000,1.16024,1.16024,1.16016,1.16018
1781687640000,1.16019,1.16019,1.16012,1.16014
1781687700000,1.16015,1.16019,1.16014,1.16014
1781687760000,1.16014,1.1602,1.16014,1.16019
1781687820000,1.16016,1.16019,1.16015,1.16019
1781687880000,1.16019,1.16019,1.16013,1.16016
1781687940000,1.16018,1.16022,1.16016,1.1602
1781688000000,1.16021,1.16025,1.1602,1.1602
1781688060000,1.16019,1.16027,1.16019,1.16022
1781688120000,1.16022,1.16024,1.16019,1.1602
1781688180000,1.16021,1.16025,1.16014,1.16025
1781688240000,1.16026,1.16039,1.16026,1.16039
1781688300000,1.1604,1.16058,1.1604,1.1605
1781688360000,1.1605,1.16055,1.16049,1.16054
1781688420000,1.16053,1.16056,1.16052,1.16056
1781688480000,1.16056,1.16056,1.16049,1.1605
1781688540000,1.16051,1.16054,1.16039,1.16045
1781688600000,1.16046,1.16057,1.16046,1.16053
1781688660000,1.16054,1.16054,1.16046,1.16046
1781688720000,1.16046,1.16046,1.16032,1.16034
1781688780000,1.16035,1.16035,1.16023,1.16029
1781688840000,1.1603,1.1604,1.16028,1.1604
1781688900000,1.16039,1.16043,1.16033,1.16033
1781688960000,1.16035,1.1604,1.16031,1.16031
1781689020000,1.16033,1.16033,1.16027,1.16029
1781689080000,1.16028,1.16034,1.16023,1.16024
1781689140000,1.16025,1.1603,1.16025,1.1603
1781689200000,1.1603,1.1603,1.16027,1.16029
1781689260000,1.16029,1.16029,1.16022,1.16025
1781689320000,1.16025,1.16031,1.16021,1.16025
1781689380000,1.16023,1.16025,1.16018,1.16019
1781689440000,1.16017,1.1602,1.16015,1.16016
1781689500000,1.16016,1.16021,1.16015,1.16018
1781689560000,1.16019,1.16019,1.16017,1.16019
1781689620000,1.16018,1.16021,1.16018,1.16021
1781689680000,1.1602,1.16032,1.1602,1.16032
1781689740000,1.16031,1.16035,1.1603,1.16031
1781689800000,1.16032,1.16032,1.16025,1.16026
1781689860000,1.16025,1.16026,1.16025,1.16026
1781689920000,1.16026,1.16026,1.16022,1.16026
1781689980000,1.16025,1.16027,1.16021,1.16027
1781690040000,1.16027,1.16031,1.16025,1.16025
1781690100000,1.16028,1.16029,1.16014,1.16017
1781690160000,1.16018,1.16028,1.16016,1.16028
1781690220000,1.16027,1.16033,1.16025,1.16031
1781690280000,1.16031,1.16038,1.16029,1.16037
1781690340000,1.16039,1.16041,1.16037,1.16039
1781690400000,1.16038,1.16038,1.16018,1.16033
1781690460000,1.16034,1.16035,1.16021,1.16026
1781690520000,1.16025,1.1603,1.1602,1.16029
1781690580000,1.16029,1.16039,1.16029,1.16038
1781690640000,1.16037,1.16038,1.16025,1.16034
1781690700000,1.16034,1.16039,1.16033,1.16038
1781690760000,1.16039,1.16041,1.16038,1.16039
1781690820000,1.1604,1.16042,1.16031,1.16037
1781690880000,1.16038,1.1604,1.16033,1.16036
1781690940000,1.16037,1.16041,1.16037,1.16038
1781691000000,1.16037,1.16041,1.16035,1.16041
1781691060000,1.16039,1.16045,1.16032,1.16032
1781691120000,1.16032,1.16042,1.16032,1.16032
1781691180000,1.16031,1.1604,1.1603,1.16038
1781691240000,1.16039,1.16045,1.16038,1.16039
1781691300000,1.16038,1.1604,1.16023,1.16023
1781691360000,1.16023,1.16031,1.16023,1.16025
1781691420000,1.16024,1.16027,1.16021,1.16021
1781691480000,1.16022,1.16023,1.16014,1.16016
1781691540000,1.16016,1.16016,1.16002,1.16002
1781691600000,1.16003,1.16003,1.15987,1.15992
1781691660000,1.15992,1.15992,1.15988,1.15989
1781691720000,1.15986,1.1599,1.15969,1.15969
1781691780000,1.1597,1.1598,1.1597,1.1598
1781691840000,1.15978,1.15984,1.15972,1.15972
1781691900000,1.15971,1.15974,1.15963,1.15965
1781691960000,1.15966,1.15966,1.15958,1.15958
1781692020000,1.15959,1.15964,1.15959,1.1596
1781692080000,1.15961,1.15962,1.15959,1.15961
1781692140000,1.1596,1.1596,1.15957,1.1596
1781692200000,1.15962,1.15977,1.15961,1.15977
1781692260000,1.15975,1.15987,1.15975,1.15982
1781692320000,1.15983,1.15991,1.15983,1.15985
1781692380000,1.15986,1.1599,1.15979,1.15981
1781692440000,1.15981,1.15982,1.15977,1.15979
1781692500000,1.15979,1.15989,1.15978,1.15987
1781692560000,1.15988,1.15997,1.15985,1.15995
1781692620000,1.15995,1.15996,1.15983,1.15991
1781692680000,1.15991,1.15996,1.15989,1.15995
1781692740000,1.15996,1.16002,1.15994,1.15997
1781692800000,1.15998,1.15998,1.15985,1.15987
1781692860000,1.15987,1.15989,1.15983,1.15984
1781692920000,1.15986,1.15986,1.15977,1.15979
1781692980000,1.15977,1.15978,1.15971,1.15971
1781693040000,1.15972,1.15985,1.1597,1.15984
1781693100000,1.15984,1.15999,1.15984,1.15998
1781693160000,1.15997,1.15997,1.15989,1.15994
1781693220000,1.15995,1.15995,1.15989,1.15994
1781693280000,1.15995,1.15996,1.15993,1.15994
1781693340000,1.15994,1.15995,1.1599,1.15993
1781693400000,1.15994,1.16007,1.15992,1.16005
1781693460000,1.16004,1.16006,1.15999,1.15999
1781693520000,1.15999,1.16001,1.15987,1.1599
1781693580000,1.15988,1.1599,1.15975,1.15975
1781693640000,1.15978,1.15984,1.15953,1.15964
1781693700000,1.15964,1.15971,1.15961,1.15971
1781693760000,1.1597,1.15972,1.15961,1.1597
1781693820000,1.15972,1.15972,1.15964,1.15964
1781693880000,1.15963,1.15968,1.1596,1.15964
1781693940000,1.15966,1.15972,1.15964,1.1597
1781694000000,1.1597,1.15971,1.15964,1.15971
1781694060000,1.1597,1.1597,1.15962,1.15964
1781694120000,1.15962,1.15965,1.15959,1.15965
1781694180000,1.15965,1.15965,1.15958,1.15961
1781694240000,1.1596,1.1597,1.1596,1.1597
1781694300000,1.15968,1.15968,1.15955,1.15958
1781694360000,1.1596,1.15968,1.1596,1.15965
1781694420000,1.15967,1.15967,1.15955,1.15955
1781694480000,1.15955,1.15955,1.15939,1.15944
1781694540000,1.15945,1.15945,1.15935,1.15936
1781694600000,1.15936,1.15938,1.15932,1.15937
1781694660000,1.15935,1.15935,1.1593,1.1593
1781694720000,1.15931,1.15931,1.15919,1.1592
1781694780000,1.1592,1.15925,1.15909,1.15914
1781694840000,1.15915,1.15917,1.15909,1.15915
1781694900000,1.15913,1.1593,1.15913,1.15924
1781694960000,1.15923,1.15949,1.15923,1.15949
1781695020000,1.15949,1.1595,1.15928,1.15934
1781695080000,1.15935,1.15935,1.1593,1.15932
1781695140000,1.1593,1.15931,1.15924,1.15924
1781695200000,1.15924,1.15926,1.1592,1.1592
1781695260000,1.15923,1.15924,1.15919,1.15924
1781695320000,1.15924,1.15925,1.1591,1.1591
1781695380000,1.15909,1.15915,1.15904,1.15905
1781695440000,1.15905,1.1591,1.15903,1.15905
1781695500000,1.15904,1.15914,1.159,1.15914
1781695560000,1.15915,1.1592,1.15911,1.15914
1781695620000,1.15914,1.15915,1.15905,1.15905
1781695680000,1.15904,1.15912,1.15903,1.15905
1781695740000,1.15904,1.15904,1.15894,1.15897
1781695800000,1.15897,1.159,1.15888,1.15888
1781695860000,1.15887,1.1589,1.15868,1.15875
1781695920000,1.15872,1.15878,1.15867,1.15878
1781695980000,1.15877,1.15879,1.15864,1.15864
1781696040000,1.15862,1.15869,1.15859,1.15866
1781696100000,1.15869,1.15888,1.15869,1.15886
1781696160000,1.15886,1.15892,1.15879,1.15879
1781696220000,1.15881,1.15884,1.15878,1.15878
1781696280000,1.15878,1.15881,1.15877,1.15878
1781696340000,1.15877,1.15884,1.1587,1.15883
1781696400000,1.15883,1.15892,1.15873,1.15873
1781696460000,1.15873,1.15875,1.15862,1.15863
1781696520000,1.15862,1.15864,1.15853,1.15855
1781696580000,1.15856,1.15862,1.15854,1.15862
1781696640000,1.15862,1.15864,1.15859,1.15864
1781696700000,1.15865,1.15886,1.15865,1.15886
1781696760000,1.15889,1.15895,1.15886,1.15886
1781696820000,1.15886,1.15888,1.15884,1.15885
1781696880000,1.15886,1.15886,1.1587,1.15876
1781696940000,1.15876,1.15885,1.15876,1.15884
1781697000000,1.15882,1.15884,1.15877,1.15879
1781697060000,1.15879,1.15879,1.15872,1.15875
1781697120000,1.15875,1.15894,1.15875,1.15892
1781697180000,1.15894,1.159,1.1589,1.15897
1781697240000,1.15896,1.15904,1.15896,1.15904
1781697300000,1.15905,1.15907,1.15895,1.159
1781697360000,1.15899,1.159,1.1588,1.15881
1781697420000,1.15881,1.15892,1.1588,1.15892
1781697480000,1.15892,1.15901,1.1589,1.15901
1781697540000,1.159,1.15914,1.159,1.15914
1781697600000,1.15915,1.15926,1.15905,1.15925
1781697660000,1.15925,1.15934,1.1592,1.15929
1781697720000,1.15927,1.15929,1.15921,1.15929
1781697780000,1.1593,1.15942,1.1593,1.15937
1781697840000,1.15937,1.15937,1.15926,1.15927
1781697900000,1.15925,1.1593,1.15922,1.15925
1781697960000,1.15923,1.1593,1.15921,1.15927
1781698020000,1.15927,1.15931,1.15922,1.15926
1781698080000,1.15928,1.15928,1.15916,1.15923
1781698140000,1.15922,1.15922,1.15907,1.15914
1781698200000,1.15913,1.15921,1.15911,1.15916
1781698260000,1.15918,1.15918,1.15906,1.15911
1781698320000,1.15912,1.15915,1.15906,1.15915
1781698380000,1.15916,1.15919,1.15913,1.15916
1781698440000,1.15917,1.1592,1.15912,1.1592
1781698500000,1.1592,1.15926,1.15916,1.15916
1781698560000,1.15917,1.15917,1.1591,1.15911
1781698620000,1.15912,1.15931,1.15912,1.15931
1781698680000,1.15932,1.15944,1.15932,1.15941
1781698740000,1.15943,1.15948,1.15936,1.15942
1781698800000,1.15941,1.15959,1.15941,1.15959
1781698860000,1.15957,1.15959,1.15946,1.15946
1781698920000,1.15944,1.15952,1.15938,1.15952
1781698980000,1.15951,1.15973,1.15947,1.15973
1781699040000,1.15973,1.15974,1.15965,1.15967
1781699100000,1.1597,1.15972,1.15965,1.15972
1781699160000,1.15971,1.15978,1.1597,1.15977
1781699220000,1.15978,1.15979,1.1597,1.1597
1781699280000,1.15972,1.15979,1.15971,1.15979
1781699340000,1.15978,1.15978,1.1596,1.1596
1781699400000,1.15961,1.15963,1.15928,1.15949
1781699460000,1.15947,1.15967,1.15944,1.15958
1781699520000,1.15957,1.15962,1.15953,1.15958
1781699580000,1.15957,1.15968,1.15954,1.15967
1781699640000,1.15967,1.15977,1.15966,1.15971
1781699700000,1.15973,1.15973,1.15964,1.15966
1781699760000,1.15968,1.15975,1.15967,1.15972
1781699820000,1.15974,1.1598,1.1597,1.15971
1781699880000,1.15974,1.15987,1.15966,1.15968
1781699940000,1.15966,1.15981,1.15966,1.15978
1781700000000,1.15978,1.15979,1.15972,1.15978
1781700060000,1.15976,1.15993,1.15976,1.15991
1781700120000,1.1599,1.15991,1.1598,1.15983
1781700180000,1.15984,1.15986,1.15974,1.15977
1781700240000,1.15977,1.15981,1.15973,1.15973
1781700300000,1.15974,1.15982,1.15973,1.15974
1781700360000,1.15975,1.15988,1.15975,1.15987
1781700420000,1.15987,1.15987,1.15976,1.15984
1781700480000,1.15984,1.15994,1.15979,1.15993
1781700540000,1.15995,1.15997,1.1599,1.1599
1781700600000,1.15992,1.16003,1.15991,1.16003
1781700660000,1.16002,1.16007,1.16001,1.16007
1781700720000,1.16007,1.16014,1.16003,1.16014
1781700780000,1.16013,1.1602,1.1601,1.16016
1781700840000,1.16017,1.16025,1.16017,1.16022
1781700900000,1.16022,1.16026,1.16017,1.16017
1781700960000,1.16019,1.1602,1.16004,1.16004
1781701020000,1.16006,1.16011,1.15998,1.16011
1781701080000,1.16011,1.16026,1.16011,1.16023
1781701140000,1.16023,1.16023,1.16016,1.1602
1781701200000,1.16021,1.16022,1.16008,1.1601
1781701260000,1.16011,1.16015,1.16008,1.16015
1781701320000,1.16016,1.16017,1.16004,1.16012
1781701380000,1.16011,1.16015,1.15995,1.15995
1781701440000,1.15996,1.15997,1.15979,1.15979
1781701500000,1.1598,1.15994,1.1598,1.15987
1781701560000,1.15987,1.15988,1.15982,1.15988
1781701620000,1.15986,1.16008,1.15985,1.16003
1781701680000,1.16001,1.16009,1.15995,1.16001
1781701740000,1.16002,1.16012,1.16001,1.16006
1781701800000,1.16007,1.16007,1.16001,1.16005
1781701860000,1.16003,1.16007,1.16001,1.16007
1781701920000,1.16007,1.16009,1.16007,1.16007
1781701980000,1.16008,1.16015,1.16008,1.16015
1781702040000,1.16014,1.16014,1.16002,1.1601
1781702100000,1.16009,1.16009,1.15995,1.15996
1781702160000,1.15995,1.16012,1.15994,1.15999
1781702220000,1.16,1.16003,1.16,1.16001
1781702280000,1.16001,1.16009,1.16001,1.16007
1781702340000,1.16007,1.16013,1.16004,1.16013
1781702400000,1.16012,1.16014,1.16008,1.16011
1781702460000,1.16012,1.16015,1.16007,1.1601
1781702520000,1.1601,1.16026,1.16008,1.16026
1781702580000,1.16024,1.16027,1.16019,1.16025
1781702640000,1.16023,1.16024,1.16014,1.16015
1781702700000,1.16016,1.16018,1.16005,1.1601
1781702760000,1.16013,1.16015,1.15998,1.15999
1781702820000,1.16001,1.16001,1.15993,1.15995
1781702880000,1.15994,1.15994,1.15978,1.15978
1781702940000,1.15979,1.15991,1.15979,1.15982
1781703000000,1.15982,1.15986,1.15973,1.15979
1781703060000,1.15978,1.15981,1.15965,1.15981
1781703120000,1.15979,1.15979,1.1597,1.15971
1781703180000,1.15972,1.15982,1.15967,1.1598
1781703240000,1.15978,1.15984,1.15964,1.15967
1781703300000,1.15968,1.15982,1.15954,1.1598
1781703360000,1.1598,1.15991,1.15979,1.15989
1781703420000,1.15987,1.15997,1.15984,1.15989
1781703480000,1.15987,1.15993,1.15969,1.15976
1781703540000,1.15975,1.15986,1.15975,1.15977
1781703600000,1.15975,1.15983,1.15973,1.15978
1781703660000,1.15978,1.15983,1.15973,1.15975
1781703720000,1.15972,1.15972,1.15959,1.15963
1781703780000,1.15963,1.15973,1.15956,1.15973
1781703840000,1.1597,1.15977,1.15961,1.15975
1781703900000,1.15974,1.15981,1.1597,1.15973
1781703960000,1.15973,1.15983,1.1597,1.15978
1781704020000,1.15977,1.15978,1.15965,1.15967
1781704080000,1.15968,1.15989,1.15968,1.15989
1781704140000,1.1599,1.15994,1.15982,1.15991
1781704200000,1.1599,1.16013,1.15983,1.1601
1781704260000,1.16011,1.16011,1.16003,1.16011
1781704320000,1.16011,1.16011,1.15993,1.15993
1781704380000,1.15995,1.15999,1.15988,1.15998
1781704440000,1.15998,1.15998,1.15956,1.15964
1781704500000,1.15965,1.15989,1.15964,1.15989
1781704560000,1.15991,1.15991,1.15965,1.15969
1781704620000,1.15968,1.15979,1.15967,1.15973
1781704680000,1.15974,1.15985,1.15974,1.15984
1781704740000,1.15985,1.15991,1.15969,1.15969
1781704800000,1.15969,1.15984,1.15966,1.15966
1781704860000,1.15968,1.15979,1.15963,1.15966
1781704920000,1.15968,1.15968,1.15943,1.15945
1781704980000,1.15943,1.15954,1.15935,1.15943
1781705040000,1.15944,1.15948,1.15933,1.15941
1781705100000,1.1594,1.15956,1.1594,1.15954
1781705160000,1.15956,1.15966,1.15952,1.15965
1781705220000,1.15965,1.15966,1.15959,1.15963
1781705280000,1.15963,1.15963,1.15948,1.15952
1781705340000,1.15951,1.15952,1.15932,1.15932
1781705400000,1.15933,1.15944,1.1593,1.15936
1781705460000,1.15935,1.15936,1.15931,1.15933
1781705520000,1.15933,1.15939,1.15924,1.15933
1781705580000,1.15934,1.15936,1.1592,1.15925
1781705640000,1.15924,1.15929,1.15921,1.15928
1781705700000,1.15926,1.15934,1.15926,1.15934
1781705760000,1.15935,1.15943,1.15935,1.15939
1781705820000,1.15937,1.15937,1.15929,1.15931
1781705880000,1.15929,1.1593,1.1592,1.15928
1781705940000,1.15929,1.15935,1.15922,1.15927
1781706000000,1.15927,1.15934,1.15923,1.15923
1781706060000,1.15923,1.15924,1.15904,1.15907
1781706120000,1.15908,1.1591,1.15902,1.15909
1781706180000,1.15909,1.15912,1.15903,1.15907
1781706240000,1.15909,1.15929,1.15908,1.15916
1781706300000,1.15916,1.15929,1.15916,1.1592
1781706360000,1.15923,1.1593,1.15918,1.15924
1781706420000,1.15922,1.15922,1.1591,1.15916
1781706480000,1.15917,1.15932,1.15915,1.15922
1781706540000,1.15923,1.15929,1.15921,1.15926
1781706600000,1.15927,1.15954,1.15926,1.15952
1781706660000,1.15954,1.15956,1.15946,1.15947
1781706720000,1.15946,1.15956,1.15946,1.15949
1781706780000,1.15948,1.1595,1.15934,1.15935
1781706840000,1.15935,1.15942,1.15929,1.15942
1781706900000,1.15942,1.15945,1.15923,1.15926
1781706960000,1.15926,1.15926,1.15914,1.15921
1781707020000,1.15919,1.15926,1.15911,1.15926
1781707080000,1.15926,1.15926,1.15917,1.15919
1781707140000,1.15918,1.15933,1.15918,1.15932
1781707200000,1.15933,1.15934,1.15923,1.15925
1781707260000,1.15926,1.15927,1.15914,1.15914
1781707320000,1.15915,1.15938,1.15914,1.15936
1781707380000,1.15936,1.15947,1.15934,1.15947
1781707440000,1.15945,1.15945,1.15925,1.15927
1781707500000,1.15924,1.15931,1.15922,1.15927
1781707560000,1.15927,1.15927,1.15918,1.15918
1781707620000,1.15918,1.15925,1.15809,1.15848
1781707680000,1.15847,1.15906,1.15847,1.15905
1781707740000,1.15905,1.15905,1.15884,1.1589
1781707800000,1.15892,1.15903,1.15885,1.15895
1781707860000,1.15894,1.15904,1.15888,1.15892
1781707920000,1.15893,1.15924,1.15891,1.15922
1781707980000,1.15921,1.15928,1.15907,1.15908
1781708040000,1.15907,1.1591,1.15886,1.15888
1781708100000,1.1589,1.159,1.15886,1.15897
1781708160000,1.15896,1.15905,1.1589,1.15896
1781708220000,1.15895,1.15922,1.15886,1.159
1781708280000,1.15898,1.15906,1.15888,1.15888
1781708340000,1.15888,1.15898,1.15886,1.15893
1781708400000,1.15892,1.15896,1.15885,1.15896
1781708460000,1.15896,1.15905,1.15884,1.15884
1781708520000,1.15882,1.15887,1.15868,1.1587
1781708580000,1.15872,1.15913,1.15871,1.15913
1781708640000,1.15913,1.15921,1.15911,1.15917
1781708700000,1.15916,1.15918,1.15893,1.15899
1781708760000,1.15899,1.15918,1.15898,1.15903
1781708820000,1.15903,1.15917,1.15902,1.15917
1781708880000,1.15915,1.1592,1.15914,1.15917
1781708940000,1.15913,1.15915,1.15892,1.15892
1781709000000,1.15893,1.15897,1.15884,1.15895
1781709060000,1.15896,1.15898,1.15887,1.1589
1781709120000,1.15892,1.15896,1.15884,1.15895
1781709180000,1.15893,1.15896,1.1589,1.15895
1781709240000,1.15896,1.15902,1.15894,1.15902
1781709300000,1.159,1.15923,1.15897,1.15919
1781709360000,1.1592,1.15933,1.15919,1.15927
1781709420000,1.15926,1.15926,1.15905,1.15911
1781709480000,1.1591,1.15935,1.1591,1.15934
1781709540000,1.15933,1.1594,1.15926,1.15938
1781709600000,1.15938,1.15938,1.15921,1.15926
1781709660000,1.15926,1.1593,1.15915,1.15916
1781709720000,1.15916,1.1592,1.15914,1.15916
1781709780000,1.15914,1.1592,1.15912,1.15917
1781709840000,1.15917,1.15917,1.15909,1.15909
1781709900000,1.15908,1.15915,1.15906,1.15907
1781709960000,1.15909,1.15912,1.15906,1.15907
1781710020000,1.15907,1.15924,1.15907,1.15923
1781710080000,1.15921,1.15928,1.15915,1.15927
1781710140000,1.15929,1.15933,1.15922,1.15926
1781710200000,1.15925,1.15925,1.15917,1.15919
1781710260000,1.15919,1.15923,1.1591,1.15911
1781710320000,1.15912,1.15926,1.15912,1.15921
1781710380000,1.1592,1.15931,1.1592,1.15927
1781710440000,1.15928,1.15937,1.15928,1.15937
1781710500000,1.15937,1.15939,1.15933,1.15935
1781710560000,1.15932,1.15937,1.15923,1.15923
1781710620000,1.15924,1.15928,1.15918,1.15918
1781710680000,1.1592,1.15921,1.1591,1.15912
1781710740000,1.15913,1.15921,1.15912,1.15912
1781710800000,1.15912,1.15912,1.15892,1.159
1781710860000,1.159,1.15917,1.159,1.15917
1781710920000,1.15915,1.15927,1.15914,1.15927
1781710980000,1.15925,1.15928,1.15924,1.15924
1781711040000,1.15923,1.15937,1.15921,1.15929
1781711100000,1.1593,1.15937,1.15925,1.15929
1781711160000,1.15929,1.15934,1.15923,1.15923
1781711220000,1.15921,1.15933,1.15921,1.15933
1781711280000,1.15934,1.15939,1.15931,1.15934
1781711340000,1.15936,1.15938,1.15935,1.15937
1781711400000,1.15937,1.15939,1.15919,1.15919
1781711460000,1.15918,1.15923,1.15914,1.15921
1781711520000,1.15923,1.15928,1.15918,1.15925
1781711580000,1.15924,1.15931,1.1592,1.15928
1781711640000,1.15925,1.15925,1.15919,1.1592
1781711700000,1.15919,1.15932,1.15919,1.15928
1781711760000,1.15927,1.15929,1.15924,1.15925
1781711820000,1.15926,1.15929,1.15919,1.15919
1781711880000,1.1592,1.15934,1.1592,1.1593
1781711940000,1.15929,1.15929,1.15924,1.15925
1781712000000,1.15928,1.15933,1.15925,1.15926
1781712060000,1.15924,1.15924,1.15912,1.15915
1781712120000,1.15916,1.15923,1.15914,1.15915
1781712180000,1.15917,1.15919,1.15909,1.15911
1781712240000,1.15912,1.15916,1.15908,1.15913
1781712300000,1.15912,1.15912,1.15904,1.15908
1781712360000,1.15909,1.15918,1.15906,1.15915
1781712420000,1.15917,1.15917,1.1591,1.1591
1781712480000,1.1591,1.1591,1.15899,1.15902
1781712540000,1.15902,1.15911,1.15902,1.15911
1781712600000,1.15911,1.15912,1.15903,1.15912
1781712660000,1.15912,1.15914,1.15902,1.15905
1781712720000,1.15905,1.15907,1.159,1.159
1781712780000,1.15899,1.15903,1.15893,1.15893
1781712840000,1.15894,1.15896,1.1589,1.15894
1781712900000,1.15894,1.15908,1.15894,1.15907
1781712960000,1.15906,1.15908,1.15904,1.15907
1781713020000,1.15907,1.15908,1.15903,1.15904
1781713080000,1.15905,1.1591,1.15905,1.1591
1781713140000,1.15908,1.15908,1.159,1.15904
1781713200000,1.15904,1.15911,1.15904,1.15905
1781713260000,1.15906,1.15908,1.15904,1.15906
1781713320000,1.15906,1.15916,1.15906,1.15913
1781713380000,1.15912,1.1592,1.15912,1.15919
1781713440000,1.15921,1.15925,1.1592,1.15923
1781713500000,1.15923,1.15929,1.1592,1.15928
1781713560000,1.15929,1.1593,1.15918,1.15918
1781713620000,1.15917,1.15919,1.15907,1.15911
1781713680000,1.15911,1.15915,1.1591,1.15912
1781713740000,1.15912,1.15917,1.15911,1.15917
1781713800000,1.15917,1.1592,1.15906,1.1591
1781713860000,1.15907,1.15908,1.15893,1.15895
1781713920000,1.15894,1.159,1.15889,1.15889
1781713980000,1.15887,1.15894,1.15886,1.15889
1781714040000,1.1589,1.15894,1.1589,1.15893
1781714100000,1.15894,1.15899,1.15893,1.15898
1781714160000,1.15898,1.15899,1.15891,1.15891
1781714220000,1.15891,1.15895,1.1589,1.15894
1781714280000,1.15894,1.15897,1.15892,1.15897
1781714340000,1.15897,1.15899,1.15896,1.15896
1781714400000,1.15896,1.15899,1.15895,1.15897
1781714460000,1.15895,1.15899,1.15895,1.15897
1781714520000,1.15896,1.15897,1.15892,1.15893
1781714580000,1.15893,1.15897,1.15893,1.15896
1781714640000,1.15898,1.15903,1.15897,1.15903
1781714700000,1.15901,1.15901,1.159,1.159
1781714760000,1.15903,1.15903,1.15894,1.15895
1781714820000,1.15898,1.15905,1.15898,1.15905
1781714880000,1.15907,1.15909,1.15901,1.15901
1781714940000,1.15904,1.1591,1.15904,1.15906
1781715000000,1.15909,1.15911,1.15907,1.15911
1781715060000,1.15911,1.15917,1.15911,1.15915
1781715120000,1.15915,1.15916,1.15913,1.15916
1781715180000,1.15915,1.15916,1.15908,1.15908
1781715240000,1.15907,1.15907,1.15898,1.15901
1781715300000,1.15903,1.15927,1.15903,1.15923
1781715360000,1.15923,1.15923,1.15914,1.15914
1781715420000,1.15915,1.15916,1.15908,1.15913
1781715480000,1.15913,1.15915,1.15912,1.15912
1781715540000,1.15912,1.15917,1.15912,1.15916
1781715600000,1.15915,1.15915,1.15906,1.15908
1781715660000,1.15907,1.15913,1.15906,1.15906
1781715720000,1.15905,1.15914,1.15905,1.15913
1781715780000,1.15913,1.15918,1.15905,1.15908
1781715840000,1.1591,1.15916,1.1591,1.15913
1781715900000,1.15915,1.15917,1.15909,1.15911
1781715960000,1.15912,1.15912,1.15905,1.15906
1781716020000,1.15908,1.15908,1.15901,1.15901
1781716080000,1.15902,1.1591,1.15878,1.15902
1781716140000,1.15903,1.15907,1.159,1.15906
1781716200000,1.15908,1.15914,1.15901,1.15902
1781716260000,1.15901,1.15904,1.15897,1.159
1781716320000,1.15899,1.15904,1.15897,1.15904
1781716380000,1.15904,1.15911,1.15904,1.15911
1781716440000,1.1591,1.15912,1.15906,1.15906
1781716500000,1.15905,1.1591,1.15904,1.15905
1781716560000,1.15908,1.15911,1.15906,1.15906
1781716620000,1.15904,1.15905,1.15897,1.159
1781716680000,1.15899,1.15903,1.15898,1.15903
1781716740000,1.15904,1.15918,1.15903,1.15913
1781716800000,1.15912,1.15912,1.15905,1.15907
1781716860000,1.15908,1.15911,1.15905,1.15907
1781716920000,1.15907,1.15908,1.15906,1.15907
1781716980000,1.15905,1.15906,1.15901,1.15903
1781717040000,1.15904,1.15912,1.15904,1.1591
1781717100000,1.15911,1.15912,1.15906,1.15907
1781717160000,1.1591,1.1591,1.15904,1.15908
1781717220000,1.15907,1.15908,1.15902,1.15903
1781717280000,1.15901,1.15907,1.15899,1.15907
1781717340000,1.15907,1.15909,1.15906,1.15906
1781717400000,1.15904,1.15907,1.15903,1.15906
1781717460000,1.15906,1.15913,1.15906,1.15913
1781717520000,1.15913,1.15913,1.1591,1.15912
1781717580000,1.15911,1.15921,1.15906,1.15921
1781717640000,1.1592,1.1592,1.1591,1.15917
1781717700000,1.15918,1.15918,1.15912,1.15914
1781717760000,1.15912,1.15918,1.15912,1.15917
1781717820000,1.1592,1.15921,1.15912,1.15912
1781717880000,1.15912,1.15922,1.1591,1.15919
1781717940000,1.15921,1.15923,1.15917,1.1592
1781718000000,1.15921,1.15926,1.15919,1.15923
1781718060000,1.15922,1.15923,1.15917,1.1592
1781718120000,1.15921,1.1593,1.15918,1.1593
1781718180000,1.1593,1.15934,1.15925,1.15929
1781718240000,1.15928,1.1593,1.15925,1.15928
1781718300000,1.15928,1.15936,1.15928,1.15933
1781718360000,1.15933,1.15938,1.1593,1.15932
1781718420000,1.15933,1.15933,1.15922,1.15926
1781718480000,1.15927,1.15935,1.15926,1.15934
1781718540000,1.15933,1.1594,1.15933,1.15935
1781718600000,1.15935,1.15937,1.15934,1.15937
1781718660000,1.15939,1.15943,1.15938,1.15938
1781718720000,1.15939,1.15951,1.15939,1.15947
1781718780000,1.15948,1.15951,1.15945,1.1595
1781718840000,1.1595,1.15953,1.15946,1.15947
1781718900000,1.15948,1.15953,1.15947,1.15949
1781718960000,1.15951,1.15961,1.15951,1.15959
1781719020000,1.15961,1.15961,1.1595,1.15956
1781719080000,1.15955,1.1596,1.1595,1.1596
1781719140000,1.1596,1.1596,1.15949,1.15949
1781719200000,1.1595,1.15952,1.15482,1.15482
1781719260000,1.15481,1.15653,1.15461,1.15653
1781719320000,1.15653,1.15674,1.15574,1.15582
1781719380000,1.15572,1.15644,1.15553,1.15614
1781719440000,1.15618,1.15625,1.15533,1.15544
1781719500000,1.15541,1.15552,1.15448,1.15491
1781719560000,1.1549,1.15541,1.1549,1.15514
1781719620000,1.15514,1.15553,1.15489,1.15495
1781719680000,1.15493,1.15504,1.1544,1.15454
1781719740000,1.15454,1.15496,1.15442,1.15458
1781719800000,1.15456,1.15466,1.15433,1.15436
1781719860000,1.15436,1.15471,1.15425,1.15455
1781719920000,1.15456,1.15473,1.15433,1.15469
1781719980000,1.15468,1.15468,1.1543,1.1544
1781720040000,1.15443,1.15471,1.15416,1.15446
1781720100000,1.15446,1.15478,1.15445,1.15475
1781720160000,1.15474,1.15482,1.15445,1.15469
1781720220000,1.15469,1.15496,1.15462,1.15485
1781720280000,1.15484,1.15523,1.15483,1.15503
1781720340000,1.15501,1.15528,1.15494,1.15514
1781720400000,1.15514,1.1554,1.15513,1.15516
1781720460000,1.15517,1.15551,1.15511,1.15548
1781720520000,1.15547,1.15554,1.15514,1.15522
1781720580000,1.15521,1.1556,1.15521,1.15551
1781720640000,1.1555,1.15563,1.15533,1.15546
1781720700000,1.15547,1.15547,1.15473,1.1548
1781720760000,1.15481,1.15501,1.15476,1.15487
1781720820000,1.15488,1.1549,1.15459,1.15477
1781720880000,1.15479,1.15486,1.15469,1.15474
1781720940000,1.15475,1.15487,1.1546,1.15487
1781721000000,1.15486,1.15492,1.15458,1.15459
1781721060000,1.15459,1.15565,1.15458,1.15563
1781721120000,1.15562,1.15646,1.15431,1.1551
1781721180000,1.15511,1.15524,1.15396,1.15411
1781721240000,1.15412,1.15437,1.15355,1.15358
1781721300000,1.15361,1.15437,1.15359,1.1543
1781721360000,1.15428,1.1546,1.15416,1.15451
1781721420000,1.15448,1.15491,1.15439,1.15458
1781721480000,1.15457,1.1553,1.15454,1.15528
1781721540000,1.15527,1.15591,1.15508,1.15524
1781721600000,1.15527,1.1556,1.15523,1.15531
1781721660000,1.15531,1.15564,1.15473,1.15529
1781721720000,1.15528,1.15542,1.15479,1.15535
1781721780000,1.15534,1.15603,1.15511,1.15593
1781721840000,1.15592,1.15662,1.15582,1.15625
1781721900000,1.15625,1.15626,1.15583,1.15589
1781721960000,1.15587,1.15619,1.15556,1.15558
1781722020000,1.15557,1.15632,1.15543,1.15622
1781722080000,1.15622,1.15622,1.15554,1.15596
1781722140000,1.15598,1.15618,1.15586,1.15607
1781722200000,1.15607,1.15607,1.15556,1.15563
1781722260000,1.15565,1.15589,1.15553,1.15562
1781722320000,1.15562,1.15623,1.15544,1.1557
1781722380000,1.15569,1.1557,1.15524,1.15529
1781722440000,1.15527,1.1555,1.15519,1.15521
1781722500000,1.15521,1.15524,1.15449,1.15463
1781722560000,1.15465,1.15473,1.15446,1.1545
1781722620000,1.1545,1.15462,1.15407,1.15407
1781722680000,1.15407,1.1542,1.1537,1.1537
1781722740000,1.15372,1.15397,1.15368,1.15387
1781722800000,1.15386,1.1541,1.15367,1.15409
1781722860000,1.15409,1.15418,1.15366,1.15368
1781722920000,1.1537,1.15394,1.15274,1.15276
1781722980000,1.15281,1.153,1.15247,1.15282
1781723040000,1.15283,1.15287,1.15204,1.15206
1781723100000,1.15206,1.15231,1.15185,1.15226
1781723160000,1.15224,1.15265,1.15207,1.15212
1781723220000,1.15213,1.15221,1.1517,1.15176
1781723280000,1.15173,1.15224,1.15165,1.15186
1781723340000,1.15185,1.15196,1.1515,1.15155
1781723400000,1.15151,1.15161,1.15126,1.15126
1781723460000,1.15127,1.15128,1.15086,1.15087
1781723520000,1.15089,1.15105,1.15055,1.15062
1781723580000,1.15064,1.1518,1.15051,1.15161
1781723640000,1.15161,1.15163,1.15124,1.15158
1781723700000,1.15159,1.15163,1.15104,1.1514
1781723760000,1.15139,1.15155,1.15124,1.15125
1781723820000,1.15122,1.15134,1.15075,1.15077
1781723880000,1.15078,1.15079,1.15052,1.15067
1781723940000,1.1507,1.15102,1.15066,1.1507
1781724000000,1.15071,1.15071,1.15048,1.15057
1781724060000,1.15055,1.15055,1.15026,1.15052
1781724120000,1.15052,1.15076,1.15031,1.15031
1781724180000,1.15034,1.15035,1.14999,1.15019
1781724240000,1.15018,1.15023,1.14989,1.14989
1781724300000,1.14987,1.15019,1.14978,1.15006
1781724360000,1.15007,1.15035,1.15006,1.15012
1781724420000,1.15012,1.15043,1.14997,1.14999
1781724480000,1.15001,1.15009,1.14979,1.14989
1781724540000,1.14991,1.15001,1.14956,1.14957
1781724600000,1.14957,1.14966,1.14919,1.14932
1781724660000,1.14931,1.14973,1.14926,1.14931
1781724720000,1.14931,1.14936,1.14903,1.14919
1781724780000,1.14917,1.14929,1.14898,1.14901
1781724840000,1.14902,1.14905,1.14838,1.1484
1781724900000,1.14841,1.14861,1.14824,1.14849
1781724960000,1.14847,1.14865,1.14829,1.14842
1781725020000,1.14846,1.14852,1.14831,1.14836
1781725080000,1.14836,1.14837,1.14779,1.14782
1781725140000,1.14781,1.14815,1.14779,1.14806
1781725200000,1.14804,1.1482,1.14778,1.14797
1781725260000,1.14796,1.14874,1.14796,1.1483
1781725320000,1.14828,1.1483,1.14784,1.14796
1781725380000,1.14797,1.14827,1.1478,1.14822
1781725440000,1.14822,1.14843,1.14806,1.14839
1781725500000,1.14839,1.14884,1.14839,1.1488
1781725560000,1.14883,1.14905,1.14869,1.14884
1781725620000,1.14883,1.149,1.14879,1.14892
1781725680000,1.14892,1.149,1.14882,1.14889
1781725740000,1.1489,1.14903,1.1486,1.1489
1781725800000,1.14887,1.14925,1.14855,1.1487
1781725860000,1.14873,1.14894,1.14873,1.14894
1781725920000,1.14893,1.14893,1.14866,1.14872
1781725980000,1.14872,1.14882,1.14867,1.14878
1781726040000,1.14879,1.14925,1.14879,1.14924
1781726100000,1.14923,1.14952,1.14923,1.14951
1781726160000,1.14949,1.14971,1.14936,1.14958
1781726220000,1.14958,1.14963,1.14939,1.14952
1781726280000,1.14954,1.14957,1.14926,1.14934
1781726340000,1.14936,1.14943,1.1493,1.14941
1781726400000,1.1494,1.14972,1.14939,1.14963
1781726460000,1.14962,1.14966,1.14946,1.14946
1781726520000,1.14947,1.14957,1.1494,1.14946
1781726580000,1.14946,1.14949,1.14905,1.14908
1781726640000,1.1491,1.14911,1.14868,1.14877
1781726700000,1.1488,1.14901,1.1488,1.14898
1781726760000,1.14898,1.14909,1.14892,1.14901
1781726820000,1.14902,1.14911,1.14892,1.14897
1781726880000,1.14897,1.14899,1.14892,1.14894
1781726940000,1.14896,1.149,1.14891,1.14897
1781727000000,1.14897,1.14922,1.14896,1.14919
1781727060000,1.14918,1.14926,1.14911,1.14913
1781727120000,1.14912,1.14917,1.14911,1.14915
1781727180000,1.14916,1.14924,1.14913,1.14922
1781727240000,1.14925,1.14926,1.14908,1.14909
1781727300000,1.14907,1.14907,1.14889,1.14903
1781727360000,1.14904,1.14916,1.14897,1.14915
1781727420000,1.14916,1.14932,1.14913,1.14928
1781727480000,1.14929,1.14979,1.14929,1.14971
1781727540000,1.14972,1.14972,1.14958,1.14971
1781727600000,1.14974,1.14978,1.14971,1.14975
1781727660000,1.14975,1.14986,1.14975,1.14976
1781727720000,1.14974,1.14986,1.14971,1.14982
1781727780000,1.14982,1.14984,1.14959,1.14959
1781727840000,1.14957,1.14966,1.14953,1.14966
1781727900000,1.14966,1.14968,1.14958,1.14962
1781727960000,1.14961,1.14977,1.14955,1.14972
1781728020000,1.14974,1.14991,1.14974,1.1499
1781728080000,1.14988,1.14993,1.14984,1.14993
1781728140000,1.14992,1.14997,1.14984,1.14996
1781728200000,1.14995,1.15002,1.14992,1.14992
1781728260000,1.1499,1.14999,1.14987,1.14998
1781728320000,1.14997,1.15021,1.14996,1.1502
1781728380000,1.15022,1.15022,1.1501,1.1501
1781728440000,1.15011,1.15018,1.15011,1.15017
1781728500000,1.15015,1.15017,1.15005,1.15005
1781728560000,1.15005,1.15022,1.15002,1.15022
1781728620000,1.15023,1.15032,1.15023,1.15031
1781728680000,1.1503,1.1505,1.15025,1.1505
1781728740000,1.15046,1.15046,1.15033,1.15039
1781728800000,1.15039,1.15039,1.15028,1.15037
1781728860000,1.15036,1.15053,1.15033,1.15048
1781728920000,1.1505,1.15054,1.15037,1.15037
1781728980000,1.15038,1.15041,1.15027,1.15028
1781729040000,1.15029,1.15034,1.15016,1.15016
1781729100000,1.15019,1.15026,1.15015,1.15025
1781729160000,1.15026,1.15034,1.15025,1.15028
1781729220000,1.15028,1.1503,1.15018,1.15022
1781729280000,1.15023,1.15023,1.15002,1.15004
1781729340000,1.15003,1.15015,1.15003,1.15005
1781729400000,1.15007,1.15022,1.15007,1.15015
1781729460000,1.15015,1.15016,1.15,1.15007
1781729520000,1.15009,1.15019,1.15006,1.15008
1781729580000,1.15008,1.15013,1.15007,1.15013
1781729640000,1.15009,1.15012,1.15004,1.15012
1781729700000,1.15011,1.15011,1.15006,1.15008
1781729760000,1.15005,1.15012,1.15004,1.15008
1781729820000,1.15009,1.15009,1.14999,1.15003
1781729880000,1.15005,1.15021,1.15004,1.15015
1781729940000,1.15015,1.15019,1.15008,1.15008
1781730000000,1.14999,1.15,1.14997,1.14997
1781730060000,1.14998,1.14998,1.14998,1.14998
1781730120000,1.14998,1.14998,1.14998,1.14998
1781730180000,1.14998,1.14998,1.14998,1.14998
1781730240000,1.14998,1.14998,1.14998,1.14998
1781730300000,1.14999,1.14999,1.14996,1.14997
1781730360000,1.14996,1.14996,1.14996,1.14996
1781730420000,1.14996,1.14996,1.14995,1.14995
1781730480000,1.14997,1.15019,1.14995,1.15013
1781730540000,1.15008,1.15008,1.15006,1.15006
1781730600000,1.15005,1.1501,1.15005,1.15009
1781730660000,1.15009,1.15014,1.15009,1.15014
1781730720000,1.15013,1.1502,1.15013,1.1502
1781730780000,1.15015,1.15015,1.1501,1.15011
1781730840000,1.15025,1.15025,1.15009,1.1501
1781730900000,1.15008,1.1501,1.15006,1.15006
1781730960000,1.15008,1.15009,1.15006,1.15009
1781731020000,1.15009,1.15009,1.15009,1.15009
1781731080000,1.15006,1.15009,1.15006,1.15009
1781731140000,1.15006,1.15009,1.15005,1.15006
1781731200000,1.15006,1.15007,1.15006,1.15006
1781731260000,1.15009,1.15009,1.15006,1.15008
1781731320000,1.15006,1.15013,1.15006,1.15013
1781731380000,1.15013,1.15018,1.15012,1.15018
1781731440000,1.15017,1.1502,1.15017,1.15018
1781731500000,1.1502,1.1502,1.1502,1.1502
1781731560000,1.15019,1.15019,1.15019,1.15019
1781731620000,1.1502,1.15022,1.1502,1.15022
1781731680000,1.15022,1.15022,1.15022,1.15022
1781731740000,1.1502,1.1502,1.1502,1.1502
1781731800000,1.1502,1.15025,1.1502,1.15025
1781731860000,1.15025,1.15025,1.15022,1.15023
1781731920000,1.15019,1.15022,1.15015,1.15017
1781731980000,1.15013,1.15014,1.15009,1.15014
1781732040000,1.15013,1.15014,1.15013,1.15013
1781732100000,1.15015,1.15015,1.15006,1.15006
1781732160000,1.15012,1.15012,1.15011,1.15011
1781732220000,1.1501,1.1501,1.1501,1.1501
1781732280000,1.1501,1.1501,1.1501,1.1501
1781732340000,1.15007,1.15008,1.15006,1.15006
1781732400000,1.15008,1.15008,1.15006,1.15006
1781732460000,1.15007,1.1501,1.15007,1.1501
1781732520000,1.1501,1.1501,1.1501,1.1501
1781732580000,1.1501,1.1501,1.1501,1.1501
1781732640000,1.15011,1.15011,1.15011,1.15011
1781732700000,1.15015,1.15016,1.15015,1.15016
1781732760000,1.15016,1.15016,1.15016,1.15016
1781732820000,1.15015,1.15015,1.15015,1.15015
1781732880000,1.15016,1.15016,1.15016,1.15016
1781732940000,1.15016,1.15021,1.15015,1.1502
1781733000000,1.15019,1.15028,1.15018,1.15025
1781733060000,1.15023,1.15027,1.15023,1.15027
1781733120000,1.15027,1.15027,1.15023,1.15026
1781733180000,1.15027,1.15028,1.15026,1.15027
1781733240000,1.15027,1.15027,1.15027,1.15027
1781733300000,1.15026,1.15026,1.15025,1.15025
1781733360000,1.15025,1.15025,1.15025,1.15025
1781733420000,1.15026,1.15028,1.15021,1.15021
1781733480000,1.15022,1.15022,1.15021,1.15021
1781733540000,1.15021,1.15022,1.15016,1.15022
1781733600000,1.15023,1.15037,1.15017,1.15017
1781733660000,1.15015,1.15017,1.15013,1.15015
1781733720000,1.15016,1.15017,1.15,1.15017
1781733780000,1.15016,1.15017,1.15002,1.15006
1781733840000,1.15007,1.15012,1.15007,1.15008
1781733900000,1.15011,1.15025,1.15011,1.15025
1781733960000,1.15024,1.15038,1.15024,1.1503
1781734020000,1.15031,1.15033,1.15027,1.15033
1781734080000,1.15033,1.15034,1.15027,1.15028
1781734140000,1.1503,1.15038,1.1503,1.15034
1781734200000,1.15033,1.15036,1.15031,1.15032
1781734260000,1.15028,1.15046,1.15027,1.15033
1781734320000,1.15034,1.15048,1.15029,1.15044
1781734380000,1.15045,1.15045,1.15038,1.15039
1781734440000,1.15041,1.15043,1.15027,1.15028
1781734500000,1.15027,1.15028,1.15026,1.15027
1781734560000,1.15027,1.15027,1.15021,1.15021
1781734620000,1.15021,1.15026,1.15021,1.15023
1781734680000,1.15023,1.15026,1.15023,1.15026
1781734740000,1.15027,1.15027,1.15024,1.15025
1781734800000,1.15027,1.15034,1.15027,1.15033
1781734860000,1.15034,1.15037,1.15031,1.15036
1781734920000,1.15036,1.15037,1.15021,1.15021
1781734980000,1.1502,1.1502,1.15017,1.15019
1781735040000,1.15018,1.15021,1.15013,1.15015
1781735100000,1.15014,1.15017,1.15012,1.15016
1781735160000,1.15016,1.15022,1.15016,1.1502
1781735220000,1.15022,1.15022,1.15013,1.15017
1781735280000,1.15016,1.15027,1.15016,1.15024
1781735340000,1.15022,1.15022,1.1502,1.1502
1781735400000,1.15019,1.15021,1.15015,1.15016
1781735460000,1.15018,1.1503,1.15017,1.15028
1781735520000,1.15028,1.15031,1.15025,1.15026
1781735580000,1.15028,1.15031,1.15027,1.15028
1781735640000,1.1503,1.15036,1.15029,1.15031
1781735700000,1.15029,1.15031,1.15028,1.15031
1781735760000,1.15032,1.1504,1.15031,1.15037
1781735820000,1.15036,1.1504,1.15036,1.15038
1781735880000,1.15039,1.15047,1.15039,1.15047
1781735940000,1.15046,1.15049,1.15044,1.15048
1781736000000,1.15047,1.15051,1.15046,1.15049
1781736060000,1.15049,1.15052,1.15047,1.15047
1781736120000,1.15047,1.15051,1.15046,1.15051
1781736180000,1.1505,1.15051,1.15045,1.15046
1781736240000,1.15045,1.15046,1.15041,1.15041
1781736300000,1.15043,1.1505,1.15041,1.15044
1781736360000,1.15045,1.15045,1.15041,1.15042
1781736420000,1.15041,1.15044,1.1504,1.1504
1781736480000,1.15038,1.15038,1.15027,1.15037
1781736540000,1.15036,1.15037,1.15035,1.15036
1781736600000,1.1504,1.15045,1.1504,1.15042
1781736660000,1.15042,1.15044,1.15042,1.15044
1781736720000,1.15043,1.15048,1.15043,1.15047
1781736780000,1.15047,1.1505,1.15047,1.15047
1781736840000,1.15047,1.15055,1.15046,1.15053
1781736900000,1.15051,1.15053,1.1505,1.15051
1781736960000,1.1505,1.1505,1.15045,1.15047
1781737020000,1.15047,1.15047,1.15045,1.15045
1781737080000,1.15045,1.15046,1.15044,1.15046
1781737140000,1.15044,1.15044,1.15042,1.15042
1781737200000,1.15042,1.15051,1.15042,1.15048
1781737260000,1.15046,1.15046,1.15044,1.15044
1781737320000,1.15044,1.15047,1.15043,1.15043
1781737380000,1.15045,1.15049,1.15045,1.15048
1781737440000,1.15049,1.15053,1.15047,1.15051
1781737500000,1.15053,1.15053,1.15052,1.15053
1781737560000,1.15052,1.15055,1.15051,1.15054
1781737620000,1.15054,1.15055,1.15051,1.15055
1781737680000,1.15053,1.15062,1.15053,1.15061
1781737740000,1.15061,1.15066,1.1506,1.15061
1781737800000,1.15061,1.15061,1.15058,1.15058
1781737860000,1.15058,1.15058,1.15058,1.15058
1781737920000,1.15058,1.15058,1.15057,1.15057
1781737980000,1.15058,1.15068,1.15058,1.15066
1781738040000,1.15067,1.15076,1.15067,1.15073
1781738100000,1.15074,1.15076,1.15074,1.15074
1781738160000,1.15076,1.15077,1.15076,1.15077
1781738220000,1.15074,1.15074,1.15072,1.15074
1781738280000,1.15072,1.15075,1.15067,1.15075
1781738340000,1.15074,1.15074,1.1507,1.15071
1781738400000,1.15073,1.15076,1.15073,1.15075
1781738460000,1.15075,1.15077,1.15074,1.15077
1781738520000,1.15081,1.15084,1.15079,1.15082
1781738580000,1.15079,1.15083,1.15079,1.15082
1781738640000,1.15079,1.15081,1.15077,1.15078
1781738700000,1.15078,1.15078,1.15076,1.15077
1781738760000,1.15081,1.15081,1.15072,1.15076
1781738820000,1.15076,1.15077,1.15076,1.15077
1781738880000,1.15074,1.15074,1.1506,1.1506
1781738940000,1.1506,1.15063,1.15059,1.15063
1781739000000,1.15063,1.15063,1.15055,1.15055
1781739060000,1.15055,1.15063,1.15055,1.15058
1781739120000,1.15058,1.15064,1.15056,1.15057
1781739180000,1.15056,1.15062,1.15053,1.15062
1781739240000,1.1506,1.15068,1.15057,1.15066
1781739300000,1.15066,1.15067,1.15058,1.15058
1781739360000,1.15057,1.15064,1.15057,1.15063
1781739420000,1.15063,1.15064,1.15056,1.15056
1781739480000,1.15054,1.15056,1.15051,1.15055
1781739540000,1.15054,1.15054,1.1505,1.1505
1781739600000,1.15049,1.15051,1.15038,1.15039
1781739660000,1.1504,1.1504,1.15035,1.15038
1781739720000,1.15039,1.15054,1.15039,1.15053
1781739780000,1.15053,1.1506,1.15053,1.15059
1781739840000,1.15061,1.1507,1.15057,1.15069
1781739900000,1.15069,1.15074,1.15065,1.15065
1781739960000,1.15066,1.15068,1.15064,1.15067
1781740020000,1.15068,1.15068,1.1506,1.15064
1781740080000,1.15064,1.15064,1.15057,1.15061
1781740140000,1.15061,1.15068,1.15061,1.15066
1781740200000,1.15067,1.15071,1.15067,1.15068
1781740260000,1.15069,1.15069,1.15064,1.15069
1781740320000,1.15071,1.15075,1.15069,1.15072
1781740380000,1.15073,1.15073,1.15068,1.15071
1781740440000,1.15068,1.15073,1.15067,1.15073
1781740500000,1.15072,1.15072,1.15069,1.15071
1781740560000,1.15069,1.1507,1.15058,1.1506
1781740620000,1.15062,1.15066,1.15062,1.15062
1781740680000,1.15061,1.15063,1.15061,1.15062
1781740740000,1.1506,1.15068,1.15057,1.15068
1782000000000,1.14683,1.14683,1.14683,1.14683
1782000060000,1.14683,1.14683,1.14683,1.14683
1782000120000,1.14683,1.14683,1.14683,1.14683
1782000180000,1.14683,1.14683,1.14683,1.14683
1782000240000,1.14683,1.14683,1.14683,1.14683
1782000300000,1.14683,1.14683,1.14683,1.14683
1782000360000,1.14683,1.14683,1.14683,1.14683
1782000420000,1.14683,1.14683,1.14683,1.14683
1782000480000,1.14683,1.14683,1.14683,1.14683
1782000540000,1.14683,1.14683,1.14683,1.14683
1782000600000,1.14683,1.14683,1.14683,1.14683
1782000660000,1.14683,1.14683,1.14683,1.14683
1782000720000,1.14683,1.14683,1.14683,1.14683
1782000780000,1.14683,1.14683,1.14683,1.14683
1782000840000,1.14683,1.14683,1.14683,1.14683
1782000900000,1.14683,1.14683,1.14683,1.14683
1782000960000,1.14683,1.14683,1.14683,1.14683
1782001020000,1.14683,1.14683,1.14683,1.14683
1782001080000,1.14683,1.14683,1.14683,1.14683
1782001140000,1.14683,1.14683,1.14683,1.14683
1782001200000,1.14683,1.14683,1.14683,1.14683
1782001260000,1.14683,1.14683,1.14683,1.14683
1782001320000,1.14683,1.14683,1.14683,1.14683
1782001380000,1.14683,1.14683,1.14683,1.14683
1782001440000,1.14683,1.14683,1.14683,1.14683
1782001500000,1.14683,1.14683,1.14683,1.14683
1782001560000,1.14683,1.14683,1.14683,1.14683
1782001620000,1.14683,1.14683,1.14683,1.14683
1782001680000,1.14683,1.14683,1.14683,1.14683
1782001740000,1.14683,1.14683,1.14683,1.14683
1782001800000,1.14683,1.14683,1.14683,1.14683
1782001860000,1.14683,1.14683,1.14683,1.14683
1782001920000,1.14683,1.14683,1.14683,1.14683
1782001980000,1.14683,1.14683,1.14683,1.14683
1782002040000,1.14683,1.14683,1.14683,1.14683
1782002100000,1.14683,1.14683,1.14683,1.14683
1782002160000,1.14683,1.14683,1.14683,1.14683
1782002220000,1.14683,1.14683,1.14683,1.14683
1782002280000,1.14683,1.14683,1.14683,1.14683
1782002340000,1.14683,1.14683,1.14683,1.14683
1782002400000,1.14683,1.14683,1.14683,1.14683
1782002460000,1.14683,1.14683,1.14683,1.14683
1782002520000,1.14683,1.14683,1.14683,1.14683
1782002580000,1.14683,1.14683,1.14683,1.14683
1782002640000,1.14683,1.14683,1.14683,1.14683
1782002700000,1.14683,1.14683,1.14683,1.14683
1782002760000,1.14683,1.14683,1.14683,1.14683
1782002820000,1.14683,1.14683,1.14683,1.14683
1782002880000,1.14683,1.14683,1.14683,1.14683
1782002940000,1.14683,1.14683,1.14683,1.14683
1782003000000,1.14683,1.14683,1.14683,1.14683
1782003060000,1.14683,1.14683,1.14683,1.14683
1782003120000,1.14683,1.14683,1.14683,1.14683
1782003180000,1.14683,1.14683,1.14683,1.14683
1782003240000,1.14683,1.14683,1.14683,1.14683
1782003300000,1.14683,1.14683,1.14683,1.14683
1782003360000,1.14683,1.14683,1.14683,1.14683
1782003420000,1.14683,1.14683,1.14683,1.14683
1782003480000,1.14683,1.14683,1.14683,1.14683
1782003540000,1.14683,1.14683,1.14683,1.14683
1782003600000,1.14683,1.14683,1.14683,1.14683
1782003660000,1.14683,1.14683,1.14683,1.14683
1782003720000,1.14683,1.14683,1.14683,1.14683
1782003780000,1.14683,1.14683,1.14683,1.14683
1782003840000,1.14683,1.14683,1.14683,1.14683
1782003900000,1.14683,1.14683,1.14683,1.14683
1782003960000,1.14683,1.14683,1.14683,1.14683
1782004020000,1.14683,1.14683,1.14683,1.14683
1782004080000,1.14683,1.14683,1.14683,1.14683
1782004140000,1.14683,1.14683,1.14683,1.14683
1782004200000,1.14683,1.14683,1.14683,1.14683
1782004260000,1.14683,1.14683,1.14683,1.14683
1782004320000,1.14683,1.14683,1.14683,1.14683
1782004380000,1.14683,1.14683,1.14683,1.14683
1782004440000,1.14683,1.14683,1.14683,1.14683
1782004500000,1.14683,1.14683,1.14683,1.14683
1782004560000,1.14683,1.14683,1.14683,1.14683
1782004620000,1.14683,1.14683,1.14683,1.14683
1782004680000,1.14683,1.14683,1.14683,1.14683
1782004740000,1.14683,1.14683,1.14683,1.14683
1782004800000,1.14683,1.14683,1.14683,1.14683
1782004860000,1.14683,1.14683,1.14683,1.14683
1782004920000,1.14683,1.14683,1.14683,1.14683
1782004980000,1.14683,1.14683,1.14683,1.14683
1782005040000,1.14683,1.14683,1.14683,1.14683
1782005100000,1.14683,1.14683,1.14683,1.14683
1782005160000,1.14683,1.14683,1.14683,1.14683
1782005220000,1.14683,1.14683,1.14683,1.14683
1782005280000,1.14683,1.14683,1.14683,1.14683
1782005340000,1.14683,1.14683,1.14683,1.14683
1782005400000,1.14683,1.14683,1.14683,1.14683
1782005460000,1.14683,1.14683,1.14683,1.14683
1782005520000,1.14683,1.14683,1.14683,1.14683
1782005580000,1.14683,1.14683,1.14683,1.14683
1782005640000,1.14683,1.14683,1.14683,1.14683
1782005700000,1.14683,1.14683,1.14683,1.14683
1782005760000,1.14683,1.14683,1.14683,1.14683
1782005820000,1.14683,1.14683,1.14683,1.14683
1782005880000,1.14683,1.14683,1.14683,1.14683
1782005940000,1.14683,1.14683,1.14683,1.14683
1782006000000,1.14683,1.14683,1.14683,1.14683
1782006060000,1.14683,1.14683,1.14683,1.14683
1782006120000,1.14683,1.14683,1.14683,1.14683
1782006180000,1.14683,1.14683,1.14683,1.14683
1782006240000,1.14683,1.14683,1.14683,1.14683
1782006300000,1.14683,1.14683,1.14683,1.14683
1782006360000,1.14683,1.14683,1.14683,1.14683
1782006420000,1.14683,1.14683,1.14683,1.14683
1782006480000,1.14683,1.14683,1.14683,1.14683
1782006540000,1.14683,1.14683,1.14683,1.14683
1782006600000,1.14683,1.14683,1.14683,1.14683
1782006660000,1.14683,1.14683,1.14683,1.14683
1782006720000,1.14683,1.14683,1.14683,1.14683
1782006780000,1.14683,1.14683,1.14683,1.14683
1782006840000,1.14683,1.14683,1.14683,1.14683
1782006900000,1.14683,1.14683,1.14683,1.14683
1782006960000,1.14683,1.14683,1.14683,1.14683
1782007020000,1.14683,1.14683,1.14683,1.14683
1782007080000,1.14683,1.14683,1.14683,1.14683
1782007140000,1.14683,1.14683,1.14683,1.14683
1782007200000,1.14683,1.14683,1.14683,1.14683
1782007260000,1.14683,1.14683,1.14683,1.14683
1782007320000,1.14683,1.14683,1.14683,1.14683
1782007380000,1.14683,1.14683,1.14683,1.14683
1782007440000,1.14683,1.14683,1.14683,1.14683
1782007500000,1.14683,1.14683,1.14683,1.14683
1782007560000,1.14683,1.14683,1.14683,1.14683
1782007620000,1.14683,1.14683,1.14683,1.14683
1782007680000,1.14683,1.14683,1.14683,1.14683
1782007740000,1.14683,1.14683,1.14683,1.14683
1782007800000,1.14683,1.14683,1.14683,1.14683
1782007860000,1.14683,1.14683,1.14683,1.14683
1782007920000,1.14683,1.14683,1.14683,1.14683
1782007980000,1.14683,1.14683,1.14683,1.14683
1782008040000,1.14683,1.14683,1.14683,1.14683
1782008100000,1.14683,1.14683,1.14683,1.14683
1782008160000,1.14683,1.14683,1.14683,1.14683
1782008220000,1.14683,1.14683,1.14683,1.14683
1782008280000,1.14683,1.14683,1.14683,1.14683
1782008340000,1.14683,1.14683,1.14683,1.14683
1782008400000,1.14683,1.14683,1.14683,1.14683
1782008460000,1.14683,1.14683,1.14683,1.14683
1782008520000,1.14683,1.14683,1.14683,1.14683
1782008580000,1.14683,1.14683,1.14683,1.14683
1782008640000,1.14683,1.14683,1.14683,1.14683
1782008700000,1.14683,1.14683,1.14683,1.14683
1782008760000,1.14683,1.14683,1.14683,1.14683
1782008820000,1.14683,1.14683,1.14683,1.14683
1782008880000,1.14683,1.14683,1.14683,1.14683
1782008940000,1.14683,1.14683,1.14683,1.14683
1782009000000,1.14683,1.14683,1.14683,1.14683
1782009060000,1.14683,1.14683,1.14683,1.14683
1782009120000,1.14683,1.14683,1.14683,1.14683
1782009180000,1.14683,1.14683,1.14683,1.14683
1782009240000,1.14683,1.14683,1.14683,1.14683
1782009300000,1.14683,1.14683,1.14683,1.14683
1782009360000,1.14683,1.14683,1.14683,1.14683
1782009420000,1.14683,1.14683,1.14683,1.14683
1782009480000,1.14683,1.14683,1.14683,1.14683
1782009540000,1.14683,1.14683,1.14683,1.14683
1782009600000,1.14683,1.14683,1.14683,1.14683
1782009660000,1.14683,1.14683,1.14683,1.14683
1782009720000,1.14683,1.14683,1.14683,1.14683
1782009780000,1.14683,1.14683,1.14683,1.14683
1782009840000,1.14683,1.14683,1.14683,1.14683
1782009900000,1.14683,1.14683,1.14683,1.14683
1782009960000,1.14683,1.14683,1.14683,1.14683
1782010020000,1.14683,1.14683,1.14683,1.14683
1782010080000,1.14683,1.14683,1.14683,1.14683
1782010140000,1.14683,1.14683,1.14683,1.14683
1782010200000,1.14683,1.14683,1.14683,1.14683
1782010260000,1.14683,1.14683,1.14683,1.14683
1782010320000,1.14683,1.14683,1.14683,1.14683
1782010380000,1.14683,1.14683,1.14683,1.14683
1782010440000,1.14683,1.14683,1.14683,1.14683
1782010500000,1.14683,1.14683,1.14683,1.14683
1782010560000,1.14683,1.14683,1.14683,1.14683
1782010620000,1.14683,1.14683,1.14683,1.14683
1782010680000,1.14683,1.14683,1.14683,1.14683
1782010740000,1.14683,1.14683,1.14683,1.14683
1782010800000,1.14683,1.14683,1.14683,1.14683
1782010860000,1.14683,1.14683,1.14683,1.14683
1782010920000,1.14683,1.14683,1.14683,1.14683
1782010980000,1.14683,1.14683,1.14683,1.14683
1782011040000,1.14683,1.14683,1.14683,1.14683
1782011100000,1.14683,1.14683,1.14683,1.14683
1782011160000,1.14683,1.14683,1.14683,1.14683
1782011220000,1.14683,1.14683,1.14683,1.14683
1782011280000,1.14683,1.14683,1.14683,1.14683
1782011340000,1.14683,1.14683,1.14683,1.14683
1782011400000,1.14683,1.14683,1.14683,1.14683
1782011460000,1.14683,1.14683,1.14683,1.14683
1782011520000,1.14683,1.14683,1.14683,1.14683
1782011580000,1.14683,1.14683,1.14683,1.14683
1782011640000,1.14683,1.14683,1.14683,1.14683
1782011700000,1.14683,1.14683,1.14683,1.14683
1782011760000,1.14683,1.14683,1.14683,1.14683
1782011820000,1.14683,1.14683,1.14683,1.14683
1782011880000,1.14683,1.14683,1.14683,1.14683
1782011940000,1.14683,1.14683,1.14683,1.14683
1782012000000,1.14683,1.14683,1.14683,1.14683
1782012060000,1.14683,1.14683,1.14683,1.14683
1782012120000,1.14683,1.14683,1.14683,1.14683
1782012180000,1.14683,1.14683,1.14683,1.14683
1782012240000,1.14683,1.14683,1.14683,1.14683
1782012300000,1.14683,1.14683,1.14683,1.14683
1782012360000,1.14683,1.14683,1.14683,1.14683
1782012420000,1.14683,1.14683,1.14683,1.14683
1782012480000,1.14683,1.14683,1.14683,1.14683
1782012540000,1.14683,1.14683,1.14683,1.14683
1782012600000,1.14683,1.14683,1.14683,1.14683
1782012660000,1.14683,1.14683,1.14683,1.14683
1782012720000,1.14683,1.14683,1.14683,1.14683
1782012780000,1.14683,1.14683,1.14683,1.14683
1782012840000,1.14683,1.14683,1.14683,1.14683
1782012900000,1.14683,1.14683,1.14683,1.14683
1782012960000,1.14683,1.14683,1.14683,1.14683
1782013020000,1.14683,1.14683,1.14683,1.14683
1782013080000,1.14683,1.14683,1.14683,1.14683
1782013140000,1.14683,1.14683,1.14683,1.14683
1782013200000,1.14683,1.14683,1.14683,1.14683
1782013260000,1.14683,1.14683,1.14683,1.14683
1782013320000,1.14683,1.14683,1.14683,1.14683
1782013380000,1.14683,1.14683,1.14683,1.14683
1782013440000,1.14683,1.14683,1.14683,1.14683
1782013500000,1.14683,1.14683,1.14683,1.14683
1782013560000,1.14683,1.14683,1.14683,1.14683
1782013620000,1.14683,1.14683,1.14683,1.14683
1782013680000,1.14683,1.14683,1.14683,1.14683
1782013740000,1.14683,1.14683,1.14683,1.14683
1782013800000,1.14683,1.14683,1.14683,1.14683
1782013860000,1.14683,1.14683,1.14683,1.14683
1782013920000,1.14683,1.14683,1.14683,1.14683
1782013980000,1.14683,1.14683,1.14683,1.14683
1782014040000,1.14683,1.14683,1.14683,1.14683
1782014100000,1.14683,1.14683,1.14683,1.14683
1782014160000,1.14683,1.14683,1.14683,1.14683
1782014220000,1.14683,1.14683,1.14683,1.14683
1782014280000,1.14683,1.14683,1.14683,1.14683
1782014340000,1.14683,1.14683,1.14683,1.14683
1782014400000,1.14683,1.14683,1.14683,1.14683
1782014460000,1.14683,1.14683,1.14683,1.14683
1782014520000,1.14683,1.14683,1.14683,1.14683
1782014580000,1.14683,1.14683,1.14683,1.14683
1782014640000,1.14683,1.14683,1.14683,1.14683
1782014700000,1.14683,1.14683,1.14683,1.14683
1782014760000,1.14683,1.14683,1.14683,1.14683
1782014820000,1.14683,1.14683,1.14683,1.14683
1782014880000,1.14683,1.14683,1.14683,1.14683
1782014940000,1.14683,1.14683,1.14683,1.14683
1782015000000,1.14683,1.14683,1.14683,1.14683
1782015060000,1.14683,1.14683,1.14683,1.14683
1782015120000,1.14683,1.14683,1.14683,1.14683
1782015180000,1.14683,1.14683,1.14683,1.14683
1782015240000,1.14683,1.14683,1.14683,1.14683
1782015300000,1.14683,1.14683,1.14683,1.14683
1782015360000,1.14683,1.14683,1.14683,1.14683
1782015420000,1.14683,1.14683,1.14683,1.14683
1782015480000,1.14683,1.14683,1.14683,1.14683
1782015540000,1.14683,1.14683,1.14683,1.14683
1782015600000,1.14683,1.14683,1.14683,1.14683
1782015660000,1.14683,1.14683,1.14683,1.14683
1782015720000,1.14683,1.14683,1.14683,1.14683
1782015780000,1.14683,1.14683,1.14683,1.14683
1782015840000,1.14683,1.14683,1.14683,1.14683
1782015900000,1.14683,1.14683,1.14683,1.14683
1782015960000,1.14683,1.14683,1.14683,1.14683
1782016020000,1.14683,1.14683,1.14683,1.14683
1782016080000,1.14683,1.14683,1.14683,1.14683
1782016140000,1.14683,1.14683,1.14683,1.14683
1782016200000,1.14683,1.14683,1.14683,1.14683
1782016260000,1.14683,1.14683,1.14683,1.14683
1782016320000,1.14683,1.14683,1.14683,1.14683
1782016380000,1.14683,1.14683,1.14683,1.14683
1782016440000,1.14683,1.14683,1.14683,1.14683
1782016500000,1.14683,1.14683,1.14683,1.14683
1782016560000,1.14683,1.14683,1.14683,1.14683
1782016620000,1.14683,1.14683,1.14683,1.14683
1782016680000,1.14683,1.14683,1.14683,1.14683
1782016740000,1.14683,1.14683,1.14683,1.14683
1782016800000,1.14683,1.14683,1.14683,1.14683
1782016860000,1.14683,1.14683,1.14683,1.14683
1782016920000,1.14683,1.14683,1.14683,1.14683
1782016980000,1.14683,1.14683,1.14683,1.14683
1782017040000,1.14683,1.14683,1.14683,1.14683
1782017100000,1.14683,1.14683,1.14683,1.14683
1782017160000,1.14683,1.14683,1.14683,1.14683
1782017220000,1.14683,1.14683,1.14683,1.14683
1782017280000,1.14683,1.14683,1.14683,1.14683
1782017340000,1.14683,1.14683,1.14683,1.14683
1782017400000,1.14683,1.14683,1.14683,1.14683
1782017460000,1.14683,1.14683,1.14683,1.14683
1782017520000,1.14683,1.14683,1.14683,1.14683
1782017580000,1.14683,1.14683,1.14683,1.14683
1782017640000,1.14683,1.14683,1.14683,1.14683
1782017700000,1.14683,1.14683,1.14683,1.14683
1782017760000,1.14683,1.14683,1.14683,1.14683
1782017820000,1.14683,1.14683,1.14683,1.14683
1782017880000,1.14683,1.14683,1.14683,1.14683
1782017940000,1.14683,1.14683,1.14683,1.14683
1782018000000,1.14683,1.14683,1.14683,1.14683
1782018060000,1.14683,1.14683,1.14683,1.14683
1782018120000,1.14683,1.14683,1.14683,1.14683
1782018180000,1.14683,1.14683,1.14683,1.14683
1782018240000,1.14683,1.14683,1.14683,1.14683
1782018300000,1.14683,1.14683,1.14683,1.14683
1782018360000,1.14683,1.14683,1.14683,1.14683
1782018420000,1.14683,1.14683,1.14683,1.14683
1782018480000,1.14683,1.14683,1.14683,1.14683
1782018540000,1.14683,1.14683,1.14683,1.14683
1782018600000,1.14683,1.14683,1.14683,1.14683
1782018660000,1.14683,1.14683,1.14683,1.14683
1782018720000,1.14683,1.14683,1.14683,1.14683
1782018780000,1.14683,1.14683,1.14683,1.14683
1782018840000,1.14683,1.14683,1.14683,1.14683
1782018900000,1.14683,1.14683,1.14683,1.14683
1782018960000,1.14683,1.14683,1.14683,1.14683
1782019020000,1.14683,1.14683,1.14683,1.14683
1782019080000,1.14683,1.14683,1.14683,1.14683
1782019140000,1.14683,1.14683,1.14683,1.14683
1782019200000,1.14683,1.14683,1.14683,1.14683
1782019260000,1.14683,1.14683,1.14683,1.14683
1782019320000,1.14683,1.14683,1.14683,1.14683
1782019380000,1.14683,1.14683,1.14683,1.14683
1782019440000,1.14683,1.14683,1.14683,1.14683
1782019500000,1.14683,1.14683,1.14683,1.14683
1782019560000,1.14683,1.14683,1.14683,1.14683
1782019620000,1.14683,1.14683,1.14683,1.14683
1782019680000,1.14683,1.14683,1.14683,1.14683
1782019740000,1.14683,1.14683,1.14683,1.14683
1782019800000,1.14683,1.14683,1.14683,1.14683
1782019860000,1.14683,1.14683,1.14683,1.14683
1782019920000,1.14683,1.14683,1.14683,1.14683
1782019980000,1.14683,1.14683,1.14683,1.14683
1782020040000,1.14683,1.14683,1.14683,1.14683
1782020100000,1.14683,1.14683,1.14683,1.14683
1782020160000,1.14683,1.14683,1.14683,1.14683
1782020220000,1.14683,1.14683,1.14683,1.14683
1782020280000,1.14683,1.14683,1.14683,1.14683
1782020340000,1.14683,1.14683,1.14683,1.14683
1782020400000,1.14683,1.14683,1.14683,1.14683
1782020460000,1.14683,1.14683,1.14683,1.14683
1782020520000,1.14683,1.14683,1.14683,1.14683
1782020580000,1.14683,1.14683,1.14683,1.14683
1782020640000,1.14683,1.14683,1.14683,1.14683
1782020700000,1.14683,1.14683,1.14683,1.14683
1782020760000,1.14683,1.14683,1.14683,1.14683
1782020820000,1.14683,1.14683,1.14683,1.14683
1782020880000,1.14683,1.14683,1.14683,1.14683
1782020940000,1.14683,1.14683,1.14683,1.14683
1782021000000,1.14683,1.14683,1.14683,1.14683
1782021060000,1.14683,1.14683,1.14683,1.14683
1782021120000,1.14683,1.14683,1.14683,1.14683
1782021180000,1.14683,1.14683,1.14683,1.14683
1782021240000,1.14683,1.14683,1.14683,1.14683
1782021300000,1.14683,1.14683,1.14683,1.14683
1782021360000,1.14683,1.14683,1.14683,1.14683
1782021420000,1.14683,1.14683,1.14683,1.14683
1782021480000,1.14683,1.14683,1.14683,1.14683
1782021540000,1.14683,1.14683,1.14683,1.14683
1782021600000,1.14683,1.14683,1.14683,1.14683
1782021660000,1.14683,1.14683,1.14683,1.14683
1782021720000,1.14683,1.14683,1.14683,1.14683
1782021780000,1.14683,1.14683,1.14683,1.14683
1782021840000,1.14683,1.14683,1.14683,1.14683
1782021900000,1.14683,1.14683,1.14683,1.14683
1782021960000,1.14683,1.14683,1.14683,1.14683
1782022020000,1.14683,1.14683,1.14683,1.14683
1782022080000,1.14683,1.14683,1.14683,1.14683
1782022140000,1.14683,1.14683,1.14683,1.14683
1782022200000,1.14683,1.14683,1.14683,1.14683
1782022260000,1.14683,1.14683,1.14683,1.14683
1782022320000,1.14683,1.14683,1.14683,1.14683
1782022380000,1.14683,1.14683,1.14683,1.14683
1782022440000,1.14683,1.14683,1.14683,1.14683
1782022500000,1.14683,1.14683,1.14683,1.14683
1782022560000,1.14683,1.14683,1.14683,1.14683
1782022620000,1.14683,1.14683,1.14683,1.14683
1782022680000,1.14683,1.14683,1.14683,1.14683
1782022740000,1.14683,1.14683,1.14683,1.14683
1782022800000,1.14683,1.14683,1.14683,1.14683
1782022860000,1.14683,1.14683,1.14683,1.14683
1782022920000,1.14683,1.14683,1.14683,1.14683
1782022980000,1.14683,1.14683,1.14683,1.14683
1782023040000,1.14683,1.14683,1.14683,1.14683
1782023100000,1.14683,1.14683,1.14683,1.14683
1782023160000,1.14683,1.14683,1.14683,1.14683
1782023220000,1.14683,1.14683,1.14683,1.14683
1782023280000,1.14683,1.14683,1.14683,1.14683
1782023340000,1.14683,1.14683,1.14683,1.14683
1782023400000,1.14683,1.14683,1.14683,1.14683
1782023460000,1.14683,1.14683,1.14683,1.14683
1782023520000,1.14683,1.14683,1.14683,1.14683
1782023580000,1.14683,1.14683,1.14683,1.14683
1782023640000,1.14683,1.14683,1.14683,1.14683
1782023700000,1.14683,1.14683,1.14683,1.14683
1782023760000,1.14683,1.14683,1.14683,1.14683
1782023820000,1.14683,1.14683,1.14683,1.14683
1782023880000,1.14683,1.14683,1.14683,1.14683
1782023940000,1.14683,1.14683,1.14683,1.14683
1782024000000,1.14683,1.14683,1.14683,1.14683
1782024060000,1.14683,1.14683,1.14683,1.14683
1782024120000,1.14683,1.14683,1.14683,1.14683
1782024180000,1.14683,1.14683,1.14683,1.14683
1782024240000,1.14683,1.14683,1.14683,1.14683
1782024300000,1.14683,1.14683,1.14683,1.14683
1782024360000,1.14683,1.14683,1.14683,1.14683
1782024420000,1.14683,1.14683,1.14683,1.14683
1782024480000,1.14683,1.14683,1.14683,1.14683
1782024540000,1.14683,1.14683,1.14683,1.14683
1782024600000,1.14683,1.14683,1.14683,1.14683
1782024660000,1.14683,1.14683,1.14683,1.14683
1782024720000,1.14683,1.14683,1.14683,1.14683
1782024780000,1.14683,1.14683,1.14683,1.14683
1782024840000,1.14683,1.14683,1.14683,1.14683
1782024900000,1.14683,1.14683,1.14683,1.14683
1782024960000,1.14683,1.14683,1.14683,1.14683
1782025020000,1.14683,1.14683,1.14683,1.14683
1782025080000,1.14683,1.14683,1.14683,1.14683
1782025140000,1.14683,1.14683,1.14683,1.14683
1782025200000,1.14683,1.14683,1.14683,1.14683
1782025260000,1.14683,1.14683,1.14683,1.14683
1782025320000,1.14683,1.14683,1.14683,1.14683
1782025380000,1.14683,1.14683,1.14683,1.14683
1782025440000,1.14683,1.14683,1.14683,1.14683
1782025500000,1.14683,1.14683,1.14683,1.14683
1782025560000,1.14683,1.14683,1.14683,1.14683
1782025620000,1.14683,1.14683,1.14683,1.14683
1782025680000,1.14683,1.14683,1.14683,1.14683
1782025740000,1.14683,1.14683,1.14683,1.14683
1782025800000,1.14683,1.14683,1.14683,1.14683
1782025860000,1.14683,1.14683,1.14683,1.14683
1782025920000,1.14683,1.14683,1.14683,1.14683
1782025980000,1.14683,1.14683,1.14683,1.14683
1782026040000,1.14683,1.14683,1.14683,1.14683
1782026100000,1.14683,1.14683,1.14683,1.14683
1782026160000,1.14683,1.14683,1.14683,1.14683
1782026220000,1.14683,1.14683,1.14683,1.14683
1782026280000,1.14683,1.14683,1.14683,1.14683
1782026340000,1.14683,1.14683,1.14683,1.14683
1782026400000,1.14683,1.14683,1.14683,1.14683
1782026460000,1.14683,1.14683,1.14683,1.14683
1782026520000,1.14683,1.14683,1.14683,1.14683
1782026580000,1.14683,1.14683,1.14683,1.14683
1782026640000,1.14683,1.14683,1.14683,1.14683
1782026700000,1.14683,1.14683,1.14683,1.14683
1782026760000,1.14683,1.14683,1.14683,1.14683
1782026820000,1.14683,1.14683,1.14683,1.14683
1782026880000,1.14683,1.14683,1.14683,1.14683
1782026940000,1.14683,1.14683,1.14683,1.14683
1782027000000,1.14683,1.14683,1.14683,1.14683
1782027060000,1.14683,1.14683,1.14683,1.14683
1782027120000,1.14683,1.14683,1.14683,1.14683
1782027180000,1.14683,1.14683,1.14683,1.14683
1782027240000,1.14683,1.14683,1.14683,1.14683
1782027300000,1.14683,1.14683,1.14683,1.14683
1782027360000,1.14683,1.14683,1.14683,1.14683
1782027420000,1.14683,1.14683,1.14683,1.14683
1782027480000,1.14683,1.14683,1.14683,1.14683
1782027540000,1.14683,1.14683,1.14683,1.14683
1782027600000,1.14683,1.14683,1.14683,1.14683
1782027660000,1.14683,1.14683,1.14683,1.14683
1782027720000,1.14683,1.14683,1.14683,1.14683
1782027780000,1.14683,1.14683,1.14683,1.14683
1782027840000,1.14683,1.14683,1.14683,1.14683
1782027900000,1.14683,1.14683,1.14683,1.14683
1782027960000,1.14683,1.14683,1.14683,1.14683
1782028020000,1.14683,1.14683,1.14683,1.14683
1782028080000,1.14683,1.14683,1.14683,1.14683
1782028140000,1.14683,1.14683,1.14683,1.14683
1782028200000,1.14683,1.14683,1.14683,1.14683
1782028260000,1.14683,1.14683,1.14683,1.14683
1782028320000,1.14683,1.14683,1.14683,1.14683
1782028380000,1.14683,1.14683,1.14683,1.14683
1782028440000,1.14683,1.14683,1.14683,1.14683
1782028500000,1.14683,1.14683,1.14683,1.14683
1782028560000,1.14683,1.14683,1.14683,1.14683
1782028620000,1.14683,1.14683,1.14683,1.14683
1782028680000,1.14683,1.14683,1.14683,1.14683
1782028740000,1.14683,1.14683,1.14683,1.14683
1782028800000,1.14683,1.14683,1.14683,1.14683
1782028860000,1.14683,1.14683,1.14683,1.14683
1782028920000,1.14683,1.14683,1.14683,1.14683
1782028980000,1.14683,1.14683,1.14683,1.14683
1782029040000,1.14683,1.14683,1.14683,1.14683
1782029100000,1.14683,1.14683,1.14683,1.14683
1782029160000,1.14683,1.14683,1.14683,1.14683
1782029220000,1.14683,1.14683,1.14683,1.14683
1782029280000,1.14683,1.14683,1.14683,1.14683
1782029340000,1.14683,1.14683,1.14683,1.14683
1782029400000,1.14683,1.14683,1.14683,1.14683
1782029460000,1.14683,1.14683,1.14683,1.14683
1782029520000,1.14683,1.14683,1.14683,1.14683
1782029580000,1.14683,1.14683,1.14683,1.14683
1782029640000,1.14683,1.14683,1.14683,1.14683
1782029700000,1.14683,1.14683,1.14683,1.14683
1782029760000,1.14683,1.14683,1.14683,1.14683
1782029820000,1.14683,1.14683,1.14683,1.14683
1782029880000,1.14683,1.14683,1.14683,1.14683
1782029940000,1.14683,1.14683,1.14683,1.14683
1782030000000,1.14683,1.14683,1.14683,1.14683
1782030060000,1.14683,1.14683,1.14683,1.14683
1782030120000,1.14683,1.14683,1.14683,1.14683
1782030180000,1.14683,1.14683,1.14683,1.14683
1782030240000,1.14683,1.14683,1.14683,1.14683
1782030300000,1.14683,1.14683,1.14683,1.14683
1782030360000,1.14683,1.14683,1.14683,1.14683
1782030420000,1.14683,1.14683,1.14683,1.14683
1782030480000,1.14683,1.14683,1.14683,1.14683
1782030540000,1.14683,1.14683,1.14683,1.14683
1782030600000,1.14683,1.14683,1.14683,1.14683
1782030660000,1.14683,1.14683,1.14683,1.14683
1782030720000,1.14683,1.14683,1.14683,1.14683
1782030780000,1.14683,1.14683,1.14683,1.14683
1782030840000,1.14683,1.14683,1.14683,1.14683
1782030900000,1.14683,1.14683,1.14683,1.14683
1782030960000,1.14683,1.14683,1.14683,1.14683
1782031020000,1.14683,1.14683,1.14683,1.14683
1782031080000,1.14683,1.14683,1.14683,1.14683
1782031140000,1.14683,1.14683,1.14683,1.14683
1782031200000,1.14683,1.14683,1.14683,1.14683
1782031260000,1.14683,1.14683,1.14683,1.14683
1782031320000,1.14683,1.14683,1.14683,1.14683
1782031380000,1.14683,1.14683,1.14683,1.14683
1782031440000,1.14683,1.14683,1.14683,1.14683
1782031500000,1.14683,1.14683,1.14683,1.14683
1782031560000,1.14683,1.14683,1.14683,1.14683
1782031620000,1.14683,1.14683,1.14683,1.14683
1782031680000,1.14683,1.14683,1.14683,1.14683
1782031740000,1.14683,1.14683,1.14683,1.14683
1782031800000,1.14683,1.14683,1.14683,1.14683
1782031860000,1.14683,1.14683,1.14683,1.14683
1782031920000,1.14683,1.14683,1.14683,1.14683
1782031980000,1.14683,1.14683,1.14683,1.14683
1782032040000,1.14683,1.14683,1.14683,1.14683
1782032100000,1.14683,1.14683,1.14683,1.14683
1782032160000,1.14683,1.14683,1.14683,1.14683
1782032220000,1.14683,1.14683,1.14683,1.14683
1782032280000,1.14683,1.14683,1.14683,1.14683
1782032340000,1.14683,1.14683,1.14683,1.14683
1782032400000,1.14683,1.14683,1.14683,1.14683
1782032460000,1.14683,1.14683,1.14683,1.14683
1782032520000,1.14683,1.14683,1.14683,1.14683
1782032580000,1.14683,1.14683,1.14683,1.14683
1782032640000,1.14683,1.14683,1.14683,1.14683
1782032700000,1.14683,1.14683,1.14683,1.14683
1782032760000,1.14683,1.14683,1.14683,1.14683
1782032820000,1.14683,1.14683,1.14683,1.14683
1782032880000,1.14683,1.14683,1.14683,1.14683
1782032940000,1.14683,1.14683,1.14683,1.14683
1782033000000,1.14683,1.14683,1.14683,1.14683
1782033060000,1.14683,1.14683,1.14683,1.14683
1782033120000,1.14683,1.14683,1.14683,1.14683
1782033180000,1.14683,1.14683,1.14683,1.14683
1782033240000,1.14683,1.14683,1.14683,1.14683
1782033300000,1.14683,1.14683,1.14683,1.14683
1782033360000,1.14683,1.14683,1.14683,1.14683
1782033420000,1.14683,1.14683,1.14683,1.14683
1782033480000,1.14683,1.14683,1.14683,1.14683
1782033540000,1.14683,1.14683,1.14683,1.14683
1782033600000,1.14683,1.14683,1.14683,1.14683
1782033660000,1.14683,1.14683,1.14683,1.14683
1782033720000,1.14683,1.14683,1.14683,1.14683
1782033780000,1.14683,1.14683,1.14683,1.14683
1782033840000,1.14683,1.14683,1.14683,1.14683
1782033900000,1.14683,1.14683,1.14683,1.14683
1782033960000,1.14683,1.14683,1.14683,1.14683
1782034020000,1.14683,1.14683,1.14683,1.14683
1782034080000,1.14683,1.14683,1.14683,1.14683
1782034140000,1.14683,1.14683,1.14683,1.14683
1782034200000,1.14683,1.14683,1.14683,1.14683
1782034260000,1.14683,1.14683,1.14683,1.14683
1782034320000,1.14683,1.14683,1.14683,1.14683
1782034380000,1.14683,1.14683,1.14683,1.14683
1782034440000,1.14683,1.14683,1.14683,1.14683
1782034500000,1.14683,1.14683,1.14683,1.14683
1782034560000,1.14683,1.14683,1.14683,1.14683
1782034620000,1.14683,1.14683,1.14683,1.14683
1782034680000,1.14683,1.14683,1.14683,1.14683
1782034740000,1.14683,1.14683,1.14683,1.14683
1782034800000,1.14683,1.14683,1.14683,1.14683
1782034860000,1.14683,1.14683,1.14683,1.14683
1782034920000,1.14683,1.14683,1.14683,1.14683
1782034980000,1.14683,1.14683,1.14683,1.14683
1782035040000,1.14683,1.14683,1.14683,1.14683
1782035100000,1.14683,1.14683,1.14683,1.14683
1782035160000,1.14683,1.14683,1.14683,1.14683
1782035220000,1.14683,1.14683,1.14683,1.14683
1782035280000,1.14683,1.14683,1.14683,1.14683
1782035340000,1.14683,1.14683,1.14683,1.14683
1782035400000,1.14683,1.14683,1.14683,1.14683
1782035460000,1.14683,1.14683,1.14683,1.14683
1782035520000,1.14683,1.14683,1.14683,1.14683
1782035580000,1.14683,1.14683,1.14683,1.14683
1782035640000,1.14683,1.14683,1.14683,1.14683
1782035700000,1.14683,1.14683,1.14683,1.14683
1782035760000,1.14683,1.14683,1.14683,1.14683
1782035820000,1.14683,1.14683,1.14683,1.14683
1782035880000,1.14683,1.14683,1.14683,1.14683
1782035940000,1.14683,1.14683,1.14683,1.14683
1782036000000,1.14683,1.14683,1.14683,1.14683
1782036060000,1.14683,1.14683,1.14683,1.14683
1782036120000,1.14683,1.14683,1.14683,1.14683
1782036180000,1.14683,1.14683,1.14683,1.14683
1782036240000,1.14683,1.14683,1.14683,1.14683
1782036300000,1.14683,1.14683,1.14683,1.14683
1782036360000,1.14683,1.14683,1.14683,1.14683
1782036420000,1.14683,1.14683,1.14683,1.14683
1782036480000,1.14683,1.14683,1.14683,1.14683
1782036540000,1.14683,1.14683,1.14683,1.14683
1782036600000,1.14683,1.14683,1.14683,1.14683
1782036660000,1.14683,1.14683,1.14683,1.14683
1782036720000,1.14683,1.14683,1.14683,1.14683
1782036780000,1.14683,1.14683,1.14683,1.14683
1782036840000,1.14683,1.14683,1.14683,1.14683
1782036900000,1.14683,1.14683,1.14683,1.14683
1782036960000,1.14683,1.14683,1.14683,1.14683
1782037020000,1.14683,1.14683,1.14683,1.14683
1782037080000,1.14683,1.14683,1.14683,1.14683
1782037140000,1.14683,1.14683,1.14683,1.14683
1782037200000,1.14683,1.14683,1.14683,1.14683
1782037260000,1.14683,1.14683,1.14683,1.14683
1782037320000,1.14683,1.14683,1.14683,1.14683
1782037380000,1.14683,1.14683,1.14683,1.14683
1782037440000,1.14683,1.14683,1.14683,1.14683
1782037500000,1.14683,1.14683,1.14683,1.14683
1782037560000,1.14683,1.14683,1.14683,1.14683
1782037620000,1.14683,1.14683,1.14683,1.14683
1782037680000,1.14683,1.14683,1.14683,1.14683
1782037740000,1.14683,1.14683,1.14683,1.14683
1782037800000,1.14683,1.14683,1.14683,1.14683
1782037860000,1.14683,1.14683,1.14683,1.14683
1782037920000,1.14683,1.14683,1.14683,1.14683
1782037980000,1.14683,1.14683,1.14683,1.14683
1782038040000,1.14683,1.14683,1.14683,1.14683
1782038100000,1.14683,1.14683,1.14683,1.14683
1782038160000,1.14683,1.14683,1.14683,1.14683
1782038220000,1.14683,1.14683,1.14683,1.14683
1782038280000,1.14683,1.14683,1.14683,1.14683
1782038340000,1.14683,1.14683,1.14683,1.14683
1782038400000,1.14683,1.14683,1.14683,1.14683
1782038460000,1.14683,1.14683,1.14683,1.14683
1782038520000,1.14683,1.14683,1.14683,1.14683
1782038580000,1.14683,1.14683,1.14683,1.14683
1782038640000,1.14683,1.14683,1.14683,1.14683
1782038700000,1.14683,1.14683,1.14683,1.14683
1782038760000,1.14683,1.14683,1.14683,1.14683
1782038820000,1.14683,1.14683,1.14683,1.14683
1782038880000,1.14683,1.14683,1.14683,1.14683
1782038940000,1.14683,1.14683,1.14683,1.14683
1782039000000,1.14683,1.14683,1.14683,1.14683
1782039060000,1.14683,1.14683,1.14683,1.14683
1782039120000,1.14683,1.14683,1.14683,1.14683
1782039180000,1.14683,1.14683,1.14683,1.14683
1782039240000,1.14683,1.14683,1.14683,1.14683
1782039300000,1.14683,1.14683,1.14683,1.14683
1782039360000,1.14683,1.14683,1.14683,1.14683
1782039420000,1.14683,1.14683,1.14683,1.14683
1782039480000,1.14683,1.14683,1.14683,1.14683
1782039540000,1.14683,1.14683,1.14683,1.14683
1782039600000,1.14683,1.14683,1.14683,1.14683
1782039660000,1.14683,1.14683,1.14683,1.14683
1782039720000,1.14683,1.14683,1.14683,1.14683
1782039780000,1.14683,1.14683,1.14683,1.14683
1782039840000,1.14683,1.14683,1.14683,1.14683
1782039900000,1.14683,1.14683,1.14683,1.14683
1782039960000,1.14683,1.14683,1.14683,1.14683
1782040020000,1.14683,1.14683,1.14683,1.14683
1782040080000,1.14683,1.14683,1.14683,1.14683
1782040140000,1.14683,1.14683,1.14683,1.14683
1782040200000,1.14683,1.14683,1.14683,1.14683
1782040260000,1.14683,1.14683,1.14683,1.14683
1782040320000,1.14683,1.14683,1.14683,1.14683
1782040380000,1.14683,1.14683,1.14683,1.14683
1782040440000,1.14683,1.14683,1.14683,1.14683
1782040500000,1.14683,1.14683,1.14683,1.14683
1782040560000,1.14683,1.14683,1.14683,1.14683
1782040620000,1.14683,1.14683,1.14683,1.14683
1782040680000,1.14683,1.14683,1.14683,1.14683
1782040740000,1.14683,1.14683,1.14683,1.14683
1782040800000,1.14683,1.14683,1.14683,1.14683
1782040860000,1.14683,1.14683,1.14683,1.14683
1782040920000,1.14683,1.14683,1.14683,1.14683
1782040980000,1.14683,1.14683,1.14683,1.14683
1782041040000,1.14683,1.14683,1.14683,1.14683
1782041100000,1.14683,1.14683,1.14683,1.14683
1782041160000,1.14683,1.14683,1.14683,1.14683
1782041220000,1.14683,1.14683,1.14683,1.14683
1782041280000,1.14683,1.14683,1.14683,1.14683
1782041340000,1.14683,1.14683,1.14683,1.14683
1782041400000,1.14683,1.14683,1.14683,1.14683
1782041460000,1.14683,1.14683,1.14683,1.14683
1782041520000,1.14683,1.14683,1.14683,1.14683
1782041580000,1.14683,1.14683,1.14683,1.14683
1782041640000,1.14683,1.14683,1.14683,1.14683
1782041700000,1.14683,1.14683,1.14683,1.14683
1782041760000,1.14683,1.14683,1.14683,1.14683
1782041820000,1.14683,1.14683,1.14683,1.14683
1782041880000,1.14683,1.14683,1.14683,1.14683
1782041940000,1.14683,1.14683,1.14683,1.14683
1782042000000,1.14683,1.14683,1.14683,1.14683
1782042060000,1.14683,1.14683,1.14683,1.14683
1782042120000,1.14683,1.14683,1.14683,1.14683
1782042180000,1.14683,1.14683,1.14683,1.14683
1782042240000,1.14683,1.14683,1.14683,1.14683
1782042300000,1.14683,1.14683,1.14683,1.14683
1782042360000,1.14683,1.14683,1.14683,1.14683
1782042420000,1.14683,1.14683,1.14683,1.14683
1782042480000,1.14683,1.14683,1.14683,1.14683
1782042540000,1.14683,1.14683,1.14683,1.14683
1782042600000,1.14683,1.14683,1.14683,1.14683
1782042660000,1.14683,1.14683,1.14683,1.14683
1782042720000,1.14683,1.14683,1.14683,1.14683
1782042780000,1.14683,1.14683,1.14683,1.14683
1782042840000,1.14683,1.14683,1.14683,1.14683
1782042900000,1.14683,1.14683,1.14683,1.14683
1782042960000,1.14683,1.14683,1.14683,1.14683
1782043020000,1.14683,1.14683,1.14683,1.14683
1782043080000,1.14683,1.14683,1.14683,1.14683
1782043140000,1.14683,1.14683,1.14683,1.14683
1782043200000,1.14683,1.14683,1.14683,1.14683
1782043260000,1.14683,1.14683,1.14683,1.14683
1782043320000,1.14683,1.14683,1.14683,1.14683
1782043380000,1.14683,1.14683,1.14683,1.14683
1782043440000,1.14683,1.14683,1.14683,1.14683
1782043500000,1.14683,1.14683,1.14683,1.14683
1782043560000,1.14683,1.14683,1.14683,1.14683
1782043620000,1.14683,1.14683,1.14683,1.14683
1782043680000,1.14683,1.14683,1.14683,1.14683
1782043740000,1.14683,1.14683,1.14683,1.14683
1782043800000,1.14683,1.14683,1.14683,1.14683
1782043860000,1.14683,1.14683,1.14683,1.14683
1782043920000,1.14683,1.14683,1.14683,1.14683
1782043980000,1.14683,1.14683,1.14683,1.14683
1782044040000,1.14683,1.14683,1.14683,1.14683
1782044100000,1.14683,1.14683,1.14683,1.14683
1782044160000,1.14683,1.14683,1.14683,1.14683
1782044220000,1.14683,1.14683,1.14683,1.14683
1782044280000,1.14683,1.14683,1.14683,1.14683
1782044340000,1.14683,1.14683,1.14683,1.14683
1782044400000,1.14683,1.14683,1.14683,1.14683
1782044460000,1.14683,1.14683,1.14683,1.14683
1782044520000,1.14683,1.14683,1.14683,1.14683
1782044580000,1.14683,1.14683,1.14683,1.14683
1782044640000,1.14683,1.14683,1.14683,1.14683
1782044700000,1.14683,1.14683,1.14683,1.14683
1782044760000,1.14683,1.14683,1.14683,1.14683
1782044820000,1.14683,1.14683,1.14683,1.14683
1782044880000,1.14683,1.14683,1.14683,1.14683
1782044940000,1.14683,1.14683,1.14683,1.14683
1782045000000,1.14683,1.14683,1.14683,1.14683
1782045060000,1.14683,1.14683,1.14683,1.14683
1782045120000,1.14683,1.14683,1.14683,1.14683
1782045180000,1.14683,1.14683,1.14683,1.14683
1782045240000,1.14683,1.14683,1.14683,1.14683
1782045300000,1.14683,1.14683,1.14683,1.14683
1782045360000,1.14683,1.14683,1.14683,1.14683
1782045420000,1.14683,1.14683,1.14683,1.14683
1782045480000,1.14683,1.14683,1.14683,1.14683
1782045540000,1.14683,1.14683,1.14683,1.14683
1782045600000,1.14683,1.14683,1.14683,1.14683
1782045660000,1.14683,1.14683,1.14683,1.14683
1782045720000,1.14683,1.14683,1.14683,1.14683
1782045780000,1.14683,1.14683,1.14683,1.14683
1782045840000,1.14683,1.14683,1.14683,1.14683
1782045900000,1.14683,1.14683,1.14683,1.14683
1782045960000,1.14683,1.14683,1.14683,1.14683
1782046020000,1.14683,1.14683,1.14683,1.14683
1782046080000,1.14683,1.14683,1.14683,1.14683
1782046140000,1.14683,1.14683,1.14683,1.14683
1782046200000,1.14683,1.14683,1.14683,1.14683
1782046260000,1.14683,1.14683,1.14683,1.14683
1782046320000,1.14683,1.14683,1.14683,1.14683
1782046380000,1.14683,1.14683,1.14683,1.14683
1782046440000,1.14683,1.14683,1.14683,1.14683
1782046500000,1.14683,1.14683,1.14683,1.14683
1782046560000,1.14683,1.14683,1.14683,1.14683
1782046620000,1.14683,1.14683,1.14683,1.14683
1782046680000,1.14683,1.14683,1.14683,1.14683
1782046740000,1.14683,1.14683,1.14683,1.14683
1782046800000,1.14683,1.14683,1.14683,1.14683
1782046860000,1.14683,1.14683,1.14683,1.14683
1782046920000,1.14683,1.14683,1.14683,1.14683
1782046980000,1.14683,1.14683,1.14683,1.14683
1782047040000,1.14683,1.14683,1.14683,1.14683
1782047100000,1.14683,1.14683,1.14683,1.14683
1782047160000,1.14683,1.14683,1.14683,1.14683
1782047220000,1.14683,1.14683,1.14683,1.14683
1782047280000,1.14683,1.14683,1.14683,1.14683
1782047340000,1.14683,1.14683,1.14683,1.14683
1782047400000,1.14683,1.14683,1.14683,1.14683
1782047460000,1.14683,1.14683,1.14683,1.14683
1782047520000,1.14683,1.14683,1.14683,1.14683
1782047580000,1.14683,1.14683,1.14683,1.14683
1782047640000,1.14683,1.14683,1.14683,1.14683
1782047700000,1.14683,1.14683,1.14683,1.14683
1782047760000,1.14683,1.14683,1.14683,1.14683
1782047820000,1.14683,1.14683,1.14683,1.14683
1782047880000,1.14683,1.14683,1.14683,1.14683
1782047940000,1.14683,1.14683,1.14683,1.14683
1782048000000,1.14683,1.14683,1.14683,1.14683
1782048060000,1.14683,1.14683,1.14683,1.14683
1782048120000,1.14683,1.14683,1.14683,1.14683
1782048180000,1.14683,1.14683,1.14683,1.14683
1782048240000,1.14683,1.14683,1.14683,1.14683
1782048300000,1.14683,1.14683,1.14683,1.14683
1782048360000,1.14683,1.14683,1.14683,1.14683
1782048420000,1.14683,1.14683,1.14683,1.14683
1782048480000,1.14683,1.14683,1.14683,1.14683
1782048540000,1.14683,1.14683,1.14683,1.14683
1782048600000,1.14683,1.14683,1.14683,1.14683
1782048660000,1.14683,1.14683,1.14683,1.14683
1782048720000,1.14683,1.14683,1.14683,1.14683
1782048780000,1.14683,1.14683,1.14683,1.14683
1782048840000,1.14683,1.14683,1.14683,1.14683
1782048900000,1.14683,1.14683,1.14683,1.14683
1782048960000,1.14683,1.14683,1.14683,1.14683
1782049020000,1.14683,1.14683,1.14683,1.14683
1782049080000,1.14683,1.14683,1.14683,1.14683
1782049140000,1.14683,1.14683,1.14683,1.14683
1782049200000,1.14683,1.14683,1.14683,1.14683
1782049260000,1.14683,1.14683,1.14683,1.14683
1782049320000,1.14683,1.14683,1.14683,1.14683
1782049380000,1.14683,1.14683,1.14683,1.14683
1782049440000,1.14683,1.14683,1.14683,1.14683
1782049500000,1.14683,1.14683,1.14683,1.14683
1782049560000,1.14683,1.14683,1.14683,1.14683
1782049620000,1.14683,1.14683,1.14683,1.14683
1782049680000,1.14683,1.14683,1.14683,1.14683
1782049740000,1.14683,1.14683,1.14683,1.14683
1782049800000,1.14683,1.14683,1.14683,1.14683
1782049860000,1.14683,1.14683,1.14683,1.14683
1782049920000,1.14683,1.14683,1.14683,1.14683
1782049980000,1.14683,1.14683,1.14683,1.14683
1782050040000,1.14683,1.14683,1.14683,1.14683
1782050100000,1.14683,1.14683,1.14683,1.14683
1782050160000,1.14683,1.14683,1.14683,1.14683
1782050220000,1.14683,1.14683,1.14683,1.14683
1782050280000,1.14683,1.14683,1.14683,1.14683
1782050340000,1.14683,1.14683,1.14683,1.14683
1782050400000,1.14683,1.14683,1.14683,1.14683
1782050460000,1.14683,1.14683,1.14683,1.14683
1782050520000,1.14683,1.14683,1.14683,1.14683
1782050580000,1.14683,1.14683,1.14683,1.14683
1782050640000,1.14683,1.14683,1.14683,1.14683
1782050700000,1.14683,1.14683,1.14683,1.14683
1782050760000,1.14683,1.14683,1.14683,1.14683
1782050820000,1.14683,1.14683,1.14683,1.14683
1782050880000,1.14683,1.14683,1.14683,1.14683
1782050940000,1.14683,1.14683,1.14683,1.14683
1782051000000,1.14683,1.14683,1.14683,1.14683
1782051060000,1.14683,1.14683,1.14683,1.14683
1782051120000,1.14683,1.14683,1.14683,1.14683
1782051180000,1.14683,1.14683,1.14683,1.14683
1782051240000,1.14683,1.14683,1.14683,1.14683
1782051300000,1.14683,1.14683,1.14683,1.14683
1782051360000,1.14683,1.14683,1.14683,1.14683
1782051420000,1.14683,1.14683,1.14683,1.14683
1782051480000,1.14683,1.14683,1.14683,1.14683
1782051540000,1.14683,1.14683,1.14683,1.14683
1782051600000,1.14683,1.14683,1.14683,1.14683
1782051660000,1.14683,1.14683,1.14683,1.14683
1782051720000,1.14683,1.14683,1.14683,1.14683
1782051780000,1.14683,1.14683,1.14683,1.14683
1782051840000,1.14683,1.14683,1.14683,1.14683
1782051900000,1.14683,1.14683,1.14683,1.14683
1782051960000,1.14683,1.14683,1.14683,1.14683
1782052020000,1.14683,1.14683,1.14683,1.14683
1782052080000,1.14683,1.14683,1.14683,1.14683
1782052140000,1.14683,1.14683,1.14683,1.14683
1782052200000,1.14683,1.14683,1.14683,1.14683
1782052260000,1.14683,1.14683,1.14683,1.14683
1782052320000,1.14683,1.14683,1.14683,1.14683
1782052380000,1.14683,1.14683,1.14683,1.14683
1782052440000,1.14683,1.14683,1.14683,1.14683
1782052500000,1.14683,1.14683,1.14683,1.14683
1782052560000,1.14683,1.14683,1.14683,1.14683
1782052620000,1.14683,1.14683,1.14683,1.14683
1782052680000,1.14683,1.14683,1.14683,1.14683
1782052740000,1.14683,1.14683,1.14683,1.14683
1782052800000,1.14683,1.14683,1.14683,1.14683
1782052860000,1.14683,1.14683,1.14683,1.14683
1782052920000,1.14683,1.14683,1.14683,1.14683
1782052980000,1.14683,1.14683,1.14683,1.14683
1782053040000,1.14683,1.14683,1.14683,1.14683
1782053100000,1.14683,1.14683,1.14683,1.14683
1782053160000,1.14683,1.14683,1.14683,1.14683
1782053220000,1.14683,1.14683,1.14683,1.14683
1782053280000,1.14683,1.14683,1.14683,1.14683
1782053340000,1.14683,1.14683,1.14683,1.14683
1782053400000,1.14683,1.14683,1.14683,1.14683
1782053460000,1.14683,1.14683,1.14683,1.14683
1782053520000,1.14683,1.14683,1.14683,1.14683
1782053580000,1.14683,1.14683,1.14683,1.14683
1782053640000,1.14683,1.14683,1.14683,1.14683
1782053700000,1.14683,1.14683,1.14683,1.14683
1782053760000,1.14683,1.14683,1.14683,1.14683
1782053820000,1.14683,1.14683,1.14683,1.14683
1782053880000,1.14683,1.14683,1.14683,1.14683
1782053940000,1.14683,1.14683,1.14683,1.14683
1782054000000,1.14683,1.14683,1.14683,1.14683
1782054060000,1.14683,1.14683,1.14683,1.14683
1782054120000,1.14683,1.14683,1.14683,1.14683
1782054180000,1.14683,1.14683,1.14683,1.14683
1782054240000,1.14683,1.14683,1.14683,1.14683
1782054300000,1.14683,1.14683,1.14683,1.14683
1782054360000,1.14683,1.14683,1.14683,1.14683
1782054420000,1.14683,1.14683,1.14683,1.14683
1782054480000,1.14683,1.14683,1.14683,1.14683
1782054540000,1.14683,1.14683,1.14683,1.14683
1782054600000,1.14683,1.14683,1.14683,1.14683
1782054660000,1.14683,1.14683,1.14683,1.14683
1782054720000,1.14683,1.14683,1.14683,1.14683
1782054780000,1.14683,1.14683,1.14683,1.14683
1782054840000,1.14683,1.14683,1.14683,1.14683
1782054900000,1.14683,1.14683,1.14683,1.14683
1782054960000,1.14683,1.14683,1.14683,1.14683
1782055020000,1.14683,1.14683,1.14683,1.14683
1782055080000,1.14683,1.14683,1.14683,1.14683
1782055140000,1.14683,1.14683,1.14683,1.14683
1782055200000,1.14683,1.14683,1.14683,1.14683
1782055260000,1.14683,1.14683,1.14683,1.14683
1782055320000,1.14683,1.14683,1.14683,1.14683
1782055380000,1.14683,1.14683,1.14683,1.14683
1782055440000,1.14683,1.14683,1.14683,1.14683
1782055500000,1.14683,1.14683,1.14683,1.14683
1782055560000,1.14683,1.14683,1.14683,1.14683
1782055620000,1.14683,1.14683,1.14683,1.14683
1782055680000,1.14683,1.14683,1.14683,1.14683
1782055740000,1.14683,1.14683,1.14683,1.14683
1782055800000,1.14683,1.14683,1.14683,1.14683
1782055860000,1.14683,1.14683,1.14683,1.14683
1782055920000,1.14683,1.14683,1.14683,1.14683
1782055980000,1.14683,1.14683,1.14683,1.14683
1782056040000,1.14683,1.14683,1.14683,1.14683
1782056100000,1.14683,1.14683,1.14683,1.14683
1782056160000,1.14683,1.14683,1.14683,1.14683
1782056220000,1.14683,1.14683,1.14683,1.14683
1782056280000,1.14683,1.14683,1.14683,1.14683
1782056340000,1.14683,1.14683,1.14683,1.14683
1782056400000,1.14683,1.14683,1.14683,1.14683
1782056460000,1.14683,1.14683,1.14683,1.14683
1782056520000,1.14683,1.14683,1.14683,1.14683
1782056580000,1.14683,1.14683,1.14683,1.14683
1782056640000,1.14683,1.14683,1.14683,1.14683
1782056700000,1.14683,1.14683,1.14683,1.14683
1782056760000,1.14683,1.14683,1.14683,1.14683
1782056820000,1.14683,1.14683,1.14683,1.14683
1782056880000,1.14683,1.14683,1.14683,1.14683
1782056940000,1.14683,1.14683,1.14683,1.14683
1782057000000,1.14683,1.14683,1.14683,1.14683
1782057060000,1.14683,1.14683,1.14683,1.14683
1782057120000,1.14683,1.14683,1.14683,1.14683
1782057180000,1.14683,1.14683,1.14683,1.14683
1782057240000,1.14683,1.14683,1.14683,1.14683
1782057300000,1.14683,1.14683,1.14683,1.14683
1782057360000,1.14683,1.14683,1.14683,1.14683
1782057420000,1.14683,1.14683,1.14683,1.14683
1782057480000,1.14683,1.14683,1.14683,1.14683
1782057540000,1.14683,1.14683,1.14683,1.14683
1782057600000,1.14683,1.14683,1.14683,1.14683
1782057660000,1.14683,1.14683,1.14683,1.14683
1782057720000,1.14683,1.14683,1.14683,1.14683
1782057780000,1.14683,1.14683,1.14683,1.14683
1782057840000,1.14683,1.14683,1.14683,1.14683
1782057900000,1.14683,1.14683,1.14683,1.14683
1782057960000,1.14683,1.14683,1.14683,1.14683
1782058020000,1.14683,1.14683,1.14683,1.14683
1782058080000,1.14683,1.14683,1.14683,1.14683
1782058140000,1.14683,1.14683,1.14683,1.14683
1782058200000,1.14683,1.14683,1.14683,1.14683
1782058260000,1.14683,1.14683,1.14683,1.14683
1782058320000,1.14683,1.14683,1.14683,1.14683
1782058380000,1.14683,1.14683,1.14683,1.14683
1782058440000,1.14683,1.14683,1.14683,1.14683
1782058500000,1.14683,1.14683,1.14683,1.14683
1782058560000,1.14683,1.14683,1.14683,1.14683
1782058620000,1.14683,1.14683,1.14683,1.14683
1782058680000,1.14683,1.14683,1.14683,1.14683
1782058740000,1.14683,1.14683,1.14683,1.14683
1782058800000,1.14683,1.14683,1.14683,1.14683
1782058860000,1.14683,1.14683,1.14683,1.14683
1782058920000,1.14683,1.14683,1.14683,1.14683
1782058980000,1.14683,1.14683,1.14683,1.14683
1782059040000,1.14683,1.14683,1.14683,1.14683
1782059100000,1.14683,1.14683,1.14683,1.14683
1782059160000,1.14683,1.14683,1.14683,1.14683
1782059220000,1.14683,1.14683,1.14683,1.14683
1782059280000,1.14683,1.14683,1.14683,1.14683
1782059340000,1.14683,1.14683,1.14683,1.14683
1782059400000,1.14683,1.14683,1.14683,1.14683
1782059460000,1.14683,1.14683,1.14683,1.14683
1782059520000,1.14683,1.14683,1.14683,1.14683
1782059580000,1.14683,1.14683,1.14683,1.14683
1782059640000,1.14683,1.14683,1.14683,1.14683
1782059700000,1.14683,1.14683,1.14683,1.14683
1782059760000,1.14683,1.14683,1.14683,1.14683
1782059820000,1.14683,1.14683,1.14683,1.14683
1782059880000,1.14683,1.14683,1.14683,1.14683
1782059940000,1.14683,1.14683,1.14683,1.14683
1782060000000,1.14683,1.14683,1.14683,1.14683
1782060060000,1.14683,1.14683,1.14683,1.14683
1782060120000,1.14683,1.14683,1.14683,1.14683
1782060180000,1.14683,1.14683,1.14683,1.14683
1782060240000,1.14683,1.14683,1.14683,1.14683
1782060300000,1.14683,1.14683,1.14683,1.14683
1782060360000,1.14683,1.14683,1.14683,1.14683
1782060420000,1.14683,1.14683,1.14683,1.14683
1782060480000,1.14683,1.14683,1.14683,1.14683
1782060540000,1.14683,1.14683,1.14683,1.14683
1782060600000,1.14683,1.14683,1.14683,1.14683
1782060660000,1.14683,1.14683,1.14683,1.14683
1782060720000,1.14683,1.14683,1.14683,1.14683
1782060780000,1.14683,1.14683,1.14683,1.14683
1782060840000,1.14683,1.14683,1.14683,1.14683
1782060900000,1.14683,1.14683,1.14683,1.14683
1782060960000,1.14683,1.14683,1.14683,1.14683
1782061020000,1.14683,1.14683,1.14683,1.14683
1782061080000,1.14683,1.14683,1.14683,1.14683
1782061140000,1.14683,1.14683,1.14683,1.14683
1782061200000,1.14683,1.14683,1.14683,1.14683
1782061260000,1.14683,1.14683,1.14683,1.14683
1782061320000,1.14683,1.14683,1.14683,1.14683
1782061380000,1.14683,1.14683,1.14683,1.14683
1782061440000,1.14683,1.14683,1.14683,1.14683
1782061500000,1.14683,1.14683,1.14683,1.14683
1782061560000,1.14683,1.14683,1.14683,1.14683
1782061620000,1.14683,1.14683,1.14683,1.14683
1782061680000,1.14683,1.14683,1.14683,1.14683
1782061740000,1.14683,1.14683,1.14683,1.14683
1782061800000,1.14683,1.14683,1.14683,1.14683
1782061860000,1.14683,1.14683,1.14683,1.14683
1782061920000,1.14683,1.14683,1.14683,1.14683
1782061980000,1.14683,1.14683,1.14683,1.14683
1782062040000,1.14683,1.14683,1.14683,1.14683
1782062100000,1.14683,1.14683,1.14683,1.14683
1782062160000,1.14683,1.14683,1.14683,1.14683
1782062220000,1.14683,1.14683,1.14683,1.14683
1782062280000,1.14683,1.14683,1.14683,1.14683
1782062340000,1.14683,1.14683,1.14683,1.14683
1782062400000,1.14683,1.14683,1.14683,1.14683
1782062460000,1.14683,1.14683,1.14683,1.14683
1782062520000,1.14683,1.14683,1.14683,1.14683
1782062580000,1.14683,1.14683,1.14683,1.14683
1782062640000,1.14683,1.14683,1.14683,1.14683
1782062700000,1.14683,1.14683,1.14683,1.14683
1782062760000,1.14683,1.14683,1.14683,1.14683
1782062820000,1.14683,1.14683,1.14683,1.14683
1782062880000,1.14683,1.14683,1.14683,1.14683
1782062940000,1.14683,1.14683,1.14683,1.14683
1782063000000,1.14683,1.14683,1.14683,1.14683
1782063060000,1.14683,1.14683,1.14683,1.14683
1782063120000,1.14683,1.14683,1.14683,1.14683
1782063180000,1.14683,1.14683,1.14683,1.14683
1782063240000,1.14683,1.14683,1.14683,1.14683
1782063300000,1.14683,1.14683,1.14683,1.14683
1782063360000,1.14683,1.14683,1.14683,1.14683
1782063420000,1.14683,1.14683,1.14683,1.14683
1782063480000,1.14683,1.14683,1.14683,1.14683
1782063540000,1.14683,1.14683,1.14683,1.14683
1782063600000,1.14683,1.14683,1.14683,1.14683
1782063660000,1.14683,1.14683,1.14683,1.14683
1782063720000,1.14683,1.14683,1.14683,1.14683
1782063780000,1.14683,1.14683,1.14683,1.14683
1782063840000,1.14683,1.14683,1.14683,1.14683
1782063900000,1.14683,1.14683,1.14683,1.14683
1782063960000,1.14683,1.14683,1.14683,1.14683
1782064020000,1.14683,1.14683,1.14683,1.14683
1782064080000,1.14683,1.14683,1.14683,1.14683
1782064140000,1.14683,1.14683,1.14683,1.14683
1782064200000,1.14683,1.14683,1.14683,1.14683
1782064260000,1.14683,1.14683,1.14683,1.14683
1782064320000,1.14683,1.14683,1.14683,1.14683
1782064380000,1.14683,1.14683,1.14683,1.14683
1782064440000,1.14683,1.14683,1.14683,1.14683
1782064500000,1.14683,1.14683,1.14683,1.14683
1782064560000,1.14683,1.14683,1.14683,1.14683
1782064620000,1.14683,1.14683,1.14683,1.14683
1782064680000,1.14683,1.14683,1.14683,1.14683
1782064740000,1.14683,1.14683,1.14683,1.14683
1782064800000,1.14683,1.14683,1.14683,1.14683
1782064860000,1.14683,1.14683,1.14683,1.14683
1782064920000,1.14683,1.14683,1.14683,1.14683
1782064980000,1.14683,1.14683,1.14683,1.14683
1782065040000,1.14683,1.14683,1.14683,1.14683
1782065100000,1.14683,1.14683,1.14683,1.14683
1782065160000,1.14683,1.14683,1.14683,1.14683
1782065220000,1.14683,1.14683,1.14683,1.14683
1782065280000,1.14683,1.14683,1.14683,1.14683
1782065340000,1.14683,1.14683,1.14683,1.14683
1782065400000,1.14683,1.14683,1.14683,1.14683
1782065460000,1.14683,1.14683,1.14683,1.14683
1782065520000,1.14683,1.14683,1.14683,1.14683
1782065580000,1.14683,1.14683,1.14683,1.14683
1782065640000,1.14683,1.14683,1.14683,1.14683
1782065700000,1.14683,1.14683,1.14683,1.14683
1782065760000,1.14683,1.14683,1.14683,1.14683
1782065820000,1.14683,1.14683,1.14683,1.14683
1782065880000,1.14683,1.14683,1.14683,1.14683
1782065940000,1.14683,1.14683,1.14683,1.14683
1782066000000,1.14683,1.14683,1.14683,1.14683
1782066060000,1.14683,1.14683,1.14683,1.14683
1782066120000,1.14683,1.14683,1.14683,1.14683
1782066180000,1.14683,1.14683,1.14683,1.14683
1782066240000,1.14683,1.14683,1.14683,1.14683
1782066300000,1.14683,1.14683,1.14683,1.14683
1782066360000,1.14683,1.14683,1.14683,1.14683
1782066420000,1.14683,1.14683,1.14683,1.14683
1782066480000,1.14683,1.14683,1.14683,1.14683
1782066540000,1.14683,1.14683,1.14683,1.14683
1782066600000,1.14683,1.14683,1.14683,1.14683
1782066660000,1.14683,1.14683,1.14683,1.14683
1782066720000,1.14683,1.14683,1.14683,1.14683
1782066780000,1.14683,1.14683,1.14683,1.14683
1782066840000,1.14683,1.14683,1.14683,1.14683
1782066900000,1.14683,1.14683,1.14683,1.14683
1782066960000,1.14683,1.14683,1.14683,1.14683
1782067020000,1.14683,1.14683,1.14683,1.14683
1782067080000,1.14683,1.14683,1.14683,1.14683
1782067140000,1.14683,1.14683,1.14683,1.14683
1782067200000,1.14683,1.14683,1.14683,1.14683
1782067260000,1.14683,1.14683,1.14683,1.14683
1782067320000,1.14683,1.14683,1.14683,1.14683
1782067380000,1.14683,1.14683,1.14683,1.14683
1782067440000,1.14683,1.14683,1.14683,1.14683
1782067500000,1.14683,1.14683,1.14683,1.14683
1782067560000,1.14683,1.14683,1.14683,1.14683
1782067620000,1.14683,1.14683,1.14683,1.14683
1782067680000,1.14683,1.14683,1.14683,1.14683
1782067740000,1.14683,1.14683,1.14683,1.14683
1782067800000,1.14683,1.14683,1.14683,1.14683
1782067860000,1.14683,1.14683,1.14683,1.14683
1782067920000,1.14683,1.14683,1.14683,1.14683
1782067980000,1.14683,1.14683,1.14683,1.14683
1782068040000,1.14683,1.14683,1.14683,1.14683
1782068100000,1.14683,1.14683,1.14683,1.14683
1782068160000,1.14683,1.14683,1.14683,1.14683
1782068220000,1.14683,1.14683,1.14683,1.14683
1782068280000,1.14683,1.14683,1.14683,1.14683
1782068340000,1.14683,1.14683,1.14683,1.14683
1782068400000,1.14683,1.14683,1.14683,1.14683
1782068460000,1.14683,1.14683,1.14683,1.14683
1782068520000,1.14683,1.14683,1.14683,1.14683
1782068580000,1.14683,1.14683,1.14683,1.14683
1782068640000,1.14683,1.14683,1.14683,1.14683
1782068700000,1.14683,1.14683,1.14683,1.14683
1782068760000,1.14683,1.14683,1.14683,1.14683
1782068820000,1.14683,1.14683,1.14683,1.14683
1782068880000,1.14683,1.14683,1.14683,1.14683
1782068940000,1.14683,1.14683,1.14683,1.14683
1782069000000,1.14683,1.14683,1.14683,1.14683
1782069060000,1.14683,1.14683,1.14683,1.14683
1782069120000,1.14683,1.14683,1.14683,1.14683
1782069180000,1.14683,1.14683,1.14683,1.14683
1782069240000,1.14683,1.14683,1.14683,1.14683
1782069300000,1.14683,1.14683,1.14683,1.14683
1782069360000,1.14683,1.14683,1.14683,1.14683
1782069420000,1.14683,1.14683,1.14683,1.14683
1782069480000,1.14683,1.14683,1.14683,1.14683
1782069540000,1.14683,1.14683,1.14683,1.14683
1782069600000,1.14683,1.14683,1.14683,1.14683
1782069660000,1.14683,1.14683,1.14683,1.14683
1782069720000,1.14683,1.14683,1.14683,1.14683
1782069780000,1.14683,1.14683,1.14683,1.14683
1782069840000,1.14683,1.14683,1.14683,1.14683
1782069900000,1.14683,1.14683,1.14683,1.14683
1782069960000,1.14683,1.14683,1.14683,1.14683
1782070020000,1.14683,1.14683,1.14683,1.14683
1782070080000,1.14683,1.14683,1.14683,1.14683
1782070140000,1.14683,1.14683,1.14683,1.14683
1782070200000,1.14683,1.14683,1.14683,1.14683
1782070260000,1.14683,1.14683,1.14683,1.14683
1782070320000,1.14683,1.14683,1.14683,1.14683
1782070380000,1.14683,1.14683,1.14683,1.14683
1782070440000,1.14683,1.14683,1.14683,1.14683
1782070500000,1.14683,1.14683,1.14683,1.14683
1782070560000,1.14683,1.14683,1.14683,1.14683
1782070620000,1.14683,1.14683,1.14683,1.14683
1782070680000,1.14683,1.14683,1.14683,1.14683
1782070740000,1.14683,1.14683,1.14683,1.14683
1782070800000,1.14683,1.14683,1.14683,1.14683
1782070860000,1.14683,1.14683,1.14683,1.14683
1782070920000,1.14683,1.14683,1.14683,1.14683
1782070980000,1.14683,1.14683,1.14683,1.14683
1782071040000,1.14683,1.14683,1.14683,1.14683
1782071100000,1.14683,1.14683,1.14683,1.14683
1782071160000,1.14683,1.14683,1.14683,1.14683
1782071220000,1.14683,1.14683,1.14683,1.14683
1782071280000,1.14683,1.14683,1.14683,1.14683
1782071340000,1.14683,1.14683,1.14683,1.14683
1782071400000,1.14683,1.14683,1.14683,1.14683
1782071460000,1.14683,1.14683,1.14683,1.14683
1782071520000,1.14683,1.14683,1.14683,1.14683
1782071580000,1.14683,1.14683,1.14683,1.14683
1782071640000,1.14683,1.14683,1.14683,1.14683
1782071700000,1.14683,1.14683,1.14683,1.14683
1782071760000,1.14683,1.14683,1.14683,1.14683
1782071820000,1.14683,1.14683,1.14683,1.14683
1782071880000,1.14683,1.14683,1.14683,1.14683
1782071940000,1.14683,1.14683,1.14683,1.14683
1782072000000,1.14683,1.14683,1.14683,1.14683
1782072060000,1.14683,1.14683,1.14683,1.14683
1782072120000,1.14683,1.14683,1.14683,1.14683
1782072180000,1.14683,1.14683,1.14683,1.14683
1782072240000,1.14683,1.14683,1.14683,1.14683
1782072300000,1.14683,1.14683,1.14683,1.14683
1782072360000,1.14683,1.14683,1.14683,1.14683
1782072420000,1.14683,1.14683,1.14683,1.14683
1782072480000,1.14683,1.14683,1.14683,1.14683
1782072540000,1.14683,1.14683,1.14683,1.14683
1782072600000,1.14683,1.14683,1.14683,1.14683
1782072660000,1.14683,1.14683,1.14683,1.14683
1782072720000,1.14683,1.14683,1.14683,1.14683
1782072780000,1.14683,1.14683,1.14683,1.14683
1782072840000,1.14683,1.14683,1.14683,1.14683
1782072900000,1.14683,1.14683,1.14683,1.14683
1782072960000,1.14683,1.14683,1.14683,1.14683
1782073020000,1.14683,1.14683,1.14683,1.14683
1782073080000,1.14683,1.14683,1.14683,1.14683
1782073140000,1.14683,1.14683,1.14683,1.14683
1782073200000,1.14683,1.14683,1.14683,1.14683
1782073260000,1.14683,1.14683,1.14683,1.14683
1782073320000,1.14683,1.14683,1.14683,1.14683
1782073380000,1.14683,1.14683,1.14683,1.14683
1782073440000,1.14683,1.14683,1.14683,1.14683
1782073500000,1.14683,1.14683,1.14683,1.14683
1782073560000,1.14683,1.14683,1.14683,1.14683
1782073620000,1.14683,1.14683,1.14683,1.14683
1782073680000,1.14683,1.14683,1.14683,1.14683
1782073740000,1.14683,1.14683,1.14683,1.14683
1782073800000,1.14683,1.14683,1.14683,1.14683
1782073860000,1.14683,1.14683,1.14683,1.14683
1782073920000,1.14683,1.14683,1.14683,1.14683
1782073980000,1.14683,1.14683,1.14683,1.14683
1782074040000,1.14683,1.14683,1.14683,1.14683
1782074100000,1.14683,1.14683,1.14683,1.14683
1782074160000,1.14683,1.14683,1.14683,1.14683
1782074220000,1.14683,1.14683,1.14683,1.14683
1782074280000,1.14683,1.14683,1.14683,1.14683
1782074340000,1.14683,1.14683,1.14683,1.14683
1782074400000,1.14683,1.14683,1.14683,1.14683
1782074460000,1.14683,1.14683,1.14683,1.14683
1782074520000,1.14683,1.14683,1.14683,1.14683
1782074580000,1.14683,1.14683,1.14683,1.14683
1782074640000,1.14683,1.14683,1.14683,1.14683
1782074700000,1.14683,1.14683,1.14683,1.14683
1782074760000,1.14683,1.14683,1.14683,1.14683
1782074820000,1.14683,1.14683,1.14683,1.14683
1782074880000,1.14683,1.14683,1.14683,1.14683
1782074940000,1.14683,1.14683,1.14683,1.14683
1782075000000,1.14683,1.14683,1.14683,1.14683
1782075060000,1.14683,1.14683,1.14683,1.14683
1782075120000,1.14683,1.14683,1.14683,1.14683
1782075180000,1.14683,1.14683,1.14683,1.14683
1782075240000,1.14683,1.14683,1.14683,1.14683
1782075300000,1.14683,1.14683,1.14683,1.14683
1782075360000,1.14683,1.14683,1.14683,1.14683
1782075420000,1.14683,1.14683,1.14683,1.14683
1782075480000,1.14683,1.14683,1.14683,1.14683
1782075540000,1.14683,1.14683,1.14683,1.14683
1782075600000,1.14603,1.14603,1.14603,1.14603
1782075660000,1.14608,1.14608,1.14608,1.14608
1782075720000,1.14608,1.14608,1.14608,1.14608
1782075780000,1.14616,1.14616,1.14607,1.14607
1782075840000,1.14618,1.14618,1.14618,1.14618
1782075900000,1.14618,1.14619,1.14615,1.14619
1782075960000,1.14617,1.14617,1.14615,1.14615
1782076020000,1.14602,1.14617,1.146,1.14617
1782076080000,1.14616,1.14616,1.1459,1.1459
1782076140000,1.14586,1.14586,1.14544,1.14578
1782076200000,1.14579,1.14579,1.14555,1.14558
1782076260000,1.14562,1.14579,1.14557,1.14579
1782076320000,1.14579,1.14589,1.14578,1.14589
1782076380000,1.14588,1.14588,1.14553,1.14553
1782076440000,1.14553,1.14553,1.14553,1.14553
1782076500000,1.14588,1.14588,1.14588,1.14588
1782076560000,1.14589,1.14589,1.14556,1.14588
1782076620000,1.14588,1.14588,1.14588,1.14588
1782076680000,1.14556,1.14556,1.14556,1.14556
1782076740000,1.14578,1.14578,1.14578,1.14578
1782076800000,1.14556,1.14556,1.14555,1.14555
1782076860000,1.14555,1.14555,1.14555,1.14555
1782076920000,1.14555,1.14555,1.14555,1.14555
1782076980000,1.14578,1.14578,1.14578,1.14578
1782077040000,1.14554,1.14554,1.14543,1.14543
1782077100000,1.14545,1.14545,1.14545,1.14545
1782077160000,1.14545,1.14578,1.14545,1.14578
1782077220000,1.14549,1.14553,1.14548,1.14548
1782077280000,1.14552,1.14588,1.14548,1.14588
1782077340000,1.1455,1.1455,1.14549,1.14549
1782077400000,1.14548,1.14578,1.14548,1.14578
1782077460000,1.14547,1.14547,1.14546,1.14546
1782077520000,1.14547,1.14569,1.14546,1.1456
1782077580000,1.14565,1.14566,1.1456,1.1456
1782077640000,1.14555,1.14555,1.14547,1.14547
1782077700000,1.14547,1.14547,1.14547,1.14547
1782077760000,1.1455,1.14568,1.1455,1.14568
1782077820000,1.14591,1.14591,1.1459,1.14591
1782077880000,1.14593,1.14612,1.14591,1.14608
1782077940000,1.14608,1.14639,1.146,1.14626
1782078000000,1.14627,1.14627,1.14616,1.14619
1782078060000,1.14619,1.14619,1.14616,1.14616
1782078120000,1.14618,1.14649,1.14613,1.14649
1782078180000,1.14656,1.14659,1.14656,1.14657
1782078240000,1.14656,1.14656,1.146,1.14637
1782078300000,1.14639,1.14659,1.14639,1.14659
1782078360000,1.14658,1.14658,1.14647,1.14647
1782078420000,1.14645,1.14668,1.14641,1.14658
1782078480000,1.14645,1.14646,1.14645,1.14646
1782078540000,1.14644,1.14658,1.14644,1.14658
1782078600000,1.14658,1.14658,1.14658,1.14658
1782078660000,1.14637,1.14658,1.14637,1.14658
1782078720000,1.14658,1.14658,1.14658,1.14658
1782078780000,1.14659,1.14659,1.14642,1.14642
1782078840000,1.14635,1.14635,1.14635,1.14635
1782078900000,1.14645,1.14659,1.14631,1.14659
1782078960000,1.14659,1.14665,1.14616,1.14664
1782079020000,1.14664,1.14665,1.14608,1.14608
1782079080000,1.14606,1.14648,1.14594,1.14594
1782079140000,1.14594,1.14595,1.14587,1.14587
1782079200000,1.14587,1.14588,1.14547,1.14564
1782079260000,1.14562,1.14612,1.14562,1.14611
1782079320000,1.14611,1.14639,1.14611,1.14638
1782079380000,1.14633,1.14646,1.14632,1.14646
1782079440000,1.14647,1.14647,1.14631,1.14637
1782079500000,1.14641,1.14662,1.14641,1.14652
1782079560000,1.14651,1.14653,1.14644,1.14648
1782079620000,1.14646,1.14648,1.14624,1.14638
1782079680000,1.14637,1.1464,1.14621,1.14622
1782079740000,1.14621,1.14624,1.14608,1.14624
1782079800000,1.14623,1.14631,1.14621,1.14631
1782079860000,1.14631,1.14632,1.14625,1.14625
1782079920000,1.14627,1.14629,1.14618,1.14627
1782079980000,1.14627,1.14631,1.14625,1.14626
1782080040000,1.14625,1.14636,1.14623,1.14632
1782080100000,1.14634,1.14641,1.14632,1.14634
1782080160000,1.14633,1.14636,1.1463,1.14634
1782080220000,1.14635,1.14641,1.14626,1.14637
1782080280000,1.14643,1.14654,1.14639,1.14653
1782080340000,1.14653,1.14655,1.14649,1.14655
1782080400000,1.14652,1.14667,1.14652,1.1466
1782080460000,1.14659,1.14661,1.14653,1.14661
1782080520000,1.14659,1.14659,1.14658,1.14658
1782080580000,1.14659,1.14659,1.14658,1.14658
1782080640000,1.14659,1.14659,1.14656,1.14658
1782080700000,1.14657,1.1466,1.14657,1.14658
1782080760000,1.14659,1.14659,1.14658,1.14658
1782080820000,1.14659,1.14659,1.14651,1.14651
1782080880000,1.14651,1.14652,1.14643,1.14643
1782080940000,1.14644,1.14644,1.14635,1.1464
1782081000000,1.14638,1.14642,1.14633,1.14633
1782081060000,1.14633,1.14635,1.14628,1.14633
1782081120000,1.14634,1.14635,1.14632,1.14633
1782081180000,1.14629,1.14629,1.14622,1.14623
1782081240000,1.14622,1.14629,1.1461,1.1461
1782081300000,1.14611,1.14616,1.1461,1.1461
1782081360000,1.14607,1.14619,1.14607,1.14616
1782081420000,1.14614,1.14621,1.14614,1.14621
1782081480000,1.14621,1.14625,1.1462,1.14624
1782081540000,1.1462,1.14622,1.14615,1.1462
1782081600000,1.14615,1.14617,1.1461,1.14616
1782081660000,1.14613,1.14616,1.14613,1.14615
1782081720000,1.14613,1.14615,1.14613,1.14615
1782081780000,1.1462,1.14625,1.14615,1.14621
1782081840000,1.14621,1.14621,1.14619,1.14619
1782081900000,1.14621,1.14623,1.14619,1.14619
1782081960000,1.14619,1.14625,1.14619,1.14625
1782082020000,1.14626,1.14627,1.14616,1.14619
1782082080000,1.1462,1.1462,1.14616,1.14616
1782082140000,1.14617,1.14621,1.14615,1.1462
1782082200000,1.14618,1.14632,1.14618,1.14622
1782082260000,1.14628,1.14631,1.14622,1.14625
1782082320000,1.14623,1.14623,1.14618,1.14618
1782082380000,1.14618,1.14624,1.14618,1.14623
1782082440000,1.14622,1.14624,1.14618,1.14622
1782082500000,1.14625,1.14629,1.14623,1.14625
1782082560000,1.14626,1.14627,1.14617,1.14617
1782082620000,1.14616,1.14623,1.14613,1.1462
1782082680000,1.14621,1.14621,1.14618,1.14621
1782082740000,1.1462,1.14621,1.1462,1.14621
1782082800000,1.1462,1.14636,1.1462,1.14636
1782082860000,1.14635,1.14638,1.14629,1.14635
1782082920000,1.14636,1.14636,1.1463,1.14636
1782082980000,1.14634,1.14641,1.14631,1.14639
1782083040000,1.1464,1.1464,1.14633,1.14638
1782083100000,1.14637,1.14637,1.14637,1.14637
1782083160000,1.14637,1.14638,1.14633,1.14638
1782083220000,1.14639,1.14644,1.14639,1.14642
1782083280000,1.14642,1.14642,1.14642,1.14642
1782083340000,1.14642,1.14661,1.14642,1.14655
1782083400000,1.14653,1.14656,1.14646,1.14646
1782083460000,1.14647,1.14655,1.14647,1.14653
1782083520000,1.1465,1.14652,1.1465,1.1465
1782083580000,1.14651,1.14651,1.14642,1.14642
1782083640000,1.14641,1.14647,1.14634,1.14646
1782083700000,1.14645,1.14646,1.14631,1.14634
1782083760000,1.14633,1.14635,1.14617,1.1463
1782083820000,1.14629,1.1463,1.14626,1.14629
1782083880000,1.14628,1.14631,1.14626,1.14629
1782083940000,1.14626,1.14628,1.14626,1.14627
1782084000000,1.14626,1.14636,1.14626,1.14633
1782084060000,1.14631,1.14641,1.1463,1.14636
1782084120000,1.14634,1.14636,1.14634,1.14635
1782084180000,1.14635,1.14645,1.14633,1.14643
1782084240000,1.14641,1.14642,1.14635,1.14635
1782084300000,1.14634,1.14636,1.14631,1.14632
1782084360000,1.1463,1.14632,1.1463,1.14632
1782084420000,1.14631,1.14631,1.14626,1.14627
1782084480000,1.14627,1.14627,1.14625,1.14627
1782084540000,1.14627,1.14632,1.14627,1.14632
1782084600000,1.14632,1.14632,1.14621,1.14627
1782084660000,1.14627,1.14632,1.14627,1.14631
1782084720000,1.14631,1.14632,1.14626,1.14631
1782084780000,1.14631,1.14632,1.14631,1.14632
1782084840000,1.14631,1.14637,1.14631,1.14632
1782084900000,1.14629,1.14629,1.14618,1.14619
1782084960000,1.14621,1.14621,1.14605,1.14611
1782085020000,1.14614,1.14614,1.14609,1.14609
1782085080000,1.14608,1.14611,1.14607,1.14607
1782085140000,1.14607,1.14611,1.14602,1.14603
1782085200000,1.14604,1.14606,1.14598,1.14602
1782085260000,1.14602,1.14602,1.14596,1.14596
1782085320000,1.14593,1.14593,1.14584,1.14586
1782085380000,1.14589,1.14592,1.14588,1.14591
1782085440000,1.14591,1.14594,1.14589,1.14589
1782085500000,1.14589,1.14593,1.14586,1.14587
1782085560000,1.14588,1.14593,1.14583,1.14592
1782085620000,1.14591,1.14592,1.14585,1.14586
1782085680000,1.14586,1.14587,1.14582,1.14582
1782085740000,1.14582,1.14588,1.14581,1.14581
1782085800000,1.14581,1.14582,1.14581,1.14582
1782085860000,1.14582,1.14588,1.14581,1.14588
1782085920000,1.14587,1.14592,1.14579,1.14588
1782085980000,1.14588,1.14589,1.14583,1.14587
1782086040000,1.14587,1.14587,1.14581,1.14581
1782086100000,1.14585,1.14587,1.14582,1.14587
1782086160000,1.1459,1.14593,1.14589,1.14592
1782086220000,1.14597,1.14613,1.14596,1.14612
1782086280000,1.14613,1.14623,1.14612,1.14612
1782086340000,1.14613,1.14623,1.14613,1.14623
1782432000000,1.13613,1.13637,1.13608,1.13636
1782432060000,1.13635,1.13637,1.13612,1.13615
1782432120000,1.13615,1.13619,1.13611,1.13619
1782432180000,1.13618,1.1363,1.13614,1.13616
1782432240000,1.13617,1.13623,1.13614,1.13619
1782432300000,1.13619,1.13622,1.13615,1.13622
1782432360000,1.1362,1.1363,1.1362,1.13629
1782432420000,1.13629,1.13629,1.1362,1.13621
1782432480000,1.1362,1.13627,1.13618,1.13625
1782432540000,1.13626,1.13631,1.13626,1.13631
1782432600000,1.13629,1.13629,1.13617,1.13624
1782432660000,1.13623,1.13626,1.13616,1.13617
1782432720000,1.13617,1.13622,1.13615,1.13615
1782432780000,1.13616,1.13622,1.13616,1.13619
1782432840000,1.13621,1.13636,1.13621,1.13636
1782432900000,1.13634,1.13637,1.13626,1.13634
1782432960000,1.13632,1.13632,1.13623,1.13623
1782433020000,1.13623,1.13633,1.13623,1.13631
1782433080000,1.13633,1.13635,1.13621,1.13626
1782433140000,1.13626,1.13628,1.13622,1.13625
1782433200000,1.13624,1.13627,1.13621,1.13627
1782433260000,1.13627,1.13632,1.13627,1.13632
1782433320000,1.13631,1.13641,1.1363,1.13641
1782433380000,1.13642,1.13643,1.13639,1.13642
1782433440000,1.13643,1.13646,1.13642,1.13643
1782433500000,1.13643,1.13643,1.13636,1.13636
1782433560000,1.13634,1.13634,1.13627,1.13632
1782433620000,1.1363,1.13636,1.13627,1.13629
1782433680000,1.1363,1.13642,1.13626,1.1364
1782433740000,1.13642,1.13647,1.13637,1.13647
1782433800000,1.13647,1.13651,1.1364,1.13642
1782433860000,1.13644,1.13656,1.13644,1.1365
1782433920000,1.13651,1.13657,1.13644,1.13644
1782433980000,1.13643,1.13646,1.1364,1.13644
1782434040000,1.13645,1.13647,1.13642,1.13647
1782434100000,1.13647,1.13651,1.13646,1.13647
1782434160000,1.13648,1.1366,1.13647,1.13655
1782434220000,1.13656,1.13656,1.13646,1.13651
1782434280000,1.1365,1.1365,1.13642,1.13642
1782434340000,1.1364,1.13642,1.13633,1.13633
1782434400000,1.13633,1.13641,1.13631,1.13641
1782434460000,1.1364,1.1364,1.13633,1.13637
1782434520000,1.13637,1.13645,1.13637,1.13642
1782434580000,1.13644,1.13653,1.13643,1.13651
1782434640000,1.13651,1.13651,1.13645,1.13647
1782434700000,1.13648,1.13653,1.13647,1.13651
1782434760000,1.13653,1.13667,1.13653,1.13667
1782434820000,1.13666,1.13667,1.1366,1.13666
1782434880000,1.13664,1.13666,1.13651,1.13655
1782434940000,1.13656,1.13657,1.13655,1.13657
1782435000000,1.13656,1.13657,1.13653,1.13657
1782435060000,1.1366,1.13669,1.1366,1.13666
1782435120000,1.13667,1.13669,1.13661,1.13662
1782435180000,1.13662,1.13662,1.13644,1.13644
1782435240000,1.13643,1.13643,1.13629,1.13637
1782435300000,1.13635,1.13649,1.13635,1.13645
1782435360000,1.13648,1.13648,1.13641,1.13646
1782435420000,1.13648,1.13654,1.13647,1.13652
1782435480000,1.13652,1.13655,1.13649,1.13654
1782435540000,1.13653,1.13654,1.13648,1.13648
1782435600000,1.13646,1.13666,1.13645,1.13666
1782435660000,1.13666,1.1367,1.13664,1.13665
1782435720000,1.13667,1.13669,1.1366,1.13666
1782435780000,1.13665,1.1367,1.13664,1.13667
1782435840000,1.13666,1.1367,1.1366,1.13665
1782435900000,1.13667,1.13667,1.13654,1.13655
1782435960000,1.13657,1.13668,1.13655,1.13665
1782436020000,1.13666,1.1367,1.1366,1.13665
1782436080000,1.13665,1.13672,1.13665,1.13672
1782436140000,1.13671,1.13671,1.13665,1.13671
1782436200000,1.13672,1.13687,1.13672,1.13687
1782436260000,1.13685,1.13691,1.1368,1.13686
1782436320000,1.13685,1.13686,1.13681,1.13681
1782436380000,1.1368,1.13682,1.13679,1.1368
1782436440000,1.1368,1.1368,1.13664,1.13672
1782436500000,1.13672,1.13676,1.13655,1.13674
1782436560000,1.13672,1.13682,1.13666,1.13682
1782436620000,1.13681,1.13681,1.13674,1.13674
1782436680000,1.13673,1.13675,1.1367,1.13672
1782436740000,1.13671,1.13673,1.13665,1.13671
1782436800000,1.13671,1.13674,1.13666,1.1367
1782436860000,1.13668,1.13669,1.13656,1.13657
1782436920000,1.13656,1.13662,1.13655,1.13657
1782436980000,1.13655,1.13655,1.1365,1.13651
1782437040000,1.13651,1.13651,1.13647,1.1365
1782437100000,1.13649,1.13649,1.13643,1.13645
1782437160000,1.13645,1.13651,1.13643,1.13651
1782437220000,1.13647,1.1365,1.13646,1.1365
1782437280000,1.13649,1.13655,1.13648,1.13655
1782437340000,1.13653,1.13656,1.13653,1.13656
1782437400000,1.13658,1.13662,1.1365,1.13656
1782437460000,1.13657,1.13661,1.13654,1.13654
1782437520000,1.13654,1.13654,1.13636,1.13636
1782437580000,1.13636,1.13644,1.13627,1.13627
1782437640000,1.13626,1.13626,1.13611,1.13613
1782437700000,1.1361,1.1361,1.13587,1.1359
1782437760000,1.13588,1.13592,1.13577,1.13578
1782437820000,1.13579,1.13585,1.13577,1.13581
1782437880000,1.1358,1.13586,1.13577,1.13581
1782437940000,1.13582,1.13592,1.13581,1.13592
1782438000000,1.13588,1.13591,1.13584,1.13591
1782438060000,1.13591,1.13591,1.13581,1.13582
1782438120000,1.13583,1.13589,1.13581,1.13586
1782438180000,1.13587,1.13589,1.13584,1.13589
1782438240000,1.13588,1.13596,1.13587,1.13588
1782438300000,1.13589,1.13597,1.13584,1.13584
1782438360000,1.13584,1.13586,1.13578,1.13584
1782438420000,1.13584,1.13587,1.1358,1.1358
1782438480000,1.13579,1.13584,1.13579,1.13584
1782438540000,1.13584,1.13585,1.13579,1.13579
1782438600000,1.13581,1.13584,1.13578,1.1358
1782438660000,1.13579,1.13581,1.13577,1.1358
1782438720000,1.13578,1.13584,1.13576,1.13581
1782438780000,1.1358,1.13584,1.1358,1.13583
1782438840000,1.13583,1.13585,1.13578,1.13581
1782438900000,1.13583,1.13583,1.13578,1.13582
1782438960000,1.13582,1.13586,1.13578,1.13579
1782439020000,1.13579,1.13579,1.13564,1.13567
1782439080000,1.13567,1.13588,1.13567,1.13579
1782439140000,1.13579,1.13597,1.13578,1.13596
1782439200000,1.13596,1.13598,1.13591,1.13595
1782439260000,1.13594,1.136,1.13591,1.13592
1782439320000,1.13593,1.13605,1.13593,1.13603
1782439380000,1.13604,1.13612,1.13604,1.13607
1782439440000,1.13608,1.13621,1.13608,1.13615
1782439500000,1.13615,1.13627,1.13615,1.13621
1782439560000,1.1362,1.13623,1.13614,1.1362
1782439620000,1.1362,1.13626,1.13618,1.1362
1782439680000,1.13622,1.13622,1.13618,1.13622
1782439740000,1.13622,1.13625,1.13616,1.13616
1782439800000,1.13616,1.13617,1.13611,1.13611
1782439860000,1.13611,1.13611,1.1359,1.13591
1782439920000,1.13593,1.13603,1.13592,1.13603
1782439980000,1.13602,1.13602,1.13593,1.13599
1782440040000,1.13597,1.13598,1.13584,1.13585
1782440100000,1.13584,1.13586,1.13567,1.1357
1782440160000,1.13568,1.13581,1.13568,1.1358
1782440220000,1.1358,1.13589,1.13579,1.13589
1782440280000,1.13587,1.13589,1.13579,1.1358
1782440340000,1.1358,1.1358,1.13563,1.13565
1782440400000,1.13569,1.13574,1.13563,1.13568
1782440460000,1.13569,1.13572,1.13558,1.13558
1782440520000,1.13558,1.1356,1.13556,1.13559
1782440580000,1.13561,1.13565,1.13561,1.13562
1782440640000,1.13562,1.13564,1.13542,1.13549
1782440700000,1.1355,1.1356,1.13548,1.13554
1782440760000,1.13555,1.13564,1.13555,1.1356
1782440820000,1.13561,1.13564,1.1354,1.13542
1782440880000,1.13544,1.13553,1.13544,1.13553
1782440940000,1.13555,1.13556,1.13552,1.13553
1782441000000,1.13557,1.13557,1.13552,1.13553
1782441060000,1.13554,1.13562,1.13554,1.1356
1782441120000,1.1356,1.1356,1.13552,1.13559
1782441180000,1.13558,1.13562,1.13553,1.13561
1782441240000,1.13562,1.13565,1.13558,1.1356
1782441300000,1.13558,1.1356,1.13558,1.1356
1782441360000,1.13559,1.13564,1.13559,1.13559
1782441420000,1.1356,1.1356,1.13554,1.13554
1782441480000,1.13555,1.13555,1.1355,1.13555
1782441540000,1.13555,1.1357,1.13555,1.13564
1782441600000,1.13564,1.13564,1.13558,1.1356
1782441660000,1.13564,1.13575,1.13558,1.13574
1782441720000,1.13576,1.13601,1.13576,1.13601
1782441780000,1.136,1.136,1.1359,1.13591
1782441840000,1.13591,1.13591,1.13582,1.13589
1782441900000,1.13589,1.13591,1.13585,1.13587
1782441960000,1.13588,1.1359,1.13583,1.13584
1782442020000,1.13586,1.1359,1.13585,1.13589
1782442080000,1.13591,1.13592,1.13587,1.13591
1782442140000,1.13591,1.13591,1.13582,1.13586
1782442200000,1.13587,1.13598,1.13584,1.1359
1782442260000,1.13589,1.13592,1.13584,1.13586
1782442320000,1.13585,1.13586,1.13579,1.1358
1782442380000,1.1358,1.13582,1.13574,1.13581
1782442440000,1.13582,1.13586,1.13579,1.1358
1782442500000,1.13581,1.13581,1.1357,1.1357
1782442560000,1.13571,1.13583,1.1357,1.13583
1782442620000,1.13584,1.13587,1.13574,1.13577
1782442680000,1.13578,1.13588,1.13576,1.13584
1782442740000,1.13585,1.13592,1.13585,1.1359
1782442800000,1.1359,1.13597,1.13584,1.13592
1782442860000,1.1359,1.13592,1.13584,1.13585
1782442920000,1.13587,1.13605,1.13587,1.13601
1782442980000,1.13601,1.13608,1.13599,1.13603
1782443040000,1.13603,1.13611,1.13601,1.13608
1782443100000,1.13609,1.13609,1.13599,1.13607
1782443160000,1.13605,1.1361,1.13605,1.13608
1782443220000,1.1361,1.13611,1.13607,1.13608
1782443280000,1.13608,1.13608,1.13603,1.13603
1782443340000,1.13604,1.13612,1.13604,1.13611
1782443400000,1.13613,1.13632,1.13612,1.13632
1782443460000,1.1363,1.13647,1.1363,1.13645
1782443520000,1.13644,1.13644,1.13638,1.13644
1782443580000,1.13643,1.13644,1.1363,1.13632
1782443640000,1.13632,1.13633,1.13628,1.13629
1782443700000,1.13631,1.13635,1.13625,1.13625
1782443760000,1.13625,1.13632,1.13623,1.1363
1782443820000,1.1363,1.13636,1.1363,1.13634
1782443880000,1.13634,1.13635,1.13629,1.13634
1782443940000,1.13635,1.13644,1.13634,1.13642
1782444000000,1.13642,1.13642,1.13637,1.13638
1782444060000,1.13636,1.13637,1.1363,1.13635
1782444120000,1.13636,1.13636,1.13631,1.13631
1782444180000,1.13632,1.13632,1.13628,1.13629
1782444240000,1.13629,1.1363,1.13624,1.13627
1782444300000,1.13629,1.13636,1.13628,1.13635
1782444360000,1.13637,1.1364,1.13636,1.13638
1782444420000,1.13636,1.13636,1.1363,1.13634
1782444480000,1.13634,1.13636,1.13632,1.13634
1782444540000,1.13636,1.1364,1.13634,1.1364
1782444600000,1.1364,1.1364,1.13628,1.13633
1782444660000,1.13634,1.13635,1.1363,1.13634
1782444720000,1.13634,1.13636,1.13629,1.1363
1782444780000,1.13629,1.13634,1.13627,1.13628
1782444840000,1.13629,1.13629,1.1362,1.13622
1782444900000,1.13623,1.13632,1.13623,1.1363
1782444960000,1.13632,1.13644,1.13631,1.13642
1782445020000,1.13642,1.13657,1.13642,1.1365
1782445080000,1.13652,1.13657,1.13649,1.13657
1782445140000,1.13657,1.13657,1.13639,1.13639
1782445200000,1.13639,1.1366,1.13635,1.13646
1782445260000,1.13645,1.13652,1.13645,1.13649
1782445320000,1.13647,1.13651,1.13642,1.13651
1782445380000,1.13651,1.13675,1.13651,1.13668
1782445440000,1.13667,1.13674,1.13663,1.13674
1782445500000,1.13675,1.13675,1.13664,1.13665
1782445560000,1.13666,1.13672,1.13664,1.1367
1782445620000,1.13669,1.13676,1.13669,1.13674
1782445680000,1.13674,1.13675,1.13664,1.13665
1782445740000,1.13666,1.13666,1.13659,1.1366
1782445800000,1.13659,1.13666,1.13659,1.13665
1782445860000,1.13665,1.13666,1.13659,1.13665
1782445920000,1.13666,1.13678,1.13665,1.13676
1782445980000,1.13677,1.13697,1.13675,1.13696
1782446040000,1.13697,1.13713,1.13697,1.13703
1782446100000,1.13703,1.13715,1.13701,1.13707
1782446160000,1.13706,1.13713,1.13704,1.13704
1782446220000,1.13703,1.13707,1.13696,1.13701
1782446280000,1.13702,1.1371,1.13702,1.13709
1782446340000,1.13709,1.13715,1.13705,1.13714
1782446400000,1.13715,1.13717,1.13702,1.13702
1782446460000,1.13701,1.13719,1.13695,1.13716
1782446520000,1.13715,1.13721,1.13715,1.13717
1782446580000,1.13717,1.13729,1.13717,1.13725
1782446640000,1.13724,1.13728,1.13716,1.13716
1782446700000,1.13714,1.1372,1.13711,1.13718
1782446760000,1.13718,1.13719,1.13703,1.13705
1782446820000,1.13706,1.1371,1.13701,1.13704
1782446880000,1.13706,1.13706,1.13694,1.13701
1782446940000,1.13699,1.13706,1.13698,1.13702
1782447000000,1.13701,1.1372,1.13701,1.13719
1782447060000,1.1372,1.1372,1.13717,1.1372
1782447120000,1.13718,1.1372,1.13715,1.13715
1782447180000,1.13717,1.13721,1.13711,1.13713
1782447240000,1.13714,1.13716,1.13708,1.13716
1782447300000,1.13714,1.1372,1.13713,1.13716
1782447360000,1.13719,1.13727,1.13719,1.13723
1782447420000,1.13725,1.13731,1.13724,1.13731
1782447480000,1.13731,1.13731,1.13725,1.13726
1782447540000,1.13726,1.13732,1.13725,1.13732
1782447600000,1.13731,1.13731,1.13725,1.13726
1782447660000,1.13725,1.13732,1.13725,1.13731
1782447720000,1.13733,1.13735,1.13729,1.13732
1782447780000,1.1373,1.13734,1.1373,1.13731
1782447840000,1.13731,1.13731,1.13722,1.13724
1782447900000,1.13724,1.13736,1.13724,1.13728
1782447960000,1.13727,1.13731,1.13727,1.13731
1782448020000,1.13731,1.13744,1.13731,1.13744
1782448080000,1.13743,1.13747,1.13743,1.13746
1782448140000,1.13745,1.13745,1.13736,1.13738
1782448200000,1.13738,1.13739,1.13731,1.13735
1782448260000,1.13735,1.13736,1.13726,1.13736
1782448320000,1.13734,1.13734,1.13721,1.13722
1782448380000,1.13722,1.13727,1.13719,1.1372
1782448440000,1.1372,1.13721,1.13715,1.13717
1782448500000,1.13716,1.13728,1.13716,1.13728
1782448560000,1.13726,1.13731,1.13716,1.13716
1782448620000,1.13718,1.1372,1.13709,1.1371
1782448680000,1.1371,1.13717,1.13709,1.1371
1782448740000,1.13712,1.13712,1.13708,1.13709
1782448800000,1.13709,1.13711,1.13698,1.13698
1782448860000,1.13699,1.13699,1.13684,1.13685
1782448920000,1.13684,1.137,1.13684,1.13697
1782448980000,1.13698,1.1372,1.13697,1.1372
1782449040000,1.1372,1.13729,1.1372,1.13724
1782449100000,1.13723,1.1373,1.13723,1.13725
1782449160000,1.13726,1.13738,1.13724,1.13738
1782449220000,1.13737,1.13738,1.13729,1.13729
1782449280000,1.1373,1.13741,1.13729,1.13741
1782449340000,1.13739,1.13739,1.13733,1.13736
1782449400000,1.13738,1.13742,1.13736,1.13738
1782449460000,1.13736,1.13746,1.13736,1.13746
1782449520000,1.13746,1.13746,1.13742,1.13742
1782449580000,1.13741,1.13746,1.1374,1.13746
1782449640000,1.13745,1.13761,1.13745,1.13757
1782449700000,1.13757,1.13766,1.13755,1.13761
1782449760000,1.13762,1.13765,1.13758,1.13758
1782449820000,1.13756,1.13762,1.13756,1.13761
1782449880000,1.13761,1.13762,1.13758,1.13758
1782449940000,1.13759,1.13771,1.13755,1.13768
1782450000000,1.13771,1.13772,1.13756,1.13772
1782450060000,1.1377,1.13777,1.1377,1.13775
1782450120000,1.13775,1.13778,1.13771,1.13776
1782450180000,1.13774,1.13774,1.13765,1.13765
1782450240000,1.13765,1.13765,1.13755,1.13759
1782450300000,1.1376,1.13763,1.13754,1.13761
1782450360000,1.13762,1.13762,1.13755,1.13762
1782450420000,1.13762,1.13765,1.13755,1.13765
1782450480000,1.13765,1.13767,1.13764,1.13766
1782450540000,1.13767,1.13772,1.13767,1.13767
1782450600000,1.13768,1.13769,1.13764,1.13765
1782450660000,1.13766,1.13766,1.13758,1.13766
1782450720000,1.13765,1.13771,1.13761,1.13769
1782450780000,1.13771,1.13771,1.13759,1.13761
1782450840000,1.1376,1.13765,1.13759,1.13759
1782450900000,1.1376,1.13776,1.1376,1.13775
1782450960000,1.13775,1.13776,1.13764,1.13764
1782451020000,1.13763,1.13766,1.1375,1.13754
1782451080000,1.13755,1.13769,1.13751,1.13767
1782451140000,1.13768,1.1377,1.1376,1.13763
1782451200000,1.13762,1.13767,1.1376,1.1376
1782451260000,1.1376,1.13764,1.1376,1.13761
1782451320000,1.13763,1.13763,1.13751,1.13756
1782451380000,1.13755,1.13757,1.13754,1.13756
1782451440000,1.13757,1.13757,1.13754,1.13756
1782451500000,1.13755,1.13767,1.13755,1.13767
1782451560000,1.13767,1.13777,1.13767,1.13776
1782451620000,1.13776,1.13777,1.13774,1.13775
1782451680000,1.13773,1.13781,1.13769,1.1378
1782451740000,1.13781,1.13785,1.13776,1.13777
1782451800000,1.13776,1.13784,1.13776,1.13782
1782451860000,1.1378,1.13784,1.13776,1.13778
1782451920000,1.1378,1.13782,1.13777,1.13782
1782451980000,1.1378,1.13781,1.13776,1.13777
1782452040000,1.13777,1.13778,1.13773,1.13775
1782452100000,1.13777,1.13777,1.1377,1.1377
1782452160000,1.13772,1.13773,1.13766,1.13766
1782452220000,1.13767,1.13777,1.13766,1.13776
1782452280000,1.13776,1.13776,1.13771,1.13772
1782452340000,1.1377,1.1377,1.13768,1.1377
1782452400000,1.13769,1.13783,1.13767,1.13783
1782452460000,1.13781,1.13783,1.13776,1.1378
1782452520000,1.13782,1.13792,1.1378,1.13792
1782452580000,1.13792,1.13799,1.13792,1.13797
1782452640000,1.13796,1.13797,1.1379,1.13791
1782452700000,1.1379,1.1379,1.13775,1.13777
1782452760000,1.13778,1.13787,1.13778,1.13785
1782452820000,1.13786,1.13787,1.13781,1.13783
1782452880000,1.13783,1.13786,1.13781,1.13785
1782452940000,1.13784,1.13793,1.13779,1.1379
1782453000000,1.13792,1.13799,1.13789,1.13798
1782453060000,1.13796,1.13801,1.13787,1.1379
1782453120000,1.13787,1.13788,1.13781,1.13785
1782453180000,1.13786,1.13802,1.1378,1.13802
1782453240000,1.13803,1.13821,1.138,1.13814
1782453300000,1.13812,1.13812,1.13802,1.13806
1782453360000,1.13808,1.13808,1.13796,1.138
1782453420000,1.13798,1.138,1.13792,1.13794
1782453480000,1.13794,1.138,1.13794,1.13795
1782453540000,1.13793,1.13793,1.13781,1.13781
1782453600000,1.13783,1.13795,1.13775,1.13777
1782453660000,1.13775,1.13776,1.13768,1.13774
1782453720000,1.13773,1.13773,1.13759,1.1376
1782453780000,1.13757,1.1376,1.13753,1.1376
1782453840000,1.13761,1.13762,1.13754,1.13755
1782453900000,1.13755,1.1376,1.13748,1.13748
1782453960000,1.13747,1.1376,1.13744,1.13759
1782454020000,1.1376,1.13765,1.13751,1.13751
1782454080000,1.13751,1.13755,1.13745,1.1375
1782454140000,1.13748,1.13748,1.13741,1.13742
1782454200000,1.13741,1.13744,1.1373,1.1373
1782454260000,1.13729,1.13734,1.13728,1.13733
1782454320000,1.13733,1.13749,1.13728,1.13749
1782454380000,1.13749,1.13754,1.13743,1.13748
1782454440000,1.13748,1.13751,1.13742,1.13749
1782454500000,1.1375,1.13764,1.13743,1.13748
1782454560000,1.13749,1.13751,1.13742,1.13747
1782454620000,1.13748,1.13753,1.13744,1.13751
1782454680000,1.13751,1.13751,1.13739,1.13741
1782454740000,1.1374,1.1376,1.13739,1.13754
1782454800000,1.13756,1.13762,1.13754,1.13761
1782454860000,1.13762,1.13776,1.13762,1.13774
1782454920000,1.13775,1.13775,1.13765,1.13767
1782454980000,1.13765,1.13771,1.13759,1.1376
1782455040000,1.1376,1.13769,1.13759,1.13765
1782455100000,1.13765,1.13765,1.13758,1.13762
1782455160000,1.13761,1.13762,1.13748,1.13755
1782455220000,1.13754,1.13772,1.13752,1.13771
1782455280000,1.13769,1.13774,1.13766,1.13774
1782455340000,1.13775,1.1379,1.13775,1.13787
1782455400000,1.13788,1.13806,1.13784,1.13804
1782455460000,1.13804,1.13824,1.13802,1.13823
1782455520000,1.13821,1.13821,1.13803,1.13805
1782455580000,1.13804,1.13815,1.13803,1.13804
1782455640000,1.13806,1.13806,1.13798,1.13803
1782455700000,1.13804,1.13805,1.13797,1.13801
1782455760000,1.13801,1.13802,1.13795,1.13801
1782455820000,1.13801,1.1381,1.13796,1.13796
1782455880000,1.13797,1.13797,1.13789,1.13796
1782455940000,1.13794,1.13794,1.13785,1.13789
1782456000000,1.13787,1.13807,1.13781,1.13803
1782456060000,1.13805,1.13806,1.13792,1.13797
1782456120000,1.13796,1.13796,1.13774,1.13777
1782456180000,1.13776,1.13781,1.13767,1.13781
1782456240000,1.13782,1.13783,1.13766,1.13766
1782456300000,1.13764,1.13771,1.13762,1.13771
1782456360000,1.1377,1.13779,1.13768,1.13773
1782456420000,1.13772,1.13778,1.13769,1.13776
1782456480000,1.13776,1.13776,1.13756,1.13759
1782456540000,1.13759,1.13762,1.1372,1.1372
1782456600000,1.1372,1.13736,1.13713,1.13731
1782456660000,1.13732,1.13737,1.13726,1.13736
1782456720000,1.13738,1.13748,1.13738,1.13742
1782456780000,1.13745,1.13759,1.13745,1.13756
1782456840000,1.13759,1.13773,1.13752,1.13763
1782456900000,1.13762,1.13765,1.13745,1.13758
1782456960000,1.13758,1.13764,1.13757,1.13762
1782457020000,1.13762,1.1377,1.13759,1.13769
1782457080000,1.13767,1.13776,1.13755,1.13756
1782457140000,1.13754,1.13757,1.13745,1.13751
1782457200000,1.1375,1.13753,1.13734,1.13735
1782457260000,1.13734,1.13772,1.13729,1.1376
1782457320000,1.13761,1.13774,1.1375,1.1375
1782457380000,1.13749,1.13749,1.1373,1.1374
1782457440000,1.13739,1.13745,1.13735,1.13736
1782457500000,1.13738,1.13746,1.13736,1.13742
1782457560000,1.13741,1.1376,1.13734,1.1376
1782457620000,1.13761,1.13783,1.13761,1.13776
1782457680000,1.13776,1.13784,1.13772,1.13777
1782457740000,1.13777,1.13779,1.13769,1.13771
1782457800000,1.13773,1.13775,1.13768,1.13768
1782457860000,1.13769,1.13782,1.13765,1.13765
1782457920000,1.13765,1.13772,1.13765,1.13766
1782457980000,1.13767,1.13767,1.13754,1.13763
1782458040000,1.13763,1.13778,1.13762,1.13767
1782458100000,1.13766,1.13778,1.1376,1.13764
1782458160000,1.13765,1.13778,1.13764,1.13769
1782458220000,1.13768,1.13773,1.13768,1.13772
1782458280000,1.13772,1.13774,1.13763,1.13764
1782458340000,1.13764,1.13775,1.13758,1.13773
1782458400000,1.13773,1.13775,1.13753,1.13753
1782458460000,1.13753,1.1377,1.1375,1.13764
1782458520000,1.13764,1.13765,1.1375,1.13755
1782458580000,1.13754,1.13761,1.13748,1.13761
1782458640000,1.13763,1.1377,1.13757,1.13764
1782458700000,1.13766,1.13766,1.13753,1.13753
1782458760000,1.13758,1.1377,1.13757,1.1376
1782458820000,1.13758,1.13765,1.13743,1.13764
1782458880000,1.13766,1.13766,1.13749,1.13749
1782458940000,1.13749,1.13753,1.13748,1.13751
1782459000000,1.1375,1.13767,1.13747,1.13767
1782459060000,1.13766,1.13773,1.13763,1.13773
1782459120000,1.13773,1.13804,1.13767,1.13796
1782459180000,1.13796,1.13814,1.13794,1.1381
1782459240000,1.13809,1.13811,1.13805,1.13805
1782459300000,1.13802,1.13817,1.138,1.13809
1782459360000,1.13807,1.13819,1.13801,1.13819
1782459420000,1.13818,1.13852,1.13818,1.13852
1782459480000,1.13853,1.13856,1.13846,1.13851
1782459540000,1.13851,1.13883,1.13851,1.13883
1782459600000,1.13883,1.13884,1.1387,1.1388
1782459660000,1.13881,1.13885,1.13877,1.13882
1782459720000,1.13879,1.13881,1.13859,1.13861
1782459780000,1.1386,1.13872,1.1386,1.1387
1782459840000,1.1387,1.13882,1.1385,1.13856
1782459900000,1.13855,1.13862,1.13849,1.13856
1782459960000,1.13856,1.13862,1.13851,1.1386
1782460020000,1.13861,1.13861,1.13843,1.13851
1782460080000,1.1385,1.13856,1.13849,1.13851
1782460140000,1.13848,1.13861,1.13846,1.13859
1782460200000,1.1386,1.13872,1.13856,1.1387
1782460260000,1.13871,1.13886,1.13865,1.13865
1782460320000,1.13867,1.13872,1.13857,1.13858
1782460380000,1.13857,1.13857,1.13849,1.13856
1782460440000,1.13855,1.1387,1.13854,1.13867
1782460500000,1.13865,1.13878,1.13857,1.13863
1782460560000,1.13862,1.13867,1.13858,1.13859
1782460620000,1.13857,1.13862,1.13849,1.13862
1782460680000,1.13862,1.13871,1.13861,1.13867
1782460740000,1.13866,1.13874,1.13861,1.13866
1782460800000,1.13864,1.13881,1.13852,1.1386
1782460860000,1.1386,1.13865,1.13847,1.13849
1782460920000,1.1385,1.13852,1.13834,1.13846
1782460980000,1.13844,1.13845,1.13829,1.13834
1782461040000,1.13835,1.13852,1.13832,1.13847
1782461100000,1.13849,1.13851,1.13832,1.13843
1782461160000,1.13843,1.1387,1.13833,1.1387
1782461220000,1.1387,1.13881,1.1387,1.13875
1782461280000,1.13872,1.1393,1.13865,1.1393
1782461340000,1.13929,1.13975,1.13929,1.13963
1782461400000,1.13962,1.1397,1.13937,1.13937
1782461460000,1.13936,1.13962,1.13907,1.1396
1782461520000,1.13961,1.13978,1.13955,1.13959
1782461580000,1.13961,1.13976,1.13953,1.13968
1782461640000,1.13966,1.13977,1.13951,1.13977
1782461700000,1.13977,1.1399,1.1395,1.13979
1782461760000,1.13978,1.13981,1.13965,1.1397
1782461820000,1.13973,1.13975,1.13965,1.13974
1782461880000,1.13976,1.14,1.13974,1.13986
1782461940000,1.13985,1.13986,1.13959,1.13974
1782462000000,1.13972,1.13976,1.1395,1.13966
1782462060000,1.13966,1.13972,1.13958,1.13967
1782462120000,1.13966,1.13966,1.13958,1.13963
1782462180000,1.13961,1.13969,1.1396,1.13969
1782462240000,1.13968,1.13969,1.13949,1.13953
1782462300000,1.13955,1.13964,1.13943,1.13946
1782462360000,1.13944,1.13981,1.13943,1.13975
1782462420000,1.13974,1.13981,1.1397,1.1398
1782462480000,1.13979,1.13981,1.13972,1.13975
1782462540000,1.13978,1.14025,1.13973,1.14022
1782462600000,1.1402,1.14024,1.13962,1.13965
1782462660000,1.13965,1.13983,1.13963,1.13979
1782462720000,1.1398,1.1398,1.13969,1.13969
1782462780000,1.13968,1.13969,1.13959,1.1396
1782462840000,1.13959,1.13986,1.13954,1.13979
1782462900000,1.1398,1.13981,1.13966,1.13973
1782462960000,1.13976,1.13989,1.13976,1.13976
1782463020000,1.13977,1.13986,1.13975,1.13986
1782463080000,1.13986,1.1399,1.13977,1.13989
1782463140000,1.13989,1.13993,1.13977,1.13983
1782463200000,1.13984,1.13992,1.13978,1.13984
1782463260000,1.13981,1.1399,1.13976,1.13979
1782463320000,1.13979,1.13993,1.13979,1.1399
1782463380000,1.13992,1.14007,1.13989,1.14
1782463440000,1.13998,1.14033,1.13998,1.14031
1782463500000,1.14029,1.14074,1.14029,1.14056
1782463560000,1.14055,1.14062,1.14042,1.14061
1782463620000,1.1406,1.1406,1.1401,1.1401
1782463680000,1.1401,1.14022,1.14002,1.14019
1782463740000,1.14018,1.14024,1.14013,1.14024
1782463800000,1.14025,1.14034,1.14017,1.14032
1782463860000,1.1403,1.14047,1.14024,1.14046
1782463920000,1.14046,1.14051,1.14035,1.14041
1782463980000,1.14044,1.14073,1.14044,1.14066
1782464040000,1.14065,1.14065,1.14049,1.14062
1782464100000,1.14062,1.14062,1.14036,1.14039
1782464160000,1.14041,1.14042,1.14013,1.14015
1782464220000,1.14017,1.14019,1.14004,1.14014
1782464280000,1.14013,1.1402,1.14012,1.14019
1782464340000,1.14019,1.14019,1.14012,1.14012
1782464400000,1.14013,1.14013,1.13985,1.13987
1782464460000,1.13987,1.14003,1.13987,1.13989
1782464520000,1.13988,1.13997,1.1398,1.13984
1782464580000,1.13983,1.1399,1.13976,1.13988
1782464640000,1.13986,1.13986,1.13965,1.13968
1782464700000,1.13968,1.13972,1.13962,1.13969
1782464760000,1.13969,1.13982,1.1396,1.1396
1782464820000,1.13957,1.1398,1.13953,1.13978
1782464880000,1.13978,1.13999,1.13977,1.13998
1782464940000,1.13996,1.13998,1.13989,1.13991
1782465000000,1.1399,1.1399,1.1398,1.13981
1782465060000,1.13983,1.13983,1.13976,1.13983
1782465120000,1.13981,1.13981,1.13967,1.13973
1782465180000,1.13973,1.13985,1.13973,1.13983
1782465240000,1.13983,1.13983,1.13963,1.13972
1782465300000,1.13971,1.13981,1.1397,1.13976
1782465360000,1.13974,1.14001,1.13972,1.13997
1782465420000,1.13995,1.13995,1.13981,1.13988
1782465480000,1.13988,1.13989,1.13961,1.1398
1782465540000,1.13979,1.13984,1.13956,1.13983
1782465600000,1.13984,1.13993,1.13979,1.13988
1782465660000,1.13984,1.13993,1.13982,1.13992
1782465720000,1.13994,1.13998,1.13981,1.13982
1782465780000,1.13982,1.13998,1.13976,1.13995
1782465840000,1.13992,1.13993,1.13982,1.13986
1782465900000,1.13986,1.13998,1.13985,1.13993
1782465960000,1.13994,1.14018,1.13992,1.14018
1782466020000,1.14017,1.1402,1.14006,1.14007
1782466080000,1.14008,1.14026,1.13999,1.1402
1782466140000,1.14023,1.14037,1.14022,1.14032
1782466200000,1.14032,1.1404,1.1403,1.14039
1782466260000,1.14039,1.14039,1.14003,1.14014
1782466320000,1.14014,1.14032,1.14014,1.14032
1782466380000,1.14031,1.14044,1.14029,1.14039
1782466440000,1.14038,1.14045,1.14036,1.14045
1782466500000,1.14045,1.14054,1.14045,1.14051
1782466560000,1.1405,1.14056,1.14044,1.14047
1782466620000,1.14048,1.14059,1.14048,1.14057
1782466680000,1.14057,1.14057,1.14038,1.14046
1782466740000,1.14047,1.14054,1.14046,1.1405
1782466800000,1.14052,1.14073,1.14052,1.1407
1782466860000,1.1407,1.14071,1.14053,1.14065
1782466920000,1.14066,1.14068,1.14054,1.14054
1782466980000,1.14056,1.14056,1.14048,1.14049
1782467040000,1.14051,1.14061,1.14051,1.14053
1782467100000,1.14057,1.1406,1.1405,1.14054
1782467160000,1.14055,1.14071,1.14054,1.14071
1782467220000,1.14071,1.1409,1.14071,1.1409
1782467280000,1.14089,1.14106,1.14088,1.14106
1782467340000,1.14104,1.1412,1.14093,1.14094
1782467400000,1.14096,1.1411,1.1409,1.14101
1782467460000,1.14103,1.14115,1.14093,1.14095
1782467520000,1.14094,1.14105,1.14094,1.14102
1782467580000,1.14104,1.1411,1.14102,1.14108
1782467640000,1.14107,1.14107,1.14091,1.14094
1782467700000,1.14095,1.14095,1.14077,1.14092
1782467760000,1.14092,1.14094,1.14085,1.14085
1782467820000,1.14084,1.14089,1.14066,1.14066
1782467880000,1.14063,1.14078,1.14062,1.14073
1782467940000,1.14073,1.14077,1.14064,1.14067
1782468000000,1.14068,1.14082,1.14055,1.14064
1782468060000,1.14065,1.14081,1.14054,1.14054
1782468120000,1.14054,1.14058,1.14048,1.14049
1782468180000,1.14048,1.14049,1.14035,1.14043
1782468240000,1.14043,1.14059,1.14043,1.14053
1782468300000,1.14055,1.14058,1.14039,1.14044
1782468360000,1.14046,1.14071,1.14046,1.14069
1782468420000,1.14068,1.14071,1.14067,1.14071
1782468480000,1.14071,1.14071,1.14062,1.14062
1782468540000,1.14059,1.14063,1.14054,1.14059
1782468600000,1.14059,1.1406,1.14043,1.14043
1782468660000,1.14044,1.14053,1.1404,1.14048
1782468720000,1.14049,1.14053,1.14042,1.14048
1782468780000,1.14048,1.14053,1.14041,1.14044
1782468840000,1.14044,1.1405,1.14039,1.14049
1782468900000,1.14047,1.14053,1.14043,1.14049
1782468960000,1.14049,1.14063,1.14047,1.14058
1782469020000,1.14059,1.14068,1.14058,1.14061
1782469080000,1.1406,1.1406,1.14039,1.14042
1782469140000,1.14042,1.14042,1.14024,1.14024
1782469200000,1.14026,1.1403,1.14012,1.14015
1782469260000,1.14015,1.14018,1.14008,1.14017
1782469320000,1.14015,1.14016,1.14008,1.14008
1782469380000,1.14009,1.1402,1.14001,1.14018
1782469440000,1.14019,1.1402,1.14009,1.14012
1782469500000,1.14011,1.14011,1.14002,1.14008
1782469560000,1.14007,1.14033,1.14007,1.14028
1782469620000,1.14028,1.14033,1.1402,1.14026
1782469680000,1.14027,1.14028,1.14021,1.14025
1782469740000,1.14027,1.14034,1.14025,1.14032
1782469800000,1.14032,1.14037,1.14029,1.14033
1782469860000,1.14032,1.14042,1.14032,1.14038
1782469920000,1.14039,1.14044,1.14037,1.14037
1782469980000,1.14038,1.14045,1.1403,1.14037
1782470040000,1.14036,1.14053,1.14036,1.14052
1782470100000,1.14052,1.14059,1.14042,1.14042
1782470160000,1.1404,1.14051,1.14039,1.14051
1782470220000,1.14052,1.14054,1.14046,1.14048
1782470280000,1.1405,1.1406,1.14048,1.14056
1782470340000,1.14057,1.14059,1.14051,1.14055
1782470400000,1.14057,1.14066,1.14052,1.14054
1782470460000,1.14054,1.14054,1.1403,1.14031
1782470520000,1.14031,1.14033,1.14022,1.14028
1782470580000,1.14028,1.14039,1.14021,1.14035
1782470640000,1.14035,1.14035,1.14023,1.14028
1782470700000,1.14028,1.14029,1.14015,1.14028
1782470760000,1.14027,1.14039,1.14027,1.14033
1782470820000,1.14034,1.14035,1.14025,1.14032
1782470880000,1.1403,1.14032,1.14015,1.14022
1782470940000,1.14022,1.14034,1.14022,1.14033
1782471000000,1.14033,1.1404,1.14032,1.14033
1782471060000,1.14031,1.14037,1.14028,1.1403
1782471120000,1.14032,1.14053,1.14032,1.14051
1782471180000,1.14052,1.14054,1.14044,1.14048
1782471240000,1.14047,1.14052,1.14043,1.14047
1782471300000,1.14048,1.14051,1.14035,1.14042
1782471360000,1.14042,1.14044,1.14039,1.14042
1782471420000,1.14043,1.14051,1.14032,1.14048
1782471480000,1.14046,1.14047,1.14028,1.1403
1782471540000,1.14032,1.14048,1.14031,1.14047
1782471600000,1.14049,1.14058,1.14044,1.14047
1782471660000,1.14047,1.1405,1.1404,1.1404
1782471720000,1.14042,1.14048,1.14042,1.14046
1782471780000,1.14044,1.1405,1.14033,1.14047
1782471840000,1.14046,1.14046,1.14025,1.14035
1782471900000,1.14037,1.14037,1.14026,1.14026
1782471960000,1.14026,1.14033,1.14019,1.14033
1782472020000,1.14032,1.14033,1.14019,1.14032
1782472080000,1.14032,1.14038,1.1403,1.14036
1782472140000,1.14033,1.14039,1.14031,1.14039
1782472200000,1.14037,1.14041,1.14034,1.14037
1782472260000,1.14038,1.14056,1.14035,1.14047
1782472320000,1.14045,1.14046,1.14022,1.14025
1782472380000,1.14025,1.14026,1.1402,1.14022
1782472440000,1.1402,1.14021,1.14006,1.14019
1782472500000,1.14018,1.14025,1.14012,1.14022
1782472560000,1.14022,1.14022,1.14002,1.14002
1782472620000,1.14002,1.14005,1.13998,1.14
1782472680000,1.14001,1.14018,1.14001,1.14016
1782472740000,1.14017,1.14044,1.14017,1.14041
1782472800000,1.14039,1.14043,1.14031,1.14043
1782472860000,1.14042,1.14051,1.14036,1.14047
1782472920000,1.14048,1.14061,1.1404,1.14056
1782472980000,1.14054,1.14057,1.14044,1.14047
1782473040000,1.14046,1.14046,1.14035,1.14038
1782473100000,1.14036,1.14037,1.14022,1.14023
1782473160000,1.14024,1.14049,1.14023,1.14047
1782473220000,1.14049,1.14053,1.14041,1.14053
1782473280000,1.14052,1.14056,1.14048,1.14048
1782473340000,1.14048,1.1406,1.14043,1.14058
1782473400000,1.14056,1.14059,1.14051,1.14053
1782473460000,1.14052,1.14052,1.14038,1.14043
1782473520000,1.14042,1.14042,1.14027,1.14027
1782473580000,1.14028,1.14034,1.14021,1.14021
1782473640000,1.14021,1.14023,1.14012,1.14016
1782473700000,1.14016,1.14016,1.13995,1.13995
1782473760000,1.13994,1.14003,1.1399,1.13996
1782473820000,1.13995,1.14003,1.13989,1.13996
1782473880000,1.13996,1.14008,1.13995,1.13996
1782473940000,1.13998,1.1401,1.13997,1.14008
1782474000000,1.14009,1.14009,1.14001,1.14006
1782474060000,1.14007,1.14017,1.14007,1.14011
1782474120000,1.1401,1.14017,1.14006,1.14016
1782474180000,1.14015,1.14015,1.13996,1.13996
1782474240000,1.13995,1.13999,1.13989,1.13996
1782474300000,1.13995,1.13997,1.1399,1.13997
1782474360000,1.13997,1.14001,1.1398,1.13988
1782474420000,1.13988,1.13992,1.13978,1.13979
1782474480000,1.1398,1.13995,1.1398,1.13986
1782474540000,1.13985,1.13988,1.13976,1.13976
1782474600000,1.13978,1.13978,1.13964,1.13967
1782474660000,1.13967,1.13974,1.13966,1.13967
1782474720000,1.13966,1.13967,1.1394,1.1394
1782474780000,1.13939,1.13954,1.13936,1.13953
1782474840000,1.13954,1.1396,1.13954,1.13958
1782474900000,1.13958,1.13979,1.13958,1.1397
1782474960000,1.13971,1.13992,1.13971,1.1398
1782475020000,1.13982,1.13982,1.1396,1.13962
1782475080000,1.13962,1.13988,1.13962,1.13981
1782475140000,1.1398,1.13988,1.13978,1.13983
1782475200000,1.13983,1.13987,1.13975,1.13985
1782475260000,1.13984,1.13995,1.13981,1.13992
1782475320000,1.13994,1.13998,1.13992,1.13993
1782475380000,1.13992,1.14004,1.13989,1.14004
1782475440000,1.14006,1.14012,1.14002,1.14009
1782475500000,1.1401,1.14017,1.14006,1.14014
1782475560000,1.14015,1.14024,1.14014,1.14016
1782475620000,1.14016,1.14016,1.14005,1.14005
1782475680000,1.14004,1.1401,1.14,1.14007
1782475740000,1.14006,1.14017,1.14002,1.14011
1782475800000,1.14011,1.14014,1.14007,1.14014
1782475860000,1.14013,1.14025,1.14011,1.14014
1782475920000,1.14015,1.14019,1.1401,1.14016
1782475980000,1.14014,1.14014,1.14005,1.14007
1782476040000,1.14007,1.14011,1.14007,1.14009
1782476100000,1.1401,1.14024,1.14008,1.14023
1782476160000,1.14023,1.14032,1.14021,1.14031
1782476220000,1.14032,1.14037,1.14024,1.14037
1782476280000,1.14036,1.14038,1.14024,1.14024
1782476340000,1.14024,1.1403,1.14016,1.1403
1782476400000,1.14028,1.14029,1.14002,1.14004
1782476460000,1.14005,1.14014,1.13997,1.14008
1782476520000,1.14007,1.14024,1.14003,1.14018
1782476580000,1.14016,1.14026,1.14008,1.1402
1782476640000,1.14021,1.14023,1.14012,1.14015
1782476700000,1.14017,1.1404,1.14017,1.14028
1782476760000,1.14029,1.14041,1.14027,1.14037
1782476820000,1.14039,1.14063,1.14039,1.14061
1782476880000,1.1406,1.1406,1.14049,1.1405
1782476940000,1.14051,1.14051,1.14038,1.14043
1782477000000,1.14041,1.14044,1.14028,1.14042
1782477060000,1.14044,1.14063,1.14042,1.14059
1782477120000,1.14061,1.14062,1.14043,1.14043
1782477180000,1.14041,1.14041,1.14014,1.14028
1782477240000,1.14029,1.14042,1.14021,1.14026
1782477300000,1.14027,1.14033,1.14019,1.14032
1782477360000,1.14033,1.14055,1.14029,1.14054
1782477420000,1.14054,1.14056,1.14047,1.14054
1782477480000,1.14054,1.14064,1.14046,1.14058
1782477540000,1.14059,1.14074,1.14045,1.14052
1782477600000,1.14052,1.14079,1.14052,1.14078
1782477660000,1.1408,1.14095,1.14075,1.14095
1782477720000,1.14094,1.14094,1.14073,1.14075
1782477780000,1.14076,1.14078,1.14068,1.14073
1782477840000,1.14075,1.14081,1.14071,1.14078
1782477900000,1.14077,1.14077,1.14063,1.14068
1782477960000,1.14066,1.14112,1.14061,1.14107
1782478020000,1.14106,1.14109,1.14085,1.14085
1782478080000,1.14084,1.14091,1.14078,1.14089
1782478140000,1.14089,1.14103,1.14078,1.1409
1782478200000,1.14091,1.14107,1.14086,1.14107
1782478260000,1.14106,1.14127,1.14105,1.14127
1782478320000,1.14126,1.14131,1.14112,1.14118
1782478380000,1.14119,1.14144,1.14119,1.14143
1782478440000,1.14143,1.14144,1.14124,1.1413
1782478500000,1.1413,1.14161,1.1413,1.14149
1782478560000,1.14149,1.14181,1.14148,1.1418
1782478620000,1.14182,1.14294,1.1418,1.14277
1782478680000,1.14276,1.14338,1.14253,1.14338
1782478740000,1.14336,1.14336,1.14263,1.1427
1782478800000,1.14271,1.14299,1.1426,1.14263
1782478860000,1.14264,1.14267,1.14236,1.14256
1782478920000,1.14256,1.14283,1.14233,1.14244
1782478980000,1.14242,1.14244,1.14221,1.14221
1782479040000,1.14221,1.14252,1.14218,1.14242
1782479100000,1.14243,1.14243,1.1422,1.14228
1782479160000,1.14228,1.14251,1.14217,1.14249
1782479220000,1.14248,1.1427,1.14242,1.14249
1782479280000,1.14248,1.14249,1.14232,1.14234
1782479340000,1.14236,1.14237,1.1418,1.14184
1782479400000,1.14184,1.14209,1.1418,1.14186
1782479460000,1.14185,1.14211,1.14178,1.14209
1782479520000,1.14212,1.14212,1.14197,1.14202
1782479580000,1.14201,1.14209,1.14192,1.142
1782479640000,1.14201,1.14204,1.14187,1.14197
1782479700000,1.14198,1.14198,1.14173,1.14183
1782479760000,1.14181,1.14194,1.14176,1.14193
1782479820000,1.14193,1.14202,1.14192,1.14202
1782479880000,1.14202,1.14202,1.14133,1.14141
1782479940000,1.14141,1.14169,1.14116,1.14168
1782480000000,1.14168,1.14196,1.14157,1.14176
1782480060000,1.14176,1.14223,1.14176,1.14221
1782480120000,1.14221,1.14233,1.14217,1.14227
1782480180000,1.14228,1.14228,1.14211,1.14217
1782480240000,1.14219,1.14219,1.14201,1.14205
1782480300000,1.14206,1.1422,1.14196,1.14216
1782480360000,1.14217,1.14231,1.14212,1.14227
1782480420000,1.14226,1.14234,1.14221,1.14226
1782480480000,1.14226,1.14226,1.14206,1.14214
1782480540000,1.14215,1.14227,1.14212,1.14216
1782480600000,1.14214,1.14239,1.14204,1.14229
1782480660000,1.14228,1.14228,1.14196,1.14221
1782480720000,1.1422,1.1422,1.14203,1.14205
1782480780000,1.14208,1.14226,1.14208,1.14212
1782480840000,1.14215,1.14236,1.14211,1.14232
1782480900000,1.14232,1.14237,1.14215,1.1423
1782480960000,1.14229,1.14244,1.14227,1.14232
1782481020000,1.14233,1.14234,1.14218,1.14219
1782481080000,1.14221,1.14227,1.14216,1.1422
1782481140000,1.14219,1.1423,1.14219,1.14227
1782481200000,1.14227,1.14233,1.14221,1.14229
1782481260000,1.14228,1.1423,1.14216,1.14222
1782481320000,1.14222,1.14247,1.14222,1.14238
1782481380000,1.14237,1.14237,1.14212,1.14215
1782481440000,1.14215,1.14235,1.14214,1.14231
1782481500000,1.14233,1.14233,1.1419,1.14192
1782481560000,1.14193,1.14195,1.14181,1.14181
1782481620000,1.14185,1.14194,1.14173,1.14177
1782481680000,1.14177,1.14189,1.14173,1.14182
1782481740000,1.14184,1.14188,1.14176,1.14182
1782481800000,1.14183,1.14187,1.14171,1.14171
1782481860000,1.1417,1.14192,1.14165,1.1418
1782481920000,1.14182,1.14185,1.14171,1.14178
1782481980000,1.1418,1.14187,1.14175,1.14175
1782482040000,1.14175,1.142,1.14173,1.14196
1782482100000,1.14197,1.14198,1.14179,1.14183
1782482160000,1.14181,1.14196,1.14177,1.14196
1782482220000,1.14196,1.14215,1.14194,1.14214
1782482280000,1.14215,1.14232,1.14215,1.1423
1782482340000,1.1423,1.14249,1.14228,1.14247
1782482400000,1.14249,1.14282,1.14226,1.1423
1782482460000,1.14229,1.14246,1.14229,1.14243
1782482520000,1.14242,1.14245,1.14217,1.14236
1782482580000,1.14237,1.14242,1.14206,1.14207
1782482640000,1.14207,1.14212,1.14197,1.14208
1782482700000,1.14208,1.14208,1.14187,1.14197
1782482760000,1.14197,1.14223,1.14197,1.14222
1782482820000,1.14221,1.14226,1.14209,1.14214
1782482880000,1.14214,1.14214,1.14202,1.14202
1782482940000,1.14202,1.14215,1.14196,1.14212
1782483000000,1.14212,1.14237,1.14208,1.14212
1782483060000,1.14213,1.14213,1.14197,1.14203
1782483120000,1.14203,1.14208,1.14196,1.14199
1782483180000,1.14197,1.14218,1.14197,1.14218
1782483240000,1.14218,1.14218,1.1421,1.14217
1782483300000,1.14218,1.14225,1.14212,1.1422
1782483360000,1.14221,1.14259,1.1422,1.14242
1782483420000,1.1424,1.1424,1.14206,1.14206
1782483480000,1.14205,1.14216,1.14205,1.14213
1782483540000,1.14214,1.14221,1.14199,1.14203
1782483600000,1.14206,1.14239,1.14205,1.14237
1782483660000,1.14238,1.14265,1.14238,1.14249
1782483720000,1.14248,1.14249,1.14239,1.14242
1782483780000,1.14241,1.14244,1.14227,1.14238
1782483840000,1.14237,1.14247,1.14228,1.14231
1782483900000,1.14231,1.14242,1.14222,1.14228
1782483960000,1.14228,1.14229,1.14198,1.14201
1782484020000,1.14203,1.14213,1.14192,1.14198
1782484080000,1.142,1.14204,1.14189,1.14192
1782484140000,1.14192,1.14197,1.14171,1.14177
1782484200000,1.14176,1.14182,1.14163,1.14181
1782484260000,1.14181,1.14192,1.1418,1.14186
1782484320000,1.14186,1.1419,1.14177,1.14188
1782484380000,1.14189,1.14189,1.1417,1.14176
1782484440000,1.14177,1.14178,1.14147,1.14152
1782484500000,1.14154,1.14173,1.14153,1.14171
1782484560000,1.14173,1.14173,1.14156,1.14159
1782484620000,1.1416,1.14165,1.14156,1.14163
1782484680000,1.14166,1.14166,1.14151,1.14152
1782484740000,1.14153,1.14158,1.14148,1.14156
1782484800000,1.14157,1.14158,1.14137,1.14141
1782484860000,1.14142,1.14145,1.14112,1.14126
1782484920000,1.14123,1.14149,1.14116,1.14146
1782484980000,1.14147,1.14164,1.14142,1.1416
1782485040000,1.14162,1.14167,1.14156,1.14157
1782485100000,1.14158,1.1416,1.14147,1.14153
1782485160000,1.14154,1.14164,1.1415,1.14162
1782485220000,1.14162,1.14178,1.14161,1.14173
1782485280000,1.14172,1.14175,1.14155,1.14167
1782485340000,1.14167,1.14202,1.14146,1.14168
1782485400000,1.14168,1.14171,1.14124,1.14148
1782485460000,1.14146,1.14148,1.14131,1.14134
1782485520000,1.14133,1.14133,1.14093,1.14094
1782485580000,1.14093,1.14093,1.14063,1.14063
1782485640000,1.14059,1.1406,1.14036,1.14042
1782485700000,1.14043,1.14045,1.14024,1.14028
1782485760000,1.14028,1.14029,1.13981,1.13987
1782485820000,1.13987,1.13998,1.13935,1.13939
1782485880000,1.13942,1.13983,1.13935,1.13952
1782485940000,1.13951,1.13962,1.13934,1.13939
1782486000000,1.13939,1.13946,1.13926,1.13932
1782486060000,1.13932,1.13958,1.1392,1.13948
1782486120000,1.13947,1.13979,1.13944,1.13979
1782486180000,1.13978,1.13985,1.13968,1.13984
1782486240000,1.13983,1.13983,1.13963,1.13968
1782486300000,1.13966,1.13978,1.1396,1.13977
1782486360000,1.13977,1.13982,1.13966,1.13979
1782486420000,1.13981,1.13999,1.1398,1.13997
1782486480000,1.13995,1.14008,1.13992,1.14008
1782486540000,1.14008,1.1402,1.14006,1.14018
1782486600000,1.14017,1.14025,1.14009,1.14023
1782486660000,1.14022,1.14022,1.14011,1.14013
1782486720000,1.14016,1.14018,1.14004,1.14018
1782486780000,1.14018,1.14034,1.14018,1.14028
1782486840000,1.14029,1.14036,1.14022,1.14029
1782486900000,1.14028,1.14033,1.14018,1.14033
1782486960000,1.14031,1.14035,1.14024,1.14035
1782487020000,1.14035,1.14038,1.14029,1.14034
1782487080000,1.14034,1.14035,1.14015,1.14015
1782487140000,1.14015,1.14018,1.14011,1.14017
1782487200000,1.14021,1.14029,1.14021,1.14029
1782487260000,1.14028,1.14038,1.14028,1.14037
1782487320000,1.14037,1.1406,1.14037,1.14058
1782487380000,1.14058,1.14058,1.14034,1.14035
1782487440000,1.14035,1.14054,1.14035,1.14052
1782487500000,1.14051,1.14055,1.14046,1.14053
1782487560000,1.14052,1.14054,1.14039,1.14039
1782487620000,1.14039,1.14049,1.14035,1.14038
1782487680000,1.14038,1.14046,1.14035,1.14046
1782487740000,1.14047,1.14054,1.14046,1.14046
1782487800000,1.14047,1.14067,1.14047,1.14067
1782487860000,1.14065,1.14065,1.1405,1.1405
1782487920000,1.1405,1.1405,1.14024,1.14029
1782487980000,1.14031,1.14031,1.14013,1.14025
1782488040000,1.14025,1.14027,1.14022,1.14022
1782488100000,1.14023,1.1404,1.14018,1.14024
1782488160000,1.14023,1.14028,1.14022,1.14027
1782488220000,1.14025,1.14035,1.14022,1.14033
1782488280000,1.14033,1.14036,1.14026,1.14034
1782488340000,1.14034,1.14058,1.14034,1.14052
1782488400000,1.14051,1.14051,1.14038,1.14038
1782488460000,1.14038,1.14054,1.14038,1.14049
1782488520000,1.14049,1.1405,1.14029,1.14033
1782488580000,1.14036,1.14052,1.14036,1.14052
1782488640000,1.14052,1.14058,1.14048,1.1405
1782488700000,1.1405,1.14056,1.14047,1.14049
1782488760000,1.14048,1.14059,1.14048,1.14055
1782488820000,1.14055,1.14071,1.14055,1.14071
1782488880000,1.1407,1.14075,1.14066,1.14075
1782488940000,1.14074,1.14079,1.14062,1.14062
1782489000000,1.14064,1.14064,1.14029,1.14029
1782489060000,1.14029,1.14031,1.13949,1.13968
1782489120000,1.13969,1.13988,1.13955,1.13964
1782489180000,1.13966,1.13998,1.13958,1.1399
1782489240000,1.13988,1.1399,1.13974,1.13977
1782489300000,1.1398,1.14001,1.13978,1.13997
1782489360000,1.13998,1.14024,1.13998,1.1402
1782489420000,1.14019,1.1403,1.14013,1.14026
1782489480000,1.14027,1.14028,1.14013,1.14018
1782489540000,1.14018,1.14029,1.14015,1.14028
1782489600000,1.1403,1.14032,1.14006,1.14008
1782489660000,1.14008,1.14018,1.13997,1.14014
1782489720000,1.14015,1.14021,1.14011,1.14012
1782489780000,1.14016,1.14024,1.14012,1.14017
1782489840000,1.14016,1.14025,1.14015,1.14017
1782489900000,1.14016,1.14017,1.14006,1.14006
1782489960000,1.14007,1.14032,1.14007,1.1403
1782490020000,1.14029,1.14031,1.1402,1.1402
1782490080000,1.1402,1.1402,1.14012,1.14012
1782490140000,1.1401,1.14011,1.13989,1.13995
1782490200000,1.13995,1.13995,1.13975,1.13984
1782490260000,1.13982,1.13994,1.13976,1.13993
1782490320000,1.13993,1.14002,1.13993,1.13998
1782490380000,1.14,1.14001,1.13991,1.13993
1782490440000,1.13994,1.13998,1.13992,1.13992
1782490500000,1.13993,1.13996,1.13989,1.13996
1782490560000,1.13998,1.14,1.13993,1.13993
1782490620000,1.13993,1.13995,1.13984,1.13992
1782490680000,1.13993,1.13993,1.13981,1.13989
1782490740000,1.13991,1.13991,1.13988,1.13988
1782490800000,1.13989,1.13989,1.13965,1.13972
1782490860000,1.13971,1.13977,1.13931,1.13943
1782490920000,1.13943,1.13957,1.13931,1.13931
1782490980000,1.13929,1.13932,1.13916,1.13928
1782491040000,1.13926,1.13928,1.13911,1.13912
1782491100000,1.13911,1.13918,1.13903,1.13907
1782491160000,1.1391,1.13927,1.1391,1.13916
1782491220000,1.13917,1.13922,1.13911,1.13912
1782491280000,1.1391,1.1392,1.13907,1.13912
1782491340000,1.1391,1.13912,1.13905,1.13912
1782491400000,1.13912,1.13941,1.13912,1.13941
1782491460000,1.13941,1.13944,1.13931,1.13938
1782491520000,1.13938,1.13945,1.13926,1.13928
1782491580000,1.13929,1.13929,1.13899,1.13905
1782491640000,1.13906,1.13907,1.13885,1.13885
1782491700000,1.13887,1.13892,1.13874,1.13877
1782491760000,1.13874,1.13874,1.13833,1.13835
1782491820000,1.13835,1.13862,1.13831,1.13831
1782491880000,1.1383,1.1385,1.13829,1.13842
1782491940000,1.13842,1.13863,1.13841,1.13863
1782492000000,1.13862,1.13881,1.13861,1.13872
1782492060000,1.1387,1.13878,1.13867,1.13877
1782492120000,1.13878,1.13883,1.13875,1.13883
1782492180000,1.13883,1.13899,1.13882,1.1389
1782492240000,1.13889,1.13903,1.13882,1.1389
1782492300000,1.13889,1.13898,1.13888,1.13896
1782492360000,1.13895,1.13898,1.13892,1.13896
1782492420000,1.13896,1.139,1.13891,1.13893
1782492480000,1.13893,1.13902,1.13887,1.13889
1782492540000,1.13889,1.13894,1.13889,1.13892
1782492600000,1.1389,1.13892,1.13884,1.13891
1782492660000,1.13893,1.13894,1.13886,1.13889
1782492720000,1.13887,1.13894,1.13886,1.13894
1782492780000,1.13894,1.139,1.13894,1.13898
1782492840000,1.139,1.13904,1.1389,1.13897
1782492900000,1.13899,1.139,1.1389,1.13896
1782492960000,1.13897,1.13914,1.13897,1.13914
1782493020000,1.13913,1.13913,1.13904,1.13905
1782493080000,1.13905,1.13905,1.13896,1.13901
1782493140000,1.139,1.13902,1.13897,1.13898
1782493200000,1.13899,1.13899,1.13886,1.13896
1782493260000,1.13898,1.13908,1.13895,1.13895
1782493320000,1.13897,1.13903,1.13896,1.13903
1782493380000,1.13902,1.13912,1.13902,1.13911
1782493440000,1.1391,1.13916,1.13906,1.13909
1782493500000,1.1391,1.13913,1.13908,1.13908
1782493560000,1.13909,1.13916,1.13909,1.13913
1782493620000,1.13911,1.13918,1.13909,1.13918
1782493680000,1.13916,1.13927,1.13916,1.13924
1782493740000,1.13924,1.13924,1.13916,1.1392
1782493800000,1.1392,1.1393,1.13917,1.13929
1782493860000,1.13929,1.13929,1.1392,1.13923
1782493920000,1.13926,1.13927,1.13919,1.13926
1782493980000,1.13928,1.13928,1.13921,1.13921
1782494040000,1.13922,1.13923,1.13912,1.13913
1782494100000,1.13914,1.13915,1.13911,1.13912
1782494160000,1.13914,1.13921,1.13912,1.13921
1782494220000,1.13922,1.13922,1.13904,1.13908
1782494280000,1.13908,1.1391,1.13904,1.13904
1782494340000,1.13904,1.13908,1.13903,1.13903
1782494400000,1.13903,1.13906,1.13903,1.13904
1782494460000,1.13901,1.13908,1.13896,1.13905
1782494520000,1.13904,1.13911,1.13896,1.13896
1782494580000,1.13897,1.13898,1.13896,1.13898
1782494640000,1.13898,1.13903,1.13897,1.13901
1782494700000,1.13902,1.13904,1.13891,1.13899
1782494760000,1.13898,1.13906,1.13895,1.13898
1782494820000,1.13899,1.13906,1.1389,1.13897
1782494880000,1.13897,1.139,1.13892,1.13895
1782494940000,1.13894,1.13894,1.13885,1.13886
1782495000000,1.13888,1.13898,1.13888,1.13889
1782495060000,1.13887,1.13889,1.13858,1.13858
1782495120000,1.13858,1.13866,1.13858,1.13864
1782495180000,1.13863,1.13873,1.13861,1.13867
1782495240000,1.13868,1.13868,1.13851,1.13856
1782495300000,1.13856,1.13867,1.13856,1.13862
1782495360000,1.13861,1.13863,1.13851,1.13853
1782495420000,1.13853,1.13858,1.1385,1.1385
1782495480000,1.1385,1.13856,1.13845,1.13852
1782495540000,1.1385,1.13857,1.1385,1.13856
1782495600000,1.13856,1.13858,1.13847,1.13854
1782495660000,1.13857,1.13864,1.13855,1.13861
1782495720000,1.13862,1.13878,1.13862,1.13878
1782495780000,1.13876,1.13891,1.13873,1.13887
1782495840000,1.13887,1.13892,1.13887,1.13887
1782495900000,1.13889,1.13893,1.13886,1.13889
1782495960000,1.13888,1.13888,1.13873,1.13874
1782496020000,1.13873,1.13879,1.13873,1.13879
1782496080000,1.1388,1.13882,1.13876,1.13876
1782496140000,1.13878,1.13883,1.13876,1.13879
1782496200000,1.13881,1.13886,1.13878,1.13886
1782496260000,1.13885,1.13895,1.13883,1.13893
1782496320000,1.13892,1.13896,1.13892,1.13893
1782496380000,1.13893,1.13893,1.13886,1.13886
1782496440000,1.13887,1.13889,1.13882,1.13884
1782496500000,1.13885,1.13886,1.13882,1.13882
1782496560000,1.13882,1.13882,1.13878,1.1388
1782496620000,1.1388,1.13883,1.13868,1.1387
1782496680000,1.13869,1.13871,1.13853,1.13856
1782496740000,1.13857,1.13868,1.13856,1.13862
1782496800000,1.13865,1.13866,1.13855,1.13861
1782496860000,1.1386,1.13862,1.13854,1.13854
1782496920000,1.13856,1.13873,1.13852,1.13871
1782496980000,1.1387,1.13898,1.1387,1.13898
1782497040000,1.13898,1.13907,1.13897,1.13905
1782497100000,1.13904,1.13907,1.1389,1.13896
1782497160000,1.13898,1.13907,1.13898,1.13906
1782497220000,1.13909,1.13909,1.13905,1.13905
1782497280000,1.13903,1.13903,1.13892,1.13896
1782497340000,1.13896,1.13899,1.13892,1.13893
1782497400000,1.13894,1.13895,1.13889,1.13889
1782497460000,1.13891,1.13893,1.13888,1.13891
1782497520000,1.1389,1.13899,1.13888,1.13897
1782497580000,1.13898,1.13904,1.13895,1.13895
1782497640000,1.13894,1.13898,1.13893,1.13897
1782497700000,1.13898,1.13902,1.13892,1.13898
1782497760000,1.13898,1.13903,1.13896,1.13896
1782497820000,1.13895,1.13895,1.13889,1.13891
1782497880000,1.13891,1.13893,1.13883,1.13883
1782497940000,1.13883,1.13887,1.13879,1.13887
1782498000000,1.13888,1.13891,1.13883,1.13885
1782498060000,1.13883,1.13885,1.13881,1.13882
1782498120000,1.13882,1.13893,1.13881,1.13884
1782498180000,1.13883,1.13885,1.13882,1.13884
1782498240000,1.13884,1.13887,1.13877,1.13882
1782498300000,1.13879,1.13888,1.13879,1.13887
1782498360000,1.1389,1.13893,1.1389,1.13891
1782498420000,1.13892,1.13892,1.13889,1.13891
1782498480000,1.13891,1.13895,1.13879,1.13879
1782498540000,1.1388,1.13896,1.13878,1.13893
1782498600000,1.13893,1.13903,1.13893,1.13898
1782498660000,1.13899,1.13903,1.13898,1.13903
1782498720000,1.13902,1.13903,1.13901,1.13903
1782498780000,1.13902,1.13909,1.13901,1.13907
1782498840000,1.13907,1.13907,1.13905,1.13906
1782498900000,1.13906,1.13912,1.13903,1.13903
1782498960000,1.13903,1.13903,1.13896,1.13897
1782499020000,1.13896,1.139,1.13896,1.13897
1782499080000,1.13896,1.13902,1.13896,1.13899
1782499140000,1.13901,1.13903,1.139,1.13902
1782499200000,1.13903,1.13903,1.13891,1.13892
1782499260000,1.13892,1.13892,1.13886,1.13892
1782499320000,1.13893,1.13903,1.13893,1.13902
1782499380000,1.13902,1.13902,1.13896,1.13897
1782499440000,1.13898,1.13898,1.13896,1.13896
1782499500000,1.13896,1.13896,1.13884,1.13887
1782499560000,1.13886,1.13887,1.13866,1.1387
1782499620000,1.13871,1.13875,1.13867,1.13867
1782499680000,1.13869,1.13877,1.13868,1.13874
1782499740000,1.13874,1.13883,1.13874,1.13883
1782499800000,1.13882,1.13884,1.13882,1.13884
1782499860000,1.13885,1.13887,1.13883,1.13885
1782499920000,1.13884,1.13893,1.13884,1.13892
1782499980000,1.13893,1.13894,1.13892,1.13892
1782500040000,1.13894,1.13897,1.13886,1.13887
1782500100000,1.13887,1.13893,1.13887,1.13891
1782500160000,1.13892,1.13898,1.13892,1.13898
1782500220000,1.13899,1.13903,1.13863,1.1387
1782500280000,1.13872,1.13875,1.13869,1.13871
1782500340000,1.13871,1.13874,1.13856,1.13858
1782500400000,1.13858,1.13868,1.13846,1.13867
1782500460000,1.13866,1.13867,1.13857,1.13863
1782500520000,1.13862,1.13862,1.13855,1.13859
1782500580000,1.1386,1.1386,1.1386,1.1386
1782500640000,1.13861,1.13861,1.13857,1.13857
1782500700000,1.13858,1.1386,1.13855,1.13858
1782500760000,1.13859,1.13862,1.13854,1.13862
1782500820000,1.13861,1.13862,1.13856,1.13858
1782500880000,1.1386,1.1387,1.1386,1.13868
1782500940000,1.13866,1.13871,1.13864,1.13868
1782501000000,1.13869,1.1387,1.13863,1.13868
1782501060000,1.13869,1.13869,1.13863,1.13868
1782501120000,1.13867,1.13867,1.13863,1.13864
1782501180000,1.13863,1.13864,1.13858,1.13858
1782501240000,1.13861,1.13865,1.13861,1.13862
1782501300000,1.13861,1.13861,1.1384,1.13844
1782501360000,1.13842,1.13843,1.13837,1.13838
1782501420000,1.13838,1.13841,1.13837,1.1384
1782501480000,1.13841,1.13849,1.1384,1.13848
1782501540000,1.13846,1.1385,1.13837,1.13838
1782501600000,1.13837,1.13837,1.13832,1.13836
1782501660000,1.13837,1.13839,1.13827,1.13828
1782501720000,1.13828,1.13829,1.13821,1.13821
1782501780000,1.13821,1.13825,1.13817,1.1382
1782501840000,1.13822,1.13822,1.1381,1.13811
1782501900000,1.13812,1.13822,1.13812,1.13822
1782501960000,1.1382,1.13822,1.13815,1.13817
1782502020000,1.13819,1.13821,1.13816,1.13817
1782502080000,1.13817,1.13817,1.13813,1.13816
1782502140000,1.13813,1.1382,1.13813,1.13816
1782502200000,1.13818,1.13818,1.13813,1.13815
1782502260000,1.13814,1.13815,1.13808,1.13812
1782502320000,1.13812,1.13822,1.13812,1.13822
1782502380000,1.13823,1.13831,1.13822,1.13829
1782502440000,1.1383,1.13839,1.13828,1.13839
1782502500000,1.13838,1.13839,1.13834,1.13834
1782502560000,1.13836,1.13839,1.13833,1.13833
1782502620000,1.13833,1.13834,1.13831,1.13833
1782502680000,1.13832,1.13833,1.13828,1.13832
1782502740000,1.13834,1.13834,1.13823,1.13825
1782502800000,1.13824,1.13829,1.13817,1.13819
1782502860000,1.1382,1.1382,1.13816,1.13817
1782502920000,1.13816,1.13821,1.13815,1.13818
1782502980000,1.1382,1.13821,1.13818,1.13819
1782503040000,1.13818,1.13822,1.13816,1.13821
1782503100000,1.13821,1.13821,1.13819,1.1382
1782503160000,1.13819,1.13834,1.13816,1.13832
1782503220000,1.13834,1.13846,1.13834,1.13843
1782503280000,1.13842,1.13849,1.13842,1.13848
1782503340000,1.13848,1.13851,1.13844,1.1385
1782503400000,1.13849,1.13865,1.13849,1.13861
1782503460000,1.1386,1.13869,1.13854,1.13869
1782503520000,1.13869,1.13881,1.13869,1.13879
1782503580000,1.13879,1.13891,1.13879,1.1389
1782503640000,1.1389,1.1389,1.13881,1.13883
1782503700000,1.13883,1.13884,1.13869,1.13878
1782503760000,1.13878,1.13888,1.13877,1.13888
1782503820000,1.13888,1.13893,1.13883,1.13885
1782503880000,1.13885,1.13886,1.13877,1.1388
1782503940000,1.13878,1.1388,1.13868,1.13868
1782504000000,1.1387,1.13886,1.13868,1.13885
1782504060000,1.13883,1.13884,1.13875,1.13879
1782504120000,1.13879,1.13883,1.13873,1.13879
1782504180000,1.1388,1.1388,1.13874,1.13874
1782504240000,1.13874,1.13875,1.13871,1.13873
1782504300000,1.13873,1.13877,1.13852,1.13871
1782504360000,1.13871,1.13877,1.13868,1.13871
1782504420000,1.13872,1.13873,1.13863,1.13868
1782504480000,1.13868,1.1388,1.13868,1.13878
1782504540000,1.13878,1.13879,1.13876,1.13879
1782504600000,1.13878,1.13884,1.13877,1.13883
1782504660000,1.13884,1.13885,1.13881,1.13881
1782504720000,1.13883,1.13886,1.13883,1.13883
1782504780000,1.13883,1.13886,1.13882,1.13885
1782504840000,1.13886,1.13887,1.13883,1.13883
1782504900000,1.13883,1.13889,1.13882,1.13888
1782504960000,1.13889,1.13897,1.13887,1.13896
1782505020000,1.13896,1.13897,1.13889,1.13889
1782505080000,1.13891,1.13903,1.13891,1.139
1782505140000,1.13901,1.13902,1.13898,1.139
1782505200000,1.139,1.13902,1.13899,1.13902
1782505260000,1.13902,1.13904,1.13898,1.13901
1782505320000,1.13903,1.13908,1.13903,1.13908
1782505380000,1.13907,1.13912,1.13905,1.13907
1782505440000,1.13908,1.13913,1.13907,1.13913
1782505500000,1.13913,1.13915,1.13897,1.13897
1782505560000,1.13901,1.13914,1.13901,1.13905
1782505620000,1.13908,1.13909,1.13897,1.139
1782505680000,1.13899,1.13904,1.13897,1.13904
1782505740000,1.13903,1.13903,1.13895,1.13898
1782505800000,1.13896,1.13919,1.13896,1.13915
1782505860000,1.13916,1.13917,1.13883,1.13892
1782505920000,1.1389,1.13894,1.13888,1.13892
1782505980000,1.13894,1.13894,1.13878,1.13885
1782506040000,1.13886,1.13894,1.13885,1.13886
1782506100000,1.13885,1.13889,1.13874,1.13878
1782506160000,1.13877,1.13877,1.13836,1.13842
1782506220000,1.13841,1.13851,1.13837,1.13849
1782506280000,1.13849,1.13864,1.13849,1.13864
1782506340000,1.13864,1.13868,1.13852,1.13855
1782506400000,1.13854,1.13856,1.13852,1.13855
1782506460000,1.13853,1.13861,1.13846,1.13847
1782506520000,1.13846,1.13849,1.1384,1.13844
1782506580000,1.13845,1.13859,1.1383,1.13859
1782506640000,1.13859,1.13869,1.13858,1.13864
1782506700000,1.13863,1.13865,1.13853,1.13855
1782506760000,1.13855,1.1387,1.13851,1.13865
1782506820000,1.13865,1.13868,1.13864,1.13866
1782506880000,1.13865,1.13866,1.13851,1.13852
1782506940000,1.13851,1.13872,1.13843,1.13867
1782507000000,1.13864,1.13867,1.13855,1.13857
1782507060000,1.1386,1.1386,1.13853,1.13853
1782507120000,1.13853,1.13853,1.13837,1.13842
1782507180000,1.1384,1.13842,1.1383,1.13835
1782507240000,1.13838,1.13838,1.13816,1.13816
1782507300000,1.13816,1.1383,1.13811,1.13822
1782507360000,1.13821,1.1384,1.13821,1.1384
1782507420000,1.13835,1.13848,1.13835,1.13848
1782507480000,1.13849,1.13863,1.13847,1.13854
1782507540000,1.13853,1.13857,1.13819,1.13827
1782507600000,1.13827,1.13827,1.13827,1.13827
1782507660000,1.13827,1.13827,1.13827,1.13827
1782507720000,1.13827,1.13827,1.13827,1.13827
1782507780000,1.13827,1.13827,1.13827,1.13827
1782507840000,1.13827,1.13827,1.13827,1.13827
1782507900000,1.13827,1.13827,1.13827,1.13827
1782507960000,1.13827,1.13827,1.13827,1.13827
1782508020000,1.13827,1.13827,1.13827,1.13827
1782508080000,1.13827,1.13827,1.13827,1.13827
1782508140000,1.13827,1.13827,1.13827,1.13827
1782508200000,1.13827,1.13827,1.13827,1.13827
1782508260000,1.13827,1.13827,1.13827,1.13827
1782508320000,1.13827,1.13827,1.13827,1.13827
1782508380000,1.13827,1.13827,1.13827,1.13827
1782508440000,1.13827,1.13827,1.13827,1.13827
1782508500000,1.13827,1.13827,1.13827,1.13827
1782508560000,1.13827,1.13827,1.13827,1.13827
1782508620000,1.13827,1.13827,1.13827,1.13827
1782508680000,1.13827,1.13827,1.13827,1.13827
1782508740000,1.13827,1.13827,1.13827,1.13827
1782508800000,1.13827,1.13827,1.13827,1.13827
1782508860000,1.13827,1.13827,1.13827,1.13827
1782508920000,1.13827,1.13827,1.13827,1.13827
1782508980000,1.13827,1.13827,1.13827,1.13827
1782509040000,1.13827,1.13827,1.13827,1.13827
1782509100000,1.13827,1.13827,1.13827,1.13827
1782509160000,1.13827,1.13827,1.13827,1.13827
1782509220000,1.13827,1.13827,1.13827,1.13827
1782509280000,1.13827,1.13827,1.13827,1.13827
1782509340000,1.13827,1.13827,1.13827,1.13827
1782509400000,1.13827,1.13827,1.13827,1.13827
1782509460000,1.13827,1.13827,1.13827,1.13827
1782509520000,1.13827,1.13827,1.13827,1.13827
1782509580000,1.13827,1.13827,1.13827,1.13827
1782509640000,1.13827,1.13827,1.13827,1.13827
1782509700000,1.13827,1.13827,1.13827,1.13827
1782509760000,1.13827,1.13827,1.13827,1.13827
1782509820000,1.13827,1.13827,1.13827,1.13827
1782509880000,1.13827,1.13827,1.13827,1.13827
1782509940000,1.13827,1.13827,1.13827,1.13827
1782510000000,1.13827,1.13827,1.13827,1.13827
1782510060000,1.13827,1.13827,1.13827,1.13827
1782510120000,1.13827,1.13827,1.13827,1.13827
1782510180000,1.13827,1.13827,1.13827,1.13827
1782510240000,1.13827,1.13827,1.13827,1.13827
1782510300000,1.13827,1.13827,1.13827,1.13827
1782510360000,1.13827,1.13827,1.13827,1.13827
1782510420000,1.13827,1.13827,1.13827,1.13827
1782510480000,1.13827,1.13827,1.13827,1.13827
1782510540000,1.13827,1.13827,1.13827,1.13827
1782510600000,1.13827,1.13827,1.13827,1.13827
1782510660000,1.13827,1.13827,1.13827,1.13827
1782510720000,1.13827,1.13827,1.13827,1.13827
1782510780000,1.13827,1.13827,1.13827,1.13827
1782510840000,1.13827,1.13827,1.13827,1.13827
1782510900000,1.13827,1.13827,1.13827,1.13827
1782510960000,1.13827,1.13827,1.13827,1.13827
1782511020000,1.13827,1.13827,1.13827,1.13827
1782511080000,1.13827,1.13827,1.13827,1.13827
1782511140000,1.13827,1.13827,1.13827,1.13827
1782511200000,1.13827,1.13827,1.13827,1.13827
1782511260000,1.13827,1.13827,1.13827,1.13827
1782511320000,1.13827,1.13827,1.13827,1.13827
1782511380000,1.13827,1.13827,1.13827,1.13827
1782511440000,1.13827,1.13827,1.13827,1.13827
1782511500000,1.13827,1.13827,1.13827,1.13827
1782511560000,1.13827,1.13827,1.13827,1.13827
1782511620000,1.13827,1.13827,1.13827,1.13827
1782511680000,1.13827,1.13827,1.13827,1.13827
1782511740000,1.13827,1.13827,1.13827,1.13827
1782511800000,1.13827,1.13827,1.13827,1.13827
1782511860000,1.13827,1.13827,1.13827,1.13827
1782511920000,1.13827,1.13827,1.13827,1.13827
1782511980000,1.13827,1.13827,1.13827,1.13827
1782512040000,1.13827,1.13827,1.13827,1.13827
1782512100000,1.13827,1.13827,1.13827,1.13827
1782512160000,1.13827,1.13827,1.13827,1.13827
1782512220000,1.13827,1.13827,1.13827,1.13827
1782512280000,1.13827,1.13827,1.13827,1.13827
1782512340000,1.13827,1.13827,1.13827,1.13827
1782512400000,1.13827,1.13827,1.13827,1.13827
1782512460000,1.13827,1.13827,1.13827,1.13827
1782512520000,1.13827,1.13827,1.13827,1.13827
1782512580000,1.13827,1.13827,1.13827,1.13827
1782512640000,1.13827,1.13827,1.13827,1.13827
1782512700000,1.13827,1.13827,1.13827,1.13827
1782512760000,1.13827,1.13827,1.13827,1.13827
1782512820000,1.13827,1.13827,1.13827,1.13827
1782512880000,1.13827,1.13827,1.13827,1.13827
1782512940000,1.13827,1.13827,1.13827,1.13827
1782513000000,1.13827,1.13827,1.13827,1.13827
1782513060000,1.13827,1.13827,1.13827,1.13827
1782513120000,1.13827,1.13827,1.13827,1.13827
1782513180000,1.13827,1.13827,1.13827,1.13827
1782513240000,1.13827,1.13827,1.13827,1.13827
1782513300000,1.13827,1.13827,1.13827,1.13827
1782513360000,1.13827,1.13827,1.13827,1.13827
1782513420000,1.13827,1.13827,1.13827,1.13827
1782513480000,1.13827,1.13827,1.13827,1.13827
1782513540000,1.13827,1.13827,1.13827,1.13827
1782513600000,1.13827,1.13827,1.13827,1.13827
1782513660000,1.13827,1.13827,1.13827,1.13827
1782513720000,1.13827,1.13827,1.13827,1.13827
1782513780000,1.13827,1.13827,1.13827,1.13827
1782513840000,1.13827,1.13827,1.13827,1.13827
1782513900000,1.13827,1.13827,1.13827,1.13827
1782513960000,1.13827,1.13827,1.13827,1.13827
1782514020000,1.13827,1.13827,1.13827,1.13827
1782514080000,1.13827,1.13827,1.13827,1.13827
1782514140000,1.13827,1.13827,1.13827,1.13827
1782514200000,1.13827,1.13827,1.13827,1.13827
1782514260000,1.13827,1.13827,1.13827,1.13827
1782514320000,1.13827,1.13827,1.13827,1.13827
1782514380000,1.13827,1.13827,1.13827,1.13827
1782514440000,1.13827,1.13827,1.13827,1.13827
1782514500000,1.13827,1.13827,1.13827,1.13827
1782514560000,1.13827,1.13827,1.13827,1.13827
1782514620000,1.13827,1.13827,1.13827,1.13827
1782514680000,1.13827,1.13827,1.13827,1.13827
1782514740000,1.13827,1.13827,1.13827,1.13827
1782514800000,1.13827,1.13827,1.13827,1.13827
1782514860000,1.13827,1.13827,1.13827,1.13827
1782514920000,1.13827,1.13827,1.13827,1.13827
1782514980000,1.13827,1.13827,1.13827,1.13827
1782515040000,1.13827,1.13827,1.13827,1.13827
1782515100000,1.13827,1.13827,1.13827,1.13827
1782515160000,1.13827,1.13827,1.13827,1.13827
1782515220000,1.13827,1.13827,1.13827,1.13827
1782515280000,1.13827,1.13827,1.13827,1.13827
1782515340000,1.13827,1.13827,1.13827,1.13827
1782515400000,1.13827,1.13827,1.13827,1.13827
1782515460000,1.13827,1.13827,1.13827,1.13827
1782515520000,1.13827,1.13827,1.13827,1.13827
1782515580000,1.13827,1.13827,1.13827,1.13827
1782515640000,1.13827,1.13827,1.13827,1.13827
1782515700000,1.13827,1.13827,1.13827,1.13827
1782515760000,1.13827,1.13827,1.13827,1.13827
1782515820000,1.13827,1.13827,1.13827,1.13827
1782515880000,1.13827,1.13827,1.13827,1.13827
1782515940000,1.13827,1.13827,1.13827,1.13827
1782516000000,1.13827,1.13827,1.13827,1.13827
1782516060000,1.13827,1.13827,1.13827,1.13827
1782516120000,1.13827,1.13827,1.13827,1.13827
1782516180000,1.13827,1.13827,1.13827,1.13827
1782516240000,1.13827,1.13827,1.13827,1.13827
1782516300000,1.13827,1.13827,1.13827,1.13827
1782516360000,1.13827,1.13827,1.13827,1.13827
1782516420000,1.13827,1.13827,1.13827,1.13827
1782516480000,1.13827,1.13827,1.13827,1.13827
1782516540000,1.13827,1.13827,1.13827,1.13827
1782516600000,1.13827,1.13827,1.13827,1.13827
1782516660000,1.13827,1.13827,1.13827,1.13827
1782516720000,1.13827,1.13827,1.13827,1.13827
1782516780000,1.13827,1.13827,1.13827,1.13827
1782516840000,1.13827,1.13827,1.13827,1.13827
1782516900000,1.13827,1.13827,1.13827,1.13827
1782516960000,1.13827,1.13827,1.13827,1.13827
1782517020000,1.13827,1.13827,1.13827,1.13827
1782517080000,1.13827,1.13827,1.13827,1.13827
1782517140000,1.13827,1.13827,1.13827,1.13827
1782517200000,1.13827,1.13827,1.13827,1.13827
1782517260000,1.13827,1.13827,1.13827,1.13827
1782517320000,1.13827,1.13827,1.13827,1.13827
1782517380000,1.13827,1.13827,1.13827,1.13827
1782517440000,1.13827,1.13827,1.13827,1.13827
1782517500000,1.13827,1.13827,1.13827,1.13827
1782517560000,1.13827,1.13827,1.13827,1.13827
1782517620000,1.13827,1.13827,1.13827,1.13827
1782517680000,1.13827,1.13827,1.13827,1.13827
1782517740000,1.13827,1.13827,1.13827,1.13827
1782517800000,1.13827,1.13827,1.13827,1.13827
1782517860000,1.13827,1.13827,1.13827,1.13827
1782517920000,1.13827,1.13827,1.13827,1.13827
1782517980000,1.13827,1.13827,1.13827,1.13827
1782518040000,1.13827,1.13827,1.13827,1.13827
1782518100000,1.13827,1.13827,1.13827,1.13827
1782518160000,1.13827,1.13827,1.13827,1.13827
1782518220000,1.13827,1.13827,1.13827,1.13827
1782518280000,1.13827,1.13827,1.13827,1.13827
1782518340000,1.13827,1.13827,1.13827,1.13827
1782518400000,1.13827,1.13827,1.13827,1.13827
1782518460000,1.13827,1.13827,1.13827,1.13827
1782518520000,1.13827,1.13827,1.13827,1.13827
1782518580000,1.13827,1.13827,1.13827,1.13827
1782518640000,1.13827,1.13827,1.13827,1.13827
1782518700000,1.13827,1.13827,1.13827,1.13827
1782518760000,1.13827,1.13827,1.13827,1.13827
1782518820000,1.13827,1.13827,1.13827,1.13827
1782518880000,1.13827,1.13827,1.13827,1.13827
1782518940000,1.13827,1.13827,1.13827,1.13827
1782519000000,1.13827,1.13827,1.13827,1.13827
1782519060000,1.13827,1.13827,1.13827,1.13827
1782519120000,1.13827,1.13827,1.13827,1.13827
1782519180000,1.13827,1.13827,1.13827,1.13827
1782519240000,1.13827,1.13827,1.13827,1.13827
1782519300000,1.13827,1.13827,1.13827,1.13827
1782519360000,1.13827,1.13827,1.13827,1.13827
1782519420000,1.13827,1.13827,1.13827,1.13827
1782519480000,1.13827,1.13827,1.13827,1.13827
1782519540000,1.13827,1.13827,1.13827,1.13827
1782519600000,1.13827,1.13827,1.13827,1.13827
1782519660000,1.13827,1.13827,1.13827,1.13827
1782519720000,1.13827,1.13827,1.13827,1.13827
1782519780000,1.13827,1.13827,1.13827,1.13827
1782519840000,1.13827,1.13827,1.13827,1.13827
1782519900000,1.13827,1.13827,1.13827,1.13827
1782519960000,1.13827,1.13827,1.13827,1.13827
1782520020000,1.13827,1.13827,1.13827,1.13827
1782520080000,1.13827,1.13827,1.13827,1.13827
1782520140000,1.13827,1.13827,1.13827,1.13827
1782520200000,1.13827,1.13827,1.13827,1.13827
1782520260000,1.13827,1.13827,1.13827,1.13827
1782520320000,1.13827,1.13827,1.13827,1.13827
1782520380000,1.13827,1.13827,1.13827,1.13827
1782520440000,1.13827,1.13827,1.13827,1.13827
1782520500000,1.13827,1.13827,1.13827,1.13827
1782520560000,1.13827,1.13827,1.13827,1.13827
1782520620000,1.13827,1.13827,1.13827,1.13827
1782520680000,1.13827,1.13827,1.13827,1.13827
1782520740000,1.13827,1.13827,1.13827,1.13827
1782520800000,1.13827,1.13827,1.13827,1.13827
1782520860000,1.13827,1.13827,1.13827,1.13827
1782520920000,1.13827,1.13827,1.13827,1.13827
1782520980000,1.13827,1.13827,1.13827,1.13827
1782521040000,1.13827,1.13827,1.13827,1.13827
1782521100000,1.13827,1.13827,1.13827,1.13827
1782521160000,1.13827,1.13827,1.13827,1.13827
1782521220000,1.13827,1.13827,1.13827,1.13827
1782521280000,1.13827,1.13827,1.13827,1.13827
1782521340000,1.13827,1.13827,1.13827,1.13827
1782521400000,1.13827,1.13827,1.13827,1.13827
1782521460000,1.13827,1.13827,1.13827,1.13827
1782521520000,1.13827,1.13827,1.13827,1.13827
1782521580000,1.13827,1.13827,1.13827,1.13827
1782521640000,1.13827,1.13827,1.13827,1.13827
1782521700000,1.13827,1.13827,1.13827,1.13827
1782521760000,1.13827,1.13827,1.13827,1.13827
1782521820000,1.13827,1.13827,1.13827,1.13827
1782521880000,1.13827,1.13827,1.13827,1.13827
1782521940000,1.13827,1.13827,1.13827,1.13827
1782522000000,1.13827,1.13827,1.13827,1.13827
1782522060000,1.13827,1.13827,1.13827,1.13827
1782522120000,1.13827,1.13827,1.13827,1.13827
1782522180000,1.13827,1.13827,1.13827,1.13827
1782522240000,1.13827,1.13827,1.13827,1.13827
1782522300000,1.13827,1.13827,1.13827,1.13827
1782522360000,1.13827,1.13827,1.13827,1.13827
1782522420000,1.13827,1.13827,1.13827,1.13827
1782522480000,1.13827,1.13827,1.13827,1.13827
1782522540000,1.13827,1.13827,1.13827,1.13827
1782522600000,1.13827,1.13827,1.13827,1.13827
1782522660000,1.13827,1.13827,1.13827,1.13827
1782522720000,1.13827,1.13827,1.13827,1.13827
1782522780000,1.13827,1.13827,1.13827,1.13827
1782522840000,1.13827,1.13827,1.13827,1.13827
1782522900000,1.13827,1.13827,1.13827,1.13827
1782522960000,1.13827,1.13827,1.13827,1.13827
1782523020000,1.13827,1.13827,1.13827,1.13827
1782523080000,1.13827,1.13827,1.13827,1.13827
1782523140000,1.13827,1.13827,1.13827,1.13827
1782523200000,1.13827,1.13827,1.13827,1.13827
1782523260000,1.13827,1.13827,1.13827,1.13827
1782523320000,1.13827,1.13827,1.13827,1.13827
1782523380000,1.13827,1.13827,1.13827,1.13827
1782523440000,1.13827,1.13827,1.13827,1.13827
1782523500000,1.13827,1.13827,1.13827,1.13827
1782523560000,1.13827,1.13827,1.13827,1.13827
1782523620000,1.13827,1.13827,1.13827,1.13827
1782523680000,1.13827,1.13827,1.13827,1.13827
1782523740000,1.13827,1.13827,1.13827,1.13827
1782523800000,1.13827,1.13827,1.13827,1.13827
1782523860000,1.13827,1.13827,1.13827,1.13827
1782523920000,1.13827,1.13827,1.13827,1.13827
1782523980000,1.13827,1.13827,1.13827,1.13827
1782524040000,1.13827,1.13827,1.13827,1.13827
1782524100000,1.13827,1.13827,1.13827,1.13827
1782524160000,1.13827,1.13827,1.13827,1.13827
1782524220000,1.13827,1.13827,1.13827,1.13827
1782524280000,1.13827,1.13827,1.13827,1.13827
1782524340000,1.13827,1.13827,1.13827,1.13827
1782524400000,1.13827,1.13827,1.13827,1.13827
1782524460000,1.13827,1.13827,1.13827,1.13827
1782524520000,1.13827,1.13827,1.13827,1.13827
1782524580000,1.13827,1.13827,1.13827,1.13827
1782524640000,1.13827,1.13827,1.13827,1.13827
1782524700000,1.13827,1.13827,1.13827,1.13827
1782524760000,1.13827,1.13827,1.13827,1.13827
1782524820000,1.13827,1.13827,1.13827,1.13827
1782524880000,1.13827,1.13827,1.13827,1.13827
1782524940000,1.13827,1.13827,1.13827,1.13827
1782525000000,1.13827,1.13827,1.13827,1.13827
1782525060000,1.13827,1.13827,1.13827,1.13827
1782525120000,1.13827,1.13827,1.13827,1.13827
1782525180000,1.13827,1.13827,1.13827,1.13827
1782525240000,1.13827,1.13827,1.13827,1.13827
1782525300000,1.13827,1.13827,1.13827,1.13827
1782525360000,1.13827,1.13827,1.13827,1.13827
1782525420000,1.13827,1.13827,1.13827,1.13827
1782525480000,1.13827,1.13827,1.13827,1.13827
1782525540000,1.13827,1.13827,1.13827,1.13827
1782525600000,1.13827,1.13827,1.13827,1.13827
1782525660000,1.13827,1.13827,1.13827,1.13827
1782525720000,1.13827,1.13827,1.13827,1.13827
1782525780000,1.13827,1.13827,1.13827,1.13827
1782525840000,1.13827,1.13827,1.13827,1.13827
1782525900000,1.13827,1.13827,1.13827,1.13827
1782525960000,1.13827,1.13827,1.13827,1.13827
1782526020000,1.13827,1.13827,1.13827,1.13827
1782526080000,1.13827,1.13827,1.13827,1.13827
1782526140000,1.13827,1.13827,1.13827,1.13827
1782526200000,1.13827,1.13827,1.13827,1.13827
1782526260000,1.13827,1.13827,1.13827,1.13827
1782526320000,1.13827,1.13827,1.13827,1.13827
1782526380000,1.13827,1.13827,1.13827,1.13827
1782526440000,1.13827,1.13827,1.13827,1.13827
1782526500000,1.13827,1.13827,1.13827,1.13827
1782526560000,1.13827,1.13827,1.13827,1.13827
1782526620000,1.13827,1.13827,1.13827,1.13827
1782526680000,1.13827,1.13827,1.13827,1.13827
1782526740000,1.13827,1.13827,1.13827,1.13827
1782526800000,1.13827,1.13827,1.13827,1.13827
1782526860000,1.13827,1.13827,1.13827,1.13827
1782526920000,1.13827,1.13827,1.13827,1.13827
1782526980000,1.13827,1.13827,1.13827,1.13827
1782527040000,1.13827,1.13827,1.13827,1.13827
1782527100000,1.13827,1.13827,1.13827,1.13827
1782527160000,1.13827,1.13827,1.13827,1.13827
1782527220000,1.13827,1.13827,1.13827,1.13827
1782527280000,1.13827,1.13827,1.13827,1.13827
1782527340000,1.13827,1.13827,1.13827,1.13827
1782527400000,1.13827,1.13827,1.13827,1.13827
1782527460000,1.13827,1.13827,1.13827,1.13827
1782527520000,1.13827,1.13827,1.13827,1.13827
1782527580000,1.13827,1.13827,1.13827,1.13827
1782527640000,1.13827,1.13827,1.13827,1.13827
1782527700000,1.13827,1.13827,1.13827,1.13827
1782527760000,1.13827,1.13827,1.13827,1.13827
1782527820000,1.13827,1.13827,1.13827,1.13827
1782527880000,1.13827,1.13827,1.13827,1.13827
1782527940000,1.13827,1.13827,1.13827,1.13827
1782528000000,1.13827,1.13827,1.13827,1.13827
1782528060000,1.13827,1.13827,1.13827,1.13827
1782528120000,1.13827,1.13827,1.13827,1.13827
1782528180000,1.13827,1.13827,1.13827,1.13827
1782528240000,1.13827,1.13827,1.13827,1.13827
1782528300000,1.13827,1.13827,1.13827,1.13827
1782528360000,1.13827,1.13827,1.13827,1.13827
1782528420000,1.13827,1.13827,1.13827,1.13827
1782528480000,1.13827,1.13827,1.13827,1.13827
1782528540000,1.13827,1.13827,1.13827,1.13827
1782528600000,1.13827,1.13827,1.13827,1.13827
1782528660000,1.13827,1.13827,1.13827,1.13827
1782528720000,1.13827,1.13827,1.13827,1.13827
1782528780000,1.13827,1.13827,1.13827,1.13827
1782528840000,1.13827,1.13827,1.13827,1.13827
1782528900000,1.13827,1.13827,1.13827,1.13827
1782528960000,1.13827,1.13827,1.13827,1.13827
1782529020000,1.13827,1.13827,1.13827,1.13827
1782529080000,1.13827,1.13827,1.13827,1.13827
1782529140000,1.13827,1.13827,1.13827,1.13827
1782529200000,1.13827,1.13827,1.13827,1.13827
1782529260000,1.13827,1.13827,1.13827,1.13827
1782529320000,1.13827,1.13827,1.13827,1.13827
1782529380000,1.13827,1.13827,1.13827,1.13827
1782529440000,1.13827,1.13827,1.13827,1.13827
1782529500000,1.13827,1.13827,1.13827,1.13827
1782529560000,1.13827,1.13827,1.13827,1.13827
1782529620000,1.13827,1.13827,1.13827,1.13827
1782529680000,1.13827,1.13827,1.13827,1.13827
1782529740000,1.13827,1.13827,1.13827,1.13827
1782529800000,1.13827,1.13827,1.13827,1.13827
1782529860000,1.13827,1.13827,1.13827,1.13827
1782529920000,1.13827,1.13827,1.13827,1.13827
1782529980000,1.13827,1.13827,1.13827,1.13827
1782530040000,1.13827,1.13827,1.13827,1.13827
1782530100000,1.13827,1.13827,1.13827,1.13827
1782530160000,1.13827,1.13827,1.13827,1.13827
1782530220000,1.13827,1.13827,1.13827,1.13827
1782530280000,1.13827,1.13827,1.13827,1.13827
1782530340000,1.13827,1.13827,1.13827,1.13827
1782530400000,1.13827,1.13827,1.13827,1.13827
1782530460000,1.13827,1.13827,1.13827,1.13827
1782530520000,1.13827,1.13827,1.13827,1.13827
1782530580000,1.13827,1.13827,1.13827,1.13827
1782530640000,1.13827,1.13827,1.13827,1.13827
1782530700000,1.13827,1.13827,1.13827,1.13827
1782530760000,1.13827,1.13827,1.13827,1.13827
1782530820000,1.13827,1.13827,1.13827,1.13827
1782530880000,1.13827,1.13827,1.13827,1.13827
1782530940000,1.13827,1.13827,1.13827,1.13827
1782531000000,1.13827,1.13827,1.13827,1.13827
1782531060000,1.13827,1.13827,1.13827,1.13827
1782531120000,1.13827,1.13827,1.13827,1.13827
1782531180000,1.13827,1.13827,1.13827,1.13827
1782531240000,1.13827,1.13827,1.13827,1.13827
1782531300000,1.13827,1.13827,1.13827,1.13827
1782531360000,1.13827,1.13827,1.13827,1.13827
1782531420000,1.13827,1.13827,1.13827,1.13827
1782531480000,1.13827,1.13827,1.13827,1.13827
1782531540000,1.13827,1.13827,1.13827,1.13827
1782531600000,1.13827,1.13827,1.13827,1.13827
1782531660000,1.13827,1.13827,1.13827,1.13827
1782531720000,1.13827,1.13827,1.13827,1.13827
1782531780000,1.13827,1.13827,1.13827,1.13827
1782531840000,1.13827,1.13827,1.13827,1.13827
1782531900000,1.13827,1.13827,1.13827,1.13827
1782531960000,1.13827,1.13827,1.13827,1.13827
1782532020000,1.13827,1.13827,1.13827,1.13827
1782532080000,1.13827,1.13827,1.13827,1.13827
1782532140000,1.13827,1.13827,1.13827,1.13827
1782532200000,1.13827,1.13827,1.13827,1.13827
1782532260000,1.13827,1.13827,1.13827,1.13827
1782532320000,1.13827,1.13827,1.13827,1.13827
1782532380000,1.13827,1.13827,1.13827,1.13827
1782532440000,1.13827,1.13827,1.13827,1.13827
1782532500000,1.13827,1.13827,1.13827,1.13827
1782532560000,1.13827,1.13827,1.13827,1.13827
1782532620000,1.13827,1.13827,1.13827,1.13827
1782532680000,1.13827,1.13827,1.13827,1.13827
1782532740000,1.13827,1.13827,1.13827,1.13827
1782532800000,1.13827,1.13827,1.13827,1.13827
1782532860000,1.13827,1.13827,1.13827,1.13827
1782532920000,1.13827,1.13827,1.13827,1.13827
1782532980000,1.13827,1.13827,1.13827,1.13827
1782533040000,1.13827,1.13827,1.13827,1.13827
1782533100000,1.13827,1.13827,1.13827,1.13827
1782533160000,1.13827,1.13827,1.13827,1.13827
1782533220000,1.13827,1.13827,1.13827,1.13827
1782533280000,1.13827,1.13827,1.13827,1.13827
1782533340000,1.13827,1.13827,1.13827,1.13827
1782533400000,1.13827,1.13827,1.13827,1.13827
1782533460000,1.13827,1.13827,1.13827,1.13827
1782533520000,1.13827,1.13827,1.13827,1.13827
1782533580000,1.13827,1.13827,1.13827,1.13827
1782533640000,1.13827,1.13827,1.13827,1.13827
1782533700000,1.13827,1.13827,1.13827,1.13827
1782533760000,1.13827,1.13827,1.13827,1.13827
1782533820000,1.13827,1.13827,1.13827,1.13827
1782533880000,1.13827,1.13827,1.13827,1.13827
1782533940000,1.13827,1.13827,1.13827,1.13827
1782534000000,1.13827,1.13827,1.13827,1.13827
1782534060000,1.13827,1.13827,1.13827,1.13827
1782534120000,1.13827,1.13827,1.13827,1.13827
1782534180000,1.13827,1.13827,1.13827,1.13827
1782534240000,1.13827,1.13827,1.13827,1.13827
1782534300000,1.13827,1.13827,1.13827,1.13827
1782534360000,1.13827,1.13827,1.13827,1.13827
1782534420000,1.13827,1.13827,1.13827,1.13827
1782534480000,1.13827,1.13827,1.13827,1.13827
1782534540000,1.13827,1.13827,1.13827,1.13827
1782534600000,1.13827,1.13827,1.13827,1.13827
1782534660000,1.13827,1.13827,1.13827,1.13827
1782534720000,1.13827,1.13827,1.13827,1.13827
1782534780000,1.13827,1.13827,1.13827,1.13827
1782534840000,1.13827,1.13827,1.13827,1.13827
1782534900000,1.13827,1.13827,1.13827,1.13827
1782534960000,1.13827,1.13827,1.13827,1.13827
1782535020000,1.13827,1.13827,1.13827,1.13827
1782535080000,1.13827,1.13827,1.13827,1.13827
1782535140000,1.13827,1.13827,1.13827,1.13827
1782535200000,1.13827,1.13827,1.13827,1.13827
1782535260000,1.13827,1.13827,1.13827,1.13827
1782535320000,1.13827,1.13827,1.13827,1.13827
1782535380000,1.13827,1.13827,1.13827,1.13827
1782535440000,1.13827,1.13827,1.13827,1.13827
1782535500000,1.13827,1.13827,1.13827,1.13827
1782535560000,1.13827,1.13827,1.13827,1.13827
1782535620000,1.13827,1.13827,1.13827,1.13827
1782535680000,1.13827,1.13827,1.13827,1.13827
1782535740000,1.13827,1.13827,1.13827,1.13827
1782535800000,1.13827,1.13827,1.13827,1.13827
1782535860000,1.13827,1.13827,1.13827,1.13827
1782535920000,1.13827,1.13827,1.13827,1.13827
1782535980000,1.13827,1.13827,1.13827,1.13827
1782536040000,1.13827,1.13827,1.13827,1.13827
1782536100000,1.13827,1.13827,1.13827,1.13827
1782536160000,1.13827,1.13827,1.13827,1.13827
1782536220000,1.13827,1.13827,1.13827,1.13827
1782536280000,1.13827,1.13827,1.13827,1.13827
1782536340000,1.13827,1.13827,1.13827,1.13827
1782536400000,1.13827,1.13827,1.13827,1.13827
1782536460000,1.13827,1.13827,1.13827,1.13827
1782536520000,1.13827,1.13827,1.13827,1.13827
1782536580000,1.13827,1.13827,1.13827,1.13827
1782536640000,1.13827,1.13827,1.13827,1.13827
1782536700000,1.13827,1.13827,1.13827,1.13827
1782536760000,1.13827,1.13827,1.13827,1.13827
1782536820000,1.13827,1.13827,1.13827,1.13827
1782536880000,1.13827,1.13827,1.13827,1.13827
1782536940000,1.13827,1.13827,1.13827,1.13827
1782537000000,1.13827,1.13827,1.13827,1.13827
1782537060000,1.13827,1.13827,1.13827,1.13827
1782537120000,1.13827,1.13827,1.13827,1.13827
1782537180000,1.13827,1.13827,1.13827,1.13827
1782537240000,1.13827,1.13827,1.13827,1.13827
1782537300000,1.13827,1.13827,1.13827,1.13827
1782537360000,1.13827,1.13827,1.13827,1.13827
1782537420000,1.13827,1.13827,1.13827,1.13827
1782537480000,1.13827,1.13827,1.13827,1.13827
1782537540000,1.13827,1.13827,1.13827,1.13827
1782537600000,1.13827,1.13827,1.13827,1.13827
1782537660000,1.13827,1.13827,1.13827,1.13827
1782537720000,1.13827,1.13827,1.13827,1.13827
1782537780000,1.13827,1.13827,1.13827,1.13827
1782537840000,1.13827,1.13827,1.13827,1.13827
1782537900000,1.13827,1.13827,1.13827,1.13827
1782537960000,1.13827,1.13827,1.13827,1.13827
1782538020000,1.13827,1.13827,1.13827,1.13827
1782538080000,1.13827,1.13827,1.13827,1.13827
1782538140000,1.13827,1.13827,1.13827,1.13827
1782538200000,1.13827,1.13827,1.13827,1.13827
1782538260000,1.13827,1.13827,1.13827,1.13827
1782538320000,1.13827,1.13827,1.13827,1.13827
1782538380000,1.13827,1.13827,1.13827,1.13827
1782538440000,1.13827,1.13827,1.13827,1.13827
1782538500000,1.13827,1.13827,1.13827,1.13827
1782538560000,1.13827,1.13827,1.13827,1.13827
1782538620000,1.13827,1.13827,1.13827,1.13827
1782538680000,1.13827,1.13827,1.13827,1.13827
1782538740000,1.13827,1.13827,1.13827,1.13827
1782538800000,1.13827,1.13827,1.13827,1.13827
1782538860000,1.13827,1.13827,1.13827,1.13827
1782538920000,1.13827,1.13827,1.13827,1.13827
1782538980000,1.13827,1.13827,1.13827,1.13827
1782539040000,1.13827,1.13827,1.13827,1.13827
1782539100000,1.13827,1.13827,1.13827,1.13827
1782539160000,1.13827,1.13827,1.13827,1.13827
1782539220000,1.13827,1.13827,1.13827,1.13827
1782539280000,1.13827,1.13827,1.13827,1.13827
1782539340000,1.13827,1.13827,1.13827,1.13827
1782539400000,1.13827,1.13827,1.13827,1.13827
1782539460000,1.13827,1.13827,1.13827,1.13827
1782539520000,1.13827,1.13827,1.13827,1.13827
1782539580000,1.13827,1.13827,1.13827,1.13827
1782539640000,1.13827,1.13827,1.13827,1.13827
1782539700000,1.13827,1.13827,1.13827,1.13827
1782539760000,1.13827,1.13827,1.13827,1.13827
1782539820000,1.13827,1.13827,1.13827,1.13827
1782539880000,1.13827,1.13827,1.13827,1.13827
1782539940000,1.13827,1.13827,1.13827,1.13827
1782540000000,1.13827,1.13827,1.13827,1.13827
1782540060000,1.13827,1.13827,1.13827,1.13827
1782540120000,1.13827,1.13827,1.13827,1.13827
1782540180000,1.13827,1.13827,1.13827,1.13827
1782540240000,1.13827,1.13827,1.13827,1.13827
1782540300000,1.13827,1.13827,1.13827,1.13827
1782540360000,1.13827,1.13827,1.13827,1.13827
1782540420000,1.13827,1.13827,1.13827,1.13827
1782540480000,1.13827,1.13827,1.13827,1.13827
1782540540000,1.13827,1.13827,1.13827,1.13827
1782540600000,1.13827,1.13827,1.13827,1.13827
1782540660000,1.13827,1.13827,1.13827,1.13827
1782540720000,1.13827,1.13827,1.13827,1.13827
1782540780000,1.13827,1.13827,1.13827,1.13827
1782540840000,1.13827,1.13827,1.13827,1.13827
1782540900000,1.13827,1.13827,1.13827,1.13827
1782540960000,1.13827,1.13827,1.13827,1.13827
1782541020000,1.13827,1.13827,1.13827,1.13827
1782541080000,1.13827,1.13827,1.13827,1.13827
1782541140000,1.13827,1.13827,1.13827,1.13827
1782541200000,1.13827,1.13827,1.13827,1.13827
1782541260000,1.13827,1.13827,1.13827,1.13827
1782541320000,1.13827,1.13827,1.13827,1.13827
1782541380000,1.13827,1.13827,1.13827,1.13827
1782541440000,1.13827,1.13827,1.13827,1.13827
1782541500000,1.13827,1.13827,1.13827,1.13827
1782541560000,1.13827,1.13827,1.13827,1.13827
1782541620000,1.13827,1.13827,1.13827,1.13827
1782541680000,1.13827,1.13827,1.13827,1.13827
1782541740000,1.13827,1.13827,1.13827,1.13827
1782541800000,1.13827,1.13827,1.13827,1.13827
1782541860000,1.13827,1.13827,1.13827,1.13827
1782541920000,1.13827,1.13827,1.13827,1.13827
1782541980000,1.13827,1.13827,1.13827,1.13827
1782542040000,1.13827,1.13827,1.13827,1.13827
1782542100000,1.13827,1.13827,1.13827,1.13827
1782542160000,1.13827,1.13827,1.13827,1.13827
1782542220000,1.13827,1.13827,1.13827,1.13827
1782542280000,1.13827,1.13827,1.13827,1.13827
1782542340000,1.13827,1.13827,1.13827,1.13827
1782542400000,1.13827,1.13827,1.13827,1.13827
1782542460000,1.13827,1.13827,1.13827,1.13827
1782542520000,1.13827,1.13827,1.13827,1.13827
1782542580000,1.13827,1.13827,1.13827,1.13827
1782542640000,1.13827,1.13827,1.13827,1.13827
1782542700000,1.13827,1.13827,1.13827,1.13827
1782542760000,1.13827,1.13827,1.13827,1.13827
1782542820000,1.13827,1.13827,1.13827,1.13827
1782542880000,1.13827,1.13827,1.13827,1.13827
1782542940000,1.13827,1.13827,1.13827,1.13827
1782543000000,1.13827,1.13827,1.13827,1.13827
1782543060000,1.13827,1.13827,1.13827,1.13827
1782543120000,1.13827,1.13827,1.13827,1.13827
1782543180000,1.13827,1.13827,1.13827,1.13827
1782543240000,1.13827,1.13827,1.13827,1.13827
1782543300000,1.13827,1.13827,1.13827,1.13827
1782543360000,1.13827,1.13827,1.13827,1.13827
1782543420000,1.13827,1.13827,1.13827,1.13827
1782543480000,1.13827,1.13827,1.13827,1.13827
1782543540000,1.13827,1.13827,1.13827,1.13827
1782543600000,1.13827,1.13827,1.13827,1.13827
1782543660000,1.13827,1.13827,1.13827,1.13827
1782543720000,1.13827,1.13827,1.13827,1.13827
1782543780000,1.13827,1.13827,1.13827,1.13827
1782543840000,1.13827,1.13827,1.13827,1.13827
1782543900000,1.13827,1.13827,1.13827,1.13827
1782543960000,1.13827,1.13827,1.13827,1.13827
1782544020000,1.13827,1.13827,1.13827,1.13827
1782544080000,1.13827,1.13827,1.13827,1.13827
1782544140000,1.13827,1.13827,1.13827,1.13827
1782544200000,1.13827,1.13827,1.13827,1.13827
1782544260000,1.13827,1.13827,1.13827,1.13827
1782544320000,1.13827,1.13827,1.13827,1.13827
1782544380000,1.13827,1.13827,1.13827,1.13827
1782544440000,1.13827,1.13827,1.13827,1.13827
1782544500000,1.13827,1.13827,1.13827,1.13827
1782544560000,1.13827,1.13827,1.13827,1.13827
1782544620000,1.13827,1.13827,1.13827,1.13827
1782544680000,1.13827,1.13827,1.13827,1.13827
1782544740000,1.13827,1.13827,1.13827,1.13827
1782544800000,1.13827,1.13827,1.13827,1.13827
1782544860000,1.13827,1.13827,1.13827,1.13827
1782544920000,1.13827,1.13827,1.13827,1.13827
1782544980000,1.13827,1.13827,1.13827,1.13827
1782545040000,1.13827,1.13827,1.13827,1.13827
1782545100000,1.13827,1.13827,1.13827,1.13827
1782545160000,1.13827,1.13827,1.13827,1.13827
1782545220000,1.13827,1.13827,1.13827,1.13827
1782545280000,1.13827,1.13827,1.13827,1.13827
1782545340000,1.13827,1.13827,1.13827,1.13827
1782545400000,1.13827,1.13827,1.13827,1.13827
1782545460000,1.13827,1.13827,1.13827,1.13827
1782545520000,1.13827,1.13827,1.13827,1.13827
1782545580000,1.13827,1.13827,1.13827,1.13827
1782545640000,1.13827,1.13827,1.13827,1.13827
1782545700000,1.13827,1.13827,1.13827,1.13827
1782545760000,1.13827,1.13827,1.13827,1.13827
1782545820000,1.13827,1.13827,1.13827,1.13827
1782545880000,1.13827,1.13827,1.13827,1.13827
1782545940000,1.13827,1.13827,1.13827,1.13827
1782546000000,1.13827,1.13827,1.13827,1.13827
1782546060000,1.13827,1.13827,1.13827,1.13827
1782546120000,1.13827,1.13827,1.13827,1.13827
1782546180000,1.13827,1.13827,1.13827,1.13827
1782546240000,1.13827,1.13827,1.13827,1.13827
1782546300000,1.13827,1.13827,1.13827,1.13827
1782546360000,1.13827,1.13827,1.13827,1.13827
1782546420000,1.13827,1.13827,1.13827,1.13827
1782546480000,1.13827,1.13827,1.13827,1.13827
1782546540000,1.13827,1.13827,1.13827,1.13827
1782546600000,1.13827,1.13827,1.13827,1.13827
1782546660000,1.13827,1.13827,1.13827,1.13827
1782546720000,1.13827,1.13827,1.13827,1.13827
1782546780000,1.13827,1.13827,1.13827,1.13827
1782546840000,1.13827,1.13827,1.13827,1.13827
1782546900000,1.13827,1.13827,1.13827,1.13827
1782546960000,1.13827,1.13827,1.13827,1.13827
1782547020000,1.13827,1.13827,1.13827,1.13827
1782547080000,1.13827,1.13827,1.13827,1.13827
1782547140000,1.13827,1.13827,1.13827,1.13827
1782547200000,1.13827,1.13827,1.13827,1.13827
1782547260000,1.13827,1.13827,1.13827,1.13827
1782547320000,1.13827,1.13827,1.13827,1.13827
1782547380000,1.13827,1.13827,1.13827,1.13827
1782547440000,1.13827,1.13827,1.13827,1.13827
1782547500000,1.13827,1.13827,1.13827,1.13827
1782547560000,1.13827,1.13827,1.13827,1.13827
1782547620000,1.13827,1.13827,1.13827,1.13827
1782547680000,1.13827,1.13827,1.13827,1.13827
1782547740000,1.13827,1.13827,1.13827,1.13827
1782547800000,1.13827,1.13827,1.13827,1.13827
1782547860000,1.13827,1.13827,1.13827,1.13827
1782547920000,1.13827,1.13827,1.13827,1.13827
1782547980000,1.13827,1.13827,1.13827,1.13827
1782548040000,1.13827,1.13827,1.13827,1.13827
1782548100000,1.13827,1.13827,1.13827,1.13827
1782548160000,1.13827,1.13827,1.13827,1.13827
1782548220000,1.13827,1.13827,1.13827,1.13827
1782548280000,1.13827,1.13827,1.13827,1.13827
1782548340000,1.13827,1.13827,1.13827,1.13827
1782548400000,1.13827,1.13827,1.13827,1.13827
1782548460000,1.13827,1.13827,1.13827,1.13827
1782548520000,1.13827,1.13827,1.13827,1.13827
1782548580000,1.13827,1.13827,1.13827,1.13827
1782548640000,1.13827,1.13827,1.13827,1.13827
1782548700000,1.13827,1.13827,1.13827,1.13827
1782548760000,1.13827,1.13827,1.13827,1.13827
1782548820000,1.13827,1.13827,1.13827,1.13827
1782548880000,1.13827,1.13827,1.13827,1.13827
1782548940000,1.13827,1.13827,1.13827,1.13827
1782549000000,1.13827,1.13827,1.13827,1.13827
1782549060000,1.13827,1.13827,1.13827,1.13827
1782549120000,1.13827,1.13827,1.13827,1.13827
1782549180000,1.13827,1.13827,1.13827,1.13827
1782549240000,1.13827,1.13827,1.13827,1.13827
1782549300000,1.13827,1.13827,1.13827,1.13827
1782549360000,1.13827,1.13827,1.13827,1.13827
1782549420000,1.13827,1.13827,1.13827,1.13827
1782549480000,1.13827,1.13827,1.13827,1.13827
1782549540000,1.13827,1.13827,1.13827,1.13827
1782549600000,1.13827,1.13827,1.13827,1.13827
1782549660000,1.13827,1.13827,1.13827,1.13827
1782549720000,1.13827,1.13827,1.13827,1.13827
1782549780000,1.13827,1.13827,1.13827,1.13827
1782549840000,1.13827,1.13827,1.13827,1.13827
1782549900000,1.13827,1.13827,1.13827,1.13827
1782549960000,1.13827,1.13827,1.13827,1.13827
1782550020000,1.13827,1.13827,1.13827,1.13827
1782550080000,1.13827,1.13827,1.13827,1.13827
1782550140000,1.13827,1.13827,1.13827,1.13827
1782550200000,1.13827,1.13827,1.13827,1.13827
1782550260000,1.13827,1.13827,1.13827,1.13827
1782550320000,1.13827,1.13827,1.13827,1.13827
1782550380000,1.13827,1.13827,1.13827,1.13827
1782550440000,1.13827,1.13827,1.13827,1.13827
1782550500000,1.13827,1.13827,1.13827,1.13827
1782550560000,1.13827,1.13827,1.13827,1.13827
1782550620000,1.13827,1.13827,1.13827,1.13827
1782550680000,1.13827,1.13827,1.13827,1.13827
1782550740000,1.13827,1.13827,1.13827,1.13827
1782550800000,1.13827,1.13827,1.13827,1.13827
1782550860000,1.13827,1.13827,1.13827,1.13827
1782550920000,1.13827,1.13827,1.13827,1.13827
1782550980000,1.13827,1.13827,1.13827,1.13827
1782551040000,1.13827,1.13827,1.13827,1.13827
1782551100000,1.13827,1.13827,1.13827,1.13827
1782551160000,1.13827,1.13827,1.13827,1.13827
1782551220000,1.13827,1.13827,1.13827,1.13827
1782551280000,1.13827,1.13827,1.13827,1.13827
1782551340000,1.13827,1.13827,1.13827,1.13827
1782551400000,1.13827,1.13827,1.13827,1.13827
1782551460000,1.13827,1.13827,1.13827,1.13827
1782551520000,1.13827,1.13827,1.13827,1.13827
1782551580000,1.13827,1.13827,1.13827,1.13827
1782551640000,1.13827,1.13827,1.13827,1.13827
1782551700000,1.13827,1.13827,1.13827,1.13827
1782551760000,1.13827,1.13827,1.13827,1.13827
1782551820000,1.13827,1.13827,1.13827,1.13827
1782551880000,1.13827,1.13827,1.13827,1.13827
1782551940000,1.13827,1.13827,1.13827,1.13827
1782552000000,1.13827,1.13827,1.13827,1.13827
1782552060000,1.13827,1.13827,1.13827,1.13827
1782552120000,1.13827,1.13827,1.13827,1.13827
1782552180000,1.13827,1.13827,1.13827,1.13827
1782552240000,1.13827,1.13827,1.13827,1.13827
1782552300000,1.13827,1.13827,1.13827,1.13827
1782552360000,1.13827,1.13827,1.13827,1.13827
1782552420000,1.13827,1.13827,1.13827,1.13827
1782552480000,1.13827,1.13827,1.13827,1.13827
1782552540000,1.13827,1.13827,1.13827,1.13827
1782552600000,1.13827,1.13827,1.13827,1.13827
1782552660000,1.13827,1.13827,1.13827,1.13827
1782552720000,1.13827,1.13827,1.13827,1.13827
1782552780000,1.13827,1.13827,1.13827,1.13827
1782552840000,1.13827,1.13827,1.13827,1.13827
1782552900000,1.13827,1.13827,1.13827,1.13827
1782552960000,1.13827,1.13827,1.13827,1.13827
1782553020000,1.13827,1.13827,1.13827,1.13827
1782553080000,1.13827,1.13827,1.13827,1.13827
1782553140000,1.13827,1.13827,1.13827,1.13827
1782553200000,1.13827,1.13827,1.13827,1.13827
1782553260000,1.13827,1.13827,1.13827,1.13827
1782553320000,1.13827,1.13827,1.13827,1.13827
1782553380000,1.13827,1.13827,1.13827,1.13827
1782553440000,1.13827,1.13827,1.13827,1.13827
1782553500000,1.13827,1.13827,1.13827,1.13827
1782553560000,1.13827,1.13827,1.13827,1.13827
1782553620000,1.13827,1.13827,1.13827,1.13827
1782553680000,1.13827,1.13827,1.13827,1.13827
1782553740000,1.13827,1.13827,1.13827,1.13827
1782553800000,1.13827,1.13827,1.13827,1.13827
1782553860000,1.13827,1.13827,1.13827,1.13827
1782553920000,1.13827,1.13827,1.13827,1.13827
1782553980000,1.13827,1.13827,1.13827,1.13827
1782554040000,1.13827,1.13827,1.13827,1.13827
1782554100000,1.13827,1.13827,1.13827,1.13827
1782554160000,1.13827,1.13827,1.13827,1.13827
1782554220000,1.13827,1.13827,1.13827,1.13827
1782554280000,1.13827,1.13827,1.13827,1.13827
1782554340000,1.13827,1.13827,1.13827,1.13827
1782554400000,1.13827,1.13827,1.13827,1.13827
1782554460000,1.13827,1.13827,1.13827,1.13827
1782554520000,1.13827,1.13827,1.13827,1.13827
1782554580000,1.13827,1.13827,1.13827,1.13827
1782554640000,1.13827,1.13827,1.13827,1.13827
1782554700000,1.13827,1.13827,1.13827,1.13827
1782554760000,1.13827,1.13827,1.13827,1.13827
1782554820000,1.13827,1.13827,1.13827,1.13827
1782554880000,1.13827,1.13827,1.13827,1.13827
1782554940000,1.13827,1.13827,1.13827,1.13827
1782555000000,1.13827,1.13827,1.13827,1.13827
1782555060000,1.13827,1.13827,1.13827,1.13827
1782555120000,1.13827,1.13827,1.13827,1.13827
1782555180000,1.13827,1.13827,1.13827,1.13827
1782555240000,1.13827,1.13827,1.13827,1.13827
1782555300000,1.13827,1.13827,1.13827,1.13827
1782555360000,1.13827,1.13827,1.13827,1.13827
1782555420000,1.13827,1.13827,1.13827,1.13827
1782555480000,1.13827,1.13827,1.13827,1.13827
1782555540000,1.13827,1.13827,1.13827,1.13827
1782555600000,1.13827,1.13827,1.13827,1.13827
1782555660000,1.13827,1.13827,1.13827,1.13827
1782555720000,1.13827,1.13827,1.13827,1.13827
1782555780000,1.13827,1.13827,1.13827,1.13827
1782555840000,1.13827,1.13827,1.13827,1.13827
1782555900000,1.13827,1.13827,1.13827,1.13827
1782555960000,1.13827,1.13827,1.13827,1.13827
1782556020000,1.13827,1.13827,1.13827,1.13827
1782556080000,1.13827,1.13827,1.13827,1.13827
1782556140000,1.13827,1.13827,1.13827,1.13827
1782556200000,1.13827,1.13827,1.13827,1.13827
1782556260000,1.13827,1.13827,1.13827,1.13827
1782556320000,1.13827,1.13827,1.13827,1.13827
1782556380000,1.13827,1.13827,1.13827,1.13827
1782556440000,1.13827,1.13827,1.13827,1.13827
1782556500000,1.13827,1.13827,1.13827,1.13827
1782556560000,1.13827,1.13827,1.13827,1.13827
1782556620000,1.13827,1.13827,1.13827,1.13827
1782556680000,1.13827,1.13827,1.13827,1.13827
1782556740000,1.13827,1.13827,1.13827,1.13827
1782556800000,1.13827,1.13827,1.13827,1.13827
1782556860000,1.13827,1.13827,1.13827,1.13827
1782556920000,1.13827,1.13827,1.13827,1.13827
1782556980000,1.13827,1.13827,1.13827,1.13827
1782557040000,1.13827,1.13827,1.13827,1.13827
1782557100000,1.13827,1.13827,1.13827,1.13827
1782557160000,1.13827,1.13827,1.13827,1.13827
1782557220000,1.13827,1.13827,1.13827,1.13827
1782557280000,1.13827,1.13827,1.13827,1.13827
1782557340000,1.13827,1.13827,1.13827,1.13827
1782557400000,1.13827,1.13827,1.13827,1.13827
1782557460000,1.13827,1.13827,1.13827,1.13827
1782557520000,1.13827,1.13827,1.13827,1.13827
1782557580000,1.13827,1.13827,1.13827,1.13827
1782557640000,1.13827,1.13827,1.13827,1.13827
1782557700000,1.13827,1.13827,1.13827,1.13827
1782557760000,1.13827,1.13827,1.13827,1.13827
1782557820000,1.13827,1.13827,1.13827,1.13827
1782557880000,1.13827,1.13827,1.13827,1.13827
1782557940000,1.13827,1.13827,1.13827,1.13827
1782558000000,1.13827,1.13827,1.13827,1.13827
1782558060000,1.13827,1.13827,1.13827,1.13827
1782558120000,1.13827,1.13827,1.13827,1.13827
1782558180000,1.13827,1.13827,1.13827,1.13827
1782558240000,1.13827,1.13827,1.13827,1.13827
1782558300000,1.13827,1.13827,1.13827,1.13827
1782558360000,1.13827,1.13827,1.13827,1.13827
1782558420000,1.13827,1.13827,1.13827,1.13827
1782558480000,1.13827,1.13827,1.13827,1.13827
1782558540000,1.13827,1.13827,1.13827,1.13827
1782558600000,1.13827,1.13827,1.13827,1.13827
1782558660000,1.13827,1.13827,1.13827,1.13827
1782558720000,1.13827,1.13827,1.13827,1.13827
1782558780000,1.13827,1.13827,1.13827,1.13827
1782558840000,1.13827,1.13827,1.13827,1.13827
1782558900000,1.13827,1.13827,1.13827,1.13827
1782558960000,1.13827,1.13827,1.13827,1.13827
1782559020000,1.13827,1.13827,1.13827,1.13827
1782559080000,1.13827,1.13827,1.13827,1.13827
1782559140000,1.13827,1.13827,1.13827,1.13827
1782559200000,1.13827,1.13827,1.13827,1.13827
1782559260000,1.13827,1.13827,1.13827,1.13827
1782559320000,1.13827,1.13827,1.13827,1.13827
1782559380000,1.13827,1.13827,1.13827,1.13827
1782559440000,1.13827,1.13827,1.13827,1.13827
1782559500000,1.13827,1.13827,1.13827,1.13827
1782559560000,1.13827,1.13827,1.13827,1.13827
1782559620000,1.13827,1.13827,1.13827,1.13827
1782559680000,1.13827,1.13827,1.13827,1.13827
1782559740000,1.13827,1.13827,1.13827,1.13827
1782559800000,1.13827,1.13827,1.13827,1.13827
1782559860000,1.13827,1.13827,1.13827,1.13827
1782559920000,1.13827,1.13827,1.13827,1.13827
1782559980000,1.13827,1.13827,1.13827,1.13827
1782560040000,1.13827,1.13827,1.13827,1.13827
1782560100000,1.13827,1.13827,1.13827,1.13827
1782560160000,1.13827,1.13827,1.13827,1.13827
1782560220000,1.13827,1.13827,1.13827,1.13827
1782560280000,1.13827,1.13827,1.13827,1.13827
1782560340000,1.13827,1.13827,1.13827,1.13827
1782560400000,1.13827,1.13827,1.13827,1.13827
1782560460000,1.13827,1.13827,1.13827,1.13827
1782560520000,1.13827,1.13827,1.13827,1.13827
1782560580000,1.13827,1.13827,1.13827,1.13827
1782560640000,1.13827,1.13827,1.13827,1.13827
1782560700000,1.13827,1.13827,1.13827,1.13827
1782560760000,1.13827,1.13827,1.13827,1.13827
1782560820000,1.13827,1.13827,1.13827,1.13827
1782560880000,1.13827,1.13827,1.13827,1.13827
1782560940000,1.13827,1.13827,1.13827,1.13827
1782561000000,1.13827,1.13827,1.13827,1.13827
1782561060000,1.13827,1.13827,1.13827,1.13827
1782561120000,1.13827,1.13827,1.13827,1.13827
1782561180000,1.13827,1.13827,1.13827,1.13827
1782561240000,1.13827,1.13827,1.13827,1.13827
1782561300000,1.13827,1.13827,1.13827,1.13827
1782561360000,1.13827,1.13827,1.13827,1.13827
1782561420000,1.13827,1.13827,1.13827,1.13827
1782561480000,1.13827,1.13827,1.13827,1.13827
1782561540000,1.13827,1.13827,1.13827,1.13827
1782561600000,1.13827,1.13827,1.13827,1.13827
1782561660000,1.13827,1.13827,1.13827,1.13827
1782561720000,1.13827,1.13827,1.13827,1.13827
1782561780000,1.13827,1.13827,1.13827,1.13827
1782561840000,1.13827,1.13827,1.13827,1.13827
1782561900000,1.13827,1.13827,1.13827,1.13827
1782561960000,1.13827,1.13827,1.13827,1.13827
1782562020000,1.13827,1.13827,1.13827,1.13827
1782562080000,1.13827,1.13827,1.13827,1.13827
1782562140000,1.13827,1.13827,1.13827,1.13827
1782562200000,1.13827,1.13827,1.13827,1.13827
1782562260000,1.13827,1.13827,1.13827,1.13827
1782562320000,1.13827,1.13827,1.13827,1.13827
1782562380000,1.13827,1.13827,1.13827,1.13827
1782562440000,1.13827,1.13827,1.13827,1.13827
1782562500000,1.13827,1.13827,1.13827,1.13827
1782562560000,1.13827,1.13827,1.13827,1.13827
1782562620000,1.13827,1.13827,1.13827,1.13827
1782562680000,1.13827,1.13827,1.13827,1.13827
1782562740000,1.13827,1.13827,1.13827,1.13827
1782562800000,1.13827,1.13827,1.13827,1.13827
1782562860000,1.13827,1.13827,1.13827,1.13827
1782562920000,1.13827,1.13827,1.13827,1.13827
1782562980000,1.13827,1.13827,1.13827,1.13827
1782563040000,1.13827,1.13827,1.13827,1.13827
1782563100000,1.13827,1.13827,1.13827,1.13827
1782563160000,1.13827,1.13827,1.13827,1.13827
1782563220000,1.13827,1.13827,1.13827,1.13827
1782563280000,1.13827,1.13827,1.13827,1.13827
1782563340000,1.13827,1.13827,1.13827,1.13827
1782563400000,1.13827,1.13827,1.13827,1.13827
1782563460000,1.13827,1.13827,1.13827,1.13827
1782563520000,1.13827,1.13827,1.13827,1.13827
1782563580000,1.13827,1.13827,1.13827,1.13827
1782563640000,1.13827,1.13827,1.13827,1.13827
1782563700000,1.13827,1.13827,1.13827,1.13827
1782563760000,1.13827,1.13827,1.13827,1.13827
1782563820000,1.13827,1.13827,1.13827,1.13827
1782563880000,1.13827,1.13827,1.13827,1.13827
1782563940000,1.13827,1.13827,1.13827,1.13827
1782564000000,1.13827,1.13827,1.13827,1.13827
1782564060000,1.13827,1.13827,1.13827,1.13827
1782564120000,1.13827,1.13827,1.13827,1.13827
1782564180000,1.13827,1.13827,1.13827,1.13827
1782564240000,1.13827,1.13827,1.13827,1.13827
1782564300000,1.13827,1.13827,1.13827,1.13827
1782564360000,1.13827,1.13827,1.13827,1.13827
1782564420000,1.13827,1.13827,1.13827,1.13827
1782564480000,1.13827,1.13827,1.13827,1.13827
1782564540000,1.13827,1.13827,1.13827,1.13827
1782564600000,1.13827,1.13827,1.13827,1.13827
1782564660000,1.13827,1.13827,1.13827,1.13827
1782564720000,1.13827,1.13827,1.13827,1.13827
1782564780000,1.13827,1.13827,1.13827,1.13827
1782564840000,1.13827,1.13827,1.13827,1.13827
1782564900000,1.13827,1.13827,1.13827,1.13827
1782564960000,1.13827,1.13827,1.13827,1.13827
1782565020000,1.13827,1.13827,1.13827,1.13827
1782565080000,1.13827,1.13827,1.13827,1.13827
1782565140000,1.13827,1.13827,1.13827,1.13827
1782565200000,1.13827,1.13827,1.13827,1.13827
1782565260000,1.13827,1.13827,1.13827,1.13827
1782565320000,1.13827,1.13827,1.13827,1.13827
1782565380000,1.13827,1.13827,1.13827,1.13827
1782565440000,1.13827,1.13827,1.13827,1.13827
1782565500000,1.13827,1.13827,1.13827,1.13827
1782565560000,1.13827,1.13827,1.13827,1.13827
1782565620000,1.13827,1.13827,1.13827,1.13827
1782565680000,1.13827,1.13827,1.13827,1.13827
1782565740000,1.13827,1.13827,1.13827,1.13827
1782565800000,1.13827,1.13827,1.13827,1.13827
1782565860000,1.13827,1.13827,1.13827,1.13827
1782565920000,1.13827,1.13827,1.13827,1.13827
1782565980000,1.13827,1.13827,1.13827,1.13827
1782566040000,1.13827,1.13827,1.13827,1.13827
1782566100000,1.13827,1.13827,1.13827,1.13827
1782566160000,1.13827,1.13827,1.13827,1.13827
1782566220000,1.13827,1.13827,1.13827,1.13827
1782566280000,1.13827,1.13827,1.13827,1.13827
1782566340000,1.13827,1.13827,1.13827,1.13827
1782566400000,1.13827,1.13827,1.13827,1.13827
1782566460000,1.13827,1.13827,1.13827,1.13827
1782566520000,1.13827,1.13827,1.13827,1.13827
1782566580000,1.13827,1.13827,1.13827,1.13827
1782566640000,1.13827,1.13827,1.13827,1.13827
1782566700000,1.13827,1.13827,1.13827,1.13827
1782566760000,1.13827,1.13827,1.13827,1.13827
1782566820000,1.13827,1.13827,1.13827,1.13827
1782566880000,1.13827,1.13827,1.13827,1.13827
1782566940000,1.13827,1.13827,1.13827,1.13827
1782567000000,1.13827,1.13827,1.13827,1.13827
1782567060000,1.13827,1.13827,1.13827,1.13827
1782567120000,1.13827,1.13827,1.13827,1.13827
1782567180000,1.13827,1.13827,1.13827,1.13827
1782567240000,1.13827,1.13827,1.13827,1.13827
1782567300000,1.13827,1.13827,1.13827,1.13827
1782567360000,1.13827,1.13827,1.13827,1.13827
1782567420000,1.13827,1.13827,1.13827,1.13827
1782567480000,1.13827,1.13827,1.13827,1.13827
1782567540000,1.13827,1.13827,1.13827,1.13827
1782567600000,1.13827,1.13827,1.13827,1.13827
1782567660000,1.13827,1.13827,1.13827,1.13827
1782567720000,1.13827,1.13827,1.13827,1.13827
1782567780000,1.13827,1.13827,1.13827,1.13827
1782567840000,1.13827,1.13827,1.13827,1.13827
1782567900000,1.13827,1.13827,1.13827,1.13827
1782567960000,1.13827,1.13827,1.13827,1.13827
1782568020000,1.13827,1.13827,1.13827,1.13827
1782568080000,1.13827,1.13827,1.13827,1.13827
1782568140000,1.13827,1.13827,1.13827,1.13827
1782568200000,1.13827,1.13827,1.13827,1.13827
1782568260000,1.13827,1.13827,1.13827,1.13827
1782568320000,1.13827,1.13827,1.13827,1.13827
1782568380000,1.13827,1.13827,1.13827,1.13827
1782568440000,1.13827,1.13827,1.13827,1.13827
1782568500000,1.13827,1.13827,1.13827,1.13827
1782568560000,1.13827,1.13827,1.13827,1.13827
1782568620000,1.13827,1.13827,1.13827,1.13827
1782568680000,1.13827,1.13827,1.13827,1.13827
1782568740000,1.13827,1.13827,1.13827,1.13827
1782568800000,1.13827,1.13827,1.13827,1.13827
1782568860000,1.13827,1.13827,1.13827,1.13827
1782568920000,1.13827,1.13827,1.13827,1.13827
1782568980000,1.13827,1.13827,1.13827,1.13827
1782569040000,1.13827,1.13827,1.13827,1.13827
1782569100000,1.13827,1.13827,1.13827,1.13827
1782569160000,1.13827,1.13827,1.13827,1.13827
1782569220000,1.13827,1.13827,1.13827,1.13827
1782569280000,1.13827,1.13827,1.13827,1.13827
1782569340000,1.13827,1.13827,1.13827,1.13827
1782569400000,1.13827,1.13827,1.13827,1.13827
1782569460000,1.13827,1.13827,1.13827,1.13827
1782569520000,1.13827,1.13827,1.13827,1.13827
1782569580000,1.13827,1.13827,1.13827,1.13827
1782569640000,1.13827,1.13827,1.13827,1.13827
1782569700000,1.13827,1.13827,1.13827,1.13827
1782569760000,1.13827,1.13827,1.13827,1.13827
1782569820000,1.13827,1.13827,1.13827,1.13827
1782569880000,1.13827,1.13827,1.13827,1.13827
1782569940000,1.13827,1.13827,1.13827,1.13827
1782570000000,1.13827,1.13827,1.13827,1.13827
1782570060000,1.13827,1.13827,1.13827,1.13827
1782570120000,1.13827,1.13827,1.13827,1.13827
1782570180000,1.13827,1.13827,1.13827,1.13827
1782570240000,1.13827,1.13827,1.13827,1.13827
1782570300000,1.13827,1.13827,1.13827,1.13827
1782570360000,1.13827,1.13827,1.13827,1.13827
1782570420000,1.13827,1.13827,1.13827,1.13827
1782570480000,1.13827,1.13827,1.13827,1.13827
1782570540000,1.13827,1.13827,1.13827,1.13827
1782570600000,1.13827,1.13827,1.13827,1.13827
1782570660000,1.13827,1.13827,1.13827,1.13827
1782570720000,1.13827,1.13827,1.13827,1.13827
1782570780000,1.13827,1.13827,1.13827,1.13827
1782570840000,1.13827,1.13827,1.13827,1.13827
1782570900000,1.13827,1.13827,1.13827,1.13827
1782570960000,1.13827,1.13827,1.13827,1.13827
1782571020000,1.13827,1.13827,1.13827,1.13827
1782571080000,1.13827,1.13827,1.13827,1.13827
1782571140000,1.13827,1.13827,1.13827,1.13827
1782571200000,1.13827,1.13827,1.13827,1.13827
1782571260000,1.13827,1.13827,1.13827,1.13827
1782571320000,1.13827,1.13827,1.13827,1.13827
1782571380000,1.13827,1.13827,1.13827,1.13827
1782571440000,1.13827,1.13827,1.13827,1.13827
1782571500000,1.13827,1.13827,1.13827,1.13827
1782571560000,1.13827,1.13827,1.13827,1.13827
1782571620000,1.13827,1.13827,1.13827,1.13827
1782571680000,1.13827,1.13827,1.13827,1.13827
1782571740000,1.13827,1.13827,1.13827,1.13827
1782571800000,1.13827,1.13827,1.13827,1.13827
1782571860000,1.13827,1.13827,1.13827,1.13827
1782571920000,1.13827,1.13827,1.13827,1.13827
1782571980000,1.13827,1.13827,1.13827,1.13827
1782572040000,1.13827,1.13827,1.13827,1.13827
1782572100000,1.13827,1.13827,1.13827,1.13827
1782572160000,1.13827,1.13827,1.13827,1.13827
1782572220000,1.13827,1.13827,1.13827,1.13827
1782572280000,1.13827,1.13827,1.13827,1.13827
1782572340000,1.13827,1.13827,1.13827,1.13827
1782572400000,1.13827,1.13827,1.13827,1.13827
1782572460000,1.13827,1.13827,1.13827,1.13827
1782572520000,1.13827,1.13827,1.13827,1.13827
1782572580000,1.13827,1.13827,1.13827,1.13827
1782572640000,1.13827,1.13827,1.13827,1.13827
1782572700000,1.13827,1.13827,1.13827,1.13827
1782572760000,1.13827,1.13827,1.13827,1.13827
1782572820000,1.13827,1.13827,1.13827,1.13827
1782572880000,1.13827,1.13827,1.13827,1.13827
1782572940000,1.13827,1.13827,1.13827,1.13827
1782573000000,1.13827,1.13827,1.13827,1.13827
1782573060000,1.13827,1.13827,1.13827,1.13827
1782573120000,1.13827,1.13827,1.13827,1.13827
1782573180000,1.13827,1.13827,1.13827,1.13827
1782573240000,1.13827,1.13827,1.13827,1.13827
1782573300000,1.13827,1.13827,1.13827,1.13827
1782573360000,1.13827,1.13827,1.13827,1.13827
1782573420000,1.13827,1.13827,1.13827,1.13827
1782573480000,1.13827,1.13827,1.13827,1.13827
1782573540000,1.13827,1.13827,1.13827,1.13827
1782573600000,1.13827,1.13827,1.13827,1.13827
1782573660000,1.13827,1.13827,1.13827,1.13827
1782573720000,1.13827,1.13827,1.13827,1.13827
1782573780000,1.13827,1.13827,1.13827,1.13827
1782573840000,1.13827,1.13827,1.13827,1.13827
1782573900000,1.13827,1.13827,1.13827,1.13827
1782573960000,1.13827,1.13827,1.13827,1.13827
1782574020000,1.13827,1.13827,1.13827,1.13827
1782574080000,1.13827,1.13827,1.13827,1.13827
1782574140000,1.13827,1.13827,1.13827,1.13827
1782574200000,1.13827,1.13827,1.13827,1.13827
1782574260000,1.13827,1.13827,1.13827,1.13827
1782574320000,1.13827,1.13827,1.13827,1.13827
1782574380000,1.13827,1.13827,1.13827,1.13827
1782574440000,1.13827,1.13827,1.13827,1.13827
1782574500000,1.13827,1.13827,1.13827,1.13827
1782574560000,1.13827,1.13827,1.13827,1.13827
1782574620000,1.13827,1.13827,1.13827,1.13827
1782574680000,1.13827,1.13827,1.13827,1.13827
1782574740000,1.13827,1.13827,1.13827,1.13827
1782574800000,1.13827,1.13827,1.13827,1.13827
1782574860000,1.13827,1.13827,1.13827,1.13827
1782574920000,1.13827,1.13827,1.13827,1.13827
1782574980000,1.13827,1.13827,1.13827,1.13827
1782575040000,1.13827,1.13827,1.13827,1.13827
1782575100000,1.13827,1.13827,1.13827,1.13827
1782575160000,1.13827,1.13827,1.13827,1.13827
1782575220000,1.13827,1.13827,1.13827,1.13827
1782575280000,1.13827,1.13827,1.13827,1.13827
1782575340000,1.13827,1.13827,1.13827,1.13827
1782575400000,1.13827,1.13827,1.13827,1.13827
1782575460000,1.13827,1.13827,1.13827,1.13827
1782575520000,1.13827,1.13827,1.13827,1.13827
1782575580000,1.13827,1.13827,1.13827,1.13827
1782575640000,1.13827,1.13827,1.13827,1.13827
1782575700000,1.13827,1.13827,1.13827,1.13827
1782575760000,1.13827,1.13827,1.13827,1.13827
1782575820000,1.13827,1.13827,1.13827,1.13827
1782575880000,1.13827,1.13827,1.13827,1.13827
1782575940000,1.13827,1.13827,1.13827,1.13827
1782576000000,1.13827,1.13827,1.13827,1.13827
1782576060000,1.13827,1.13827,1.13827,1.13827
1782576120000,1.13827,1.13827,1.13827,1.13827
1782576180000,1.13827,1.13827,1.13827,1.13827
1782576240000,1.13827,1.13827,1.13827,1.13827
1782576300000,1.13827,1.13827,1.13827,1.13827
1782576360000,1.13827,1.13827,1.13827,1.13827
1782576420000,1.13827,1.13827,1.13827,1.13827
1782576480000,1.13827,1.13827,1.13827,1.13827
1782576540000,1.13827,1.13827,1.13827,1.13827
1782576600000,1.13827,1.13827,1.13827,1.13827
1782576660000,1.13827,1.13827,1.13827,1.13827
1782576720000,1.13827,1.13827,1.13827,1.13827
1782576780000,1.13827,1.13827,1.13827,1.13827
1782576840000,1.13827,1.13827,1.13827,1.13827
1782576900000,1.13827,1.13827,1.13827,1.13827
1782576960000,1.13827,1.13827,1.13827,1.13827
1782577020000,1.13827,1.13827,1.13827,1.13827
1782577080000,1.13827,1.13827,1.13827,1.13827
1782577140000,1.13827,1.13827,1.13827,1.13827
1782577200000,1.13827,1.13827,1.13827,1.13827
1782577260000,1.13827,1.13827,1.13827,1.13827
1782577320000,1.13827,1.13827,1.13827,1.13827
1782577380000,1.13827,1.13827,1.13827,1.13827
1782577440000,1.13827,1.13827,1.13827,1.13827
1782577500000,1.13827,1.13827,1.13827,1.13827
1782577560000,1.13827,1.13827,1.13827,1.13827
1782577620000,1.13827,1.13827,1.13827,1.13827
1782577680000,1.13827,1.13827,1.13827,1.13827
1782577740000,1.13827,1.13827,1.13827,1.13827
1782577800000,1.13827,1.13827,1.13827,1.13827
1782577860000,1.13827,1.13827,1.13827,1.13827
1782577920000,1.13827,1.13827,1.13827,1.13827
1782577980000,1.13827,1.13827,1.13827,1.13827
1782578040000,1.13827,1.13827,1.13827,1.13827
1782578100000,1.13827,1.13827,1.13827,1.13827
1782578160000,1.13827,1.13827,1.13827,1.13827
1782578220000,1.13827,1.13827,1.13827,1.13827
1782578280000,1.13827,1.13827,1.13827,1.13827
1782578340000,1.13827,1.13827,1.13827,1.13827
1782578400000,1.13827,1.13827,1.13827,1.13827
1782578460000,1.13827,1.13827,1.13827,1.13827
1782578520000,1.13827,1.13827,1.13827,1.13827
1782578580000,1.13827,1.13827,1.13827,1.13827
1782578640000,1.13827,1.13827,1.13827,1.13827
1782578700000,1.13827,1.13827,1.13827,1.13827
1782578760000,1.13827,1.13827,1.13827,1.13827
1782578820000,1.13827,1.13827,1.13827,1.13827
1782578880000,1.13827,1.13827,1.13827,1.13827
1782578940000,1.13827,1.13827,1.13827,1.13827
1782579000000,1.13827,1.13827,1.13827,1.13827
1782579060000,1.13827,1.13827,1.13827,1.13827
1782579120000,1.13827,1.13827,1.13827,1.13827
1782579180000,1.13827,1.13827,1.13827,1.13827
1782579240000,1.13827,1.13827,1.13827,1.13827
1782579300000,1.13827,1.13827,1.13827,1.13827
1782579360000,1.13827,1.13827,1.13827,1.13827
1782579420000,1.13827,1.13827,1.13827,1.13827
1782579480000,1.13827,1.13827,1.13827,1.13827
1782579540000,1.13827,1.13827,1.13827,1.13827
1782579600000,1.13827,1.13827,1.13827,1.13827
1782579660000,1.13827,1.13827,1.13827,1.13827
1782579720000,1.13827,1.13827,1.13827,1.13827
1782579780000,1.13827,1.13827,1.13827,1.13827
1782579840000,1.13827,1.13827,1.13827,1.13827
1782579900000,1.13827,1.13827,1.13827,1.13827
1782579960000,1.13827,1.13827,1.13827,1.13827
1782580020000,1.13827,1.13827,1.13827,1.13827
1782580080000,1.13827,1.13827,1.13827,1.13827
1782580140000,1.13827,1.13827,1.13827,1.13827
1782580200000,1.13827,1.13827,1.13827,1.13827
1782580260000,1.13827,1.13827,1.13827,1.13827
1782580320000,1.13827,1.13827,1.13827,1.13827
1782580380000,1.13827,1.13827,1.13827,1.13827
1782580440000,1.13827,1.13827,1.13827,1.13827
1782580500000,1.13827,1.13827,1.13827,1.13827
1782580560000,1.13827,1.13827,1.13827,1.13827
1782580620000,1.13827,1.13827,1.13827,1.13827
1782580680000,1.13827,1.13827,1.13827,1.13827
1782580740000,1.13827,1.13827,1.13827,1.13827
1782580800000,1.13827,1.13827,1.13827,1.13827
1782580860000,1.13827,1.13827,1.13827,1.13827
1782580920000,1.13827,1.13827,1.13827,1.13827
1782580980000,1.13827,1.13827,1.13827,1.13827
1782581040000,1.13827,1.13827,1.13827,1.13827
1782581100000,1.13827,1.13827,1.13827,1.13827
1782581160000,1.13827,1.13827,1.13827,1.13827
1782581220000,1.13827,1.13827,1.13827,1.13827
1782581280000,1.13827,1.13827,1.13827,1.13827
1782581340000,1.13827,1.13827,1.13827,1.13827
1782581400000,1.13827,1.13827,1.13827,1.13827
1782581460000,1.13827,1.13827,1.13827,1.13827
1782581520000,1.13827,1.13827,1.13827,1.13827
1782581580000,1.13827,1.13827,1.13827,1.13827
1782581640000,1.13827,1.13827,1.13827,1.13827
1782581700000,1.13827,1.13827,1.13827,1.13827
1782581760000,1.13827,1.13827,1.13827,1.13827
1782581820000,1.13827,1.13827,1.13827,1.13827
1782581880000,1.13827,1.13827,1.13827,1.13827
1782581940000,1.13827,1.13827,1.13827,1.13827
1782582000000,1.13827,1.13827,1.13827,1.13827
1782582060000,1.13827,1.13827,1.13827,1.13827
1782582120000,1.13827,1.13827,1.13827,1.13827
1782582180000,1.13827,1.13827,1.13827,1.13827
1782582240000,1.13827,1.13827,1.13827,1.13827
1782582300000,1.13827,1.13827,1.13827,1.13827
1782582360000,1.13827,1.13827,1.13827,1.13827
1782582420000,1.13827,1.13827,1.13827,1.13827
1782582480000,1.13827,1.13827,1.13827,1.13827
1782582540000,1.13827,1.13827,1.13827,1.13827
1782582600000,1.13827,1.13827,1.13827,1.13827
1782582660000,1.13827,1.13827,1.13827,1.13827
1782582720000,1.13827,1.13827,1.13827,1.13827
1782582780000,1.13827,1.13827,1.13827,1.13827
1782582840000,1.13827,1.13827,1.13827,1.13827
1782582900000,1.13827,1.13827,1.13827,1.13827
1782582960000,1.13827,1.13827,1.13827,1.13827
1782583020000,1.13827,1.13827,1.13827,1.13827
1782583080000,1.13827,1.13827,1.13827,1.13827
1782583140000,1.13827,1.13827,1.13827,1.13827
1782583200000,1.13827,1.13827,1.13827,1.13827
1782583260000,1.13827,1.13827,1.13827,1.13827
1782583320000,1.13827,1.13827,1.13827,1.13827
1782583380000,1.13827,1.13827,1.13827,1.13827
1782583440000,1.13827,1.13827,1.13827,1.13827
1782583500000,1.13827,1.13827,1.13827,1.13827
1782583560000,1.13827,1.13827,1.13827,1.13827
1782583620000,1.13827,1.13827,1.13827,1.13827
1782583680000,1.13827,1.13827,1.13827,1.13827
1782583740000,1.13827,1.13827,1.13827,1.13827
1782583800000,1.13827,1.13827,1.13827,1.13827
1782583860000,1.13827,1.13827,1.13827,1.13827
1782583920000,1.13827,1.13827,1.13827,1.13827
1782583980000,1.13827,1.13827,1.13827,1.13827
1782584040000,1.13827,1.13827,1.13827,1.13827
1782584100000,1.13827,1.13827,1.13827,1.13827
1782584160000,1.13827,1.13827,1.13827,1.13827
1782584220000,1.13827,1.13827,1.13827,1.13827
1782584280000,1.13827,1.13827,1.13827,1.13827
1782584340000,1.13827,1.13827,1.13827,1.13827
1782584400000,1.13827,1.13827,1.13827,1.13827
1782584460000,1.13827,1.13827,1.13827,1.13827
1782584520000,1.13827,1.13827,1.13827,1.13827
1782584580000,1.13827,1.13827,1.13827,1.13827
1782584640000,1.13827,1.13827,1.13827,1.13827
1782584700000,1.13827,1.13827,1.13827,1.13827
1782584760000,1.13827,1.13827,1.13827,1.13827
1782584820000,1.13827,1.13827,1.13827,1.13827
1782584880000,1.13827,1.13827,1.13827,1.13827
1782584940000,1.13827,1.13827,1.13827,1.13827
1782585000000,1.13827,1.13827,1.13827,1.13827
1782585060000,1.13827,1.13827,1.13827,1.13827
1782585120000,1.13827,1.13827,1.13827,1.13827
1782585180000,1.13827,1.13827,1.13827,1.13827
1782585240000,1.13827,1.13827,1.13827,1.13827
1782585300000,1.13827,1.13827,1.13827,1.13827
1782585360000,1.13827,1.13827,1.13827,1.13827
1782585420000,1.13827,1.13827,1.13827,1.13827
1782585480000,1.13827,1.13827,1.13827,1.13827
1782585540000,1.13827,1.13827,1.13827,1.13827
1782585600000,1.13827,1.13827,1.13827,1.13827
1782585660000,1.13827,1.13827,1.13827,1.13827
1782585720000,1.13827,1.13827,1.13827,1.13827
1782585780000,1.13827,1.13827,1.13827,1.13827
1782585840000,1.13827,1.13827,1.13827,1.13827
1782585900000,1.13827,1.13827,1.13827,1.13827
1782585960000,1.13827,1.13827,1.13827,1.13827
1782586020000,1.13827,1.13827,1.13827,1.13827
1782586080000,1.13827,1.13827,1.13827,1.13827
1782586140000,1.13827,1.13827,1.13827,1.13827
1782586200000,1.13827,1.13827,1.13827,1.13827
1782586260000,1.13827,1.13827,1.13827,1.13827
1782586320000,1.13827,1.13827,1.13827,1.13827
1782586380000,1.13827,1.13827,1.13827,1.13827
1782586440000,1.13827,1.13827,1.13827,1.13827
1782586500000,1.13827,1.13827,1.13827,1.13827
1782586560000,1.13827,1.13827,1.13827,1.13827
1782586620000,1.13827,1.13827,1.13827,1.13827
1782586680000,1.13827,1.13827,1.13827,1.13827
1782586740000,1.13827,1.13827,1.13827,1.13827
1782586800000,1.13827,1.13827,1.13827,1.13827
1782586860000,1.13827,1.13827,1.13827,1.13827
1782586920000,1.13827,1.13827,1.13827,1.13827
1782586980000,1.13827,1.13827,1.13827,1.13827
1782587040000,1.13827,1.13827,1.13827,1.13827
1782587100000,1.13827,1.13827,1.13827,1.13827
1782587160000,1.13827,1.13827,1.13827,1.13827
1782587220000,1.13827,1.13827,1.13827,1.13827
1782587280000,1.13827,1.13827,1.13827,1.13827
1782587340000,1.13827,1.13827,1.13827,1.13827
1782587400000,1.13827,1.13827,1.13827,1.13827
1782587460000,1.13827,1.13827,1.13827,1.13827
1782587520000,1.13827,1.13827,1.13827,1.13827
1782587580000,1.13827,1.13827,1.13827,1.13827
1782587640000,1.13827,1.13827,1.13827,1.13827
1782587700000,1.13827,1.13827,1.13827,1.13827
1782587760000,1.13827,1.13827,1.13827,1.13827
1782587820000,1.13827,1.13827,1.13827,1.13827
1782587880000,1.13827,1.13827,1.13827,1.13827
1782587940000,1.13827,1.13827,1.13827,1.13827
1782588000000,1.13827,1.13827,1.13827,1.13827
1782588060000,1.13827,1.13827,1.13827,1.13827
1782588120000,1.13827,1.13827,1.13827,1.13827
1782588180000,1.13827,1.13827,1.13827,1.13827
1782588240000,1.13827,1.13827,1.13827,1.13827
1782588300000,1.13827,1.13827,1.13827,1.13827
1782588360000,1.13827,1.13827,1.13827,1.13827
1782588420000,1.13827,1.13827,1.13827,1.13827
1782588480000,1.13827,1.13827,1.13827,1.13827
1782588540000,1.13827,1.13827,1.13827,1.13827
1782588600000,1.13827,1.13827,1.13827,1.13827
1782588660000,1.13827,1.13827,1.13827,1.13827
1782588720000,1.13827,1.13827,1.13827,1.13827
1782588780000,1.13827,1.13827,1.13827,1.13827
1782588840000,1.13827,1.13827,1.13827,1.13827
1782588900000,1.13827,1.13827,1.13827,1.13827
1782588960000,1.13827,1.13827,1.13827,1.13827
1782589020000,1.13827,1.13827,1.13827,1.13827
1782589080000,1.13827,1.13827,1.13827,1.13827
1782589140000,1.13827,1.13827,1.13827,1.13827
1782589200000,1.13827,1.13827,1.13827,1.13827
1782589260000,1.13827,1.13827,1.13827,1.13827
1782589320000,1.13827,1.13827,1.13827,1.13827
1782589380000,1.13827,1.13827,1.13827,1.13827
1782589440000,1.13827,1.13827,1.13827,1.13827
1782589500000,1.13827,1.13827,1.13827,1.13827
1782589560000,1.13827,1.13827,1.13827,1.13827
1782589620000,1.13827,1.13827,1.13827,1.13827
1782589680000,1.13827,1.13827,1.13827,1.13827
1782589740000,1.13827,1.13827,1.13827,1.13827
1782589800000,1.13827,1.13827,1.13827,1.13827
1782589860000,1.13827,1.13827,1.13827,1.13827
1782589920000,1.13827,1.13827,1.13827,1.13827
1782589980000,1.13827,1.13827,1.13827,1.13827
1782590040000,1.13827,1.13827,1.13827,1.13827
1782590100000,1.13827,1.13827,1.13827,1.13827
1782590160000,1.13827,1.13827,1.13827,1.13827
1782590220000,1.13827,1.13827,1.13827,1.13827
1782590280000,1.13827,1.13827,1.13827,1.13827
1782590340000,1.13827,1.13827,1.13827,1.13827
1782590400000,1.13827,1.13827,1.13827,1.13827
1782590460000,1.13827,1.13827,1.13827,1.13827
1782590520000,1.13827,1.13827,1.13827,1.13827
1782590580000,1.13827,1.13827,1.13827,1.13827
1782590640000,1.13827,1.13827,1.13827,1.13827
1782590700000,1.13827,1.13827,1.13827,1.13827
1782590760000,1.13827,1.13827,1.13827,1.13827
1782590820000,1.13827,1.13827,1.13827,1.13827
1782590880000,1.13827,1.13827,1.13827,1.13827
1782590940000,1.13827,1.13827,1.13827,1.13827
1782591000000,1.13827,1.13827,1.13827,1.13827
1782591060000,1.13827,1.13827,1.13827,1.13827
1782591120000,1.13827,1.13827,1.13827,1.13827
1782591180000,1.13827,1.13827,1.13827,1.13827
1782591240000,1.13827,1.13827,1.13827,1.13827
1782591300000,1.13827,1.13827,1.13827,1.13827
1782591360000,1.13827,1.13827,1.13827,1.13827
1782591420000,1.13827,1.13827,1.13827,1.13827
1782591480000,1.13827,1.13827,1.13827,1.13827
1782591540000,1.13827,1.13827,1.13827,1.13827
1782591600000,1.13827,1.13827,1.13827,1.13827
1782591660000,1.13827,1.13827,1.13827,1.13827
1782591720000,1.13827,1.13827,1.13827,1.13827
1782591780000,1.13827,1.13827,1.13827,1.13827
1782591840000,1.13827,1.13827,1.13827,1.13827
1782591900000,1.13827,1.13827,1.13827,1.13827
1782591960000,1.13827,1.13827,1.13827,1.13827
1782592020000,1.13827,1.13827,1.13827,1.13827
1782592080000,1.13827,1.13827,1.13827,1.13827
1782592140000,1.13827,1.13827,1.13827,1.13827
1782592200000,1.13827,1.13827,1.13827,1.13827
1782592260000,1.13827,1.13827,1.13827,1.13827
1782592320000,1.13827,1.13827,1.13827,1.13827
1782592380000,1.13827,1.13827,1.13827,1.13827
1782592440000,1.13827,1.13827,1.13827,1.13827
1782592500000,1.13827,1.13827,1.13827,1.13827
1782592560000,1.13827,1.13827,1.13827,1.13827
1782592620000,1.13827,1.13827,1.13827,1.13827
1782592680000,1.13827,1.13827,1.13827,1.13827
1782592740000,1.13827,1.13827,1.13827,1.13827
1782592800000,1.13827,1.13827,1.13827,1.13827
1782592860000,1.13827,1.13827,1.13827,1.13827
1782592920000,1.13827,1.13827,1.13827,1.13827
1782592980000,1.13827,1.13827,1.13827,1.13827
1782593040000,1.13827,1.13827,1.13827,1.13827
1782593100000,1.13827,1.13827,1.13827,1.13827
1782593160000,1.13827,1.13827,1.13827,1.13827
1782593220000,1.13827,1.13827,1.13827,1.13827
1782593280000,1.13827,1.13827,1.13827,1.13827
1782593340000,1.13827,1.13827,1.13827,1.13827
1782593400000,1.13827,1.13827,1.13827,1.13827
1782593460000,1.13827,1.13827,1.13827,1.13827
1782593520000,1.13827,1.13827,1.13827,1.13827
1782593580000,1.13827,1.13827,1.13827,1.13827
1782593640000,1.13827,1.13827,1.13827,1.13827
1782593700000,1.13827,1.13827,1.13827,1.13827
1782593760000,1.13827,1.13827,1.13827,1.13827
1782593820000,1.13827,1.13827,1.13827,1.13827
1782593880000,1.13827,1.13827,1.13827,1.13827
1782593940000,1.13827,1.13827,1.13827,1.13827
1782594000000,1.13827,1.13827,1.13827,1.13827
1782594060000,1.13827,1.13827,1.13827,1.13827
1782594120000,1.13827,1.13827,1.13827,1.13827
1782594180000,1.13827,1.13827,1.13827,1.13827
1782594240000,1.13827,1.13827,1.13827,1.13827
1782594300000,1.13827,1.13827,1.13827,1.13827
1782594360000,1.13827,1.13827,1.13827,1.13827
1782594420000,1.13827,1.13827,1.13827,1.13827
1782594480000,1.13827,1.13827,1.13827,1.13827
1782594540000,1.13827,1.13827,1.13827,1.13827
1782594600000,1.13827,1.13827,1.13827,1.13827
1782594660000,1.13827,1.13827,1.13827,1.13827
1782594720000,1.13827,1.13827,1.13827,1.13827
1782594780000,1.13827,1.13827,1.13827,1.13827
1782594840000,1.13827,1.13827,1.13827,1.13827
1782594900000,1.13827,1.13827,1.13827,1.13827
1782594960000,1.13827,1.13827,1.13827,1.13827
1782595020000,1.13827,1.13827,1.13827,1.13827
1782595080000,1.13827,1.13827,1.13827,1.13827
1782595140000,1.13827,1.13827,1.13827,1.13827
1782595200000,1.13827,1.13827,1.13827,1.13827
1782595260000,1.13827,1.13827,1.13827,1.13827
1782595320000,1.13827,1.13827,1.13827,1.13827
1782595380000,1.13827,1.13827,1.13827,1.13827
1782595440000,1.13827,1.13827,1.13827,1.13827
1782595500000,1.13827,1.13827,1.13827,1.13827
1782595560000,1.13827,1.13827,1.13827,1.13827
1782595620000,1.13827,1.13827,1.13827,1.13827
1782595680000,1.13827,1.13827,1.13827,1.13827
1782595740000,1.13827,1.13827,1.13827,1.13827
1782595800000,1.13827,1.13827,1.13827,1.13827
1782595860000,1.13827,1.13827,1.13827,1.13827
1782595920000,1.13827,1.13827,1.13827,1.13827
1782595980000,1.13827,1.13827,1.13827,1.13827
1782596040000,1.13827,1.13827,1.13827,1.13827
1782596100000,1.13827,1.13827,1.13827,1.13827
1782596160000,1.13827,1.13827,1.13827,1.13827
1782596220000,1.13827,1.13827,1.13827,1.13827
1782596280000,1.13827,1.13827,1.13827,1.13827
1782596340000,1.13827,1.13827,1.13827,1.13827
1782596400000,1.13827,1.13827,1.13827,1.13827
1782596460000,1.13827,1.13827,1.13827,1.13827
1782596520000,1.13827,1.13827,1.13827,1.13827
1782596580000,1.13827,1.13827,1.13827,1.13827
1782596640000,1.13827,1.13827,1.13827,1.13827
1782596700000,1.13827,1.13827,1.13827,1.13827
1782596760000,1.13827,1.13827,1.13827,1.13827
1782596820000,1.13827,1.13827,1.13827,1.13827
1782596880000,1.13827,1.13827,1.13827,1.13827
1782596940000,1.13827,1.13827,1.13827,1.13827
1782597000000,1.13827,1.13827,1.13827,1.13827
1782597060000,1.13827,1.13827,1.13827,1.13827
1782597120000,1.13827,1.13827,1.13827,1.13827
1782597180000,1.13827,1.13827,1.13827,1.13827
1782597240000,1.13827,1.13827,1.13827,1.13827
1782597300000,1.13827,1.13827,1.13827,1.13827
1782597360000,1.13827,1.13827,1.13827,1.13827
1782597420000,1.13827,1.13827,1.13827,1.13827
1782597480000,1.13827,1.13827,1.13827,1.13827
1782597540000,1.13827,1.13827,1.13827,1.13827
1782597600000,1.13827,1.13827,1.13827,1.13827
1782597660000,1.13827,1.13827,1.13827,1.13827
1782597720000,1.13827,1.13827,1.13827,1.13827
1782597780000,1.13827,1.13827,1.13827,1.13827
1782597840000,1.13827,1.13827,1.13827,1.13827
1782597900000,1.13827,1.13827,1.13827,1.13827
1782597960000,1.13827,1.13827,1.13827,1.13827
1782598020000,1.13827,1.13827,1.13827,1.13827
1782598080000,1.13827,1.13827,1.13827,1.13827
1782598140000,1.13827,1.13827,1.13827,1.13827
1782598200000,1.13827,1.13827,1.13827,1.13827
1782598260000,1.13827,1.13827,1.13827,1.13827
1782598320000,1.13827,1.13827,1.13827,1.13827
1782598380000,1.13827,1.13827,1.13827,1.13827
1782598440000,1.13827,1.13827,1.13827,1.13827
1782598500000,1.13827,1.13827,1.13827,1.13827
1782598560000,1.13827,1.13827,1.13827,1.13827
1782598620000,1.13827,1.13827,1.13827,1.13827
1782598680000,1.13827,1.13827,1.13827,1.13827
1782598740000,1.13827,1.13827,1.13827,1.13827
1782598800000,1.13827,1.13827,1.13827,1.13827
1782598860000,1.13827,1.13827,1.13827,1.13827
1782598920000,1.13827,1.13827,1.13827,1.13827
1782598980000,1.13827,1.13827,1.13827,1.13827
1782599040000,1.13827,1.13827,1.13827,1.13827
1782599100000,1.13827,1.13827,1.13827,1.13827
1782599160000,1.13827,1.13827,1.13827,1.13827
1782599220000,1.13827,1.13827,1.13827,1.13827
1782599280000,1.13827,1.13827,1.13827,1.13827
1782599340000,1.13827,1.13827,1.13827,1.13827
1782599400000,1.13827,1.13827,1.13827,1.13827
1782599460000,1.13827,1.13827,1.13827,1.13827
1782599520000,1.13827,1.13827,1.13827,1.13827
1782599580000,1.13827,1.13827,1.13827,1.13827
1782599640000,1.13827,1.13827,1.13827,1.13827
1782599700000,1.13827,1.13827,1.13827,1.13827
1782599760000,1.13827,1.13827,1.13827,1.13827
1782599820000,1.13827,1.13827,1.13827,1.13827
1782599880000,1.13827,1.13827,1.13827,1.13827
1782599940000,1.13827,1.13827,1.13827,1.13827
1782600000000,1.13827,1.13827,1.13827,1.13827
1782600060000,1.13827,1.13827,1.13827,1.13827
1782600120000,1.13827,1.13827,1.13827,1.13827
1782600180000,1.13827,1.13827,1.13827,1.13827
1782600240000,1.13827,1.13827,1.13827,1.13827
1782600300000,1.13827,1.13827,1.13827,1.13827
1782600360000,1.13827,1.13827,1.13827,1.13827
1782600420000,1.13827,1.13827,1.13827,1.13827
1782600480000,1.13827,1.13827,1.13827,1.13827
1782600540000,1.13827,1.13827,1.13827,1.13827
1782600600000,1.13827,1.13827,1.13827,1.13827
1782600660000,1.13827,1.13827,1.13827,1.13827
1782600720000,1.13827,1.13827,1.13827,1.13827
1782600780000,1.13827,1.13827,1.13827,1.13827
1782600840000,1.13827,1.13827,1.13827,1.13827
1782600900000,1.13827,1.13827,1.13827,1.13827
1782600960000,1.13827,1.13827,1.13827,1.13827
1782601020000,1.13827,1.13827,1.13827,1.13827
1782601080000,1.13827,1.13827,1.13827,1.13827
1782601140000,1.13827,1.13827,1.13827,1.13827
1782601200000,1.13827,1.13827,1.13827,1.13827
1782601260000,1.13827,1.13827,1.13827,1.13827
1782601320000,1.13827,1.13827,1.13827,1.13827
1782601380000,1.13827,1.13827,1.13827,1.13827
1782601440000,1.13827,1.13827,1.13827,1.13827
1782601500000,1.13827,1.13827,1.13827,1.13827
1782601560000,1.13827,1.13827,1.13827,1.13827
1782601620000,1.13827,1.13827,1.13827,1.13827
1782601680000,1.13827,1.13827,1.13827,1.13827
1782601740000,1.13827,1.13827,1.13827,1.13827
1782601800000,1.13827,1.13827,1.13827,1.13827
1782601860000,1.13827,1.13827,1.13827,1.13827
1782601920000,1.13827,1.13827,1.13827,1.13827
1782601980000,1.13827,1.13827,1.13827,1.13827
1782602040000,1.13827,1.13827,1.13827,1.13827
1782602100000,1.13827,1.13827,1.13827,1.13827
1782602160000,1.13827,1.13827,1.13827,1.13827
1782602220000,1.13827,1.13827,1.13827,1.13827
1782602280000,1.13827,1.13827,1.13827,1.13827
1782602340000,1.13827,1.13827,1.13827,1.13827
1782602400000,1.13827,1.13827,1.13827,1.13827
1782602460000,1.13827,1.13827,1.13827,1.13827
1782602520000,1.13827,1.13827,1.13827,1.13827
1782602580000,1.13827,1.13827,1.13827,1.13827
1782602640000,1.13827,1.13827,1.13827,1.13827
1782602700000,1.13827,1.13827,1.13827,1.13827
1782602760000,1.13827,1.13827,1.13827,1.13827
1782602820000,1.13827,1.13827,1.13827,1.13827
1782602880000,1.13827,1.13827,1.13827,1.13827
1782602940000,1.13827,1.13827,1.13827,1.13827
1782603000000,1.13827,1.13827,1.13827,1.13827
1782603060000,1.13827,1.13827,1.13827,1.13827
1782603120000,1.13827,1.13827,1.13827,1.13827
1782603180000,1.13827,1.13827,1.13827,1.13827
1782603240000,1.13827,1.13827,1.13827,1.13827
1782603300000,1.13827,1.13827,1.13827,1.13827
1782603360000,1.13827,1.13827,1.13827,1.13827
1782603420000,1.13827,1.13827,1.13827,1.13827
1782603480000,1.13827,1.13827,1.13827,1.13827
1782603540000,1.13827,1.13827,1.13827,1.13827
1782603600000,1.13827,1.13827,1.13827,1.13827
1782603660000,1.13827,1.13827,1.13827,1.13827
1782603720000,1.13827,1.13827,1.13827,1.13827
1782603780000,1.13827,1.13827,1.13827,1.13827
1782603840000,1.13827,1.13827,1.13827,1.13827
1782603900000,1.13827,1.13827,1.13827,1.13827
1782603960000,1.13827,1.13827,1.13827,1.13827
1782604020000,1.13827,1.13827,1.13827,1.13827
1782604080000,1.13827,1.13827,1.13827,1.13827
1782604140000,1.13827,1.13827,1.13827,1.13827
1782604200000,1.13827,1.13827,1.13827,1.13827
1782604260000,1.13827,1.13827,1.13827,1.13827
1782604320000,1.13827,1.13827,1.13827,1.13827
1782604380000,1.13827,1.13827,1.13827,1.13827
1782604440000,1.13827,1.13827,1.13827,1.13827
1782604500000,1.13827,1.13827,1.13827,1.13827
1782604560000,1.13827,1.13827,1.13827,1.13827
1782604620000,1.13827,1.13827,1.13827,1.13827
1782604680000,1.13827,1.13827,1.13827,1.13827
1782604740000,1.13827,1.13827,1.13827,1.13827
1782604800000,1.13827,1.13827,1.13827,1.13827
1782604860000,1.13827,1.13827,1.13827,1.13827
1782604920000,1.13827,1.13827,1.13827,1.13827
1782604980000,1.13827,1.13827,1.13827,1.13827
1782605040000,1.13827,1.13827,1.13827,1.13827
1782605100000,1.13827,1.13827,1.13827,1.13827
1782605160000,1.13827,1.13827,1.13827,1.13827
1782605220000,1.13827,1.13827,1.13827,1.13827
1782605280000,1.13827,1.13827,1.13827,1.13827
1782605340000,1.13827,1.13827,1.13827,1.13827
1782605400000,1.13827,1.13827,1.13827,1.13827
1782605460000,1.13827,1.13827,1.13827,1.13827
1782605520000,1.13827,1.13827,1.13827,1.13827
1782605580000,1.13827,1.13827,1.13827,1.13827
1782605640000,1.13827,1.13827,1.13827,1.13827
1782605700000,1.13827,1.13827,1.13827,1.13827
1782605760000,1.13827,1.13827,1.13827,1.13827
1782605820000,1.13827,1.13827,1.13827,1.13827
1782605880000,1.13827,1.13827,1.13827,1.13827
1782605940000,1.13827,1.13827,1.13827,1.13827
1782606000000,1.13827,1.13827,1.13827,1.13827
1782606060000,1.13827,1.13827,1.13827,1.13827
1782606120000,1.13827,1.13827,1.13827,1.13827
1782606180000,1.13827,1.13827,1.13827,1.13827
1782606240000,1.13827,1.13827,1.13827,1.13827
1782606300000,1.13827,1.13827,1.13827,1.13827
1782606360000,1.13827,1.13827,1.13827,1.13827
1782606420000,1.13827,1.13827,1.13827,1.13827
1782606480000,1.13827,1.13827,1.13827,1.13827
1782606540000,1.13827,1.13827,1.13827,1.13827
1782606600000,1.13827,1.13827,1.13827,1.13827
1782606660000,1.13827,1.13827,1.13827,1.13827
1782606720000,1.13827,1.13827,1.13827,1.13827
1782606780000,1.13827,1.13827,1.13827,1.13827
1782606840000,1.13827,1.13827,1.13827,1.13827
1782606900000,1.13827,1.13827,1.13827,1.13827
1782606960000,1.13827,1.13827,1.13827,1.13827
1782607020000,1.13827,1.13827,1.13827,1.13827
1782607080000,1.13827,1.13827,1.13827,1.13827
1782607140000,1.13827,1.13827,1.13827,1.13827
1782607200000,1.13827,1.13827,1.13827,1.13827
1782607260000,1.13827,1.13827,1.13827,1.13827
1782607320000,1.13827,1.13827,1.13827,1.13827
1782607380000,1.13827,1.13827,1.13827,1.13827
1782607440000,1.13827,1.13827,1.13827,1.13827
1782607500000,1.13827,1.13827,1.13827,1.13827
1782607560000,1.13827,1.13827,1.13827,1.13827
1782607620000,1.13827,1.13827,1.13827,1.13827
1782607680000,1.13827,1.13827,1.13827,1.13827
1782607740000,1.13827,1.13827,1.13827,1.13827
1782607800000,1.13827,1.13827,1.13827,1.13827
1782607860000,1.13827,1.13827,1.13827,1.13827
1782607920000,1.13827,1.13827,1.13827,1.13827
1782607980000,1.13827,1.13827,1.13827,1.13827
1782608040000,1.13827,1.13827,1.13827,1.13827
1782608100000,1.13827,1.13827,1.13827,1.13827
1782608160000,1.13827,1.13827,1.13827,1.13827
1782608220000,1.13827,1.13827,1.13827,1.13827
1782608280000,1.13827,1.13827,1.13827,1.13827
1782608340000,1.13827,1.13827,1.13827,1.13827
1782608400000,1.13827,1.13827,1.13827,1.13827
1782608460000,1.13827,1.13827,1.13827,1.13827
1782608520000,1.13827,1.13827,1.13827,1.13827
1782608580000,1.13827,1.13827,1.13827,1.13827
1782608640000,1.13827,1.13827,1.13827,1.13827
1782608700000,1.13827,1.13827,1.13827,1.13827
1782608760000,1.13827,1.13827,1.13827,1.13827
1782608820000,1.13827,1.13827,1.13827,1.13827
1782608880000,1.13827,1.13827,1.13827,1.13827
1782608940000,1.13827,1.13827,1.13827,1.13827
1782609000000,1.13827,1.13827,1.13827,1.13827
1782609060000,1.13827,1.13827,1.13827,1.13827
1782609120000,1.13827,1.13827,1.13827,1.13827
1782609180000,1.13827,1.13827,1.13827,1.13827
1782609240000,1.13827,1.13827,1.13827,1.13827
1782609300000,1.13827,1.13827,1.13827,1.13827
1782609360000,1.13827,1.13827,1.13827,1.13827
1782609420000,1.13827,1.13827,1.13827,1.13827
1782609480000,1.13827,1.13827,1.13827,1.13827
1782609540000,1.13827,1.13827,1.13827,1.13827
1782609600000,1.13827,1.13827,1.13827,1.13827
1782609660000,1.13827,1.13827,1.13827,1.13827
1782609720000,1.13827,1.13827,1.13827,1.13827
1782609780000,1.13827,1.13827,1.13827,1.13827
1782609840000,1.13827,1.13827,1.13827,1.13827
1782609900000,1.13827,1.13827,1.13827,1.13827
1782609960000,1.13827,1.13827,1.13827,1.13827
1782610020000,1.13827,1.13827,1.13827,1.13827
1782610080000,1.13827,1.13827,1.13827,1.13827
1782610140000,1.13827,1.13827,1.13827,1.13827
1782610200000,1.13827,1.13827,1.13827,1.13827
1782610260000,1.13827,1.13827,1.13827,1.13827
1782610320000,1.13827,1.13827,1.13827,1.13827
1782610380000,1.13827,1.13827,1.13827,1.13827
1782610440000,1.13827,1.13827,1.13827,1.13827
1782610500000,1.13827,1.13827,1.13827,1.13827
1782610560000,1.13827,1.13827,1.13827,1.13827
1782610620000,1.13827,1.13827,1.13827,1.13827
1782610680000,1.13827,1.13827,1.13827,1.13827
1782610740000,1.13827,1.13827,1.13827,1.13827
1782610800000,1.13827,1.13827,1.13827,1.13827
1782610860000,1.13827,1.13827,1.13827,1.13827
1782610920000,1.13827,1.13827,1.13827,1.13827
1782610980000,1.13827,1.13827,1.13827,1.13827
1782611040000,1.13827,1.13827,1.13827,1.13827
1782611100000,1.13827,1.13827,1.13827,1.13827
1782611160000,1.13827,1.13827,1.13827,1.13827
1782611220000,1.13827,1.13827,1.13827,1.13827
1782611280000,1.13827,1.13827,1.13827,1.13827
1782611340000,1.13827,1.13827,1.13827,1.13827
1782611400000,1.13827,1.13827,1.13827,1.13827
1782611460000,1.13827,1.13827,1.13827,1.13827
1782611520000,1.13827,1.13827,1.13827,1.13827
1782611580000,1.13827,1.13827,1.13827,1.13827
1782611640000,1.13827,1.13827,1.13827,1.13827
1782611700000,1.13827,1.13827,1.13827,1.13827
1782611760000,1.13827,1.13827,1.13827,1.13827
1782611820000,1.13827,1.13827,1.13827,1.13827
1782611880000,1.13827,1.13827,1.13827,1.13827
1782611940000,1.13827,1.13827,1.13827,1.13827
1782612000000,1.13827,1.13827,1.13827,1.13827
1782612060000,1.13827,1.13827,1.13827,1.13827
1782612120000,1.13827,1.13827,1.13827,1.13827
1782612180000,1.13827,1.13827,1.13827,1.13827
1782612240000,1.13827,1.13827,1.13827,1.13827
1782612300000,1.13827,1.13827,1.13827,1.13827
1782612360000,1.13827,1.13827,1.13827,1.13827
1782612420000,1.13827,1.13827,1.13827,1.13827
1782612480000,1.13827,1.13827,1.13827,1.13827
1782612540000,1.13827,1.13827,1.13827,1.13827
1782612600000,1.13827,1.13827,1.13827,1.13827
1782612660000,1.13827,1.13827,1.13827,1.13827
1782612720000,1.13827,1.13827,1.13827,1.13827
1782612780000,1.13827,1.13827,1.13827,1.13827
1782612840000,1.13827,1.13827,1.13827,1.13827
1782612900000,1.13827,1.13827,1.13827,1.13827
1782612960000,1.13827,1.13827,1.13827,1.13827
1782613020000,1.13827,1.13827,1.13827,1.13827
1782613080000,1.13827,1.13827,1.13827,1.13827
1782613140000,1.13827,1.13827,1.13827,1.13827
1782613200000,1.13827,1.13827,1.13827,1.13827
1782613260000,1.13827,1.13827,1.13827,1.13827
1782613320000,1.13827,1.13827,1.13827,1.13827
1782613380000,1.13827,1.13827,1.13827,1.13827
1782613440000,1.13827,1.13827,1.13827,1.13827
1782613500000,1.13827,1.13827,1.13827,1.13827
1782613560000,1.13827,1.13827,1.13827,1.13827
1782613620000,1.13827,1.13827,1.13827,1.13827
1782613680000,1.13827,1.13827,1.13827,1.13827
1782613740000,1.13827,1.13827,1.13827,1.13827
1782613800000,1.13827,1.13827,1.13827,1.13827
1782613860000,1.13827,1.13827,1.13827,1.13827
1782613920000,1.13827,1.13827,1.13827,1.13827
1782613980000,1.13827,1.13827,1.13827,1.13827
1782614040000,1.13827,1.13827,1.13827,1.13827
1782614100000,1.13827,1.13827,1.13827,1.13827
1782614160000,1.13827,1.13827,1.13827,1.13827
1782614220000,1.13827,1.13827,1.13827,1.13827
1782614280000,1.13827,1.13827,1.13827,1.13827
1782614340000,1.13827,1.13827,1.13827,1.13827
1782614400000,1.13827,1.13827,1.13827,1.13827
1782614460000,1.13827,1.13827,1.13827,1.13827
1782614520000,1.13827,1.13827,1.13827,1.13827
1782614580000,1.13827,1.13827,1.13827,1.13827
1782614640000,1.13827,1.13827,1.13827,1.13827
1782614700000,1.13827,1.13827,1.13827,1.13827
1782614760000,1.13827,1.13827,1.13827,1.13827
1782614820000,1.13827,1.13827,1.13827,1.13827
1782614880000,1.13827,1.13827,1.13827,1.13827
1782614940000,1.13827,1.13827,1.13827,1.13827
1782615000000,1.13827,1.13827,1.13827,1.13827
1782615060000,1.13827,1.13827,1.13827,1.13827
1782615120000,1.13827,1.13827,1.13827,1.13827
1782615180000,1.13827,1.13827,1.13827,1.13827
1782615240000,1.13827,1.13827,1.13827,1.13827
1782615300000,1.13827,1.13827,1.13827,1.13827
1782615360000,1.13827,1.13827,1.13827,1.13827
1782615420000,1.13827,1.13827,1.13827,1.13827
1782615480000,1.13827,1.13827,1.13827,1.13827
1782615540000,1.13827,1.13827,1.13827,1.13827
1782615600000,1.13827,1.13827,1.13827,1.13827
1782615660000,1.13827,1.13827,1.13827,1.13827
1782615720000,1.13827,1.13827,1.13827,1.13827
1782615780000,1.13827,1.13827,1.13827,1.13827
1782615840000,1.13827,1.13827,1.13827,1.13827
1782615900000,1.13827,1.13827,1.13827,1.13827
1782615960000,1.13827,1.13827,1.13827,1.13827
1782616020000,1.13827,1.13827,1.13827,1.13827
1782616080000,1.13827,1.13827,1.13827,1.13827
1782616140000,1.13827,1.13827,1.13827,1.13827
1782616200000,1.13827,1.13827,1.13827,1.13827
1782616260000,1.13827,1.13827,1.13827,1.13827
1782616320000,1.13827,1.13827,1.13827,1.13827
1782616380000,1.13827,1.13827,1.13827,1.13827
1782616440000,1.13827,1.13827,1.13827,1.13827
1782616500000,1.13827,1.13827,1.13827,1.13827
1782616560000,1.13827,1.13827,1.13827,1.13827
1782616620000,1.13827,1.13827,1.13827,1.13827
1782616680000,1.13827,1.13827,1.13827,1.13827
1782616740000,1.13827,1.13827,1.13827,1.13827
1782616800000,1.13827,1.13827,1.13827,1.13827
1782616860000,1.13827,1.13827,1.13827,1.13827
1782616920000,1.13827,1.13827,1.13827,1.13827
1782616980000,1.13827,1.13827,1.13827,1.13827
1782617040000,1.13827,1.13827,1.13827,1.13827
1782617100000,1.13827,1.13827,1.13827,1.13827
1782617160000,1.13827,1.13827,1.13827,1.13827
1782617220000,1.13827,1.13827,1.13827,1.13827
1782617280000,1.13827,1.13827,1.13827,1.13827
1782617340000,1.13827,1.13827,1.13827,1.13827
1782617400000,1.13827,1.13827,1.13827,1.13827
1782617460000,1.13827,1.13827,1.13827,1.13827
1782617520000,1.13827,1.13827,1.13827,1.13827
1782617580000,1.13827,1.13827,1.13827,1.13827
1782617640000,1.13827,1.13827,1.13827,1.13827
1782617700000,1.13827,1.13827,1.13827,1.13827
1782617760000,1.13827,1.13827,1.13827,1.13827
1782617820000,1.13827,1.13827,1.13827,1.13827
1782617880000,1.13827,1.13827,1.13827,1.13827
1782617940000,1.13827,1.13827,1.13827,1.13827
1782618000000,1.13827,1.13827,1.13827,1.13827
1782618060000,1.13827,1.13827,1.13827,1.13827
1782618120000,1.13827,1.13827,1.13827,1.13827
1782618180000,1.13827,1.13827,1.13827,1.13827
1782618240000,1.13827,1.13827,1.13827,1.13827
1782618300000,1.13827,1.13827,1.13827,1.13827
1782618360000,1.13827,1.13827,1.13827,1.13827
1782618420000,1.13827,1.13827,1.13827,1.13827
1782618480000,1.13827,1.13827,1.13827,1.13827
1782618540000,1.13827,1.13827,1.13827,1.13827
1782618600000,1.13827,1.13827,1.13827,1.13827
1782618660000,1.13827,1.13827,1.13827,1.13827
1782618720000,1.13827,1.13827,1.13827,1.13827
1782618780000,1.13827,1.13827,1.13827,1.13827
1782618840000,1.13827,1.13827,1.13827,1.13827
1782618900000,1.13827,1.13827,1.13827,1.13827
1782618960000,1.13827,1.13827,1.13827,1.13827
1782619020000,1.13827,1.13827,1.13827,1.13827
1782619080000,1.13827,1.13827,1.13827,1.13827
1782619140000,1.13827,1.13827,1.13827,1.13827
1782619200000,1.13827,1.13827,1.13827,1.13827
1782619260000,1.13827,1.13827,1.13827,1.13827
1782619320000,1.13827,1.13827,1.13827,1.13827
1782619380000,1.13827,1.13827,1.13827,1.13827
1782619440000,1.13827,1.13827,1.13827,1.13827
1782619500000,1.13827,1.13827,1.13827,1.13827
1782619560000,1.13827,1.13827,1.13827,1.13827
1782619620000,1.13827,1.13827,1.13827,1.13827
1782619680000,1.13827,1.13827,1.13827,1.13827
1782619740000,1.13827,1.13827,1.13827,1.13827
1782619800000,1.13827,1.13827,1.13827,1.13827
1782619860000,1.13827,1.13827,1.13827,1.13827
1782619920000,1.13827,1.13827,1.13827,1.13827
1782619980000,1.13827,1.13827,1.13827,1.13827
1782620040000,1.13827,1.13827,1.13827,1.13827
1782620100000,1.13827,1.13827,1.13827,1.13827
1782620160000,1.13827,1.13827,1.13827,1.13827
1782620220000,1.13827,1.13827,1.13827,1.13827
1782620280000,1.13827,1.13827,1.13827,1.13827
1782620340000,1.13827,1.13827,1.13827,1.13827
1782620400000,1.13827,1.13827,1.13827,1.13827
1782620460000,1.13827,1.13827,1.13827,1.13827
1782620520000,1.13827,1.13827,1.13827,1.13827
1782620580000,1.13827,1.13827,1.13827,1.13827
1782620640000,1.13827,1.13827,1.13827,1.13827
1782620700000,1.13827,1.13827,1.13827,1.13827
1782620760000,1.13827,1.13827,1.13827,1.13827
1782620820000,1.13827,1.13827,1.13827,1.13827
1782620880000,1.13827,1.13827,1.13827,1.13827
1782620940000,1.13827,1.13827,1.13827,1.13827
1782621000000,1.13827,1.13827,1.13827,1.13827
1782621060000,1.13827,1.13827,1.13827,1.13827
1782621120000,1.13827,1.13827,1.13827,1.13827
1782621180000,1.13827,1.13827,1.13827,1.13827
1782621240000,1.13827,1.13827,1.13827,1.13827
1782621300000,1.13827,1.13827,1.13827,1.13827
1782621360000,1.13827,1.13827,1.13827,1.13827
1782621420000,1.13827,1.13827,1.13827,1.13827
1782621480000,1.13827,1.13827,1.13827,1.13827
1782621540000,1.13827,1.13827,1.13827,1.13827
1782621600000,1.13827,1.13827,1.13827,1.13827
1782621660000,1.13827,1.13827,1.13827,1.13827
1782621720000,1.13827,1.13827,1.13827,1.13827
1782621780000,1.13827,1.13827,1.13827,1.13827
1782621840000,1.13827,1.13827,1.13827,1.13827
1782621900000,1.13827,1.13827,1.13827,1.13827
1782621960000,1.13827,1.13827,1.13827,1.13827
1782622020000,1.13827,1.13827,1.13827,1.13827
1782622080000,1.13827,1.13827,1.13827,1.13827
1782622140000,1.13827,1.13827,1.13827,1.13827
1782622200000,1.13827,1.13827,1.13827,1.13827
1782622260000,1.13827,1.13827,1.13827,1.13827
1782622320000,1.13827,1.13827,1.13827,1.13827
1782622380000,1.13827,1.13827,1.13827,1.13827
1782622440000,1.13827,1.13827,1.13827,1.13827
1782622500000,1.13827,1.13827,1.13827,1.13827
1782622560000,1.13827,1.13827,1.13827,1.13827
1782622620000,1.13827,1.13827,1.13827,1.13827
1782622680000,1.13827,1.13827,1.13827,1.13827
1782622740000,1.13827,1.13827,1.13827,1.13827
1782622800000,1.13827,1.13827,1.13827,1.13827
1782622860000,1.13827,1.13827,1.13827,1.13827
1782622920000,1.13827,1.13827,1.13827,1.13827
1782622980000,1.13827,1.13827,1.13827,1.13827
1782623040000,1.13827,1.13827,1.13827,1.13827
1782623100000,1.13827,1.13827,1.13827,1.13827
1782623160000,1.13827,1.13827,1.13827,1.13827
1782623220000,1.13827,1.13827,1.13827,1.13827
1782623280000,1.13827,1.13827,1.13827,1.13827
1782623340000,1.13827,1.13827,1.13827,1.13827
1782623400000,1.13827,1.13827,1.13827,1.13827
1782623460000,1.13827,1.13827,1.13827,1.13827
1782623520000,1.13827,1.13827,1.13827,1.13827
1782623580000,1.13827,1.13827,1.13827,1.13827
1782623640000,1.13827,1.13827,1.13827,1.13827
1782623700000,1.13827,1.13827,1.13827,1.13827
1782623760000,1.13827,1.13827,1.13827,1.13827
1782623820000,1.13827,1.13827,1.13827,1.13827
1782623880000,1.13827,1.13827,1.13827,1.13827
1782623940000,1.13827,1.13827,1.13827,1.13827
1782624000000,1.13827,1.13827,1.13827,1.13827
1782624060000,1.13827,1.13827,1.13827,1.13827
1782624120000,1.13827,1.13827,1.13827,1.13827
1782624180000,1.13827,1.13827,1.13827,1.13827
1782624240000,1.13827,1.13827,1.13827,1.13827
1782624300000,1.13827,1.13827,1.13827,1.13827
1782624360000,1.13827,1.13827,1.13827,1.13827
1782624420000,1.13827,1.13827,1.13827,1.13827
1782624480000,1.13827,1.13827,1.13827,1.13827
1782624540000,1.13827,1.13827,1.13827,1.13827
1782624600000,1.13827,1.13827,1.13827,1.13827
1782624660000,1.13827,1.13827,1.13827,1.13827
1782624720000,1.13827,1.13827,1.13827,1.13827
1782624780000,1.13827,1.13827,1.13827,1.13827
1782624840000,1.13827,1.13827,1.13827,1.13827
1782624900000,1.13827,1.13827,1.13827,1.13827
1782624960000,1.13827,1.13827,1.13827,1.13827
1782625020000,1.13827,1.13827,1.13827,1.13827
1782625080000,1.13827,1.13827,1.13827,1.13827
1782625140000,1.13827,1.13827,1.13827,1.13827
1782625200000,1.13827,1.13827,1.13827,1.13827
1782625260000,1.13827,1.13827,1.13827,1.13827
1782625320000,1.13827,1.13827,1.13827,1.13827
1782625380000,1.13827,1.13827,1.13827,1.13827
1782625440000,1.13827,1.13827,1.13827,1.13827
1782625500000,1.13827,1.13827,1.13827,1.13827
1782625560000,1.13827,1.13827,1.13827,1.13827
1782625620000,1.13827,1.13827,1.13827,1.13827
1782625680000,1.13827,1.13827,1.13827,1.13827
1782625740000,1.13827,1.13827,1.13827,1.13827
1782625800000,1.13827,1.13827,1.13827,1.13827
1782625860000,1.13827,1.13827,1.13827,1.13827
1782625920000,1.13827,1.13827,1.13827,1.13827
1782625980000,1.13827,1.13827,1.13827,1.13827
1782626040000,1.13827,1.13827,1.13827,1.13827
1782626100000,1.13827,1.13827,1.13827,1.13827
1782626160000,1.13827,1.13827,1.13827,1.13827
1782626220000,1.13827,1.13827,1.13827,1.13827
1782626280000,1.13827,1.13827,1.13827,1.13827
1782626340000,1.13827,1.13827,1.13827,1.13827
1782626400000,1.13827,1.13827,1.13827,1.13827
1782626460000,1.13827,1.13827,1.13827,1.13827
1782626520000,1.13827,1.13827,1.13827,1.13827
1782626580000,1.13827,1.13827,1.13827,1.13827
1782626640000,1.13827,1.13827,1.13827,1.13827
1782626700000,1.13827,1.13827,1.13827,1.13827
1782626760000,1.13827,1.13827,1.13827,1.13827
1782626820000,1.13827,1.13827,1.13827,1.13827
1782626880000,1.13827,1.13827,1.13827,1.13827
1782626940000,1.13827,1.13827,1.13827,1.13827
1782627000000,1.13827,1.13827,1.13827,1.13827
1782627060000,1.13827,1.13827,1.13827,1.13827
1782627120000,1.13827,1.13827,1.13827,1.13827
1782627180000,1.13827,1.13827,1.13827,1.13827
1782627240000,1.13827,1.13827,1.13827,1.13827
1782627300000,1.13827,1.13827,1.13827,1.13827
1782627360000,1.13827,1.13827,1.13827,1.13827
1782627420000,1.13827,1.13827,1.13827,1.13827
1782627480000,1.13827,1.13827,1.13827,1.13827
1782627540000,1.13827,1.13827,1.13827,1.13827
1782627600000,1.13827,1.13827,1.13827,1.13827
1782627660000,1.13827,1.13827,1.13827,1.13827
1782627720000,1.13827,1.13827,1.13827,1.13827
1782627780000,1.13827,1.13827,1.13827,1.13827
1782627840000,1.13827,1.13827,1.13827,1.13827
1782627900000,1.13827,1.13827,1.13827,1.13827
1782627960000,1.13827,1.13827,1.13827,1.13827
1782628020000,1.13827,1.13827,1.13827,1.13827
1782628080000,1.13827,1.13827,1.13827,1.13827
1782628140000,1.13827,1.13827,1.13827,1.13827
1782628200000,1.13827,1.13827,1.13827,1.13827
1782628260000,1.13827,1.13827,1.13827,1.13827
1782628320000,1.13827,1.13827,1.13827,1.13827
1782628380000,1.13827,1.13827,1.13827,1.13827
1782628440000,1.13827,1.13827,1.13827,1.13827
1782628500000,1.13827,1.13827,1.13827,1.13827
1782628560000,1.13827,1.13827,1.13827,1.13827
1782628620000,1.13827,1.13827,1.13827,1.13827
1782628680000,1.13827,1.13827,1.13827,1.13827
1782628740000,1.13827,1.13827,1.13827,1.13827
1782628800000,1.13827,1.13827,1.13827,1.13827
1782628860000,1.13827,1.13827,1.13827,1.13827
1782628920000,1.13827,1.13827,1.13827,1.13827
1782628980000,1.13827,1.13827,1.13827,1.13827
1782629040000,1.13827,1.13827,1.13827,1.13827
1782629100000,1.13827,1.13827,1.13827,1.13827
1782629160000,1.13827,1.13827,1.13827,1.13827
1782629220000,1.13827,1.13827,1.13827,1.13827
1782629280000,1.13827,1.13827,1.13827,1.13827
1782629340000,1.13827,1.13827,1.13827,1.13827
1782629400000,1.13827,1.13827,1.13827,1.13827
1782629460000,1.13827,1.13827,1.13827,1.13827
1782629520000,1.13827,1.13827,1.13827,1.13827
1782629580000,1.13827,1.13827,1.13827,1.13827
1782629640000,1.13827,1.13827,1.13827,1.13827
1782629700000,1.13827,1.13827,1.13827,1.13827
1782629760000,1.13827,1.13827,1.13827,1.13827
1782629820000,1.13827,1.13827,1.13827,1.13827
1782629880000,1.13827,1.13827,1.13827,1.13827
1782629940000,1.13827,1.13827,1.13827,1.13827
1782630000000,1.13827,1.13827,1.13827,1.13827
1782630060000,1.13827,1.13827,1.13827,1.13827
1782630120000,1.13827,1.13827,1.13827,1.13827
1782630180000,1.13827,1.13827,1.13827,1.13827
1782630240000,1.13827,1.13827,1.13827,1.13827
1782630300000,1.13827,1.13827,1.13827,1.13827
1782630360000,1.13827,1.13827,1.13827,1.13827
1782630420000,1.13827,1.13827,1.13827,1.13827
1782630480000,1.13827,1.13827,1.13827,1.13827
1782630540000,1.13827,1.13827,1.13827,1.13827
1782630600000,1.13827,1.13827,1.13827,1.13827
1782630660000,1.13827,1.13827,1.13827,1.13827
1782630720000,1.13827,1.13827,1.13827,1.13827
1782630780000,1.13827,1.13827,1.13827,1.13827
1782630840000,1.13827,1.13827,1.13827,1.13827
1782630900000,1.13827,1.13827,1.13827,1.13827
1782630960000,1.13827,1.13827,1.13827,1.13827
1782631020000,1.13827,1.13827,1.13827,1.13827
1782631080000,1.13827,1.13827,1.13827,1.13827
1782631140000,1.13827,1.13827,1.13827,1.13827
1782631200000,1.13827,1.13827,1.13827,1.13827
1782631260000,1.13827,1.13827,1.13827,1.13827
1782631320000,1.13827,1.13827,1.13827,1.13827
1782631380000,1.13827,1.13827,1.13827,1.13827
1782631440000,1.13827,1.13827,1.13827,1.13827
1782631500000,1.13827,1.13827,1.13827,1.13827
1782631560000,1.13827,1.13827,1.13827,1.13827
1782631620000,1.13827,1.13827,1.13827,1.13827
1782631680000,1.13827,1.13827,1.13827,1.13827
1782631740000,1.13827,1.13827,1.13827,1.13827
1782631800000,1.13827,1.13827,1.13827,1.13827
1782631860000,1.13827,1.13827,1.13827,1.13827
1782631920000,1.13827,1.13827,1.13827,1.13827
1782631980000,1.13827,1.13827,1.13827,1.13827
1782632040000,1.13827,1.13827,1.13827,1.13827
1782632100000,1.13827,1.13827,1.13827,1.13827
1782632160000,1.13827,1.13827,1.13827,1.13827
1782632220000,1.13827,1.13827,1.13827,1.13827
1782632280000,1.13827,1.13827,1.13827,1.13827
1782632340000,1.13827,1.13827,1.13827,1.13827
1782632400000,1.13827,1.13827,1.13827,1.13827
1782632460000,1.13827,1.13827,1.13827,1.13827
1782632520000,1.13827,1.13827,1.13827,1.13827
1782632580000,1.13827,1.13827,1.13827,1.13827
1782632640000,1.13827,1.13827,1.13827,1.13827
1782632700000,1.13827,1.13827,1.13827,1.13827
1782632760000,1.13827,1.13827,1.13827,1.13827
1782632820000,1.13827,1.13827,1.13827,1.13827
1782632880000,1.13827,1.13827,1.13827,1.13827
1782632940000,1.13827,1.13827,1.13827,1.13827
1782633000000,1.13827,1.13827,1.13827,1.13827
1782633060000,1.13827,1.13827,1.13827,1.13827
1782633120000,1.13827,1.13827,1.13827,1.13827
1782633180000,1.13827,1.13827,1.13827,1.13827
1782633240000,1.13827,1.13827,1.13827,1.13827
1782633300000,1.13827,1.13827,1.13827,1.13827
1782633360000,1.13827,1.13827,1.13827,1.13827
1782633420000,1.13827,1.13827,1.13827,1.13827
1782633480000,1.13827,1.13827,1.13827,1.13827
1782633540000,1.13827,1.13827,1.13827,1.13827
1782633600000,1.13827,1.13827,1.13827,1.13827
1782633660000,1.13827,1.13827,1.13827,1.13827
1782633720000,1.13827,1.13827,1.13827,1.13827
1782633780000,1.13827,1.13827,1.13827,1.13827
1782633840000,1.13827,1.13827,1.13827,1.13827
1782633900000,1.13827,1.13827,1.13827,1.13827
1782633960000,1.13827,1.13827,1.13827,1.13827
1782634020000,1.13827,1.13827,1.13827,1.13827
1782634080000,1.13827,1.13827,1.13827,1.13827
1782634140000,1.13827,1.13827,1.13827,1.13827
1782634200000,1.13827,1.13827,1.13827,1.13827
1782634260000,1.13827,1.13827,1.13827,1.13827
1782634320000,1.13827,1.13827,1.13827,1.13827
1782634380000,1.13827,1.13827,1.13827,1.13827
1782634440000,1.13827,1.13827,1.13827,1.13827
1782634500000,1.13827,1.13827,1.13827,1.13827
1782634560000,1.13827,1.13827,1.13827,1.13827
1782634620000,1.13827,1.13827,1.13827,1.13827
1782634680000,1.13827,1.13827,1.13827,1.13827
1782634740000,1.13827,1.13827,1.13827,1.13827
1782634800000,1.13827,1.13827,1.13827,1.13827
1782634860000,1.13827,1.13827,1.13827,1.13827
1782634920000,1.13827,1.13827,1.13827,1.13827
1782634980000,1.13827,1.13827,1.13827,1.13827
1782635040000,1.13827,1.13827,1.13827,1.13827
1782635100000,1.13827,1.13827,1.13827,1.13827
1782635160000,1.13827,1.13827,1.13827,1.13827
1782635220000,1.13827,1.13827,1.13827,1.13827
1782635280000,1.13827,1.13827,1.13827,1.13827
1782635340000,1.13827,1.13827,1.13827,1.13827
1782635400000,1.13827,1.13827,1.13827,1.13827
1782635460000,1.13827,1.13827,1.13827,1.13827
1782635520000,1.13827,1.13827,1.13827,1.13827
1782635580000,1.13827,1.13827,1.13827,1.13827
1782635640000,1.13827,1.13827,1.13827,1.13827
1782635700000,1.13827,1.13827,1.13827,1.13827
1782635760000,1.13827,1.13827,1.13827,1.13827
1782635820000,1.13827,1.13827,1.13827,1.13827
1782635880000,1.13827,1.13827,1.13827,1.13827
1782635940000,1.13827,1.13827,1.13827,1.13827
1782636000000,1.13827,1.13827,1.13827,1.13827
1782636060000,1.13827,1.13827,1.13827,1.13827
1782636120000,1.13827,1.13827,1.13827,1.13827
1782636180000,1.13827,1.13827,1.13827,1.13827
1782636240000,1.13827,1.13827,1.13827,1.13827
1782636300000,1.13827,1.13827,1.13827,1.13827
1782636360000,1.13827,1.13827,1.13827,1.13827
1782636420000,1.13827,1.13827,1.13827,1.13827
1782636480000,1.13827,1.13827,1.13827,1.13827
1782636540000,1.13827,1.13827,1.13827,1.13827
1782636600000,1.13827,1.13827,1.13827,1.13827
1782636660000,1.13827,1.13827,1.13827,1.13827
1782636720000,1.13827,1.13827,1.13827,1.13827
1782636780000,1.13827,1.13827,1.13827,1.13827
1782636840000,1.13827,1.13827,1.13827,1.13827
1782636900000,1.13827,1.13827,1.13827,1.13827
1782636960000,1.13827,1.13827,1.13827,1.13827
1782637020000,1.13827,1.13827,1.13827,1.13827
1782637080000,1.13827,1.13827,1.13827,1.13827
1782637140000,1.13827,1.13827,1.13827,1.13827
1782637200000,1.13827,1.13827,1.13827,1.13827
1782637260000,1.13827,1.13827,1.13827,1.13827
1782637320000,1.13827,1.13827,1.13827,1.13827
1782637380000,1.13827,1.13827,1.13827,1.13827
1782637440000,1.13827,1.13827,1.13827,1.13827
1782637500000,1.13827,1.13827,1.13827,1.13827
1782637560000,1.13827,1.13827,1.13827,1.13827
1782637620000,1.13827,1.13827,1.13827,1.13827
1782637680000,1.13827,1.13827,1.13827,1.13827
1782637740000,1.13827,1.13827,1.13827,1.13827
1782637800000,1.13827,1.13827,1.13827,1.13827
1782637860000,1.13827,1.13827,1.13827,1.13827
1782637920000,1.13827,1.13827,1.13827,1.13827
1782637980000,1.13827,1.13827,1.13827,1.13827
1782638040000,1.13827,1.13827,1.13827,1.13827
1782638100000,1.13827,1.13827,1.13827,1.13827
1782638160000,1.13827,1.13827,1.13827,1.13827
1782638220000,1.13827,1.13827,1.13827,1.13827
1782638280000,1.13827,1.13827,1.13827,1.13827
1782638340000,1.13827,1.13827,1.13827,1.13827
1782638400000,1.13827,1.13827,1.13827,1.13827
1782638460000,1.13827,1.13827,1.13827,1.13827
1782638520000,1.13827,1.13827,1.13827,1.13827
1782638580000,1.13827,1.13827,1.13827,1.13827
1782638640000,1.13827,1.13827,1.13827,1.13827
1782638700000,1.13827,1.13827,1.13827,1.13827
1782638760000,1.13827,1.13827,1.13827,1.13827
1782638820000,1.13827,1.13827,1.13827,1.13827
1782638880000,1.13827,1.13827,1.13827,1.13827
1782638940000,1.13827,1.13827,1.13827,1.13827
1782639000000,1.13827,1.13827,1.13827,1.13827
1782639060000,1.13827,1.13827,1.13827,1.13827
1782639120000,1.13827,1.13827,1.13827,1.13827
1782639180000,1.13827,1.13827,1.13827,1.13827
1782639240000,1.13827,1.13827,1.13827,1.13827
1782639300000,1.13827,1.13827,1.13827,1.13827
1782639360000,1.13827,1.13827,1.13827,1.13827
1782639420000,1.13827,1.13827,1.13827,1.13827
1782639480000,1.13827,1.13827,1.13827,1.13827
1782639540000,1.13827,1.13827,1.13827,1.13827
1782639600000,1.13827,1.13827,1.13827,1.13827
1782639660000,1.13827,1.13827,1.13827,1.13827
1782639720000,1.13827,1.13827,1.13827,1.13827
1782639780000,1.13827,1.13827,1.13827,1.13827
1782639840000,1.13827,1.13827,1.13827,1.13827
1782639900000,1.13827,1.13827,1.13827,1.13827
1782639960000,1.13827,1.13827,1.13827,1.13827
1782640020000,1.13827,1.13827,1.13827,1.13827
1782640080000,1.13827,1.13827,1.13827,1.13827
1782640140000,1.13827,1.13827,1.13827,1.13827
1782640200000,1.13827,1.13827,1.13827,1.13827
1782640260000,1.13827,1.13827,1.13827,1.13827
1782640320000,1.13827,1.13827,1.13827,1.13827
1782640380000,1.13827,1.13827,1.13827,1.13827
1782640440000,1.13827,1.13827,1.13827,1.13827
1782640500000,1.13827,1.13827,1.13827,1.13827
1782640560000,1.13827,1.13827,1.13827,1.13827
1782640620000,1.13827,1.13827,1.13827,1.13827
1782640680000,1.13827,1.13827,1.13827,1.13827
1782640740000,1.13827,1.13827,1.13827,1.13827
1782640800000,1.13827,1.13827,1.13827,1.13827
1782640860000,1.13827,1.13827,1.13827,1.13827
1782640920000,1.13827,1.13827,1.13827,1.13827
1782640980000,1.13827,1.13827,1.13827,1.13827
1782641040000,1.13827,1.13827,1.13827,1.13827
1782641100000,1.13827,1.13827,1.13827,1.13827
1782641160000,1.13827,1.13827,1.13827,1.13827
1782641220000,1.13827,1.13827,1.13827,1.13827
1782641280000,1.13827,1.13827,1.13827,1.13827
1782641340000,1.13827,1.13827,1.13827,1.13827
1782641400000,1.13827,1.13827,1.13827,1.13827
1782641460000,1.13827,1.13827,1.13827,1.13827
1782641520000,1.13827,1.13827,1.13827,1.13827
1782641580000,1.13827,1.13827,1.13827,1.13827
1782641640000,1.13827,1.13827,1.13827,1.13827
1782641700000,1.13827,1.13827,1.13827,1.13827
1782641760000,1.13827,1.13827,1.13827,1.13827
1782641820000,1.13827,1.13827,1.13827,1.13827
1782641880000,1.13827,1.13827,1.13827,1.13827
1782641940000,1.13827,1.13827,1.13827,1.13827
1782642000000,1.13827,1.13827,1.13827,1.13827
1782642060000,1.13827,1.13827,1.13827,1.13827
1782642120000,1.13827,1.13827,1.13827,1.13827
1782642180000,1.13827,1.13827,1.13827,1.13827
1782642240000,1.13827,1.13827,1.13827,1.13827
1782642300000,1.13827,1.13827,1.13827,1.13827
1782642360000,1.13827,1.13827,1.13827,1.13827
1782642420000,1.13827,1.13827,1.13827,1.13827
1782642480000,1.13827,1.13827,1.13827,1.13827
1782642540000,1.13827,1.13827,1.13827,1.13827
1782642600000,1.13827,1.13827,1.13827,1.13827
1782642660000,1.13827,1.13827,1.13827,1.13827
1782642720000,1.13827,1.13827,1.13827,1.13827
1782642780000,1.13827,1.13827,1.13827,1.13827
1782642840000,1.13827,1.13827,1.13827,1.13827
1782642900000,1.13827,1.13827,1.13827,1.13827
1782642960000,1.13827,1.13827,1.13827,1.13827
1782643020000,1.13827,1.13827,1.13827,1.13827
1782643080000,1.13827,1.13827,1.13827,1.13827
1782643140000,1.13827,1.13827,1.13827,1.13827
1782643200000,1.13827,1.13827,1.13827,1.13827
1782643260000,1.13827,1.13827,1.13827,1.13827
1782643320000,1.13827,1.13827,1.13827,1.13827
1782643380000,1.13827,1.13827,1.13827,1.13827
1782643440000,1.13827,1.13827,1.13827,1.13827
1782643500000,1.13827,1.13827,1.13827,1.13827
1782643560000,1.13827,1.13827,1.13827,1.13827
1782643620000,1.13827,1.13827,1.13827,1.13827
1782643680000,1.13827,1.13827,1.13827,1.13827
1782643740000,1.13827,1.13827,1.13827,1.13827
1782643800000,1.13827,1.13827,1.13827,1.13827
1782643860000,1.13827,1.13827,1.13827,1.13827
1782643920000,1.13827,1.13827,1.13827,1.13827
1782643980000,1.13827,1.13827,1.13827,1.13827
1782644040000,1.13827,1.13827,1.13827,1.13827
1782644100000,1.13827,1.13827,1.13827,1.13827
1782644160000,1.13827,1.13827,1.13827,1.13827
1782644220000,1.13827,1.13827,1.13827,1.13827
1782644280000,1.13827,1.13827,1.13827,1.13827
1782644340000,1.13827,1.13827,1.13827,1.13827
1782644400000,1.13827,1.13827,1.13827,1.13827
1782644460000,1.13827,1.13827,1.13827,1.13827
1782644520000,1.13827,1.13827,1.13827,1.13827
1782644580000,1.13827,1.13827,1.13827,1.13827
1782644640000,1.13827,1.13827,1.13827,1.13827
1782644700000,1.13827,1.13827,1.13827,1.13827
1782644760000,1.13827,1.13827,1.13827,1.13827
1782644820000,1.13827,1.13827,1.13827,1.13827
1782644880000,1.13827,1.13827,1.13827,1.13827
1782644940000,1.13827,1.13827,1.13827,1.13827
1782645000000,1.13827,1.13827,1.13827,1.13827
1782645060000,1.13827,1.13827,1.13827,1.13827
1782645120000,1.13827,1.13827,1.13827,1.13827
1782645180000,1.13827,1.13827,1.13827,1.13827
1782645240000,1.13827,1.13827,1.13827,1.13827
1782645300000,1.13827,1.13827,1.13827,1.13827
1782645360000,1.13827,1.13827,1.13827,1.13827
1782645420000,1.13827,1.13827,1.13827,1.13827
1782645480000,1.13827,1.13827,1.13827,1.13827
1782645540000,1.13827,1.13827,1.13827,1.13827
1782645600000,1.13827,1.13827,1.13827,1.13827
1782645660000,1.13827,1.13827,1.13827,1.13827
1782645720000,1.13827,1.13827,1.13827,1.13827
1782645780000,1.13827,1.13827,1.13827,1.13827
1782645840000,1.13827,1.13827,1.13827,1.13827
1782645900000,1.13827,1.13827,1.13827,1.13827
1782645960000,1.13827,1.13827,1.13827,1.13827
1782646020000,1.13827,1.13827,1.13827,1.13827
1782646080000,1.13827,1.13827,1.13827,1.13827
1782646140000,1.13827,1.13827,1.13827,1.13827
1782646200000,1.13827,1.13827,1.13827,1.13827
1782646260000,1.13827,1.13827,1.13827,1.13827
1782646320000,1.13827,1.13827,1.13827,1.13827
1782646380000,1.13827,1.13827,1.13827,1.13827
1782646440000,1.13827,1.13827,1.13827,1.13827
1782646500000,1.13827,1.13827,1.13827,1.13827
1782646560000,1.13827,1.13827,1.13827,1.13827
1782646620000,1.13827,1.13827,1.13827,1.13827
1782646680000,1.13827,1.13827,1.13827,1.13827
1782646740000,1.13827,1.13827,1.13827,1.13827
1782646800000,1.13827,1.13827,1.13827,1.13827
1782646860000,1.13827,1.13827,1.13827,1.13827
1782646920000,1.13827,1.13827,1.13827,1.13827
1782646980000,1.13827,1.13827,1.13827,1.13827
1782647040000,1.13827,1.13827,1.13827,1.13827
1782647100000,1.13827,1.13827,1.13827,1.13827
1782647160000,1.13827,1.13827,1.13827,1.13827
1782647220000,1.13827,1.13827,1.13827,1.13827
1782647280000,1.13827,1.13827,1.13827,1.13827
1782647340000,1.13827,1.13827,1.13827,1.13827
1782647400000,1.13827,1.13827,1.13827,1.13827
1782647460000,1.13827,1.13827,1.13827,1.13827
1782647520000,1.13827,1.13827,1.13827,1.13827
1782647580000,1.13827,1.13827,1.13827,1.13827
1782647640000,1.13827,1.13827,1.13827,1.13827
1782647700000,1.13827,1.13827,1.13827,1.13827
1782647760000,1.13827,1.13827,1.13827,1.13827
1782647820000,1.13827,1.13827,1.13827,1.13827
1782647880000,1.13827,1.13827,1.13827,1.13827
1782647940000,1.13827,1.13827,1.13827,1.13827
1782648000000,1.13827,1.13827,1.13827,1.13827
1782648060000,1.13827,1.13827,1.13827,1.13827
1782648120000,1.13827,1.13827,1.13827,1.13827
1782648180000,1.13827,1.13827,1.13827,1.13827
1782648240000,1.13827,1.13827,1.13827,1.13827
1782648300000,1.13827,1.13827,1.13827,1.13827
1782648360000,1.13827,1.13827,1.13827,1.13827
1782648420000,1.13827,1.13827,1.13827,1.13827
1782648480000,1.13827,1.13827,1.13827,1.13827
1782648540000,1.13827,1.13827,1.13827,1.13827
1782648600000,1.13827,1.13827,1.13827,1.13827
1782648660000,1.13827,1.13827,1.13827,1.13827
1782648720000,1.13827,1.13827,1.13827,1.13827
1782648780000,1.13827,1.13827,1.13827,1.13827
1782648840000,1.13827,1.13827,1.13827,1.13827
1782648900000,1.13827,1.13827,1.13827,1.13827
1782648960000,1.13827,1.13827,1.13827,1.13827
1782649020000,1.13827,1.13827,1.13827,1.13827
1782649080000,1.13827,1.13827,1.13827,1.13827
1782649140000,1.13827,1.13827,1.13827,1.13827
1782649200000,1.13827,1.13827,1.13827,1.13827
1782649260000,1.13827,1.13827,1.13827,1.13827
1782649320000,1.13827,1.13827,1.13827,1.13827
1782649380000,1.13827,1.13827,1.13827,1.13827
1782649440000,1.13827,1.13827,1.13827,1.13827
1782649500000,1.13827,1.13827,1.13827,1.13827
1782649560000,1.13827,1.13827,1.13827,1.13827
1782649620000,1.13827,1.13827,1.13827,1.13827
1782649680000,1.13827,1.13827,1.13827,1.13827
1782649740000,1.13827,1.13827,1.13827,1.13827
1782649800000,1.13827,1.13827,1.13827,1.13827
1782649860000,1.13827,1.13827,1.13827,1.13827
1782649920000,1.13827,1.13827,1.13827,1.13827
1782649980000,1.13827,1.13827,1.13827,1.13827
1782650040000,1.13827,1.13827,1.13827,1.13827
1782650100000,1.13827,1.13827,1.13827,1.13827
1782650160000,1.13827,1.13827,1.13827,1.13827
1782650220000,1.13827,1.13827,1.13827,1.13827
1782650280000,1.13827,1.13827,1.13827,1.13827
1782650340000,1.13827,1.13827,1.13827,1.13827
1782650400000,1.13827,1.13827,1.13827,1.13827
1782650460000,1.13827,1.13827,1.13827,1.13827
1782650520000,1.13827,1.13827,1.13827,1.13827
1782650580000,1.13827,1.13827,1.13827,1.13827
1782650640000,1.13827,1.13827,1.13827,1.13827
1782650700000,1.13827,1.13827,1.13827,1.13827
1782650760000,1.13827,1.13827,1.13827,1.13827
1782650820000,1.13827,1.13827,1.13827,1.13827
1782650880000,1.13827,1.13827,1.13827,1.13827
1782650940000,1.13827,1.13827,1.13827,1.13827
1782651000000,1.13827,1.13827,1.13827,1.13827
1782651060000,1.13827,1.13827,1.13827,1.13827
1782651120000,1.13827,1.13827,1.13827,1.13827
1782651180000,1.13827,1.13827,1.13827,1.13827
1782651240000,1.13827,1.13827,1.13827,1.13827
1782651300000,1.13827,1.13827,1.13827,1.13827
1782651360000,1.13827,1.13827,1.13827,1.13827
1782651420000,1.13827,1.13827,1.13827,1.13827
1782651480000,1.13827,1.13827,1.13827,1.13827
1782651540000,1.13827,1.13827,1.13827,1.13827
1782651600000,1.13827,1.13827,1.13827,1.13827
1782651660000,1.13827,1.13827,1.13827,1.13827
1782651720000,1.13827,1.13827,1.13827,1.13827
1782651780000,1.13827,1.13827,1.13827,1.13827
1782651840000,1.13827,1.13827,1.13827,1.13827
1782651900000,1.13827,1.13827,1.13827,1.13827
1782651960000,1.13827,1.13827,1.13827,1.13827
1782652020000,1.13827,1.13827,1.13827,1.13827
1782652080000,1.13827,1.13827,1.13827,1.13827
1782652140000,1.13827,1.13827,1.13827,1.13827
1782652200000,1.13827,1.13827,1.13827,1.13827
1782652260000,1.13827,1.13827,1.13827,1.13827
1782652320000,1.13827,1.13827,1.13827,1.13827
1782652380000,1.13827,1.13827,1.13827,1.13827
1782652440000,1.13827,1.13827,1.13827,1.13827
1782652500000,1.13827,1.13827,1.13827,1.13827
1782652560000,1.13827,1.13827,1.13827,1.13827
1782652620000,1.13827,1.13827,1.13827,1.13827
1782652680000,1.13827,1.13827,1.13827,1.13827
1782652740000,1.13827,1.13827,1.13827,1.13827
1782652800000,1.13827,1.13827,1.13827,1.13827
1782652860000,1.13827,1.13827,1.13827,1.13827
1782652920000,1.13827,1.13827,1.13827,1.13827
1782652980000,1.13827,1.13827,1.13827,1.13827
1782653040000,1.13827,1.13827,1.13827,1.13827
1782653100000,1.13827,1.13827,1.13827,1.13827
1782653160000,1.13827,1.13827,1.13827,1.13827
1782653220000,1.13827,1.13827,1.13827,1.13827
1782653280000,1.13827,1.13827,1.13827,1.13827
1782653340000,1.13827,1.13827,1.13827,1.13827
1782653400000,1.13827,1.13827,1.13827,1.13827
1782653460000,1.13827,1.13827,1.13827,1.13827
1782653520000,1.13827,1.13827,1.13827,1.13827
1782653580000,1.13827,1.13827,1.13827,1.13827
1782653640000,1.13827,1.13827,1.13827,1.13827
1782653700000,1.13827,1.13827,1.13827,1.13827
1782653760000,1.13827,1.13827,1.13827,1.13827
1782653820000,1.13827,1.13827,1.13827,1.13827
1782653880000,1.13827,1.13827,1.13827,1.13827
1782653940000,1.13827,1.13827,1.13827,1.13827
1782654000000,1.13827,1.13827,1.13827,1.13827
1782654060000,1.13827,1.13827,1.13827,1.13827
1782654120000,1.13827,1.13827,1.13827,1.13827
1782654180000,1.13827,1.13827,1.13827,1.13827
1782654240000,1.13827,1.13827,1.13827,1.13827
1782654300000,1.13827,1.13827,1.13827,1.13827
1782654360000,1.13827,1.13827,1.13827,1.13827
1782654420000,1.13827,1.13827,1.13827,1.13827
1782654480000,1.13827,1.13827,1.13827,1.13827
1782654540000,1.13827,1.13827,1.13827,1.13827
1782654600000,1.13827,1.13827,1.13827,1.13827
1782654660000,1.13827,1.13827,1.13827,1.13827
1782654720000,1.13827,1.13827,1.13827,1.13827
1782654780000,1.13827,1.13827,1.13827,1.13827
1782654840000,1.13827,1.13827,1.13827,1.13827
1782654900000,1.13827,1.13827,1.13827,1.13827
1782654960000,1.13827,1.13827,1.13827,1.13827
1782655020000,1.13827,1.13827,1.13827,1.13827
1782655080000,1.13827,1.13827,1.13827,1.13827
1782655140000,1.13827,1.13827,1.13827,1.13827
1782655200000,1.13827,1.13827,1.13827,1.13827
1782655260000,1.13827,1.13827,1.13827,1.13827
1782655320000,1.13827,1.13827,1.13827,1.13827
1782655380000,1.13827,1.13827,1.13827,1.13827
1782655440000,1.13827,1.13827,1.13827,1.13827
1782655500000,1.13827,1.13827,1.13827,1.13827
1782655560000,1.13827,1.13827,1.13827,1.13827
1782655620000,1.13827,1.13827,1.13827,1.13827
1782655680000,1.13827,1.13827,1.13827,1.13827
1782655740000,1.13827,1.13827,1.13827,1.13827
1782655800000,1.13827,1.13827,1.13827,1.13827
1782655860000,1.13827,1.13827,1.13827,1.13827
1782655920000,1.13827,1.13827,1.13827,1.13827
1782655980000,1.13827,1.13827,1.13827,1.13827
1782656040000,1.13827,1.13827,1.13827,1.13827
1782656100000,1.13827,1.13827,1.13827,1.13827
1782656160000,1.13827,1.13827,1.13827,1.13827
1782656220000,1.13827,1.13827,1.13827,1.13827
1782656280000,1.13827,1.13827,1.13827,1.13827
1782656340000,1.13827,1.13827,1.13827,1.13827
1782656400000,1.13827,1.13827,1.13827,1.13827
1782656460000,1.13827,1.13827,1.13827,1.13827
1782656520000,1.13827,1.13827,1.13827,1.13827
1782656580000,1.13827,1.13827,1.13827,1.13827
1782656640000,1.13827,1.13827,1.13827,1.13827
1782656700000,1.13827,1.13827,1.13827,1.13827
1782656760000,1.13827,1.13827,1.13827,1.13827
1782656820000,1.13827,1.13827,1.13827,1.13827
1782656880000,1.13827,1.13827,1.13827,1.13827
1782656940000,1.13827,1.13827,1.13827,1.13827
1782657000000,1.13827,1.13827,1.13827,1.13827
1782657060000,1.13827,1.13827,1.13827,1.13827
1782657120000,1.13827,1.13827,1.13827,1.13827
1782657180000,1.13827,1.13827,1.13827,1.13827
1782657240000,1.13827,1.13827,1.13827,1.13827
1782657300000,1.13827,1.13827,1.13827,1.13827
1782657360000,1.13827,1.13827,1.13827,1.13827
1782657420000,1.13827,1.13827,1.13827,1.13827
1782657480000,1.13827,1.13827,1.13827,1.13827
1782657540000,1.13827,1.13827,1.13827,1.13827
1782657600000,1.13827,1.13827,1.13827,1.13827
1782657660000,1.13827,1.13827,1.13827,1.13827
1782657720000,1.13827,1.13827,1.13827,1.13827
1782657780000,1.13827,1.13827,1.13827,1.13827
1782657840000,1.13827,1.13827,1.13827,1.13827
1782657900000,1.13827,1.13827,1.13827,1.13827
1782657960000,1.13827,1.13827,1.13827,1.13827
1782658020000,1.13827,1.13827,1.13827,1.13827
1782658080000,1.13827,1.13827,1.13827,1.13827
1782658140000,1.13827,1.13827,1.13827,1.13827
1782658200000,1.13827,1.13827,1.13827,1.13827
1782658260000,1.13827,1.13827,1.13827,1.13827
1782658320000,1.13827,1.13827,1.13827,1.13827
1782658380000,1.13827,1.13827,1.13827,1.13827
1782658440000,1.13827,1.13827,1.13827,1.13827
1782658500000,1.13827,1.13827,1.13827,1.13827
1782658560000,1.13827,1.13827,1.13827,1.13827
1782658620000,1.13827,1.13827,1.13827,1.13827
1782658680000,1.13827,1.13827,1.13827,1.13827
1782658740000,1.13827,1.13827,1.13827,1.13827
1782658800000,1.13827,1.13827,1.13827,1.13827
1782658860000,1.13827,1.13827,1.13827,1.13827
1782658920000,1.13827,1.13827,1.13827,1.13827
1782658980000,1.13827,1.13827,1.13827,1.13827
1782659040000,1.13827,1.13827,1.13827,1.13827
1782659100000,1.13827,1.13827,1.13827,1.13827
1782659160000,1.13827,1.13827,1.13827,1.13827
1782659220000,1.13827,1.13827,1.13827,1.13827
1782659280000,1.13827,1.13827,1.13827,1.13827
1782659340000,1.13827,1.13827,1.13827,1.13827
1782659400000,1.13827,1.13827,1.13827,1.13827
1782659460000,1.13827,1.13827,1.13827,1.13827
1782659520000,1.13827,1.13827,1.13827,1.13827
1782659580000,1.13827,1.13827,1.13827,1.13827
1782659640000,1.13827,1.13827,1.13827,1.13827
1782659700000,1.13827,1.13827,1.13827,1.13827
1782659760000,1.13827,1.13827,1.13827,1.13827
1782659820000,1.13827,1.13827,1.13827,1.13827
1782659880000,1.13827,1.13827,1.13827,1.13827
1782659940000,1.13827,1.13827,1.13827,1.13827
1782660000000,1.13827,1.13827,1.13827,1.13827
1782660060000,1.13827,1.13827,1.13827,1.13827
1782660120000,1.13827,1.13827,1.13827,1.13827
1782660180000,1.13827,1.13827,1.13827,1.13827
1782660240000,1.13827,1.13827,1.13827,1.13827
1782660300000,1.13827,1.13827,1.13827,1.13827
1782660360000,1.13827,1.13827,1.13827,1.13827
1782660420000,1.13827,1.13827,1.13827,1.13827
1782660480000,1.13827,1.13827,1.13827,1.13827
1782660540000,1.13827,1.13827,1.13827,1.13827
1782660600000,1.13827,1.13827,1.13827,1.13827
1782660660000,1.13827,1.13827,1.13827,1.13827
1782660720000,1.13827,1.13827,1.13827,1.13827
1782660780000,1.13827,1.13827,1.13827,1.13827
1782660840000,1.13827,1.13827,1.13827,1.13827
1782660900000,1.13827,1.13827,1.13827,1.13827
1782660960000,1.13827,1.13827,1.13827,1.13827
1782661020000,1.13827,1.13827,1.13827,1.13827
1782661080000,1.13827,1.13827,1.13827,1.13827
1782661140000,1.13827,1.13827,1.13827,1.13827
1782661200000,1.13827,1.13827,1.13827,1.13827
1782661260000,1.13827,1.13827,1.13827,1.13827
1782661320000,1.13827,1.13827,1.13827,1.13827
1782661380000,1.13827,1.13827,1.13827,1.13827
1782661440000,1.13827,1.13827,1.13827,1.13827
1782661500000,1.13827,1.13827,1.13827,1.13827
1782661560000,1.13827,1.13827,1.13827,1.13827
1782661620000,1.13827,1.13827,1.13827,1.13827
1782661680000,1.13827,1.13827,1.13827,1.13827
1782661740000,1.13827,1.13827,1.13827,1.13827
1782661800000,1.13827,1.13827,1.13827,1.13827
1782661860000,1.13827,1.13827,1.13827,1.13827
1782661920000,1.13827,1.13827,1.13827,1.13827
1782661980000,1.13827,1.13827,1.13827,1.13827
1782662040000,1.13827,1.13827,1.13827,1.13827
1782662100000,1.13827,1.13827,1.13827,1.13827
1782662160000,1.13827,1.13827,1.13827,1.13827
1782662220000,1.13827,1.13827,1.13827,1.13827
1782662280000,1.13827,1.13827,1.13827,1.13827
1782662340000,1.13827,1.13827,1.13827,1.13827
1782662400000,1.13827,1.13827,1.13827,1.13827
1782662460000,1.13827,1.13827,1.13827,1.13827
1782662520000,1.13827,1.13827,1.13827,1.13827
1782662580000,1.13827,1.13827,1.13827,1.13827
1782662640000,1.13827,1.13827,1.13827,1.13827
1782662700000,1.13827,1.13827,1.13827,1.13827
1782662760000,1.13827,1.13827,1.13827,1.13827
1782662820000,1.13827,1.13827,1.13827,1.13827
1782662880000,1.13827,1.13827,1.13827,1.13827
1782662940000,1.13827,1.13827,1.13827,1.13827
1782663000000,1.13827,1.13827,1.13827,1.13827
1782663060000,1.13827,1.13827,1.13827,1.13827
1782663120000,1.13827,1.13827,1.13827,1.13827
1782663180000,1.13827,1.13827,1.13827,1.13827
1782663240000,1.13827,1.13827,1.13827,1.13827
1782663300000,1.13827,1.13827,1.13827,1.13827
1782663360000,1.13827,1.13827,1.13827,1.13827
1782663420000,1.13827,1.13827,1.13827,1.13827
1782663480000,1.13827,1.13827,1.13827,1.13827
1782663540000,1.13827,1.13827,1.13827,1.13827
1782663600000,1.13827,1.13827,1.13827,1.13827
1782663660000,1.13827,1.13827,1.13827,1.13827
1782663720000,1.13827,1.13827,1.13827,1.13827
1782663780000,1.13827,1.13827,1.13827,1.13827
1782663840000,1.13827,1.13827,1.13827,1.13827
1782663900000,1.13827,1.13827,1.13827,1.13827
1782663960000,1.13827,1.13827,1.13827,1.13827
1782664020000,1.13827,1.13827,1.13827,1.13827
1782664080000,1.13827,1.13827,1.13827,1.13827
1782664140000,1.13827,1.13827,1.13827,1.13827
1782664200000,1.13827,1.13827,1.13827,1.13827
1782664260000,1.13827,1.13827,1.13827,1.13827
1782664320000,1.13827,1.13827,1.13827,1.13827
1782664380000,1.13827,1.13827,1.13827,1.13827
1782664440000,1.13827,1.13827,1.13827,1.13827
1782664500000,1.13827,1.13827,1.13827,1.13827
1782664560000,1.13827,1.13827,1.13827,1.13827
1782664620000,1.13827,1.13827,1.13827,1.13827
1782664680000,1.13827,1.13827,1.13827,1.13827
1782664740000,1.13827,1.13827,1.13827,1.13827
1782664800000,1.13827,1.13827,1.13827,1.13827
1782664860000,1.13827,1.13827,1.13827,1.13827
1782664920000,1.13827,1.13827,1.13827,1.13827
1782664980000,1.13827,1.13827,1.13827,1.13827
1782665040000,1.13827,1.13827,1.13827,1.13827
1782665100000,1.13827,1.13827,1.13827,1.13827
1782665160000,1.13827,1.13827,1.13827,1.13827
1782665220000,1.13827,1.13827,1.13827,1.13827
1782665280000,1.13827,1.13827,1.13827,1.13827
1782665340000,1.13827,1.13827,1.13827,1.13827
1782665400000,1.13827,1.13827,1.13827,1.13827
1782665460000,1.13827,1.13827,1.13827,1.13827
1782665520000,1.13827,1.13827,1.13827,1.13827
1782665580000,1.13827,1.13827,1.13827,1.13827
1782665640000,1.13827,1.13827,1.13827,1.13827
1782665700000,1.13827,1.13827,1.13827,1.13827
1782665760000,1.13827,1.13827,1.13827,1.13827
1782665820000,1.13827,1.13827,1.13827,1.13827
1782665880000,1.13827,1.13827,1.13827,1.13827
1782665940000,1.13827,1.13827,1.13827,1.13827
1782666000000,1.13827,1.13827,1.13827,1.13827
1782666060000,1.13827,1.13827,1.13827,1.13827
1782666120000,1.13827,1.13827,1.13827,1.13827
1782666180000,1.13827,1.13827,1.13827,1.13827
1782666240000,1.13827,1.13827,1.13827,1.13827
1782666300000,1.13827,1.13827,1.13827,1.13827
1782666360000,1.13827,1.13827,1.13827,1.13827
1782666420000,1.13827,1.13827,1.13827,1.13827
1782666480000,1.13827,1.13827,1.13827,1.13827
1782666540000,1.13827,1.13827,1.13827,1.13827
1782666600000,1.13827,1.13827,1.13827,1.13827
1782666660000,1.13827,1.13827,1.13827,1.13827
1782666720000,1.13827,1.13827,1.13827,1.13827
1782666780000,1.13827,1.13827,1.13827,1.13827
1782666840000,1.13827,1.13827,1.13827,1.13827
1782666900000,1.13827,1.13827,1.13827,1.13827
1782666960000,1.13827,1.13827,1.13827,1.13827
1782667020000,1.13827,1.13827,1.13827,1.13827
1782667080000,1.13827,1.13827,1.13827,1.13827
1782667140000,1.13827,1.13827,1.13827,1.13827
1782667200000,1.13827,1.13827,1.13827,1.13827
1782667260000,1.13827,1.13827,1.13827,1.13827
1782667320000,1.13827,1.13827,1.13827,1.13827
1782667380000,1.13827,1.13827,1.13827,1.13827
1782667440000,1.13827,1.13827,1.13827,1.13827
1782667500000,1.13827,1.13827,1.13827,1.13827
1782667560000,1.13827,1.13827,1.13827,1.13827
1782667620000,1.13827,1.13827,1.13827,1.13827
1782667680000,1.13827,1.13827,1.13827,1.13827
1782667740000,1.13827,1.13827,1.13827,1.13827
1782667800000,1.13827,1.13827,1.13827,1.13827
1782667860000,1.13827,1.13827,1.13827,1.13827
1782667920000,1.13827,1.13827,1.13827,1.13827
1782667980000,1.13827,1.13827,1.13827,1.13827
1782668040000,1.13827,1.13827,1.13827,1.13827
1782668100000,1.13827,1.13827,1.13827,1.13827
1782668160000,1.13827,1.13827,1.13827,1.13827
1782668220000,1.13827,1.13827,1.13827,1.13827
1782668280000,1.13827,1.13827,1.13827,1.13827
1782668340000,1.13827,1.13827,1.13827,1.13827
1782668400000,1.13827,1.13827,1.13827,1.13827
1782668460000,1.13827,1.13827,1.13827,1.13827
1782668520000,1.13827,1.13827,1.13827,1.13827
1782668580000,1.13827,1.13827,1.13827,1.13827
1782668640000,1.13827,1.13827,1.13827,1.13827
1782668700000,1.13827,1.13827,1.13827,1.13827
1782668760000,1.13827,1.13827,1.13827,1.13827
1782668820000,1.13827,1.13827,1.13827,1.13827
1782668880000,1.13827,1.13827,1.13827,1.13827
1782668940000,1.13827,1.13827,1.13827,1.13827
1782669000000,1.13827,1.13827,1.13827,1.13827
1782669060000,1.13827,1.13827,1.13827,1.13827
1782669120000,1.13827,1.13827,1.13827,1.13827
1782669180000,1.13827,1.13827,1.13827,1.13827
1782669240000,1.13827,1.13827,1.13827,1.13827
1782669300000,1.13827,1.13827,1.13827,1.13827
1782669360000,1.13827,1.13827,1.13827,1.13827
1782669420000,1.13827,1.13827,1.13827,1.13827
1782669480000,1.13827,1.13827,1.13827,1.13827
1782669540000,1.13827,1.13827,1.13827,1.13827
1782669600000,1.13827,1.13827,1.13827,1.13827
1782669660000,1.13827,1.13827,1.13827,1.13827
1782669720000,1.13827,1.13827,1.13827,1.13827
1782669780000,1.13827,1.13827,1.13827,1.13827
1782669840000,1.13827,1.13827,1.13827,1.13827
1782669900000,1.13827,1.13827,1.13827,1.13827
1782669960000,1.13827,1.13827,1.13827,1.13827
1782670020000,1.13827,1.13827,1.13827,1.13827
1782670080000,1.13827,1.13827,1.13827,1.13827
1782670140000,1.13827,1.13827,1.13827,1.13827
1782670200000,1.13827,1.13827,1.13827,1.13827
1782670260000,1.13827,1.13827,1.13827,1.13827
1782670320000,1.13827,1.13827,1.13827,1.13827
1782670380000,1.13827,1.13827,1.13827,1.13827
1782670440000,1.13827,1.13827,1.13827,1.13827
1782670500000,1.13827,1.13827,1.13827,1.13827
1782670560000,1.13827,1.13827,1.13827,1.13827
1782670620000,1.13827,1.13827,1.13827,1.13827
1782670680000,1.13827,1.13827,1.13827,1.13827
1782670740000,1.13827,1.13827,1.13827,1.13827
1782670800000,1.13827,1.13827,1.13827,1.13827
1782670860000,1.13827,1.13827,1.13827,1.13827
1782670920000,1.13827,1.13827,1.13827,1.13827
1782670980000,1.13827,1.13827,1.13827,1.13827
1782671040000,1.13827,1.13827,1.13827,1.13827
1782671100000,1.13827,1.13827,1.13827,1.13827
1782671160000,1.13827,1.13827,1.13827,1.13827
1782671220000,1.13827,1.13827,1.13827,1.13827
1782671280000,1.13827,1.13827,1.13827,1.13827
1782671340000,1.13827,1.13827,1.13827,1.13827
1782671400000,1.13827,1.13827,1.13827,1.13827
1782671460000,1.13827,1.13827,1.13827,1.13827
1782671520000,1.13827,1.13827,1.13827,1.13827
1782671580000,1.13827,1.13827,1.13827,1.13827
1782671640000,1.13827,1.13827,1.13827,1.13827
1782671700000,1.13827,1.13827,1.13827,1.13827
1782671760000,1.13827,1.13827,1.13827,1.13827
1782671820000,1.13827,1.13827,1.13827,1.13827
1782671880000,1.13827,1.13827,1.13827,1.13827
1782671940000,1.13827,1.13827,1.13827,1.13827
1782672000000,1.13827,1.13827,1.13827,1.13827
1782672060000,1.13827,1.13827,1.13827,1.13827
1782672120000,1.13827,1.13827,1.13827,1.13827
1782672180000,1.13827,1.13827,1.13827,1.13827
1782672240000,1.13827,1.13827,1.13827,1.13827
1782672300000,1.13827,1.13827,1.13827,1.13827
1782672360000,1.13827,1.13827,1.13827,1.13827
1782672420000,1.13827,1.13827,1.13827,1.13827
1782672480000,1.13827,1.13827,1.13827,1.13827
1782672540000,1.13827,1.13827,1.13827,1.13827
1782672600000,1.13827,1.13827,1.13827,1.13827
1782672660000,1.13827,1.13827,1.13827,1.13827
1782672720000,1.13827,1.13827,1.13827,1.13827
1782672780000,1.13827,1.13827,1.13827,1.13827
1782672840000,1.13827,1.13827,1.13827,1.13827
1782672900000,1.13827,1.13827,1.13827,1.13827
1782672960000,1.13827,1.13827,1.13827,1.13827
1782673020000,1.13827,1.13827,1.13827,1.13827
1782673080000,1.13827,1.13827,1.13827,1.13827
1782673140000,1.13827,1.13827,1.13827,1.13827
1782673200000,1.13827,1.13827,1.13827,1.13827
1782673260000,1.13827,1.13827,1.13827,1.13827
1782673320000,1.13827,1.13827,1.13827,1.13827
1782673380000,1.13827,1.13827,1.13827,1.13827
1782673440000,1.13827,1.13827,1.13827,1.13827
1782673500000,1.13827,1.13827,1.13827,1.13827
1782673560000,1.13827,1.13827,1.13827,1.13827
1782673620000,1.13827,1.13827,1.13827,1.13827
1782673680000,1.13827,1.13827,1.13827,1.13827
1782673740000,1.13827,1.13827,1.13827,1.13827
1782673800000,1.13827,1.13827,1.13827,1.13827
1782673860000,1.13827,1.13827,1.13827,1.13827
1782673920000,1.13827,1.13827,1.13827,1.13827
1782673980000,1.13827,1.13827,1.13827,1.13827
1782674040000,1.13827,1.13827,1.13827,1.13827
1782674100000,1.13827,1.13827,1.13827,1.13827
1782674160000,1.13827,1.13827,1.13827,1.13827
1782674220000,1.13827,1.13827,1.13827,1.13827
1782674280000,1.13827,1.13827,1.13827,1.13827
1782674340000,1.13827,1.13827,1.13827,1.13827
1782674400000,1.13827,1.13827,1.13827,1.13827
1782674460000,1.13827,1.13827,1.13827,1.13827
1782674520000,1.13827,1.13827,1.13827,1.13827
1782674580000,1.13827,1.13827,1.13827,1.13827
1782674640000,1.13827,1.13827,1.13827,1.13827
1782674700000,1.13827,1.13827,1.13827,1.13827
1782674760000,1.13827,1.13827,1.13827,1.13827
1782674820000,1.13827,1.13827,1.13827,1.13827
1782674880000,1.13827,1.13827,1.13827,1.13827
1782674940000,1.13827,1.13827,1.13827,1.13827
1782675000000,1.13827,1.13827,1.13827,1.13827
1782675060000,1.13827,1.13827,1.13827,1.13827
1782675120000,1.13827,1.13827,1.13827,1.13827
1782675180000,1.13827,1.13827,1.13827,1.13827
1782675240000,1.13827,1.13827,1.13827,1.13827
1782675300000,1.13827,1.13827,1.13827,1.13827
1782675360000,1.13827,1.13827,1.13827,1.13827
1782675420000,1.13827,1.13827,1.13827,1.13827
1782675480000,1.13827,1.13827,1.13827,1.13827
1782675540000,1.13827,1.13827,1.13827,1.13827
1782675600000,1.13827,1.13827,1.13827,1.13827
1782675660000,1.13827,1.13827,1.13827,1.13827
1782675720000,1.13827,1.13827,1.13827,1.13827
1782675780000,1.13827,1.13827,1.13827,1.13827
1782675840000,1.13827,1.13827,1.13827,1.13827
1782675900000,1.13827,1.13827,1.13827,1.13827
1782675960000,1.13827,1.13827,1.13827,1.13827
1782676020000,1.13827,1.13827,1.13827,1.13827
1782676080000,1.13827,1.13827,1.13827,1.13827
1782676140000,1.13827,1.13827,1.13827,1.13827
1782676200000,1.13827,1.13827,1.13827,1.13827
1782676260000,1.13827,1.13827,1.13827,1.13827
1782676320000,1.13827,1.13827,1.13827,1.13827
1782676380000,1.13827,1.13827,1.13827,1.13827
1782676440000,1.13827,1.13827,1.13827,1.13827
1782676500000,1.13827,1.13827,1.13827,1.13827
1782676560000,1.13827,1.13827,1.13827,1.13827
1782676620000,1.13827,1.13827,1.13827,1.13827
1782676680000,1.13827,1.13827,1.13827,1.13827
1782676740000,1.13827,1.13827,1.13827,1.13827
1782676800000,1.13827,1.13827,1.13827,1.13827
1782676860000,1.13827,1.13827,1.13827,1.13827
1782676920000,1.13827,1.13827,1.13827,1.13827
1782676980000,1.13827,1.13827,1.13827,1.13827
1782677040000,1.13827,1.13827,1.13827,1.13827
1782677100000,1.13827,1.13827,1.13827,1.13827
1782677160000,1.13827,1.13827,1.13827,1.13827
1782677220000,1.13827,1.13827,1.13827,1.13827
1782677280000,1.13827,1.13827,1.13827,1.13827
1782677340000,1.13827,1.13827,1.13827,1.13827
1782677400000,1.13827,1.13827,1.13827,1.13827
1782677460000,1.13827,1.13827,1.13827,1.13827
1782677520000,1.13827,1.13827,1.13827,1.13827
1782677580000,1.13827,1.13827,1.13827,1.13827
1782677640000,1.13827,1.13827,1.13827,1.13827
1782677700000,1.13827,1.13827,1.13827,1.13827
1782677760000,1.13827,1.13827,1.13827,1.13827
1782677820000,1.13827,1.13827,1.13827,1.13827
1782677880000,1.13827,1.13827,1.13827,1.13827
1782677940000,1.13827,1.13827,1.13827,1.13827
1782678000000,1.13827,1.13827,1.13827,1.13827
1782678060000,1.13827,1.13827,1.13827,1.13827
1782678120000,1.13827,1.13827,1.13827,1.13827
1782678180000,1.13827,1.13827,1.13827,1.13827
1782678240000,1.13827,1.13827,1.13827,1.13827
1782678300000,1.13827,1.13827,1.13827,1.13827
1782678360000,1.13827,1.13827,1.13827,1.13827
1782678420000,1.13827,1.13827,1.13827,1.13827
1782678480000,1.13827,1.13827,1.13827,1.13827
1782678540000,1.13827,1.13827,1.13827,1.13827
1782678600000,1.13827,1.13827,1.13827,1.13827
1782678660000,1.13827,1.13827,1.13827,1.13827
1782678720000,1.13827,1.13827,1.13827,1.13827
1782678780000,1.13827,1.13827,1.13827,1.13827
1782678840000,1.13827,1.13827,1.13827,1.13827
1782678900000,1.13827,1.13827,1.13827,1.13827
1782678960000,1.13827,1.13827,1.13827,1.13827
1782679020000,1.13827,1.13827,1.13827,1.13827
1782679080000,1.13827,1.13827,1.13827,1.13827
1782679140000,1.13827,1.13827,1.13827,1.13827
1782679200000,1.13827,1.13827,1.13827,1.13827
1782679260000,1.13827,1.13827,1.13827,1.13827
1782679320000,1.13827,1.13827,1.13827,1.13827
1782679380000,1.13827,1.13827,1.13827,1.13827
1782679440000,1.13827,1.13827,1.13827,1.13827
1782679500000,1.13827,1.13827,1.13827,1.13827
1782679560000,1.13827,1.13827,1.13827,1.13827
1782679620000,1.13827,1.13827,1.13827,1.13827
1782679680000,1.13827,1.13827,1.13827,1.13827
1782679740000,1.13827,1.13827,1.13827,1.13827
1782679800000,1.13827,1.13827,1.13827,1.13827
1782679860000,1.13827,1.13827,1.13827,1.13827
1782679920000,1.13827,1.13827,1.13827,1.13827
1782679980000,1.13827,1.13827,1.13827,1.13827
1782680040000,1.13827,1.13827,1.13827,1.13827
1782680100000,1.13827,1.13827,1.13827,1.13827
1782680160000,1.13827,1.13827,1.13827,1.13827
1782680220000,1.13827,1.13827,1.13827,1.13827
1782680280000,1.13827,1.13827,1.13827,1.13827
1782680340000,1.13827,1.13827,1.13827,1.13827
1782680400000,1.13827,1.13827,1.13827,1.13827
1782680460000,1.13827,1.13827,1.13827,1.13827
1782680520000,1.13827,1.13827,1.13827,1.13827
1782680580000,1.13827,1.13827,1.13827,1.13827
1782680640000,1.13809,1.13826,1.13808,1.13826
1782680700000,1.1384,1.13842,1.13832,1.13838
1782680760000,1.13843,1.13843,1.13843,1.13843
1782680820000,1.13843,1.13843,1.13843,1.13843
1782680880000,1.13838,1.13839,1.13828,1.13828
1782680940000,1.13828,1.13829,1.13822,1.13822
1782681000000,1.13822,1.13822,1.13809,1.13814
1782681060000,1.13814,1.13814,1.13808,1.13808
1782681120000,1.13808,1.13821,1.13804,1.1382
1782681180000,1.13821,1.13828,1.1382,1.13828
1782681240000,1.1383,1.1383,1.13818,1.13818
1782681300000,1.13824,1.13824,1.13813,1.13817
1782681360000,1.13817,1.13826,1.13817,1.13826
1782681420000,1.13827,1.13827,1.13826,1.13826
1782681480000,1.13826,1.13826,1.13826,1.13826
1782681540000,1.13824,1.13824,1.13824,1.13824
1782681600000,1.13824,1.13825,1.13824,1.13825
1782681660000,1.13825,1.13825,1.13825,1.13825
1782681720000,1.13825,1.13825,1.13825,1.13825
1782681780000,1.13825,1.13825,1.13825,1.13825
1782681840000,1.13825,1.13825,1.13825,1.13825
1782681900000,1.13825,1.13825,1.13825,1.13825
1782681960000,1.13825,1.13825,1.13825,1.13825
1782682020000,1.13825,1.13825,1.13825,1.13825
1782682080000,1.13829,1.1383,1.13828,1.1383
1782682140000,1.1383,1.1383,1.1383,1.1383
1782682200000,1.13836,1.13837,1.13836,1.13837
1782682260000,1.13837,1.13849,1.13836,1.13849
1782682320000,1.13849,1.13861,1.13849,1.13858
1782682380000,1.13861,1.13879,1.13859,1.1387
1782682440000,1.13867,1.13867,1.13864,1.13864
1782682500000,1.13864,1.13865,1.13864,1.13865
1782682560000,1.13865,1.13865,1.13863,1.13865
1782682620000,1.13862,1.13862,1.13859,1.13859
1782682680000,1.13849,1.13849,1.13848,1.13848
1782682740000,1.13848,1.13859,1.13841,1.13841
1782682800000,1.13835,1.13835,1.13812,1.13824
1782682860000,1.13813,1.13813,1.13807,1.1381
1782682920000,1.1381,1.1381,1.1381,1.1381
1782682980000,1.13809,1.13809,1.13809,1.13809
1782683040000,1.13809,1.13809,1.13809,1.13809
1782683100000,1.1381,1.1381,1.13809,1.1381
1782683160000,1.1381,1.1381,1.13809,1.1381
1782683220000,1.1381,1.1381,1.1381,1.1381
1782683280000,1.13812,1.13812,1.13799,1.13799
1782683340000,1.13801,1.13802,1.13801,1.13802
1782683400000,1.138,1.13802,1.13799,1.13799
1782683460000,1.13799,1.13799,1.13799,1.13799
1782683520000,1.13799,1.13799,1.13799,1.13799
1782683580000,1.13798,1.13798,1.13798,1.13798
1782683640000,1.13798,1.13805,1.13798,1.13802
1782683700000,1.13802,1.13814,1.13801,1.13814
1782683760000,1.1381,1.13814,1.13804,1.13804
1782683820000,1.13804,1.13805,1.13804,1.13805
1782683880000,1.13805,1.13806,1.13804,1.13805
1782683940000,1.13805,1.13806,1.13804,1.13805
1782684000000,1.13809,1.13833,1.13808,1.13818
1782684060000,1.13818,1.13835,1.13818,1.13835
1782684120000,1.13837,1.13854,1.13836,1.13854
1782684180000,1.13855,1.13865,1.13855,1.13858
1782684240000,1.13859,1.1386,1.13848,1.13851
1782684300000,1.1385,1.13856,1.13844,1.13849
1782684360000,1.1385,1.13851,1.13844,1.13851
1782684420000,1.13849,1.1385,1.13844,1.13847
1782684480000,1.13847,1.13851,1.13842,1.13848
1782684540000,1.13847,1.13851,1.13846,1.13849
1782684600000,1.13847,1.13851,1.13845,1.13846
1782684660000,1.13844,1.13847,1.13843,1.13843
1782684720000,1.13844,1.13844,1.13842,1.13842
1782684780000,1.13842,1.13843,1.13828,1.13828
1782684840000,1.13831,1.13837,1.13831,1.13834
1782684900000,1.13834,1.13835,1.13827,1.13828
1782684960000,1.1383,1.13832,1.1383,1.13832
1782685020000,1.13834,1.13838,1.13834,1.13835
1782685080000,1.13836,1.13836,1.13827,1.13827
1782685140000,1.13827,1.13827,1.13822,1.13822
1782685200000,1.13824,1.13827,1.13822,1.13823
1782685260000,1.13824,1.13825,1.13823,1.13823
1782685320000,1.13825,1.13828,1.13825,1.13828
1782685380000,1.13827,1.13829,1.13825,1.13825
1782685440000,1.13826,1.13826,1.13824,1.13826
1782685500000,1.13826,1.13832,1.13822,1.13832
1782685560000,1.13833,1.13833,1.13833,1.13833
1782685620000,1.13834,1.13834,1.13834,1.13834
1782685680000,1.13833,1.13842,1.13833,1.13838
1782685740000,1.13838,1.13839,1.13832,1.13832
1782685800000,1.13833,1.13841,1.13832,1.13837
1782685860000,1.13838,1.13841,1.13838,1.13839
1782685920000,1.1384,1.13843,1.1384,1.13842
1782685980000,1.13842,1.13842,1.13842,1.13842
1782686040000,1.13841,1.13842,1.13841,1.13842
1782686100000,1.13842,1.13842,1.13837,1.13841
1782686160000,1.13841,1.13844,1.1384,1.13842
1782686220000,1.13844,1.13844,1.13842,1.13843
1782686280000,1.13843,1.13843,1.13843,1.13843
1782686340000,1.13843,1.13843,1.13843,1.13843
1782686400000,1.13846,1.13852,1.13846,1.13852
1782686460000,1.13849,1.13852,1.13848,1.13852
1782686520000,1.13851,1.13853,1.13849,1.13852
1782686580000,1.13852,1.13854,1.13851,1.13854
1782686640000,1.13853,1.13857,1.13853,1.13854
1782686700000,1.13854,1.13854,1.13851,1.13852
1782686760000,1.13852,1.13853,1.13851,1.13853
1782686820000,1.13852,1.13854,1.13852,1.13853
1782686880000,1.13854,1.13854,1.13853,1.13854
1782686940000,1.13857,1.13861,1.13857,1.13861
1782687000000,1.1386,1.1386,1.13857,1.13857
1782687060000,1.13856,1.1386,1.13856,1.13859
1782687120000,1.13858,1.13859,1.13848,1.13849
1782687180000,1.13852,1.13854,1.13851,1.13854
1782687240000,1.13852,1.13857,1.13852,1.13855
1782687300000,1.13855,1.13861,1.13855,1.13861
1782687360000,1.13859,1.13862,1.13857,1.13858
1782687420000,1.13858,1.13858,1.13852,1.13852
1782687480000,1.13853,1.13853,1.13853,1.13853
1782687540000,1.13853,1.13853,1.13853,1.13853
1782687600000,1.13852,1.13867,1.13852,1.1386
1782687660000,1.13861,1.1387,1.13861,1.13868
1782687720000,1.1387,1.1387,1.1386,1.13863
1782687780000,1.13863,1.13866,1.13857,1.13866
1782687840000,1.13866,1.13867,1.13864,1.13864
1782687900000,1.13864,1.13865,1.13863,1.13865
1782687960000,1.13864,1.13864,1.13858,1.13863
1782688020000,1.13863,1.13866,1.13863,1.13865
1782688080000,1.13866,1.13869,1.13864,1.13866
1782688140000,1.13867,1.13869,1.13867,1.13869
1782688200000,1.13868,1.13868,1.13864,1.13864
1782688260000,1.13864,1.13864,1.13858,1.13863
1782688320000,1.13864,1.13864,1.13861,1.13862
1782688380000,1.13863,1.13863,1.13862,1.13862
1782688440000,1.13862,1.13862,1.13856,1.13857
1782688500000,1.13856,1.13857,1.13853,1.13856
1782688560000,1.13857,1.13857,1.13857,1.13857
1782688620000,1.13856,1.13858,1.13856,1.13857
1782688680000,1.13857,1.13857,1.13857,1.13857
1782688740000,1.13857,1.13857,1.13852,1.13852
1782688800000,1.13852,1.13852,1.13852,1.13852
1782688860000,1.13851,1.13852,1.13851,1.13852
1782688920000,1.13852,1.13852,1.13848,1.13851
1782688980000,1.13851,1.13852,1.1385,1.13852
1782689040000,1.13849,1.13853,1.13846,1.13852
1782689100000,1.13853,1.13857,1.13853,1.13857
1782689160000,1.13856,1.13857,1.13852,1.13857
1782689220000,1.13856,1.13856,1.13853,1.13853
1782689280000,1.13851,1.13851,1.13851,1.13851
1782689340000,1.13849,1.13852,1.13849,1.13852
1782689400000,1.1385,1.1385,1.13835,1.13835
1782689460000,1.13832,1.13832,1.13825,1.13827
1782689520000,1.13827,1.13831,1.13827,1.1383
1782689580000,1.1383,1.13831,1.13825,1.13825
1782689640000,1.13824,1.13826,1.13821,1.13826
1782689700000,1.13826,1.13828,1.13826,1.13828
1782689760000,1.13827,1.13831,1.13827,1.1383
1782689820000,1.13831,1.13831,1.13828,1.1383
1782689880000,1.13829,1.13833,1.13829,1.13833
1782689940000,1.13831,1.13835,1.13829,1.13834
1782690000000,1.13834,1.13834,1.13832,1.13833
1782690060000,1.13833,1.13834,1.13832,1.13832
1782690120000,1.13831,1.13835,1.13831,1.13831
1782690180000,1.13833,1.13833,1.1383,1.13831
1782690240000,1.13833,1.13841,1.13833,1.13841
1782690300000,1.13841,1.13846,1.1384,1.1384
1782690360000,1.1384,1.13846,1.1384,1.13845
1782690420000,1.13845,1.13847,1.13839,1.13847
1782690480000,1.13845,1.13846,1.13845,1.13846
1782690540000,1.13845,1.13846,1.13841,1.13841
1782690600000,1.13841,1.13842,1.13838,1.13841
1782690660000,1.13843,1.13849,1.13843,1.13849
1782690720000,1.1385,1.13855,1.1385,1.1385
1782690780000,1.1385,1.13851,1.13846,1.13849
1782690840000,1.13849,1.1385,1.13844,1.13847
1782690900000,1.13848,1.13854,1.13845,1.13851
1782690960000,1.13853,1.13861,1.13853,1.1386
1782691020000,1.1386,1.13862,1.13856,1.1386
1782691080000,1.1386,1.13864,1.13857,1.1386
1782691140000,1.1386,1.13861,1.13852,1.13852
1782691200000,1.13851,1.13856,1.13833,1.1384
1782691260000,1.13839,1.13853,1.13838,1.13853
1782691320000,1.13856,1.13875,1.13852,1.13872
1782691380000,1.13872,1.13883,1.1387,1.13883
1782691440000,1.13883,1.13883,1.13873,1.1388
1782691500000,1.13879,1.1388,1.13867,1.13873
1782691560000,1.13872,1.13875,1.13864,1.13865
1782691620000,1.13866,1.1387,1.13861,1.13868
1782691680000,1.13866,1.13879,1.13866,1.13874
1782691740000,1.13876,1.13877,1.13865,1.13871
1782691800000,1.13869,1.13877,1.13869,1.13871
1782691860000,1.13872,1.13884,1.1387,1.13877
1782691920000,1.13877,1.1388,1.1387,1.13878
1782691980000,1.13878,1.13879,1.13863,1.13866
1782692040000,1.13864,1.13867,1.13859,1.13859
1782692100000,1.13859,1.1387,1.13843,1.13848
1782692160000,1.13849,1.13857,1.13846,1.13846
1782692220000,1.13847,1.1386,1.13846,1.13855
1782692280000,1.13855,1.13857,1.13848,1.13856
1782692340000,1.13857,1.13857,1.13842,1.13849
1782692400000,1.13849,1.13852,1.13847,1.13852
1782692460000,1.13854,1.13859,1.13847,1.13851
1782692520000,1.13853,1.13865,1.13853,1.13863
1782692580000,1.13864,1.13866,1.13854,1.13854
1782692640000,1.13856,1.13866,1.13855,1.1386
1782692700000,1.1386,1.13863,1.13856,1.13856
1782692760000,1.13857,1.13858,1.13855,1.13855
1782692820000,1.13855,1.13862,1.1385,1.13857
1782692880000,1.13857,1.13859,1.13847,1.13847
1782692940000,1.13848,1.13856,1.13846,1.13846
1782693000000,1.13848,1.13848,1.13838,1.13843
1782693060000,1.13842,1.13859,1.13842,1.13856
1782693120000,1.13857,1.1386,1.13854,1.13859
1782693180000,1.1386,1.13862,1.13856,1.13857
1782693240000,1.13855,1.13863,1.13855,1.13858
1782693300000,1.13857,1.13864,1.13854,1.13862
1782693360000,1.13863,1.13867,1.13863,1.13866
1782693420000,1.13864,1.13872,1.13862,1.1387
1782693480000,1.13871,1.13879,1.13871,1.13875
1782693540000,1.13877,1.13881,1.13872,1.13872
1782693600000,1.13873,1.13877,1.13871,1.13873
1782693660000,1.13872,1.13879,1.13871,1.13879
1782693720000,1.13878,1.13878,1.13874,1.13876
1782693780000,1.13876,1.13878,1.13871,1.13872
1782693840000,1.13873,1.13877,1.13871,1.13877
1782693900000,1.13876,1.13876,1.13865,1.13868
1782693960000,1.13868,1.13871,1.13862,1.13863
1782694020000,1.13862,1.13863,1.13853,1.13856
1782694080000,1.13855,1.13861,1.13853,1.13859
1782694140000,1.1386,1.1386,1.13848,1.13851
1782694200000,1.13849,1.1386,1.13849,1.13857
1782694260000,1.13858,1.13867,1.13856,1.13865
1782694320000,1.13865,1.13868,1.13864,1.13864
1782694380000,1.13865,1.13865,1.13859,1.13865
1782694440000,1.13864,1.13875,1.13863,1.13874
1782694500000,1.13877,1.13883,1.13872,1.13881
1782694560000,1.13884,1.13891,1.13884,1.13884
1782694620000,1.13885,1.13891,1.13881,1.13885
1782694680000,1.13883,1.13888,1.13881,1.13882
1782694740000,1.13881,1.13883,1.13876,1.13876
1782694800000,1.13877,1.13896,1.13877,1.1388
1782694860000,1.13879,1.1388,1.13871,1.13871
1782694920000,1.13869,1.13869,1.13852,1.13857
1782694980000,1.13854,1.13854,1.13845,1.13852
1782695040000,1.13852,1.13858,1.13851,1.13857
1782695100000,1.13855,1.13865,1.13855,1.13864
1782695160000,1.13866,1.13876,1.13866,1.13871
1782695220000,1.1387,1.13872,1.13867,1.13868
1782695280000,1.13868,1.13872,1.13865,1.13868
1782695340000,1.13867,1.13867,1.13858,1.13866
1782695400000,1.13867,1.13871,1.13866,1.13867
1782695460000,1.13864,1.13866,1.1386,1.13866
1782695520000,1.13867,1.1387,1.13863,1.13869
1782695580000,1.13871,1.13873,1.13864,1.1387
1782695640000,1.13868,1.13872,1.13863,1.13866
1782695700000,1.13864,1.13876,1.13864,1.13874
1782695760000,1.13874,1.13877,1.1386,1.13863
1782695820000,1.13863,1.13867,1.13859,1.13861
1782695880000,1.1386,1.13865,1.13856,1.13865
1782695940000,1.13866,1.13871,1.13861,1.1387
1782696000000,1.13869,1.13872,1.13866,1.13872
1782696060000,1.13871,1.13884,1.13871,1.13881
1782696120000,1.1388,1.13885,1.13878,1.13885
1782696180000,1.13884,1.13897,1.13881,1.13897
1782696240000,1.13895,1.13897,1.13887,1.13889
1782696300000,1.13891,1.13894,1.13886,1.13888
1782696360000,1.13886,1.13895,1.13886,1.13892
1782696420000,1.13891,1.13893,1.13883,1.13886
1782696480000,1.13887,1.13896,1.13887,1.13891
1782696540000,1.13892,1.13892,1.13884,1.13885
1782696600000,1.13887,1.13888,1.13876,1.13881
1782696660000,1.13881,1.13885,1.1388,1.13885
1782696720000,1.13886,1.13898,1.13886,1.13894
1782696780000,1.13894,1.13894,1.13886,1.13887
1782696840000,1.13889,1.1389,1.13885,1.1389
1782696900000,1.1389,1.13901,1.13888,1.13898
1782696960000,1.13897,1.13902,1.13895,1.13899
1782697020000,1.13902,1.13905,1.13893,1.13893
1782697080000,1.13893,1.13897,1.1389,1.13895
1782697140000,1.13897,1.13897,1.13892,1.13894
1782697200000,1.13895,1.13898,1.13895,1.13895
1782697260000,1.13897,1.13908,1.13897,1.13908
1782697320000,1.13906,1.13907,1.13901,1.13904
1782697380000,1.13905,1.13907,1.13896,1.13896
1782697440000,1.13896,1.13896,1.13891,1.13895
1782697500000,1.13896,1.13897,1.13876,1.13879
1782697560000,1.1388,1.13885,1.1388,1.13881
1782697620000,1.13883,1.1389,1.13882,1.1389
1782697680000,1.13888,1.13894,1.13886,1.13893
1782697740000,1.13894,1.13894,1.13877,1.13877
1782697800000,1.13878,1.1388,1.13873,1.13879
1782697860000,1.13878,1.13879,1.1387,1.13874
1782697920000,1.13875,1.13876,1.13867,1.13867
1782697980000,1.13867,1.13868,1.13862,1.13862
1782698040000,1.13863,1.13867,1.13861,1.13865
1782698100000,1.13864,1.13866,1.13859,1.13859
1782698160000,1.1386,1.13866,1.13856,1.13856
1782698220000,1.13855,1.13857,1.13845,1.13852
1782698280000,1.13851,1.13857,1.1385,1.13854
1782698340000,1.13853,1.13853,1.13847,1.13851
1782698400000,1.13851,1.13857,1.13848,1.13853
1782698460000,1.13856,1.13859,1.13856,1.13859
1782698520000,1.13859,1.13861,1.13854,1.13858
1782698580000,1.13858,1.13861,1.13849,1.13849
1782698640000,1.13847,1.13864,1.13846,1.13863
1782698700000,1.13863,1.13867,1.13858,1.13864
1782698760000,1.13861,1.13864,1.13858,1.13858
1782698820000,1.13858,1.13866,1.13857,1.13865
1782698880000,1.13866,1.13866,1.13859,1.1386
1782698940000,1.1386,1.13861,1.13859,1.1386
1782699000000,1.13861,1.13868,1.13861,1.13866
1782699060000,1.13868,1.13872,1.13867,1.13871
1782699120000,1.13871,1.13873,1.13865,1.1387
1782699180000,1.13871,1.13872,1.13865,1.13866
1782699240000,1.13866,1.13872,1.13865,1.1387
1782699300000,1.1387,1.13877,1.1387,1.13877
1782699360000,1.13878,1.13892,1.13878,1.13891
1782699420000,1.13893,1.13896,1.1389,1.13896
1782699480000,1.13895,1.13897,1.1389,1.13896
1782699540000,1.13895,1.13897,1.13891,1.13896
1782699600000,1.13898,1.139,1.13889,1.13899
1782699660000,1.13897,1.13911,1.13897,1.13908
1782699720000,1.13907,1.13917,1.13905,1.13914
1782699780000,1.13915,1.13918,1.13909,1.1391
1782699840000,1.13911,1.13913,1.13905,1.13909
1782699900000,1.13909,1.13911,1.13906,1.13908
1782699960000,1.13911,1.13917,1.13911,1.13917
1782700020000,1.13917,1.13928,1.13917,1.13927
1782700080000,1.13926,1.13933,1.13925,1.13931
1782700140000,1.13932,1.13933,1.13927,1.13927
1782700200000,1.13928,1.13929,1.13916,1.1392
1782700260000,1.13921,1.13925,1.13917,1.13923
1782700320000,1.13923,1.13926,1.1391,1.13912
1782700380000,1.13915,1.13917,1.13903,1.13903
1782700440000,1.13902,1.13906,1.13898,1.13903
1782700500000,1.13903,1.13908,1.13901,1.13904
1782700560000,1.13903,1.13903,1.139,1.13901
1782700620000,1.13902,1.13902,1.13892,1.13895
1782700680000,1.13896,1.13898,1.13893,1.13896
1782700740000,1.13897,1.13901,1.13894,1.13895
1782700800000,1.13893,1.13896,1.13886,1.13887
1782700860000,1.13888,1.13891,1.13886,1.1389
1782700920000,1.13891,1.13895,1.13891,1.13891
1782700980000,1.1389,1.13892,1.13885,1.13888
1782701040000,1.13887,1.13894,1.13886,1.13894
1782701100000,1.13893,1.13895,1.13888,1.1389
1782701160000,1.13891,1.13892,1.13887,1.13892
1782701220000,1.1389,1.13892,1.13887,1.13887
1782701280000,1.13888,1.13888,1.13885,1.13886
1782701340000,1.13885,1.13892,1.13885,1.13891
1782701400000,1.13892,1.13893,1.13886,1.13886
1782701460000,1.13888,1.1389,1.13886,1.13886
1782701520000,1.13886,1.13888,1.13886,1.13886
1782701580000,1.13887,1.13887,1.13881,1.13882
1782701640000,1.1388,1.13885,1.1388,1.13882
1782701700000,1.13883,1.13887,1.13882,1.13883
1782701760000,1.13884,1.13886,1.13884,1.13885
1782701820000,1.13883,1.13885,1.13873,1.13875
1782701880000,1.13875,1.13881,1.13875,1.13879
1782701940000,1.13878,1.1388,1.13875,1.13876
1782702000000,1.13875,1.13883,1.13875,1.13882
1782702060000,1.13883,1.13885,1.13875,1.13876
1782702120000,1.13876,1.13885,1.13876,1.13882
1782702180000,1.13883,1.13886,1.13881,1.13884
1782702240000,1.13885,1.13887,1.13884,1.13886
1782702300000,1.13886,1.1389,1.13882,1.13883
1782702360000,1.13882,1.13886,1.13882,1.13882
1782702420000,1.1388,1.13884,1.13879,1.13884
1782702480000,1.13886,1.1389,1.13884,1.13886
1782702540000,1.13885,1.1389,1.13885,1.13888
1782702600000,1.13887,1.13887,1.13885,1.13885
1782702660000,1.13883,1.13893,1.13882,1.13891
1782702720000,1.13891,1.13896,1.1389,1.13895
1782702780000,1.13894,1.139,1.13893,1.13895
1782702840000,1.13894,1.13896,1.13889,1.13889
1782702900000,1.13891,1.13892,1.13886,1.13889
1782702960000,1.1389,1.1389,1.13882,1.13884
1782703020000,1.13885,1.13886,1.13881,1.13884
1782703080000,1.13882,1.13886,1.1388,1.13881
1782703140000,1.13881,1.13881,1.13881,1.13881
1782703200000,1.13882,1.13882,1.13875,1.13882
1782703260000,1.13881,1.13883,1.13875,1.13875
1782703320000,1.13877,1.13882,1.13876,1.13876
1782703380000,1.13874,1.13874,1.13866,1.13869
1782703440000,1.13867,1.13871,1.13867,1.13871
1782703500000,1.13869,1.13872,1.13869,1.13869
1782703560000,1.13871,1.13881,1.13871,1.13881
1782703620000,1.13879,1.13881,1.13879,1.1388
1782703680000,1.13881,1.13881,1.13879,1.13879
1782703740000,1.13881,1.13881,1.13878,1.13881
1782703800000,1.13885,1.13892,1.13884,1.13888
1782703860000,1.13887,1.1389,1.13883,1.13883
1782703920000,1.13884,1.1389,1.13881,1.1389
1782703980000,1.1389,1.13891,1.1389,1.13891
1782704040000,1.13892,1.13892,1.1389,1.13891
1782704100000,1.13891,1.13896,1.1389,1.13896
1782704160000,1.13896,1.13899,1.1389,1.1389
1782704220000,1.13891,1.13895,1.13891,1.13895
1782704280000,1.13894,1.13895,1.1389,1.13894
1782704340000,1.13893,1.13893,1.1389,1.13892
1782704400000,1.1389,1.13894,1.1389,1.13894
1782704460000,1.13895,1.139,1.13893,1.13897
1782704520000,1.13896,1.13897,1.13889,1.1389
1782704580000,1.1389,1.13891,1.13887,1.13887
1782704640000,1.13888,1.13888,1.13865,1.13871
1782704700000,1.13871,1.13872,1.13865,1.13869
1782704760000,1.1387,1.13872,1.13868,1.13868
1782704820000,1.13869,1.13869,1.13867,1.13867
1782704880000,1.13869,1.13869,1.13866,1.13866
1782704940000,1.13869,1.13869,1.13857,1.13857
1782705000000,1.13858,1.1386,1.1385,1.13851
1782705060000,1.13849,1.13861,1.13847,1.13861
1782705120000,1.13863,1.13863,1.13859,1.13862
1782705180000,1.13863,1.13867,1.13861,1.13865
1782705240000,1.13866,1.13868,1.13866,1.13866
1782705300000,1.13865,1.13865,1.13858,1.13862
1782705360000,1.1386,1.13862,1.13857,1.1386
1782705420000,1.13859,1.13859,1.13852,1.13853
1782705480000,1.13854,1.13856,1.13839,1.13842
1782705540000,1.13841,1.13842,1.13831,1.13831
1782705600000,1.13831,1.13847,1.1383,1.1384
1782705660000,1.13838,1.13843,1.13837,1.13843
1782705720000,1.13841,1.13843,1.13836,1.13837
1782705780000,1.13838,1.13841,1.13833,1.13836
1782705840000,1.13834,1.13834,1.13832,1.13832
1782705900000,1.13831,1.13832,1.13827,1.13832
1782705960000,1.13833,1.1384,1.13831,1.1384
1782706020000,1.1384,1.13843,1.13836,1.13836
1782706080000,1.13835,1.13838,1.13835,1.13838
1782706140000,1.13838,1.13841,1.13836,1.13838
1782706200000,1.13836,1.13836,1.13823,1.13826
1782706260000,1.13825,1.13827,1.13824,1.13827
1782706320000,1.13827,1.13832,1.13827,1.13827
1782706380000,1.1383,1.1383,1.13828,1.13828
1782706440000,1.1383,1.13831,1.13826,1.13828
1782706500000,1.13825,1.13827,1.13825,1.13827
1782706560000,1.13825,1.13826,1.13822,1.13826
1782706620000,1.13824,1.13824,1.13822,1.13822
1782706680000,1.13823,1.13823,1.13823,1.13823
1782706740000,1.13825,1.13825,1.13821,1.13821
1782706800000,1.13822,1.13822,1.13816,1.13817
1782706860000,1.13817,1.13821,1.13816,1.13816
1782706920000,1.13816,1.13817,1.13816,1.13816
1782706980000,1.13817,1.1382,1.1381,1.13814
1782707040000,1.13814,1.13822,1.13813,1.13822
1782707100000,1.1382,1.13825,1.13817,1.13825
1782707160000,1.13825,1.13827,1.13825,1.13827
1782707220000,1.13827,1.13836,1.13826,1.13836
1782707280000,1.13834,1.13836,1.13833,1.13835
1782707340000,1.13835,1.13838,1.13835,1.13835
1782707400000,1.13836,1.13848,1.13835,1.13848
1782707460000,1.13848,1.13851,1.13846,1.1385
1782707520000,1.1385,1.1385,1.13841,1.13841
1782707580000,1.13843,1.13847,1.13843,1.13845
1782707640000,1.13847,1.13849,1.13845,1.13846
1782707700000,1.13847,1.13852,1.13846,1.1385
1782707760000,1.13848,1.13849,1.13842,1.13842
1782707820000,1.13844,1.13844,1.13836,1.13839
1782707880000,1.1384,1.13847,1.13839,1.13846
1782707940000,1.13845,1.13847,1.13844,1.13846
1782708000000,1.13845,1.13845,1.1384,1.13841
1782708060000,1.13841,1.13843,1.13839,1.13843
1782708120000,1.13843,1.13843,1.13832,1.13833
1782708180000,1.13833,1.13841,1.13833,1.13841
1782708240000,1.13839,1.1384,1.13837,1.13838
1782708300000,1.13838,1.13838,1.13831,1.13835
1782708360000,1.13835,1.13838,1.13835,1.13837
1782708420000,1.13837,1.13839,1.13834,1.13834
1782708480000,1.13833,1.13842,1.13833,1.13842
1782708540000,1.13841,1.13844,1.1384,1.13841
1782708600000,1.13841,1.13842,1.13827,1.13827
1782708660000,1.13828,1.13837,1.13828,1.13836
1782708720000,1.13834,1.13834,1.1383,1.13832
1782708780000,1.13831,1.13832,1.13829,1.13832
1782708840000,1.1383,1.1383,1.13823,1.13825
1782708900000,1.13824,1.13824,1.13811,1.13811
1782708960000,1.13812,1.13822,1.13811,1.13816
1782709020000,1.13817,1.13822,1.13808,1.13821
1782709080000,1.13823,1.13828,1.13818,1.13819
1782709140000,1.13818,1.13824,1.13818,1.13824
1782709200000,1.13825,1.13829,1.13825,1.13828
1782709260000,1.13828,1.13839,1.13828,1.13839
1782709320000,1.13841,1.13844,1.13836,1.13842
1782709380000,1.13842,1.13847,1.13842,1.13846
1782709440000,1.13845,1.13851,1.13844,1.13846
1782709500000,1.13847,1.13851,1.13846,1.1385
1782709560000,1.1385,1.13853,1.13848,1.13851
1782709620000,1.13852,1.13857,1.13851,1.13855
1782709680000,1.13855,1.13857,1.13851,1.13855
1782709740000,1.13855,1.13859,1.13853,1.13857
1782709800000,1.13857,1.13865,1.13857,1.1386
1782709860000,1.13862,1.13865,1.13861,1.13865
1782709920000,1.13867,1.13871,1.13856,1.13859
1782709980000,1.13858,1.1386,1.13856,1.1386
1782710040000,1.13861,1.13869,1.1386,1.13869
1782710100000,1.13869,1.13871,1.13866,1.13868
1782710160000,1.13868,1.13869,1.13866,1.13866
1782710220000,1.13864,1.13867,1.13861,1.13865
1782710280000,1.13864,1.13864,1.13855,1.13855
1782710340000,1.13856,1.13857,1.13853,1.13856
1782710400000,1.13854,1.13856,1.13849,1.13856
1782710460000,1.13856,1.13856,1.13852,1.13855
1782710520000,1.13856,1.13856,1.13854,1.13855
1782710580000,1.13853,1.13857,1.13853,1.13856
1782710640000,1.13859,1.13862,1.13859,1.13861
1782710700000,1.1386,1.13862,1.13859,1.13861
1782710760000,1.1386,1.13866,1.1386,1.13866
1782710820000,1.13864,1.13866,1.13862,1.13866
1782710880000,1.13866,1.13867,1.13862,1.13865
1782710940000,1.13863,1.13867,1.13862,1.13867
1782711000000,1.13869,1.1388,1.13869,1.13875
1782711060000,1.13875,1.13878,1.13875,1.13877
1782711120000,1.13877,1.13877,1.13872,1.13872
1782711180000,1.13872,1.13872,1.1387,1.13872
1782711240000,1.13871,1.13896,1.13871,1.13896
1782711300000,1.13896,1.139,1.13894,1.13895
1782711360000,1.13893,1.13895,1.1389,1.1389
1782711420000,1.13892,1.13901,1.1389,1.13901
1782711480000,1.13901,1.13901,1.13898,1.13901
1782711540000,1.13901,1.13901,1.13898,1.13898
1782711600000,1.139,1.13904,1.139,1.13902
1782711660000,1.13902,1.13902,1.13894,1.13894
1782711720000,1.13896,1.13906,1.13896,1.13906
1782711780000,1.13906,1.13922,1.13906,1.1392
1782711840000,1.1392,1.13921,1.13908,1.13909
1782711900000,1.13907,1.1392,1.13907,1.13919
1782711960000,1.13919,1.13922,1.13917,1.13922
1782712020000,1.13921,1.13933,1.13918,1.13933
1782712080000,1.13932,1.13933,1.13925,1.13932
1782712140000,1.13933,1.13933,1.13922,1.13922
1782712200000,1.13922,1.13932,1.13922,1.13931
1782712260000,1.13932,1.1395,1.13931,1.13947
1782712320000,1.13948,1.13951,1.13938,1.13946
1782712380000,1.13945,1.13948,1.13932,1.13932
1782712440000,1.13934,1.13941,1.13934,1.13937
1782712500000,1.13939,1.13941,1.13932,1.1394
1782712560000,1.13939,1.13945,1.13937,1.13938
1782712620000,1.13939,1.1394,1.13934,1.13935
1782712680000,1.13934,1.13938,1.13931,1.13937
1782712740000,1.13936,1.13946,1.13932,1.13945
1782712800000,1.13944,1.13944,1.13931,1.13933
1782712860000,1.13933,1.13952,1.1393,1.13952
1782712920000,1.1395,1.13952,1.13938,1.13939
1782712980000,1.13937,1.13937,1.13928,1.13931
1782713040000,1.13931,1.13933,1.13928,1.13932
1782713100000,1.13931,1.13937,1.13928,1.13937
1782713160000,1.13935,1.13938,1.1393,1.1393
1782713220000,1.13931,1.13937,1.13927,1.13935
1782713280000,1.13934,1.13943,1.13934,1.13941
1782713340000,1.13939,1.13947,1.13939,1.13943
1782713400000,1.13942,1.13942,1.13934,1.13938
1782713460000,1.13937,1.13939,1.13931,1.13931
1782713520000,1.13932,1.13948,1.13929,1.13948
1782713580000,1.13948,1.13949,1.13941,1.13948
1782713640000,1.13948,1.13956,1.13948,1.13951
1782713700000,1.13952,1.13952,1.13939,1.13942
1782713760000,1.1394,1.13947,1.1394,1.13945
1782713820000,1.13945,1.13952,1.13944,1.13949
1782713880000,1.13951,1.13951,1.13941,1.1395
1782713940000,1.13951,1.13967,1.13951,1.13967
1782714000000,1.13968,1.13968,1.13953,1.13959
1782714060000,1.13961,1.13967,1.13961,1.13966
1782714120000,1.13967,1.13967,1.13957,1.13957
1782714180000,1.13957,1.13962,1.13955,1.13957
1782714240000,1.13956,1.13963,1.13956,1.13963
1782714300000,1.13961,1.13968,1.13958,1.13966
1782714360000,1.13966,1.13974,1.13964,1.13973
1782714420000,1.13972,1.13973,1.13966,1.13968
1782714480000,1.13968,1.13977,1.13964,1.13977
1782714540000,1.13978,1.13978,1.13972,1.13975
1782714600000,1.13973,1.13977,1.13967,1.13977
1782714660000,1.13977,1.13984,1.13977,1.13981
1782714720000,1.1398,1.13989,1.1398,1.13988
1782714780000,1.13988,1.13992,1.13983,1.13986
1782714840000,1.13987,1.13995,1.13986,1.13994
1782714900000,1.13995,1.14002,1.13993,1.13993
1782714960000,1.13992,1.14023,1.13992,1.14022
1782715020000,1.14022,1.14024,1.14016,1.14018
1782715080000,1.14017,1.14019,1.14003,1.14005
1782715140000,1.14006,1.14022,1.14004,1.14021
1782715200000,1.14022,1.14022,1.1401,1.14019
1782715260000,1.14019,1.14023,1.14017,1.14018
1782715320000,1.14017,1.14017,1.1401,1.14011
1782715380000,1.14009,1.14009,1.14,1.14009
1782715440000,1.1401,1.14017,1.14002,1.14007
1782715500000,1.14007,1.14007,1.13999,1.14007
1782715560000,1.14007,1.14015,1.14003,1.14015
1782715620000,1.14013,1.14029,1.14012,1.14028
1782715680000,1.14029,1.14033,1.14029,1.1403
1782715740000,1.14031,1.14042,1.14031,1.14039
1782715800000,1.14037,1.1405,1.14036,1.14048
1782715860000,1.14049,1.14053,1.14044,1.14053
1782715920000,1.14052,1.14074,1.14052,1.1407
1782715980000,1.14072,1.14094,1.14072,1.14094
1782716040000,1.14094,1.14094,1.14059,1.14077
1782716100000,1.14077,1.14101,1.14072,1.14093
1782716160000,1.14092,1.14114,1.14092,1.14113
1782716220000,1.14115,1.14131,1.14113,1.1413
1782716280000,1.1413,1.14146,1.14127,1.14143
1782716340000,1.14144,1.14149,1.14119,1.14121
1782716400000,1.14119,1.1413,1.14076,1.14076
1782716460000,1.14079,1.14102,1.14072,1.14102
1782716520000,1.141,1.141,1.14077,1.14079
1782716580000,1.14079,1.14083,1.14064,1.14069
1782716640000,1.14071,1.14083,1.14069,1.14079
1782716700000,1.14079,1.14082,1.14067,1.14068
1782716760000,1.14067,1.14073,1.14053,1.14056
1782716820000,1.14057,1.14076,1.14057,1.14076
1782716880000,1.14075,1.14075,1.14063,1.14071
1782716940000,1.1407,1.1407,1.14059,1.1406
1782717000000,1.14062,1.14062,1.14051,1.14059
1782717060000,1.14061,1.14067,1.14059,1.14059
1782717120000,1.14057,1.14063,1.14048,1.14053
1782717180000,1.14052,1.14056,1.14052,1.14054
1782717240000,1.14056,1.14066,1.14054,1.14062
1782717300000,1.14063,1.14088,1.14059,1.14084
1782717360000,1.14087,1.14087,1.1407,1.1407
1782717420000,1.14071,1.14079,1.14055,1.14057
1782717480000,1.14058,1.14083,1.14058,1.14075
1782717540000,1.14076,1.14077,1.1407,1.14072
1782717600000,1.14071,1.14076,1.14068,1.14074
1782717660000,1.14073,1.14086,1.14071,1.14081
1782717720000,1.14082,1.14085,1.14076,1.14078
1782717780000,1.14076,1.14079,1.14074,1.14076
1782717840000,1.14079,1.14099,1.14079,1.14082
1782717900000,1.14082,1.14082,1.14064,1.14065
1782717960000,1.14065,1.1407,1.1406,1.14065
1782718020000,1.14066,1.14076,1.14066,1.14074
1782718080000,1.14073,1.14075,1.14069,1.14075
1782718140000,1.14074,1.14082,1.14073,1.14081
1782718200000,1.14081,1.1409,1.1408,1.14086
1782718260000,1.14084,1.14088,1.14076,1.14079
1782718320000,1.1408,1.14087,1.14076,1.14084
1782718380000,1.14085,1.14086,1.14073,1.14076
1782718440000,1.14074,1.14084,1.14072,1.14077
1782718500000,1.14078,1.14084,1.14068,1.14076
1782718560000,1.14077,1.14087,1.14075,1.14085
1782718620000,1.14086,1.14094,1.14085,1.14094
1782718680000,1.14094,1.141,1.14091,1.14098
1782718740000,1.141,1.1411,1.14096,1.1411
1782718800000,1.14109,1.14109,1.14084,1.14085
1782718860000,1.14084,1.14096,1.1408,1.14093
1782718920000,1.14092,1.14092,1.14081,1.14082
1782718980000,1.14082,1.14084,1.14074,1.14074
1782719040000,1.14074,1.14074,1.14061,1.14064
1782719100000,1.14067,1.14072,1.14056,1.14059
1782719160000,1.14062,1.14072,1.14062,1.14067
1782719220000,1.14066,1.14078,1.14059,1.14073
1782719280000,1.14074,1.14076,1.14065,1.14071
1782719340000,1.14071,1.14071,1.14059,1.14064
1782719400000,1.14065,1.1407,1.1406,1.1406
1782719460000,1.14062,1.14077,1.14059,1.14065
1782719520000,1.14066,1.14066,1.14061,1.14061
1782719580000,1.14061,1.14061,1.14024,1.14024
1782719640000,1.14024,1.14024,1.14005,1.14005
1782719700000,1.14008,1.14034,1.13999,1.14028
1782719760000,1.1403,1.14038,1.14024,1.14032
1782719820000,1.14032,1.14035,1.1402,1.1403
1782719880000,1.1403,1.1403,1.14017,1.14022
1782719940000,1.14021,1.14027,1.14011,1.14023
1782720000000,1.14027,1.14055,1.14025,1.14046
1782720060000,1.14046,1.14049,1.1404,1.14049
1782720120000,1.14048,1.14064,1.14043,1.14062
1782720180000,1.14062,1.14071,1.14047,1.14048
1782720240000,1.14048,1.14052,1.14036,1.14049
1782720300000,1.14049,1.14057,1.14043,1.14055
1782720360000,1.14055,1.14073,1.14054,1.14066
1782720420000,1.14066,1.14067,1.1405,1.1405
1782720480000,1.14052,1.14053,1.1404,1.14041
1782720540000,1.14043,1.14048,1.14032,1.14041
1782720600000,1.14041,1.1405,1.14041,1.14045
1782720660000,1.14044,1.14048,1.14038,1.14045
1782720720000,1.14046,1.14046,1.14033,1.1404
1782720780000,1.14041,1.14043,1.1403,1.14036
1782720840000,1.14036,1.14037,1.14018,1.1402
1782720900000,1.14019,1.14028,1.1401,1.14012
1782720960000,1.14012,1.14016,1.14002,1.14016
1782721020000,1.14016,1.14022,1.14012,1.14018
1782721080000,1.14018,1.14028,1.14012,1.14028
1782721140000,1.14027,1.14028,1.13998,1.13998
1782721200000,1.13999,1.1401,1.13999,1.14008
1782721260000,1.14007,1.14019,1.14007,1.14013
1782721320000,1.14012,1.14013,1.14002,1.14004
1782721380000,1.14004,1.14006,1.13989,1.13989
1782721440000,1.13989,1.13991,1.13973,1.13991
1782721500000,1.1399,1.14012,1.13989,1.14
1782721560000,1.14001,1.14002,1.13993,1.14001
1782721620000,1.14003,1.14011,1.14,1.14008
1782721680000,1.14008,1.14015,1.14002,1.14005
1782721740000,1.14004,1.14019,1.14,1.14017
1782721800000,1.14016,1.14052,1.14015,1.14047
1782721860000,1.14048,1.14048,1.14036,1.14037
1782721920000,1.14038,1.14041,1.14035,1.14036
1782721980000,1.14036,1.1404,1.14035,1.1404
1782722040000,1.1404,1.14043,1.14026,1.14026
1782722100000,1.14026,1.14026,1.14014,1.14015
1782722160000,1.14017,1.14023,1.14004,1.1401
1782722220000,1.14009,1.14027,1.14008,1.14018
1782722280000,1.14016,1.14019,1.14001,1.14005
1782722340000,1.14004,1.14005,1.13982,1.13986
1782722400000,1.13988,1.13991,1.13978,1.13984
1782722460000,1.13984,1.14004,1.13984,1.14001
1782722520000,1.14,1.14005,1.13992,1.13993
1782722580000,1.13992,1.13992,1.13987,1.13992
1782722640000,1.13991,1.13993,1.13982,1.13988
1782722700000,1.13988,1.13988,1.13968,1.13974
1782722760000,1.13975,1.13976,1.13962,1.13963
1782722820000,1.13963,1.1397,1.1396,1.13963
1782722880000,1.13963,1.13967,1.13958,1.13966
1782722940000,1.13965,1.13969,1.1396,1.1396
1782723000000,1.13961,1.1397,1.13956,1.13959
1782723060000,1.13957,1.13963,1.13952,1.13959
1782723120000,1.13959,1.13963,1.13948,1.13948
1782723180000,1.13946,1.13958,1.13944,1.13952
1782723240000,1.1395,1.13952,1.13943,1.13945
1782723300000,1.13945,1.13946,1.13925,1.13928
1782723360000,1.13928,1.13942,1.13926,1.13942
1782723420000,1.13941,1.13955,1.1394,1.13955
1782723480000,1.13954,1.13964,1.13953,1.13954
1782723540000,1.13956,1.13959,1.13951,1.13958
1782723600000,1.1396,1.13965,1.13943,1.13965
1782723660000,1.13968,1.13977,1.13962,1.13968
1782723720000,1.13967,1.13982,1.13963,1.13981
1782723780000,1.13982,1.13986,1.13962,1.13964
1782723840000,1.13965,1.1397,1.13964,1.13966
1782723900000,1.13966,1.1397,1.13958,1.13969
1782723960000,1.1397,1.13986,1.13969,1.13971
1782724020000,1.13971,1.1398,1.13965,1.13977
1782724080000,1.13978,1.13981,1.13977,1.13981
1782724140000,1.13981,1.13986,1.13971,1.13973
1782724200000,1.13974,1.13977,1.13971,1.13976
1782724260000,1.13979,1.13995,1.13978,1.13994
1782724320000,1.13995,1.13997,1.1399,1.13992
1782724380000,1.13991,1.13997,1.13984,1.13985
1782724440000,1.13987,1.13989,1.13983,1.13983
1782724500000,1.13982,1.13995,1.13981,1.13991
1782724560000,1.13991,1.13998,1.13985,1.13988
1782724620000,1.1399,1.13992,1.13989,1.13992
1782724680000,1.13994,1.14001,1.13993,1.13995
1782724740000,1.13997,1.13999,1.13985,1.13985
1782724800000,1.13986,1.13996,1.13986,1.13992
1782724860000,1.13993,1.13998,1.1399,1.13998
1782724920000,1.13997,1.13997,1.1399,1.1399
1782724980000,1.1399,1.13993,1.13985,1.13986
1782725040000,1.13986,1.13994,1.13986,1.13991
1782725100000,1.13989,1.13989,1.13976,1.13981
1782725160000,1.13983,1.14022,1.13983,1.14022
1782725220000,1.14021,1.14023,1.14006,1.14018
1782725280000,1.14017,1.14017,1.14001,1.14004
1782725340000,1.14004,1.14006,1.13999,1.13999
1782725400000,1.14,1.14025,1.14,1.1402
1782725460000,1.14019,1.14019,1.14004,1.14004
1782725520000,1.14005,1.1401,1.13996,1.1401
1782725580000,1.14009,1.14011,1.14005,1.14008
1782725640000,1.14008,1.14015,1.14005,1.14009
1782725700000,1.1401,1.14013,1.14007,1.1401
1782725760000,1.14011,1.14021,1.14011,1.14018
1782725820000,1.14016,1.14021,1.13994,1.13994
1782725880000,1.13996,1.14,1.13983,1.13999
1782725940000,1.14001,1.14003,1.13991,1.13991
1782726000000,1.1399,1.13995,1.1397,1.13975
1782726060000,1.13973,1.13984,1.13973,1.13976
1782726120000,1.13978,1.13978,1.13969,1.13971
1782726180000,1.13971,1.13983,1.13969,1.13977
1782726240000,1.13976,1.13985,1.13972,1.13985
1782726300000,1.13987,1.13987,1.13977,1.13982
1782726360000,1.1398,1.13992,1.1398,1.1399
1782726420000,1.1399,1.13991,1.13986,1.1399
1782726480000,1.13991,1.13999,1.13991,1.13997
1782726540000,1.13997,1.13999,1.13995,1.13997
1782726600000,1.13996,1.13996,1.13981,1.13985
1782726660000,1.13985,1.13999,1.13966,1.13981
1782726720000,1.13981,1.14001,1.13981,1.13992
1782726780000,1.13991,1.13997,1.13985,1.13991
1782726840000,1.13991,1.1401,1.13986,1.14009
1782726900000,1.14009,1.14017,1.14006,1.14007
1782726960000,1.14006,1.14019,1.14005,1.14015
1782727020000,1.14015,1.14017,1.14013,1.14016
1782727080000,1.14016,1.14025,1.14015,1.14021
1782727140000,1.14022,1.14039,1.14021,1.14032
1782727200000,1.14033,1.14033,1.14018,1.14031
1782727260000,1.14031,1.14036,1.14023,1.14036
1782727320000,1.14036,1.14036,1.14029,1.14031
1782727380000,1.14031,1.14036,1.14025,1.14034
1782727440000,1.14035,1.14038,1.14035,1.14037
1782727500000,1.14036,1.14037,1.14031,1.14033
1782727560000,1.14036,1.14036,1.14025,1.14032
1782727620000,1.14032,1.14037,1.14031,1.14031
1782727680000,1.14031,1.14035,1.14026,1.14033
1782727740000,1.14033,1.14046,1.14033,1.14035
1782727800000,1.14037,1.14043,1.14035,1.14043
1782727860000,1.14043,1.14052,1.14037,1.14037
1782727920000,1.14037,1.14045,1.14035,1.14043
1782727980000,1.14044,1.14044,1.14031,1.14031
1782728040000,1.1403,1.1403,1.14018,1.1402
1782728100000,1.14018,1.14024,1.14007,1.14007
1782728160000,1.14007,1.14016,1.14002,1.14015
1782728220000,1.14015,1.14016,1.1401,1.14014
1782728280000,1.14016,1.1402,1.1401,1.14012
1782728340000,1.14013,1.14019,1.14013,1.14019
1782728400000,1.1402,1.1402,1.14013,1.14014
1782728460000,1.14015,1.14021,1.14011,1.14011
1782728520000,1.14011,1.14011,1.14007,1.14007
1782728580000,1.14005,1.14005,1.14,1.14002
1782728640000,1.14004,1.14008,1.14002,1.14004
1782728700000,1.14006,1.14012,1.13998,1.13999
1782728760000,1.14,1.14006,1.13996,1.14006
1782728820000,1.14004,1.14006,1.14001,1.14004
1782728880000,1.14005,1.14011,1.14003,1.1401
1782728940000,1.14013,1.14017,1.14012,1.14016
1782729000000,1.14017,1.14023,1.14013,1.14019
1782729060000,1.1402,1.1402,1.14016,1.14016
1782729120000,1.14015,1.14017,1.14004,1.14006
1782729180000,1.14007,1.14012,1.14006,1.14011
1782729240000,1.14009,1.14009,1.14004,1.14006
1782729300000,1.14006,1.14006,1.14002,1.14005
1782729360000,1.14005,1.14007,1.14003,1.14007
1782729420000,1.14007,1.14013,1.14005,1.14006
1782729480000,1.14006,1.14006,1.14,1.14002
1782729540000,1.14002,1.14006,1.13997,1.14006
1782729600000,1.14007,1.14015,1.14007,1.14013
1782729660000,1.14015,1.14029,1.14014,1.14027
1782729720000,1.14027,1.14031,1.14025,1.14028
1782729780000,1.14028,1.14031,1.14019,1.1402
1782729840000,1.14021,1.14023,1.14009,1.1401
1782729900000,1.1401,1.1401,1.13999,1.13999
1782729960000,1.13999,1.14006,1.13997,1.14006
1782730020000,1.14006,1.14006,1.13995,1.14004
1782730080000,1.14005,1.1401,1.13998,1.14009
1782730140000,1.14009,1.14024,1.14007,1.14022
1782730200000,1.14023,1.14032,1.1402,1.1403
1782730260000,1.14031,1.14054,1.14031,1.14053
1782730320000,1.14053,1.14054,1.14043,1.1405
1782730380000,1.14052,1.14054,1.14037,1.14039
1782730440000,1.1404,1.14055,1.14039,1.14046
1782730500000,1.14045,1.1405,1.14043,1.14044
1782730560000,1.14046,1.14048,1.14043,1.14048
1782730620000,1.1405,1.14052,1.14042,1.14052
1782730680000,1.14052,1.14054,1.14044,1.14047
1782730740000,1.14046,1.14055,1.14045,1.14045
1782730800000,1.14045,1.14061,1.1404,1.14059
1782730860000,1.1406,1.14061,1.14055,1.14059
1782730920000,1.14057,1.14074,1.14053,1.14073
1782730980000,1.14073,1.14074,1.14062,1.14066
1782731040000,1.14065,1.14077,1.14065,1.14075
1782731100000,1.14074,1.14076,1.14059,1.1406
1782731160000,1.14059,1.14066,1.14054,1.14055
1782731220000,1.14055,1.14061,1.14052,1.14057
1782731280000,1.14056,1.1406,1.14056,1.14059
1782731340000,1.14059,1.14061,1.14058,1.1406
1782731400000,1.14061,1.14064,1.14058,1.14059
1782731460000,1.14061,1.14062,1.14046,1.14047
1782731520000,1.14048,1.1405,1.1404,1.14042
1782731580000,1.14042,1.1405,1.1404,1.14046
1782731640000,1.14048,1.14059,1.14046,1.14056
1782731700000,1.14057,1.14063,1.14053,1.1406
1782731760000,1.14059,1.14059,1.14051,1.14054
1782731820000,1.14054,1.14055,1.14046,1.14046
1782731880000,1.14048,1.14048,1.14041,1.14046
1782731940000,1.14044,1.14046,1.14042,1.14042
1782732000000,1.14041,1.14046,1.1404,1.14041
1782732060000,1.14041,1.14041,1.14033,1.14036
1782732120000,1.14037,1.14042,1.14037,1.14037
1782732180000,1.14035,1.14044,1.14035,1.14038
1782732240000,1.14039,1.1404,1.14032,1.14034
1782732300000,1.14032,1.14034,1.14026,1.14031
1782732360000,1.14033,1.14037,1.14029,1.14031
1782732420000,1.14031,1.14033,1.14024,1.14028
1782732480000,1.14027,1.14037,1.1402,1.14023
1782732540000,1.14024,1.14034,1.14024,1.14029
1782732600000,1.14028,1.14034,1.14011,1.14014
1782732660000,1.14013,1.1406,1.14008,1.14037
1782732720000,1.14037,1.14037,1.14026,1.14029
1782732780000,1.14029,1.14034,1.14029,1.14034
1782732840000,1.14036,1.14048,1.14035,1.14048
1782732900000,1.1405,1.14055,1.14044,1.14044
1782732960000,1.14044,1.1405,1.14035,1.14044
1782733020000,1.14043,1.14045,1.14025,1.14026
1782733080000,1.14024,1.14024,1.14018,1.14019
1782733140000,1.14018,1.1402,1.14013,1.14014
1782733200000,1.14014,1.14017,1.14005,1.14011
1782733260000,1.1401,1.14017,1.14008,1.14012
1782733320000,1.14013,1.14018,1.1401,1.14013
1782733380000,1.14014,1.14014,1.13998,1.14002
1782733440000,1.14,1.14002,1.13988,1.13995
1782733500000,1.13997,1.13998,1.1399,1.1399
1782733560000,1.13988,1.14003,1.13988,1.13999
1782733620000,1.14001,1.14003,1.13998,1.14
1782733680000,1.14001,1.14019,1.14001,1.14014
1782733740000,1.14015,1.14025,1.14005,1.14006
1782733800000,1.14007,1.14022,1.14007,1.14022
1782733860000,1.14022,1.14032,1.14018,1.1403
1782733920000,1.14028,1.14036,1.14027,1.14035
1782733980000,1.14035,1.14049,1.14033,1.14046
1782734040000,1.14046,1.14046,1.14039,1.14046
1782734100000,1.14044,1.14095,1.14044,1.14089
1782734160000,1.14088,1.14112,1.14085,1.14101
1782734220000,1.14102,1.14115,1.14095,1.14096
1782734280000,1.14096,1.14096,1.14084,1.14095
1782734340000,1.14094,1.141,1.14088,1.14088
1782734400000,1.14088,1.14089,1.14079,1.14085
1782734460000,1.14083,1.14086,1.14071,1.14074
1782734520000,1.14074,1.14078,1.14072,1.14072
1782734580000,1.14073,1.14084,1.14071,1.14081
1782734640000,1.14083,1.14083,1.14057,1.14058
1782734700000,1.14061,1.14064,1.14053,1.14056
1782734760000,1.14055,1.14059,1.14051,1.14059
1782734820000,1.14058,1.1407,1.14058,1.1407
1782734880000,1.1407,1.1407,1.14061,1.14062
1782734940000,1.14059,1.14063,1.14056,1.14059
1782735000000,1.1406,1.14066,1.14049,1.14064
1782735060000,1.14064,1.14064,1.14053,1.14056
1782735120000,1.14056,1.14066,1.14048,1.14064
1782735180000,1.14066,1.14073,1.14061,1.1407
1782735240000,1.14069,1.14075,1.14065,1.14065
1782735300000,1.14066,1.14073,1.14058,1.14066
1782735360000,1.14066,1.14072,1.14058,1.14058
1782735420000,1.14058,1.14059,1.14052,1.14053
1782735480000,1.14053,1.14063,1.14046,1.14046
1782735540000,1.14046,1.14046,1.14027,1.1403
1782735600000,1.1403,1.14042,1.14028,1.14035
1782735660000,1.14033,1.14045,1.14031,1.14041
1782735720000,1.1404,1.14057,1.1403,1.14055
1782735780000,1.14054,1.14054,1.14026,1.14028
1782735840000,1.14029,1.14041,1.14028,1.14037
1782735900000,1.14037,1.14037,1.14022,1.14029
1782735960000,1.14029,1.14029,1.14006,1.14018
1782736020000,1.14019,1.14037,1.14016,1.14037
1782736080000,1.14038,1.14038,1.14032,1.14037
1782736140000,1.14038,1.14038,1.14029,1.14032
1782736200000,1.14031,1.14036,1.14024,1.14029
1782736260000,1.1403,1.14037,1.14024,1.14037
1782736320000,1.14036,1.14044,1.14031,1.14035
1782736380000,1.14037,1.14051,1.14034,1.14051
1782736440000,1.14052,1.14054,1.14036,1.14043
1782736500000,1.14045,1.1405,1.14043,1.14049
1782736560000,1.1405,1.14057,1.14047,1.14054
1782736620000,1.14055,1.14065,1.14051,1.14051
1782736680000,1.1405,1.1405,1.14028,1.14037
1782736740000,1.14038,1.1404,1.14025,1.14025
1782736800000,1.14024,1.14033,1.14019,1.14026
1782736860000,1.14026,1.14027,1.14006,1.14011
1782736920000,1.14013,1.14031,1.14013,1.14028
1782736980000,1.14027,1.14028,1.14022,1.14028
1782737040000,1.14029,1.14042,1.14025,1.14038
1782737100000,1.14038,1.14039,1.14028,1.14034
1782737160000,1.14035,1.14041,1.14016,1.14031
1782737220000,1.14031,1.14033,1.1402,1.1402
1782737280000,1.14021,1.14021,1.14011,1.14013
1782737340000,1.14012,1.14016,1.14009,1.14012
1782737400000,1.1401,1.14031,1.1401,1.1403
1782737460000,1.1403,1.14035,1.14018,1.14021
1782737520000,1.14021,1.14025,1.14014,1.14025
1782737580000,1.14026,1.14039,1.14026,1.14032
1782737640000,1.14031,1.14031,1.14016,1.1402
1782737700000,1.14021,1.14021,1.14014,1.14015
1782737760000,1.14014,1.14014,1.14004,1.14007
1782737820000,1.14006,1.14018,1.14004,1.1401
1782737880000,1.1401,1.14021,1.14008,1.14019
1782737940000,1.14017,1.14029,1.14017,1.14025
1782738000000,1.14027,1.14035,1.14026,1.14029
1782738060000,1.14031,1.14038,1.14028,1.14029
1782738120000,1.14027,1.14032,1.14022,1.14027
1782738180000,1.14027,1.14045,1.14026,1.14045
1782738240000,1.14044,1.14052,1.1404,1.14042
1782738300000,1.14042,1.14049,1.1404,1.14048
1782738360000,1.14049,1.14054,1.14038,1.14039
1782738420000,1.14042,1.14043,1.14034,1.14039
1782738480000,1.1404,1.14043,1.1403,1.14043
1782738540000,1.14044,1.14044,1.14033,1.14034
1782738600000,1.14033,1.1404,1.1403,1.1404
1782738660000,1.1404,1.14044,1.14033,1.14034
1782738720000,1.14034,1.14043,1.14029,1.14041
1782738780000,1.14039,1.14042,1.14037,1.14038
1782738840000,1.1404,1.14044,1.14035,1.14036
1782738900000,1.14035,1.14035,1.14028,1.1403
1782738960000,1.14031,1.14031,1.14017,1.14017
1782739020000,1.14018,1.14019,1.14008,1.14009
1782739080000,1.14008,1.1402,1.14008,1.14019
1782739140000,1.14017,1.14026,1.14013,1.14024
1782739200000,1.14023,1.14024,1.14009,1.14019
1782739260000,1.14019,1.14019,1.14005,1.14008
1782739320000,1.1401,1.14023,1.14006,1.14015
1782739380000,1.14015,1.14031,1.14014,1.1403
1782739440000,1.14031,1.14038,1.14024,1.14036
1782739500000,1.14035,1.14038,1.14033,1.14033
1782739560000,1.14034,1.14042,1.14031,1.1404
1782739620000,1.14041,1.14046,1.14034,1.1404
1782739680000,1.14043,1.14052,1.14042,1.14051
1782739740000,1.14051,1.14052,1.14045,1.14049
1782739800000,1.14048,1.14068,1.14048,1.14059
1782739860000,1.14059,1.14059,1.14045,1.14049
1782739920000,1.14049,1.14055,1.14045,1.14051
1782739980000,1.14052,1.14056,1.14047,1.14054
1782740040000,1.14056,1.14074,1.14055,1.14064
1782740100000,1.14064,1.14067,1.14049,1.14052
1782740160000,1.14052,1.14052,1.14032,1.14034
1782740220000,1.14035,1.14035,1.14022,1.14024
1782740280000,1.14025,1.14042,1.14023,1.14032
1782740340000,1.14033,1.14039,1.14029,1.1403
1782740400000,1.14028,1.14029,1.14012,1.14024
1782740460000,1.14023,1.14038,1.14021,1.14038
1782740520000,1.14038,1.14047,1.14035,1.14046
1782740580000,1.14046,1.1405,1.14038,1.14044
1782740640000,1.14044,1.14051,1.14043,1.14043
1782740700000,1.14043,1.14043,1.14031,1.14043
1782740760000,1.14042,1.14062,1.14038,1.14051
1782740820000,1.14051,1.1406,1.1404,1.14057
1782740880000,1.14058,1.14061,1.14052,1.1406
1782740940000,1.1406,1.14074,1.14057,1.14074
1782741000000,1.14074,1.14078,1.14065,1.1407
1782741060000,1.1407,1.14072,1.14065,1.14066
1782741120000,1.14066,1.14072,1.14064,1.14066
1782741180000,1.14065,1.14075,1.14064,1.1407
1782741240000,1.1407,1.14076,1.14063,1.14072
1782741300000,1.14073,1.14081,1.14065,1.14076
1782741360000,1.14078,1.1411,1.14078,1.14109
1782741420000,1.1411,1.14121,1.14085,1.14085
1782741480000,1.14087,1.14108,1.14085,1.14101
1782741540000,1.14101,1.1411,1.14097,1.14098
1782741600000,1.141,1.1413,1.141,1.14121
1782741660000,1.14121,1.14125,1.14092,1.14095
1782741720000,1.14095,1.14111,1.14085,1.14085
1782741780000,1.14085,1.14095,1.14075,1.1408
1782741840000,1.14081,1.14086,1.14069,1.14085
1782741900000,1.14086,1.14088,1.14083,1.14083
1782741960000,1.14084,1.14106,1.14084,1.14104
1782742020000,1.14103,1.14117,1.14096,1.14097
1782742080000,1.141,1.14115,1.14099,1.14114
1782742140000,1.14116,1.14121,1.14109,1.14116
1782742200000,1.14117,1.14146,1.14117,1.14141
1782742260000,1.1414,1.1414,1.14124,1.14125
1782742320000,1.14124,1.14126,1.14094,1.141
1782742380000,1.14099,1.14125,1.1409,1.14124
1782742440000,1.14123,1.14124,1.14096,1.14099
1782742500000,1.14098,1.14102,1.14045,1.14045
1782742560000,1.14046,1.14147,1.14045,1.14121
1782742620000,1.14121,1.14138,1.14106,1.14135
1782742680000,1.14134,1.14144,1.14115,1.14127
1782742740000,1.14127,1.14162,1.14122,1.14161
1782742800000,1.14162,1.14163,1.14135,1.14157
1782742860000,1.14159,1.14184,1.14155,1.14184
1782742920000,1.14183,1.14201,1.14178,1.14179
1782742980000,1.1418,1.14197,1.14169,1.14171
1782743040000,1.14169,1.14201,1.14167,1.14191
1782743100000,1.14193,1.14205,1.14178,1.14179
1782743160000,1.14178,1.142,1.14176,1.1419
1782743220000,1.1419,1.14194,1.14158,1.14159
1782743280000,1.14162,1.14163,1.14152,1.14152
1782743340000,1.14151,1.1416,1.14144,1.14151
1782743400000,1.1415,1.14185,1.14148,1.14184
1782743460000,1.14182,1.14191,1.14166,1.14173
1782743520000,1.14171,1.14177,1.14162,1.1417
1782743580000,1.14172,1.14191,1.14165,1.1419
1782743640000,1.14189,1.14194,1.14178,1.14179
1782743700000,1.1418,1.14192,1.1418,1.14185
1782743760000,1.14185,1.14208,1.14184,1.14193
1782743820000,1.14195,1.14204,1.1418,1.14182
1782743880000,1.14183,1.14198,1.14178,1.14189
1782743940000,1.1419,1.14193,1.14184,1.1419
1782744000000,1.14191,1.14199,1.14179,1.14197
1782744060000,1.14197,1.14218,1.14193,1.14217
1782744120000,1.14218,1.14222,1.14195,1.14201
1782744180000,1.14199,1.14201,1.14178,1.14179
1782744240000,1.1418,1.1418,1.14128,1.14141
1782744300000,1.14141,1.14145,1.14116,1.14119
1782744360000,1.1412,1.14151,1.14115,1.14151
1782744420000,1.1415,1.1415,1.14131,1.14133
1782744480000,1.14134,1.14149,1.14116,1.14124
1782744540000,1.14125,1.14131,1.14115,1.14125
1782744600000,1.14128,1.14153,1.14117,1.1415
1782744660000,1.14148,1.14162,1.1414,1.14149
1782744720000,1.14149,1.14168,1.14146,1.14162
1782744780000,1.14162,1.14191,1.1416,1.14189
1782744840000,1.14189,1.14217,1.14184,1.14217
1782744900000,1.14215,1.14228,1.14214,1.14227
1782744960000,1.14228,1.14231,1.14204,1.14204
1782745020000,1.14205,1.14219,1.14202,1.14208
1782745080000,1.14207,1.14228,1.14207,1.14228
1782745140000,1.14226,1.14232,1.14219,1.14219
1782745200000,1.14219,1.14219,1.14205,1.14208
1782745260000,1.14208,1.14222,1.14207,1.14215
1782745320000,1.14215,1.14218,1.14204,1.14207
1782745380000,1.14207,1.14211,1.1419,1.14191
1782745440000,1.14193,1.14194,1.14183,1.14186
1782745500000,1.14186,1.14195,1.14175,1.1419
1782745560000,1.14192,1.14196,1.14185,1.14196
1782745620000,1.14193,1.14193,1.14175,1.14182
1782745680000,1.14181,1.1419,1.14178,1.14185
1782745740000,1.14183,1.14184,1.14172,1.14181
1782745800000,1.14181,1.14189,1.14178,1.14178
1782745860000,1.14178,1.14183,1.14171,1.14175
1782745920000,1.14175,1.1419,1.14165,1.14183
1782745980000,1.14185,1.14201,1.14185,1.142
1782746040000,1.14199,1.14204,1.1419,1.1419
1782746100000,1.14192,1.14207,1.1419,1.14204
1782746160000,1.14205,1.14217,1.14202,1.14215
1782746220000,1.14215,1.14216,1.14205,1.14208
1782746280000,1.1421,1.1421,1.142,1.14203
1782746340000,1.14204,1.14214,1.14196,1.14199
1782746400000,1.14199,1.14205,1.14194,1.14203
1782746460000,1.14201,1.14211,1.14195,1.14199
1782746520000,1.14198,1.14207,1.14194,1.142
1782746580000,1.14201,1.14203,1.14197,1.14199
1782746640000,1.14198,1.142,1.14191,1.14199
1782746700000,1.14199,1.14214,1.14198,1.14213
1782746760000,1.14213,1.14234,1.14212,1.14227
1782746820000,1.14226,1.14239,1.14219,1.1422
1782746880000,1.1422,1.14225,1.14214,1.14219
1782746940000,1.14219,1.14225,1.14213,1.14224
1782747000000,1.14225,1.1423,1.14218,1.14225
1782747060000,1.14223,1.14229,1.14219,1.14224
1782747120000,1.14225,1.14234,1.14218,1.14232
1782747180000,1.14231,1.14238,1.14231,1.14234
1782747240000,1.14235,1.14242,1.14229,1.14232
1782747300000,1.14231,1.14232,1.14214,1.14214
1782747360000,1.14216,1.14216,1.14192,1.142
1782747420000,1.14201,1.14201,1.14188,1.14194
1782747480000,1.14194,1.14212,1.14193,1.14206
1782747540000,1.14207,1.1421,1.14201,1.14203
1782747600000,1.14203,1.14208,1.14194,1.142
1782747660000,1.14199,1.14204,1.14195,1.14201
1782747720000,1.14204,1.14213,1.14197,1.14205
1782747780000,1.14206,1.1421,1.14193,1.14196
1782747840000,1.14197,1.1421,1.14194,1.1421
1782747900000,1.14208,1.14229,1.14206,1.14216
1782747960000,1.14216,1.14236,1.14215,1.14234
1782748020000,1.14234,1.14251,1.14233,1.14243
1782748080000,1.14244,1.1425,1.14226,1.1423
1782748140000,1.1423,1.14242,1.14226,1.14241
1782748200000,1.14241,1.14241,1.14228,1.1423
1782748260000,1.1423,1.1423,1.14221,1.14226
1782748320000,1.14226,1.14244,1.14226,1.14234
1782748380000,1.14234,1.14235,1.14218,1.14221
1782748440000,1.14222,1.14231,1.14222,1.1423
1782748500000,1.14228,1.14231,1.14207,1.14229
1782748560000,1.14226,1.14235,1.14225,1.14227
1782748620000,1.14228,1.14233,1.14214,1.14224
1782748680000,1.14224,1.14231,1.14221,1.14228
1782748740000,1.14228,1.14242,1.14228,1.14236
1782748800000,1.14237,1.14244,1.14235,1.1424
1782748860000,1.14239,1.1425,1.14239,1.14245
1782748920000,1.14246,1.1427,1.14242,1.14267
1782748980000,1.14266,1.14266,1.14257,1.14257
1782749040000,1.14258,1.14271,1.14258,1.1426
1782749100000,1.14259,1.14265,1.14253,1.1426
1782749160000,1.14261,1.14268,1.14261,1.14267
1782749220000,1.14267,1.14271,1.14263,1.14264
1782749280000,1.14264,1.14276,1.14259,1.14276
1782749340000,1.14276,1.14276,1.14267,1.14275
1782749400000,1.14275,1.14276,1.1427,1.14272
1782749460000,1.14272,1.14273,1.14259,1.1426
1782749520000,1.1426,1.14267,1.14257,1.14257
1782749580000,1.14259,1.14261,1.1425,1.14252
1782749640000,1.14252,1.14252,1.14239,1.1424
1782749700000,1.1424,1.14249,1.14239,1.14246
1782749760000,1.14249,1.14254,1.14249,1.1425
1782749820000,1.1425,1.1426,1.14249,1.14253
1782749880000,1.14255,1.14264,1.14254,1.14256
1782749940000,1.14256,1.14258,1.14254,1.14258
1782750000000,1.14255,1.14259,1.14249,1.14251
1782750060000,1.14245,1.14245,1.14234,1.14237
1782750120000,1.14239,1.14239,1.14232,1.14238
1782750180000,1.14239,1.14248,1.14237,1.14246
1782750240000,1.14247,1.1425,1.14242,1.14245
1782750300000,1.14245,1.14245,1.14237,1.14239
1782750360000,1.14239,1.1424,1.14234,1.14239
1782750420000,1.1424,1.1424,1.14238,1.14238
1782750480000,1.14235,1.14239,1.14233,1.14234
1782750540000,1.14233,1.14237,1.14232,1.14233
1782750600000,1.14235,1.14247,1.14235,1.1424
1782750660000,1.14241,1.14252,1.14241,1.1425
1782750720000,1.14249,1.14249,1.14242,1.14245
1782750780000,1.14245,1.14252,1.14237,1.14237
1782750840000,1.14238,1.14242,1.14237,1.14237
1782750900000,1.14239,1.14244,1.14238,1.14244
1782750960000,1.14244,1.14255,1.14241,1.14242
1782751020000,1.14241,1.14244,1.14237,1.14239
1782751080000,1.14241,1.14244,1.1424,1.14243
1782751140000,1.1424,1.14254,1.1424,1.14247
1782751200000,1.14248,1.14249,1.14245,1.14249
1782751260000,1.14247,1.14254,1.14247,1.14249
1782751320000,1.14251,1.14265,1.14251,1.1426
1782751380000,1.14261,1.14266,1.14253,1.14259
1782751440000,1.1426,1.14266,1.1426,1.14262
1782751500000,1.14264,1.14265,1.14257,1.1426
1782751560000,1.1426,1.14265,1.14259,1.14264
1782751620000,1.14267,1.14267,1.14259,1.14259
1782751680000,1.14259,1.14267,1.14256,1.14264
1782751740000,1.14266,1.14292,1.14266,1.14287
1782751800000,1.14289,1.14295,1.14284,1.14289
1782751860000,1.14289,1.14303,1.14287,1.14294
1782751920000,1.14293,1.14296,1.1429,1.14295
1782751980000,1.14295,1.14306,1.14292,1.14305
1782752040000,1.14303,1.14303,1.14297,1.14301
1782752100000,1.14299,1.143,1.14287,1.14287
1782752160000,1.14289,1.14293,1.1428,1.1428
1782752220000,1.14282,1.14282,1.14274,1.14274
1782752280000,1.14273,1.14273,1.14254,1.14259
1782752340000,1.14259,1.1426,1.14252,1.14259
1782752400000,1.1426,1.14261,1.14254,1.14259
1782752460000,1.14259,1.14267,1.14255,1.14258
1782752520000,1.14258,1.14266,1.14258,1.14264
1782752580000,1.14264,1.14264,1.14255,1.14262
1782752640000,1.14262,1.14264,1.14262,1.14262
1782752700000,1.14263,1.14268,1.14259,1.14267
1782752760000,1.14267,1.14271,1.14263,1.14264
1782752820000,1.14264,1.14265,1.1426,1.14264
1782752880000,1.14264,1.14265,1.14257,1.14258
1782752940000,1.14259,1.14262,1.14258,1.14258
1782753000000,1.14259,1.14259,1.14245,1.14245
1782753060000,1.14245,1.14253,1.14245,1.14253
1782753120000,1.14253,1.14261,1.14253,1.14259
1782753180000,1.1426,1.14272,1.1426,1.14271
1782753240000,1.14269,1.14269,1.14265,1.14269
1782753300000,1.14269,1.1427,1.14263,1.14264
1782753360000,1.14263,1.14263,1.14256,1.14256
1782753420000,1.14255,1.1426,1.14249,1.14254
1782753480000,1.14254,1.14255,1.14237,1.14238
1782753540000,1.14237,1.14242,1.14233,1.14234
1782753600000,1.14236,1.14236,1.14226,1.14228
1782753660000,1.14227,1.14231,1.14219,1.14219
1782753720000,1.1422,1.14224,1.14213,1.14218
1782753780000,1.14219,1.14219,1.14214,1.14219
1782753840000,1.14219,1.14222,1.14215,1.14216
1782753900000,1.14215,1.14221,1.14215,1.14218
1782753960000,1.14219,1.1423,1.14215,1.14229
1782754020000,1.1423,1.1423,1.14226,1.14226
1782754080000,1.14225,1.14225,1.14219,1.14224
1782754140000,1.14227,1.14229,1.14223,1.14224
1782754200000,1.14224,1.14224,1.14218,1.14218
1782754260000,1.1422,1.14224,1.14217,1.14224
1782754320000,1.14224,1.14226,1.14219,1.14224
1782754380000,1.14224,1.14228,1.14224,1.14224
1782754440000,1.14224,1.14234,1.14223,1.14233
1782754500000,1.14235,1.14245,1.14234,1.14244
1782754560000,1.14244,1.14253,1.14244,1.14253
1782754620000,1.14252,1.14256,1.14252,1.14254
1782754680000,1.14253,1.14256,1.14246,1.14252
1782754740000,1.14253,1.1426,1.14244,1.14249
1782754800000,1.14247,1.14249,1.14239,1.14247
1782754860000,1.14246,1.14252,1.14245,1.14247
1782754920000,1.14248,1.1425,1.14243,1.14244
1782754980000,1.14244,1.14244,1.14238,1.1424
1782755040000,1.1424,1.14247,1.14239,1.14241
1782755100000,1.14242,1.14242,1.14224,1.14225
1782755160000,1.14225,1.14233,1.14225,1.14233
1782755220000,1.14234,1.1424,1.14232,1.14239
1782755280000,1.14239,1.14245,1.14239,1.14244
1782755340000,1.14243,1.14247,1.14242,1.14243
1782755400000,1.14245,1.14251,1.14245,1.14247
1782755460000,1.14248,1.14255,1.14248,1.14255
1782755520000,1.14255,1.14255,1.14248,1.14255
1782755580000,1.14255,1.1427,1.14255,1.14269
1782755640000,1.14268,1.1428,1.14268,1.1428
1782755700000,1.1428,1.1428,1.14268,1.14269
1782755760000,1.14266,1.14266,1.14259,1.14263
1782755820000,1.14264,1.14275,1.14263,1.14274
1782755880000,1.14272,1.14272,1.14259,1.14264
1782755940000,1.14264,1.14272,1.14263,1.14266
1782756000000,1.14268,1.1428,1.14262,1.14273
1782756060000,1.14273,1.14276,1.14268,1.14272
1782756120000,1.14273,1.14276,1.14269,1.14269
1782756180000,1.14272,1.14273,1.14264,1.14264
1782756240000,1.14264,1.1428,1.14263,1.14274
1782756300000,1.14273,1.14274,1.14257,1.14258
1782756360000,1.14257,1.14264,1.14257,1.14261
1782756420000,1.1426,1.14264,1.14259,1.14264
1782756480000,1.14263,1.14268,1.14255,1.14266
1782756540000,1.14267,1.1427,1.14265,1.14266
1782756600000,1.14265,1.14285,1.14265,1.14285
1782756660000,1.14285,1.14291,1.1428,1.14281
1782756720000,1.14281,1.14281,1.14277,1.1428
1782756780000,1.14282,1.14289,1.14281,1.14286
1782756840000,1.14285,1.1429,1.14284,1.14289
1782756900000,1.1429,1.1429,1.14282,1.14284
1782756960000,1.14285,1.14285,1.14275,1.14275
1782757020000,1.14276,1.14278,1.14274,1.14276
1782757080000,1.14278,1.14283,1.14276,1.1428
1782757140000,1.14281,1.14281,1.14279,1.14281
1782757200000,1.14279,1.14284,1.14279,1.1428
1782757260000,1.14282,1.14285,1.1427,1.14271
1782757320000,1.14273,1.1428,1.14273,1.1428
1782757380000,1.1428,1.14281,1.14278,1.14281
1782757440000,1.1428,1.14285,1.1428,1.14285
1782757500000,1.14285,1.14285,1.14276,1.14277
1782757560000,1.14278,1.14282,1.14275,1.14275
1782757620000,1.14275,1.14275,1.14271,1.14275
1782757680000,1.14275,1.14277,1.14273,1.14275
1782757740000,1.14275,1.14276,1.1427,1.14275
1782757800000,1.14276,1.14278,1.14276,1.14277
1782757860000,1.14276,1.14276,1.14272,1.14272
1782757920000,1.14272,1.14276,1.14269,1.14274
1782757980000,1.14275,1.14278,1.14271,1.14272
1782758040000,1.14272,1.14272,1.14269,1.14271
1782758100000,1.14272,1.14281,1.14271,1.14278
1782758160000,1.14277,1.14282,1.14276,1.1428
1782758220000,1.1428,1.14281,1.14273,1.14274
1782758280000,1.14273,1.14275,1.1427,1.14272
1782758340000,1.14273,1.14277,1.14272,1.14273
1782758400000,1.14274,1.14281,1.14272,1.14277
1782758460000,1.14276,1.14277,1.14272,1.14273
1782758520000,1.14273,1.14273,1.1427,1.1427
1782758580000,1.14269,1.14277,1.14265,1.14277
1782758640000,1.14277,1.14285,1.14276,1.1428
1782758700000,1.14279,1.14282,1.14271,1.14275
1782758760000,1.14277,1.14278,1.14273,1.14273
1782758820000,1.14274,1.14277,1.14272,1.14273
1782758880000,1.14271,1.14278,1.14271,1.14276
1782758940000,1.14275,1.14282,1.14272,1.14281
1782759000000,1.14282,1.14282,1.14276,1.14277
1782759060000,1.14275,1.14282,1.14275,1.14281
1782759120000,1.14282,1.14285,1.14281,1.14281
1782759180000,1.14281,1.14282,1.14275,1.14276
1782759240000,1.14277,1.14277,1.14272,1.14275
1782759300000,1.14273,1.14273,1.14249,1.14251
1782759360000,1.1425,1.14259,1.1425,1.1425
1782759420000,1.14251,1.14256,1.14249,1.14252
1782759480000,1.14252,1.14257,1.14248,1.1425
1782759540000,1.14249,1.14256,1.14249,1.14255
1782759600000,1.14256,1.14267,1.14251,1.14266
1782759660000,1.14265,1.14267,1.14261,1.14263
1782759720000,1.14263,1.14267,1.14262,1.14262
1782759780000,1.14262,1.14267,1.1426,1.14264
1782759840000,1.14265,1.14267,1.14255,1.14255
1782759900000,1.14257,1.14258,1.14252,1.14252
1782759960000,1.14252,1.14255,1.14251,1.14252
1782760020000,1.14249,1.14253,1.14249,1.14251
1782760080000,1.14249,1.14255,1.14249,1.14251
1782760140000,1.14251,1.14254,1.14251,1.14253
1782760200000,1.14251,1.14252,1.14227,1.14227
1782760260000,1.14227,1.1423,1.14223,1.1423
1782760320000,1.14229,1.14231,1.14221,1.14224
1782760380000,1.14225,1.14226,1.14221,1.14222
1782760440000,1.14222,1.1423,1.14222,1.1423
1782760500000,1.1423,1.14237,1.14229,1.14235
1782760560000,1.14237,1.14241,1.14237,1.14241
1782760620000,1.14241,1.14241,1.14235,1.14235
1782760680000,1.14236,1.14246,1.14236,1.14246
1782760740000,1.14244,1.14245,1.14235,1.14235
1782760800000,1.14235,1.1424,1.14235,1.14239
1782760860000,1.14239,1.14246,1.14239,1.14244
1782760920000,1.14244,1.14246,1.14241,1.14245
1782760980000,1.14245,1.14247,1.14245,1.14246
1782761040000,1.14244,1.14246,1.14241,1.14241
1782761100000,1.14241,1.14251,1.1424,1.14248
1782761160000,1.14248,1.14253,1.14248,1.14252
1782761220000,1.14253,1.14259,1.14253,1.14257
1782761280000,1.14259,1.1426,1.14255,1.14259
1782761340000,1.14259,1.14259,1.14251,1.14255
1782761400000,1.14255,1.14261,1.14255,1.14259
1782761460000,1.14259,1.1426,1.14256,1.14256
1782761520000,1.14255,1.14255,1.1425,1.14253
1782761580000,1.14254,1.14255,1.14246,1.14252
1782761640000,1.14252,1.14252,1.14245,1.14245
1782761700000,1.14242,1.14247,1.14242,1.14246
1782761760000,1.14245,1.14252,1.14245,1.1425
1782761820000,1.1425,1.1425,1.14247,1.14249
1782761880000,1.14251,1.14251,1.14249,1.14251
1782761940000,1.14253,1.14253,1.14251,1.14251
1782762000000,1.14251,1.14252,1.14249,1.1425
1782762060000,1.1425,1.14259,1.14248,1.14256
1782762120000,1.14254,1.14257,1.14249,1.1425
1782762180000,1.14251,1.14255,1.14251,1.14255
1782762240000,1.14255,1.14258,1.14255,1.14255
1782762300000,1.14256,1.14256,1.14254,1.14255
1782762360000,1.14254,1.14258,1.14251,1.14255
1782762420000,1.14254,1.14258,1.14254,1.14258
1782762480000,1.14256,1.1426,1.14256,1.14258
1782762540000,1.1426,1.14265,1.14258,1.14264
1782762600000,1.14265,1.14267,1.14264,1.14267
1782762660000,1.14266,1.14267,1.14263,1.14266
1782762720000,1.14267,1.14268,1.1426,1.14264
1782762780000,1.14264,1.14266,1.14264,1.14265
1782762840000,1.14265,1.14266,1.14256,1.14258
1782762900000,1.14256,1.14262,1.14248,1.14257
1782762960000,1.14259,1.14266,1.14259,1.14261
1782763020000,1.14259,1.14262,1.14245,1.14245
1782763080000,1.14246,1.14254,1.14246,1.14252
1782763140000,1.14254,1.14256,1.14251,1.14256
1782763200000,1.14256,1.14256,1.1425,1.1425
1782763260000,1.14252,1.14252,1.14246,1.14249
1782763320000,1.1425,1.14253,1.14246,1.14253
1782763380000,1.14253,1.14256,1.14253,1.14254
1782763440000,1.14251,1.14254,1.14249,1.14254
1782763500000,1.14256,1.14258,1.14255,1.14255
1782763560000,1.14253,1.14258,1.14253,1.14257
1782763620000,1.14257,1.14258,1.14257,1.14257
1782763680000,1.14258,1.14259,1.14258,1.14259
1782763740000,1.1426,1.14264,1.1426,1.14263
1782763800000,1.14265,1.14266,1.14263,1.14263
1782763860000,1.14265,1.14274,1.14262,1.14262
1782763920000,1.14261,1.14261,1.14259,1.14259
1782763980000,1.14259,1.14261,1.14259,1.14259
1782764040000,1.14259,1.14259,1.14258,1.14259
1782764100000,1.14261,1.14264,1.14259,1.14263
1782764160000,1.14262,1.14264,1.14262,1.14264
1782764220000,1.14265,1.14265,1.1426,1.14262
1782764280000,1.1426,1.1426,1.14258,1.14258
1782764340000,1.14259,1.1426,1.14259,1.1426
1782764400000,1.14257,1.14261,1.14257,1.14261
1782764460000,1.1426,1.1426,1.14258,1.14259
1782764520000,1.14261,1.14261,1.14259,1.14261
1782764580000,1.14259,1.14261,1.14259,1.14261
1782764640000,1.14261,1.14264,1.14261,1.14263
1782764700000,1.14264,1.14265,1.14264,1.14265
1782764760000,1.14264,1.14266,1.14264,1.14265
1782764820000,1.14265,1.14267,1.14263,1.14266
1782764880000,1.14265,1.14265,1.14264,1.14264
1782764940000,1.14266,1.14267,1.14263,1.14263
1782765000000,1.14263,1.14263,1.14258,1.14259
1782765060000,1.14258,1.14263,1.14254,1.14254
1782765120000,1.14255,1.14256,1.14254,1.14255
1782765180000,1.14255,1.14255,1.14251,1.14251
1782765240000,1.1425,1.1425,1.14246,1.14246
1782765300000,1.14245,1.14245,1.14229,1.14232
1782765360000,1.14231,1.14232,1.14221,1.14221
1782765420000,1.1422,1.14222,1.14219,1.14222
1782765480000,1.14221,1.14225,1.14221,1.14225
1782765540000,1.14226,1.1423,1.14225,1.1423
1782765600000,1.14231,1.14231,1.14225,1.14226
1782765660000,1.14226,1.14227,1.14226,1.14226
1782765720000,1.14227,1.1423,1.14227,1.1423
1782765780000,1.14231,1.14231,1.1423,1.1423
1782765840000,1.1423,1.14235,1.1423,1.14235
1782765900000,1.14235,1.1424,1.14235,1.14236
1782765960000,1.14235,1.14235,1.14235,1.14235
1782766020000,1.14236,1.14236,1.14234,1.14235
1782766080000,1.14232,1.14232,1.1423,1.1423
1782766140000,1.1423,1.14234,1.1423,1.14231
1782766200000,1.1423,1.14237,1.1423,1.14236
1782766260000,1.14236,1.14236,1.1423,1.14231
1782766320000,1.14231,1.14238,1.14231,1.14235
1782766380000,1.14236,1.14236,1.14234,1.14235
1782766440000,1.14235,1.14237,1.14234,1.14236
1782766500000,1.14235,1.14235,1.1423,1.14233
1782766560000,1.14233,1.14234,1.14231,1.14233
1782766620000,1.14233,1.14239,1.14232,1.14238
1782766680000,1.14238,1.1424,1.14237,1.14239
1782766740000,1.14238,1.14242,1.1421,1.14213
1782766800000,1.14211,1.14225,1.14207,1.14209
1782766860000,1.14209,1.1422,1.14209,1.1422
1782766920000,1.1422,1.14221,1.1422,1.14221
1782766980000,1.14224,1.14224,1.1421,1.1421
1782767040000,1.14216,1.14219,1.14216,1.14218
1782767100000,1.14216,1.14217,1.14215,1.14217
1782767160000,1.14222,1.14224,1.14222,1.14222
1782767220000,1.1422,1.1422,1.14213,1.14219
1782767280000,1.14223,1.14242,1.14215,1.14242
1782767340000,1.14244,1.14244,1.1422,1.14242
1782767400000,1.14233,1.14233,1.14231,1.14231
1782767460000,1.14231,1.14234,1.14228,1.14228
1782767520000,1.14227,1.14231,1.14227,1.14227
1782767580000,1.14231,1.14234,1.14227,1.14234
1782767640000,1.14234,1.14234,1.14233,1.14234
1782767700000,1.14233,1.14237,1.14233,1.14237
1782767760000,1.14237,1.14237,1.14224,1.14224
1782767820000,1.14239,1.1424,1.14239,1.14239
1782767880000,1.14239,1.1424,1.14238,1.1424
1782767940000,1.14238,1.14242,1.14238,1.14239
1782768000000,1.14239,1.14239,1.14238,1.14238
1782768060000,1.14239,1.14239,1.14238,1.14239
1782768120000,1.14238,1.14239,1.14238,1.14238
1782768180000,1.14238,1.14245,1.14238,1.14245
1782768240000,1.14245,1.14251,1.14238,1.14249
1782768300000,1.14249,1.14252,1.14249,1.14252
1782768360000,1.14252,1.14252,1.14252,1.14252
1782768420000,1.14253,1.14253,1.14249,1.1425
1782768480000,1.14253,1.14253,1.14253,1.14253
1782768540000,1.14252,1.14252,1.14252,1.14252
1782768600000,1.14257,1.14257,1.14253,1.14253
1782768660000,1.14252,1.14256,1.14252,1.14256
1782768720000,1.14257,1.14257,1.14257,1.14257
1782768780000,1.14256,1.14256,1.14256,1.14256
1782768840000,1.14255,1.14255,1.14252,1.14252
1782768900000,1.14252,1.14253,1.14251,1.14251
1782768960000,1.1425,1.1425,1.1425,1.1425
1782769020000,1.14252,1.14253,1.14251,1.14251
1782769080000,1.14251,1.14251,1.14247,1.14247
1782769140000,1.14248,1.1425,1.14246,1.14248
1782769200000,1.14247,1.14248,1.14245,1.14245
1782769260000,1.14246,1.14248,1.14245,1.14247
1782769320000,1.14247,1.14249,1.14245,1.14248
1782769380000,1.14249,1.14249,1.14246,1.14247
1782769440000,1.14248,1.14248,1.14244,1.14245
1782769500000,1.14244,1.14246,1.14243,1.14245
1782769560000,1.14247,1.14247,1.14245,1.14245
1782769620000,1.14246,1.14248,1.14245,1.14247
1782769680000,1.14247,1.14247,1.14247,1.14247
1782769740000,1.14245,1.14247,1.14245,1.14245
1782769800000,1.14246,1.14248,1.14245,1.14246
1782769860000,1.14247,1.14248,1.14245,1.14245
1782769920000,1.14246,1.14249,1.14246,1.14249
1782769980000,1.1425,1.14251,1.14249,1.14251
1782770040000,1.14252,1.14254,1.14243,1.14244
1782770100000,1.14243,1.14244,1.14243,1.14244
1782770160000,1.14243,1.14243,1.14243,1.14243
1782770220000,1.14235,1.14235,1.14231,1.14231
1782770280000,1.1423,1.14244,1.1423,1.14243
1782770340000,1.14243,1.14244,1.14233,1.14236
1782770400000,1.14236,1.14241,1.14232,1.14234
1782770460000,1.14237,1.14242,1.14231,1.14241
1782770520000,1.1424,1.14243,1.14237,1.1424
1782770580000,1.14241,1.14244,1.14238,1.14242
1782770640000,1.14243,1.14245,1.14243,1.14243
1782770700000,1.14242,1.14243,1.14236,1.14237
1782770760000,1.14239,1.1424,1.14235,1.14238
1782770820000,1.14237,1.14239,1.14235,1.14239
1782770880000,1.14238,1.14238,1.14237,1.14237
1782770940000,1.14238,1.14239,1.14237,1.14239
1782771000000,1.14238,1.14253,1.14237,1.14252
1782771060000,1.14252,1.14252,1.14244,1.14244
1782771120000,1.14245,1.1425,1.14245,1.14247
1782771180000,1.14249,1.1425,1.14249,1.14249
1782771240000,1.14249,1.14249,1.14243,1.14243
1782771300000,1.14243,1.14249,1.14243,1.14249
1782771360000,1.14249,1.14249,1.14248,1.14248
1782771420000,1.14251,1.14251,1.14249,1.14249
1782771480000,1.14252,1.14252,1.14249,1.14249
1782771540000,1.1425,1.14252,1.1425,1.14252
1782771600000,1.14251,1.14251,1.14245,1.14246
1782771660000,1.14246,1.14246,1.14244,1.14245
1782771720000,1.14245,1.14245,1.14242,1.14243
1782771780000,1.14243,1.14243,1.14241,1.14243
1782771840000,1.14244,1.14244,1.14244,1.14244
1782771900000,1.14244,1.14244,1.14244,1.14244
1782771960000,1.14245,1.14245,1.14238,1.14238
1782772020000,1.1424,1.1424,1.14237,1.1424
1782772080000,1.1424,1.1424,1.1424,1.1424
1782772140000,1.1424,1.1424,1.1424,1.1424
1782772200000,1.14239,1.1424,1.14238,1.14239
1782772260000,1.14239,1.14242,1.14239,1.1424
1782772320000,1.14238,1.14238,1.14237,1.14238
1782772380000,1.14239,1.14241,1.14239,1.14241
1782772440000,1.14239,1.14241,1.14237,1.14237
1782772500000,1.14236,1.14236,1.14236,1.14236
1782772560000,1.14236,1.14236,1.14228,1.14229
1782772620000,1.14231,1.14231,1.14231,1.14231
1782772680000,1.14231,1.14231,1.14225,1.14226
1782772740000,1.14224,1.14226,1.14224,1.14226
1782772800000,1.14224,1.14226,1.14223,1.14223
1782772860000,1.14225,1.14229,1.14224,1.14226
1782772920000,1.14225,1.14227,1.14225,1.14226
1782772980000,1.14226,1.14228,1.14224,1.14228
1782773040000,1.14229,1.1423,1.14227,1.14227
1782773100000,1.14227,1.14229,1.14227,1.14227
1782773160000,1.14228,1.1423,1.14228,1.1423
1782773220000,1.14232,1.14234,1.14232,1.14232
1782773280000,1.14233,1.14234,1.14233,1.14233
1782773340000,1.14233,1.14233,1.14232,1.14233
1782773400000,1.14231,1.14232,1.14231,1.14232
1782773460000,1.14232,1.14233,1.14231,1.14233
1782773520000,1.14234,1.14239,1.14233,1.14239
1782773580000,1.14239,1.14239,1.14238,1.14239
1782773640000,1.14238,1.14238,1.14238,1.14238
1782773700000,1.14238,1.14241,1.14238,1.14239
1782773760000,1.1424,1.14247,1.14239,1.14246
1782773820000,1.14248,1.14252,1.14248,1.1425
1782773880000,1.14247,1.1425,1.1424,1.14244
1782773940000,1.14244,1.14247,1.14244,1.14247
1782774000000,1.14246,1.14249,1.14245,1.14246
1782774060000,1.14247,1.14251,1.14246,1.14248
1782774120000,1.14248,1.14249,1.14244,1.14245
1782774180000,1.14246,1.14246,1.14244,1.14244
1782774240000,1.14243,1.14245,1.14243,1.14245
1782774300000,1.14245,1.14246,1.14241,1.14243
1782774360000,1.14243,1.14244,1.1424,1.14244
1782774420000,1.14244,1.14246,1.14243,1.14244
1782774480000,1.14245,1.14246,1.14243,1.14245
1782774540000,1.14245,1.14245,1.14243,1.14245
1782774600000,1.14243,1.14245,1.1424,1.1424
1782774660000,1.14242,1.14243,1.1424,1.1424
1782774720000,1.1424,1.1424,1.14238,1.1424
1782774780000,1.14241,1.14242,1.1424,1.14241
1782774840000,1.14239,1.1424,1.14239,1.1424
1782774900000,1.1424,1.1424,1.14239,1.1424
1782774960000,1.1424,1.1424,1.14239,1.1424
1782775020000,1.1424,1.14241,1.14239,1.14241
1782775080000,1.14241,1.14241,1.1424,1.1424
1782775140000,1.1424,1.1424,1.14236,1.14239
1782775200000,1.1424,1.1424,1.14238,1.14239
1782775260000,1.14242,1.14246,1.14241,1.14244
1782775320000,1.14246,1.14248,1.14246,1.14247
1782775380000,1.14247,1.14247,1.14247,1.14247
1782775440000,1.14245,1.14246,1.14241,1.14241
1782775500000,1.14241,1.14241,1.14239,1.1424
1782775560000,1.1424,1.1424,1.14236,1.1424
1782775620000,1.14238,1.14242,1.14238,1.14242
1782775680000,1.1424,1.1424,1.14232,1.14232
1782775740000,1.1423,1.14231,1.1423,1.14231
1782775800000,1.14231,1.14231,1.14231,1.14231
1782775860000,1.14231,1.14234,1.14231,1.14233
1782775920000,1.14234,1.14237,1.14231,1.14231
1782775980000,1.1423,1.14231,1.14229,1.14231
1782776040000,1.1423,1.1423,1.1423,1.1423
1782776100000,1.14228,1.14229,1.14226,1.14226
1782776160000,1.14226,1.14226,1.14222,1.14222
1782776220000,1.1422,1.14223,1.1422,1.14223
1782776280000,1.14224,1.14224,1.14215,1.14217
1782776340000,1.14216,1.14216,1.14215,1.14215
1782776400000,1.14215,1.14216,1.14215,1.14215
1782776460000,1.14215,1.14215,1.14213,1.14214
1782776520000,1.14214,1.14215,1.14214,1.14214
1782776580000,1.14215,1.14219,1.14215,1.14216
1782776640000,1.14214,1.14218,1.14214,1.14217
1782776700000,1.14216,1.14216,1.14202,1.14205
1782776760000,1.14204,1.14205,1.14204,1.14204
1782776820000,1.14205,1.14207,1.14204,1.14206
1782776880000,1.14205,1.14205,1.14205,1.14205
1782776940000,1.14206,1.14215,1.14206,1.14215
1782777000000,1.14214,1.1422,1.14214,1.1422
1782777060000,1.1422,1.1422,1.14216,1.14216
1782777120000,1.14215,1.14215,1.14214,1.14214
1782777180000,1.14216,1.14216,1.14214,1.14214
1782777240000,1.14215,1.14215,1.14211,1.14211
1782777300000,1.1421,1.1421,1.14209,1.1421
1782777360000,1.14208,1.1421,1.14204,1.14204
1782777420000,1.14204,1.14205,1.14194,1.14194
1782777480000,1.14194,1.14196,1.14189,1.14193
1782777540000,1.14193,1.14194,1.14189,1.14189
1782777600000,1.14189,1.14192,1.14173,1.14185
1782777660000,1.14184,1.14193,1.14184,1.14189
1782777720000,1.1419,1.14203,1.14189,1.14199
1782777780000,1.14199,1.14199,1.14186,1.14187
1782777840000,1.14188,1.14198,1.14186,1.14195
1782777900000,1.14194,1.14194,1.14187,1.14191
1782777960000,1.14192,1.14196,1.14179,1.14179
1782778020000,1.1418,1.14183,1.14172,1.14176
1782778080000,1.14175,1.14175,1.14169,1.14171
1782778140000,1.14171,1.14173,1.14168,1.14168
1782778200000,1.14168,1.14181,1.14167,1.1418
1782778260000,1.1418,1.14186,1.14176,1.14183
1782778320000,1.14184,1.14184,1.14179,1.14182
1782778380000,1.14183,1.14183,1.14175,1.14179
1782778440000,1.14179,1.14182,1.14168,1.14168
1782778500000,1.14168,1.14169,1.14165,1.14165
1782778560000,1.14167,1.14169,1.1416,1.14161
1782778620000,1.14163,1.14163,1.14157,1.14161
1782778680000,1.1416,1.1416,1.14157,1.14159
1782778740000,1.1416,1.14165,1.1416,1.1416
1782778800000,1.14161,1.14163,1.14159,1.14159
1782778860000,1.14157,1.14163,1.14153,1.14156
1782778920000,1.14158,1.1416,1.14153,1.14154
1782778980000,1.14156,1.14156,1.14149,1.1415
1782779040000,1.14152,1.14154,1.1415,1.14151
1782779100000,1.14152,1.14154,1.1415,1.1415
1782779160000,1.14151,1.14157,1.14144,1.14153
1782779220000,1.14155,1.14155,1.14146,1.14147
1782779280000,1.14147,1.1415,1.14139,1.14141
1782779340000,1.14143,1.14145,1.14136,1.14145
1782779400000,1.14145,1.14155,1.14144,1.14153
1782779460000,1.14153,1.14159,1.14153,1.14156
1782779520000,1.14156,1.14156,1.14146,1.14146
1782779580000,1.1415,1.14151,1.14149,1.1415
1782779640000,1.14149,1.14153,1.14147,1.14152
1782779700000,1.14154,1.1416,1.14152,1.1416
1782779760000,1.14159,1.14164,1.14158,1.1416
1782779820000,1.14161,1.14161,1.14155,1.14155
1782779880000,1.14155,1.14156,1.1415,1.14151
1782779940000,1.14152,1.14152,1.14146,1.14151
1782780000000,1.14152,1.14154,1.14137,1.14139
1782780060000,1.14141,1.14147,1.14136,1.14139
1782780120000,1.1414,1.14142,1.14136,1.14137
1782780180000,1.14138,1.14143,1.14138,1.14142
1782780240000,1.1414,1.1414,1.14133,1.14136
1782780300000,1.14137,1.14147,1.14136,1.14147
1782780360000,1.14147,1.14147,1.14144,1.14147
1782780420000,1.14147,1.1415,1.14145,1.1415
1782780480000,1.14149,1.14151,1.14149,1.14151
1782780540000,1.1415,1.1415,1.14146,1.1415
1782780600000,1.1415,1.14155,1.14148,1.14153
1782780660000,1.14153,1.14161,1.14153,1.14159
1782780720000,1.14158,1.14158,1.14124,1.1413
1782780780000,1.1413,1.14146,1.14125,1.14137
1782780840000,1.14137,1.14142,1.14123,1.1413
1782780900000,1.14137,1.14142,1.14123,1.14142
1782780960000,1.14145,1.14154,1.1414,1.14143
1782781020000,1.14143,1.14168,1.14139,1.14164
1782781080000,1.14164,1.14164,1.14159,1.14162
1782781140000,1.1416,1.14162,1.14155,1.14161
1782781200000,1.14163,1.14171,1.14154,1.14157
1782781260000,1.14158,1.14161,1.14154,1.14156
1782781320000,1.14156,1.14161,1.14152,1.14161
1782781380000,1.14162,1.14165,1.1415,1.14154
1782781440000,1.14153,1.14155,1.14144,1.14146
1782781500000,1.14146,1.14146,1.14136,1.14136
1782781560000,1.14136,1.14137,1.14129,1.14131
1782781620000,1.14129,1.14135,1.14116,1.14116
1782781680000,1.14114,1.14119,1.14108,1.14112
1782781740000,1.14114,1.14115,1.14105,1.14113
1782781800000,1.14111,1.14113,1.14088,1.14089
1782781860000,1.14086,1.1409,1.14084,1.14084
1782781920000,1.14086,1.14086,1.14066,1.1407
1782781980000,1.14069,1.1407,1.14064,1.14068
1782782040000,1.1407,1.14075,1.14059,1.14063
1782782100000,1.14064,1.14084,1.14061,1.14084
1782782160000,1.14083,1.14104,1.1408,1.14099
1782782220000,1.14101,1.14108,1.14093,1.14108
1782782280000,1.14107,1.14111,1.14098,1.14101
1782782340000,1.14102,1.14107,1.14099,1.14101
1782782400000,1.14103,1.14113,1.14101,1.1411
1782782460000,1.14109,1.14116,1.14108,1.14114
1782782520000,1.14114,1.14124,1.14109,1.14122
1782782580000,1.14121,1.14125,1.1412,1.14124
1782782640000,1.14125,1.14134,1.14123,1.14132
1782782700000,1.14133,1.14138,1.14127,1.14127
1782782760000,1.14128,1.14134,1.14119,1.14134
1782782820000,1.14136,1.14146,1.14135,1.14146
1782782880000,1.14146,1.14153,1.14145,1.14151
1782782940000,1.14151,1.14152,1.14143,1.14148
1782783000000,1.14146,1.14148,1.14136,1.14146
1782783060000,1.14146,1.14157,1.14146,1.14149
1782783120000,1.14149,1.14157,1.14149,1.14151
1782783180000,1.1415,1.14155,1.14147,1.14149
1782783240000,1.14149,1.1416,1.14149,1.14155
1782783300000,1.14156,1.14159,1.14153,1.14157
1782783360000,1.14157,1.14157,1.14137,1.14143
1782783420000,1.14141,1.14141,1.14132,1.14132
1782783480000,1.14134,1.14134,1.14113,1.14115
1782783540000,1.14117,1.14124,1.14113,1.14116
1782783600000,1.14116,1.14119,1.141,1.14103
1782783660000,1.14103,1.14105,1.14089,1.14089
1782783720000,1.14088,1.14089,1.14076,1.14086
1782783780000,1.14084,1.14087,1.14066,1.14077
1782783840000,1.14078,1.14078,1.14061,1.14063
1782783900000,1.14062,1.14064,1.14053,1.1406
1782783960000,1.14061,1.1407,1.14061,1.14063
1782784020000,1.14062,1.14062,1.14054,1.14059
1782784080000,1.1406,1.14068,1.1405,1.14068
1782784140000,1.14069,1.14069,1.14059,1.14061
1782784200000,1.1406,1.14069,1.1406,1.14069
1782784260000,1.14069,1.14073,1.14068,1.14073
1782784320000,1.14073,1.1408,1.14057,1.14057
1782784380000,1.14059,1.14059,1.14056,1.14057
1782784440000,1.14055,1.14055,1.14042,1.14042
1782784500000,1.14044,1.14051,1.14042,1.14047
1782784560000,1.14047,1.14056,1.14047,1.14053
1782784620000,1.14052,1.14057,1.14045,1.14051
1782784680000,1.1405,1.1405,1.14037,1.14043
1782784740000,1.14042,1.14042,1.14018,1.1404
1782784800000,1.1404,1.14052,1.14033,1.14051
1782784860000,1.1405,1.14057,1.14048,1.14054
1782784920000,1.14054,1.14057,1.14051,1.14053
1782784980000,1.14056,1.14059,1.14053,1.14058
1782785040000,1.14059,1.1406,1.14057,1.14059
1782785100000,1.14059,1.14059,1.14038,1.14038
1782785160000,1.14038,1.14044,1.14033,1.14033
1782785220000,1.14033,1.14041,1.14033,1.14037
1782785280000,1.14038,1.14047,1.14038,1.14047
1782785340000,1.14047,1.14047,1.14033,1.14037
1782785400000,1.14038,1.1404,1.14037,1.14037
1782785460000,1.14038,1.14039,1.14033,1.14037
1782785520000,1.14037,1.14044,1.14035,1.14038
1782785580000,1.14037,1.1404,1.14031,1.14033
1782785640000,1.14032,1.14037,1.14032,1.14035
1782785700000,1.14035,1.14035,1.14026,1.14026
1782785760000,1.14028,1.14029,1.14027,1.14029
1782785820000,1.14028,1.14033,1.14023,1.14025
1782785880000,1.14028,1.1403,1.14026,1.14027
1782785940000,1.14029,1.14033,1.14026,1.14028
1782786000000,1.14026,1.14039,1.14026,1.14039
1782786060000,1.14039,1.14041,1.14036,1.14039
1782786120000,1.1404,1.14054,1.1404,1.1405
1782786180000,1.14051,1.14056,1.14048,1.14049
1782786240000,1.14048,1.1405,1.14043,1.14045
1782786300000,1.14044,1.1405,1.14044,1.14045
1782786360000,1.14044,1.14044,1.14035,1.14035
1782786420000,1.14036,1.14036,1.14035,1.14036
1782786480000,1.14035,1.14037,1.14035,1.14036
1782786540000,1.14037,1.14037,1.14032,1.14034
1782786600000,1.14034,1.14035,1.14031,1.14034
1782786660000,1.14037,1.14044,1.14037,1.14039
1782786720000,1.14039,1.14043,1.14039,1.14042
1782786780000,1.14041,1.14043,1.14038,1.1404
1782786840000,1.14043,1.14052,1.14043,1.1405
1782786900000,1.1405,1.14055,1.1405,1.14051
1782786960000,1.14052,1.14056,1.14049,1.14054
1782787020000,1.14052,1.14059,1.14052,1.14057
1782787080000,1.14059,1.14059,1.14057,1.14057
1782787140000,1.1406,1.14064,1.1406,1.14062
1782787200000,1.14062,1.14062,1.14059,1.14062
1782787260000,1.14063,1.14063,1.14056,1.14056
1782787320000,1.14056,1.14056,1.14041,1.14043
1782787380000,1.14042,1.14042,1.14035,1.14042
1782787440000,1.14041,1.14045,1.14038,1.14045
1782787500000,1.14046,1.14054,1.14046,1.14048
1782787560000,1.14049,1.1405,1.14042,1.14042
1782787620000,1.14041,1.14041,1.14034,1.14034
1782787680000,1.14033,1.14037,1.14033,1.14033
1782787740000,1.14034,1.14038,1.14034,1.14036
1782787800000,1.14036,1.1404,1.14035,1.14037
1782787860000,1.14039,1.14043,1.14037,1.14038
1782787920000,1.14038,1.14038,1.14024,1.14024
1782787980000,1.14028,1.14033,1.14025,1.14027
1782788040000,1.14026,1.14027,1.14015,1.1402
1782788100000,1.14021,1.14029,1.14021,1.14026
1782788160000,1.14023,1.14028,1.14022,1.14024
1782788220000,1.14024,1.14036,1.14022,1.14031
1782788280000,1.14032,1.14036,1.14031,1.14032
1782788340000,1.14032,1.14034,1.14024,1.14034
1782788400000,1.14033,1.14049,1.14033,1.14046
1782788460000,1.14047,1.14047,1.14041,1.14044
1782788520000,1.14044,1.14051,1.14042,1.14045
1782788580000,1.14045,1.1405,1.14044,1.14049
1782788640000,1.14048,1.14051,1.14046,1.14047
1782788700000,1.14046,1.1405,1.14042,1.14049
1782788760000,1.14048,1.1405,1.14045,1.14045
1782788820000,1.14046,1.14047,1.14038,1.14042
1782788880000,1.1404,1.1404,1.14033,1.14035
1782788940000,1.14033,1.14033,1.14019,1.14023
1782789000000,1.14022,1.14025,1.14021,1.14022
1782789060000,1.1402,1.14025,1.14016,1.14025
1782789120000,1.14023,1.14029,1.14023,1.14027
1782789180000,1.14025,1.14027,1.1402,1.14024
1782789240000,1.14024,1.14024,1.14017,1.14017
1782789300000,1.14019,1.1402,1.14018,1.14018
1782789360000,1.14018,1.14027,1.14018,1.14027
1782789420000,1.14028,1.14029,1.14021,1.14027
1782789480000,1.14026,1.14026,1.1401,1.14012
1782789540000,1.14011,1.14011,1.13997,1.14003
1782789600000,1.14005,1.14007,1.13997,1.14
1782789660000,1.14,1.14,1.13998,1.13998
1782789720000,1.13998,1.14,1.13997,1.13999
1782789780000,1.13998,1.14001,1.13997,1.13998
1782789840000,1.13994,1.14001,1.13992,1.13997
1782789900000,1.13996,1.13996,1.13989,1.13992
1782789960000,1.13992,1.13996,1.13983,1.13993
1782790020000,1.13992,1.1401,1.13992,1.14003
1782790080000,1.14004,1.14004,1.13988,1.13988
1782790140000,1.13989,1.13993,1.13988,1.1399
1782790200000,1.1399,1.13995,1.13985,1.13985
1782790260000,1.13987,1.13999,1.13987,1.13989
1782790320000,1.1399,1.13995,1.13986,1.13986
1782790380000,1.13985,1.13986,1.13982,1.13985
1782790440000,1.13983,1.13986,1.13983,1.13985
1782790500000,1.13986,1.13991,1.13985,1.1399
1782790560000,1.13989,1.13992,1.13987,1.1399
1782790620000,1.1399,1.1399,1.13987,1.13987
1782790680000,1.13988,1.13988,1.13973,1.13974
1782790740000,1.13974,1.13979,1.13974,1.13975
1782790800000,1.13974,1.13975,1.13968,1.13972
1782790860000,1.13972,1.13982,1.13972,1.1398
1782790920000,1.13978,1.1398,1.13974,1.13974
1782790980000,1.13976,1.13976,1.13972,1.13974
1782791040000,1.13975,1.13975,1.13971,1.13972
1782791100000,1.13971,1.13976,1.1397,1.13973
1782791160000,1.13974,1.13975,1.13973,1.13973
1782791220000,1.13974,1.13975,1.13973,1.13975
1782791280000,1.13973,1.13976,1.13973,1.13976
1782791340000,1.13974,1.13977,1.13973,1.13976
1782791400000,1.13978,1.13984,1.13977,1.1398
1782791460000,1.13982,1.13986,1.13982,1.13986
1782791520000,1.13987,1.1399,1.13987,1.13988
1782791580000,1.13988,1.13988,1.13982,1.13985
1782791640000,1.13984,1.13994,1.13984,1.13985
1782791700000,1.13984,1.13984,1.13978,1.13979
1782791760000,1.13981,1.13987,1.13981,1.13987
1782791820000,1.13985,1.13989,1.13984,1.13987
1782791880000,1.13986,1.13988,1.13982,1.13985
1782791940000,1.13984,1.13985,1.13979,1.13985
1782792000000,1.13983,1.13983,1.13973,1.13975
1782792060000,1.13979,1.13983,1.13979,1.13981
1782792120000,1.13983,1.13983,1.13977,1.13978
1782792180000,1.13978,1.13987,1.13978,1.13982
1782792240000,1.13982,1.13983,1.13982,1.13983
1782792300000,1.13982,1.13985,1.13982,1.13985
1782792360000,1.13986,1.13988,1.13983,1.13984
1782792420000,1.13985,1.13986,1.13979,1.1398
1782792480000,1.13979,1.13981,1.13978,1.1398
1782792540000,1.1398,1.13981,1.13979,1.13979
1782792600000,1.13978,1.13978,1.13973,1.13978
1782792660000,1.13977,1.13979,1.13974,1.13974
1782792720000,1.13976,1.13976,1.13973,1.13973
1782792780000,1.13974,1.13975,1.13968,1.13969
1782792840000,1.13969,1.13978,1.13969,1.13978
1782792900000,1.13978,1.13982,1.13976,1.13976
1782792960000,1.13976,1.13976,1.13972,1.13972
1782793020000,1.13974,1.13977,1.13972,1.13977
1782793080000,1.13977,1.1398,1.13976,1.13978
1782793140000,1.13978,1.13978,1.13977,1.13978
1782793200000,1.13977,1.13979,1.13977,1.13977
1782793260000,1.13977,1.13978,1.13977,1.13978
1782793320000,1.13979,1.13979,1.13966,1.13966
1782793380000,1.13967,1.13968,1.13955,1.13958
1782793440000,1.13958,1.13961,1.13957,1.13961
1782793500000,1.1396,1.13962,1.13952,1.13953
1782793560000,1.13953,1.13962,1.13953,1.13959
1782793620000,1.13962,1.13963,1.13961,1.13962
1782793680000,1.13964,1.13964,1.13959,1.13959
1782793740000,1.13962,1.13963,1.13961,1.13963
1782793800000,1.13962,1.13963,1.1396,1.13961
1782793860000,1.13963,1.13966,1.13963,1.13966
1782793920000,1.13969,1.13975,1.13969,1.13974
1782793980000,1.13974,1.13974,1.13971,1.13973
1782794040000,1.13973,1.13976,1.13973,1.13976
1782794100000,1.13978,1.13984,1.13973,1.13974
1782794160000,1.13974,1.13977,1.13974,1.13974
1782794220000,1.13975,1.13977,1.13974,1.13977
1782794280000,1.13978,1.13987,1.13977,1.13987
1782794340000,1.13985,1.13987,1.13982,1.13984
1782794400000,1.13982,1.1399,1.13982,1.13987
1782794460000,1.13987,1.1399,1.13986,1.13987
1782794520000,1.13985,1.13985,1.1398,1.13981
1782794580000,1.13983,1.13985,1.1398,1.1398
1782794640000,1.13979,1.13982,1.13976,1.13982
1782794700000,1.13982,1.13982,1.13973,1.13973
1782794760000,1.13972,1.13975,1.13962,1.13965
1782794820000,1.13964,1.13969,1.13962,1.13967
1782794880000,1.13966,1.13969,1.13962,1.13963
1782794940000,1.13963,1.13965,1.13963,1.13963
1782795000000,1.13964,1.13964,1.13953,1.13958
1782795060000,1.13958,1.13976,1.13958,1.13973
1782795120000,1.13974,1.13974,1.13968,1.13972
1782795180000,1.13972,1.13975,1.13971,1.13973
1782795240000,1.13974,1.13977,1.13969,1.13969
1782795300000,1.13967,1.1397,1.13939,1.13945
1782795360000,1.13946,1.13963,1.13936,1.1395
1782795420000,1.13947,1.13951,1.13914,1.13919
1782795480000,1.1392,1.1392,1.13892,1.13895
1782795540000,1.13895,1.13903,1.13888,1.1389
1782795600000,1.13891,1.13899,1.13878,1.1389
1782795660000,1.1389,1.13911,1.13872,1.13872
1782795720000,1.13873,1.1388,1.13861,1.13878
1782795780000,1.13877,1.13897,1.13867,1.13874
1782795840000,1.13873,1.13891,1.1387,1.13883
1782795900000,1.13883,1.13888,1.13876,1.13888
1782795960000,1.13889,1.13898,1.13888,1.13898
1782796020000,1.13898,1.13908,1.13897,1.13904
1782796080000,1.13906,1.13913,1.13903,1.13908
1782796140000,1.13908,1.13909,1.13894,1.13898
1782796200000,1.139,1.139,1.13892,1.13893
1782796260000,1.13894,1.13894,1.13882,1.13883
1782796320000,1.13886,1.139,1.13886,1.13899
1782796380000,1.139,1.13901,1.13897,1.139
1782796440000,1.139,1.13906,1.13896,1.139
1782796500000,1.13902,1.13902,1.13897,1.13897
1782796560000,1.13898,1.13901,1.13897,1.13898
1782796620000,1.139,1.13901,1.13899,1.13901
1782796680000,1.13901,1.13919,1.139,1.13917
1782796740000,1.13917,1.13917,1.13906,1.13908
1782796800000,1.13909,1.13909,1.13903,1.13907
1782796860000,1.13905,1.13909,1.13905,1.13909
1782796920000,1.13909,1.13921,1.13909,1.1392
1782796980000,1.13919,1.13925,1.13917,1.13918
1782797040000,1.1392,1.13922,1.13918,1.13922
1782797100000,1.13925,1.13925,1.13911,1.13911
1782797160000,1.13913,1.13915,1.13907,1.13907
1782797220000,1.13906,1.13912,1.13901,1.13912
1782797280000,1.13911,1.13916,1.13908,1.1391
1782797340000,1.13909,1.13911,1.13906,1.13908
1782797400000,1.13908,1.13914,1.13908,1.13914
1782797460000,1.13916,1.13922,1.13913,1.13922
1782797520000,1.13921,1.13921,1.13914,1.13915
1782797580000,1.13916,1.13917,1.13912,1.13915
1782797640000,1.13914,1.13917,1.13914,1.13916
1782797700000,1.13916,1.13916,1.13914,1.13914
1782797760000,1.13913,1.13913,1.13908,1.1391
1782797820000,1.1391,1.13912,1.13907,1.1391
1782797880000,1.13912,1.13918,1.13912,1.13918
1782797940000,1.13918,1.13919,1.13916,1.13918
1782798000000,1.13918,1.13919,1.13918,1.13919
1782798060000,1.13917,1.13925,1.13915,1.13917
1782798120000,1.13917,1.13918,1.13913,1.13913
1782798180000,1.13913,1.13919,1.13913,1.13917
1782798240000,1.13917,1.13919,1.13913,1.13915
1782798300000,1.13912,1.13916,1.13909,1.13913
1782798360000,1.13911,1.13911,1.139,1.13905
1782798420000,1.13904,1.13905,1.13904,1.13905
1782798480000,1.13905,1.1391,1.13905,1.13908
1782798540000,1.1391,1.1391,1.139,1.1391
1782798600000,1.13909,1.13911,1.13909,1.1391
1782798660000,1.13911,1.13913,1.13905,1.13913
1782798720000,1.13913,1.13927,1.13913,1.13918
1782798780000,1.13919,1.13924,1.13912,1.13915
1782798840000,1.13913,1.13914,1.13903,1.13904
1782798900000,1.13903,1.13903,1.13858,1.13862
1782798960000,1.13867,1.1387,1.13833,1.13836
1782799020000,1.13835,1.13853,1.13833,1.13848
1782799080000,1.13848,1.1385,1.13825,1.1383
1782799140000,1.1383,1.13849,1.13829,1.13847
1782799200000,1.13847,1.13858,1.13835,1.13836
1782799260000,1.13836,1.13854,1.13835,1.13851
1782799320000,1.13849,1.13863,1.13848,1.13863
1782799380000,1.13862,1.13868,1.13856,1.13856
1782799440000,1.13859,1.1387,1.13857,1.13867
1782799500000,1.13865,1.1387,1.1386,1.13867
1782799560000,1.13867,1.13875,1.13862,1.13865
1782799620000,1.13865,1.13869,1.1385,1.1386
1782799680000,1.13861,1.13867,1.13858,1.13867
1782799740000,1.13865,1.13882,1.13865,1.13879
1782799800000,1.13879,1.13879,1.13872,1.13877
1782799860000,1.13876,1.13883,1.13864,1.13865
1782799920000,1.13865,1.13891,1.13864,1.13885
1782799980000,1.13886,1.13895,1.13886,1.13889
1782800040000,1.13891,1.13891,1.13885,1.13886
1782800100000,1.13885,1.13899,1.1388,1.13884
1782800160000,1.13884,1.13892,1.13883,1.13892
1782800220000,1.13894,1.13902,1.13894,1.13897
1782800280000,1.13897,1.139,1.13892,1.139
1782800340000,1.13899,1.13902,1.13895,1.13902
1782800400000,1.13902,1.13905,1.13898,1.13899
1782800460000,1.13899,1.13932,1.13899,1.13932
1782800520000,1.13932,1.13952,1.13931,1.13935
1782800580000,1.13935,1.13946,1.13924,1.13941
1782800640000,1.13944,1.13954,1.13943,1.13945
1782800700000,1.13946,1.13955,1.13945,1.13952
1782800760000,1.13952,1.13962,1.13943,1.13956
1782800820000,1.13958,1.13964,1.13951,1.13962
1782800880000,1.13963,1.13982,1.13963,1.13982
1782800940000,1.13982,1.13983,1.13969,1.13972
1782801000000,1.13971,1.13981,1.13969,1.13977
1782801060000,1.13976,1.13987,1.13966,1.1397
1782801120000,1.1397,1.13989,1.13967,1.13983
1782801180000,1.13984,1.13984,1.13965,1.13967
1782801240000,1.13967,1.13995,1.13966,1.13992
1782801300000,1.13991,1.13994,1.1398,1.13989
1782801360000,1.13989,1.1399,1.13974,1.13978
1782801420000,1.13976,1.1398,1.1397,1.13976
1782801480000,1.13976,1.13982,1.1397,1.13971
1782801540000,1.13973,1.1398,1.1397,1.13978
1782801600000,1.13977,1.14002,1.13976,1.13994
1782801660000,1.13994,1.13998,1.13989,1.13997
1782801720000,1.13998,1.13998,1.13988,1.13994
1782801780000,1.13993,1.13993,1.13985,1.13989
1782801840000,1.13988,1.13999,1.13984,1.13987
1782801900000,1.13986,1.13986,1.13951,1.13957
1782801960000,1.13955,1.13993,1.13955,1.13992
1782802020000,1.13991,1.14008,1.13986,1.14002
1782802080000,1.14003,1.14003,1.1399,1.13997
1782802140000,1.13996,1.13996,1.13975,1.13985
1782802200000,1.13985,1.13991,1.13978,1.13987
1782802260000,1.13985,1.1399,1.13985,1.13989
1782802320000,1.1399,1.1399,1.13969,1.13972
1782802380000,1.13974,1.13984,1.13967,1.13983
1782802440000,1.13985,1.14012,1.13985,1.1401
1782802500000,1.14013,1.14023,1.14008,1.14018
1782802560000,1.14018,1.14028,1.14013,1.14017
1782802620000,1.14019,1.1403,1.14018,1.14025
1782802680000,1.14028,1.1403,1.14022,1.1403
1782802740000,1.14029,1.14037,1.14027,1.14028
1782802800000,1.14029,1.14036,1.1402,1.1402
1782802860000,1.1402,1.14043,1.14013,1.14036
1782802920000,1.14036,1.14046,1.14024,1.14036
1782802980000,1.14036,1.14052,1.14035,1.14045
1782803040000,1.14046,1.1405,1.1403,1.14049
1782803100000,1.14049,1.14051,1.14035,1.14045
1782803160000,1.14046,1.14062,1.14045,1.14048
1782803220000,1.14047,1.14056,1.14042,1.14056
1782803280000,1.14057,1.14066,1.14048,1.14049
1782803340000,1.14049,1.14049,1.14041,1.14042
1782803400000,1.14043,1.14054,1.14038,1.14047
1782803460000,1.14046,1.14061,1.14043,1.14055
1782803520000,1.14058,1.1406,1.14043,1.14047
1782803580000,1.14043,1.14061,1.14038,1.14056
1782803640000,1.14056,1.14056,1.1404,1.14047
1782803700000,1.14047,1.14047,1.14038,1.14046
1782803760000,1.14048,1.14053,1.14043,1.14044
1782803820000,1.14042,1.14046,1.1404,1.14044
1782803880000,1.14042,1.14051,1.14036,1.14046
1782803940000,1.14046,1.14052,1.14045,1.14045
1782804000000,1.14047,1.14047,1.14042,1.14044
1782804060000,1.14045,1.14048,1.1404,1.1404
1782804120000,1.14042,1.14052,1.14042,1.14051
1782804180000,1.1405,1.14057,1.14041,1.14051
1782804240000,1.14051,1.14065,1.14051,1.14062
1782804300000,1.14064,1.14084,1.14061,1.14084
1782804360000,1.14084,1.14094,1.14079,1.1408
1782804420000,1.14082,1.14082,1.14069,1.14072
1782804480000,1.14073,1.14078,1.14067,1.14075
1782804540000,1.14075,1.14076,1.14062,1.14064
1782804600000,1.14064,1.14068,1.14055,1.14055
1782804660000,1.14054,1.14061,1.14052,1.14053
1782804720000,1.1405,1.1406,1.1405,1.14055
1782804780000,1.14055,1.14076,1.14054,1.14069
1782804840000,1.14069,1.14073,1.14066,1.14071
1782804900000,1.14071,1.14072,1.14065,1.14068
1782804960000,1.1407,1.14072,1.14061,1.14067
1782805020000,1.14068,1.14069,1.14047,1.14054
1782805080000,1.14055,1.14064,1.14052,1.14052
1782805140000,1.14053,1.14065,1.14053,1.14057
1782805200000,1.14056,1.14056,1.14042,1.14044
1782805260000,1.14045,1.14053,1.14036,1.14042
1782805320000,1.1404,1.14067,1.1404,1.14066
1782805380000,1.14067,1.14067,1.14061,1.14061
1782805440000,1.14059,1.14064,1.14053,1.14058
1782805500000,1.14059,1.14063,1.14034,1.14034
1782805560000,1.14036,1.14052,1.14036,1.14052
1782805620000,1.14052,1.14053,1.14031,1.14033
1782805680000,1.14032,1.14038,1.14019,1.14025
1782805740000,1.14027,1.14027,1.14018,1.1402
1782805800000,1.14021,1.14021,1.13996,1.14
1782805860000,1.14001,1.14009,1.13997,1.13999
1782805920000,1.13999,1.13999,1.13982,1.13997
1782805980000,1.13998,1.13998,1.13983,1.13983
1782806040000,1.13982,1.13997,1.13982,1.13992
1782806100000,1.13992,1.13994,1.1397,1.13978
1782806160000,1.13977,1.13985,1.13975,1.13979
1782806220000,1.13977,1.13988,1.13975,1.13987
1782806280000,1.13988,1.13994,1.13985,1.13994
1782806340000,1.13994,1.13994,1.13983,1.13985
1782806400000,1.13985,1.13993,1.13948,1.13951
1782806460000,1.1395,1.13952,1.13919,1.13938
1782806520000,1.13937,1.13947,1.1391,1.13925
1782806580000,1.13924,1.13957,1.13924,1.13952
1782806640000,1.1395,1.13961,1.13942,1.13946
1782806700000,1.13945,1.13987,1.1394,1.13979
1782806760000,1.13979,1.13979,1.13971,1.13976
1782806820000,1.13976,1.13976,1.13943,1.13943
1782806880000,1.13944,1.13953,1.13925,1.1393
1782806940000,1.13929,1.13929,1.1388,1.13901
1782807000000,1.13904,1.13922,1.13903,1.13916
1782807060000,1.13917,1.13924,1.13903,1.13904
1782807120000,1.13906,1.13928,1.13906,1.13927
1782807180000,1.13928,1.13942,1.1392,1.13928
1782807240000,1.13926,1.13926,1.13895,1.13898
1782807300000,1.13898,1.13906,1.1388,1.13902
1782807360000,1.13903,1.13921,1.13902,1.13917
1782807420000,1.13916,1.13917,1.13888,1.13893
1782807480000,1.13895,1.13903,1.13886,1.13896
1782807540000,1.13896,1.13913,1.13896,1.13913
1782807600000,1.13911,1.13913,1.13901,1.13905
1782807660000,1.13906,1.13911,1.13903,1.13911
1782807720000,1.13908,1.13925,1.13908,1.13917
1782807780000,1.13918,1.13921,1.13912,1.1392
1782807840000,1.1392,1.13921,1.13915,1.13916
1782807900000,1.13915,1.13925,1.13907,1.13925
1782807960000,1.13925,1.13934,1.13925,1.13927
1782808020000,1.13925,1.13929,1.13915,1.13925
1782808080000,1.13925,1.13927,1.13916,1.13922
1782808140000,1.13923,1.13929,1.13919,1.13924
1782808200000,1.13925,1.1393,1.13924,1.1393
1782808260000,1.13928,1.1393,1.13917,1.13917
1782808320000,1.13917,1.1392,1.13904,1.13905
1782808380000,1.13904,1.13907,1.13902,1.13904
1782808440000,1.13905,1.13906,1.13893,1.13903
1782808500000,1.13903,1.13903,1.13891,1.13893
1782808560000,1.13895,1.13909,1.13883,1.13883
1782808620000,1.13883,1.13883,1.13862,1.13862
1782808680000,1.1386,1.13867,1.13851,1.13857
1782808740000,1.13856,1.13867,1.1384,1.1386
1782808800000,1.13861,1.13862,1.13857,1.13861
1782808860000,1.13863,1.13879,1.13863,1.13877
1782808920000,1.13875,1.13875,1.13855,1.13866
1782808980000,1.13868,1.13871,1.13859,1.13865
1782809040000,1.13866,1.1387,1.1386,1.1387
1782809100000,1.1387,1.13872,1.13847,1.13848
1782809160000,1.13847,1.1386,1.13836,1.1386
1782809220000,1.1386,1.13862,1.13846,1.13848
1782809280000,1.13846,1.13853,1.13834,1.13851
1782809340000,1.13854,1.13872,1.13854,1.13872
1782809400000,1.13873,1.1388,1.13867,1.1388
1782809460000,1.1388,1.1388,1.13857,1.13857
1782809520000,1.13856,1.13888,1.13855,1.1388
1782809580000,1.13881,1.13883,1.1387,1.13878
1782809640000,1.13878,1.13902,1.13878,1.13902
1782809700000,1.13902,1.13921,1.139,1.13919
1782809760000,1.13918,1.13926,1.13911,1.13922
1782809820000,1.13923,1.13927,1.13909,1.13909
1782809880000,1.13911,1.13925,1.13911,1.13921
1782809940000,1.13922,1.13936,1.13921,1.13936
1782810000000,1.13935,1.13936,1.13913,1.13921
1782810060000,1.1392,1.13933,1.13908,1.13911
1782810120000,1.13913,1.13917,1.13899,1.13915
1782810180000,1.13914,1.1394,1.1391,1.13938
1782810240000,1.1394,1.13941,1.13927,1.13935
1782810300000,1.13934,1.13936,1.13917,1.13917
1782810360000,1.13916,1.13935,1.13916,1.13934
1782810420000,1.13935,1.13961,1.13924,1.1396
1782810480000,1.13959,1.13963,1.13953,1.1396
1782810540000,1.13961,1.13967,1.13945,1.13946
1782810600000,1.13946,1.13952,1.1394,1.1394
1782810660000,1.13941,1.1395,1.13939,1.13946
1782810720000,1.13946,1.1395,1.13939,1.1395
1782810780000,1.13949,1.13952,1.13937,1.13938
1782810840000,1.13939,1.13941,1.13935,1.13935
1782810900000,1.13934,1.13934,1.13917,1.13927
1782810960000,1.13928,1.1393,1.13916,1.13918
1782811020000,1.13919,1.13929,1.13916,1.13929
1782811080000,1.13928,1.1393,1.13917,1.13925
1782811140000,1.13926,1.13926,1.13918,1.13919
1782811200000,1.13921,1.13932,1.13921,1.13926
1782811260000,1.13927,1.13945,1.13927,1.13945
1782811320000,1.13946,1.13947,1.13925,1.13927
1782811380000,1.13928,1.13931,1.13923,1.1393
1782811440000,1.13932,1.13932,1.13918,1.1392
1782811500000,1.13918,1.13926,1.13918,1.13924
1782811560000,1.13926,1.13948,1.13926,1.13941
1782811620000,1.13941,1.13941,1.13932,1.13933
1782811680000,1.13931,1.13931,1.13922,1.13924
1782811740000,1.13924,1.13928,1.1392,1.13921
1782811800000,1.13924,1.13925,1.13904,1.1391
1782811860000,1.13912,1.13919,1.13911,1.13916
1782811920000,1.13915,1.13917,1.1391,1.13912
1782811980000,1.13912,1.13914,1.139,1.13902
1782812040000,1.13901,1.13903,1.13892,1.13892
1782812100000,1.13892,1.13898,1.1389,1.13896
1782812160000,1.13896,1.13907,1.13896,1.139
1782812220000,1.13901,1.13905,1.139,1.13905
1782812280000,1.13906,1.1393,1.13906,1.13916
1782812340000,1.13915,1.13923,1.13915,1.13922
1782812400000,1.1392,1.13922,1.13914,1.13921
1782812460000,1.13924,1.13944,1.13924,1.13944
1782812520000,1.13943,1.13943,1.13935,1.1394
1782812580000,1.1394,1.13946,1.13937,1.13937
1782812640000,1.13937,1.13942,1.13935,1.13942
1782812700000,1.13941,1.13947,1.1394,1.13943
1782812760000,1.13944,1.13947,1.1394,1.13941
1782812820000,1.1394,1.13942,1.13934,1.13942
1782812880000,1.13942,1.13946,1.13938,1.13944
1782812940000,1.13943,1.13943,1.13939,1.1394
1782813000000,1.13941,1.1395,1.13933,1.13939
1782813060000,1.13939,1.1395,1.13937,1.13946
1782813120000,1.13948,1.1395,1.13935,1.13949
1782813180000,1.13948,1.1396,1.13948,1.13953
1782813240000,1.13952,1.13973,1.13951,1.13967
1782813300000,1.13968,1.13968,1.13952,1.1396
1782813360000,1.13961,1.13984,1.13957,1.13983
1782813420000,1.13983,1.13984,1.13967,1.1397
1782813480000,1.13972,1.13978,1.13966,1.13978
1782813540000,1.13979,1.13983,1.1397,1.1397
1782813600000,1.13969,1.13977,1.13966,1.13971
1782813660000,1.13973,1.13979,1.13969,1.13971
1782813720000,1.13971,1.13975,1.13966,1.13971
1782813780000,1.13972,1.13974,1.13958,1.1396
1782813840000,1.13959,1.13968,1.13959,1.13966
1782813900000,1.13965,1.13968,1.13964,1.13966
1782813960000,1.13967,1.13968,1.13954,1.13954
1782814020000,1.13952,1.13954,1.13949,1.13951
1782814080000,1.1395,1.13952,1.13945,1.13952
1782814140000,1.13953,1.1396,1.13951,1.13958
1782814200000,1.13956,1.13957,1.1394,1.13941
1782814260000,1.13942,1.13949,1.1394,1.13947
1782814320000,1.1395,1.1395,1.13931,1.13932
1782814380000,1.13935,1.13944,1.13935,1.13944
1782814440000,1.13942,1.13948,1.13937,1.13948
1782814500000,1.13947,1.13948,1.13943,1.13948
1782814560000,1.13947,1.13954,1.13947,1.13953
1782814620000,1.13951,1.13955,1.13942,1.13947
1782814680000,1.13948,1.13961,1.13946,1.13959
1782814740000,1.13957,1.13957,1.13935,1.13935
1782814800000,1.13932,1.13938,1.13926,1.13934
1782814860000,1.13933,1.1394,1.13933,1.13937
1782814920000,1.13938,1.13956,1.13938,1.13952
1782814980000,1.1395,1.1395,1.13936,1.13938
1782815040000,1.13938,1.1394,1.1393,1.13934
1782815100000,1.13934,1.13952,1.13934,1.13952
1782815160000,1.1395,1.13953,1.13945,1.13946
1782815220000,1.13947,1.13954,1.13947,1.13954
1782815280000,1.13956,1.13966,1.13955,1.13962
1782815340000,1.13961,1.13963,1.13952,1.13952
1782815400000,1.13951,1.13951,1.1394,1.13942
1782815460000,1.13942,1.13942,1.1393,1.13934
1782815520000,1.13931,1.13935,1.13925,1.13935
1782815580000,1.13936,1.13944,1.13933,1.13942
1782815640000,1.13941,1.13958,1.13941,1.13949
1782815700000,1.13949,1.13951,1.13946,1.13949
1782815760000,1.13949,1.13977,1.13949,1.13976
1782815820000,1.13977,1.13984,1.13976,1.13978
1782815880000,1.13977,1.13992,1.13977,1.13992
1782815940000,1.13992,1.14003,1.13988,1.1399
1782816000000,1.13991,1.13993,1.13976,1.13983
1782816060000,1.13982,1.13982,1.13969,1.13977
1782816120000,1.13977,1.1398,1.13976,1.13978
1782816180000,1.13979,1.13996,1.13979,1.13996
1782816240000,1.13997,1.14009,1.13991,1.13992
1782816300000,1.13992,1.13992,1.1398,1.13988
1782816360000,1.13986,1.13986,1.13974,1.13974
1782816420000,1.13974,1.13984,1.13974,1.13984
1782816480000,1.13984,1.13987,1.13977,1.13986
1782816540000,1.13986,1.13987,1.1398,1.13987
1782816600000,1.13986,1.13988,1.13984,1.13988
1782816660000,1.13984,1.13988,1.13977,1.13987
1782816720000,1.1399,1.13992,1.13984,1.13987
1782816780000,1.13987,1.13992,1.13983,1.13987
1782816840000,1.13986,1.13999,1.13986,1.13995
1782816900000,1.13995,1.13995,1.1398,1.13987
1782816960000,1.13987,1.13994,1.13986,1.1399
1782817020000,1.13991,1.13996,1.13987,1.13995
1782817080000,1.13994,1.14017,1.13994,1.14017
1782817140000,1.14015,1.14023,1.14014,1.14018
1782817200000,1.14019,1.14027,1.1401,1.14018
1782817260000,1.14018,1.14026,1.14013,1.14014
1782817320000,1.14013,1.14019,1.14012,1.14013
1782817380000,1.14014,1.14018,1.14011,1.14018
1782817440000,1.14018,1.14019,1.14007,1.14017
1782817500000,1.14015,1.14019,1.14012,1.14017
1782817560000,1.14017,1.14017,1.13995,1.13997
1782817620000,1.13996,1.13998,1.1399,1.1399
1782817680000,1.13991,1.13999,1.1399,1.13993
1782817740000,1.13994,1.13994,1.13984,1.13986
1782817800000,1.13986,1.14002,1.13979,1.13995
1782817860000,1.13997,1.14007,1.13993,1.13993
1782817920000,1.13993,1.13993,1.13986,1.13992
1782817980000,1.13992,1.13992,1.1398,1.13982
1782818040000,1.13981,1.13991,1.13981,1.13991
1782818100000,1.13992,1.13992,1.13984,1.13989
1782818160000,1.13988,1.13988,1.13969,1.1397
1782818220000,1.13968,1.13972,1.1396,1.13968
1782818280000,1.13967,1.1397,1.13961,1.13961
1782818340000,1.13962,1.13994,1.13962,1.13984
1782818400000,1.13983,1.13997,1.13981,1.13996
1782818460000,1.13996,1.14012,1.13971,1.13986
1782818520000,1.13986,1.1399,1.13979,1.13979
1782818580000,1.13979,1.13981,1.1397,1.13976
1782818640000,1.13973,1.13977,1.13949,1.13976
1782818700000,1.13976,1.13982,1.13968,1.13968
1782818760000,1.13968,1.1397,1.13961,1.13961
1782818820000,1.13964,1.13973,1.13963,1.13969
1782818880000,1.13968,1.13981,1.13966,1.13977
1782818940000,1.13979,1.1398,1.13961,1.13964
1782819000000,1.13965,1.13969,1.13959,1.13959
1782819060000,1.13958,1.13962,1.13949,1.13949
1782819120000,1.13949,1.13953,1.13922,1.13924
1782819180000,1.13923,1.13929,1.13914,1.13917
1782819240000,1.13916,1.13926,1.13911,1.13926
1782819300000,1.13926,1.13933,1.13916,1.13916
1782819360000,1.13914,1.13915,1.13885,1.13899
1782819420000,1.13899,1.13899,1.13879,1.13882
1782819480000,1.13882,1.13882,1.13872,1.13879
1782819540000,1.13882,1.13882,1.13864,1.13874
1782819600000,1.13875,1.13889,1.13863,1.13889
1782819660000,1.13888,1.13916,1.13888,1.13911
1782819720000,1.13913,1.13939,1.13913,1.13936
1782819780000,1.13938,1.13984,1.13935,1.13958
1782819840000,1.13957,1.13975,1.13956,1.1397
1782819900000,1.13968,1.1397,1.1395,1.13951
1782819960000,1.13955,1.13959,1.13953,1.13957
1782820020000,1.13956,1.13956,1.13948,1.13951
1782820080000,1.13952,1.13952,1.13942,1.13942
1782820140000,1.13942,1.13964,1.13942,1.13964
1782820200000,1.13963,1.13963,1.13948,1.13954
1782820260000,1.13953,1.1396,1.13949,1.13953
1782820320000,1.13953,1.13964,1.13952,1.13958
1782820380000,1.13958,1.13962,1.13955,1.13962
1782820440000,1.13961,1.13961,1.13946,1.1395
1782820500000,1.13948,1.13955,1.13923,1.13925
1782820560000,1.13926,1.13937,1.13926,1.13934
1782820620000,1.13933,1.13937,1.1393,1.13934
1782820680000,1.13933,1.13936,1.13927,1.13927
1782820740000,1.13928,1.13931,1.13926,1.13927
1782820800000,1.13929,1.13939,1.13922,1.13925
1782820860000,1.13924,1.13928,1.1391,1.13911
1782820920000,1.13912,1.13925,1.13909,1.13919
1782820980000,1.13918,1.13918,1.13895,1.13896
1782821040000,1.13896,1.13933,1.13895,1.1393
1782821100000,1.13931,1.13939,1.13926,1.13938
1782821160000,1.13937,1.13944,1.1393,1.13939
1782821220000,1.1394,1.13949,1.13936,1.13947
1782821280000,1.13947,1.13947,1.13929,1.13946
1782821340000,1.13945,1.13959,1.13934,1.13934
1782821400000,1.13935,1.13946,1.13933,1.13939
1782821460000,1.13941,1.13941,1.1392,1.13928
1782821520000,1.13928,1.13939,1.13928,1.13937
1782821580000,1.13935,1.13952,1.13935,1.13952
1782821640000,1.13953,1.13964,1.13952,1.13958
1782821700000,1.13959,1.13962,1.13941,1.13941
1782821760000,1.13941,1.13948,1.13936,1.13948
1782821820000,1.13948,1.13958,1.13937,1.13958
1782821880000,1.13959,1.13959,1.1394,1.13941
1782821940000,1.13942,1.13953,1.13941,1.13951
1782822000000,1.1395,1.13952,1.13934,1.13936
1782822060000,1.13938,1.13938,1.13927,1.13931
1782822120000,1.13931,1.13931,1.13919,1.13922
1782822180000,1.13924,1.13928,1.13898,1.139
1782822240000,1.13897,1.13904,1.13892,1.13894
1782822300000,1.13895,1.13898,1.13885,1.13898
1782822360000,1.13895,1.13906,1.13895,1.13903
1782822420000,1.13905,1.13907,1.13896,1.13896
1782822480000,1.13896,1.13908,1.13894,1.13904
1782822540000,1.13905,1.1392,1.13905,1.1391
1782822600000,1.13912,1.13921,1.13906,1.13907
1782822660000,1.13908,1.13943,1.13893,1.13941
1782822720000,1.13941,1.13963,1.13915,1.13927
1782822780000,1.13928,1.13933,1.13912,1.13916
1782822840000,1.13915,1.13948,1.13912,1.13944
1782822900000,1.13945,1.13957,1.13945,1.13948
1782822960000,1.1395,1.13964,1.13942,1.1395
1782823020000,1.13948,1.13957,1.13941,1.13948
1782823080000,1.13949,1.13962,1.13945,1.13952
1782823140000,1.1395,1.1395,1.13938,1.13943
1782823200000,1.13942,1.1396,1.13936,1.1396
1782823260000,1.13958,1.13962,1.13952,1.13961
1782823320000,1.1396,1.13979,1.13959,1.1397
1782823380000,1.1397,1.13985,1.13965,1.13985
1782823440000,1.13985,1.13988,1.13976,1.13982
1782823500000,1.13981,1.13981,1.13952,1.13952
1782823560000,1.13952,1.13953,1.13941,1.13942
1782823620000,1.13944,1.13946,1.1394,1.13942
1782823680000,1.1394,1.13953,1.13932,1.13952
1782823740000,1.1395,1.13959,1.13948,1.13955
1782823800000,1.13954,1.13976,1.13952,1.13968
1782823860000,1.13968,1.13975,1.13961,1.13972
1782823920000,1.13975,1.13988,1.13975,1.13987
1782823980000,1.13989,1.14009,1.13989,1.14009
1782824040000,1.14008,1.14028,1.14002,1.1402
1782824100000,1.14022,1.14022,1.1401,1.14016
1782824160000,1.14018,1.14018,1.14002,1.14006
1782824220000,1.14005,1.14011,1.13999,1.14004
1782824280000,1.14,1.14,1.13969,1.13969
1782824340000,1.13968,1.13971,1.13958,1.13959
1782824400000,1.13959,1.13966,1.1395,1.13965
1782824460000,1.13967,1.13967,1.13952,1.13955
1782824520000,1.13956,1.13959,1.13946,1.13956
1782824580000,1.13956,1.13967,1.13948,1.13963
1782824640000,1.13962,1.1397,1.13951,1.13951
1782824700000,1.1395,1.13958,1.13944,1.13958
1782824760000,1.13957,1.13977,1.13955,1.13977
1782824820000,1.13978,1.13994,1.13977,1.13994
1782824880000,1.13994,1.13998,1.13987,1.13995
1782824940000,1.13997,1.14011,1.13997,1.14011
1782825000000,1.14012,1.14025,1.14012,1.14018
1782825060000,1.14019,1.14026,1.14012,1.14022
1782825120000,1.14023,1.14024,1.14006,1.14009
1782825180000,1.14008,1.14008,1.13992,1.13995
1782825240000,1.13996,1.14,1.13989,1.13997
1782825300000,1.13998,1.14017,1.13996,1.14016
1782825360000,1.14015,1.14035,1.14015,1.14027
1782825420000,1.14027,1.14043,1.14023,1.14043
1782825480000,1.14044,1.14055,1.14042,1.14049
1782825540000,1.14049,1.14053,1.1404,1.14051
1782825600000,1.1405,1.14069,1.1405,1.14062
1782825660000,1.14062,1.14062,1.14045,1.14045
1782825720000,1.14046,1.14048,1.14041,1.14043
1782825780000,1.14041,1.14041,1.14011,1.14012
1782825840000,1.14012,1.14024,1.14009,1.14015
1782825900000,1.14016,1.14019,1.14,1.14
1782825960000,1.14001,1.14027,1.14001,1.14026
1782826020000,1.14026,1.14028,1.14021,1.14026
1782826080000,1.14028,1.14032,1.1401,1.1401
1782826140000,1.14008,1.1402,1.14005,1.14017
1782826200000,1.14019,1.14036,1.14013,1.14019
1782826260000,1.14021,1.14027,1.13997,1.13999
1782826320000,1.13999,1.14003,1.1399,1.13999
1782826380000,1.13999,1.14,1.13978,1.13981
1782826440000,1.13981,1.13992,1.1398,1.13989
1782826500000,1.13988,1.14008,1.13985,1.14008
1782826560000,1.14006,1.14007,1.13981,1.13984
1782826620000,1.13984,1.13985,1.13972,1.13978
1782826680000,1.1398,1.1398,1.13968,1.13975
1782826740000,1.13977,1.13985,1.13974,1.1398
1782826800000,1.13983,1.13993,1.13978,1.13993
1782826860000,1.13993,1.13999,1.13987,1.13992
1782826920000,1.13988,1.13994,1.13982,1.1399
1782826980000,1.1399,1.13991,1.13983,1.1399
1782827040000,1.13988,1.14012,1.13987,1.14009
1782827100000,1.14008,1.14012,1.13985,1.13987
1782827160000,1.13986,1.1399,1.1397,1.1399
1782827220000,1.1399,1.13995,1.13983,1.13989
1782827280000,1.13988,1.14003,1.13988,1.14002
1782827340000,1.14004,1.14009,1.13994,1.13994
1782827400000,1.13993,1.14011,1.13992,1.14005
1782827460000,1.14005,1.14011,1.13994,1.14001
1782827520000,1.14001,1.14015,1.13999,1.14009
1782827580000,1.14008,1.14013,1.13979,1.13992
1782827640000,1.1399,1.14002,1.13984,1.13987
1782827700000,1.13987,1.13987,1.13973,1.13975
1782827760000,1.13975,1.13988,1.13975,1.1398
1782827820000,1.1398,1.13986,1.13979,1.13981
1782827880000,1.13979,1.13982,1.13972,1.1398
1782827940000,1.1398,1.13987,1.13957,1.13962
1782828000000,1.13963,1.13964,1.1392,1.13936
1782828060000,1.13937,1.13945,1.13924,1.13942
1782828120000,1.13945,1.13945,1.13915,1.13915
1782828180000,1.13914,1.13966,1.13908,1.13953
1782828240000,1.13953,1.13978,1.13952,1.13978
1782828300000,1.13977,1.14002,1.13975,1.13992
1782828360000,1.1399,1.13997,1.13969,1.13991
1782828420000,1.13991,1.13995,1.13977,1.1398
1782828480000,1.13981,1.13989,1.13973,1.13986
1782828540000,1.13985,1.14017,1.13985,1.14016
1782828600000,1.14015,1.14063,1.14015,1.14048
1782828660000,1.14047,1.14048,1.14011,1.14022
1782828720000,1.14022,1.14028,1.14014,1.14022
1782828780000,1.14024,1.14052,1.14021,1.14045
1782828840000,1.14047,1.14066,1.14039,1.14065
1782828900000,1.14065,1.14131,1.14063,1.14104
1782828960000,1.14103,1.14121,1.1409,1.14096
1782829020000,1.14099,1.14102,1.14068,1.14068
1782829080000,1.14068,1.1408,1.14062,1.14071
1782829140000,1.14071,1.14096,1.14061,1.14096
1782829200000,1.14099,1.14119,1.14096,1.14117
1782829260000,1.14117,1.14138,1.14111,1.14137
1782829320000,1.14136,1.14159,1.1412,1.14126
1782829380000,1.14127,1.14154,1.14127,1.14147
1782829440000,1.1415,1.1415,1.14132,1.14144
1782829500000,1.14146,1.14148,1.14126,1.14128
1782829560000,1.14128,1.14147,1.14126,1.14137
1782829620000,1.14139,1.14147,1.14121,1.14145
1782829680000,1.14144,1.14144,1.14128,1.14129
1782829740000,1.1413,1.14138,1.14124,1.14129
1782829800000,1.1413,1.14157,1.14123,1.14143
1782829860000,1.14144,1.14163,1.14139,1.14146
1782829920000,1.14146,1.14153,1.14106,1.14109
1782829980000,1.1411,1.14127,1.1411,1.14122
1782830040000,1.1412,1.14123,1.14101,1.1412
1782830100000,1.14119,1.1413,1.14116,1.14118
1782830160000,1.14116,1.14128,1.14111,1.14121
1782830220000,1.14122,1.14131,1.14104,1.1411
1782830280000,1.14111,1.14111,1.14097,1.14106
1782830340000,1.14106,1.14111,1.14086,1.1411
1782830400000,1.1411,1.14139,1.1411,1.14123
1782830460000,1.14121,1.14142,1.14116,1.14137
1782830520000,1.14138,1.14149,1.14127,1.14136
1782830580000,1.14135,1.14181,1.14135,1.14179
1782830640000,1.14178,1.14196,1.14176,1.14188
1782830700000,1.1419,1.14207,1.14167,1.14173
1782830760000,1.14172,1.14199,1.14163,1.1418
1782830820000,1.14179,1.1419,1.14164,1.14188
1782830880000,1.14187,1.14191,1.14159,1.14166
1782830940000,1.14166,1.14176,1.14164,1.14174
1782831000000,1.14174,1.14242,1.14174,1.14225
1782831060000,1.14226,1.14283,1.14226,1.14266
1782831120000,1.14264,1.14299,1.14243,1.14293
1782831180000,1.14293,1.14298,1.14255,1.14264
1782831240000,1.14264,1.14297,1.14264,1.14287
1782831300000,1.14286,1.14299,1.1426,1.14263
1782831360000,1.14264,1.14292,1.14252,1.14287
1782831420000,1.14287,1.14348,1.14275,1.1434
1782831480000,1.14342,1.14342,1.14316,1.14333
1782831540000,1.14333,1.14343,1.14326,1.1433
1782831600000,1.14328,1.14331,1.14295,1.14306
1782831660000,1.14304,1.14366,1.14304,1.14336
1782831720000,1.14335,1.14351,1.14302,1.14311
1782831780000,1.14311,1.14315,1.14266,1.14269
1782831840000,1.14269,1.1428,1.14263,1.14278
1782831900000,1.14278,1.14293,1.14278,1.14283
1782831960000,1.14284,1.1429,1.14275,1.14289
1782832020000,1.14289,1.143,1.14279,1.14282
1782832080000,1.14282,1.14312,1.14282,1.14285
1782832140000,1.14284,1.14288,1.14268,1.14283
1782832200000,1.14282,1.14282,1.14256,1.14259
1782832260000,1.14258,1.14273,1.14254,1.14269
1782832320000,1.14271,1.14285,1.14255,1.14259
1782832380000,1.14259,1.14282,1.14259,1.14281
1782832440000,1.14282,1.14286,1.1426,1.1426
1782832500000,1.14259,1.14264,1.14248,1.14259
1782832560000,1.14259,1.14264,1.14247,1.1426
1782832620000,1.14263,1.14269,1.14252,1.14254
1782832680000,1.14254,1.14254,1.14232,1.14235
1782832740000,1.14235,1.14245,1.14232,1.14244
1782832800000,1.14244,1.14248,1.14232,1.14237
1782832860000,1.14236,1.14237,1.14223,1.14231
1782832920000,1.14232,1.14238,1.14227,1.14229
1782832980000,1.14228,1.14238,1.14227,1.14233
1782833040000,1.14233,1.14246,1.14233,1.14241
1782833100000,1.14241,1.14244,1.14226,1.1423
1782833160000,1.1423,1.14249,1.14226,1.14248
1782833220000,1.14247,1.14254,1.14239,1.14239
1782833280000,1.14239,1.14239,1.14229,1.1423
1782833340000,1.14229,1.14229,1.14214,1.14214
1782833400000,1.14216,1.14229,1.14215,1.14228
1782833460000,1.14229,1.1425,1.14226,1.14244
1782833520000,1.14244,1.14259,1.14242,1.14257
1782833580000,1.14256,1.14256,1.14247,1.14248
1782833640000,1.14248,1.14248,1.14229,1.14229
1782833700000,1.14229,1.1423,1.14221,1.14228
1782833760000,1.14229,1.14233,1.14217,1.14217
1782833820000,1.14217,1.14218,1.14196,1.14207
1782833880000,1.1421,1.1422,1.14199,1.14215
1782833940000,1.14216,1.14216,1.14187,1.14193
1782834000000,1.14196,1.14199,1.1419,1.14195
1782834060000,1.14195,1.14199,1.14188,1.14189
1782834120000,1.14189,1.14194,1.14184,1.14194
1782834180000,1.14195,1.14205,1.14193,1.14195
1782834240000,1.14194,1.14196,1.1418,1.1418
1782834300000,1.14181,1.14205,1.14181,1.14204
1782834360000,1.14204,1.14205,1.14184,1.14188
1782834420000,1.14189,1.14189,1.14175,1.14177
1782834480000,1.14176,1.14184,1.14171,1.14183
1782834540000,1.14185,1.14191,1.14182,1.14189
1782834600000,1.14188,1.14189,1.14177,1.14181
1782834660000,1.14182,1.14186,1.14177,1.14185
1782834720000,1.14187,1.14188,1.14172,1.14174
1782834780000,1.14175,1.1418,1.14172,1.14176
1782834840000,1.14176,1.14179,1.14171,1.14179
1782834900000,1.14179,1.14194,1.1417,1.14176
1782834960000,1.14174,1.14185,1.14174,1.1418
1782835020000,1.14178,1.14178,1.14162,1.14163
1782835080000,1.14161,1.14166,1.14151,1.14157
1782835140000,1.14157,1.1417,1.14156,1.14168
1782835200000,1.14171,1.14175,1.14162,1.14162
1782835260000,1.14162,1.14178,1.14159,1.14175
1782835320000,1.14175,1.14175,1.14158,1.1417
1782835380000,1.14169,1.14169,1.14137,1.14138
1782835440000,1.14137,1.14139,1.14129,1.14129
1782835500000,1.14129,1.14139,1.14121,1.14132
1782835560000,1.14134,1.14145,1.14129,1.14145
1782835620000,1.14146,1.14153,1.14142,1.14143
1782835680000,1.14143,1.14144,1.14137,1.1414
1782835740000,1.14139,1.14155,1.14139,1.14155
1782835800000,1.14155,1.1416,1.14143,1.14152
1782835860000,1.14151,1.14151,1.14142,1.14144
1782835920000,1.14144,1.14151,1.14138,1.14141
1782835980000,1.1414,1.14146,1.1414,1.14144
1782836040000,1.14143,1.14151,1.14143,1.14149
1782836100000,1.14149,1.14149,1.14127,1.14134
1782836160000,1.14133,1.1414,1.14132,1.14139
1782836220000,1.14138,1.14138,1.14122,1.14122
1782836280000,1.14124,1.14131,1.14123,1.14129
1782836340000,1.14128,1.14135,1.14124,1.14135
1782836400000,1.14138,1.14146,1.14138,1.14143
1782836460000,1.14141,1.14161,1.14139,1.14161
1782836520000,1.1416,1.1416,1.1415,1.14155
1782836580000,1.14154,1.14156,1.14151,1.14153
1782836640000,1.14152,1.1416,1.14145,1.14147
1782836700000,1.14148,1.14148,1.14135,1.14138
1782836760000,1.14137,1.14144,1.14137,1.1414
1782836820000,1.14139,1.14139,1.14128,1.1413
1782836880000,1.1413,1.14143,1.14126,1.1414
1782836940000,1.14142,1.14149,1.14138,1.14147
1782837000000,1.14148,1.14152,1.14143,1.14149
1782837060000,1.14149,1.14153,1.14146,1.14148
1782837120000,1.14149,1.14149,1.14137,1.14139
1782837180000,1.14138,1.14141,1.14133,1.14139
1782837240000,1.14138,1.14141,1.14132,1.14134
1782837300000,1.14134,1.14148,1.14131,1.14145
1782837360000,1.14144,1.14149,1.14132,1.14139
1782837420000,1.14136,1.14145,1.14133,1.14144
1782837480000,1.14143,1.14152,1.14138,1.1415
1782837540000,1.14149,1.14159,1.14149,1.14159
1782837600000,1.14158,1.14166,1.14155,1.14157
1782837660000,1.14157,1.14163,1.14156,1.14159
1782837720000,1.14157,1.14173,1.14156,1.14169
1782837780000,1.14167,1.14169,1.14161,1.14162
1782837840000,1.14162,1.14165,1.14153,1.14163
1782837900000,1.14163,1.14169,1.14161,1.14166
1782837960000,1.14166,1.14177,1.14166,1.14173
1782838020000,1.14174,1.14176,1.1417,1.14174
1782838080000,1.14175,1.14178,1.14172,1.14172
1782838140000,1.14173,1.14176,1.1417,1.1417
1782838200000,1.1417,1.14182,1.1417,1.1417
1782838260000,1.14171,1.14175,1.14158,1.1416
1782838320000,1.14159,1.14161,1.14151,1.14151
1782838380000,1.14151,1.14153,1.14142,1.14142
1782838440000,1.14142,1.14144,1.14126,1.14128
1782838500000,1.14129,1.14139,1.14124,1.14133
1782838560000,1.14133,1.14146,1.14129,1.14144
1782838620000,1.14144,1.14144,1.14137,1.14141
1782838680000,1.14141,1.14148,1.14134,1.14136
1782838740000,1.14135,1.14141,1.14134,1.14141
1782838800000,1.14141,1.14162,1.14141,1.14161
1782838860000,1.14161,1.14168,1.14152,1.14156
1782838920000,1.14155,1.14162,1.14154,1.14154
1782838980000,1.14157,1.14175,1.14157,1.14175
1782839040000,1.14175,1.14192,1.14175,1.14178
1782839100000,1.14178,1.14178,1.14173,1.14174
1782839160000,1.14173,1.14173,1.14155,1.14158
1782839220000,1.14159,1.1416,1.14159,1.1416
1782839280000,1.14159,1.14161,1.14159,1.14161
1782839340000,1.14162,1.14163,1.14148,1.14154
1782839400000,1.14154,1.14162,1.14147,1.1416
1782839460000,1.14159,1.14161,1.1415,1.14155
1782839520000,1.14156,1.14159,1.14154,1.14157
1782839580000,1.14156,1.14162,1.14153,1.14159
1782839640000,1.14159,1.14159,1.14143,1.14145
1782839700000,1.14145,1.14155,1.14143,1.14147
1782839760000,1.14147,1.14159,1.14146,1.14157
1782839820000,1.14159,1.14166,1.14158,1.14161
1782839880000,1.14162,1.14171,1.14157,1.14168
1782839940000,1.14167,1.14176,1.14167,1.14175
1782840000000,1.14173,1.14173,1.14158,1.1416
1782840060000,1.14159,1.14164,1.14155,1.14161
1782840120000,1.14161,1.14164,1.14158,1.14158
1782840180000,1.1416,1.14167,1.14158,1.14165
1782840240000,1.14165,1.14171,1.14163,1.1417
1782840300000,1.14169,1.14169,1.14166,1.14169
1782840360000,1.14171,1.14189,1.14171,1.14189
1782840420000,1.14189,1.14189,1.14173,1.14176
1782840480000,1.14176,1.14185,1.14173,1.14185
1782840540000,1.14183,1.14186,1.1418,1.14185
1782840600000,1.14187,1.14191,1.14182,1.14191
1782840660000,1.14192,1.14193,1.14183,1.14183
1782840720000,1.14185,1.14188,1.14177,1.14179
1782840780000,1.14181,1.14193,1.14181,1.14193
1782840840000,1.1419,1.1419,1.14181,1.14184
1782840900000,1.14185,1.14186,1.14183,1.14183
1782840960000,1.14182,1.14183,1.14178,1.14179
1782841020000,1.14177,1.14177,1.14168,1.14168
1782841080000,1.14168,1.1417,1.14168,1.1417
1782841140000,1.14168,1.14176,1.14168,1.14169
1782841200000,1.1417,1.14174,1.14169,1.14171
1782841260000,1.1417,1.14174,1.14169,1.14173
1782841320000,1.14173,1.14181,1.1417,1.1418
1782841380000,1.1418,1.14184,1.14177,1.14182
1782841440000,1.14182,1.14188,1.14181,1.14188
1782841500000,1.14186,1.14188,1.14185,1.14185
1782841560000,1.14186,1.142,1.14186,1.142
1782841620000,1.142,1.14213,1.142,1.14204
1782841680000,1.14203,1.14206,1.14198,1.14204
1782841740000,1.14205,1.1422,1.14205,1.14218
1782841800000,1.14219,1.14221,1.14217,1.14219
1782841860000,1.14221,1.14222,1.14217,1.14218
1782841920000,1.1422,1.1422,1.14212,1.14218
1782841980000,1.14217,1.14217,1.1421,1.1421
1782842040000,1.14206,1.1421,1.14206,1.14209
1782842100000,1.1421,1.1421,1.14202,1.14204
1782842160000,1.14203,1.14209,1.14203,1.14209
1782842220000,1.14211,1.14215,1.14207,1.14208
1782842280000,1.14209,1.14214,1.14208,1.14213
1782842340000,1.14213,1.14216,1.14208,1.14214
1782842400000,1.14215,1.14224,1.14214,1.14218
1782842460000,1.14219,1.14228,1.14215,1.14224
1782842520000,1.14225,1.14228,1.14217,1.14223
1782842580000,1.14223,1.14228,1.1422,1.14224
1782842640000,1.14225,1.14242,1.14225,1.14242
1782842700000,1.14243,1.14267,1.14241,1.1426
1782842760000,1.14261,1.14267,1.14254,1.14267
1782842820000,1.14267,1.14268,1.14261,1.14264
1782842880000,1.14265,1.14265,1.1425,1.14253
1782842940000,1.14255,1.14264,1.14255,1.14263
1782843000000,1.14262,1.14265,1.14256,1.14264
1782843060000,1.14262,1.14265,1.14253,1.14256
1782843120000,1.14255,1.1426,1.14253,1.1426
1782843180000,1.14261,1.14267,1.14259,1.14264
1782843240000,1.14266,1.14269,1.14263,1.14263
1782843300000,1.14257,1.14257,1.14238,1.14243
1782843360000,1.14245,1.14245,1.14236,1.14236
1782843420000,1.14238,1.14241,1.14237,1.1424
1782843480000,1.14243,1.14253,1.14243,1.14252
1782843540000,1.14252,1.14253,1.14251,1.14253
1782843600000,1.14255,1.14261,1.14255,1.14259
1782843660000,1.14259,1.14265,1.14259,1.14264
1782843720000,1.14265,1.1427,1.14257,1.14257
1782843780000,1.14259,1.14261,1.14249,1.1425
1782843840000,1.14249,1.14255,1.14249,1.14255
1782843900000,1.14255,1.1426,1.14255,1.14259
1782843960000,1.14258,1.14259,1.14257,1.14258
1782844020000,1.14258,1.14261,1.14257,1.14257
1782844080000,1.14256,1.14258,1.1425,1.14255
1782844140000,1.14255,1.14265,1.14255,1.14259
1782844200000,1.14259,1.1426,1.1425,1.14251
1782844260000,1.14251,1.14266,1.1425,1.14266
1782844320000,1.14267,1.14267,1.14255,1.14255
1782844380000,1.14255,1.14259,1.14244,1.14254
1782844440000,1.14255,1.14255,1.14249,1.14249
1782844500000,1.14249,1.14254,1.14246,1.14254
1782844560000,1.14254,1.14255,1.1425,1.1425
1782844620000,1.14249,1.14249,1.14234,1.14237
1782844680000,1.14237,1.1424,1.14235,1.14235
1782844740000,1.14234,1.14236,1.14228,1.14234
1782844800000,1.14233,1.14234,1.14228,1.14228
1782844860000,1.14228,1.14228,1.1421,1.14211
1782844920000,1.14211,1.14215,1.1421,1.14214
1782844980000,1.14213,1.14216,1.14203,1.1421
1782845040000,1.14209,1.1421,1.14203,1.14207
1782845100000,1.14209,1.14223,1.14207,1.14221
1782845160000,1.14219,1.14224,1.14219,1.14223
1782845220000,1.14221,1.14229,1.1422,1.14227
1782845280000,1.14227,1.14238,1.14226,1.14236
1782845340000,1.14236,1.14248,1.14232,1.14245
1782845400000,1.14247,1.14251,1.14244,1.14247
1782845460000,1.14246,1.14261,1.14246,1.14261
1782845520000,1.14262,1.14264,1.14246,1.14249
1782845580000,1.1425,1.14252,1.14248,1.14249
1782845640000,1.14249,1.1425,1.14241,1.14242
1782845700000,1.14241,1.14241,1.14205,1.14205
1782845760000,1.14206,1.14209,1.14194,1.14204
1782845820000,1.14204,1.14214,1.14202,1.14213
1782845880000,1.14213,1.1422,1.14209,1.14219
1782845940000,1.14219,1.14219,1.14199,1.14203
1782846000000,1.14204,1.14221,1.14195,1.1421
1782846060000,1.1421,1.14214,1.14206,1.1421
1782846120000,1.1421,1.14223,1.14209,1.1422
1782846180000,1.14218,1.14221,1.14211,1.14211
1782846240000,1.14211,1.14218,1.14211,1.14216
1782846300000,1.14217,1.1422,1.14213,1.14214
1782846360000,1.14213,1.14213,1.14204,1.14207
1782846420000,1.14206,1.14213,1.14201,1.14203
1782846480000,1.14204,1.14206,1.14199,1.142
1782846540000,1.14199,1.14202,1.14196,1.14201
1782846600000,1.142,1.14208,1.142,1.14207
1782846660000,1.14208,1.14215,1.14207,1.14214
1782846720000,1.14214,1.1422,1.14214,1.1422
1782846780000,1.14218,1.14219,1.1421,1.14213
1782846840000,1.14213,1.14214,1.14208,1.14208
1782846900000,1.14207,1.14221,1.14207,1.1422
1782846960000,1.14219,1.14219,1.14199,1.142
1782847020000,1.142,1.14206,1.14199,1.14199
1782847080000,1.14201,1.14208,1.142,1.14206
1782847140000,1.14205,1.14205,1.142,1.14201
1782847200000,1.14199,1.14202,1.14187,1.14187
1782847260000,1.14187,1.14189,1.14178,1.14179
1782847320000,1.14179,1.1418,1.14177,1.1418
1782847380000,1.1418,1.14181,1.1417,1.14172
1782847440000,1.14173,1.14178,1.14167,1.14168
1782847500000,1.1417,1.14173,1.14166,1.14167
1782847560000,1.14167,1.14168,1.14158,1.14162
1782847620000,1.14163,1.14175,1.14163,1.14175
1782847680000,1.14176,1.14176,1.14162,1.14162
1782847740000,1.14162,1.14165,1.14158,1.14159
1782847800000,1.1416,1.14179,1.14154,1.14176
1782847860000,1.14175,1.14181,1.14174,1.14177
1782847920000,1.14177,1.14186,1.14174,1.14185
1782847980000,1.14186,1.14188,1.14177,1.14178
1782848040000,1.14177,1.14187,1.14177,1.14186
1782848100000,1.14186,1.14188,1.14184,1.14185
1782848160000,1.14187,1.14188,1.14183,1.14186
1782848220000,1.14186,1.14188,1.14183,1.14186
1782848280000,1.14186,1.14189,1.14184,1.14185
1782848340000,1.14187,1.1419,1.14184,1.14186
1782848400000,1.14187,1.14187,1.14173,1.14174
1782848460000,1.14175,1.14175,1.14165,1.14169
1782848520000,1.1417,1.14183,1.14169,1.14183
1782848580000,1.14182,1.14186,1.1418,1.14185
1782848640000,1.14185,1.1419,1.14178,1.1418
1782848700000,1.14179,1.14186,1.14179,1.1418
1782848760000,1.14181,1.14182,1.14179,1.1418
1782848820000,1.1418,1.14181,1.14179,1.14179
1782848880000,1.1418,1.14187,1.1418,1.14187
1782848940000,1.14185,1.14185,1.14181,1.14185
1782849000000,1.14185,1.14185,1.14169,1.14175
1782849060000,1.14174,1.14185,1.14172,1.14177
1782849120000,1.14176,1.14181,1.14175,1.14178
1782849180000,1.1418,1.1418,1.14177,1.14179
1782849240000,1.14177,1.14184,1.14177,1.14182
1782849300000,1.14185,1.14204,1.14184,1.14201
1782849360000,1.14198,1.14212,1.14192,1.14212
1782849420000,1.1421,1.14257,1.14209,1.1425
1782849480000,1.14249,1.14265,1.14246,1.14265
1782849540000,1.14263,1.14266,1.14251,1.14263
1782849600000,1.14264,1.14269,1.1426,1.14262
1782849660000,1.14264,1.14272,1.14256,1.14271
1782849720000,1.14269,1.14273,1.14256,1.14265
1782849780000,1.14265,1.14268,1.14257,1.14268
1782849840000,1.14269,1.14269,1.14265,1.14269
1782849900000,1.14269,1.14269,1.14266,1.14267
1782849960000,1.14266,1.14268,1.1426,1.14262
1782850020000,1.14263,1.14263,1.14255,1.14255
1782850080000,1.14253,1.14255,1.14251,1.14252
1782850140000,1.14253,1.14254,1.14249,1.14249
1782850200000,1.14252,1.14254,1.1425,1.14254
1782850260000,1.14253,1.14254,1.14249,1.14253
1782850320000,1.14252,1.14254,1.14249,1.14253
1782850380000,1.14253,1.14253,1.1425,1.14252
1782850440000,1.14253,1.14253,1.14253,1.14253
1782850500000,1.14255,1.14255,1.14237,1.14241
1782850560000,1.14242,1.1425,1.14241,1.1425
1782850620000,1.1425,1.14251,1.14249,1.14249
1782850680000,1.14245,1.14258,1.14245,1.14257
1782850740000,1.14258,1.14262,1.14255,1.1426
1782850800000,1.14259,1.14261,1.14257,1.14257
1782850860000,1.14257,1.14258,1.14255,1.14258
1782850920000,1.14257,1.14257,1.14256,1.14256
1782850980000,1.14257,1.1426,1.14257,1.14258
1782851040000,1.14258,1.14258,1.14253,1.14253
1782851100000,1.14253,1.14253,1.14242,1.14246
1782851160000,1.14245,1.14245,1.14241,1.14245
1782851220000,1.14244,1.14245,1.14243,1.14245
1782851280000,1.14245,1.14245,1.14241,1.14241
1782851340000,1.1424,1.14254,1.1424,1.14243
1782851400000,1.14245,1.14248,1.14245,1.14246
1782851460000,1.14245,1.14245,1.14241,1.14242
1782851520000,1.14241,1.14242,1.14233,1.14233
1782851580000,1.14237,1.14238,1.14234,1.14234
1782851640000,1.14236,1.14241,1.14236,1.14239
1782851700000,1.14239,1.14239,1.14233,1.14234
1782851760000,1.14232,1.14232,1.14223,1.14225
1782851820000,1.14225,1.14226,1.14225,1.14226
1782851880000,1.14225,1.14227,1.14225,1.14225
1782851940000,1.14227,1.14227,1.14223,1.14226
1782852000000,1.14227,1.14227,1.14225,1.14226
1782852060000,1.14225,1.1423,1.14225,1.1423
1782852120000,1.14229,1.14229,1.14228,1.14228
1782852180000,1.14228,1.14232,1.14228,1.14231
1782852240000,1.1423,1.14233,1.1423,1.14233
1782852300000,1.14233,1.14233,1.14227,1.14227
1782852360000,1.14228,1.14228,1.14222,1.14222
1782852420000,1.14223,1.14223,1.14217,1.14222
1782852480000,1.1422,1.14221,1.14219,1.14219
1782852540000,1.14221,1.14228,1.1422,1.14225
1782852600000,1.14226,1.14232,1.14226,1.14228
1782852660000,1.14226,1.14233,1.14225,1.14228
1782852720000,1.14228,1.14228,1.14222,1.14222
1782852780000,1.14223,1.14225,1.1422,1.14223
1782852840000,1.14222,1.14222,1.14219,1.14219
1782852900000,1.14217,1.14217,1.14213,1.14215
1782852960000,1.14214,1.14215,1.14207,1.14207
1782853020000,1.14206,1.14208,1.14204,1.14206
1782853080000,1.14207,1.14216,1.14206,1.14215
1782853140000,1.14215,1.14218,1.14209,1.14213
1782853200000,1.14205,1.1421,1.142,1.14203
1782853260000,1.14191,1.14202,1.14188,1.14202
1782853320000,1.14201,1.14208,1.142,1.14208
1782853380000,1.14208,1.14208,1.14208,1.14208
1782853440000,1.14188,1.14197,1.14174,1.14197
1782853500000,1.14211,1.14211,1.14206,1.14208
1782853560000,1.14208,1.14211,1.14205,1.14209
1782853620000,1.14206,1.14206,1.14206,1.14206
1782853680000,1.14206,1.14206,1.14206,1.14206
1782853740000,1.14206,1.14208,1.14201,1.14201
1782853800000,1.14204,1.14205,1.14203,1.14205
1782853860000,1.14203,1.14205,1.14203,1.14204
1782853920000,1.14205,1.14205,1.14203,1.14204
1782853980000,1.14205,1.14205,1.14203,1.14203
1782854040000,1.14205,1.14207,1.14203,1.14203
1782854100000,1.14202,1.14209,1.14202,1.14208
1782854160000,1.14207,1.1421,1.14207,1.14207
1782854220000,1.14207,1.14207,1.14206,1.14206
1782854280000,1.14207,1.14207,1.14202,1.14205
1782854340000,1.14205,1.14207,1.14202,1.14206
1782854400000,1.14206,1.14207,1.14198,1.14198
1782854460000,1.14182,1.14186,1.14174,1.14177
1782854520000,1.14175,1.14186,1.14175,1.1418
1782854580000,1.14184,1.14184,1.1418,1.1418
1782854640000,1.14178,1.14186,1.14173,1.1418
1782854700000,1.14182,1.14196,1.1418,1.14184
1782854760000,1.14198,1.14207,1.14198,1.14203
1782854820000,1.14206,1.14206,1.14202,1.14202
1782854880000,1.14203,1.14203,1.14203,1.14203
1782854940000,1.14204,1.14204,1.14204,1.14204
1782855000000,1.14202,1.14203,1.14201,1.14203
1782855060000,1.14205,1.14205,1.14204,1.14204
1782855120000,1.14205,1.14205,1.14205,1.14205
1782855180000,1.14204,1.14206,1.14204,1.14206
1782855240000,1.14205,1.14207,1.14205,1.14207
1782855300000,1.14207,1.14207,1.14206,1.14206
1782855360000,1.14206,1.14207,1.14206,1.14207
1782855420000,1.14207,1.14207,1.14206,1.14206
1782855480000,1.14206,1.14207,1.14206,1.14206
1782855540000,1.14207,1.14209,1.14204,1.14206
1782855600000,1.14206,1.14207,1.14205,1.14206
1782855660000,1.14208,1.14208,1.14205,1.14205
1782855720000,1.14205,1.14205,1.14204,1.14205
1782855780000,1.14204,1.14205,1.14204,1.14204
1782855840000,1.14204,1.14205,1.14204,1.14205
1782855900000,1.14204,1.14205,1.14204,1.14204
1782855960000,1.14204,1.14205,1.14203,1.14203
1782856020000,1.14204,1.14205,1.14203,1.14203
1782856080000,1.14204,1.14204,1.14203,1.14203
1782856140000,1.14203,1.14216,1.14203,1.14214
1782856200000,1.14213,1.14218,1.14212,1.14218
1782856260000,1.14216,1.14217,1.14215,1.14216
1782856320000,1.14215,1.14219,1.14214,1.14219
1782856380000,1.14218,1.1422,1.14216,1.14217
1782856440000,1.14218,1.14219,1.14217,1.14218
1782856500000,1.14218,1.1422,1.14216,1.1422
1782856560000,1.14219,1.14219,1.14217,1.14217
1782856620000,1.1422,1.1422,1.14217,1.14219
1782856680000,1.14217,1.14222,1.14209,1.14209
1782856740000,1.14209,1.14209,1.14205,1.14206
1782856800000,1.14205,1.14215,1.14203,1.14208
1782856860000,1.14208,1.14209,1.14208,1.14208
1782856920000,1.14208,1.14213,1.14208,1.14208
1782856980000,1.14209,1.14212,1.14208,1.14208
1782857040000,1.14211,1.14215,1.14211,1.14215
1782857100000,1.14217,1.1422,1.14217,1.1422
1782857160000,1.14218,1.14219,1.14218,1.14219
1782857220000,1.14218,1.14221,1.14217,1.14221
1782857280000,1.14217,1.14223,1.14217,1.14223
1782857340000,1.14223,1.14227,1.14223,1.14227
1782857400000,1.14227,1.14227,1.14218,1.14218
1782857460000,1.14218,1.14219,1.14217,1.14217
1782857520000,1.14216,1.14216,1.14212,1.14212
1782857580000,1.14213,1.14215,1.14213,1.14214
1782857640000,1.14214,1.14214,1.1421,1.14212
1782857700000,1.14212,1.14215,1.14212,1.14215
1782857760000,1.14215,1.1422,1.14213,1.14213
1782857820000,1.14214,1.14216,1.14214,1.14216
1782857880000,1.14216,1.14216,1.14215,1.14215
1782857940000,1.14216,1.14217,1.14214,1.14217
1782858000000,1.14217,1.14218,1.14217,1.14218
1782858060000,1.14219,1.14219,1.14212,1.14212
1782858120000,1.14215,1.14215,1.1421,1.14215
1782858180000,1.14215,1.14215,1.14213,1.14213
1782858240000,1.1421,1.1421,1.14206,1.14208
1782858300000,1.14209,1.14209,1.14209,1.14209
1782858360000,1.14211,1.14214,1.14211,1.14214
1782858420000,1.14211,1.14211,1.14209,1.14211
1782858480000,1.14212,1.14212,1.14211,1.14211
1782858540000,1.14212,1.14212,1.14208,1.1421
1782858600000,1.14209,1.1421,1.14206,1.14206
1782858660000,1.14206,1.14211,1.14206,1.14209
1782858720000,1.1421,1.1421,1.14207,1.14209
1782858780000,1.14211,1.14211,1.14211,1.14211
1782858840000,1.14211,1.14211,1.1421,1.1421
1782858900000,1.1421,1.14211,1.1421,1.14211
1782858960000,1.14209,1.1421,1.14209,1.1421
1782859020000,1.14209,1.14209,1.14209,1.14209
1782859080000,1.14209,1.1421,1.14209,1.1421
1782859140000,1.1421,1.14211,1.1421,1.1421
1782859200000,1.1421,1.14212,1.1421,1.1421
1782859260000,1.14211,1.14211,1.14209,1.14211
1782859320000,1.14211,1.14211,1.14211,1.14211
1782859380000,1.1421,1.1421,1.1421,1.1421
1782859440000,1.14208,1.1421,1.14208,1.1421
1782859500000,1.1421,1.14211,1.142,1.14201
1782859560000,1.14201,1.14202,1.142,1.142
1782859620000,1.14199,1.14201,1.14199,1.14201
1782859680000,1.142,1.14201,1.1419,1.1419
1782859740000,1.1419,1.1419,1.14188,1.14188
1782859800000,1.14188,1.14189,1.14187,1.14187
1782859860000,1.14188,1.14189,1.14188,1.14189
1782859920000,1.14188,1.14189,1.14188,1.14189
1782859980000,1.14188,1.14189,1.14186,1.14187
1782860040000,1.14187,1.14188,1.14187,1.14188
1782860100000,1.14189,1.14189,1.14189,1.14189
1782860160000,1.14191,1.14194,1.14191,1.14193
1782860220000,1.14194,1.14194,1.14193,1.14193
1782860280000,1.14193,1.14194,1.14192,1.14193
1782860340000,1.14194,1.14199,1.14194,1.14198
1782860400000,1.14199,1.14201,1.14191,1.14192
1782860460000,1.14191,1.14193,1.14191,1.14192
1782860520000,1.14191,1.14191,1.14188,1.14191
1782860580000,1.14194,1.14195,1.14193,1.14193
1782860640000,1.14194,1.14194,1.14189,1.14191
1782860700000,1.14192,1.14192,1.1419,1.1419
1782860760000,1.14192,1.14194,1.14192,1.14194
1782860820000,1.14193,1.14197,1.1419,1.14194
1782860880000,1.14195,1.14195,1.14193,1.14194
1782860940000,1.14193,1.14195,1.14193,1.14195
1782861000000,1.14194,1.14194,1.14192,1.14194
1782861060000,1.14192,1.14192,1.14188,1.14189
1782861120000,1.14189,1.1419,1.14188,1.14189
1782861180000,1.14189,1.14189,1.14189,1.14189
1782861240000,1.14189,1.14189,1.14185,1.14189
1782861300000,1.14189,1.14189,1.14187,1.14188
1782861360000,1.14188,1.14188,1.14188,1.14188
1782861420000,1.14187,1.14188,1.14187,1.14188
1782861480000,1.14187,1.14189,1.14187,1.14188
1782861540000,1.1419,1.1419,1.14187,1.14189
1782861600000,1.14187,1.14189,1.14187,1.14189
1782861660000,1.14192,1.14192,1.14188,1.14188
1782861720000,1.14189,1.14189,1.14188,1.14188
1782861780000,1.14188,1.14188,1.14188,1.14188
1782861840000,1.14188,1.14188,1.14188,1.14188
1782861900000,1.14187,1.14187,1.14187,1.14187
1782861960000,1.14185,1.14186,1.14179,1.14183
1782862020000,1.1418,1.1418,1.14173,1.14173
1782862080000,1.14174,1.14176,1.14172,1.14173
1782862140000,1.14174,1.14174,1.14163,1.14166
1782862200000,1.14166,1.14169,1.14166,1.14168
1782862260000,1.14169,1.14173,1.14168,1.14173
1782862320000,1.14171,1.14174,1.14171,1.14172
1782862380000,1.14173,1.14177,1.14173,1.14176
1782862440000,1.14179,1.14182,1.14179,1.14179
1782862500000,1.1418,1.1418,1.14177,1.14178
1782862560000,1.14177,1.14179,1.14173,1.14174
1782862620000,1.14174,1.14174,1.1417,1.1417
1782862680000,1.14171,1.14173,1.14166,1.14167
1782862740000,1.14167,1.14167,1.14162,1.14163
1782862800000,1.14162,1.14164,1.1416,1.1416
1782862860000,1.1416,1.1416,1.14159,1.14159
1782862920000,1.14158,1.14159,1.14158,1.14159
1782862980000,1.14158,1.14158,1.14158,1.14158
1782863040000,1.14157,1.14157,1.14146,1.14146
1782863100000,1.14147,1.14149,1.14147,1.14147
1782863160000,1.14148,1.14148,1.14143,1.14144
1782863220000,1.14146,1.14149,1.14146,1.14148
1782863280000,1.14146,1.14146,1.14141,1.14142
1782863340000,1.14142,1.14143,1.14139,1.1414
1782863400000,1.1414,1.14144,1.14138,1.14144
1782863460000,1.14144,1.14145,1.14139,1.14139
1782863520000,1.14137,1.14137,1.14132,1.14134
1782863580000,1.14134,1.14134,1.14132,1.14132
1782863640000,1.14132,1.14134,1.14129,1.1413
1782863700000,1.14129,1.14135,1.14129,1.1413
1782863760000,1.14129,1.14133,1.14125,1.14125
1782863820000,1.14125,1.14125,1.14123,1.14125
1782863880000,1.14125,1.14129,1.14124,1.14129
1782863940000,1.14127,1.14129,1.14125,1.14129
1782864000000,1.14128,1.1413,1.14118,1.1412
1782864060000,1.14118,1.14134,1.14118,1.14132
1782864120000,1.14132,1.14135,1.14124,1.14134
1782864180000,1.14132,1.14139,1.14132,1.14139
1782864240000,1.14139,1.14139,1.14134,1.14134
1782864300000,1.14136,1.14138,1.14134,1.14134
1782864360000,1.14134,1.14136,1.14134,1.14136
1782864420000,1.14134,1.14135,1.14128,1.14128
1782864480000,1.14129,1.1413,1.14123,1.14129
1782864540000,1.14129,1.14133,1.14128,1.14129
1782864600000,1.1413,1.14131,1.14128,1.14129
1782864660000,1.14129,1.14131,1.14128,1.1413
1782864720000,1.14129,1.14135,1.14129,1.14135
1782864780000,1.14134,1.14134,1.14128,1.14129
1782864840000,1.14129,1.1413,1.14126,1.14129
1782864900000,1.14128,1.14128,1.14104,1.14104
1782864960000,1.14104,1.14115,1.14104,1.14107
1782865020000,1.14108,1.14116,1.14104,1.14108
1782865080000,1.14108,1.14112,1.14104,1.14109
1782865140000,1.14112,1.14113,1.14101,1.14103
1782865200000,1.14103,1.14107,1.14099,1.14107
1782865260000,1.14108,1.14111,1.14104,1.14104
1782865320000,1.14104,1.14105,1.14098,1.14099
1782865380000,1.14099,1.14109,1.14099,1.14109
1782865440000,1.14107,1.14123,1.14107,1.14123
1782865500000,1.14128,1.14134,1.14125,1.1413
1782865560000,1.14131,1.14135,1.14125,1.14125
1782865620000,1.14125,1.14133,1.14125,1.14132
1782865680000,1.14133,1.14133,1.14127,1.14131
1782865740000,1.14132,1.14135,1.14127,1.14127
1782865800000,1.14125,1.14129,1.14118,1.14121
1782865860000,1.14122,1.14126,1.14121,1.14123
1782865920000,1.14124,1.14126,1.14121,1.14124
1782865980000,1.14125,1.14126,1.14121,1.14121
1782866040000,1.1412,1.14124,1.1412,1.14122
1782866100000,1.14123,1.14123,1.1411,1.14111
1782866160000,1.1411,1.14118,1.1411,1.14112
1782866220000,1.14111,1.14113,1.14106,1.14113
1782866280000,1.14113,1.14125,1.14113,1.14124
1782866340000,1.14126,1.1413,1.14124,1.14124
1782866400000,1.14124,1.14126,1.14119,1.14121
1782866460000,1.14121,1.14121,1.14108,1.14108
1782866520000,1.14106,1.14107,1.14098,1.141
1782866580000,1.14101,1.14101,1.14094,1.14094
1782866640000,1.14096,1.14097,1.14093,1.14094
1782866700000,1.14094,1.14097,1.14094,1.14094
1782866760000,1.14096,1.14103,1.14094,1.14098
1782866820000,1.14099,1.14105,1.14091,1.14102
1782866880000,1.14101,1.14102,1.14094,1.14095
1782866940000,1.14096,1.14096,1.14087,1.14089
1782867000000,1.14089,1.14093,1.14084,1.1409
1782867060000,1.14089,1.14095,1.14089,1.14089
1782867120000,1.14089,1.14096,1.14088,1.14096
1782867180000,1.14095,1.14106,1.14091,1.14091
1782867240000,1.1409,1.14094,1.14085,1.1409
1782867300000,1.14089,1.14095,1.14086,1.14092
1782867360000,1.14092,1.14102,1.14092,1.14102
1782867420000,1.141,1.14103,1.14094,1.14095
1782867480000,1.14096,1.14103,1.14094,1.14101
1782867540000,1.14101,1.14105,1.14093,1.14093
1782867600000,1.14093,1.14094,1.14089,1.1409
1782867660000,1.14089,1.14094,1.14089,1.14092
1782867720000,1.14093,1.14093,1.14072,1.1408
1782867780000,1.1408,1.14084,1.14077,1.14081
1782867840000,1.14079,1.14083,1.14076,1.14077
1782867900000,1.14076,1.14077,1.14067,1.14068
1782867960000,1.14071,1.14071,1.14052,1.14055
1782868020000,1.14058,1.14061,1.14055,1.1406
1782868080000,1.14059,1.14062,1.14054,1.14057
1782868140000,1.14057,1.1406,1.1405,1.1405
1782868200000,1.14049,1.14055,1.14047,1.14052
1782868260000,1.14055,1.14059,1.14054,1.14055
1782868320000,1.14056,1.14059,1.1405,1.1405
1782868380000,1.14051,1.14053,1.14044,1.14051
1782868440000,1.14052,1.14052,1.14049,1.1405
1782868500000,1.14051,1.14076,1.1405,1.14065
1782868560000,1.14066,1.14067,1.14051,1.14055
1782868620000,1.14056,1.14058,1.1405,1.14054
1782868680000,1.14054,1.1407,1.14054,1.14068
1782868740000,1.1407,1.1408,1.1407,1.14078
1782868800000,1.14079,1.14082,1.1407,1.14071
1782868860000,1.14071,1.14077,1.14071,1.14075
1782868920000,1.14074,1.14076,1.1407,1.14072
1782868980000,1.14072,1.14078,1.1407,1.14075
1782869040000,1.14075,1.14075,1.14063,1.14063
1782869100000,1.14062,1.14067,1.14059,1.14059
1782869160000,1.14058,1.14074,1.14056,1.14068
1782869220000,1.14066,1.14068,1.14064,1.14066
1782869280000,1.14066,1.14067,1.14062,1.14067
1782869340000,1.14065,1.14068,1.14063,1.14065
1782869400000,1.14065,1.14067,1.14058,1.1406
1782869460000,1.14061,1.14067,1.14053,1.14054
1782869520000,1.14053,1.14063,1.14053,1.14057
1782869580000,1.14057,1.14058,1.1405,1.1405
1782869640000,1.14051,1.14056,1.14049,1.14052
1782869700000,1.14054,1.14054,1.14049,1.14051
1782869760000,1.14052,1.14054,1.14051,1.14052
1782869820000,1.14051,1.14051,1.14045,1.14049
1782869880000,1.14049,1.14061,1.14047,1.14057
1782869940000,1.14058,1.1406,1.14056,1.14056
1782870000000,1.14057,1.14057,1.14049,1.14053
1782870060000,1.14055,1.1406,1.14052,1.14057
1782870120000,1.14057,1.1406,1.14054,1.14054
1782870180000,1.14054,1.1406,1.14054,1.14057
1782870240000,1.14057,1.1406,1.14055,1.14059
1782870300000,1.14058,1.14063,1.14058,1.14062
1782870360000,1.14062,1.14071,1.14062,1.14067
1782870420000,1.14067,1.14069,1.1406,1.1406
1782870480000,1.14061,1.14061,1.14036,1.14043
1782870540000,1.14042,1.14049,1.14042,1.14045
1782870600000,1.14043,1.14046,1.14043,1.14043
1782870660000,1.14043,1.14043,1.14034,1.14034
1782870720000,1.14036,1.14036,1.14029,1.1403
1782870780000,1.14031,1.14038,1.14029,1.14038
1782870840000,1.14038,1.14038,1.14029,1.1403
1782870900000,1.14031,1.14041,1.14026,1.14036
1782870960000,1.14036,1.14044,1.14036,1.14042
1782871020000,1.1404,1.14047,1.14036,1.14043
1782871080000,1.14041,1.14043,1.14039,1.14042
1782871140000,1.14042,1.14043,1.14038,1.14042
1782871200000,1.14045,1.14046,1.14041,1.14043
1782871260000,1.14045,1.14045,1.1404,1.14043
1782871320000,1.14044,1.14057,1.14042,1.14054
1782871380000,1.14055,1.14057,1.14049,1.14049
1782871440000,1.14052,1.14053,1.14041,1.14041
1782871500000,1.14042,1.14045,1.14035,1.14035
1782871560000,1.14035,1.14042,1.14035,1.14042
1782871620000,1.14045,1.1405,1.14043,1.14045
1782871680000,1.14043,1.14046,1.1404,1.14045
1782871740000,1.14042,1.14051,1.1404,1.1404
1782871800000,1.14041,1.14048,1.1404,1.14047
1782871860000,1.14047,1.1405,1.14036,1.14038
1782871920000,1.14037,1.14044,1.14035,1.14044
1782871980000,1.14044,1.14047,1.14043,1.14046
1782872040000,1.14048,1.14067,1.14048,1.14067
1782872100000,1.14067,1.14073,1.14066,1.14066
1782872160000,1.14066,1.14066,1.14063,1.14065
1782872220000,1.14064,1.14074,1.14064,1.14073
1782872280000,1.14073,1.14075,1.14071,1.14074
1782872340000,1.14073,1.14073,1.14066,1.14069
1782872400000,1.1407,1.1408,1.14066,1.14077
1782872460000,1.14077,1.14079,1.14072,1.14072
1782872520000,1.14072,1.14074,1.14069,1.1407
1782872580000,1.14071,1.14072,1.14068,1.14071
1782872640000,1.14071,1.14075,1.1407,1.1407
1782872700000,1.14072,1.14072,1.14045,1.14045
1782872760000,1.1405,1.14061,1.14049,1.14057
1782872820000,1.14056,1.14056,1.14049,1.14051
1782872880000,1.14052,1.14056,1.14052,1.14053
1782872940000,1.14053,1.14053,1.14037,1.14041
1782873000000,1.1404,1.14051,1.14039,1.14051
1782873060000,1.14049,1.14052,1.14044,1.14044
1782873120000,1.14043,1.14045,1.1404,1.1404
1782873180000,1.14039,1.14039,1.14034,1.14038
1782873240000,1.14039,1.14043,1.14025,1.14029
1782873300000,1.1403,1.14037,1.1403,1.14037
1782873360000,1.14037,1.14046,1.14037,1.14044
1782873420000,1.14046,1.14047,1.14039,1.14041
1782873480000,1.14042,1.14046,1.14039,1.14046
1782873540000,1.14047,1.14051,1.14046,1.14047
1782873600000,1.14047,1.1405,1.14042,1.14044
1782873660000,1.14044,1.1405,1.14044,1.14048
1782873720000,1.14049,1.14062,1.14049,1.14056
1782873780000,1.14056,1.14063,1.14054,1.14063
1782873840000,1.14061,1.14062,1.14053,1.14053
1782873900000,1.14054,1.14064,1.14054,1.14062
1782873960000,1.14061,1.14061,1.14058,1.14059
1782874020000,1.14061,1.14069,1.14061,1.14066
1782874080000,1.14066,1.14066,1.14057,1.14057
1782874140000,1.14057,1.14057,1.14055,1.14056
1782874200000,1.14055,1.14067,1.14052,1.14067
1782874260000,1.14065,1.14067,1.14065,1.14066
1782874320000,1.14064,1.14065,1.14057,1.1406
1782874380000,1.14062,1.14065,1.1406,1.14065
1782874440000,1.14063,1.14066,1.14061,1.14066
1782874500000,1.14066,1.14068,1.14065,1.14068
1782874560000,1.14067,1.14067,1.1406,1.14061
1782874620000,1.14061,1.14061,1.1405,1.14051
1782874680000,1.14052,1.14053,1.14047,1.14053
1782874740000,1.14056,1.14057,1.14052,1.14055
1782874800000,1.14054,1.1406,1.14052,1.14058
1782874860000,1.14057,1.14064,1.14057,1.14057
1782874920000,1.14056,1.1406,1.14055,1.1406
1782874980000,1.1406,1.14067,1.1406,1.14062
1782875040000,1.14062,1.14066,1.14062,1.14065
1782875100000,1.14065,1.14068,1.14065,1.14067
1782875160000,1.14067,1.14073,1.14067,1.14071
1782875220000,1.14073,1.14079,1.14073,1.14077
1782875280000,1.14076,1.14079,1.14076,1.14078
1782875340000,1.14077,1.14077,1.14073,1.14074
1782875400000,1.14075,1.14077,1.14071,1.14075
1782875460000,1.14075,1.14081,1.14075,1.14079
1782875520000,1.14079,1.14081,1.14077,1.14077
1782875580000,1.14079,1.14079,1.14074,1.14077
1782875640000,1.14078,1.1408,1.14069,1.14069
1782875700000,1.1407,1.1407,1.14064,1.14069
1782875760000,1.14067,1.14073,1.14067,1.14067
1782875820000,1.14069,1.14069,1.14063,1.14063
1782875880000,1.14062,1.14065,1.14058,1.14063
1782875940000,1.14065,1.14065,1.14059,1.14059
1782876000000,1.14058,1.1406,1.14056,1.1406
1782876060000,1.1406,1.1406,1.14056,1.14057
1782876120000,1.14058,1.14058,1.14053,1.14053
1782876180000,1.14053,1.14053,1.14049,1.14049
1782876240000,1.14051,1.14051,1.14048,1.1405
1782876300000,1.1405,1.14054,1.14049,1.14052
1782876360000,1.1405,1.14051,1.14044,1.1405
1782876420000,1.14048,1.14052,1.14045,1.1405
1782876480000,1.14051,1.14052,1.14045,1.14048
1782876540000,1.14046,1.1405,1.14042,1.1405
1782876600000,1.1405,1.14057,1.14049,1.14054
1782876660000,1.14055,1.14055,1.14047,1.14051
1782876720000,1.1405,1.14052,1.14047,1.14051
1782876780000,1.14049,1.1405,1.1403,1.1403
1782876840000,1.1403,1.1403,1.14018,1.14021
1782876900000,1.14022,1.14039,1.14022,1.14039
1782876960000,1.1404,1.14043,1.14038,1.1404
1782877020000,1.14039,1.14042,1.14038,1.14039
1782877080000,1.14039,1.14043,1.14038,1.14043
1782877140000,1.14044,1.14045,1.14042,1.14042
1782877200000,1.14041,1.14042,1.1404,1.14042
1782877260000,1.1404,1.14049,1.1404,1.14044
1782877320000,1.14043,1.14043,1.14025,1.14026
1782877380000,1.14026,1.14027,1.14016,1.1402
1782877440000,1.14018,1.14022,1.14017,1.14019
1782877500000,1.14019,1.14032,1.14019,1.1403
1782877560000,1.14031,1.14032,1.14028,1.14029
1782877620000,1.1403,1.14031,1.14026,1.14026
1782877680000,1.14025,1.14026,1.14022,1.14025
1782877740000,1.14023,1.14026,1.14023,1.14024
1782877800000,1.14025,1.1403,1.14023,1.14028
1782877860000,1.14028,1.1403,1.14028,1.14028
1782877920000,1.14031,1.14031,1.14025,1.14027
1782877980000,1.14026,1.14027,1.14025,1.14027
1782878040000,1.14026,1.14027,1.14023,1.14023
1782878100000,1.14022,1.14025,1.14018,1.14025
1782878160000,1.14024,1.14036,1.14024,1.14034
1782878220000,1.14036,1.1404,1.14033,1.14039
1782878280000,1.1404,1.1404,1.14037,1.14038
1782878340000,1.14037,1.14042,1.14036,1.14039
1782878400000,1.1404,1.14042,1.14036,1.14039
1782878460000,1.14039,1.14044,1.14037,1.14042
1782878520000,1.14043,1.14043,1.14032,1.14032
1782878580000,1.14031,1.14033,1.14031,1.14033
1782878640000,1.14035,1.14037,1.14035,1.14037
1782878700000,1.14034,1.14034,1.14031,1.14033
1782878760000,1.14032,1.14033,1.14025,1.14027
1782878820000,1.14025,1.14031,1.14025,1.14031
1782878880000,1.1403,1.14032,1.14027,1.14027
1782878940000,1.14026,1.14028,1.14024,1.14027
1782879000000,1.14027,1.14027,1.14024,1.14025
1782879060000,1.14026,1.14028,1.14025,1.14027
1782879120000,1.14028,1.14028,1.14026,1.14027
1782879180000,1.14029,1.14047,1.14029,1.14044
1782879240000,1.14043,1.14047,1.14042,1.14046
1782879300000,1.14046,1.14046,1.14042,1.14042
1782879360000,1.14046,1.14047,1.14041,1.14041
1782879420000,1.14042,1.14045,1.14037,1.14043
1782879480000,1.14042,1.14044,1.14041,1.14041
1782879540000,1.14042,1.14042,1.14037,1.14038
1782879600000,1.14039,1.1404,1.14036,1.14038
1782879660000,1.14037,1.14038,1.14031,1.14037
1782879720000,1.14037,1.14044,1.14037,1.14044
1782879780000,1.14042,1.14046,1.14042,1.14042
1782879840000,1.14041,1.14041,1.14035,1.14037
1782879900000,1.14038,1.14038,1.14028,1.1403
1782879960000,1.1403,1.14039,1.1403,1.14039
1782880020000,1.14039,1.14046,1.14037,1.14045
1782880080000,1.14045,1.14047,1.14043,1.14043
1782880140000,1.14044,1.14046,1.14042,1.14046
1782880200000,1.14047,1.14076,1.14045,1.14067
1782880260000,1.14068,1.14086,1.14066,1.14066
1782880320000,1.14067,1.14074,1.14067,1.14072
1782880380000,1.1407,1.14076,1.14066,1.14071
1782880440000,1.14075,1.14079,1.14071,1.14071
1782880500000,1.14075,1.1408,1.14072,1.14075
1782880560000,1.14075,1.14078,1.14072,1.14075
1782880620000,1.14076,1.14087,1.14075,1.14082
1782880680000,1.1408,1.14081,1.14075,1.14077
1782880740000,1.14077,1.1408,1.14072,1.14079
1782880800000,1.14078,1.14083,1.14075,1.14083
1782880860000,1.14085,1.14086,1.14077,1.14078
1782880920000,1.14077,1.1408,1.14076,1.14078
1782880980000,1.14077,1.14085,1.14077,1.14083
1782881040000,1.14082,1.14082,1.14078,1.1408
1782881100000,1.14082,1.14087,1.1408,1.14087
1782881160000,1.14087,1.14092,1.14086,1.14092
1782881220000,1.14093,1.14099,1.14093,1.14098
1782881280000,1.14096,1.14107,1.14093,1.14094
1782881340000,1.14094,1.14095,1.1409,1.14092
1782881400000,1.14091,1.14097,1.14091,1.14094
1782881460000,1.14094,1.14102,1.14093,1.14097
1782881520000,1.14096,1.14096,1.14092,1.14095
1782881580000,1.14096,1.14102,1.14093,1.14102
1782881640000,1.141,1.141,1.14095,1.14095
1782881700000,1.14096,1.14097,1.14093,1.14095
1782881760000,1.14095,1.14097,1.14095,1.14096
1782881820000,1.14095,1.14097,1.14093,1.14094
1782881880000,1.14094,1.14094,1.14089,1.14093
1782881940000,1.14092,1.14092,1.14084,1.14084
1782882000000,1.14085,1.14087,1.14081,1.14086
1782882060000,1.14089,1.14097,1.14084,1.14084
1782882120000,1.14084,1.14084,1.14073,1.14073
1782882180000,1.14075,1.14085,1.14075,1.14083
1782882240000,1.14081,1.14085,1.14081,1.14084
1782882300000,1.14086,1.14091,1.14084,1.1409
1782882360000,1.14088,1.14097,1.14088,1.14089
1782882420000,1.14089,1.1409,1.14085,1.14085
1782882480000,1.14086,1.14092,1.14085,1.14092
1782882540000,1.14091,1.14096,1.1409,1.14092
1782882600000,1.14091,1.14092,1.14089,1.14091
1782882660000,1.14091,1.14091,1.14085,1.14089
1782882720000,1.14088,1.14091,1.14085,1.1409
1782882780000,1.14091,1.14091,1.1409,1.1409
1782882840000,1.14091,1.14092,1.14089,1.1409
1782882900000,1.1409,1.1409,1.14079,1.14081
1782882960000,1.14082,1.14088,1.14082,1.14086
1782883020000,1.14088,1.14095,1.14087,1.14094
1782883080000,1.14094,1.14096,1.14088,1.1409
1782883140000,1.14092,1.14096,1.14092,1.14094
1782883200000,1.14095,1.141,1.14095,1.141
1782883260000,1.14099,1.14099,1.14094,1.14094
1782883320000,1.14095,1.14095,1.14092,1.14094
1782883380000,1.14094,1.141,1.14094,1.14096
1782883440000,1.14097,1.14098,1.14094,1.14094
1782883500000,1.14094,1.14096,1.14089,1.14096
1782883560000,1.14096,1.14098,1.14095,1.14097
1782883620000,1.14097,1.14103,1.14096,1.14101
1782883680000,1.14101,1.14102,1.14099,1.14101
1782883740000,1.14101,1.14101,1.14094,1.14098
1782883800000,1.14097,1.14104,1.14095,1.14101
1782883860000,1.141,1.14103,1.14098,1.14102
1782883920000,1.14101,1.14104,1.14101,1.14101
1782883980000,1.141,1.141,1.14095,1.14099
1782884040000,1.14099,1.14099,1.14089,1.14091
1782884100000,1.14091,1.14091,1.14079,1.14079
1782884160000,1.1408,1.14083,1.1408,1.14082
1782884220000,1.14083,1.14083,1.14075,1.1408
1782884280000,1.14079,1.14082,1.14075,1.14079
1782884340000,1.14079,1.14085,1.14079,1.14083
1782884400000,1.14081,1.14082,1.14076,1.14082
1782884460000,1.14084,1.14086,1.14083,1.14084
1782884520000,1.14084,1.1409,1.14084,1.14087
1782884580000,1.14087,1.14093,1.14085,1.14093
1782884640000,1.14091,1.14102,1.1409,1.141
1782884700000,1.141,1.14101,1.14091,1.14094
1782884760000,1.14095,1.14096,1.14091,1.14095
1782884820000,1.14094,1.14094,1.14084,1.14085
1782884880000,1.14084,1.14086,1.14078,1.1408
1782884940000,1.14079,1.14081,1.14077,1.1408
1782885000000,1.1408,1.14086,1.1408,1.14085
1782885060000,1.14085,1.14088,1.14084,1.14087
1782885120000,1.14086,1.14088,1.14079,1.14088
1782885180000,1.14089,1.14089,1.14086,1.14086
1782885240000,1.14085,1.14085,1.1405,1.14051
1782885300000,1.14049,1.14049,1.14029,1.14041
1782885360000,1.14039,1.14048,1.14034,1.14044
1782885420000,1.14047,1.14054,1.14045,1.14053
1782885480000,1.14053,1.14058,1.1405,1.14053
1782885540000,1.14052,1.14057,1.14051,1.14057
1782885600000,1.14057,1.14079,1.14056,1.14078
1782885660000,1.14077,1.14078,1.14068,1.14076
1782885720000,1.14075,1.14075,1.1406,1.14066
1782885780000,1.14069,1.14081,1.14064,1.1408
1782885840000,1.1408,1.14093,1.14079,1.14079
1782885900000,1.14078,1.14079,1.14059,1.14064
1782885960000,1.14066,1.14072,1.14065,1.14069
1782886020000,1.14068,1.14077,1.14067,1.14077
1782886080000,1.14077,1.14081,1.14069,1.14069
1782886140000,1.14072,1.14072,1.14043,1.14046
1782886200000,1.14046,1.14046,1.14035,1.14038
1782886260000,1.14036,1.14041,1.14034,1.14038
1782886320000,1.14039,1.14041,1.14034,1.14035
1782886380000,1.14036,1.14036,1.14023,1.14023
1782886440000,1.14024,1.14024,1.14015,1.14024
1782886500000,1.14023,1.14043,1.14018,1.14043
1782886560000,1.14043,1.14048,1.14042,1.14042
1782886620000,1.14041,1.14043,1.1403,1.14034
1782886680000,1.14035,1.1404,1.14032,1.14034
1782886740000,1.14035,1.1404,1.14034,1.1404
1782886800000,1.14041,1.14042,1.14025,1.14029
1782886860000,1.14027,1.1403,1.14018,1.14024
1782886920000,1.14024,1.14041,1.14023,1.14041
1782886980000,1.14041,1.14041,1.14033,1.14036
1782887040000,1.14036,1.14041,1.14035,1.14041
1782887100000,1.14039,1.14043,1.14034,1.14034
1782887160000,1.14034,1.14034,1.14024,1.14033
1782887220000,1.14031,1.14033,1.14024,1.14025
1782887280000,1.14026,1.14035,1.14026,1.14028
1782887340000,1.14027,1.14029,1.14023,1.14023
1782887400000,1.14025,1.14033,1.14025,1.14032
1782887460000,1.14031,1.14046,1.14031,1.1404
1782887520000,1.14041,1.14041,1.14032,1.14039
1782887580000,1.14041,1.14045,1.14036,1.14037
1782887640000,1.14038,1.14042,1.14035,1.14038
1782887700000,1.14036,1.14036,1.14027,1.14029
1782887760000,1.14031,1.14032,1.1403,1.14031
1782887820000,1.14029,1.14038,1.14029,1.14036
1782887880000,1.14035,1.14048,1.14034,1.14041
1782887940000,1.14042,1.14045,1.1403,1.14031
1782888000000,1.1403,1.14034,1.14023,1.14025
1782888060000,1.14026,1.14026,1.14016,1.14016
1782888120000,1.1402,1.1402,1.14006,1.14007
1782888180000,1.14007,1.1401,1.14002,1.14006
1782888240000,1.14005,1.14022,1.14003,1.14019
1782888300000,1.14016,1.14021,1.14015,1.1402
1782888360000,1.14022,1.1404,1.14021,1.14038
1782888420000,1.14038,1.14041,1.14026,1.14027
1782888480000,1.14025,1.14035,1.14024,1.14027
1782888540000,1.14026,1.14027,1.14017,1.14024
1782888600000,1.14025,1.14027,1.14021,1.14026
1782888660000,1.14027,1.14028,1.14022,1.14023
1782888720000,1.14024,1.14025,1.14019,1.14023
1782888780000,1.14022,1.14028,1.14019,1.14022
1782888840000,1.14023,1.14038,1.14021,1.14038
1782888900000,1.14037,1.14038,1.14029,1.14035
1782888960000,1.14033,1.14033,1.14024,1.14026
1782889020000,1.14024,1.14033,1.1402,1.14032
1782889080000,1.14035,1.14036,1.1403,1.14033
1782889140000,1.14031,1.14032,1.14027,1.1403
1782889200000,1.14028,1.1404,1.14,1.14002
1782889260000,1.14002,1.14009,1.13997,1.13998
1782889320000,1.13997,1.14006,1.13981,1.13999
1782889380000,1.13998,1.14016,1.13996,1.14
1782889440000,1.14001,1.14026,1.13997,1.14023
1782889500000,1.14022,1.14026,1.14009,1.14015
1782889560000,1.14017,1.14017,1.13991,1.13993
1782889620000,1.13993,1.14004,1.13985,1.14003
1782889680000,1.14002,1.14005,1.1399,1.1399
1782889740000,1.13988,1.14003,1.13981,1.13981
1782889800000,1.13981,1.13981,1.13964,1.13973
1782889860000,1.13972,1.13984,1.13965,1.13965
1782889920000,1.13966,1.13975,1.13966,1.1397
1782889980000,1.13969,1.13976,1.13964,1.13966
1782890040000,1.13967,1.13972,1.1396,1.13965
1782890100000,1.13965,1.13972,1.13962,1.13963
1782890160000,1.13963,1.13968,1.13957,1.13957
1782890220000,1.13957,1.13961,1.13947,1.13949
1782890280000,1.13948,1.13955,1.13944,1.13955
1782890340000,1.13955,1.13955,1.13949,1.1395
1782890400000,1.13949,1.13951,1.13945,1.13945
1782890460000,1.13947,1.13955,1.13945,1.1395
1782890520000,1.13948,1.13959,1.13948,1.1395
1782890580000,1.13951,1.13951,1.13942,1.13945
1782890640000,1.13946,1.13954,1.13946,1.13948
1782890700000,1.13947,1.13949,1.13943,1.13947
1782890760000,1.13948,1.13956,1.13941,1.13954
1782890820000,1.13956,1.13956,1.13949,1.1395
1782890880000,1.1395,1.1395,1.13934,1.13936
1782890940000,1.13937,1.1394,1.13931,1.13932
1782891000000,1.13931,1.13937,1.1393,1.13937
1782891060000,1.13935,1.13943,1.13935,1.1394
1782891120000,1.13942,1.13949,1.13942,1.13946
1782891180000,1.13944,1.13976,1.13944,1.13976
1782891240000,1.13975,1.13977,1.13963,1.13968
1782891300000,1.1397,1.13976,1.13965,1.13971
1782891360000,1.13972,1.13982,1.13971,1.13981
1782891420000,1.13981,1.13985,1.13972,1.13974
1782891480000,1.13976,1.13982,1.13973,1.13976
1782891540000,1.13978,1.13985,1.13977,1.13981
1782891600000,1.13981,1.13985,1.13975,1.13985
1782891660000,1.13984,1.13992,1.13984,1.13986
1782891720000,1.13986,1.13986,1.13975,1.13975
1782891780000,1.13977,1.13986,1.13977,1.13985
1782891840000,1.13983,1.13996,1.13983,1.13983
1782891900000,1.13982,1.13997,1.1398,1.13996
1782891960000,1.13994,1.13995,1.13985,1.13991
1782892020000,1.13991,1.13994,1.13987,1.13987
1782892080000,1.13986,1.13997,1.13986,1.13987
1782892140000,1.13989,1.13992,1.1397,1.13976
1782892200000,1.13977,1.13996,1.13977,1.13995
1782892260000,1.13994,1.13997,1.13983,1.13984
1782892320000,1.13983,1.13987,1.13983,1.13985
1782892380000,1.13986,1.13987,1.13978,1.13984
1782892440000,1.13984,1.13995,1.13979,1.1399
1782892500000,1.13991,1.14007,1.1399,1.14007
1782892560000,1.14007,1.14018,1.14007,1.14015
1782892620000,1.14017,1.14036,1.14015,1.14031
1782892680000,1.1403,1.14033,1.14017,1.14017
1782892740000,1.14015,1.14025,1.14012,1.1402
1782892800000,1.14019,1.1402,1.14007,1.14019
1782892860000,1.14018,1.14023,1.14005,1.14005
1782892920000,1.14005,1.14018,1.14005,1.1401
1782892980000,1.14011,1.14012,1.14002,1.14005
1782893040000,1.14005,1.14017,1.13997,1.13997
1782893100000,1.13997,1.14008,1.13992,1.14007
1782893160000,1.14009,1.14013,1.14008,1.14012
1782893220000,1.14012,1.14013,1.14001,1.14003
1782893280000,1.14004,1.14018,1.14004,1.14017
1782893340000,1.14018,1.1402,1.14011,1.14013
1782893400000,1.14014,1.14017,1.13999,1.14001
1782893460000,1.14003,1.14006,1.14002,1.14002
1782893520000,1.14002,1.14007,1.13998,1.14001
1782893580000,1.14003,1.14011,1.14002,1.14007
1782893640000,1.14007,1.14008,1.13999,1.14002
1782893700000,1.14001,1.14028,1.14,1.14028
1782893760000,1.14027,1.14038,1.14026,1.14031
1782893820000,1.14033,1.14037,1.14031,1.14033
1782893880000,1.1403,1.1403,1.1401,1.1401
1782893940000,1.14011,1.14021,1.14008,1.14021
1782894000000,1.14022,1.14022,1.14008,1.1401
1782894060000,1.1401,1.14016,1.1401,1.14013
1782894120000,1.14011,1.14011,1.13984,1.1399
1782894180000,1.13989,1.13989,1.13979,1.13987
1782894240000,1.13986,1.13997,1.13982,1.13987
1782894300000,1.13988,1.13998,1.13987,1.13994
1782894360000,1.13998,1.14,1.13987,1.13988
1782894420000,1.13987,1.13987,1.13974,1.13975
1782894480000,1.13974,1.13975,1.13954,1.13955
1782894540000,1.13957,1.13967,1.13955,1.13962
1782894600000,1.13962,1.13965,1.13943,1.13948
1782894660000,1.13946,1.13947,1.1394,1.13947
1782894720000,1.1395,1.13964,1.13948,1.1396
1782894780000,1.13958,1.13961,1.1395,1.13953
1782894840000,1.13954,1.13969,1.13954,1.13968
1782894900000,1.13969,1.13969,1.1395,1.13959
1782894960000,1.13961,1.13974,1.1396,1.13969
1782895020000,1.13969,1.13983,1.13969,1.13973
1782895080000,1.13973,1.13975,1.13963,1.13975
1782895140000,1.13977,1.13979,1.13972,1.13973
1782895200000,1.13974,1.13994,1.13973,1.13989
1782895260000,1.1399,1.13996,1.13983,1.13983
1782895320000,1.13985,1.13996,1.13983,1.13996
1782895380000,1.13994,1.13999,1.13991,1.13998
1782895440000,1.13999,1.14003,1.13992,1.13996
1782895500000,1.13998,1.13998,1.13989,1.13997
1782895560000,1.13996,1.13997,1.1397,1.13984
1782895620000,1.13985,1.13992,1.1398,1.1399
1782895680000,1.13989,1.13989,1.13978,1.13984
1782895740000,1.13982,1.13982,1.13977,1.13981
1782895800000,1.13982,1.13989,1.13974,1.13984
1782895860000,1.13986,1.13998,1.13986,1.13996
1782895920000,1.13996,1.14003,1.13988,1.1399
1782895980000,1.13992,1.13998,1.13989,1.13996
1782896040000,1.13998,1.14003,1.13995,1.14001
1782896100000,1.14002,1.14016,1.14001,1.14005
1782896160000,1.14005,1.14006,1.13996,1.14002
1782896220000,1.14002,1.14003,1.13969,1.1397
1782896280000,1.1397,1.1397,1.13948,1.13948
1782896340000,1.1395,1.13966,1.13949,1.13961
1782896400000,1.13963,1.13963,1.13941,1.13945
1782896460000,1.13946,1.13971,1.13946,1.13969
1782896520000,1.13968,1.13972,1.13963,1.13968
1782896580000,1.1397,1.13995,1.1397,1.13992
1782896640000,1.1399,1.13991,1.13984,1.13991
1782896700000,1.13991,1.13992,1.13971,1.13972
1782896760000,1.13971,1.13972,1.13952,1.13971
1782896820000,1.13969,1.13971,1.13953,1.13953
1782896880000,1.1395,1.13958,1.13944,1.13956
1782896940000,1.13957,1.1396,1.13938,1.13945
1782897000000,1.13945,1.13975,1.13945,1.1397
1782897060000,1.13973,1.13976,1.1396,1.13971
1782897120000,1.1397,1.13971,1.13963,1.13965
1782897180000,1.13965,1.13985,1.13963,1.13984
1782897240000,1.13984,1.13986,1.13976,1.13976
1782897300000,1.13977,1.13978,1.13958,1.1396
1782897360000,1.13961,1.13962,1.1395,1.1395
1782897420000,1.13951,1.13955,1.13939,1.1394
1782897480000,1.13936,1.1394,1.1393,1.13932
1782897540000,1.13932,1.13937,1.13929,1.13929
1782897600000,1.13931,1.13939,1.13929,1.13937
1782897660000,1.13934,1.13946,1.13929,1.13944
1782897720000,1.13945,1.1395,1.13935,1.13935
1782897780000,1.13933,1.1394,1.13928,1.1394
1782897840000,1.13938,1.13942,1.13935,1.13941
1782897900000,1.13941,1.13944,1.13931,1.13931
1782897960000,1.1393,1.13938,1.1393,1.13931
1782898020000,1.1393,1.13936,1.13924,1.13929
1782898080000,1.13932,1.13934,1.1392,1.13924
1782898140000,1.13925,1.13929,1.1392,1.13924
1782898200000,1.13923,1.13923,1.13902,1.13907
1782898260000,1.13907,1.13915,1.1389,1.13899
1782898320000,1.13901,1.13914,1.13895,1.13896
1782898380000,1.13895,1.13904,1.13893,1.13903
1782898440000,1.13904,1.13911,1.13901,1.13901
1782898500000,1.139,1.13906,1.139,1.13904
1782898560000,1.13904,1.13914,1.13901,1.13905
1782898620000,1.13906,1.13915,1.13905,1.13912
1782898680000,1.13912,1.13914,1.13904,1.13906
1782898740000,1.13906,1.13906,1.1388,1.13881
1782898800000,1.13881,1.13885,1.13868,1.1387
1782898860000,1.1387,1.13881,1.1387,1.13874
1782898920000,1.13876,1.13877,1.13872,1.13877
1782898980000,1.13877,1.139,1.13877,1.13897
1782899040000,1.13897,1.13899,1.13887,1.13891
1782899100000,1.1389,1.13891,1.13884,1.13884
1782899160000,1.13885,1.13892,1.13883,1.13887
1782899220000,1.13886,1.13889,1.13879,1.13889
1782899280000,1.13889,1.13894,1.13883,1.13883
1782899340000,1.13882,1.13887,1.1388,1.13887
1782899400000,1.13886,1.13887,1.13863,1.13863
1782899460000,1.13864,1.13865,1.13852,1.13861
1782899520000,1.13862,1.13872,1.13851,1.13872
1782899580000,1.13873,1.13885,1.13872,1.13879
1782899640000,1.13878,1.13888,1.13878,1.13885
1782899700000,1.13886,1.13886,1.13875,1.13884
1782899760000,1.13886,1.13887,1.13884,1.13886
1782899820000,1.13887,1.13891,1.13883,1.13891
1782899880000,1.13891,1.13891,1.1388,1.13882
1782899940000,1.13882,1.13882,1.13876,1.13877
1782900000000,1.13878,1.13879,1.13865,1.13865
1782900060000,1.13863,1.13882,1.13861,1.13881
1782900120000,1.13882,1.13886,1.13875,1.13877
1782900180000,1.13878,1.13881,1.13878,1.13881
1782900240000,1.13881,1.13886,1.13875,1.13878
1782900300000,1.13878,1.13886,1.13878,1.13886
1782900360000,1.13887,1.13893,1.13887,1.13893
1782900420000,1.13894,1.13894,1.13887,1.1389
1782900480000,1.13891,1.13894,1.13888,1.13888
1782900540000,1.13888,1.1389,1.13885,1.13885
1782900600000,1.13885,1.13888,1.13884,1.13885
1782900660000,1.13885,1.13892,1.13878,1.13888
1782900720000,1.13889,1.13893,1.13889,1.13889
1782900780000,1.13891,1.13891,1.13888,1.13891
1782900840000,1.13889,1.13893,1.13884,1.13892
1782900900000,1.13894,1.13898,1.13892,1.13895
1782900960000,1.13896,1.1393,1.13896,1.1393
1782901020000,1.13928,1.1394,1.13922,1.13937
1782901080000,1.13937,1.13938,1.13925,1.13928
1782901140000,1.13931,1.13941,1.13928,1.13938
1782901200000,1.13937,1.13941,1.13932,1.13933
1782901260000,1.13934,1.13935,1.13925,1.13925
1782901320000,1.13925,1.13928,1.13919,1.13926
1782901380000,1.13927,1.1393,1.13924,1.13925
1782901440000,1.13925,1.13927,1.13917,1.13918
1782901500000,1.13921,1.13921,1.13918,1.13921
1782901560000,1.13921,1.13926,1.13919,1.13922
1782901620000,1.13922,1.13928,1.13918,1.13928
1782901680000,1.13929,1.13938,1.13929,1.13938
1782901740000,1.13937,1.13945,1.13935,1.13945
1782901800000,1.13944,1.13956,1.13943,1.13954
1782901860000,1.13953,1.13961,1.13953,1.1396
1782901920000,1.13961,1.13961,1.13945,1.13948
1782901980000,1.13944,1.13957,1.1394,1.13957
1782902040000,1.13959,1.13964,1.13957,1.13964
1782902100000,1.13962,1.13966,1.13959,1.13959
1782902160000,1.1396,1.13969,1.1396,1.13967
1782902220000,1.13969,1.13971,1.13963,1.13965
1782902280000,1.13964,1.13976,1.13964,1.13976
1782902340000,1.13975,1.13976,1.13969,1.13971
1782902400000,1.1397,1.13971,1.13969,1.13969
1782902460000,1.13969,1.13971,1.13965,1.13968
1782902520000,1.13968,1.13968,1.13964,1.13967
1782902580000,1.13968,1.13971,1.13956,1.13959
1782902640000,1.1396,1.13964,1.13956,1.1396
1782902700000,1.13958,1.13964,1.13958,1.1396
1782902760000,1.13962,1.13977,1.13961,1.13971
1782902820000,1.1397,1.13975,1.13969,1.13975
1782902880000,1.13975,1.13977,1.13972,1.13975
1782902940000,1.13975,1.13979,1.13971,1.13977
1782903000000,1.13976,1.1399,1.13975,1.1399
1782903060000,1.13988,1.13997,1.13988,1.13997
1782903120000,1.13995,1.13995,1.13991,1.13992
1782903180000,1.13992,1.13994,1.13983,1.13984
1782903240000,1.13985,1.13993,1.13983,1.13993
1782903300000,1.13993,1.13997,1.13989,1.13997
1782903360000,1.13997,1.14003,1.13991,1.13991
1782903420000,1.1399,1.13993,1.13984,1.13993
1782903480000,1.13992,1.13996,1.13989,1.1399
1782903540000,1.13992,1.13992,1.13974,1.1398
1782903600000,1.13979,1.13989,1.13969,1.13974
1782903660000,1.13975,1.13981,1.13959,1.13959
1782903720000,1.1396,1.13973,1.13955,1.13973
1782903780000,1.13973,1.13976,1.13963,1.13965
1782903840000,1.13963,1.13963,1.13939,1.13951
1782903900000,1.13951,1.13955,1.13948,1.13954
1782903960000,1.13953,1.13955,1.13945,1.13949
1782904020000,1.13947,1.1395,1.13935,1.13948
1782904080000,1.13948,1.13948,1.13943,1.13944
1782904140000,1.13943,1.1395,1.13943,1.13946
1782904200000,1.13946,1.13951,1.13944,1.1395
1782904260000,1.13947,1.13954,1.13941,1.13943
1782904320000,1.13941,1.13941,1.13918,1.13925
1782904380000,1.13924,1.13934,1.13917,1.13934
1782904440000,1.13936,1.13936,1.1393,1.13936
1782904500000,1.13934,1.13945,1.13923,1.13942
1782904560000,1.13944,1.13946,1.13935,1.13935
1782904620000,1.13936,1.1394,1.13932,1.13935
1782904680000,1.13935,1.13947,1.13933,1.13939
1782904740000,1.13939,1.13946,1.13939,1.13944
1782904800000,1.13945,1.13946,1.13939,1.1394
1782904860000,1.13939,1.13939,1.13929,1.13933
1782904920000,1.13934,1.13943,1.13934,1.13941
1782904980000,1.13942,1.13946,1.13941,1.13943
1782905040000,1.13945,1.13946,1.13937,1.13943
1782905100000,1.13944,1.1395,1.1394,1.13947
1782905160000,1.13949,1.13951,1.13947,1.13948
1782905220000,1.13947,1.13947,1.13938,1.13946
1782905280000,1.13944,1.13946,1.13938,1.13945
1782905340000,1.13946,1.13951,1.13945,1.1395
1782905400000,1.13951,1.13951,1.13948,1.13948
1782905460000,1.13947,1.13947,1.13931,1.13942
1782905520000,1.13945,1.1395,1.13942,1.13949
1782905580000,1.13948,1.13948,1.1394,1.13942
1782905640000,1.13942,1.13945,1.13938,1.13944
1782905700000,1.13944,1.13957,1.13938,1.13955
1782905760000,1.13954,1.13957,1.13949,1.1395
1782905820000,1.1395,1.13954,1.13944,1.13946
1782905880000,1.13945,1.13946,1.1394,1.13944
1782905940000,1.13942,1.13945,1.1394,1.13941
1782906000000,1.13941,1.1396,1.13941,1.13952
1782906060000,1.13952,1.13957,1.13949,1.13954
1782906120000,1.13954,1.13954,1.13948,1.13951
1782906180000,1.1395,1.13951,1.13944,1.13947
1782906240000,1.13949,1.13953,1.13945,1.13951
1782906300000,1.1395,1.13951,1.13936,1.13944
1782906360000,1.13943,1.13952,1.13943,1.13948
1782906420000,1.13947,1.13951,1.13944,1.13947
1782906480000,1.13947,1.13947,1.13935,1.13935
1782906540000,1.13935,1.13937,1.13903,1.13903
1782906600000,1.13904,1.13921,1.13903,1.13917
1782906660000,1.13915,1.13931,1.13913,1.13915
1782906720000,1.13916,1.13918,1.13905,1.13912
1782906780000,1.13911,1.1392,1.13908,1.13919
1782906840000,1.13919,1.13933,1.13896,1.13896
1782906900000,1.13894,1.13905,1.13886,1.13887
1782906960000,1.13887,1.13895,1.13865,1.13865
1782907020000,1.13866,1.13867,1.13849,1.13861
1782907080000,1.13861,1.13865,1.13851,1.13861
1782907140000,1.1386,1.13863,1.1385,1.13855
1782907200000,1.13855,1.13878,1.13855,1.13874
1782907260000,1.13874,1.13874,1.13864,1.13866
1782907320000,1.13866,1.13871,1.13851,1.13868
1782907380000,1.13866,1.13866,1.13854,1.13865
1782907440000,1.13866,1.13873,1.13861,1.13867
1782907500000,1.13865,1.13867,1.13844,1.13847
1782907560000,1.13847,1.13857,1.13835,1.13836
1782907620000,1.13836,1.13854,1.13835,1.13849
1782907680000,1.13854,1.13861,1.1385,1.1385
1782907740000,1.13851,1.13851,1.13821,1.13823
1782907800000,1.13824,1.13832,1.13819,1.13831
1782907860000,1.13829,1.1383,1.13813,1.13816
1782907920000,1.13814,1.13814,1.13806,1.13809
1782907980000,1.13808,1.1383,1.13806,1.13827
1782908040000,1.13826,1.13829,1.13816,1.13823
1782908100000,1.13824,1.13867,1.13824,1.13847
1782908160000,1.13849,1.13862,1.13849,1.13857
1782908220000,1.13859,1.13866,1.13855,1.1386
1782908280000,1.13857,1.13868,1.13853,1.13867
1782908340000,1.13864,1.13871,1.1386,1.13871
1782908400000,1.13871,1.13871,1.13855,1.13856
1782908460000,1.13855,1.1386,1.13844,1.13845
1782908520000,1.13845,1.13854,1.13828,1.13834
1782908580000,1.13836,1.13851,1.13832,1.1384
1782908640000,1.13842,1.13846,1.13835,1.13836
1782908700000,1.13836,1.1384,1.13824,1.13824
1782908760000,1.13826,1.13848,1.13826,1.1384
1782908820000,1.13838,1.13847,1.13813,1.13817
1782908880000,1.13815,1.13822,1.13808,1.1381
1782908940000,1.13811,1.13815,1.13809,1.13809
1782909000000,1.1381,1.13836,1.1381,1.13822
1782909060000,1.13823,1.13829,1.13814,1.13814
1782909120000,1.13815,1.13822,1.1381,1.13812
1782909180000,1.13811,1.13811,1.13774,1.13789
1782909240000,1.1379,1.1379,1.13767,1.13768
1782909300000,1.13769,1.13772,1.13745,1.13749
1782909360000,1.1375,1.13752,1.13731,1.13731
1782909420000,1.13732,1.13748,1.13722,1.13725
1782909480000,1.13725,1.13733,1.13721,1.13728
1782909540000,1.13728,1.13728,1.13696,1.13697
1782909600000,1.13699,1.13702,1.1369,1.13698
1782909660000,1.13699,1.13732,1.13689,1.13726
1782909720000,1.13729,1.13747,1.13718,1.13718
1782909780000,1.13716,1.13741,1.13712,1.13731
1782909840000,1.13731,1.13733,1.13717,1.13732
1782909900000,1.13733,1.13736,1.13719,1.1373
1782909960000,1.13729,1.1373,1.13712,1.13716
1782910020000,1.13715,1.13716,1.13704,1.13705
1782910080000,1.13705,1.13731,1.13705,1.13731
1782910140000,1.13732,1.13745,1.13725,1.13738
1782910200000,1.13738,1.13751,1.13731,1.13735
1782910260000,1.13733,1.13747,1.13728,1.13743
1782910320000,1.13743,1.13747,1.13738,1.13741
1782910380000,1.13741,1.13741,1.13717,1.1372
1782910440000,1.1372,1.13735,1.1372,1.1373
1782910500000,1.1373,1.13732,1.13713,1.13724
1782910560000,1.13725,1.13733,1.13715,1.13725
1782910620000,1.13722,1.13726,1.13712,1.13717
1782910680000,1.13715,1.13718,1.13706,1.13713
1782910740000,1.13713,1.13716,1.13705,1.1371
1782910800000,1.13711,1.13746,1.13704,1.13739
1782910860000,1.1374,1.13746,1.13735,1.1374
1782910920000,1.1374,1.13742,1.13726,1.13727
1782910980000,1.13726,1.13742,1.13725,1.13741
1782911040000,1.13741,1.1375,1.13735,1.13741
1782911100000,1.13742,1.13742,1.13729,1.13737
1782911160000,1.13737,1.13747,1.13729,1.13741
1782911220000,1.13741,1.13741,1.13724,1.1373
1782911280000,1.1373,1.13732,1.13707,1.13709
1782911340000,1.13709,1.13743,1.13709,1.13742
1782911400000,1.13742,1.13742,1.13637,1.13648
1782911460000,1.13647,1.13676,1.13635,1.13673
1782911520000,1.13673,1.13678,1.13641,1.13655
1782911580000,1.13656,1.13659,1.13639,1.13649
1782911640000,1.13651,1.13651,1.13617,1.13618
1782911700000,1.13618,1.13646,1.13618,1.13634
1782911760000,1.13634,1.13653,1.13632,1.13647
1782911820000,1.13646,1.1372,1.1364,1.13705
1782911880000,1.13703,1.13709,1.13686,1.13706
1782911940000,1.13704,1.13704,1.13678,1.13695
1782912000000,1.13696,1.13746,1.13696,1.13745
1782912060000,1.13745,1.13745,1.13705,1.13735
1782912120000,1.13737,1.1379,1.13735,1.13775
1782912180000,1.13773,1.13782,1.13756,1.13765
1782912240000,1.13766,1.13809,1.13766,1.13799
1782912300000,1.13799,1.13804,1.13783,1.13784
1782912360000,1.13786,1.13814,1.13776,1.13814
1782912420000,1.13812,1.13853,1.13812,1.1385
1782912480000,1.1385,1.13872,1.13845,1.13857
1782912540000,1.13856,1.13873,1.13779,1.13856
1782912600000,1.13854,1.13897,1.13833,1.13862
1782912660000,1.13861,1.13946,1.13859,1.13902
1782912720000,1.139,1.13915,1.13886,1.13909
1782912780000,1.13908,1.13916,1.13884,1.13897
1782912840000,1.13898,1.13898,1.13881,1.13895
1782912900000,1.13896,1.13912,1.13879,1.13882
1782912960000,1.13882,1.1391,1.13881,1.13906
1782913020000,1.13906,1.13912,1.1385,1.13868
1782913080000,1.13869,1.13924,1.13859,1.1392
1782913140000,1.1392,1.1392,1.13876,1.13877
1782913200000,1.13875,1.13916,1.13871,1.13911
1782913260000,1.1391,1.13972,1.13899,1.13967
1782913320000,1.13964,1.13991,1.13952,1.13979
1782913380000,1.1398,1.14024,1.13979,1.14024
1782913440000,1.14024,1.14048,1.1401,1.14043
1782913500000,1.14043,1.14118,1.14038,1.14103
1782913560000,1.14101,1.14101,1.14071,1.14081
1782913620000,1.14083,1.14091,1.14036,1.14037
1782913680000,1.14038,1.14071,1.14025,1.1406
1782913740000,1.14061,1.14063,1.14039,1.14041
1782913800000,1.14041,1.14052,1.14016,1.14041
1782913860000,1.14038,1.14039,1.14005,1.14015
1782913920000,1.14018,1.14028,1.14005,1.14006
1782913980000,1.14006,1.14014,1.13985,1.1399
1782914040000,1.13989,1.13992,1.13978,1.13981
1782914100000,1.1398,1.13982,1.13963,1.13966
1782914160000,1.13968,1.13991,1.13968,1.13971
1782914220000,1.1397,1.13979,1.13962,1.13965
1782914280000,1.13964,1.13964,1.13923,1.13937
1782914340000,1.13936,1.13956,1.13927,1.13952
1782914400000,1.13949,1.14024,1.13949,1.13987
1782914460000,1.13986,1.13992,1.13954,1.13954
1782914520000,1.13955,1.1396,1.13929,1.13946
1782914580000,1.13949,1.13954,1.13917,1.13919
1782914640000,1.13921,1.13951,1.13919,1.13933
1782914700000,1.13932,1.13958,1.13924,1.13955
1782914760000,1.13957,1.14008,1.13955,1.13995
1782914820000,1.13997,1.14007,1.13982,1.13987
1782914880000,1.13988,1.14002,1.13985,1.14002
1782914940000,1.14004,1.14027,1.14001,1.14025
1782915000000,1.14027,1.14054,1.14022,1.14036
1782915060000,1.14037,1.14037,1.14,1.14002
1782915120000,1.14004,1.14027,1.14001,1.14007
1782915180000,1.14005,1.14012,1.14001,1.14002
1782915240000,1.14001,1.14009,1.1399,1.14001
1782915300000,1.14,1.14,1.13972,1.13991
1782915360000,1.13988,1.14002,1.13974,1.1399
1782915420000,1.13991,1.13993,1.1397,1.13975
1782915480000,1.13975,1.13992,1.13962,1.13966
1782915540000,1.13969,1.13973,1.13937,1.13941
1782915600000,1.13942,1.13979,1.13936,1.13965
1782915660000,1.13965,1.13973,1.13956,1.13966
1782915720000,1.13966,1.13966,1.13945,1.13951
1782915780000,1.13948,1.13953,1.13936,1.13936
1782915840000,1.13935,1.13956,1.13921,1.13923
1782915900000,1.13924,1.13939,1.13915,1.13922
1782915960000,1.1392,1.1393,1.13915,1.13923
1782916020000,1.13924,1.13924,1.13905,1.13911
1782916080000,1.1391,1.13911,1.139,1.13907
1782916140000,1.13905,1.13919,1.13905,1.13915
1782916200000,1.13916,1.13926,1.13905,1.13911
1782916260000,1.13908,1.13929,1.13908,1.13927
1782916320000,1.13927,1.13943,1.13925,1.13928
1782916380000,1.1393,1.13965,1.1393,1.13961
1782916440000,1.13961,1.14014,1.13959,1.14014
1782916500000,1.14013,1.14015,1.13987,1.13995
1782916560000,1.13996,1.14012,1.13983,1.13987
1782916620000,1.13987,1.14001,1.13983,1.13989
1782916680000,1.13989,1.13989,1.13946,1.13949
1782916740000,1.13952,1.1397,1.13948,1.13962
1782916800000,1.13962,1.13987,1.13962,1.1398
1782916860000,1.1398,1.13992,1.13966,1.13968
1782916920000,1.13966,1.13987,1.13966,1.13973
1782916980000,1.13972,1.13983,1.13965,1.13965
1782917040000,1.13963,1.13968,1.13934,1.13944
1782917100000,1.13946,1.13987,1.13944,1.13956
1782917160000,1.13954,1.1397,1.1395,1.13963
1782917220000,1.13965,1.13979,1.13957,1.13958
1782917280000,1.13957,1.13957,1.13918,1.13923
1782917340000,1.13923,1.13936,1.13918,1.1392
1782917400000,1.13922,1.13922,1.13886,1.13901
1782917460000,1.13901,1.13909,1.13891,1.13891
1782917520000,1.13892,1.13909,1.13888,1.13904
1782917580000,1.13904,1.13904,1.13881,1.13881
1782917640000,1.13881,1.13886,1.13861,1.13862
1782917700000,1.13862,1.13911,1.13848,1.13902
1782917760000,1.13903,1.13914,1.13892,1.13907
1782917820000,1.13906,1.13944,1.13886,1.13937
1782917880000,1.13939,1.13947,1.13934,1.13936
1782917940000,1.13938,1.13952,1.13933,1.13952
1782918000000,1.13954,1.13961,1.13947,1.13947
1782918060000,1.13946,1.13946,1.13912,1.13931
1782918120000,1.13931,1.13937,1.139,1.139
1782918180000,1.13896,1.13904,1.13884,1.13904
1782918240000,1.13903,1.13909,1.13891,1.13893
1782918300000,1.13894,1.13907,1.13883,1.13907
1782918360000,1.13908,1.13925,1.13898,1.13919
1782918420000,1.13919,1.13939,1.13875,1.13883
1782918480000,1.13882,1.13891,1.13868,1.13871
1782918540000,1.1387,1.13877,1.1386,1.13862
1782918600000,1.13864,1.13878,1.13861,1.13876
1782918660000,1.13878,1.13881,1.13864,1.13872
1782918720000,1.13873,1.13883,1.13865,1.13879
1782918780000,1.13879,1.13883,1.13857,1.13858
1782918840000,1.13859,1.13873,1.13858,1.13871
1782918900000,1.13871,1.13871,1.13858,1.13858
1782918960000,1.13856,1.13868,1.13853,1.13865
1782919020000,1.13867,1.13875,1.13863,1.13867
1782919080000,1.13866,1.13866,1.13843,1.13857
1782919140000,1.13856,1.13863,1.13845,1.13847
1782919200000,1.13847,1.13874,1.13847,1.13869
1782919260000,1.1387,1.13896,1.1387,1.13882
1782919320000,1.13881,1.13883,1.13872,1.13873
1782919380000,1.13875,1.13887,1.13863,1.13865
1782919440000,1.13867,1.13888,1.1386,1.13888
1782919500000,1.13889,1.13898,1.13882,1.1389
1782919560000,1.13892,1.13905,1.13886,1.13896
1782919620000,1.13896,1.13902,1.13891,1.139
1782919680000,1.13902,1.13909,1.13893,1.13907
1782919740000,1.13907,1.13929,1.13907,1.13922
1782919800000,1.13922,1.13927,1.13912,1.13923
1782919860000,1.13923,1.13938,1.13921,1.13933
1782919920000,1.13935,1.13941,1.13915,1.13923
1782919980000,1.13923,1.13923,1.13855,1.13857
1782920040000,1.13859,1.13861,1.13827,1.13827
1782920100000,1.13827,1.13842,1.13815,1.13837
1782920160000,1.13838,1.13854,1.13812,1.13823
1782920220000,1.13822,1.13835,1.13816,1.13835
1782920280000,1.13834,1.1384,1.13828,1.13832
1782920340000,1.13833,1.13837,1.13825,1.13835
1782920400000,1.13836,1.13839,1.13823,1.1383
1782920460000,1.1383,1.1383,1.13805,1.13807
1782920520000,1.1381,1.1382,1.1381,1.1382
1782920580000,1.13819,1.1382,1.13807,1.13807
1782920640000,1.13805,1.13808,1.13789,1.13802
1782920700000,1.13803,1.13819,1.13801,1.13809
1782920760000,1.13812,1.13831,1.13801,1.13801
1782920820000,1.13802,1.13807,1.13795,1.13802
1782920880000,1.13802,1.13812,1.13799,1.13801
1782920940000,1.13801,1.13825,1.13795,1.13821
1782921000000,1.13821,1.1384,1.13819,1.13825
1782921060000,1.13824,1.13843,1.13824,1.1384
1782921120000,1.1384,1.13857,1.13837,1.13853
1782921180000,1.13853,1.13869,1.13851,1.13859
1782921240000,1.1386,1.13864,1.1385,1.13852
1782921300000,1.13854,1.13864,1.13846,1.1386
1782921360000,1.13859,1.13873,1.13858,1.13872
1782921420000,1.13872,1.13872,1.13848,1.13859
1782921480000,1.13857,1.1386,1.13842,1.13843
1782921540000,1.13843,1.1385,1.13831,1.13835
1782921600000,1.13836,1.13872,1.13836,1.13861
1782921660000,1.13862,1.1389,1.13861,1.13877
1782921720000,1.13878,1.13912,1.13876,1.13893
1782921780000,1.13892,1.13918,1.13886,1.13913
1782921840000,1.13913,1.13924,1.139,1.1392
1782921900000,1.1392,1.13934,1.13908,1.13916
1782921960000,1.13917,1.1394,1.13915,1.1394
1782922020000,1.13939,1.1394,1.1391,1.13912
1782922080000,1.13911,1.13913,1.13902,1.13902
1782922140000,1.13904,1.1391,1.13897,1.13901
1782922200000,1.13902,1.13906,1.13889,1.1389
1782922260000,1.1389,1.13911,1.1389,1.13908
1782922320000,1.13911,1.13913,1.13904,1.13904
1782922380000,1.13904,1.13904,1.13883,1.13885
1782922440000,1.13886,1.13886,1.13867,1.13876
1782922500000,1.13875,1.13877,1.13856,1.13862
1782922560000,1.13862,1.13867,1.13855,1.13866
1782922620000,1.13864,1.13873,1.13851,1.13851
1782922680000,1.1385,1.1385,1.13834,1.13836
1782922740000,1.13835,1.13841,1.13832,1.1384
1782922800000,1.13841,1.13864,1.1384,1.13861
1782922860000,1.13862,1.1387,1.13851,1.13862
1782922920000,1.13863,1.13865,1.13854,1.1386
1782922980000,1.13861,1.13871,1.13846,1.13849
1782923040000,1.13852,1.1386,1.1384,1.13858
1782923100000,1.13859,1.13883,1.13856,1.13883
1782923160000,1.13882,1.13883,1.13865,1.13876
1782923220000,1.13875,1.13884,1.13874,1.13884
1782923280000,1.13885,1.13892,1.13872,1.13875
1782923340000,1.13875,1.13875,1.1385,1.13854
1782923400000,1.13855,1.13857,1.13844,1.13845
1782923460000,1.13845,1.13847,1.13832,1.13839
1782923520000,1.1384,1.1384,1.13825,1.13834
1782923580000,1.13833,1.13834,1.13829,1.13834
1782923640000,1.13834,1.13834,1.13828,1.13832
1782923700000,1.1383,1.1383,1.13815,1.13816
1782923760000,1.13817,1.1383,1.13817,1.1382
1782923820000,1.13824,1.1383,1.13813,1.13816
1782923880000,1.13819,1.13828,1.13818,1.13821
1782923940000,1.1382,1.1382,1.13807,1.13809
1782924000000,1.13811,1.13825,1.13808,1.1382
1782924060000,1.1382,1.13823,1.1381,1.13815
1782924120000,1.13816,1.13824,1.13816,1.1382
1782924180000,1.13821,1.13822,1.13806,1.13806
1782924240000,1.13807,1.13813,1.13807,1.13813
1782924300000,1.13812,1.13822,1.1381,1.13816
1782924360000,1.13815,1.13826,1.13815,1.13824
1782924420000,1.13826,1.13832,1.13821,1.13825
1782924480000,1.13825,1.13827,1.13815,1.13817
1782924540000,1.13818,1.13822,1.13815,1.13821
1782924600000,1.13821,1.13821,1.13805,1.13811
1782924660000,1.13811,1.13821,1.13811,1.13818
1782924720000,1.13818,1.13818,1.13804,1.13805
1782924780000,1.13807,1.13811,1.13803,1.13803
1782924840000,1.13802,1.13812,1.13801,1.1381
1782924900000,1.13809,1.13817,1.13807,1.13813
1782924960000,1.13814,1.13814,1.13797,1.13799
1782925020000,1.138,1.13831,1.138,1.13827
1782925080000,1.13826,1.1384,1.13821,1.13826
1782925140000,1.13825,1.13828,1.13817,1.13823
1782925200000,1.13822,1.1384,1.1382,1.13838
1782925260000,1.13838,1.13843,1.13832,1.13837
1782925320000,1.13839,1.1385,1.13837,1.13843
1782925380000,1.13843,1.13844,1.13821,1.13824
1782925440000,1.13823,1.13832,1.13821,1.13828
1782925500000,1.13829,1.1384,1.13823,1.13839
1782925560000,1.13838,1.13838,1.13831,1.13836
1782925620000,1.13836,1.13841,1.13832,1.13841
1782925680000,1.1384,1.13842,1.13833,1.13838
1782925740000,1.13836,1.13839,1.1383,1.13833
1782925800000,1.13831,1.13833,1.1381,1.13823
1782925860000,1.13827,1.13832,1.13821,1.13831
1782925920000,1.13832,1.13836,1.13825,1.13832
1782925980000,1.13832,1.13832,1.13808,1.1381
1782926040000,1.13809,1.13811,1.13799,1.13799
1782926100000,1.13799,1.13815,1.13789,1.13812
1782926160000,1.13812,1.13833,1.1381,1.13833
1782926220000,1.13833,1.13833,1.13824,1.13831
1782926280000,1.13832,1.13832,1.13822,1.13822
1782926340000,1.13821,1.13833,1.13816,1.13833
1782926400000,1.13831,1.13837,1.13831,1.13836
1782926460000,1.13838,1.1384,1.13825,1.13826
1782926520000,1.13829,1.13833,1.13824,1.13828
1782926580000,1.13827,1.13832,1.13827,1.13831
1782926640000,1.13831,1.13846,1.13831,1.13838
1782926700000,1.13837,1.13847,1.13835,1.13845
1782926760000,1.13846,1.13857,1.13846,1.13847
1782926820000,1.13847,1.13853,1.13846,1.13852
1782926880000,1.13852,1.13857,1.13849,1.13853
1782926940000,1.13852,1.13855,1.13846,1.13847
1782927000000,1.13848,1.13858,1.13848,1.13857
1782927060000,1.13857,1.13858,1.13848,1.13853
1782927120000,1.13852,1.13854,1.13843,1.13852
1782927180000,1.13853,1.13857,1.13851,1.13853
1782927240000,1.13851,1.13853,1.13843,1.13847
1782927300000,1.13844,1.13848,1.13844,1.13846
1782927360000,1.13845,1.13851,1.13845,1.13848
1782927420000,1.13849,1.13852,1.13833,1.13841
1782927480000,1.13841,1.13843,1.13832,1.13832
1782927540000,1.13833,1.13833,1.13819,1.13822
1782927600000,1.13823,1.13824,1.13819,1.13822
1782927660000,1.13822,1.13827,1.13814,1.13815
1782927720000,1.13816,1.13818,1.13809,1.13809
1782927780000,1.13809,1.13813,1.13807,1.13807
1782927840000,1.13808,1.13808,1.138,1.13801
1782927900000,1.138,1.13811,1.13795,1.13807
1782927960000,1.13809,1.13819,1.13807,1.13817
1782928020000,1.13817,1.13824,1.13816,1.13818
1782928080000,1.13819,1.13826,1.13817,1.13826
1782928140000,1.13826,1.13826,1.13816,1.1382
1782928200000,1.13821,1.13823,1.13818,1.13819
1782928260000,1.13818,1.13825,1.13818,1.13818
1782928320000,1.13818,1.13818,1.1381,1.13812
1782928380000,1.13811,1.13812,1.13806,1.13811
1782928440000,1.13812,1.13813,1.138,1.13802
1782928500000,1.13803,1.13809,1.13802,1.13804
1782928560000,1.13805,1.13812,1.13799,1.13812
1782928620000,1.13809,1.13809,1.13796,1.13801
1782928680000,1.13803,1.13805,1.13801,1.13804
1782928740000,1.13803,1.13812,1.13803,1.13809
1782928800000,1.1381,1.13813,1.13807,1.1381
1782928860000,1.13808,1.13823,1.13808,1.13818
1782928920000,1.13818,1.13821,1.13808,1.13817
1782928980000,1.13816,1.13829,1.13813,1.13813
1782929040000,1.13812,1.13814,1.13805,1.1381
1782929100000,1.13811,1.13811,1.13801,1.13805
1782929160000,1.13803,1.13805,1.138,1.13804
1782929220000,1.13804,1.13805,1.13799,1.13799
1782929280000,1.13798,1.138,1.13791,1.13791
1782929340000,1.1379,1.13796,1.13787,1.13788
1782929400000,1.13788,1.13791,1.13786,1.13788
1782929460000,1.13788,1.13788,1.13777,1.13786
1782929520000,1.13786,1.13786,1.13777,1.13778
1782929580000,1.1378,1.13789,1.1378,1.13788
1782929640000,1.13787,1.13788,1.13787,1.13787
1782929700000,1.13785,1.13785,1.13777,1.13778
1782929760000,1.13778,1.13778,1.13774,1.13774
1782929820000,1.13773,1.13776,1.13766,1.13768
1782929880000,1.13769,1.13769,1.13761,1.13762
1782929940000,1.1376,1.13762,1.13755,1.13762
1782930000000,1.13762,1.13771,1.13761,1.13768
1782930060000,1.13769,1.13772,1.13765,1.13767
1782930120000,1.13767,1.13777,1.13766,1.13766
1782930180000,1.13766,1.13766,1.13754,1.13754
1782930240000,1.13753,1.13765,1.13752,1.13764
1782930300000,1.13765,1.13768,1.13758,1.1376
1782930360000,1.13759,1.13763,1.13753,1.13757
1782930420000,1.13756,1.13767,1.13756,1.13767
1782930480000,1.13765,1.13767,1.1376,1.13767
1782930540000,1.13767,1.13773,1.13764,1.13772
1782930600000,1.13772,1.13774,1.13761,1.13762
1782930660000,1.13764,1.13772,1.13762,1.13767
1782930720000,1.13769,1.1377,1.13766,1.13768
1782930780000,1.13767,1.13788,1.13767,1.13787
1782930840000,1.13787,1.13787,1.13778,1.13779
1782930900000,1.13777,1.13784,1.13777,1.13779
1782930960000,1.13781,1.13782,1.13773,1.13781
1782931020000,1.13783,1.13788,1.13782,1.13788
1782931080000,1.13787,1.13787,1.13783,1.13785
1782931140000,1.13785,1.13788,1.13783,1.13787
1782931200000,1.13788,1.13788,1.13783,1.13787
1782931260000,1.13788,1.13796,1.13782,1.13782
1782931320000,1.13784,1.13787,1.13779,1.13782
1782931380000,1.13781,1.13784,1.13778,1.13784
1782931440000,1.13786,1.13795,1.13778,1.13795
1782931500000,1.13793,1.13793,1.13787,1.13789
1782931560000,1.1379,1.13793,1.13788,1.13788
1782931620000,1.13791,1.13795,1.13787,1.13791
1782931680000,1.13788,1.1379,1.13786,1.13788
1782931740000,1.1379,1.1379,1.13784,1.13784
1782931800000,1.13781,1.13785,1.13777,1.13778
1782931860000,1.13779,1.13784,1.13777,1.13778
1782931920000,1.13778,1.13788,1.13777,1.13788
1782931980000,1.13788,1.13789,1.13783,1.13787
1782932040000,1.13789,1.13789,1.1378,1.13784
1782932100000,1.13781,1.13788,1.13781,1.13783
1782932160000,1.13784,1.13791,1.13781,1.13789
1782932220000,1.13791,1.138,1.13788,1.13798
1782932280000,1.13799,1.13803,1.13795,1.13801
1782932340000,1.138,1.13802,1.13795,1.13797
1782932400000,1.13798,1.1381,1.13798,1.13803
1782932460000,1.13801,1.13804,1.138,1.13804
1782932520000,1.13804,1.13815,1.13804,1.1381
1782932580000,1.1381,1.13811,1.13804,1.13804
1782932640000,1.13805,1.13809,1.13803,1.13803
1782932700000,1.13804,1.13809,1.13799,1.13809
1782932760000,1.13809,1.13809,1.13803,1.13805
1782932820000,1.13803,1.13805,1.13801,1.13802
1782932880000,1.13801,1.13806,1.13801,1.13805
1782932940000,1.13807,1.13809,1.13805,1.13808
1782933000000,1.13809,1.1381,1.13807,1.13807
1782933060000,1.13807,1.13807,1.13792,1.13792
1782933120000,1.13793,1.13798,1.13792,1.13798
1782933180000,1.13799,1.13799,1.13794,1.13797
1782933240000,1.13796,1.138,1.13793,1.13793
1782933300000,1.13794,1.13799,1.13792,1.13797
1782933360000,1.13798,1.138,1.13794,1.13799
1782933420000,1.13797,1.13797,1.13784,1.13784
1782933480000,1.13786,1.13787,1.13782,1.13783
1782933540000,1.13781,1.13783,1.13778,1.13779
1782933600000,1.1378,1.13785,1.13779,1.13782
1782933660000,1.13783,1.13785,1.13783,1.13784
1782933720000,1.13785,1.13786,1.13778,1.13786
1782933780000,1.13786,1.13786,1.13774,1.13774
1782933840000,1.13777,1.1378,1.13777,1.13778
1782933900000,1.13779,1.1378,1.13777,1.13777
1782933960000,1.13776,1.13783,1.13775,1.1378
1782934020000,1.13781,1.13782,1.13777,1.13782
1782934080000,1.13783,1.13788,1.13781,1.13788
1782934140000,1.13789,1.13798,1.13789,1.13794
1782934200000,1.13795,1.13799,1.13795,1.13797
1782934260000,1.13798,1.13798,1.13784,1.13789
1782934320000,1.13789,1.13796,1.13787,1.13795
1782934380000,1.13796,1.13802,1.13796,1.138
1782934440000,1.13799,1.13799,1.13794,1.13797
1782934500000,1.13797,1.13799,1.13797,1.13797
1782934560000,1.13795,1.13801,1.13795,1.13797
1782934620000,1.13798,1.13804,1.13798,1.13803
1782934680000,1.13803,1.13805,1.13799,1.13801
1782934740000,1.13801,1.13804,1.13801,1.13802
1782934800000,1.13802,1.13802,1.13794,1.13797
1782934860000,1.13797,1.13802,1.13797,1.13798
1782934920000,1.13798,1.13799,1.13794,1.13796
1782934980000,1.13796,1.13798,1.13792,1.13798
1782935040000,1.138,1.13802,1.13797,1.13802
1782935100000,1.13802,1.13802,1.13796,1.13797
1782935160000,1.13798,1.138,1.13797,1.13797
1782935220000,1.13798,1.13809,1.13798,1.13807
1782935280000,1.13809,1.13809,1.13803,1.13804
1782935340000,1.13804,1.13807,1.13802,1.13807
1782935400000,1.13808,1.13808,1.13789,1.13789
1782935460000,1.13791,1.13799,1.1379,1.13792
1782935520000,1.13792,1.13792,1.13779,1.1378
1782935580000,1.13782,1.13787,1.13778,1.13785
1782935640000,1.13784,1.13784,1.13778,1.13778
1782935700000,1.1378,1.13783,1.13777,1.13781
1782935760000,1.13782,1.13787,1.13779,1.13785
1782935820000,1.13785,1.13794,1.13778,1.13794
1782935880000,1.13794,1.13795,1.13788,1.1379
1782935940000,1.13792,1.13795,1.13786,1.13786
1782936000000,1.13786,1.13793,1.13785,1.13793
1782936060000,1.13793,1.13793,1.13784,1.13786
1782936120000,1.13787,1.13787,1.13781,1.13782
1782936180000,1.13783,1.13789,1.13783,1.13786
1782936240000,1.13787,1.1379,1.13785,1.13786
1782936300000,1.13786,1.13787,1.13779,1.13782
1782936360000,1.13784,1.13788,1.13784,1.13787
1782936420000,1.13785,1.13787,1.13785,1.13787
1782936480000,1.13786,1.13786,1.1378,1.13781
1782936540000,1.13782,1.13782,1.13776,1.13776
1782936600000,1.13776,1.13781,1.13776,1.13781
1782936660000,1.13781,1.13781,1.13777,1.13777
1782936720000,1.13778,1.13779,1.13776,1.13777
1782936780000,1.13779,1.13781,1.13774,1.13774
1782936840000,1.13776,1.13779,1.13776,1.13778
1782936900000,1.13778,1.13783,1.13777,1.13779
1782936960000,1.13781,1.13781,1.13773,1.13775
1782937020000,1.13774,1.13775,1.13768,1.13772
1782937080000,1.1377,1.13771,1.13765,1.13766
1782937140000,1.13766,1.13769,1.13765,1.13765
1782937200000,1.13765,1.13765,1.1376,1.13763
1782937260000,1.13764,1.13768,1.13764,1.13767
1782937320000,1.13765,1.1377,1.13762,1.1377
1782937380000,1.13771,1.13772,1.1377,1.13771
1782937440000,1.13772,1.13773,1.13771,1.13772
1782937500000,1.13771,1.13771,1.13766,1.13767
1782937560000,1.13767,1.13768,1.13763,1.13768
1782937620000,1.1377,1.1377,1.13768,1.13769
1782937680000,1.13769,1.1377,1.13766,1.13768
1782937740000,1.13767,1.13767,1.13761,1.13764
1782937800000,1.13762,1.13763,1.13762,1.13762
1782937860000,1.13763,1.13768,1.13762,1.13768
1782937920000,1.13769,1.13773,1.13762,1.13763
1782937980000,1.13762,1.13763,1.13762,1.13762
1782938040000,1.13762,1.13762,1.13757,1.13758
1782938100000,1.13763,1.13763,1.13762,1.13763
1782938160000,1.13762,1.13762,1.13757,1.13758
1782938220000,1.13762,1.13762,1.1376,1.13762
1782938280000,1.13762,1.13765,1.13757,1.13762
1782938340000,1.13763,1.13763,1.1376,1.13763
1782938400000,1.13761,1.13761,1.13754,1.13756
1782938460000,1.13754,1.13756,1.13749,1.13749
1782938520000,1.13748,1.13753,1.13748,1.13753
1782938580000,1.13754,1.13756,1.1375,1.13751
1782938640000,1.13751,1.13752,1.1374,1.13745
1782938700000,1.13745,1.13745,1.13742,1.13744
1782938760000,1.13742,1.13746,1.13739,1.13746
1782938820000,1.13747,1.13749,1.13744,1.13749
1782938880000,1.13749,1.1375,1.13747,1.1375
1782938940000,1.13752,1.13761,1.13748,1.1376
1782939000000,1.13763,1.13772,1.13762,1.1377
1782939060000,1.1377,1.13771,1.13768,1.13769
1782939120000,1.13771,1.13773,1.1377,1.13772
1782939180000,1.13769,1.13769,1.13763,1.13764
1782939240000,1.13761,1.13765,1.13761,1.13765
1782939300000,1.13763,1.13768,1.13754,1.13768
1782939360000,1.13766,1.13773,1.13766,1.1377
1782939420000,1.13769,1.13779,1.13769,1.13779
1782939480000,1.13781,1.13783,1.13775,1.13776
1782939540000,1.13777,1.13777,1.13765,1.13767
1782939600000,1.13768,1.13768,1.13763,1.13764
1782939660000,1.13768,1.13768,1.13768,1.13768
1782939720000,1.13772,1.13772,1.13762,1.13763
1782939780000,1.13766,1.13767,1.13766,1.13767
1782939840000,1.13763,1.13763,1.13763,1.13763
1782939900000,1.13759,1.13773,1.13759,1.13773
1782939960000,1.13773,1.13773,1.13766,1.13768
1782940020000,1.13761,1.13768,1.13758,1.13768
1782940080000,1.13766,1.13769,1.13763,1.13769
1782940140000,1.13772,1.13777,1.13772,1.13777
1782940200000,1.13775,1.13776,1.13775,1.13776
1782940260000,1.13777,1.13777,1.13777,1.13777
1782940320000,1.13776,1.13776,1.13776,1.13776
1782940380000,1.13775,1.13776,1.13775,1.13776
1782940440000,1.13776,1.13776,1.13776,1.13776
1782940500000,1.13775,1.13776,1.13775,1.13776
1782940560000,1.13777,1.13778,1.13776,1.13777
1782940620000,1.13777,1.13777,1.13777,1.13777
1782940680000,1.13778,1.13778,1.13778,1.13778
1782940740000,1.13777,1.13777,1.13777,1.13777
1782940800000,1.13778,1.13778,1.13778,1.13778
1782940860000,1.13778,1.13778,1.13778,1.13778
1782940920000,1.13778,1.13778,1.13778,1.13778
1782940980000,1.13777,1.13778,1.13777,1.13778
1782941040000,1.13778,1.13778,1.13778,1.13778
1782941100000,1.13777,1.13777,1.13777,1.13777
1782941160000,1.13775,1.13777,1.13775,1.13776
1782941220000,1.13774,1.13776,1.13774,1.13776
1782941280000,1.13775,1.13781,1.13775,1.13781
1782941340000,1.13785,1.13785,1.13784,1.13784
1782941400000,1.13785,1.13789,1.13784,1.13788
1782941460000,1.13788,1.1379,1.13788,1.13789
1782941520000,1.1379,1.1379,1.13789,1.1379
1782941580000,1.13786,1.13786,1.13785,1.13785
1782941640000,1.13784,1.13785,1.13784,1.13785
1782941700000,1.13784,1.13786,1.13784,1.13784
1782941760000,1.13784,1.13785,1.13784,1.13784
1782941820000,1.13784,1.13784,1.13784,1.13784
1782941880000,1.13785,1.13785,1.13784,1.13785
1782941940000,1.13784,1.13784,1.13783,1.13783
1782942000000,1.13785,1.13785,1.13785,1.13785
1782942060000,1.13783,1.13784,1.13783,1.13783
1782942120000,1.13784,1.13784,1.13783,1.13783
1782942180000,1.13784,1.13784,1.13783,1.13784
1782942240000,1.13784,1.13784,1.13784,1.13784
1782942300000,1.13784,1.13784,1.13784,1.13784
1782942360000,1.13783,1.13784,1.13782,1.13782
1782942420000,1.13783,1.13783,1.13783,1.13783
1782942480000,1.13782,1.13783,1.13782,1.13783
1782942540000,1.13783,1.13783,1.13783,1.13783
1782942600000,1.13783,1.13783,1.13783,1.13783
1782942660000,1.13782,1.13782,1.13782,1.13782
1782942720000,1.13782,1.13782,1.13782,1.13782
1782942780000,1.13782,1.13782,1.13782,1.13782
1782942840000,1.13782,1.13782,1.13782,1.13782
1782942900000,1.13784,1.13785,1.13783,1.13785
1782942960000,1.13785,1.13785,1.13785,1.13785
1782943020000,1.13786,1.13786,1.13786,1.13786
1782943080000,1.13786,1.13786,1.13786,1.13786
1782943140000,1.13786,1.13786,1.13777,1.13779
1782943200000,1.13779,1.13783,1.13775,1.13781
1782943260000,1.13784,1.13785,1.13779,1.1378
1782943320000,1.13779,1.1378,1.13774,1.13774
1782943380000,1.13775,1.13775,1.1377,1.13773
1782943440000,1.13771,1.13772,1.13771,1.13772
1782943500000,1.13772,1.13778,1.13771,1.13777
1782943560000,1.1378,1.1378,1.13777,1.13777
1782943620000,1.13777,1.13777,1.13777,1.13777
1782943680000,1.13783,1.13785,1.1378,1.1378
1782943740000,1.13781,1.13783,1.13778,1.13781
1782943800000,1.1378,1.13783,1.1378,1.13783
1782943860000,1.13782,1.13782,1.13782,1.13782
1782943920000,1.13782,1.13783,1.13781,1.13782
1782943980000,1.1378,1.1378,1.13779,1.13779
1782944040000,1.13778,1.1378,1.13778,1.1378
1782944100000,1.13779,1.1378,1.13778,1.13778
1782944160000,1.13777,1.13778,1.13777,1.13778
1782944220000,1.13778,1.13778,1.13778,1.13778
1782944280000,1.1378,1.13782,1.1378,1.13782
1782944340000,1.13782,1.13786,1.13782,1.13786
1782944400000,1.13791,1.13792,1.1379,1.13791
1782944460000,1.13791,1.13791,1.13791,1.13791
1782944520000,1.1379,1.1379,1.1379,1.1379
1782944580000,1.1379,1.13792,1.1379,1.13792
1782944640000,1.13793,1.13795,1.13791,1.13795
1782944700000,1.13794,1.13794,1.1379,1.13791
1782944760000,1.13791,1.13791,1.1379,1.13791
1782944820000,1.13792,1.13794,1.13792,1.13794
1782944880000,1.13792,1.13792,1.1379,1.13791
1782944940000,1.13791,1.13791,1.1379,1.1379
1782945000000,1.1379,1.1379,1.13786,1.13787
1782945060000,1.13789,1.13789,1.13786,1.13787
1782945120000,1.13789,1.13792,1.13789,1.13792
1782945180000,1.13791,1.13792,1.13791,1.13792
1782945240000,1.13792,1.13793,1.13791,1.13793
1782945300000,1.13792,1.13792,1.13792,1.13792
1782945360000,1.13791,1.13793,1.13791,1.13791
1782945420000,1.13793,1.13794,1.13792,1.13793
1782945480000,1.13792,1.13792,1.13792,1.13792
1782945540000,1.13792,1.13794,1.13791,1.13794
1782945600000,1.13793,1.13795,1.13792,1.13793
1782945660000,1.13793,1.13794,1.13792,1.13794
1782945720000,1.13792,1.13793,1.13792,1.13793
1782945780000,1.13794,1.13794,1.13794,1.13794
1782945840000,1.13793,1.13793,1.13793,1.13793
1782945900000,1.13791,1.13791,1.13786,1.13786
1782945960000,1.13787,1.13788,1.13786,1.13786
1782946020000,1.13787,1.13787,1.13786,1.13786
1782946080000,1.13786,1.13788,1.13786,1.13787
1782946140000,1.13787,1.13789,1.13787,1.13787
1782946200000,1.13785,1.13787,1.13784,1.13786
1782946260000,1.13786,1.13786,1.13786,1.13786
1782946320000,1.13785,1.13786,1.13784,1.13786
1782946380000,1.13785,1.13786,1.13785,1.13785
1782946440000,1.13785,1.13785,1.13785,1.13785
1782946500000,1.13784,1.13784,1.13784,1.13784
1782946560000,1.13785,1.13786,1.13784,1.13786
1782946620000,1.13785,1.13785,1.13785,1.13785
1782946680000,1.13788,1.13789,1.13788,1.13789
1782946740000,1.13787,1.13787,1.13787,1.13787
1782946800000,1.13787,1.13788,1.13785,1.13785
1782946860000,1.13785,1.13785,1.13785,1.13785
1782946920000,1.13786,1.13786,1.13785,1.13785
1782946980000,1.13785,1.13787,1.13785,1.13786
1782947040000,1.13787,1.13787,1.13785,1.13785
1782947100000,1.13787,1.13787,1.13787,1.13787
1782947160000,1.13785,1.13787,1.13785,1.13786
1782947220000,1.13784,1.13784,1.13784,1.13784
1782947280000,1.13784,1.13784,1.13784,1.13784
1782947340000,1.13783,1.13783,1.13783,1.13783
1782947400000,1.13783,1.13785,1.13777,1.13779
1782947460000,1.13779,1.13779,1.13779,1.13779
1782947520000,1.1378,1.13784,1.13778,1.13783
1782947580000,1.13782,1.13783,1.13782,1.13783
1782947640000,1.13782,1.13782,1.13782,1.13782
1782947700000,1.13783,1.13783,1.13776,1.13776
1782947760000,1.13777,1.13778,1.13776,1.13777
1782947820000,1.13778,1.13778,1.13773,1.13776
1782947880000,1.13777,1.13778,1.13774,1.13776
1782947940000,1.13774,1.13778,1.13774,1.13777
1782948000000,1.13777,1.13777,1.13776,1.13776
1782948060000,1.13775,1.13777,1.13775,1.13777
1782948120000,1.13777,1.13777,1.13776,1.13776
1782948180000,1.13776,1.13779,1.13776,1.13778
1782948240000,1.13782,1.13784,1.13778,1.13778
1782948300000,1.13779,1.13779,1.13779,1.13779
1782948360000,1.13779,1.1378,1.13778,1.13778
1782948420000,1.13779,1.13779,1.13777,1.13777
1782948480000,1.13777,1.13777,1.13777,1.13777
1782948540000,1.13779,1.13779,1.13779,1.13779
1782948600000,1.13779,1.13782,1.13779,1.13779
1782948660000,1.13779,1.13781,1.13777,1.13777
1782948720000,1.13776,1.13778,1.13776,1.13778
1782948780000,1.1378,1.1378,1.1378,1.1378
1782948840000,1.1378,1.1378,1.13776,1.1378
1782948900000,1.1378,1.1378,1.13778,1.1378
1782948960000,1.13778,1.1378,1.13778,1.13778
1782949020000,1.13778,1.1378,1.13778,1.13778
1782949080000,1.1378,1.1378,1.13778,1.13779
1782949140000,1.13779,1.13779,1.13775,1.13777
1782949200000,1.13778,1.13779,1.13777,1.13779
1782949260000,1.1378,1.1378,1.13778,1.13778
1782949320000,1.13781,1.13782,1.13781,1.13782
1782949380000,1.13782,1.13782,1.13776,1.13776
1782949440000,1.13777,1.13785,1.13775,1.13783
1782949500000,1.13783,1.13784,1.13782,1.13783
1782949560000,1.13782,1.13783,1.13776,1.13778
1782949620000,1.13779,1.13783,1.13779,1.13782
1782949680000,1.13782,1.13784,1.13782,1.13783
1782949740000,1.13783,1.13783,1.13777,1.13778
1782949800000,1.13778,1.13779,1.13773,1.13778
1782949860000,1.13776,1.13779,1.13774,1.13778
1782949920000,1.13778,1.13778,1.1377,1.13774
1782949980000,1.13774,1.13779,1.13774,1.13775
1782950040000,1.13775,1.1378,1.13775,1.13778
1782950100000,1.13777,1.13783,1.13774,1.13783
1782950160000,1.13784,1.13784,1.13778,1.13779
1782950220000,1.13779,1.1378,1.13777,1.13777
1782950280000,1.13776,1.13776,1.13773,1.13773
1782950340000,1.13774,1.13774,1.13773,1.13774
1782950400000,1.13773,1.13774,1.13761,1.13764
1782950460000,1.13764,1.13779,1.13764,1.13779
1782950520000,1.13779,1.13786,1.13771,1.13786
1782950580000,1.13787,1.13788,1.13784,1.13788
1782950640000,1.13788,1.13797,1.13787,1.13791
1782950700000,1.1379,1.13802,1.13788,1.138
1782950760000,1.138,1.13802,1.13796,1.13801
1782950820000,1.13801,1.13828,1.13801,1.13826
1782950880000,1.13825,1.13832,1.13822,1.13822
1782950940000,1.13819,1.13826,1.13815,1.13819
1782951000000,1.1382,1.13821,1.13811,1.13811
1782951060000,1.1381,1.13813,1.13805,1.1381
1782951120000,1.1381,1.13816,1.13807,1.13812
1782951180000,1.13812,1.13812,1.13801,1.13801
1782951240000,1.13801,1.13807,1.13801,1.13805
1782951300000,1.13804,1.13804,1.13784,1.13786
1782951360000,1.13785,1.13789,1.13783,1.13788
1782951420000,1.13788,1.13789,1.13781,1.13785
1782951480000,1.13786,1.13788,1.13785,1.13786
1782951540000,1.13786,1.13786,1.13777,1.13777
1782951600000,1.13776,1.13788,1.13776,1.13787
1782951660000,1.13786,1.13788,1.13782,1.13785
1782951720000,1.13785,1.13787,1.13783,1.13787
1782951780000,1.13788,1.13789,1.1378,1.1378
1782951840000,1.13782,1.13788,1.13782,1.13787
1782951900000,1.13786,1.13786,1.13776,1.13776
1782951960000,1.13777,1.13777,1.13766,1.1377
1782952020000,1.13772,1.13772,1.13767,1.13772
1782952080000,1.13771,1.13771,1.13765,1.13766
1782952140000,1.13765,1.13767,1.13763,1.13766
1782952200000,1.13768,1.1377,1.13761,1.13761
1782952260000,1.13761,1.13763,1.13756,1.13757
1782952320000,1.13757,1.13758,1.13752,1.13758
1782952380000,1.13755,1.13756,1.13751,1.13752
1782952440000,1.13752,1.13757,1.13749,1.13749
1782952500000,1.1375,1.13759,1.1375,1.13757
1782952560000,1.13758,1.13766,1.13758,1.1376
1782952620000,1.13759,1.13761,1.13757,1.13761
1782952680000,1.13763,1.13764,1.1376,1.13762
1782952740000,1.13761,1.13766,1.13761,1.13764
1782952800000,1.13764,1.13766,1.13762,1.13762
1782952860000,1.13763,1.13768,1.13763,1.13767
1782952920000,1.13767,1.13786,1.13767,1.13772
1782952980000,1.1377,1.13771,1.13768,1.1377
1782953040000,1.1377,1.13775,1.13767,1.13774
1782953100000,1.13771,1.13781,1.13771,1.13778
1782953160000,1.13777,1.13785,1.13777,1.13781
1782953220000,1.13781,1.13792,1.1378,1.13789
1782953280000,1.13789,1.1379,1.13787,1.13788
1782953340000,1.13787,1.13795,1.13787,1.13793
1782953400000,1.13792,1.13792,1.13783,1.13783
1782953460000,1.13783,1.13784,1.1378,1.13782
1782953520000,1.13781,1.1379,1.13775,1.13789
1782953580000,1.13788,1.13788,1.13779,1.13784
1782953640000,1.13784,1.13785,1.13772,1.13778
1782953700000,1.13775,1.13776,1.13757,1.13765
1782953760000,1.13764,1.13765,1.1376,1.13762
1782953820000,1.13761,1.13769,1.13758,1.13768
1782953880000,1.13769,1.13771,1.13765,1.13765
1782953940000,1.13764,1.13765,1.1376,1.13765
1782954000000,1.13763,1.13776,1.13761,1.13774
1782954060000,1.13776,1.13781,1.1377,1.13781
1782954120000,1.1378,1.13788,1.13777,1.13781
1782954180000,1.13781,1.13785,1.13779,1.13782
1782954240000,1.13783,1.13785,1.13778,1.13782
1782954300000,1.13781,1.13786,1.13776,1.1378
1782954360000,1.13781,1.13789,1.13779,1.13789
1782954420000,1.13788,1.13788,1.13783,1.13787
1782954480000,1.13787,1.13793,1.13786,1.13793
1782954540000,1.13794,1.13794,1.1379,1.1379
1782954600000,1.13788,1.13798,1.13786,1.13797
1782954660000,1.13797,1.13798,1.1379,1.1379
1782954720000,1.13789,1.13791,1.13784,1.13785
1782954780000,1.13785,1.13785,1.1378,1.1378
1782954840000,1.1378,1.13794,1.13775,1.13794
1782954900000,1.13793,1.13796,1.13783,1.13784
1782954960000,1.13786,1.1379,1.13784,1.13785
1782955020000,1.13786,1.13788,1.13774,1.13778
1782955080000,1.13778,1.13788,1.13778,1.13786
1782955140000,1.13785,1.13789,1.13784,1.13787
1782955200000,1.13787,1.13792,1.13782,1.13788
1782955260000,1.13787,1.13797,1.13786,1.13796
1782955320000,1.13795,1.13801,1.13791,1.13797
1782955380000,1.13796,1.13797,1.13795,1.13796
1782955440000,1.13793,1.13798,1.13793,1.13795
1782955500000,1.13795,1.13797,1.13792,1.13796
1782955560000,1.13795,1.13796,1.13786,1.13791
1782955620000,1.13792,1.13792,1.13787,1.13788
1782955680000,1.13786,1.13791,1.13784,1.13785
1782955740000,1.13784,1.13792,1.1378,1.13792
1782955800000,1.1379,1.13793,1.13786,1.13791
1782955860000,1.13792,1.13792,1.13789,1.13791
1782955920000,1.13791,1.13791,1.13774,1.13778
1782955980000,1.13777,1.13782,1.13773,1.13773
1782956040000,1.13774,1.13783,1.13774,1.13783
1782956100000,1.13783,1.13784,1.13779,1.1378
1782956160000,1.1378,1.13784,1.1378,1.13784
1782956220000,1.13786,1.13795,1.13786,1.13795
1782956280000,1.13796,1.13803,1.13793,1.13802
1782956340000,1.138,1.13812,1.138,1.13812
1782956400000,1.13814,1.13824,1.13814,1.1382
1782956460000,1.1382,1.1382,1.13815,1.13816
1782956520000,1.13816,1.13816,1.13814,1.13816
1782956580000,1.13818,1.13828,1.13816,1.13828
1782956640000,1.1383,1.1383,1.13811,1.13811
1782956700000,1.1381,1.13817,1.13806,1.13817
1782956760000,1.13818,1.13837,1.13818,1.13837
1782956820000,1.13835,1.1384,1.13834,1.13836
1782956880000,1.13835,1.13853,1.13835,1.13851
1782956940000,1.13852,1.13852,1.13849,1.1385
1782957000000,1.13849,1.13857,1.13845,1.13855
1782957060000,1.13854,1.13854,1.13841,1.13842
1782957120000,1.13842,1.13842,1.13833,1.13835
1782957180000,1.13835,1.13841,1.13834,1.13841
1782957240000,1.13841,1.13841,1.13835,1.13836
1782957300000,1.13834,1.13834,1.13827,1.13827
1782957360000,1.13827,1.13831,1.13825,1.13825
1782957420000,1.13823,1.13827,1.13814,1.13816
1782957480000,1.13817,1.13819,1.13813,1.13814
1782957540000,1.13812,1.13816,1.13808,1.13814
1782957600000,1.13816,1.13837,1.13814,1.13836
1782957660000,1.13836,1.13836,1.13826,1.13835
1782957720000,1.13834,1.13836,1.1383,1.13833
1782957780000,1.13833,1.13841,1.13833,1.13835
1782957840000,1.13835,1.13839,1.13832,1.13838
1782957900000,1.13836,1.13842,1.13834,1.13838
1782957960000,1.13839,1.13845,1.13836,1.13845
1782958020000,1.13845,1.13846,1.13843,1.13845
1782958080000,1.13844,1.13847,1.1384,1.13841
1782958140000,1.1384,1.13844,1.13836,1.13839
1782958200000,1.13839,1.13841,1.13837,1.13839
1782958260000,1.13839,1.13839,1.13832,1.13834
1782958320000,1.13836,1.13847,1.13833,1.13847
1782958380000,1.13845,1.1385,1.13845,1.13849
1782958440000,1.13851,1.13866,1.13848,1.13864
1782958500000,1.13863,1.13873,1.1386,1.13871
1782958560000,1.1387,1.13883,1.13869,1.13876
1782958620000,1.13876,1.1388,1.13874,1.13878
1782958680000,1.13878,1.13882,1.13877,1.13882
1782958740000,1.13881,1.13883,1.13878,1.13881
1782958800000,1.1388,1.13881,1.13869,1.13869
1782958860000,1.1387,1.13871,1.13864,1.13866
1782958920000,1.13868,1.13868,1.13857,1.13857
1782958980000,1.13855,1.13856,1.13851,1.13851
1782959040000,1.13853,1.13854,1.13848,1.1385
1782959100000,1.1385,1.1385,1.13848,1.1385
1782959160000,1.13849,1.13851,1.13847,1.13851
1782959220000,1.1385,1.1385,1.13845,1.13846
1782959280000,1.13847,1.13847,1.13839,1.13843
1782959340000,1.13844,1.13851,1.13843,1.13849
1782959400000,1.1385,1.1385,1.1385,1.1385
1782959460000,1.1385,1.13852,1.13848,1.13851
1782959520000,1.13851,1.13861,1.13851,1.13861
1782959580000,1.13861,1.13863,1.13858,1.13859
1782959640000,1.13861,1.13862,1.1386,1.13862
1782959700000,1.13861,1.13861,1.13853,1.13856
1782959760000,1.13856,1.13858,1.13854,1.13854
1782959820000,1.13855,1.13856,1.13847,1.1385
1782959880000,1.13849,1.13854,1.13848,1.13849
1782959940000,1.13848,1.13851,1.13846,1.13846
1782960000000,1.13845,1.13845,1.13839,1.13843
1782960060000,1.13844,1.13844,1.13839,1.1384
1782960120000,1.13841,1.13841,1.13839,1.1384
1782960180000,1.13841,1.1385,1.13841,1.1385
1782960240000,1.13849,1.13849,1.13842,1.13844
1782960300000,1.13843,1.13848,1.13842,1.13843
1782960360000,1.13843,1.1385,1.13842,1.13844
1782960420000,1.13844,1.13844,1.1384,1.13842
1782960480000,1.13842,1.13842,1.13834,1.13835
1782960540000,1.13834,1.13837,1.13833,1.13835
1782960600000,1.13833,1.13836,1.13833,1.13836
1782960660000,1.13834,1.13845,1.13834,1.13844
1782960720000,1.13843,1.13843,1.13835,1.13835
1782960780000,1.13835,1.13835,1.13825,1.1383
1782960840000,1.13831,1.13835,1.13827,1.13833
1782960900000,1.13832,1.13834,1.13819,1.1382
1782960960000,1.13818,1.13819,1.13809,1.13815
1782961020000,1.13816,1.13824,1.13815,1.13824
1782961080000,1.13824,1.13828,1.13824,1.13826
1782961140000,1.13825,1.13826,1.13819,1.13821
1782961200000,1.1382,1.13831,1.13819,1.1383
1782961260000,1.13832,1.13833,1.13827,1.13828
1782961320000,1.13827,1.13827,1.13812,1.13815
1782961380000,1.13815,1.13817,1.13814,1.13815
1782961440000,1.13814,1.13818,1.13811,1.13813
1782961500000,1.13814,1.13817,1.13807,1.13815
1782961560000,1.13816,1.13818,1.13814,1.13815
1782961620000,1.13815,1.1382,1.13814,1.13818
1782961680000,1.13819,1.13819,1.13812,1.13813
1782961740000,1.13812,1.13814,1.13804,1.13804
1782961800000,1.13806,1.13806,1.13796,1.13799
1782961860000,1.13798,1.13798,1.13788,1.13798
1782961920000,1.138,1.138,1.13796,1.13796
1782961980000,1.13796,1.13799,1.13793,1.13798
1782962040000,1.13799,1.13802,1.13795,1.13796
1782962100000,1.13797,1.13803,1.13796,1.13801
1782962160000,1.13801,1.13802,1.13798,1.13799
1782962220000,1.138,1.138,1.13786,1.13788
1782962280000,1.13788,1.13788,1.13783,1.13785
1782962340000,1.13784,1.13787,1.13784,1.13785
1782962400000,1.13785,1.13786,1.13779,1.13783
1782962460000,1.13785,1.13786,1.13784,1.13786
1782962520000,1.13787,1.1379,1.13785,1.13788
1782962580000,1.13788,1.13788,1.13785,1.13785
1782962640000,1.13785,1.13786,1.13783,1.13784
1782962700000,1.13786,1.13787,1.13785,1.13786
1782962760000,1.13788,1.13788,1.13779,1.13781
1782962820000,1.13782,1.13789,1.13781,1.13786
1782962880000,1.13786,1.13797,1.13786,1.13795
1782962940000,1.13795,1.13801,1.13794,1.13801
1782963000000,1.13801,1.13807,1.138,1.13807
1782963060000,1.13806,1.13812,1.13804,1.13809
1782963120000,1.13807,1.13812,1.13799,1.13799
1782963180000,1.138,1.13803,1.13799,1.138
1782963240000,1.138,1.13802,1.13798,1.13801
1782963300000,1.138,1.138,1.13794,1.13796
1782963360000,1.13796,1.13796,1.1379,1.13793
1782963420000,1.13793,1.13797,1.13793,1.13796
1782963480000,1.13796,1.13806,1.13796,1.13802
1782963540000,1.13803,1.13803,1.13797,1.138
1782963600000,1.13798,1.13808,1.13798,1.13808
1782963660000,1.13808,1.13808,1.13802,1.13802
1782963720000,1.13805,1.13812,1.13804,1.13812
1782963780000,1.13809,1.1381,1.13807,1.1381
1782963840000,1.13809,1.13811,1.13806,1.13806
1782963900000,1.13806,1.13808,1.13805,1.13806
1782963960000,1.13805,1.13805,1.138,1.13805
1782964020000,1.13803,1.13806,1.13796,1.138
1782964080000,1.13801,1.13802,1.138,1.138
1782964140000,1.13801,1.13806,1.13799,1.13805
1782964200000,1.13808,1.13812,1.13806,1.13808
1782964260000,1.13809,1.1381,1.138,1.138
1782964320000,1.13802,1.13802,1.13796,1.13799
1782964380000,1.13799,1.13801,1.13795,1.13795
1782964440000,1.13794,1.13795,1.1379,1.13795
1782964500000,1.13794,1.13801,1.13792,1.138
1782964560000,1.138,1.1382,1.13798,1.13812
1782964620000,1.13812,1.13813,1.13803,1.1381
1782964680000,1.13811,1.13819,1.1381,1.13816
1782964740000,1.13817,1.13825,1.13815,1.13822
1782964800000,1.13823,1.13835,1.13822,1.13835
1782964860000,1.13834,1.13853,1.13833,1.13851
1782964920000,1.1385,1.13872,1.1385,1.13859
1782964980000,1.13861,1.13863,1.13845,1.13845
1782965040000,1.13845,1.1385,1.13835,1.13836
1782965100000,1.13839,1.13842,1.13836,1.1384
1782965160000,1.13841,1.13851,1.13841,1.13851
1782965220000,1.1385,1.1386,1.13846,1.1385
1782965280000,1.13851,1.13861,1.1385,1.13861
1782965340000,1.13863,1.13871,1.13863,1.13863
1782965400000,1.13865,1.13868,1.1386,1.13866
1782965460000,1.13866,1.13866,1.13855,1.13859
1782965520000,1.13857,1.13857,1.13846,1.13856
1782965580000,1.13855,1.13861,1.13855,1.13859
1782965640000,1.1386,1.1386,1.13856,1.13856
1782965700000,1.13857,1.13857,1.1385,1.13851
1782965760000,1.13852,1.13858,1.13846,1.13852
1782965820000,1.13851,1.13851,1.13851,1.13851
1782965880000,1.13851,1.13851,1.13851,1.13851
1782965940000,1.13853,1.13855,1.13851,1.13853
1782966000000,1.13853,1.13861,1.13852,1.13854
1782966060000,1.13855,1.13855,1.13852,1.13852
1782966120000,1.13851,1.13852,1.13845,1.13849
1782966180000,1.13847,1.13847,1.13837,1.13839
1782966240000,1.1384,1.13848,1.1384,1.13847
1782966300000,1.13848,1.13856,1.13848,1.13854
1782966360000,1.13855,1.13856,1.13846,1.13847
1782966420000,1.13846,1.1385,1.13844,1.1385
1782966480000,1.13848,1.13852,1.13848,1.13851
1782966540000,1.13849,1.13849,1.13844,1.13844
1782966600000,1.13845,1.13855,1.13843,1.13855
1782966660000,1.13854,1.13856,1.13852,1.13855
1782966720000,1.13856,1.13861,1.13855,1.1386
1782966780000,1.13861,1.13863,1.13858,1.13863
1782966840000,1.13861,1.13862,1.13858,1.13859
1782966900000,1.1386,1.1386,1.13853,1.13855
1782966960000,1.13856,1.13862,1.13856,1.1386
1782967020000,1.13862,1.13863,1.13859,1.13859
1782967080000,1.13861,1.13862,1.13857,1.13858
1782967140000,1.1386,1.13861,1.13855,1.13861
1782967200000,1.13859,1.1386,1.13856,1.13858
1782967260000,1.13858,1.13859,1.13853,1.13853
1782967320000,1.13854,1.13857,1.13854,1.13857
1782967380000,1.13855,1.13857,1.13854,1.13855
1782967440000,1.13857,1.1386,1.13855,1.13856
1782967500000,1.13856,1.13856,1.13853,1.13854
1782967560000,1.13856,1.13861,1.13856,1.13861
1782967620000,1.13858,1.13861,1.13853,1.13854
1782967680000,1.13855,1.13855,1.13853,1.13855
1782967740000,1.13855,1.13855,1.13853,1.13854
1782967800000,1.13856,1.13876,1.13855,1.13874
1782967860000,1.13875,1.13881,1.13869,1.13876
1782967920000,1.13876,1.13877,1.13873,1.13876
1782967980000,1.13878,1.1388,1.13873,1.13875
1782968040000,1.13878,1.13881,1.13869,1.13869
1782968100000,1.1387,1.13876,1.13866,1.13868
1782968160000,1.13869,1.13871,1.13865,1.13866
1782968220000,1.13865,1.13875,1.13865,1.13874
1782968280000,1.13876,1.13876,1.13863,1.1387
1782968340000,1.1387,1.13872,1.13866,1.13867
1782968400000,1.13866,1.13877,1.13865,1.13875
1782968460000,1.13874,1.13876,1.13868,1.13874
1782968520000,1.13875,1.13877,1.13871,1.13875
1782968580000,1.13874,1.13878,1.13872,1.13875
1782968640000,1.13877,1.13877,1.13867,1.13868
1782968700000,1.13867,1.13867,1.1386,1.13862
1782968760000,1.13863,1.13863,1.13856,1.13858
1782968820000,1.13857,1.13881,1.13855,1.1388
1782968880000,1.13881,1.13886,1.13872,1.13875
1782968940000,1.13876,1.13876,1.13867,1.1387
1782969000000,1.1387,1.13875,1.13867,1.13867
1782969060000,1.13868,1.13872,1.13865,1.1387
1782969120000,1.13871,1.13871,1.13869,1.13869
1782969180000,1.13868,1.13868,1.1386,1.13863
1782969240000,1.13862,1.13863,1.13861,1.13863
1782969300000,1.13862,1.13862,1.13855,1.13857
1782969360000,1.13856,1.13858,1.13854,1.13856
1782969420000,1.13859,1.13861,1.13855,1.13861
1782969480000,1.1386,1.13866,1.13859,1.13866
1782969540000,1.13865,1.13865,1.13859,1.13859
1782969600000,1.13858,1.1386,1.13854,1.13858
1782969660000,1.13857,1.13863,1.13856,1.13861
1782969720000,1.13863,1.13863,1.1386,1.1386
1782969780000,1.13859,1.13862,1.13859,1.1386
1782969840000,1.13861,1.13867,1.13861,1.13864
1782969900000,1.13862,1.13862,1.13855,1.13856
1782969960000,1.13856,1.13856,1.13853,1.13853
1782970020000,1.13851,1.13851,1.13845,1.13845
1782970080000,1.13847,1.13848,1.13839,1.1384
1782970140000,1.13841,1.13845,1.13839,1.13845
1782970200000,1.13844,1.13845,1.13836,1.13841
1782970260000,1.13844,1.13845,1.13835,1.13838
1782970320000,1.13837,1.13841,1.13833,1.13834
1782970380000,1.13836,1.13836,1.13815,1.13825
1782970440000,1.13826,1.13837,1.13825,1.13827
1782970500000,1.13828,1.13832,1.13826,1.13829
1782970560000,1.13827,1.13827,1.13823,1.13824
1782970620000,1.13827,1.13835,1.13822,1.13832
1782970680000,1.13831,1.13831,1.13826,1.13828
1782970740000,1.13828,1.13831,1.13825,1.13825
1782970800000,1.13826,1.13843,1.13826,1.13841
1782970860000,1.13841,1.13851,1.13837,1.13849
1782970920000,1.1385,1.13852,1.13845,1.13847
1782970980000,1.13846,1.13846,1.13841,1.13841
1782971040000,1.13843,1.13843,1.13837,1.13839
1782971100000,1.1384,1.1384,1.13834,1.13839
1782971160000,1.1384,1.13849,1.13835,1.13849
1782971220000,1.13848,1.13851,1.13846,1.13851
1782971280000,1.1385,1.1385,1.13849,1.13849
1782971340000,1.13849,1.1385,1.13837,1.13839
1782971400000,1.1384,1.13857,1.1384,1.13852
1782971460000,1.13852,1.13854,1.1385,1.1385
1782971520000,1.13851,1.13854,1.1385,1.13851
1782971580000,1.1385,1.13852,1.13844,1.13845
1782971640000,1.13846,1.13849,1.13839,1.1384
1782971700000,1.13841,1.13845,1.13832,1.13844
1782971760000,1.13841,1.13846,1.1384,1.13845
1782971820000,1.13843,1.13861,1.13843,1.13858
1782971880000,1.13857,1.13861,1.13854,1.13855
1782971940000,1.13855,1.13859,1.13855,1.13857
1782972000000,1.13858,1.13879,1.13853,1.13876
1782972060000,1.13876,1.13885,1.13865,1.13885
1782972120000,1.13884,1.13884,1.1387,1.13875
1782972180000,1.13876,1.13894,1.13872,1.13892
1782972240000,1.13894,1.13894,1.13883,1.13886
1782972300000,1.13887,1.1389,1.1388,1.1388
1782972360000,1.13879,1.13885,1.13873,1.13884
1782972420000,1.13884,1.13898,1.13883,1.13897
1782972480000,1.13897,1.13916,1.13894,1.13903
1782972540000,1.13904,1.13907,1.13875,1.13877
1782972600000,1.13877,1.13899,1.13877,1.13899
1782972660000,1.139,1.13905,1.13894,1.13902
1782972720000,1.13902,1.13908,1.13889,1.13898
1782972780000,1.13897,1.13912,1.13896,1.13906
1782972840000,1.13908,1.13914,1.13889,1.13889
1782972900000,1.13891,1.13892,1.13885,1.13886
1782972960000,1.13886,1.13886,1.13876,1.13882
1782973020000,1.13882,1.13882,1.13876,1.13878
1782973080000,1.1388,1.13881,1.1387,1.1387
1782973140000,1.13867,1.13875,1.13861,1.13875
1782973200000,1.13873,1.13885,1.13872,1.13875
1782973260000,1.13876,1.13877,1.13863,1.13866
1782973320000,1.13865,1.13879,1.13864,1.13874
1782973380000,1.13875,1.13879,1.13874,1.13878
1782973440000,1.13879,1.13887,1.13874,1.13876
1782973500000,1.13877,1.13885,1.13867,1.13876
1782973560000,1.13877,1.13878,1.13868,1.13873
1782973620000,1.13872,1.13877,1.13871,1.13875
1782973680000,1.13873,1.13874,1.13867,1.1387
1782973740000,1.13871,1.13875,1.13868,1.13874
1782973800000,1.13875,1.1388,1.13869,1.13875
1782973860000,1.13874,1.13882,1.13867,1.13871
1782973920000,1.13874,1.13887,1.13874,1.13884
1782973980000,1.13883,1.13887,1.13883,1.13885
1782974040000,1.13883,1.13889,1.1388,1.13886
1782974100000,1.13887,1.13887,1.13879,1.1388
1782974160000,1.1388,1.13887,1.1388,1.13885
1782974220000,1.13885,1.13894,1.13884,1.1389
1782974280000,1.1389,1.13891,1.13884,1.1389
1782974340000,1.1389,1.13892,1.13887,1.13888
1782974400000,1.13887,1.13897,1.13883,1.13892
1782974460000,1.13894,1.13898,1.13893,1.13897
1782974520000,1.13898,1.13907,1.13895,1.13901
1782974580000,1.139,1.13906,1.13898,1.13905
1782974640000,1.13905,1.13914,1.13904,1.13913
1782974700000,1.13914,1.13917,1.13907,1.13914
1782974760000,1.13913,1.13926,1.13913,1.1392
1782974820000,1.13919,1.13932,1.13917,1.13925
1782974880000,1.13925,1.13953,1.13923,1.13948
1782974940000,1.13949,1.13998,1.13947,1.13992
1782975000000,1.13993,1.14045,1.13983,1.13989
1782975060000,1.13988,1.13993,1.13967,1.13967
1782975120000,1.13968,1.13973,1.13954,1.13964
1782975180000,1.13963,1.13966,1.13945,1.1395
1782975240000,1.13949,1.13955,1.13943,1.13944
1782975300000,1.13943,1.13966,1.1394,1.13961
1782975360000,1.13958,1.13971,1.13955,1.13963
1782975420000,1.13961,1.13974,1.13946,1.13949
1782975480000,1.13946,1.13955,1.13944,1.13954
1782975540000,1.13956,1.13956,1.13942,1.13945
1782975600000,1.13946,1.13947,1.13916,1.13917
1782975660000,1.13918,1.13934,1.13918,1.13928
1782975720000,1.13928,1.13935,1.13919,1.1393
1782975780000,1.1393,1.13939,1.13928,1.13935
1782975840000,1.13935,1.13935,1.13925,1.13929
1782975900000,1.13929,1.13935,1.13913,1.13913
1782975960000,1.13914,1.13917,1.13905,1.13911
1782976020000,1.1391,1.13919,1.13904,1.13915
1782976080000,1.13915,1.13925,1.13914,1.13918
1782976140000,1.13919,1.13946,1.13915,1.13941
1782976200000,1.1394,1.13944,1.1393,1.13938
1782976260000,1.13942,1.1397,1.13939,1.13965
1782976320000,1.13965,1.1397,1.13953,1.13956
1782976380000,1.13955,1.13958,1.13941,1.13944
1782976440000,1.13944,1.13958,1.13943,1.13954
1782976500000,1.13954,1.1397,1.13943,1.13945
1782976560000,1.13945,1.13949,1.13933,1.13948
1782976620000,1.1395,1.13956,1.13947,1.1395
1782976680000,1.13949,1.13952,1.13941,1.13945
1782976740000,1.13944,1.13947,1.13929,1.13945
1782976800000,1.13945,1.13947,1.13943,1.13946
1782976860000,1.13948,1.1395,1.13944,1.13949
1782976920000,1.1395,1.13966,1.13944,1.13958
1782976980000,1.13959,1.13986,1.13958,1.1398
1782977040000,1.13979,1.13996,1.13972,1.13989
1782977100000,1.13988,1.13988,1.13977,1.13988
1782977160000,1.13987,1.14005,1.13981,1.13986
1782977220000,1.13987,1.14,1.1398,1.13982
1782977280000,1.1398,1.13993,1.13979,1.1399
1782977340000,1.1399,1.14014,1.13989,1.14005
1782977400000,1.14006,1.14013,1.13984,1.13988
1782977460000,1.13986,1.13996,1.13978,1.13978
1782977520000,1.13979,1.1398,1.13973,1.13975
1782977580000,1.13973,1.13976,1.13967,1.13975
1782977640000,1.13973,1.13978,1.13971,1.13974
1782977700000,1.13975,1.13986,1.13965,1.13967
1782977760000,1.13968,1.1397,1.1396,1.13964
1782977820000,1.13967,1.13987,1.13967,1.13987
1782977880000,1.13985,1.13997,1.13983,1.13995
1782977940000,1.13995,1.14021,1.13995,1.14021
1782978000000,1.14021,1.14049,1.1402,1.14045
1782978060000,1.14045,1.14059,1.14041,1.14051
1782978120000,1.1405,1.14071,1.1405,1.14065
1782978180000,1.14065,1.14066,1.14048,1.14049
1782978240000,1.14049,1.14062,1.14047,1.14055
1782978300000,1.14055,1.14056,1.1403,1.14033
1782978360000,1.14035,1.14036,1.14024,1.14028
1782978420000,1.14025,1.14037,1.14025,1.14025
1782978480000,1.14027,1.14041,1.14026,1.14034
1782978540000,1.14035,1.14045,1.14034,1.14044
1782978600000,1.14046,1.14052,1.14038,1.1404
1782978660000,1.14039,1.14056,1.1403,1.14055
1782978720000,1.14056,1.14085,1.14053,1.14084
1782978780000,1.14083,1.14087,1.14068,1.14075
1782978840000,1.14075,1.14092,1.14072,1.14092
1782978900000,1.14092,1.14092,1.14066,1.14075
1782978960000,1.14075,1.14076,1.14068,1.14073
1782979020000,1.14073,1.14089,1.14069,1.14081
1782979080000,1.1408,1.14088,1.14077,1.1408
1782979140000,1.14082,1.1409,1.1407,1.14078
1782979200000,1.14074,1.14087,1.14067,1.14083
1782979260000,1.14084,1.14104,1.14083,1.14103
1782979320000,1.14103,1.14103,1.14075,1.14094
1782979380000,1.14094,1.14148,1.14094,1.14146
1782979440000,1.14143,1.14148,1.14136,1.14139
1782979500000,1.14141,1.14175,1.1414,1.14174
1782979560000,1.14174,1.1418,1.14157,1.14161
1782979620000,1.14159,1.14167,1.14142,1.14144
1782979680000,1.14144,1.1416,1.14133,1.14134
1782979740000,1.14134,1.14161,1.14126,1.14147
1782979800000,1.14148,1.14164,1.14148,1.14157
1782979860000,1.14159,1.14162,1.14149,1.14162
1782979920000,1.14162,1.14179,1.1416,1.14163
1782979980000,1.14164,1.14174,1.14162,1.14165
1782980040000,1.14167,1.14177,1.14156,1.1417
1782980100000,1.14169,1.14179,1.14153,1.14174
1782980160000,1.14174,1.14175,1.14161,1.14175
1782980220000,1.14173,1.14173,1.14153,1.14157
1782980280000,1.14157,1.14166,1.14152,1.14158
1782980340000,1.14157,1.1417,1.14151,1.1417
1782980400000,1.14168,1.14177,1.14163,1.14169
1782980460000,1.14171,1.14179,1.14169,1.14178
1782980520000,1.14182,1.14182,1.14171,1.1418
1782980580000,1.14179,1.14185,1.14168,1.14171
1782980640000,1.1417,1.14175,1.14148,1.14151
1782980700000,1.1415,1.14155,1.14135,1.1414
1782980760000,1.14142,1.14157,1.14135,1.14157
1782980820000,1.14155,1.1417,1.14152,1.14168
1782980880000,1.1417,1.14173,1.14152,1.14156
1782980940000,1.14155,1.14169,1.14155,1.14165
1782981000000,1.14164,1.14164,1.14147,1.1416
1782981060000,1.14161,1.14163,1.14141,1.14143
1782981120000,1.14145,1.1415,1.14134,1.14147
1782981180000,1.14147,1.14164,1.14128,1.14129
1782981240000,1.1413,1.14161,1.14126,1.14159
1782981300000,1.14158,1.1416,1.14146,1.14153
1782981360000,1.14154,1.14175,1.1415,1.14164
1782981420000,1.14162,1.14162,1.14143,1.14157
1782981480000,1.14158,1.14162,1.14139,1.14147
1782981540000,1.14147,1.14164,1.14145,1.14162
1782981600000,1.14164,1.14173,1.14153,1.14159
1782981660000,1.14158,1.14166,1.14154,1.14163
1782981720000,1.14163,1.14188,1.14163,1.14184
1782981780000,1.14185,1.14199,1.14174,1.14178
1782981840000,1.14178,1.14181,1.14165,1.14165
1782981900000,1.14163,1.14171,1.14154,1.14168
1782981960000,1.14166,1.14172,1.14158,1.14172
1782982020000,1.1417,1.14191,1.14168,1.14189
1782982080000,1.14189,1.1421,1.14184,1.142
1782982140000,1.142,1.14204,1.14195,1.142
1782982200000,1.14201,1.14206,1.14191,1.14193
1782982260000,1.14193,1.14195,1.14173,1.14175
1782982320000,1.14175,1.14186,1.14173,1.14179
1782982380000,1.1418,1.14204,1.14176,1.14199
1782982440000,1.14198,1.14199,1.14177,1.14177
1782982500000,1.14176,1.14189,1.14175,1.14184
1782982560000,1.14185,1.14193,1.14183,1.14184
1782982620000,1.14184,1.14188,1.1417,1.1417
1782982680000,1.14171,1.14186,1.14166,1.14181
1782982740000,1.14181,1.14202,1.14181,1.142
1782982800000,1.14198,1.14198,1.1417,1.1419
1782982860000,1.1419,1.14205,1.14188,1.14201
1782982920000,1.142,1.1421,1.14182,1.14184
1782982980000,1.14184,1.14189,1.14163,1.14163
1782983040000,1.14162,1.14162,1.14148,1.14148
1782983100000,1.14148,1.14155,1.14144,1.14155
1782983160000,1.14154,1.14155,1.14131,1.14135
1782983220000,1.14134,1.14134,1.14097,1.14111
1782983280000,1.14112,1.14116,1.14107,1.14109
1782983340000,1.14109,1.14119,1.14107,1.14114
1782983400000,1.14116,1.14136,1.14116,1.14128
1782983460000,1.1413,1.14137,1.14123,1.14124
1782983520000,1.14123,1.14125,1.14109,1.1412
1782983580000,1.1412,1.14138,1.14119,1.14137
1782983640000,1.14138,1.14138,1.14125,1.1413
1782983700000,1.14129,1.1414,1.14127,1.1414
1782983760000,1.14141,1.14141,1.14127,1.14129
1782983820000,1.14129,1.14153,1.14129,1.14145
1782983880000,1.14144,1.14159,1.14143,1.14158
1782983940000,1.1416,1.14161,1.14147,1.14149
1782984000000,1.14151,1.14158,1.14135,1.14135
1782984060000,1.14133,1.14142,1.14126,1.1414
1782984120000,1.1414,1.1414,1.14121,1.14134
1782984180000,1.14134,1.1414,1.14129,1.14139
1782984240000,1.14139,1.14148,1.14139,1.1414
1782984300000,1.1414,1.1414,1.14121,1.14129
1782984360000,1.1413,1.1413,1.14122,1.14125
1782984420000,1.14125,1.14126,1.14108,1.14109
1782984480000,1.14108,1.14116,1.14095,1.14096
1782984540000,1.14098,1.141,1.14093,1.14095
1782984600000,1.14095,1.14102,1.14093,1.14093
1782984660000,1.14092,1.14095,1.14089,1.14093
1782984720000,1.14093,1.141,1.14092,1.14094
1782984780000,1.14094,1.141,1.14092,1.14095
1782984840000,1.14096,1.14109,1.14089,1.14109
1782984900000,1.14111,1.14117,1.14108,1.14117
1782984960000,1.14116,1.14124,1.14113,1.14123
1782985020000,1.14123,1.14124,1.14114,1.14123
1782985080000,1.14124,1.14139,1.1412,1.14139
1782985140000,1.1414,1.1414,1.14125,1.14125
1782985200000,1.14127,1.14129,1.1412,1.14125
1782985260000,1.14127,1.14133,1.14123,1.14132
1782985320000,1.14133,1.14139,1.14123,1.14131
1782985380000,1.14131,1.14131,1.14113,1.14115
1782985440000,1.14114,1.14124,1.14113,1.14123
1782985500000,1.14122,1.14127,1.14111,1.14123
1782985560000,1.14122,1.14122,1.14113,1.14116
1782985620000,1.14116,1.14132,1.14115,1.14132
1782985680000,1.14131,1.14136,1.14128,1.14131
1782985740000,1.1413,1.14131,1.1412,1.14126
1782985800000,1.14127,1.14142,1.14125,1.14141
1782985860000,1.14143,1.14148,1.14137,1.14137
1782985920000,1.14138,1.1414,1.14134,1.14134
1782985980000,1.14136,1.14136,1.14126,1.14131
1782986040000,1.14133,1.14135,1.14112,1.14112
1782986100000,1.14113,1.14122,1.14111,1.14119
1782986160000,1.14121,1.14138,1.14121,1.14134
1782986220000,1.14135,1.14143,1.14124,1.1413
1782986280000,1.1413,1.1413,1.14117,1.14119
1782986340000,1.14118,1.1412,1.14097,1.14097
1782986400000,1.14098,1.14098,1.14085,1.14094
1782986460000,1.14093,1.14093,1.14081,1.14086
1782986520000,1.14085,1.14103,1.14081,1.14093
1782986580000,1.14095,1.14109,1.14095,1.14099
1782986640000,1.14098,1.14103,1.14076,1.14082
1782986700000,1.14082,1.14095,1.14078,1.14095
1782986760000,1.14094,1.14095,1.14086,1.1409
1782986820000,1.14089,1.14099,1.14087,1.14098
1782986880000,1.14097,1.14098,1.14087,1.14097
1782986940000,1.14096,1.14097,1.14087,1.14088
1782987000000,1.14088,1.14093,1.14083,1.14087
1782987060000,1.14089,1.14091,1.14087,1.14089
1782987120000,1.14087,1.14094,1.14081,1.14083
1782987180000,1.14085,1.14088,1.14081,1.14086
1782987240000,1.14085,1.14085,1.14071,1.14073
1782987300000,1.14075,1.14081,1.14072,1.14074
1782987360000,1.14074,1.14078,1.14072,1.14078
1782987420000,1.14075,1.14075,1.1407,1.14073
1782987480000,1.14073,1.14075,1.14065,1.14066
1782987540000,1.14066,1.1407,1.14062,1.14069
1782987600000,1.14068,1.14068,1.14052,1.14055
1782987660000,1.14055,1.14069,1.14054,1.14066
1782987720000,1.14068,1.14068,1.14052,1.14056
1782987780000,1.14057,1.14064,1.1405,1.14055
1782987840000,1.14054,1.14064,1.14053,1.1406
1782987900000,1.1406,1.14069,1.14056,1.14069
1782987960000,1.14069,1.14072,1.14063,1.14065
1782988020000,1.14063,1.14078,1.14058,1.14074
1782988080000,1.14072,1.14074,1.14068,1.14071
1782988140000,1.14073,1.14076,1.14067,1.1407
1782988200000,1.1407,1.14071,1.14057,1.14069
1782988260000,1.14068,1.14069,1.14059,1.14061
1782988320000,1.14059,1.14064,1.14054,1.14054
1782988380000,1.14056,1.14056,1.14049,1.14051
1782988440000,1.14053,1.14064,1.14049,1.14062
1782988500000,1.14064,1.14067,1.14059,1.14066
1782988560000,1.14063,1.14066,1.14049,1.14049
1782988620000,1.14048,1.14051,1.14042,1.14042
1782988680000,1.14042,1.14042,1.1403,1.14034
1782988740000,1.14036,1.14045,1.14036,1.14045
1782988800000,1.14043,1.14051,1.14043,1.14051
1782988860000,1.14051,1.14062,1.14048,1.14061
1782988920000,1.14059,1.14065,1.14057,1.14064
1782988980000,1.14063,1.14064,1.14044,1.14045
1782989040000,1.14046,1.14061,1.14045,1.14059
1782989100000,1.14059,1.14071,1.14059,1.1407
1782989160000,1.1407,1.14076,1.14069,1.14075
1782989220000,1.14075,1.14084,1.14074,1.14081
1782989280000,1.1408,1.14082,1.14065,1.14073
1782989340000,1.14074,1.14081,1.14071,1.14072
1782989400000,1.1407,1.1407,1.14065,1.1407
1782989460000,1.1407,1.14081,1.1407,1.14081
1782989520000,1.1408,1.14082,1.14078,1.1408
1782989580000,1.14081,1.14082,1.14075,1.14082
1782989640000,1.14082,1.141,1.1408,1.14098
1782989700000,1.14099,1.141,1.14076,1.14076
1782989760000,1.14076,1.1408,1.14068,1.14075
1782989820000,1.14074,1.14084,1.14073,1.14083
1782989880000,1.14084,1.14098,1.14084,1.14095
1782989940000,1.14098,1.14112,1.14098,1.14105
1782990000000,1.14105,1.14107,1.14095,1.14095
1782990060000,1.14094,1.14094,1.14082,1.14083
1782990120000,1.14083,1.14096,1.14083,1.14095
1782990180000,1.14094,1.14096,1.14092,1.14093
1782990240000,1.14093,1.14096,1.14086,1.14092
1782990300000,1.14091,1.14097,1.14086,1.14087
1782990360000,1.14085,1.14091,1.1408,1.14081
1782990420000,1.14083,1.14083,1.14075,1.14076
1782990480000,1.14075,1.14082,1.1407,1.14079
1782990540000,1.1408,1.14096,1.1408,1.14096
1782990600000,1.14097,1.14116,1.14097,1.141
1782990660000,1.14099,1.14112,1.14098,1.14109
1782990720000,1.14107,1.14115,1.14105,1.14109
1782990780000,1.14108,1.14108,1.14097,1.14104
1782990840000,1.14104,1.14105,1.14099,1.14101
1782990900000,1.14101,1.14111,1.141,1.1411
1782990960000,1.14111,1.14111,1.141,1.14107
1782991020000,1.14108,1.14113,1.14106,1.14111
1782991080000,1.14113,1.14122,1.14113,1.14119
1782991140000,1.14121,1.14146,1.14119,1.14145
1782991200000,1.14144,1.14144,1.14136,1.14139
1782991260000,1.14139,1.1414,1.14135,1.14136
1782991320000,1.14136,1.14136,1.14129,1.14131
1782991380000,1.1413,1.1414,1.14127,1.14134
1782991440000,1.14134,1.14137,1.14132,1.14135
1782991500000,1.14134,1.14134,1.14119,1.1412
1782991560000,1.14119,1.14122,1.14112,1.1412
1782991620000,1.14122,1.1413,1.14122,1.14129
1782991680000,1.1413,1.1413,1.14117,1.1412
1782991740000,1.1412,1.14138,1.14119,1.14131
1782991800000,1.14132,1.14142,1.14132,1.14142
1782991860000,1.14141,1.14142,1.14135,1.14135
1782991920000,1.14133,1.14135,1.14129,1.14133
1782991980000,1.14134,1.14145,1.14134,1.14134
1782992040000,1.14135,1.14136,1.14118,1.1412
1782992100000,1.14121,1.14121,1.14115,1.14118
1782992160000,1.14118,1.14124,1.14115,1.14121
1782992220000,1.1412,1.14124,1.14119,1.14123
1782992280000,1.14124,1.14124,1.14116,1.14119
1782992340000,1.14118,1.14125,1.14109,1.14113
1782992400000,1.14114,1.14114,1.14101,1.14103
1782992460000,1.14102,1.1411,1.14102,1.14103
1782992520000,1.14105,1.14105,1.14082,1.14085
1782992580000,1.14085,1.14086,1.14078,1.14086
1782992640000,1.14084,1.14084,1.14076,1.14078
1782992700000,1.14078,1.14082,1.1407,1.14072
1782992760000,1.14073,1.14074,1.14067,1.14068
1782992820000,1.1407,1.1407,1.14064,1.14065
1782992880000,1.14064,1.14065,1.14057,1.14057
1782992940000,1.14058,1.14061,1.14052,1.14061
1782993000000,1.14061,1.14065,1.14051,1.14054
1782993060000,1.14051,1.14053,1.14042,1.1405
1782993120000,1.14052,1.14053,1.14038,1.14043
1782993180000,1.14043,1.14043,1.14027,1.14027
1782993240000,1.14028,1.14031,1.14024,1.14027
1782993300000,1.14025,1.14038,1.14024,1.14024
1782993360000,1.14024,1.14027,1.14017,1.14017
1782993420000,1.14017,1.14018,1.14005,1.14007
1782993480000,1.14005,1.14035,1.14004,1.14032
1782993540000,1.14032,1.14039,1.14031,1.14039
1782993600000,1.14037,1.14043,1.14031,1.14036
1782993660000,1.14035,1.14047,1.14032,1.14033
1782993720000,1.14033,1.1404,1.14023,1.14026
1782993780000,1.14026,1.14028,1.14004,1.14014
1782993840000,1.14015,1.14031,1.14012,1.14031
1782993900000,1.14032,1.14039,1.14018,1.14019
1782993960000,1.14017,1.14021,1.14012,1.14019
1782994020000,1.14018,1.14019,1.13988,1.13991
1782994080000,1.13993,1.13996,1.13988,1.13994
1782994140000,1.13992,1.13994,1.13982,1.13983
1782994200000,1.13985,1.13999,1.13985,1.13993
1782994260000,1.13991,1.14009,1.13991,1.14006
1782994320000,1.14006,1.1401,1.13997,1.1401
1782994380000,1.14008,1.1401,1.13992,1.13992
1782994440000,1.13993,1.13996,1.13985,1.13987
1782994500000,1.13987,1.13998,1.1398,1.13998
1782994560000,1.13996,1.13998,1.13974,1.13984
1782994620000,1.13985,1.13988,1.13969,1.13969
1782994680000,1.13968,1.13976,1.13968,1.13973
1782994740000,1.13972,1.13974,1.13954,1.13958
1782994800000,1.13957,1.13976,1.13956,1.13967
1782994860000,1.13969,1.13969,1.13955,1.1396
1782994920000,1.1396,1.13971,1.13953,1.1397
1782994980000,1.13971,1.13989,1.13969,1.13989
1782995040000,1.13989,1.13991,1.13979,1.13991
1782995100000,1.13991,1.1401,1.13989,1.14004
1782995160000,1.14005,1.14013,1.14,1.14007
1782995220000,1.14007,1.14007,1.13992,1.13995
1782995280000,1.13996,1.13997,1.13987,1.1399
1782995340000,1.13991,1.14,1.13987,1.13987
1782995400000,1.13988,1.14404,1.13986,1.14387
1782995460000,1.14388,1.14407,1.14308,1.14329
1782995520000,1.14329,1.14416,1.14329,1.14356
1782995580000,1.14354,1.1446,1.14306,1.14433
1782995640000,1.1443,1.14509,1.14414,1.14496
1782995700000,1.14498,1.14565,1.14482,1.14534
1782995760000,1.14534,1.14599,1.14527,1.14565
1782995820000,1.14563,1.1459,1.14531,1.14575
1782995880000,1.14573,1.14581,1.14508,1.14581
1782995940000,1.14582,1.14624,1.1457,1.14623
1782996000000,1.14626,1.14686,1.14618,1.14684
1782996060000,1.14686,1.14686,1.14565,1.14569
1782996120000,1.14569,1.14633,1.14562,1.14633
1782996180000,1.14635,1.14671,1.14593,1.14662
1782996240000,1.1466,1.14717,1.14633,1.14714
1782996300000,1.14714,1.14727,1.14638,1.14648
1782996360000,1.14647,1.14657,1.14631,1.14637
1782996420000,1.14635,1.14645,1.14559,1.14559
1782996480000,1.14563,1.1461,1.1455,1.14589
1782996540000,1.14592,1.14603,1.14555,1.14589
1782996600000,1.14587,1.14596,1.1456,1.1458
1782996660000,1.14578,1.14585,1.14535,1.14537
1782996720000,1.14539,1.14627,1.14536,1.14596
1782996780000,1.14595,1.14601,1.14567,1.1458
1782996840000,1.14581,1.14586,1.14548,1.14558
1782996900000,1.14559,1.14567,1.14527,1.14536
1782996960000,1.14535,1.14556,1.14519,1.1453
1782997020000,1.14529,1.14529,1.14492,1.14513
1782997080000,1.14514,1.14515,1.14482,1.14485
1782997140000,1.14484,1.14524,1.14484,1.14512
1782997200000,1.14512,1.14542,1.1449,1.14491
1782997260000,1.1449,1.14494,1.14454,1.1448
1782997320000,1.14481,1.14511,1.14474,1.14489
1782997380000,1.14488,1.1452,1.14482,1.14509
1782997440000,1.14506,1.14551,1.14497,1.1455
1782997500000,1.14549,1.14552,1.14502,1.1451
1782997560000,1.14514,1.14522,1.14476,1.14481
1782997620000,1.14481,1.14491,1.14464,1.1447
1782997680000,1.14471,1.14475,1.14456,1.14459
1782997740000,1.14461,1.14464,1.14443,1.14448
1782997800000,1.14452,1.14475,1.14449,1.14472
1782997860000,1.14473,1.14529,1.14464,1.14521
1782997920000,1.14519,1.14525,1.14495,1.14524
1782997980000,1.14524,1.14529,1.1451,1.14515
1782998040000,1.14514,1.1452,1.14484,1.14496
1782998100000,1.14493,1.14499,1.14462,1.14465
1782998160000,1.14463,1.14481,1.14457,1.14474
1782998220000,1.14473,1.14477,1.14461,1.14467
1782998280000,1.14467,1.14496,1.1446,1.14496
1782998340000,1.14496,1.14498,1.14475,1.14491
1782998400000,1.1449,1.1449,1.1442,1.14422
1782998460000,1.14424,1.14469,1.14419,1.14459
1782998520000,1.14457,1.14459,1.14425,1.14435
1782998580000,1.14436,1.14447,1.14421,1.14427
1782998640000,1.14424,1.1444,1.14415,1.14426
1782998700000,1.14427,1.14427,1.14385,1.14406
1782998760000,1.14405,1.14431,1.14401,1.14428
1782998820000,1.14427,1.14445,1.14423,1.14435
1782998880000,1.14434,1.14445,1.14425,1.14431
1782998940000,1.14431,1.14433,1.144,1.1441
1782999000000,1.14408,1.14445,1.14392,1.14435
1782999060000,1.14434,1.1445,1.14428,1.14441
1782999120000,1.1444,1.1447,1.1444,1.14468
1782999180000,1.14469,1.14516,1.14465,1.14515
1782999240000,1.14517,1.14517,1.14476,1.14487
1782999300000,1.14487,1.14514,1.14479,1.14504
1782999360000,1.14502,1.14503,1.14464,1.14482
1782999420000,1.14482,1.14482,1.14465,1.14476
1782999480000,1.14474,1.14476,1.1445,1.14456
1782999540000,1.14456,1.14467,1.14424,1.14462
1782999600000,1.14464,1.14467,1.14446,1.14448
1782999660000,1.14447,1.14449,1.14426,1.14431
1782999720000,1.14431,1.14447,1.14429,1.14443
1782999780000,1.14441,1.14498,1.14436,1.14489
1782999840000,1.1449,1.1449,1.14473,1.14475
1782999900000,1.14475,1.14488,1.14469,1.14482
1782999960000,1.14482,1.14494,1.14471,1.14476
1783000020000,1.14473,1.14506,1.1446,1.14499
1783000080000,1.14501,1.14513,1.1449,1.14507
1783000140000,1.14506,1.14511,1.14482,1.14484
1783000200000,1.14485,1.14522,1.14485,1.14518
1783000260000,1.14519,1.14522,1.145,1.14514
1783000320000,1.14515,1.14532,1.14515,1.1452
1783000380000,1.14519,1.14537,1.14482,1.14485
1783000440000,1.14486,1.14496,1.14477,1.14486
1783000500000,1.14489,1.14499,1.14484,1.14496
1783000560000,1.14497,1.14528,1.14496,1.1452
1783000620000,1.14521,1.14531,1.14497,1.145
1783000680000,1.14501,1.14504,1.14483,1.14488
1783000740000,1.14488,1.14508,1.14482,1.14507
1783000800000,1.14509,1.14513,1.14485,1.14507
1783000860000,1.14508,1.14517,1.14484,1.14486
1783000920000,1.14485,1.14493,1.1444,1.14475
1783000980000,1.14477,1.14483,1.14443,1.14447
1783001040000,1.14446,1.14452,1.14435,1.14451
1783001100000,1.14452,1.14479,1.14442,1.14477
1783001160000,1.14478,1.14523,1.14473,1.14514
1783001220000,1.14515,1.14517,1.14482,1.14494
1783001280000,1.14497,1.14549,1.14497,1.14542
1783001340000,1.14545,1.14547,1.14525,1.14525
1783001400000,1.14523,1.14547,1.14496,1.14511
1783001460000,1.14513,1.14539,1.14512,1.14525
1783001520000,1.14525,1.14552,1.14524,1.14551
1783001580000,1.14552,1.14582,1.14541,1.14582
1783001640000,1.14581,1.14582,1.14554,1.14565
1783001700000,1.14564,1.14579,1.14534,1.14538
1783001760000,1.1454,1.1456,1.14538,1.14555
1783001820000,1.14555,1.14561,1.14537,1.14561
1783001880000,1.14563,1.1458,1.14556,1.14576
1783001940000,1.14575,1.14576,1.14536,1.14546
1783002000000,1.14545,1.14552,1.14495,1.14495
1783002060000,1.14496,1.14505,1.14483,1.14505
1783002120000,1.14506,1.14527,1.14499,1.14527
1783002180000,1.14526,1.1453,1.14495,1.14496
1783002240000,1.14498,1.14519,1.14494,1.14496
1783002300000,1.14497,1.14505,1.14486,1.14487
1783002360000,1.14487,1.14495,1.1446,1.1446
1783002420000,1.14461,1.14463,1.14443,1.14444
1783002480000,1.14444,1.14461,1.14444,1.14449
1783002540000,1.1445,1.1445,1.1442,1.14425
1783002600000,1.14427,1.14434,1.14411,1.14427
1783002660000,1.14425,1.14454,1.14424,1.14446
1783002720000,1.14445,1.14446,1.14419,1.1442
1783002780000,1.14421,1.14421,1.14395,1.14399
1783002840000,1.14399,1.14418,1.14394,1.14401
1783002900000,1.14402,1.14408,1.14375,1.14379
1783002960000,1.14381,1.14417,1.14375,1.14417
1783003020000,1.14418,1.14423,1.14401,1.14413
1783003080000,1.14411,1.14411,1.14384,1.14384
1783003140000,1.14384,1.14398,1.14374,1.14375
1783003200000,1.14376,1.14386,1.14359,1.14366
1783003260000,1.14364,1.14377,1.14353,1.14358
1783003320000,1.1436,1.14365,1.14353,1.14354
1783003380000,1.14352,1.14352,1.14338,1.14341
1783003440000,1.1434,1.14358,1.14336,1.14354
1783003500000,1.14356,1.14371,1.14349,1.14356
1783003560000,1.14357,1.14363,1.14346,1.1436
1783003620000,1.1436,1.14366,1.1435,1.1435
1783003680000,1.14351,1.14382,1.1435,1.14378
1783003740000,1.14378,1.14412,1.14375,1.14402
1783003800000,1.14404,1.1442,1.14399,1.14416
1783003860000,1.14416,1.14434,1.14415,1.1443
1783003920000,1.1443,1.1443,1.14407,1.14413
1783003980000,1.14418,1.14421,1.1439,1.14412
1783004040000,1.1441,1.14413,1.14391,1.14392
1783004100000,1.14396,1.14442,1.14396,1.14442
1783004160000,1.14443,1.14444,1.14429,1.14435
1783004220000,1.14433,1.14433,1.14413,1.14428
1783004280000,1.14427,1.14445,1.14426,1.14443
1783004340000,1.14441,1.14443,1.14433,1.14439
1783004400000,1.1444,1.1444,1.14396,1.14412
1783004460000,1.14412,1.14432,1.14409,1.14422
1783004520000,1.14424,1.14468,1.14416,1.14466
1783004580000,1.14464,1.14473,1.14449,1.1446
1783004640000,1.14463,1.14467,1.14442,1.14446
1783004700000,1.14446,1.14448,1.14426,1.14445
1783004760000,1.14446,1.14476,1.14438,1.14467
1783004820000,1.14466,1.14466,1.14435,1.14449
1783004880000,1.1445,1.14464,1.14444,1.14444
1783004940000,1.14444,1.14471,1.14441,1.14469
1783005000000,1.1447,1.1447,1.14451,1.14455
1783005060000,1.14453,1.14465,1.14445,1.14462
1783005120000,1.14461,1.14473,1.14458,1.14472
1783005180000,1.14473,1.14477,1.14462,1.14471
1783005240000,1.14472,1.14472,1.14447,1.14448
1783005300000,1.1445,1.14451,1.14428,1.14433
1783005360000,1.14435,1.14438,1.14404,1.14413
1783005420000,1.14415,1.14433,1.14413,1.14432
1783005480000,1.14434,1.14446,1.1442,1.14434
1783005540000,1.14432,1.14448,1.14425,1.14432
1783005600000,1.14433,1.14442,1.14428,1.14437
1783005660000,1.14437,1.14457,1.14431,1.14453
1783005720000,1.14453,1.14463,1.14433,1.14463
1783005780000,1.14461,1.14479,1.14449,1.1445
1783005840000,1.14448,1.14454,1.14438,1.14443
1783005900000,1.14443,1.1445,1.14439,1.14443
1783005960000,1.14444,1.14461,1.14444,1.14451
1783006020000,1.14451,1.14454,1.14438,1.14441
1783006080000,1.14442,1.14442,1.14419,1.14426
1783006140000,1.14428,1.14432,1.14403,1.14405
1783006200000,1.14407,1.14433,1.14407,1.14431
1783006260000,1.14432,1.14475,1.14432,1.14474
1783006320000,1.14473,1.14473,1.14457,1.14473
1783006380000,1.14473,1.14487,1.14471,1.14477
1783006440000,1.14478,1.1448,1.1446,1.1447
1783006500000,1.14472,1.14489,1.1447,1.14476
1783006560000,1.14474,1.14489,1.14474,1.14487
1783006620000,1.14485,1.14495,1.14481,1.14486
1783006680000,1.14487,1.14497,1.14476,1.14486
1783006740000,1.14485,1.14488,1.14468,1.14468
1783006800000,1.14469,1.14471,1.14442,1.14443
1783006860000,1.14442,1.14461,1.14435,1.1446
1783006920000,1.14457,1.14467,1.14444,1.14457
1783006980000,1.14456,1.14469,1.14454,1.1446
1783007040000,1.14461,1.14464,1.14443,1.14447
1783007100000,1.14446,1.14457,1.14438,1.14457
1783007160000,1.14455,1.14456,1.14435,1.14447
1783007220000,1.14446,1.14447,1.14431,1.14446
1783007280000,1.14445,1.14451,1.14439,1.1445
1783007340000,1.14451,1.14451,1.1443,1.1443
1783007400000,1.14432,1.14433,1.1442,1.1443
1783007460000,1.14432,1.1444,1.14426,1.14432
1783007520000,1.14432,1.14437,1.14429,1.14434
1783007580000,1.14433,1.14438,1.14431,1.14438
1783007640000,1.14441,1.1445,1.14441,1.14444
1783007700000,1.14445,1.14465,1.14445,1.14458
1783007760000,1.14458,1.14461,1.14451,1.14458
1783007820000,1.14458,1.14475,1.14457,1.1447
1783007880000,1.14472,1.14474,1.14458,1.14474
1783007940000,1.14472,1.14478,1.14466,1.14474
1783008000000,1.14476,1.14481,1.14451,1.14461
1783008060000,1.14462,1.1447,1.14459,1.14465
1783008120000,1.14464,1.14468,1.1444,1.14444
1783008180000,1.14441,1.14469,1.14439,1.14458
1783008240000,1.1446,1.14465,1.1446,1.14463
1783008300000,1.14466,1.14467,1.14424,1.14426
1783008360000,1.14425,1.14427,1.14415,1.14423
1783008420000,1.14422,1.14433,1.14413,1.14418
1783008480000,1.14417,1.14446,1.14415,1.14443
1783008540000,1.14441,1.14441,1.14429,1.14432
1783008600000,1.14431,1.14449,1.14422,1.14448
1783008660000,1.14448,1.1445,1.14426,1.14428
1783008720000,1.1443,1.14433,1.14407,1.14409
1783008780000,1.1441,1.14436,1.1441,1.14428
1783008840000,1.14426,1.1444,1.14426,1.1443
1783008900000,1.1443,1.14433,1.1441,1.14412
1783008960000,1.14413,1.14421,1.14412,1.14419
1783009020000,1.14417,1.14419,1.14401,1.14403
1783009080000,1.14404,1.14407,1.14388,1.14394
1783009140000,1.14395,1.14395,1.1438,1.14383
1783009200000,1.14383,1.14388,1.14378,1.14381
1783009260000,1.1438,1.14388,1.14376,1.14379
1783009320000,1.14379,1.14387,1.14378,1.14383
1783009380000,1.14384,1.14393,1.14372,1.14373
1783009440000,1.14373,1.14383,1.14373,1.14379
1783009500000,1.14381,1.14398,1.14377,1.14397
1783009560000,1.14395,1.14397,1.14378,1.14382
1783009620000,1.14383,1.14383,1.14358,1.14359
1783009680000,1.14361,1.14383,1.14361,1.14382
1783009740000,1.14381,1.14385,1.14363,1.14363
1783009800000,1.14363,1.14365,1.14354,1.14359
1783009860000,1.14358,1.14363,1.14355,1.14359
1783009920000,1.1436,1.14373,1.14359,1.14367
1783009980000,1.14368,1.14369,1.14361,1.14366
1783010040000,1.14365,1.14367,1.14361,1.14361
1783010100000,1.14361,1.14362,1.14352,1.14359
1783010160000,1.14359,1.14368,1.14358,1.14368
1783010220000,1.14368,1.14374,1.14359,1.1437
1783010280000,1.14372,1.14374,1.14361,1.1437
1783010340000,1.14372,1.1438,1.14366,1.14367
1783010400000,1.14368,1.14375,1.14358,1.14374
1783010460000,1.14373,1.14388,1.1437,1.14383
1783010520000,1.14383,1.1439,1.1438,1.1439
1783010580000,1.1439,1.14394,1.14382,1.14384
1783010640000,1.14385,1.14398,1.14385,1.14392
1783010700000,1.14394,1.14399,1.14392,1.14399
1783010760000,1.14399,1.14405,1.14396,1.14403
1783010820000,1.14403,1.14408,1.14398,1.14404
1783010880000,1.14406,1.14406,1.14392,1.14399
1783010940000,1.14397,1.14409,1.14396,1.14398
1783011000000,1.14397,1.14398,1.14378,1.14383
1783011060000,1.14386,1.14392,1.14382,1.14387
1783011120000,1.14387,1.144,1.14387,1.14392
1783011180000,1.14392,1.14392,1.14381,1.14381
1783011240000,1.14381,1.14387,1.14376,1.14381
1783011300000,1.14383,1.14389,1.14383,1.14384
1783011360000,1.14384,1.14397,1.14381,1.14393
1783011420000,1.14392,1.14402,1.14392,1.14399
1783011480000,1.14398,1.144,1.14378,1.14383
1783011540000,1.14382,1.14382,1.14369,1.14378
1783011600000,1.14377,1.14377,1.14355,1.1436
1783011660000,1.14357,1.14363,1.14354,1.14359
1783011720000,1.14359,1.14371,1.14357,1.14362
1783011780000,1.14361,1.14362,1.14355,1.14357
1783011840000,1.14358,1.14361,1.14346,1.14349
1783011900000,1.14349,1.14352,1.1434,1.14344
1783011960000,1.14343,1.14355,1.14343,1.14352
1783012020000,1.14352,1.14359,1.14343,1.14346
1783012080000,1.14342,1.14343,1.14322,1.14331
1783012140000,1.14332,1.14344,1.14332,1.14338
1783012200000,1.14338,1.14359,1.14338,1.14359
1783012260000,1.14358,1.14359,1.14351,1.14358
1783012320000,1.14357,1.14358,1.14343,1.14349
1783012380000,1.14349,1.14353,1.14343,1.14347
1783012440000,1.14347,1.14356,1.14343,1.14345
1783012500000,1.14345,1.14348,1.14336,1.14337
1783012560000,1.14337,1.1434,1.14332,1.14333
1783012620000,1.14334,1.14339,1.14323,1.14324
1783012680000,1.14322,1.14339,1.14321,1.14336
1783012740000,1.14337,1.14339,1.1433,1.14338
1783012800000,1.14338,1.14349,1.14338,1.14339
1783012860000,1.1434,1.14345,1.14337,1.14342
1783012920000,1.14342,1.14343,1.14337,1.14337
1783012980000,1.14338,1.14338,1.14325,1.14325
1783013040000,1.14324,1.14329,1.14323,1.14329
1783013100000,1.1433,1.1433,1.14322,1.14327
1783013160000,1.14329,1.14329,1.14317,1.14317
1783013220000,1.14319,1.1432,1.14314,1.14315
1783013280000,1.14315,1.14317,1.14306,1.14306
1783013340000,1.14307,1.14313,1.14297,1.14313
1783013400000,1.14311,1.14323,1.1431,1.14322
1783013460000,1.14324,1.14328,1.14314,1.14314
1783013520000,1.14314,1.14324,1.1431,1.14319
1783013580000,1.14319,1.14334,1.14319,1.14321
1783013640000,1.14323,1.14327,1.14313,1.14313
1783013700000,1.14313,1.14314,1.14307,1.14308
1783013760000,1.14309,1.14309,1.14304,1.14309
1783013820000,1.14309,1.14309,1.14301,1.14302
1783013880000,1.14302,1.14306,1.14298,1.143
1783013940000,1.14301,1.14306,1.14297,1.14297
1783014000000,1.14301,1.14304,1.14297,1.14298
1783014060000,1.14299,1.14303,1.14292,1.14302
1783014120000,1.14302,1.14305,1.143,1.14304
1783014180000,1.143,1.14304,1.14292,1.14304
1783014240000,1.14302,1.14302,1.14292,1.14293
1783014300000,1.14294,1.14303,1.14288,1.14302
1783014360000,1.14304,1.14316,1.14303,1.1431
1783014420000,1.14311,1.14312,1.143,1.14301
1783014480000,1.143,1.14312,1.14297,1.14305
1783014540000,1.14304,1.14304,1.14288,1.14298
1783014600000,1.14297,1.14297,1.14288,1.14291
1783014660000,1.14292,1.14294,1.14286,1.14291
1783014720000,1.14292,1.14297,1.14289,1.14293
1783014780000,1.14293,1.14309,1.14293,1.14309
1783014840000,1.14306,1.14319,1.14306,1.14312
1783014900000,1.14312,1.14319,1.14307,1.14307
1783014960000,1.14308,1.14309,1.14302,1.14309
1783015020000,1.14308,1.1431,1.14306,1.14308
1783015080000,1.14307,1.14312,1.14294,1.14297
1783015140000,1.14295,1.14308,1.14295,1.14305
1783015200000,1.14305,1.14313,1.14301,1.14313
1783015260000,1.14314,1.1433,1.1431,1.14324
1783015320000,1.14327,1.14334,1.14327,1.1433
1783015380000,1.14331,1.14336,1.14328,1.14331
1783015440000,1.14331,1.14334,1.14323,1.14333
1783015500000,1.14331,1.14343,1.14331,1.14341
1783015560000,1.14343,1.14356,1.14342,1.1435
1783015620000,1.14349,1.14353,1.14343,1.14348
1783015680000,1.14347,1.14351,1.14347,1.14348
1783015740000,1.14349,1.14359,1.14348,1.14359
1783015800000,1.1436,1.14363,1.14348,1.14348
1783015860000,1.14349,1.14351,1.14348,1.14348
1783015920000,1.14345,1.14345,1.14332,1.14334
1783015980000,1.14333,1.14339,1.14331,1.14338
1783016040000,1.14339,1.1434,1.14316,1.14317
1783016100000,1.14318,1.14322,1.14317,1.14318
1783016160000,1.14321,1.14328,1.1432,1.14324
1783016220000,1.14324,1.14324,1.14303,1.14303
1783016280000,1.14306,1.14306,1.14293,1.14298
1783016340000,1.143,1.14307,1.143,1.14302
1783016400000,1.143,1.14314,1.14299,1.14312
1783016460000,1.14313,1.14317,1.14312,1.14314
1783016520000,1.14314,1.1432,1.14314,1.1432
1783016580000,1.14319,1.1432,1.14313,1.14313
1783016640000,1.14313,1.1432,1.1431,1.14319
1783016700000,1.1432,1.14336,1.14317,1.1433
1783016760000,1.14328,1.14335,1.14328,1.14331
1783016820000,1.14333,1.1434,1.14329,1.1434
1783016880000,1.14342,1.14346,1.14339,1.14342
1783016940000,1.14343,1.14343,1.14331,1.14331
1783017000000,1.14331,1.14337,1.14322,1.14329
1783017060000,1.1433,1.14338,1.14329,1.14338
1783017120000,1.14336,1.14349,1.14334,1.14349
1783017180000,1.1435,1.14365,1.1435,1.14364
1783017240000,1.14364,1.14369,1.14354,1.14359
1783017300000,1.14358,1.14361,1.14353,1.14358
1783017360000,1.1436,1.1436,1.14351,1.14353
1783017420000,1.14355,1.1436,1.14353,1.14358
1783017480000,1.14359,1.14361,1.14356,1.14361
1783017540000,1.14359,1.14359,1.14348,1.14354
1783017600000,1.14354,1.14354,1.14343,1.14344
1783017660000,1.14344,1.1435,1.14343,1.14345
1783017720000,1.14345,1.14345,1.14338,1.14343
1783017780000,1.14341,1.14344,1.14336,1.14339
1783017840000,1.14339,1.14339,1.14327,1.14327
1783017900000,1.14327,1.1433,1.14321,1.14329
1783017960000,1.1433,1.14331,1.14328,1.14329
1783018020000,1.1433,1.14335,1.1433,1.14331
1783018080000,1.1433,1.14333,1.14328,1.14332
1783018140000,1.14332,1.14336,1.1433,1.14336
1783018200000,1.14334,1.14335,1.14331,1.14335
1783018260000,1.14334,1.14334,1.14328,1.14329
1783018320000,1.14328,1.14339,1.14328,1.14333
1783018380000,1.14335,1.14339,1.14332,1.14339
1783018440000,1.14339,1.1434,1.14326,1.1433
1783018500000,1.1433,1.14333,1.14324,1.14324
1783018560000,1.14326,1.14332,1.14325,1.14329
1783018620000,1.14328,1.14337,1.14326,1.14333
1783018680000,1.14332,1.14333,1.14327,1.14329
1783018740000,1.14328,1.14332,1.14324,1.14328
1783018800000,1.14328,1.14337,1.14323,1.14323
1783018860000,1.14322,1.14331,1.14319,1.14329
1783018920000,1.14327,1.14329,1.14308,1.14312
1783018980000,1.14313,1.14314,1.14304,1.14308
1783019040000,1.1431,1.14315,1.14301,1.14305
1783019100000,1.14306,1.14311,1.14306,1.1431
1783019160000,1.14312,1.14318,1.14308,1.14313
1783019220000,1.14314,1.14318,1.14314,1.14318
1783019280000,1.14318,1.14324,1.14318,1.14322
1783019340000,1.14324,1.14331,1.14323,1.14331
1783019400000,1.14331,1.14334,1.14322,1.14322
1783019460000,1.14321,1.14323,1.14315,1.14316
1783019520000,1.14316,1.14326,1.14316,1.14325
1783019580000,1.14324,1.14324,1.14322,1.14324
1783019640000,1.14324,1.14325,1.14317,1.14323
1783019700000,1.14322,1.14325,1.14317,1.14317
1783019760000,1.14317,1.14319,1.14311,1.14313
1783019820000,1.14311,1.14315,1.14311,1.14313
1783019880000,1.14315,1.14315,1.14308,1.14309
1783019940000,1.14308,1.14313,1.14307,1.14308
1783020000000,1.14308,1.14309,1.14292,1.14292
1783020060000,1.14294,1.14297,1.14293,1.14295
1783020120000,1.14296,1.14299,1.14294,1.14294
1783020180000,1.14294,1.14304,1.14294,1.14304
1783020240000,1.14304,1.14304,1.14291,1.14293
1783020300000,1.14294,1.14294,1.14291,1.14293
1783020360000,1.14292,1.14296,1.14292,1.14296
1783020420000,1.14297,1.14301,1.14293,1.14293
1783020480000,1.14293,1.14296,1.14289,1.14294
1783020540000,1.14293,1.14298,1.14291,1.14292
1783020600000,1.14294,1.14294,1.14288,1.14292
1783020660000,1.14295,1.14297,1.14293,1.14295
1783020720000,1.14295,1.14304,1.14294,1.14304
1783020780000,1.14304,1.1431,1.14298,1.14299
1783020840000,1.143,1.14303,1.14292,1.14292
1783020900000,1.14292,1.14293,1.14288,1.14288
1783020960000,1.14286,1.14286,1.14277,1.1428
1783021020000,1.1428,1.14284,1.14275,1.14282
1783021080000,1.14284,1.1429,1.14284,1.14287
1783021140000,1.14286,1.14286,1.14281,1.14282
1783021200000,1.14283,1.14291,1.14282,1.14289
1783021260000,1.14289,1.14292,1.14287,1.1429
1783021320000,1.14291,1.14291,1.14287,1.1429
1783021380000,1.14288,1.14289,1.14287,1.14288
1783021440000,1.1429,1.14293,1.14288,1.14289
1783021500000,1.14288,1.14292,1.14283,1.14286
1783021560000,1.14287,1.14287,1.14265,1.14265
1783021620000,1.14267,1.14269,1.14261,1.14269
1783021680000,1.14268,1.14271,1.14266,1.14268
1783021740000,1.14267,1.14273,1.14265,1.14266
1783021800000,1.14269,1.14279,1.14269,1.14279
1783021860000,1.1428,1.1428,1.14277,1.14277
1783021920000,1.14279,1.14283,1.14274,1.14283
1783021980000,1.14284,1.14293,1.14278,1.14293
1783022040000,1.14293,1.14301,1.14291,1.14298
1783022100000,1.143,1.14315,1.14298,1.14313
1783022160000,1.14313,1.14318,1.14307,1.1431
1783022220000,1.14312,1.14315,1.14309,1.14312
1783022280000,1.14312,1.14312,1.14299,1.14302
1783022340000,1.14302,1.14308,1.14301,1.14308
1783022400000,1.14306,1.14307,1.14294,1.143
1783022460000,1.14299,1.1431,1.14297,1.14303
1783022520000,1.14304,1.14306,1.143,1.14302
1783022580000,1.14304,1.14312,1.14304,1.14311
1783022640000,1.14312,1.14315,1.14312,1.14315
1783022700000,1.14316,1.14324,1.14316,1.14319
1783022760000,1.14321,1.14323,1.14321,1.14323
1783022820000,1.14325,1.14325,1.14323,1.14324
1783022880000,1.14324,1.14324,1.1432,1.14322
1783022940000,1.14322,1.14325,1.1432,1.14325
1783023000000,1.14324,1.14324,1.14324,1.14324
1783023060000,1.14324,1.14324,1.14321,1.14324
1783023120000,1.14323,1.14323,1.14319,1.14321
1783023180000,1.14319,1.14319,1.14319,1.14319
1783023240000,1.1432,1.14324,1.1432,1.14321
1783023300000,1.14322,1.14324,1.14322,1.14324
1783023360000,1.14323,1.14328,1.14323,1.14328
1783023420000,1.14327,1.14327,1.14324,1.14325
1783023480000,1.14326,1.14338,1.14326,1.14338
1783023540000,1.14337,1.14339,1.14335,1.14339
1783023600000,1.1434,1.14346,1.14339,1.14346
1783023660000,1.14345,1.14346,1.14345,1.14345
1783023720000,1.14344,1.14344,1.14342,1.14344
1783023780000,1.14343,1.14345,1.14343,1.14345
1783023840000,1.14346,1.14351,1.14344,1.1435
1783023900000,1.1435,1.1435,1.14348,1.14348
1783023960000,1.14349,1.14355,1.14348,1.14355
1783024020000,1.14355,1.14355,1.1435,1.14351
1783024080000,1.14349,1.14353,1.14348,1.1435
1783024140000,1.1435,1.1435,1.14347,1.14347
1783024200000,1.14348,1.14349,1.14343,1.14345
1783024260000,1.14344,1.14345,1.14343,1.14344
1783024320000,1.14343,1.14344,1.14342,1.14344
1783024380000,1.14345,1.14345,1.14343,1.14344
1783024440000,1.14344,1.14344,1.14339,1.1434
1783024500000,1.14341,1.14342,1.1434,1.1434
1783024560000,1.14339,1.14339,1.14335,1.14339
1783024620000,1.14337,1.14341,1.14337,1.14341
1783024680000,1.14339,1.14339,1.14335,1.14335
1783024740000,1.14337,1.14339,1.14333,1.14333
1783024800000,1.14334,1.14334,1.14329,1.14331
1783024860000,1.1433,1.1433,1.14326,1.14329
1783024920000,1.14328,1.14328,1.14328,1.14328
1783024980000,1.14327,1.14328,1.14326,1.14327
1783025040000,1.14328,1.14329,1.14328,1.14328
1783025100000,1.14329,1.14334,1.14329,1.14331
1783025160000,1.14333,1.14338,1.14333,1.14338
1783025220000,1.14338,1.14343,1.14338,1.14343
1783025280000,1.14343,1.14344,1.14343,1.14344
1783025340000,1.14343,1.14346,1.14343,1.14345
1783025400000,1.14346,1.14355,1.14344,1.14344
1783025460000,1.14344,1.14344,1.14339,1.14339
1783025520000,1.1434,1.1434,1.14338,1.14339
1783025580000,1.14337,1.14339,1.14337,1.14337
1783025640000,1.14338,1.14341,1.14337,1.14341
1783025700000,1.14339,1.14339,1.14326,1.14326
1783025760000,1.14328,1.14331,1.14326,1.14328
1783025820000,1.14329,1.14335,1.14328,1.14333
1783025880000,1.14333,1.14339,1.14331,1.14334
1783025940000,1.14333,1.14335,1.14296,1.14308
1783026000000,1.14309,1.14309,1.14294,1.14299
1783026060000,1.14299,1.14299,1.14299,1.14299
1783026120000,1.14301,1.1432,1.14301,1.1432
1783026180000,1.14322,1.14322,1.14322,1.14322
1783026240000,1.14318,1.14322,1.14318,1.14322
1783026300000,1.14327,1.14332,1.14325,1.14331
1783026360000,1.14331,1.14331,1.14325,1.14326
1783026420000,1.14327,1.1433,1.14327,1.14328
1783026480000,1.14328,1.14329,1.14327,1.14327
1783026540000,1.14328,1.1433,1.14325,1.14325
1783026600000,1.14324,1.14332,1.14323,1.14332
1783026660000,1.14333,1.14333,1.14318,1.14319
1783026720000,1.14319,1.14329,1.14318,1.14328
1783026780000,1.14328,1.14329,1.14319,1.14328
1783026840000,1.14328,1.14329,1.14307,1.14309
1783026900000,1.14308,1.14329,1.14307,1.14329
1783026960000,1.14328,1.14328,1.14298,1.14306
1783027020000,1.14306,1.14327,1.14305,1.14316
1783027080000,1.14317,1.14317,1.14312,1.14315
1783027140000,1.14313,1.14314,1.14308,1.14308
1783027200000,1.14311,1.14311,1.14309,1.14309
1783027260000,1.14311,1.14321,1.14309,1.14318
1783027320000,1.14328,1.14328,1.14328,1.14328
1783027380000,1.14328,1.14328,1.14327,1.14328
1783027440000,1.14327,1.14334,1.14327,1.14334
1783027500000,1.14335,1.1434,1.14331,1.1434
1783027560000,1.14341,1.14341,1.14336,1.14337
1783027620000,1.14336,1.14338,1.14336,1.14336
1783027680000,1.14336,1.14344,1.14336,1.14343
1783027740000,1.14342,1.14345,1.14335,1.14335
1783027800000,1.14336,1.14336,1.14327,1.14335
1783027860000,1.14334,1.14335,1.14334,1.14335
1783027920000,1.14335,1.14335,1.1433,1.14331
1783027980000,1.14332,1.14332,1.14331,1.14332
1783028040000,1.14332,1.14332,1.14331,1.14332
1783028100000,1.14332,1.14332,1.14331,1.14332
1783028160000,1.14331,1.14334,1.14331,1.14331
1783028220000,1.14331,1.14332,1.14331,1.14332
1783028280000,1.14332,1.14332,1.14331,1.14332
1783028340000,1.14334,1.14334,1.14331,1.14333
1783028400000,1.14328,1.14328,1.14313,1.14316
1783028460000,1.14314,1.14318,1.14314,1.14318
1783028520000,1.14316,1.14317,1.14316,1.14317
1783028580000,1.14316,1.14316,1.14316,1.14316
1783028640000,1.14317,1.14317,1.14316,1.14317
1783028700000,1.14313,1.14313,1.1431,1.14312
1783028760000,1.14312,1.14312,1.14312,1.14312
1783028820000,1.14312,1.14312,1.14311,1.14312
1783028880000,1.14311,1.14311,1.1431,1.1431
1783028940000,1.14309,1.14309,1.14309,1.14309
1783029000000,1.14309,1.1431,1.14309,1.14309
1783029060000,1.1431,1.1431,1.14309,1.1431
1783029120000,1.14309,1.14309,1.14309,1.14309
1783029180000,1.14306,1.14307,1.14306,1.14307
1783029240000,1.14307,1.14307,1.14307,1.14307
1783029300000,1.14306,1.14309,1.14306,1.14309
1783029360000,1.14315,1.14328,1.14315,1.14327
1783029420000,1.14328,1.14331,1.14328,1.14331
1783029480000,1.14335,1.14335,1.14335,1.14335
1783029540000,1.14336,1.14338,1.14334,1.14334
1783029600000,1.14335,1.14344,1.1433,1.14343
1783029660000,1.1434,1.14353,1.1434,1.14353
1783029720000,1.14353,1.14353,1.14353,1.14353
1783029780000,1.14352,1.14353,1.14351,1.14351
1783029840000,1.14349,1.14352,1.14349,1.14352
1783029900000,1.14348,1.14348,1.14344,1.14344
1783029960000,1.14346,1.14347,1.14345,1.14346
1783030020000,1.14345,1.14345,1.14341,1.14341
1783030080000,1.14343,1.14344,1.14339,1.14339
1783030140000,1.14339,1.1434,1.14337,1.14337
1783030200000,1.14338,1.14341,1.14336,1.14339
1783030260000,1.14341,1.14343,1.14336,1.14338
1783030320000,1.1434,1.1434,1.1434,1.1434
1783030380000,1.14338,1.14339,1.14338,1.14339
1783030440000,1.14339,1.14342,1.14336,1.14337
1783030500000,1.14337,1.14337,1.14326,1.14329
1783030560000,1.14332,1.14332,1.14329,1.1433
1783030620000,1.1433,1.14331,1.14327,1.14328
1783030680000,1.14328,1.1433,1.14327,1.14329
1783030740000,1.14328,1.1433,1.14327,1.14329
1783030800000,1.14329,1.14332,1.14328,1.14329
1783030860000,1.14328,1.1433,1.14327,1.14327
1783030920000,1.14326,1.14326,1.14322,1.14322
1783030980000,1.14321,1.14326,1.14321,1.14326
1783031040000,1.14325,1.14326,1.14322,1.14322
1783031100000,1.14322,1.14323,1.14319,1.14319
1783031160000,1.1432,1.1432,1.14312,1.14313
1783031220000,1.14313,1.14315,1.14312,1.14312
1783031280000,1.14313,1.14313,1.14311,1.14311
1783031340000,1.14311,1.14314,1.14309,1.14312
1783031400000,1.14312,1.14313,1.14304,1.14306
1783031460000,1.14305,1.14308,1.14303,1.14305
1783031520000,1.14307,1.14311,1.14305,1.14306
1783031580000,1.14305,1.14309,1.14305,1.14307
1783031640000,1.14307,1.14308,1.14302,1.14302
1783031700000,1.14304,1.14309,1.14303,1.14303
1783031760000,1.14307,1.14308,1.14306,1.14307
1783031820000,1.14308,1.14308,1.14298,1.14302
1783031880000,1.14303,1.14304,1.143,1.143
1783031940000,1.14299,1.14301,1.14299,1.14301
1783032000000,1.143,1.14301,1.14293,1.14293
1783032060000,1.14291,1.14291,1.14282,1.14284
1783032120000,1.14283,1.14285,1.14279,1.1428
1783032180000,1.1428,1.14291,1.14279,1.1429
1783032240000,1.14291,1.14293,1.14289,1.14289
1783032300000,1.14289,1.1429,1.14283,1.14283
1783032360000,1.14282,1.14284,1.14278,1.14279
1783032420000,1.14279,1.14293,1.14278,1.14289
1783032480000,1.14288,1.14289,1.14287,1.14288
1783032540000,1.14289,1.14289,1.14286,1.14286
1783032600000,1.14287,1.14287,1.14277,1.14278
1783032660000,1.14277,1.14279,1.14277,1.14277
1783032720000,1.14278,1.14279,1.14276,1.14278
1783032780000,1.14279,1.14279,1.14275,1.14278
1783032840000,1.14278,1.14278,1.14276,1.14277
1783032900000,1.14277,1.14279,1.14276,1.14278
1783032960000,1.14277,1.14279,1.14277,1.14279
1783033020000,1.14279,1.14279,1.14277,1.14279
1783033080000,1.14279,1.14284,1.14278,1.14284
1783033140000,1.14283,1.14289,1.14277,1.14286
1783033200000,1.14287,1.1429,1.14287,1.14289
1783033260000,1.14288,1.14288,1.1428,1.1428
1783033320000,1.14281,1.14285,1.14281,1.14281
1783033380000,1.14281,1.14284,1.14279,1.14283
1783033440000,1.14283,1.14287,1.14283,1.14283
1783033500000,1.14285,1.14286,1.14282,1.14286
1783033560000,1.14286,1.14294,1.14286,1.14289
1783033620000,1.14288,1.14288,1.14285,1.14286
1783033680000,1.14284,1.14286,1.14284,1.14286
1783033740000,1.14287,1.14288,1.14283,1.14283
1783033800000,1.14282,1.14284,1.14278,1.14278
1783033860000,1.14279,1.1428,1.14277,1.14279
1783033920000,1.14278,1.14291,1.14278,1.14288
1783033980000,1.14288,1.14291,1.14282,1.14283
1783034040000,1.14282,1.14282,1.14277,1.14277
1783034100000,1.14279,1.14284,1.14279,1.14283
1783034160000,1.14285,1.14289,1.14285,1.14287
1783034220000,1.14288,1.14288,1.14287,1.14287
1783034280000,1.14286,1.14288,1.14285,1.14286
1783034340000,1.14287,1.14289,1.14284,1.14288
1783034400000,1.14289,1.14295,1.14289,1.14289
1783034460000,1.14289,1.14289,1.14285,1.14286
1783034520000,1.14287,1.14292,1.14287,1.14291
1783034580000,1.14293,1.14297,1.14292,1.14294
1783034640000,1.14294,1.14298,1.14294,1.14298
1783034700000,1.14299,1.143,1.14298,1.14299
1783034760000,1.143,1.14301,1.14299,1.143
1783034820000,1.143,1.14304,1.14298,1.14298
1783034880000,1.14299,1.143,1.14299,1.14299
1783034940000,1.14298,1.14299,1.14298,1.14298
1783035000000,1.14295,1.14295,1.14288,1.14291
1783035060000,1.14289,1.14294,1.14284,1.14288
1783035120000,1.14285,1.14285,1.14283,1.14285
1783035180000,1.14284,1.14286,1.14282,1.14282
1783035240000,1.14281,1.14282,1.14276,1.14276
1783035300000,1.14276,1.14276,1.14269,1.14269
1783035360000,1.14269,1.14269,1.14253,1.14255
1783035420000,1.14254,1.14258,1.14249,1.1425
1783035480000,1.14245,1.14245,1.14238,1.14239
1783035540000,1.1424,1.14246,1.14238,1.14244
1783035600000,1.1425,1.14254,1.14249,1.14249
1783035660000,1.14249,1.14253,1.14249,1.14252
1783035720000,1.14251,1.14254,1.14246,1.14246
1783035780000,1.14246,1.14262,1.14246,1.14262
1783035840000,1.1426,1.14261,1.14254,1.1426
1783035900000,1.14259,1.14265,1.14258,1.14263
1783035960000,1.14265,1.14265,1.14253,1.14259
1783036020000,1.14258,1.14258,1.14254,1.14256
1783036080000,1.14258,1.14258,1.14251,1.14252
1783036140000,1.14251,1.14255,1.14247,1.14253
1783036200000,1.14253,1.14254,1.14251,1.14253
1783036260000,1.14253,1.14254,1.14246,1.14246
1783036320000,1.14246,1.14247,1.14233,1.14233
1783036380000,1.14234,1.14235,1.14227,1.14229
1783036440000,1.14231,1.14235,1.14229,1.14234
1783036500000,1.14234,1.14234,1.14227,1.14229
1783036560000,1.14228,1.14228,1.14217,1.14217
1783036620000,1.14217,1.14225,1.14217,1.14222
1783036680000,1.14223,1.14229,1.1422,1.14223
1783036740000,1.14225,1.14225,1.14221,1.14224
1783036800000,1.14224,1.14244,1.14221,1.14234
1783036860000,1.14234,1.14235,1.1422,1.14226
1783036920000,1.14225,1.14235,1.14222,1.14235
1783036980000,1.14233,1.1424,1.14226,1.14233
1783037040000,1.14234,1.14235,1.14225,1.14227
1783037100000,1.14227,1.14228,1.14221,1.14221
1783037160000,1.14221,1.14221,1.14207,1.14215
1783037220000,1.14214,1.14214,1.14206,1.14208
1783037280000,1.14209,1.1421,1.14206,1.14209
1783037340000,1.14211,1.14215,1.14207,1.14212
1783037400000,1.14213,1.14214,1.14207,1.14212
1783037460000,1.14211,1.14218,1.14208,1.14215
1783037520000,1.14216,1.14224,1.14215,1.1422
1783037580000,1.14221,1.1423,1.14218,1.14228
1783037640000,1.14228,1.14231,1.14213,1.1422
1783037700000,1.14219,1.14223,1.14218,1.14219
1783037760000,1.1422,1.14221,1.14208,1.1421
1783037820000,1.14211,1.14212,1.14205,1.14205
1783037880000,1.14205,1.14219,1.14204,1.14218
1783037940000,1.14218,1.14225,1.14215,1.14225
1783038000000,1.14227,1.14231,1.14224,1.14226
1783038060000,1.14227,1.14231,1.1422,1.14223
1783038120000,1.14222,1.14222,1.14214,1.14217
1783038180000,1.14218,1.14227,1.14216,1.14226
1783038240000,1.14226,1.14228,1.14225,1.14226
1783038300000,1.14226,1.1423,1.14225,1.14229
1783038360000,1.14229,1.14232,1.14224,1.14224
1783038420000,1.14223,1.14227,1.14217,1.1422
1783038480000,1.14219,1.14222,1.14215,1.1422
1783038540000,1.14219,1.14225,1.14218,1.1422
1783038600000,1.14221,1.14221,1.14206,1.14207
1783038660000,1.14208,1.14218,1.14208,1.14214
1783038720000,1.14214,1.14217,1.14211,1.14214
1783038780000,1.14213,1.14215,1.14206,1.14215
1783038840000,1.14214,1.14215,1.1421,1.1421
1783038900000,1.14211,1.1422,1.1421,1.1422
1783038960000,1.14218,1.1422,1.14214,1.14218
1783039020000,1.14217,1.14218,1.14213,1.14215
1783039080000,1.14215,1.14221,1.14215,1.14219
1783039140000,1.14218,1.14218,1.14213,1.14215
1783039200000,1.14214,1.14217,1.14214,1.14214
1783039260000,1.14214,1.14218,1.14212,1.14212
1783039320000,1.14213,1.14215,1.14212,1.14214
1783039380000,1.14212,1.14214,1.14208,1.14211
1783039440000,1.14213,1.1422,1.14212,1.1422
1783039500000,1.1422,1.14227,1.14219,1.1422
1783039560000,1.14222,1.14237,1.14221,1.14235
1783039620000,1.14235,1.14238,1.14233,1.14234
1783039680000,1.14234,1.14239,1.14234,1.14237
1783039740000,1.14236,1.14245,1.14236,1.14237
1783039800000,1.14236,1.14241,1.14233,1.1424
1783039860000,1.14239,1.14245,1.14239,1.14245
1783039920000,1.14248,1.1425,1.1424,1.14245
1783039980000,1.14245,1.14258,1.14244,1.14251
1783040040000,1.14253,1.14279,1.14253,1.14278
1783040100000,1.14277,1.14277,1.14259,1.14259
1783040160000,1.14259,1.1427,1.14259,1.14269
1783040220000,1.14269,1.14287,1.14264,1.14287
1783040280000,1.14288,1.14301,1.14285,1.14299
1783040340000,1.14301,1.14307,1.14299,1.14305
1783040400000,1.14307,1.14317,1.143,1.14306
1783040460000,1.14307,1.14313,1.143,1.14313
1783040520000,1.14312,1.14321,1.14308,1.14315
1783040580000,1.14318,1.14334,1.14314,1.14334
1783040640000,1.14333,1.14339,1.14328,1.14334
1783040700000,1.14334,1.14334,1.14317,1.14322
1783040760000,1.14324,1.14324,1.1431,1.14318
1783040820000,1.14318,1.14318,1.14302,1.14312
1783040880000,1.14312,1.14333,1.14312,1.14333
1783040940000,1.14333,1.14339,1.1433,1.1433
1783041000000,1.14328,1.14334,1.14327,1.14334
1783041060000,1.14336,1.14359,1.14336,1.14349
1783041120000,1.14349,1.14356,1.14342,1.14356
1783041180000,1.14355,1.1437,1.14354,1.14362
1783041240000,1.14361,1.14371,1.14353,1.14371
1783041300000,1.14372,1.14394,1.14367,1.1439
1783041360000,1.14388,1.1439,1.14373,1.14378
1783041420000,1.14378,1.1439,1.14376,1.14387
1783041480000,1.14389,1.14405,1.14389,1.14404
1783041540000,1.14403,1.14419,1.14397,1.14419
1783041600000,1.1442,1.14433,1.14412,1.14424
1783041660000,1.14424,1.14431,1.14413,1.14423
1783041720000,1.14424,1.14434,1.14422,1.14432
1783041780000,1.14431,1.14431,1.14423,1.14429
1783041840000,1.14428,1.14445,1.14427,1.14439
1783041900000,1.14439,1.1444,1.14418,1.14418
1783041960000,1.14419,1.14421,1.14399,1.14404
1783042020000,1.14405,1.14408,1.14395,1.14398
1783042080000,1.14397,1.14407,1.14396,1.14402
1783042140000,1.14401,1.14402,1.14391,1.14392
1783042200000,1.14393,1.14398,1.14382,1.14388
1783042260000,1.14387,1.14395,1.14378,1.14385
1783042320000,1.14388,1.14399,1.14386,1.14398
1783042380000,1.14397,1.14408,1.14393,1.14404
1783042440000,1.14403,1.1442,1.14403,1.14419
1783042500000,1.14421,1.14428,1.14412,1.14413
1783042560000,1.14414,1.14414,1.14392,1.14393
1783042620000,1.14392,1.14392,1.14383,1.14384
1783042680000,1.14383,1.14394,1.14381,1.14387
1783042740000,1.14388,1.14397,1.14387,1.1439
1783042800000,1.14388,1.14394,1.14387,1.14393
1783042860000,1.14392,1.14403,1.1439,1.14394
1783042920000,1.14394,1.14397,1.1439,1.14396
1783042980000,1.14394,1.14402,1.14393,1.14401
1783043040000,1.14401,1.14414,1.14401,1.14407
1783043100000,1.14405,1.14406,1.1439,1.14393
1783043160000,1.14393,1.14394,1.14387,1.14394
1783043220000,1.14393,1.14394,1.14383,1.14383
1783043280000,1.14382,1.14382,1.14372,1.1438
1783043340000,1.14382,1.14384,1.14377,1.1438
1783043400000,1.1438,1.14382,1.14372,1.14379
1783043460000,1.14378,1.14379,1.14366,1.14367
1783043520000,1.14365,1.14371,1.14361,1.1437
1783043580000,1.14371,1.14372,1.14367,1.14368
1783043640000,1.14371,1.14377,1.14366,1.14376
1783043700000,1.14378,1.14382,1.14374,1.14377
1783043760000,1.1438,1.14382,1.14371,1.14374
1783043820000,1.14373,1.14374,1.14365,1.14365
1783043880000,1.14365,1.14371,1.14363,1.14368
1783043940000,1.14366,1.14371,1.14366,1.14369
1783044000000,1.1437,1.14374,1.14365,1.14373
1783044060000,1.14373,1.14373,1.14362,1.14368
1783044120000,1.14367,1.14368,1.14357,1.14358
1783044180000,1.14358,1.14373,1.14358,1.14373
1783044240000,1.14373,1.14373,1.14363,1.14364
1783044300000,1.14363,1.14379,1.14363,1.14363
1783044360000,1.14364,1.14382,1.14364,1.14382
1783044420000,1.14385,1.14407,1.14385,1.14407
1783044480000,1.14408,1.14413,1.14402,1.14403
1783044540000,1.14403,1.14415,1.14402,1.14415
1783044600000,1.14416,1.14422,1.14408,1.1441
1783044660000,1.14409,1.14417,1.14407,1.14416
1783044720000,1.14417,1.14419,1.14412,1.14412
1783044780000,1.14414,1.14414,1.14399,1.14406
1783044840000,1.14405,1.14406,1.14401,1.14404
1783044900000,1.14406,1.14412,1.14404,1.14411
1783044960000,1.14412,1.14412,1.14408,1.14411
1783045020000,1.14412,1.14418,1.14412,1.14416
1783045080000,1.14417,1.1443,1.14415,1.14428
1783045140000,1.14431,1.14431,1.14417,1.14417
1783045200000,1.14418,1.14422,1.14413,1.14415
1783045260000,1.14417,1.1442,1.1441,1.14418
1783045320000,1.1442,1.14427,1.14418,1.14427
1783045380000,1.14426,1.14432,1.14424,1.14432
1783045440000,1.14431,1.14432,1.14428,1.14428
1783045500000,1.14429,1.14429,1.1442,1.1442
1783045560000,1.14418,1.14422,1.14417,1.14418
1783045620000,1.1442,1.14426,1.14416,1.14423
1783045680000,1.14423,1.14445,1.14423,1.1444
1783045740000,1.14439,1.1444,1.14433,1.14439
1783045800000,1.1444,1.14446,1.14435,1.14442
1783045860000,1.14442,1.14444,1.14442,1.14443
1783045920000,1.14443,1.14443,1.14427,1.14428
1783045980000,1.14428,1.14428,1.14419,1.14421
1783046040000,1.1442,1.14423,1.14414,1.14416
1783046100000,1.14415,1.1442,1.14412,1.14415
1783046160000,1.14415,1.14419,1.14411,1.14419
1783046220000,1.14417,1.14424,1.14417,1.14423
1783046280000,1.14423,1.14427,1.1442,1.14426
1783046340000,1.14428,1.14436,1.14428,1.14432
1783046400000,1.14431,1.14433,1.14427,1.14429
1783046460000,1.1443,1.1444,1.1443,1.14438
1783046520000,1.14437,1.1444,1.14425,1.14426
1783046580000,1.14426,1.14428,1.14418,1.1442
1783046640000,1.14419,1.14437,1.14419,1.14432
1783046700000,1.14431,1.14437,1.14429,1.1443
1783046760000,1.14429,1.1443,1.14417,1.14419
1783046820000,1.14418,1.14426,1.14416,1.14424
1783046880000,1.14424,1.14424,1.14416,1.14418
1783046940000,1.14416,1.14419,1.14413,1.14417
1783047000000,1.14417,1.14428,1.14417,1.14427
1783047060000,1.1443,1.14432,1.14423,1.14427
1783047120000,1.14428,1.14432,1.14426,1.14432
1783047180000,1.14434,1.14434,1.14429,1.1443
1783047240000,1.1443,1.14432,1.14421,1.14424
1783047300000,1.14424,1.1443,1.14411,1.14414
1783047360000,1.14411,1.14411,1.14403,1.14404
1783047420000,1.14403,1.14404,1.14398,1.14399
1783047480000,1.14399,1.14401,1.14389,1.1439
1783047540000,1.14392,1.14397,1.14386,1.14397
1783047600000,1.14395,1.144,1.1439,1.1439
1783047660000,1.14391,1.14396,1.14387,1.14396
1783047720000,1.14393,1.144,1.14391,1.14398
1783047780000,1.14401,1.14401,1.14386,1.14388
1783047840000,1.14389,1.1439,1.14387,1.14388
1783047900000,1.14387,1.14387,1.14382,1.14387
1783047960000,1.14387,1.1439,1.14385,1.14385
1783048020000,1.14384,1.14384,1.14378,1.14381
1783048080000,1.14381,1.14383,1.14378,1.1438
1783048140000,1.1438,1.14382,1.14377,1.14377
1783048200000,1.14379,1.14379,1.14377,1.14377
1783048260000,1.14378,1.14381,1.14378,1.14379
1783048320000,1.1438,1.1438,1.14378,1.1438
1783048380000,1.14379,1.14384,1.14378,1.14384
1783048440000,1.14382,1.14398,1.14382,1.14398
1783048500000,1.14398,1.14399,1.1439,1.1439
1783048560000,1.1439,1.14393,1.14386,1.14386
1783048620000,1.14388,1.14389,1.14385,1.14388
1783048680000,1.14388,1.14388,1.14387,1.14388
1783048740000,1.14389,1.1439,1.14385,1.14387
1783048800000,1.14387,1.14387,1.14383,1.14383
1783048860000,1.14384,1.14394,1.14383,1.14384
1783048920000,1.14383,1.14385,1.14377,1.14377
1783048980000,1.14378,1.14379,1.14376,1.14378
1783049040000,1.14376,1.14379,1.14376,1.14378
1783049100000,1.14379,1.14382,1.14373,1.14375
1783049160000,1.14375,1.14378,1.14366,1.14372
1783049220000,1.14372,1.14386,1.14372,1.14383
1783049280000,1.14385,1.14386,1.14383,1.14384
1783049340000,1.14384,1.1439,1.14384,1.14388
1783049400000,1.14388,1.14388,1.14381,1.14382
1783049460000,1.14381,1.14381,1.14375,1.14379
1783049520000,1.1438,1.1438,1.14373,1.14374
1783049580000,1.14374,1.1439,1.14373,1.14389
1783049640000,1.14387,1.14391,1.14386,1.14386
1783049700000,1.14387,1.144,1.14387,1.14399
1783049760000,1.144,1.14405,1.14397,1.144
1783049820000,1.144,1.14404,1.14396,1.14403
1783049880000,1.14403,1.14403,1.14395,1.14397
1783049940000,1.14395,1.14399,1.14391,1.14393
1783050000000,1.14394,1.14408,1.1439,1.14406
1783050060000,1.14406,1.14407,1.14399,1.14401
1783050120000,1.14401,1.14404,1.14398,1.14403
1783050180000,1.14403,1.14403,1.14396,1.14396
1783050240000,1.14397,1.14398,1.14395,1.14395
1783050300000,1.14396,1.14397,1.1439,1.14395
1783050360000,1.14397,1.14402,1.14394,1.14395
1783050420000,1.14397,1.14397,1.14394,1.14396
1783050480000,1.14396,1.14401,1.14394,1.14397
1783050540000,1.14395,1.14401,1.1439,1.14398
1783050600000,1.144,1.14401,1.14393,1.14395
1783050660000,1.14396,1.14409,1.14396,1.14406
1783050720000,1.14408,1.14409,1.14407,1.14408
1783050780000,1.14408,1.14408,1.14403,1.14403
1783050840000,1.14406,1.14406,1.144,1.144
1783050900000,1.14401,1.14413,1.14401,1.14413
1783050960000,1.14413,1.14413,1.14401,1.14405
1783051020000,1.14406,1.14409,1.14404,1.14409
1783051080000,1.14408,1.14411,1.14406,1.14408
1783051140000,1.1441,1.1441,1.14408,1.14409
1783051200000,1.14409,1.1441,1.14402,1.14406
1783051260000,1.14407,1.14409,1.14402,1.14403
1783051320000,1.14402,1.14402,1.1439,1.14393
1783051380000,1.14392,1.14394,1.14392,1.14394
1783051440000,1.14395,1.14397,1.14394,1.14394
1783051500000,1.14394,1.14402,1.14392,1.14402
1783051560000,1.144,1.14407,1.144,1.14406
1783051620000,1.14408,1.1441,1.14404,1.14404
1783051680000,1.14405,1.14406,1.14405,1.14405
1783051740000,1.14405,1.14405,1.14398,1.14405
1783051800000,1.14405,1.14405,1.14399,1.14403
1783051860000,1.14403,1.14406,1.144,1.14404
1783051920000,1.14404,1.14407,1.14404,1.14405
1783051980000,1.14405,1.14407,1.14405,1.14406
1783052040000,1.14408,1.14424,1.14405,1.14423
1783052100000,1.14421,1.14431,1.14421,1.14426
1783052160000,1.14427,1.14428,1.14422,1.14422
1783052220000,1.14422,1.1443,1.14422,1.14428
1783052280000,1.14429,1.14429,1.14423,1.14428
1783052340000,1.14428,1.14428,1.14427,1.14427
1783052400000,1.14428,1.14429,1.14425,1.14428
1783052460000,1.14428,1.14428,1.14422,1.14423
1783052520000,1.14425,1.14425,1.14421,1.14424
1783052580000,1.14424,1.14424,1.1442,1.14423
1783052640000,1.14422,1.14422,1.14416,1.14417
1783052700000,1.14418,1.14423,1.14417,1.14422
1783052760000,1.14422,1.14426,1.14422,1.14426
1783052820000,1.14424,1.14427,1.14424,1.14427
1783052880000,1.14425,1.14428,1.14422,1.14424
1783052940000,1.14423,1.14423,1.1442,1.14421
1783053000000,1.14421,1.14424,1.14421,1.14422
1783053060000,1.14422,1.14422,1.1442,1.1442
1783053120000,1.1442,1.14423,1.14415,1.14419
1783053180000,1.14417,1.14421,1.14415,1.1442
1783053240000,1.1442,1.14424,1.1442,1.14421
1783053300000,1.14422,1.14429,1.14422,1.14429
1783053360000,1.14429,1.14437,1.14429,1.14437
1783053420000,1.14436,1.14437,1.14432,1.14437
1783053480000,1.14436,1.14438,1.14434,1.14436
1783053540000,1.14435,1.14437,1.14435,1.14436
1783053600000,1.14437,1.14443,1.14437,1.14437
1783053660000,1.14437,1.14444,1.14437,1.14441
1783053720000,1.14441,1.14448,1.14441,1.14447
1783053780000,1.14452,1.14453,1.14447,1.14448
1783053840000,1.14449,1.14453,1.14447,1.14447
1783053900000,1.14447,1.14454,1.14446,1.14452
1783053960000,1.14452,1.14455,1.14449,1.14454
1783054020000,1.14453,1.14453,1.1445,1.14451
1783054080000,1.14451,1.14451,1.14443,1.14443
1783054140000,1.14442,1.14448,1.14442,1.14444
1783054200000,1.14445,1.14449,1.14442,1.14449
1783054260000,1.1445,1.1445,1.14443,1.14446
1783054320000,1.14448,1.1445,1.14448,1.1445
1783054380000,1.14451,1.14453,1.14451,1.14451
1783054440000,1.14453,1.14453,1.14444,1.14444
1783054500000,1.14443,1.14445,1.14438,1.14445
1783054560000,1.14443,1.14445,1.14443,1.14443
1783054620000,1.14444,1.14446,1.14444,1.14446
1783054680000,1.14447,1.14453,1.14446,1.14451
1783054740000,1.14451,1.14461,1.1445,1.14459
1783054800000,1.14459,1.14473,1.14454,1.14469
1783054860000,1.14469,1.14472,1.14467,1.1447
1783054920000,1.14472,1.14475,1.1447,1.14472
1783054980000,1.14473,1.14492,1.1447,1.14491
1783055040000,1.14489,1.14499,1.14488,1.14489
1783055100000,1.14491,1.14493,1.14487,1.14492
1783055160000,1.14492,1.14513,1.14492,1.14513
1783055220000,1.14513,1.14524,1.14513,1.14522
1783055280000,1.14524,1.14526,1.14513,1.14523
1783055340000,1.14522,1.14534,1.1451,1.14512
1783055400000,1.1451,1.1451,1.14492,1.14503
1783055460000,1.14503,1.14503,1.14494,1.14503
1783055520000,1.14503,1.14512,1.14503,1.14511
1783055580000,1.14511,1.14517,1.14507,1.14517
1783055640000,1.14518,1.14524,1.14516,1.14522
1783055700000,1.14523,1.14539,1.14523,1.14539
1783055760000,1.14539,1.14548,1.14533,1.14537
1783055820000,1.14537,1.14537,1.14525,1.14527
1783055880000,1.14526,1.14535,1.14526,1.14529
1783055940000,1.1453,1.14533,1.14528,1.1453
1783056000000,1.1453,1.1453,1.14513,1.14517
1783056060000,1.14518,1.14523,1.14512,1.14512
1783056120000,1.1451,1.1451,1.14506,1.14507
1783056180000,1.14509,1.14511,1.14507,1.14507
1783056240000,1.14506,1.14517,1.14503,1.14514
1783056300000,1.14514,1.14518,1.14514,1.14518
1783056360000,1.14515,1.1452,1.14512,1.14519
1783056420000,1.1452,1.14521,1.14514,1.14514
1783056480000,1.14514,1.1452,1.14513,1.14519
1783056540000,1.1452,1.14521,1.14516,1.14519
1783056600000,1.14519,1.14529,1.14518,1.14525
1783056660000,1.14527,1.14529,1.14525,1.14527
1783056720000,1.14525,1.14531,1.14525,1.14531
1783056780000,1.14532,1.14532,1.14527,1.14528
1783056840000,1.14528,1.14529,1.14523,1.14529
1783056900000,1.14529,1.14534,1.14528,1.14529
1783056960000,1.14529,1.14529,1.14522,1.14524
1783057020000,1.14523,1.14536,1.14522,1.14532
1783057080000,1.1453,1.14531,1.14515,1.14515
1783057140000,1.14515,1.14518,1.14507,1.14509
1783057200000,1.14511,1.14511,1.14507,1.14507
1783057260000,1.14507,1.14507,1.14502,1.14504
1783057320000,1.14503,1.14518,1.145,1.14518
1783057380000,1.1452,1.14522,1.14512,1.14515
1783057440000,1.14516,1.14524,1.14515,1.14524
1783057500000,1.14524,1.14527,1.14518,1.14523
1783057560000,1.14522,1.14523,1.14518,1.14522
1783057620000,1.14522,1.14527,1.14519,1.14523
1783057680000,1.14523,1.14523,1.14516,1.14518
1783057740000,1.14517,1.14523,1.14517,1.14522
1783057800000,1.14523,1.14528,1.14522,1.14523
1783057860000,1.14522,1.14523,1.14514,1.14523
1783057920000,1.14523,1.14533,1.14523,1.14533
1783057980000,1.1453,1.14538,1.14527,1.14538
1783058040000,1.14535,1.14537,1.14528,1.14535
1783058100000,1.14533,1.14533,1.14502,1.14502
1783058160000,1.14503,1.14504,1.14494,1.14497
1783058220000,1.14498,1.14498,1.14482,1.14491
1783058280000,1.14489,1.14489,1.14465,1.1448
1783058340000,1.14478,1.14489,1.14474,1.14486
1783058400000,1.14486,1.14496,1.1448,1.14494
1783058460000,1.14493,1.14496,1.14485,1.1449
1783058520000,1.1449,1.14495,1.14483,1.14488
1783058580000,1.14486,1.14508,1.14483,1.14503
1783058640000,1.14504,1.14504,1.14495,1.14496
1783058700000,1.14497,1.14514,1.14496,1.14507
1783058760000,1.1451,1.14529,1.14509,1.14511
1783058820000,1.14513,1.14523,1.14509,1.14513
1783058880000,1.14513,1.14519,1.14509,1.14516
1783058940000,1.14517,1.14529,1.14517,1.14525
1783059000000,1.14525,1.14525,1.14511,1.14513
1783059060000,1.14512,1.14514,1.14504,1.14514
1783059120000,1.14513,1.14513,1.14507,1.1451
1783059180000,1.14511,1.14523,1.14507,1.14523
1783059240000,1.14525,1.14541,1.14521,1.14539
1783059300000,1.14541,1.1456,1.14539,1.14557
1783059360000,1.14558,1.1457,1.14558,1.14568
1783059420000,1.14569,1.14579,1.14568,1.14573
1783059480000,1.14573,1.1458,1.1457,1.14574
1783059540000,1.14573,1.14582,1.14573,1.14578
1783059600000,1.14579,1.14581,1.14563,1.14563
1783059660000,1.14563,1.14564,1.14548,1.1455
1783059720000,1.14549,1.14549,1.14537,1.14546
1783059780000,1.14544,1.14545,1.14513,1.14518
1783059840000,1.14521,1.14524,1.14512,1.14513
1783059900000,1.14513,1.14524,1.14513,1.14515
1783059960000,1.14515,1.1453,1.14514,1.14528
1783060020000,1.14527,1.14545,1.14527,1.14542
1783060080000,1.14543,1.1455,1.1454,1.1454
1783060140000,1.14542,1.14543,1.14517,1.14528
1783060200000,1.14527,1.14546,1.14524,1.14546
1783060260000,1.14546,1.14556,1.14542,1.14552
1783060320000,1.14552,1.14554,1.14538,1.14543
1783060380000,1.14541,1.14569,1.14541,1.14568
1783060440000,1.14569,1.14617,1.14569,1.14603
1783060500000,1.14602,1.14602,1.14591,1.14593
1783060560000,1.14593,1.146,1.14587,1.14593
1783060620000,1.14593,1.14598,1.14587,1.14598
1783060680000,1.14597,1.14623,1.14596,1.14621
1783060740000,1.1462,1.1462,1.14595,1.14607
1783060800000,1.14608,1.1461,1.14591,1.14592
1783060860000,1.14595,1.14603,1.1458,1.14601
1783060920000,1.146,1.14601,1.14578,1.14595
1783060980000,1.14594,1.14596,1.14586,1.14589
1783061040000,1.1459,1.14597,1.14583,1.14597
1783061100000,1.14595,1.14596,1.14589,1.14596
1783061160000,1.14597,1.14606,1.14593,1.14605
1783061220000,1.14605,1.14606,1.1459,1.14595
1783061280000,1.14596,1.14602,1.14589,1.14602
1783061340000,1.14601,1.14601,1.1459,1.1459
1783061400000,1.14591,1.14591,1.14576,1.14576
1783061460000,1.14575,1.14577,1.14572,1.14577
1783061520000,1.14576,1.14579,1.14567,1.14574
1783061580000,1.14575,1.14576,1.14564,1.14564
1783061640000,1.14563,1.14563,1.14554,1.14559
1783061700000,1.14559,1.14561,1.14551,1.14551
1783061760000,1.14552,1.14553,1.14532,1.14532
1783061820000,1.14533,1.14533,1.14517,1.14524
1783061880000,1.14526,1.14545,1.14523,1.14545
1783061940000,1.14544,1.14544,1.14531,1.14539
1783062000000,1.1454,1.14547,1.14521,1.14521
1783062060000,1.1452,1.1454,1.1452,1.14536
1783062120000,1.14534,1.14538,1.14522,1.14524
1783062180000,1.14525,1.14535,1.14521,1.14534
1783062240000,1.14534,1.14538,1.14526,1.14533
1783062300000,1.14531,1.14535,1.14525,1.14534
1783062360000,1.14535,1.14536,1.14525,1.14529
1783062420000,1.1453,1.14531,1.14525,1.14525
1783062480000,1.14525,1.14526,1.14522,1.14523
1783062540000,1.14524,1.14537,1.14524,1.14536
1783062600000,1.14536,1.14545,1.1453,1.14532
1783062660000,1.14535,1.1454,1.14527,1.14534
1783062720000,1.14536,1.14545,1.14534,1.14537
1783062780000,1.14536,1.14541,1.14529,1.14541
1783062840000,1.14541,1.14542,1.14537,1.14538
1783062900000,1.14538,1.14538,1.14524,1.14526
1783062960000,1.14525,1.14528,1.14521,1.14524
1783063020000,1.14526,1.14531,1.14519,1.14524
1783063080000,1.14526,1.1453,1.14523,1.14524
1783063140000,1.14522,1.14528,1.1452,1.14521
1783063200000,1.14521,1.14526,1.14519,1.14521
1783063260000,1.1452,1.14525,1.1452,1.1452
1783063320000,1.1452,1.1452,1.1451,1.1451
1783063380000,1.14508,1.14525,1.14507,1.14525
1783063440000,1.14524,1.14543,1.14522,1.14543
1783063500000,1.14541,1.14551,1.14534,1.14544
1783063560000,1.14543,1.14548,1.14535,1.14546
1783063620000,1.14546,1.14567,1.14546,1.14561
1783063680000,1.14563,1.14568,1.14555,1.14563
1783063740000,1.14565,1.14565,1.14547,1.14554
1783063800000,1.14555,1.14566,1.14551,1.14551
1783063860000,1.14551,1.14551,1.14516,1.14524
1783063920000,1.14523,1.14523,1.14509,1.14514
1783063980000,1.14512,1.14517,1.14511,1.14513
1783064040000,1.14513,1.14517,1.14493,1.14493
1783064100000,1.14493,1.14515,1.14488,1.14508
1783064160000,1.14509,1.14509,1.14498,1.14503
1783064220000,1.14501,1.14501,1.14494,1.14497
1783064280000,1.14498,1.14498,1.14481,1.14481
1783064340000,1.14483,1.14501,1.14482,1.14498
1783064400000,1.14499,1.145,1.14476,1.14481
1783064460000,1.14482,1.1449,1.14479,1.1449
1783064520000,1.14489,1.145,1.14482,1.14499
1783064580000,1.145,1.14515,1.145,1.1451
1783064640000,1.1451,1.14518,1.14504,1.14513
1783064700000,1.1451,1.14519,1.14504,1.14515
1783064760000,1.14518,1.14519,1.14514,1.14519
1783064820000,1.14518,1.14531,1.14512,1.14531
1783064880000,1.14531,1.14535,1.14528,1.14532
1783064940000,1.14529,1.14536,1.14526,1.14535
1783065000000,1.14535,1.14545,1.1453,1.14544
1783065060000,1.14543,1.14546,1.14536,1.14537
1783065120000,1.14538,1.14546,1.14532,1.14533
1783065180000,1.14534,1.14539,1.14522,1.14536
1783065240000,1.14535,1.14551,1.14533,1.14544
1783065300000,1.14543,1.14569,1.14543,1.1456
1783065360000,1.14558,1.14579,1.14556,1.1457
1783065420000,1.1457,1.14572,1.14554,1.14561
1783065480000,1.14561,1.14561,1.14543,1.14543
1783065540000,1.14543,1.14548,1.14536,1.14544
1783065600000,1.14546,1.14558,1.14528,1.14528
1783065660000,1.14527,1.14535,1.14519,1.14524
1783065720000,1.14524,1.14531,1.14514,1.1453
1783065780000,1.14531,1.14531,1.14512,1.14515
1783065840000,1.14516,1.14518,1.14503,1.14516
1783065900000,1.14515,1.14529,1.14515,1.14528
1783065960000,1.14527,1.14531,1.14526,1.1453
1783066020000,1.14529,1.14551,1.14529,1.14539
1783066080000,1.1454,1.14541,1.14523,1.14531
1783066140000,1.14532,1.14542,1.1453,1.1454
1783066200000,1.14541,1.14541,1.14528,1.14528
1783066260000,1.14527,1.14546,1.14513,1.14546
1783066320000,1.14547,1.14547,1.14538,1.14544
1783066380000,1.14545,1.14545,1.14531,1.14542
1783066440000,1.1454,1.14543,1.14533,1.14537
1783066500000,1.14535,1.14544,1.14535,1.14536
1783066560000,1.14535,1.14536,1.14526,1.1453
1783066620000,1.14531,1.14537,1.14527,1.14536
1783066680000,1.14537,1.14542,1.14534,1.14536
1783066740000,1.14537,1.14538,1.14528,1.1453
1783066800000,1.14529,1.14533,1.14521,1.14527
1783066860000,1.14527,1.14531,1.14524,1.14529
1783066920000,1.14531,1.14537,1.14522,1.14522
1783066980000,1.14524,1.14526,1.14511,1.14512
1783067040000,1.1451,1.14516,1.14508,1.14509
1783067100000,1.1451,1.14518,1.1451,1.14517
1783067160000,1.14519,1.14526,1.14515,1.14526
1783067220000,1.14527,1.14535,1.14524,1.14533
1783067280000,1.14535,1.14547,1.14532,1.14532
1783067340000,1.14534,1.14537,1.14532,1.14537
1783067400000,1.14536,1.14536,1.14518,1.14519
1783067460000,1.14518,1.14527,1.14517,1.14522
1783067520000,1.14522,1.14545,1.14521,1.14544
1783067580000,1.14543,1.14556,1.14538,1.14556
1783067640000,1.14556,1.14562,1.1455,1.14555
1783067700000,1.14556,1.14561,1.14554,1.1456
1783067760000,1.1456,1.14576,1.1456,1.14566
1783067820000,1.14566,1.1457,1.14565,1.14566
1783067880000,1.14567,1.14567,1.14545,1.1455
1783067940000,1.14549,1.14549,1.14535,1.14536
1783068000000,1.14537,1.14546,1.14536,1.14546
1783068060000,1.14545,1.14545,1.14535,1.1454
1783068120000,1.14539,1.14546,1.14539,1.14546
1783068180000,1.14547,1.14547,1.14539,1.14541
1783068240000,1.14543,1.14544,1.14533,1.14544
1783068300000,1.14545,1.14548,1.14541,1.14544
1783068360000,1.14545,1.14545,1.14536,1.14536
1783068420000,1.14537,1.14549,1.14537,1.14546
1783068480000,1.14545,1.14545,1.14536,1.14539
1783068540000,1.14541,1.14541,1.14532,1.14534
1783068600000,1.14534,1.14536,1.14518,1.14522
1783068660000,1.1452,1.14522,1.14511,1.14511
1783068720000,1.14511,1.14522,1.14508,1.14518
1783068780000,1.1452,1.14528,1.14516,1.1452
1783068840000,1.14521,1.14526,1.14519,1.1452
1783068900000,1.14521,1.14542,1.14521,1.14539
1783068960000,1.14542,1.14542,1.14536,1.14541
1783069020000,1.1454,1.1454,1.14525,1.1453
1783069080000,1.14532,1.14533,1.1453,1.14532
1783069140000,1.14532,1.14532,1.14525,1.14526
1783069200000,1.14526,1.14527,1.14518,1.14523
1783069260000,1.14523,1.14523,1.14515,1.14518
1783069320000,1.14519,1.14522,1.14517,1.1452
1783069380000,1.14521,1.14522,1.14515,1.14516
1783069440000,1.14518,1.14523,1.14508,1.14508
1783069500000,1.14507,1.14517,1.14507,1.14514
1783069560000,1.14514,1.14521,1.14509,1.14513
1783069620000,1.14511,1.14511,1.14492,1.14494
1783069680000,1.14495,1.14507,1.14493,1.14493
1783069740000,1.14494,1.14497,1.14486,1.14486
1783069800000,1.14486,1.14487,1.14478,1.14482
1783069860000,1.14482,1.14495,1.14482,1.14489
1783069920000,1.14488,1.1449,1.14485,1.14486
1783069980000,1.14486,1.14492,1.14484,1.14491
1783070040000,1.14492,1.14501,1.14488,1.14501
1783070100000,1.14499,1.14504,1.14492,1.14504
1783070160000,1.14503,1.14506,1.14491,1.14491
1783070220000,1.14491,1.14501,1.14489,1.145
1783070280000,1.145,1.145,1.14494,1.14494
1783070340000,1.14494,1.14505,1.14489,1.14498
1783070400000,1.14498,1.14517,1.14498,1.14508
1783070460000,1.14509,1.1451,1.14503,1.14505
1783070520000,1.14504,1.14504,1.14492,1.14496
1783070580000,1.14497,1.14499,1.14495,1.14495
1783070640000,1.14498,1.14503,1.14496,1.14496
1783070700000,1.14495,1.14497,1.14487,1.14489
1783070760000,1.1449,1.14495,1.14475,1.14475
1783070820000,1.14474,1.1448,1.14472,1.14477
1783070880000,1.14478,1.14483,1.14477,1.14478
1783070940000,1.14476,1.14477,1.14473,1.14474
1783071000000,1.14476,1.14482,1.14474,1.1448
1783071060000,1.14479,1.14483,1.14478,1.1448
1783071120000,1.1448,1.14486,1.14475,1.14484
1783071180000,1.14483,1.14491,1.14478,1.1448
1783071240000,1.14481,1.14483,1.14476,1.1448
1783071300000,1.14481,1.14488,1.14476,1.14476
1783071360000,1.14475,1.14482,1.14475,1.14479
1783071420000,1.1448,1.14485,1.14475,1.14481
1783071480000,1.14478,1.14484,1.14473,1.14484
1783071540000,1.14483,1.14484,1.14475,1.14484
1783071600000,1.14486,1.14491,1.14484,1.14488
1783071660000,1.14486,1.14486,1.14477,1.14481
1783071720000,1.14481,1.14481,1.14472,1.14472
1783071780000,1.14474,1.14475,1.14471,1.14474
1783071840000,1.14473,1.14473,1.14467,1.1447
1783071900000,1.14469,1.14469,1.14457,1.14459
1783071960000,1.14458,1.14461,1.14455,1.14459
1783072020000,1.14459,1.1446,1.14448,1.14453
1783072080000,1.14454,1.1446,1.14454,1.14454
1783072140000,1.14454,1.14458,1.14447,1.14457
1783072200000,1.14455,1.14457,1.14447,1.14451
1783072260000,1.14451,1.14452,1.14445,1.14452
1783072320000,1.14452,1.14452,1.14439,1.14439
1783072380000,1.1444,1.14441,1.14435,1.14438
1783072440000,1.1444,1.1444,1.14434,1.1444
1783072500000,1.1444,1.1444,1.14427,1.14427
1783072560000,1.14427,1.14428,1.1441,1.14413
1783072620000,1.14413,1.1442,1.14409,1.14415
1783072680000,1.14412,1.14418,1.14412,1.14413
1783072740000,1.14412,1.14412,1.14402,1.14408
1783072800000,1.14407,1.14417,1.14404,1.14416
1783072860000,1.14418,1.14421,1.14415,1.1442
1783072920000,1.14422,1.14425,1.14419,1.14421
1783072980000,1.14422,1.14427,1.14421,1.14422
1783073040000,1.14422,1.14423,1.14413,1.14421
1783073100000,1.14421,1.14422,1.14418,1.14421
1783073160000,1.14424,1.14428,1.14422,1.14427
1783073220000,1.14427,1.1444,1.14424,1.1444
1783073280000,1.14442,1.14452,1.14441,1.14451
1783073340000,1.14452,1.14465,1.14451,1.14457
1783073400000,1.14458,1.14467,1.14457,1.14466
1783073460000,1.14466,1.14473,1.14465,1.14471
1783073520000,1.14469,1.1447,1.1446,1.14464
1783073580000,1.14464,1.14472,1.14461,1.14462
1783073640000,1.14461,1.14466,1.14461,1.14462
1783073700000,1.14461,1.14464,1.14446,1.14455
1783073760000,1.14454,1.14462,1.14449,1.1445
1783073820000,1.14451,1.14452,1.14446,1.1445
1783073880000,1.14449,1.14452,1.14443,1.1445
1783073940000,1.14449,1.14456,1.14449,1.14451
1783074000000,1.14454,1.14461,1.14451,1.1446
1783074060000,1.1446,1.14473,1.14455,1.14466
1783074120000,1.14465,1.14471,1.14465,1.14469
1783074180000,1.14469,1.14469,1.14459,1.14459
1783074240000,1.14458,1.1446,1.14451,1.14452
1783074300000,1.14453,1.14453,1.14445,1.14447
1783074360000,1.14446,1.14446,1.14439,1.14439
1783074420000,1.1444,1.14452,1.1444,1.1445
1783074480000,1.14451,1.14452,1.14442,1.14446
1783074540000,1.14447,1.14447,1.14444,1.14445
1783074600000,1.14443,1.14447,1.14439,1.14444
1783074660000,1.14445,1.14451,1.14442,1.1445
1783074720000,1.1445,1.14452,1.1445,1.1445
1783074780000,1.14451,1.14457,1.14449,1.14457
1783074840000,1.14456,1.14461,1.14456,1.14461
1783074900000,1.14461,1.14467,1.1446,1.14466
1783074960000,1.14466,1.14467,1.14462,1.14463
1783075020000,1.14462,1.14466,1.14456,1.14465
1783075080000,1.14465,1.14467,1.14463,1.14467
1783075140000,1.14467,1.14468,1.14461,1.14465
1783075200000,1.14466,1.14467,1.14464,1.14466
1783075260000,1.14467,1.14467,1.14455,1.14457
1783075320000,1.14458,1.14467,1.14456,1.14466
1783075380000,1.14466,1.14486,1.14466,1.1448
1783075440000,1.14481,1.14481,1.14472,1.14473
1783075500000,1.14472,1.14473,1.1447,1.1447
1783075560000,1.14472,1.14474,1.14472,1.14474
1783075620000,1.14473,1.14475,1.14471,1.14474
1783075680000,1.14474,1.14476,1.14473,1.14475
1783075740000,1.14475,1.14477,1.1447,1.14477
1783075800000,1.14476,1.14477,1.14475,1.14476
1783075860000,1.14477,1.14487,1.14477,1.14487
1783075920000,1.14491,1.14492,1.14485,1.14485
1783075980000,1.14484,1.14489,1.14483,1.14489
1783076040000,1.14489,1.14496,1.14488,1.14496
1783076100000,1.14495,1.14499,1.14493,1.14499
1783076160000,1.14499,1.145,1.14488,1.14492
1783076220000,1.14493,1.14493,1.1447,1.14473
1783076280000,1.14475,1.14479,1.14474,1.14476
1783076340000,1.14475,1.14477,1.14465,1.14466
1783076400000,1.14465,1.14474,1.1446,1.14472
1783076460000,1.14475,1.14476,1.14469,1.14471
1783076520000,1.14473,1.14483,1.14469,1.14481
1783076580000,1.1448,1.14483,1.14468,1.14468
1783076640000,1.14469,1.14479,1.14469,1.14475
1783076700000,1.14475,1.14483,1.14475,1.14477
1783076760000,1.14475,1.1449,1.14475,1.14483
1783076820000,1.14483,1.1449,1.14475,1.1449
1783076880000,1.14492,1.14496,1.14489,1.14495
1783076940000,1.14495,1.14506,1.14492,1.14506
1783077000000,1.14508,1.14517,1.14507,1.14515
1783077060000,1.14517,1.14517,1.14514,1.14517
1783077120000,1.14517,1.1453,1.14516,1.14529
1783077180000,1.1453,1.14536,1.1453,1.14533
1783077240000,1.14533,1.14548,1.1453,1.14543
1783077300000,1.14546,1.14557,1.14542,1.14554
1783077360000,1.14554,1.14554,1.14546,1.14552
1783077420000,1.14549,1.14563,1.14549,1.14558
1783077480000,1.14557,1.14558,1.14545,1.14547
1783077540000,1.14546,1.14546,1.14539,1.14542
1783077600000,1.14543,1.14555,1.14542,1.14548
1783077660000,1.14548,1.14551,1.14541,1.14542
1783077720000,1.14542,1.14548,1.14536,1.14548
1783077780000,1.14547,1.14563,1.14547,1.14557
1783077840000,1.14559,1.14572,1.14559,1.14568
1783077900000,1.14569,1.14569,1.14551,1.14557
1783077960000,1.14556,1.14556,1.14547,1.14549
1783078020000,1.14549,1.14552,1.14532,1.14539
1783078080000,1.14539,1.14553,1.14537,1.14549
1783078140000,1.14548,1.14554,1.14545,1.14548
1783078200000,1.14547,1.14553,1.14541,1.14541
1783078260000,1.14542,1.14546,1.14537,1.14543
1783078320000,1.14541,1.14543,1.14526,1.14529
1783078380000,1.1453,1.14537,1.14526,1.14531
1783078440000,1.14531,1.14531,1.14525,1.14531
1783078500000,1.14531,1.14531,1.14525,1.14528
1783078560000,1.14527,1.14527,1.14515,1.14518
1783078620000,1.14518,1.14518,1.14505,1.14506
1783078680000,1.14506,1.14506,1.14496,1.14498
1783078740000,1.14498,1.1451,1.14498,1.14506
1783078800000,1.14507,1.14517,1.14501,1.14504
1783078860000,1.14506,1.14508,1.14501,1.14502
1783078920000,1.14503,1.14505,1.14494,1.14494
1783078980000,1.14492,1.14504,1.14492,1.14498
1783079040000,1.14497,1.145,1.14495,1.14496
1783079100000,1.14495,1.14506,1.14495,1.14495
1783079160000,1.14495,1.14503,1.14494,1.14494
1783079220000,1.14496,1.145,1.14485,1.14486
1783079280000,1.14486,1.14486,1.14482,1.14484
1783079340000,1.14486,1.14489,1.14479,1.1448
1783079400000,1.14478,1.14494,1.14477,1.14491
1783079460000,1.14489,1.14491,1.14483,1.14483
1783079520000,1.14485,1.14486,1.14477,1.14481
1783079580000,1.14481,1.14491,1.14477,1.14487
1783079640000,1.14489,1.14497,1.14488,1.14491
1783079700000,1.14489,1.14489,1.14474,1.14481
1783079760000,1.14482,1.14484,1.14473,1.14475
1783079820000,1.14475,1.14479,1.14468,1.14473
1783079880000,1.14474,1.14492,1.14472,1.14491
1783079940000,1.1449,1.14503,1.14483,1.14503
1783080000000,1.14505,1.14506,1.14499,1.145
1783080060000,1.14497,1.14502,1.14493,1.14501
1783080120000,1.14502,1.14514,1.14502,1.14506
1783080180000,1.14505,1.14506,1.14486,1.14486
1783080240000,1.14489,1.14497,1.14488,1.14496
1783080300000,1.14498,1.14502,1.14491,1.14493
1783080360000,1.14492,1.14506,1.14492,1.14501
1783080420000,1.14505,1.14525,1.14505,1.14522
1783080480000,1.14522,1.14527,1.14505,1.14505
1783080540000,1.14504,1.14504,1.14476,1.14476
1783080600000,1.14476,1.14494,1.14465,1.14494
1783080660000,1.14496,1.14497,1.1449,1.1449
1783080720000,1.14491,1.14497,1.14491,1.14497
1783080780000,1.14497,1.14514,1.14495,1.14511
1783080840000,1.14511,1.14511,1.14501,1.14504
1783080900000,1.14505,1.14506,1.14492,1.14495
1783080960000,1.14496,1.14499,1.14495,1.14497
1783081020000,1.14498,1.14498,1.14491,1.14491
1783081080000,1.1449,1.1449,1.14481,1.14486
1783081140000,1.14486,1.14487,1.14475,1.14478
1783081200000,1.14477,1.14479,1.14468,1.14474
1783081260000,1.14475,1.14476,1.14461,1.14463
1783081320000,1.14465,1.14476,1.14465,1.14473
1783081380000,1.14474,1.14487,1.14473,1.14481
1783081440000,1.1448,1.14482,1.14475,1.14475
1783081500000,1.14474,1.14479,1.14468,1.14478
1783081560000,1.14477,1.14483,1.14473,1.14479
1783081620000,1.14475,1.14475,1.1447,1.14471
1783081680000,1.14472,1.14476,1.14469,1.1447
1783081740000,1.1447,1.14477,1.14469,1.14477
1783081800000,1.14477,1.14481,1.14473,1.14476
1783081860000,1.14479,1.14479,1.1447,1.1447
1783081920000,1.14471,1.14471,1.14466,1.14466
1783081980000,1.14465,1.14468,1.14464,1.14464
1783082040000,1.14466,1.14477,1.14464,1.14477
1783082100000,1.14478,1.14485,1.14473,1.14482
1783082160000,1.14482,1.14485,1.1448,1.1448
1783082220000,1.14481,1.14483,1.1448,1.14483
1783082280000,1.14485,1.14493,1.14485,1.14492
1783082340000,1.14492,1.14505,1.14491,1.14502
1783082400000,1.14502,1.14507,1.14501,1.14502
1783082460000,1.14501,1.14501,1.14492,1.14498
1783082520000,1.14499,1.14499,1.14486,1.14486
1783082580000,1.14485,1.14485,1.14474,1.14477
1783082640000,1.14477,1.14479,1.14476,1.14477
1783082700000,1.14472,1.14483,1.14471,1.14483
1783082760000,1.14482,1.14487,1.14475,1.14487
1783082820000,1.14486,1.14487,1.14472,1.14472
1783082880000,1.14471,1.14478,1.14471,1.14476
1783082940000,1.14477,1.14485,1.14471,1.1448
1783083000000,1.14478,1.14483,1.14476,1.14481
1783083060000,1.14481,1.14489,1.14479,1.14489
1783083120000,1.14489,1.14492,1.14487,1.1449
1783083180000,1.14491,1.14491,1.14477,1.14481
1783083240000,1.14479,1.14494,1.14471,1.14487
1783083300000,1.14487,1.1449,1.14481,1.14486
1783083360000,1.14486,1.14487,1.14477,1.14487
1783083420000,1.14486,1.14488,1.14482,1.14484
1783083480000,1.14483,1.14484,1.14464,1.14464
1783083540000,1.14466,1.14476,1.14466,1.14468
1783083600000,1.14468,1.14473,1.14456,1.14466
1783083660000,1.14467,1.14467,1.14457,1.14465
1783083720000,1.14467,1.1448,1.14465,1.1447
1783083780000,1.1447,1.14473,1.14468,1.1447
1783083840000,1.14472,1.14472,1.14465,1.14466
1783083900000,1.14466,1.14467,1.14463,1.14467
1783083960000,1.14466,1.14466,1.14438,1.14444
1783084020000,1.14443,1.14443,1.14437,1.14443
1783084080000,1.14442,1.1445,1.14438,1.14438
1783084140000,1.14437,1.1444,1.14427,1.14438
1783084200000,1.14436,1.14436,1.14424,1.14427
1783084260000,1.14427,1.14427,1.14418,1.14421
1783084320000,1.14421,1.14437,1.14417,1.14435
1783084380000,1.14435,1.1444,1.14426,1.14439
1783084440000,1.1444,1.14448,1.1444,1.14443
1783084500000,1.14442,1.14442,1.14425,1.14427
1783084560000,1.14428,1.14433,1.14427,1.14428
1783084620000,1.14429,1.14432,1.1442,1.14421
1783084680000,1.14419,1.14421,1.14413,1.14415
1783084740000,1.14416,1.14423,1.14411,1.1442
1783084800000,1.14421,1.1443,1.14421,1.1443
1783084860000,1.14429,1.14431,1.14425,1.14431
1783084920000,1.14431,1.14443,1.14431,1.14431
1783084980000,1.14432,1.14438,1.14428,1.14431
1783085040000,1.14429,1.14432,1.14426,1.14432
1783085100000,1.14431,1.1444,1.14431,1.14438
1783085160000,1.14439,1.14441,1.14431,1.14432
1783085220000,1.14433,1.14439,1.14427,1.14439
1783085280000,1.1444,1.14443,1.14433,1.14433
1783085340000,1.14433,1.14437,1.14427,1.14436
1783085400000,1.14436,1.14437,1.14425,1.14426
1783085460000,1.14426,1.14434,1.14426,1.14428
1783085520000,1.14427,1.14427,1.14415,1.14418
1783085580000,1.14416,1.14418,1.1441,1.14416
1783085640000,1.14416,1.14422,1.14415,1.1442
1783085700000,1.1442,1.14426,1.1442,1.14425
1783085760000,1.14426,1.14428,1.14416,1.14416
1783085820000,1.14417,1.14418,1.14413,1.14415
1783085880000,1.14413,1.14416,1.14405,1.14405
1783085940000,1.14406,1.14409,1.144,1.14405
1783086000000,1.14406,1.14411,1.14405,1.14407
1783086060000,1.14407,1.1441,1.14407,1.14409
1783086120000,1.14409,1.14415,1.14407,1.14415
1783086180000,1.14416,1.14418,1.14413,1.14415
1783086240000,1.14415,1.14419,1.14415,1.14416
1783086300000,1.14415,1.1442,1.14409,1.1441
1783086360000,1.14411,1.14414,1.14407,1.1441
1783086420000,1.1441,1.1442,1.14409,1.1442
1783086480000,1.14418,1.14425,1.14415,1.14416
1783086540000,1.14415,1.14416,1.1441,1.14411
1783086600000,1.14411,1.14413,1.14411,1.14412
1783086660000,1.14412,1.14418,1.1441,1.14411
1783086720000,1.14409,1.14411,1.14396,1.144
1783086780000,1.14401,1.14402,1.14396,1.14396
1783086840000,1.14397,1.14397,1.14378,1.1438
1783086900000,1.14384,1.14412,1.14384,1.14406
1783086960000,1.14404,1.14412,1.14404,1.1441
1783087020000,1.14412,1.14412,1.14398,1.14398
1783087080000,1.14398,1.14398,1.14384,1.14385
1783087140000,1.14385,1.14404,1.1438,1.14403
1783087200000,1.14403,1.14405,1.14399,1.14403
1783087260000,1.14404,1.14404,1.14386,1.14389
1783087320000,1.14389,1.14392,1.14386,1.14389
1783087380000,1.14388,1.14405,1.14388,1.14405
1783087440000,1.14405,1.14411,1.14403,1.14405
1783087500000,1.14406,1.14416,1.14406,1.14413
1783087560000,1.14411,1.14411,1.14396,1.144
1783087620000,1.14401,1.14408,1.144,1.14403
1783087680000,1.14404,1.14412,1.14404,1.14407
1783087740000,1.14407,1.1442,1.14401,1.1442
1783087800000,1.1442,1.14425,1.14412,1.14412
1783087860000,1.14413,1.1442,1.14413,1.14419
1783087920000,1.1442,1.14421,1.14415,1.14421
1783087980000,1.14419,1.14424,1.14413,1.14416
1783088040000,1.14415,1.14415,1.14409,1.14412
1783088100000,1.14412,1.14428,1.14412,1.14428
1783088160000,1.14428,1.14438,1.14428,1.14434
1783088220000,1.14434,1.14436,1.14429,1.14436
1783088280000,1.14437,1.14439,1.1443,1.14431
1783088340000,1.14433,1.14433,1.14429,1.14433
1783088400000,1.14434,1.14437,1.14427,1.14436
1783088460000,1.14437,1.14447,1.14437,1.14447
1783088520000,1.14447,1.14447,1.14426,1.14427
1783088580000,1.14426,1.1443,1.1442,1.14426
1783088640000,1.14427,1.14432,1.14422,1.14431
1783088700000,1.14432,1.14448,1.1443,1.14446
1783088760000,1.14446,1.14452,1.14446,1.14452
1783088820000,1.14456,1.14476,1.14455,1.14475
1783088880000,1.14474,1.14475,1.14461,1.14463
1783088940000,1.14463,1.14469,1.14463,1.14467
1783089000000,1.14468,1.14478,1.14464,1.14466
1783089060000,1.14465,1.14465,1.1445,1.14452
1783089120000,1.1445,1.14456,1.1445,1.1445
1783089180000,1.14452,1.14464,1.1445,1.14461
1783089240000,1.14461,1.14473,1.14455,1.14468
1783089300000,1.14468,1.14469,1.14461,1.14461
1783089360000,1.14461,1.14462,1.1445,1.14452
1783089420000,1.14448,1.14451,1.14443,1.14444
1783089480000,1.14446,1.14446,1.14437,1.14437
1783089540000,1.14435,1.14442,1.14435,1.14441
1783089600000,1.1444,1.14446,1.14432,1.14446
1783089660000,1.14444,1.14454,1.14443,1.14452
1783089720000,1.14452,1.14453,1.1444,1.14443
1783089780000,1.14441,1.14449,1.14441,1.14446
1783089840000,1.14445,1.14448,1.14437,1.14437
1783089900000,1.14437,1.14447,1.14437,1.14445
1783089960000,1.14445,1.14447,1.14438,1.14439
1783090020000,1.1444,1.14448,1.1444,1.14446
1783090080000,1.14446,1.14448,1.14445,1.14446
1783090140000,1.14446,1.14447,1.14436,1.14437
1783090200000,1.14436,1.14445,1.14435,1.14436
1783090260000,1.14437,1.14441,1.14428,1.14431
1783090320000,1.14431,1.1444,1.1443,1.1443
1783090380000,1.14429,1.14437,1.14423,1.14426
1783090440000,1.14428,1.14434,1.14422,1.14433
1783090500000,1.14432,1.14438,1.14426,1.14432
1783090560000,1.1443,1.1443,1.14418,1.14422
1783090620000,1.1442,1.14423,1.1441,1.14422
1783090680000,1.14423,1.14432,1.14421,1.14428
1783090740000,1.14428,1.14428,1.14415,1.14415
1783090800000,1.14415,1.14435,1.14415,1.14433
1783090860000,1.14433,1.14434,1.14424,1.14434
1783090920000,1.14434,1.14438,1.14429,1.14431
1783090980000,1.1443,1.14433,1.14418,1.14423
1783091040000,1.14421,1.14422,1.14414,1.14416
1783091100000,1.14415,1.14416,1.14408,1.14408
1783091160000,1.14408,1.14418,1.14408,1.14418
1783091220000,1.14416,1.1443,1.14415,1.14429
1783091280000,1.14428,1.14432,1.14426,1.14428
1783091340000,1.14428,1.14436,1.14426,1.14432
1783091400000,1.14431,1.14442,1.14423,1.1444
1783091460000,1.14441,1.14445,1.14438,1.14444
1783091520000,1.14444,1.14444,1.14414,1.14419
1783091580000,1.14418,1.14418,1.14415,1.14416
1783091640000,1.14418,1.14419,1.14414,1.14417
1783091700000,1.14416,1.14422,1.14406,1.1442
1783091760000,1.14421,1.14424,1.14418,1.14422
1783091820000,1.14422,1.14438,1.14422,1.14433
1783091880000,1.14432,1.14433,1.14427,1.14427
1783091940000,1.14426,1.14427,1.14423,1.14427
1783092000000,1.14426,1.14426,1.14401,1.14401
1783092060000,1.144,1.14401,1.14399,1.14401
1783092120000,1.14402,1.14409,1.14394,1.14394
1783092180000,1.14395,1.14397,1.14393,1.14395
1783092240000,1.14396,1.14397,1.14393,1.14394
1783092300000,1.14392,1.14393,1.14386,1.14386
1783092360000,1.14388,1.14392,1.14388,1.14392
1783092420000,1.14393,1.14402,1.14391,1.14394
1783092480000,1.14393,1.144,1.14391,1.14398
1783092540000,1.14399,1.14408,1.14399,1.144
1783092600000,1.144,1.14407,1.144,1.14403
1783092660000,1.14405,1.14406,1.14396,1.14404
1783092720000,1.14402,1.14415,1.14395,1.14407
1783092780000,1.14407,1.1441,1.14407,1.14408
1783092840000,1.14409,1.14414,1.14405,1.14406
1783092900000,1.14407,1.14409,1.14403,1.14409
1783092960000,1.14409,1.14414,1.14409,1.14411
1783093020000,1.14412,1.14414,1.14409,1.1441
1783093080000,1.14411,1.14411,1.14404,1.14405
1783093140000,1.14404,1.14405,1.14401,1.14401
1783093200000,1.14402,1.14404,1.14402,1.14404
1783093260000,1.14404,1.14404,1.14399,1.14401
1783093320000,1.14401,1.14404,1.14397,1.14401
1783093380000,1.144,1.144,1.14395,1.14396
1783093440000,1.14393,1.14393,1.14386,1.14386
1783093500000,1.14386,1.14391,1.14386,1.14391
1783093560000,1.14393,1.14394,1.14389,1.14389
1783093620000,1.14388,1.14388,1.14385,1.14387
1783093680000,1.14385,1.14387,1.14381,1.14387
1783093740000,1.14389,1.14395,1.14389,1.14393
1783093800000,1.14394,1.14396,1.1439,1.14391
1783093860000,1.14391,1.14395,1.14385,1.14385
1783093920000,1.14385,1.14385,1.1438,1.14381
1783093980000,1.14382,1.14383,1.14377,1.14377
1783094040000,1.14378,1.14382,1.14376,1.1438
1783094100000,1.14381,1.14381,1.14355,1.14359
1783094160000,1.14358,1.14361,1.14348,1.14361
1783094220000,1.1436,1.14371,1.1436,1.14369
1783094280000,1.14368,1.1437,1.14365,1.14367
1783094340000,1.14367,1.14375,1.14359,1.1437
1783094400000,1.1437,1.1437,1.14364,1.14367
1783094460000,1.14366,1.1438,1.14365,1.14377
1783094520000,1.14376,1.14377,1.14368,1.14368
1783094580000,1.14369,1.14375,1.14362,1.14362
1783094640000,1.14365,1.14373,1.14365,1.14372
1783094700000,1.14372,1.14373,1.14366,1.14367
1783094760000,1.14369,1.14369,1.14365,1.14365
1783094820000,1.14366,1.14373,1.14366,1.14373
1783094880000,1.14374,1.14381,1.14374,1.14381
1783094940000,1.14383,1.14388,1.14383,1.14385
1783095000000,1.14384,1.14393,1.14384,1.1439
1783095060000,1.14392,1.14395,1.14383,1.14384
1783095120000,1.14384,1.1439,1.14384,1.14388
1783095180000,1.14387,1.14387,1.14386,1.14386
1783095240000,1.14385,1.14385,1.14381,1.14384
1783095300000,1.14384,1.14385,1.14383,1.14384
1783095360000,1.14384,1.14386,1.14379,1.14386
1783095420000,1.14386,1.14387,1.14386,1.14387
1783095480000,1.14386,1.14386,1.14377,1.14385
1783095540000,1.14385,1.14387,1.14385,1.14385
1783095600000,1.14387,1.14391,1.14387,1.1439
1783095660000,1.1439,1.1439,1.14383,1.14383
1783095720000,1.14383,1.14385,1.14381,1.14381
1783095780000,1.1438,1.14389,1.1438,1.14388
1783095840000,1.14388,1.14388,1.14377,1.14378
1783095900000,1.1438,1.14383,1.1438,1.14381
1783095960000,1.1438,1.14381,1.14376,1.14376
1783096020000,1.14377,1.1438,1.14371,1.14371
1783096080000,1.14372,1.14374,1.14372,1.14374
1783096140000,1.14374,1.14374,1.14369,1.14371
1783096200000,1.14371,1.14373,1.14368,1.14368
1783096260000,1.14373,1.14377,1.14373,1.14375
1783096320000,1.14376,1.14376,1.14372,1.14372
1783096380000,1.14372,1.14374,1.14372,1.14374
1783096440000,1.14372,1.14372,1.1437,1.14371
1783096500000,1.14371,1.14372,1.14371,1.14371
1783096560000,1.14369,1.1437,1.1436,1.1436
1783096620000,1.14362,1.14365,1.14362,1.14363
1783096680000,1.14362,1.14362,1.14359,1.14359
1783096740000,1.1436,1.14361,1.14359,1.14361
1783096800000,1.14361,1.14363,1.14358,1.14358
1783096860000,1.1436,1.14362,1.14358,1.14358
1783096920000,1.14359,1.14359,1.14357,1.14357
1783096980000,1.14358,1.14358,1.14353,1.14353
1783097040000,1.14354,1.14356,1.14354,1.14354
1783097100000,1.14355,1.14356,1.14353,1.14353
1783097160000,1.14353,1.14356,1.14352,1.14354
1783097220000,1.14354,1.14355,1.14352,1.14352
1783097280000,1.14353,1.14354,1.14353,1.14353
1783097340000,1.14354,1.14359,1.14354,1.14359
1783097400000,1.14359,1.14368,1.14359,1.14362
1783097460000,1.14362,1.14362,1.14359,1.14359
1783097520000,1.14362,1.14363,1.14359,1.14361
1783097580000,1.14362,1.14364,1.1436,1.14362
1783097640000,1.14363,1.14363,1.14363,1.14363
1783097700000,1.14364,1.14364,1.1436,1.14361
1783097760000,1.14361,1.14362,1.1436,1.14361
1783097820000,1.14361,1.14367,1.1436,1.14367
1783097880000,1.14367,1.14369,1.14367,1.14369
1783097940000,1.14369,1.14376,1.14369,1.14376
1783098000000,1.14378,1.14381,1.14376,1.1438
1783098060000,1.14381,1.14383,1.14375,1.14376
1783098120000,1.14377,1.14383,1.14375,1.14381
1783098180000,1.14382,1.14387,1.1438,1.14386
1783098240000,1.14384,1.14388,1.1438,1.14388
1783098300000,1.14387,1.14393,1.14387,1.1439
1783098360000,1.1439,1.14403,1.14389,1.14402
1783098420000,1.14403,1.14416,1.14402,1.14416
1783098480000,1.14416,1.14419,1.14402,1.14403
1783098540000,1.14404,1.14407,1.14402,1.14407
1783098600000,1.14406,1.14407,1.14395,1.14397
1783098660000,1.14397,1.14402,1.14396,1.14399
1783098720000,1.14401,1.14401,1.14399,1.144
1783098780000,1.14401,1.14402,1.14398,1.14399
1783098840000,1.14401,1.14401,1.14399,1.14399
1783098900000,1.14401,1.14402,1.14398,1.144
1783098960000,1.14402,1.14403,1.144,1.14401
1783099020000,1.14401,1.14403,1.14401,1.14402
1783099080000,1.14402,1.14405,1.14402,1.14404
1783099140000,1.14404,1.14405,1.14402,1.14403
1783099200000,1.14404,1.14405,1.14402,1.14405
1783099260000,1.14406,1.14411,1.14404,1.1441
1783099320000,1.14411,1.14413,1.14409,1.14409
1783099380000,1.14409,1.1441,1.14403,1.14405
1783099440000,1.14405,1.14406,1.14399,1.14399
1783099500000,1.14401,1.14401,1.14398,1.14401
1783099560000,1.14401,1.14403,1.14401,1.14402
1783099620000,1.14402,1.14405,1.144,1.144
1783099680000,1.14401,1.14404,1.144,1.14403
1783099740000,1.14403,1.14403,1.14397,1.14398
1783099800000,1.14399,1.144,1.14393,1.14395
1783099860000,1.14396,1.14398,1.14394,1.14394
1783099920000,1.14394,1.14398,1.14394,1.14398
1783099980000,1.14398,1.14398,1.14397,1.14397
1783100040000,1.14398,1.144,1.14397,1.14399
1783100100000,1.14398,1.14399,1.14392,1.14392
1783100160000,1.14393,1.14398,1.14391,1.14395
1783100220000,1.14395,1.144,1.14394,1.14398
1783100280000,1.14399,1.14401,1.14398,1.144
1783100340000,1.144,1.144,1.14395,1.14397
1783100400000,1.14398,1.14412,1.14396,1.1441
1783100460000,1.14411,1.14413,1.14408,1.14409
1783100520000,1.14409,1.14409,1.14406,1.14408
1783100580000,1.14409,1.14411,1.14406,1.14408
1783100640000,1.14408,1.14409,1.14401,1.14401
1783100700000,1.14403,1.14408,1.14401,1.14405
1783100760000,1.14405,1.14407,1.14401,1.14402
1783100820000,1.14403,1.14404,1.144,1.14403
1783100880000,1.144,1.14404,1.144,1.14403
1783100940000,1.14402,1.14403,1.144,1.14402
1783101000000,1.14401,1.14405,1.14399,1.14404
1783101060000,1.14405,1.14406,1.14395,1.14395
1783101120000,1.14396,1.14398,1.14395,1.14398
1783101180000,1.14398,1.14408,1.14393,1.14397
1783101240000,1.14397,1.14398,1.14396,1.14398
1783101300000,1.14396,1.14406,1.14396,1.14406
1783101360000,1.14406,1.14408,1.14404,1.14406
1783101420000,1.14405,1.14409,1.14401,1.14404
1783101480000,1.14403,1.14405,1.14401,1.14403
1783101540000,1.14403,1.14405,1.14398,1.144
1783101600000,1.14401,1.14409,1.144,1.14407
1783101660000,1.14407,1.14411,1.14406,1.14409
1783101720000,1.1441,1.14412,1.14406,1.14411
1783101780000,1.14408,1.1441,1.14407,1.14409
1783101840000,1.14408,1.14409,1.14403,1.14405
1783101900000,1.14405,1.14406,1.14399,1.14399
1783101960000,1.14399,1.14401,1.14397,1.144
1783102020000,1.144,1.14403,1.14398,1.14402
1783102080000,1.14403,1.14409,1.14403,1.14407
1783102140000,1.14408,1.14409,1.14393,1.14396
1783102200000,1.14396,1.14397,1.14392,1.14395
1783102260000,1.14395,1.14399,1.1439,1.1439
1783102320000,1.14392,1.14392,1.14382,1.14386
1783102380000,1.14386,1.14391,1.14377,1.14391
1783102440000,1.1439,1.1439,1.14386,1.14387
1783102500000,1.14388,1.14401,1.14387,1.14397
1783102560000,1.14397,1.14398,1.14394,1.14396
1783102620000,1.14396,1.14401,1.14395,1.14398
1783102680000,1.14399,1.14399,1.14394,1.14394
1783102740000,1.14395,1.14396,1.14392,1.14394
1783102800000,1.14395,1.14398,1.14393,1.14393
1783102860000,1.14393,1.14393,1.14389,1.14389
1783102920000,1.14392,1.14393,1.14389,1.1439
1783102980000,1.14391,1.14391,1.14389,1.1439
1783103040000,1.1439,1.14396,1.14389,1.14395
1783103100000,1.14396,1.14397,1.14395,1.14395
1783103160000,1.14395,1.14395,1.14393,1.14394
1783103220000,1.14393,1.14398,1.14393,1.14398
1783103280000,1.14396,1.14397,1.14391,1.14393
1783103340000,1.14393,1.14394,1.14392,1.14393
1783103400000,1.14392,1.14393,1.14391,1.14392
1783103460000,1.14392,1.14394,1.14392,1.14392
1783103520000,1.14393,1.14395,1.1439,1.14391
1783103580000,1.1439,1.14393,1.1439,1.14392
1783103640000,1.14392,1.14393,1.1439,1.14392
1783103700000,1.14393,1.14398,1.14393,1.14396
1783103760000,1.14397,1.14398,1.14394,1.14397
1783103820000,1.14398,1.14399,1.14396,1.14397
1783103880000,1.14399,1.14399,1.14396,1.14396
1783103940000,1.14395,1.14398,1.14394,1.14397
1783104000000,1.14397,1.14397,1.14395,1.14397
1783104060000,1.14397,1.14397,1.14394,1.14396
1783104120000,1.14397,1.14397,1.14394,1.14396
1783104180000,1.14395,1.14397,1.14394,1.14397
1783104240000,1.14397,1.14397,1.14391,1.14395
1783104300000,1.14396,1.14398,1.14395,1.14397
1783104360000,1.14399,1.14403,1.14395,1.14402
1783104420000,1.14401,1.14402,1.14395,1.14397
1783104480000,1.14398,1.14398,1.14395,1.14397
1783104540000,1.14395,1.14397,1.14395,1.14395
1783104600000,1.14396,1.14396,1.14387,1.14391
1783104660000,1.14391,1.14393,1.14381,1.14387
1783104720000,1.14385,1.14388,1.14383,1.14386
1783104780000,1.14388,1.14392,1.14384,1.14392
1783104840000,1.1439,1.14391,1.14384,1.14385
1783104900000,1.14386,1.14386,1.14381,1.14383
1783104960000,1.14383,1.14385,1.14381,1.14382
1783105020000,1.14383,1.14404,1.14381,1.14401
1783105080000,1.14401,1.14404,1.14391,1.14394
1783105140000,1.14393,1.14398,1.14387,1.14388
1783105200000,1.14388,1.14391,1.14382,1.14384
1783105260000,1.14385,1.14396,1.14379,1.14395
1783105320000,1.14396,1.14402,1.14395,1.144
1783105380000,1.144,1.14401,1.14399,1.144
1783105440000,1.144,1.144,1.14395,1.14398
1783105500000,1.14399,1.144,1.14398,1.14399
1783105560000,1.14398,1.144,1.14392,1.144
1783105620000,1.144,1.14402,1.14398,1.14399
1783105680000,1.144,1.144,1.14397,1.14398
1783105740000,1.14397,1.14398,1.14392,1.14394
1783105800000,1.14396,1.14396,1.14389,1.1439
1783105860000,1.14391,1.14391,1.1439,1.14391
1783105920000,1.14391,1.14393,1.1439,1.14391
1783105980000,1.1439,1.14394,1.1439,1.1439
1783106040000,1.1439,1.14391,1.1439,1.1439
1783106100000,1.14392,1.14392,1.14384,1.14385
1783106160000,1.14385,1.14385,1.14382,1.14384
1783106220000,1.14382,1.14384,1.14382,1.14382
1783106280000,1.14383,1.14388,1.14382,1.14385
1783106340000,1.14385,1.14386,1.14383,1.14383
1783106400000,1.14384,1.14386,1.14383,1.14385
1783106460000,1.14386,1.14387,1.14384,1.14386
1783106520000,1.14387,1.14387,1.14385,1.14386
1783106580000,1.14387,1.14387,1.14385,1.14387
1783106640000,1.14385,1.14386,1.14383,1.14384
1783106700000,1.14384,1.14385,1.14383,1.14383
1783106760000,1.14383,1.14384,1.14383,1.14384
1783106820000,1.14383,1.14386,1.14383,1.14386
1783106880000,1.14385,1.14386,1.14384,1.14384
1783106940000,1.14384,1.14384,1.14382,1.14384
1783107000000,1.14383,1.14383,1.14376,1.14377
1783107060000,1.14378,1.14379,1.14376,1.14379
1783107120000,1.14379,1.14381,1.14377,1.1438
1783107180000,1.14381,1.14382,1.1438,1.14382
1783107240000,1.14381,1.14382,1.14379,1.14381
1783107300000,1.14381,1.14383,1.14381,1.14382
1783107360000,1.14382,1.14382,1.1438,1.14381
1783107420000,1.1438,1.14381,1.1437,1.14374
1783107480000,1.14375,1.14377,1.1437,1.14373
1783107540000,1.14371,1.14377,1.14371,1.14375
1783107600000,1.14375,1.14376,1.14372,1.14376
1783107660000,1.14375,1.14377,1.14374,1.14374
1783107720000,1.14373,1.14377,1.14372,1.14377
1783107780000,1.14376,1.14378,1.14374,1.14378
1783107840000,1.14377,1.14378,1.14373,1.14378
1783107900000,1.14377,1.14378,1.14372,1.14377
1783107960000,1.14375,1.14377,1.14372,1.14374
1783108020000,1.14375,1.14379,1.14374,1.14377
1783108080000,1.14378,1.14378,1.14375,1.14378
1783108140000,1.14377,1.14378,1.14375,1.14377
1783108200000,1.14377,1.14378,1.14373,1.14378
1783108260000,1.14377,1.14378,1.14373,1.14376
1783108320000,1.14372,1.14374,1.14365,1.14371
1783108380000,1.1437,1.14372,1.14367,1.1437
1783108440000,1.14372,1.14372,1.14368,1.14369
1783108500000,1.14368,1.14382,1.14368,1.14381
1783108560000,1.14379,1.14381,1.14378,1.1438
1783108620000,1.14378,1.14381,1.14353,1.14356
1783108680000,1.14355,1.14371,1.14355,1.14364
1783108740000,1.14363,1.14368,1.14363,1.14363
1783108800000,1.14362,1.14362,1.14348,1.14356
1783108860000,1.14356,1.14358,1.1435,1.14352
1783108920000,1.14354,1.14357,1.14348,1.14354
1783108980000,1.14353,1.14357,1.1435,1.14352
1783109040000,1.14353,1.14359,1.14352,1.14356
1783109100000,1.14356,1.14358,1.14353,1.14355
1783109160000,1.14355,1.14364,1.14355,1.14364
1783109220000,1.14365,1.14371,1.14361,1.14364
1783109280000,1.14363,1.14365,1.14358,1.14364
1783109340000,1.14365,1.14366,1.14361,1.14361
1783109400000,1.14363,1.14365,1.14358,1.14359
1783109460000,1.1436,1.14373,1.14358,1.1436
1783109520000,1.1436,1.14361,1.14356,1.14357
1783109580000,1.14358,1.14358,1.14356,1.14358
1783109640000,1.14359,1.14363,1.14358,1.14363
1783109700000,1.14361,1.14361,1.14357,1.14358
1783109760000,1.14356,1.14357,1.14353,1.14355
1783109820000,1.14356,1.14356,1.1435,1.14352
1783109880000,1.14352,1.14359,1.14352,1.14352
1783109940000,1.14352,1.14355,1.14351,1.14353
1783110000000,1.14353,1.14362,1.14347,1.14356
1783110060000,1.14356,1.14358,1.14353,1.14357
1783110120000,1.14356,1.14359,1.1435,1.14358
1783110180000,1.14357,1.14361,1.14354,1.14357
1783110240000,1.14359,1.1436,1.1435,1.14359
1783110300000,1.14359,1.14365,1.14352,1.14363
1783110360000,1.14365,1.14365,1.14349,1.14355
1783110420000,1.14355,1.14359,1.14348,1.14358
1783110480000,1.14356,1.1436,1.14356,1.14359
1783110540000,1.14359,1.14362,1.14356,1.1436
1783110600000,1.1436,1.14363,1.14357,1.14361
1783110660000,1.14361,1.14361,1.14357,1.1436
1783110720000,1.14361,1.14363,1.14352,1.14356
1783110780000,1.14355,1.14358,1.14355,1.14356
1783110840000,1.14358,1.14358,1.14357,1.14358
1783110900000,1.14358,1.14358,1.14357,1.14357
1783110960000,1.14357,1.14359,1.14356,1.14357
1783111020000,1.14357,1.14359,1.14357,1.14358
1783111080000,1.14358,1.14359,1.14357,1.14359
1783111140000,1.14359,1.14359,1.14352,1.14354
1783111200000,1.14355,1.14364,1.14353,1.14363
1783111260000,1.14363,1.14363,1.14359,1.14363
1783111320000,1.14361,1.14364,1.14361,1.14363
1783111380000,1.14362,1.14364,1.14359,1.14362
1783111440000,1.14361,1.14363,1.14361,1.14363
1783111500000,1.14362,1.14364,1.14362,1.14364
1783111560000,1.14363,1.14364,1.14329,1.14354
1783111620000,1.14354,1.14357,1.14338,1.14344
1783111680000,1.14344,1.14359,1.14337,1.14349
1783111740000,1.14349,1.14354,1.14337,1.14351
1783111800000,1.14349,1.14353,1.14349,1.14352
1783111860000,1.14352,1.14354,1.14343,1.14352
1783111920000,1.14352,1.14356,1.14342,1.14355
1783111980000,1.14355,1.14358,1.14355,1.14357
1783112040000,1.1435,1.14358,1.14336,1.14353
1783112100000,1.14352,1.14361,1.14352,1.14361
1783112160000,1.14363,1.14364,1.14363,1.14364
1783112220000,1.14363,1.14366,1.14356,1.14362
1783112280000,1.14361,1.14361,1.14356,1.14359
1783112340000,1.14359,1.14364,1.14335,1.14337
1783112400000,1.14337,1.14337,1.14337,1.14337
1783112460000,1.14337,1.14337,1.14337,1.14337
1783112520000,1.14337,1.14337,1.14337,1.14337
1783112580000,1.14337,1.14337,1.14337,1.14337
1783112640000,1.14337,1.14337,1.14337,1.14337
1783112700000,1.14337,1.14337,1.14337,1.14337
1783112760000,1.14337,1.14337,1.14337,1.14337
1783112820000,1.14337,1.14337,1.14337,1.14337
1783112880000,1.14337,1.14337,1.14337,1.14337
1783112940000,1.14337,1.14337,1.14337,1.14337
1783113000000,1.14337,1.14337,1.14337,1.14337
1783113060000,1.14337,1.14337,1.14337,1.14337
1783113120000,1.14337,1.14337,1.14337,1.14337
1783113180000,1.14337,1.14337,1.14337,1.14337
1783113240000,1.14337,1.14337,1.14337,1.14337
1783113300000,1.14337,1.14337,1.14337,1.14337
1783113360000,1.14337,1.14337,1.14337,1.14337
1783113420000,1.14337,1.14337,1.14337,1.14337
1783113480000,1.14337,1.14337,1.14337,1.14337
1783113540000,1.14337,1.14337,1.14337,1.14337
1783113600000,1.14337,1.14337,1.14337,1.14337
1783113660000,1.14337,1.14337,1.14337,1.14337
1783113720000,1.14337,1.14337,1.14337,1.14337
1783113780000,1.14337,1.14337,1.14337,1.14337
1783113840000,1.14337,1.14337,1.14337,1.14337
1783113900000,1.14337,1.14337,1.14337,1.14337
1783113960000,1.14337,1.14337,1.14337,1.14337
1783114020000,1.14337,1.14337,1.14337,1.14337
1783114080000,1.14337,1.14337,1.14337,1.14337
1783114140000,1.14337,1.14337,1.14337,1.14337
1783114200000,1.14337,1.14337,1.14337,1.14337
1783114260000,1.14337,1.14337,1.14337,1.14337
1783114320000,1.14337,1.14337,1.14337,1.14337
1783114380000,1.14337,1.14337,1.14337,1.14337
1783114440000,1.14337,1.14337,1.14337,1.14337
1783114500000,1.14337,1.14337,1.14337,1.14337
1783114560000,1.14337,1.14337,1.14337,1.14337
1783114620000,1.14337,1.14337,1.14337,1.14337
1783114680000,1.14337,1.14337,1.14337,1.14337
1783114740000,1.14337,1.14337,1.14337,1.14337
1783114800000,1.14337,1.14337,1.14337,1.14337
1783114860000,1.14337,1.14337,1.14337,1.14337
1783114920000,1.14337,1.14337,1.14337,1.14337
1783114980000,1.14337,1.14337,1.14337,1.14337
1783115040000,1.14337,1.14337,1.14337,1.14337
1783115100000,1.14337,1.14337,1.14337,1.14337
1783115160000,1.14337,1.14337,1.14337,1.14337
1783115220000,1.14337,1.14337,1.14337,1.14337
1783115280000,1.14337,1.14337,1.14337,1.14337
1783115340000,1.14337,1.14337,1.14337,1.14337
1783115400000,1.14337,1.14337,1.14337,1.14337
1783115460000,1.14337,1.14337,1.14337,1.14337
1783115520000,1.14337,1.14337,1.14337,1.14337
1783115580000,1.14337,1.14337,1.14337,1.14337
1783115640000,1.14337,1.14337,1.14337,1.14337
1783115700000,1.14337,1.14337,1.14337,1.14337
1783115760000,1.14337,1.14337,1.14337,1.14337
1783115820000,1.14337,1.14337,1.14337,1.14337
1783115880000,1.14337,1.14337,1.14337,1.14337
1783115940000,1.14337,1.14337,1.14337,1.14337
1783116000000,1.14337,1.14337,1.14337,1.14337
1783116060000,1.14337,1.14337,1.14337,1.14337
1783116120000,1.14337,1.14337,1.14337,1.14337
1783116180000,1.14337,1.14337,1.14337,1.14337
1783116240000,1.14337,1.14337,1.14337,1.14337
1783116300000,1.14337,1.14337,1.14337,1.14337
1783116360000,1.14337,1.14337,1.14337,1.14337
1783116420000,1.14337,1.14337,1.14337,1.14337
1783116480000,1.14337,1.14337,1.14337,1.14337
1783116540000,1.14337,1.14337,1.14337,1.14337
1783116600000,1.14337,1.14337,1.14337,1.14337
1783116660000,1.14337,1.14337,1.14337,1.14337
1783116720000,1.14337,1.14337,1.14337,1.14337
1783116780000,1.14337,1.14337,1.14337,1.14337
1783116840000,1.14337,1.14337,1.14337,1.14337
1783116900000,1.14337,1.14337,1.14337,1.14337
1783116960000,1.14337,1.14337,1.14337,1.14337
1783117020000,1.14337,1.14337,1.14337,1.14337
1783117080000,1.14337,1.14337,1.14337,1.14337
1783117140000,1.14337,1.14337,1.14337,1.14337
1783117200000,1.14337,1.14337,1.14337,1.14337
1783117260000,1.14337,1.14337,1.14337,1.14337
1783117320000,1.14337,1.14337,1.14337,1.14337
1783117380000,1.14337,1.14337,1.14337,1.14337
1783117440000,1.14337,1.14337,1.14337,1.14337
1783117500000,1.14337,1.14337,1.14337,1.14337
1783117560000,1.14337,1.14337,1.14337,1.14337
1783117620000,1.14337,1.14337,1.14337,1.14337
1783117680000,1.14337,1.14337,1.14337,1.14337
1783117740000,1.14337,1.14337,1.14337,1.14337
1783117800000,1.14337,1.14337,1.14337,1.14337
1783117860000,1.14337,1.14337,1.14337,1.14337
1783117920000,1.14337,1.14337,1.14337,1.14337
1783117980000,1.14337,1.14337,1.14337,1.14337
1783118040000,1.14337,1.14337,1.14337,1.14337
1783118100000,1.14337,1.14337,1.14337,1.14337
1783118160000,1.14337,1.14337,1.14337,1.14337
1783118220000,1.14337,1.14337,1.14337,1.14337
1783118280000,1.14337,1.14337,1.14337,1.14337
1783118340000,1.14337,1.14337,1.14337,1.14337
1783118400000,1.14337,1.14337,1.14337,1.14337
1783118460000,1.14337,1.14337,1.14337,1.14337
1783118520000,1.14337,1.14337,1.14337,1.14337
1783118580000,1.14337,1.14337,1.14337,1.14337
1783118640000,1.14337,1.14337,1.14337,1.14337
1783118700000,1.14337,1.14337,1.14337,1.14337
1783118760000,1.14337,1.14337,1.14337,1.14337
1783118820000,1.14337,1.14337,1.14337,1.14337
1783118880000,1.14337,1.14337,1.14337,1.14337
1783118940000,1.14337,1.14337,1.14337,1.14337
1783119000000,1.14337,1.14337,1.14337,1.14337
1783119060000,1.14337,1.14337,1.14337,1.14337
1783119120000,1.14337,1.14337,1.14337,1.14337
1783119180000,1.14337,1.14337,1.14337,1.14337
1783119240000,1.14337,1.14337,1.14337,1.14337
1783119300000,1.14337,1.14337,1.14337,1.14337
1783119360000,1.14337,1.14337,1.14337,1.14337
1783119420000,1.14337,1.14337,1.14337,1.14337
1783119480000,1.14337,1.14337,1.14337,1.14337
1783119540000,1.14337,1.14337,1.14337,1.14337
1783119600000,1.14337,1.14337,1.14337,1.14337
1783119660000,1.14337,1.14337,1.14337,1.14337
1783119720000,1.14337,1.14337,1.14337,1.14337
1783119780000,1.14337,1.14337,1.14337,1.14337
1783119840000,1.14337,1.14337,1.14337,1.14337
1783119900000,1.14337,1.14337,1.14337,1.14337
1783119960000,1.14337,1.14337,1.14337,1.14337
1783120020000,1.14337,1.14337,1.14337,1.14337
1783120080000,1.14337,1.14337,1.14337,1.14337
1783120140000,1.14337,1.14337,1.14337,1.14337
1783120200000,1.14337,1.14337,1.14337,1.14337
1783120260000,1.14337,1.14337,1.14337,1.14337
1783120320000,1.14337,1.14337,1.14337,1.14337
1783120380000,1.14337,1.14337,1.14337,1.14337
1783120440000,1.14337,1.14337,1.14337,1.14337
1783120500000,1.14337,1.14337,1.14337,1.14337
1783120560000,1.14337,1.14337,1.14337,1.14337
1783120620000,1.14337,1.14337,1.14337,1.14337
1783120680000,1.14337,1.14337,1.14337,1.14337
1783120740000,1.14337,1.14337,1.14337,1.14337
1783120800000,1.14337,1.14337,1.14337,1.14337
1783120860000,1.14337,1.14337,1.14337,1.14337
1783120920000,1.14337,1.14337,1.14337,1.14337
1783120980000,1.14337,1.14337,1.14337,1.14337
1783121040000,1.14337,1.14337,1.14337,1.14337
1783121100000,1.14337,1.14337,1.14337,1.14337
1783121160000,1.14337,1.14337,1.14337,1.14337
1783121220000,1.14337,1.14337,1.14337,1.14337
1783121280000,1.14337,1.14337,1.14337,1.14337
1783121340000,1.14337,1.14337,1.14337,1.14337
1783121400000,1.14337,1.14337,1.14337,1.14337
1783121460000,1.14337,1.14337,1.14337,1.14337
1783121520000,1.14337,1.14337,1.14337,1.14337
1783121580000,1.14337,1.14337,1.14337,1.14337
1783121640000,1.14337,1.14337,1.14337,1.14337
1783121700000,1.14337,1.14337,1.14337,1.14337
1783121760000,1.14337,1.14337,1.14337,1.14337
1783121820000,1.14337,1.14337,1.14337,1.14337
1783121880000,1.14337,1.14337,1.14337,1.14337
1783121940000,1.14337,1.14337,1.14337,1.14337
1783122000000,1.14337,1.14337,1.14337,1.14337
1783122060000,1.14337,1.14337,1.14337,1.14337
1783122120000,1.14337,1.14337,1.14337,1.14337
1783122180000,1.14337,1.14337,1.14337,1.14337
1783122240000,1.14337,1.14337,1.14337,1.14337
1783122300000,1.14337,1.14337,1.14337,1.14337
1783122360000,1.14337,1.14337,1.14337,1.14337
1783122420000,1.14337,1.14337,1.14337,1.14337
1783122480000,1.14337,1.14337,1.14337,1.14337
1783122540000,1.14337,1.14337,1.14337,1.14337
1783122600000,1.14337,1.14337,1.14337,1.14337
1783122660000,1.14337,1.14337,1.14337,1.14337
1783122720000,1.14337,1.14337,1.14337,1.14337
1783122780000,1.14337,1.14337,1.14337,1.14337
1783122840000,1.14337,1.14337,1.14337,1.14337
1783122900000,1.14337,1.14337,1.14337,1.14337
1783122960000,1.14337,1.14337,1.14337,1.14337
1783123020000,1.14337,1.14337,1.14337,1.14337
1783123080000,1.14337,1.14337,1.14337,1.14337
1783123140000,1.14337,1.14337,1.14337,1.14337
1783123200000,1.14337,1.14337,1.14337,1.14337
1783123260000,1.14337,1.14337,1.14337,1.14337
1783123320000,1.14337,1.14337,1.14337,1.14337
1783123380000,1.14337,1.14337,1.14337,1.14337
1783123440000,1.14337,1.14337,1.14337,1.14337
1783123500000,1.14337,1.14337,1.14337,1.14337
1783123560000,1.14337,1.14337,1.14337,1.14337
1783123620000,1.14337,1.14337,1.14337,1.14337
1783123680000,1.14337,1.14337,1.14337,1.14337
1783123740000,1.14337,1.14337,1.14337,1.14337
1783123800000,1.14337,1.14337,1.14337,1.14337
1783123860000,1.14337,1.14337,1.14337,1.14337
1783123920000,1.14337,1.14337,1.14337,1.14337
1783123980000,1.14337,1.14337,1.14337,1.14337
1783124040000,1.14337,1.14337,1.14337,1.14337
1783124100000,1.14337,1.14337,1.14337,1.14337
1783124160000,1.14337,1.14337,1.14337,1.14337
1783124220000,1.14337,1.14337,1.14337,1.14337
1783124280000,1.14337,1.14337,1.14337,1.14337
1783124340000,1.14337,1.14337,1.14337,1.14337
1783124400000,1.14337,1.14337,1.14337,1.14337
1783124460000,1.14337,1.14337,1.14337,1.14337
1783124520000,1.14337,1.14337,1.14337,1.14337
1783124580000,1.14337,1.14337,1.14337,1.14337
1783124640000,1.14337,1.14337,1.14337,1.14337
1783124700000,1.14337,1.14337,1.14337,1.14337
1783124760000,1.14337,1.14337,1.14337,1.14337
1783124820000,1.14337,1.14337,1.14337,1.14337
1783124880000,1.14337,1.14337,1.14337,1.14337
1783124940000,1.14337,1.14337,1.14337,1.14337
1783125000000,1.14337,1.14337,1.14337,1.14337
1783125060000,1.14337,1.14337,1.14337,1.14337
1783125120000,1.14337,1.14337,1.14337,1.14337
1783125180000,1.14337,1.14337,1.14337,1.14337
1783125240000,1.14337,1.14337,1.14337,1.14337
1783125300000,1.14337,1.14337,1.14337,1.14337
1783125360000,1.14337,1.14337,1.14337,1.14337
1783125420000,1.14337,1.14337,1.14337,1.14337
1783125480000,1.14337,1.14337,1.14337,1.14337
1783125540000,1.14337,1.14337,1.14337,1.14337
1783125600000,1.14337,1.14337,1.14337,1.14337
1783125660000,1.14337,1.14337,1.14337,1.14337
1783125720000,1.14337,1.14337,1.14337,1.14337
1783125780000,1.14337,1.14337,1.14337,1.14337
1783125840000,1.14337,1.14337,1.14337,1.14337
1783125900000,1.14337,1.14337,1.14337,1.14337
1783125960000,1.14337,1.14337,1.14337,1.14337
1783126020000,1.14337,1.14337,1.14337,1.14337
1783126080000,1.14337,1.14337,1.14337,1.14337
1783126140000,1.14337,1.14337,1.14337,1.14337
1783126200000,1.14337,1.14337,1.14337,1.14337
1783126260000,1.14337,1.14337,1.14337,1.14337
1783126320000,1.14337,1.14337,1.14337,1.14337
1783126380000,1.14337,1.14337,1.14337,1.14337
1783126440000,1.14337,1.14337,1.14337,1.14337
1783126500000,1.14337,1.14337,1.14337,1.14337
1783126560000,1.14337,1.14337,1.14337,1.14337
1783126620000,1.14337,1.14337,1.14337,1.14337
1783126680000,1.14337,1.14337,1.14337,1.14337
1783126740000,1.14337,1.14337,1.14337,1.14337
1783126800000,1.14337,1.14337,1.14337,1.14337
1783126860000,1.14337,1.14337,1.14337,1.14337
1783126920000,1.14337,1.14337,1.14337,1.14337
1783126980000,1.14337,1.14337,1.14337,1.14337
1783127040000,1.14337,1.14337,1.14337,1.14337
1783127100000,1.14337,1.14337,1.14337,1.14337
1783127160000,1.14337,1.14337,1.14337,1.14337
1783127220000,1.14337,1.14337,1.14337,1.14337
1783127280000,1.14337,1.14337,1.14337,1.14337
1783127340000,1.14337,1.14337,1.14337,1.14337
1783127400000,1.14337,1.14337,1.14337,1.14337
1783127460000,1.14337,1.14337,1.14337,1.14337
1783127520000,1.14337,1.14337,1.14337,1.14337
1783127580000,1.14337,1.14337,1.14337,1.14337
1783127640000,1.14337,1.14337,1.14337,1.14337
1783127700000,1.14337,1.14337,1.14337,1.14337
1783127760000,1.14337,1.14337,1.14337,1.14337
1783127820000,1.14337,1.14337,1.14337,1.14337
1783127880000,1.14337,1.14337,1.14337,1.14337
1783127940000,1.14337,1.14337,1.14337,1.14337
1783128000000,1.14337,1.14337,1.14337,1.14337
1783128060000,1.14337,1.14337,1.14337,1.14337
1783128120000,1.14337,1.14337,1.14337,1.14337
1783128180000,1.14337,1.14337,1.14337,1.14337
1783128240000,1.14337,1.14337,1.14337,1.14337
1783128300000,1.14337,1.14337,1.14337,1.14337
1783128360000,1.14337,1.14337,1.14337,1.14337
1783128420000,1.14337,1.14337,1.14337,1.14337
1783128480000,1.14337,1.14337,1.14337,1.14337
1783128540000,1.14337,1.14337,1.14337,1.14337
1783128600000,1.14337,1.14337,1.14337,1.14337
1783128660000,1.14337,1.14337,1.14337,1.14337
1783128720000,1.14337,1.14337,1.14337,1.14337
1783128780000,1.14337,1.14337,1.14337,1.14337
1783128840000,1.14337,1.14337,1.14337,1.14337
1783128900000,1.14337,1.14337,1.14337,1.14337
1783128960000,1.14337,1.14337,1.14337,1.14337
1783129020000,1.14337,1.14337,1.14337,1.14337
1783129080000,1.14337,1.14337,1.14337,1.14337
1783129140000,1.14337,1.14337,1.14337,1.14337
1783129200000,1.14337,1.14337,1.14337,1.14337
1783129260000,1.14337,1.14337,1.14337,1.14337
1783129320000,1.14337,1.14337,1.14337,1.14337
1783129380000,1.14337,1.14337,1.14337,1.14337
1783129440000,1.14337,1.14337,1.14337,1.14337
1783129500000,1.14337,1.14337,1.14337,1.14337
1783129560000,1.14337,1.14337,1.14337,1.14337
1783129620000,1.14337,1.14337,1.14337,1.14337
1783129680000,1.14337,1.14337,1.14337,1.14337
1783129740000,1.14337,1.14337,1.14337,1.14337
1783129800000,1.14337,1.14337,1.14337,1.14337
1783129860000,1.14337,1.14337,1.14337,1.14337
1783129920000,1.14337,1.14337,1.14337,1.14337
1783129980000,1.14337,1.14337,1.14337,1.14337
1783130040000,1.14337,1.14337,1.14337,1.14337
1783130100000,1.14337,1.14337,1.14337,1.14337
1783130160000,1.14337,1.14337,1.14337,1.14337
1783130220000,1.14337,1.14337,1.14337,1.14337
1783130280000,1.14337,1.14337,1.14337,1.14337
1783130340000,1.14337,1.14337,1.14337,1.14337
1783130400000,1.14337,1.14337,1.14337,1.14337
1783130460000,1.14337,1.14337,1.14337,1.14337
1783130520000,1.14337,1.14337,1.14337,1.14337
1783130580000,1.14337,1.14337,1.14337,1.14337
1783130640000,1.14337,1.14337,1.14337,1.14337
1783130700000,1.14337,1.14337,1.14337,1.14337
1783130760000,1.14337,1.14337,1.14337,1.14337
1783130820000,1.14337,1.14337,1.14337,1.14337
1783130880000,1.14337,1.14337,1.14337,1.14337
1783130940000,1.14337,1.14337,1.14337,1.14337
1783131000000,1.14337,1.14337,1.14337,1.14337
1783131060000,1.14337,1.14337,1.14337,1.14337
1783131120000,1.14337,1.14337,1.14337,1.14337
1783131180000,1.14337,1.14337,1.14337,1.14337
1783131240000,1.14337,1.14337,1.14337,1.14337
1783131300000,1.14337,1.14337,1.14337,1.14337
1783131360000,1.14337,1.14337,1.14337,1.14337
1783131420000,1.14337,1.14337,1.14337,1.14337
1783131480000,1.14337,1.14337,1.14337,1.14337
1783131540000,1.14337,1.14337,1.14337,1.14337
1783131600000,1.14337,1.14337,1.14337,1.14337
1783131660000,1.14337,1.14337,1.14337,1.14337
1783131720000,1.14337,1.14337,1.14337,1.14337
1783131780000,1.14337,1.14337,1.14337,1.14337
1783131840000,1.14337,1.14337,1.14337,1.14337
1783131900000,1.14337,1.14337,1.14337,1.14337
1783131960000,1.14337,1.14337,1.14337,1.14337
1783132020000,1.14337,1.14337,1.14337,1.14337
1783132080000,1.14337,1.14337,1.14337,1.14337
1783132140000,1.14337,1.14337,1.14337,1.14337
1783132200000,1.14337,1.14337,1.14337,1.14337
1783132260000,1.14337,1.14337,1.14337,1.14337
1783132320000,1.14337,1.14337,1.14337,1.14337
1783132380000,1.14337,1.14337,1.14337,1.14337
1783132440000,1.14337,1.14337,1.14337,1.14337
1783132500000,1.14337,1.14337,1.14337,1.14337
1783132560000,1.14337,1.14337,1.14337,1.14337
1783132620000,1.14337,1.14337,1.14337,1.14337
1783132680000,1.14337,1.14337,1.14337,1.14337
1783132740000,1.14337,1.14337,1.14337,1.14337
1783132800000,1.14337,1.14337,1.14337,1.14337
1783132860000,1.14337,1.14337,1.14337,1.14337
1783132920000,1.14337,1.14337,1.14337,1.14337
1783132980000,1.14337,1.14337,1.14337,1.14337
1783133040000,1.14337,1.14337,1.14337,1.14337
1783133100000,1.14337,1.14337,1.14337,1.14337
1783133160000,1.14337,1.14337,1.14337,1.14337
1783133220000,1.14337,1.14337,1.14337,1.14337
1783133280000,1.14337,1.14337,1.14337,1.14337
1783133340000,1.14337,1.14337,1.14337,1.14337
1783133400000,1.14337,1.14337,1.14337,1.14337
1783133460000,1.14337,1.14337,1.14337,1.14337
1783133520000,1.14337,1.14337,1.14337,1.14337
1783133580000,1.14337,1.14337,1.14337,1.14337
1783133640000,1.14337,1.14337,1.14337,1.14337
1783133700000,1.14337,1.14337,1.14337,1.14337
1783133760000,1.14337,1.14337,1.14337,1.14337
1783133820000,1.14337,1.14337,1.14337,1.14337
1783133880000,1.14337,1.14337,1.14337,1.14337
1783133940000,1.14337,1.14337,1.14337,1.14337
1783134000000,1.14337,1.14337,1.14337,1.14337
1783134060000,1.14337,1.14337,1.14337,1.14337
1783134120000,1.14337,1.14337,1.14337,1.14337
1783134180000,1.14337,1.14337,1.14337,1.14337
1783134240000,1.14337,1.14337,1.14337,1.14337
1783134300000,1.14337,1.14337,1.14337,1.14337
1783134360000,1.14337,1.14337,1.14337,1.14337
1783134420000,1.14337,1.14337,1.14337,1.14337
1783134480000,1.14337,1.14337,1.14337,1.14337
1783134540000,1.14337,1.14337,1.14337,1.14337
1783134600000,1.14337,1.14337,1.14337,1.14337
1783134660000,1.14337,1.14337,1.14337,1.14337
1783134720000,1.14337,1.14337,1.14337,1.14337
1783134780000,1.14337,1.14337,1.14337,1.14337
1783134840000,1.14337,1.14337,1.14337,1.14337
1783134900000,1.14337,1.14337,1.14337,1.14337
1783134960000,1.14337,1.14337,1.14337,1.14337
1783135020000,1.14337,1.14337,1.14337,1.14337
1783135080000,1.14337,1.14337,1.14337,1.14337
1783135140000,1.14337,1.14337,1.14337,1.14337
1783135200000,1.14337,1.14337,1.14337,1.14337
1783135260000,1.14337,1.14337,1.14337,1.14337
1783135320000,1.14337,1.14337,1.14337,1.14337
1783135380000,1.14337,1.14337,1.14337,1.14337
1783135440000,1.14337,1.14337,1.14337,1.14337
1783135500000,1.14337,1.14337,1.14337,1.14337
1783135560000,1.14337,1.14337,1.14337,1.14337
1783135620000,1.14337,1.14337,1.14337,1.14337
1783135680000,1.14337,1.14337,1.14337,1.14337
1783135740000,1.14337,1.14337,1.14337,1.14337
1783135800000,1.14337,1.14337,1.14337,1.14337
1783135860000,1.14337,1.14337,1.14337,1.14337
1783135920000,1.14337,1.14337,1.14337,1.14337
1783135980000,1.14337,1.14337,1.14337,1.14337
1783136040000,1.14337,1.14337,1.14337,1.14337
1783136100000,1.14337,1.14337,1.14337,1.14337
1783136160000,1.14337,1.14337,1.14337,1.14337
1783136220000,1.14337,1.14337,1.14337,1.14337
1783136280000,1.14337,1.14337,1.14337,1.14337
1783136340000,1.14337,1.14337,1.14337,1.14337
1783136400000,1.14337,1.14337,1.14337,1.14337
1783136460000,1.14337,1.14337,1.14337,1.14337
1783136520000,1.14337,1.14337,1.14337,1.14337
1783136580000,1.14337,1.14337,1.14337,1.14337
1783136640000,1.14337,1.14337,1.14337,1.14337
1783136700000,1.14337,1.14337,1.14337,1.14337
1783136760000,1.14337,1.14337,1.14337,1.14337
1783136820000,1.14337,1.14337,1.14337,1.14337
1783136880000,1.14337,1.14337,1.14337,1.14337
1783136940000,1.14337,1.14337,1.14337,1.14337
1783137000000,1.14337,1.14337,1.14337,1.14337
1783137060000,1.14337,1.14337,1.14337,1.14337
1783137120000,1.14337,1.14337,1.14337,1.14337
1783137180000,1.14337,1.14337,1.14337,1.14337
1783137240000,1.14337,1.14337,1.14337,1.14337
1783137300000,1.14337,1.14337,1.14337,1.14337
1783137360000,1.14337,1.14337,1.14337,1.14337
1783137420000,1.14337,1.14337,1.14337,1.14337
1783137480000,1.14337,1.14337,1.14337,1.14337
1783137540000,1.14337,1.14337,1.14337,1.14337
1783137600000,1.14337,1.14337,1.14337,1.14337
1783137660000,1.14337,1.14337,1.14337,1.14337
1783137720000,1.14337,1.14337,1.14337,1.14337
1783137780000,1.14337,1.14337,1.14337,1.14337
1783137840000,1.14337,1.14337,1.14337,1.14337
1783137900000,1.14337,1.14337,1.14337,1.14337
1783137960000,1.14337,1.14337,1.14337,1.14337
1783138020000,1.14337,1.14337,1.14337,1.14337
1783138080000,1.14337,1.14337,1.14337,1.14337
1783138140000,1.14337,1.14337,1.14337,1.14337
1783138200000,1.14337,1.14337,1.14337,1.14337
1783138260000,1.14337,1.14337,1.14337,1.14337
1783138320000,1.14337,1.14337,1.14337,1.14337
1783138380000,1.14337,1.14337,1.14337,1.14337
1783138440000,1.14337,1.14337,1.14337,1.14337
1783138500000,1.14337,1.14337,1.14337,1.14337
1783138560000,1.14337,1.14337,1.14337,1.14337
1783138620000,1.14337,1.14337,1.14337,1.14337
1783138680000,1.14337,1.14337,1.14337,1.14337
1783138740000,1.14337,1.14337,1.14337,1.14337
1783138800000,1.14337,1.14337,1.14337,1.14337
1783138860000,1.14337,1.14337,1.14337,1.14337
1783138920000,1.14337,1.14337,1.14337,1.14337
1783138980000,1.14337,1.14337,1.14337,1.14337
1783139040000,1.14337,1.14337,1.14337,1.14337
1783139100000,1.14337,1.14337,1.14337,1.14337
1783139160000,1.14337,1.14337,1.14337,1.14337
1783139220000,1.14337,1.14337,1.14337,1.14337
1783139280000,1.14337,1.14337,1.14337,1.14337
1783139340000,1.14337,1.14337,1.14337,1.14337
1783139400000,1.14337,1.14337,1.14337,1.14337
1783139460000,1.14337,1.14337,1.14337,1.14337
1783139520000,1.14337,1.14337,1.14337,1.14337
1783139580000,1.14337,1.14337,1.14337,1.14337
1783139640000,1.14337,1.14337,1.14337,1.14337
1783139700000,1.14337,1.14337,1.14337,1.14337
1783139760000,1.14337,1.14337,1.14337,1.14337
1783139820000,1.14337,1.14337,1.14337,1.14337
1783139880000,1.14337,1.14337,1.14337,1.14337
1783139940000,1.14337,1.14337,1.14337,1.14337
1783140000000,1.14337,1.14337,1.14337,1.14337
1783140060000,1.14337,1.14337,1.14337,1.14337
1783140120000,1.14337,1.14337,1.14337,1.14337
1783140180000,1.14337,1.14337,1.14337,1.14337
1783140240000,1.14337,1.14337,1.14337,1.14337
1783140300000,1.14337,1.14337,1.14337,1.14337
1783140360000,1.14337,1.14337,1.14337,1.14337
1783140420000,1.14337,1.14337,1.14337,1.14337
1783140480000,1.14337,1.14337,1.14337,1.14337
1783140540000,1.14337,1.14337,1.14337,1.14337
1783140600000,1.14337,1.14337,1.14337,1.14337
1783140660000,1.14337,1.14337,1.14337,1.14337
1783140720000,1.14337,1.14337,1.14337,1.14337
1783140780000,1.14337,1.14337,1.14337,1.14337
1783140840000,1.14337,1.14337,1.14337,1.14337
1783140900000,1.14337,1.14337,1.14337,1.14337
1783140960000,1.14337,1.14337,1.14337,1.14337
1783141020000,1.14337,1.14337,1.14337,1.14337
1783141080000,1.14337,1.14337,1.14337,1.14337
1783141140000,1.14337,1.14337,1.14337,1.14337
1783141200000,1.14337,1.14337,1.14337,1.14337
1783141260000,1.14337,1.14337,1.14337,1.14337
1783141320000,1.14337,1.14337,1.14337,1.14337
1783141380000,1.14337,1.14337,1.14337,1.14337
1783141440000,1.14337,1.14337,1.14337,1.14337
1783141500000,1.14337,1.14337,1.14337,1.14337
1783141560000,1.14337,1.14337,1.14337,1.14337
1783141620000,1.14337,1.14337,1.14337,1.14337
1783141680000,1.14337,1.14337,1.14337,1.14337
1783141740000,1.14337,1.14337,1.14337,1.14337
1783141800000,1.14337,1.14337,1.14337,1.14337
1783141860000,1.14337,1.14337,1.14337,1.14337
1783141920000,1.14337,1.14337,1.14337,1.14337
1783141980000,1.14337,1.14337,1.14337,1.14337
1783142040000,1.14337,1.14337,1.14337,1.14337
1783142100000,1.14337,1.14337,1.14337,1.14337
1783142160000,1.14337,1.14337,1.14337,1.14337
1783142220000,1.14337,1.14337,1.14337,1.14337
1783142280000,1.14337,1.14337,1.14337,1.14337
1783142340000,1.14337,1.14337,1.14337,1.14337
1783142400000,1.14337,1.14337,1.14337,1.14337
1783142460000,1.14337,1.14337,1.14337,1.14337
1783142520000,1.14337,1.14337,1.14337,1.14337
1783142580000,1.14337,1.14337,1.14337,1.14337
1783142640000,1.14337,1.14337,1.14337,1.14337
1783142700000,1.14337,1.14337,1.14337,1.14337
1783142760000,1.14337,1.14337,1.14337,1.14337
1783142820000,1.14337,1.14337,1.14337,1.14337
1783142880000,1.14337,1.14337,1.14337,1.14337
1783142940000,1.14337,1.14337,1.14337,1.14337
1783143000000,1.14337,1.14337,1.14337,1.14337
1783143060000,1.14337,1.14337,1.14337,1.14337
1783143120000,1.14337,1.14337,1.14337,1.14337
1783143180000,1.14337,1.14337,1.14337,1.14337
1783143240000,1.14337,1.14337,1.14337,1.14337
1783143300000,1.14337,1.14337,1.14337,1.14337
1783143360000,1.14337,1.14337,1.14337,1.14337
1783143420000,1.14337,1.14337,1.14337,1.14337
1783143480000,1.14337,1.14337,1.14337,1.14337
1783143540000,1.14337,1.14337,1.14337,1.14337
1783143600000,1.14337,1.14337,1.14337,1.14337
1783143660000,1.14337,1.14337,1.14337,1.14337
1783143720000,1.14337,1.14337,1.14337,1.14337
1783143780000,1.14337,1.14337,1.14337,1.14337
1783143840000,1.14337,1.14337,1.14337,1.14337
1783143900000,1.14337,1.14337,1.14337,1.14337
1783143960000,1.14337,1.14337,1.14337,1.14337
1783144020000,1.14337,1.14337,1.14337,1.14337
1783144080000,1.14337,1.14337,1.14337,1.14337
1783144140000,1.14337,1.14337,1.14337,1.14337
1783144200000,1.14337,1.14337,1.14337,1.14337
1783144260000,1.14337,1.14337,1.14337,1.14337
1783144320000,1.14337,1.14337,1.14337,1.14337
1783144380000,1.14337,1.14337,1.14337,1.14337
1783144440000,1.14337,1.14337,1.14337,1.14337
1783144500000,1.14337,1.14337,1.14337,1.14337
1783144560000,1.14337,1.14337,1.14337,1.14337
1783144620000,1.14337,1.14337,1.14337,1.14337
1783144680000,1.14337,1.14337,1.14337,1.14337
1783144740000,1.14337,1.14337,1.14337,1.14337
1783144800000,1.14337,1.14337,1.14337,1.14337
1783144860000,1.14337,1.14337,1.14337,1.14337
1783144920000,1.14337,1.14337,1.14337,1.14337
1783144980000,1.14337,1.14337,1.14337,1.14337
1783145040000,1.14337,1.14337,1.14337,1.14337
1783145100000,1.14337,1.14337,1.14337,1.14337
1783145160000,1.14337,1.14337,1.14337,1.14337
1783145220000,1.14337,1.14337,1.14337,1.14337
1783145280000,1.14337,1.14337,1.14337,1.14337
1783145340000,1.14337,1.14337,1.14337,1.14337
1783145400000,1.14337,1.14337,1.14337,1.14337
1783145460000,1.14337,1.14337,1.14337,1.14337
1783145520000,1.14337,1.14337,1.14337,1.14337
1783145580000,1.14337,1.14337,1.14337,1.14337
1783145640000,1.14337,1.14337,1.14337,1.14337
1783145700000,1.14337,1.14337,1.14337,1.14337
1783145760000,1.14337,1.14337,1.14337,1.14337
1783145820000,1.14337,1.14337,1.14337,1.14337
1783145880000,1.14337,1.14337,1.14337,1.14337
1783145940000,1.14337,1.14337,1.14337,1.14337
1783146000000,1.14337,1.14337,1.14337,1.14337
1783146060000,1.14337,1.14337,1.14337,1.14337
1783146120000,1.14337,1.14337,1.14337,1.14337
1783146180000,1.14337,1.14337,1.14337,1.14337
1783146240000,1.14337,1.14337,1.14337,1.14337
1783146300000,1.14337,1.14337,1.14337,1.14337
1783146360000,1.14337,1.14337,1.14337,1.14337
1783146420000,1.14337,1.14337,1.14337,1.14337
1783146480000,1.14337,1.14337,1.14337,1.14337
1783146540000,1.14337,1.14337,1.14337,1.14337
1783146600000,1.14337,1.14337,1.14337,1.14337
1783146660000,1.14337,1.14337,1.14337,1.14337
1783146720000,1.14337,1.14337,1.14337,1.14337
1783146780000,1.14337,1.14337,1.14337,1.14337
1783146840000,1.14337,1.14337,1.14337,1.14337
1783146900000,1.14337,1.14337,1.14337,1.14337
1783146960000,1.14337,1.14337,1.14337,1.14337
1783147020000,1.14337,1.14337,1.14337,1.14337
1783147080000,1.14337,1.14337,1.14337,1.14337
1783147140000,1.14337,1.14337,1.14337,1.14337
1783147200000,1.14337,1.14337,1.14337,1.14337
1783147260000,1.14337,1.14337,1.14337,1.14337
1783147320000,1.14337,1.14337,1.14337,1.14337
1783147380000,1.14337,1.14337,1.14337,1.14337
1783147440000,1.14337,1.14337,1.14337,1.14337
1783147500000,1.14337,1.14337,1.14337,1.14337
1783147560000,1.14337,1.14337,1.14337,1.14337
1783147620000,1.14337,1.14337,1.14337,1.14337
1783147680000,1.14337,1.14337,1.14337,1.14337
1783147740000,1.14337,1.14337,1.14337,1.14337
1783147800000,1.14337,1.14337,1.14337,1.14337
1783147860000,1.14337,1.14337,1.14337,1.14337
1783147920000,1.14337,1.14337,1.14337,1.14337
1783147980000,1.14337,1.14337,1.14337,1.14337
1783148040000,1.14337,1.14337,1.14337,1.14337
1783148100000,1.14337,1.14337,1.14337,1.14337
1783148160000,1.14337,1.14337,1.14337,1.14337
1783148220000,1.14337,1.14337,1.14337,1.14337
1783148280000,1.14337,1.14337,1.14337,1.14337
1783148340000,1.14337,1.14337,1.14337,1.14337
1783148400000,1.14337,1.14337,1.14337,1.14337
1783148460000,1.14337,1.14337,1.14337,1.14337
1783148520000,1.14337,1.14337,1.14337,1.14337
1783148580000,1.14337,1.14337,1.14337,1.14337
1783148640000,1.14337,1.14337,1.14337,1.14337
1783148700000,1.14337,1.14337,1.14337,1.14337
1783148760000,1.14337,1.14337,1.14337,1.14337
1783148820000,1.14337,1.14337,1.14337,1.14337
1783148880000,1.14337,1.14337,1.14337,1.14337
1783148940000,1.14337,1.14337,1.14337,1.14337
1783149000000,1.14337,1.14337,1.14337,1.14337
1783149060000,1.14337,1.14337,1.14337,1.14337
1783149120000,1.14337,1.14337,1.14337,1.14337
1783149180000,1.14337,1.14337,1.14337,1.14337
1783149240000,1.14337,1.14337,1.14337,1.14337
1783149300000,1.14337,1.14337,1.14337,1.14337
1783149360000,1.14337,1.14337,1.14337,1.14337
1783149420000,1.14337,1.14337,1.14337,1.14337
1783149480000,1.14337,1.14337,1.14337,1.14337
1783149540000,1.14337,1.14337,1.14337,1.14337
1783149600000,1.14337,1.14337,1.14337,1.14337
1783149660000,1.14337,1.14337,1.14337,1.14337
1783149720000,1.14337,1.14337,1.14337,1.14337
1783149780000,1.14337,1.14337,1.14337,1.14337
1783149840000,1.14337,1.14337,1.14337,1.14337
1783149900000,1.14337,1.14337,1.14337,1.14337
1783149960000,1.14337,1.14337,1.14337,1.14337
1783150020000,1.14337,1.14337,1.14337,1.14337
1783150080000,1.14337,1.14337,1.14337,1.14337
1783150140000,1.14337,1.14337,1.14337,1.14337
1783150200000,1.14337,1.14337,1.14337,1.14337
1783150260000,1.14337,1.14337,1.14337,1.14337
1783150320000,1.14337,1.14337,1.14337,1.14337
1783150380000,1.14337,1.14337,1.14337,1.14337
1783150440000,1.14337,1.14337,1.14337,1.14337
1783150500000,1.14337,1.14337,1.14337,1.14337
1783150560000,1.14337,1.14337,1.14337,1.14337
1783150620000,1.14337,1.14337,1.14337,1.14337
1783150680000,1.14337,1.14337,1.14337,1.14337
1783150740000,1.14337,1.14337,1.14337,1.14337
1783150800000,1.14337,1.14337,1.14337,1.14337
1783150860000,1.14337,1.14337,1.14337,1.14337
1783150920000,1.14337,1.14337,1.14337,1.14337
1783150980000,1.14337,1.14337,1.14337,1.14337
1783151040000,1.14337,1.14337,1.14337,1.14337
1783151100000,1.14337,1.14337,1.14337,1.14337
1783151160000,1.14337,1.14337,1.14337,1.14337
1783151220000,1.14337,1.14337,1.14337,1.14337
1783151280000,1.14337,1.14337,1.14337,1.14337
1783151340000,1.14337,1.14337,1.14337,1.14337
1783151400000,1.14337,1.14337,1.14337,1.14337
1783151460000,1.14337,1.14337,1.14337,1.14337
1783151520000,1.14337,1.14337,1.14337,1.14337
1783151580000,1.14337,1.14337,1.14337,1.14337
1783151640000,1.14337,1.14337,1.14337,1.14337
1783151700000,1.14337,1.14337,1.14337,1.14337
1783151760000,1.14337,1.14337,1.14337,1.14337
1783151820000,1.14337,1.14337,1.14337,1.14337
1783151880000,1.14337,1.14337,1.14337,1.14337
1783151940000,1.14337,1.14337,1.14337,1.14337
1783152000000,1.14337,1.14337,1.14337,1.14337
1783152060000,1.14337,1.14337,1.14337,1.14337
1783152120000,1.14337,1.14337,1.14337,1.14337
1783152180000,1.14337,1.14337,1.14337,1.14337
1783152240000,1.14337,1.14337,1.14337,1.14337
1783152300000,1.14337,1.14337,1.14337,1.14337
1783152360000,1.14337,1.14337,1.14337,1.14337
1783152420000,1.14337,1.14337,1.14337,1.14337
1783152480000,1.14337,1.14337,1.14337,1.14337
1783152540000,1.14337,1.14337,1.14337,1.14337
1783152600000,1.14337,1.14337,1.14337,1.14337
1783152660000,1.14337,1.14337,1.14337,1.14337
1783152720000,1.14337,1.14337,1.14337,1.14337
1783152780000,1.14337,1.14337,1.14337,1.14337
1783152840000,1.14337,1.14337,1.14337,1.14337
1783152900000,1.14337,1.14337,1.14337,1.14337
1783152960000,1.14337,1.14337,1.14337,1.14337
1783153020000,1.14337,1.14337,1.14337,1.14337
1783153080000,1.14337,1.14337,1.14337,1.14337
1783153140000,1.14337,1.14337,1.14337,1.14337
1783153200000,1.14337,1.14337,1.14337,1.14337
1783153260000,1.14337,1.14337,1.14337,1.14337
1783153320000,1.14337,1.14337,1.14337,1.14337
1783153380000,1.14337,1.14337,1.14337,1.14337
1783153440000,1.14337,1.14337,1.14337,1.14337
1783153500000,1.14337,1.14337,1.14337,1.14337
1783153560000,1.14337,1.14337,1.14337,1.14337
1783153620000,1.14337,1.14337,1.14337,1.14337
1783153680000,1.14337,1.14337,1.14337,1.14337
1783153740000,1.14337,1.14337,1.14337,1.14337
1783153800000,1.14337,1.14337,1.14337,1.14337
1783153860000,1.14337,1.14337,1.14337,1.14337
1783153920000,1.14337,1.14337,1.14337,1.14337
1783153980000,1.14337,1.14337,1.14337,1.14337
1783154040000,1.14337,1.14337,1.14337,1.14337
1783154100000,1.14337,1.14337,1.14337,1.14337
1783154160000,1.14337,1.14337,1.14337,1.14337
1783154220000,1.14337,1.14337,1.14337,1.14337
1783154280000,1.14337,1.14337,1.14337,1.14337
1783154340000,1.14337,1.14337,1.14337,1.14337
1783154400000,1.14337,1.14337,1.14337,1.14337
1783154460000,1.14337,1.14337,1.14337,1.14337
1783154520000,1.14337,1.14337,1.14337,1.14337
1783154580000,1.14337,1.14337,1.14337,1.14337
1783154640000,1.14337,1.14337,1.14337,1.14337
1783154700000,1.14337,1.14337,1.14337,1.14337
1783154760000,1.14337,1.14337,1.14337,1.14337
1783154820000,1.14337,1.14337,1.14337,1.14337
1783154880000,1.14337,1.14337,1.14337,1.14337
1783154940000,1.14337,1.14337,1.14337,1.14337
1783155000000,1.14337,1.14337,1.14337,1.14337
1783155060000,1.14337,1.14337,1.14337,1.14337
1783155120000,1.14337,1.14337,1.14337,1.14337
1783155180000,1.14337,1.14337,1.14337,1.14337
1783155240000,1.14337,1.14337,1.14337,1.14337
1783155300000,1.14337,1.14337,1.14337,1.14337
1783155360000,1.14337,1.14337,1.14337,1.14337
1783155420000,1.14337,1.14337,1.14337,1.14337
1783155480000,1.14337,1.14337,1.14337,1.14337
1783155540000,1.14337,1.14337,1.14337,1.14337
1783155600000,1.14337,1.14337,1.14337,1.14337
1783155660000,1.14337,1.14337,1.14337,1.14337
1783155720000,1.14337,1.14337,1.14337,1.14337
1783155780000,1.14337,1.14337,1.14337,1.14337
1783155840000,1.14337,1.14337,1.14337,1.14337
1783155900000,1.14337,1.14337,1.14337,1.14337
1783155960000,1.14337,1.14337,1.14337,1.14337
1783156020000,1.14337,1.14337,1.14337,1.14337
1783156080000,1.14337,1.14337,1.14337,1.14337
1783156140000,1.14337,1.14337,1.14337,1.14337
1783156200000,1.14337,1.14337,1.14337,1.14337
1783156260000,1.14337,1.14337,1.14337,1.14337
1783156320000,1.14337,1.14337,1.14337,1.14337
1783156380000,1.14337,1.14337,1.14337,1.14337
1783156440000,1.14337,1.14337,1.14337,1.14337
1783156500000,1.14337,1.14337,1.14337,1.14337
1783156560000,1.14337,1.14337,1.14337,1.14337
1783156620000,1.14337,1.14337,1.14337,1.14337
1783156680000,1.14337,1.14337,1.14337,1.14337
1783156740000,1.14337,1.14337,1.14337,1.14337
1783156800000,1.14337,1.14337,1.14337,1.14337
1783156860000,1.14337,1.14337,1.14337,1.14337
1783156920000,1.14337,1.14337,1.14337,1.14337
1783156980000,1.14337,1.14337,1.14337,1.14337
1783157040000,1.14337,1.14337,1.14337,1.14337
1783157100000,1.14337,1.14337,1.14337,1.14337
1783157160000,1.14337,1.14337,1.14337,1.14337
1783157220000,1.14337,1.14337,1.14337,1.14337
1783157280000,1.14337,1.14337,1.14337,1.14337
1783157340000,1.14337,1.14337,1.14337,1.14337
1783157400000,1.14337,1.14337,1.14337,1.14337
1783157460000,1.14337,1.14337,1.14337,1.14337
1783157520000,1.14337,1.14337,1.14337,1.14337
1783157580000,1.14337,1.14337,1.14337,1.14337
1783157640000,1.14337,1.14337,1.14337,1.14337
1783157700000,1.14337,1.14337,1.14337,1.14337
1783157760000,1.14337,1.14337,1.14337,1.14337
1783157820000,1.14337,1.14337,1.14337,1.14337
1783157880000,1.14337,1.14337,1.14337,1.14337
1783157940000,1.14337,1.14337,1.14337,1.14337
1783158000000,1.14337,1.14337,1.14337,1.14337
1783158060000,1.14337,1.14337,1.14337,1.14337
1783158120000,1.14337,1.14337,1.14337,1.14337
1783158180000,1.14337,1.14337,1.14337,1.14337
1783158240000,1.14337,1.14337,1.14337,1.14337
1783158300000,1.14337,1.14337,1.14337,1.14337
1783158360000,1.14337,1.14337,1.14337,1.14337
1783158420000,1.14337,1.14337,1.14337,1.14337
1783158480000,1.14337,1.14337,1.14337,1.14337
1783158540000,1.14337,1.14337,1.14337,1.14337
1783158600000,1.14337,1.14337,1.14337,1.14337
1783158660000,1.14337,1.14337,1.14337,1.14337
1783158720000,1.14337,1.14337,1.14337,1.14337
1783158780000,1.14337,1.14337,1.14337,1.14337
1783158840000,1.14337,1.14337,1.14337,1.14337
1783158900000,1.14337,1.14337,1.14337,1.14337
1783158960000,1.14337,1.14337,1.14337,1.14337
1783159020000,1.14337,1.14337,1.14337,1.14337
1783159080000,1.14337,1.14337,1.14337,1.14337
1783159140000,1.14337,1.14337,1.14337,1.14337
1783159200000,1.14337,1.14337,1.14337,1.14337
1783159260000,1.14337,1.14337,1.14337,1.14337
1783159320000,1.14337,1.14337,1.14337,1.14337
1783159380000,1.14337,1.14337,1.14337,1.14337
1783159440000,1.14337,1.14337,1.14337,1.14337
1783159500000,1.14337,1.14337,1.14337,1.14337
1783159560000,1.14337,1.14337,1.14337,1.14337
1783159620000,1.14337,1.14337,1.14337,1.14337
1783159680000,1.14337,1.14337,1.14337,1.14337
1783159740000,1.14337,1.14337,1.14337,1.14337
1783159800000,1.14337,1.14337,1.14337,1.14337
1783159860000,1.14337,1.14337,1.14337,1.14337
1783159920000,1.14337,1.14337,1.14337,1.14337
1783159980000,1.14337,1.14337,1.14337,1.14337
1783160040000,1.14337,1.14337,1.14337,1.14337
1783160100000,1.14337,1.14337,1.14337,1.14337
1783160160000,1.14337,1.14337,1.14337,1.14337
1783160220000,1.14337,1.14337,1.14337,1.14337
1783160280000,1.14337,1.14337,1.14337,1.14337
1783160340000,1.14337,1.14337,1.14337,1.14337
1783160400000,1.14337,1.14337,1.14337,1.14337
1783160460000,1.14337,1.14337,1.14337,1.14337
1783160520000,1.14337,1.14337,1.14337,1.14337
1783160580000,1.14337,1.14337,1.14337,1.14337
1783160640000,1.14337,1.14337,1.14337,1.14337
1783160700000,1.14337,1.14337,1.14337,1.14337
1783160760000,1.14337,1.14337,1.14337,1.14337
1783160820000,1.14337,1.14337,1.14337,1.14337
1783160880000,1.14337,1.14337,1.14337,1.14337
1783160940000,1.14337,1.14337,1.14337,1.14337
1783161000000,1.14337,1.14337,1.14337,1.14337
1783161060000,1.14337,1.14337,1.14337,1.14337
1783161120000,1.14337,1.14337,1.14337,1.14337
1783161180000,1.14337,1.14337,1.14337,1.14337
1783161240000,1.14337,1.14337,1.14337,1.14337
1783161300000,1.14337,1.14337,1.14337,1.14337
1783161360000,1.14337,1.14337,1.14337,1.14337
1783161420000,1.14337,1.14337,1.14337,1.14337
1783161480000,1.14337,1.14337,1.14337,1.14337
1783161540000,1.14337,1.14337,1.14337,1.14337
1783161600000,1.14337,1.14337,1.14337,1.14337
1783161660000,1.14337,1.14337,1.14337,1.14337
1783161720000,1.14337,1.14337,1.14337,1.14337
1783161780000,1.14337,1.14337,1.14337,1.14337
1783161840000,1.14337,1.14337,1.14337,1.14337
1783161900000,1.14337,1.14337,1.14337,1.14337
1783161960000,1.14337,1.14337,1.14337,1.14337
1783162020000,1.14337,1.14337,1.14337,1.14337
1783162080000,1.14337,1.14337,1.14337,1.14337
1783162140000,1.14337,1.14337,1.14337,1.14337
1783162200000,1.14337,1.14337,1.14337,1.14337
1783162260000,1.14337,1.14337,1.14337,1.14337
1783162320000,1.14337,1.14337,1.14337,1.14337
1783162380000,1.14337,1.14337,1.14337,1.14337
1783162440000,1.14337,1.14337,1.14337,1.14337
1783162500000,1.14337,1.14337,1.14337,1.14337
1783162560000,1.14337,1.14337,1.14337,1.14337
1783162620000,1.14337,1.14337,1.14337,1.14337
1783162680000,1.14337,1.14337,1.14337,1.14337
1783162740000,1.14337,1.14337,1.14337,1.14337
1783162800000,1.14337,1.14337,1.14337,1.14337
1783162860000,1.14337,1.14337,1.14337,1.14337
1783162920000,1.14337,1.14337,1.14337,1.14337
1783162980000,1.14337,1.14337,1.14337,1.14337
1783163040000,1.14337,1.14337,1.14337,1.14337
1783163100000,1.14337,1.14337,1.14337,1.14337
1783163160000,1.14337,1.14337,1.14337,1.14337
1783163220000,1.14337,1.14337,1.14337,1.14337
1783163280000,1.14337,1.14337,1.14337,1.14337
1783163340000,1.14337,1.14337,1.14337,1.14337
1783163400000,1.14337,1.14337,1.14337,1.14337
1783163460000,1.14337,1.14337,1.14337,1.14337
1783163520000,1.14337,1.14337,1.14337,1.14337
1783163580000,1.14337,1.14337,1.14337,1.14337
1783163640000,1.14337,1.14337,1.14337,1.14337
1783163700000,1.14337,1.14337,1.14337,1.14337
1783163760000,1.14337,1.14337,1.14337,1.14337
1783163820000,1.14337,1.14337,1.14337,1.14337
1783163880000,1.14337,1.14337,1.14337,1.14337
1783163940000,1.14337,1.14337,1.14337,1.14337
1783164000000,1.14337,1.14337,1.14337,1.14337
1783164060000,1.14337,1.14337,1.14337,1.14337
1783164120000,1.14337,1.14337,1.14337,1.14337
1783164180000,1.14337,1.14337,1.14337,1.14337
1783164240000,1.14337,1.14337,1.14337,1.14337
1783164300000,1.14337,1.14337,1.14337,1.14337
1783164360000,1.14337,1.14337,1.14337,1.14337
1783164420000,1.14337,1.14337,1.14337,1.14337
1783164480000,1.14337,1.14337,1.14337,1.14337
1783164540000,1.14337,1.14337,1.14337,1.14337
1783164600000,1.14337,1.14337,1.14337,1.14337
1783164660000,1.14337,1.14337,1.14337,1.14337
1783164720000,1.14337,1.14337,1.14337,1.14337
1783164780000,1.14337,1.14337,1.14337,1.14337
1783164840000,1.14337,1.14337,1.14337,1.14337
1783164900000,1.14337,1.14337,1.14337,1.14337
1783164960000,1.14337,1.14337,1.14337,1.14337
1783165020000,1.14337,1.14337,1.14337,1.14337
1783165080000,1.14337,1.14337,1.14337,1.14337
1783165140000,1.14337,1.14337,1.14337,1.14337
1783165200000,1.14337,1.14337,1.14337,1.14337
1783165260000,1.14337,1.14337,1.14337,1.14337
1783165320000,1.14337,1.14337,1.14337,1.14337
1783165380000,1.14337,1.14337,1.14337,1.14337
1783165440000,1.14337,1.14337,1.14337,1.14337
1783165500000,1.14337,1.14337,1.14337,1.14337
1783165560000,1.14337,1.14337,1.14337,1.14337
1783165620000,1.14337,1.14337,1.14337,1.14337
1783165680000,1.14337,1.14337,1.14337,1.14337
1783165740000,1.14337,1.14337,1.14337,1.14337
1783165800000,1.14337,1.14337,1.14337,1.14337
1783165860000,1.14337,1.14337,1.14337,1.14337
1783165920000,1.14337,1.14337,1.14337,1.14337
1783165980000,1.14337,1.14337,1.14337,1.14337
1783166040000,1.14337,1.14337,1.14337,1.14337
1783166100000,1.14337,1.14337,1.14337,1.14337
1783166160000,1.14337,1.14337,1.14337,1.14337
1783166220000,1.14337,1.14337,1.14337,1.14337
1783166280000,1.14337,1.14337,1.14337,1.14337
1783166340000,1.14337,1.14337,1.14337,1.14337
1783166400000,1.14337,1.14337,1.14337,1.14337
1783166460000,1.14337,1.14337,1.14337,1.14337
1783166520000,1.14337,1.14337,1.14337,1.14337
1783166580000,1.14337,1.14337,1.14337,1.14337
1783166640000,1.14337,1.14337,1.14337,1.14337
1783166700000,1.14337,1.14337,1.14337,1.14337
1783166760000,1.14337,1.14337,1.14337,1.14337
1783166820000,1.14337,1.14337,1.14337,1.14337
1783166880000,1.14337,1.14337,1.14337,1.14337
1783166940000,1.14337,1.14337,1.14337,1.14337
1783167000000,1.14337,1.14337,1.14337,1.14337
1783167060000,1.14337,1.14337,1.14337,1.14337
1783167120000,1.14337,1.14337,1.14337,1.14337
1783167180000,1.14337,1.14337,1.14337,1.14337
1783167240000,1.14337,1.14337,1.14337,1.14337
1783167300000,1.14337,1.14337,1.14337,1.14337
1783167360000,1.14337,1.14337,1.14337,1.14337
1783167420000,1.14337,1.14337,1.14337,1.14337
1783167480000,1.14337,1.14337,1.14337,1.14337
1783167540000,1.14337,1.14337,1.14337,1.14337
1783167600000,1.14337,1.14337,1.14337,1.14337
1783167660000,1.14337,1.14337,1.14337,1.14337
1783167720000,1.14337,1.14337,1.14337,1.14337
1783167780000,1.14337,1.14337,1.14337,1.14337
1783167840000,1.14337,1.14337,1.14337,1.14337
1783167900000,1.14337,1.14337,1.14337,1.14337
1783167960000,1.14337,1.14337,1.14337,1.14337
1783168020000,1.14337,1.14337,1.14337,1.14337
1783168080000,1.14337,1.14337,1.14337,1.14337
1783168140000,1.14337,1.14337,1.14337,1.14337
1783168200000,1.14337,1.14337,1.14337,1.14337
1783168260000,1.14337,1.14337,1.14337,1.14337
1783168320000,1.14337,1.14337,1.14337,1.14337
1783168380000,1.14337,1.14337,1.14337,1.14337
1783168440000,1.14337,1.14337,1.14337,1.14337
1783168500000,1.14337,1.14337,1.14337,1.14337
1783168560000,1.14337,1.14337,1.14337,1.14337
1783168620000,1.14337,1.14337,1.14337,1.14337
1783168680000,1.14337,1.14337,1.14337,1.14337
1783168740000,1.14337,1.14337,1.14337,1.14337
1783168800000,1.14337,1.14337,1.14337,1.14337
1783168860000,1.14337,1.14337,1.14337,1.14337
1783168920000,1.14337,1.14337,1.14337,1.14337
1783168980000,1.14337,1.14337,1.14337,1.14337
1783169040000,1.14337,1.14337,1.14337,1.14337
1783169100000,1.14337,1.14337,1.14337,1.14337
1783169160000,1.14337,1.14337,1.14337,1.14337
1783169220000,1.14337,1.14337,1.14337,1.14337
1783169280000,1.14337,1.14337,1.14337,1.14337
1783169340000,1.14337,1.14337,1.14337,1.14337
1783169400000,1.14337,1.14337,1.14337,1.14337
1783169460000,1.14337,1.14337,1.14337,1.14337
1783169520000,1.14337,1.14337,1.14337,1.14337
1783169580000,1.14337,1.14337,1.14337,1.14337
1783169640000,1.14337,1.14337,1.14337,1.14337
1783169700000,1.14337,1.14337,1.14337,1.14337
1783169760000,1.14337,1.14337,1.14337,1.14337
1783169820000,1.14337,1.14337,1.14337,1.14337
1783169880000,1.14337,1.14337,1.14337,1.14337
1783169940000,1.14337,1.14337,1.14337,1.14337
1783170000000,1.14337,1.14337,1.14337,1.14337
1783170060000,1.14337,1.14337,1.14337,1.14337
1783170120000,1.14337,1.14337,1.14337,1.14337
1783170180000,1.14337,1.14337,1.14337,1.14337
1783170240000,1.14337,1.14337,1.14337,1.14337
1783170300000,1.14337,1.14337,1.14337,1.14337
1783170360000,1.14337,1.14337,1.14337,1.14337
1783170420000,1.14337,1.14337,1.14337,1.14337
1783170480000,1.14337,1.14337,1.14337,1.14337
1783170540000,1.14337,1.14337,1.14337,1.14337
1783170600000,1.14337,1.14337,1.14337,1.14337
1783170660000,1.14337,1.14337,1.14337,1.14337
1783170720000,1.14337,1.14337,1.14337,1.14337
1783170780000,1.14337,1.14337,1.14337,1.14337
1783170840000,1.14337,1.14337,1.14337,1.14337
1783170900000,1.14337,1.14337,1.14337,1.14337
1783170960000,1.14337,1.14337,1.14337,1.14337
1783171020000,1.14337,1.14337,1.14337,1.14337
1783171080000,1.14337,1.14337,1.14337,1.14337
1783171140000,1.14337,1.14337,1.14337,1.14337
1783171200000,1.14337,1.14337,1.14337,1.14337
1783171260000,1.14337,1.14337,1.14337,1.14337
1783171320000,1.14337,1.14337,1.14337,1.14337
1783171380000,1.14337,1.14337,1.14337,1.14337
1783171440000,1.14337,1.14337,1.14337,1.14337
1783171500000,1.14337,1.14337,1.14337,1.14337
1783171560000,1.14337,1.14337,1.14337,1.14337
1783171620000,1.14337,1.14337,1.14337,1.14337
1783171680000,1.14337,1.14337,1.14337,1.14337
1783171740000,1.14337,1.14337,1.14337,1.14337
1783171800000,1.14337,1.14337,1.14337,1.14337
1783171860000,1.14337,1.14337,1.14337,1.14337
1783171920000,1.14337,1.14337,1.14337,1.14337
1783171980000,1.14337,1.14337,1.14337,1.14337
1783172040000,1.14337,1.14337,1.14337,1.14337
1783172100000,1.14337,1.14337,1.14337,1.14337
1783172160000,1.14337,1.14337,1.14337,1.14337
1783172220000,1.14337,1.14337,1.14337,1.14337
1783172280000,1.14337,1.14337,1.14337,1.14337
1783172340000,1.14337,1.14337,1.14337,1.14337
1783172400000,1.14337,1.14337,1.14337,1.14337
1783172460000,1.14337,1.14337,1.14337,1.14337
1783172520000,1.14337,1.14337,1.14337,1.14337
1783172580000,1.14337,1.14337,1.14337,1.14337
1783172640000,1.14337,1.14337,1.14337,1.14337
1783172700000,1.14337,1.14337,1.14337,1.14337
1783172760000,1.14337,1.14337,1.14337,1.14337
1783172820000,1.14337,1.14337,1.14337,1.14337
1783172880000,1.14337,1.14337,1.14337,1.14337
1783172940000,1.14337,1.14337,1.14337,1.14337
1783173000000,1.14337,1.14337,1.14337,1.14337
1783173060000,1.14337,1.14337,1.14337,1.14337
1783173120000,1.14337,1.14337,1.14337,1.14337
1783173180000,1.14337,1.14337,1.14337,1.14337
1783173240000,1.14337,1.14337,1.14337,1.14337
1783173300000,1.14337,1.14337,1.14337,1.14337
1783173360000,1.14337,1.14337,1.14337,1.14337
1783173420000,1.14337,1.14337,1.14337,1.14337
1783173480000,1.14337,1.14337,1.14337,1.14337
1783173540000,1.14337,1.14337,1.14337,1.14337
1783173600000,1.14337,1.14337,1.14337,1.14337
1783173660000,1.14337,1.14337,1.14337,1.14337
1783173720000,1.14337,1.14337,1.14337,1.14337
1783173780000,1.14337,1.14337,1.14337,1.14337
1783173840000,1.14337,1.14337,1.14337,1.14337
1783173900000,1.14337,1.14337,1.14337,1.14337
1783173960000,1.14337,1.14337,1.14337,1.14337
1783174020000,1.14337,1.14337,1.14337,1.14337
1783174080000,1.14337,1.14337,1.14337,1.14337
1783174140000,1.14337,1.14337,1.14337,1.14337
1783174200000,1.14337,1.14337,1.14337,1.14337
1783174260000,1.14337,1.14337,1.14337,1.14337
1783174320000,1.14337,1.14337,1.14337,1.14337
1783174380000,1.14337,1.14337,1.14337,1.14337
1783174440000,1.14337,1.14337,1.14337,1.14337
1783174500000,1.14337,1.14337,1.14337,1.14337
1783174560000,1.14337,1.14337,1.14337,1.14337
1783174620000,1.14337,1.14337,1.14337,1.14337
1783174680000,1.14337,1.14337,1.14337,1.14337
1783174740000,1.14337,1.14337,1.14337,1.14337
1783174800000,1.14337,1.14337,1.14337,1.14337
1783174860000,1.14337,1.14337,1.14337,1.14337
1783174920000,1.14337,1.14337,1.14337,1.14337
1783174980000,1.14337,1.14337,1.14337,1.14337
1783175040000,1.14337,1.14337,1.14337,1.14337
1783175100000,1.14337,1.14337,1.14337,1.14337
1783175160000,1.14337,1.14337,1.14337,1.14337
1783175220000,1.14337,1.14337,1.14337,1.14337
1783175280000,1.14337,1.14337,1.14337,1.14337
1783175340000,1.14337,1.14337,1.14337,1.14337
1783175400000,1.14337,1.14337,1.14337,1.14337
1783175460000,1.14337,1.14337,1.14337,1.14337
1783175520000,1.14337,1.14337,1.14337,1.14337
1783175580000,1.14337,1.14337,1.14337,1.14337
1783175640000,1.14337,1.14337,1.14337,1.14337
1783175700000,1.14337,1.14337,1.14337,1.14337
1783175760000,1.14337,1.14337,1.14337,1.14337
1783175820000,1.14337,1.14337,1.14337,1.14337
1783175880000,1.14337,1.14337,1.14337,1.14337
1783175940000,1.14337,1.14337,1.14337,1.14337
1783176000000,1.14337,1.14337,1.14337,1.14337
1783176060000,1.14337,1.14337,1.14337,1.14337
1783176120000,1.14337,1.14337,1.14337,1.14337
1783176180000,1.14337,1.14337,1.14337,1.14337
1783176240000,1.14337,1.14337,1.14337,1.14337
1783176300000,1.14337,1.14337,1.14337,1.14337
1783176360000,1.14337,1.14337,1.14337,1.14337
1783176420000,1.14337,1.14337,1.14337,1.14337
1783176480000,1.14337,1.14337,1.14337,1.14337
1783176540000,1.14337,1.14337,1.14337,1.14337
1783176600000,1.14337,1.14337,1.14337,1.14337
1783176660000,1.14337,1.14337,1.14337,1.14337
1783176720000,1.14337,1.14337,1.14337,1.14337
1783176780000,1.14337,1.14337,1.14337,1.14337
1783176840000,1.14337,1.14337,1.14337,1.14337
1783176900000,1.14337,1.14337,1.14337,1.14337
1783176960000,1.14337,1.14337,1.14337,1.14337
1783177020000,1.14337,1.14337,1.14337,1.14337
1783177080000,1.14337,1.14337,1.14337,1.14337
1783177140000,1.14337,1.14337,1.14337,1.14337
1783177200000,1.14337,1.14337,1.14337,1.14337
1783177260000,1.14337,1.14337,1.14337,1.14337
1783177320000,1.14337,1.14337,1.14337,1.14337
1783177380000,1.14337,1.14337,1.14337,1.14337
1783177440000,1.14337,1.14337,1.14337,1.14337
1783177500000,1.14337,1.14337,1.14337,1.14337
1783177560000,1.14337,1.14337,1.14337,1.14337
1783177620000,1.14337,1.14337,1.14337,1.14337
1783177680000,1.14337,1.14337,1.14337,1.14337
1783177740000,1.14337,1.14337,1.14337,1.14337
1783177800000,1.14337,1.14337,1.14337,1.14337
1783177860000,1.14337,1.14337,1.14337,1.14337
1783177920000,1.14337,1.14337,1.14337,1.14337
1783177980000,1.14337,1.14337,1.14337,1.14337
1783178040000,1.14337,1.14337,1.14337,1.14337
1783178100000,1.14337,1.14337,1.14337,1.14337
1783178160000,1.14337,1.14337,1.14337,1.14337
1783178220000,1.14337,1.14337,1.14337,1.14337
1783178280000,1.14337,1.14337,1.14337,1.14337
1783178340000,1.14337,1.14337,1.14337,1.14337
1783178400000,1.14337,1.14337,1.14337,1.14337
1783178460000,1.14337,1.14337,1.14337,1.14337
1783178520000,1.14337,1.14337,1.14337,1.14337
1783178580000,1.14337,1.14337,1.14337,1.14337
1783178640000,1.14337,1.14337,1.14337,1.14337
1783178700000,1.14337,1.14337,1.14337,1.14337
1783178760000,1.14337,1.14337,1.14337,1.14337
1783178820000,1.14337,1.14337,1.14337,1.14337
1783178880000,1.14337,1.14337,1.14337,1.14337
1783178940000,1.14337,1.14337,1.14337,1.14337
1783179000000,1.14337,1.14337,1.14337,1.14337
1783179060000,1.14337,1.14337,1.14337,1.14337
1783179120000,1.14337,1.14337,1.14337,1.14337
1783179180000,1.14337,1.14337,1.14337,1.14337
1783179240000,1.14337,1.14337,1.14337,1.14337
1783179300000,1.14337,1.14337,1.14337,1.14337
1783179360000,1.14337,1.14337,1.14337,1.14337
1783179420000,1.14337,1.14337,1.14337,1.14337
1783179480000,1.14337,1.14337,1.14337,1.14337
1783179540000,1.14337,1.14337,1.14337,1.14337
1783179600000,1.14337,1.14337,1.14337,1.14337
1783179660000,1.14337,1.14337,1.14337,1.14337
1783179720000,1.14337,1.14337,1.14337,1.14337
1783179780000,1.14337,1.14337,1.14337,1.14337
1783179840000,1.14337,1.14337,1.14337,1.14337
1783179900000,1.14337,1.14337,1.14337,1.14337
1783179960000,1.14337,1.14337,1.14337,1.14337
1783180020000,1.14337,1.14337,1.14337,1.14337
1783180080000,1.14337,1.14337,1.14337,1.14337
1783180140000,1.14337,1.14337,1.14337,1.14337
1783180200000,1.14337,1.14337,1.14337,1.14337
1783180260000,1.14337,1.14337,1.14337,1.14337
1783180320000,1.14337,1.14337,1.14337,1.14337
1783180380000,1.14337,1.14337,1.14337,1.14337
1783180440000,1.14337,1.14337,1.14337,1.14337
1783180500000,1.14337,1.14337,1.14337,1.14337
1783180560000,1.14337,1.14337,1.14337,1.14337
1783180620000,1.14337,1.14337,1.14337,1.14337
1783180680000,1.14337,1.14337,1.14337,1.14337
1783180740000,1.14337,1.14337,1.14337,1.14337
1783180800000,1.14337,1.14337,1.14337,1.14337
1783180860000,1.14337,1.14337,1.14337,1.14337
1783180920000,1.14337,1.14337,1.14337,1.14337
1783180980000,1.14337,1.14337,1.14337,1.14337
1783181040000,1.14337,1.14337,1.14337,1.14337
1783181100000,1.14337,1.14337,1.14337,1.14337
1783181160000,1.14337,1.14337,1.14337,1.14337
1783181220000,1.14337,1.14337,1.14337,1.14337
1783181280000,1.14337,1.14337,1.14337,1.14337
1783181340000,1.14337,1.14337,1.14337,1.14337
1783181400000,1.14337,1.14337,1.14337,1.14337
1783181460000,1.14337,1.14337,1.14337,1.14337
1783181520000,1.14337,1.14337,1.14337,1.14337
1783181580000,1.14337,1.14337,1.14337,1.14337
1783181640000,1.14337,1.14337,1.14337,1.14337
1783181700000,1.14337,1.14337,1.14337,1.14337
1783181760000,1.14337,1.14337,1.14337,1.14337
1783181820000,1.14337,1.14337,1.14337,1.14337
1783181880000,1.14337,1.14337,1.14337,1.14337
1783181940000,1.14337,1.14337,1.14337,1.14337
1783182000000,1.14337,1.14337,1.14337,1.14337
1783182060000,1.14337,1.14337,1.14337,1.14337
1783182120000,1.14337,1.14337,1.14337,1.14337
1783182180000,1.14337,1.14337,1.14337,1.14337
1783182240000,1.14337,1.14337,1.14337,1.14337
1783182300000,1.14337,1.14337,1.14337,1.14337
1783182360000,1.14337,1.14337,1.14337,1.14337
1783182420000,1.14337,1.14337,1.14337,1.14337
1783182480000,1.14337,1.14337,1.14337,1.14337
1783182540000,1.14337,1.14337,1.14337,1.14337
1783182600000,1.14337,1.14337,1.14337,1.14337
1783182660000,1.14337,1.14337,1.14337,1.14337
1783182720000,1.14337,1.14337,1.14337,1.14337
1783182780000,1.14337,1.14337,1.14337,1.14337
1783182840000,1.14337,1.14337,1.14337,1.14337
1783182900000,1.14337,1.14337,1.14337,1.14337
1783182960000,1.14337,1.14337,1.14337,1.14337
1783183020000,1.14337,1.14337,1.14337,1.14337
1783183080000,1.14337,1.14337,1.14337,1.14337
1783183140000,1.14337,1.14337,1.14337,1.14337
1783183200000,1.14337,1.14337,1.14337,1.14337
1783183260000,1.14337,1.14337,1.14337,1.14337
1783183320000,1.14337,1.14337,1.14337,1.14337
1783183380000,1.14337,1.14337,1.14337,1.14337
1783183440000,1.14337,1.14337,1.14337,1.14337
1783183500000,1.14337,1.14337,1.14337,1.14337
1783183560000,1.14337,1.14337,1.14337,1.14337
1783183620000,1.14337,1.14337,1.14337,1.14337
1783183680000,1.14337,1.14337,1.14337,1.14337
1783183740000,1.14337,1.14337,1.14337,1.14337
1783183800000,1.14337,1.14337,1.14337,1.14337
1783183860000,1.14337,1.14337,1.14337,1.14337
1783183920000,1.14337,1.14337,1.14337,1.14337
1783183980000,1.14337,1.14337,1.14337,1.14337
1783184040000,1.14337,1.14337,1.14337,1.14337
1783184100000,1.14337,1.14337,1.14337,1.14337
1783184160000,1.14337,1.14337,1.14337,1.14337
1783184220000,1.14337,1.14337,1.14337,1.14337
1783184280000,1.14337,1.14337,1.14337,1.14337
1783184340000,1.14337,1.14337,1.14337,1.14337
1783184400000,1.14337,1.14337,1.14337,1.14337
1783184460000,1.14337,1.14337,1.14337,1.14337
1783184520000,1.14337,1.14337,1.14337,1.14337
1783184580000,1.14337,1.14337,1.14337,1.14337
1783184640000,1.14337,1.14337,1.14337,1.14337
1783184700000,1.14337,1.14337,1.14337,1.14337
1783184760000,1.14337,1.14337,1.14337,1.14337
1783184820000,1.14337,1.14337,1.14337,1.14337
1783184880000,1.14337,1.14337,1.14337,1.14337
1783184940000,1.14337,1.14337,1.14337,1.14337
1783185000000,1.14337,1.14337,1.14337,1.14337
1783185060000,1.14337,1.14337,1.14337,1.14337
1783185120000,1.14337,1.14337,1.14337,1.14337
1783185180000,1.14337,1.14337,1.14337,1.14337
1783185240000,1.14337,1.14337,1.14337,1.14337
1783185300000,1.14337,1.14337,1.14337,1.14337
1783185360000,1.14337,1.14337,1.14337,1.14337
1783185420000,1.14337,1.14337,1.14337,1.14337
1783185480000,1.14337,1.14337,1.14337,1.14337
1783185540000,1.14337,1.14337,1.14337,1.14337
1783185600000,1.14337,1.14337,1.14337,1.14337
1783185660000,1.14337,1.14337,1.14337,1.14337
1783185720000,1.14337,1.14337,1.14337,1.14337
1783185780000,1.14337,1.14337,1.14337,1.14337
1783185840000,1.14337,1.14337,1.14337,1.14337
1783185900000,1.14337,1.14337,1.14337,1.14337
1783185960000,1.14337,1.14337,1.14337,1.14337
1783186020000,1.14337,1.14337,1.14337,1.14337
1783186080000,1.14337,1.14337,1.14337,1.14337
1783186140000,1.14337,1.14337,1.14337,1.14337
1783186200000,1.14337,1.14337,1.14337,1.14337
1783186260000,1.14337,1.14337,1.14337,1.14337
1783186320000,1.14337,1.14337,1.14337,1.14337
1783186380000,1.14337,1.14337,1.14337,1.14337
1783186440000,1.14337,1.14337,1.14337,1.14337
1783186500000,1.14337,1.14337,1.14337,1.14337
1783186560000,1.14337,1.14337,1.14337,1.14337
1783186620000,1.14337,1.14337,1.14337,1.14337
1783186680000,1.14337,1.14337,1.14337,1.14337
1783186740000,1.14337,1.14337,1.14337,1.14337
1783186800000,1.14337,1.14337,1.14337,1.14337
1783186860000,1.14337,1.14337,1.14337,1.14337
1783186920000,1.14337,1.14337,1.14337,1.14337
1783186980000,1.14337,1.14337,1.14337,1.14337
1783187040000,1.14337,1.14337,1.14337,1.14337
1783187100000,1.14337,1.14337,1.14337,1.14337
1783187160000,1.14337,1.14337,1.14337,1.14337
1783187220000,1.14337,1.14337,1.14337,1.14337
1783187280000,1.14337,1.14337,1.14337,1.14337
1783187340000,1.14337,1.14337,1.14337,1.14337
1783187400000,1.14337,1.14337,1.14337,1.14337
1783187460000,1.14337,1.14337,1.14337,1.14337
1783187520000,1.14337,1.14337,1.14337,1.14337
1783187580000,1.14337,1.14337,1.14337,1.14337
1783187640000,1.14337,1.14337,1.14337,1.14337
1783187700000,1.14337,1.14337,1.14337,1.14337
1783187760000,1.14337,1.14337,1.14337,1.14337
1783187820000,1.14337,1.14337,1.14337,1.14337
1783187880000,1.14337,1.14337,1.14337,1.14337
1783187940000,1.14337,1.14337,1.14337,1.14337
1783188000000,1.14337,1.14337,1.14337,1.14337
1783188060000,1.14337,1.14337,1.14337,1.14337
1783188120000,1.14337,1.14337,1.14337,1.14337
1783188180000,1.14337,1.14337,1.14337,1.14337
1783188240000,1.14337,1.14337,1.14337,1.14337
1783188300000,1.14337,1.14337,1.14337,1.14337
1783188360000,1.14337,1.14337,1.14337,1.14337
1783188420000,1.14337,1.14337,1.14337,1.14337
1783188480000,1.14337,1.14337,1.14337,1.14337
1783188540000,1.14337,1.14337,1.14337,1.14337
1783188600000,1.14337,1.14337,1.14337,1.14337
1783188660000,1.14337,1.14337,1.14337,1.14337
1783188720000,1.14337,1.14337,1.14337,1.14337
1783188780000,1.14337,1.14337,1.14337,1.14337
1783188840000,1.14337,1.14337,1.14337,1.14337
1783188900000,1.14337,1.14337,1.14337,1.14337
1783188960000,1.14337,1.14337,1.14337,1.14337
1783189020000,1.14337,1.14337,1.14337,1.14337
1783189080000,1.14337,1.14337,1.14337,1.14337
1783189140000,1.14337,1.14337,1.14337,1.14337
1783189200000,1.14337,1.14337,1.14337,1.14337
1783189260000,1.14337,1.14337,1.14337,1.14337
1783189320000,1.14337,1.14337,1.14337,1.14337
1783189380000,1.14337,1.14337,1.14337,1.14337
1783189440000,1.14337,1.14337,1.14337,1.14337
1783189500000,1.14337,1.14337,1.14337,1.14337
1783189560000,1.14337,1.14337,1.14337,1.14337
1783189620000,1.14337,1.14337,1.14337,1.14337
1783189680000,1.14337,1.14337,1.14337,1.14337
1783189740000,1.14337,1.14337,1.14337,1.14337
1783189800000,1.14337,1.14337,1.14337,1.14337
1783189860000,1.14337,1.14337,1.14337,1.14337
1783189920000,1.14337,1.14337,1.14337,1.14337
1783189980000,1.14337,1.14337,1.14337,1.14337
1783190040000,1.14337,1.14337,1.14337,1.14337
1783190100000,1.14337,1.14337,1.14337,1.14337
1783190160000,1.14337,1.14337,1.14337,1.14337
1783190220000,1.14337,1.14337,1.14337,1.14337
1783190280000,1.14337,1.14337,1.14337,1.14337
1783190340000,1.14337,1.14337,1.14337,1.14337
1783190400000,1.14337,1.14337,1.14337,1.14337
1783190460000,1.14337,1.14337,1.14337,1.14337
1783190520000,1.14337,1.14337,1.14337,1.14337
1783190580000,1.14337,1.14337,1.14337,1.14337
1783190640000,1.14337,1.14337,1.14337,1.14337
1783190700000,1.14337,1.14337,1.14337,1.14337
1783190760000,1.14337,1.14337,1.14337,1.14337
1783190820000,1.14337,1.14337,1.14337,1.14337
1783190880000,1.14337,1.14337,1.14337,1.14337
1783190940000,1.14337,1.14337,1.14337,1.14337
1783191000000,1.14337,1.14337,1.14337,1.14337
1783191060000,1.14337,1.14337,1.14337,1.14337
1783191120000,1.14337,1.14337,1.14337,1.14337
1783191180000,1.14337,1.14337,1.14337,1.14337
1783191240000,1.14337,1.14337,1.14337,1.14337
1783191300000,1.14337,1.14337,1.14337,1.14337
1783191360000,1.14337,1.14337,1.14337,1.14337
1783191420000,1.14337,1.14337,1.14337,1.14337
1783191480000,1.14337,1.14337,1.14337,1.14337
1783191540000,1.14337,1.14337,1.14337,1.14337
1783191600000,1.14337,1.14337,1.14337,1.14337
1783191660000,1.14337,1.14337,1.14337,1.14337
1783191720000,1.14337,1.14337,1.14337,1.14337
1783191780000,1.14337,1.14337,1.14337,1.14337
1783191840000,1.14337,1.14337,1.14337,1.14337
1783191900000,1.14337,1.14337,1.14337,1.14337
1783191960000,1.14337,1.14337,1.14337,1.14337
1783192020000,1.14337,1.14337,1.14337,1.14337
1783192080000,1.14337,1.14337,1.14337,1.14337
1783192140000,1.14337,1.14337,1.14337,1.14337
1783192200000,1.14337,1.14337,1.14337,1.14337
1783192260000,1.14337,1.14337,1.14337,1.14337
1783192320000,1.14337,1.14337,1.14337,1.14337
1783192380000,1.14337,1.14337,1.14337,1.14337
1783192440000,1.14337,1.14337,1.14337,1.14337
1783192500000,1.14337,1.14337,1.14337,1.14337
1783192560000,1.14337,1.14337,1.14337,1.14337
1783192620000,1.14337,1.14337,1.14337,1.14337
1783192680000,1.14337,1.14337,1.14337,1.14337
1783192740000,1.14337,1.14337,1.14337,1.14337
1783192800000,1.14337,1.14337,1.14337,1.14337
1783192860000,1.14337,1.14337,1.14337,1.14337
1783192920000,1.14337,1.14337,1.14337,1.14337
1783192980000,1.14337,1.14337,1.14337,1.14337
1783193040000,1.14337,1.14337,1.14337,1.14337
1783193100000,1.14337,1.14337,1.14337,1.14337
1783193160000,1.14337,1.14337,1.14337,1.14337
1783193220000,1.14337,1.14337,1.14337,1.14337
1783193280000,1.14337,1.14337,1.14337,1.14337
1783193340000,1.14337,1.14337,1.14337,1.14337
1783193400000,1.14337,1.14337,1.14337,1.14337
1783193460000,1.14337,1.14337,1.14337,1.14337
1783193520000,1.14337,1.14337,1.14337,1.14337
1783193580000,1.14337,1.14337,1.14337,1.14337
1783193640000,1.14337,1.14337,1.14337,1.14337
1783193700000,1.14337,1.14337,1.14337,1.14337
1783193760000,1.14337,1.14337,1.14337,1.14337
1783193820000,1.14337,1.14337,1.14337,1.14337
1783193880000,1.14337,1.14337,1.14337,1.14337
1783193940000,1.14337,1.14337,1.14337,1.14337
1783194000000,1.14337,1.14337,1.14337,1.14337
1783194060000,1.14337,1.14337,1.14337,1.14337
1783194120000,1.14337,1.14337,1.14337,1.14337
1783194180000,1.14337,1.14337,1.14337,1.14337
1783194240000,1.14337,1.14337,1.14337,1.14337
1783194300000,1.14337,1.14337,1.14337,1.14337
1783194360000,1.14337,1.14337,1.14337,1.14337
1783194420000,1.14337,1.14337,1.14337,1.14337
1783194480000,1.14337,1.14337,1.14337,1.14337
1783194540000,1.14337,1.14337,1.14337,1.14337
1783194600000,1.14337,1.14337,1.14337,1.14337
1783194660000,1.14337,1.14337,1.14337,1.14337
1783194720000,1.14337,1.14337,1.14337,1.14337
1783194780000,1.14337,1.14337,1.14337,1.14337
1783194840000,1.14337,1.14337,1.14337,1.14337
1783194900000,1.14337,1.14337,1.14337,1.14337
1783194960000,1.14337,1.14337,1.14337,1.14337
1783195020000,1.14337,1.14337,1.14337,1.14337
1783195080000,1.14337,1.14337,1.14337,1.14337
1783195140000,1.14337,1.14337,1.14337,1.14337
1783195200000,1.14337,1.14337,1.14337,1.14337
1783195260000,1.14337,1.14337,1.14337,1.14337
1783195320000,1.14337,1.14337,1.14337,1.14337
1783195380000,1.14337,1.14337,1.14337,1.14337
1783195440000,1.14337,1.14337,1.14337,1.14337
1783195500000,1.14337,1.14337,1.14337,1.14337
1783195560000,1.14337,1.14337,1.14337,1.14337
1783195620000,1.14337,1.14337,1.14337,1.14337
1783195680000,1.14337,1.14337,1.14337,1.14337
1783195740000,1.14337,1.14337,1.14337,1.14337
1783195800000,1.14337,1.14337,1.14337,1.14337
1783195860000,1.14337,1.14337,1.14337,1.14337
1783195920000,1.14337,1.14337,1.14337,1.14337
1783195980000,1.14337,1.14337,1.14337,1.14337
1783196040000,1.14337,1.14337,1.14337,1.14337
1783196100000,1.14337,1.14337,1.14337,1.14337
1783196160000,1.14337,1.14337,1.14337,1.14337
1783196220000,1.14337,1.14337,1.14337,1.14337
1783196280000,1.14337,1.14337,1.14337,1.14337
1783196340000,1.14337,1.14337,1.14337,1.14337
1783196400000,1.14337,1.14337,1.14337,1.14337
1783196460000,1.14337,1.14337,1.14337,1.14337
1783196520000,1.14337,1.14337,1.14337,1.14337
1783196580000,1.14337,1.14337,1.14337,1.14337
1783196640000,1.14337,1.14337,1.14337,1.14337
1783196700000,1.14337,1.14337,1.14337,1.14337
1783196760000,1.14337,1.14337,1.14337,1.14337
1783196820000,1.14337,1.14337,1.14337,1.14337
1783196880000,1.14337,1.14337,1.14337,1.14337
1783196940000,1.14337,1.14337,1.14337,1.14337
1783197000000,1.14337,1.14337,1.14337,1.14337
1783197060000,1.14337,1.14337,1.14337,1.14337
1783197120000,1.14337,1.14337,1.14337,1.14337
1783197180000,1.14337,1.14337,1.14337,1.14337
1783197240000,1.14337,1.14337,1.14337,1.14337
1783197300000,1.14337,1.14337,1.14337,1.14337
1783197360000,1.14337,1.14337,1.14337,1.14337
1783197420000,1.14337,1.14337,1.14337,1.14337
1783197480000,1.14337,1.14337,1.14337,1.14337
1783197540000,1.14337,1.14337,1.14337,1.14337
1783197600000,1.14337,1.14337,1.14337,1.14337
1783197660000,1.14337,1.14337,1.14337,1.14337
1783197720000,1.14337,1.14337,1.14337,1.14337
1783197780000,1.14337,1.14337,1.14337,1.14337
1783197840000,1.14337,1.14337,1.14337,1.14337
1783197900000,1.14337,1.14337,1.14337,1.14337
1783197960000,1.14337,1.14337,1.14337,1.14337
1783198020000,1.14337,1.14337,1.14337,1.14337
1783198080000,1.14337,1.14337,1.14337,1.14337
1783198140000,1.14337,1.14337,1.14337,1.14337
1783198200000,1.14337,1.14337,1.14337,1.14337
1783198260000,1.14337,1.14337,1.14337,1.14337
1783198320000,1.14337,1.14337,1.14337,1.14337
1783198380000,1.14337,1.14337,1.14337,1.14337
1783198440000,1.14337,1.14337,1.14337,1.14337
1783198500000,1.14337,1.14337,1.14337,1.14337
1783198560000,1.14337,1.14337,1.14337,1.14337
1783198620000,1.14337,1.14337,1.14337,1.14337
1783198680000,1.14337,1.14337,1.14337,1.14337
1783198740000,1.14337,1.14337,1.14337,1.14337
1783198800000,1.14337,1.14337,1.14337,1.14337
1783198860000,1.14337,1.14337,1.14337,1.14337
1783198920000,1.14337,1.14337,1.14337,1.14337
1783198980000,1.14337,1.14337,1.14337,1.14337
1783199040000,1.14337,1.14337,1.14337,1.14337
1783199100000,1.14337,1.14337,1.14337,1.14337
1783199160000,1.14337,1.14337,1.14337,1.14337
1783199220000,1.14337,1.14337,1.14337,1.14337
1783199280000,1.14337,1.14337,1.14337,1.14337
1783199340000,1.14337,1.14337,1.14337,1.14337
1783199400000,1.14337,1.14337,1.14337,1.14337
1783199460000,1.14337,1.14337,1.14337,1.14337
1783199520000,1.14337,1.14337,1.14337,1.14337
1783199580000,1.14337,1.14337,1.14337,1.14337
1783199640000,1.14337,1.14337,1.14337,1.14337
1783199700000,1.14337,1.14337,1.14337,1.14337
1783199760000,1.14337,1.14337,1.14337,1.14337
1783199820000,1.14337,1.14337,1.14337,1.14337
1783199880000,1.14337,1.14337,1.14337,1.14337
1783199940000,1.14337,1.14337,1.14337,1.14337
1783200000000,1.14337,1.14337,1.14337,1.14337
1783200060000,1.14337,1.14337,1.14337,1.14337
1783200120000,1.14337,1.14337,1.14337,1.14337
1783200180000,1.14337,1.14337,1.14337,1.14337
1783200240000,1.14337,1.14337,1.14337,1.14337
1783200300000,1.14337,1.14337,1.14337,1.14337
1783200360000,1.14337,1.14337,1.14337,1.14337
1783200420000,1.14337,1.14337,1.14337,1.14337
1783200480000,1.14337,1.14337,1.14337,1.14337
1783200540000,1.14337,1.14337,1.14337,1.14337
1783200600000,1.14337,1.14337,1.14337,1.14337
1783200660000,1.14337,1.14337,1.14337,1.14337
1783200720000,1.14337,1.14337,1.14337,1.14337
1783200780000,1.14337,1.14337,1.14337,1.14337
1783200840000,1.14337,1.14337,1.14337,1.14337
1783200900000,1.14337,1.14337,1.14337,1.14337
1783200960000,1.14337,1.14337,1.14337,1.14337
1783201020000,1.14337,1.14337,1.14337,1.14337
1783201080000,1.14337,1.14337,1.14337,1.14337
1783201140000,1.14337,1.14337,1.14337,1.14337
1783201200000,1.14337,1.14337,1.14337,1.14337
1783201260000,1.14337,1.14337,1.14337,1.14337
1783201320000,1.14337,1.14337,1.14337,1.14337
1783201380000,1.14337,1.14337,1.14337,1.14337
1783201440000,1.14337,1.14337,1.14337,1.14337
1783201500000,1.14337,1.14337,1.14337,1.14337
1783201560000,1.14337,1.14337,1.14337,1.14337
1783201620000,1.14337,1.14337,1.14337,1.14337
1783201680000,1.14337,1.14337,1.14337,1.14337
1783201740000,1.14337,1.14337,1.14337,1.14337
1783201800000,1.14337,1.14337,1.14337,1.14337
1783201860000,1.14337,1.14337,1.14337,1.14337
1783201920000,1.14337,1.14337,1.14337,1.14337
1783201980000,1.14337,1.14337,1.14337,1.14337
1783202040000,1.14337,1.14337,1.14337,1.14337
1783202100000,1.14337,1.14337,1.14337,1.14337
1783202160000,1.14337,1.14337,1.14337,1.14337
1783202220000,1.14337,1.14337,1.14337,1.14337
1783202280000,1.14337,1.14337,1.14337,1.14337
1783202340000,1.14337,1.14337,1.14337,1.14337
1783202400000,1.14337,1.14337,1.14337,1.14337
1783202460000,1.14337,1.14337,1.14337,1.14337
1783202520000,1.14337,1.14337,1.14337,1.14337
1783202580000,1.14337,1.14337,1.14337,1.14337
1783202640000,1.14337,1.14337,1.14337,1.14337
1783202700000,1.14337,1.14337,1.14337,1.14337
1783202760000,1.14337,1.14337,1.14337,1.14337
1783202820000,1.14337,1.14337,1.14337,1.14337
1783202880000,1.14337,1.14337,1.14337,1.14337
1783202940000,1.14337,1.14337,1.14337,1.14337
1783203000000,1.14337,1.14337,1.14337,1.14337
1783203060000,1.14337,1.14337,1.14337,1.14337
1783203120000,1.14337,1.14337,1.14337,1.14337
1783203180000,1.14337,1.14337,1.14337,1.14337
1783203240000,1.14337,1.14337,1.14337,1.14337
1783203300000,1.14337,1.14337,1.14337,1.14337
1783203360000,1.14337,1.14337,1.14337,1.14337
1783203420000,1.14337,1.14337,1.14337,1.14337
1783203480000,1.14337,1.14337,1.14337,1.14337
1783203540000,1.14337,1.14337,1.14337,1.14337
1783203600000,1.14337,1.14337,1.14337,1.14337
1783203660000,1.14337,1.14337,1.14337,1.14337
1783203720000,1.14337,1.14337,1.14337,1.14337
1783203780000,1.14337,1.14337,1.14337,1.14337
1783203840000,1.14337,1.14337,1.14337,1.14337
1783203900000,1.14337,1.14337,1.14337,1.14337
1783203960000,1.14337,1.14337,1.14337,1.14337
1783204020000,1.14337,1.14337,1.14337,1.14337
1783204080000,1.14337,1.14337,1.14337,1.14337
1783204140000,1.14337,1.14337,1.14337,1.14337
1783204200000,1.14337,1.14337,1.14337,1.14337
1783204260000,1.14337,1.14337,1.14337,1.14337
1783204320000,1.14337,1.14337,1.14337,1.14337
1783204380000,1.14337,1.14337,1.14337,1.14337
1783204440000,1.14337,1.14337,1.14337,1.14337
1783204500000,1.14337,1.14337,1.14337,1.14337
1783204560000,1.14337,1.14337,1.14337,1.14337
1783204620000,1.14337,1.14337,1.14337,1.14337
1783204680000,1.14337,1.14337,1.14337,1.14337
1783204740000,1.14337,1.14337,1.14337,1.14337
1783204800000,1.14337,1.14337,1.14337,1.14337
1783204860000,1.14337,1.14337,1.14337,1.14337
1783204920000,1.14337,1.14337,1.14337,1.14337
1783204980000,1.14337,1.14337,1.14337,1.14337
1783205040000,1.14337,1.14337,1.14337,1.14337
1783205100000,1.14337,1.14337,1.14337,1.14337
1783205160000,1.14337,1.14337,1.14337,1.14337
1783205220000,1.14337,1.14337,1.14337,1.14337
1783205280000,1.14337,1.14337,1.14337,1.14337
1783205340000,1.14337,1.14337,1.14337,1.14337
1783205400000,1.14337,1.14337,1.14337,1.14337
1783205460000,1.14337,1.14337,1.14337,1.14337
1783205520000,1.14337,1.14337,1.14337,1.14337
1783205580000,1.14337,1.14337,1.14337,1.14337
1783205640000,1.14337,1.14337,1.14337,1.14337
1783205700000,1.14337,1.14337,1.14337,1.14337
1783205760000,1.14337,1.14337,1.14337,1.14337
1783205820000,1.14337,1.14337,1.14337,1.14337
1783205880000,1.14337,1.14337,1.14337,1.14337
1783205940000,1.14337,1.14337,1.14337,1.14337
1783206000000,1.14337,1.14337,1.14337,1.14337
1783206060000,1.14337,1.14337,1.14337,1.14337
1783206120000,1.14337,1.14337,1.14337,1.14337
1783206180000,1.14337,1.14337,1.14337,1.14337
1783206240000,1.14337,1.14337,1.14337,1.14337
1783206300000,1.14337,1.14337,1.14337,1.14337
1783206360000,1.14337,1.14337,1.14337,1.14337
1783206420000,1.14337,1.14337,1.14337,1.14337
1783206480000,1.14337,1.14337,1.14337,1.14337
1783206540000,1.14337,1.14337,1.14337,1.14337
1783206600000,1.14337,1.14337,1.14337,1.14337
1783206660000,1.14337,1.14337,1.14337,1.14337
1783206720000,1.14337,1.14337,1.14337,1.14337
1783206780000,1.14337,1.14337,1.14337,1.14337
1783206840000,1.14337,1.14337,1.14337,1.14337
1783206900000,1.14337,1.14337,1.14337,1.14337
1783206960000,1.14337,1.14337,1.14337,1.14337
1783207020000,1.14337,1.14337,1.14337,1.14337
1783207080000,1.14337,1.14337,1.14337,1.14337
1783207140000,1.14337,1.14337,1.14337,1.14337
1783207200000,1.14337,1.14337,1.14337,1.14337
1783207260000,1.14337,1.14337,1.14337,1.14337
1783207320000,1.14337,1.14337,1.14337,1.14337
1783207380000,1.14337,1.14337,1.14337,1.14337
1783207440000,1.14337,1.14337,1.14337,1.14337
1783207500000,1.14337,1.14337,1.14337,1.14337
1783207560000,1.14337,1.14337,1.14337,1.14337
1783207620000,1.14337,1.14337,1.14337,1.14337
1783207680000,1.14337,1.14337,1.14337,1.14337
1783207740000,1.14337,1.14337,1.14337,1.14337
1783207800000,1.14337,1.14337,1.14337,1.14337
1783207860000,1.14337,1.14337,1.14337,1.14337
1783207920000,1.14337,1.14337,1.14337,1.14337
1783207980000,1.14337,1.14337,1.14337,1.14337
1783208040000,1.14337,1.14337,1.14337,1.14337
1783208100000,1.14337,1.14337,1.14337,1.14337
1783208160000,1.14337,1.14337,1.14337,1.14337
1783208220000,1.14337,1.14337,1.14337,1.14337
1783208280000,1.14337,1.14337,1.14337,1.14337
1783208340000,1.14337,1.14337,1.14337,1.14337
1783208400000,1.14337,1.14337,1.14337,1.14337
1783208460000,1.14337,1.14337,1.14337,1.14337
1783208520000,1.14337,1.14337,1.14337,1.14337
1783208580000,1.14337,1.14337,1.14337,1.14337
1783208640000,1.14337,1.14337,1.14337,1.14337
1783208700000,1.14337,1.14337,1.14337,1.14337
1783208760000,1.14337,1.14337,1.14337,1.14337
1783208820000,1.14337,1.14337,1.14337,1.14337
1783208880000,1.14337,1.14337,1.14337,1.14337
1783208940000,1.14337,1.14337,1.14337,1.14337
1783209000000,1.14337,1.14337,1.14337,1.14337
1783209060000,1.14337,1.14337,1.14337,1.14337
1783209120000,1.14337,1.14337,1.14337,1.14337
1783209180000,1.14337,1.14337,1.14337,1.14337
1783209240000,1.14337,1.14337,1.14337,1.14337
1783209300000,1.14337,1.14337,1.14337,1.14337
1783209360000,1.14337,1.14337,1.14337,1.14337
1783209420000,1.14337,1.14337,1.14337,1.14337
1783209480000,1.14337,1.14337,1.14337,1.14337
1783209540000,1.14337,1.14337,1.14337,1.14337
1783209600000,1.14337,1.14337,1.14337,1.14337
1783209660000,1.14337,1.14337,1.14337,1.14337
1783209720000,1.14337,1.14337,1.14337,1.14337
1783209780000,1.14337,1.14337,1.14337,1.14337
1783209840000,1.14337,1.14337,1.14337,1.14337
1783209900000,1.14337,1.14337,1.14337,1.14337
1783209960000,1.14337,1.14337,1.14337,1.14337
1783210020000,1.14337,1.14337,1.14337,1.14337
1783210080000,1.14337,1.14337,1.14337,1.14337
1783210140000,1.14337,1.14337,1.14337,1.14337
1783210200000,1.14337,1.14337,1.14337,1.14337
1783210260000,1.14337,1.14337,1.14337,1.14337
1783210320000,1.14337,1.14337,1.14337,1.14337
1783210380000,1.14337,1.14337,1.14337,1.14337
1783210440000,1.14337,1.14337,1.14337,1.14337
1783210500000,1.14337,1.14337,1.14337,1.14337
1783210560000,1.14337,1.14337,1.14337,1.14337
1783210620000,1.14337,1.14337,1.14337,1.14337
1783210680000,1.14337,1.14337,1.14337,1.14337
1783210740000,1.14337,1.14337,1.14337,1.14337
1783210800000,1.14337,1.14337,1.14337,1.14337
1783210860000,1.14337,1.14337,1.14337,1.14337
1783210920000,1.14337,1.14337,1.14337,1.14337
1783210980000,1.14337,1.14337,1.14337,1.14337
1783211040000,1.14337,1.14337,1.14337,1.14337
1783211100000,1.14337,1.14337,1.14337,1.14337
1783211160000,1.14337,1.14337,1.14337,1.14337
1783211220000,1.14337,1.14337,1.14337,1.14337
1783211280000,1.14337,1.14337,1.14337,1.14337
1783211340000,1.14337,1.14337,1.14337,1.14337
1783211400000,1.14337,1.14337,1.14337,1.14337
1783211460000,1.14337,1.14337,1.14337,1.14337
1783211520000,1.14337,1.14337,1.14337,1.14337
1783211580000,1.14337,1.14337,1.14337,1.14337
1783211640000,1.14337,1.14337,1.14337,1.14337
1783211700000,1.14337,1.14337,1.14337,1.14337
1783211760000,1.14337,1.14337,1.14337,1.14337
1783211820000,1.14337,1.14337,1.14337,1.14337
1783211880000,1.14337,1.14337,1.14337,1.14337
1783211940000,1.14337,1.14337,1.14337,1.14337
1783212000000,1.14337,1.14337,1.14337,1.14337
1783212060000,1.14337,1.14337,1.14337,1.14337
1783212120000,1.14337,1.14337,1.14337,1.14337
1783212180000,1.14337,1.14337,1.14337,1.14337
1783212240000,1.14337,1.14337,1.14337,1.14337
1783212300000,1.14337,1.14337,1.14337,1.14337
1783212360000,1.14337,1.14337,1.14337,1.14337
1783212420000,1.14337,1.14337,1.14337,1.14337
1783212480000,1.14337,1.14337,1.14337,1.14337
1783212540000,1.14337,1.14337,1.14337,1.14337
1783212600000,1.14337,1.14337,1.14337,1.14337
1783212660000,1.14337,1.14337,1.14337,1.14337
1783212720000,1.14337,1.14337,1.14337,1.14337
1783212780000,1.14337,1.14337,1.14337,1.14337
1783212840000,1.14337,1.14337,1.14337,1.14337
1783212900000,1.14337,1.14337,1.14337,1.14337
1783212960000,1.14337,1.14337,1.14337,1.14337
1783213020000,1.14337,1.14337,1.14337,1.14337
1783213080000,1.14337,1.14337,1.14337,1.14337
1783213140000,1.14337,1.14337,1.14337,1.14337
1783213200000,1.14337,1.14337,1.14337,1.14337
1783213260000,1.14337,1.14337,1.14337,1.14337
1783213320000,1.14337,1.14337,1.14337,1.14337
1783213380000,1.14337,1.14337,1.14337,1.14337
1783213440000,1.14337,1.14337,1.14337,1.14337
1783213500000,1.14337,1.14337,1.14337,1.14337
1783213560000,1.14337,1.14337,1.14337,1.14337
1783213620000,1.14337,1.14337,1.14337,1.14337
1783213680000,1.14337,1.14337,1.14337,1.14337
1783213740000,1.14337,1.14337,1.14337,1.14337
1783213800000,1.14337,1.14337,1.14337,1.14337
1783213860000,1.14337,1.14337,1.14337,1.14337
1783213920000,1.14337,1.14337,1.14337,1.14337
1783213980000,1.14337,1.14337,1.14337,1.14337
1783214040000,1.14337,1.14337,1.14337,1.14337
1783214100000,1.14337,1.14337,1.14337,1.14337
1783214160000,1.14337,1.14337,1.14337,1.14337
1783214220000,1.14337,1.14337,1.14337,1.14337
1783214280000,1.14337,1.14337,1.14337,1.14337
1783214340000,1.14337,1.14337,1.14337,1.14337
1783214400000,1.14337,1.14337,1.14337,1.14337
1783214460000,1.14337,1.14337,1.14337,1.14337
1783214520000,1.14337,1.14337,1.14337,1.14337
1783214580000,1.14337,1.14337,1.14337,1.14337
1783214640000,1.14337,1.14337,1.14337,1.14337
1783214700000,1.14337,1.14337,1.14337,1.14337
1783214760000,1.14337,1.14337,1.14337,1.14337
1783214820000,1.14337,1.14337,1.14337,1.14337
1783214880000,1.14337,1.14337,1.14337,1.14337
1783214940000,1.14337,1.14337,1.14337,1.14337
1783215000000,1.14337,1.14337,1.14337,1.14337
1783215060000,1.14337,1.14337,1.14337,1.14337
1783215120000,1.14337,1.14337,1.14337,1.14337
1783215180000,1.14337,1.14337,1.14337,1.14337
1783215240000,1.14337,1.14337,1.14337,1.14337
1783215300000,1.14337,1.14337,1.14337,1.14337
1783215360000,1.14337,1.14337,1.14337,1.14337
1783215420000,1.14337,1.14337,1.14337,1.14337
1783215480000,1.14337,1.14337,1.14337,1.14337
1783215540000,1.14337,1.14337,1.14337,1.14337
1783215600000,1.14337,1.14337,1.14337,1.14337
1783215660000,1.14337,1.14337,1.14337,1.14337
1783215720000,1.14337,1.14337,1.14337,1.14337
1783215780000,1.14337,1.14337,1.14337,1.14337
1783215840000,1.14337,1.14337,1.14337,1.14337
1783215900000,1.14337,1.14337,1.14337,1.14337
1783215960000,1.14337,1.14337,1.14337,1.14337
1783216020000,1.14337,1.14337,1.14337,1.14337
1783216080000,1.14337,1.14337,1.14337,1.14337
1783216140000,1.14337,1.14337,1.14337,1.14337
1783216200000,1.14337,1.14337,1.14337,1.14337
1783216260000,1.14337,1.14337,1.14337,1.14337
1783216320000,1.14337,1.14337,1.14337,1.14337
1783216380000,1.14337,1.14337,1.14337,1.14337
1783216440000,1.14337,1.14337,1.14337,1.14337
1783216500000,1.14337,1.14337,1.14337,1.14337
1783216560000,1.14337,1.14337,1.14337,1.14337
1783216620000,1.14337,1.14337,1.14337,1.14337
1783216680000,1.14337,1.14337,1.14337,1.14337
1783216740000,1.14337,1.14337,1.14337,1.14337
1783216800000,1.14337,1.14337,1.14337,1.14337
1783216860000,1.14337,1.14337,1.14337,1.14337
1783216920000,1.14337,1.14337,1.14337,1.14337
1783216980000,1.14337,1.14337,1.14337,1.14337
1783217040000,1.14337,1.14337,1.14337,1.14337
1783217100000,1.14337,1.14337,1.14337,1.14337
1783217160000,1.14337,1.14337,1.14337,1.14337
1783217220000,1.14337,1.14337,1.14337,1.14337
1783217280000,1.14337,1.14337,1.14337,1.14337
1783217340000,1.14337,1.14337,1.14337,1.14337
1783217400000,1.14337,1.14337,1.14337,1.14337
1783217460000,1.14337,1.14337,1.14337,1.14337
1783217520000,1.14337,1.14337,1.14337,1.14337
1783217580000,1.14337,1.14337,1.14337,1.14337
1783217640000,1.14337,1.14337,1.14337,1.14337
1783217700000,1.14337,1.14337,1.14337,1.14337
1783217760000,1.14337,1.14337,1.14337,1.14337
1783217820000,1.14337,1.14337,1.14337,1.14337
1783217880000,1.14337,1.14337,1.14337,1.14337
1783217940000,1.14337,1.14337,1.14337,1.14337
1783218000000,1.14337,1.14337,1.14337,1.14337
1783218060000,1.14337,1.14337,1.14337,1.14337
1783218120000,1.14337,1.14337,1.14337,1.14337
1783218180000,1.14337,1.14337,1.14337,1.14337
1783218240000,1.14337,1.14337,1.14337,1.14337
1783218300000,1.14337,1.14337,1.14337,1.14337
1783218360000,1.14337,1.14337,1.14337,1.14337
1783218420000,1.14337,1.14337,1.14337,1.14337
1783218480000,1.14337,1.14337,1.14337,1.14337
1783218540000,1.14337,1.14337,1.14337,1.14337
1783218600000,1.14337,1.14337,1.14337,1.14337
1783218660000,1.14337,1.14337,1.14337,1.14337
1783218720000,1.14337,1.14337,1.14337,1.14337
1783218780000,1.14337,1.14337,1.14337,1.14337
1783218840000,1.14337,1.14337,1.14337,1.14337
1783218900000,1.14337,1.14337,1.14337,1.14337
1783218960000,1.14337,1.14337,1.14337,1.14337
1783219020000,1.14337,1.14337,1.14337,1.14337
1783219080000,1.14337,1.14337,1.14337,1.14337
1783219140000,1.14337,1.14337,1.14337,1.14337
1783219200000,1.14337,1.14337,1.14337,1.14337
1783219260000,1.14337,1.14337,1.14337,1.14337
1783219320000,1.14337,1.14337,1.14337,1.14337
1783219380000,1.14337,1.14337,1.14337,1.14337
1783219440000,1.14337,1.14337,1.14337,1.14337
1783219500000,1.14337,1.14337,1.14337,1.14337
1783219560000,1.14337,1.14337,1.14337,1.14337
1783219620000,1.14337,1.14337,1.14337,1.14337
1783219680000,1.14337,1.14337,1.14337,1.14337
1783219740000,1.14337,1.14337,1.14337,1.14337
1783219800000,1.14337,1.14337,1.14337,1.14337
1783219860000,1.14337,1.14337,1.14337,1.14337
1783219920000,1.14337,1.14337,1.14337,1.14337
1783219980000,1.14337,1.14337,1.14337,1.14337
1783220040000,1.14337,1.14337,1.14337,1.14337
1783220100000,1.14337,1.14337,1.14337,1.14337
1783220160000,1.14337,1.14337,1.14337,1.14337
1783220220000,1.14337,1.14337,1.14337,1.14337
1783220280000,1.14337,1.14337,1.14337,1.14337
1783220340000,1.14337,1.14337,1.14337,1.14337
1783220400000,1.14337,1.14337,1.14337,1.14337
1783220460000,1.14337,1.14337,1.14337,1.14337
1783220520000,1.14337,1.14337,1.14337,1.14337
1783220580000,1.14337,1.14337,1.14337,1.14337
1783220640000,1.14337,1.14337,1.14337,1.14337
1783220700000,1.14337,1.14337,1.14337,1.14337
1783220760000,1.14337,1.14337,1.14337,1.14337
1783220820000,1.14337,1.14337,1.14337,1.14337
1783220880000,1.14337,1.14337,1.14337,1.14337
1783220940000,1.14337,1.14337,1.14337,1.14337
1783221000000,1.14337,1.14337,1.14337,1.14337
1783221060000,1.14337,1.14337,1.14337,1.14337
1783221120000,1.14337,1.14337,1.14337,1.14337
1783221180000,1.14337,1.14337,1.14337,1.14337
1783221240000,1.14337,1.14337,1.14337,1.14337
1783221300000,1.14337,1.14337,1.14337,1.14337
1783221360000,1.14337,1.14337,1.14337,1.14337
1783221420000,1.14337,1.14337,1.14337,1.14337
1783221480000,1.14337,1.14337,1.14337,1.14337
1783221540000,1.14337,1.14337,1.14337,1.14337
1783221600000,1.14337,1.14337,1.14337,1.14337
1783221660000,1.14337,1.14337,1.14337,1.14337
1783221720000,1.14337,1.14337,1.14337,1.14337
1783221780000,1.14337,1.14337,1.14337,1.14337
1783221840000,1.14337,1.14337,1.14337,1.14337
1783221900000,1.14337,1.14337,1.14337,1.14337
1783221960000,1.14337,1.14337,1.14337,1.14337
1783222020000,1.14337,1.14337,1.14337,1.14337
1783222080000,1.14337,1.14337,1.14337,1.14337
1783222140000,1.14337,1.14337,1.14337,1.14337
1783222200000,1.14337,1.14337,1.14337,1.14337
1783222260000,1.14337,1.14337,1.14337,1.14337
1783222320000,1.14337,1.14337,1.14337,1.14337
1783222380000,1.14337,1.14337,1.14337,1.14337
1783222440000,1.14337,1.14337,1.14337,1.14337
1783222500000,1.14337,1.14337,1.14337,1.14337
1783222560000,1.14337,1.14337,1.14337,1.14337
1783222620000,1.14337,1.14337,1.14337,1.14337
1783222680000,1.14337,1.14337,1.14337,1.14337
1783222740000,1.14337,1.14337,1.14337,1.14337
1783222800000,1.14337,1.14337,1.14337,1.14337
1783222860000,1.14337,1.14337,1.14337,1.14337
1783222920000,1.14337,1.14337,1.14337,1.14337
1783222980000,1.14337,1.14337,1.14337,1.14337
1783223040000,1.14337,1.14337,1.14337,1.14337
1783223100000,1.14337,1.14337,1.14337,1.14337
1783223160000,1.14337,1.14337,1.14337,1.14337
1783223220000,1.14337,1.14337,1.14337,1.14337
1783223280000,1.14337,1.14337,1.14337,1.14337
1783223340000,1.14337,1.14337,1.14337,1.14337
1783223400000,1.14337,1.14337,1.14337,1.14337
1783223460000,1.14337,1.14337,1.14337,1.14337
1783223520000,1.14337,1.14337,1.14337,1.14337
1783223580000,1.14337,1.14337,1.14337,1.14337
1783223640000,1.14337,1.14337,1.14337,1.14337
1783223700000,1.14337,1.14337,1.14337,1.14337
1783223760000,1.14337,1.14337,1.14337,1.14337
1783223820000,1.14337,1.14337,1.14337,1.14337
1783223880000,1.14337,1.14337,1.14337,1.14337
1783223940000,1.14337,1.14337,1.14337,1.14337
1783224000000,1.14337,1.14337,1.14337,1.14337
1783224060000,1.14337,1.14337,1.14337,1.14337
1783224120000,1.14337,1.14337,1.14337,1.14337
1783224180000,1.14337,1.14337,1.14337,1.14337
1783224240000,1.14337,1.14337,1.14337,1.14337
1783224300000,1.14337,1.14337,1.14337,1.14337
1783224360000,1.14337,1.14337,1.14337,1.14337
1783224420000,1.14337,1.14337,1.14337,1.14337
1783224480000,1.14337,1.14337,1.14337,1.14337
1783224540000,1.14337,1.14337,1.14337,1.14337
1783224600000,1.14337,1.14337,1.14337,1.14337
1783224660000,1.14337,1.14337,1.14337,1.14337
1783224720000,1.14337,1.14337,1.14337,1.14337
1783224780000,1.14337,1.14337,1.14337,1.14337
1783224840000,1.14337,1.14337,1.14337,1.14337
1783224900000,1.14337,1.14337,1.14337,1.14337
1783224960000,1.14337,1.14337,1.14337,1.14337
1783225020000,1.14337,1.14337,1.14337,1.14337
1783225080000,1.14337,1.14337,1.14337,1.14337
1783225140000,1.14337,1.14337,1.14337,1.14337
1783225200000,1.14337,1.14337,1.14337,1.14337
1783225260000,1.14337,1.14337,1.14337,1.14337
1783225320000,1.14337,1.14337,1.14337,1.14337
1783225380000,1.14337,1.14337,1.14337,1.14337
1783225440000,1.14337,1.14337,1.14337,1.14337
1783225500000,1.14337,1.14337,1.14337,1.14337
1783225560000,1.14337,1.14337,1.14337,1.14337
1783225620000,1.14337,1.14337,1.14337,1.14337
1783225680000,1.14337,1.14337,1.14337,1.14337
1783225740000,1.14337,1.14337,1.14337,1.14337
1783225800000,1.14337,1.14337,1.14337,1.14337
1783225860000,1.14337,1.14337,1.14337,1.14337
1783225920000,1.14337,1.14337,1.14337,1.14337
1783225980000,1.14337,1.14337,1.14337,1.14337
1783226040000,1.14337,1.14337,1.14337,1.14337
1783226100000,1.14337,1.14337,1.14337,1.14337
1783226160000,1.14337,1.14337,1.14337,1.14337
1783226220000,1.14337,1.14337,1.14337,1.14337
1783226280000,1.14337,1.14337,1.14337,1.14337
1783226340000,1.14337,1.14337,1.14337,1.14337
1783226400000,1.14337,1.14337,1.14337,1.14337
1783226460000,1.14337,1.14337,1.14337,1.14337
1783226520000,1.14337,1.14337,1.14337,1.14337
1783226580000,1.14337,1.14337,1.14337,1.14337
1783226640000,1.14337,1.14337,1.14337,1.14337
1783226700000,1.14337,1.14337,1.14337,1.14337
1783226760000,1.14337,1.14337,1.14337,1.14337
1783226820000,1.14337,1.14337,1.14337,1.14337
1783226880000,1.14337,1.14337,1.14337,1.14337
1783226940000,1.14337,1.14337,1.14337,1.14337
1783227000000,1.14337,1.14337,1.14337,1.14337
1783227060000,1.14337,1.14337,1.14337,1.14337
1783227120000,1.14337,1.14337,1.14337,1.14337
1783227180000,1.14337,1.14337,1.14337,1.14337
1783227240000,1.14337,1.14337,1.14337,1.14337
1783227300000,1.14337,1.14337,1.14337,1.14337
1783227360000,1.14337,1.14337,1.14337,1.14337
1783227420000,1.14337,1.14337,1.14337,1.14337
1783227480000,1.14337,1.14337,1.14337,1.14337
1783227540000,1.14337,1.14337,1.14337,1.14337
1783227600000,1.14337,1.14337,1.14337,1.14337
1783227660000,1.14337,1.14337,1.14337,1.14337
1783227720000,1.14337,1.14337,1.14337,1.14337
1783227780000,1.14337,1.14337,1.14337,1.14337
1783227840000,1.14337,1.14337,1.14337,1.14337
1783227900000,1.14337,1.14337,1.14337,1.14337
1783227960000,1.14337,1.14337,1.14337,1.14337
1783228020000,1.14337,1.14337,1.14337,1.14337
1783228080000,1.14337,1.14337,1.14337,1.14337
1783228140000,1.14337,1.14337,1.14337,1.14337
1783228200000,1.14337,1.14337,1.14337,1.14337
1783228260000,1.14337,1.14337,1.14337,1.14337
1783228320000,1.14337,1.14337,1.14337,1.14337
1783228380000,1.14337,1.14337,1.14337,1.14337
1783228440000,1.14337,1.14337,1.14337,1.14337
1783228500000,1.14337,1.14337,1.14337,1.14337
1783228560000,1.14337,1.14337,1.14337,1.14337
1783228620000,1.14337,1.14337,1.14337,1.14337
1783228680000,1.14337,1.14337,1.14337,1.14337
1783228740000,1.14337,1.14337,1.14337,1.14337
1783228800000,1.14337,1.14337,1.14337,1.14337
1783228860000,1.14337,1.14337,1.14337,1.14337
1783228920000,1.14337,1.14337,1.14337,1.14337
1783228980000,1.14337,1.14337,1.14337,1.14337
1783229040000,1.14337,1.14337,1.14337,1.14337
1783229100000,1.14337,1.14337,1.14337,1.14337
1783229160000,1.14337,1.14337,1.14337,1.14337
1783229220000,1.14337,1.14337,1.14337,1.14337
1783229280000,1.14337,1.14337,1.14337,1.14337
1783229340000,1.14337,1.14337,1.14337,1.14337
1783229400000,1.14337,1.14337,1.14337,1.14337
1783229460000,1.14337,1.14337,1.14337,1.14337
1783229520000,1.14337,1.14337,1.14337,1.14337
1783229580000,1.14337,1.14337,1.14337,1.14337
1783229640000,1.14337,1.14337,1.14337,1.14337
1783229700000,1.14337,1.14337,1.14337,1.14337
1783229760000,1.14337,1.14337,1.14337,1.14337
1783229820000,1.14337,1.14337,1.14337,1.14337
1783229880000,1.14337,1.14337,1.14337,1.14337
1783229940000,1.14337,1.14337,1.14337,1.14337
1783230000000,1.14337,1.14337,1.14337,1.14337
1783230060000,1.14337,1.14337,1.14337,1.14337
1783230120000,1.14337,1.14337,1.14337,1.14337
1783230180000,1.14337,1.14337,1.14337,1.14337
1783230240000,1.14337,1.14337,1.14337,1.14337
1783230300000,1.14337,1.14337,1.14337,1.14337
1783230360000,1.14337,1.14337,1.14337,1.14337
1783230420000,1.14337,1.14337,1.14337,1.14337
1783230480000,1.14337,1.14337,1.14337,1.14337
1783230540000,1.14337,1.14337,1.14337,1.14337
1783230600000,1.14337,1.14337,1.14337,1.14337
1783230660000,1.14337,1.14337,1.14337,1.14337
1783230720000,1.14337,1.14337,1.14337,1.14337
1783230780000,1.14337,1.14337,1.14337,1.14337
1783230840000,1.14337,1.14337,1.14337,1.14337
1783230900000,1.14337,1.14337,1.14337,1.14337
1783230960000,1.14337,1.14337,1.14337,1.14337
1783231020000,1.14337,1.14337,1.14337,1.14337
1783231080000,1.14337,1.14337,1.14337,1.14337
1783231140000,1.14337,1.14337,1.14337,1.14337
1783231200000,1.14337,1.14337,1.14337,1.14337
1783231260000,1.14337,1.14337,1.14337,1.14337
1783231320000,1.14337,1.14337,1.14337,1.14337
1783231380000,1.14337,1.14337,1.14337,1.14337
1783231440000,1.14337,1.14337,1.14337,1.14337
1783231500000,1.14337,1.14337,1.14337,1.14337
1783231560000,1.14337,1.14337,1.14337,1.14337
1783231620000,1.14337,1.14337,1.14337,1.14337
1783231680000,1.14337,1.14337,1.14337,1.14337
1783231740000,1.14337,1.14337,1.14337,1.14337
1783231800000,1.14337,1.14337,1.14337,1.14337
1783231860000,1.14337,1.14337,1.14337,1.14337
1783231920000,1.14337,1.14337,1.14337,1.14337
1783231980000,1.14337,1.14337,1.14337,1.14337
1783232040000,1.14337,1.14337,1.14337,1.14337
1783232100000,1.14337,1.14337,1.14337,1.14337
1783232160000,1.14337,1.14337,1.14337,1.14337
1783232220000,1.14337,1.14337,1.14337,1.14337
1783232280000,1.14337,1.14337,1.14337,1.14337
1783232340000,1.14337,1.14337,1.14337,1.14337
1783232400000,1.14337,1.14337,1.14337,1.14337
1783232460000,1.14337,1.14337,1.14337,1.14337
1783232520000,1.14337,1.14337,1.14337,1.14337
1783232580000,1.14337,1.14337,1.14337,1.14337
1783232640000,1.14337,1.14337,1.14337,1.14337
1783232700000,1.14337,1.14337,1.14337,1.14337
1783232760000,1.14337,1.14337,1.14337,1.14337
1783232820000,1.14337,1.14337,1.14337,1.14337
1783232880000,1.14337,1.14337,1.14337,1.14337
1783232940000,1.14337,1.14337,1.14337,1.14337
1783233000000,1.14337,1.14337,1.14337,1.14337
1783233060000,1.14337,1.14337,1.14337,1.14337
1783233120000,1.14337,1.14337,1.14337,1.14337
1783233180000,1.14337,1.14337,1.14337,1.14337
1783233240000,1.14337,1.14337,1.14337,1.14337
1783233300000,1.14337,1.14337,1.14337,1.14337
1783233360000,1.14337,1.14337,1.14337,1.14337
1783233420000,1.14337,1.14337,1.14337,1.14337
1783233480000,1.14337,1.14337,1.14337,1.14337
1783233540000,1.14337,1.14337,1.14337,1.14337
1783233600000,1.14337,1.14337,1.14337,1.14337
1783233660000,1.14337,1.14337,1.14337,1.14337
1783233720000,1.14337,1.14337,1.14337,1.14337
1783233780000,1.14337,1.14337,1.14337,1.14337
1783233840000,1.14337,1.14337,1.14337,1.14337
1783233900000,1.14337,1.14337,1.14337,1.14337
1783233960000,1.14337,1.14337,1.14337,1.14337
1783234020000,1.14337,1.14337,1.14337,1.14337
1783234080000,1.14337,1.14337,1.14337,1.14337
1783234140000,1.14337,1.14337,1.14337,1.14337
1783234200000,1.14337,1.14337,1.14337,1.14337
1783234260000,1.14337,1.14337,1.14337,1.14337
1783234320000,1.14337,1.14337,1.14337,1.14337
1783234380000,1.14337,1.14337,1.14337,1.14337
1783234440000,1.14337,1.14337,1.14337,1.14337
1783234500000,1.14337,1.14337,1.14337,1.14337
1783234560000,1.14337,1.14337,1.14337,1.14337
1783234620000,1.14337,1.14337,1.14337,1.14337
1783234680000,1.14337,1.14337,1.14337,1.14337
1783234740000,1.14337,1.14337,1.14337,1.14337
1783234800000,1.14337,1.14337,1.14337,1.14337
1783234860000,1.14337,1.14337,1.14337,1.14337
1783234920000,1.14337,1.14337,1.14337,1.14337
1783234980000,1.14337,1.14337,1.14337,1.14337
1783235040000,1.14337,1.14337,1.14337,1.14337
1783235100000,1.14337,1.14337,1.14337,1.14337
1783235160000,1.14337,1.14337,1.14337,1.14337
1783235220000,1.14337,1.14337,1.14337,1.14337
1783235280000,1.14337,1.14337,1.14337,1.14337
1783235340000,1.14337,1.14337,1.14337,1.14337
1783235400000,1.14337,1.14337,1.14337,1.14337
1783235460000,1.14337,1.14337,1.14337,1.14337
1783235520000,1.14337,1.14337,1.14337,1.14337
1783235580000,1.14337,1.14337,1.14337,1.14337
1783235640000,1.14337,1.14337,1.14337,1.14337
1783235700000,1.14337,1.14337,1.14337,1.14337
1783235760000,1.14337,1.14337,1.14337,1.14337
1783235820000,1.14337,1.14337,1.14337,1.14337
1783235880000,1.14337,1.14337,1.14337,1.14337
1783235940000,1.14337,1.14337,1.14337,1.14337
1783236000000,1.14337,1.14337,1.14337,1.14337
1783236060000,1.14337,1.14337,1.14337,1.14337
1783236120000,1.14337,1.14337,1.14337,1.14337
1783236180000,1.14337,1.14337,1.14337,1.14337
1783236240000,1.14337,1.14337,1.14337,1.14337
1783236300000,1.14337,1.14337,1.14337,1.14337
1783236360000,1.14337,1.14337,1.14337,1.14337
1783236420000,1.14337,1.14337,1.14337,1.14337
1783236480000,1.14337,1.14337,1.14337,1.14337
1783236540000,1.14337,1.14337,1.14337,1.14337
1783236600000,1.14337,1.14337,1.14337,1.14337
1783236660000,1.14337,1.14337,1.14337,1.14337
1783236720000,1.14337,1.14337,1.14337,1.14337
1783236780000,1.14337,1.14337,1.14337,1.14337
1783236840000,1.14337,1.14337,1.14337,1.14337
1783236900000,1.14337,1.14337,1.14337,1.14337
1783236960000,1.14337,1.14337,1.14337,1.14337
1783237020000,1.14337,1.14337,1.14337,1.14337
1783237080000,1.14337,1.14337,1.14337,1.14337
1783237140000,1.14337,1.14337,1.14337,1.14337
1783237200000,1.14337,1.14337,1.14337,1.14337
1783237260000,1.14337,1.14337,1.14337,1.14337
1783237320000,1.14337,1.14337,1.14337,1.14337
1783237380000,1.14337,1.14337,1.14337,1.14337
1783237440000,1.14337,1.14337,1.14337,1.14337
1783237500000,1.14337,1.14337,1.14337,1.14337
1783237560000,1.14337,1.14337,1.14337,1.14337
1783237620000,1.14337,1.14337,1.14337,1.14337
1783237680000,1.14337,1.14337,1.14337,1.14337
1783237740000,1.14337,1.14337,1.14337,1.14337
1783237800000,1.14337,1.14337,1.14337,1.14337
1783237860000,1.14337,1.14337,1.14337,1.14337
1783237920000,1.14337,1.14337,1.14337,1.14337
1783237980000,1.14337,1.14337,1.14337,1.14337
1783238040000,1.14337,1.14337,1.14337,1.14337
1783238100000,1.14337,1.14337,1.14337,1.14337
1783238160000,1.14337,1.14337,1.14337,1.14337
1783238220000,1.14337,1.14337,1.14337,1.14337
1783238280000,1.14337,1.14337,1.14337,1.14337
1783238340000,1.14337,1.14337,1.14337,1.14337
1783238400000,1.14337,1.14337,1.14337,1.14337
1783238460000,1.14337,1.14337,1.14337,1.14337
1783238520000,1.14337,1.14337,1.14337,1.14337
1783238580000,1.14337,1.14337,1.14337,1.14337
1783238640000,1.14337,1.14337,1.14337,1.14337
1783238700000,1.14337,1.14337,1.14337,1.14337
1783238760000,1.14337,1.14337,1.14337,1.14337
1783238820000,1.14337,1.14337,1.14337,1.14337
1783238880000,1.14337,1.14337,1.14337,1.14337
1783238940000,1.14337,1.14337,1.14337,1.14337
1783239000000,1.14337,1.14337,1.14337,1.14337
1783239060000,1.14337,1.14337,1.14337,1.14337
1783239120000,1.14337,1.14337,1.14337,1.14337
1783239180000,1.14337,1.14337,1.14337,1.14337
1783239240000,1.14337,1.14337,1.14337,1.14337
1783239300000,1.14337,1.14337,1.14337,1.14337
1783239360000,1.14337,1.14337,1.14337,1.14337
1783239420000,1.14337,1.14337,1.14337,1.14337
1783239480000,1.14337,1.14337,1.14337,1.14337
1783239540000,1.14337,1.14337,1.14337,1.14337
1783239600000,1.14337,1.14337,1.14337,1.14337
1783239660000,1.14337,1.14337,1.14337,1.14337
1783239720000,1.14337,1.14337,1.14337,1.14337
1783239780000,1.14337,1.14337,1.14337,1.14337
1783239840000,1.14337,1.14337,1.14337,1.14337
1783239900000,1.14337,1.14337,1.14337,1.14337
1783239960000,1.14337,1.14337,1.14337,1.14337
1783240020000,1.14337,1.14337,1.14337,1.14337
1783240080000,1.14337,1.14337,1.14337,1.14337
1783240140000,1.14337,1.14337,1.14337,1.14337
1783240200000,1.14337,1.14337,1.14337,1.14337
1783240260000,1.14337,1.14337,1.14337,1.14337
1783240320000,1.14337,1.14337,1.14337,1.14337
1783240380000,1.14337,1.14337,1.14337,1.14337
1783240440000,1.14337,1.14337,1.14337,1.14337
1783240500000,1.14337,1.14337,1.14337,1.14337
1783240560000,1.14337,1.14337,1.14337,1.14337
1783240620000,1.14337,1.14337,1.14337,1.14337
1783240680000,1.14337,1.14337,1.14337,1.14337
1783240740000,1.14337,1.14337,1.14337,1.14337
1783240800000,1.14337,1.14337,1.14337,1.14337
1783240860000,1.14337,1.14337,1.14337,1.14337
1783240920000,1.14337,1.14337,1.14337,1.14337
1783240980000,1.14337,1.14337,1.14337,1.14337
1783241040000,1.14337,1.14337,1.14337,1.14337
1783241100000,1.14337,1.14337,1.14337,1.14337
1783241160000,1.14337,1.14337,1.14337,1.14337
1783241220000,1.14337,1.14337,1.14337,1.14337
1783241280000,1.14337,1.14337,1.14337,1.14337
1783241340000,1.14337,1.14337,1.14337,1.14337
1783241400000,1.14337,1.14337,1.14337,1.14337
1783241460000,1.14337,1.14337,1.14337,1.14337
1783241520000,1.14337,1.14337,1.14337,1.14337
1783241580000,1.14337,1.14337,1.14337,1.14337
1783241640000,1.14337,1.14337,1.14337,1.14337
1783241700000,1.14337,1.14337,1.14337,1.14337
1783241760000,1.14337,1.14337,1.14337,1.14337
1783241820000,1.14337,1.14337,1.14337,1.14337
1783241880000,1.14337,1.14337,1.14337,1.14337
1783241940000,1.14337,1.14337,1.14337,1.14337
1783242000000,1.14337,1.14337,1.14337,1.14337
1783242060000,1.14337,1.14337,1.14337,1.14337
1783242120000,1.14337,1.14337,1.14337,1.14337
1783242180000,1.14337,1.14337,1.14337,1.14337
1783242240000,1.14337,1.14337,1.14337,1.14337
1783242300000,1.14337,1.14337,1.14337,1.14337
1783242360000,1.14337,1.14337,1.14337,1.14337
1783242420000,1.14337,1.14337,1.14337,1.14337
1783242480000,1.14337,1.14337,1.14337,1.14337
1783242540000,1.14337,1.14337,1.14337,1.14337
1783242600000,1.14337,1.14337,1.14337,1.14337
1783242660000,1.14337,1.14337,1.14337,1.14337
1783242720000,1.14337,1.14337,1.14337,1.14337
1783242780000,1.14337,1.14337,1.14337,1.14337
1783242840000,1.14337,1.14337,1.14337,1.14337
1783242900000,1.14337,1.14337,1.14337,1.14337
1783242960000,1.14337,1.14337,1.14337,1.14337
1783243020000,1.14337,1.14337,1.14337,1.14337
1783243080000,1.14337,1.14337,1.14337,1.14337
1783243140000,1.14337,1.14337,1.14337,1.14337
1783243200000,1.14337,1.14337,1.14337,1.14337
1783243260000,1.14337,1.14337,1.14337,1.14337
1783243320000,1.14337,1.14337,1.14337,1.14337
1783243380000,1.14337,1.14337,1.14337,1.14337
1783243440000,1.14337,1.14337,1.14337,1.14337
1783243500000,1.14337,1.14337,1.14337,1.14337
1783243560000,1.14337,1.14337,1.14337,1.14337
1783243620000,1.14337,1.14337,1.14337,1.14337
1783243680000,1.14337,1.14337,1.14337,1.14337
1783243740000,1.14337,1.14337,1.14337,1.14337
1783243800000,1.14337,1.14337,1.14337,1.14337
1783243860000,1.14337,1.14337,1.14337,1.14337
1783243920000,1.14337,1.14337,1.14337,1.14337
1783243980000,1.14337,1.14337,1.14337,1.14337
1783244040000,1.14337,1.14337,1.14337,1.14337
1783244100000,1.14337,1.14337,1.14337,1.14337
1783244160000,1.14337,1.14337,1.14337,1.14337
1783244220000,1.14337,1.14337,1.14337,1.14337
1783244280000,1.14337,1.14337,1.14337,1.14337
1783244340000,1.14337,1.14337,1.14337,1.14337
1783244400000,1.14337,1.14337,1.14337,1.14337
1783244460000,1.14337,1.14337,1.14337,1.14337
1783244520000,1.14337,1.14337,1.14337,1.14337
1783244580000,1.14337,1.14337,1.14337,1.14337
1783244640000,1.14337,1.14337,1.14337,1.14337
1783244700000,1.14337,1.14337,1.14337,1.14337
1783244760000,1.14337,1.14337,1.14337,1.14337
1783244820000,1.14337,1.14337,1.14337,1.14337
1783244880000,1.14337,1.14337,1.14337,1.14337
1783244940000,1.14337,1.14337,1.14337,1.14337
1783245000000,1.14337,1.14337,1.14337,1.14337
1783245060000,1.14337,1.14337,1.14337,1.14337
1783245120000,1.14337,1.14337,1.14337,1.14337
1783245180000,1.14337,1.14337,1.14337,1.14337
1783245240000,1.14337,1.14337,1.14337,1.14337
1783245300000,1.14337,1.14337,1.14337,1.14337
1783245360000,1.14337,1.14337,1.14337,1.14337
1783245420000,1.14337,1.14337,1.14337,1.14337
1783245480000,1.14337,1.14337,1.14337,1.14337
1783245540000,1.14337,1.14337,1.14337,1.14337
1783245600000,1.14337,1.14337,1.14337,1.14337
1783245660000,1.14337,1.14337,1.14337,1.14337
1783245720000,1.14337,1.14337,1.14337,1.14337
1783245780000,1.14337,1.14337,1.14337,1.14337
1783245840000,1.14337,1.14337,1.14337,1.14337
1783245900000,1.14337,1.14337,1.14337,1.14337
1783245960000,1.14337,1.14337,1.14337,1.14337
1783246020000,1.14337,1.14337,1.14337,1.14337
1783246080000,1.14337,1.14337,1.14337,1.14337
1783246140000,1.14337,1.14337,1.14337,1.14337
1783246200000,1.14337,1.14337,1.14337,1.14337
1783246260000,1.14337,1.14337,1.14337,1.14337
1783246320000,1.14337,1.14337,1.14337,1.14337
1783246380000,1.14337,1.14337,1.14337,1.14337
1783246440000,1.14337,1.14337,1.14337,1.14337
1783246500000,1.14337,1.14337,1.14337,1.14337
1783246560000,1.14337,1.14337,1.14337,1.14337
1783246620000,1.14337,1.14337,1.14337,1.14337
1783246680000,1.14337,1.14337,1.14337,1.14337
1783246740000,1.14337,1.14337,1.14337,1.14337
1783246800000,1.14337,1.14337,1.14337,1.14337
1783246860000,1.14337,1.14337,1.14337,1.14337
1783246920000,1.14337,1.14337,1.14337,1.14337
1783246980000,1.14337,1.14337,1.14337,1.14337
1783247040000,1.14337,1.14337,1.14337,1.14337
1783247100000,1.14337,1.14337,1.14337,1.14337
1783247160000,1.14337,1.14337,1.14337,1.14337
1783247220000,1.14337,1.14337,1.14337,1.14337
1783247280000,1.14337,1.14337,1.14337,1.14337
1783247340000,1.14337,1.14337,1.14337,1.14337
1783247400000,1.14337,1.14337,1.14337,1.14337
1783247460000,1.14337,1.14337,1.14337,1.14337
1783247520000,1.14337,1.14337,1.14337,1.14337
1783247580000,1.14337,1.14337,1.14337,1.14337
1783247640000,1.14337,1.14337,1.14337,1.14337
1783247700000,1.14337,1.14337,1.14337,1.14337
1783247760000,1.14337,1.14337,1.14337,1.14337
1783247820000,1.14337,1.14337,1.14337,1.14337
1783247880000,1.14337,1.14337,1.14337,1.14337
1783247940000,1.14337,1.14337,1.14337,1.14337
1783248000000,1.14337,1.14337,1.14337,1.14337
1783248060000,1.14337,1.14337,1.14337,1.14337
1783248120000,1.14337,1.14337,1.14337,1.14337
1783248180000,1.14337,1.14337,1.14337,1.14337
1783248240000,1.14337,1.14337,1.14337,1.14337
1783248300000,1.14337,1.14337,1.14337,1.14337
1783248360000,1.14337,1.14337,1.14337,1.14337
1783248420000,1.14337,1.14337,1.14337,1.14337
1783248480000,1.14337,1.14337,1.14337,1.14337
1783248540000,1.14337,1.14337,1.14337,1.14337
1783248600000,1.14337,1.14337,1.14337,1.14337
1783248660000,1.14337,1.14337,1.14337,1.14337
1783248720000,1.14337,1.14337,1.14337,1.14337
1783248780000,1.14337,1.14337,1.14337,1.14337
1783248840000,1.14337,1.14337,1.14337,1.14337
1783248900000,1.14337,1.14337,1.14337,1.14337
1783248960000,1.14337,1.14337,1.14337,1.14337
1783249020000,1.14337,1.14337,1.14337,1.14337
1783249080000,1.14337,1.14337,1.14337,1.14337
1783249140000,1.14337,1.14337,1.14337,1.14337
1783249200000,1.14337,1.14337,1.14337,1.14337
1783249260000,1.14337,1.14337,1.14337,1.14337
1783249320000,1.14337,1.14337,1.14337,1.14337
1783249380000,1.14337,1.14337,1.14337,1.14337
1783249440000,1.14337,1.14337,1.14337,1.14337
1783249500000,1.14337,1.14337,1.14337,1.14337
1783249560000,1.14337,1.14337,1.14337,1.14337
1783249620000,1.14337,1.14337,1.14337,1.14337
1783249680000,1.14337,1.14337,1.14337,1.14337
1783249740000,1.14337,1.14337,1.14337,1.14337
1783249800000,1.14337,1.14337,1.14337,1.14337
1783249860000,1.14337,1.14337,1.14337,1.14337
1783249920000,1.14337,1.14337,1.14337,1.14337
1783249980000,1.14337,1.14337,1.14337,1.14337
1783250040000,1.14337,1.14337,1.14337,1.14337
1783250100000,1.14337,1.14337,1.14337,1.14337
1783250160000,1.14337,1.14337,1.14337,1.14337
1783250220000,1.14337,1.14337,1.14337,1.14337
1783250280000,1.14337,1.14337,1.14337,1.14337
1783250340000,1.14337,1.14337,1.14337,1.14337
1783250400000,1.14337,1.14337,1.14337,1.14337
1783250460000,1.14337,1.14337,1.14337,1.14337
1783250520000,1.14337,1.14337,1.14337,1.14337
1783250580000,1.14337,1.14337,1.14337,1.14337
1783250640000,1.14337,1.14337,1.14337,1.14337
1783250700000,1.14337,1.14337,1.14337,1.14337
1783250760000,1.14337,1.14337,1.14337,1.14337
1783250820000,1.14337,1.14337,1.14337,1.14337
1783250880000,1.14337,1.14337,1.14337,1.14337
1783250940000,1.14337,1.14337,1.14337,1.14337
1783251000000,1.14337,1.14337,1.14337,1.14337
1783251060000,1.14337,1.14337,1.14337,1.14337
1783251120000,1.14337,1.14337,1.14337,1.14337
1783251180000,1.14337,1.14337,1.14337,1.14337
1783251240000,1.14337,1.14337,1.14337,1.14337
1783251300000,1.14337,1.14337,1.14337,1.14337
1783251360000,1.14337,1.14337,1.14337,1.14337
1783251420000,1.14337,1.14337,1.14337,1.14337
1783251480000,1.14337,1.14337,1.14337,1.14337
1783251540000,1.14337,1.14337,1.14337,1.14337
1783251600000,1.14337,1.14337,1.14337,1.14337
1783251660000,1.14337,1.14337,1.14337,1.14337
1783251720000,1.14337,1.14337,1.14337,1.14337
1783251780000,1.14337,1.14337,1.14337,1.14337
1783251840000,1.14337,1.14337,1.14337,1.14337
1783251900000,1.14337,1.14337,1.14337,1.14337
1783251960000,1.14337,1.14337,1.14337,1.14337
1783252020000,1.14337,1.14337,1.14337,1.14337
1783252080000,1.14337,1.14337,1.14337,1.14337
1783252140000,1.14337,1.14337,1.14337,1.14337
1783252200000,1.14337,1.14337,1.14337,1.14337
1783252260000,1.14337,1.14337,1.14337,1.14337
1783252320000,1.14337,1.14337,1.14337,1.14337
1783252380000,1.14337,1.14337,1.14337,1.14337
1783252440000,1.14337,1.14337,1.14337,1.14337
1783252500000,1.14337,1.14337,1.14337,1.14337
1783252560000,1.14337,1.14337,1.14337,1.14337
1783252620000,1.14337,1.14337,1.14337,1.14337
1783252680000,1.14337,1.14337,1.14337,1.14337
1783252740000,1.14337,1.14337,1.14337,1.14337
1783252800000,1.14337,1.14337,1.14337,1.14337
1783252860000,1.14337,1.14337,1.14337,1.14337
1783252920000,1.14337,1.14337,1.14337,1.14337
1783252980000,1.14337,1.14337,1.14337,1.14337
1783253040000,1.14337,1.14337,1.14337,1.14337
1783253100000,1.14337,1.14337,1.14337,1.14337
1783253160000,1.14337,1.14337,1.14337,1.14337
1783253220000,1.14337,1.14337,1.14337,1.14337
1783253280000,1.14337,1.14337,1.14337,1.14337
1783253340000,1.14337,1.14337,1.14337,1.14337
1783253400000,1.14337,1.14337,1.14337,1.14337
1783253460000,1.14337,1.14337,1.14337,1.14337
1783253520000,1.14337,1.14337,1.14337,1.14337
1783253580000,1.14337,1.14337,1.14337,1.14337
1783253640000,1.14337,1.14337,1.14337,1.14337
1783253700000,1.14337,1.14337,1.14337,1.14337
1783253760000,1.14337,1.14337,1.14337,1.14337
1783253820000,1.14337,1.14337,1.14337,1.14337
1783253880000,1.14337,1.14337,1.14337,1.14337
1783253940000,1.14337,1.14337,1.14337,1.14337
1783254000000,1.14337,1.14337,1.14337,1.14337
1783254060000,1.14337,1.14337,1.14337,1.14337
1783254120000,1.14337,1.14337,1.14337,1.14337
1783254180000,1.14337,1.14337,1.14337,1.14337
1783254240000,1.14337,1.14337,1.14337,1.14337
1783254300000,1.14337,1.14337,1.14337,1.14337
1783254360000,1.14337,1.14337,1.14337,1.14337
1783254420000,1.14337,1.14337,1.14337,1.14337
1783254480000,1.14337,1.14337,1.14337,1.14337
1783254540000,1.14337,1.14337,1.14337,1.14337
1783254600000,1.14337,1.14337,1.14337,1.14337
1783254660000,1.14337,1.14337,1.14337,1.14337
1783254720000,1.14337,1.14337,1.14337,1.14337
1783254780000,1.14337,1.14337,1.14337,1.14337
1783254840000,1.14337,1.14337,1.14337,1.14337
1783254900000,1.14337,1.14337,1.14337,1.14337
1783254960000,1.14337,1.14337,1.14337,1.14337
1783255020000,1.14337,1.14337,1.14337,1.14337
1783255080000,1.14337,1.14337,1.14337,1.14337
1783255140000,1.14337,1.14337,1.14337,1.14337
1783255200000,1.14337,1.14337,1.14337,1.14337
1783255260000,1.14337,1.14337,1.14337,1.14337
1783255320000,1.14337,1.14337,1.14337,1.14337
1783255380000,1.14337,1.14337,1.14337,1.14337
1783255440000,1.14337,1.14337,1.14337,1.14337
1783255500000,1.14337,1.14337,1.14337,1.14337
1783255560000,1.14337,1.14337,1.14337,1.14337
1783255620000,1.14337,1.14337,1.14337,1.14337
1783255680000,1.14337,1.14337,1.14337,1.14337
1783255740000,1.14337,1.14337,1.14337,1.14337
1783255800000,1.14337,1.14337,1.14337,1.14337
1783255860000,1.14337,1.14337,1.14337,1.14337
1783255920000,1.14337,1.14337,1.14337,1.14337
1783255980000,1.14337,1.14337,1.14337,1.14337
1783256040000,1.14337,1.14337,1.14337,1.14337
1783256100000,1.14337,1.14337,1.14337,1.14337
1783256160000,1.14337,1.14337,1.14337,1.14337
1783256220000,1.14337,1.14337,1.14337,1.14337
1783256280000,1.14337,1.14337,1.14337,1.14337
1783256340000,1.14337,1.14337,1.14337,1.14337
1783256400000,1.14337,1.14337,1.14337,1.14337
1783256460000,1.14337,1.14337,1.14337,1.14337
1783256520000,1.14337,1.14337,1.14337,1.14337
1783256580000,1.14337,1.14337,1.14337,1.14337
1783256640000,1.14337,1.14337,1.14337,1.14337
1783256700000,1.14337,1.14337,1.14337,1.14337
1783256760000,1.14337,1.14337,1.14337,1.14337
1783256820000,1.14337,1.14337,1.14337,1.14337
1783256880000,1.14337,1.14337,1.14337,1.14337
1783256940000,1.14337,1.14337,1.14337,1.14337
1783257000000,1.14337,1.14337,1.14337,1.14337
1783257060000,1.14337,1.14337,1.14337,1.14337
1783257120000,1.14337,1.14337,1.14337,1.14337
1783257180000,1.14337,1.14337,1.14337,1.14337
1783257240000,1.14337,1.14337,1.14337,1.14337
1783257300000,1.14337,1.14337,1.14337,1.14337
1783257360000,1.14337,1.14337,1.14337,1.14337
1783257420000,1.14337,1.14337,1.14337,1.14337
1783257480000,1.14337,1.14337,1.14337,1.14337
1783257540000,1.14337,1.14337,1.14337,1.14337
1783257600000,1.14337,1.14337,1.14337,1.14337
1783257660000,1.14337,1.14337,1.14337,1.14337
1783257720000,1.14337,1.14337,1.14337,1.14337
1783257780000,1.14337,1.14337,1.14337,1.14337
1783257840000,1.14337,1.14337,1.14337,1.14337
1783257900000,1.14337,1.14337,1.14337,1.14337
1783257960000,1.14337,1.14337,1.14337,1.14337
1783258020000,1.14337,1.14337,1.14337,1.14337
1783258080000,1.14337,1.14337,1.14337,1.14337
1783258140000,1.14337,1.14337,1.14337,1.14337
1783258200000,1.14337,1.14337,1.14337,1.14337
1783258260000,1.14337,1.14337,1.14337,1.14337
1783258320000,1.14337,1.14337,1.14337,1.14337
1783258380000,1.14337,1.14337,1.14337,1.14337
1783258440000,1.14337,1.14337,1.14337,1.14337
1783258500000,1.14337,1.14337,1.14337,1.14337
1783258560000,1.14337,1.14337,1.14337,1.14337
1783258620000,1.14337,1.14337,1.14337,1.14337
1783258680000,1.14337,1.14337,1.14337,1.14337
1783258740000,1.14337,1.14337,1.14337,1.14337
1783258800000,1.14337,1.14337,1.14337,1.14337
1783258860000,1.14337,1.14337,1.14337,1.14337
1783258920000,1.14337,1.14337,1.14337,1.14337
1783258980000,1.14337,1.14337,1.14337,1.14337
1783259040000,1.14337,1.14337,1.14337,1.14337
1783259100000,1.14337,1.14337,1.14337,1.14337
1783259160000,1.14337,1.14337,1.14337,1.14337
1783259220000,1.14337,1.14337,1.14337,1.14337
1783259280000,1.14337,1.14337,1.14337,1.14337
1783259340000,1.14337,1.14337,1.14337,1.14337
1783259400000,1.14337,1.14337,1.14337,1.14337
1783259460000,1.14337,1.14337,1.14337,1.14337
1783259520000,1.14337,1.14337,1.14337,1.14337
1783259580000,1.14337,1.14337,1.14337,1.14337
1783259640000,1.14337,1.14337,1.14337,1.14337
1783259700000,1.14337,1.14337,1.14337,1.14337
1783259760000,1.14337,1.14337,1.14337,1.14337
1783259820000,1.14337,1.14337,1.14337,1.14337
1783259880000,1.14337,1.14337,1.14337,1.14337
1783259940000,1.14337,1.14337,1.14337,1.14337
1783260000000,1.14337,1.14337,1.14337,1.14337
1783260060000,1.14337,1.14337,1.14337,1.14337
1783260120000,1.14337,1.14337,1.14337,1.14337
1783260180000,1.14337,1.14337,1.14337,1.14337
1783260240000,1.14337,1.14337,1.14337,1.14337
1783260300000,1.14337,1.14337,1.14337,1.14337
1783260360000,1.14337,1.14337,1.14337,1.14337
1783260420000,1.14337,1.14337,1.14337,1.14337
1783260480000,1.14337,1.14337,1.14337,1.14337
1783260540000,1.14337,1.14337,1.14337,1.14337
1783260600000,1.14337,1.14337,1.14337,1.14337
1783260660000,1.14337,1.14337,1.14337,1.14337
1783260720000,1.14337,1.14337,1.14337,1.14337
1783260780000,1.14337,1.14337,1.14337,1.14337
1783260840000,1.14337,1.14337,1.14337,1.14337
1783260900000,1.14337,1.14337,1.14337,1.14337
1783260960000,1.14337,1.14337,1.14337,1.14337
1783261020000,1.14337,1.14337,1.14337,1.14337
1783261080000,1.14337,1.14337,1.14337,1.14337
1783261140000,1.14337,1.14337,1.14337,1.14337
1783261200000,1.14337,1.14337,1.14337,1.14337
1783261260000,1.14337,1.14337,1.14337,1.14337
1783261320000,1.14337,1.14337,1.14337,1.14337
1783261380000,1.14337,1.14337,1.14337,1.14337
1783261440000,1.14337,1.14337,1.14337,1.14337
1783261500000,1.14337,1.14337,1.14337,1.14337
1783261560000,1.14337,1.14337,1.14337,1.14337
1783261620000,1.14337,1.14337,1.14337,1.14337
1783261680000,1.14337,1.14337,1.14337,1.14337
1783261740000,1.14337,1.14337,1.14337,1.14337
1783261800000,1.14337,1.14337,1.14337,1.14337
1783261860000,1.14337,1.14337,1.14337,1.14337
1783261920000,1.14337,1.14337,1.14337,1.14337
1783261980000,1.14337,1.14337,1.14337,1.14337
1783262040000,1.14337,1.14337,1.14337,1.14337
1783262100000,1.14337,1.14337,1.14337,1.14337
1783262160000,1.14337,1.14337,1.14337,1.14337
1783262220000,1.14337,1.14337,1.14337,1.14337
1783262280000,1.14337,1.14337,1.14337,1.14337
1783262340000,1.14337,1.14337,1.14337,1.14337
1783262400000,1.14337,1.14337,1.14337,1.14337
1783262460000,1.14337,1.14337,1.14337,1.14337
1783262520000,1.14337,1.14337,1.14337,1.14337
1783262580000,1.14337,1.14337,1.14337,1.14337
1783262640000,1.14337,1.14337,1.14337,1.14337
1783262700000,1.14337,1.14337,1.14337,1.14337
1783262760000,1.14337,1.14337,1.14337,1.14337
1783262820000,1.14337,1.14337,1.14337,1.14337
1783262880000,1.14337,1.14337,1.14337,1.14337
1783262940000,1.14337,1.14337,1.14337,1.14337
1783263000000,1.14337,1.14337,1.14337,1.14337
1783263060000,1.14337,1.14337,1.14337,1.14337
1783263120000,1.14337,1.14337,1.14337,1.14337
1783263180000,1.14337,1.14337,1.14337,1.14337
1783263240000,1.14337,1.14337,1.14337,1.14337
1783263300000,1.14337,1.14337,1.14337,1.14337
1783263360000,1.14337,1.14337,1.14337,1.14337
1783263420000,1.14337,1.14337,1.14337,1.14337
1783263480000,1.14337,1.14337,1.14337,1.14337
1783263540000,1.14337,1.14337,1.14337,1.14337
1783263600000,1.14337,1.14337,1.14337,1.14337
1783263660000,1.14337,1.14337,1.14337,1.14337
1783263720000,1.14337,1.14337,1.14337,1.14337
1783263780000,1.14337,1.14337,1.14337,1.14337
1783263840000,1.14337,1.14337,1.14337,1.14337
1783263900000,1.14337,1.14337,1.14337,1.14337
1783263960000,1.14337,1.14337,1.14337,1.14337
1783264020000,1.14337,1.14337,1.14337,1.14337
1783264080000,1.14337,1.14337,1.14337,1.14337
1783264140000,1.14337,1.14337,1.14337,1.14337
1783264200000,1.14337,1.14337,1.14337,1.14337
1783264260000,1.14337,1.14337,1.14337,1.14337
1783264320000,1.14337,1.14337,1.14337,1.14337
1783264380000,1.14337,1.14337,1.14337,1.14337
1783264440000,1.14337,1.14337,1.14337,1.14337
1783264500000,1.14337,1.14337,1.14337,1.14337
1783264560000,1.14337,1.14337,1.14337,1.14337
1783264620000,1.14337,1.14337,1.14337,1.14337
1783264680000,1.14337,1.14337,1.14337,1.14337
1783264740000,1.14337,1.14337,1.14337,1.14337
1783264800000,1.14337,1.14337,1.14337,1.14337
1783264860000,1.14337,1.14337,1.14337,1.14337
1783264920000,1.14337,1.14337,1.14337,1.14337
1783264980000,1.14337,1.14337,1.14337,1.14337
1783265040000,1.14337,1.14337,1.14337,1.14337
1783265100000,1.14337,1.14337,1.14337,1.14337
1783265160000,1.14337,1.14337,1.14337,1.14337
1783265220000,1.14337,1.14337,1.14337,1.14337
1783265280000,1.14337,1.14337,1.14337,1.14337
1783265340000,1.14337,1.14337,1.14337,1.14337
1783265400000,1.14337,1.14337,1.14337,1.14337
1783265460000,1.14337,1.14337,1.14337,1.14337
1783265520000,1.14337,1.14337,1.14337,1.14337
1783265580000,1.14337,1.14337,1.14337,1.14337
1783265640000,1.14337,1.14337,1.14337,1.14337
1783265700000,1.14337,1.14337,1.14337,1.14337
1783265760000,1.14337,1.14337,1.14337,1.14337
1783265820000,1.14337,1.14337,1.14337,1.14337
1783265880000,1.14337,1.14337,1.14337,1.14337
1783265940000,1.14337,1.14337,1.14337,1.14337
1783266000000,1.14337,1.14337,1.14337,1.14337
1783266060000,1.14337,1.14337,1.14337,1.14337
1783266120000,1.14337,1.14337,1.14337,1.14337
1783266180000,1.14337,1.14337,1.14337,1.14337
1783266240000,1.14337,1.14337,1.14337,1.14337
1783266300000,1.14337,1.14337,1.14337,1.14337
1783266360000,1.14337,1.14337,1.14337,1.14337
1783266420000,1.14337,1.14337,1.14337,1.14337
1783266480000,1.14337,1.14337,1.14337,1.14337
1783266540000,1.14337,1.14337,1.14337,1.14337
1783266600000,1.14337,1.14337,1.14337,1.14337
1783266660000,1.14337,1.14337,1.14337,1.14337
1783266720000,1.14337,1.14337,1.14337,1.14337
1783266780000,1.14337,1.14337,1.14337,1.14337
1783266840000,1.14337,1.14337,1.14337,1.14337
1783266900000,1.14337,1.14337,1.14337,1.14337
1783266960000,1.14337,1.14337,1.14337,1.14337
1783267020000,1.14337,1.14337,1.14337,1.14337
1783267080000,1.14337,1.14337,1.14337,1.14337
1783267140000,1.14337,1.14337,1.14337,1.14337
1783267200000,1.14337,1.14337,1.14337,1.14337
1783267260000,1.14337,1.14337,1.14337,1.14337
1783267320000,1.14337,1.14337,1.14337,1.14337
1783267380000,1.14337,1.14337,1.14337,1.14337
1783267440000,1.14337,1.14337,1.14337,1.14337
1783267500000,1.14337,1.14337,1.14337,1.14337
1783267560000,1.14337,1.14337,1.14337,1.14337
1783267620000,1.14337,1.14337,1.14337,1.14337
1783267680000,1.14337,1.14337,1.14337,1.14337
1783267740000,1.14337,1.14337,1.14337,1.14337
1783267800000,1.14337,1.14337,1.14337,1.14337
1783267860000,1.14337,1.14337,1.14337,1.14337
1783267920000,1.14337,1.14337,1.14337,1.14337
1783267980000,1.14337,1.14337,1.14337,1.14337
1783268040000,1.14337,1.14337,1.14337,1.14337
1783268100000,1.14337,1.14337,1.14337,1.14337
1783268160000,1.14337,1.14337,1.14337,1.14337
1783268220000,1.14337,1.14337,1.14337,1.14337
1783268280000,1.14337,1.14337,1.14337,1.14337
1783268340000,1.14337,1.14337,1.14337,1.14337
1783268400000,1.14337,1.14337,1.14337,1.14337
1783268460000,1.14337,1.14337,1.14337,1.14337
1783268520000,1.14337,1.14337,1.14337,1.14337
1783268580000,1.14337,1.14337,1.14337,1.14337
1783268640000,1.14337,1.14337,1.14337,1.14337
1783268700000,1.14337,1.14337,1.14337,1.14337
1783268760000,1.14337,1.14337,1.14337,1.14337
1783268820000,1.14337,1.14337,1.14337,1.14337
1783268880000,1.14337,1.14337,1.14337,1.14337
1783268940000,1.14337,1.14337,1.14337,1.14337
1783269000000,1.14337,1.14337,1.14337,1.14337
1783269060000,1.14337,1.14337,1.14337,1.14337
1783269120000,1.14337,1.14337,1.14337,1.14337
1783269180000,1.14337,1.14337,1.14337,1.14337
1783269240000,1.14337,1.14337,1.14337,1.14337
1783269300000,1.14337,1.14337,1.14337,1.14337
1783269360000,1.14337,1.14337,1.14337,1.14337
1783269420000,1.14337,1.14337,1.14337,1.14337
1783269480000,1.14337,1.14337,1.14337,1.14337
1783269540000,1.14337,1.14337,1.14337,1.14337
1783269600000,1.14337,1.14337,1.14337,1.14337
1783269660000,1.14337,1.14337,1.14337,1.14337
1783269720000,1.14337,1.14337,1.14337,1.14337
1783269780000,1.14337,1.14337,1.14337,1.14337
1783269840000,1.14337,1.14337,1.14337,1.14337
1783269900000,1.14337,1.14337,1.14337,1.14337
1783269960000,1.14337,1.14337,1.14337,1.14337
1783270020000,1.14337,1.14337,1.14337,1.14337
1783270080000,1.14337,1.14337,1.14337,1.14337
1783270140000,1.14337,1.14337,1.14337,1.14337
1783270200000,1.14337,1.14337,1.14337,1.14337
1783270260000,1.14337,1.14337,1.14337,1.14337
1783270320000,1.14337,1.14337,1.14337,1.14337
1783270380000,1.14337,1.14337,1.14337,1.14337
1783270440000,1.14337,1.14337,1.14337,1.14337
1783270500000,1.14337,1.14337,1.14337,1.14337
1783270560000,1.14337,1.14337,1.14337,1.14337
1783270620000,1.14337,1.14337,1.14337,1.14337
1783270680000,1.14337,1.14337,1.14337,1.14337
1783270740000,1.14337,1.14337,1.14337,1.14337
1783270800000,1.14337,1.14337,1.14337,1.14337
1783270860000,1.14337,1.14337,1.14337,1.14337
1783270920000,1.14337,1.14337,1.14337,1.14337
1783270980000,1.14337,1.14337,1.14337,1.14337
1783271040000,1.14337,1.14337,1.14337,1.14337
1783271100000,1.14337,1.14337,1.14337,1.14337
1783271160000,1.14337,1.14337,1.14337,1.14337
1783271220000,1.14337,1.14337,1.14337,1.14337
1783271280000,1.14337,1.14337,1.14337,1.14337
1783271340000,1.14337,1.14337,1.14337,1.14337
1783271400000,1.14337,1.14337,1.14337,1.14337
1783271460000,1.14337,1.14337,1.14337,1.14337
1783271520000,1.14337,1.14337,1.14337,1.14337
1783271580000,1.14337,1.14337,1.14337,1.14337
1783271640000,1.14337,1.14337,1.14337,1.14337
1783271700000,1.14337,1.14337,1.14337,1.14337
1783271760000,1.14337,1.14337,1.14337,1.14337
1783271820000,1.14337,1.14337,1.14337,1.14337
1783271880000,1.14337,1.14337,1.14337,1.14337
1783271940000,1.14337,1.14337,1.14337,1.14337
1783272000000,1.14337,1.14337,1.14337,1.14337
1783272060000,1.14337,1.14337,1.14337,1.14337
1783272120000,1.14337,1.14337,1.14337,1.14337
1783272180000,1.14337,1.14337,1.14337,1.14337
1783272240000,1.14337,1.14337,1.14337,1.14337
1783272300000,1.14337,1.14337,1.14337,1.14337
1783272360000,1.14337,1.14337,1.14337,1.14337
1783272420000,1.14337,1.14337,1.14337,1.14337
1783272480000,1.14337,1.14337,1.14337,1.14337
1783272540000,1.14337,1.14337,1.14337,1.14337
1783272600000,1.14337,1.14337,1.14337,1.14337
1783272660000,1.14337,1.14337,1.14337,1.14337
1783272720000,1.14337,1.14337,1.14337,1.14337
1783272780000,1.14337,1.14337,1.14337,1.14337
1783272840000,1.14337,1.14337,1.14337,1.14337
1783272900000,1.14337,1.14337,1.14337,1.14337
1783272960000,1.14337,1.14337,1.14337,1.14337
1783273020000,1.14337,1.14337,1.14337,1.14337
1783273080000,1.14337,1.14337,1.14337,1.14337
1783273140000,1.14337,1.14337,1.14337,1.14337
1783273200000,1.14337,1.14337,1.14337,1.14337
1783273260000,1.14337,1.14337,1.14337,1.14337
1783273320000,1.14337,1.14337,1.14337,1.14337
1783273380000,1.14337,1.14337,1.14337,1.14337
1783273440000,1.14337,1.14337,1.14337,1.14337
1783273500000,1.14337,1.14337,1.14337,1.14337
1783273560000,1.14337,1.14337,1.14337,1.14337
1783273620000,1.14337,1.14337,1.14337,1.14337
1783273680000,1.14337,1.14337,1.14337,1.14337
1783273740000,1.14337,1.14337,1.14337,1.14337
1783273800000,1.14337,1.14337,1.14337,1.14337
1783273860000,1.14337,1.14337,1.14337,1.14337
1783273920000,1.14337,1.14337,1.14337,1.14337
1783273980000,1.14337,1.14337,1.14337,1.14337
1783274040000,1.14337,1.14337,1.14337,1.14337
1783274100000,1.14337,1.14337,1.14337,1.14337
1783274160000,1.14337,1.14337,1.14337,1.14337
1783274220000,1.14337,1.14337,1.14337,1.14337
1783274280000,1.14337,1.14337,1.14337,1.14337
1783274340000,1.14337,1.14337,1.14337,1.14337
1783274400000,1.14337,1.14337,1.14337,1.14337
1783274460000,1.14337,1.14337,1.14337,1.14337
1783274520000,1.14337,1.14337,1.14337,1.14337
1783274580000,1.14337,1.14337,1.14337,1.14337
1783274640000,1.14337,1.14337,1.14337,1.14337
1783274700000,1.14337,1.14337,1.14337,1.14337
1783274760000,1.14337,1.14337,1.14337,1.14337
1783274820000,1.14337,1.14337,1.14337,1.14337
1783274880000,1.14337,1.14337,1.14337,1.14337
1783274940000,1.14337,1.14337,1.14337,1.14337
1783275000000,1.14337,1.14337,1.14337,1.14337
1783275060000,1.14337,1.14337,1.14337,1.14337
1783275120000,1.14337,1.14337,1.14337,1.14337
1783275180000,1.14337,1.14337,1.14337,1.14337
1783275240000,1.14337,1.14337,1.14337,1.14337
1783275300000,1.14337,1.14337,1.14337,1.14337
1783275360000,1.14337,1.14337,1.14337,1.14337
1783275420000,1.14337,1.14337,1.14337,1.14337
1783275480000,1.14337,1.14337,1.14337,1.14337
1783275540000,1.14337,1.14337,1.14337,1.14337
1783275600000,1.14337,1.14337,1.14337,1.14337
1783275660000,1.14337,1.14337,1.14337,1.14337
1783275720000,1.14337,1.14337,1.14337,1.14337
1783275780000,1.14337,1.14337,1.14337,1.14337
1783275840000,1.14337,1.14337,1.14337,1.14337
1783275900000,1.14337,1.14337,1.14337,1.14337
1783275960000,1.14337,1.14337,1.14337,1.14337
1783276020000,1.14337,1.14337,1.14337,1.14337
1783276080000,1.14337,1.14337,1.14337,1.14337
1783276140000,1.14337,1.14337,1.14337,1.14337
1783276200000,1.14337,1.14337,1.14337,1.14337
1783276260000,1.14337,1.14337,1.14337,1.14337
1783276320000,1.14337,1.14337,1.14337,1.14337
1783276380000,1.14337,1.14337,1.14337,1.14337
1783276440000,1.14337,1.14337,1.14337,1.14337
1783276500000,1.14337,1.14337,1.14337,1.14337
1783276560000,1.14337,1.14337,1.14337,1.14337
1783276620000,1.14337,1.14337,1.14337,1.14337
1783276680000,1.14337,1.14337,1.14337,1.14337
1783276740000,1.14337,1.14337,1.14337,1.14337
1783276800000,1.14337,1.14337,1.14337,1.14337
1783276860000,1.14337,1.14337,1.14337,1.14337
1783276920000,1.14337,1.14337,1.14337,1.14337
1783276980000,1.14337,1.14337,1.14337,1.14337
1783277040000,1.14337,1.14337,1.14337,1.14337
1783277100000,1.14337,1.14337,1.14337,1.14337
1783277160000,1.14337,1.14337,1.14337,1.14337
1783277220000,1.14337,1.14337,1.14337,1.14337
1783277280000,1.14337,1.14337,1.14337,1.14337
1783277340000,1.14337,1.14337,1.14337,1.14337
1783277400000,1.14337,1.14337,1.14337,1.14337
1783277460000,1.14337,1.14337,1.14337,1.14337
1783277520000,1.14337,1.14337,1.14337,1.14337
1783277580000,1.14337,1.14337,1.14337,1.14337
1783277640000,1.14337,1.14337,1.14337,1.14337
1783277700000,1.14337,1.14337,1.14337,1.14337
1783277760000,1.14337,1.14337,1.14337,1.14337
1783277820000,1.14337,1.14337,1.14337,1.14337
1783277880000,1.14337,1.14337,1.14337,1.14337
1783277940000,1.14337,1.14337,1.14337,1.14337
1783278000000,1.14337,1.14337,1.14337,1.14337
1783278060000,1.14337,1.14337,1.14337,1.14337
1783278120000,1.14337,1.14337,1.14337,1.14337
1783278180000,1.14337,1.14337,1.14337,1.14337
1783278240000,1.14337,1.14337,1.14337,1.14337
1783278300000,1.14337,1.14337,1.14337,1.14337
1783278360000,1.14337,1.14337,1.14337,1.14337
1783278420000,1.14337,1.14337,1.14337,1.14337
1783278480000,1.14337,1.14337,1.14337,1.14337
1783278540000,1.14337,1.14337,1.14337,1.14337
1783278600000,1.14337,1.14337,1.14337,1.14337
1783278660000,1.14337,1.14337,1.14337,1.14337
1783278720000,1.14337,1.14337,1.14337,1.14337
1783278780000,1.14337,1.14337,1.14337,1.14337
1783278840000,1.14337,1.14337,1.14337,1.14337
1783278900000,1.14337,1.14337,1.14337,1.14337
1783278960000,1.14337,1.14337,1.14337,1.14337
1783279020000,1.14337,1.14337,1.14337,1.14337
1783279080000,1.14337,1.14337,1.14337,1.14337
1783279140000,1.14337,1.14337,1.14337,1.14337
1783279200000,1.14337,1.14337,1.14337,1.14337
1783279260000,1.14337,1.14337,1.14337,1.14337
1783279320000,1.14337,1.14337,1.14337,1.14337
1783279380000,1.14337,1.14337,1.14337,1.14337
1783279440000,1.14337,1.14337,1.14337,1.14337
1783279500000,1.14337,1.14337,1.14337,1.14337
1783279560000,1.14337,1.14337,1.14337,1.14337
1783279620000,1.14337,1.14337,1.14337,1.14337
1783279680000,1.14337,1.14337,1.14337,1.14337
1783279740000,1.14337,1.14337,1.14337,1.14337
1783279800000,1.14337,1.14337,1.14337,1.14337
1783279860000,1.14337,1.14337,1.14337,1.14337
1783279920000,1.14337,1.14337,1.14337,1.14337
1783279980000,1.14337,1.14337,1.14337,1.14337
1783280040000,1.14337,1.14337,1.14337,1.14337
1783280100000,1.14337,1.14337,1.14337,1.14337
1783280160000,1.14337,1.14337,1.14337,1.14337
1783280220000,1.14337,1.14337,1.14337,1.14337
1783280280000,1.14337,1.14337,1.14337,1.14337
1783280340000,1.14337,1.14337,1.14337,1.14337
1783280400000,1.14337,1.14337,1.14337,1.14337
1783280460000,1.14337,1.14337,1.14337,1.14337
1783280520000,1.14337,1.14337,1.14337,1.14337
1783280580000,1.14337,1.14337,1.14337,1.14337
1783280640000,1.14337,1.14337,1.14337,1.14337
1783280700000,1.14337,1.14337,1.14337,1.14337
1783280760000,1.14337,1.14337,1.14337,1.14337
1783280820000,1.14337,1.14337,1.14337,1.14337
1783280880000,1.14337,1.14337,1.14337,1.14337
1783280940000,1.14337,1.14337,1.14337,1.14337
1783281000000,1.14337,1.14337,1.14337,1.14337
1783281060000,1.14337,1.14337,1.14337,1.14337
1783281120000,1.14337,1.14337,1.14337,1.14337
1783281180000,1.14337,1.14337,1.14337,1.14337
1783281240000,1.14337,1.14337,1.14337,1.14337
1783281300000,1.14337,1.14337,1.14337,1.14337
1783281360000,1.14337,1.14337,1.14337,1.14337
1783281420000,1.14337,1.14337,1.14337,1.14337
1783281480000,1.14337,1.14337,1.14337,1.14337
1783281540000,1.14337,1.14337,1.14337,1.14337
1783281600000,1.14337,1.14337,1.14337,1.14337
1783281660000,1.14337,1.14337,1.14337,1.14337
1783281720000,1.14337,1.14337,1.14337,1.14337
1783281780000,1.14337,1.14337,1.14337,1.14337
1783281840000,1.14337,1.14337,1.14337,1.14337
1783281900000,1.14337,1.14337,1.14337,1.14337
1783281960000,1.14337,1.14337,1.14337,1.14337
1783282020000,1.14337,1.14337,1.14337,1.14337
1783282080000,1.14337,1.14337,1.14337,1.14337
1783282140000,1.14337,1.14337,1.14337,1.14337
1783282200000,1.14337,1.14337,1.14337,1.14337
1783282260000,1.14337,1.14337,1.14337,1.14337
1783282320000,1.14337,1.14337,1.14337,1.14337
1783282380000,1.14337,1.14337,1.14337,1.14337
1783282440000,1.14337,1.14337,1.14337,1.14337
1783282500000,1.14337,1.14337,1.14337,1.14337
1783282560000,1.14337,1.14337,1.14337,1.14337
1783282620000,1.14337,1.14337,1.14337,1.14337
1783282680000,1.14337,1.14337,1.14337,1.14337
1783282740000,1.14337,1.14337,1.14337,1.14337
1783282800000,1.14337,1.14337,1.14337,1.14337
1783282860000,1.14337,1.14337,1.14337,1.14337
1783282920000,1.14337,1.14337,1.14337,1.14337
1783282980000,1.14337,1.14337,1.14337,1.14337
1783283040000,1.14337,1.14337,1.14337,1.14337
1783283100000,1.14337,1.14337,1.14337,1.14337
1783283160000,1.14337,1.14337,1.14337,1.14337
1783283220000,1.14337,1.14337,1.14337,1.14337
1783283280000,1.14337,1.14337,1.14337,1.14337
1783283340000,1.14337,1.14337,1.14337,1.14337
1783283400000,1.14337,1.14337,1.14337,1.14337
1783283460000,1.14337,1.14337,1.14337,1.14337
1783283520000,1.14337,1.14337,1.14337,1.14337
1783283580000,1.14337,1.14337,1.14337,1.14337
1783283640000,1.14337,1.14337,1.14337,1.14337
1783283700000,1.14337,1.14337,1.14337,1.14337
1783283760000,1.14337,1.14337,1.14337,1.14337
1783283820000,1.14337,1.14337,1.14337,1.14337
1783283880000,1.14337,1.14337,1.14337,1.14337
1783283940000,1.14337,1.14337,1.14337,1.14337
1783284000000,1.14337,1.14337,1.14337,1.14337
1783284060000,1.14337,1.14337,1.14337,1.14337
1783284120000,1.14337,1.14337,1.14337,1.14337
1783284180000,1.14337,1.14337,1.14337,1.14337
1783284240000,1.14337,1.14337,1.14337,1.14337
1783284300000,1.14337,1.14337,1.14337,1.14337
1783284360000,1.14337,1.14337,1.14337,1.14337
1783284420000,1.14337,1.14337,1.14337,1.14337
1783284480000,1.14337,1.14337,1.14337,1.14337
1783284540000,1.14337,1.14337,1.14337,1.14337
1783284600000,1.14337,1.14337,1.14337,1.14337
1783284660000,1.14337,1.14337,1.14337,1.14337
1783284720000,1.14337,1.14337,1.14337,1.14337
1783284780000,1.14337,1.14337,1.14337,1.14337
1783284840000,1.14337,1.14337,1.14337,1.14337
1783284900000,1.14337,1.14337,1.14337,1.14337
1783284960000,1.14337,1.14337,1.14337,1.14337
1783285020000,1.14337,1.14337,1.14337,1.14337
1783285080000,1.14337,1.14337,1.14337,1.14337
1783285140000,1.14337,1.14337,1.14337,1.14337
1783285200000,1.14378,1.14378,1.14378,1.14378
1783285260000,1.14378,1.14378,1.1437,1.1437
1783285320000,1.1436,1.14368,1.1436,1.14368
1783285380000,1.14368,1.14368,1.14368,1.14368
1783285440000,1.1432,1.14344,1.1432,1.14343
1783285500000,1.14326,1.14328,1.14326,1.14328
1783285560000,1.14328,1.14328,1.14328,1.14328
1783285620000,1.14328,1.14328,1.14328,1.14328
1783285680000,1.14328,1.14328,1.14328,1.14328
1783285740000,1.14344,1.14344,1.14344,1.14344
1783285800000,1.14344,1.14344,1.14331,1.14331
1783285860000,1.14323,1.14323,1.14323,1.14323
1783285920000,1.14332,1.14343,1.14332,1.14343
1783285980000,1.14334,1.14334,1.14333,1.14333
1783286040000,1.14332,1.14334,1.1433,1.1433
1783286100000,1.1433,1.14348,1.1433,1.14338
1783286160000,1.14338,1.14338,1.14329,1.14329
1783286220000,1.14344,1.14344,1.14343,1.14343
1783286280000,1.1433,1.14344,1.14329,1.14344
1783286340000,1.14344,1.14344,1.14344,1.14344
1783286400000,1.14344,1.14344,1.14329,1.14343
1783286460000,1.14342,1.14342,1.14341,1.14341
1783286520000,1.14339,1.14339,1.14339,1.14339
1783286580000,1.14337,1.14337,1.14336,1.14336
1783286640000,1.14336,1.14336,1.14335,1.14335
1783286700000,1.14335,1.14335,1.14334,1.14334
1783286760000,1.14333,1.14333,1.14333,1.14333
1783286820000,1.14333,1.14333,1.14333,1.14333
1783286880000,1.14333,1.14333,1.14333,1.14333
1783286940000,1.14333,1.14333,1.14333,1.14333
1783287000000,1.14338,1.14338,1.1433,1.14331
1783287060000,1.14332,1.14338,1.1433,1.14334
1783287120000,1.14338,1.14338,1.14332,1.14334
1783287180000,1.14335,1.14338,1.14332,1.14338
1783287240000,1.14334,1.14338,1.14332,1.14337
1783287300000,1.14335,1.14338,1.14332,1.14332
1783287360000,1.14344,1.14349,1.14344,1.14348
1783287420000,1.14348,1.14351,1.14348,1.14351
1783287480000,1.14349,1.1435,1.14349,1.1435
1783287540000,1.14349,1.14349,1.14349,1.14349
1783287600000,1.14349,1.14349,1.14349,1.14349
1783287660000,1.14343,1.14349,1.14343,1.14348
1783287720000,1.14349,1.14349,1.14349,1.14349
1783287780000,1.14348,1.14349,1.14348,1.14348
1783287840000,1.14349,1.14349,1.14349,1.14349
1783287900000,1.14348,1.14351,1.14348,1.14348
1783287960000,1.14343,1.14344,1.14343,1.14344
1783288020000,1.14343,1.14344,1.14343,1.14344
1783288080000,1.14343,1.14344,1.14343,1.14343
1783288140000,1.14343,1.14344,1.14343,1.14344
1783288200000,1.14341,1.14346,1.1434,1.14346
1783288260000,1.14341,1.14345,1.14341,1.14345
1783288320000,1.14347,1.14348,1.14347,1.14348
1783288380000,1.14346,1.14348,1.14346,1.14348
1783288440000,1.14344,1.14344,1.14344,1.14344
1783288500000,1.14345,1.14345,1.14344,1.14344
1783288560000,1.14346,1.14346,1.14346,1.14346
1783288620000,1.14341,1.14341,1.1434,1.1434
1783288680000,1.14345,1.14348,1.14345,1.14345
1783288740000,1.14344,1.14344,1.14341,1.14342
1783288800000,1.14344,1.14375,1.14342,1.14364
1783288860000,1.14368,1.14373,1.14361,1.14371
1783288920000,1.1437,1.14371,1.14354,1.14354
1783288980000,1.14354,1.14361,1.14354,1.1436
1783289040000,1.1436,1.14362,1.14358,1.14359
1783289100000,1.14358,1.14359,1.14345,1.14345
1783289160000,1.14348,1.14349,1.14345,1.14347
1783289220000,1.14345,1.1435,1.14345,1.1435
1783289280000,1.1435,1.14361,1.1435,1.14358
1783289340000,1.14355,1.14355,1.14351,1.14352
1783289400000,1.14353,1.14362,1.14352,1.14362
1783289460000,1.14364,1.14365,1.14362,1.14363
1783289520000,1.14363,1.14364,1.14357,1.14357
1783289580000,1.14359,1.1436,1.14357,1.14358
1783289640000,1.14357,1.14358,1.14357,1.14358
1783289700000,1.14357,1.14357,1.14354,1.14355
1783289760000,1.14357,1.14358,1.14353,1.14354
1783289820000,1.14354,1.14356,1.14354,1.14355
1783289880000,1.14354,1.14355,1.14353,1.14354
1783289940000,1.14354,1.14356,1.14354,1.14356
1783290000000,1.14356,1.14356,1.14351,1.14355
1783290060000,1.14354,1.14356,1.14354,1.14355
1783290120000,1.14357,1.14361,1.14357,1.14361
1783290180000,1.14362,1.14366,1.14361,1.14366
1783290240000,1.14366,1.14366,1.14366,1.14366
1783290300000,1.14366,1.14366,1.14363,1.14365
1783290360000,1.14363,1.14363,1.14362,1.14362
1783290420000,1.14363,1.14365,1.14363,1.14364
1783290480000,1.14362,1.14366,1.14362,1.14366
1783290540000,1.14364,1.14364,1.14361,1.14361
1783290600000,1.14361,1.14362,1.1436,1.14361
1783290660000,1.14362,1.14365,1.1436,1.14364
1783290720000,1.14365,1.14366,1.14365,1.14366
1783290780000,1.14366,1.14367,1.14365,1.14367
1783290840000,1.14366,1.14367,1.14365,1.14365
1783290900000,1.14365,1.14367,1.14365,1.14365
1783290960000,1.14366,1.14366,1.14366,1.14366
1783291020000,1.14366,1.14366,1.14366,1.14366
1783291080000,1.14366,1.14366,1.14366,1.14366
1783291140000,1.14369,1.14375,1.14369,1.14372
1783291200000,1.1437,1.14372,1.14369,1.14372
1783291260000,1.14371,1.14371,1.14371,1.14371
1783291320000,1.14371,1.14372,1.1437,1.1437
1783291380000,1.14371,1.14372,1.14371,1.14371
1783291440000,1.14372,1.14376,1.14371,1.14376
1783291500000,1.14375,1.14375,1.14375,1.14375
1783291560000,1.14375,1.14376,1.14374,1.14374
1783291620000,1.14374,1.14376,1.14374,1.14376
1783291680000,1.14376,1.14376,1.14376,1.14376
1783291740000,1.14374,1.14374,1.14373,1.14374
1783291800000,1.14372,1.14372,1.1437,1.1437
1783291860000,1.14373,1.14376,1.14373,1.14375
1783291920000,1.14375,1.14375,1.14371,1.14372
1783291980000,1.14371,1.14372,1.14371,1.14372
1783292040000,1.14371,1.14371,1.14365,1.14365
1783292100000,1.14366,1.14366,1.14358,1.14359
1783292160000,1.14359,1.1436,1.14359,1.1436
1783292220000,1.14365,1.14366,1.14365,1.14365
1783292280000,1.14365,1.14365,1.14365,1.14365
1783292340000,1.14365,1.14365,1.14363,1.14363
1783292400000,1.14365,1.14369,1.14362,1.14367
1783292460000,1.14368,1.14369,1.14367,1.14368
1783292520000,1.1437,1.1437,1.14359,1.14359
1783292580000,1.14356,1.14356,1.14351,1.14355
1783292640000,1.14352,1.14352,1.14343,1.14344
1783292700000,1.14342,1.14345,1.14341,1.14345
1783292760000,1.14344,1.14345,1.1434,1.1434
1783292820000,1.14343,1.14343,1.1434,1.14342
1783292880000,1.1434,1.14346,1.1434,1.14342
1783292940000,1.14343,1.14343,1.14335,1.14335
1783293000000,1.14334,1.14338,1.14334,1.14338
1783293060000,1.14341,1.14342,1.1434,1.1434
1783293120000,1.14341,1.14346,1.1434,1.14346
1783293180000,1.14343,1.14343,1.14335,1.14337
1783293240000,1.14336,1.14341,1.14336,1.14341
1783293300000,1.14342,1.14343,1.14338,1.14338
1783293360000,1.14335,1.14335,1.1433,1.1433
1783293420000,1.14332,1.14338,1.14332,1.14337
1783293480000,1.14335,1.14335,1.14335,1.14335
1783293540000,1.14332,1.14335,1.14331,1.14335
1783293600000,1.14336,1.14345,1.14335,1.14345
1783293660000,1.14344,1.14346,1.14344,1.14346
1783293720000,1.14345,1.14346,1.14345,1.14346
1783293780000,1.14345,1.14349,1.14345,1.14349
1783293840000,1.14346,1.14346,1.14343,1.14343
1783293900000,1.14343,1.14347,1.1434,1.14343
1783293960000,1.14346,1.14348,1.14346,1.14348
1783294020000,1.14348,1.14356,1.14348,1.14356
1783294080000,1.14355,1.14367,1.14355,1.14365
1783294140000,1.14363,1.14365,1.1436,1.1436
1783294200000,1.14361,1.14361,1.14357,1.1436
1783294260000,1.1436,1.14364,1.14357,1.14363
1783294320000,1.14365,1.14369,1.14364,1.14366
1783294380000,1.14366,1.14366,1.14362,1.14364
1783294440000,1.14364,1.14364,1.14362,1.14364
1783294500000,1.14365,1.14366,1.14365,1.14365
1783294560000,1.14366,1.14366,1.14361,1.14361
1783294620000,1.14362,1.14367,1.14361,1.14365
1783294680000,1.14365,1.1437,1.14365,1.14367
1783294740000,1.14369,1.14371,1.14368,1.14371
1783294800000,1.14369,1.14375,1.14369,1.14375
1783294860000,1.14374,1.14374,1.1437,1.14371
1783294920000,1.14372,1.14375,1.14371,1.14372
1783294980000,1.14372,1.14373,1.14371,1.14372
1783295040000,1.14371,1.14375,1.1437,1.14371
1783295100000,1.14369,1.14371,1.14361,1.14365
1783295160000,1.14366,1.14379,1.14366,1.14374
1783295220000,1.14375,1.14376,1.14361,1.14361
1783295280000,1.14361,1.14365,1.1436,1.14365
1783295340000,1.14365,1.1437,1.14364,1.14365
1783295400000,1.14364,1.14364,1.14356,1.14358
1783295460000,1.14359,1.14359,1.14356,1.14359
1783295520000,1.14358,1.14359,1.14354,1.14354
1783295580000,1.14355,1.14355,1.14349,1.14353
1783295640000,1.14353,1.14357,1.14351,1.14357
1783295700000,1.14356,1.1436,1.14356,1.14358
1783295760000,1.1436,1.14372,1.14355,1.14368
1783295820000,1.14368,1.14374,1.14366,1.14371
1783295880000,1.14369,1.14377,1.14367,1.14373
1783295940000,1.14374,1.14375,1.14365,1.14365
1783296000000,1.14366,1.14372,1.14354,1.14355
1783296060000,1.14354,1.14373,1.14354,1.14364
1783296120000,1.14365,1.14374,1.14362,1.14368
1783296180000,1.14367,1.1437,1.14356,1.14365
1783296240000,1.14366,1.14367,1.14351,1.14351
1783296300000,1.14352,1.14359,1.14352,1.14355
1783296360000,1.14353,1.14353,1.14345,1.14346
1783296420000,1.14347,1.1435,1.14344,1.14345
1783296480000,1.14344,1.14348,1.14344,1.14346
1783296540000,1.14345,1.14347,1.14329,1.14331
1783296600000,1.1433,1.14341,1.14327,1.14341
1783296660000,1.14341,1.14345,1.14341,1.14345
1783296720000,1.14345,1.14351,1.1434,1.14351
1783296780000,1.14352,1.14364,1.14351,1.14364
1783296840000,1.14363,1.14363,1.14356,1.14362
1783296900000,1.1436,1.14376,1.1436,1.14376
1783296960000,1.14376,1.14402,1.14372,1.14401
1783297020000,1.14401,1.1441,1.14394,1.14394
1783297080000,1.14394,1.14394,1.14378,1.14381
1783297140000,1.1438,1.14388,1.14379,1.14385
1783297200000,1.14385,1.14391,1.14381,1.14391
1783297260000,1.14389,1.1439,1.14381,1.1439
1783297320000,1.1439,1.1439,1.14385,1.14388
1783297380000,1.14386,1.14388,1.1438,1.14381
1783297440000,1.14381,1.14384,1.14376,1.14382
1783297500000,1.14381,1.14382,1.14375,1.14376
1783297560000,1.14375,1.14375,1.14365,1.14365
1783297620000,1.14364,1.14378,1.14364,1.14376
1783297680000,1.14375,1.14381,1.14374,1.14379
1783297740000,1.1438,1.14385,1.14376,1.14385
1783297800000,1.14384,1.14404,1.14384,1.14398
1783297860000,1.14395,1.14396,1.14382,1.14388
1783297920000,1.1439,1.14397,1.14388,1.14395
1783297980000,1.14396,1.14403,1.1439,1.1439
1783298040000,1.1439,1.1439,1.14382,1.14386
1783298100000,1.14386,1.14386,1.14376,1.14383
1783298160000,1.14382,1.14388,1.14376,1.14388
1783298220000,1.1439,1.144,1.14389,1.14399
1783298280000,1.14399,1.14402,1.14385,1.14385
1783298340000,1.14386,1.14396,1.14386,1.14394
1783298400000,1.14395,1.14403,1.14394,1.14402
1783298460000,1.14401,1.14405,1.144,1.14404
1783298520000,1.14404,1.14406,1.14397,1.14404
1783298580000,1.14402,1.14402,1.14395,1.14395
1783298640000,1.14395,1.14399,1.14393,1.14395
1783298700000,1.14397,1.144,1.14394,1.14394
1783298760000,1.14395,1.14401,1.14395,1.14399
1783298820000,1.144,1.144,1.14394,1.14395
1783298880000,1.14395,1.14398,1.14388,1.14388
1783298940000,1.14386,1.14386,1.14374,1.14382
1783299000000,1.14381,1.14383,1.14371,1.14374
1783299060000,1.14376,1.14382,1.14375,1.14376
1783299120000,1.14376,1.14386,1.1437,1.14383
1783299180000,1.14384,1.14386,1.14378,1.14386
1783299240000,1.14385,1.14389,1.14371,1.14382
1783299300000,1.14384,1.14395,1.14378,1.14393
1783299360000,1.14394,1.144,1.1438,1.14382
1783299420000,1.14383,1.14391,1.14381,1.1439
1783299480000,1.14392,1.14392,1.14381,1.14383
1783299540000,1.14383,1.14389,1.14377,1.1438
1783299600000,1.14382,1.14383,1.14369,1.14372
1783299660000,1.14373,1.14378,1.14371,1.14374
1783299720000,1.14372,1.14376,1.14369,1.14375
1783299780000,1.14374,1.14374,1.14367,1.14369
1783299840000,1.14369,1.14373,1.14364,1.14366
1783299900000,1.14366,1.1437,1.1436,1.14362
1783299960000,1.14361,1.14369,1.14358,1.14359
1783300020000,1.1436,1.14364,1.14354,1.14355
1783300080000,1.14354,1.14369,1.14354,1.14362
1783300140000,1.1436,1.14365,1.14358,1.14365
1783300200000,1.14365,1.14386,1.14365,1.14381
1783300260000,1.14381,1.14381,1.14369,1.14369
1783300320000,1.14366,1.1437,1.14354,1.1436
1783300380000,1.14361,1.14366,1.14356,1.14366
1783300440000,1.14366,1.1437,1.14365,1.14367
1783300500000,1.14365,1.14365,1.14358,1.1436
1783300560000,1.1436,1.14366,1.1435,1.1435
1783300620000,1.14349,1.1435,1.14341,1.14341
1783300680000,1.14343,1.14352,1.14343,1.14351
1783300740000,1.14352,1.14356,1.14344,1.14347
1783300800000,1.14348,1.14348,1.1433,1.14336
1783300860000,1.14337,1.14337,1.14319,1.1432
1783300920000,1.1432,1.14324,1.14318,1.14319
1783300980000,1.14321,1.14322,1.14316,1.14316
1783301040000,1.14319,1.14327,1.14319,1.14326
1783301100000,1.14327,1.1433,1.1432,1.1432
1783301160000,1.14321,1.14321,1.14306,1.14311
1783301220000,1.14311,1.14311,1.14308,1.14308
1783301280000,1.14309,1.14316,1.14307,1.14315
1783301340000,1.14314,1.14316,1.14309,1.14316
1783301400000,1.14315,1.1432,1.14306,1.14311
1783301460000,1.1431,1.14325,1.1431,1.14325
1783301520000,1.14326,1.1433,1.1432,1.14323
1783301580000,1.14325,1.14326,1.1432,1.14324
1783301640000,1.14325,1.14325,1.14313,1.14318
1783301700000,1.14317,1.14324,1.14315,1.14316
1783301760000,1.14317,1.14324,1.14317,1.14323
1783301820000,1.14325,1.1434,1.14325,1.1434
1783301880000,1.1434,1.14345,1.14338,1.14342
1783301940000,1.14343,1.14347,1.1434,1.14347
1783302000000,1.14347,1.14349,1.1434,1.14342
1783302060000,1.14342,1.14347,1.14338,1.14341
1783302120000,1.1434,1.1434,1.14334,1.14339
1783302180000,1.14338,1.14341,1.14332,1.14336
1783302240000,1.14336,1.14343,1.14334,1.14339
1783302300000,1.14338,1.1434,1.14327,1.14327
1783302360000,1.14327,1.14327,1.14322,1.14324
1783302420000,1.14325,1.14335,1.14325,1.14335
1783302480000,1.14335,1.14336,1.14326,1.14329
1783302540000,1.14328,1.1433,1.14316,1.14317
1783302600000,1.14317,1.14318,1.14309,1.1431
1783302660000,1.1431,1.14311,1.14302,1.14311
1783302720000,1.14311,1.14311,1.14304,1.14306
1783302780000,1.14308,1.14316,1.14304,1.14305
1783302840000,1.14305,1.14308,1.14304,1.14306
1783302900000,1.14308,1.1431,1.143,1.14301
1783302960000,1.14301,1.14305,1.14299,1.14301
1783303020000,1.14301,1.14302,1.14292,1.14296
1783303080000,1.14293,1.14295,1.14283,1.14286
1783303140000,1.14285,1.14287,1.14284,1.14285
1783303200000,1.14284,1.14295,1.14282,1.14295
1783303260000,1.14295,1.14295,1.14289,1.14294
1783303320000,1.14291,1.143,1.1429,1.14296
1783303380000,1.14296,1.14298,1.14293,1.14297
1783303440000,1.14298,1.143,1.14294,1.14294
1783303500000,1.14294,1.14294,1.14284,1.14288
1783303560000,1.14287,1.14288,1.14282,1.14283
1783303620000,1.14283,1.14283,1.14274,1.1428
1783303680000,1.14281,1.14286,1.14279,1.14284
1783303740000,1.14286,1.14291,1.14279,1.14289
1783303800000,1.14291,1.14293,1.14284,1.14292
1783303860000,1.14293,1.14299,1.14287,1.14298
1783303920000,1.14296,1.14298,1.14289,1.14289
1783303980000,1.1429,1.14294,1.14289,1.14293
1783304040000,1.14294,1.14298,1.14292,1.14296
1783304100000,1.14296,1.14297,1.14289,1.14295
1783304160000,1.14294,1.14294,1.14286,1.14291
1783304220000,1.1429,1.14297,1.14287,1.14297
1783304280000,1.14295,1.143,1.1429,1.143
1783304340000,1.14299,1.14301,1.14297,1.14299
1783304400000,1.143,1.14306,1.143,1.14306
1783304460000,1.14306,1.14307,1.14299,1.143
1783304520000,1.14302,1.14303,1.143,1.14301
1783304580000,1.14302,1.14302,1.14295,1.14295
1783304640000,1.14296,1.14297,1.1429,1.14291
1783304700000,1.14291,1.14298,1.14291,1.14295
1783304760000,1.14297,1.14299,1.14294,1.14296
1783304820000,1.14295,1.14297,1.14292,1.14292
1783304880000,1.14293,1.14299,1.14293,1.14294
1783304940000,1.14293,1.14293,1.1429,1.14292
1783305000000,1.14291,1.14296,1.14288,1.14294
1783305060000,1.14293,1.14296,1.1429,1.14293
1783305120000,1.14293,1.14296,1.14293,1.14296
1783305180000,1.14299,1.14301,1.14297,1.14298
1783305240000,1.14299,1.143,1.14296,1.14297
1783305300000,1.14299,1.14304,1.14294,1.14294
1783305360000,1.14293,1.14296,1.1429,1.14295
1783305420000,1.14296,1.14296,1.14292,1.14293
1783305480000,1.14296,1.14297,1.14293,1.14297
1783305540000,1.14298,1.143,1.14295,1.14295
1783305600000,1.14296,1.14296,1.14286,1.14287
1783305660000,1.14288,1.14298,1.14287,1.14298
1783305720000,1.14298,1.143,1.14295,1.14297
1783305780000,1.14298,1.143,1.14297,1.14298
1783305840000,1.14297,1.14298,1.14292,1.14295
1783305900000,1.14295,1.14306,1.14295,1.14306
1783305960000,1.14306,1.14308,1.14306,1.14308
1783306020000,1.14307,1.14312,1.14307,1.14307
1783306080000,1.14307,1.1431,1.14307,1.1431
1783306140000,1.1431,1.14311,1.14307,1.14308
1783306200000,1.14309,1.14311,1.14305,1.14305
1783306260000,1.14305,1.14321,1.14305,1.1432
1783306320000,1.1432,1.14331,1.1432,1.14331
1783306380000,1.1433,1.14335,1.14327,1.14331
1783306440000,1.14331,1.14332,1.1433,1.1433
1783306500000,1.1433,1.14334,1.1433,1.14332
1783306560000,1.14331,1.14331,1.14327,1.1433
1783306620000,1.14332,1.14347,1.14332,1.14344
1783306680000,1.14344,1.14348,1.14344,1.14348
1783306740000,1.14347,1.1435,1.14336,1.14336
1783306800000,1.14336,1.14347,1.14336,1.14345
1783306860000,1.14343,1.14356,1.14343,1.14353
1783306920000,1.14352,1.14352,1.14347,1.14349
1783306980000,1.14348,1.14351,1.14346,1.14346
1783307040000,1.14346,1.14349,1.14344,1.14346
1783307100000,1.14344,1.14345,1.14342,1.14343
1783307160000,1.14344,1.14344,1.14339,1.14343
1783307220000,1.14342,1.14343,1.1434,1.14343
1783307280000,1.14342,1.14342,1.14337,1.14338
1783307340000,1.14341,1.14343,1.14338,1.14338
1783307400000,1.14338,1.14342,1.14336,1.14337
1783307460000,1.14337,1.14341,1.14337,1.14338
1783307520000,1.14338,1.1434,1.14334,1.14334
1783307580000,1.14336,1.14336,1.14331,1.14331
1783307640000,1.14333,1.14333,1.1433,1.1433
1783307700000,1.14327,1.14327,1.14316,1.14318
1783307760000,1.1432,1.1433,1.1432,1.14327
1783307820000,1.14329,1.14332,1.14329,1.14331
1783307880000,1.14329,1.14329,1.14326,1.14327
1783307940000,1.14326,1.14327,1.14324,1.14326
1783308000000,1.14324,1.14328,1.14322,1.14324
1783308060000,1.14325,1.14327,1.14319,1.1432
1783308120000,1.1432,1.14321,1.14307,1.14312
1783308180000,1.14312,1.14316,1.14305,1.14305
1783308240000,1.14305,1.14306,1.143,1.143
1783308300000,1.143,1.14307,1.14295,1.14305
1783308360000,1.14306,1.14306,1.14293,1.14297
1783308420000,1.14296,1.14305,1.14295,1.14303
1783308480000,1.14305,1.14305,1.14297,1.14298
1783308540000,1.14297,1.14298,1.14289,1.14289
1783308600000,1.14289,1.14291,1.14285,1.14286
1783308660000,1.14285,1.14286,1.14279,1.14283
1783308720000,1.14283,1.14286,1.14279,1.14284
1783308780000,1.14286,1.14287,1.14284,1.14286
1783308840000,1.14284,1.14287,1.14283,1.14286
1783308900000,1.14285,1.14297,1.14285,1.14295
1783308960000,1.14296,1.14299,1.14295,1.14297
1783309020000,1.14297,1.14297,1.1429,1.1429
1783309080000,1.14288,1.14293,1.14288,1.14292
1783309140000,1.14294,1.14298,1.14292,1.14296
1783309200000,1.14294,1.14299,1.14294,1.14297
1783309260000,1.14299,1.14301,1.14294,1.14299
1783309320000,1.143,1.14305,1.14298,1.14302
1783309380000,1.14302,1.14302,1.14299,1.14299
1783309440000,1.14299,1.14312,1.14298,1.14312
1783309500000,1.1431,1.14317,1.1431,1.14317
1783309560000,1.14316,1.14319,1.14315,1.14317
1783309620000,1.14316,1.14318,1.14315,1.14315
1783309680000,1.14316,1.14316,1.14309,1.14309
1783309740000,1.1431,1.1431,1.14304,1.14305
1783309800000,1.14306,1.1431,1.14304,1.14306
1783309860000,1.14306,1.14306,1.14305,1.14305
1783309920000,1.14304,1.14304,1.14295,1.14298
1783309980000,1.14297,1.14301,1.14297,1.143
1783310040000,1.143,1.14301,1.14298,1.14299
1783310100000,1.14301,1.14308,1.14301,1.14306
1783310160000,1.14306,1.14313,1.14305,1.14313
1783310220000,1.14313,1.14315,1.1431,1.14313
1783310280000,1.14314,1.1432,1.1431,1.14311
1783310340000,1.14311,1.1432,1.14311,1.14316
1783310400000,1.14316,1.14319,1.14315,1.14318
1783310460000,1.14316,1.14321,1.14316,1.1432
1783310520000,1.14319,1.14319,1.14315,1.14315
1783310580000,1.14316,1.14321,1.14315,1.14321
1783310640000,1.14321,1.14325,1.14321,1.14322
1783310700000,1.14322,1.14325,1.14321,1.14321
1783310760000,1.1432,1.1432,1.14316,1.14319
1783310820000,1.14318,1.14323,1.14316,1.14323
1783310880000,1.14322,1.14326,1.14321,1.14326
1783310940000,1.14325,1.14325,1.1432,1.1432
1783311000000,1.14322,1.14332,1.14322,1.14332
1783311060000,1.14331,1.14332,1.1433,1.14331
1783311120000,1.14331,1.14338,1.14331,1.14338
1783311180000,1.14337,1.14338,1.14333,1.14337
1783311240000,1.14339,1.14342,1.14331,1.14333
1783311300000,1.14331,1.14333,1.1433,1.14333
1783311360000,1.14331,1.1434,1.14331,1.14336
1783311420000,1.14335,1.14335,1.14327,1.14327
1783311480000,1.14327,1.14329,1.14325,1.14329
1783311540000,1.14326,1.14326,1.14325,1.14325
1783311600000,1.14326,1.14326,1.14324,1.14326
1783311660000,1.14325,1.14325,1.14324,1.14325
1783311720000,1.14325,1.14327,1.14321,1.14321
1783311780000,1.14321,1.14324,1.1432,1.14322
1783311840000,1.14321,1.14327,1.14321,1.14326
1783311900000,1.14326,1.14326,1.14324,1.14325
1783311960000,1.14326,1.14327,1.14321,1.14326
1783312020000,1.14326,1.14326,1.14322,1.14322
1783312080000,1.14322,1.14323,1.1432,1.1432
1783312140000,1.14321,1.14321,1.14319,1.14319
1783312200000,1.14321,1.14325,1.14321,1.14322
1783312260000,1.14322,1.14327,1.14322,1.14327
1783312320000,1.14328,1.14331,1.14326,1.1433
1783312380000,1.14331,1.14333,1.1433,1.14331
1783312440000,1.14331,1.14331,1.14325,1.14325
1783312500000,1.14325,1.14325,1.1432,1.14321
1783312560000,1.14321,1.14323,1.1432,1.14321
1783312620000,1.14323,1.14324,1.14322,1.14323
1783312680000,1.14323,1.14323,1.1432,1.1432
1783312740000,1.14321,1.14321,1.14317,1.14321
1783312800000,1.14321,1.14327,1.14321,1.14325
1783312860000,1.14324,1.14325,1.1432,1.14321
1783312920000,1.14321,1.14331,1.14321,1.14325
1783312980000,1.14326,1.14327,1.14324,1.14324
1783313040000,1.14324,1.14335,1.14323,1.14335
1783313100000,1.14332,1.14332,1.14326,1.14329
1783313160000,1.14327,1.14329,1.14322,1.14322
1783313220000,1.14322,1.14325,1.14321,1.14322
1783313280000,1.14324,1.14331,1.14324,1.14331
1783313340000,1.14331,1.14335,1.1433,1.14331
1783313400000,1.1433,1.14334,1.14327,1.14327
1783313460000,1.14328,1.14328,1.14318,1.14318
1783313520000,1.14319,1.14323,1.14319,1.14322
1783313580000,1.14321,1.14325,1.14321,1.14323
1783313640000,1.14324,1.14329,1.14324,1.14329
1783313700000,1.14331,1.14334,1.14324,1.14325
1783313760000,1.14327,1.14334,1.14324,1.14333
1783313820000,1.14331,1.14331,1.14329,1.14329
1783313880000,1.1433,1.14332,1.14328,1.14329
1783313940000,1.14328,1.14329,1.14327,1.14329
1783314000000,1.14328,1.14332,1.14315,1.14317
1783314060000,1.14317,1.14318,1.1431,1.14311
1783314120000,1.14311,1.14314,1.14308,1.14312
1783314180000,1.14311,1.14311,1.143,1.143
1783314240000,1.14298,1.14302,1.14298,1.14299
1783314300000,1.14298,1.14302,1.14297,1.14301
1783314360000,1.14299,1.14299,1.14294,1.14298
1783314420000,1.143,1.143,1.14295,1.14296
1783314480000,1.14296,1.14296,1.14289,1.14289
1783314540000,1.14287,1.14287,1.14285,1.14287
1783314600000,1.14289,1.1429,1.14286,1.14289
1783314660000,1.14286,1.14296,1.14285,1.14296
1783314720000,1.14296,1.14308,1.14294,1.14302
1783314780000,1.143,1.14306,1.14293,1.14299
1783314840000,1.143,1.14301,1.14294,1.14297
1783314900000,1.14296,1.14297,1.14292,1.14296
1783314960000,1.14297,1.14297,1.14293,1.14294
1783315020000,1.14293,1.14294,1.1429,1.14292
1783315080000,1.14291,1.14292,1.14282,1.14285
1783315140000,1.14286,1.14292,1.14283,1.14284
1783315200000,1.14285,1.1429,1.14283,1.1429
1783315260000,1.14289,1.14289,1.14279,1.14281
1783315320000,1.14282,1.1429,1.1428,1.14288
1783315380000,1.14286,1.14289,1.14282,1.14283
1783315440000,1.14284,1.14284,1.14278,1.14278
1783315500000,1.14279,1.14285,1.14279,1.14283
1783315560000,1.14283,1.14284,1.14275,1.14277
1783315620000,1.14276,1.1428,1.14275,1.1428
1783315680000,1.1428,1.14289,1.1428,1.14289
1783315740000,1.1429,1.1429,1.14286,1.14287
1783315800000,1.14285,1.14298,1.1428,1.14294
1783315860000,1.14294,1.14301,1.14293,1.14301
1783315920000,1.14302,1.14307,1.143,1.14307
1783315980000,1.14308,1.14321,1.14307,1.14321
1783316040000,1.14321,1.14322,1.14315,1.14315
1783316100000,1.14316,1.14316,1.14309,1.14315
1783316160000,1.14314,1.14317,1.14314,1.14315
1783316220000,1.14316,1.1432,1.14314,1.1432
1783316280000,1.14318,1.1432,1.14314,1.14317
1783316340000,1.14317,1.14323,1.14309,1.1431
1783316400000,1.1431,1.14315,1.14309,1.14313
1783316460000,1.14311,1.14313,1.143,1.14302
1783316520000,1.14304,1.14305,1.14298,1.14302
1783316580000,1.14301,1.14302,1.14296,1.14297
1783316640000,1.14297,1.14297,1.14294,1.14294
1783316700000,1.14295,1.14302,1.14289,1.14302
1783316760000,1.14303,1.14311,1.14303,1.14311
1783316820000,1.14309,1.14311,1.14309,1.14309
1783316880000,1.14309,1.14317,1.14308,1.14311
1783316940000,1.14312,1.14313,1.14301,1.14301
1783317000000,1.14303,1.14304,1.14298,1.143
1783317060000,1.14299,1.143,1.14293,1.14294
1783317120000,1.14295,1.143,1.14293,1.14296
1783317180000,1.14297,1.14299,1.1429,1.14294
1783317240000,1.14295,1.14302,1.14295,1.143
1783317300000,1.143,1.14302,1.14281,1.14282
1783317360000,1.14278,1.1429,1.14277,1.14281
1783317420000,1.14281,1.14282,1.14269,1.14269
1783317480000,1.14269,1.1427,1.14228,1.14233
1783317540000,1.14232,1.14244,1.14231,1.14235
1783317600000,1.14234,1.14285,1.14234,1.14272
1783317660000,1.14269,1.1428,1.14262,1.14268
1783317720000,1.14268,1.1428,1.14268,1.14279
1783317780000,1.14279,1.14279,1.14262,1.14271
1783317840000,1.1427,1.14276,1.14267,1.14276
1783317900000,1.14276,1.1428,1.14264,1.14265
1783317960000,1.14264,1.14269,1.14243,1.14257
1783318020000,1.14257,1.14271,1.14257,1.1427
1783318080000,1.14272,1.14283,1.14268,1.14281
1783318140000,1.14282,1.14289,1.14279,1.14282
1783318200000,1.14281,1.14283,1.1427,1.14271
1783318260000,1.1427,1.14275,1.14263,1.14275
1783318320000,1.14275,1.14275,1.14253,1.14254
1783318380000,1.14254,1.1426,1.14254,1.14254
1783318440000,1.14255,1.14257,1.14246,1.14254
1783318500000,1.14251,1.14254,1.14235,1.14235
1783318560000,1.14237,1.14238,1.14231,1.14233
1783318620000,1.14234,1.14251,1.14234,1.14243
1783318680000,1.14245,1.14246,1.14233,1.14233
1783318740000,1.14233,1.14234,1.14214,1.14224
1783318800000,1.14224,1.14235,1.14216,1.14233
1783318860000,1.14234,1.1425,1.14231,1.14249
1783318920000,1.1425,1.14256,1.14248,1.14248
1783318980000,1.14248,1.14248,1.14242,1.14243
1783319040000,1.14243,1.14248,1.1424,1.14248
1783319100000,1.14246,1.1425,1.14237,1.14239
1783319160000,1.14238,1.14238,1.1423,1.1423
1783319220000,1.14227,1.14234,1.14227,1.1423
1783319280000,1.1423,1.1423,1.14215,1.14226
1783319340000,1.14224,1.14238,1.14223,1.14238
1783319400000,1.1424,1.1424,1.14228,1.14235
1783319460000,1.14236,1.14242,1.14215,1.1422
1783319520000,1.14222,1.1423,1.1422,1.14229
1783319580000,1.14228,1.14244,1.14228,1.14243
1783319640000,1.14242,1.14251,1.14235,1.14236
1783319700000,1.14236,1.14241,1.14234,1.14234
1783319760000,1.14236,1.14236,1.14197,1.14199
1783319820000,1.14199,1.14229,1.14198,1.14229
1783319880000,1.1423,1.14239,1.1423,1.14236
1783319940000,1.14238,1.14242,1.14233,1.14235
1783320000000,1.14233,1.14242,1.1423,1.14237
1783320060000,1.14239,1.14247,1.14234,1.14234
1783320120000,1.14235,1.14241,1.14232,1.14234
1783320180000,1.14235,1.14238,1.14229,1.14229
1783320240000,1.14228,1.14234,1.14228,1.14234
1783320300000,1.14236,1.14253,1.1423,1.1425
1783320360000,1.14251,1.14253,1.1424,1.1424
1783320420000,1.1424,1.14241,1.14236,1.14239
1783320480000,1.14237,1.14239,1.1423,1.14235
1783320540000,1.14235,1.1424,1.14229,1.14233
1783320600000,1.14231,1.14232,1.14227,1.14231
1783320660000,1.1423,1.14231,1.14229,1.14231
1783320720000,1.14234,1.14238,1.14229,1.14229
1783320780000,1.1423,1.14231,1.14214,1.14214
1783320840000,1.14217,1.14225,1.14215,1.1422
1783320900000,1.14221,1.14226,1.14214,1.14214
1783320960000,1.14214,1.14216,1.14209,1.14211
1783321020000,1.14212,1.14212,1.142,1.14202
1783321080000,1.14204,1.14215,1.14204,1.14208
1783321140000,1.14208,1.14237,1.14208,1.14228
1783321200000,1.14227,1.14231,1.14177,1.14178
1783321260000,1.14179,1.14184,1.14165,1.14184
1783321320000,1.14187,1.14196,1.14182,1.14192
1783321380000,1.1419,1.14197,1.14183,1.14188
1783321440000,1.1419,1.14209,1.1419,1.142
1783321500000,1.142,1.14202,1.1419,1.14196
1783321560000,1.14194,1.14204,1.14189,1.14198
1783321620000,1.14198,1.14198,1.14185,1.1419
1783321680000,1.14189,1.1419,1.14183,1.14185
1783321740000,1.14185,1.14189,1.14179,1.14184
1783321800000,1.14186,1.14186,1.14175,1.14175
1783321860000,1.1418,1.14201,1.14176,1.14199
1783321920000,1.142,1.14206,1.14197,1.14203
1783321980000,1.14203,1.14222,1.14203,1.14221
1783322040000,1.1422,1.14254,1.14217,1.14253
1783322100000,1.14252,1.14266,1.14249,1.1426
1783322160000,1.14262,1.14277,1.14259,1.1427
1783322220000,1.14269,1.14275,1.14264,1.14266
1783322280000,1.14264,1.14282,1.14264,1.1427
1783322340000,1.14271,1.14276,1.14251,1.14257
1783322400000,1.14259,1.14263,1.14246,1.14248
1783322460000,1.14247,1.14252,1.14247,1.1425
1783322520000,1.1425,1.14251,1.14233,1.14245
1783322580000,1.14242,1.14255,1.14237,1.14248
1783322640000,1.14247,1.14249,1.14233,1.14242
1783322700000,1.14241,1.14241,1.14225,1.14225
1783322760000,1.14224,1.14229,1.14206,1.14218
1783322820000,1.14217,1.14237,1.14213,1.14229
1783322880000,1.14228,1.14237,1.14221,1.14222
1783322940000,1.14222,1.1423,1.14219,1.14223
1783323000000,1.14223,1.14236,1.14218,1.14224
1783323060000,1.14225,1.14237,1.14225,1.14236
1783323120000,1.14234,1.14255,1.14234,1.14248
1783323180000,1.1425,1.1425,1.14237,1.14239
1783323240000,1.14238,1.1424,1.14225,1.14225
1783323300000,1.14224,1.14234,1.14216,1.1422
1783323360000,1.14221,1.14228,1.14219,1.14226
1783323420000,1.14226,1.14241,1.14224,1.14241
1783323480000,1.14241,1.14247,1.14226,1.1423
1783323540000,1.14231,1.1425,1.1423,1.14249
1783323600000,1.1425,1.14254,1.14247,1.14252
1783323660000,1.14254,1.1426,1.14245,1.14253
1783323720000,1.14252,1.14256,1.14246,1.14248
1783323780000,1.14249,1.14257,1.14247,1.14254
1783323840000,1.14254,1.14271,1.14249,1.14251
1783323900000,1.14249,1.14261,1.14249,1.14259
1783323960000,1.14261,1.14262,1.1425,1.14255
1783324020000,1.14258,1.14261,1.14249,1.14249
1783324080000,1.1425,1.14262,1.14249,1.14255
1783324140000,1.14256,1.14266,1.1425,1.14252
1783324200000,1.14252,1.14259,1.14232,1.14236
1783324260000,1.14236,1.14241,1.14223,1.14234
1783324320000,1.14236,1.14246,1.14236,1.14242
1783324380000,1.14244,1.1425,1.14239,1.1424
1783324440000,1.14239,1.14243,1.14239,1.1424
1783324500000,1.14242,1.14256,1.1424,1.14248
1783324560000,1.14248,1.14262,1.14248,1.14261
1783324620000,1.14262,1.14274,1.14255,1.14261
1783324680000,1.1426,1.14264,1.14258,1.14264
1783324740000,1.14265,1.14267,1.14259,1.14264
1783324800000,1.14263,1.14271,1.14254,1.14258
1783324860000,1.14259,1.14259,1.14244,1.14244
1783324920000,1.14246,1.14246,1.14229,1.1423
1783324980000,1.1423,1.14234,1.14214,1.14232
1783325040000,1.14235,1.1424,1.14233,1.14238
1783325100000,1.14236,1.14242,1.14227,1.14237
1783325160000,1.14236,1.14239,1.14229,1.14229
1783325220000,1.14226,1.14236,1.14226,1.14227
1783325280000,1.14226,1.14234,1.14226,1.14228
1783325340000,1.14227,1.14227,1.14211,1.14211
1783325400000,1.14212,1.14215,1.14186,1.14188
1783325460000,1.1419,1.14191,1.14157,1.14165
1783325520000,1.14166,1.14193,1.14166,1.14193
1783325580000,1.14194,1.14203,1.1419,1.14196
1783325640000,1.14197,1.14198,1.1419,1.14191
1783325700000,1.14195,1.14203,1.14192,1.14202
1783325760000,1.14203,1.1421,1.14199,1.14201
1783325820000,1.14203,1.14205,1.14187,1.14187
1783325880000,1.14189,1.14192,1.14177,1.14179
1783325940000,1.14181,1.14182,1.14169,1.14174
1783326000000,1.14174,1.14186,1.14174,1.1418
1783326060000,1.1418,1.14182,1.1417,1.14179
1783326120000,1.14179,1.14194,1.14177,1.1419
1783326180000,1.1419,1.14191,1.14183,1.14183
1783326240000,1.14184,1.14188,1.14174,1.14174
1783326300000,1.14174,1.14181,1.14172,1.14178
1783326360000,1.14177,1.14185,1.14171,1.14185
1783326420000,1.14185,1.14186,1.1417,1.1417
1783326480000,1.14171,1.14175,1.14167,1.14175
1783326540000,1.14176,1.14189,1.14176,1.14188
1783326600000,1.14188,1.14208,1.14188,1.14207
1783326660000,1.14205,1.14206,1.14188,1.14189
1783326720000,1.14191,1.14201,1.14185,1.14185
1783326780000,1.14186,1.14196,1.14186,1.14188
1783326840000,1.14189,1.1419,1.14173,1.14179
1783326900000,1.1418,1.14186,1.1418,1.14186
1783326960000,1.14187,1.14192,1.14183,1.14192
1783327020000,1.14193,1.14196,1.14185,1.14185
1783327080000,1.14185,1.14187,1.14179,1.1418
1783327140000,1.14181,1.14185,1.14178,1.14185
1783327200000,1.14187,1.14195,1.14187,1.1419
1783327260000,1.14191,1.14196,1.14189,1.1419
1783327320000,1.1419,1.1419,1.14177,1.14183
1783327380000,1.14183,1.14184,1.14159,1.14163
1783327440000,1.14165,1.14171,1.14163,1.14166
1783327500000,1.14165,1.14173,1.14157,1.14158
1783327560000,1.14157,1.14166,1.14154,1.14166
1783327620000,1.14166,1.14171,1.14157,1.14161
1783327680000,1.1416,1.14168,1.1416,1.14163
1783327740000,1.14164,1.14164,1.14152,1.14155
1783327800000,1.14155,1.14157,1.14153,1.14155
1783327860000,1.14156,1.14184,1.14156,1.14177
1783327920000,1.14178,1.14192,1.14166,1.14189
1783327980000,1.14186,1.14192,1.14169,1.14184
1783328040000,1.14183,1.14183,1.14175,1.1418
1783328100000,1.1418,1.14185,1.14174,1.14182
1783328160000,1.14181,1.14186,1.14175,1.1418
1783328220000,1.14182,1.14192,1.14182,1.14186
1783328280000,1.14186,1.14201,1.14186,1.14198
1783328340000,1.14198,1.14205,1.14192,1.14204
1783328400000,1.14203,1.14204,1.14186,1.14188
1783328460000,1.14192,1.14197,1.1418,1.14186
1783328520000,1.14189,1.14193,1.14182,1.14192
1783328580000,1.14194,1.1421,1.14193,1.1421
1783328640000,1.14211,1.14211,1.14199,1.142
1783328700000,1.14198,1.14209,1.14197,1.14204
1783328760000,1.14204,1.14204,1.14196,1.14199
1783328820000,1.14197,1.14207,1.14197,1.14206
1783328880000,1.14207,1.14213,1.14206,1.14207
1783328940000,1.14205,1.1421,1.14198,1.14203
1783329000000,1.14201,1.14201,1.14184,1.14184
1783329060000,1.14184,1.14191,1.14184,1.14185
1783329120000,1.14182,1.14185,1.14175,1.14175
1783329180000,1.14176,1.14198,1.14174,1.14191
1783329240000,1.1419,1.14193,1.14186,1.14186
1783329300000,1.14186,1.14187,1.1418,1.14182
1783329360000,1.14182,1.14194,1.14175,1.14191
1783329420000,1.14192,1.14192,1.14182,1.14183
1783329480000,1.14182,1.14186,1.14182,1.14183
1783329540000,1.14182,1.14182,1.14177,1.14177
1783329600000,1.14175,1.14187,1.14168,1.14181
1783329660000,1.14182,1.1419,1.14181,1.14187
1783329720000,1.1419,1.14195,1.14189,1.14195
1783329780000,1.14194,1.14196,1.14185,1.14196
1783329840000,1.14197,1.14197,1.14193,1.14197
1783329900000,1.14197,1.14197,1.14189,1.14191
1783329960000,1.14192,1.14197,1.14183,1.14184
1783330020000,1.14183,1.14184,1.14175,1.14175
1783330080000,1.14175,1.14181,1.14172,1.14181
1783330140000,1.14179,1.14189,1.14177,1.14181
1783330200000,1.14181,1.14187,1.14178,1.14187
1783330260000,1.1419,1.14193,1.14187,1.14191
1783330320000,1.14191,1.14191,1.14185,1.14191
1783330380000,1.14192,1.14192,1.14182,1.14191
1783330440000,1.14189,1.14196,1.14188,1.14192
1783330500000,1.1419,1.14197,1.14186,1.14197
1783330560000,1.14198,1.14202,1.1419,1.14192
1783330620000,1.1419,1.14193,1.1419,1.14191
1783330680000,1.1419,1.14191,1.1418,1.1418
1783330740000,1.14181,1.14186,1.14181,1.14183
1783330800000,1.14186,1.14192,1.14185,1.14192
1783330860000,1.14191,1.14191,1.14183,1.14183
1783330920000,1.14183,1.14183,1.14176,1.14181
1783330980000,1.14179,1.14182,1.14174,1.14182
1783331040000,1.14181,1.14181,1.14172,1.14175
1783331100000,1.14172,1.14173,1.14161,1.14167
1783331160000,1.14166,1.14168,1.14159,1.14161
1783331220000,1.14161,1.14161,1.14156,1.1416
1783331280000,1.14161,1.14167,1.14156,1.14156
1783331340000,1.14154,1.14157,1.14148,1.14151
1783331400000,1.14151,1.14156,1.14149,1.14156
1783331460000,1.14157,1.14158,1.1415,1.1415
1783331520000,1.1415,1.14151,1.14129,1.1413
1783331580000,1.14129,1.14129,1.14121,1.14127
1783331640000,1.14124,1.14125,1.14109,1.14118
1783331700000,1.14122,1.14132,1.14118,1.14125
1783331760000,1.14126,1.14131,1.14126,1.14126
1783331820000,1.14126,1.1413,1.14124,1.14124
1783331880000,1.14123,1.14129,1.14123,1.14126
1783331940000,1.14127,1.14132,1.1412,1.14131
