timestamp,open,high,low,close
1781654400000,1.16094,1.16108,1.16087,1.1609
1781654460000,1.16088,1.16108,1.16088,1.16105
1781654520000,1.16108,1.16109,1.16102,1.16103
1781654580000,1.16104,1.16114,1.16104,1.16114
1781654640000,1.16113,1.16117,1.16113,1.16115
1781654700000,1.16114,1.16121,1.16113,1.16114
1781654760000,1.16115,1.16129,1.16115,1.16122
1781654820000,1.16123,1.16135,1.16119,1.16129
1781654880000,1.1613,1.16136,1.16128,1.16134
1781654940000,1.16135,1.16136,1.16129,1.16129
1781655000000,1.16133,1.16134,1.16128,1.16134
1781655060000,1.16133,1.16134,1.16129,1.16133
1781655120000,1.16132,1.16133,1.16128,1.16132
1781655180000,1.16135,1.1614,1.16135,1.16139
1781655240000,1.1614,1.1614,1.16133,1.16133
1781655300000,1.16134,1.1614,1.16133,1.16136
1781655360000,1.16135,1.16143,1.16135,1.16141
1781655420000,1.16143,1.16147,1.16143,1.16145
1781655480000,1.16144,1.16149,1.16143,1.16144
1781655540000,1.16141,1.16145,1.16139,1.16144
1781655600000,1.16144,1.16157,1.16144,1.16149
1781655660000,1.1615,1.1615,1.16145,1.16146
1781655720000,1.16147,1.16148,1.16143,1.16143
1781655780000,1.16143,1.16143,1.16138,1.16139
1781655840000,1.16138,1.16143,1.16137,1.16142
1781655900000,1.16144,1.16146,1.16141,1.16142
1781655960000,1.16144,1.16148,1.16142,1.16147
1781656020000,1.16151,1.16166,1.16151,1.16162
1781656080000,1.16161,1.16165,1.16155,1.1616
1781656140000,1.16159,1.16163,1.1615,1.16153
1781656200000,1.16151,1.16152,1.16148,1.16149
1781656260000,1.16153,1.16155,1.1615,1.16151
1781656320000,1.16148,1.16152,1.16143,1.16144
1781656380000,1.16142,1.16145,1.16141,1.16143
1781656440000,1.16143,1.16148,1.16141,1.16148
1781656500000,1.16148,1.16149,1.16148,1.16149
1781656560000,1.16149,1.16153,1.16149,1.16151
1781656620000,1.16153,1.16158,1.16151,1.16152
1781656680000,1.16153,1.16154,1.16148,1.16148
1781656740000,1.16148,1.16148,1.16145,1.16148
1781656800000,1.16147,1.16154,1.16146,1.16152
1781656860000,1.16151,1.16152,1.16148,1.16151
1781656920000,1.16152,1.16152,1.16151,1.16151
1781656980000,1.16151,1.16152,1.1615,1.16152
1781657040000,1.16152,1.16153,1.16149,1.16152
1781657100000,1.16151,1.16152,1.16142,1.16143
1781657160000,1.16141,1.16143,1.1614,1.16142
1781657220000,1.16142,1.16148,1.16142,1.16147
1781657280000,1.16147,1.16148,1.16144,1.16145
1781657340000,1.16148,1.16149,1.16131,1.16131
1781657400000,1.16132,1.16133,1.16127,1.16128
1781657460000,1.16128,1.16129,1.16124,1.16127
1781657520000,1.16128,1.16135,1.16128,1.16132
1781657580000,1.16133,1.1614,1.16133,1.16136
1781657640000,1.16136,1.16136,1.16124,1.16126
1781657700000,1.16127,1.16133,1.16127,1.16127
1781657760000,1.16127,1.16127,1.16123,1.16127
1781657820000,1.16128,1.16129,1.16124,1.16129
1781657880000,1.16131,1.1614,1.16131,1.1614
1781657940000,1.16142,1.16146,1.16142,1.16145
1781658000000,1.16144,1.16146,1.16136,1.16139
1781658060000,1.16141,1.16144,1.16138,1.16138
1781658120000,1.16138,1.16144,1.16137,1.16139
1781658180000,1.16139,1.16143,1.16138,1.16141
1781658240000,1.1614,1.16147,1.16139,1.16145
1781658300000,1.16143,1.16151,1.1614,1.16151
1781658360000,1.16149,1.16158,1.16148,1.1615
1781658420000,1.16151,1.16154,1.1615,1.1615
1781658480000,1.16152,1.16156,1.16148,1.16155
1781658540000,1.16157,1.16159,1.16148,1.16148
1781658600000,1.16146,1.16147,1.16143,1.16144
1781658660000,1.16145,1.16145,1.16143,1.16144
1781658720000,1.16148,1.1615,1.16148,1.1615
1781658780000,1.16148,1.16154,1.16148,1.16153
1781658840000,1.16151,1.16151,1.16138,1.16138
1781658900000,1.16138,1.16139,1.16132,1.16135
1781658960000,1.16133,1.16135,1.16132,1.16133
1781659020000,1.16134,1.16138,1.16134,1.16138
1781659080000,1.16138,1.16142,1.16138,1.16138
1781659140000,1.16139,1.16139,1.16133,1.16134
1781659200000,1.16133,1.16141,1.16131,1.1614
1781659260000,1.1614,1.1614,1.16134,1.16137
1781659320000,1.16135,1.16137,1.16134,1.16136
1781659380000,1.16138,1.16138,1.16132,1.16134
1781659440000,1.16133,1.16133,1.16128,1.1613
1781659500000,1.16131,1.16134,1.16131,1.16134
1781659560000,1.16133,1.16134,1.16129,1.16129
1781659620000,1.16131,1.16133,1.16129,1.16133
1781659680000,1.16131,1.16133,1.1613,1.1613
1781659740000,1.1613,1.1613,1.16118,1.16121
1781659800000,1.16121,1.16122,1.16113,1.16114
1781659860000,1.16115,1.16119,1.16113,1.16115
1781659920000,1.16114,1.16114,1.16102,1.16108
1781659980000,1.16108,1.16113,1.16108,1.16113
1781660040000,1.16113,1.16115,1.16113,1.16115
1781660100000,1.16117,1.16124,1.16117,1.16124
1781660160000,1.16124,1.16124,1.16122,1.16122
1781660220000,1.16121,1.16122,1.16118,1.16118
1781660280000,1.1612,1.1612,1.16119,1.16119
1781660340000,1.16118,1.16123,1.16118,1.16121
1781660400000,1.1612,1.16125,1.16116,1.1612
1781660460000,1.16121,1.16125,1.16116,1.16124
1781660520000,1.16126,1.16132,1.16123,1.1613
1781660580000,1.1613,1.16131,1.16129,1.16129
1781660640000,1.1613,1.16132,1.16127,1.1613
1781660700000,1.16132,1.16138,1.16132,1.16135
1781660760000,1.16134,1.16135,1.16126,1.16129
1781660820000,1.1613,1.16132,1.16125,1.16125
1781660880000,1.16124,1.16125,1.16118,1.1612
1781660940000,1.1612,1.16122,1.16115,1.16115
1781661000000,1.16116,1.16119,1.16113,1.16119
1781661060000,1.1612,1.16121,1.16117,1.16121
1781661120000,1.1612,1.16122,1.16114,1.16114
1781661180000,1.16115,1.16118,1.16115,1.16116
1781661240000,1.16114,1.1612,1.16114,1.1612
1781661300000,1.16119,1.16121,1.16116,1.16118
1781661360000,1.16118,1.1612,1.16116,1.1612
1781661420000,1.16118,1.1612,1.16116,1.16119
1781661480000,1.1612,1.16125,1.1612,1.16122
1781661540000,1.16121,1.16123,1.16121,1.16122
1781661600000,1.16122,1.16125,1.16119,1.16121
1781661660000,1.16121,1.16128,1.1612,1.16124
1781661720000,1.16125,1.16129,1.16124,1.16127
1781661780000,1.16129,1.16129,1.16124,1.16124
1781661840000,1.16124,1.16125,1.16123,1.16123
1781661900000,1.16122,1.16126,1.16121,1.16126
1781661960000,1.16127,1.16128,1.16123,1.16123
1781662020000,1.16123,1.16126,1.16123,1.16124
1781662080000,1.16123,1.16128,1.16122,1.16127
1781662140000,1.16127,1.16127,1.16123,1.16124
1781662200000,1.16122,1.16123,1.16122,1.16123
1781662260000,1.16123,1.16125,1.16121,1.16123
1781662320000,1.16124,1.16125,1.16121,1.16123
1781662380000,1.16124,1.16125,1.16121,1.16125
1781662440000,1.16124,1.16125,1.16123,1.16125
1781662500000,1.16123,1.16124,1.16117,1.16119
1781662560000,1.16119,1.16122,1.16118,1.16121
1781662620000,1.16122,1.16125,1.16119,1.1612
1781662680000,1.16121,1.16122,1.1612,1.1612
1781662740000,1.16121,1.16124,1.16121,1.16121
1781662800000,1.16122,1.16134,1.16122,1.16134
1781662860000,1.16136,1.16143,1.16134,1.1614
1781662920000,1.16143,1.16144,1.1614,1.16143
1781662980000,1.16143,1.16143,1.16143,1.16143
1781663040000,1.16146,1.16149,1.16144,1.16144
1781663100000,1.16148,1.1615,1.16144,1.16144
1781663160000,1.16144,1.16144,1.16143,1.16143
1781663220000,1.16143,1.16144,1.1614,1.1614
1781663280000,1.16139,1.16139,1.16137,1.16139
1781663340000,1.16138,1.16138,1.16134,1.16136
1781663400000,1.16136,1.1614,1.16129,1.1613
1781663460000,1.16131,1.16132,1.16131,1.16132
1781663520000,1.16132,1.16134,1.1613,1.16131
1781663580000,1.16133,1.16133,1.16131,1.16132
1781663640000,1.16132,1.16132,1.16122,1.16122
1781663700000,1.16124,1.16124,1.16121,1.16123
1781663760000,1.16125,1.16125,1.16123,1.16125
1781663820000,1.16124,1.16125,1.16121,1.16122
1781663880000,1.16124,1.16125,1.16124,1.16125
1781663940000,1.16126,1.16126,1.16124,1.16124
1781664000000,1.16124,1.1613,1.16124,1.1613
1781664060000,1.16129,1.16132,1.16129,1.16132
1781664120000,1.16132,1.16133,1.16132,1.16133
1781664180000,1.16135,1.16135,1.16129,1.16129
1781664240000,1.16129,1.1613,1.16128,1.16128
1781664300000,1.16124,1.16124,1.16113,1.16115
1781664360000,1.16115,1.16116,1.16114,1.16114
1781664420000,1.16116,1.16116,1.16115,1.16115
1781664480000,1.16115,1.16116,1.16114,1.16115
1781664540000,1.16116,1.16118,1.16114,1.16118
1781664600000,1.16118,1.16123,1.16118,1.16121
1781664660000,1.16119,1.16119,1.16112,1.16114
1781664720000,1.16116,1.16116,1.16115,1.16115
1781664780000,1.16114,1.16114,1.16111,1.16111
1781664840000,1.16112,1.16112,1.16104,1.16104
1781664900000,1.16103,1.16111,1.16103,1.16111
1781664960000,1.16111,1.16113,1.1611,1.1611
1781665020000,1.16108,1.16108,1.16105,1.16105
1781665080000,1.16103,1.16107,1.16103,1.16107
1781665140000,1.16107,1.16107,1.16091,1.16091
1781665200000,1.16093,1.16101,1.16093,1.16101
1781665260000,1.161,1.16101,1.161,1.161
1781665320000,1.16101,1.16101,1.16095,1.16095
1781665380000,1.16095,1.16095,1.16092,1.16092
1781665440000,1.16092,1.16093,1.16081,1.16082
1781665500000,1.16084,1.16093,1.16083,1.1609
1781665560000,1.1609,1.16099,1.1609,1.16099
1781665620000,1.16098,1.16098,1.16098,1.16098
1781665680000,1.16098,1.16101,1.16098,1.16099
1781665740000,1.16099,1.16106,1.16099,1.16106
1781665800000,1.16104,1.16106,1.161,1.16101
1781665860000,1.16099,1.16109,1.16099,1.16109
1781665920000,1.16109,1.16111,1.16109,1.16111
1781665980000,1.16109,1.1611,1.16105,1.16105
1781666040000,1.16102,1.1611,1.16101,1.16109
1781666100000,1.16109,1.1611,1.16104,1.16104
1781666160000,1.16104,1.16104,1.16092,1.16096
1781666220000,1.16097,1.16097,1.1609,1.16091
1781666280000,1.16092,1.16102,1.16092,1.16102
1781666340000,1.16102,1.16103,1.16099,1.161
1781666400000,1.16101,1.16103,1.16101,1.16102
1781666460000,1.16102,1.16103,1.16101,1.16103
1781666520000,1.16103,1.16106,1.16103,1.16105
1781666580000,1.16106,1.16109,1.16106,1.16106
1781666640000,1.16105,1.16108,1.16104,1.16107
1781666700000,1.16106,1.16107,1.16103,1.16105
1781666760000,1.16106,1.16106,1.16103,1.16105
1781666820000,1.16107,1.16108,1.161,1.16102
1781666880000,1.16103,1.16103,1.16099,1.16103
1781666940000,1.16101,1.16106,1.161,1.16104
1781667000000,1.16104,1.16106,1.16104,1.16105
1781667060000,1.16105,1.16107,1.16105,1.16107
1781667120000,1.16109,1.16112,1.16108,1.1611
1781667180000,1.1611,1.16114,1.16108,1.16108
1781667240000,1.1611,1.16112,1.16109,1.16109
1781667300000,1.1611,1.1611,1.16105,1.1611
1781667360000,1.16108,1.16109,1.16103,1.16103
1781667420000,1.16102,1.16103,1.161,1.16103
1781667480000,1.16104,1.16104,1.16102,1.16103
1781667540000,1.16103,1.16103,1.16101,1.16102
1781667600000,1.16104,1.16105,1.16102,1.16104
1781667660000,1.16104,1.16113,1.16104,1.16113
1781667720000,1.16113,1.16121,1.16113,1.16114
1781667780000,1.16112,1.16112,1.16107,1.16112
1781667840000,1.16111,1.16111,1.16108,1.16108
1781667900000,1.16107,1.16107,1.16104,1.16106
1781667960000,1.16108,1.16108,1.16108,1.16108
1781668020000,1.16109,1.16109,1.16109,1.16109
1781668080000,1.16107,1.1611,1.16107,1.1611
1781668140000,1.16111,1.16111,1.16109,1.1611
1781668200000,1.16108,1.16109,1.16107,1.16108
1781668260000,1.16108,1.16108,1.16108,1.16108
1781668320000,1.16108,1.16116,1.16108,1.16113
1781668380000,1.16115,1.16115,1.16109,1.16109
1781668440000,1.16109,1.16111,1.16108,1.16108
1781668500000,1.16108,1.16109,1.16104,1.16104
1781668560000,1.16104,1.16106,1.16102,1.16104
1781668620000,1.16105,1.16106,1.16104,1.16105
1781668680000,1.16104,1.16105,1.16104,1.16104
1781668740000,1.16104,1.16104,1.16101,1.16103
1781668800000,1.16104,1.16106,1.16098,1.16106
1781668860000,1.16107,1.16108,1.16104,1.16105
1781668920000,1.16108,1.16111,1.16108,1.16111
1781668980000,1.16111,1.16111,1.16105,1.16107
1781669040000,1.16107,1.16107,1.16104,1.16107
1781669100000,1.16106,1.16112,1.16105,1.16107
1781669160000,1.16109,1.16117,1.16109,1.16112
1781669220000,1.16113,1.16115,1.16112,1.16115
1781669280000,1.16115,1.16115,1.16115,1.16115
1781669340000,1.16114,1.16116,1.16114,1.16116
1781669400000,1.16114,1.16125,1.16114,1.16125
1781669460000,1.16124,1.1613,1.16121,1.16127
1781669520000,1.16129,1.16131,1.16126,1.16127
1781669580000,1.16127,1.16129,1.16122,1.16122
1781669640000,1.16123,1.16123,1.16123,1.16123
1781669700000,1.16122,1.16135,1.16122,1.16132
1781669760000,1.16132,1.16134,1.16128,1.16129
1781669820000,1.16127,1.16127,1.16127,1.16127
1781669880000,1.16129,1.16129,1.16124,1.16128
1781669940000,1.16126,1.16132,1.16126,1.16132
1781670000000,1.16131,1.16131,1.16125,1.16126
1781670060000,1.16124,1.16124,1.16123,1.16124
1781670120000,1.16122,1.16122,1.1612,1.1612
1781670180000,1.1612,1.1612,1.16116,1.16116
1781670240000,1.16118,1.16124,1.16118,1.16124
1781670300000,1.16122,1.16122,1.16119,1.1612
1781670360000,1.1612,1.16122,1.16118,1.16122
1781670420000,1.16124,1.16124,1.16116,1.16116
1781670480000,1.16116,1.16118,1.16115,1.16116
1781670540000,1.16116,1.16116,1.16113,1.16113
1781670600000,1.16115,1.16117,1.16115,1.16116
1781670660000,1.16117,1.16121,1.16116,1.16119
1781670720000,1.16119,1.16121,1.16119,1.16119
1781670780000,1.16119,1.16119,1.16114,1.16114
1781670840000,1.16113,1.16113,1.16112,1.16112
1781670900000,1.1611,1.16114,1.1611,1.16114
1781670960000,1.16114,1.16114,1.16113,1.16113
1781671020000,1.16112,1.16112,1.16108,1.16108
1781671080000,1.16109,1.1611,1.16104,1.1611
1781671140000,1.16109,1.16109,1.16105,1.16107
1781671200000,1.16107,1.1611,1.16107,1.1611
1781671260000,1.16109,1.1611,1.16108,1.1611
1781671320000,1.16111,1.16115,1.16111,1.16114
1781671380000,1.16115,1.16115,1.16115,1.16115
1781671440000,1.16114,1.16114,1.16113,1.16113
1781671500000,1.16111,1.16115,1.16109,1.16114
1781671560000,1.16114,1.16119,1.16114,1.16119
1781671620000,1.1612,1.1612,1.1612,1.1612
1781671680000,1.1612,1.1612,1.16116,1.16116
1781671740000,1.16118,1.16121,1.16118,1.1612
1781671800000,1.16119,1.16119,1.16116,1.16116
1781671860000,1.16116,1.16123,1.16116,1.16121
1781671920000,1.16121,1.16122,1.16121,1.16122
1781671980000,1.16121,1.16126,1.1612,1.16126
1781672040000,1.16126,1.16128,1.16126,1.16127
1781672100000,1.16128,1.16128,1.16124,1.16124
1781672160000,1.16125,1.16125,1.16121,1.16121
1781672220000,1.16121,1.16121,1.16116,1.16116
1781672280000,1.16116,1.1612,1.16116,1.1612
1781672340000,1.16121,1.16123,1.16121,1.16123
1781672400000,1.16121,1.16129,1.16119,1.16119
1781672460000,1.16122,1.16127,1.16122,1.16127
1781672520000,1.16129,1.16129,1.16125,1.16129
1781672580000,1.16128,1.16135,1.16128,1.16135
1781672640000,1.16135,1.16135,1.16134,1.16135
1781672700000,1.16136,1.16137,1.1613,1.1613
1781672760000,1.16132,1.16134,1.16132,1.16134
1781672820000,1.16136,1.16137,1.16134,1.16134
1781672880000,1.16134,1.16137,1.16134,1.16134
1781672940000,1.16133,1.16133,1.16124,1.16124
1781673000000,1.16123,1.16123,1.16118,1.1612
1781673060000,1.1612,1.1612,1.16119,1.16119
1781673120000,1.1612,1.1612,1.16111,1.16115
1781673180000,1.16116,1.16119,1.16115,1.16115
1781673240000,1.16115,1.1612,1.16115,1.16119
1781673300000,1.1612,1.16125,1.1612,1.16125
1781673360000,1.16125,1.16131,1.16125,1.16129
1781673420000,1.16129,1.16136,1.16129,1.16136
1781673480000,1.16135,1.16138,1.16134,1.16137
1781673540000,1.16137,1.16141,1.16135,1.16135
1781673600000,1.16136,1.16141,1.16135,1.16141
1781673660000,1.16141,1.16143,1.1614,1.1614
1781673720000,1.16141,1.16141,1.16134,1.1614
1781673780000,1.16138,1.16138,1.16129,1.1613
1781673840000,1.1613,1.16132,1.16129,1.1613
1781673900000,1.1613,1.1613,1.16114,1.16114
1781673960000,1.16116,1.1612,1.16115,1.1612
1781674020000,1.16122,1.16126,1.1612,1.16122
1781674080000,1.16123,1.16123,1.1612,1.1612
1781674140000,1.16118,1.16122,1.16118,1.16121
1781674200000,1.16122,1.16124,1.16114,1.16115
1781674260000,1.16116,1.16118,1.16114,1.16114
1781674320000,1.16117,1.16124,1.16117,1.1612
1781674380000,1.1612,1.16122,1.16119,1.16122
1781674440000,1.16122,1.16128,1.16121,1.16125
1781674500000,1.16128,1.16134,1.16128,1.16132
1781674560000,1.16131,1.16132,1.16129,1.16129
1781674620000,1.16129,1.16133,1.16129,1.1613
1781674680000,1.1613,1.16134,1.16129,1.16133
1781674740000,1.16134,1.16139,1.16134,1.16134
1781674800000,1.16134,1.16135,1.16133,1.16134
1781674860000,1.16133,1.16141,1.16133,1.16139
1781674920000,1.1614,1.1614,1.16135,1.16138
1781674980000,1.16137,1.1614,1.16137,1.16139
1781675040000,1.1614,1.16141,1.16138,1.1614
1781675100000,1.1614,1.1614,1.1614,1.1614
1781675160000,1.16139,1.1614,1.16134,1.16134
1781675220000,1.16133,1.16145,1.16133,1.1614
1781675280000,1.16141,1.16149,1.16141,1.16149
1781675340000,1.16148,1.16148,1.16142,1.16145
1781675400000,1.16144,1.16144,1.1614,1.16142
1781675460000,1.1614,1.16141,1.16135,1.16135
1781675520000,1.16135,1.16136,1.16132,1.16136
1781675580000,1.16136,1.16137,1.16129,1.16132
1781675640000,1.16133,1.16136,1.16133,1.16134
1781675700000,1.16133,1.16136,1.16117,1.16118
1781675760000,1.16116,1.16117,1.16104,1.16114
1781675820000,1.16115,1.16126,1.16115,1.16122
1781675880000,1.16124,1.16126,1.16113,1.16119
1781675940000,1.1612,1.16122,1.16118,1.16119
1781676000000,1.16118,1.16128,1.16103,1.16103
1781676060000,1.16103,1.16109,1.16097,1.16109
1781676120000,1.16109,1.16121,1.16109,1.16116
1781676180000,1.16115,1.16115,1.16105,1.1611
1781676240000,1.16111,1.16127,1.16111,1.16125
1781676300000,1.16128,1.16137,1.16128,1.16134
1781676360000,1.16132,1.16142,1.1613,1.16135
1781676420000,1.16135,1.16137,1.16135,1.16137
1781676480000,1.16136,1.16146,1.16136,1.16144
1781676540000,1.16142,1.16145,1.16134,1.16137
1781676600000,1.16135,1.16136,1.16129,1.1613
1781676660000,1.1613,1.1613,1.16113,1.16118
1781676720000,1.16116,1.16116,1.16098,1.16098
1781676780000,1.16098,1.16102,1.16094,1.161
1781676840000,1.161,1.16116,1.16099,1.16114
1781676900000,1.16113,1.16117,1.16109,1.1611
1781676960000,1.16108,1.16109,1.16094,1.16099
1781677020000,1.16101,1.16103,1.16093,1.16095
1781677080000,1.16096,1.16102,1.16088,1.16098
1781677140000,1.16099,1.16099,1.16094,1.16095
1781677200000,1.16095,1.161,1.1609,1.1609
1781677260000,1.16089,1.16089,1.16073,1.16076
1781677320000,1.16074,1.16085,1.16071,1.16083
1781677380000,1.16084,1.16089,1.1608,1.16081
1781677440000,1.1608,1.1608,1.16075,1.16075
1781677500000,1.16075,1.16075,1.16065,1.16068
1781677560000,1.16069,1.16076,1.16064,1.16076
1781677620000,1.16075,1.16086,1.16073,1.16085
1781677680000,1.16087,1.16087,1.16069,1.1607
1781677740000,1.1607,1.16071,1.16058,1.1606
1781677800000,1.1606,1.16071,1.16049,1.16049
1781677860000,1.16048,1.1606,1.16048,1.16056
1781677920000,1.16056,1.16061,1.16045,1.16046
1781677980000,1.16046,1.16055,1.16039,1.16045
1781678040000,1.16045,1.16052,1.16039,1.16051
1781678100000,1.1605,1.16055,1.16037,1.16051
1781678160000,1.16051,1.16051,1.16045,1.1605
1781678220000,1.1605,1.16058,1.1605,1.16055
1781678280000,1.16055,1.16055,1.16046,1.1605
1781678340000,1.16056,1.16062,1.16055,1.16061
1781678400000,1.16061,1.16073,1.16059,1.16073
1781678460000,1.16071,1.16071,1.16058,1.1606
1781678520000,1.16059,1.16069,1.16059,1.16065
1781678580000,1.16065,1.16071,1.16064,1.16065
1781678640000,1.16067,1.16071,1.16064,1.16071
1781678700000,1.1607,1.1607,1.16053,1.16053
1781678760000,1.16053,1.16077,1.16053,1.16072
1781678820000,1.16071,1.16074,1.16069,1.16074
1781678880000,1.16075,1.16078,1.16072,1.16078
1781678940000,1.16075,1.16079,1.1607,1.16072
1781679000000,1.16071,1.16087,1.16071,1.16077
1781679060000,1.16076,1.16079,1.16076,1.16078
1781679120000,1.16076,1.16079,1.16073,1.16076
1781679180000,1.16074,1.16078,1.16074,1.16075
1781679240000,1.16074,1.16075,1.16069,1.16071
1781679300000,1.16071,1.16072,1.16053,1.16058
1781679360000,1.16059,1.1606,1.16054,1.16059
1781679420000,1.16059,1.16065,1.16056,1.16065
1781679480000,1.16067,1.16072,1.16066,1.1607
1781679540000,1.16071,1.1608,1.1607,1.16079
1781679600000,1.16077,1.16079,1.16065,1.16073
1781679660000,1.16071,1.16085,1.16071,1.16081
1781679720000,1.1608,1.16099,1.1608,1.16097
1781679780000,1.16098,1.16101,1.16086,1.16101
1781679840000,1.161,1.161,1.16095,1.16096
1781679900000,1.16096,1.161,1.16086,1.16094
1781679960000,1.16095,1.16105,1.16095,1.161
1781680020000,1.161,1.16105,1.16098,1.16105
1781680080000,1.16107,1.16125,1.16105,1.16125
1781680140000,1.16124,1.1613,1.16119,1.1612
1781680200000,1.16121,1.16121,1.16114,1.16115
1781680260000,1.16115,1.16131,1.16115,1.16131
1781680320000,1.16131,1.16137,1.1613,1.16135
1781680380000,1.16134,1.16135,1.1613,1.16135
1781680440000,1.16136,1.1614,1.1613,1.16138
1781680500000,1.1614,1.16145,1.16135,1.16144
1781680560000,1.16143,1.16143,1.16138,1.16138
1781680620000,1.16139,1.16143,1.16131,1.16136
1781680680000,1.16134,1.16136,1.16129,1.16129
1781680740000,1.16126,1.16135,1.16125,1.16127
1781680800000,1.16125,1.16139,1.16125,1.16138
1781680860000,1.16139,1.16147,1.16138,1.16144
1781680920000,1.16143,1.16143,1.16134,1.16139
1781680980000,1.16139,1.1614,1.16118,1.16118
1781681040000,1.16118,1.16119,1.16102,1.16115
1781681100000,1.16113,1.16114,1.16102,1.16105
1781681160000,1.16102,1.16105,1.16086,1.16087
1781681220000,1.16088,1.16088,1.16078,1.1608
1781681280000,1.16081,1.16084,1.16069,1.16082
1781681340000,1.1608,1.16082,1.16068,1.16068
1781681400000,1.16068,1.16073,1.1606,1.16069
1781681460000,1.1607,1.1607,1.1606,1.16062
1781681520000,1.16061,1.16065,1.16053,1.16058
1781681580000,1.16058,1.16058,1.16043,1.16054
1781681640000,1.16051,1.16063,1.16051,1.16051
1781681700000,1.16051,1.16059,1.16048,1.16056
1781681760000,1.16056,1.16066,1.16056,1.16064
1781681820000,1.16064,1.16064,1.16059,1.16061
1781681880000,1.16061,1.16062,1.16056,1.16058
1781681940000,1.16058,1.16074,1.16058,1.16074
1781682000000,1.16074,1.16085,1.16071,1.16074
1781682060000,1.16074,1.16074,1.16067,1.16071
1781682120000,1.16072,1.16073,1.16063,1.16065
1781682180000,1.16067,1.16072,1.16065,1.16072
1781682240000,1.16071,1.16072,1.1605,1.16057
1781682300000,1.16056,1.1606,1.16055,1.1606
1781682360000,1.16059,1.16061,1.1605,1.16057
1781682420000,1.16059,1.16059,1.16052,1.16053
1781682480000,1.16055,1.16057,1.16047,1.16053
1781682540000,1.16055,1.16061,1.16052,1.1606
1781682600000,1.16062,1.16066,1.16055,1.16065
1781682660000,1.16066,1.16079,1.16066,1.16079
1781682720000,1.16081,1.16086,1.16079,1.1608
1781682780000,1.16081,1.1609,1.16081,1.16088
1781682840000,1.16087,1.16088,1.16077,1.16079
1781682900000,1.16081,1.16081,1.16073,1.16073
1781682960000,1.16073,1.16078,1.16069,1.16069
1781683020000,1.16069,1.16075,1.16068,1.16074
1781683080000,1.16073,1.16082,1.16067,1.1608
1781683140000,1.16079,1.16084,1.16078,1.16083
1781683200000,1.16082,1.16082,1.1606,1.16062
1781683260000,1.16063,1.16063,1.16051,1.16054
1781683320000,1.16053,1.16061,1.16052,1.1606
1781683380000,1.16059,1.1606,1.16054,1.16054
1781683440000,1.16055,1.16061,1.16055,1.16058
1781683500000,1.16058,1.16061,1.16053,1.16061
1781683560000,1.1606,1.16061,1.16048,1.16048
1781683620000,1.16049,1.16054,1.16042,1.16042
1781683680000,1.16044,1.16051,1.16042,1.1605
1781683740000,1.1605,1.16058,1.1605,1.16056
1781683800000,1.16057,1.16057,1.1602,1.1602
1781683860000,1.16019,1.16026,1.16008,1.16026
1781683920000,1.16025,1.16025,1.16007,1.16009
1781683980000,1.16007,1.16031,1.16007,1.16031
1781684040000,1.16031,1.16054,1.16031,1.16046
1781684100000,1.16046,1.1605,1.16042,1.16049
1781684160000,1.16049,1.1605,1.16016,1.16018
1781684220000,1.16019,1.16024,1.16015,1.16024
1781684280000,1.16021,1.16021,1.16005,1.16008
1781684340000,1.16006,1.16007,1.16,1.16
1781684400000,1.16,1.16001,1.15993,1.15998
1781684460000,1.15997,1.16008,1.15995,1.16007
1781684520000,1.16007,1.16008,1.1599,1.15991
1781684580000,1.15992,1.15997,1.1599,1.15996
1781684640000,1.15995,1.15999,1.15982,1.15982
1781684700000,1.15983,1.15992,1.15983,1.15984
1781684760000,1.15983,1.15997,1.15979,1.15997
1781684820000,1.15997,1.16023,1.15997,1.16021
1781684880000,1.16022,1.16023,1.16017,1.16023
1781684940000,1.16021,1.16024,1.16019,1.1602
1781685000000,1.1602,1.16022,1.16009,1.16011
1781685060000,1.16013,1.16027,1.16008,1.16026
1781685120000,1.16028,1.1603,1.16021,1.16023
1781685180000,1.16021,1.16031,1.16017,1.16023
1781685240000,1.16022,1.16028,1.16018,1.16028
1781685300000,1.16029,1.1603,1.1602,1.1602
1781685360000,1.1602,1.16022,1.16015,1.16022
1781685420000,1.16022,1.16027,1.16012,1.16014
1781685480000,1.16015,1.16029,1.16014,1.16026
1781685540000,1.16025,1.16026,1.1601,1.1601
1781685600000,1.16009,1.16013,1.16003,1.16011
1781685660000,1.16013,1.16022,1.16012,1.16021
1781685720000,1.16021,1.16031,1.16019,1.16026
1781685780000,1.16026,1.16028,1.16012,1.16014
1781685840000,1.16015,1.16016,1.16005,1.16011
1781685900000,1.16013,1.16018,1.16001,1.16002
1781685960000,1.16003,1.16014,1.16,1.16006
1781686020000,1.16008,1.16008,1.16,1.16001
1781686080000,1.16001,1.16005,1.15999,1.16005
1781686140000,1.16003,1.16011,1.16,1.1601
1781686200000,1.1601,1.16012,1.16008,1.16011
1781686260000,1.1601,1.16012,1.16004,1.1601
1781686320000,1.1601,1.16026,1.1601,1.16019
1781686380000,1.16018,1.16019,1.16013,1.16018
1781686440000,1.16019,1.16022,1.16017,1.16022
1781686500000,1.16024,1.1603,1.16016,1.16016
1781686560000,1.16016,1.16021,1.16014,1.1602
1781686620000,1.16019,1.16022,1.16014,1.16021
1781686680000,1.16023,1.16023,1.1602,1.16022
1781686740000,1.16022,1.16022,1.16018,1.16018
1781686800000,1.16018,1.16019,1.16007,1.16009
1781686860000,1.16009,1.16012,1.16008,1.1601
1781686920000,1.16009,1.16023,1.16009,1.16023
1781686980000,1.16024,1.16026,1.16015,1.16019
1781687040000,1.16023,1.1603,1.16023,1.16028
1781687100000,1.16028,1.16031,1.16025,1.1603
1781687160000,1.16029,1.1603,1.16026,1.16026
1781687220000,1.16027,1.16033,1.16025,1.16033
1781687280000,1.1603,1.16032,1.16023,1.16024
1781687340000,1.16023,1.16023,1.16016,1.16018
1781687400000,1.16019,1.1602,1.16011,1.16013
1781687460000,1.16015,1.16015,1.16014,1.16014
1781687520000,1.16013,1.16025,1.16013,1.16025
1781687580000,1.16024,1.16024,1.16016,1.16018
1781687640000,1.16019,1.16019,1.16012,1.16014
1781687700000,1.16015,1.16019,1.16014,1.16014
1781687760000,1.16014,1.1602,1.16014,1.16019
1781687820000,1.16016,1.16019,1.16015,1.16019
1781687880000,1.16019,1.16019,1.16013,1.16016
1781687940000,1.16018,1.16022,1.16016,1.1602
1781688000000,1.16021,1.16025,1.1602,1.1602
1781688060000,1.16019,1.16027,1.16019,1.16022
1781688120000,1.16022,1.16024,1.16019,1.1602
1781688180000,1.16021,1.16025,1.16014,1.16025
1781688240000,1.16026,1.16039,1.16026,1.16039
1781688300000,1.1604,1.16058,1.1604,1.1605
1781688360000,1.1605,1.16055,1.16049,1.16054
1781688420000,1.16053,1.16056,1.16052,1.16056
1781688480000,1.16056,1.16056,1.16049,1.1605
1781688540000,1.16051,1.16054,1.16039,1.16045
1781688600000,1.16046,1.16057,1.16046,1.16053
1781688660000,1.16054,1.16054,1.16046,1.16046
1781688720000,1.16046,1.16046,1.16032,1.16034
1781688780000,1.16035,1.16035,1.16023,1.16029
1781688840000,1.1603,1.1604,1.16028,1.1604
1781688900000,1.16039,1.16043,1.16033,1.16033
1781688960000,1.16035,1.1604,1.16031,1.16031
1781689020000,1.16033,1.16033,1.16027,1.16029
1781689080000,1.16028,1.16034,1.16023,1.16024
1781689140000,1.16025,1.1603,1.16025,1.1603
1781689200000,1.1603,1.1603,1.16027,1.16029
1781689260000,1.16029,1.16029,1.16022,1.16025
1781689320000,1.16025,1.16031,1.16021,1.16025
1781689380000,1.16023,1.16025,1.16018,1.16019
1781689440000,1.16017,1.1602,1.16015,1.16016
1781689500000,1.16016,1.16021,1.16015,1.16018
1781689560000,1.16019,1.16019,1.16017,1.16019
1781689620000,1.16018,1.16021,1.16018,1.16021
1781689680000,1.1602,1.16032,1.1602,1.16032
1781689740000,1.16031,1.16035,1.1603,1.16031
1781689800000,1.16032,1.16032,1.16025,1.16026
1781689860000,1.16025,1.16026,1.16025,1.16026
1781689920000,1.16026,1.16026,1.16022,1.16026
1781689980000,1.16025,1.16027,1.16021,1.16027
1781690040000,1.16027,1.16031,1.16025,1.16025
1781690100000,1.16028,1.16029,1.16014,1.16017
1781690160000,1.16018,1.16028,1.16016,1.16028
1781690220000,1.16027,1.16033,1.16025,1.16031
1781690280000,1.16031,1.16038,1.16029,1.16037
1781690340000,1.16039,1.16041,1.16037,1.16039
1781690400000,1.16038,1.16038,1.16018,1.16033
1781690460000,1.16034,1.16035,1.16021,1.16026
1781690520000,1.16025,1.1603,1.1602,1.16029
1781690580000,1.16029,1.16039,1.16029,1.16038
1781690640000,1.16037,1.16038,1.16025,1.16034
1781690700000,1.16034,1.16039,1.16033,1.16038
1781690760000,1.16039,1.16041,1.16038,1.16039
1781690820000,1.1604,1.16042,1.16031,1.16037
1781690880000,1.16038,1.1604,1.16033,1.16036
1781690940000,1.16037,1.16041,1.16037,1.16038
1781691000000,1.16037,1.16041,1.16035,1.16041
1781691060000,1.16039,1.16045,1.16032,1.16032
1781691120000,1.16032,1.16042,1.16032,1.16032
1781691180000,1.16031,1.1604,1.1603,1.16038
1781691240000,1.16039,1.16045,1.16038,1.16039
1781691300000,1.16038,1.1604,1.16023,1.16023
1781691360000,1.16023,1.16031,1.16023,1.16025
1781691420000,1.16024,1.16027,1.16021,1.16021
1781691480000,1.16022,1.16023,1.16014,1.16016
1781691540000,1.16016,1.16016,1.16002,1.16002
1781691600000,1.16003,1.16003,1.15987,1.15992
1781691660000,1.15992,1.15992,1.15988,1.15989
1781691720000,1.15986,1.1599,1.15969,1.15969
1781691780000,1.1597,1.1598,1.1597,1.1598
1781691840000,1.15978,1.15984,1.15972,1.15972
1781691900000,1.15971,1.15974,1.15963,1.15965
1781691960000,1.15966,1.15966,1.15958,1.15958
1781692020000,1.15959,1.15964,1.15959,1.1596
1781692080000,1.15961,1.15962,1.15959,1.15961
1781692140000,1.1596,1.1596,1.15957,1.1596
1781692200000,1.15962,1.15977,1.15961,1.15977
1781692260000,1.15975,1.15987,1.15975,1.15982
1781692320000,1.15983,1.15991,1.15983,1.15985
1781692380000,1.15986,1.1599,1.15979,1.15981
1781692440000,1.15981,1.15982,1.15977,1.15979
1781692500000,1.15979,1.15989,1.15978,1.15987
1781692560000,1.15988,1.15997,1.15985,1.15995
1781692620000,1.15995,1.15996,1.15983,1.15991
1781692680000,1.15991,1.15996,1.15989,1.15995
1781692740000,1.15996,1.16002,1.15994,1.15997
1781692800000,1.15998,1.15998,1.15985,1.15987
1781692860000,1.15987,1.15989,1.15983,1.15984
1781692920000,1.15986,1.15986,1.15977,1.15979
1781692980000,1.15977,1.15978,1.15971,1.15971
1781693040000,1.15972,1.15985,1.1597,1.15984
1781693100000,1.15984,1.15999,1.15984,1.15998
1781693160000,1.15997,1.15997,1.15989,1.15994
1781693220000,1.15995,1.15995,1.15989,1.15994
1781693280000,1.15995,1.15996,1.15993,1.15994
1781693340000,1.15994,1.15995,1.1599,1.15993
1781693400000,1.15994,1.16007,1.15992,1.16005
1781693460000,1.16004,1.16006,1.15999,1.15999
1781693520000,1.15999,1.16001,1.15987,1.1599
1781693580000,1.15988,1.1599,1.15975,1.15975
1781693640000,1.15978,1.15984,1.15953,1.15964
1781693700000,1.15964,1.15971,1.15961,1.15971
1781693760000,1.1597,1.15972,1.15961,1.1597
1781693820000,1.15972,1.15972,1.15964,1.15964
1781693880000,1.15963,1.15968,1.1596,1.15964
1781693940000,1.15966,1.15972,1.15964,1.1597
1781694000000,1.1597,1.15971,1.15964,1.15971
1781694060000,1.1597,1.1597,1.15962,1.15964
1781694120000,1.15962,1.15965,1.15959,1.15965
1781694180000,1.15965,1.15965,1.15958,1.15961
1781694240000,1.1596,1.1597,1.1596,1.1597
1781694300000,1.15968,1.15968,1.15955,1.15958
1781694360000,1.1596,1.15968,1.1596,1.15965
1781694420000,1.15967,1.15967,1.15955,1.15955
1781694480000,1.15955,1.15955,1.15939,1.15944
1781694540000,1.15945,1.15945,1.15935,1.15936
1781694600000,1.15936,1.15938,1.15932,1.15937
1781694660000,1.15935,1.15935,1.1593,1.1593
1781694720000,1.15931,1.15931,1.15919,1.1592
1781694780000,1.1592,1.15925,1.15909,1.15914
1781694840000,1.15915,1.15917,1.15909,1.15915
1781694900000,1.15913,1.1593,1.15913,1.15924
1781694960000,1.15923,1.15949,1.15923,1.15949
1781695020000,1.15949,1.1595,1.15928,1.15934
1781695080000,1.15935,1.15935,1.1593,1.15932
1781695140000,1.1593,1.15931,1.15924,1.15924
1781695200000,1.15924,1.15926,1.1592,1.1592
1781695260000,1.15923,1.15924,1.15919,1.15924
1781695320000,1.15924,1.15925,1.1591,1.1591
1781695380000,1.15909,1.15915,1.15904,1.15905
1781695440000,1.15905,1.1591,1.15903,1.15905
1781695500000,1.15904,1.15914,1.159,1.15914
1781695560000,1.15915,1.1592,1.15911,1.15914
1781695620000,1.15914,1.15915,1.15905,1.15905
1781695680000,1.15904,1.15912,1.15903,1.15905
1781695740000,1.15904,1.15904,1.15894,1.15897
1781695800000,1.15897,1.159,1.15888,1.15888
1781695860000,1.15887,1.1589,1.15868,1.15875
1781695920000,1.15872,1.15878,1.15867,1.15878
1781695980000,1.15877,1.15879,1.15864,1.15864
1781696040000,1.15862,1.15869,1.15859,1.15866
1781696100000,1.15869,1.15888,1.15869,1.15886
1781696160000,1.15886,1.15892,1.15879,1.15879
1781696220000,1.15881,1.15884,1.15878,1.15878
1781696280000,1.15878,1.15881,1.15877,1.15878
1781696340000,1.15877,1.15884,1.1587,1.15883
1781696400000,1.15883,1.15892,1.15873,1.15873
1781696460000,1.15873,1.15875,1.15862,1.15863
1781696520000,1.15862,1.15864,1.15853,1.15855
1781696580000,1.15856,1.15862,1.15854,1.15862
1781696640000,1.15862,1.15864,1.15859,1.15864
1781696700000,1.15865,1.15886,1.15865,1.15886
1781696760000,1.15889,1.15895,1.15886,1.15886
1781696820000,1.15886,1.15888,1.15884,1.15885
1781696880000,1.15886,1.15886,1.1587,1.15876
1781696940000,1.15876,1.15885,1.15876,1.15884
1781697000000,1.15882,1.15884,1.15877,1.15879
1781697060000,1.15879,1.15879,1.15872,1.15875
1781697120000,1.15875,1.15894,1.15875,1.15892
1781697180000,1.15894,1.159,1.1589,1.15897
1781697240000,1.15896,1.15904,1.15896,1.15904
1781697300000,1.15905,1.15907,1.15895,1.159
1781697360000,1.15899,1.159,1.1588,1.15881
1781697420000,1.15881,1.15892,1.1588,1.15892
1781697480000,1.15892,1.15901,1.1589,1.15901
1781697540000,1.159,1.15914,1.159,1.15914
1781697600000,1.15915,1.15926,1.15905,1.15925
1781697660000,1.15925,1.15934,1.1592,1.15929
1781697720000,1.15927,1.15929,1.15921,1.15929
1781697780000,1.1593,1.15942,1.1593,1.15937
1781697840000,1.15937,1.15937,1.15926,1.15927
1781697900000,1.15925,1.1593,1.15922,1.15925
1781697960000,1.15923,1.1593,1.15921,1.15927
1781698020000,1.15927,1.15931,1.15922,1.15926
1781698080000,1.15928,1.15928,1.15916,1.15923
1781698140000,1.15922,1.15922,1.15907,1.15914
1781698200000,1.15913,1.15921,1.15911,1.15916
1781698260000,1.15918,1.15918,1.15906,1.15911
1781698320000,1.15912,1.15915,1.15906,1.15915
1781698380000,1.15916,1.15919,1.15913,1.15916
1781698440000,1.15917,1.1592,1.15912,1.1592
1781698500000,1.1592,1.15926,1.15916,1.15916
1781698560000,1.15917,1.15917,1.1591,1.15911
1781698620000,1.15912,1.15931,1.15912,1.15931
1781698680000,1.15932,1.15944,1.15932,1.15941
1781698740000,1.15943,1.15948,1.15936,1.15942
1781698800000,1.15941,1.15959,1.15941,1.15959
1781698860000,1.15957,1.15959,1.15946,1.15946
1781698920000,1.15944,1.15952,1.15938,1.15952
1781698980000,1.15951,1.15973,1.15947,1.15973
1781699040000,1.15973,1.15974,1.15965,1.15967
1781699100000,1.1597,1.15972,1.15965,1.15972
1781699160000,1.15971,1.15978,1.1597,1.15977
1781699220000,1.15978,1.15979,1.1597,1.1597
1781699280000,1.15972,1.15979,1.15971,1.15979
1781699340000,1.15978,1.15978,1.1596,1.1596
1781699400000,1.15961,1.15963,1.15928,1.15949
1781699460000,1.15947,1.15967,1.15944,1.15958
1781699520000,1.15957,1.15962,1.15953,1.15958
1781699580000,1.15957,1.15968,1.15954,1.15967
1781699640000,1.15967,1.15977,1.15966,1.15971
1781699700000,1.15973,1.15973,1.15964,1.15966
1781699760000,1.15968,1.15975,1.15967,1.15972
1781699820000,1.15974,1.1598,1.1597,1.15971
1781699880000,1.15974,1.15987,1.15966,1.15968
1781699940000,1.15966,1.15981,1.15966,1.15978
1781700000000,1.15978,1.15979,1.15972,1.15978
1781700060000,1.15976,1.15993,1.15976,1.15991
1781700120000,1.1599,1.15991,1.1598,1.15983
1781700180000,1.15984,1.15986,1.15974,1.15977
1781700240000,1.15977,1.15981,1.15973,1.15973
1781700300000,1.15974,1.15982,1.15973,1.15974
1781700360000,1.15975,1.15988,1.15975,1.15987
1781700420000,1.15987,1.15987,1.15976,1.15984
1781700480000,1.15984,1.15994,1.15979,1.15993
1781700540000,1.15995,1.15997,1.1599,1.1599
1781700600000,1.15992,1.16003,1.15991,1.16003
1781700660000,1.16002,1.16007,1.16001,1.16007
1781700720000,1.16007,1.16014,1.16003,1.16014
1781700780000,1.16013,1.1602,1.1601,1.16016
1781700840000,1.16017,1.16025,1.16017,1.16022
1781700900000,1.16022,1.16026,1.16017,1.16017
1781700960000,1.16019,1.1602,1.16004,1.16004
1781701020000,1.16006,1.16011,1.15998,1.16011
1781701080000,1.16011,1.16026,1.16011,1.16023
1781701140000,1.16023,1.16023,1.16016,1.1602
1781701200000,1.16021,1.16022,1.16008,1.1601
1781701260000,1.16011,1.16015,1.16008,1.16015
1781701320000,1.16016,1.16017,1.16004,1.16012
1781701380000,1.16011,1.16015,1.15995,1.15995
1781701440000,1.15996,1.15997,1.15979,1.15979
1781701500000,1.1598,1.15994,1.1598,1.15987
1781701560000,1.15987,1.15988,1.15982,1.15988
1781701620000,1.15986,1.16008,1.15985,1.16003
1781701680000,1.16001,1.16009,1.15995,1.16001
1781701740000,1.16002,1.16012,1.16001,1.16006
1781701800000,1.16007,1.16007,1.16001,1.16005
1781701860000,1.16003,1.16007,1.16001,1.16007
1781701920000,1.16007,1.16009,1.16007,1.16007
1781701980000,1.16008,1.16015,1.16008,1.16015
1781702040000,1.16014,1.16014,1.16002,1.1601
1781702100000,1.16009,1.16009,1.15995,1.15996
1781702160000,1.15995,1.16012,1.15994,1.15999
1781702220000,1.16,1.16003,1.16,1.16001
1781702280000,1.16001,1.16009,1.16001,1.16007
1781702340000,1.16007,1.16013,1.16004,1.16013
1781702400000,1.16012,1.16014,1.16008,1.16011
1781702460000,1.16012,1.16015,1.16007,1.1601
1781702520000,1.1601,1.16026,1.16008,1.16026
1781702580000,1.16024,1.16027,1.16019,1.16025
1781702640000,1.16023,1.16024,1.16014,1.16015
1781702700000,1.16016,1.16018,1.16005,1.1601
1781702760000,1.16013,1.16015,1.15998,1.15999
1781702820000,1.16001,1.16001,1.15993,1.15995
1781702880000,1.15994,1.15994,1.15978,1.15978
1781702940000,1.15979,1.15991,1.15979,1.15982
1781703000000,1.15982,1.15986,1.15973,1.15979
1781703060000,1.15978,1.15981,1.15965,1.15981
1781703120000,1.15979,1.15979,1.1597,1.15971
1781703180000,1.15972,1.15982,1.15967,1.1598
1781703240000,1.15978,1.15984,1.15964,1.15967
1781703300000,1.15968,1.15982,1.15954,1.1598
1781703360000,1.1598,1.15991,1.15979,1.15989
1781703420000,1.15987,1.15997,1.15984,1.15989
1781703480000,1.15987,1.15993,1.15969,1.15976
1781703540000,1.15975,1.15986,1.15975,1.15977
1781703600000,1.15975,1.15983,1.15973,1.15978
1781703660000,1.15978,1.15983,1.15973,1.15975
1781703720000,1.15972,1.15972,1.15959,1.15963
1781703780000,1.15963,1.15973,1.15956,1.15973
1781703840000,1.1597,1.15977,1.15961,1.15975
1781703900000,1.15974,1.15981,1.1597,1.15973
1781703960000,1.15973,1.15983,1.1597,1.15978
1781704020000,1.15977,1.15978,1.15965,1.15967
1781704080000,1.15968,1.15989,1.15968,1.15989
1781704140000,1.1599,1.15994,1.15982,1.15991
1781704200000,1.1599,1.16013,1.15983,1.1601
1781704260000,1.16011,1.16011,1.16003,1.16011
1781704320000,1.16011,1.16011,1.15993,1.15993
1781704380000,1.15995,1.15999,1.15988,1.15998
1781704440000,1.15998,1.15998,1.15956,1.15964
1781704500000,1.15965,1.15989,1.15964,1.15989
1781704560000,1.15991,1.15991,1.15965,1.15969
1781704620000,1.15968,1.15979,1.15967,1.15973
1781704680000,1.15974,1.15985,1.15974,1.15984
1781704740000,1.15985,1.15991,1.15969,1.15969
1781704800000,1.15969,1.15984,1.15966,1.15966
1781704860000,1.15968,1.15979,1.15963,1.15966
1781704920000,1.15968,1.15968,1.15943,1.15945
1781704980000,1.15943,1.15954,1.15935,1.15943
1781705040000,1.15944,1.15948,1.15933,1.15941
1781705100000,1.1594,1.15956,1.1594,1.15954
1781705160000,1.15956,1.15966,1.15952,1.15965
1781705220000,1.15965,1.15966,1.15959,1.15963
1781705280000,1.15963,1.15963,1.15948,1.15952
1781705340000,1.15951,1.15952,1.15932,1.15932
1781705400000,1.15933,1.15944,1.1593,1.15936
1781705460000,1.15935,1.15936,1.15931,1.15933
1781705520000,1.15933,1.15939,1.15924,1.15933
1781705580000,1.15934,1.15936,1.1592,1.15925
1781705640000,1.15924,1.15929,1.15921,1.15928
1781705700000,1.15926,1.15934,1.15926,1.15934
1781705760000,1.15935,1.15943,1.15935,1.15939
1781705820000,1.15937,1.15937,1.15929,1.15931
1781705880000,1.15929,1.1593,1.1592,1.15928
1781705940000,1.15929,1.15935,1.15922,1.15927
1781706000000,1.15927,1.15934,1.15923,1.15923
1781706060000,1.15923,1.15924,1.15904,1.15907
1781706120000,1.15908,1.1591,1.15902,1.15909
1781706180000,1.15909,1.15912,1.15903,1.15907
1781706240000,1.15909,1.15929,1.15908,1.15916
1781706300000,1.15916,1.15929,1.15916,1.1592
1781706360000,1.15923,1.1593,1.15918,1.15924
1781706420000,1.15922,1.15922,1.1591,1.15916
1781706480000,1.15917,1.15932,1.15915,1.15922
1781706540000,1.15923,1.15929,1.15921,1.15926
1781706600000,1.15927,1.15954,1.15926,1.15952
1781706660000,1.15954,1.15956,1.15946,1.15947
1781706720000,1.15946,1.15956,1.15946,1.15949
1781706780000,1.15948,1.1595,1.15934,1.15935
1781706840000,1.15935,1.15942,1.15929,1.15942
1781706900000,1.15942,1.15945,1.15923,1.15926
1781706960000,1.15926,1.15926,1.15914,1.15921
1781707020000,1.15919,1.15926,1.15911,1.15926
1781707080000,1.15926,1.15926,1.15917,1.15919
1781707140000,1.15918,1.15933,1.15918,1.15932
1781707200000,1.15933,1.15934,1.15923,1.15925
1781707260000,1.15926,1.15927,1.15914,1.15914
1781707320000,1.15915,1.15938,1.15914,1.15936
1781707380000,1.15936,1.15947,1.15934,1.15947
1781707440000,1.15945,1.15945,1.15925,1.15927
1781707500000,1.15924,1.15931,1.15922,1.15927
1781707560000,1.15927,1.15927,1.15918,1.15918
1781707620000,1.15918,1.15925,1.15809,1.15848
1781707680000,1.15847,1.15906,1.15847,1.15905
1781707740000,1.15905,1.15905,1.15884,1.1589
1781707800000,1.15892,1.15903,1.15885,1.15895
1781707860000,1.15894,1.15904,1.15888,1.15892
1781707920000,1.15893,1.15924,1.15891,1.15922
1781707980000,1.15921,1.15928,1.15907,1.15908
1781708040000,1.15907,1.1591,1.15886,1.15888
1781708100000,1.1589,1.159,1.15886,1.15897
1781708160000,1.15896,1.15905,1.1589,1.15896
1781708220000,1.15895,1.15922,1.15886,1.159
1781708280000,1.15898,1.15906,1.15888,1.15888
1781708340000,1.15888,1.15898,1.15886,1.15893
1781708400000,1.15892,1.15896,1.15885,1.15896
1781708460000,1.15896,1.15905,1.15884,1.15884
1781708520000,1.15882,1.15887,1.15868,1.1587
1781708580000,1.15872,1.15913,1.15871,1.15913
1781708640000,1.15913,1.15921,1.15911,1.15917
1781708700000,1.15916,1.15918,1.15893,1.15899
1781708760000,1.15899,1.15918,1.15898,1.15903
1781708820000,1.15903,1.15917,1.15902,1.15917
1781708880000,1.15915,1.1592,1.15914,1.15917
1781708940000,1.15913,1.15915,1.15892,1.15892
1781709000000,1.15893,1.15897,1.15884,1.15895
1781709060000,1.15896,1.15898,1.15887,1.1589
1781709120000,1.15892,1.15896,1.15884,1.15895
1781709180000,1.15893,1.15896,1.1589,1.15895
1781709240000,1.15896,1.15902,1.15894,1.15902
1781709300000,1.159,1.15923,1.15897,1.15919
1781709360000,1.1592,1.15933,1.15919,1.15927
1781709420000,1.15926,1.15926,1.15905,1.15911
1781709480000,1.1591,1.15935,1.1591,1.15934
1781709540000,1.15933,1.1594,1.15926,1.15938
1781709600000,1.15938,1.15938,1.15921,1.15926
1781709660000,1.15926,1.1593,1.15915,1.15916
1781709720000,1.15916,1.1592,1.15914,1.15916
1781709780000,1.15914,1.1592,1.15912,1.15917
1781709840000,1.15917,1.15917,1.15909,1.15909
1781709900000,1.15908,1.15915,1.15906,1.15907
1781709960000,1.15909,1.15912,1.15906,1.15907
1781710020000,1.15907,1.15924,1.15907,1.15923
1781710080000,1.15921,1.15928,1.15915,1.15927
1781710140000,1.15929,1.15933,1.15922,1.15926
1781710200000,1.15925,1.15925,1.15917,1.15919
1781710260000,1.15919,1.15923,1.1591,1.15911
1781710320000,1.15912,1.15926,1.15912,1.15921
1781710380000,1.1592,1.15931,1.1592,1.15927
1781710440000,1.15928,1.15937,1.15928,1.15937
1781710500000,1.15937,1.15939,1.15933,1.15935
1781710560000,1.15932,1.15937,1.15923,1.15923
1781710620000,1.15924,1.15928,1.15918,1.15918
1781710680000,1.1592,1.15921,1.1591,1.15912
1781710740000,1.15913,1.15921,1.15912,1.15912
1781710800000,1.15912,1.15912,1.15892,1.159
1781710860000,1.159,1.15917,1.159,1.15917
1781710920000,1.15915,1.15927,1.15914,1.15927
1781710980000,1.15925,1.15928,1.15924,1.15924
1781711040000,1.15923,1.15937,1.15921,1.15929
1781711100000,1.1593,1.15937,1.15925,1.15929
1781711160000,1.15929,1.15934,1.15923,1.15923
1781711220000,1.15921,1.15933,1.15921,1.15933
1781711280000,1.15934,1.15939,1.15931,1.15934
1781711340000,1.15936,1.15938,1.15935,1.15937
1781711400000,1.15937,1.15939,1.15919,1.15919
1781711460000,1.15918,1.15923,1.15914,1.15921
1781711520000,1.15923,1.15928,1.15918,1.15925
1781711580000,1.15924,1.15931,1.1592,1.15928
1781711640000,1.15925,1.15925,1.15919,1.1592
1781711700000,1.15919,1.15932,1.15919,1.15928
1781711760000,1.15927,1.15929,1.15924,1.15925
1781711820000,1.15926,1.15929,1.15919,1.15919
1781711880000,1.1592,1.15934,1.1592,1.1593
1781711940000,1.15929,1.15929,1.15924,1.15925
1781712000000,1.15928,1.15933,1.15925,1.15926
1781712060000,1.15924,1.15924,1.15912,1.15915
1781712120000,1.15916,1.15923,1.15914,1.15915
1781712180000,1.15917,1.15919,1.15909,1.15911
1781712240000,1.15912,1.15916,1.15908,1.15913
1781712300000,1.15912,1.15912,1.15904,1.15908
1781712360000,1.15909,1.15918,1.15906,1.15915
1781712420000,1.15917,1.15917,1.1591,1.1591
1781712480000,1.1591,1.1591,1.15899,1.15902
1781712540000,1.15902,1.15911,1.15902,1.15911
1781712600000,1.15911,1.15912,1.15903,1.15912
1781712660000,1.15912,1.15914,1.15902,1.15905
1781712720000,1.15905,1.15907,1.159,1.159
1781712780000,1.15899,1.15903,1.15893,1.15893
1781712840000,1.15894,1.15896,1.1589,1.15894
1781712900000,1.15894,1.15908,1.15894,1.15907
1781712960000,1.15906,1.15908,1.15904,1.15907
1781713020000,1.15907,1.15908,1.15903,1.15904
1781713080000,1.15905,1.1591,1.15905,1.1591
1781713140000,1.15908,1.15908,1.159,1.15904
1781713200000,1.15904,1.15911,1.15904,1.15905
1781713260000,1.15906,1.15908,1.15904,1.15906
1781713320000,1.15906,1.15916,1.15906,1.15913
1781713380000,1.15912,1.1592,1.15912,1.15919
1781713440000,1.15921,1.15925,1.1592,1.15923
1781713500000,1.15923,1.15929,1.1592,1.15928
1781713560000,1.15929,1.1593,1.15918,1.15918
1781713620000,1.15917,1.15919,1.15907,1.15911
1781713680000,1.15911,1.15915,1.1591,1.15912
1781713740000,1.15912,1.15917,1.15911,1.15917
1781713800000,1.15917,1.1592,1.15906,1.1591
1781713860000,1.15907,1.15908,1.15893,1.15895
1781713920000,1.15894,1.159,1.15889,1.15889
1781713980000,1.15887,1.15894,1.15886,1.15889
1781714040000,1.1589,1.15894,1.1589,1.15893
1781714100000,1.15894,1.15899,1.15893,1.15898
1781714160000,1.15898,1.15899,1.15891,1.15891
1781714220000,1.15891,1.15895,1.1589,1.15894
1781714280000,1.15894,1.15897,1.15892,1.15897
1781714340000,1.15897,1.15899,1.15896,1.15896
1781714400000,1.15896,1.15899,1.15895,1.15897
1781714460000,1.15895,1.15899,1.15895,1.15897
1781714520000,1.15896,1.15897,1.15892,1.15893
1781714580000,1.15893,1.15897,1.15893,1.15896
1781714640000,1.15898,1.15903,1.15897,1.15903
1781714700000,1.15901,1.15901,1.159,1.159
1781714760000,1.15903,1.15903,1.15894,1.15895
1781714820000,1.15898,1.15905,1.15898,1.15905
1781714880000,1.15907,1.15909,1.15901,1.15901
1781714940000,1.15904,1.1591,1.15904,1.15906
1781715000000,1.15909,1.15911,1.15907,1.15911
1781715060000,1.15911,1.15917,1.15911,1.15915
1781715120000,1.15915,1.15916,1.15913,1.15916
1781715180000,1.15915,1.15916,1.15908,1.15908
1781715240000,1.15907,1.15907,1.15898,1.15901
1781715300000,1.15903,1.15927,1.15903,1.15923
1781715360000,1.15923,1.15923,1.15914,1.15914
1781715420000,1.15915,1.15916,1.15908,1.15913
1781715480000,1.15913,1.15915,1.15912,1.15912
1781715540000,1.15912,1.15917,1.15912,1.15916
1781715600000,1.15915,1.15915,1.15906,1.15908
1781715660000,1.15907,1.15913,1.15906,1.15906
1781715720000,1.15905,1.15914,1.15905,1.15913
1781715780000,1.15913,1.15918,1.15905,1.15908
1781715840000,1.1591,1.15916,1.1591,1.15913
1781715900000,1.15915,1.15917,1.15909,1.15911
1781715960000,1.15912,1.15912,1.15905,1.15906
1781716020000,1.15908,1.15908,1.15901,1.15901
1781716080000,1.15902,1.1591,1.15878,1.15902
1781716140000,1.15903,1.15907,1.159,1.15906
1781716200000,1.15908,1.15914,1.15901,1.15902
1781716260000,1.15901,1.15904,1.15897,1.159
1781716320000,1.15899,1.15904,1.15897,1.15904
1781716380000,1.15904,1.15911,1.15904,1.15911
1781716440000,1.1591,1.15912,1.15906,1.15906
1781716500000,1.15905,1.1591,1.15904,1.15905
1781716560000,1.15908,1.15911,1.15906,1.15906
1781716620000,1.15904,1.15905,1.15897,1.159
1781716680000,1.15899,1.15903,1.15898,1.15903
1781716740000,1.15904,1.15918,1.15903,1.15913
1781716800000,1.15912,1.15912,1.15905,1.15907
1781716860000,1.15908,1.15911,1.15905,1.15907
1781716920000,1.15907,1.15908,1.15906,1.15907
1781716980000,1.15905,1.15906,1.15901,1.15903
1781717040000,1.15904,1.15912,1.15904,1.1591
1781717100000,1.15911,1.15912,1.15906,1.15907
1781717160000,1.1591,1.1591,1.15904,1.15908
1781717220000,1.15907,1.15908,1.15902,1.15903
1781717280000,1.15901,1.15907,1.15899,1.15907
1781717340000,1.15907,1.15909,1.15906,1.15906
1781717400000,1.15904,1.15907,1.15903,1.15906
1781717460000,1.15906,1.15913,1.15906,1.15913
1781717520000,1.15913,1.15913,1.1591,1.15912
1781717580000,1.15911,1.15921,1.15906,1.15921
1781717640000,1.1592,1.1592,1.1591,1.15917
1781717700000,1.15918,1.15918,1.15912,1.15914
1781717760000,1.15912,1.15918,1.15912,1.15917
1781717820000,1.1592,1.15921,1.15912,1.15912
1781717880000,1.15912,1.15922,1.1591,1.15919
1781717940000,1.15921,1.15923,1.15917,1.1592
1781718000000,1.15921,1.15926,1.15919,1.15923
1781718060000,1.15922,1.15923,1.15917,1.1592
1781718120000,1.15921,1.1593,1.15918,1.1593
1781718180000,1.1593,1.15934,1.15925,1.15929
1781718240000,1.15928,1.1593,1.15925,1.15928
1781718300000,1.15928,1.15936,1.15928,1.15933
1781718360000,1.15933,1.15938,1.1593,1.15932
1781718420000,1.15933,1.15933,1.15922,1.15926
1781718480000,1.15927,1.15935,1.15926,1.15934
1781718540000,1.15933,1.1594,1.15933,1.15935
1781718600000,1.15935,1.15937,1.15934,1.15937
1781718660000,1.15939,1.15943,1.15938,1.15938
1781718720000,1.15939,1.15951,1.15939,1.15947
1781718780000,1.15948,1.15951,1.15945,1.1595
1781718840000,1.1595,1.15953,1.15946,1.15947
1781718900000,1.15948,1.15953,1.15947,1.15949
1781718960000,1.15951,1.15961,1.15951,1.15959
1781719020000,1.15961,1.15961,1.1595,1.15956
1781719080000,1.15955,1.1596,1.1595,1.1596
1781719140000,1.1596,1.1596,1.15949,1.15949
1781719200000,1.1595,1.15952,1.15482,1.15482
1781719260000,1.15481,1.15653,1.15461,1.15653
1781719320000,1.15653,1.15674,1.15574,1.15582
1781719380000,1.15572,1.15644,1.15553,1.15614
1781719440000,1.15618,1.15625,1.15533,1.15544
1781719500000,1.15541,1.15552,1.15448,1.15491
1781719560000,1.1549,1.15541,1.1549,1.15514
1781719620000,1.15514,1.15553,1.15489,1.15495
1781719680000,1.15493,1.15504,1.1544,1.15454
1781719740000,1.15454,1.15496,1.15442,1.15458
1781719800000,1.15456,1.15466,1.15433,1.15436
1781719860000,1.15436,1.15471,1.15425,1.15455
1781719920000,1.15456,1.15473,1.15433,1.15469
1781719980000,1.15468,1.15468,1.1543,1.1544
1781720040000,1.15443,1.15471,1.15416,1.15446
1781720100000,1.15446,1.15478,1.15445,1.15475
1781720160000,1.15474,1.15482,1.15445,1.15469
1781720220000,1.15469,1.15496,1.15462,1.15485
1781720280000,1.15484,1.15523,1.15483,1.15503
1781720340000,1.15501,1.15528,1.15494,1.15514
1781720400000,1.15514,1.1554,1.15513,1.15516
1781720460000,1.15517,1.15551,1.15511,1.15548
1781720520000,1.15547,1.15554,1.15514,1.15522
1781720580000,1.15521,1.1556,1.15521,1.15551
1781720640000,1.1555,1.15563,1.15533,1.15546
1781720700000,1.15547,1.15547,1.15473,1.1548
1781720760000,1.15481,1.15501,1.15476,1.15487
1781720820000,1.15488,1.1549,1.15459,1.15477
1781720880000,1.15479,1.15486,1.15469,1.15474
1781720940000,1.15475,1.15487,1.1546,1.15487
1781721000000,1.15486,1.15492,1.15458,1.15459
1781721060000,1.15459,1.15565,1.15458,1.15563
1781721120000,1.15562,1.15646,1.15431,1.1551
1781721180000,1.15511,1.15524,1.15396,1.15411
1781721240000,1.15412,1.15437,1.15355,1.15358
1781721300000,1.15361,1.15437,1.15359,1.1543
1781721360000,1.15428,1.1546,1.15416,1.15451
1781721420000,1.15448,1.15491,1.15439,1.15458
1781721480000,1.15457,1.1553,1.15454,1.15528
1781721540000,1.15527,1.15591,1.15508,1.15524
1781721600000,1.15527,1.1556,1.15523,1.15531
1781721660000,1.15531,1.15564,1.15473,1.15529
1781721720000,1.15528,1.15542,1.15479,1.15535
1781721780000,1.15534,1.15603,1.15511,1.15593
1781721840000,1.15592,1.15662,1.15582,1.15625
1781721900000,1.15625,1.15626,1.15583,1.15589
1781721960000,1.15587,1.15619,1.15556,1.15558
1781722020000,1.15557,1.15632,1.15543,1.15622
1781722080000,1.15622,1.15622,1.15554,1.15596
1781722140000,1.15598,1.15618,1.15586,1.15607
1781722200000,1.15607,1.15607,1.15556,1.15563
1781722260000,1.15565,1.15589,1.15553,1.15562
1781722320000,1.15562,1.15623,1.15544,1.1557
1781722380000,1.15569,1.1557,1.15524,1.15529
1781722440000,1.15527,1.1555,1.15519,1.15521
1781722500000,1.15521,1.15524,1.15449,1.15463
1781722560000,1.15465,1.15473,1.15446,1.1545
1781722620000,1.1545,1.15462,1.15407,1.15407
1781722680000,1.15407,1.1542,1.1537,1.1537
1781722740000,1.15372,1.15397,1.15368,1.15387
1781722800000,1.15386,1.1541,1.15367,1.15409
1781722860000,1.15409,1.15418,1.15366,1.15368
1781722920000,1.1537,1.15394,1.15274,1.15276
1781722980000,1.15281,1.153,1.15247,1.15282
1781723040000,1.15283,1.15287,1.15204,1.15206
1781723100000,1.15206,1.15231,1.15185,1.15226
1781723160000,1.15224,1.15265,1.15207,1.15212
1781723220000,1.15213,1.15221,1.1517,1.15176
1781723280000,1.15173,1.15224,1.15165,1.15186
1781723340000,1.15185,1.15196,1.1515,1.15155
1781723400000,1.15151,1.15161,1.15126,1.15126
1781723460000,1.15127,1.15128,1.15086,1.15087
1781723520000,1.15089,1.15105,1.15055,1.15062
1781723580000,1.15064,1.1518,1.15051,1.15161
1781723640000,1.15161,1.15163,1.15124,1.15158
1781723700000,1.15159,1.15163,1.15104,1.1514
1781723760000,1.15139,1.15155,1.15124,1.15125
1781723820000,1.15122,1.15134,1.15075,1.15077
1781723880000,1.15078,1.15079,1.15052,1.15067
1781723940000,1.1507,1.15102,1.15066,1.1507
1781724000000,1.15071,1.15071,1.15048,1.15057
1781724060000,1.15055,1.15055,1.15026,1.15052
1781724120000,1.15052,1.15076,1.15031,1.15031
1781724180000,1.15034,1.15035,1.14999,1.15019
1781724240000,1.15018,1.15023,1.14989,1.14989
1781724300000,1.14987,1.15019,1.14978,1.15006
1781724360000,1.15007,1.15035,1.15006,1.15012
1781724420000,1.15012,1.15043,1.14997,1.14999
1781724480000,1.15001,1.15009,1.14979,1.14989
1781724540000,1.14991,1.15001,1.14956,1.14957
1781724600000,1.14957,1.14966,1.14919,1.14932
1781724660000,1.14931,1.14973,1.14926,1.14931
1781724720000,1.14931,1.14936,1.14903,1.14919
1781724780000,1.14917,1.14929,1.14898,1.14901
1781724840000,1.14902,1.14905,1.14838,1.1484
1781724900000,1.14841,1.14861,1.14824,1.14849
1781724960000,1.14847,1.14865,1.14829,1.14842
1781725020000,1.14846,1.14852,1.14831,1.14836
1781725080000,1.14836,1.14837,1.14779,1.14782
1781725140000,1.14781,1.14815,1.14779,1.14806
1781725200000,1.14804,1.1482,1.14778,1.14797
1781725260000,1.14796,1.14874,1.14796,1.1483
1781725320000,1.14828,1.1483,1.14784,1.14796
1781725380000,1.14797,1.14827,1.1478,1.14822
1781725440000,1.14822,1.14843,1.14806,1.14839
1781725500000,1.14839,1.14884,1.14839,1.1488
1781725560000,1.14883,1.14905,1.14869,1.14884
1781725620000,1.14883,1.149,1.14879,1.14892
1781725680000,1.14892,1.149,1.14882,1.14889
1781725740000,1.1489,1.14903,1.1486,1.1489
1781725800000,1.14887,1.14925,1.14855,1.1487
1781725860000,1.14873,1.14894,1.14873,1.14894
1781725920000,1.14893,1.14893,1.14866,1.14872
1781725980000,1.14872,1.14882,1.14867,1.14878
1781726040000,1.14879,1.14925,1.14879,1.14924
1781726100000,1.14923,1.14952,1.14923,1.14951
1781726160000,1.14949,1.14971,1.14936,1.14958
1781726220000,1.14958,1.14963,1.14939,1.14952
1781726280000,1.14954,1.14957,1.14926,1.14934
1781726340000,1.14936,1.14943,1.1493,1.14941
1781726400000,1.1494,1.14972,1.14939,1.14963
1781726460000,1.14962,1.14966,1.14946,1.14946
1781726520000,1.14947,1.14957,1.1494,1.14946
1781726580000,1.14946,1.14949,1.14905,1.14908
1781726640000,1.1491,1.14911,1.14868,1.14877
1781726700000,1.1488,1.14901,1.1488,1.14898
1781726760000,1.14898,1.14909,1.14892,1.14901
1781726820000,1.14902,1.14911,1.14892,1.14897
1781726880000,1.14897,1.14899,1.14892,1.14894
1781726940000,1.14896,1.149,1.14891,1.14897
1781727000000,1.14897,1.14922,1.14896,1.14919
1781727060000,1.14918,1.14926,1.14911,1.14913
1781727120000,1.14912,1.14917,1.14911,1.14915
1781727180000,1.14916,1.14924,1.14913,1.14922
1781727240000,1.14925,1.14926,1.14908,1.14909
1781727300000,1.14907,1.14907,1.14889,1.14903
1781727360000,1.14904,1.14916,1.14897,1.14915
1781727420000,1.14916,1.14932,1.14913,1.14928
1781727480000,1.14929,1.14979,1.14929,1.14971
1781727540000,1.14972,1.14972,1.14958,1.14971
1781727600000,1.14974,1.14978,1.14971,1.14975
1781727660000,1.14975,1.14986,1.14975,1.14976
1781727720000,1.14974,1.14986,1.14971,1.14982
1781727780000,1.14982,1.14984,1.14959,1.14959
1781727840000,1.14957,1.14966,1.14953,1.14966
1781727900000,1.14966,1.14968,1.14958,1.14962
1781727960000,1.14961,1.14977,1.14955,1.14972
1781728020000,1.14974,1.14991,1.14974,1.1499
1781728080000,1.14988,1.14993,1.14984,1.14993
1781728140000,1.14992,1.14997,1.14984,1.14996
1781728200000,1.14995,1.15002,1.14992,1.14992
1781728260000,1.1499,1.14999,1.14987,1.14998
1781728320000,1.14997,1.15021,1.14996,1.1502
1781728380000,1.15022,1.15022,1.1501,1.1501
1781728440000,1.15011,1.15018,1.15011,1.15017
1781728500000,1.15015,1.15017,1.15005,1.15005
1781728560000,1.15005,1.15022,1.15002,1.15022
1781728620000,1.15023,1.15032,1.15023,1.15031
1781728680000,1.1503,1.1505,1.15025,1.1505
1781728740000,1.15046,1.15046,1.15033,1.15039
1781728800000,1.15039,1.15039,1.15028,1.15037
1781728860000,1.15036,1.15053,1.15033,1.15048
1781728920000,1.1505,1.15054,1.15037,1.15037
1781728980000,1.15038,1.15041,1.15027,1.15028
1781729040000,1.15029,1.15034,1.15016,1.15016
1781729100000,1.15019,1.15026,1.15015,1.15025
1781729160000,1.15026,1.15034,1.15025,1.15028
1781729220000,1.15028,1.1503,1.15018,1.15022
1781729280000,1.15023,1.15023,1.15002,1.15004
1781729340000,1.15003,1.15015,1.15003,1.15005
1781729400000,1.15007,1.15022,1.15007,1.15015
1781729460000,1.15015,1.15016,1.15,1.15007
1781729520000,1.15009,1.15019,1.15006,1.15008
1781729580000,1.15008,1.15013,1.15007,1.15013
1781729640000,1.15009,1.15012,1.15004,1.15012
1781729700000,1.15011,1.15011,1.15006,1.15008
1781729760000,1.15005,1.15012,1.15004,1.15008
1781729820000,1.15009,1.15009,1.14999,1.15003
1781729880000,1.15005,1.15021,1.15004,1.15015
1781729940000,1.15015,1.15019,1.15008,1.15008
1781730000000,1.14999,1.15,1.14997,1.14997
1781730060000,1.14998,1.14998,1.14998,1.14998
1781730120000,1.14998,1.14998,1.14998,1.14998
1781730180000,1.14998,1.14998,1.14998,1.14998
1781730240000,1.14998,1.14998,1.14998,1.14998
1781730300000,1.14999,1.14999,1.14996,1.14997
1781730360000,1.14996,1.14996,1.14996,1.14996
1781730420000,1.14996,1.14996,1.14995,1.14995
1781730480000,1.14997,1.15019,1.14995,1.15013
1781730540000,1.15008,1.15008,1.15006,1.15006
1781730600000,1.15005,1.1501,1.15005,1.15009
1781730660000,1.15009,1.15014,1.15009,1.15014
1781730720000,1.15013,1.1502,1.15013,1.1502
1781730780000,1.15015,1.15015,1.1501,1.15011
1781730840000,1.15025,1.15025,1.15009,1.1501
1781730900000,1.15008,1.1501,1.15006,1.15006
1781730960000,1.15008,1.15009,1.15006,1.15009
1781731020000,1.15009,1.15009,1.15009,1.15009
1781731080000,1.15006,1.15009,1.15006,1.15009
1781731140000,1.15006,1.15009,1.15005,1.15006
1781731200000,1.15006,1.15007,1.15006,1.15006
1781731260000,1.15009,1.15009,1.15006,1.15008
1781731320000,1.15006,1.15013,1.15006,1.15013
1781731380000,1.15013,1.15018,1.15012,1.15018
1781731440000,1.15017,1.1502,1.15017,1.15018
1781731500000,1.1502,1.1502,1.1502,1.1502
1781731560000,1.15019,1.15019,1.15019,1.15019
1781731620000,1.1502,1.15022,1.1502,1.15022
1781731680000,1.15022,1.15022,1.15022,1.15022
1781731740000,1.1502,1.1502,1.1502,1.1502
1781731800000,1.1502,1.15025,1.1502,1.15025
1781731860000,1.15025,1.15025,1.15022,1.15023
1781731920000,1.15019,1.15022,1.15015,1.15017
1781731980000,1.15013,1.15014,1.15009,1.15014
1781732040000,1.15013,1.15014,1.15013,1.15013
1781732100000,1.15015,1.15015,1.15006,1.15006
1781732160000,1.15012,1.15012,1.15011,1.15011
1781732220000,1.1501,1.1501,1.1501,1.1501
1781732280000,1.1501,1.1501,1.1501,1.1501
1781732340000,1.15007,1.15008,1.15006,1.15006
1781732400000,1.15008,1.15008,1.15006,1.15006
1781732460000,1.15007,1.1501,1.15007,1.1501
1781732520000,1.1501,1.1501,1.1501,1.1501
1781732580000,1.1501,1.1501,1.1501,1.1501
1781732640000,1.15011,1.15011,1.15011,1.15011
1781732700000,1.15015,1.15016,1.15015,1.15016
1781732760000,1.15016,1.15016,1.15016,1.15016
1781732820000,1.15015,1.15015,1.15015,1.15015
1781732880000,1.15016,1.15016,1.15016,1.15016
1781732940000,1.15016,1.15021,1.15015,1.1502
1781733000000,1.15019,1.15028,1.15018,1.15025
1781733060000,1.15023,1.15027,1.15023,1.15027
1781733120000,1.15027,1.15027,1.15023,1.15026
1781733180000,1.15027,1.15028,1.15026,1.15027
1781733240000,1.15027,1.15027,1.15027,1.15027
1781733300000,1.15026,1.15026,1.15025,1.15025
1781733360000,1.15025,1.15025,1.15025,1.15025
1781733420000,1.15026,1.15028,1.15021,1.15021
1781733480000,1.15022,1.15022,1.15021,1.15021
1781733540000,1.15021,1.15022,1.15016,1.15022
1781733600000,1.15023,1.15037,1.15017,1.15017
1781733660000,1.15015,1.15017,1.15013,1.15015
1781733720000,1.15016,1.15017,1.15,1.15017
1781733780000,1.15016,1.15017,1.15002,1.15006
1781733840000,1.15007,1.15012,1.15007,1.15008
1781733900000,1.15011,1.15025,1.15011,1.15025
1781733960000,1.15024,1.15038,1.15024,1.1503
1781734020000,1.15031,1.15033,1.15027,1.15033
1781734080000,1.15033,1.15034,1.15027,1.15028
1781734140000,1.1503,1.15038,1.1503,1.15034
1781734200000,1.15033,1.15036,1.15031,1.15032
1781734260000,1.15028,1.15046,1.15027,1.15033
1781734320000,1.15034,1.15048,1.15029,1.15044
1781734380000,1.15045,1.15045,1.15038,1.15039
1781734440000,1.15041,1.15043,1.15027,1.15028
1781734500000,1.15027,1.15028,1.15026,1.15027
1781734560000,1.15027,1.15027,1.15021,1.15021
1781734620000,1.15021,1.15026,1.15021,1.15023
1781734680000,1.15023,1.15026,1.15023,1.15026
1781734740000,1.15027,1.15027,1.15024,1.15025
1781734800000,1.15027,1.15034,1.15027,1.15033
1781734860000,1.15034,1.15037,1.15031,1.15036
1781734920000,1.15036,1.15037,1.15021,1.15021
1781734980000,1.1502,1.1502,1.15017,1.15019
1781735040000,1.15018,1.15021,1.15013,1.15015
1781735100000,1.15014,1.15017,1.15012,1.15016
1781735160000,1.15016,1.15022,1.15016,1.1502
1781735220000,1.15022,1.15022,1.15013,1.15017
1781735280000,1.15016,1.15027,1.15016,1.15024
1781735340000,1.15022,1.15022,1.1502,1.1502
1781735400000,1.15019,1.15021,1.15015,1.15016
1781735460000,1.15018,1.1503,1.15017,1.15028
1781735520000,1.15028,1.15031,1.15025,1.15026
1781735580000,1.15028,1.15031,1.15027,1.15028
1781735640000,1.1503,1.15036,1.15029,1.15031
1781735700000,1.15029,1.15031,1.15028,1.15031
1781735760000,1.15032,1.1504,1.15031,1.15037
1781735820000,1.15036,1.1504,1.15036,1.15038
1781735880000,1.15039,1.15047,1.15039,1.15047
1781735940000,1.15046,1.15049,1.15044,1.15048
1781736000000,1.15047,1.15051,1.15046,1.15049
1781736060000,1.15049,1.15052,1.15047,1.15047
1781736120000,1.15047,1.15051,1.15046,1.15051
1781736180000,1.1505,1.15051,1.15045,1.15046
1781736240000,1.15045,1.15046,1.15041,1.15041
1781736300000,1.15043,1.1505,1.15041,1.15044
1781736360000,1.15045,1.15045,1.15041,1.15042
1781736420000,1.15041,1.15044,1.1504,1.1504
1781736480000,1.15038,1.15038,1.15027,1.15037
1781736540000,1.15036,1.15037,1.15035,1.15036
1781736600000,1.1504,1.15045,1.1504,1.15042
1781736660000,1.15042,1.15044,1.15042,1.15044
1781736720000,1.15043,1.15048,1.15043,1.15047
1781736780000,1.15047,1.1505,1.15047,1.15047
1781736840000,1.15047,1.15055,1.15046,1.15053
1781736900000,1.15051,1.15053,1.1505,1.15051
1781736960000,1.1505,1.1505,1.15045,1.15047
1781737020000,1.15047,1.15047,1.15045,1.15045
1781737080000,1.15045,1.15046,1.15044,1.15046
1781737140000,1.15044,1.15044,1.15042,1.15042
1781737200000,1.15042,1.15051,1.15042,1.15048
1781737260000,1.15046,1.15046,1.15044,1.15044
1781737320000,1.15044,1.15047,1.15043,1.15043
1781737380000,1.15045,1.15049,1.15045,1.15048
1781737440000,1.15049,1.15053,1.15047,1.15051
1781737500000,1.15053,1.15053,1.15052,1.15053
1781737560000,1.15052,1.15055,1.15051,1.15054
1781737620000,1.15054,1.15055,1.15051,1.15055
1781737680000,1.15053,1.15062,1.15053,1.15061
1781737740000,1.15061,1.15066,1.1506,1.15061
1781737800000,1.15061,1.15061,1.15058,1.15058
1781737860000,1.15058,1.15058,1.15058,1.15058
1781737920000,1.15058,1.15058,1.15057,1.15057
1781737980000,1.15058,1.15068,1.15058,1.15066
1781738040000,1.15067,1.15076,1.15067,1.15073
1781738100000,1.15074,1.15076,1.15074,1.15074
1781738160000,1.15076,1.15077,1.15076,1.15077
1781738220000,1.15074,1.15074,1.15072,1.15074
1781738280000,1.15072,1.15075,1.15067,1.15075
1781738340000,1.15074,1.15074,1.1507,1.15071
1781738400000,1.15073,1.15076,1.15073,1.15075
1781738460000,1.15075,1.15077,1.15074,1.15077
1781738520000,1.15081,1.15084,1.15079,1.15082
1781738580000,1.15079,1.15083,1.15079,1.15082
1781738640000,1.15079,1.15081,1.15077,1.15078
1781738700000,1.15078,1.15078,1.15076,1.15077
1781738760000,1.15081,1.15081,1.15072,1.15076
1781738820000,1.15076,1.15077,1.15076,1.15077
1781738880000,1.15074,1.15074,1.1506,1.1506
1781738940000,1.1506,1.15063,1.15059,1.15063
1781739000000,1.15063,1.15063,1.15055,1.15055
1781739060000,1.15055,1.15063,1.15055,1.15058
1781739120000,1.15058,1.15064,1.15056,1.15057
1781739180000,1.15056,1.15062,1.15053,1.15062
1781739240000,1.1506,1.15068,1.15057,1.15066
1781739300000,1.15066,1.15067,1.15058,1.15058
1781739360000,1.15057,1.15064,1.15057,1.15063
1781739420000,1.15063,1.15064,1.15056,1.15056
1781739480000,1.15054,1.15056,1.15051,1.15055
1781739540000,1.15054,1.15054,1.1505,1.1505
1781739600000,1.15049,1.15051,1.15038,1.15039
1781739660000,1.1504,1.1504,1.15035,1.15038
1781739720000,1.15039,1.15054,1.15039,1.15053
1781739780000,1.15053,1.1506,1.15053,1.15059
1781739840000,1.15061,1.1507,1.15057,1.15069
1781739900000,1.15069,1.15074,1.15065,1.15065
1781739960000,1.15066,1.15068,1.15064,1.15067
1781740020000,1.15068,1.15068,1.1506,1.15064
1781740080000,1.15064,1.15064,1.15057,1.15061
1781740140000,1.15061,1.15068,1.15061,1.15066
1781740200000,1.15067,1.15071,1.15067,1.15068
1781740260000,1.15069,1.15069,1.15064,1.15069
1781740320000,1.15071,1.15075,1.15069,1.15072
1781740380000,1.15073,1.15073,1.15068,1.15071
1781740440000,1.15068,1.15073,1.15067,1.15073
1781740500000,1.15072,1.15072,1.15069,1.15071
1781740560000,1.15069,1.1507,1.15058,1.1506
1781740620000,1.15062,1.15066,1.15062,1.15062
1781740680000,1.15061,1.15063,1.15061,1.15062
1781740740000,1.1506,1.15068,1.15057,1.15068
1781913600000,1.14683,1.14683,1.14683,1.14683
1781913660000,1.14683,1.14683,1.14683,1.14683
1781913720000,1.14683,1.14683,1.14683,1.14683
1781913780000,1.14683,1.14683,1.14683,1.14683
1781913840000,1.14683,1.14683,1.14683,1.14683
1781913900000,1.14683,1.14683,1.14683,1.14683
1781913960000,1.14683,1.14683,1.14683,1.14683
1781914020000,1.14683,1.14683,1.14683,1.14683
1781914080000,1.14683,1.14683,1.14683,1.14683
1781914140000,1.14683,1.14683,1.14683,1.14683
1781914200000,1.14683,1.14683,1.14683,1.14683
1781914260000,1.14683,1.14683,1.14683,1.14683
1781914320000,1.14683,1.14683,1.14683,1.14683
1781914380000,1.14683,1.14683,1.14683,1.14683
1781914440000,1.14683,1.14683,1.14683,1.14683
1781914500000,1.14683,1.14683,1.14683,1.14683
1781914560000,1.14683,1.14683,1.14683,1.14683
1781914620000,1.14683,1.14683,1.14683,1.14683
1781914680000,1.14683,1.14683,1.14683,1.14683
1781914740000,1.14683,1.14683,1.14683,1.14683
1781914800000,1.14683,1.14683,1.14683,1.14683
1781914860000,1.14683,1.14683,1.14683,1.14683
1781914920000,1.14683,1.14683,1.14683,1.14683
1781914980000,1.14683,1.14683,1.14683,1.14683
1781915040000,1.14683,1.14683,1.14683,1.14683
1781915100000,1.14683,1.14683,1.14683,1.14683
1781915160000,1.14683,1.14683,1.14683,1.14683
1781915220000,1.14683,1.14683,1.14683,1.14683
1781915280000,1.14683,1.14683,1.14683,1.14683
1781915340000,1.14683,1.14683,1.14683,1.14683
1781915400000,1.14683,1.14683,1.14683,1.14683
1781915460000,1.14683,1.14683,1.14683,1.14683
1781915520000,1.14683,1.14683,1.14683,1.14683
1781915580000,1.14683,1.14683,1.14683,1.14683
1781915640000,1.14683,1.14683,1.14683,1.14683
1781915700000,1.14683,1.14683,1.14683,1.14683
1781915760000,1.14683,1.14683,1.14683,1.14683
1781915820000,1.14683,1.14683,1.14683,1.14683
1781915880000,1.14683,1.14683,1.14683,1.14683
1781915940000,1.14683,1.14683,1.14683,1.14683
1781916000000,1.14683,1.14683,1.14683,1.14683
1781916060000,1.14683,1.14683,1.14683,1.14683
1781916120000,1.14683,1.14683,1.14683,1.14683
1781916180000,1.14683,1.14683,1.14683,1.14683
1781916240000,1.14683,1.14683,1.14683,1.14683
1781916300000,1.14683,1.14683,1.14683,1.14683
1781916360000,1.14683,1.14683,1.14683,1.14683
1781916420000,1.14683,1.14683,1.14683,1.14683
1781916480000,1.14683,1.14683,1.14683,1.14683
1781916540000,1.14683,1.14683,1.14683,1.14683
1781916600000,1.14683,1.14683,1.14683,1.14683
1781916660000,1.14683,1.14683,1.14683,1.14683
1781916720000,1.14683,1.14683,1.14683,1.14683
1781916780000,1.14683,1.14683,1.14683,1.14683
1781916840000,1.14683,1.14683,1.14683,1.14683
1781916900000,1.14683,1.14683,1.14683,1.14683
1781916960000,1.14683,1.14683,1.14683,1.14683
1781917020000,1.14683,1.14683,1.14683,1.14683
1781917080000,1.14683,1.14683,1.14683,1.14683
1781917140000,1.14683,1.14683,1.14683,1.14683
1781917200000,1.14683,1.14683,1.14683,1.14683
1781917260000,1.14683,1.14683,1.14683,1.14683
1781917320000,1.14683,1.14683,1.14683,1.14683
1781917380000,1.14683,1.14683,1.14683,1.14683
1781917440000,1.14683,1.14683,1.14683,1.14683
1781917500000,1.14683,1.14683,1.14683,1.14683
1781917560000,1.14683,1.14683,1.14683,1.14683
1781917620000,1.14683,1.14683,1.14683,1.14683
1781917680000,1.14683,1.14683,1.14683,1.14683
1781917740000,1.14683,1.14683,1.14683,1.14683
1781917800000,1.14683,1.14683,1.14683,1.14683
1781917860000,1.14683,1.14683,1.14683,1.14683
1781917920000,1.14683,1.14683,1.14683,1.14683
1781917980000,1.14683,1.14683,1.14683,1.14683
1781918040000,1.14683,1.14683,1.14683,1.14683
1781918100000,1.14683,1.14683,1.14683,1.14683
1781918160000,1.14683,1.14683,1.14683,1.14683
1781918220000,1.14683,1.14683,1.14683,1.14683
1781918280000,1.14683,1.14683,1.14683,1.14683
1781918340000,1.14683,1.14683,1.14683,1.14683
1781918400000,1.14683,1.14683,1.14683,1.14683
1781918460000,1.14683,1.14683,1.14683,1.14683
1781918520000,1.14683,1.14683,1.14683,1.14683
1781918580000,1.14683,1.14683,1.14683,1.14683
1781918640000,1.14683,1.14683,1.14683,1.14683
1781918700000,1.14683,1.14683,1.14683,1.14683
1781918760000,1.14683,1.14683,1.14683,1.14683
1781918820000,1.14683,1.14683,1.14683,1.14683
1781918880000,1.14683,1.14683,1.14683,1.14683
1781918940000,1.14683,1.14683,1.14683,1.14683
1781919000000,1.14683,1.14683,1.14683,1.14683
1781919060000,1.14683,1.14683,1.14683,1.14683
1781919120000,1.14683,1.14683,1.14683,1.14683
1781919180000,1.14683,1.14683,1.14683,1.14683
1781919240000,1.14683,1.14683,1.14683,1.14683
1781919300000,1.14683,1.14683,1.14683,1.14683
1781919360000,1.14683,1.14683,1.14683,1.14683
1781919420000,1.14683,1.14683,1.14683,1.14683
1781919480000,1.14683,1.14683,1.14683,1.14683
1781919540000,1.14683,1.14683,1.14683,1.14683
1781919600000,1.14683,1.14683,1.14683,1.14683
1781919660000,1.14683,1.14683,1.14683,1.14683
1781919720000,1.14683,1.14683,1.14683,1.14683
1781919780000,1.14683,1.14683,1.14683,1.14683
1781919840000,1.14683,1.14683,1.14683,1.14683
1781919900000,1.14683,1.14683,1.14683,1.14683
1781919960000,1.14683,1.14683,1.14683,1.14683
1781920020000,1.14683,1.14683,1.14683,1.14683
1781920080000,1.14683,1.14683,1.14683,1.14683
1781920140000,1.14683,1.14683,1.14683,1.14683
1781920200000,1.14683,1.14683,1.14683,1.14683
1781920260000,1.14683,1.14683,1.14683,1.14683
1781920320000,1.14683,1.14683,1.14683,1.14683
1781920380000,1.14683,1.14683,1.14683,1.14683
1781920440000,1.14683,1.14683,1.14683,1.14683
1781920500000,1.14683,1.14683,1.14683,1.14683
1781920560000,1.14683,1.14683,1.14683,1.14683
1781920620000,1.14683,1.14683,1.14683,1.14683
1781920680000,1.14683,1.14683,1.14683,1.14683
1781920740000,1.14683,1.14683,1.14683,1.14683
1781920800000,1.14683,1.14683,1.14683,1.14683
1781920860000,1.14683,1.14683,1.14683,1.14683
1781920920000,1.14683,1.14683,1.14683,1.14683
1781920980000,1.14683,1.14683,1.14683,1.14683
1781921040000,1.14683,1.14683,1.14683,1.14683
1781921100000,1.14683,1.14683,1.14683,1.14683
1781921160000,1.14683,1.14683,1.14683,1.14683
1781921220000,1.14683,1.14683,1.14683,1.14683
1781921280000,1.14683,1.14683,1.14683,1.14683
1781921340000,1.14683,1.14683,1.14683,1.14683
1781921400000,1.14683,1.14683,1.14683,1.14683
1781921460000,1.14683,1.14683,1.14683,1.14683
1781921520000,1.14683,1.14683,1.14683,1.14683
1781921580000,1.14683,1.14683,1.14683,1.14683
1781921640000,1.14683,1.14683,1.14683,1.14683
1781921700000,1.14683,1.14683,1.14683,1.14683
1781921760000,1.14683,1.14683,1.14683,1.14683
1781921820000,1.14683,1.14683,1.14683,1.14683
1781921880000,1.14683,1.14683,1.14683,1.14683
1781921940000,1.14683,1.14683,1.14683,1.14683
1781922000000,1.14683,1.14683,1.14683,1.14683
1781922060000,1.14683,1.14683,1.14683,1.14683
1781922120000,1.14683,1.14683,1.14683,1.14683
1781922180000,1.14683,1.14683,1.14683,1.14683
1781922240000,1.14683,1.14683,1.14683,1.14683
1781922300000,1.14683,1.14683,1.14683,1.14683
1781922360000,1.14683,1.14683,1.14683,1.14683
1781922420000,1.14683,1.14683,1.14683,1.14683
1781922480000,1.14683,1.14683,1.14683,1.14683
1781922540000,1.14683,1.14683,1.14683,1.14683
1781922600000,1.14683,1.14683,1.14683,1.14683
1781922660000,1.14683,1.14683,1.14683,1.14683
1781922720000,1.14683,1.14683,1.14683,1.14683
1781922780000,1.14683,1.14683,1.14683,1.14683
1781922840000,1.14683,1.14683,1.14683,1.14683
1781922900000,1.14683,1.14683,1.14683,1.14683
1781922960000,1.14683,1.14683,1.14683,1.14683
1781923020000,1.14683,1.14683,1.14683,1.14683
1781923080000,1.14683,1.14683,1.14683,1.14683
1781923140000,1.14683,1.14683,1.14683,1.14683
1781923200000,1.14683,1.14683,1.14683,1.14683
1781923260000,1.14683,1.14683,1.14683,1.14683
1781923320000,1.14683,1.14683,1.14683,1.14683
1781923380000,1.14683,1.14683,1.14683,1.14683
1781923440000,1.14683,1.14683,1.14683,1.14683
1781923500000,1.14683,1.14683,1.14683,1.14683
1781923560000,1.14683,1.14683,1.14683,1.14683
1781923620000,1.14683,1.14683,1.14683,1.14683
1781923680000,1.14683,1.14683,1.14683,1.14683
1781923740000,1.14683,1.14683,1.14683,1.14683
1781923800000,1.14683,1.14683,1.14683,1.14683
1781923860000,1.14683,1.14683,1.14683,1.14683
1781923920000,1.14683,1.14683,1.14683,1.14683
1781923980000,1.14683,1.14683,1.14683,1.14683
1781924040000,1.14683,1.14683,1.14683,1.14683
1781924100000,1.14683,1.14683,1.14683,1.14683
1781924160000,1.14683,1.14683,1.14683,1.14683
1781924220000,1.14683,1.14683,1.14683,1.14683
1781924280000,1.14683,1.14683,1.14683,1.14683
1781924340000,1.14683,1.14683,1.14683,1.14683
1781924400000,1.14683,1.14683,1.14683,1.14683
1781924460000,1.14683,1.14683,1.14683,1.14683
1781924520000,1.14683,1.14683,1.14683,1.14683
1781924580000,1.14683,1.14683,1.14683,1.14683
1781924640000,1.14683,1.14683,1.14683,1.14683
1781924700000,1.14683,1.14683,1.14683,1.14683
1781924760000,1.14683,1.14683,1.14683,1.14683
1781924820000,1.14683,1.14683,1.14683,1.14683
1781924880000,1.14683,1.14683,1.14683,1.14683
1781924940000,1.14683,1.14683,1.14683,1.14683
1781925000000,1.14683,1.14683,1.14683,1.14683
1781925060000,1.14683,1.14683,1.14683,1.14683
1781925120000,1.14683,1.14683,1.14683,1.14683
1781925180000,1.14683,1.14683,1.14683,1.14683
1781925240000,1.14683,1.14683,1.14683,1.14683
1781925300000,1.14683,1.14683,1.14683,1.14683
1781925360000,1.14683,1.14683,1.14683,1.14683
1781925420000,1.14683,1.14683,1.14683,1.14683
1781925480000,1.14683,1.14683,1.14683,1.14683
1781925540000,1.14683,1.14683,1.14683,1.14683
1781925600000,1.14683,1.14683,1.14683,1.14683
1781925660000,1.14683,1.14683,1.14683,1.14683
1781925720000,1.14683,1.14683,1.14683,1.14683
1781925780000,1.14683,1.14683,1.14683,1.14683
1781925840000,1.14683,1.14683,1.14683,1.14683
1781925900000,1.14683,1.14683,1.14683,1.14683
1781925960000,1.14683,1.14683,1.14683,1.14683
1781926020000,1.14683,1.14683,1.14683,1.14683
1781926080000,1.14683,1.14683,1.14683,1.14683
1781926140000,1.14683,1.14683,1.14683,1.14683
1781926200000,1.14683,1.14683,1.14683,1.14683
1781926260000,1.14683,1.14683,1.14683,1.14683
1781926320000,1.14683,1.14683,1.14683,1.14683
1781926380000,1.14683,1.14683,1.14683,1.14683
1781926440000,1.14683,1.14683,1.14683,1.14683
1781926500000,1.14683,1.14683,1.14683,1.14683
1781926560000,1.14683,1.14683,1.14683,1.14683
1781926620000,1.14683,1.14683,1.14683,1.14683
1781926680000,1.14683,1.14683,1.14683,1.14683
1781926740000,1.14683,1.14683,1.14683,1.14683
1781926800000,1.14683,1.14683,1.14683,1.14683
1781926860000,1.14683,1.14683,1.14683,1.14683
1781926920000,1.14683,1.14683,1.14683,1.14683
1781926980000,1.14683,1.14683,1.14683,1.14683
1781927040000,1.14683,1.14683,1.14683,1.14683
1781927100000,1.14683,1.14683,1.14683,1.14683
1781927160000,1.14683,1.14683,1.14683,1.14683
1781927220000,1.14683,1.14683,1.14683,1.14683
1781927280000,1.14683,1.14683,1.14683,1.14683
1781927340000,1.14683,1.14683,1.14683,1.14683
1781927400000,1.14683,1.14683,1.14683,1.14683
1781927460000,1.14683,1.14683,1.14683,1.14683
1781927520000,1.14683,1.14683,1.14683,1.14683
1781927580000,1.14683,1.14683,1.14683,1.14683
1781927640000,1.14683,1.14683,1.14683,1.14683
1781927700000,1.14683,1.14683,1.14683,1.14683
1781927760000,1.14683,1.14683,1.14683,1.14683
1781927820000,1.14683,1.14683,1.14683,1.14683
1781927880000,1.14683,1.14683,1.14683,1.14683
1781927940000,1.14683,1.14683,1.14683,1.14683
1781928000000,1.14683,1.14683,1.14683,1.14683
1781928060000,1.14683,1.14683,1.14683,1.14683
1781928120000,1.14683,1.14683,1.14683,1.14683
1781928180000,1.14683,1.14683,1.14683,1.14683
1781928240000,1.14683,1.14683,1.14683,1.14683
1781928300000,1.14683,1.14683,1.14683,1.14683
1781928360000,1.14683,1.14683,1.14683,1.14683
1781928420000,1.14683,1.14683,1.14683,1.14683
1781928480000,1.14683,1.14683,1.14683,1.14683
1781928540000,1.14683,1.14683,1.14683,1.14683
1781928600000,1.14683,1.14683,1.14683,1.14683
1781928660000,1.14683,1.14683,1.14683,1.14683
1781928720000,1.14683,1.14683,1.14683,1.14683
1781928780000,1.14683,1.14683,1.14683,1.14683
1781928840000,1.14683,1.14683,1.14683,1.14683
1781928900000,1.14683,1.14683,1.14683,1.14683
1781928960000,1.14683,1.14683,1.14683,1.14683
1781929020000,1.14683,1.14683,1.14683,1.14683
1781929080000,1.14683,1.14683,1.14683,1.14683
1781929140000,1.14683,1.14683,1.14683,1.14683
1781929200000,1.14683,1.14683,1.14683,1.14683
1781929260000,1.14683,1.14683,1.14683,1.14683
1781929320000,1.14683,1.14683,1.14683,1.14683
1781929380000,1.14683,1.14683,1.14683,1.14683
1781929440000,1.14683,1.14683,1.14683,1.14683
1781929500000,1.14683,1.14683,1.14683,1.14683
1781929560000,1.14683,1.14683,1.14683,1.14683
1781929620000,1.14683,1.14683,1.14683,1.14683
1781929680000,1.14683,1.14683,1.14683,1.14683
1781929740000,1.14683,1.14683,1.14683,1.14683
1781929800000,1.14683,1.14683,1.14683,1.14683
1781929860000,1.14683,1.14683,1.14683,1.14683
1781929920000,1.14683,1.14683,1.14683,1.14683
1781929980000,1.14683,1.14683,1.14683,1.14683
1781930040000,1.14683,1.14683,1.14683,1.14683
1781930100000,1.14683,1.14683,1.14683,1.14683
1781930160000,1.14683,1.14683,1.14683,1.14683
1781930220000,1.14683,1.14683,1.14683,1.14683
1781930280000,1.14683,1.14683,1.14683,1.14683
1781930340000,1.14683,1.14683,1.14683,1.14683
1781930400000,1.14683,1.14683,1.14683,1.14683
1781930460000,1.14683,1.14683,1.14683,1.14683
1781930520000,1.14683,1.14683,1.14683,1.14683
1781930580000,1.14683,1.14683,1.14683,1.14683
1781930640000,1.14683,1.14683,1.14683,1.14683
1781930700000,1.14683,1.14683,1.14683,1.14683
1781930760000,1.14683,1.14683,1.14683,1.14683
1781930820000,1.14683,1.14683,1.14683,1.14683
1781930880000,1.14683,1.14683,1.14683,1.14683
1781930940000,1.14683,1.14683,1.14683,1.14683
1781931000000,1.14683,1.14683,1.14683,1.14683
1781931060000,1.14683,1.14683,1.14683,1.14683
1781931120000,1.14683,1.14683,1.14683,1.14683
1781931180000,1.14683,1.14683,1.14683,1.14683
1781931240000,1.14683,1.14683,1.14683,1.14683
1781931300000,1.14683,1.14683,1.14683,1.14683
1781931360000,1.14683,1.14683,1.14683,1.14683
1781931420000,1.14683,1.14683,1.14683,1.14683
1781931480000,1.14683,1.14683,1.14683,1.14683
1781931540000,1.14683,1.14683,1.14683,1.14683
1781931600000,1.14683,1.14683,1.14683,1.14683
1781931660000,1.14683,1.14683,1.14683,1.14683
1781931720000,1.14683,1.14683,1.14683,1.14683
1781931780000,1.14683,1.14683,1.14683,1.14683
1781931840000,1.14683,1.14683,1.14683,1.14683
1781931900000,1.14683,1.14683,1.14683,1.14683
1781931960000,1.14683,1.14683,1.14683,1.14683
1781932020000,1.14683,1.14683,1.14683,1.14683
1781932080000,1.14683,1.14683,1.14683,1.14683
1781932140000,1.14683,1.14683,1.14683,1.14683
1781932200000,1.14683,1.14683,1.14683,1.14683
1781932260000,1.14683,1.14683,1.14683,1.14683
1781932320000,1.14683,1.14683,1.14683,1.14683
1781932380000,1.14683,1.14683,1.14683,1.14683
1781932440000,1.14683,1.14683,1.14683,1.14683
1781932500000,1.14683,1.14683,1.14683,1.14683
1781932560000,1.14683,1.14683,1.14683,1.14683
1781932620000,1.14683,1.14683,1.14683,1.14683
1781932680000,1.14683,1.14683,1.14683,1.14683
1781932740000,1.14683,1.14683,1.14683,1.14683
1781932800000,1.14683,1.14683,1.14683,1.14683
1781932860000,1.14683,1.14683,1.14683,1.14683
1781932920000,1.14683,1.14683,1.14683,1.14683
1781932980000,1.14683,1.14683,1.14683,1.14683
1781933040000,1.14683,1.14683,1.14683,1.14683
1781933100000,1.14683,1.14683,1.14683,1.14683
1781933160000,1.14683,1.14683,1.14683,1.14683
1781933220000,1.14683,1.14683,1.14683,1.14683
1781933280000,1.14683,1.14683,1.14683,1.14683
1781933340000,1.14683,1.14683,1.14683,1.14683
1781933400000,1.14683,1.14683,1.14683,1.14683
1781933460000,1.14683,1.14683,1.14683,1.14683
1781933520000,1.14683,1.14683,1.14683,1.14683
1781933580000,1.14683,1.14683,1.14683,1.14683
1781933640000,1.14683,1.14683,1.14683,1.14683
1781933700000,1.14683,1.14683,1.14683,1.14683
1781933760000,1.14683,1.14683,1.14683,1.14683
1781933820000,1.14683,1.14683,1.14683,1.14683
1781933880000,1.14683,1.14683,1.14683,1.14683
1781933940000,1.14683,1.14683,1.14683,1.14683
1781934000000,1.14683,1.14683,1.14683,1.14683
1781934060000,1.14683,1.14683,1.14683,1.14683
1781934120000,1.14683,1.14683,1.14683,1.14683
1781934180000,1.14683,1.14683,1.14683,1.14683
1781934240000,1.14683,1.14683,1.14683,1.14683
1781934300000,1.14683,1.14683,1.14683,1.14683
1781934360000,1.14683,1.14683,1.14683,1.14683
1781934420000,1.14683,1.14683,1.14683,1.14683
1781934480000,1.14683,1.14683,1.14683,1.14683
1781934540000,1.14683,1.14683,1.14683,1.14683
1781934600000,1.14683,1.14683,1.14683,1.14683
1781934660000,1.14683,1.14683,1.14683,1.14683
1781934720000,1.14683,1.14683,1.14683,1.14683
1781934780000,1.14683,1.14683,1.14683,1.14683
1781934840000,1.14683,1.14683,1.14683,1.14683
1781934900000,1.14683,1.14683,1.14683,1.14683
1781934960000,1.14683,1.14683,1.14683,1.14683
1781935020000,1.14683,1.14683,1.14683,1.14683
1781935080000,1.14683,1.14683,1.14683,1.14683
1781935140000,1.14683,1.14683,1.14683,1.14683
1781935200000,1.14683,1.14683,1.14683,1.14683
1781935260000,1.14683,1.14683,1.14683,1.14683
1781935320000,1.14683,1.14683,1.14683,1.14683
1781935380000,1.14683,1.14683,1.14683,1.14683
1781935440000,1.14683,1.14683,1.14683,1.14683
1781935500000,1.14683,1.14683,1.14683,1.14683
1781935560000,1.14683,1.14683,1.14683,1.14683
1781935620000,1.14683,1.14683,1.14683,1.14683
1781935680000,1.14683,1.14683,1.14683,1.14683
1781935740000,1.14683,1.14683,1.14683,1.14683
1781935800000,1.14683,1.14683,1.14683,1.14683
1781935860000,1.14683,1.14683,1.14683,1.14683
1781935920000,1.14683,1.14683,1.14683,1.14683
1781935980000,1.14683,1.14683,1.14683,1.14683
1781936040000,1.14683,1.14683,1.14683,1.14683
1781936100000,1.14683,1.14683,1.14683,1.14683
1781936160000,1.14683,1.14683,1.14683,1.14683
1781936220000,1.14683,1.14683,1.14683,1.14683
1781936280000,1.14683,1.14683,1.14683,1.14683
1781936340000,1.14683,1.14683,1.14683,1.14683
1781936400000,1.14683,1.14683,1.14683,1.14683
1781936460000,1.14683,1.14683,1.14683,1.14683
1781936520000,1.14683,1.14683,1.14683,1.14683
1781936580000,1.14683,1.14683,1.14683,1.14683
1781936640000,1.14683,1.14683,1.14683,1.14683
1781936700000,1.14683,1.14683,1.14683,1.14683
1781936760000,1.14683,1.14683,1.14683,1.14683
1781936820000,1.14683,1.14683,1.14683,1.14683
1781936880000,1.14683,1.14683,1.14683,1.14683
1781936940000,1.14683,1.14683,1.14683,1.14683
1781937000000,1.14683,1.14683,1.14683,1.14683
1781937060000,1.14683,1.14683,1.14683,1.14683
1781937120000,1.14683,1.14683,1.14683,1.14683
1781937180000,1.14683,1.14683,1.14683,1.14683
1781937240000,1.14683,1.14683,1.14683,1.14683
1781937300000,1.14683,1.14683,1.14683,1.14683
1781937360000,1.14683,1.14683,1.14683,1.14683
1781937420000,1.14683,1.14683,1.14683,1.14683
1781937480000,1.14683,1.14683,1.14683,1.14683
1781937540000,1.14683,1.14683,1.14683,1.14683
1781937600000,1.14683,1.14683,1.14683,1.14683
1781937660000,1.14683,1.14683,1.14683,1.14683
1781937720000,1.14683,1.14683,1.14683,1.14683
1781937780000,1.14683,1.14683,1.14683,1.14683
1781937840000,1.14683,1.14683,1.14683,1.14683
1781937900000,1.14683,1.14683,1.14683,1.14683
1781937960000,1.14683,1.14683,1.14683,1.14683
1781938020000,1.14683,1.14683,1.14683,1.14683
1781938080000,1.14683,1.14683,1.14683,1.14683
1781938140000,1.14683,1.14683,1.14683,1.14683
1781938200000,1.14683,1.14683,1.14683,1.14683
1781938260000,1.14683,1.14683,1.14683,1.14683
1781938320000,1.14683,1.14683,1.14683,1.14683
1781938380000,1.14683,1.14683,1.14683,1.14683
1781938440000,1.14683,1.14683,1.14683,1.14683
1781938500000,1.14683,1.14683,1.14683,1.14683
1781938560000,1.14683,1.14683,1.14683,1.14683
1781938620000,1.14683,1.14683,1.14683,1.14683
1781938680000,1.14683,1.14683,1.14683,1.14683
1781938740000,1.14683,1.14683,1.14683,1.14683
1781938800000,1.14683,1.14683,1.14683,1.14683
1781938860000,1.14683,1.14683,1.14683,1.14683
1781938920000,1.14683,1.14683,1.14683,1.14683
1781938980000,1.14683,1.14683,1.14683,1.14683
1781939040000,1.14683,1.14683,1.14683,1.14683
1781939100000,1.14683,1.14683,1.14683,1.14683
1781939160000,1.14683,1.14683,1.14683,1.14683
1781939220000,1.14683,1.14683,1.14683,1.14683
1781939280000,1.14683,1.14683,1.14683,1.14683
1781939340000,1.14683,1.14683,1.14683,1.14683
1781939400000,1.14683,1.14683,1.14683,1.14683
1781939460000,1.14683,1.14683,1.14683,1.14683
1781939520000,1.14683,1.14683,1.14683,1.14683
1781939580000,1.14683,1.14683,1.14683,1.14683
1781939640000,1.14683,1.14683,1.14683,1.14683
1781939700000,1.14683,1.14683,1.14683,1.14683
1781939760000,1.14683,1.14683,1.14683,1.14683
1781939820000,1.14683,1.14683,1.14683,1.14683
1781939880000,1.14683,1.14683,1.14683,1.14683
1781939940000,1.14683,1.14683,1.14683,1.14683
1781940000000,1.14683,1.14683,1.14683,1.14683
1781940060000,1.14683,1.14683,1.14683,1.14683
1781940120000,1.14683,1.14683,1.14683,1.14683
1781940180000,1.14683,1.14683,1.14683,1.14683
1781940240000,1.14683,1.14683,1.14683,1.14683
1781940300000,1.14683,1.14683,1.14683,1.14683
1781940360000,1.14683,1.14683,1.14683,1.14683
1781940420000,1.14683,1.14683,1.14683,1.14683
1781940480000,1.14683,1.14683,1.14683,1.14683
1781940540000,1.14683,1.14683,1.14683,1.14683
1781940600000,1.14683,1.14683,1.14683,1.14683
1781940660000,1.14683,1.14683,1.14683,1.14683
1781940720000,1.14683,1.14683,1.14683,1.14683
1781940780000,1.14683,1.14683,1.14683,1.14683
1781940840000,1.14683,1.14683,1.14683,1.14683
1781940900000,1.14683,1.14683,1.14683,1.14683
1781940960000,1.14683,1.14683,1.14683,1.14683
1781941020000,1.14683,1.14683,1.14683,1.14683
1781941080000,1.14683,1.14683,1.14683,1.14683
1781941140000,1.14683,1.14683,1.14683,1.14683
1781941200000,1.14683,1.14683,1.14683,1.14683
1781941260000,1.14683,1.14683,1.14683,1.14683
1781941320000,1.14683,1.14683,1.14683,1.14683
1781941380000,1.14683,1.14683,1.14683,1.14683
1781941440000,1.14683,1.14683,1.14683,1.14683
1781941500000,1.14683,1.14683,1.14683,1.14683
1781941560000,1.14683,1.14683,1.14683,1.14683
1781941620000,1.14683,1.14683,1.14683,1.14683
1781941680000,1.14683,1.14683,1.14683,1.14683
1781941740000,1.14683,1.14683,1.14683,1.14683
1781941800000,1.14683,1.14683,1.14683,1.14683
1781941860000,1.14683,1.14683,1.14683,1.14683
1781941920000,1.14683,1.14683,1.14683,1.14683
1781941980000,1.14683,1.14683,1.14683,1.14683
1781942040000,1.14683,1.14683,1.14683,1.14683
1781942100000,1.14683,1.14683,1.14683,1.14683
1781942160000,1.14683,1.14683,1.14683,1.14683
1781942220000,1.14683,1.14683,1.14683,1.14683
1781942280000,1.14683,1.14683,1.14683,1.14683
1781942340000,1.14683,1.14683,1.14683,1.14683
1781942400000,1.14683,1.14683,1.14683,1.14683
1781942460000,1.14683,1.14683,1.14683,1.14683
1781942520000,1.14683,1.14683,1.14683,1.14683
1781942580000,1.14683,1.14683,1.14683,1.14683
1781942640000,1.14683,1.14683,1.14683,1.14683
1781942700000,1.14683,1.14683,1.14683,1.14683
1781942760000,1.14683,1.14683,1.14683,1.14683
1781942820000,1.14683,1.14683,1.14683,1.14683
1781942880000,1.14683,1.14683,1.14683,1.14683
1781942940000,1.14683,1.14683,1.14683,1.14683
1781943000000,1.14683,1.14683,1.14683,1.14683
1781943060000,1.14683,1.14683,1.14683,1.14683
1781943120000,1.14683,1.14683,1.14683,1.14683
1781943180000,1.14683,1.14683,1.14683,1.14683
1781943240000,1.14683,1.14683,1.14683,1.14683
1781943300000,1.14683,1.14683,1.14683,1.14683
1781943360000,1.14683,1.14683,1.14683,1.14683
1781943420000,1.14683,1.14683,1.14683,1.14683
1781943480000,1.14683,1.14683,1.14683,1.14683
1781943540000,1.14683,1.14683,1.14683,1.14683
1781943600000,1.14683,1.14683,1.14683,1.14683
1781943660000,1.14683,1.14683,1.14683,1.14683
1781943720000,1.14683,1.14683,1.14683,1.14683
1781943780000,1.14683,1.14683,1.14683,1.14683
1781943840000,1.14683,1.14683,1.14683,1.14683
1781943900000,1.14683,1.14683,1.14683,1.14683
1781943960000,1.14683,1.14683,1.14683,1.14683
1781944020000,1.14683,1.14683,1.14683,1.14683
1781944080000,1.14683,1.14683,1.14683,1.14683
1781944140000,1.14683,1.14683,1.14683,1.14683
1781944200000,1.14683,1.14683,1.14683,1.14683
1781944260000,1.14683,1.14683,1.14683,1.14683
1781944320000,1.14683,1.14683,1.14683,1.14683
1781944380000,1.14683,1.14683,1.14683,1.14683
1781944440000,1.14683,1.14683,1.14683,1.14683
1781944500000,1.14683,1.14683,1.14683,1.14683
1781944560000,1.14683,1.14683,1.14683,1.14683
1781944620000,1.14683,1.14683,1.14683,1.14683
1781944680000,1.14683,1.14683,1.14683,1.14683
1781944740000,1.14683,1.14683,1.14683,1.14683
1781944800000,1.14683,1.14683,1.14683,1.14683
1781944860000,1.14683,1.14683,1.14683,1.14683
1781944920000,1.14683,1.14683,1.14683,1.14683
1781944980000,1.14683,1.14683,1.14683,1.14683
1781945040000,1.14683,1.14683,1.14683,1.14683
1781945100000,1.14683,1.14683,1.14683,1.14683
1781945160000,1.14683,1.14683,1.14683,1.14683
1781945220000,1.14683,1.14683,1.14683,1.14683
1781945280000,1.14683,1.14683,1.14683,1.14683
1781945340000,1.14683,1.14683,1.14683,1.14683
1781945400000,1.14683,1.14683,1.14683,1.14683
1781945460000,1.14683,1.14683,1.14683,1.14683
1781945520000,1.14683,1.14683,1.14683,1.14683
1781945580000,1.14683,1.14683,1.14683,1.14683
1781945640000,1.14683,1.14683,1.14683,1.14683
1781945700000,1.14683,1.14683,1.14683,1.14683
1781945760000,1.14683,1.14683,1.14683,1.14683
1781945820000,1.14683,1.14683,1.14683,1.14683
1781945880000,1.14683,1.14683,1.14683,1.14683
1781945940000,1.14683,1.14683,1.14683,1.14683
1781946000000,1.14683,1.14683,1.14683,1.14683
1781946060000,1.14683,1.14683,1.14683,1.14683
1781946120000,1.14683,1.14683,1.14683,1.14683
1781946180000,1.14683,1.14683,1.14683,1.14683
1781946240000,1.14683,1.14683,1.14683,1.14683
1781946300000,1.14683,1.14683,1.14683,1.14683
1781946360000,1.14683,1.14683,1.14683,1.14683
1781946420000,1.14683,1.14683,1.14683,1.14683
1781946480000,1.14683,1.14683,1.14683,1.14683
1781946540000,1.14683,1.14683,1.14683,1.14683
1781946600000,1.14683,1.14683,1.14683,1.14683
1781946660000,1.14683,1.14683,1.14683,1.14683
1781946720000,1.14683,1.14683,1.14683,1.14683
1781946780000,1.14683,1.14683,1.14683,1.14683
1781946840000,1.14683,1.14683,1.14683,1.14683
1781946900000,1.14683,1.14683,1.14683,1.14683
1781946960000,1.14683,1.14683,1.14683,1.14683
1781947020000,1.14683,1.14683,1.14683,1.14683
1781947080000,1.14683,1.14683,1.14683,1.14683
1781947140000,1.14683,1.14683,1.14683,1.14683
1781947200000,1.14683,1.14683,1.14683,1.14683
1781947260000,1.14683,1.14683,1.14683,1.14683
1781947320000,1.14683,1.14683,1.14683,1.14683
1781947380000,1.14683,1.14683,1.14683,1.14683
1781947440000,1.14683,1.14683,1.14683,1.14683
1781947500000,1.14683,1.14683,1.14683,1.14683
1781947560000,1.14683,1.14683,1.14683,1.14683
1781947620000,1.14683,1.14683,1.14683,1.14683
1781947680000,1.14683,1.14683,1.14683,1.14683
1781947740000,1.14683,1.14683,1.14683,1.14683
1781947800000,1.14683,1.14683,1.14683,1.14683
1781947860000,1.14683,1.14683,1.14683,1.14683
1781947920000,1.14683,1.14683,1.14683,1.14683
1781947980000,1.14683,1.14683,1.14683,1.14683
1781948040000,1.14683,1.14683,1.14683,1.14683
1781948100000,1.14683,1.14683,1.14683,1.14683
1781948160000,1.14683,1.14683,1.14683,1.14683
1781948220000,1.14683,1.14683,1.14683,1.14683
1781948280000,1.14683,1.14683,1.14683,1.14683
1781948340000,1.14683,1.14683,1.14683,1.14683
1781948400000,1.14683,1.14683,1.14683,1.14683
1781948460000,1.14683,1.14683,1.14683,1.14683
1781948520000,1.14683,1.14683,1.14683,1.14683
1781948580000,1.14683,1.14683,1.14683,1.14683
1781948640000,1.14683,1.14683,1.14683,1.14683
1781948700000,1.14683,1.14683,1.14683,1.14683
1781948760000,1.14683,1.14683,1.14683,1.14683
1781948820000,1.14683,1.14683,1.14683,1.14683
1781948880000,1.14683,1.14683,1.14683,1.14683
1781948940000,1.14683,1.14683,1.14683,1.14683
1781949000000,1.14683,1.14683,1.14683,1.14683
1781949060000,1.14683,1.14683,1.14683,1.14683
1781949120000,1.14683,1.14683,1.14683,1.14683
1781949180000,1.14683,1.14683,1.14683,1.14683
1781949240000,1.14683,1.14683,1.14683,1.14683
1781949300000,1.14683,1.14683,1.14683,1.14683
1781949360000,1.14683,1.14683,1.14683,1.14683
1781949420000,1.14683,1.14683,1.14683,1.14683
1781949480000,1.14683,1.14683,1.14683,1.14683
1781949540000,1.14683,1.14683,1.14683,1.14683
1781949600000,1.14683,1.14683,1.14683,1.14683
1781949660000,1.14683,1.14683,1.14683,1.14683
1781949720000,1.14683,1.14683,1.14683,1.14683
1781949780000,1.14683,1.14683,1.14683,1.14683
1781949840000,1.14683,1.14683,1.14683,1.14683
1781949900000,1.14683,1.14683,1.14683,1.14683
1781949960000,1.14683,1.14683,1.14683,1.14683
1781950020000,1.14683,1.14683,1.14683,1.14683
1781950080000,1.14683,1.14683,1.14683,1.14683
1781950140000,1.14683,1.14683,1.14683,1.14683
1781950200000,1.14683,1.14683,1.14683,1.14683
1781950260000,1.14683,1.14683,1.14683,1.14683
1781950320000,1.14683,1.14683,1.14683,1.14683
1781950380000,1.14683,1.14683,1.14683,1.14683
1781950440000,1.14683,1.14683,1.14683,1.14683
1781950500000,1.14683,1.14683,1.14683,1.14683
1781950560000,1.14683,1.14683,1.14683,1.14683
1781950620000,1.14683,1.14683,1.14683,1.14683
1781950680000,1.14683,1.14683,1.14683,1.14683
1781950740000,1.14683,1.14683,1.14683,1.14683
1781950800000,1.14683,1.14683,1.14683,1.14683
1781950860000,1.14683,1.14683,1.14683,1.14683
1781950920000,1.14683,1.14683,1.14683,1.14683
1781950980000,1.14683,1.14683,1.14683,1.14683
1781951040000,1.14683,1.14683,1.14683,1.14683
1781951100000,1.14683,1.14683,1.14683,1.14683
1781951160000,1.14683,1.14683,1.14683,1.14683
1781951220000,1.14683,1.14683,1.14683,1.14683
1781951280000,1.14683,1.14683,1.14683,1.14683
1781951340000,1.14683,1.14683,1.14683,1.14683
1781951400000,1.14683,1.14683,1.14683,1.14683
1781951460000,1.14683,1.14683,1.14683,1.14683
1781951520000,1.14683,1.14683,1.14683,1.14683
1781951580000,1.14683,1.14683,1.14683,1.14683
1781951640000,1.14683,1.14683,1.14683,1.14683
1781951700000,1.14683,1.14683,1.14683,1.14683
1781951760000,1.14683,1.14683,1.14683,1.14683
1781951820000,1.14683,1.14683,1.14683,1.14683
1781951880000,1.14683,1.14683,1.14683,1.14683
1781951940000,1.14683,1.14683,1.14683,1.14683
1781952000000,1.14683,1.14683,1.14683,1.14683
1781952060000,1.14683,1.14683,1.14683,1.14683
1781952120000,1.14683,1.14683,1.14683,1.14683
1781952180000,1.14683,1.14683,1.14683,1.14683
1781952240000,1.14683,1.14683,1.14683,1.14683
1781952300000,1.14683,1.14683,1.14683,1.14683
1781952360000,1.14683,1.14683,1.14683,1.14683
1781952420000,1.14683,1.14683,1.14683,1.14683
1781952480000,1.14683,1.14683,1.14683,1.14683
1781952540000,1.14683,1.14683,1.14683,1.14683
1781952600000,1.14683,1.14683,1.14683,1.14683
1781952660000,1.14683,1.14683,1.14683,1.14683
1781952720000,1.14683,1.14683,1.14683,1.14683
1781952780000,1.14683,1.14683,1.14683,1.14683
1781952840000,1.14683,1.14683,1.14683,1.14683
1781952900000,1.14683,1.14683,1.14683,1.14683
1781952960000,1.14683,1.14683,1.14683,1.14683
1781953020000,1.14683,1.14683,1.14683,1.14683
1781953080000,1.14683,1.14683,1.14683,1.14683
1781953140000,1.14683,1.14683,1.14683,1.14683
1781953200000,1.14683,1.14683,1.14683,1.14683
1781953260000,1.14683,1.14683,1.14683,1.14683
1781953320000,1.14683,1.14683,1.14683,1.14683
1781953380000,1.14683,1.14683,1.14683,1.14683
1781953440000,1.14683,1.14683,1.14683,1.14683
1781953500000,1.14683,1.14683,1.14683,1.14683
1781953560000,1.14683,1.14683,1.14683,1.14683
1781953620000,1.14683,1.14683,1.14683,1.14683
1781953680000,1.14683,1.14683,1.14683,1.14683
1781953740000,1.14683,1.14683,1.14683,1.14683
1781953800000,1.14683,1.14683,1.14683,1.14683
1781953860000,1.14683,1.14683,1.14683,1.14683
1781953920000,1.14683,1.14683,1.14683,1.14683
1781953980000,1.14683,1.14683,1.14683,1.14683
1781954040000,1.14683,1.14683,1.14683,1.14683
1781954100000,1.14683,1.14683,1.14683,1.14683
1781954160000,1.14683,1.14683,1.14683,1.14683
1781954220000,1.14683,1.14683,1.14683,1.14683
1781954280000,1.14683,1.14683,1.14683,1.14683
1781954340000,1.14683,1.14683,1.14683,1.14683
1781954400000,1.14683,1.14683,1.14683,1.14683
1781954460000,1.14683,1.14683,1.14683,1.14683
1781954520000,1.14683,1.14683,1.14683,1.14683
1781954580000,1.14683,1.14683,1.14683,1.14683
1781954640000,1.14683,1.14683,1.14683,1.14683
1781954700000,1.14683,1.14683,1.14683,1.14683
1781954760000,1.14683,1.14683,1.14683,1.14683
1781954820000,1.14683,1.14683,1.14683,1.14683
1781954880000,1.14683,1.14683,1.14683,1.14683
1781954940000,1.14683,1.14683,1.14683,1.14683
1781955000000,1.14683,1.14683,1.14683,1.14683
1781955060000,1.14683,1.14683,1.14683,1.14683
1781955120000,1.14683,1.14683,1.14683,1.14683
1781955180000,1.14683,1.14683,1.14683,1.14683
1781955240000,1.14683,1.14683,1.14683,1.14683
1781955300000,1.14683,1.14683,1.14683,1.14683
1781955360000,1.14683,1.14683,1.14683,1.14683
1781955420000,1.14683,1.14683,1.14683,1.14683
1781955480000,1.14683,1.14683,1.14683,1.14683
1781955540000,1.14683,1.14683,1.14683,1.14683
1781955600000,1.14683,1.14683,1.14683,1.14683
1781955660000,1.14683,1.14683,1.14683,1.14683
1781955720000,1.14683,1.14683,1.14683,1.14683
1781955780000,1.14683,1.14683,1.14683,1.14683
1781955840000,1.14683,1.14683,1.14683,1.14683
1781955900000,1.14683,1.14683,1.14683,1.14683
1781955960000,1.14683,1.14683,1.14683,1.14683
1781956020000,1.14683,1.14683,1.14683,1.14683
1781956080000,1.14683,1.14683,1.14683,1.14683
1781956140000,1.14683,1.14683,1.14683,1.14683
1781956200000,1.14683,1.14683,1.14683,1.14683
1781956260000,1.14683,1.14683,1.14683,1.14683
1781956320000,1.14683,1.14683,1.14683,1.14683
1781956380000,1.14683,1.14683,1.14683,1.14683
1781956440000,1.14683,1.14683,1.14683,1.14683
1781956500000,1.14683,1.14683,1.14683,1.14683
1781956560000,1.14683,1.14683,1.14683,1.14683
1781956620000,1.14683,1.14683,1.14683,1.14683
1781956680000,1.14683,1.14683,1.14683,1.14683
1781956740000,1.14683,1.14683,1.14683,1.14683
1781956800000,1.14683,1.14683,1.14683,1.14683
1781956860000,1.14683,1.14683,1.14683,1.14683
1781956920000,1.14683,1.14683,1.14683,1.14683
1781956980000,1.14683,1.14683,1.14683,1.14683
1781957040000,1.14683,1.14683,1.14683,1.14683
1781957100000,1.14683,1.14683,1.14683,1.14683
1781957160000,1.14683,1.14683,1.14683,1.14683
1781957220000,1.14683,1.14683,1.14683,1.14683
1781957280000,1.14683,1.14683,1.14683,1.14683
1781957340000,1.14683,1.14683,1.14683,1.14683
1781957400000,1.14683,1.14683,1.14683,1.14683
1781957460000,1.14683,1.14683,1.14683,1.14683
1781957520000,1.14683,1.14683,1.14683,1.14683
1781957580000,1.14683,1.14683,1.14683,1.14683
1781957640000,1.14683,1.14683,1.14683,1.14683
1781957700000,1.14683,1.14683,1.14683,1.14683
1781957760000,1.14683,1.14683,1.14683,1.14683
1781957820000,1.14683,1.14683,1.14683,1.14683
1781957880000,1.14683,1.14683,1.14683,1.14683
1781957940000,1.14683,1.14683,1.14683,1.14683
1781958000000,1.14683,1.14683,1.14683,1.14683
1781958060000,1.14683,1.14683,1.14683,1.14683
1781958120000,1.14683,1.14683,1.14683,1.14683
1781958180000,1.14683,1.14683,1.14683,1.14683
1781958240000,1.14683,1.14683,1.14683,1.14683
1781958300000,1.14683,1.14683,1.14683,1.14683
1781958360000,1.14683,1.14683,1.14683,1.14683
1781958420000,1.14683,1.14683,1.14683,1.14683
1781958480000,1.14683,1.14683,1.14683,1.14683
1781958540000,1.14683,1.14683,1.14683,1.14683
1781958600000,1.14683,1.14683,1.14683,1.14683
1781958660000,1.14683,1.14683,1.14683,1.14683
1781958720000,1.14683,1.14683,1.14683,1.14683
1781958780000,1.14683,1.14683,1.14683,1.14683
1781958840000,1.14683,1.14683,1.14683,1.14683
1781958900000,1.14683,1.14683,1.14683,1.14683
1781958960000,1.14683,1.14683,1.14683,1.14683
1781959020000,1.14683,1.14683,1.14683,1.14683
1781959080000,1.14683,1.14683,1.14683,1.14683
1781959140000,1.14683,1.14683,1.14683,1.14683
1781959200000,1.14683,1.14683,1.14683,1.14683
1781959260000,1.14683,1.14683,1.14683,1.14683
1781959320000,1.14683,1.14683,1.14683,1.14683
1781959380000,1.14683,1.14683,1.14683,1.14683
1781959440000,1.14683,1.14683,1.14683,1.14683
1781959500000,1.14683,1.14683,1.14683,1.14683
1781959560000,1.14683,1.14683,1.14683,1.14683
1781959620000,1.14683,1.14683,1.14683,1.14683
1781959680000,1.14683,1.14683,1.14683,1.14683
1781959740000,1.14683,1.14683,1.14683,1.14683
1781959800000,1.14683,1.14683,1.14683,1.14683
1781959860000,1.14683,1.14683,1.14683,1.14683
1781959920000,1.14683,1.14683,1.14683,1.14683
1781959980000,1.14683,1.14683,1.14683,1.14683
1781960040000,1.14683,1.14683,1.14683,1.14683
1781960100000,1.14683,1.14683,1.14683,1.14683
1781960160000,1.14683,1.14683,1.14683,1.14683
1781960220000,1.14683,1.14683,1.14683,1.14683
1781960280000,1.14683,1.14683,1.14683,1.14683
1781960340000,1.14683,1.14683,1.14683,1.14683
1781960400000,1.14683,1.14683,1.14683,1.14683
1781960460000,1.14683,1.14683,1.14683,1.14683
1781960520000,1.14683,1.14683,1.14683,1.14683
1781960580000,1.14683,1.14683,1.14683,1.14683
1781960640000,1.14683,1.14683,1.14683,1.14683
1781960700000,1.14683,1.14683,1.14683,1.14683
1781960760000,1.14683,1.14683,1.14683,1.14683
1781960820000,1.14683,1.14683,1.14683,1.14683
1781960880000,1.14683,1.14683,1.14683,1.14683
1781960940000,1.14683,1.14683,1.14683,1.14683
1781961000000,1.14683,1.14683,1.14683,1.14683
1781961060000,1.14683,1.14683,1.14683,1.14683
1781961120000,1.14683,1.14683,1.14683,1.14683
1781961180000,1.14683,1.14683,1.14683,1.14683
1781961240000,1.14683,1.14683,1.14683,1.14683
1781961300000,1.14683,1.14683,1.14683,1.14683
1781961360000,1.14683,1.14683,1.14683,1.14683
1781961420000,1.14683,1.14683,1.14683,1.14683
1781961480000,1.14683,1.14683,1.14683,1.14683
1781961540000,1.14683,1.14683,1.14683,1.14683
1781961600000,1.14683,1.14683,1.14683,1.14683
1781961660000,1.14683,1.14683,1.14683,1.14683
1781961720000,1.14683,1.14683,1.14683,1.14683
1781961780000,1.14683,1.14683,1.14683,1.14683
1781961840000,1.14683,1.14683,1.14683,1.14683
1781961900000,1.14683,1.14683,1.14683,1.14683
1781961960000,1.14683,1.14683,1.14683,1.14683
1781962020000,1.14683,1.14683,1.14683,1.14683
1781962080000,1.14683,1.14683,1.14683,1.14683
1781962140000,1.14683,1.14683,1.14683,1.14683
1781962200000,1.14683,1.14683,1.14683,1.14683
1781962260000,1.14683,1.14683,1.14683,1.14683
1781962320000,1.14683,1.14683,1.14683,1.14683
1781962380000,1.14683,1.14683,1.14683,1.14683
1781962440000,1.14683,1.14683,1.14683,1.14683
1781962500000,1.14683,1.14683,1.14683,1.14683
1781962560000,1.14683,1.14683,1.14683,1.14683
1781962620000,1.14683,1.14683,1.14683,1.14683
1781962680000,1.14683,1.14683,1.14683,1.14683
1781962740000,1.14683,1.14683,1.14683,1.14683
1781962800000,1.14683,1.14683,1.14683,1.14683
1781962860000,1.14683,1.14683,1.14683,1.14683
1781962920000,1.14683,1.14683,1.14683,1.14683
1781962980000,1.14683,1.14683,1.14683,1.14683
1781963040000,1.14683,1.14683,1.14683,1.14683
1781963100000,1.14683,1.14683,1.14683,1.14683
1781963160000,1.14683,1.14683,1.14683,1.14683
1781963220000,1.14683,1.14683,1.14683,1.14683
1781963280000,1.14683,1.14683,1.14683,1.14683
1781963340000,1.14683,1.14683,1.14683,1.14683
1781963400000,1.14683,1.14683,1.14683,1.14683
1781963460000,1.14683,1.14683,1.14683,1.14683
1781963520000,1.14683,1.14683,1.14683,1.14683
1781963580000,1.14683,1.14683,1.14683,1.14683
1781963640000,1.14683,1.14683,1.14683,1.14683
1781963700000,1.14683,1.14683,1.14683,1.14683
1781963760000,1.14683,1.14683,1.14683,1.14683
1781963820000,1.14683,1.14683,1.14683,1.14683
1781963880000,1.14683,1.14683,1.14683,1.14683
1781963940000,1.14683,1.14683,1.14683,1.14683
1781964000000,1.14683,1.14683,1.14683,1.14683
1781964060000,1.14683,1.14683,1.14683,1.14683
1781964120000,1.14683,1.14683,1.14683,1.14683
1781964180000,1.14683,1.14683,1.14683,1.14683
1781964240000,1.14683,1.14683,1.14683,1.14683
1781964300000,1.14683,1.14683,1.14683,1.14683
1781964360000,1.14683,1.14683,1.14683,1.14683
1781964420000,1.14683,1.14683,1.14683,1.14683
1781964480000,1.14683,1.14683,1.14683,1.14683
1781964540000,1.14683,1.14683,1.14683,1.14683
1781964600000,1.14683,1.14683,1.14683,1.14683
1781964660000,1.14683,1.14683,1.14683,1.14683
1781964720000,1.14683,1.14683,1.14683,1.14683
1781964780000,1.14683,1.14683,1.14683,1.14683
1781964840000,1.14683,1.14683,1.14683,1.14683
1781964900000,1.14683,1.14683,1.14683,1.14683
1781964960000,1.14683,1.14683,1.14683,1.14683
1781965020000,1.14683,1.14683,1.14683,1.14683
1781965080000,1.14683,1.14683,1.14683,1.14683
1781965140000,1.14683,1.14683,1.14683,1.14683
1781965200000,1.14683,1.14683,1.14683,1.14683
1781965260000,1.14683,1.14683,1.14683,1.14683
1781965320000,1.14683,1.14683,1.14683,1.14683
1781965380000,1.14683,1.14683,1.14683,1.14683
1781965440000,1.14683,1.14683,1.14683,1.14683
1781965500000,1.14683,1.14683,1.14683,1.14683
1781965560000,1.14683,1.14683,1.14683,1.14683
1781965620000,1.14683,1.14683,1.14683,1.14683
1781965680000,1.14683,1.14683,1.14683,1.14683
1781965740000,1.14683,1.14683,1.14683,1.14683
1781965800000,1.14683,1.14683,1.14683,1.14683
1781965860000,1.14683,1.14683,1.14683,1.14683
1781965920000,1.14683,1.14683,1.14683,1.14683
1781965980000,1.14683,1.14683,1.14683,1.14683
1781966040000,1.14683,1.14683,1.14683,1.14683
1781966100000,1.14683,1.14683,1.14683,1.14683
1781966160000,1.14683,1.14683,1.14683,1.14683
1781966220000,1.14683,1.14683,1.14683,1.14683
1781966280000,1.14683,1.14683,1.14683,1.14683
1781966340000,1.14683,1.14683,1.14683,1.14683
1781966400000,1.14683,1.14683,1.14683,1.14683
1781966460000,1.14683,1.14683,1.14683,1.14683
1781966520000,1.14683,1.14683,1.14683,1.14683
1781966580000,1.14683,1.14683,1.14683,1.14683
1781966640000,1.14683,1.14683,1.14683,1.14683
1781966700000,1.14683,1.14683,1.14683,1.14683
1781966760000,1.14683,1.14683,1.14683,1.14683
1781966820000,1.14683,1.14683,1.14683,1.14683
1781966880000,1.14683,1.14683,1.14683,1.14683
1781966940000,1.14683,1.14683,1.14683,1.14683
1781967000000,1.14683,1.14683,1.14683,1.14683
1781967060000,1.14683,1.14683,1.14683,1.14683
1781967120000,1.14683,1.14683,1.14683,1.14683
1781967180000,1.14683,1.14683,1.14683,1.14683
1781967240000,1.14683,1.14683,1.14683,1.14683
1781967300000,1.14683,1.14683,1.14683,1.14683
1781967360000,1.14683,1.14683,1.14683,1.14683
1781967420000,1.14683,1.14683,1.14683,1.14683
1781967480000,1.14683,1.14683,1.14683,1.14683
1781967540000,1.14683,1.14683,1.14683,1.14683
1781967600000,1.14683,1.14683,1.14683,1.14683
1781967660000,1.14683,1.14683,1.14683,1.14683
1781967720000,1.14683,1.14683,1.14683,1.14683
1781967780000,1.14683,1.14683,1.14683,1.14683
1781967840000,1.14683,1.14683,1.14683,1.14683
1781967900000,1.14683,1.14683,1.14683,1.14683
1781967960000,1.14683,1.14683,1.14683,1.14683
1781968020000,1.14683,1.14683,1.14683,1.14683
1781968080000,1.14683,1.14683,1.14683,1.14683
1781968140000,1.14683,1.14683,1.14683,1.14683
1781968200000,1.14683,1.14683,1.14683,1.14683
1781968260000,1.14683,1.14683,1.14683,1.14683
1781968320000,1.14683,1.14683,1.14683,1.14683
1781968380000,1.14683,1.14683,1.14683,1.14683
1781968440000,1.14683,1.14683,1.14683,1.14683
1781968500000,1.14683,1.14683,1.14683,1.14683
1781968560000,1.14683,1.14683,1.14683,1.14683
1781968620000,1.14683,1.14683,1.14683,1.14683
1781968680000,1.14683,1.14683,1.14683,1.14683
1781968740000,1.14683,1.14683,1.14683,1.14683
1781968800000,1.14683,1.14683,1.14683,1.14683
1781968860000,1.14683,1.14683,1.14683,1.14683
1781968920000,1.14683,1.14683,1.14683,1.14683
1781968980000,1.14683,1.14683,1.14683,1.14683
1781969040000,1.14683,1.14683,1.14683,1.14683
1781969100000,1.14683,1.14683,1.14683,1.14683
1781969160000,1.14683,1.14683,1.14683,1.14683
1781969220000,1.14683,1.14683,1.14683,1.14683
1781969280000,1.14683,1.14683,1.14683,1.14683
1781969340000,1.14683,1.14683,1.14683,1.14683
1781969400000,1.14683,1.14683,1.14683,1.14683
1781969460000,1.14683,1.14683,1.14683,1.14683
1781969520000,1.14683,1.14683,1.14683,1.14683
1781969580000,1.14683,1.14683,1.14683,1.14683
1781969640000,1.14683,1.14683,1.14683,1.14683
1781969700000,1.14683,1.14683,1.14683,1.14683
1781969760000,1.14683,1.14683,1.14683,1.14683
1781969820000,1.14683,1.14683,1.14683,1.14683
1781969880000,1.14683,1.14683,1.14683,1.14683
1781969940000,1.14683,1.14683,1.14683,1.14683
1781970000000,1.14683,1.14683,1.14683,1.14683
1781970060000,1.14683,1.14683,1.14683,1.14683
1781970120000,1.14683,1.14683,1.14683,1.14683
1781970180000,1.14683,1.14683,1.14683,1.14683
1781970240000,1.14683,1.14683,1.14683,1.14683
1781970300000,1.14683,1.14683,1.14683,1.14683
1781970360000,1.14683,1.14683,1.14683,1.14683
1781970420000,1.14683,1.14683,1.14683,1.14683
1781970480000,1.14683,1.14683,1.14683,1.14683
1781970540000,1.14683,1.14683,1.14683,1.14683
1781970600000,1.14683,1.14683,1.14683,1.14683
1781970660000,1.14683,1.14683,1.14683,1.14683
1781970720000,1.14683,1.14683,1.14683,1.14683
1781970780000,1.14683,1.14683,1.14683,1.14683
1781970840000,1.14683,1.14683,1.14683,1.14683
1781970900000,1.14683,1.14683,1.14683,1.14683
1781970960000,1.14683,1.14683,1.14683,1.14683
1781971020000,1.14683,1.14683,1.14683,1.14683
1781971080000,1.14683,1.14683,1.14683,1.14683
1781971140000,1.14683,1.14683,1.14683,1.14683
1781971200000,1.14683,1.14683,1.14683,1.14683
1781971260000,1.14683,1.14683,1.14683,1.14683
1781971320000,1.14683,1.14683,1.14683,1.14683
1781971380000,1.14683,1.14683,1.14683,1.14683
1781971440000,1.14683,1.14683,1.14683,1.14683
1781971500000,1.14683,1.14683,1.14683,1.14683
1781971560000,1.14683,1.14683,1.14683,1.14683
1781971620000,1.14683,1.14683,1.14683,1.14683
1781971680000,1.14683,1.14683,1.14683,1.14683
1781971740000,1.14683,1.14683,1.14683,1.14683
1781971800000,1.14683,1.14683,1.14683,1.14683
1781971860000,1.14683,1.14683,1.14683,1.14683
1781971920000,1.14683,1.14683,1.14683,1.14683
1781971980000,1.14683,1.14683,1.14683,1.14683
1781972040000,1.14683,1.14683,1.14683,1.14683
1781972100000,1.14683,1.14683,1.14683,1.14683
1781972160000,1.14683,1.14683,1.14683,1.14683
1781972220000,1.14683,1.14683,1.14683,1.14683
1781972280000,1.14683,1.14683,1.14683,1.14683
1781972340000,1.14683,1.14683,1.14683,1.14683
1781972400000,1.14683,1.14683,1.14683,1.14683
1781972460000,1.14683,1.14683,1.14683,1.14683
1781972520000,1.14683,1.14683,1.14683,1.14683
1781972580000,1.14683,1.14683,1.14683,1.14683
1781972640000,1.14683,1.14683,1.14683,1.14683
1781972700000,1.14683,1.14683,1.14683,1.14683
1781972760000,1.14683,1.14683,1.14683,1.14683
1781972820000,1.14683,1.14683,1.14683,1.14683
1781972880000,1.14683,1.14683,1.14683,1.14683
1781972940000,1.14683,1.14683,1.14683,1.14683
1781973000000,1.14683,1.14683,1.14683,1.14683
1781973060000,1.14683,1.14683,1.14683,1.14683
1781973120000,1.14683,1.14683,1.14683,1.14683
1781973180000,1.14683,1.14683,1.14683,1.14683
1781973240000,1.14683,1.14683,1.14683,1.14683
1781973300000,1.14683,1.14683,1.14683,1.14683
1781973360000,1.14683,1.14683,1.14683,1.14683
1781973420000,1.14683,1.14683,1.14683,1.14683
1781973480000,1.14683,1.14683,1.14683,1.14683
1781973540000,1.14683,1.14683,1.14683,1.14683
1781973600000,1.14683,1.14683,1.14683,1.14683
1781973660000,1.14683,1.14683,1.14683,1.14683
1781973720000,1.14683,1.14683,1.14683,1.14683
1781973780000,1.14683,1.14683,1.14683,1.14683
1781973840000,1.14683,1.14683,1.14683,1.14683
1781973900000,1.14683,1.14683,1.14683,1.14683
1781973960000,1.14683,1.14683,1.14683,1.14683
1781974020000,1.14683,1.14683,1.14683,1.14683
1781974080000,1.14683,1.14683,1.14683,1.14683
1781974140000,1.14683,1.14683,1.14683,1.14683
1781974200000,1.14683,1.14683,1.14683,1.14683
1781974260000,1.14683,1.14683,1.14683,1.14683
1781974320000,1.14683,1.14683,1.14683,1.14683
1781974380000,1.14683,1.14683,1.14683,1.14683
1781974440000,1.14683,1.14683,1.14683,1.14683
1781974500000,1.14683,1.14683,1.14683,1.14683
1781974560000,1.14683,1.14683,1.14683,1.14683
1781974620000,1.14683,1.14683,1.14683,1.14683
1781974680000,1.14683,1.14683,1.14683,1.14683
1781974740000,1.14683,1.14683,1.14683,1.14683
1781974800000,1.14683,1.14683,1.14683,1.14683
1781974860000,1.14683,1.14683,1.14683,1.14683
1781974920000,1.14683,1.14683,1.14683,1.14683
1781974980000,1.14683,1.14683,1.14683,1.14683
1781975040000,1.14683,1.14683,1.14683,1.14683
1781975100000,1.14683,1.14683,1.14683,1.14683
1781975160000,1.14683,1.14683,1.14683,1.14683
1781975220000,1.14683,1.14683,1.14683,1.14683
1781975280000,1.14683,1.14683,1.14683,1.14683
1781975340000,1.14683,1.14683,1.14683,1.14683
1781975400000,1.14683,1.14683,1.14683,1.14683
1781975460000,1.14683,1.14683,1.14683,1.14683
1781975520000,1.14683,1.14683,1.14683,1.14683
1781975580000,1.14683,1.14683,1.14683,1.14683
1781975640000,1.14683,1.14683,1.14683,1.14683
1781975700000,1.14683,1.14683,1.14683,1.14683
1781975760000,1.14683,1.14683,1.14683,1.14683
1781975820000,1.14683,1.14683,1.14683,1.14683
1781975880000,1.14683,1.14683,1.14683,1.14683
1781975940000,1.14683,1.14683,1.14683,1.14683
1781976000000,1.14683,1.14683,1.14683,1.14683
1781976060000,1.14683,1.14683,1.14683,1.14683
1781976120000,1.14683,1.14683,1.14683,1.14683
1781976180000,1.14683,1.14683,1.14683,1.14683
1781976240000,1.14683,1.14683,1.14683,1.14683
1781976300000,1.14683,1.14683,1.14683,1.14683
1781976360000,1.14683,1.14683,1.14683,1.14683
1781976420000,1.14683,1.14683,1.14683,1.14683
1781976480000,1.14683,1.14683,1.14683,1.14683
1781976540000,1.14683,1.14683,1.14683,1.14683
1781976600000,1.14683,1.14683,1.14683,1.14683
1781976660000,1.14683,1.14683,1.14683,1.14683
1781976720000,1.14683,1.14683,1.14683,1.14683
1781976780000,1.14683,1.14683,1.14683,1.14683
1781976840000,1.14683,1.14683,1.14683,1.14683
1781976900000,1.14683,1.14683,1.14683,1.14683
1781976960000,1.14683,1.14683,1.14683,1.14683
1781977020000,1.14683,1.14683,1.14683,1.14683
1781977080000,1.14683,1.14683,1.14683,1.14683
1781977140000,1.14683,1.14683,1.14683,1.14683
1781977200000,1.14683,1.14683,1.14683,1.14683
1781977260000,1.14683,1.14683,1.14683,1.14683
1781977320000,1.14683,1.14683,1.14683,1.14683
1781977380000,1.14683,1.14683,1.14683,1.14683
1781977440000,1.14683,1.14683,1.14683,1.14683
1781977500000,1.14683,1.14683,1.14683,1.14683
1781977560000,1.14683,1.14683,1.14683,1.14683
1781977620000,1.14683,1.14683,1.14683,1.14683
1781977680000,1.14683,1.14683,1.14683,1.14683
1781977740000,1.14683,1.14683,1.14683,1.14683
1781977800000,1.14683,1.14683,1.14683,1.14683
1781977860000,1.14683,1.14683,1.14683,1.14683
1781977920000,1.14683,1.14683,1.14683,1.14683
1781977980000,1.14683,1.14683,1.14683,1.14683
1781978040000,1.14683,1.14683,1.14683,1.14683
1781978100000,1.14683,1.14683,1.14683,1.14683
1781978160000,1.14683,1.14683,1.14683,1.14683
1781978220000,1.14683,1.14683,1.14683,1.14683
1781978280000,1.14683,1.14683,1.14683,1.14683
1781978340000,1.14683,1.14683,1.14683,1.14683
1781978400000,1.14683,1.14683,1.14683,1.14683
1781978460000,1.14683,1.14683,1.14683,1.14683
1781978520000,1.14683,1.14683,1.14683,1.14683
1781978580000,1.14683,1.14683,1.14683,1.14683
1781978640000,1.14683,1.14683,1.14683,1.14683
1781978700000,1.14683,1.14683,1.14683,1.14683
1781978760000,1.14683,1.14683,1.14683,1.14683
1781978820000,1.14683,1.14683,1.14683,1.14683
1781978880000,1.14683,1.14683,1.14683,1.14683
1781978940000,1.14683,1.14683,1.14683,1.14683
1781979000000,1.14683,1.14683,1.14683,1.14683
1781979060000,1.14683,1.14683,1.14683,1.14683
1781979120000,1.14683,1.14683,1.14683,1.14683
1781979180000,1.14683,1.14683,1.14683,1.14683
1781979240000,1.14683,1.14683,1.14683,1.14683
1781979300000,1.14683,1.14683,1.14683,1.14683
1781979360000,1.14683,1.14683,1.14683,1.14683
1781979420000,1.14683,1.14683,1.14683,1.14683
1781979480000,1.14683,1.14683,1.14683,1.14683
1781979540000,1.14683,1.14683,1.14683,1.14683
1781979600000,1.14683,1.14683,1.14683,1.14683
1781979660000,1.14683,1.14683,1.14683,1.14683
1781979720000,1.14683,1.14683,1.14683,1.14683
1781979780000,1.14683,1.14683,1.14683,1.14683
1781979840000,1.14683,1.14683,1.14683,1.14683
1781979900000,1.14683,1.14683,1.14683,1.14683
1781979960000,1.14683,1.14683,1.14683,1.14683
1781980020000,1.14683,1.14683,1.14683,1.14683
1781980080000,1.14683,1.14683,1.14683,1.14683
1781980140000,1.14683,1.14683,1.14683,1.14683
1781980200000,1.14683,1.14683,1.14683,1.14683
1781980260000,1.14683,1.14683,1.14683,1.14683
1781980320000,1.14683,1.14683,1.14683,1.14683
1781980380000,1.14683,1.14683,1.14683,1.14683
1781980440000,1.14683,1.14683,1.14683,1.14683
1781980500000,1.14683,1.14683,1.14683,1.14683
1781980560000,1.14683,1.14683,1.14683,1.14683
1781980620000,1.14683,1.14683,1.14683,1.14683
1781980680000,1.14683,1.14683,1.14683,1.14683
1781980740000,1.14683,1.14683,1.14683,1.14683
1781980800000,1.14683,1.14683,1.14683,1.14683
1781980860000,1.14683,1.14683,1.14683,1.14683
1781980920000,1.14683,1.14683,1.14683,1.14683
1781980980000,1.14683,1.14683,1.14683,1.14683
1781981040000,1.14683,1.14683,1.14683,1.14683
1781981100000,1.14683,1.14683,1.14683,1.14683
1781981160000,1.14683,1.14683,1.14683,1.14683
1781981220000,1.14683,1.14683,1.14683,1.14683
1781981280000,1.14683,1.14683,1.14683,1.14683
1781981340000,1.14683,1.14683,1.14683,1.14683
1781981400000,1.14683,1.14683,1.14683,1.14683
1781981460000,1.14683,1.14683,1.14683,1.14683
1781981520000,1.14683,1.14683,1.14683,1.14683
1781981580000,1.14683,1.14683,1.14683,1.14683
1781981640000,1.14683,1.14683,1.14683,1.14683
1781981700000,1.14683,1.14683,1.14683,1.14683
1781981760000,1.14683,1.14683,1.14683,1.14683
1781981820000,1.14683,1.14683,1.14683,1.14683
1781981880000,1.14683,1.14683,1.14683,1.14683
1781981940000,1.14683,1.14683,1.14683,1.14683
1781982000000,1.14683,1.14683,1.14683,1.14683
1781982060000,1.14683,1.14683,1.14683,1.14683
1781982120000,1.14683,1.14683,1.14683,1.14683
1781982180000,1.14683,1.14683,1.14683,1.14683
1781982240000,1.14683,1.14683,1.14683,1.14683
1781982300000,1.14683,1.14683,1.14683,1.14683
1781982360000,1.14683,1.14683,1.14683,1.14683
1781982420000,1.14683,1.14683,1.14683,1.14683
1781982480000,1.14683,1.14683,1.14683,1.14683
1781982540000,1.14683,1.14683,1.14683,1.14683
1781982600000,1.14683,1.14683,1.14683,1.14683
1781982660000,1.14683,1.14683,1.14683,1.14683
1781982720000,1.14683,1.14683,1.14683,1.14683
1781982780000,1.14683,1.14683,1.14683,1.14683
1781982840000,1.14683,1.14683,1.14683,1.14683
1781982900000,1.14683,1.14683,1.14683,1.14683
1781982960000,1.14683,1.14683,1.14683,1.14683
1781983020000,1.14683,1.14683,1.14683,1.14683
1781983080000,1.14683,1.14683,1.14683,1.14683
1781983140000,1.14683,1.14683,1.14683,1.14683
1781983200000,1.14683,1.14683,1.14683,1.14683
1781983260000,1.14683,1.14683,1.14683,1.14683
1781983320000,1.14683,1.14683,1.14683,1.14683
1781983380000,1.14683,1.14683,1.14683,1.14683
1781983440000,1.14683,1.14683,1.14683,1.14683
1781983500000,1.14683,1.14683,1.14683,1.14683
1781983560000,1.14683,1.14683,1.14683,1.14683
1781983620000,1.14683,1.14683,1.14683,1.14683
1781983680000,1.14683,1.14683,1.14683,1.14683
1781983740000,1.14683,1.14683,1.14683,1.14683
1781983800000,1.14683,1.14683,1.14683,1.14683
1781983860000,1.14683,1.14683,1.14683,1.14683
1781983920000,1.14683,1.14683,1.14683,1.14683
1781983980000,1.14683,1.14683,1.14683,1.14683
1781984040000,1.14683,1.14683,1.14683,1.14683
1781984100000,1.14683,1.14683,1.14683,1.14683
1781984160000,1.14683,1.14683,1.14683,1.14683
1781984220000,1.14683,1.14683,1.14683,1.14683
1781984280000,1.14683,1.14683,1.14683,1.14683
1781984340000,1.14683,1.14683,1.14683,1.14683
1781984400000,1.14683,1.14683,1.14683,1.14683
1781984460000,1.14683,1.14683,1.14683,1.14683
1781984520000,1.14683,1.14683,1.14683,1.14683
1781984580000,1.14683,1.14683,1.14683,1.14683
1781984640000,1.14683,1.14683,1.14683,1.14683
1781984700000,1.14683,1.14683,1.14683,1.14683
1781984760000,1.14683,1.14683,1.14683,1.14683
1781984820000,1.14683,1.14683,1.14683,1.14683
1781984880000,1.14683,1.14683,1.14683,1.14683
1781984940000,1.14683,1.14683,1.14683,1.14683
1781985000000,1.14683,1.14683,1.14683,1.14683
1781985060000,1.14683,1.14683,1.14683,1.14683
1781985120000,1.14683,1.14683,1.14683,1.14683
1781985180000,1.14683,1.14683,1.14683,1.14683
1781985240000,1.14683,1.14683,1.14683,1.14683
1781985300000,1.14683,1.14683,1.14683,1.14683
1781985360000,1.14683,1.14683,1.14683,1.14683
1781985420000,1.14683,1.14683,1.14683,1.14683
1781985480000,1.14683,1.14683,1.14683,1.14683
1781985540000,1.14683,1.14683,1.14683,1.14683
1781985600000,1.14683,1.14683,1.14683,1.14683
1781985660000,1.14683,1.14683,1.14683,1.14683
1781985720000,1.14683,1.14683,1.14683,1.14683
1781985780000,1.14683,1.14683,1.14683,1.14683
1781985840000,1.14683,1.14683,1.14683,1.14683
1781985900000,1.14683,1.14683,1.14683,1.14683
1781985960000,1.14683,1.14683,1.14683,1.14683
1781986020000,1.14683,1.14683,1.14683,1.14683
1781986080000,1.14683,1.14683,1.14683,1.14683
1781986140000,1.14683,1.14683,1.14683,1.14683
1781986200000,1.14683,1.14683,1.14683,1.14683
1781986260000,1.14683,1.14683,1.14683,1.14683
1781986320000,1.14683,1.14683,1.14683,1.14683
1781986380000,1.14683,1.14683,1.14683,1.14683
1781986440000,1.14683,1.14683,1.14683,1.14683
1781986500000,1.14683,1.14683,1.14683,1.14683
1781986560000,1.14683,1.14683,1.14683,1.14683
1781986620000,1.14683,1.14683,1.14683,1.14683
1781986680000,1.14683,1.14683,1.14683,1.14683
1781986740000,1.14683,1.14683,1.14683,1.14683
1781986800000,1.14683,1.14683,1.14683,1.14683
1781986860000,1.14683,1.14683,1.14683,1.14683
1781986920000,1.14683,1.14683,1.14683,1.14683
1781986980000,1.14683,1.14683,1.14683,1.14683
1781987040000,1.14683,1.14683,1.14683,1.14683
1781987100000,1.14683,1.14683,1.14683,1.14683
1781987160000,1.14683,1.14683,1.14683,1.14683
1781987220000,1.14683,1.14683,1.14683,1.14683
1781987280000,1.14683,1.14683,1.14683,1.14683
1781987340000,1.14683,1.14683,1.14683,1.14683
1781987400000,1.14683,1.14683,1.14683,1.14683
1781987460000,1.14683,1.14683,1.14683,1.14683
1781987520000,1.14683,1.14683,1.14683,1.14683
1781987580000,1.14683,1.14683,1.14683,1.14683
1781987640000,1.14683,1.14683,1.14683,1.14683
1781987700000,1.14683,1.14683,1.14683,1.14683
1781987760000,1.14683,1.14683,1.14683,1.14683
1781987820000,1.14683,1.14683,1.14683,1.14683
1781987880000,1.14683,1.14683,1.14683,1.14683
1781987940000,1.14683,1.14683,1.14683,1.14683
1781988000000,1.14683,1.14683,1.14683,1.14683
1781988060000,1.14683,1.14683,1.14683,1.14683
1781988120000,1.14683,1.14683,1.14683,1.14683
1781988180000,1.14683,1.14683,1.14683,1.14683
1781988240000,1.14683,1.14683,1.14683,1.14683
1781988300000,1.14683,1.14683,1.14683,1.14683
1781988360000,1.14683,1.14683,1.14683,1.14683
1781988420000,1.14683,1.14683,1.14683,1.14683
1781988480000,1.14683,1.14683,1.14683,1.14683
1781988540000,1.14683,1.14683,1.14683,1.14683
1781988600000,1.14683,1.14683,1.14683,1.14683
1781988660000,1.14683,1.14683,1.14683,1.14683
1781988720000,1.14683,1.14683,1.14683,1.14683
1781988780000,1.14683,1.14683,1.14683,1.14683
1781988840000,1.14683,1.14683,1.14683,1.14683
1781988900000,1.14683,1.14683,1.14683,1.14683
1781988960000,1.14683,1.14683,1.14683,1.14683
1781989020000,1.14683,1.14683,1.14683,1.14683
1781989080000,1.14683,1.14683,1.14683,1.14683
1781989140000,1.14683,1.14683,1.14683,1.14683
1781989200000,1.14683,1.14683,1.14683,1.14683
1781989260000,1.14683,1.14683,1.14683,1.14683
1781989320000,1.14683,1.14683,1.14683,1.14683
1781989380000,1.14683,1.14683,1.14683,1.14683
1781989440000,1.14683,1.14683,1.14683,1.14683
1781989500000,1.14683,1.14683,1.14683,1.14683
1781989560000,1.14683,1.14683,1.14683,1.14683
1781989620000,1.14683,1.14683,1.14683,1.14683
1781989680000,1.14683,1.14683,1.14683,1.14683
1781989740000,1.14683,1.14683,1.14683,1.14683
1781989800000,1.14683,1.14683,1.14683,1.14683
1781989860000,1.14683,1.14683,1.14683,1.14683
1781989920000,1.14683,1.14683,1.14683,1.14683
1781989980000,1.14683,1.14683,1.14683,1.14683
1781990040000,1.14683,1.14683,1.14683,1.14683
1781990100000,1.14683,1.14683,1.14683,1.14683
1781990160000,1.14683,1.14683,1.14683,1.14683
1781990220000,1.14683,1.14683,1.14683,1.14683
1781990280000,1.14683,1.14683,1.14683,1.14683
1781990340000,1.14683,1.14683,1.14683,1.14683
1781990400000,1.14683,1.14683,1.14683,1.14683
1781990460000,1.14683,1.14683,1.14683,1.14683
1781990520000,1.14683,1.14683,1.14683,1.14683
1781990580000,1.14683,1.14683,1.14683,1.14683
1781990640000,1.14683,1.14683,1.14683,1.14683
1781990700000,1.14683,1.14683,1.14683,1.14683
1781990760000,1.14683,1.14683,1.14683,1.14683
1781990820000,1.14683,1.14683,1.14683,1.14683
1781990880000,1.14683,1.14683,1.14683,1.14683
1781990940000,1.14683,1.14683,1.14683,1.14683
1781991000000,1.14683,1.14683,1.14683,1.14683
1781991060000,1.14683,1.14683,1.14683,1.14683
1781991120000,1.14683,1.14683,1.14683,1.14683
1781991180000,1.14683,1.14683,1.14683,1.14683
1781991240000,1.14683,1.14683,1.14683,1.14683
1781991300000,1.14683,1.14683,1.14683,1.14683
1781991360000,1.14683,1.14683,1.14683,1.14683
1781991420000,1.14683,1.14683,1.14683,1.14683
1781991480000,1.14683,1.14683,1.14683,1.14683
1781991540000,1.14683,1.14683,1.14683,1.14683
1781991600000,1.14683,1.14683,1.14683,1.14683
1781991660000,1.14683,1.14683,1.14683,1.14683
1781991720000,1.14683,1.14683,1.14683,1.14683
1781991780000,1.14683,1.14683,1.14683,1.14683
1781991840000,1.14683,1.14683,1.14683,1.14683
1781991900000,1.14683,1.14683,1.14683,1.14683
1781991960000,1.14683,1.14683,1.14683,1.14683
1781992020000,1.14683,1.14683,1.14683,1.14683
1781992080000,1.14683,1.14683,1.14683,1.14683
1781992140000,1.14683,1.14683,1.14683,1.14683
1781992200000,1.14683,1.14683,1.14683,1.14683
1781992260000,1.14683,1.14683,1.14683,1.14683
1781992320000,1.14683,1.14683,1.14683,1.14683
1781992380000,1.14683,1.14683,1.14683,1.14683
1781992440000,1.14683,1.14683,1.14683,1.14683
1781992500000,1.14683,1.14683,1.14683,1.14683
1781992560000,1.14683,1.14683,1.14683,1.14683
1781992620000,1.14683,1.14683,1.14683,1.14683
1781992680000,1.14683,1.14683,1.14683,1.14683
1781992740000,1.14683,1.14683,1.14683,1.14683
1781992800000,1.14683,1.14683,1.14683,1.14683
1781992860000,1.14683,1.14683,1.14683,1.14683
1781992920000,1.14683,1.14683,1.14683,1.14683
1781992980000,1.14683,1.14683,1.14683,1.14683
1781993040000,1.14683,1.14683,1.14683,1.14683
1781993100000,1.14683,1.14683,1.14683,1.14683
1781993160000,1.14683,1.14683,1.14683,1.14683
1781993220000,1.14683,1.14683,1.14683,1.14683
1781993280000,1.14683,1.14683,1.14683,1.14683
1781993340000,1.14683,1.14683,1.14683,1.14683
1781993400000,1.14683,1.14683,1.14683,1.14683
1781993460000,1.14683,1.14683,1.14683,1.14683
1781993520000,1.14683,1.14683,1.14683,1.14683
1781993580000,1.14683,1.14683,1.14683,1.14683
1781993640000,1.14683,1.14683,1.14683,1.14683
1781993700000,1.14683,1.14683,1.14683,1.14683
1781993760000,1.14683,1.14683,1.14683,1.14683
1781993820000,1.14683,1.14683,1.14683,1.14683
1781993880000,1.14683,1.14683,1.14683,1.14683
1781993940000,1.14683,1.14683,1.14683,1.14683
1781994000000,1.14683,1.14683,1.14683,1.14683
1781994060000,1.14683,1.14683,1.14683,1.14683
1781994120000,1.14683,1.14683,1.14683,1.14683
1781994180000,1.14683,1.14683,1.14683,1.14683
1781994240000,1.14683,1.14683,1.14683,1.14683
1781994300000,1.14683,1.14683,1.14683,1.14683
1781994360000,1.14683,1.14683,1.14683,1.14683
1781994420000,1.14683,1.14683,1.14683,1.14683
1781994480000,1.14683,1.14683,1.14683,1.14683
1781994540000,1.14683,1.14683,1.14683,1.14683
1781994600000,1.14683,1.14683,1.14683,1.14683
1781994660000,1.14683,1.14683,1.14683,1.14683
1781994720000,1.14683,1.14683,1.14683,1.14683
1781994780000,1.14683,1.14683,1.14683,1.14683
1781994840000,1.14683,1.14683,1.14683,1.14683
1781994900000,1.14683,1.14683,1.14683,1.14683
1781994960000,1.14683,1.14683,1.14683,1.14683
1781995020000,1.14683,1.14683,1.14683,1.14683
1781995080000,1.14683,1.14683,1.14683,1.14683
1781995140000,1.14683,1.14683,1.14683,1.14683
1781995200000,1.14683,1.14683,1.14683,1.14683
1781995260000,1.14683,1.14683,1.14683,1.14683
1781995320000,1.14683,1.14683,1.14683,1.14683
1781995380000,1.14683,1.14683,1.14683,1.14683
1781995440000,1.14683,1.14683,1.14683,1.14683
1781995500000,1.14683,1.14683,1.14683,1.14683
1781995560000,1.14683,1.14683,1.14683,1.14683
1781995620000,1.14683,1.14683,1.14683,1.14683
1781995680000,1.14683,1.14683,1.14683,1.14683
1781995740000,1.14683,1.14683,1.14683,1.14683
1781995800000,1.14683,1.14683,1.14683,1.14683
1781995860000,1.14683,1.14683,1.14683,1.14683
1781995920000,1.14683,1.14683,1.14683,1.14683
1781995980000,1.14683,1.14683,1.14683,1.14683
1781996040000,1.14683,1.14683,1.14683,1.14683
1781996100000,1.14683,1.14683,1.14683,1.14683
1781996160000,1.14683,1.14683,1.14683,1.14683
1781996220000,1.14683,1.14683,1.14683,1.14683
1781996280000,1.14683,1.14683,1.14683,1.14683
1781996340000,1.14683,1.14683,1.14683,1.14683
1781996400000,1.14683,1.14683,1.14683,1.14683
1781996460000,1.14683,1.14683,1.14683,1.14683
1781996520000,1.14683,1.14683,1.14683,1.14683
1781996580000,1.14683,1.14683,1.14683,1.14683
1781996640000,1.14683,1.14683,1.14683,1.14683
1781996700000,1.14683,1.14683,1.14683,1.14683
1781996760000,1.14683,1.14683,1.14683,1.14683
1781996820000,1.14683,1.14683,1.14683,1.14683
1781996880000,1.14683,1.14683,1.14683,1.14683
1781996940000,1.14683,1.14683,1.14683,1.14683
1781997000000,1.14683,1.14683,1.14683,1.14683
1781997060000,1.14683,1.14683,1.14683,1.14683
1781997120000,1.14683,1.14683,1.14683,1.14683
1781997180000,1.14683,1.14683,1.14683,1.14683
1781997240000,1.14683,1.14683,1.14683,1.14683
1781997300000,1.14683,1.14683,1.14683,1.14683
1781997360000,1.14683,1.14683,1.14683,1.14683
1781997420000,1.14683,1.14683,1.14683,1.14683
1781997480000,1.14683,1.14683,1.14683,1.14683
1781997540000,1.14683,1.14683,1.14683,1.14683
1781997600000,1.14683,1.14683,1.14683,1.14683
1781997660000,1.14683,1.14683,1.14683,1.14683
1781997720000,1.14683,1.14683,1.14683,1.14683
1781997780000,1.14683,1.14683,1.14683,1.14683
1781997840000,1.14683,1.14683,1.14683,1.14683
1781997900000,1.14683,1.14683,1.14683,1.14683
1781997960000,1.14683,1.14683,1.14683,1.14683
1781998020000,1.14683,1.14683,1.14683,1.14683
1781998080000,1.14683,1.14683,1.14683,1.14683
1781998140000,1.14683,1.14683,1.14683,1.14683
1781998200000,1.14683,1.14683,1.14683,1.14683
1781998260000,1.14683,1.14683,1.14683,1.14683
1781998320000,1.14683,1.14683,1.14683,1.14683
1781998380000,1.14683,1.14683,1.14683,1.14683
1781998440000,1.14683,1.14683,1.14683,1.14683
1781998500000,1.14683,1.14683,1.14683,1.14683
1781998560000,1.14683,1.14683,1.14683,1.14683
1781998620000,1.14683,1.14683,1.14683,1.14683
1781998680000,1.14683,1.14683,1.14683,1.14683
1781998740000,1.14683,1.14683,1.14683,1.14683
1781998800000,1.14683,1.14683,1.14683,1.14683
1781998860000,1.14683,1.14683,1.14683,1.14683
1781998920000,1.14683,1.14683,1.14683,1.14683
1781998980000,1.14683,1.14683,1.14683,1.14683
1781999040000,1.14683,1.14683,1.14683,1.14683
1781999100000,1.14683,1.14683,1.14683,1.14683
1781999160000,1.14683,1.14683,1.14683,1.14683
1781999220000,1.14683,1.14683,1.14683,1.14683
1781999280000,1.14683,1.14683,1.14683,1.14683
1781999340000,1.14683,1.14683,1.14683,1.14683
1781999400000,1.14683,1.14683,1.14683,1.14683
1781999460000,1.14683,1.14683,1.14683,1.14683
1781999520000,1.14683,1.14683,1.14683,1.14683
1781999580000,1.14683,1.14683,1.14683,1.14683
1781999640000,1.14683,1.14683,1.14683,1.14683
1781999700000,1.14683,1.14683,1.14683,1.14683
1781999760000,1.14683,1.14683,1.14683,1.14683
1781999820000,1.14683,1.14683,1.14683,1.14683
1781999880000,1.14683,1.14683,1.14683,1.14683
1781999940000,1.14683,1.14683,1.14683,1.14683
1782000000000,1.14683,1.14683,1.14683,1.14683
1782000060000,1.14683,1.14683,1.14683,1.14683
1782000120000,1.14683,1.14683,1.14683,1.14683
1782000180000,1.14683,1.14683,1.14683,1.14683
1782000240000,1.14683,1.14683,1.14683,1.14683
1782000300000,1.14683,1.14683,1.14683,1.14683
1782000360000,1.14683,1.14683,1.14683,1.14683
1782000420000,1.14683,1.14683,1.14683,1.14683
1782000480000,1.14683,1.14683,1.14683,1.14683
1782000540000,1.14683,1.14683,1.14683,1.14683
1782000600000,1.14683,1.14683,1.14683,1.14683
1782000660000,1.14683,1.14683,1.14683,1.14683
1782000720000,1.14683,1.14683,1.14683,1.14683
1782000780000,1.14683,1.14683,1.14683,1.14683
1782000840000,1.14683,1.14683,1.14683,1.14683
1782000900000,1.14683,1.14683,1.14683,1.14683
1782000960000,1.14683,1.14683,1.14683,1.14683
1782001020000,1.14683,1.14683,1.14683,1.14683
1782001080000,1.14683,1.14683,1.14683,1.14683
1782001140000,1.14683,1.14683,1.14683,1.14683
1782001200000,1.14683,1.14683,1.14683,1.14683
1782001260000,1.14683,1.14683,1.14683,1.14683
1782001320000,1.14683,1.14683,1.14683,1.14683
1782001380000,1.14683,1.14683,1.14683,1.14683
1782001440000,1.14683,1.14683,1.14683,1.14683
1782001500000,1.14683,1.14683,1.14683,1.14683
1782001560000,1.14683,1.14683,1.14683,1.14683
1782001620000,1.14683,1.14683,1.14683,1.14683
1782001680000,1.14683,1.14683,1.14683,1.14683
1782001740000,1.14683,1.14683,1.14683,1.14683
1782001800000,1.14683,1.14683,1.14683,1.14683
1782001860000,1.14683,1.14683,1.14683,1.14683
1782001920000,1.14683,1.14683,1.14683,1.14683
1782001980000,1.14683,1.14683,1.14683,1.14683
1782002040000,1.14683,1.14683,1.14683,1.14683
1782002100000,1.14683,1.14683,1.14683,1.14683
1782002160000,1.14683,1.14683,1.14683,1.14683
1782002220000,1.14683,1.14683,1.14683,1.14683
1782002280000,1.14683,1.14683,1.14683,1.14683
1782002340000,1.14683,1.14683,1.14683,1.14683
1782002400000,1.14683,1.14683,1.14683,1.14683
1782002460000,1.14683,1.14683,1.14683,1.14683
1782002520000,1.14683,1.14683,1.14683,1.14683
1782002580000,1.14683,1.14683,1.14683,1.14683
1782002640000,1.14683,1.14683,1.14683,1.14683
1782002700000,1.14683,1.14683,1.14683,1.14683
1782002760000,1.14683,1.14683,1.14683,1.14683
1782002820000,1.14683,1.14683,1.14683,1.14683
1782002880000,1.14683,1.14683,1.14683,1.14683
1782002940000,1.14683,1.14683,1.14683,1.14683
1782003000000,1.14683,1.14683,1.14683,1.14683
1782003060000,1.14683,1.14683,1.14683,1.14683
1782003120000,1.14683,1.14683,1.14683,1.14683
1782003180000,1.14683,1.14683,1.14683,1.14683
1782003240000,1.14683,1.14683,1.14683,1.14683
1782003300000,1.14683,1.14683,1.14683,1.14683
1782003360000,1.14683,1.14683,1.14683,1.14683
1782003420000,1.14683,1.14683,1.14683,1.14683
1782003480000,1.14683,1.14683,1.14683,1.14683
1782003540000,1.14683,1.14683,1.14683,1.14683
1782003600000,1.14683,1.14683,1.14683,1.14683
1782003660000,1.14683,1.14683,1.14683,1.14683
1782003720000,1.14683,1.14683,1.14683,1.14683
1782003780000,1.14683,1.14683,1.14683,1.14683
1782003840000,1.14683,1.14683,1.14683,1.14683
1782003900000,1.14683,1.14683,1.14683,1.14683
1782003960000,1.14683,1.14683,1.14683,1.14683
1782004020000,1.14683,1.14683,1.14683,1.14683
1782004080000,1.14683,1.14683,1.14683,1.14683
1782004140000,1.14683,1.14683,1.14683,1.14683
1782004200000,1.14683,1.14683,1.14683,1.14683
1782004260000,1.14683,1.14683,1.14683,1.14683
1782004320000,1.14683,1.14683,1.14683,1.14683
1782004380000,1.14683,1.14683,1.14683,1.14683
1782004440000,1.14683,1.14683,1.14683,1.14683
1782004500000,1.14683,1.14683,1.14683,1.14683
1782004560000,1.14683,1.14683,1.14683,1.14683
1782004620000,1.14683,1.14683,1.14683,1.14683
1782004680000,1.14683,1.14683,1.14683,1.14683
1782004740000,1.14683,1.14683,1.14683,1.14683
1782004800000,1.14683,1.14683,1.14683,1.14683
1782004860000,1.14683,1.14683,1.14683,1.14683
1782004920000,1.14683,1.14683,1.14683,1.14683
1782004980000,1.14683,1.14683,1.14683,1.14683
1782005040000,1.14683,1.14683,1.14683,1.14683
1782005100000,1.14683,1.14683,1.14683,1.14683
1782005160000,1.14683,1.14683,1.14683,1.14683
1782005220000,1.14683,1.14683,1.14683,1.14683
1782005280000,1.14683,1.14683,1.14683,1.14683
1782005340000,1.14683,1.14683,1.14683,1.14683
1782005400000,1.14683,1.14683,1.14683,1.14683
1782005460000,1.14683,1.14683,1.14683,1.14683
1782005520000,1.14683,1.14683,1.14683,1.14683
1782005580000,1.14683,1.14683,1.14683,1.14683
1782005640000,1.14683,1.14683,1.14683,1.14683
1782005700000,1.14683,1.14683,1.14683,1.14683
1782005760000,1.14683,1.14683,1.14683,1.14683
1782005820000,1.14683,1.14683,1.14683,1.14683
1782005880000,1.14683,1.14683,1.14683,1.14683
1782005940000,1.14683,1.14683,1.14683,1.14683
1782006000000,1.14683,1.14683,1.14683,1.14683
1782006060000,1.14683,1.14683,1.14683,1.14683
1782006120000,1.14683,1.14683,1.14683,1.14683
1782006180000,1.14683,1.14683,1.14683,1.14683
1782006240000,1.14683,1.14683,1.14683,1.14683
1782006300000,1.14683,1.14683,1.14683,1.14683
1782006360000,1.14683,1.14683,1.14683,1.14683
1782006420000,1.14683,1.14683,1.14683,1.14683
1782006480000,1.14683,1.14683,1.14683,1.14683
1782006540000,1.14683,1.14683,1.14683,1.14683
1782006600000,1.14683,1.14683,1.14683,1.14683
1782006660000,1.14683,1.14683,1.14683,1.14683
1782006720000,1.14683,1.14683,1.14683,1.14683
1782006780000,1.14683,1.14683,1.14683,1.14683
1782006840000,1.14683,1.14683,1.14683,1.14683
1782006900000,1.14683,1.14683,1.14683,1.14683
1782006960000,1.14683,1.14683,1.14683,1.14683
1782007020000,1.14683,1.14683,1.14683,1.14683
1782007080000,1.14683,1.14683,1.14683,1.14683
1782007140000,1.14683,1.14683,1.14683,1.14683
1782007200000,1.14683,1.14683,1.14683,1.14683
1782007260000,1.14683,1.14683,1.14683,1.14683
1782007320000,1.14683,1.14683,1.14683,1.14683
1782007380000,1.14683,1.14683,1.14683,1.14683
1782007440000,1.14683,1.14683,1.14683,1.14683
1782007500000,1.14683,1.14683,1.14683,1.14683
1782007560000,1.14683,1.14683,1.14683,1.14683
1782007620000,1.14683,1.14683,1.14683,1.14683
1782007680000,1.14683,1.14683,1.14683,1.14683
1782007740000,1.14683,1.14683,1.14683,1.14683
1782007800000,1.14683,1.14683,1.14683,1.14683
1782007860000,1.14683,1.14683,1.14683,1.14683
1782007920000,1.14683,1.14683,1.14683,1.14683
1782007980000,1.14683,1.14683,1.14683,1.14683
1782008040000,1.14683,1.14683,1.14683,1.14683
1782008100000,1.14683,1.14683,1.14683,1.14683
1782008160000,1.14683,1.14683,1.14683,1.14683
1782008220000,1.14683,1.14683,1.14683,1.14683
1782008280000,1.14683,1.14683,1.14683,1.14683
1782008340000,1.14683,1.14683,1.14683,1.14683
1782008400000,1.14683,1.14683,1.14683,1.14683
1782008460000,1.14683,1.14683,1.14683,1.14683
1782008520000,1.14683,1.14683,1.14683,1.14683
1782008580000,1.14683,1.14683,1.14683,1.14683
1782008640000,1.14683,1.14683,1.14683,1.14683
1782008700000,1.14683,1.14683,1.14683,1.14683
1782008760000,1.14683,1.14683,1.14683,1.14683
1782008820000,1.14683,1.14683,1.14683,1.14683
1782008880000,1.14683,1.14683,1.14683,1.14683
1782008940000,1.14683,1.14683,1.14683,1.14683
1782009000000,1.14683,1.14683,1.14683,1.14683
1782009060000,1.14683,1.14683,1.14683,1.14683
1782009120000,1.14683,1.14683,1.14683,1.14683
1782009180000,1.14683,1.14683,1.14683,1.14683
1782009240000,1.14683,1.14683,1.14683,1.14683
1782009300000,1.14683,1.14683,1.14683,1.14683
1782009360000,1.14683,1.14683,1.14683,1.14683
1782009420000,1.14683,1.14683,1.14683,1.14683
1782009480000,1.14683,1.14683,1.14683,1.14683
1782009540000,1.14683,1.14683,1.14683,1.14683
1782009600000,1.14683,1.14683,1.14683,1.14683
1782009660000,1.14683,1.14683,1.14683,1.14683
1782009720000,1.14683,1.14683,1.14683,1.14683
1782009780000,1.14683,1.14683,1.14683,1.14683
1782009840000,1.14683,1.14683,1.14683,1.14683
1782009900000,1.14683,1.14683,1.14683,1.14683
1782009960000,1.14683,1.14683,1.14683,1.14683
1782010020000,1.14683,1.14683,1.14683,1.14683
1782010080000,1.14683,1.14683,1.14683,1.14683
1782010140000,1.14683,1.14683,1.14683,1.14683
1782010200000,1.14683,1.14683,1.14683,1.14683
1782010260000,1.14683,1.14683,1.14683,1.14683
1782010320000,1.14683,1.14683,1.14683,1.14683
1782010380000,1.14683,1.14683,1.14683,1.14683
1782010440000,1.14683,1.14683,1.14683,1.14683
1782010500000,1.14683,1.14683,1.14683,1.14683
1782010560000,1.14683,1.14683,1.14683,1.14683
1782010620000,1.14683,1.14683,1.14683,1.14683
1782010680000,1.14683,1.14683,1.14683,1.14683
1782010740000,1.14683,1.14683,1.14683,1.14683
1782010800000,1.14683,1.14683,1.14683,1.14683
1782010860000,1.14683,1.14683,1.14683,1.14683
1782010920000,1.14683,1.14683,1.14683,1.14683
1782010980000,1.14683,1.14683,1.14683,1.14683
1782011040000,1.14683,1.14683,1.14683,1.14683
1782011100000,1.14683,1.14683,1.14683,1.14683
1782011160000,1.14683,1.14683,1.14683,1.14683
1782011220000,1.14683,1.14683,1.14683,1.14683
1782011280000,1.14683,1.14683,1.14683,1.14683
1782011340000,1.14683,1.14683,1.14683,1.14683
1782011400000,1.14683,1.14683,1.14683,1.14683
1782011460000,1.14683,1.14683,1.14683,1.14683
1782011520000,1.14683,1.14683,1.14683,1.14683
1782011580000,1.14683,1.14683,1.14683,1.14683
1782011640000,1.14683,1.14683,1.14683,1.14683
1782011700000,1.14683,1.14683,1.14683,1.14683
1782011760000,1.14683,1.14683,1.14683,1.14683
1782011820000,1.14683,1.14683,1.14683,1.14683
1782011880000,1.14683,1.14683,1.14683,1.14683
1782011940000,1.14683,1.14683,1.14683,1.14683
1782012000000,1.14683,1.14683,1.14683,1.14683
1782012060000,1.14683,1.14683,1.14683,1.14683
1782012120000,1.14683,1.14683,1.14683,1.14683
1782012180000,1.14683,1.14683,1.14683,1.14683
1782012240000,1.14683,1.14683,1.14683,1.14683
1782012300000,1.14683,1.14683,1.14683,1.14683
1782012360000,1.14683,1.14683,1.14683,1.14683
1782012420000,1.14683,1.14683,1.14683,1.14683
1782012480000,1.14683,1.14683,1.14683,1.14683
1782012540000,1.14683,1.14683,1.14683,1.14683
1782012600000,1.14683,1.14683,1.14683,1.14683
1782012660000,1.14683,1.14683,1.14683,1.14683
1782012720000,1.14683,1.14683,1.14683,1.14683
1782012780000,1.14683,1.14683,1.14683,1.14683
1782012840000,1.14683,1.14683,1.14683,1.14683
1782012900000,1.14683,1.14683,1.14683,1.14683
1782012960000,1.14683,1.14683,1.14683,1.14683
1782013020000,1.14683,1.14683,1.14683,1.14683
1782013080000,1.14683,1.14683,1.14683,1.14683
1782013140000,1.14683,1.14683,1.14683,1.14683
1782013200000,1.14683,1.14683,1.14683,1.14683
1782013260000,1.14683,1.14683,1.14683,1.14683
1782013320000,1.14683,1.14683,1.14683,1.14683
1782013380000,1.14683,1.14683,1.14683,1.14683
1782013440000,1.14683,1.14683,1.14683,1.14683
1782013500000,1.14683,1.14683,1.14683,1.14683
1782013560000,1.14683,1.14683,1.14683,1.14683
1782013620000,1.14683,1.14683,1.14683,1.14683
1782013680000,1.14683,1.14683,1.14683,1.14683
1782013740000,1.14683,1.14683,1.14683,1.14683
1782013800000,1.14683,1.14683,1.14683,1.14683
1782013860000,1.14683,1.14683,1.14683,1.14683
1782013920000,1.14683,1.14683,1.14683,1.14683
1782013980000,1.14683,1.14683,1.14683,1.14683
1782014040000,1.14683,1.14683,1.14683,1.14683
1782014100000,1.14683,1.14683,1.14683,1.14683
1782014160000,1.14683,1.14683,1.14683,1.14683
1782014220000,1.14683,1.14683,1.14683,1.14683
1782014280000,1.14683,1.14683,1.14683,1.14683
1782014340000,1.14683,1.14683,1.14683,1.14683
1782014400000,1.14683,1.14683,1.14683,1.14683
1782014460000,1.14683,1.14683,1.14683,1.14683
1782014520000,1.14683,1.14683,1.14683,1.14683
1782014580000,1.14683,1.14683,1.14683,1.14683
1782014640000,1.14683,1.14683,1.14683,1.14683
1782014700000,1.14683,1.14683,1.14683,1.14683
1782014760000,1.14683,1.14683,1.14683,1.14683
1782014820000,1.14683,1.14683,1.14683,1.14683
1782014880000,1.14683,1.14683,1.14683,1.14683
1782014940000,1.14683,1.14683,1.14683,1.14683
1782015000000,1.14683,1.14683,1.14683,1.14683
1782015060000,1.14683,1.14683,1.14683,1.14683
1782015120000,1.14683,1.14683,1.14683,1.14683
1782015180000,1.14683,1.14683,1.14683,1.14683
1782015240000,1.14683,1.14683,1.14683,1.14683
1782015300000,1.14683,1.14683,1.14683,1.14683
1782015360000,1.14683,1.14683,1.14683,1.14683
1782015420000,1.14683,1.14683,1.14683,1.14683
1782015480000,1.14683,1.14683,1.14683,1.14683
1782015540000,1.14683,1.14683,1.14683,1.14683
1782015600000,1.14683,1.14683,1.14683,1.14683
1782015660000,1.14683,1.14683,1.14683,1.14683
1782015720000,1.14683,1.14683,1.14683,1.14683
1782015780000,1.14683,1.14683,1.14683,1.14683
1782015840000,1.14683,1.14683,1.14683,1.14683
1782015900000,1.14683,1.14683,1.14683,1.14683
1782015960000,1.14683,1.14683,1.14683,1.14683
1782016020000,1.14683,1.14683,1.14683,1.14683
1782016080000,1.14683,1.14683,1.14683,1.14683
1782016140000,1.14683,1.14683,1.14683,1.14683
1782016200000,1.14683,1.14683,1.14683,1.14683
1782016260000,1.14683,1.14683,1.14683,1.14683
1782016320000,1.14683,1.14683,1.14683,1.14683
1782016380000,1.14683,1.14683,1.14683,1.14683
1782016440000,1.14683,1.14683,1.14683,1.14683
1782016500000,1.14683,1.14683,1.14683,1.14683
1782016560000,1.14683,1.14683,1.14683,1.14683
1782016620000,1.14683,1.14683,1.14683,1.14683
1782016680000,1.14683,1.14683,1.14683,1.14683
1782016740000,1.14683,1.14683,1.14683,1.14683
1782016800000,1.14683,1.14683,1.14683,1.14683
1782016860000,1.14683,1.14683,1.14683,1.14683
1782016920000,1.14683,1.14683,1.14683,1.14683
1782016980000,1.14683,1.14683,1.14683,1.14683
1782017040000,1.14683,1.14683,1.14683,1.14683
1782017100000,1.14683,1.14683,1.14683,1.14683
1782017160000,1.14683,1.14683,1.14683,1.14683
1782017220000,1.14683,1.14683,1.14683,1.14683
1782017280000,1.14683,1.14683,1.14683,1.14683
1782017340000,1.14683,1.14683,1.14683,1.14683
1782017400000,1.14683,1.14683,1.14683,1.14683
1782017460000,1.14683,1.14683,1.14683,1.14683
1782017520000,1.14683,1.14683,1.14683,1.14683
1782017580000,1.14683,1.14683,1.14683,1.14683
1782017640000,1.14683,1.14683,1.14683,1.14683
1782017700000,1.14683,1.14683,1.14683,1.14683
1782017760000,1.14683,1.14683,1.14683,1.14683
1782017820000,1.14683,1.14683,1.14683,1.14683
1782017880000,1.14683,1.14683,1.14683,1.14683
1782017940000,1.14683,1.14683,1.14683,1.14683
1782018000000,1.14683,1.14683,1.14683,1.14683
1782018060000,1.14683,1.14683,1.14683,1.14683
1782018120000,1.14683,1.14683,1.14683,1.14683
1782018180000,1.14683,1.14683,1.14683,1.14683
1782018240000,1.14683,1.14683,1.14683,1.14683
1782018300000,1.14683,1.14683,1.14683,1.14683
1782018360000,1.14683,1.14683,1.14683,1.14683
1782018420000,1.14683,1.14683,1.14683,1.14683
1782018480000,1.14683,1.14683,1.14683,1.14683
1782018540000,1.14683,1.14683,1.14683,1.14683
1782018600000,1.14683,1.14683,1.14683,1.14683
1782018660000,1.14683,1.14683,1.14683,1.14683
1782018720000,1.14683,1.14683,1.14683,1.14683
1782018780000,1.14683,1.14683,1.14683,1.14683
1782018840000,1.14683,1.14683,1.14683,1.14683
1782018900000,1.14683,1.14683,1.14683,1.14683
1782018960000,1.14683,1.14683,1.14683,1.14683
1782019020000,1.14683,1.14683,1.14683,1.14683
1782019080000,1.14683,1.14683,1.14683,1.14683
1782019140000,1.14683,1.14683,1.14683,1.14683
1782019200000,1.14683,1.14683,1.14683,1.14683
1782019260000,1.14683,1.14683,1.14683,1.14683
1782019320000,1.14683,1.14683,1.14683,1.14683
1782019380000,1.14683,1.14683,1.14683,1.14683
1782019440000,1.14683,1.14683,1.14683,1.14683
1782019500000,1.14683,1.14683,1.14683,1.14683
1782019560000,1.14683,1.14683,1.14683,1.14683
1782019620000,1.14683,1.14683,1.14683,1.14683
1782019680000,1.14683,1.14683,1.14683,1.14683
1782019740000,1.14683,1.14683,1.14683,1.14683
1782019800000,1.14683,1.14683,1.14683,1.14683
1782019860000,1.14683,1.14683,1.14683,1.14683
1782019920000,1.14683,1.14683,1.14683,1.14683
1782019980000,1.14683,1.14683,1.14683,1.14683
1782020040000,1.14683,1.14683,1.14683,1.14683
1782020100000,1.14683,1.14683,1.14683,1.14683
1782020160000,1.14683,1.14683,1.14683,1.14683
1782020220000,1.14683,1.14683,1.14683,1.14683
1782020280000,1.14683,1.14683,1.14683,1.14683
1782020340000,1.14683,1.14683,1.14683,1.14683
1782020400000,1.14683,1.14683,1.14683,1.14683
1782020460000,1.14683,1.14683,1.14683,1.14683
1782020520000,1.14683,1.14683,1.14683,1.14683
1782020580000,1.14683,1.14683,1.14683,1.14683
1782020640000,1.14683,1.14683,1.14683,1.14683
1782020700000,1.14683,1.14683,1.14683,1.14683
1782020760000,1.14683,1.14683,1.14683,1.14683
1782020820000,1.14683,1.14683,1.14683,1.14683
1782020880000,1.14683,1.14683,1.14683,1.14683
1782020940000,1.14683,1.14683,1.14683,1.14683
1782021000000,1.14683,1.14683,1.14683,1.14683
1782021060000,1.14683,1.14683,1.14683,1.14683
1782021120000,1.14683,1.14683,1.14683,1.14683
1782021180000,1.14683,1.14683,1.14683,1.14683
1782021240000,1.14683,1.14683,1.14683,1.14683
1782021300000,1.14683,1.14683,1.14683,1.14683
1782021360000,1.14683,1.14683,1.14683,1.14683
1782021420000,1.14683,1.14683,1.14683,1.14683
1782021480000,1.14683,1.14683,1.14683,1.14683
1782021540000,1.14683,1.14683,1.14683,1.14683
1782021600000,1.14683,1.14683,1.14683,1.14683
1782021660000,1.14683,1.14683,1.14683,1.14683
1782021720000,1.14683,1.14683,1.14683,1.14683
1782021780000,1.14683,1.14683,1.14683,1.14683
1782021840000,1.14683,1.14683,1.14683,1.14683
1782021900000,1.14683,1.14683,1.14683,1.14683
1782021960000,1.14683,1.14683,1.14683,1.14683
1782022020000,1.14683,1.14683,1.14683,1.14683
1782022080000,1.14683,1.14683,1.14683,1.14683
1782022140000,1.14683,1.14683,1.14683,1.14683
1782022200000,1.14683,1.14683,1.14683,1.14683
1782022260000,1.14683,1.14683,1.14683,1.14683
1782022320000,1.14683,1.14683,1.14683,1.14683
1782022380000,1.14683,1.14683,1.14683,1.14683
1782022440000,1.14683,1.14683,1.14683,1.14683
1782022500000,1.14683,1.14683,1.14683,1.14683
1782022560000,1.14683,1.14683,1.14683,1.14683
1782022620000,1.14683,1.14683,1.14683,1.14683
1782022680000,1.14683,1.14683,1.14683,1.14683
1782022740000,1.14683,1.14683,1.14683,1.14683
1782022800000,1.14683,1.14683,1.14683,1.14683
1782022860000,1.14683,1.14683,1.14683,1.14683
1782022920000,1.14683,1.14683,1.14683,1.14683
1782022980000,1.14683,1.14683,1.14683,1.14683
1782023040000,1.14683,1.14683,1.14683,1.14683
1782023100000,1.14683,1.14683,1.14683,1.14683
1782023160000,1.14683,1.14683,1.14683,1.14683
1782023220000,1.14683,1.14683,1.14683,1.14683
1782023280000,1.14683,1.14683,1.14683,1.14683
1782023340000,1.14683,1.14683,1.14683,1.14683
1782023400000,1.14683,1.14683,1.14683,1.14683
1782023460000,1.14683,1.14683,1.14683,1.14683
1782023520000,1.14683,1.14683,1.14683,1.14683
1782023580000,1.14683,1.14683,1.14683,1.14683
1782023640000,1.14683,1.14683,1.14683,1.14683
1782023700000,1.14683,1.14683,1.14683,1.14683
1782023760000,1.14683,1.14683,1.14683,1.14683
1782023820000,1.14683,1.14683,1.14683,1.14683
1782023880000,1.14683,1.14683,1.14683,1.14683
1782023940000,1.14683,1.14683,1.14683,1.14683
1782024000000,1.14683,1.14683,1.14683,1.14683
1782024060000,1.14683,1.14683,1.14683,1.14683
1782024120000,1.14683,1.14683,1.14683,1.14683
1782024180000,1.14683,1.14683,1.14683,1.14683
1782024240000,1.14683,1.14683,1.14683,1.14683
1782024300000,1.14683,1.14683,1.14683,1.14683
1782024360000,1.14683,1.14683,1.14683,1.14683
1782024420000,1.14683,1.14683,1.14683,1.14683
1782024480000,1.14683,1.14683,1.14683,1.14683
1782024540000,1.14683,1.14683,1.14683,1.14683
1782024600000,1.14683,1.14683,1.14683,1.14683
1782024660000,1.14683,1.14683,1.14683,1.14683
1782024720000,1.14683,1.14683,1.14683,1.14683
1782024780000,1.14683,1.14683,1.14683,1.14683
1782024840000,1.14683,1.14683,1.14683,1.14683
1782024900000,1.14683,1.14683,1.14683,1.14683
1782024960000,1.14683,1.14683,1.14683,1.14683
1782025020000,1.14683,1.14683,1.14683,1.14683
1782025080000,1.14683,1.14683,1.14683,1.14683
1782025140000,1.14683,1.14683,1.14683,1.14683
1782025200000,1.14683,1.14683,1.14683,1.14683
1782025260000,1.14683,1.14683,1.14683,1.14683
1782025320000,1.14683,1.14683,1.14683,1.14683
1782025380000,1.14683,1.14683,1.14683,1.14683
1782025440000,1.14683,1.14683,1.14683,1.14683
1782025500000,1.14683,1.14683,1.14683,1.14683
1782025560000,1.14683,1.14683,1.14683,1.14683
1782025620000,1.14683,1.14683,1.14683,1.14683
1782025680000,1.14683,1.14683,1.14683,1.14683
1782025740000,1.14683,1.14683,1.14683,1.14683
1782025800000,1.14683,1.14683,1.14683,1.14683
1782025860000,1.14683,1.14683,1.14683,1.14683
1782025920000,1.14683,1.14683,1.14683,1.14683
1782025980000,1.14683,1.14683,1.14683,1.14683
1782026040000,1.14683,1.14683,1.14683,1.14683
1782026100000,1.14683,1.14683,1.14683,1.14683
1782026160000,1.14683,1.14683,1.14683,1.14683
1782026220000,1.14683,1.14683,1.14683,1.14683
1782026280000,1.14683,1.14683,1.14683,1.14683
1782026340000,1.14683,1.14683,1.14683,1.14683
1782026400000,1.14683,1.14683,1.14683,1.14683
1782026460000,1.14683,1.14683,1.14683,1.14683
1782026520000,1.14683,1.14683,1.14683,1.14683
1782026580000,1.14683,1.14683,1.14683,1.14683
1782026640000,1.14683,1.14683,1.14683,1.14683
1782026700000,1.14683,1.14683,1.14683,1.14683
1782026760000,1.14683,1.14683,1.14683,1.14683
1782026820000,1.14683,1.14683,1.14683,1.14683
1782026880000,1.14683,1.14683,1.14683,1.14683
1782026940000,1.14683,1.14683,1.14683,1.14683
1782027000000,1.14683,1.14683,1.14683,1.14683
1782027060000,1.14683,1.14683,1.14683,1.14683
1782027120000,1.14683,1.14683,1.14683,1.14683
1782027180000,1.14683,1.14683,1.14683,1.14683
1782027240000,1.14683,1.14683,1.14683,1.14683
1782027300000,1.14683,1.14683,1.14683,1.14683
1782027360000,1.14683,1.14683,1.14683,1.14683
1782027420000,1.14683,1.14683,1.14683,1.14683
1782027480000,1.14683,1.14683,1.14683,1.14683
1782027540000,1.14683,1.14683,1.14683,1.14683
1782027600000,1.14683,1.14683,1.14683,1.14683
1782027660000,1.14683,1.14683,1.14683,1.14683
1782027720000,1.14683,1.14683,1.14683,1.14683
1782027780000,1.14683,1.14683,1.14683,1.14683
1782027840000,1.14683,1.14683,1.14683,1.14683
1782027900000,1.14683,1.14683,1.14683,1.14683
1782027960000,1.14683,1.14683,1.14683,1.14683
1782028020000,1.14683,1.14683,1.14683,1.14683
1782028080000,1.14683,1.14683,1.14683,1.14683
1782028140000,1.14683,1.14683,1.14683,1.14683
1782028200000,1.14683,1.14683,1.14683,1.14683
1782028260000,1.14683,1.14683,1.14683,1.14683
1782028320000,1.14683,1.14683,1.14683,1.14683
1782028380000,1.14683,1.14683,1.14683,1.14683
1782028440000,1.14683,1.14683,1.14683,1.14683
1782028500000,1.14683,1.14683,1.14683,1.14683
1782028560000,1.14683,1.14683,1.14683,1.14683
1782028620000,1.14683,1.14683,1.14683,1.14683
1782028680000,1.14683,1.14683,1.14683,1.14683
1782028740000,1.14683,1.14683,1.14683,1.14683
1782028800000,1.14683,1.14683,1.14683,1.14683
1782028860000,1.14683,1.14683,1.14683,1.14683
1782028920000,1.14683,1.14683,1.14683,1.14683
1782028980000,1.14683,1.14683,1.14683,1.14683
1782029040000,1.14683,1.14683,1.14683,1.14683
1782029100000,1.14683,1.14683,1.14683,1.14683
1782029160000,1.14683,1.14683,1.14683,1.14683
1782029220000,1.14683,1.14683,1.14683,1.14683
1782029280000,1.14683,1.14683,1.14683,1.14683
1782029340000,1.14683,1.14683,1.14683,1.14683
1782029400000,1.14683,1.14683,1.14683,1.14683
1782029460000,1.14683,1.14683,1.14683,1.14683
1782029520000,1.14683,1.14683,1.14683,1.14683
1782029580000,1.14683,1.14683,1.14683,1.14683
1782029640000,1.14683,1.14683,1.14683,1.14683
1782029700000,1.14683,1.14683,1.14683,1.14683
1782029760000,1.14683,1.14683,1.14683,1.14683
1782029820000,1.14683,1.14683,1.14683,1.14683
1782029880000,1.14683,1.14683,1.14683,1.14683
1782029940000,1.14683,1.14683,1.14683,1.14683
1782030000000,1.14683,1.14683,1.14683,1.14683
1782030060000,1.14683,1.14683,1.14683,1.14683
1782030120000,1.14683,1.14683,1.14683,1.14683
1782030180000,1.14683,1.14683,1.14683,1.14683
1782030240000,1.14683,1.14683,1.14683,1.14683
1782030300000,1.14683,1.14683,1.14683,1.14683
1782030360000,1.14683,1.14683,1.14683,1.14683
1782030420000,1.14683,1.14683,1.14683,1.14683
1782030480000,1.14683,1.14683,1.14683,1.14683
1782030540000,1.14683,1.14683,1.14683,1.14683
1782030600000,1.14683,1.14683,1.14683,1.14683
1782030660000,1.14683,1.14683,1.14683,1.14683
1782030720000,1.14683,1.14683,1.14683,1.14683
1782030780000,1.14683,1.14683,1.14683,1.14683
1782030840000,1.14683,1.14683,1.14683,1.14683
1782030900000,1.14683,1.14683,1.14683,1.14683
1782030960000,1.14683,1.14683,1.14683,1.14683
1782031020000,1.14683,1.14683,1.14683,1.14683
1782031080000,1.14683,1.14683,1.14683,1.14683
1782031140000,1.14683,1.14683,1.14683,1.14683
1782031200000,1.14683,1.14683,1.14683,1.14683
1782031260000,1.14683,1.14683,1.14683,1.14683
1782031320000,1.14683,1.14683,1.14683,1.14683
1782031380000,1.14683,1.14683,1.14683,1.14683
1782031440000,1.14683,1.14683,1.14683,1.14683
1782031500000,1.14683,1.14683,1.14683,1.14683
1782031560000,1.14683,1.14683,1.14683,1.14683
1782031620000,1.14683,1.14683,1.14683,1.14683
1782031680000,1.14683,1.14683,1.14683,1.14683
1782031740000,1.14683,1.14683,1.14683,1.14683
1782031800000,1.14683,1.14683,1.14683,1.14683
1782031860000,1.14683,1.14683,1.14683,1.14683
1782031920000,1.14683,1.14683,1.14683,1.14683
1782031980000,1.14683,1.14683,1.14683,1.14683
1782032040000,1.14683,1.14683,1.14683,1.14683
1782032100000,1.14683,1.14683,1.14683,1.14683
1782032160000,1.14683,1.14683,1.14683,1.14683
1782032220000,1.14683,1.14683,1.14683,1.14683
1782032280000,1.14683,1.14683,1.14683,1.14683
1782032340000,1.14683,1.14683,1.14683,1.14683
1782032400000,1.14683,1.14683,1.14683,1.14683
1782032460000,1.14683,1.14683,1.14683,1.14683
1782032520000,1.14683,1.14683,1.14683,1.14683
1782032580000,1.14683,1.14683,1.14683,1.14683
1782032640000,1.14683,1.14683,1.14683,1.14683
1782032700000,1.14683,1.14683,1.14683,1.14683
1782032760000,1.14683,1.14683,1.14683,1.14683
1782032820000,1.14683,1.14683,1.14683,1.14683
1782032880000,1.14683,1.14683,1.14683,1.14683
1782032940000,1.14683,1.14683,1.14683,1.14683
1782033000000,1.14683,1.14683,1.14683,1.14683
1782033060000,1.14683,1.14683,1.14683,1.14683
1782033120000,1.14683,1.14683,1.14683,1.14683
1782033180000,1.14683,1.14683,1.14683,1.14683
1782033240000,1.14683,1.14683,1.14683,1.14683
1782033300000,1.14683,1.14683,1.14683,1.14683
1782033360000,1.14683,1.14683,1.14683,1.14683
1782033420000,1.14683,1.14683,1.14683,1.14683
1782033480000,1.14683,1.14683,1.14683,1.14683
1782033540000,1.14683,1.14683,1.14683,1.14683
1782033600000,1.14683,1.14683,1.14683,1.14683
1782033660000,1.14683,1.14683,1.14683,1.14683
1782033720000,1.14683,1.14683,1.14683,1.14683
1782033780000,1.14683,1.14683,1.14683,1.14683
1782033840000,1.14683,1.14683,1.14683,1.14683
1782033900000,1.14683,1.14683,1.14683,1.14683
1782033960000,1.14683,1.14683,1.14683,1.14683
1782034020000,1.14683,1.14683,1.14683,1.14683
1782034080000,1.14683,1.14683,1.14683,1.14683
1782034140000,1.14683,1.14683,1.14683,1.14683
1782034200000,1.14683,1.14683,1.14683,1.14683
1782034260000,1.14683,1.14683,1.14683,1.14683
1782034320000,1.14683,1.14683,1.14683,1.14683
1782034380000,1.14683,1.14683,1.14683,1.14683
1782034440000,1.14683,1.14683,1.14683,1.14683
1782034500000,1.14683,1.14683,1.14683,1.14683
1782034560000,1.14683,1.14683,1.14683,1.14683
1782034620000,1.14683,1.14683,1.14683,1.14683
1782034680000,1.14683,1.14683,1.14683,1.14683
1782034740000,1.14683,1.14683,1.14683,1.14683
1782034800000,1.14683,1.14683,1.14683,1.14683
1782034860000,1.14683,1.14683,1.14683,1.14683
1782034920000,1.14683,1.14683,1.14683,1.14683
1782034980000,1.14683,1.14683,1.14683,1.14683
1782035040000,1.14683,1.14683,1.14683,1.14683
1782035100000,1.14683,1.14683,1.14683,1.14683
1782035160000,1.14683,1.14683,1.14683,1.14683
1782035220000,1.14683,1.14683,1.14683,1.14683
1782035280000,1.14683,1.14683,1.14683,1.14683
1782035340000,1.14683,1.14683,1.14683,1.14683
1782035400000,1.14683,1.14683,1.14683,1.14683
1782035460000,1.14683,1.14683,1.14683,1.14683
1782035520000,1.14683,1.14683,1.14683,1.14683
1782035580000,1.14683,1.14683,1.14683,1.14683
1782035640000,1.14683,1.14683,1.14683,1.14683
1782035700000,1.14683,1.14683,1.14683,1.14683
1782035760000,1.14683,1.14683,1.14683,1.14683
1782035820000,1.14683,1.14683,1.14683,1.14683
1782035880000,1.14683,1.14683,1.14683,1.14683
1782035940000,1.14683,1.14683,1.14683,1.14683
1782036000000,1.14683,1.14683,1.14683,1.14683
1782036060000,1.14683,1.14683,1.14683,1.14683
1782036120000,1.14683,1.14683,1.14683,1.14683
1782036180000,1.14683,1.14683,1.14683,1.14683
1782036240000,1.14683,1.14683,1.14683,1.14683
1782036300000,1.14683,1.14683,1.14683,1.14683
1782036360000,1.14683,1.14683,1.14683,1.14683
1782036420000,1.14683,1.14683,1.14683,1.14683
1782036480000,1.14683,1.14683,1.14683,1.14683
1782036540000,1.14683,1.14683,1.14683,1.14683
1782036600000,1.14683,1.14683,1.14683,1.14683
1782036660000,1.14683,1.14683,1.14683,1.14683
1782036720000,1.14683,1.14683,1.14683,1.14683
1782036780000,1.14683,1.14683,1.14683,1.14683
1782036840000,1.14683,1.14683,1.14683,1.14683
1782036900000,1.14683,1.14683,1.14683,1.14683
1782036960000,1.14683,1.14683,1.14683,1.14683
1782037020000,1.14683,1.14683,1.14683,1.14683
1782037080000,1.14683,1.14683,1.14683,1.14683
1782037140000,1.14683,1.14683,1.14683,1.14683
1782037200000,1.14683,1.14683,1.14683,1.14683
1782037260000,1.14683,1.14683,1.14683,1.14683
1782037320000,1.14683,1.14683,1.14683,1.14683
1782037380000,1.14683,1.14683,1.14683,1.14683
1782037440000,1.14683,1.14683,1.14683,1.14683
1782037500000,1.14683,1.14683,1.14683,1.14683
1782037560000,1.14683,1.14683,1.14683,1.14683
1782037620000,1.14683,1.14683,1.14683,1.14683
1782037680000,1.14683,1.14683,1.14683,1.14683
1782037740000,1.14683,1.14683,1.14683,1.14683
1782037800000,1.14683,1.14683,1.14683,1.14683
1782037860000,1.14683,1.14683,1.14683,1.14683
1782037920000,1.14683,1.14683,1.14683,1.14683
1782037980000,1.14683,1.14683,1.14683,1.14683
1782038040000,1.14683,1.14683,1.14683,1.14683
1782038100000,1.14683,1.14683,1.14683,1.14683
1782038160000,1.14683,1.14683,1.14683,1.14683
1782038220000,1.14683,1.14683,1.14683,1.14683
1782038280000,1.14683,1.14683,1.14683,1.14683
1782038340000,1.14683,1.14683,1.14683,1.14683
1782038400000,1.14683,1.14683,1.14683,1.14683
1782038460000,1.14683,1.14683,1.14683,1.14683
1782038520000,1.14683,1.14683,1.14683,1.14683
1782038580000,1.14683,1.14683,1.14683,1.14683
1782038640000,1.14683,1.14683,1.14683,1.14683
1782038700000,1.14683,1.14683,1.14683,1.14683
1782038760000,1.14683,1.14683,1.14683,1.14683
1782038820000,1.14683,1.14683,1.14683,1.14683
1782038880000,1.14683,1.14683,1.14683,1.14683
1782038940000,1.14683,1.14683,1.14683,1.14683
1782039000000,1.14683,1.14683,1.14683,1.14683
1782039060000,1.14683,1.14683,1.14683,1.14683
1782039120000,1.14683,1.14683,1.14683,1.14683
1782039180000,1.14683,1.14683,1.14683,1.14683
1782039240000,1.14683,1.14683,1.14683,1.14683
1782039300000,1.14683,1.14683,1.14683,1.14683
1782039360000,1.14683,1.14683,1.14683,1.14683
1782039420000,1.14683,1.14683,1.14683,1.14683
1782039480000,1.14683,1.14683,1.14683,1.14683
1782039540000,1.14683,1.14683,1.14683,1.14683
1782039600000,1.14683,1.14683,1.14683,1.14683
1782039660000,1.14683,1.14683,1.14683,1.14683
1782039720000,1.14683,1.14683,1.14683,1.14683
1782039780000,1.14683,1.14683,1.14683,1.14683
1782039840000,1.14683,1.14683,1.14683,1.14683
1782039900000,1.14683,1.14683,1.14683,1.14683
1782039960000,1.14683,1.14683,1.14683,1.14683
1782040020000,1.14683,1.14683,1.14683,1.14683
1782040080000,1.14683,1.14683,1.14683,1.14683
1782040140000,1.14683,1.14683,1.14683,1.14683
1782040200000,1.14683,1.14683,1.14683,1.14683
1782040260000,1.14683,1.14683,1.14683,1.14683
1782040320000,1.14683,1.14683,1.14683,1.14683
1782040380000,1.14683,1.14683,1.14683,1.14683
1782040440000,1.14683,1.14683,1.14683,1.14683
1782040500000,1.14683,1.14683,1.14683,1.14683
1782040560000,1.14683,1.14683,1.14683,1.14683
1782040620000,1.14683,1.14683,1.14683,1.14683
1782040680000,1.14683,1.14683,1.14683,1.14683
1782040740000,1.14683,1.14683,1.14683,1.14683
1782040800000,1.14683,1.14683,1.14683,1.14683
1782040860000,1.14683,1.14683,1.14683,1.14683
1782040920000,1.14683,1.14683,1.14683,1.14683
1782040980000,1.14683,1.14683,1.14683,1.14683
1782041040000,1.14683,1.14683,1.14683,1.14683
1782041100000,1.14683,1.14683,1.14683,1.14683
1782041160000,1.14683,1.14683,1.14683,1.14683
1782041220000,1.14683,1.14683,1.14683,1.14683
1782041280000,1.14683,1.14683,1.14683,1.14683
1782041340000,1.14683,1.14683,1.14683,1.14683
1782041400000,1.14683,1.14683,1.14683,1.14683
1782041460000,1.14683,1.14683,1.14683,1.14683
1782041520000,1.14683,1.14683,1.14683,1.14683
1782041580000,1.14683,1.14683,1.14683,1.14683
1782041640000,1.14683,1.14683,1.14683,1.14683
1782041700000,1.14683,1.14683,1.14683,1.14683
1782041760000,1.14683,1.14683,1.14683,1.14683
1782041820000,1.14683,1.14683,1.14683,1.14683
1782041880000,1.14683,1.14683,1.14683,1.14683
1782041940000,1.14683,1.14683,1.14683,1.14683
1782042000000,1.14683,1.14683,1.14683,1.14683
1782042060000,1.14683,1.14683,1.14683,1.14683
1782042120000,1.14683,1.14683,1.14683,1.14683
1782042180000,1.14683,1.14683,1.14683,1.14683
1782042240000,1.14683,1.14683,1.14683,1.14683
1782042300000,1.14683,1.14683,1.14683,1.14683
1782042360000,1.14683,1.14683,1.14683,1.14683
1782042420000,1.14683,1.14683,1.14683,1.14683
1782042480000,1.14683,1.14683,1.14683,1.14683
1782042540000,1.14683,1.14683,1.14683,1.14683
1782042600000,1.14683,1.14683,1.14683,1.14683
1782042660000,1.14683,1.14683,1.14683,1.14683
1782042720000,1.14683,1.14683,1.14683,1.14683
1782042780000,1.14683,1.14683,1.14683,1.14683
1782042840000,1.14683,1.14683,1.14683,1.14683
1782042900000,1.14683,1.14683,1.14683,1.14683
1782042960000,1.14683,1.14683,1.14683,1.14683
1782043020000,1.14683,1.14683,1.14683,1.14683
1782043080000,1.14683,1.14683,1.14683,1.14683
1782043140000,1.14683,1.14683,1.14683,1.14683
1782043200000,1.14683,1.14683,1.14683,1.14683
1782043260000,1.14683,1.14683,1.14683,1.14683
1782043320000,1.14683,1.14683,1.14683,1.14683
1782043380000,1.14683,1.14683,1.14683,1.14683
1782043440000,1.14683,1.14683,1.14683,1.14683
1782043500000,1.14683,1.14683,1.14683,1.14683
1782043560000,1.14683,1.14683,1.14683,1.14683
1782043620000,1.14683,1.14683,1.14683,1.14683
1782043680000,1.14683,1.14683,1.14683,1.14683
1782043740000,1.14683,1.14683,1.14683,1.14683
1782043800000,1.14683,1.14683,1.14683,1.14683
1782043860000,1.14683,1.14683,1.14683,1.14683
1782043920000,1.14683,1.14683,1.14683,1.14683
1782043980000,1.14683,1.14683,1.14683,1.14683
1782044040000,1.14683,1.14683,1.14683,1.14683
1782044100000,1.14683,1.14683,1.14683,1.14683
1782044160000,1.14683,1.14683,1.14683,1.14683
1782044220000,1.14683,1.14683,1.14683,1.14683
1782044280000,1.14683,1.14683,1.14683,1.14683
1782044340000,1.14683,1.14683,1.14683,1.14683
1782044400000,1.14683,1.14683,1.14683,1.14683
1782044460000,1.14683,1.14683,1.14683,1.14683
1782044520000,1.14683,1.14683,1.14683,1.14683
1782044580000,1.14683,1.14683,1.14683,1.14683
1782044640000,1.14683,1.14683,1.14683,1.14683
1782044700000,1.14683,1.14683,1.14683,1.14683
1782044760000,1.14683,1.14683,1.14683,1.14683
1782044820000,1.14683,1.14683,1.14683,1.14683
1782044880000,1.14683,1.14683,1.14683,1.14683
1782044940000,1.14683,1.14683,1.14683,1.14683
1782045000000,1.14683,1.14683,1.14683,1.14683
1782045060000,1.14683,1.14683,1.14683,1.14683
1782045120000,1.14683,1.14683,1.14683,1.14683
1782045180000,1.14683,1.14683,1.14683,1.14683
1782045240000,1.14683,1.14683,1.14683,1.14683
1782045300000,1.14683,1.14683,1.14683,1.14683
1782045360000,1.14683,1.14683,1.14683,1.14683
1782045420000,1.14683,1.14683,1.14683,1.14683
1782045480000,1.14683,1.14683,1.14683,1.14683
1782045540000,1.14683,1.14683,1.14683,1.14683
1782045600000,1.14683,1.14683,1.14683,1.14683
1782045660000,1.14683,1.14683,1.14683,1.14683
1782045720000,1.14683,1.14683,1.14683,1.14683
1782045780000,1.14683,1.14683,1.14683,1.14683
1782045840000,1.14683,1.14683,1.14683,1.14683
1782045900000,1.14683,1.14683,1.14683,1.14683
1782045960000,1.14683,1.14683,1.14683,1.14683
1782046020000,1.14683,1.14683,1.14683,1.14683
1782046080000,1.14683,1.14683,1.14683,1.14683
1782046140000,1.14683,1.14683,1.14683,1.14683
1782046200000,1.14683,1.14683,1.14683,1.14683
1782046260000,1.14683,1.14683,1.14683,1.14683
1782046320000,1.14683,1.14683,1.14683,1.14683
1782046380000,1.14683,1.14683,1.14683,1.14683
1782046440000,1.14683,1.14683,1.14683,1.14683
1782046500000,1.14683,1.14683,1.14683,1.14683
1782046560000,1.14683,1.14683,1.14683,1.14683
1782046620000,1.14683,1.14683,1.14683,1.14683
1782046680000,1.14683,1.14683,1.14683,1.14683
1782046740000,1.14683,1.14683,1.14683,1.14683
1782046800000,1.14683,1.14683,1.14683,1.14683
1782046860000,1.14683,1.14683,1.14683,1.14683
1782046920000,1.14683,1.14683,1.14683,1.14683
1782046980000,1.14683,1.14683,1.14683,1.14683
1782047040000,1.14683,1.14683,1.14683,1.14683
1782047100000,1.14683,1.14683,1.14683,1.14683
1782047160000,1.14683,1.14683,1.14683,1.14683
1782047220000,1.14683,1.14683,1.14683,1.14683
1782047280000,1.14683,1.14683,1.14683,1.14683
1782047340000,1.14683,1.14683,1.14683,1.14683
1782047400000,1.14683,1.14683,1.14683,1.14683
1782047460000,1.14683,1.14683,1.14683,1.14683
1782047520000,1.14683,1.14683,1.14683,1.14683
1782047580000,1.14683,1.14683,1.14683,1.14683
1782047640000,1.14683,1.14683,1.14683,1.14683
1782047700000,1.14683,1.14683,1.14683,1.14683
1782047760000,1.14683,1.14683,1.14683,1.14683
1782047820000,1.14683,1.14683,1.14683,1.14683
1782047880000,1.14683,1.14683,1.14683,1.14683
1782047940000,1.14683,1.14683,1.14683,1.14683
1782048000000,1.14683,1.14683,1.14683,1.14683
1782048060000,1.14683,1.14683,1.14683,1.14683
1782048120000,1.14683,1.14683,1.14683,1.14683
1782048180000,1.14683,1.14683,1.14683,1.14683
1782048240000,1.14683,1.14683,1.14683,1.14683
1782048300000,1.14683,1.14683,1.14683,1.14683
1782048360000,1.14683,1.14683,1.14683,1.14683
1782048420000,1.14683,1.14683,1.14683,1.14683
1782048480000,1.14683,1.14683,1.14683,1.14683
1782048540000,1.14683,1.14683,1.14683,1.14683
1782048600000,1.14683,1.14683,1.14683,1.14683
1782048660000,1.14683,1.14683,1.14683,1.14683
1782048720000,1.14683,1.14683,1.14683,1.14683
1782048780000,1.14683,1.14683,1.14683,1.14683
1782048840000,1.14683,1.14683,1.14683,1.14683
1782048900000,1.14683,1.14683,1.14683,1.14683
1782048960000,1.14683,1.14683,1.14683,1.14683
1782049020000,1.14683,1.14683,1.14683,1.14683
1782049080000,1.14683,1.14683,1.14683,1.14683
1782049140000,1.14683,1.14683,1.14683,1.14683
1782049200000,1.14683,1.14683,1.14683,1.14683
1782049260000,1.14683,1.14683,1.14683,1.14683
1782049320000,1.14683,1.14683,1.14683,1.14683
1782049380000,1.14683,1.14683,1.14683,1.14683
1782049440000,1.14683,1.14683,1.14683,1.14683
1782049500000,1.14683,1.14683,1.14683,1.14683
1782049560000,1.14683,1.14683,1.14683,1.14683
1782049620000,1.14683,1.14683,1.14683,1.14683
1782049680000,1.14683,1.14683,1.14683,1.14683
1782049740000,1.14683,1.14683,1.14683,1.14683
1782049800000,1.14683,1.14683,1.14683,1.14683
1782049860000,1.14683,1.14683,1.14683,1.14683
1782049920000,1.14683,1.14683,1.14683,1.14683
1782049980000,1.14683,1.14683,1.14683,1.14683
1782050040000,1.14683,1.14683,1.14683,1.14683
1782050100000,1.14683,1.14683,1.14683,1.14683
1782050160000,1.14683,1.14683,1.14683,1.14683
1782050220000,1.14683,1.14683,1.14683,1.14683
1782050280000,1.14683,1.14683,1.14683,1.14683
1782050340000,1.14683,1.14683,1.14683,1.14683
1782050400000,1.14683,1.14683,1.14683,1.14683
1782050460000,1.14683,1.14683,1.14683,1.14683
1782050520000,1.14683,1.14683,1.14683,1.14683
1782050580000,1.14683,1.14683,1.14683,1.14683
1782050640000,1.14683,1.14683,1.14683,1.14683
1782050700000,1.14683,1.14683,1.14683,1.14683
1782050760000,1.14683,1.14683,1.14683,1.14683
1782050820000,1.14683,1.14683,1.14683,1.14683
1782050880000,1.14683,1.14683,1.14683,1.14683
1782050940000,1.14683,1.14683,1.14683,1.14683
1782051000000,1.14683,1.14683,1.14683,1.14683
1782051060000,1.14683,1.14683,1.14683,1.14683
1782051120000,1.14683,1.14683,1.14683,1.14683
1782051180000,1.14683,1.14683,1.14683,1.14683
1782051240000,1.14683,1.14683,1.14683,1.14683
1782051300000,1.14683,1.14683,1.14683,1.14683
1782051360000,1.14683,1.14683,1.14683,1.14683
1782051420000,1.14683,1.14683,1.14683,1.14683
1782051480000,1.14683,1.14683,1.14683,1.14683
1782051540000,1.14683,1.14683,1.14683,1.14683
1782051600000,1.14683,1.14683,1.14683,1.14683
1782051660000,1.14683,1.14683,1.14683,1.14683
1782051720000,1.14683,1.14683,1.14683,1.14683
1782051780000,1.14683,1.14683,1.14683,1.14683
1782051840000,1.14683,1.14683,1.14683,1.14683
1782051900000,1.14683,1.14683,1.14683,1.14683
1782051960000,1.14683,1.14683,1.14683,1.14683
1782052020000,1.14683,1.14683,1.14683,1.14683
1782052080000,1.14683,1.14683,1.14683,1.14683
1782052140000,1.14683,1.14683,1.14683,1.14683
1782052200000,1.14683,1.14683,1.14683,1.14683
1782052260000,1.14683,1.14683,1.14683,1.14683
1782052320000,1.14683,1.14683,1.14683,1.14683
1782052380000,1.14683,1.14683,1.14683,1.14683
1782052440000,1.14683,1.14683,1.14683,1.14683
1782052500000,1.14683,1.14683,1.14683,1.14683
1782052560000,1.14683,1.14683,1.14683,1.14683
1782052620000,1.14683,1.14683,1.14683,1.14683
1782052680000,1.14683,1.14683,1.14683,1.14683
1782052740000,1.14683,1.14683,1.14683,1.14683
1782052800000,1.14683,1.14683,1.14683,1.14683
1782052860000,1.14683,1.14683,1.14683,1.14683
1782052920000,1.14683,1.14683,1.14683,1.14683
1782052980000,1.14683,1.14683,1.14683,1.14683
1782053040000,1.14683,1.14683,1.14683,1.14683
1782053100000,1.14683,1.14683,1.14683,1.14683
1782053160000,1.14683,1.14683,1.14683,1.14683
1782053220000,1.14683,1.14683,1.14683,1.14683
1782053280000,1.14683,1.14683,1.14683,1.14683
1782053340000,1.14683,1.14683,1.14683,1.14683
1782053400000,1.14683,1.14683,1.14683,1.14683
1782053460000,1.14683,1.14683,1.14683,1.14683
1782053520000,1.14683,1.14683,1.14683,1.14683
1782053580000,1.14683,1.14683,1.14683,1.14683
1782053640000,1.14683,1.14683,1.14683,1.14683
1782053700000,1.14683,1.14683,1.14683,1.14683
1782053760000,1.14683,1.14683,1.14683,1.14683
1782053820000,1.14683,1.14683,1.14683,1.14683
1782053880000,1.14683,1.14683,1.14683,1.14683
1782053940000,1.14683,1.14683,1.14683,1.14683
1782054000000,1.14683,1.14683,1.14683,1.14683
1782054060000,1.14683,1.14683,1.14683,1.14683
1782054120000,1.14683,1.14683,1.14683,1.14683
1782054180000,1.14683,1.14683,1.14683,1.14683
1782054240000,1.14683,1.14683,1.14683,1.14683
1782054300000,1.14683,1.14683,1.14683,1.14683
1782054360000,1.14683,1.14683,1.14683,1.14683
1782054420000,1.14683,1.14683,1.14683,1.14683
1782054480000,1.14683,1.14683,1.14683,1.14683
1782054540000,1.14683,1.14683,1.14683,1.14683
1782054600000,1.14683,1.14683,1.14683,1.14683
1782054660000,1.14683,1.14683,1.14683,1.14683
1782054720000,1.14683,1.14683,1.14683,1.14683
1782054780000,1.14683,1.14683,1.14683,1.14683
1782054840000,1.14683,1.14683,1.14683,1.14683
1782054900000,1.14683,1.14683,1.14683,1.14683
1782054960000,1.14683,1.14683,1.14683,1.14683
1782055020000,1.14683,1.14683,1.14683,1.14683
1782055080000,1.14683,1.14683,1.14683,1.14683
1782055140000,1.14683,1.14683,1.14683,1.14683
1782055200000,1.14683,1.14683,1.14683,1.14683
1782055260000,1.14683,1.14683,1.14683,1.14683
1782055320000,1.14683,1.14683,1.14683,1.14683
1782055380000,1.14683,1.14683,1.14683,1.14683
1782055440000,1.14683,1.14683,1.14683,1.14683
1782055500000,1.14683,1.14683,1.14683,1.14683
1782055560000,1.14683,1.14683,1.14683,1.14683
1782055620000,1.14683,1.14683,1.14683,1.14683
1782055680000,1.14683,1.14683,1.14683,1.14683
1782055740000,1.14683,1.14683,1.14683,1.14683
1782055800000,1.14683,1.14683,1.14683,1.14683
1782055860000,1.14683,1.14683,1.14683,1.14683
1782055920000,1.14683,1.14683,1.14683,1.14683
1782055980000,1.14683,1.14683,1.14683,1.14683
1782056040000,1.14683,1.14683,1.14683,1.14683
1782056100000,1.14683,1.14683,1.14683,1.14683
1782056160000,1.14683,1.14683,1.14683,1.14683
1782056220000,1.14683,1.14683,1.14683,1.14683
1782056280000,1.14683,1.14683,1.14683,1.14683
1782056340000,1.14683,1.14683,1.14683,1.14683
1782056400000,1.14683,1.14683,1.14683,1.14683
1782056460000,1.14683,1.14683,1.14683,1.14683
1782056520000,1.14683,1.14683,1.14683,1.14683
1782056580000,1.14683,1.14683,1.14683,1.14683
1782056640000,1.14683,1.14683,1.14683,1.14683
1782056700000,1.14683,1.14683,1.14683,1.14683
1782056760000,1.14683,1.14683,1.14683,1.14683
1782056820000,1.14683,1.14683,1.14683,1.14683
1782056880000,1.14683,1.14683,1.14683,1.14683
1782056940000,1.14683,1.14683,1.14683,1.14683
1782057000000,1.14683,1.14683,1.14683,1.14683
1782057060000,1.14683,1.14683,1.14683,1.14683
1782057120000,1.14683,1.14683,1.14683,1.14683
1782057180000,1.14683,1.14683,1.14683,1.14683
1782057240000,1.14683,1.14683,1.14683,1.14683
1782057300000,1.14683,1.14683,1.14683,1.14683
1782057360000,1.14683,1.14683,1.14683,1.14683
1782057420000,1.14683,1.14683,1.14683,1.14683
1782057480000,1.14683,1.14683,1.14683,1.14683
1782057540000,1.14683,1.14683,1.14683,1.14683
1782057600000,1.14683,1.14683,1.14683,1.14683
1782057660000,1.14683,1.14683,1.14683,1.14683
1782057720000,1.14683,1.14683,1.14683,1.14683
1782057780000,1.14683,1.14683,1.14683,1.14683
1782057840000,1.14683,1.14683,1.14683,1.14683
1782057900000,1.14683,1.14683,1.14683,1.14683
1782057960000,1.14683,1.14683,1.14683,1.14683
1782058020000,1.14683,1.14683,1.14683,1.14683
1782058080000,1.14683,1.14683,1.14683,1.14683
1782058140000,1.14683,1.14683,1.14683,1.14683
1782058200000,1.14683,1.14683,1.14683,1.14683
1782058260000,1.14683,1.14683,1.14683,1.14683
1782058320000,1.14683,1.14683,1.14683,1.14683
1782058380000,1.14683,1.14683,1.14683,1.14683
1782058440000,1.14683,1.14683,1.14683,1.14683
1782058500000,1.14683,1.14683,1.14683,1.14683
1782058560000,1.14683,1.14683,1.14683,1.14683
1782058620000,1.14683,1.14683,1.14683,1.14683
1782058680000,1.14683,1.14683,1.14683,1.14683
1782058740000,1.14683,1.14683,1.14683,1.14683
1782058800000,1.14683,1.14683,1.14683,1.14683
1782058860000,1.14683,1.14683,1.14683,1.14683
1782058920000,1.14683,1.14683,1.14683,1.14683
1782058980000,1.14683,1.14683,1.14683,1.14683
1782059040000,1.14683,1.14683,1.14683,1.14683
1782059100000,1.14683,1.14683,1.14683,1.14683
1782059160000,1.14683,1.14683,1.14683,1.14683
1782059220000,1.14683,1.14683,1.14683,1.14683
1782059280000,1.14683,1.14683,1.14683,1.14683
1782059340000,1.14683,1.14683,1.14683,1.14683
1782059400000,1.14683,1.14683,1.14683,1.14683
1782059460000,1.14683,1.14683,1.14683,1.14683
1782059520000,1.14683,1.14683,1.14683,1.14683
1782059580000,1.14683,1.14683,1.14683,1.14683
1782059640000,1.14683,1.14683,1.14683,1.14683
1782059700000,1.14683,1.14683,1.14683,1.14683
1782059760000,1.14683,1.14683,1.14683,1.14683
1782059820000,1.14683,1.14683,1.14683,1.14683
1782059880000,1.14683,1.14683,1.14683,1.14683
1782059940000,1.14683,1.14683,1.14683,1.14683
1782060000000,1.14683,1.14683,1.14683,1.14683
1782060060000,1.14683,1.14683,1.14683,1.14683
1782060120000,1.14683,1.14683,1.14683,1.14683
1782060180000,1.14683,1.14683,1.14683,1.14683
1782060240000,1.14683,1.14683,1.14683,1.14683
1782060300000,1.14683,1.14683,1.14683,1.14683
1782060360000,1.14683,1.14683,1.14683,1.14683
1782060420000,1.14683,1.14683,1.14683,1.14683
1782060480000,1.14683,1.14683,1.14683,1.14683
1782060540000,1.14683,1.14683,1.14683,1.14683
1782060600000,1.14683,1.14683,1.14683,1.14683
1782060660000,1.14683,1.14683,1.14683,1.14683
1782060720000,1.14683,1.14683,1.14683,1.14683
1782060780000,1.14683,1.14683,1.14683,1.14683
1782060840000,1.14683,1.14683,1.14683,1.14683
1782060900000,1.14683,1.14683,1.14683,1.14683
1782060960000,1.14683,1.14683,1.14683,1.14683
1782061020000,1.14683,1.14683,1.14683,1.14683
1782061080000,1.14683,1.14683,1.14683,1.14683
1782061140000,1.14683,1.14683,1.14683,1.14683
1782061200000,1.14683,1.14683,1.14683,1.14683
1782061260000,1.14683,1.14683,1.14683,1.14683
1782061320000,1.14683,1.14683,1.14683,1.14683
1782061380000,1.14683,1.14683,1.14683,1.14683
1782061440000,1.14683,1.14683,1.14683,1.14683
1782061500000,1.14683,1.14683,1.14683,1.14683
1782061560000,1.14683,1.14683,1.14683,1.14683
1782061620000,1.14683,1.14683,1.14683,1.14683
1782061680000,1.14683,1.14683,1.14683,1.14683
1782061740000,1.14683,1.14683,1.14683,1.14683
1782061800000,1.14683,1.14683,1.14683,1.14683
1782061860000,1.14683,1.14683,1.14683,1.14683
1782061920000,1.14683,1.14683,1.14683,1.14683
1782061980000,1.14683,1.14683,1.14683,1.14683
1782062040000,1.14683,1.14683,1.14683,1.14683
1782062100000,1.14683,1.14683,1.14683,1.14683
1782062160000,1.14683,1.14683,1.14683,1.14683
1782062220000,1.14683,1.14683,1.14683,1.14683
1782062280000,1.14683,1.14683,1.14683,1.14683
1782062340000,1.14683,1.14683,1.14683,1.14683
1782062400000,1.14683,1.14683,1.14683,1.14683
1782062460000,1.14683,1.14683,1.14683,1.14683
1782062520000,1.14683,1.14683,1.14683,1.14683
1782062580000,1.14683,1.14683,1.14683,1.14683
1782062640000,1.14683,1.14683,1.14683,1.14683
1782062700000,1.14683,1.14683,1.14683,1.14683
1782062760000,1.14683,1.14683,1.14683,1.14683
1782062820000,1.14683,1.14683,1.14683,1.14683
1782062880000,1.14683,1.14683,1.14683,1.14683
1782062940000,1.14683,1.14683,1.14683,1.14683
1782063000000,1.14683,1.14683,1.14683,1.14683
1782063060000,1.14683,1.14683,1.14683,1.14683
1782063120000,1.14683,1.14683,1.14683,1.14683
1782063180000,1.14683,1.14683,1.14683,1.14683
1782063240000,1.14683,1.14683,1.14683,1.14683
1782063300000,1.14683,1.14683,1.14683,1.14683
1782063360000,1.14683,1.14683,1.14683,1.14683
1782063420000,1.14683,1.14683,1.14683,1.14683
1782063480000,1.14683,1.14683,1.14683,1.14683
1782063540000,1.14683,1.14683,1.14683,1.14683
1782063600000,1.14683,1.14683,1.14683,1.14683
1782063660000,1.14683,1.14683,1.14683,1.14683
1782063720000,1.14683,1.14683,1.14683,1.14683
1782063780000,1.14683,1.14683,1.14683,1.14683
1782063840000,1.14683,1.14683,1.14683,1.14683
1782063900000,1.14683,1.14683,1.14683,1.14683
1782063960000,1.14683,1.14683,1.14683,1.14683
1782064020000,1.14683,1.14683,1.14683,1.14683
1782064080000,1.14683,1.14683,1.14683,1.14683
1782064140000,1.14683,1.14683,1.14683,1.14683
1782064200000,1.14683,1.14683,1.14683,1.14683
1782064260000,1.14683,1.14683,1.14683,1.14683
1782064320000,1.14683,1.14683,1.14683,1.14683
1782064380000,1.14683,1.14683,1.14683,1.14683
1782064440000,1.14683,1.14683,1.14683,1.14683
1782064500000,1.14683,1.14683,1.14683,1.14683
1782064560000,1.14683,1.14683,1.14683,1.14683
1782064620000,1.14683,1.14683,1.14683,1.14683
1782064680000,1.14683,1.14683,1.14683,1.14683
1782064740000,1.14683,1.14683,1.14683,1.14683
1782064800000,1.14683,1.14683,1.14683,1.14683
1782064860000,1.14683,1.14683,1.14683,1.14683
1782064920000,1.14683,1.14683,1.14683,1.14683
1782064980000,1.14683,1.14683,1.14683,1.14683
1782065040000,1.14683,1.14683,1.14683,1.14683
1782065100000,1.14683,1.14683,1.14683,1.14683
1782065160000,1.14683,1.14683,1.14683,1.14683
1782065220000,1.14683,1.14683,1.14683,1.14683
1782065280000,1.14683,1.14683,1.14683,1.14683
1782065340000,1.14683,1.14683,1.14683,1.14683
1782065400000,1.14683,1.14683,1.14683,1.14683
1782065460000,1.14683,1.14683,1.14683,1.14683
1782065520000,1.14683,1.14683,1.14683,1.14683
1782065580000,1.14683,1.14683,1.14683,1.14683
1782065640000,1.14683,1.14683,1.14683,1.14683
1782065700000,1.14683,1.14683,1.14683,1.14683
1782065760000,1.14683,1.14683,1.14683,1.14683
1782065820000,1.14683,1.14683,1.14683,1.14683
1782065880000,1.14683,1.14683,1.14683,1.14683
1782065940000,1.14683,1.14683,1.14683,1.14683
1782066000000,1.14683,1.14683,1.14683,1.14683
1782066060000,1.14683,1.14683,1.14683,1.14683
1782066120000,1.14683,1.14683,1.14683,1.14683
1782066180000,1.14683,1.14683,1.14683,1.14683
1782066240000,1.14683,1.14683,1.14683,1.14683
1782066300000,1.14683,1.14683,1.14683,1.14683
1782066360000,1.14683,1.14683,1.14683,1.14683
1782066420000,1.14683,1.14683,1.14683,1.14683
1782066480000,1.14683,1.14683,1.14683,1.14683
1782066540000,1.14683,1.14683,1.14683,1.14683
1782066600000,1.14683,1.14683,1.14683,1.14683
1782066660000,1.14683,1.14683,1.14683,1.14683
1782066720000,1.14683,1.14683,1.14683,1.14683
1782066780000,1.14683,1.14683,1.14683,1.14683
1782066840000,1.14683,1.14683,1.14683,1.14683
1782066900000,1.14683,1.14683,1.14683,1.14683
1782066960000,1.14683,1.14683,1.14683,1.14683
1782067020000,1.14683,1.14683,1.14683,1.14683
1782067080000,1.14683,1.14683,1.14683,1.14683
1782067140000,1.14683,1.14683,1.14683,1.14683
1782067200000,1.14683,1.14683,1.14683,1.14683
1782067260000,1.14683,1.14683,1.14683,1.14683
1782067320000,1.14683,1.14683,1.14683,1.14683
1782067380000,1.14683,1.14683,1.14683,1.14683
1782067440000,1.14683,1.14683,1.14683,1.14683
1782067500000,1.14683,1.14683,1.14683,1.14683
1782067560000,1.14683,1.14683,1.14683,1.14683
1782067620000,1.14683,1.14683,1.14683,1.14683
1782067680000,1.14683,1.14683,1.14683,1.14683
1782067740000,1.14683,1.14683,1.14683,1.14683
1782067800000,1.14683,1.14683,1.14683,1.14683
1782067860000,1.14683,1.14683,1.14683,1.14683
1782067920000,1.14683,1.14683,1.14683,1.14683
1782067980000,1.14683,1.14683,1.14683,1.14683
1782068040000,1.14683,1.14683,1.14683,1.14683
1782068100000,1.14683,1.14683,1.14683,1.14683
1782068160000,1.14683,1.14683,1.14683,1.14683
1782068220000,1.14683,1.14683,1.14683,1.14683
1782068280000,1.14683,1.14683,1.14683,1.14683
1782068340000,1.14683,1.14683,1.14683,1.14683
1782068400000,1.14683,1.14683,1.14683,1.14683
1782068460000,1.14683,1.14683,1.14683,1.14683
1782068520000,1.14683,1.14683,1.14683,1.14683
1782068580000,1.14683,1.14683,1.14683,1.14683
1782068640000,1.14683,1.14683,1.14683,1.14683
1782068700000,1.14683,1.14683,1.14683,1.14683
1782068760000,1.14683,1.14683,1.14683,1.14683
1782068820000,1.14683,1.14683,1.14683,1.14683
1782068880000,1.14683,1.14683,1.14683,1.14683
1782068940000,1.14683,1.14683,1.14683,1.14683
1782069000000,1.14683,1.14683,1.14683,1.14683
1782069060000,1.14683,1.14683,1.14683,1.14683
1782069120000,1.14683,1.14683,1.14683,1.14683
1782069180000,1.14683,1.14683,1.14683,1.14683
1782069240000,1.14683,1.14683,1.14683,1.14683
1782069300000,1.14683,1.14683,1.14683,1.14683
1782069360000,1.14683,1.14683,1.14683,1.14683
1782069420000,1.14683,1.14683,1.14683,1.14683
1782069480000,1.14683,1.14683,1.14683,1.14683
1782069540000,1.14683,1.14683,1.14683,1.14683
1782069600000,1.14683,1.14683,1.14683,1.14683
1782069660000,1.14683,1.14683,1.14683,1.14683
1782069720000,1.14683,1.14683,1.14683,1.14683
1782069780000,1.14683,1.14683,1.14683,1.14683
1782069840000,1.14683,1.14683,1.14683,1.14683
1782069900000,1.14683,1.14683,1.14683,1.14683
1782069960000,1.14683,1.14683,1.14683,1.14683
1782070020000,1.14683,1.14683,1.14683,1.14683
1782070080000,1.14683,1.14683,1.14683,1.14683
1782070140000,1.14683,1.14683,1.14683,1.14683
1782070200000,1.14683,1.14683,1.14683,1.14683
1782070260000,1.14683,1.14683,1.14683,1.14683
1782070320000,1.14683,1.14683,1.14683,1.14683
1782070380000,1.14683,1.14683,1.14683,1.14683
1782070440000,1.14683,1.14683,1.14683,1.14683
1782070500000,1.14683,1.14683,1.14683,1.14683
1782070560000,1.14683,1.14683,1.14683,1.14683
1782070620000,1.14683,1.14683,1.14683,1.14683
1782070680000,1.14683,1.14683,1.14683,1.14683
1782070740000,1.14683,1.14683,1.14683,1.14683
1782070800000,1.14683,1.14683,1.14683,1.14683
1782070860000,1.14683,1.14683,1.14683,1.14683
1782070920000,1.14683,1.14683,1.14683,1.14683
1782070980000,1.14683,1.14683,1.14683,1.14683
1782071040000,1.14683,1.14683,1.14683,1.14683
1782071100000,1.14683,1.14683,1.14683,1.14683
1782071160000,1.14683,1.14683,1.14683,1.14683
1782071220000,1.14683,1.14683,1.14683,1.14683
1782071280000,1.14683,1.14683,1.14683,1.14683
1782071340000,1.14683,1.14683,1.14683,1.14683
1782071400000,1.14683,1.14683,1.14683,1.14683
1782071460000,1.14683,1.14683,1.14683,1.14683
1782071520000,1.14683,1.14683,1.14683,1.14683
1782071580000,1.14683,1.14683,1.14683,1.14683
1782071640000,1.14683,1.14683,1.14683,1.14683
1782071700000,1.14683,1.14683,1.14683,1.14683
1782071760000,1.14683,1.14683,1.14683,1.14683
1782071820000,1.14683,1.14683,1.14683,1.14683
1782071880000,1.14683,1.14683,1.14683,1.14683
1782071940000,1.14683,1.14683,1.14683,1.14683
1782072000000,1.14683,1.14683,1.14683,1.14683
1782072060000,1.14683,1.14683,1.14683,1.14683
1782072120000,1.14683,1.14683,1.14683,1.14683
1782072180000,1.14683,1.14683,1.14683,1.14683
1782072240000,1.14683,1.14683,1.14683,1.14683
1782072300000,1.14683,1.14683,1.14683,1.14683
1782072360000,1.14683,1.14683,1.14683,1.14683
1782072420000,1.14683,1.14683,1.14683,1.14683
1782072480000,1.14683,1.14683,1.14683,1.14683
1782072540000,1.14683,1.14683,1.14683,1.14683
1782072600000,1.14683,1.14683,1.14683,1.14683
1782072660000,1.14683,1.14683,1.14683,1.14683
1782072720000,1.14683,1.14683,1.14683,1.14683
1782072780000,1.14683,1.14683,1.14683,1.14683
1782072840000,1.14683,1.14683,1.14683,1.14683
1782072900000,1.14683,1.14683,1.14683,1.14683
1782072960000,1.14683,1.14683,1.14683,1.14683
1782073020000,1.14683,1.14683,1.14683,1.14683
1782073080000,1.14683,1.14683,1.14683,1.14683
1782073140000,1.14683,1.14683,1.14683,1.14683
1782073200000,1.14683,1.14683,1.14683,1.14683
1782073260000,1.14683,1.14683,1.14683,1.14683
1782073320000,1.14683,1.14683,1.14683,1.14683
1782073380000,1.14683,1.14683,1.14683,1.14683
1782073440000,1.14683,1.14683,1.14683,1.14683
1782073500000,1.14683,1.14683,1.14683,1.14683
1782073560000,1.14683,1.14683,1.14683,1.14683
1782073620000,1.14683,1.14683,1.14683,1.14683
1782073680000,1.14683,1.14683,1.14683,1.14683
1782073740000,1.14683,1.14683,1.14683,1.14683
1782073800000,1.14683,1.14683,1.14683,1.14683
1782073860000,1.14683,1.14683,1.14683,1.14683
1782073920000,1.14683,1.14683,1.14683,1.14683
1782073980000,1.14683,1.14683,1.14683,1.14683
1782074040000,1.14683,1.14683,1.14683,1.14683
1782074100000,1.14683,1.14683,1.14683,1.14683
1782074160000,1.14683,1.14683,1.14683,1.14683
1782074220000,1.14683,1.14683,1.14683,1.14683
1782074280000,1.14683,1.14683,1.14683,1.14683
1782074340000,1.14683,1.14683,1.14683,1.14683
1782074400000,1.14683,1.14683,1.14683,1.14683
1782074460000,1.14683,1.14683,1.14683,1.14683
1782074520000,1.14683,1.14683,1.14683,1.14683
1782074580000,1.14683,1.14683,1.14683,1.14683
1782074640000,1.14683,1.14683,1.14683,1.14683
1782074700000,1.14683,1.14683,1.14683,1.14683
1782074760000,1.14683,1.14683,1.14683,1.14683
1782074820000,1.14683,1.14683,1.14683,1.14683
1782074880000,1.14683,1.14683,1.14683,1.14683
1782074940000,1.14683,1.14683,1.14683,1.14683
1782075000000,1.14683,1.14683,1.14683,1.14683
1782075060000,1.14683,1.14683,1.14683,1.14683
1782075120000,1.14683,1.14683,1.14683,1.14683
1782075180000,1.14683,1.14683,1.14683,1.14683
1782075240000,1.14683,1.14683,1.14683,1.14683
1782075300000,1.14683,1.14683,1.14683,1.14683
1782075360000,1.14683,1.14683,1.14683,1.14683
1782075420000,1.14683,1.14683,1.14683,1.14683
1782075480000,1.14683,1.14683,1.14683,1.14683
1782075540000,1.14683,1.14683,1.14683,1.14683
1782075600000,1.14603,1.14603,1.14603,1.14603
1782075660000,1.14608,1.14608,1.14608,1.14608
1782075720000,1.14608,1.14608,1.14608,1.14608
1782075780000,1.14616,1.14616,1.14607,1.14607
1782075840000,1.14618,1.14618,1.14618,1.14618
1782075900000,1.14618,1.14619,1.14615,1.14619
1782075960000,1.14617,1.14617,1.14615,1.14615
1782076020000,1.14602,1.14617,1.146,1.14617
1782076080000,1.14616,1.14616,1.1459,1.1459
1782076140000,1.14586,1.14586,1.14544,1.14578
1782076200000,1.14579,1.14579,1.14555,1.14558
1782076260000,1.14562,1.14579,1.14557,1.14579
1782076320000,1.14579,1.14589,1.14578,1.14589
1782076380000,1.14588,1.14588,1.14553,1.14553
1782076440000,1.14553,1.14553,1.14553,1.14553
1782076500000,1.14588,1.14588,1.14588,1.14588
1782076560000,1.14589,1.14589,1.14556,1.14588
1782076620000,1.14588,1.14588,1.14588,1.14588
1782076680000,1.14556,1.14556,1.14556,1.14556
1782076740000,1.14578,1.14578,1.14578,1.14578
1782076800000,1.14556,1.14556,1.14555,1.14555
1782076860000,1.14555,1.14555,1.14555,1.14555
1782076920000,1.14555,1.14555,1.14555,1.14555
1782076980000,1.14578,1.14578,1.14578,1.14578
1782077040000,1.14554,1.14554,1.14543,1.14543
1782077100000,1.14545,1.14545,1.14545,1.14545
1782077160000,1.14545,1.14578,1.14545,1.14578
1782077220000,1.14549,1.14553,1.14548,1.14548
1782077280000,1.14552,1.14588,1.14548,1.14588
1782077340000,1.1455,1.1455,1.14549,1.14549
1782077400000,1.14548,1.14578,1.14548,1.14578
1782077460000,1.14547,1.14547,1.14546,1.14546
1782077520000,1.14547,1.14569,1.14546,1.1456
1782077580000,1.14565,1.14566,1.1456,1.1456
1782077640000,1.14555,1.14555,1.14547,1.14547
1782077700000,1.14547,1.14547,1.14547,1.14547
1782077760000,1.1455,1.14568,1.1455,1.14568
1782077820000,1.14591,1.14591,1.1459,1.14591
1782077880000,1.14593,1.14612,1.14591,1.14608
1782077940000,1.14608,1.14639,1.146,1.14626
1782078000000,1.14627,1.14627,1.14616,1.14619
1782078060000,1.14619,1.14619,1.14616,1.14616
1782078120000,1.14618,1.14649,1.14613,1.14649
1782078180000,1.14656,1.14659,1.14656,1.14657
1782078240000,1.14656,1.14656,1.146,1.14637
1782078300000,1.14639,1.14659,1.14639,1.14659
1782078360000,1.14658,1.14658,1.14647,1.14647
1782078420000,1.14645,1.14668,1.14641,1.14658
1782078480000,1.14645,1.14646,1.14645,1.14646
1782078540000,1.14644,1.14658,1.14644,1.14658
1782078600000,1.14658,1.14658,1.14658,1.14658
1782078660000,1.14637,1.14658,1.14637,1.14658
1782078720000,1.14658,1.14658,1.14658,1.14658
1782078780000,1.14659,1.14659,1.14642,1.14642
1782078840000,1.14635,1.14635,1.14635,1.14635
1782078900000,1.14645,1.14659,1.14631,1.14659
1782078960000,1.14659,1.14665,1.14616,1.14664
1782079020000,1.14664,1.14665,1.14608,1.14608
1782079080000,1.14606,1.14648,1.14594,1.14594
1782079140000,1.14594,1.14595,1.14587,1.14587
1782079200000,1.14587,1.14588,1.14547,1.14564
1782079260000,1.14562,1.14612,1.14562,1.14611
1782079320000,1.14611,1.14639,1.14611,1.14638
1782079380000,1.14633,1.14646,1.14632,1.14646
1782079440000,1.14647,1.14647,1.14631,1.14637
1782079500000,1.14641,1.14662,1.14641,1.14652
1782079560000,1.14651,1.14653,1.14644,1.14648
1782079620000,1.14646,1.14648,1.14624,1.14638
1782079680000,1.14637,1.1464,1.14621,1.14622
1782079740000,1.14621,1.14624,1.14608,1.14624
1782079800000,1.14623,1.14631,1.14621,1.14631
1782079860000,1.14631,1.14632,1.14625,1.14625
1782079920000,1.14627,1.14629,1.14618,1.14627
1782079980000,1.14627,1.14631,1.14625,1.14626
1782080040000,1.14625,1.14636,1.14623,1.14632
1782080100000,1.14634,1.14641,1.14632,1.14634
1782080160000,1.14633,1.14636,1.1463,1.14634
1782080220000,1.14635,1.14641,1.14626,1.14637
1782080280000,1.14643,1.14654,1.14639,1.14653
1782080340000,1.14653,1.14655,1.14649,1.14655
1782080400000,1.14652,1.14667,1.14652,1.1466
1782080460000,1.14659,1.14661,1.14653,1.14661
1782080520000,1.14659,1.14659,1.14658,1.14658
1782080580000,1.14659,1.14659,1.14658,1.14658
1782080640000,1.14659,1.14659,1.14656,1.14658
1782080700000,1.14657,1.1466,1.14657,1.14658
1782080760000,1.14659,1.14659,1.14658,1.14658
1782080820000,1.14659,1.14659,1.14651,1.14651
1782080880000,1.14651,1.14652,1.14643,1.14643
1782080940000,1.14644,1.14644,1.14635,1.1464
1782081000000,1.14638,1.14642,1.14633,1.14633
1782081060000,1.14633,1.14635,1.14628,1.14633
1782081120000,1.14634,1.14635,1.14632,1.14633
1782081180000,1.14629,1.14629,1.14622,1.14623
1782081240000,1.14622,1.14629,1.1461,1.1461
1782081300000,1.14611,1.14616,1.1461,1.1461
1782081360000,1.14607,1.14619,1.14607,1.14616
1782081420000,1.14614,1.14621,1.14614,1.14621
1782081480000,1.14621,1.14625,1.1462,1.14624
1782081540000,1.1462,1.14622,1.14615,1.1462
1782081600000,1.14615,1.14617,1.1461,1.14616
1782081660000,1.14613,1.14616,1.14613,1.14615
1782081720000,1.14613,1.14615,1.14613,1.14615
1782081780000,1.1462,1.14625,1.14615,1.14621
1782081840000,1.14621,1.14621,1.14619,1.14619
1782081900000,1.14621,1.14623,1.14619,1.14619
1782081960000,1.14619,1.14625,1.14619,1.14625
1782082020000,1.14626,1.14627,1.14616,1.14619
1782082080000,1.1462,1.1462,1.14616,1.14616
1782082140000,1.14617,1.14621,1.14615,1.1462
1782082200000,1.14618,1.14632,1.14618,1.14622
1782082260000,1.14628,1.14631,1.14622,1.14625
1782082320000,1.14623,1.14623,1.14618,1.14618
1782082380000,1.14618,1.14624,1.14618,1.14623
1782082440000,1.14622,1.14624,1.14618,1.14622
1782082500000,1.14625,1.14629,1.14623,1.14625
1782082560000,1.14626,1.14627,1.14617,1.14617
1782082620000,1.14616,1.14623,1.14613,1.1462
1782082680000,1.14621,1.14621,1.14618,1.14621
1782082740000,1.1462,1.14621,1.1462,1.14621
1782082800000,1.1462,1.14636,1.1462,1.14636
1782082860000,1.14635,1.14638,1.14629,1.14635
1782082920000,1.14636,1.14636,1.1463,1.14636
1782082980000,1.14634,1.14641,1.14631,1.14639
1782083040000,1.1464,1.1464,1.14633,1.14638
1782083100000,1.14637,1.14637,1.14637,1.14637
1782083160000,1.14637,1.14638,1.14633,1.14638
1782083220000,1.14639,1.14644,1.14639,1.14642
1782083280000,1.14642,1.14642,1.14642,1.14642
1782083340000,1.14642,1.14661,1.14642,1.14655
1782083400000,1.14653,1.14656,1.14646,1.14646
1782083460000,1.14647,1.14655,1.14647,1.14653
1782083520000,1.1465,1.14652,1.1465,1.1465
1782083580000,1.14651,1.14651,1.14642,1.14642
1782083640000,1.14641,1.14647,1.14634,1.14646
1782083700000,1.14645,1.14646,1.14631,1.14634
1782083760000,1.14633,1.14635,1.14617,1.1463
1782083820000,1.14629,1.1463,1.14626,1.14629
1782083880000,1.14628,1.14631,1.14626,1.14629
1782083940000,1.14626,1.14628,1.14626,1.14627
1782084000000,1.14626,1.14636,1.14626,1.14633
1782084060000,1.14631,1.14641,1.1463,1.14636
1782084120000,1.14634,1.14636,1.14634,1.14635
1782084180000,1.14635,1.14645,1.14633,1.14643
1782084240000,1.14641,1.14642,1.14635,1.14635
1782084300000,1.14634,1.14636,1.14631,1.14632
1782084360000,1.1463,1.14632,1.1463,1.14632
1782084420000,1.14631,1.14631,1.14626,1.14627
1782084480000,1.14627,1.14627,1.14625,1.14627
1782084540000,1.14627,1.14632,1.14627,1.14632
1782084600000,1.14632,1.14632,1.14621,1.14627
1782084660000,1.14627,1.14632,1.14627,1.14631
1782084720000,1.14631,1.14632,1.14626,1.14631
1782084780000,1.14631,1.14632,1.14631,1.14632
1782084840000,1.14631,1.14637,1.14631,1.14632
1782084900000,1.14629,1.14629,1.14618,1.14619
1782084960000,1.14621,1.14621,1.14605,1.14611
1782085020000,1.14614,1.14614,1.14609,1.14609
1782085080000,1.14608,1.14611,1.14607,1.14607
1782085140000,1.14607,1.14611,1.14602,1.14603
1782085200000,1.14604,1.14606,1.14598,1.14602
1782085260000,1.14602,1.14602,1.14596,1.14596
1782085320000,1.14593,1.14593,1.14584,1.14586
1782085380000,1.14589,1.14592,1.14588,1.14591
1782085440000,1.14591,1.14594,1.14589,1.14589
1782085500000,1.14589,1.14593,1.14586,1.14587
1782085560000,1.14588,1.14593,1.14583,1.14592
1782085620000,1.14591,1.14592,1.14585,1.14586
1782085680000,1.14586,1.14587,1.14582,1.14582
1782085740000,1.14582,1.14588,1.14581,1.14581
1782085800000,1.14581,1.14582,1.14581,1.14582
1782085860000,1.14582,1.14588,1.14581,1.14588
1782085920000,1.14587,1.14592,1.14579,1.14588
1782085980000,1.14588,1.14589,1.14583,1.14587
1782086040000,1.14587,1.14587,1.14581,1.14581
1782086100000,1.14585,1.14587,1.14582,1.14587
1782086160000,1.1459,1.14593,1.14589,1.14592
1782086220000,1.14597,1.14613,1.14596,1.14612
1782086280000,1.14613,1.14623,1.14612,1.14612
1782086340000,1.14613,1.14623,1.14613,1.14623
1782172800000,1.14266,1.14266,1.1424,1.14248
1782172860000,1.14248,1.14259,1.14247,1.14251
1782172920000,1.14252,1.14259,1.14248,1.14252
1782172980000,1.14252,1.14255,1.14247,1.1425
1782173040000,1.14252,1.14255,1.14248,1.14255
1782173100000,1.14254,1.14261,1.14254,1.14261
1782173160000,1.1426,1.1426,1.14248,1.1425
1782173220000,1.14253,1.14258,1.1425,1.14252
1782173280000,1.14252,1.14254,1.14247,1.14253
1782173340000,1.14254,1.14254,1.14238,1.14238
1782173400000,1.14238,1.14238,1.14225,1.1423
1782173460000,1.14228,1.14238,1.14228,1.14236
1782173520000,1.14237,1.14237,1.14233,1.14237
1782173580000,1.14238,1.14239,1.14232,1.14232
1782173640000,1.14231,1.14233,1.14223,1.14223
1782173700000,1.14226,1.14239,1.14226,1.1423
1782173760000,1.1423,1.14233,1.14226,1.14229
1782173820000,1.14229,1.14237,1.14229,1.14236
1782173880000,1.14236,1.14239,1.1423,1.14238
1782173940000,1.14238,1.14238,1.14234,1.14238
1782174000000,1.14239,1.14247,1.14237,1.14242
1782174060000,1.14243,1.14243,1.14241,1.14242
1782174120000,1.14243,1.14244,1.1423,1.1423
1782174180000,1.14231,1.14238,1.14226,1.14229
1782174240000,1.14231,1.14234,1.14231,1.14234
1782174300000,1.14233,1.14236,1.14227,1.14232
1782174360000,1.14233,1.14237,1.14232,1.14237
1782174420000,1.14239,1.14245,1.14237,1.14238
1782174480000,1.14236,1.14239,1.14234,1.14238
1782174540000,1.14239,1.14253,1.14238,1.14252
1782174600000,1.14253,1.14258,1.14252,1.14258
1782174660000,1.14258,1.14275,1.14258,1.14275
1782174720000,1.14273,1.14275,1.14268,1.14269
1782174780000,1.1427,1.14272,1.14257,1.14258
1782174840000,1.14259,1.14259,1.14248,1.14248
1782174900000,1.14249,1.14252,1.14246,1.14247
1782174960000,1.14249,1.14252,1.14247,1.14247
1782175020000,1.14249,1.14252,1.14247,1.1425
1782175080000,1.14248,1.1425,1.14246,1.14247
1782175140000,1.14248,1.14252,1.14248,1.14251
1782175200000,1.14252,1.14252,1.14245,1.14245
1782175260000,1.14243,1.14248,1.14242,1.14248
1782175320000,1.14249,1.14249,1.14243,1.14244
1782175380000,1.14244,1.14255,1.14244,1.14255
1782175440000,1.14254,1.14262,1.14253,1.14259
1782175500000,1.14258,1.14273,1.14257,1.14271
1782175560000,1.14269,1.14269,1.14257,1.14258
1782175620000,1.14256,1.14267,1.14254,1.14267
1782175680000,1.14268,1.14269,1.1426,1.1426
1782175740000,1.14261,1.14264,1.14259,1.1426
1782175800000,1.1426,1.14263,1.14256,1.14259
1782175860000,1.14259,1.14266,1.14259,1.14259
1782175920000,1.14258,1.14265,1.14257,1.14262
1782175980000,1.14263,1.1427,1.14258,1.14263
1782176040000,1.14262,1.14277,1.14262,1.14277
1782176100000,1.14276,1.14276,1.14264,1.14268
1782176160000,1.14268,1.1427,1.14268,1.1427
1782176220000,1.14269,1.14273,1.14262,1.14264
1782176280000,1.14264,1.14268,1.14263,1.14265
1782176340000,1.14264,1.14269,1.14264,1.14269
1782176400000,1.1427,1.14277,1.14262,1.14263
1782176460000,1.14264,1.14268,1.14256,1.14259
1782176520000,1.14257,1.14259,1.14241,1.14247
1782176580000,1.14247,1.1426,1.14246,1.14257
1782176640000,1.14257,1.14264,1.14256,1.14258
1782176700000,1.14257,1.14259,1.14249,1.14252
1782176760000,1.14253,1.14254,1.14238,1.14241
1782176820000,1.1424,1.14251,1.14239,1.14251
1782176880000,1.14253,1.1426,1.14249,1.1425
1782176940000,1.1425,1.14254,1.14248,1.14249
1782177000000,1.14248,1.14248,1.14238,1.14239
1782177060000,1.1424,1.1424,1.14234,1.14239
1782177120000,1.14238,1.14243,1.14237,1.14237
1782177180000,1.14238,1.14238,1.14233,1.14234
1782177240000,1.14236,1.14238,1.14232,1.14233
1782177300000,1.14233,1.14237,1.14227,1.14229
1782177360000,1.14229,1.14232,1.14225,1.14231
1782177420000,1.1423,1.1423,1.14224,1.14224
1782177480000,1.14226,1.14234,1.14226,1.14228
1782177540000,1.14229,1.14235,1.14224,1.1423
1782177600000,1.1423,1.14237,1.1423,1.14233
1782177660000,1.14233,1.1424,1.14232,1.14239
1782177720000,1.1424,1.1424,1.14227,1.14229
1782177780000,1.1423,1.14236,1.14227,1.14236
1782177840000,1.14237,1.1425,1.14237,1.14241
1782177900000,1.14241,1.14249,1.14241,1.14244
1782177960000,1.14244,1.14245,1.14242,1.14245
1782178020000,1.14247,1.1425,1.14238,1.14238
1782178080000,1.14238,1.14239,1.14232,1.14234
1782178140000,1.14235,1.14238,1.14233,1.14238
1782178200000,1.14237,1.14239,1.14228,1.14232
1782178260000,1.14233,1.14236,1.14228,1.14231
1782178320000,1.14232,1.14235,1.14225,1.14229
1782178380000,1.1423,1.14242,1.14223,1.14241
1782178440000,1.14239,1.14243,1.14235,1.14237
1782178500000,1.14239,1.1424,1.14235,1.14237
1782178560000,1.14239,1.1424,1.14239,1.14239
1782178620000,1.14237,1.1424,1.14234,1.14234
1782178680000,1.14235,1.14245,1.14234,1.14243
1782178740000,1.14244,1.14247,1.14242,1.14245
1782178800000,1.14245,1.14253,1.14245,1.14249
1782178860000,1.1425,1.14254,1.14248,1.14253
1782178920000,1.14252,1.14254,1.14248,1.14252
1782178980000,1.14252,1.14252,1.14247,1.14248
1782179040000,1.14248,1.14252,1.14245,1.14252
1782179100000,1.1425,1.1425,1.14233,1.14245
1782179160000,1.14246,1.14249,1.14241,1.14244
1782179220000,1.14245,1.14246,1.14236,1.14238
1782179280000,1.14239,1.14244,1.14235,1.14243
1782179340000,1.14241,1.14248,1.14241,1.14243
1782179400000,1.1424,1.14245,1.14239,1.14242
1782179460000,1.14241,1.14258,1.14241,1.14257
1782179520000,1.14259,1.1428,1.14255,1.1428
1782179580000,1.14281,1.14283,1.14272,1.14274
1782179640000,1.14273,1.14274,1.14269,1.14274
1782179700000,1.14274,1.14274,1.14262,1.14264
1782179760000,1.14264,1.1427,1.14264,1.14268
1782179820000,1.14267,1.14274,1.14264,1.14273
1782179880000,1.14274,1.14275,1.14264,1.14266
1782179940000,1.14265,1.1427,1.14265,1.14266
1782180000000,1.14268,1.14279,1.14263,1.14273
1782180060000,1.14274,1.14278,1.1427,1.14277
1782180120000,1.14277,1.1428,1.14273,1.14279
1782180180000,1.14277,1.14286,1.14277,1.14282
1782180240000,1.14284,1.14295,1.1428,1.1429
1782180300000,1.14289,1.14292,1.14282,1.14289
1782180360000,1.14289,1.1429,1.14285,1.14285
1782180420000,1.14286,1.14291,1.14284,1.14289
1782180480000,1.14291,1.14291,1.14284,1.14284
1782180540000,1.14284,1.1429,1.14284,1.14287
1782180600000,1.14287,1.14289,1.14282,1.14282
1782180660000,1.14284,1.14284,1.14279,1.14282
1782180720000,1.14282,1.14289,1.14279,1.14287
1782180780000,1.14289,1.14299,1.14286,1.14296
1782180840000,1.14298,1.14307,1.14298,1.14306
1782180900000,1.14307,1.14315,1.14304,1.14314
1782180960000,1.14314,1.14314,1.14308,1.14309
1782181020000,1.14311,1.14314,1.14307,1.14313
1782181080000,1.14314,1.14317,1.14314,1.14314
1782181140000,1.14314,1.14319,1.1431,1.14311
1782181200000,1.14312,1.14312,1.14308,1.14308
1782181260000,1.14307,1.14315,1.14304,1.14315
1782181320000,1.14316,1.14316,1.14307,1.14309
1782181380000,1.14308,1.14309,1.14305,1.14307
1782181440000,1.14306,1.14306,1.14302,1.14305
1782181500000,1.14305,1.14309,1.14303,1.14305
1782181560000,1.14304,1.14306,1.14302,1.14306
1782181620000,1.14305,1.14307,1.14296,1.14298
1782181680000,1.14299,1.143,1.14295,1.14298
1782181740000,1.14299,1.14301,1.14298,1.14299
1782181800000,1.14299,1.14305,1.14299,1.143
1782181860000,1.143,1.14303,1.14295,1.14295
1782181920000,1.14296,1.143,1.14293,1.143
1782181980000,1.14299,1.14299,1.14294,1.14296
1782182040000,1.14294,1.14296,1.14285,1.14286
1782182100000,1.14285,1.14296,1.14285,1.14294
1782182160000,1.14293,1.14295,1.14291,1.14292
1782182220000,1.14291,1.14295,1.1429,1.14295
1782182280000,1.14294,1.14295,1.14291,1.14291
1782182340000,1.14294,1.14294,1.1429,1.1429
1782182400000,1.14291,1.14292,1.14286,1.14289
1782182460000,1.14288,1.14295,1.14286,1.14295
1782182520000,1.14295,1.143,1.14295,1.14297
1782182580000,1.14295,1.14296,1.14293,1.14295
1782182640000,1.14295,1.14297,1.14292,1.14292
1782182700000,1.14291,1.14291,1.14286,1.14288
1782182760000,1.14288,1.14289,1.14283,1.14284
1782182820000,1.14284,1.14285,1.14277,1.14279
1782182880000,1.14277,1.14283,1.14277,1.14283
1782182940000,1.14282,1.14282,1.14279,1.1428
1782183000000,1.1428,1.14285,1.14278,1.14284
1782183060000,1.14285,1.14285,1.14283,1.14283
1782183120000,1.14282,1.14286,1.14282,1.14286
1782183180000,1.14286,1.14287,1.14285,1.14285
1782183240000,1.14287,1.14287,1.14265,1.14267
1782183300000,1.14266,1.1427,1.14264,1.1427
1782183360000,1.14271,1.14274,1.14264,1.14264
1782183420000,1.14263,1.14264,1.14254,1.14256
1782183480000,1.14256,1.1426,1.14254,1.1426
1782183540000,1.1426,1.1426,1.14254,1.14256
1782183600000,1.14257,1.14269,1.14256,1.14264
1782183660000,1.14264,1.14269,1.14262,1.14262
1782183720000,1.14261,1.14262,1.14254,1.14256
1782183780000,1.14258,1.14264,1.14254,1.1426
1782183840000,1.14261,1.14265,1.14259,1.14263
1782183900000,1.14263,1.14263,1.1426,1.1426
1782183960000,1.14261,1.14262,1.14255,1.14256
1782184020000,1.14252,1.14252,1.14246,1.14248
1782184080000,1.14247,1.1425,1.14237,1.1424
1782184140000,1.14239,1.1424,1.14227,1.14229
1782184200000,1.14232,1.14235,1.14231,1.14231
1782184260000,1.1423,1.14231,1.14223,1.14223
1782184320000,1.14222,1.1423,1.14222,1.14228
1782184380000,1.14228,1.14249,1.14228,1.14249
1782184440000,1.14247,1.1425,1.14243,1.14244
1782184500000,1.14244,1.14246,1.14238,1.14242
1782184560000,1.14243,1.14243,1.14206,1.14208
1782184620000,1.14208,1.14208,1.14194,1.142
1782184680000,1.142,1.14206,1.14186,1.14204
1782184740000,1.14205,1.14206,1.14198,1.14201
1782184800000,1.14199,1.14214,1.14197,1.14214
1782184860000,1.14214,1.1422,1.14208,1.14218
1782184920000,1.14219,1.14231,1.14219,1.14231
1782184980000,1.14229,1.14232,1.14226,1.14231
1782185040000,1.14231,1.14235,1.14226,1.14233
1782185100000,1.14233,1.14244,1.1423,1.14244
1782185160000,1.14242,1.14252,1.14242,1.14251
1782185220000,1.14251,1.14252,1.14245,1.14247
1782185280000,1.14246,1.14261,1.14245,1.14259
1782185340000,1.14258,1.14259,1.14253,1.14253
1782185400000,1.14255,1.14255,1.14247,1.14253
1782185460000,1.14252,1.14252,1.14245,1.14246
1782185520000,1.14246,1.14247,1.14243,1.14243
1782185580000,1.14246,1.14252,1.14245,1.14245
1782185640000,1.14244,1.14245,1.1424,1.14245
1782185700000,1.14245,1.14254,1.14242,1.14253
1782185760000,1.14251,1.14251,1.14243,1.14247
1782185820000,1.14246,1.14246,1.14239,1.14239
1782185880000,1.1424,1.14246,1.14237,1.14243
1782185940000,1.14242,1.14249,1.1424,1.14249
1782186000000,1.14249,1.14252,1.14246,1.14252
1782186060000,1.14252,1.14261,1.14252,1.14256
1782186120000,1.14257,1.14259,1.14254,1.14258
1782186180000,1.14257,1.14264,1.14256,1.14264
1782186240000,1.14265,1.14269,1.14263,1.14267
1782186300000,1.14266,1.14271,1.14266,1.14267
1782186360000,1.14266,1.14266,1.1426,1.14261
1782186420000,1.1426,1.14261,1.14258,1.1426
1782186480000,1.14262,1.14262,1.14259,1.14261
1782186540000,1.14262,1.1427,1.14262,1.14267
1782186600000,1.14268,1.14274,1.14268,1.14274
1782186660000,1.14275,1.14275,1.14269,1.14269
1782186720000,1.1427,1.14279,1.1427,1.14278
1782186780000,1.14277,1.1428,1.14269,1.1427
1782186840000,1.14271,1.14273,1.14271,1.14273
1782186900000,1.14275,1.14279,1.14275,1.14277
1782186960000,1.14279,1.14284,1.14276,1.14278
1782187020000,1.14278,1.1429,1.14278,1.14288
1782187080000,1.14288,1.14296,1.14288,1.14296
1782187140000,1.14297,1.14297,1.14294,1.14294
1782187200000,1.14295,1.143,1.14295,1.14296
1782187260000,1.14296,1.14296,1.14288,1.14289
1782187320000,1.14287,1.14292,1.14287,1.1429
1782187380000,1.14291,1.14291,1.14286,1.14287
1782187440000,1.14288,1.143,1.14288,1.143
1782187500000,1.14298,1.14299,1.14296,1.14296
1782187560000,1.14297,1.14298,1.1429,1.14295
1782187620000,1.14296,1.14298,1.14292,1.14293
1782187680000,1.14294,1.14297,1.14289,1.14289
1782187740000,1.1429,1.14294,1.14289,1.14294
1782187800000,1.14293,1.14293,1.14287,1.14289
1782187860000,1.14287,1.14287,1.14283,1.14284
1782187920000,1.14284,1.14287,1.14282,1.14283
1782187980000,1.14284,1.14284,1.14278,1.1428
1782188040000,1.14279,1.14279,1.14273,1.14273
1782188100000,1.14273,1.14276,1.14269,1.14274
1782188160000,1.14274,1.14275,1.14268,1.14274
1782188220000,1.14273,1.14276,1.14273,1.14274
1782188280000,1.14273,1.14274,1.14271,1.14272
1782188340000,1.14271,1.14273,1.14269,1.14269
1782188400000,1.14271,1.14271,1.14267,1.14269
1782188460000,1.14269,1.14269,1.14259,1.14259
1782188520000,1.14259,1.14259,1.14248,1.14248
1782188580000,1.1425,1.1425,1.14247,1.14249
1782188640000,1.1425,1.14253,1.14244,1.14247
1782188700000,1.14249,1.14251,1.14248,1.14249
1782188760000,1.14251,1.14256,1.14251,1.14256
1782188820000,1.14256,1.14256,1.14251,1.14254
1782188880000,1.14253,1.14254,1.14248,1.14254
1782188940000,1.14256,1.14259,1.14254,1.14254
1782189000000,1.14254,1.14254,1.14237,1.14238
1782189060000,1.14237,1.1424,1.14237,1.14238
1782189120000,1.14238,1.14249,1.14234,1.14248
1782189180000,1.14248,1.14249,1.14247,1.14248
1782189240000,1.14249,1.14258,1.14249,1.14252
1782189300000,1.14253,1.14255,1.14251,1.14254
1782189360000,1.14254,1.14258,1.14252,1.14258
1782189420000,1.14259,1.14259,1.14249,1.14255
1782189480000,1.14254,1.14257,1.14245,1.14246
1782189540000,1.14246,1.14246,1.14242,1.14242
1782189600000,1.14244,1.14244,1.1424,1.14243
1782189660000,1.14241,1.14243,1.14239,1.14239
1782189720000,1.14239,1.14244,1.14239,1.14244
1782189780000,1.14243,1.14248,1.14238,1.14248
1782189840000,1.14246,1.14249,1.14246,1.14249
1782189900000,1.14252,1.14253,1.14245,1.14245
1782189960000,1.14245,1.1425,1.14243,1.14249
1782190020000,1.14248,1.14249,1.14248,1.14249
1782190080000,1.14251,1.14255,1.1425,1.14251
1782190140000,1.14249,1.14249,1.14248,1.14248
1782190200000,1.14249,1.14254,1.14248,1.14254
1782190260000,1.14252,1.14253,1.14251,1.14253
1782190320000,1.14252,1.14252,1.14244,1.14244
1782190380000,1.14243,1.14249,1.14243,1.14246
1782190440000,1.14248,1.14248,1.14243,1.14243
1782190500000,1.14244,1.14249,1.14239,1.14239
1782190560000,1.14238,1.14239,1.14224,1.14224
1782190620000,1.14225,1.14225,1.14207,1.14207
1782190680000,1.14207,1.14213,1.14197,1.14207
1782190740000,1.14206,1.14209,1.14195,1.14208
1782190800000,1.14208,1.14208,1.14187,1.14199
1782190860000,1.14198,1.14205,1.14193,1.14194
1782190920000,1.14197,1.14203,1.14188,1.14203
1782190980000,1.14204,1.14217,1.14204,1.14215
1782191040000,1.14215,1.14224,1.14215,1.14224
1782191100000,1.14224,1.14229,1.14223,1.14227
1782191160000,1.1423,1.14232,1.14225,1.14228
1782191220000,1.14227,1.14228,1.14223,1.14223
1782191280000,1.14223,1.14226,1.14218,1.14218
1782191340000,1.14216,1.14221,1.1421,1.14213
1782191400000,1.14213,1.14224,1.14213,1.14214
1782191460000,1.14214,1.14217,1.14209,1.14214
1782191520000,1.14213,1.14213,1.14209,1.14209
1782191580000,1.1421,1.1421,1.14208,1.1421
1782191640000,1.14209,1.1421,1.14207,1.14209
1782191700000,1.1421,1.14224,1.1421,1.14224
1782191760000,1.14225,1.14229,1.14222,1.14228
1782191820000,1.14228,1.14245,1.14228,1.14245
1782191880000,1.14244,1.14245,1.14242,1.14244
1782191940000,1.14244,1.14245,1.14241,1.14244
1782192000000,1.14244,1.1425,1.14239,1.14241
1782192060000,1.1424,1.14244,1.14239,1.14242
1782192120000,1.14243,1.14244,1.14228,1.14233
1782192180000,1.14232,1.14238,1.14232,1.14237
1782192240000,1.14237,1.14238,1.14229,1.14229
1782192300000,1.14229,1.14238,1.14229,1.14238
1782192360000,1.14238,1.14243,1.14233,1.14233
1782192420000,1.14234,1.14235,1.1423,1.14232
1782192480000,1.14231,1.14235,1.14229,1.14229
1782192540000,1.14229,1.14242,1.14228,1.14241
1782192600000,1.14243,1.14243,1.14235,1.14243
1782192660000,1.14245,1.14245,1.14238,1.14242
1782192720000,1.14241,1.14243,1.14233,1.14237
1782192780000,1.14238,1.14243,1.14235,1.14243
1782192840000,1.14244,1.1425,1.14243,1.14248
1782192900000,1.14248,1.14251,1.14243,1.1425
1782192960000,1.1425,1.14254,1.14248,1.14248
1782193020000,1.14248,1.14256,1.14242,1.14243
1782193080000,1.14241,1.14244,1.14238,1.14239
1782193140000,1.14239,1.14245,1.14237,1.14238
1782193200000,1.14239,1.14239,1.14214,1.14219
1782193260000,1.14219,1.14219,1.14213,1.14217
1782193320000,1.14217,1.1422,1.14211,1.14219
1782193380000,1.14219,1.14225,1.14217,1.14217
1782193440000,1.14218,1.14233,1.14217,1.14231
1782193500000,1.14229,1.14229,1.14213,1.14213
1782193560000,1.14214,1.14216,1.1421,1.14214
1782193620000,1.14215,1.14215,1.14206,1.14206
1782193680000,1.14206,1.14209,1.14192,1.14199
1782193740000,1.14198,1.14209,1.14197,1.14209
1782193800000,1.14207,1.14208,1.14204,1.14207
1782193860000,1.14206,1.14207,1.14202,1.14207
1782193920000,1.14207,1.14208,1.14198,1.142
1782193980000,1.14199,1.14227,1.14199,1.14224
1782194040000,1.14223,1.1423,1.14223,1.14229
1782194100000,1.14229,1.14229,1.14215,1.14217
1782194160000,1.14218,1.14218,1.14211,1.14214
1782194220000,1.14214,1.1422,1.14207,1.14219
1782194280000,1.1422,1.14228,1.14217,1.14228
1782194340000,1.1423,1.14232,1.14228,1.14229
1782194400000,1.14228,1.1423,1.14217,1.14228
1782194460000,1.14227,1.14236,1.14225,1.14229
1782194520000,1.14228,1.14238,1.14227,1.14238
1782194580000,1.14239,1.14242,1.14229,1.14241
1782194640000,1.14241,1.14249,1.14228,1.14229
1782194700000,1.1423,1.14254,1.1423,1.14248
1782194760000,1.14247,1.14262,1.14245,1.14256
1782194820000,1.14256,1.14259,1.14244,1.14256
1782194880000,1.14255,1.14261,1.14242,1.14244
1782194940000,1.14245,1.1425,1.14233,1.14233
1782195000000,1.14234,1.14243,1.14234,1.14239
1782195060000,1.14239,1.14245,1.14228,1.14245
1782195120000,1.14244,1.14247,1.14239,1.1424
1782195180000,1.14238,1.14258,1.14238,1.14255
1782195240000,1.14254,1.14258,1.14254,1.14254
1782195300000,1.14254,1.14254,1.14233,1.14239
1782195360000,1.14239,1.14258,1.14239,1.14257
1782195420000,1.14256,1.1427,1.14256,1.14265
1782195480000,1.14264,1.1427,1.14258,1.14269
1782195540000,1.1427,1.14276,1.14264,1.14276
1782195600000,1.14274,1.1429,1.14274,1.14289
1782195660000,1.14288,1.14291,1.14281,1.14289
1782195720000,1.14292,1.143,1.14291,1.14297
1782195780000,1.14297,1.14298,1.1429,1.1429
1782195840000,1.1429,1.143,1.14286,1.14299
1782195900000,1.14298,1.14298,1.14269,1.14293
1782195960000,1.14292,1.14292,1.14262,1.14262
1782196020000,1.14262,1.14262,1.14252,1.1426
1782196080000,1.14261,1.14266,1.14257,1.14264
1782196140000,1.14264,1.1427,1.14259,1.14265
1782196200000,1.14265,1.1427,1.14251,1.14254
1782196260000,1.14254,1.14258,1.14242,1.14254
1782196320000,1.14252,1.14275,1.14252,1.14273
1782196380000,1.14274,1.14278,1.14271,1.14272
1782196440000,1.14271,1.14287,1.14267,1.14284
1782196500000,1.14285,1.14285,1.14273,1.14273
1782196560000,1.14271,1.14271,1.14242,1.14253
1782196620000,1.14255,1.14257,1.14248,1.14248
1782196680000,1.14248,1.14252,1.14246,1.14249
1782196740000,1.14249,1.1425,1.14238,1.14244
1782196800000,1.14245,1.14253,1.14238,1.14239
1782196860000,1.14238,1.1424,1.14234,1.14236
1782196920000,1.14233,1.14235,1.14222,1.1423
1782196980000,1.14228,1.14233,1.14223,1.14228
1782197040000,1.14229,1.14229,1.14218,1.1422
1782197100000,1.14218,1.14222,1.14212,1.14213
1782197160000,1.14213,1.14229,1.14212,1.14224
1782197220000,1.14223,1.14227,1.14213,1.14219
1782197280000,1.1422,1.1422,1.14194,1.14195
1782197340000,1.14195,1.14213,1.14195,1.14209
1782197400000,1.14209,1.1424,1.14209,1.14235
1782197460000,1.14235,1.14238,1.14226,1.14238
1782197520000,1.1424,1.14241,1.14214,1.14219
1782197580000,1.14219,1.14231,1.14214,1.14231
1782197640000,1.1423,1.14246,1.1423,1.14245
1782197700000,1.14242,1.14242,1.14232,1.14234
1782197760000,1.14233,1.14237,1.14229,1.14236
1782197820000,1.14236,1.14245,1.14228,1.14229
1782197880000,1.14227,1.14231,1.14224,1.14229
1782197940000,1.14228,1.1424,1.14227,1.14229
1782198000000,1.14228,1.14251,1.14223,1.1425
1782198060000,1.14251,1.14277,1.14242,1.14273
1782198120000,1.14273,1.14284,1.14255,1.14273
1782198180000,1.14272,1.1429,1.14271,1.14284
1782198240000,1.14285,1.1431,1.1428,1.1431
1782198300000,1.14308,1.14308,1.14278,1.14278
1782198360000,1.14277,1.14289,1.14273,1.14289
1782198420000,1.14289,1.14306,1.14287,1.14304
1782198480000,1.14303,1.14315,1.14299,1.14314
1782198540000,1.14315,1.14356,1.14312,1.1434
1782198600000,1.14341,1.14344,1.1432,1.1432
1782198660000,1.1432,1.14331,1.14319,1.14321
1782198720000,1.14321,1.14336,1.14319,1.14328
1782198780000,1.14329,1.1433,1.14319,1.14323
1782198840000,1.14323,1.14326,1.14302,1.14302
1782198900000,1.14306,1.14346,1.14301,1.14325
1782198960000,1.14325,1.14334,1.14322,1.1433
1782199020000,1.14331,1.1434,1.14329,1.14334
1782199080000,1.14336,1.14341,1.14329,1.14337
1782199140000,1.14337,1.14345,1.14312,1.14345
1782199200000,1.14345,1.1439,1.14344,1.14374
1782199260000,1.14375,1.14385,1.14373,1.14374
1782199320000,1.14374,1.14386,1.14357,1.14384
1782199380000,1.14383,1.14385,1.1436,1.14369
1782199440000,1.14367,1.1437,1.14354,1.1436
1782199500000,1.14358,1.14364,1.14353,1.14353
1782199560000,1.14354,1.14355,1.14344,1.14354
1782199620000,1.14356,1.14379,1.14354,1.14377
1782199680000,1.14377,1.1438,1.14369,1.14378
1782199740000,1.14377,1.1438,1.14372,1.14374
1782199800000,1.14373,1.14373,1.14321,1.1433
1782199860000,1.14332,1.14332,1.14291,1.143
1782199920000,1.14298,1.14304,1.14257,1.14259
1782199980000,1.1426,1.14262,1.14245,1.14247
1782200040000,1.14247,1.14272,1.1424,1.14265
1782200100000,1.14265,1.14272,1.14254,1.14264
1782200160000,1.14263,1.14265,1.14254,1.14256
1782200220000,1.14258,1.14261,1.1423,1.1423
1782200280000,1.14229,1.14231,1.14216,1.14226
1782200340000,1.14227,1.14227,1.1421,1.14218
1782200400000,1.14217,1.14221,1.14198,1.142
1782200460000,1.14201,1.14209,1.14182,1.14182
1782200520000,1.14181,1.14181,1.1413,1.14146
1782200580000,1.14144,1.14152,1.14121,1.14144
1782200640000,1.14142,1.14159,1.14141,1.14157
1782200700000,1.14158,1.14164,1.14136,1.14138
1782200760000,1.14136,1.14181,1.14136,1.1418
1782200820000,1.14181,1.14181,1.14162,1.14172
1782200880000,1.14171,1.14175,1.14166,1.14173
1782200940000,1.14173,1.14174,1.14156,1.14174
1782201000000,1.14173,1.14173,1.14142,1.14142
1782201060000,1.14144,1.14145,1.14118,1.14129
1782201120000,1.14127,1.14128,1.14096,1.14099
1782201180000,1.141,1.14114,1.14096,1.14112
1782201240000,1.14111,1.14129,1.14111,1.14128
1782201300000,1.14128,1.14128,1.14104,1.14107
1782201360000,1.14104,1.14109,1.14099,1.14102
1782201420000,1.14102,1.14115,1.14096,1.14115
1782201480000,1.14117,1.1412,1.14106,1.14119
1782201540000,1.14119,1.14125,1.14112,1.14117
1782201600000,1.14118,1.14124,1.14098,1.14118
1782201660000,1.14117,1.14132,1.14112,1.14123
1782201720000,1.14126,1.1417,1.14121,1.14153
1782201780000,1.14155,1.14174,1.14153,1.14168
1782201840000,1.14167,1.1417,1.14134,1.14136
1782201900000,1.14135,1.14159,1.14135,1.14153
1782201960000,1.14152,1.14158,1.14147,1.14156
1782202020000,1.14157,1.14162,1.14144,1.14154
1782202080000,1.14153,1.14155,1.14134,1.1414
1782202140000,1.14141,1.14149,1.14135,1.1414
1782202200000,1.1414,1.14153,1.14137,1.14149
1782202260000,1.14149,1.14158,1.14141,1.14156
1782202320000,1.14157,1.14158,1.14132,1.14132
1782202380000,1.14132,1.14155,1.14131,1.1415
1782202440000,1.14152,1.14154,1.14135,1.14135
1782202500000,1.14134,1.1414,1.14128,1.14132
1782202560000,1.14133,1.14134,1.14106,1.14112
1782202620000,1.14112,1.14115,1.14087,1.14088
1782202680000,1.14087,1.14097,1.14072,1.14082
1782202740000,1.14083,1.14083,1.14072,1.14082
1782202800000,1.14081,1.14095,1.1408,1.14087
1782202860000,1.14088,1.14094,1.1408,1.14092
1782202920000,1.14093,1.14099,1.14083,1.14083
1782202980000,1.14083,1.14087,1.14066,1.14068
1782203040000,1.14067,1.14069,1.14061,1.14066
1782203100000,1.14065,1.14069,1.1405,1.14061
1782203160000,1.14061,1.1407,1.14049,1.14049
1782203220000,1.14051,1.14054,1.14047,1.14048
1782203280000,1.14051,1.14054,1.14047,1.14049
1782203340000,1.14051,1.14082,1.14048,1.14075
1782203400000,1.14075,1.14085,1.14065,1.14085
1782203460000,1.14083,1.14087,1.14068,1.14069
1782203520000,1.14067,1.14067,1.14053,1.14053
1782203580000,1.14055,1.14062,1.14048,1.14052
1782203640000,1.14051,1.14065,1.14046,1.14064
1782203700000,1.14065,1.14065,1.14047,1.14053
1782203760000,1.14051,1.14063,1.14047,1.14049
1782203820000,1.1405,1.14064,1.14048,1.14055
1782203880000,1.14054,1.14073,1.1405,1.1405
1782203940000,1.14051,1.14066,1.14051,1.14061
1782204000000,1.14061,1.14066,1.14051,1.14066
1782204060000,1.14068,1.14069,1.14058,1.1406
1782204120000,1.14061,1.14073,1.14061,1.14073
1782204180000,1.14073,1.14084,1.14063,1.14063
1782204240000,1.14063,1.14068,1.14062,1.14065
1782204300000,1.14066,1.14077,1.14058,1.14076
1782204360000,1.14076,1.14077,1.14063,1.14069
1782204420000,1.1407,1.14076,1.14069,1.1407
1782204480000,1.14071,1.14078,1.14061,1.14061
1782204540000,1.1406,1.1408,1.1406,1.14075
1782204600000,1.14074,1.14076,1.14064,1.14072
1782204660000,1.1407,1.1407,1.14058,1.14066
1782204720000,1.14065,1.14071,1.1406,1.14061
1782204780000,1.14062,1.14078,1.14059,1.14076
1782204840000,1.14075,1.14089,1.14072,1.14077
1782204900000,1.14079,1.1409,1.14078,1.14084
1782204960000,1.14085,1.14091,1.14084,1.14086
1782205020000,1.14086,1.14092,1.14082,1.14086
1782205080000,1.14086,1.14089,1.14072,1.14074
1782205140000,1.14074,1.14084,1.14074,1.14082
1782205200000,1.14082,1.14082,1.14059,1.1408
1782205260000,1.14079,1.14095,1.14069,1.14069
1782205320000,1.14068,1.14099,1.14066,1.14088
1782205380000,1.14089,1.14096,1.14063,1.14068
1782205440000,1.14069,1.14071,1.14063,1.14065
1782205500000,1.14064,1.14075,1.1406,1.1407
1782205560000,1.14069,1.14075,1.14065,1.1407
1782205620000,1.14071,1.1408,1.14071,1.14075
1782205680000,1.14074,1.14078,1.14071,1.14071
1782205740000,1.14071,1.14073,1.14066,1.14072
1782205800000,1.14071,1.14074,1.14065,1.14074
1782205860000,1.14074,1.14088,1.14074,1.14088
1782205920000,1.14088,1.14089,1.14081,1.14084
1782205980000,1.14086,1.14098,1.14083,1.14093
1782206040000,1.14094,1.14103,1.14093,1.14094
1782206100000,1.14094,1.14094,1.14083,1.14085
1782206160000,1.14084,1.1409,1.14081,1.14089
1782206220000,1.14089,1.14089,1.14078,1.1408
1782206280000,1.14081,1.14087,1.14075,1.14085
1782206340000,1.14085,1.14086,1.14079,1.14084
1782206400000,1.14083,1.14084,1.14064,1.14077
1782206460000,1.14077,1.1408,1.14074,1.14078
1782206520000,1.14079,1.141,1.14079,1.14096
1782206580000,1.14095,1.14105,1.14093,1.141
1782206640000,1.141,1.1411,1.141,1.14103
1782206700000,1.14102,1.14102,1.14091,1.14091
1782206760000,1.14091,1.14096,1.14082,1.14096
1782206820000,1.14097,1.14101,1.14095,1.14096
1782206880000,1.14092,1.14097,1.14089,1.14095
1782206940000,1.14094,1.14097,1.14091,1.14095
1782207000000,1.14094,1.141,1.14089,1.14089
1782207060000,1.14089,1.14096,1.14088,1.14096
1782207120000,1.14098,1.1411,1.14095,1.1411
1782207180000,1.14108,1.14109,1.14099,1.14104
1782207240000,1.14103,1.14105,1.14093,1.14093
1782207300000,1.14097,1.14107,1.14097,1.14099
1782207360000,1.14099,1.1411,1.14097,1.14108
1782207420000,1.14107,1.14108,1.14092,1.14092
1782207480000,1.14094,1.14102,1.14093,1.14097
1782207540000,1.14098,1.14098,1.14084,1.14087
1782207600000,1.14086,1.14086,1.14066,1.14076
1782207660000,1.14077,1.14082,1.14075,1.14079
1782207720000,1.14081,1.14088,1.14079,1.14084
1782207780000,1.14086,1.14092,1.1408,1.1408
1782207840000,1.14081,1.14081,1.14076,1.1408
1782207900000,1.1408,1.14094,1.14078,1.14094
1782207960000,1.14093,1.14093,1.14078,1.1408
1782208020000,1.14081,1.14085,1.14077,1.14077
1782208080000,1.14077,1.14085,1.14077,1.14083
1782208140000,1.14082,1.14094,1.1408,1.14091
1782208200000,1.14089,1.14091,1.14083,1.1409
1782208260000,1.14089,1.14094,1.14084,1.14094
1782208320000,1.14095,1.141,1.14091,1.14097
1782208380000,1.14097,1.14101,1.14094,1.14096
1782208440000,1.14096,1.14102,1.14093,1.14093
1782208500000,1.14096,1.14106,1.14092,1.14106
1782208560000,1.14103,1.14104,1.14099,1.14101
1782208620000,1.141,1.1411,1.141,1.14107
1782208680000,1.14107,1.14112,1.14103,1.14104
1782208740000,1.14104,1.14112,1.14104,1.14109
1782208800000,1.1411,1.14123,1.14109,1.14118
1782208860000,1.14118,1.14123,1.14113,1.14114
1782208920000,1.14115,1.14122,1.1411,1.14119
1782208980000,1.14118,1.14121,1.14116,1.14118
1782209040000,1.1412,1.14126,1.14117,1.14119
1782209100000,1.14117,1.14117,1.14101,1.14111
1782209160000,1.14111,1.14116,1.14109,1.14114
1782209220000,1.14116,1.14117,1.14101,1.14111
1782209280000,1.14109,1.14113,1.14101,1.14103
1782209340000,1.14102,1.14106,1.14091,1.14106
1782209400000,1.14106,1.14106,1.14091,1.14093
1782209460000,1.14084,1.14088,1.1408,1.14082
1782209520000,1.14081,1.14089,1.1408,1.14081
1782209580000,1.14078,1.14078,1.1406,1.14075
1782209640000,1.14075,1.14077,1.14072,1.14076
1782209700000,1.14076,1.14095,1.14075,1.14095
1782209760000,1.14097,1.14102,1.14095,1.14099
1782209820000,1.14099,1.14101,1.14099,1.14101
1782209880000,1.141,1.14104,1.14092,1.14092
1782209940000,1.14092,1.14092,1.14073,1.14073
1782210000000,1.14073,1.14073,1.14055,1.14055
1782210060000,1.14056,1.14062,1.14047,1.14061
1782210120000,1.1406,1.14074,1.1406,1.14073
1782210180000,1.14073,1.14088,1.14073,1.14087
1782210240000,1.14084,1.14084,1.14076,1.14079
1782210300000,1.14079,1.14081,1.1407,1.14074
1782210360000,1.14074,1.14079,1.14067,1.14068
1782210420000,1.14068,1.14071,1.1406,1.1406
1782210480000,1.1406,1.14062,1.14055,1.1406
1782210540000,1.1406,1.1406,1.14049,1.14049
1782210600000,1.14048,1.1405,1.14043,1.14049
1782210660000,1.14049,1.1405,1.14043,1.14049
1782210720000,1.14047,1.14058,1.14047,1.14049
1782210780000,1.14052,1.14069,1.14052,1.14067
1782210840000,1.14065,1.14071,1.14062,1.14068
1782210900000,1.14069,1.14069,1.14063,1.14064
1782210960000,1.14065,1.14071,1.14057,1.14058
1782211020000,1.14059,1.14065,1.14053,1.14058
1782211080000,1.14056,1.14066,1.14056,1.14066
1782211140000,1.14065,1.14066,1.1406,1.14065
1782211200000,1.14063,1.14069,1.1406,1.14065
1782211260000,1.14067,1.14069,1.14061,1.14062
1782211320000,1.14062,1.14062,1.14055,1.14057
1782211380000,1.14057,1.14059,1.14054,1.14056
1782211440000,1.14055,1.14055,1.14047,1.14047
1782211500000,1.14045,1.14056,1.14045,1.14051
1782211560000,1.1405,1.1405,1.14038,1.1404
1782211620000,1.14039,1.14039,1.14028,1.14029
1782211680000,1.14028,1.1403,1.14012,1.14014
1782211740000,1.14017,1.1402,1.14002,1.14009
1782211800000,1.14009,1.1401,1.14003,1.1401
1782211860000,1.14007,1.14007,1.13981,1.13999
1782211920000,1.13999,1.14002,1.13983,1.13983
1782211980000,1.13982,1.13982,1.13955,1.13979
1782212040000,1.13979,1.13981,1.13962,1.13962
1782212100000,1.13962,1.13981,1.13962,1.13975
1782212160000,1.13973,1.1399,1.13973,1.13985
1782212220000,1.13986,1.13997,1.13986,1.13996
1782212280000,1.13998,1.14004,1.13997,1.14004
1782212340000,1.14005,1.14014,1.14004,1.14005
1782212400000,1.14006,1.14016,1.14004,1.1401
1782212460000,1.14011,1.14022,1.14004,1.1401
1782212520000,1.14012,1.14017,1.14001,1.14011
1782212580000,1.1401,1.14013,1.14001,1.14001
1782212640000,1.14003,1.14005,1.13983,1.13986
1782212700000,1.13985,1.13993,1.13982,1.13989
1782212760000,1.13989,1.13999,1.13985,1.13996
1782212820000,1.13997,1.14,1.13989,1.13994
1782212880000,1.13992,1.14006,1.13992,1.13999
1782212940000,1.14001,1.14006,1.13994,1.14
1782213000000,1.14,1.14003,1.13994,1.13998
1782213060000,1.13998,1.14007,1.13997,1.14007
1782213120000,1.14009,1.14017,1.14007,1.14016
1782213180000,1.14018,1.14023,1.14015,1.14015
1782213240000,1.14014,1.1402,1.1401,1.1402
1782213300000,1.14021,1.14022,1.14008,1.14009
1782213360000,1.14008,1.14014,1.14004,1.14007
1782213420000,1.14007,1.14009,1.13998,1.14
1782213480000,1.14001,1.14006,1.13993,1.13997
1782213540000,1.13997,1.14001,1.13994,1.13999
1782213600000,1.13995,1.14026,1.13991,1.14021
1782213660000,1.14019,1.14028,1.14003,1.14005
1782213720000,1.14004,1.14004,1.1399,1.13998
1782213780000,1.14,1.14005,1.13994,1.13994
1782213840000,1.13993,1.13993,1.13978,1.13984
1782213900000,1.13985,1.13985,1.13971,1.1398
1782213960000,1.1398,1.13989,1.1398,1.13982
1782214020000,1.13982,1.13987,1.13975,1.13978
1782214080000,1.1398,1.13985,1.13962,1.13962
1782214140000,1.13964,1.13968,1.13951,1.13954
1782214200000,1.13955,1.1396,1.13944,1.13948
1782214260000,1.13949,1.13949,1.13923,1.1394
1782214320000,1.13939,1.13945,1.13932,1.13938
1782214380000,1.13939,1.13944,1.13936,1.1394
1782214440000,1.1394,1.13942,1.1393,1.13936
1782214500000,1.13938,1.13939,1.13924,1.1393
1782214560000,1.13931,1.13931,1.13924,1.13925
1782214620000,1.13923,1.13925,1.13913,1.13915
1782214680000,1.13913,1.1393,1.13908,1.13915
1782214740000,1.13916,1.13931,1.13916,1.1393
1782214800000,1.13929,1.13929,1.13922,1.13926
1782214860000,1.13926,1.1393,1.13913,1.1393
1782214920000,1.1393,1.13941,1.13926,1.13941
1782214980000,1.1394,1.1394,1.13932,1.13934
1782215040000,1.13934,1.13935,1.13925,1.13934
1782215100000,1.13935,1.13941,1.13926,1.13941
1782215160000,1.13939,1.13939,1.13927,1.13929
1782215220000,1.13929,1.13929,1.13915,1.13916
1782215280000,1.13917,1.1392,1.13915,1.1392
1782215340000,1.1392,1.13931,1.13916,1.13931
1782215400000,1.13931,1.13935,1.13928,1.13934
1782215460000,1.13933,1.13939,1.13878,1.13884
1782215520000,1.13883,1.139,1.13882,1.13886
1782215580000,1.13886,1.13893,1.13885,1.13889
1782215640000,1.1389,1.139,1.13888,1.13894
1782215700000,1.13894,1.13896,1.1388,1.13884
1782215760000,1.13885,1.13885,1.13863,1.13863
1782215820000,1.13862,1.13863,1.13843,1.13843
1782215880000,1.13843,1.13856,1.13842,1.1385
1782215940000,1.1385,1.13858,1.13844,1.13855
1782216000000,1.13856,1.13872,1.13853,1.13861
1782216060000,1.13862,1.13907,1.13861,1.13907
1782216120000,1.13906,1.13912,1.13898,1.13901
1782216180000,1.13904,1.13913,1.13893,1.13905
1782216240000,1.13905,1.13917,1.13903,1.1391
1782216300000,1.1391,1.13919,1.1391,1.13916
1782216360000,1.13915,1.13925,1.13913,1.13919
1782216420000,1.13922,1.13932,1.13919,1.1393
1782216480000,1.13931,1.13945,1.13931,1.13942
1782216540000,1.13942,1.13942,1.13917,1.13918
1782216600000,1.13918,1.13926,1.13918,1.13924
1782216660000,1.13924,1.13924,1.13892,1.13899
1782216720000,1.13899,1.13903,1.1389,1.13898
1782216780000,1.139,1.139,1.13869,1.13872
1782216840000,1.13873,1.13879,1.13871,1.13873
1782216900000,1.13874,1.13883,1.13864,1.13881
1782216960000,1.1388,1.13896,1.13876,1.13895
1782217020000,1.13895,1.13898,1.13886,1.13898
1782217080000,1.13898,1.13898,1.13885,1.13886
1782217140000,1.13889,1.13889,1.13877,1.13877
1782217200000,1.13879,1.13884,1.13871,1.13875
1782217260000,1.13874,1.13874,1.1385,1.13851
1782217320000,1.13853,1.13855,1.13831,1.13854
1782217380000,1.13853,1.13853,1.13841,1.13851
1782217440000,1.13851,1.1387,1.13848,1.13863
1782217500000,1.13864,1.13864,1.13826,1.13828
1782217560000,1.13829,1.13859,1.13828,1.13853
1782217620000,1.13854,1.13855,1.1384,1.13849
1782217680000,1.1385,1.13858,1.13841,1.13848
1782217740000,1.1385,1.1385,1.13839,1.1384
1782217800000,1.13843,1.13867,1.13839,1.13864
1782217860000,1.13864,1.13897,1.13863,1.1389
1782217920000,1.13891,1.13905,1.1389,1.13899
1782217980000,1.13901,1.13916,1.13896,1.13915
1782218040000,1.13915,1.13917,1.13889,1.13892
1782218100000,1.13891,1.13901,1.13887,1.13899
1782218160000,1.139,1.139,1.13886,1.13897
1782218220000,1.13899,1.13906,1.13896,1.13899
1782218280000,1.13899,1.139,1.13891,1.13899
1782218340000,1.13899,1.13905,1.13895,1.13902
1782218400000,1.13902,1.13908,1.13897,1.13902
1782218460000,1.13903,1.13907,1.13888,1.1389
1782218520000,1.1389,1.13893,1.13882,1.13885
1782218580000,1.13885,1.13899,1.13883,1.13885
1782218640000,1.13886,1.13886,1.13866,1.13866
1782218700000,1.13865,1.13899,1.13864,1.13876
1782218760000,1.13877,1.13892,1.13875,1.13891
1782218820000,1.13892,1.13899,1.13879,1.13885
1782218880000,1.13886,1.13888,1.13881,1.13887
1782218940000,1.13887,1.13905,1.13881,1.13894
1782219000000,1.13892,1.139,1.1389,1.13896
1782219060000,1.13896,1.13908,1.13886,1.139
1782219120000,1.13898,1.13899,1.13886,1.1389
1782219180000,1.13889,1.13897,1.13878,1.13892
1782219240000,1.1389,1.13902,1.13888,1.13896
1782219300000,1.13897,1.13907,1.13897,1.13905
1782219360000,1.13906,1.13906,1.13901,1.13904
1782219420000,1.13903,1.13903,1.13884,1.13887
1782219480000,1.13888,1.13888,1.13864,1.13872
1782219540000,1.1387,1.13892,1.1387,1.13889
1782219600000,1.13889,1.13905,1.13885,1.13895
1782219660000,1.13896,1.13902,1.13875,1.13883
1782219720000,1.13882,1.13898,1.13882,1.13892
1782219780000,1.13894,1.13909,1.13889,1.13905
1782219840000,1.13907,1.13931,1.13905,1.13925
1782219900000,1.13926,1.13944,1.1392,1.13942
1782219960000,1.1394,1.13946,1.13933,1.13941
1782220020000,1.1394,1.1394,1.13925,1.13935
1782220080000,1.13936,1.13947,1.13925,1.13931
1782220140000,1.13931,1.13931,1.1391,1.1392
1782220200000,1.1392,1.1392,1.13895,1.139
1782220260000,1.13899,1.13902,1.13881,1.13882
1782220320000,1.1388,1.13888,1.1388,1.13881
1782220380000,1.13881,1.13885,1.13873,1.13877
1782220440000,1.13876,1.13876,1.13855,1.13862
1782220500000,1.13863,1.13866,1.13851,1.13865
1782220560000,1.13864,1.13864,1.13849,1.13854
1782220620000,1.13855,1.13866,1.13855,1.13865
1782220680000,1.13867,1.1389,1.13867,1.13885
1782220740000,1.13885,1.13886,1.13869,1.13886
1782220800000,1.13886,1.13901,1.13876,1.139
1782220860000,1.13899,1.13907,1.13893,1.13903
1782220920000,1.13905,1.13922,1.13902,1.1391
1782220980000,1.1391,1.13921,1.13906,1.13914
1782221040000,1.13915,1.13937,1.13911,1.13931
1782221100000,1.13929,1.13937,1.13905,1.13907
1782221160000,1.13906,1.13924,1.13903,1.13907
1782221220000,1.13905,1.1391,1.13889,1.13896
1782221280000,1.13894,1.13913,1.1389,1.1391
1782221340000,1.13911,1.13911,1.13894,1.13909
1782221400000,1.13911,1.13929,1.139,1.13924
1782221460000,1.13923,1.13932,1.13917,1.13932
1782221520000,1.13932,1.1395,1.13931,1.13934
1782221580000,1.13935,1.13952,1.13927,1.13942
1782221640000,1.13941,1.13966,1.1394,1.13966
1782221700000,1.13967,1.13972,1.13956,1.1397
1782221760000,1.13969,1.13986,1.13961,1.13975
1782221820000,1.13978,1.13978,1.13948,1.13955
1782221880000,1.13955,1.13967,1.13946,1.13967
1782221940000,1.13966,1.13984,1.13965,1.13975
1782222000000,1.13973,1.13986,1.13972,1.13985
1782222060000,1.13985,1.14,1.13979,1.13996
1782222120000,1.13994,1.13995,1.13979,1.13992
1782222180000,1.13991,1.13994,1.13981,1.13981
1782222240000,1.13982,1.13987,1.13967,1.13968
1782222300000,1.13969,1.1399,1.13968,1.13974
1782222360000,1.13973,1.13984,1.13971,1.13975
1782222420000,1.13976,1.13996,1.13976,1.13978
1782222480000,1.13979,1.13987,1.13974,1.13985
1782222540000,1.13986,1.13987,1.13972,1.13972
1782222600000,1.13974,1.13975,1.13953,1.13962
1782222660000,1.13963,1.13968,1.13959,1.13965
1782222720000,1.13964,1.13965,1.13944,1.1395
1782222780000,1.13953,1.13956,1.1394,1.13944
1782222840000,1.13944,1.13951,1.13932,1.13936
1782222900000,1.13934,1.13935,1.13911,1.13913
1782222960000,1.13911,1.13913,1.13897,1.13898
1782223020000,1.13898,1.13902,1.1389,1.13896
1782223080000,1.13892,1.13902,1.13887,1.13894
1782223140000,1.13894,1.13897,1.13887,1.13895
1782223200000,1.13896,1.1391,1.13882,1.13886
1782223260000,1.13887,1.13901,1.1388,1.13882
1782223320000,1.13884,1.13901,1.13881,1.139
1782223380000,1.139,1.13909,1.1389,1.13892
1782223440000,1.1389,1.13898,1.13867,1.13876
1782223500000,1.13877,1.13893,1.13864,1.13866
1782223560000,1.13866,1.13878,1.13854,1.13861
1782223620000,1.13861,1.13875,1.13854,1.13875
1782223680000,1.13875,1.13882,1.13855,1.13862
1782223740000,1.13864,1.13875,1.13857,1.13868
1782223800000,1.13868,1.13879,1.13858,1.1386
1782223860000,1.13861,1.13864,1.13848,1.13849
1782223920000,1.13847,1.13871,1.13847,1.13869
1782223980000,1.13867,1.13875,1.13863,1.13874
1782224040000,1.13872,1.13882,1.13844,1.13844
1782224100000,1.13844,1.13846,1.13825,1.13828
1782224160000,1.1383,1.13858,1.1383,1.13848
1782224220000,1.1385,1.13854,1.13833,1.13833
1782224280000,1.13835,1.13835,1.13801,1.1381
1782224340000,1.13809,1.13823,1.13808,1.13817
1782224400000,1.13816,1.13832,1.13816,1.13825
1782224460000,1.13826,1.13827,1.13805,1.13805
1782224520000,1.13805,1.13805,1.13759,1.1377
1782224580000,1.13769,1.13796,1.13768,1.13788
1782224640000,1.13788,1.13798,1.13777,1.13796
1782224700000,1.13796,1.13799,1.13788,1.13795
1782224760000,1.13795,1.13807,1.13795,1.13805
1782224820000,1.13806,1.13811,1.13795,1.13795
1782224880000,1.13794,1.13801,1.13785,1.13799
1782224940000,1.13799,1.13807,1.13792,1.13795
1782225000000,1.13796,1.13802,1.13783,1.1379
1782225060000,1.13792,1.138,1.13788,1.1379
1782225120000,1.13791,1.13792,1.13783,1.13791
1782225180000,1.13793,1.13809,1.13779,1.13779
1782225240000,1.13779,1.13792,1.13775,1.13785
1782225300000,1.13784,1.13799,1.13784,1.13795
1782225360000,1.13794,1.13796,1.13768,1.1377
1782225420000,1.13771,1.13781,1.13769,1.13769
1782225480000,1.1377,1.1378,1.13769,1.13774
1782225540000,1.13775,1.13781,1.13755,1.13772
1782225600000,1.13774,1.1378,1.13767,1.13776
1782225660000,1.13774,1.13775,1.13768,1.13768
1782225720000,1.13769,1.13777,1.13767,1.13774
1782225780000,1.13774,1.138,1.13774,1.13797
1782225840000,1.13799,1.138,1.13792,1.13799
1782225900000,1.138,1.13831,1.13799,1.13831
1782225960000,1.13829,1.13848,1.13829,1.13842
1782226020000,1.13844,1.13847,1.13821,1.13821
1782226080000,1.13821,1.13828,1.13805,1.1382
1782226140000,1.1382,1.13836,1.1382,1.1383
1782226200000,1.13827,1.13828,1.13803,1.13809
1782226260000,1.13809,1.1382,1.13804,1.13807
1782226320000,1.13809,1.13816,1.13803,1.13815
1782226380000,1.13815,1.13824,1.13809,1.13819
1782226440000,1.13818,1.13832,1.13814,1.13827
1782226500000,1.13824,1.13824,1.13787,1.13795
1782226560000,1.13795,1.13804,1.13788,1.13788
1782226620000,1.1379,1.13824,1.13785,1.13819
1782226680000,1.1382,1.13835,1.13818,1.13828
1782226740000,1.13829,1.13829,1.13816,1.13819
1782226800000,1.13819,1.13824,1.13818,1.13823
1782226860000,1.13823,1.13825,1.13814,1.1382
1782226920000,1.13822,1.13823,1.138,1.13822
1782226980000,1.13821,1.13821,1.13808,1.13814
1782227040000,1.13815,1.13829,1.13814,1.13815
1782227100000,1.13815,1.13816,1.13784,1.13784
1782227160000,1.13786,1.1379,1.13776,1.13776
1782227220000,1.13777,1.1379,1.1377,1.13787
1782227280000,1.13784,1.13787,1.13772,1.13773
1782227340000,1.1377,1.13771,1.13757,1.13763
1782227400000,1.13764,1.13778,1.13764,1.13778
1782227460000,1.1378,1.13799,1.13772,1.13799
1782227520000,1.13798,1.13799,1.13795,1.13798
1782227580000,1.13797,1.13825,1.13794,1.13824
1782227640000,1.13824,1.13839,1.13818,1.13826
1782227700000,1.13828,1.13849,1.13828,1.13849
1782227760000,1.13853,1.13853,1.1383,1.13834
1782227820000,1.13834,1.13839,1.13833,1.13837
1782227880000,1.13835,1.13839,1.1382,1.1382
1782227940000,1.13823,1.13825,1.13812,1.13814
1782228000000,1.13813,1.13824,1.13813,1.13817
1782228060000,1.13817,1.13821,1.13805,1.13805
1782228120000,1.13808,1.13821,1.13808,1.13815
1782228180000,1.13813,1.13813,1.13802,1.1381
1782228240000,1.13809,1.1383,1.13809,1.13824
1782228300000,1.13827,1.13838,1.13827,1.1383
1782228360000,1.13831,1.13834,1.13824,1.1383
1782228420000,1.13829,1.13834,1.13818,1.13834
1782228480000,1.13833,1.13836,1.13823,1.13824
1782228540000,1.13823,1.13831,1.13809,1.13809
1782228600000,1.13808,1.13827,1.13808,1.13827
1782228660000,1.13826,1.13836,1.13826,1.13826
1782228720000,1.13825,1.13844,1.13822,1.13844
1782228780000,1.13846,1.13849,1.13835,1.13841
1782228840000,1.13842,1.13842,1.1382,1.13822
1782228900000,1.1382,1.13831,1.13819,1.13819
1782228960000,1.13817,1.13829,1.13815,1.13816
1782229020000,1.13813,1.1382,1.13808,1.13812
1782229080000,1.13812,1.13812,1.13799,1.13806
1782229140000,1.13805,1.13805,1.13784,1.13784
1782229200000,1.13786,1.13788,1.1378,1.13783
1782229260000,1.13786,1.13788,1.13776,1.13779
1782229320000,1.1378,1.13786,1.13777,1.13781
1782229380000,1.13782,1.13791,1.13777,1.13789
1782229440000,1.13787,1.13792,1.1378,1.13788
1782229500000,1.1379,1.13793,1.13781,1.13784
1782229560000,1.13784,1.13787,1.13781,1.13784
1782229620000,1.13785,1.13793,1.13783,1.13789
1782229680000,1.13787,1.13789,1.1378,1.13783
1782229740000,1.13782,1.13782,1.13777,1.1378
1782229800000,1.13781,1.1379,1.13779,1.13781
1782229860000,1.13782,1.13789,1.1378,1.13789
1782229920000,1.13789,1.13799,1.13787,1.13799
1782229980000,1.13796,1.138,1.13789,1.1379
1782230040000,1.1379,1.13811,1.13789,1.1381
1782230100000,1.13809,1.13817,1.13806,1.13813
1782230160000,1.13813,1.13816,1.13799,1.138
1782230220000,1.13799,1.13823,1.13796,1.13818
1782230280000,1.13819,1.13826,1.13816,1.13816
1782230340000,1.13817,1.13828,1.13814,1.13828
1782230400000,1.13831,1.13835,1.13822,1.13824
1782230460000,1.13822,1.13822,1.13802,1.13817
1782230520000,1.13816,1.13816,1.13807,1.13808
1782230580000,1.1381,1.13823,1.13807,1.13818
1782230640000,1.13817,1.13819,1.13811,1.13818
1782230700000,1.13818,1.13828,1.13816,1.13822
1782230760000,1.13821,1.13824,1.13818,1.13821
1782230820000,1.13819,1.13822,1.13787,1.13788
1782230880000,1.1379,1.13806,1.13789,1.13804
1782230940000,1.13803,1.13809,1.13803,1.13803
1782231000000,1.13805,1.13806,1.13789,1.13799
1782231060000,1.13797,1.138,1.13794,1.13796
1782231120000,1.13797,1.138,1.13792,1.13799
1782231180000,1.13801,1.13809,1.13792,1.13793
1782231240000,1.13794,1.13837,1.13792,1.13829
1782231300000,1.13829,1.13836,1.13813,1.13819
1782231360000,1.13821,1.13824,1.13809,1.13812
1782231420000,1.13813,1.13826,1.13811,1.13824
1782231480000,1.13824,1.13832,1.13821,1.13828
1782231540000,1.13828,1.1383,1.13822,1.13823
1782231600000,1.13825,1.13837,1.13825,1.13833
1782231660000,1.13834,1.13834,1.13824,1.13828
1782231720000,1.13828,1.13834,1.13822,1.13826
1782231780000,1.13824,1.13828,1.13819,1.13822
1782231840000,1.13822,1.13832,1.13821,1.13825
1782231900000,1.13824,1.13828,1.13822,1.13822
1782231960000,1.13821,1.13827,1.13806,1.13806
1782232020000,1.13806,1.13814,1.13805,1.13814
1782232080000,1.13812,1.13812,1.13798,1.138
1782232140000,1.138,1.13807,1.13798,1.13799
1782232200000,1.13797,1.13797,1.13788,1.13789
1782232260000,1.13791,1.13798,1.13788,1.13794
1782232320000,1.13796,1.13802,1.13794,1.138
1782232380000,1.13799,1.13803,1.13795,1.13795
1782232440000,1.13796,1.13799,1.13788,1.13798
1782232500000,1.13799,1.13802,1.13798,1.138
1782232560000,1.138,1.13817,1.13799,1.13817
1782232620000,1.13814,1.13821,1.13814,1.13815
1782232680000,1.13815,1.13815,1.13808,1.13814
1782232740000,1.13815,1.13836,1.13815,1.13835
1782232800000,1.13834,1.13836,1.13831,1.13835
1782232860000,1.13834,1.13835,1.13831,1.13834
1782232920000,1.13831,1.13831,1.13827,1.13828
1782232980000,1.1383,1.13833,1.13827,1.13829
1782233040000,1.1383,1.13837,1.13828,1.13836
1782233100000,1.13836,1.13836,1.13827,1.13834
1782233160000,1.13834,1.13838,1.13832,1.13832
1782233220000,1.13831,1.13833,1.1382,1.13829
1782233280000,1.13829,1.13835,1.13829,1.13832
1782233340000,1.13833,1.13835,1.1382,1.13825
1782233400000,1.13825,1.13827,1.13823,1.13826
1782233460000,1.13827,1.13827,1.13814,1.13814
1782233520000,1.13812,1.13819,1.13812,1.13813
1782233580000,1.13813,1.13813,1.13798,1.13811
1782233640000,1.13811,1.13811,1.13805,1.13807
1782233700000,1.13809,1.13814,1.13802,1.13803
1782233760000,1.13802,1.13806,1.13794,1.13797
1782233820000,1.13797,1.13799,1.13785,1.1379
1782233880000,1.13788,1.13796,1.13788,1.13794
1782233940000,1.13793,1.13798,1.13792,1.13794
1782234000000,1.13794,1.13796,1.13779,1.13782
1782234060000,1.13782,1.13784,1.13777,1.13779
1782234120000,1.1378,1.13789,1.1378,1.13789
1782234180000,1.13789,1.13789,1.1378,1.13782
1782234240000,1.13783,1.13783,1.13772,1.13773
1782234300000,1.13773,1.1378,1.13769,1.13769
1782234360000,1.13769,1.13774,1.13764,1.13773
1782234420000,1.13773,1.13791,1.13773,1.13788
1782234480000,1.13789,1.13793,1.13781,1.13782
1782234540000,1.13783,1.13791,1.13778,1.13791
1782234600000,1.13791,1.138,1.13787,1.13788
1782234660000,1.13789,1.13795,1.13789,1.13793
1782234720000,1.13794,1.13802,1.13794,1.138
1782234780000,1.13797,1.13802,1.13791,1.13793
1782234840000,1.13794,1.13808,1.13793,1.13797
1782234900000,1.13798,1.13804,1.13798,1.13802
1782234960000,1.13802,1.13803,1.13796,1.13803
1782235020000,1.13803,1.13803,1.13794,1.13794
1782235080000,1.13797,1.13799,1.13794,1.13794
1782235140000,1.13795,1.13795,1.13788,1.1379
1782235200000,1.13792,1.13794,1.1379,1.1379
1782235260000,1.13792,1.138,1.13787,1.13798
1782235320000,1.13797,1.138,1.13797,1.138
1782235380000,1.13801,1.13806,1.13796,1.13801
1782235440000,1.13801,1.13801,1.13794,1.13795
1782235500000,1.13794,1.13795,1.13782,1.13785
1782235560000,1.13784,1.13793,1.13784,1.13793
1782235620000,1.13792,1.13792,1.13787,1.1379
1782235680000,1.1379,1.13797,1.1379,1.13795
1782235740000,1.13795,1.13795,1.13784,1.13784
1782235800000,1.13786,1.13788,1.13785,1.13787
1782235860000,1.13786,1.13795,1.13786,1.13786
1782235920000,1.13784,1.13792,1.13784,1.13792
1782235980000,1.13794,1.138,1.13793,1.13799
1782236040000,1.13798,1.13804,1.13798,1.13803
1782236100000,1.13801,1.13807,1.13785,1.13785
1782236160000,1.13787,1.13795,1.13786,1.13793
1782236220000,1.13794,1.13801,1.13794,1.13801
1782236280000,1.13799,1.138,1.1379,1.1379
1782236340000,1.13789,1.138,1.13789,1.138
1782236400000,1.13799,1.13804,1.13796,1.13799
1782236460000,1.13801,1.13809,1.13797,1.13808
1782236520000,1.1381,1.13816,1.13808,1.13816
1782236580000,1.13815,1.13815,1.13805,1.13811
1782236640000,1.13808,1.13811,1.13806,1.1381
1782236700000,1.1381,1.13811,1.13806,1.1381
1782236760000,1.1381,1.1381,1.13803,1.13804
1782236820000,1.13805,1.13806,1.13797,1.138
1782236880000,1.138,1.13804,1.13799,1.13804
1782236940000,1.13805,1.13805,1.13798,1.13798
1782237000000,1.13799,1.13801,1.13795,1.13801
1782237060000,1.13799,1.138,1.13798,1.138
1782237120000,1.13799,1.13805,1.13799,1.138
1782237180000,1.13799,1.13799,1.13789,1.13793
1782237240000,1.13794,1.13804,1.13794,1.13803
1782237300000,1.13802,1.13804,1.13793,1.13797
1782237360000,1.13798,1.138,1.13789,1.13794
1782237420000,1.13794,1.13795,1.13785,1.1379
1782237480000,1.1379,1.138,1.1379,1.13796
1782237540000,1.13795,1.13795,1.13791,1.13793
1782237600000,1.13795,1.13805,1.13795,1.13803
1782237660000,1.13802,1.13804,1.13793,1.13799
1782237720000,1.138,1.13806,1.13799,1.138
1782237780000,1.13799,1.138,1.13795,1.138
1782237840000,1.138,1.138,1.13786,1.1379
1782237900000,1.13792,1.13801,1.13792,1.138
1782237960000,1.13799,1.13799,1.1379,1.1379
1782238020000,1.13789,1.13789,1.13787,1.13789
1782238080000,1.1379,1.13798,1.13785,1.13798
1782238140000,1.13796,1.13798,1.13792,1.13798
1782238200000,1.138,1.13804,1.13798,1.13803
1782238260000,1.13803,1.13804,1.13801,1.13802
1782238320000,1.13801,1.13801,1.13794,1.13794
1782238380000,1.13796,1.13799,1.13794,1.13794
1782238440000,1.13795,1.13804,1.13795,1.13799
1782238500000,1.13798,1.13802,1.13798,1.13799
1782238560000,1.13802,1.13803,1.138,1.138
1782238620000,1.13802,1.13802,1.13796,1.13797
1782238680000,1.13799,1.138,1.13794,1.13794
1782238740000,1.13795,1.13798,1.13795,1.13795
1782238800000,1.13794,1.13794,1.13789,1.13794
1782238860000,1.13795,1.13797,1.13794,1.13794
1782238920000,1.13795,1.13805,1.13791,1.13804
1782238980000,1.13804,1.13804,1.13789,1.13794
1782239040000,1.13794,1.13799,1.13794,1.13799
1782239100000,1.13797,1.13799,1.13792,1.13798
1782239160000,1.13799,1.13799,1.13792,1.13794
1782239220000,1.13795,1.13795,1.13789,1.13789
1782239280000,1.13791,1.13796,1.13791,1.13793
1782239340000,1.13792,1.13792,1.13787,1.13787
1782239400000,1.13787,1.13787,1.13783,1.13784
1782239460000,1.13784,1.13791,1.13783,1.13787
1782239520000,1.13786,1.13787,1.13784,1.13784
1782239580000,1.13784,1.13792,1.13784,1.13792
1782239640000,1.13792,1.13794,1.1379,1.13792
1782239700000,1.13794,1.13794,1.13789,1.1379
1782239760000,1.1379,1.13793,1.13786,1.13786
1782239820000,1.13786,1.13797,1.13786,1.13791
1782239880000,1.13789,1.13789,1.13767,1.13774
1782239940000,1.13775,1.13775,1.13768,1.13768
1782240000000,1.13768,1.13771,1.1376,1.13766
1782240060000,1.13766,1.13767,1.13762,1.13767
1782240120000,1.13767,1.13769,1.13764,1.13764
1782240180000,1.13763,1.13767,1.13762,1.13763
1782240240000,1.13763,1.13766,1.1376,1.13761
1782240300000,1.13762,1.13769,1.13761,1.13765
1782240360000,1.13765,1.13768,1.13762,1.13762
1782240420000,1.13763,1.13767,1.13763,1.13764
1782240480000,1.13764,1.13767,1.13764,1.13766
1782240540000,1.13765,1.13765,1.13765,1.13765
1782240600000,1.13765,1.13778,1.13765,1.13778
1782240660000,1.1378,1.13783,1.13774,1.13775
1782240720000,1.13775,1.1378,1.13773,1.1378
1782240780000,1.1378,1.13783,1.13772,1.1378
1782240840000,1.13778,1.13781,1.13778,1.13781
1782240900000,1.1378,1.1378,1.13773,1.13773
1782240960000,1.13775,1.1378,1.13775,1.13777
1782241020000,1.13778,1.1378,1.1377,1.13771
1782241080000,1.13773,1.13781,1.13769,1.13781
1782241140000,1.13783,1.13788,1.13778,1.13785
1782241200000,1.13786,1.13791,1.13785,1.13789
1782241260000,1.13788,1.13798,1.13786,1.13798
1782241320000,1.13797,1.138,1.13793,1.138
1782241380000,1.13799,1.13803,1.13798,1.138
1782241440000,1.13801,1.13817,1.13801,1.13808
1782241500000,1.13808,1.13819,1.13808,1.13812
1782241560000,1.1381,1.13823,1.13808,1.13813
1782241620000,1.13815,1.13815,1.13799,1.13803
1782241680000,1.13803,1.13812,1.13803,1.13811
1782241740000,1.13811,1.1382,1.13811,1.1382
1782241800000,1.13817,1.13827,1.13817,1.13822
1782241860000,1.13824,1.13825,1.13813,1.13819
1782241920000,1.13818,1.13823,1.13818,1.13823
1782241980000,1.13821,1.13822,1.13816,1.13817
1782242040000,1.13817,1.1382,1.13815,1.1382
1782242100000,1.1382,1.13823,1.13814,1.13815
1782242160000,1.13815,1.13815,1.13811,1.13813
1782242220000,1.13812,1.13813,1.13806,1.13806
1782242280000,1.13807,1.13807,1.13801,1.13805
1782242340000,1.13804,1.13805,1.13803,1.13804
1782242400000,1.13804,1.13804,1.13801,1.13803
1782242460000,1.13802,1.13807,1.13802,1.13807
1782242520000,1.13807,1.13808,1.13804,1.13806
1782242580000,1.13805,1.13816,1.13805,1.13815
1782242640000,1.13814,1.13815,1.13811,1.13814
1782242700000,1.13818,1.13818,1.13814,1.13815
1782242760000,1.13817,1.13818,1.13813,1.13814
1782242820000,1.13815,1.13815,1.13811,1.13812
1782242880000,1.13812,1.13814,1.1381,1.13811
1782242940000,1.13812,1.13815,1.13811,1.13812
1782243000000,1.13813,1.13819,1.13812,1.13815
1782243060000,1.13816,1.13817,1.13812,1.13812
1782243120000,1.13811,1.13816,1.13806,1.13815
1782243180000,1.13816,1.13819,1.13815,1.13818
1782243240000,1.13817,1.13817,1.13813,1.13813
1782243300000,1.13815,1.13815,1.13809,1.13812
1782243360000,1.13814,1.13814,1.13811,1.13812
1782243420000,1.13812,1.13812,1.13803,1.13803
1782243480000,1.13803,1.13807,1.13799,1.138
1782243540000,1.138,1.13805,1.138,1.13802
1782243600000,1.13803,1.13805,1.13803,1.13804
1782243660000,1.13803,1.13808,1.13803,1.13808
1782243720000,1.13809,1.13809,1.13799,1.138
1782243780000,1.13802,1.13807,1.13802,1.13807
1782243840000,1.13807,1.1381,1.13805,1.13805
1782243900000,1.13804,1.13813,1.13803,1.13813
1782243960000,1.13811,1.13812,1.13806,1.1381
1782244020000,1.13808,1.13811,1.13806,1.13806
1782244080000,1.13805,1.13809,1.13805,1.13805
1782244140000,1.13806,1.13808,1.13803,1.13804
1782244200000,1.13806,1.13808,1.13796,1.13799
1782244260000,1.13799,1.13805,1.13799,1.13802
1782244320000,1.13801,1.13802,1.13796,1.13799
1782244380000,1.138,1.13805,1.13797,1.13805
1782244440000,1.13806,1.13808,1.13803,1.13804
1782244500000,1.13802,1.13806,1.13799,1.13804
1782244560000,1.13805,1.13811,1.13804,1.13811
1782244620000,1.13809,1.13812,1.13807,1.13807
1782244680000,1.13806,1.13812,1.13805,1.13805
1782244740000,1.13803,1.13804,1.13789,1.13789
1782244800000,1.1379,1.13793,1.13778,1.13785
1782244860000,1.13784,1.1379,1.13783,1.13786
1782244920000,1.13785,1.13792,1.13779,1.13791
1782244980000,1.13791,1.13793,1.13791,1.13792
1782245040000,1.13792,1.13792,1.13789,1.13791
1782245100000,1.13793,1.13803,1.13793,1.13802
1782245160000,1.13804,1.13804,1.13802,1.13802
1782245220000,1.138,1.13801,1.13799,1.138
1782245280000,1.13801,1.13803,1.13797,1.13797
1782245340000,1.13795,1.13795,1.13792,1.13794
1782245400000,1.13795,1.13795,1.13787,1.13787
1782245460000,1.13785,1.13798,1.13785,1.13797
1782245520000,1.13795,1.13795,1.13791,1.13793
1782245580000,1.13795,1.13797,1.13793,1.13794
1782245640000,1.13794,1.13798,1.13794,1.13795
1782245700000,1.13796,1.13799,1.13794,1.13798
1782245760000,1.13796,1.13796,1.13791,1.13793
1782245820000,1.13793,1.13794,1.13791,1.13791
1782245880000,1.13791,1.13793,1.13791,1.13791
1782245940000,1.13793,1.13796,1.13793,1.13796
1782246000000,1.13796,1.13796,1.1379,1.13792
1782246060000,1.13794,1.13794,1.13793,1.13794
1782246120000,1.13794,1.13794,1.13793,1.13794
1782246180000,1.13791,1.13791,1.13783,1.13783
1782246240000,1.13784,1.13791,1.13784,1.13791
1782246300000,1.13792,1.13792,1.13788,1.1379
1782246360000,1.13791,1.13799,1.13791,1.13798
1782246420000,1.13797,1.13797,1.13791,1.13793
1782246480000,1.13793,1.13798,1.13793,1.13798
1782246540000,1.13796,1.13798,1.1379,1.13795
1782246600000,1.13795,1.13795,1.13792,1.13793
1782246660000,1.13795,1.13798,1.13794,1.13794
1782246720000,1.13795,1.13802,1.13795,1.138
1782246780000,1.13802,1.13802,1.13798,1.13798
1782246840000,1.138,1.13803,1.138,1.13803
1782246900000,1.13801,1.13801,1.13797,1.13797
1782246960000,1.13796,1.13797,1.13792,1.13793
1782247020000,1.13794,1.13794,1.13793,1.13794
1782247080000,1.13794,1.13795,1.1379,1.13793
1782247140000,1.13792,1.13792,1.13788,1.13788
1782247200000,1.1379,1.13795,1.1379,1.13794
1782247260000,1.13794,1.13794,1.13794,1.13794
1782247320000,1.13794,1.13795,1.13793,1.13793
1782247380000,1.13795,1.13798,1.13794,1.13798
1782247440000,1.13798,1.13802,1.13796,1.13801
1782247500000,1.138,1.13803,1.138,1.13802
1782247560000,1.13802,1.13804,1.13799,1.13804
1782247620000,1.13804,1.13805,1.13802,1.13803
1782247680000,1.13804,1.13804,1.13799,1.13801
1782247740000,1.13801,1.13805,1.138,1.13804
1782247800000,1.13803,1.13811,1.13803,1.13807
1782247860000,1.13809,1.13809,1.13804,1.13805
1782247920000,1.13808,1.13814,1.13808,1.13812
1782247980000,1.13813,1.13813,1.13806,1.13809
1782248040000,1.13811,1.13812,1.13809,1.1381
1782248100000,1.1381,1.13813,1.1381,1.13812
1782248160000,1.13811,1.13815,1.13811,1.13813
1782248220000,1.13812,1.13815,1.13812,1.13814
1782248280000,1.13814,1.13814,1.13813,1.13813
1782248340000,1.13814,1.13819,1.13794,1.13812
1782248400000,1.13812,1.13821,1.13791,1.1382
1782248460000,1.13824,1.13825,1.13824,1.13825
1782248520000,1.13824,1.13824,1.13824,1.13824
1782248580000,1.13824,1.13824,1.13822,1.13822
1782248640000,1.13824,1.13824,1.13823,1.13823
1782248700000,1.1382,1.13823,1.1382,1.13823
1782248760000,1.13823,1.13823,1.13823,1.13823
1782248820000,1.13824,1.13824,1.13822,1.13822
1782248880000,1.13823,1.13824,1.13823,1.13823
1782248940000,1.13823,1.13825,1.13823,1.13825
1782249000000,1.13824,1.13825,1.13824,1.13824
1782249060000,1.13825,1.13825,1.13822,1.13822
1782249120000,1.13821,1.13828,1.13821,1.13828
1782249180000,1.13828,1.13828,1.13827,1.13827
1782249240000,1.13828,1.13828,1.13827,1.13827
1782249300000,1.1383,1.1383,1.13828,1.13828
1782249360000,1.13829,1.1383,1.13828,1.13828
1782249420000,1.13829,1.1383,1.13828,1.1383
1782249480000,1.1383,1.13832,1.13827,1.13832
1782249540000,1.13831,1.13832,1.13827,1.13831
1782249600000,1.13831,1.13831,1.13827,1.1383
1782249660000,1.13828,1.1383,1.13826,1.13827
1782249720000,1.13827,1.13827,1.13826,1.13827
1782249780000,1.13826,1.13828,1.13826,1.13826
1782249840000,1.13826,1.13828,1.13826,1.13826
1782249900000,1.13827,1.13827,1.13827,1.13827
1782249960000,1.13826,1.13827,1.13826,1.13827
1782250020000,1.13826,1.1383,1.13826,1.1383
1782250080000,1.13828,1.13831,1.13827,1.13829
1782250140000,1.13828,1.13829,1.13826,1.13828
1782250200000,1.13826,1.13828,1.13826,1.13827
1782250260000,1.13827,1.13828,1.13827,1.13828
1782250320000,1.13827,1.13829,1.13827,1.13829
1782250380000,1.13827,1.13828,1.13827,1.13828
1782250440000,1.13828,1.13829,1.13826,1.13827
1782250500000,1.13826,1.13829,1.13826,1.13829
1782250560000,1.1383,1.1383,1.13827,1.13829
1782250620000,1.13829,1.13829,1.13826,1.13826
1782250680000,1.13826,1.13826,1.13826,1.13826
1782250740000,1.13826,1.13829,1.13826,1.13827
1782250800000,1.13827,1.13827,1.13827,1.13827
1782250860000,1.13829,1.13829,1.13826,1.13826
1782250920000,1.13828,1.13828,1.13826,1.13827
1782250980000,1.13827,1.13827,1.13827,1.13827
1782251040000,1.13827,1.13836,1.13827,1.13836
1782251100000,1.13835,1.13835,1.13826,1.13828
1782251160000,1.13834,1.13835,1.1383,1.1383
1782251220000,1.13833,1.13833,1.13828,1.13829
1782251280000,1.13835,1.13835,1.13827,1.13828
1782251340000,1.13827,1.13835,1.13827,1.13831
1782251400000,1.1383,1.13835,1.1383,1.13835
1782251460000,1.13835,1.13836,1.1383,1.1383
1782251520000,1.1383,1.1383,1.13827,1.13829
1782251580000,1.13829,1.13829,1.13829,1.13829
1782251640000,1.1383,1.1383,1.1383,1.1383
1782251700000,1.13829,1.13829,1.13829,1.13829
1782251760000,1.13829,1.1383,1.13829,1.1383
1782251820000,1.13829,1.1383,1.13829,1.13829
1782251880000,1.1383,1.1383,1.1383,1.1383
1782251940000,1.1383,1.1383,1.1383,1.1383
1782252000000,1.1383,1.1383,1.13817,1.13818
1782252060000,1.13819,1.13827,1.13806,1.13811
1782252120000,1.13805,1.13807,1.13784,1.13788
1782252180000,1.1379,1.13792,1.1379,1.13792
1782252240000,1.13791,1.13794,1.13791,1.13794
1782252300000,1.13794,1.13802,1.13794,1.13799
1782252360000,1.138,1.138,1.13798,1.13799
1782252420000,1.13799,1.13801,1.13799,1.138
1782252480000,1.13799,1.13799,1.13792,1.13799
1782252540000,1.13799,1.13799,1.13799,1.13799
1782252600000,1.138,1.138,1.138,1.138
1782252660000,1.13799,1.13799,1.13798,1.13798
1782252720000,1.13797,1.13802,1.13797,1.13802
1782252780000,1.13802,1.13805,1.13801,1.13804
1782252840000,1.13803,1.13803,1.13802,1.13803
1782252900000,1.13804,1.13805,1.13796,1.13797
1782252960000,1.13797,1.13797,1.13797,1.13797
1782253020000,1.13797,1.13801,1.13795,1.13798
1782253080000,1.13798,1.138,1.13798,1.138
1782253140000,1.138,1.138,1.13798,1.13799
1782253200000,1.138,1.138,1.13797,1.13797
1782253260000,1.13797,1.13798,1.13795,1.13798
1782253320000,1.13799,1.13799,1.13793,1.13793
1782253380000,1.13795,1.13797,1.13794,1.13794
1782253440000,1.13794,1.13796,1.13793,1.13793
1782253500000,1.13793,1.13796,1.13793,1.13794
1782253560000,1.13795,1.138,1.13794,1.13798
1782253620000,1.13798,1.13802,1.13798,1.138
1782253680000,1.138,1.13802,1.13798,1.13798
1782253740000,1.13799,1.13799,1.13792,1.13792
1782253800000,1.13793,1.13803,1.13793,1.13803
1782253860000,1.13802,1.13802,1.138,1.138
1782253920000,1.13802,1.13805,1.138,1.13802
1782253980000,1.13801,1.13801,1.13797,1.13797
1782254040000,1.13798,1.13798,1.13793,1.13795
1782254100000,1.13795,1.13801,1.13795,1.138
1782254160000,1.13802,1.13803,1.13798,1.13802
1782254220000,1.138,1.13803,1.13798,1.13798
1782254280000,1.13799,1.13804,1.13799,1.13804
1782254340000,1.13802,1.13803,1.13802,1.13803
1782254400000,1.13806,1.13809,1.13805,1.13805
1782254460000,1.13805,1.13809,1.13804,1.13807
1782254520000,1.13805,1.13809,1.13805,1.13809
1782254580000,1.13807,1.13809,1.13806,1.13807
1782254640000,1.13807,1.13808,1.13807,1.13808
1782254700000,1.1381,1.13815,1.13808,1.13815
1782254760000,1.13815,1.13815,1.13811,1.13814
1782254820000,1.13814,1.13814,1.13812,1.13812
1782254880000,1.13812,1.13814,1.13812,1.13813
1782254940000,1.13814,1.13814,1.13813,1.13813
1782255000000,1.13813,1.13819,1.13812,1.13818
1782255060000,1.13819,1.13819,1.13812,1.13813
1782255120000,1.13813,1.13817,1.13812,1.13817
1782255180000,1.13819,1.13821,1.13818,1.13821
1782255240000,1.13819,1.13819,1.13814,1.13816
1782255300000,1.13814,1.13815,1.13812,1.13812
1782255360000,1.13812,1.13812,1.13812,1.13812
1782255420000,1.13813,1.13813,1.13811,1.13813
1782255480000,1.13813,1.13813,1.13812,1.13812
1782255540000,1.13812,1.13812,1.13812,1.13812
1782255600000,1.13814,1.13814,1.13808,1.13809
1782255660000,1.13808,1.13813,1.13808,1.13813
1782255720000,1.13813,1.1382,1.13813,1.13818
1782255780000,1.13819,1.13819,1.13818,1.13819
1782255840000,1.13819,1.13819,1.13819,1.13819
1782255900000,1.13818,1.13823,1.13816,1.13823
1782255960000,1.1382,1.13823,1.13818,1.13819
1782256020000,1.13819,1.13822,1.13816,1.13817
1782256080000,1.13815,1.13816,1.13811,1.13815
1782256140000,1.13813,1.13819,1.13813,1.13818
1782256200000,1.13815,1.13815,1.13814,1.13814
1782256260000,1.13812,1.13814,1.13809,1.13814
1782256320000,1.13813,1.13813,1.13813,1.13813
1782256380000,1.13814,1.13814,1.13814,1.13814
1782256440000,1.13814,1.13814,1.13814,1.13814
1782256500000,1.13815,1.1382,1.13815,1.1382
1782256560000,1.1382,1.1382,1.13819,1.13819
1782256620000,1.13818,1.13818,1.13814,1.13815
1782256680000,1.13812,1.13814,1.13812,1.13814
1782256740000,1.13814,1.13814,1.13813,1.13814
1782256800000,1.13813,1.13814,1.13813,1.13814
1782256860000,1.13815,1.13817,1.13814,1.13814
1782256920000,1.13817,1.13819,1.13817,1.13819
1782256980000,1.13819,1.13819,1.13819,1.13819
1782257040000,1.1382,1.1382,1.1382,1.1382
1782257100000,1.13818,1.13818,1.13818,1.13818
1782257160000,1.13818,1.13818,1.13804,1.13805
1782257220000,1.13804,1.13809,1.13804,1.13806
1782257280000,1.13805,1.13805,1.13802,1.13802
1782257340000,1.13802,1.13803,1.13801,1.13802
1782257400000,1.138,1.13801,1.13799,1.13799
1782257460000,1.138,1.138,1.13788,1.13791
1782257520000,1.13792,1.13798,1.13788,1.13796
1782257580000,1.13796,1.13796,1.13793,1.13795
1782257640000,1.13791,1.13794,1.13791,1.13794
1782257700000,1.13794,1.13801,1.13794,1.138
1782257760000,1.13803,1.13804,1.13802,1.13804
1782257820000,1.13804,1.13804,1.13802,1.13803
1782257880000,1.13804,1.13804,1.138,1.13802
1782257940000,1.13803,1.13804,1.13794,1.13797
1782258000000,1.13797,1.138,1.13795,1.13799
1782258060000,1.13799,1.13799,1.13795,1.13797
1782258120000,1.13798,1.13803,1.13798,1.13802
1782258180000,1.13803,1.13803,1.13801,1.13803
1782258240000,1.13801,1.1382,1.13801,1.1382
1782258300000,1.13821,1.13823,1.13816,1.13822
1782258360000,1.13823,1.13829,1.13822,1.13824
1782258420000,1.13823,1.13828,1.13822,1.13827
1782258480000,1.13826,1.1383,1.13826,1.13829
1782258540000,1.13828,1.13829,1.13828,1.13829
1782258600000,1.13828,1.13835,1.13826,1.13829
1782258660000,1.13829,1.13829,1.13827,1.13828
1782258720000,1.13828,1.13829,1.13825,1.13828
1782258780000,1.13829,1.13829,1.13823,1.13823
1782258840000,1.13823,1.13823,1.13814,1.13814
1782258900000,1.13813,1.13813,1.13803,1.13804
1782258960000,1.13806,1.13809,1.13804,1.13807
1782259020000,1.13805,1.13805,1.13792,1.13792
1782259080000,1.13789,1.13798,1.13787,1.13797
1782259140000,1.13796,1.13796,1.13788,1.13789
1782432000000,1.13613,1.13637,1.13608,1.13636
1782432060000,1.13635,1.13637,1.13612,1.13615
1782432120000,1.13615,1.13619,1.13611,1.13619
1782432180000,1.13618,1.1363,1.13614,1.13616
1782432240000,1.13617,1.13623,1.13614,1.13619
1782432300000,1.13619,1.13622,1.13615,1.13622
1782432360000,1.1362,1.1363,1.1362,1.13629
1782432420000,1.13629,1.13629,1.1362,1.13621
1782432480000,1.1362,1.13627,1.13618,1.13625
1782432540000,1.13626,1.13631,1.13626,1.13631
1782432600000,1.13629,1.13629,1.13617,1.13624
1782432660000,1.13623,1.13626,1.13616,1.13617
1782432720000,1.13617,1.13622,1.13615,1.13615
1782432780000,1.13616,1.13622,1.13616,1.13619
1782432840000,1.13621,1.13636,1.13621,1.13636
1782432900000,1.13634,1.13637,1.13626,1.13634
1782432960000,1.13632,1.13632,1.13623,1.13623
1782433020000,1.13623,1.13633,1.13623,1.13631
1782433080000,1.13633,1.13635,1.13621,1.13626
1782433140000,1.13626,1.13628,1.13622,1.13625
1782433200000,1.13624,1.13627,1.13621,1.13627
1782433260000,1.13627,1.13632,1.13627,1.13632
1782433320000,1.13631,1.13641,1.1363,1.13641
1782433380000,1.13642,1.13643,1.13639,1.13642
1782433440000,1.13643,1.13646,1.13642,1.13643
1782433500000,1.13643,1.13643,1.13636,1.13636
1782433560000,1.13634,1.13634,1.13627,1.13632
1782433620000,1.1363,1.13636,1.13627,1.13629
1782433680000,1.1363,1.13642,1.13626,1.1364
1782433740000,1.13642,1.13647,1.13637,1.13647
1782433800000,1.13647,1.13651,1.1364,1.13642
1782433860000,1.13644,1.13656,1.13644,1.1365
1782433920000,1.13651,1.13657,1.13644,1.13644
1782433980000,1.13643,1.13646,1.1364,1.13644
1782434040000,1.13645,1.13647,1.13642,1.13647
1782434100000,1.13647,1.13651,1.13646,1.13647
1782434160000,1.13648,1.1366,1.13647,1.13655
1782434220000,1.13656,1.13656,1.13646,1.13651
1782434280000,1.1365,1.1365,1.13642,1.13642
1782434340000,1.1364,1.13642,1.13633,1.13633
1782434400000,1.13633,1.13641,1.13631,1.13641
1782434460000,1.1364,1.1364,1.13633,1.13637
1782434520000,1.13637,1.13645,1.13637,1.13642
1782434580000,1.13644,1.13653,1.13643,1.13651
1782434640000,1.13651,1.13651,1.13645,1.13647
1782434700000,1.13648,1.13653,1.13647,1.13651
1782434760000,1.13653,1.13667,1.13653,1.13667
1782434820000,1.13666,1.13667,1.1366,1.13666
1782434880000,1.13664,1.13666,1.13651,1.13655
1782434940000,1.13656,1.13657,1.13655,1.13657
1782435000000,1.13656,1.13657,1.13653,1.13657
1782435060000,1.1366,1.13669,1.1366,1.13666
1782435120000,1.13667,1.13669,1.13661,1.13662
1782435180000,1.13662,1.13662,1.13644,1.13644
1782435240000,1.13643,1.13643,1.13629,1.13637
1782435300000,1.13635,1.13649,1.13635,1.13645
1782435360000,1.13648,1.13648,1.13641,1.13646
1782435420000,1.13648,1.13654,1.13647,1.13652
1782435480000,1.13652,1.13655,1.13649,1.13654
1782435540000,1.13653,1.13654,1.13648,1.13648
1782435600000,1.13646,1.13666,1.13645,1.13666
1782435660000,1.13666,1.1367,1.13664,1.13665
1782435720000,1.13667,1.13669,1.1366,1.13666
1782435780000,1.13665,1.1367,1.13664,1.13667
1782435840000,1.13666,1.1367,1.1366,1.13665
1782435900000,1.13667,1.13667,1.13654,1.13655
1782435960000,1.13657,1.13668,1.13655,1.13665
1782436020000,1.13666,1.1367,1.1366,1.13665
1782436080000,1.13665,1.13672,1.13665,1.13672
1782436140000,1.13671,1.13671,1.13665,1.13671
1782436200000,1.13672,1.13687,1.13672,1.13687
1782436260000,1.13685,1.13691,1.1368,1.13686
1782436320000,1.13685,1.13686,1.13681,1.13681
1782436380000,1.1368,1.13682,1.13679,1.1368
1782436440000,1.1368,1.1368,1.13664,1.13672
1782436500000,1.13672,1.13676,1.13655,1.13674
1782436560000,1.13672,1.13682,1.13666,1.13682
1782436620000,1.13681,1.13681,1.13674,1.13674
1782436680000,1.13673,1.13675,1.1367,1.13672
1782436740000,1.13671,1.13673,1.13665,1.13671
1782436800000,1.13671,1.13674,1.13666,1.1367
1782436860000,1.13668,1.13669,1.13656,1.13657
1782436920000,1.13656,1.13662,1.13655,1.13657
1782436980000,1.13655,1.13655,1.1365,1.13651
1782437040000,1.13651,1.13651,1.13647,1.1365
1782437100000,1.13649,1.13649,1.13643,1.13645
1782437160000,1.13645,1.13651,1.13643,1.13651
1782437220000,1.13647,1.1365,1.13646,1.1365
1782437280000,1.13649,1.13655,1.13648,1.13655
1782437340000,1.13653,1.13656,1.13653,1.13656
1782437400000,1.13658,1.13662,1.1365,1.13656
1782437460000,1.13657,1.13661,1.13654,1.13654
1782437520000,1.13654,1.13654,1.13636,1.13636
1782437580000,1.13636,1.13644,1.13627,1.13627
1782437640000,1.13626,1.13626,1.13611,1.13613
1782437700000,1.1361,1.1361,1.13587,1.1359
1782437760000,1.13588,1.13592,1.13577,1.13578
1782437820000,1.13579,1.13585,1.13577,1.13581
1782437880000,1.1358,1.13586,1.13577,1.13581
1782437940000,1.13582,1.13592,1.13581,1.13592
1782438000000,1.13588,1.13591,1.13584,1.13591
1782438060000,1.13591,1.13591,1.13581,1.13582
1782438120000,1.13583,1.13589,1.13581,1.13586
1782438180000,1.13587,1.13589,1.13584,1.13589
1782438240000,1.13588,1.13596,1.13587,1.13588
1782438300000,1.13589,1.13597,1.13584,1.13584
1782438360000,1.13584,1.13586,1.13578,1.13584
1782438420000,1.13584,1.13587,1.1358,1.1358
1782438480000,1.13579,1.13584,1.13579,1.13584
1782438540000,1.13584,1.13585,1.13579,1.13579
1782438600000,1.13581,1.13584,1.13578,1.1358
1782438660000,1.13579,1.13581,1.13577,1.1358
1782438720000,1.13578,1.13584,1.13576,1.13581
1782438780000,1.1358,1.13584,1.1358,1.13583
1782438840000,1.13583,1.13585,1.13578,1.13581
1782438900000,1.13583,1.13583,1.13578,1.13582
1782438960000,1.13582,1.13586,1.13578,1.13579
1782439020000,1.13579,1.13579,1.13564,1.13567
1782439080000,1.13567,1.13588,1.13567,1.13579
1782439140000,1.13579,1.13597,1.13578,1.13596
1782439200000,1.13596,1.13598,1.13591,1.13595
1782439260000,1.13594,1.136,1.13591,1.13592
1782439320000,1.13593,1.13605,1.13593,1.13603
1782439380000,1.13604,1.13612,1.13604,1.13607
1782439440000,1.13608,1.13621,1.13608,1.13615
1782439500000,1.13615,1.13627,1.13615,1.13621
1782439560000,1.1362,1.13623,1.13614,1.1362
1782439620000,1.1362,1.13626,1.13618,1.1362
1782439680000,1.13622,1.13622,1.13618,1.13622
1782439740000,1.13622,1.13625,1.13616,1.13616
1782439800000,1.13616,1.13617,1.13611,1.13611
1782439860000,1.13611,1.13611,1.1359,1.13591
1782439920000,1.13593,1.13603,1.13592,1.13603
1782439980000,1.13602,1.13602,1.13593,1.13599
1782440040000,1.13597,1.13598,1.13584,1.13585
1782440100000,1.13584,1.13586,1.13567,1.1357
1782440160000,1.13568,1.13581,1.13568,1.1358
1782440220000,1.1358,1.13589,1.13579,1.13589
1782440280000,1.13587,1.13589,1.13579,1.1358
1782440340000,1.1358,1.1358,1.13563,1.13565
1782440400000,1.13569,1.13574,1.13563,1.13568
1782440460000,1.13569,1.13572,1.13558,1.13558
1782440520000,1.13558,1.1356,1.13556,1.13559
1782440580000,1.13561,1.13565,1.13561,1.13562
1782440640000,1.13562,1.13564,1.13542,1.13549
1782440700000,1.1355,1.1356,1.13548,1.13554
1782440760000,1.13555,1.13564,1.13555,1.1356
1782440820000,1.13561,1.13564,1.1354,1.13542
1782440880000,1.13544,1.13553,1.13544,1.13553
1782440940000,1.13555,1.13556,1.13552,1.13553
1782441000000,1.13557,1.13557,1.13552,1.13553
1782441060000,1.13554,1.13562,1.13554,1.1356
1782441120000,1.1356,1.1356,1.13552,1.13559
1782441180000,1.13558,1.13562,1.13553,1.13561
1782441240000,1.13562,1.13565,1.13558,1.1356
1782441300000,1.13558,1.1356,1.13558,1.1356
1782441360000,1.13559,1.13564,1.13559,1.13559
1782441420000,1.1356,1.1356,1.13554,1.13554
1782441480000,1.13555,1.13555,1.1355,1.13555
1782441540000,1.13555,1.1357,1.13555,1.13564
1782441600000,1.13564,1.13564,1.13558,1.1356
1782441660000,1.13564,1.13575,1.13558,1.13574
1782441720000,1.13576,1.13601,1.13576,1.13601
1782441780000,1.136,1.136,1.1359,1.13591
1782441840000,1.13591,1.13591,1.13582,1.13589
1782441900000,1.13589,1.13591,1.13585,1.13587
1782441960000,1.13588,1.1359,1.13583,1.13584
1782442020000,1.13586,1.1359,1.13585,1.13589
1782442080000,1.13591,1.13592,1.13587,1.13591
1782442140000,1.13591,1.13591,1.13582,1.13586
1782442200000,1.13587,1.13598,1.13584,1.1359
1782442260000,1.13589,1.13592,1.13584,1.13586
1782442320000,1.13585,1.13586,1.13579,1.1358
1782442380000,1.1358,1.13582,1.13574,1.13581
1782442440000,1.13582,1.13586,1.13579,1.1358
1782442500000,1.13581,1.13581,1.1357,1.1357
1782442560000,1.13571,1.13583,1.1357,1.13583
1782442620000,1.13584,1.13587,1.13574,1.13577
1782442680000,1.13578,1.13588,1.13576,1.13584
1782442740000,1.13585,1.13592,1.13585,1.1359
1782442800000,1.1359,1.13597,1.13584,1.13592
1782442860000,1.1359,1.13592,1.13584,1.13585
1782442920000,1.13587,1.13605,1.13587,1.13601
1782442980000,1.13601,1.13608,1.13599,1.13603
1782443040000,1.13603,1.13611,1.13601,1.13608
1782443100000,1.13609,1.13609,1.13599,1.13607
1782443160000,1.13605,1.1361,1.13605,1.13608
1782443220000,1.1361,1.13611,1.13607,1.13608
1782443280000,1.13608,1.13608,1.13603,1.13603
1782443340000,1.13604,1.13612,1.13604,1.13611
1782443400000,1.13613,1.13632,1.13612,1.13632
1782443460000,1.1363,1.13647,1.1363,1.13645
1782443520000,1.13644,1.13644,1.13638,1.13644
1782443580000,1.13643,1.13644,1.1363,1.13632
1782443640000,1.13632,1.13633,1.13628,1.13629
1782443700000,1.13631,1.13635,1.13625,1.13625
1782443760000,1.13625,1.13632,1.13623,1.1363
1782443820000,1.1363,1.13636,1.1363,1.13634
1782443880000,1.13634,1.13635,1.13629,1.13634
1782443940000,1.13635,1.13644,1.13634,1.13642
1782444000000,1.13642,1.13642,1.13637,1.13638
1782444060000,1.13636,1.13637,1.1363,1.13635
1782444120000,1.13636,1.13636,1.13631,1.13631
1782444180000,1.13632,1.13632,1.13628,1.13629
1782444240000,1.13629,1.1363,1.13624,1.13627
1782444300000,1.13629,1.13636,1.13628,1.13635
1782444360000,1.13637,1.1364,1.13636,1.13638
1782444420000,1.13636,1.13636,1.1363,1.13634
1782444480000,1.13634,1.13636,1.13632,1.13634
1782444540000,1.13636,1.1364,1.13634,1.1364
1782444600000,1.1364,1.1364,1.13628,1.13633
1782444660000,1.13634,1.13635,1.1363,1.13634
1782444720000,1.13634,1.13636,1.13629,1.1363
1782444780000,1.13629,1.13634,1.13627,1.13628
1782444840000,1.13629,1.13629,1.1362,1.13622
1782444900000,1.13623,1.13632,1.13623,1.1363
1782444960000,1.13632,1.13644,1.13631,1.13642
1782445020000,1.13642,1.13657,1.13642,1.1365
1782445080000,1.13652,1.13657,1.13649,1.13657
1782445140000,1.13657,1.13657,1.13639,1.13639
1782445200000,1.13639,1.1366,1.13635,1.13646
1782445260000,1.13645,1.13652,1.13645,1.13649
1782445320000,1.13647,1.13651,1.13642,1.13651
1782445380000,1.13651,1.13675,1.13651,1.13668
1782445440000,1.13667,1.13674,1.13663,1.13674
1782445500000,1.13675,1.13675,1.13664,1.13665
1782445560000,1.13666,1.13672,1.13664,1.1367
1782445620000,1.13669,1.13676,1.13669,1.13674
1782445680000,1.13674,1.13675,1.13664,1.13665
1782445740000,1.13666,1.13666,1.13659,1.1366
1782445800000,1.13659,1.13666,1.13659,1.13665
1782445860000,1.13665,1.13666,1.13659,1.13665
1782445920000,1.13666,1.13678,1.13665,1.13676
1782445980000,1.13677,1.13697,1.13675,1.13696
1782446040000,1.13697,1.13713,1.13697,1.13703
1782446100000,1.13703,1.13715,1.13701,1.13707
1782446160000,1.13706,1.13713,1.13704,1.13704
1782446220000,1.13703,1.13707,1.13696,1.13701
1782446280000,1.13702,1.1371,1.13702,1.13709
1782446340000,1.13709,1.13715,1.13705,1.13714
1782446400000,1.13715,1.13717,1.13702,1.13702
1782446460000,1.13701,1.13719,1.13695,1.13716
1782446520000,1.13715,1.13721,1.13715,1.13717
1782446580000,1.13717,1.13729,1.13717,1.13725
1782446640000,1.13724,1.13728,1.13716,1.13716
1782446700000,1.13714,1.1372,1.13711,1.13718
1782446760000,1.13718,1.13719,1.13703,1.13705
1782446820000,1.13706,1.1371,1.13701,1.13704
1782446880000,1.13706,1.13706,1.13694,1.13701
1782446940000,1.13699,1.13706,1.13698,1.13702
1782447000000,1.13701,1.1372,1.13701,1.13719
1782447060000,1.1372,1.1372,1.13717,1.1372
1782447120000,1.13718,1.1372,1.13715,1.13715
1782447180000,1.13717,1.13721,1.13711,1.13713
1782447240000,1.13714,1.13716,1.13708,1.13716
1782447300000,1.13714,1.1372,1.13713,1.13716
1782447360000,1.13719,1.13727,1.13719,1.13723
1782447420000,1.13725,1.13731,1.13724,1.13731
1782447480000,1.13731,1.13731,1.13725,1.13726
1782447540000,1.13726,1.13732,1.13725,1.13732
1782447600000,1.13731,1.13731,1.13725,1.13726
1782447660000,1.13725,1.13732,1.13725,1.13731
1782447720000,1.13733,1.13735,1.13729,1.13732
1782447780000,1.1373,1.13734,1.1373,1.13731
1782447840000,1.13731,1.13731,1.13722,1.13724
1782447900000,1.13724,1.13736,1.13724,1.13728
1782447960000,1.13727,1.13731,1.13727,1.13731
1782448020000,1.13731,1.13744,1.13731,1.13744
1782448080000,1.13743,1.13747,1.13743,1.13746
1782448140000,1.13745,1.13745,1.13736,1.13738
1782448200000,1.13738,1.13739,1.13731,1.13735
1782448260000,1.13735,1.13736,1.13726,1.13736
1782448320000,1.13734,1.13734,1.13721,1.13722
1782448380000,1.13722,1.13727,1.13719,1.1372
1782448440000,1.1372,1.13721,1.13715,1.13717
1782448500000,1.13716,1.13728,1.13716,1.13728
1782448560000,1.13726,1.13731,1.13716,1.13716
1782448620000,1.13718,1.1372,1.13709,1.1371
1782448680000,1.1371,1.13717,1.13709,1.1371
1782448740000,1.13712,1.13712,1.13708,1.13709
1782448800000,1.13709,1.13711,1.13698,1.13698
1782448860000,1.13699,1.13699,1.13684,1.13685
1782448920000,1.13684,1.137,1.13684,1.13697
1782448980000,1.13698,1.1372,1.13697,1.1372
1782449040000,1.1372,1.13729,1.1372,1.13724
1782449100000,1.13723,1.1373,1.13723,1.13725
1782449160000,1.13726,1.13738,1.13724,1.13738
1782449220000,1.13737,1.13738,1.13729,1.13729
1782449280000,1.1373,1.13741,1.13729,1.13741
1782449340000,1.13739,1.13739,1.13733,1.13736
1782449400000,1.13738,1.13742,1.13736,1.13738
1782449460000,1.13736,1.13746,1.13736,1.13746
1782449520000,1.13746,1.13746,1.13742,1.13742
1782449580000,1.13741,1.13746,1.1374,1.13746
1782449640000,1.13745,1.13761,1.13745,1.13757
1782449700000,1.13757,1.13766,1.13755,1.13761
1782449760000,1.13762,1.13765,1.13758,1.13758
1782449820000,1.13756,1.13762,1.13756,1.13761
1782449880000,1.13761,1.13762,1.13758,1.13758
1782449940000,1.13759,1.13771,1.13755,1.13768
1782450000000,1.13771,1.13772,1.13756,1.13772
1782450060000,1.1377,1.13777,1.1377,1.13775
1782450120000,1.13775,1.13778,1.13771,1.13776
1782450180000,1.13774,1.13774,1.13765,1.13765
1782450240000,1.13765,1.13765,1.13755,1.13759
1782450300000,1.1376,1.13763,1.13754,1.13761
1782450360000,1.13762,1.13762,1.13755,1.13762
1782450420000,1.13762,1.13765,1.13755,1.13765
1782450480000,1.13765,1.13767,1.13764,1.13766
1782450540000,1.13767,1.13772,1.13767,1.13767
1782450600000,1.13768,1.13769,1.13764,1.13765
1782450660000,1.13766,1.13766,1.13758,1.13766
1782450720000,1.13765,1.13771,1.13761,1.13769
1782450780000,1.13771,1.13771,1.13759,1.13761
1782450840000,1.1376,1.13765,1.13759,1.13759
1782450900000,1.1376,1.13776,1.1376,1.13775
1782450960000,1.13775,1.13776,1.13764,1.13764
1782451020000,1.13763,1.13766,1.1375,1.13754
1782451080000,1.13755,1.13769,1.13751,1.13767
1782451140000,1.13768,1.1377,1.1376,1.13763
1782451200000,1.13762,1.13767,1.1376,1.1376
1782451260000,1.1376,1.13764,1.1376,1.13761
1782451320000,1.13763,1.13763,1.13751,1.13756
1782451380000,1.13755,1.13757,1.13754,1.13756
1782451440000,1.13757,1.13757,1.13754,1.13756
1782451500000,1.13755,1.13767,1.13755,1.13767
1782451560000,1.13767,1.13777,1.13767,1.13776
1782451620000,1.13776,1.13777,1.13774,1.13775
1782451680000,1.13773,1.13781,1.13769,1.1378
1782451740000,1.13781,1.13785,1.13776,1.13777
1782451800000,1.13776,1.13784,1.13776,1.13782
1782451860000,1.1378,1.13784,1.13776,1.13778
1782451920000,1.1378,1.13782,1.13777,1.13782
1782451980000,1.1378,1.13781,1.13776,1.13777
1782452040000,1.13777,1.13778,1.13773,1.13775
1782452100000,1.13777,1.13777,1.1377,1.1377
1782452160000,1.13772,1.13773,1.13766,1.13766
1782452220000,1.13767,1.13777,1.13766,1.13776
1782452280000,1.13776,1.13776,1.13771,1.13772
1782452340000,1.1377,1.1377,1.13768,1.1377
1782452400000,1.13769,1.13783,1.13767,1.13783
1782452460000,1.13781,1.13783,1.13776,1.1378
1782452520000,1.13782,1.13792,1.1378,1.13792
1782452580000,1.13792,1.13799,1.13792,1.13797
1782452640000,1.13796,1.13797,1.1379,1.13791
1782452700000,1.1379,1.1379,1.13775,1.13777
1782452760000,1.13778,1.13787,1.13778,1.13785
1782452820000,1.13786,1.13787,1.13781,1.13783
1782452880000,1.13783,1.13786,1.13781,1.13785
1782452940000,1.13784,1.13793,1.13779,1.1379
1782453000000,1.13792,1.13799,1.13789,1.13798
1782453060000,1.13796,1.13801,1.13787,1.1379
1782453120000,1.13787,1.13788,1.13781,1.13785
1782453180000,1.13786,1.13802,1.1378,1.13802
1782453240000,1.13803,1.13821,1.138,1.13814
1782453300000,1.13812,1.13812,1.13802,1.13806
1782453360000,1.13808,1.13808,1.13796,1.138
1782453420000,1.13798,1.138,1.13792,1.13794
1782453480000,1.13794,1.138,1.13794,1.13795
1782453540000,1.13793,1.13793,1.13781,1.13781
1782453600000,1.13783,1.13795,1.13775,1.13777
1782453660000,1.13775,1.13776,1.13768,1.13774
1782453720000,1.13773,1.13773,1.13759,1.1376
1782453780000,1.13757,1.1376,1.13753,1.1376
1782453840000,1.13761,1.13762,1.13754,1.13755
1782453900000,1.13755,1.1376,1.13748,1.13748
1782453960000,1.13747,1.1376,1.13744,1.13759
1782454020000,1.1376,1.13765,1.13751,1.13751
1782454080000,1.13751,1.13755,1.13745,1.1375
1782454140000,1.13748,1.13748,1.13741,1.13742
1782454200000,1.13741,1.13744,1.1373,1.1373
1782454260000,1.13729,1.13734,1.13728,1.13733
1782454320000,1.13733,1.13749,1.13728,1.13749
1782454380000,1.13749,1.13754,1.13743,1.13748
1782454440000,1.13748,1.13751,1.13742,1.13749
1782454500000,1.1375,1.13764,1.13743,1.13748
1782454560000,1.13749,1.13751,1.13742,1.13747
1782454620000,1.13748,1.13753,1.13744,1.13751
1782454680000,1.13751,1.13751,1.13739,1.13741
1782454740000,1.1374,1.1376,1.13739,1.13754
1782454800000,1.13756,1.13762,1.13754,1.13761
1782454860000,1.13762,1.13776,1.13762,1.13774
1782454920000,1.13775,1.13775,1.13765,1.13767
1782454980000,1.13765,1.13771,1.13759,1.1376
1782455040000,1.1376,1.13769,1.13759,1.13765
1782455100000,1.13765,1.13765,1.13758,1.13762
1782455160000,1.13761,1.13762,1.13748,1.13755
1782455220000,1.13754,1.13772,1.13752,1.13771
1782455280000,1.13769,1.13774,1.13766,1.13774
1782455340000,1.13775,1.1379,1.13775,1.13787
1782455400000,1.13788,1.13806,1.13784,1.13804
1782455460000,1.13804,1.13824,1.13802,1.13823
1782455520000,1.13821,1.13821,1.13803,1.13805
1782455580000,1.13804,1.13815,1.13803,1.13804
1782455640000,1.13806,1.13806,1.13798,1.13803
1782455700000,1.13804,1.13805,1.13797,1.13801
1782455760000,1.13801,1.13802,1.13795,1.13801
1782455820000,1.13801,1.1381,1.13796,1.13796
1782455880000,1.13797,1.13797,1.13789,1.13796
1782455940000,1.13794,1.13794,1.13785,1.13789
1782456000000,1.13787,1.13807,1.13781,1.13803
1782456060000,1.13805,1.13806,1.13792,1.13797
1782456120000,1.13796,1.13796,1.13774,1.13777
1782456180000,1.13776,1.13781,1.13767,1.13781
1782456240000,1.13782,1.13783,1.13766,1.13766
1782456300000,1.13764,1.13771,1.13762,1.13771
1782456360000,1.1377,1.13779,1.13768,1.13773
1782456420000,1.13772,1.13778,1.13769,1.13776
1782456480000,1.13776,1.13776,1.13756,1.13759
1782456540000,1.13759,1.13762,1.1372,1.1372
1782456600000,1.1372,1.13736,1.13713,1.13731
1782456660000,1.13732,1.13737,1.13726,1.13736
1782456720000,1.13738,1.13748,1.13738,1.13742
1782456780000,1.13745,1.13759,1.13745,1.13756
1782456840000,1.13759,1.13773,1.13752,1.13763
1782456900000,1.13762,1.13765,1.13745,1.13758
1782456960000,1.13758,1.13764,1.13757,1.13762
1782457020000,1.13762,1.1377,1.13759,1.13769
1782457080000,1.13767,1.13776,1.13755,1.13756
1782457140000,1.13754,1.13757,1.13745,1.13751
1782457200000,1.1375,1.13753,1.13734,1.13735
1782457260000,1.13734,1.13772,1.13729,1.1376
1782457320000,1.13761,1.13774,1.1375,1.1375
1782457380000,1.13749,1.13749,1.1373,1.1374
1782457440000,1.13739,1.13745,1.13735,1.13736
1782457500000,1.13738,1.13746,1.13736,1.13742
1782457560000,1.13741,1.1376,1.13734,1.1376
1782457620000,1.13761,1.13783,1.13761,1.13776
1782457680000,1.13776,1.13784,1.13772,1.13777
1782457740000,1.13777,1.13779,1.13769,1.13771
1782457800000,1.13773,1.13775,1.13768,1.13768
1782457860000,1.13769,1.13782,1.13765,1.13765
1782457920000,1.13765,1.13772,1.13765,1.13766
1782457980000,1.13767,1.13767,1.13754,1.13763
1782458040000,1.13763,1.13778,1.13762,1.13767
1782458100000,1.13766,1.13778,1.1376,1.13764
1782458160000,1.13765,1.13778,1.13764,1.13769
1782458220000,1.13768,1.13773,1.13768,1.13772
1782458280000,1.13772,1.13774,1.13763,1.13764
1782458340000,1.13764,1.13775,1.13758,1.13773
1782458400000,1.13773,1.13775,1.13753,1.13753
1782458460000,1.13753,1.1377,1.1375,1.13764
1782458520000,1.13764,1.13765,1.1375,1.13755
1782458580000,1.13754,1.13761,1.13748,1.13761
1782458640000,1.13763,1.1377,1.13757,1.13764
1782458700000,1.13766,1.13766,1.13753,1.13753
1782458760000,1.13758,1.1377,1.13757,1.1376
1782458820000,1.13758,1.13765,1.13743,1.13764
1782458880000,1.13766,1.13766,1.13749,1.13749
1782458940000,1.13749,1.13753,1.13748,1.13751
1782459000000,1.1375,1.13767,1.13747,1.13767
1782459060000,1.13766,1.13773,1.13763,1.13773
1782459120000,1.13773,1.13804,1.13767,1.13796
1782459180000,1.13796,1.13814,1.13794,1.1381
1782459240000,1.13809,1.13811,1.13805,1.13805
1782459300000,1.13802,1.13817,1.138,1.13809
1782459360000,1.13807,1.13819,1.13801,1.13819
1782459420000,1.13818,1.13852,1.13818,1.13852
1782459480000,1.13853,1.13856,1.13846,1.13851
1782459540000,1.13851,1.13883,1.13851,1.13883
1782459600000,1.13883,1.13884,1.1387,1.1388
1782459660000,1.13881,1.13885,1.13877,1.13882
1782459720000,1.13879,1.13881,1.13859,1.13861
1782459780000,1.1386,1.13872,1.1386,1.1387
1782459840000,1.1387,1.13882,1.1385,1.13856
1782459900000,1.13855,1.13862,1.13849,1.13856
1782459960000,1.13856,1.13862,1.13851,1.1386
1782460020000,1.13861,1.13861,1.13843,1.13851
1782460080000,1.1385,1.13856,1.13849,1.13851
1782460140000,1.13848,1.13861,1.13846,1.13859
1782460200000,1.1386,1.13872,1.13856,1.1387
1782460260000,1.13871,1.13886,1.13865,1.13865
1782460320000,1.13867,1.13872,1.13857,1.13858
1782460380000,1.13857,1.13857,1.13849,1.13856
1782460440000,1.13855,1.1387,1.13854,1.13867
1782460500000,1.13865,1.13878,1.13857,1.13863
1782460560000,1.13862,1.13867,1.13858,1.13859
1782460620000,1.13857,1.13862,1.13849,1.13862
1782460680000,1.13862,1.13871,1.13861,1.13867
1782460740000,1.13866,1.13874,1.13861,1.13866
1782460800000,1.13864,1.13881,1.13852,1.1386
1782460860000,1.1386,1.13865,1.13847,1.13849
1782460920000,1.1385,1.13852,1.13834,1.13846
1782460980000,1.13844,1.13845,1.13829,1.13834
1782461040000,1.13835,1.13852,1.13832,1.13847
1782461100000,1.13849,1.13851,1.13832,1.13843
1782461160000,1.13843,1.1387,1.13833,1.1387
1782461220000,1.1387,1.13881,1.1387,1.13875
1782461280000,1.13872,1.1393,1.13865,1.1393
1782461340000,1.13929,1.13975,1.13929,1.13963
1782461400000,1.13962,1.1397,1.13937,1.13937
1782461460000,1.13936,1.13962,1.13907,1.1396
1782461520000,1.13961,1.13978,1.13955,1.13959
1782461580000,1.13961,1.13976,1.13953,1.13968
1782461640000,1.13966,1.13977,1.13951,1.13977
1782461700000,1.13977,1.1399,1.1395,1.13979
1782461760000,1.13978,1.13981,1.13965,1.1397
1782461820000,1.13973,1.13975,1.13965,1.13974
1782461880000,1.13976,1.14,1.13974,1.13986
1782461940000,1.13985,1.13986,1.13959,1.13974
1782462000000,1.13972,1.13976,1.1395,1.13966
1782462060000,1.13966,1.13972,1.13958,1.13967
1782462120000,1.13966,1.13966,1.13958,1.13963
1782462180000,1.13961,1.13969,1.1396,1.13969
1782462240000,1.13968,1.13969,1.13949,1.13953
1782462300000,1.13955,1.13964,1.13943,1.13946
1782462360000,1.13944,1.13981,1.13943,1.13975
1782462420000,1.13974,1.13981,1.1397,1.1398
1782462480000,1.13979,1.13981,1.13972,1.13975
1782462540000,1.13978,1.14025,1.13973,1.14022
1782462600000,1.1402,1.14024,1.13962,1.13965
1782462660000,1.13965,1.13983,1.13963,1.13979
1782462720000,1.1398,1.1398,1.13969,1.13969
1782462780000,1.13968,1.13969,1.13959,1.1396
1782462840000,1.13959,1.13986,1.13954,1.13979
1782462900000,1.1398,1.13981,1.13966,1.13973
1782462960000,1.13976,1.13989,1.13976,1.13976
1782463020000,1.13977,1.13986,1.13975,1.13986
1782463080000,1.13986,1.1399,1.13977,1.13989
1782463140000,1.13989,1.13993,1.13977,1.13983
1782463200000,1.13984,1.13992,1.13978,1.13984
1782463260000,1.13981,1.1399,1.13976,1.13979
1782463320000,1.13979,1.13993,1.13979,1.1399
1782463380000,1.13992,1.14007,1.13989,1.14
1782463440000,1.13998,1.14033,1.13998,1.14031
1782463500000,1.14029,1.14074,1.14029,1.14056
1782463560000,1.14055,1.14062,1.14042,1.14061
1782463620000,1.1406,1.1406,1.1401,1.1401
1782463680000,1.1401,1.14022,1.14002,1.14019
1782463740000,1.14018,1.14024,1.14013,1.14024
1782463800000,1.14025,1.14034,1.14017,1.14032
1782463860000,1.1403,1.14047,1.14024,1.14046
1782463920000,1.14046,1.14051,1.14035,1.14041
1782463980000,1.14044,1.14073,1.14044,1.14066
1782464040000,1.14065,1.14065,1.14049,1.14062
1782464100000,1.14062,1.14062,1.14036,1.14039
1782464160000,1.14041,1.14042,1.14013,1.14015
1782464220000,1.14017,1.14019,1.14004,1.14014
1782464280000,1.14013,1.1402,1.14012,1.14019
1782464340000,1.14019,1.14019,1.14012,1.14012
1782464400000,1.14013,1.14013,1.13985,1.13987
1782464460000,1.13987,1.14003,1.13987,1.13989
1782464520000,1.13988,1.13997,1.1398,1.13984
1782464580000,1.13983,1.1399,1.13976,1.13988
1782464640000,1.13986,1.13986,1.13965,1.13968
1782464700000,1.13968,1.13972,1.13962,1.13969
1782464760000,1.13969,1.13982,1.1396,1.1396
1782464820000,1.13957,1.1398,1.13953,1.13978
1782464880000,1.13978,1.13999,1.13977,1.13998
1782464940000,1.13996,1.13998,1.13989,1.13991
1782465000000,1.1399,1.1399,1.1398,1.13981
1782465060000,1.13983,1.13983,1.13976,1.13983
1782465120000,1.13981,1.13981,1.13967,1.13973
1782465180000,1.13973,1.13985,1.13973,1.13983
1782465240000,1.13983,1.13983,1.13963,1.13972
1782465300000,1.13971,1.13981,1.1397,1.13976
1782465360000,1.13974,1.14001,1.13972,1.13997
1782465420000,1.13995,1.13995,1.13981,1.13988
1782465480000,1.13988,1.13989,1.13961,1.1398
1782465540000,1.13979,1.13984,1.13956,1.13983
1782465600000,1.13984,1.13993,1.13979,1.13988
1782465660000,1.13984,1.13993,1.13982,1.13992
1782465720000,1.13994,1.13998,1.13981,1.13982
1782465780000,1.13982,1.13998,1.13976,1.13995
1782465840000,1.13992,1.13993,1.13982,1.13986
1782465900000,1.13986,1.13998,1.13985,1.13993
1782465960000,1.13994,1.14018,1.13992,1.14018
1782466020000,1.14017,1.1402,1.14006,1.14007
1782466080000,1.14008,1.14026,1.13999,1.1402
1782466140000,1.14023,1.14037,1.14022,1.14032
1782466200000,1.14032,1.1404,1.1403,1.14039
1782466260000,1.14039,1.14039,1.14003,1.14014
1782466320000,1.14014,1.14032,1.14014,1.14032
1782466380000,1.14031,1.14044,1.14029,1.14039
1782466440000,1.14038,1.14045,1.14036,1.14045
1782466500000,1.14045,1.14054,1.14045,1.14051
1782466560000,1.1405,1.14056,1.14044,1.14047
1782466620000,1.14048,1.14059,1.14048,1.14057
1782466680000,1.14057,1.14057,1.14038,1.14046
1782466740000,1.14047,1.14054,1.14046,1.1405
1782466800000,1.14052,1.14073,1.14052,1.1407
1782466860000,1.1407,1.14071,1.14053,1.14065
1782466920000,1.14066,1.14068,1.14054,1.14054
1782466980000,1.14056,1.14056,1.14048,1.14049
1782467040000,1.14051,1.14061,1.14051,1.14053
1782467100000,1.14057,1.1406,1.1405,1.14054
1782467160000,1.14055,1.14071,1.14054,1.14071
1782467220000,1.14071,1.1409,1.14071,1.1409
1782467280000,1.14089,1.14106,1.14088,1.14106
1782467340000,1.14104,1.1412,1.14093,1.14094
1782467400000,1.14096,1.1411,1.1409,1.14101
1782467460000,1.14103,1.14115,1.14093,1.14095
1782467520000,1.14094,1.14105,1.14094,1.14102
1782467580000,1.14104,1.1411,1.14102,1.14108
1782467640000,1.14107,1.14107,1.14091,1.14094
1782467700000,1.14095,1.14095,1.14077,1.14092
1782467760000,1.14092,1.14094,1.14085,1.14085
1782467820000,1.14084,1.14089,1.14066,1.14066
1782467880000,1.14063,1.14078,1.14062,1.14073
1782467940000,1.14073,1.14077,1.14064,1.14067
1782468000000,1.14068,1.14082,1.14055,1.14064
1782468060000,1.14065,1.14081,1.14054,1.14054
1782468120000,1.14054,1.14058,1.14048,1.14049
1782468180000,1.14048,1.14049,1.14035,1.14043
1782468240000,1.14043,1.14059,1.14043,1.14053
1782468300000,1.14055,1.14058,1.14039,1.14044
1782468360000,1.14046,1.14071,1.14046,1.14069
1782468420000,1.14068,1.14071,1.14067,1.14071
1782468480000,1.14071,1.14071,1.14062,1.14062
1782468540000,1.14059,1.14063,1.14054,1.14059
1782468600000,1.14059,1.1406,1.14043,1.14043
1782468660000,1.14044,1.14053,1.1404,1.14048
1782468720000,1.14049,1.14053,1.14042,1.14048
1782468780000,1.14048,1.14053,1.14041,1.14044
1782468840000,1.14044,1.1405,1.14039,1.14049
1782468900000,1.14047,1.14053,1.14043,1.14049
1782468960000,1.14049,1.14063,1.14047,1.14058
1782469020000,1.14059,1.14068,1.14058,1.14061
1782469080000,1.1406,1.1406,1.14039,1.14042
1782469140000,1.14042,1.14042,1.14024,1.14024
1782469200000,1.14026,1.1403,1.14012,1.14015
1782469260000,1.14015,1.14018,1.14008,1.14017
1782469320000,1.14015,1.14016,1.14008,1.14008
1782469380000,1.14009,1.1402,1.14001,1.14018
1782469440000,1.14019,1.1402,1.14009,1.14012
1782469500000,1.14011,1.14011,1.14002,1.14008
1782469560000,1.14007,1.14033,1.14007,1.14028
1782469620000,1.14028,1.14033,1.1402,1.14026
1782469680000,1.14027,1.14028,1.14021,1.14025
1782469740000,1.14027,1.14034,1.14025,1.14032
1782469800000,1.14032,1.14037,1.14029,1.14033
1782469860000,1.14032,1.14042,1.14032,1.14038
1782469920000,1.14039,1.14044,1.14037,1.14037
1782469980000,1.14038,1.14045,1.1403,1.14037
1782470040000,1.14036,1.14053,1.14036,1.14052
1782470100000,1.14052,1.14059,1.14042,1.14042
1782470160000,1.1404,1.14051,1.14039,1.14051
1782470220000,1.14052,1.14054,1.14046,1.14048
1782470280000,1.1405,1.1406,1.14048,1.14056
1782470340000,1.14057,1.14059,1.14051,1.14055
1782470400000,1.14057,1.14066,1.14052,1.14054
1782470460000,1.14054,1.14054,1.1403,1.14031
1782470520000,1.14031,1.14033,1.14022,1.14028
1782470580000,1.14028,1.14039,1.14021,1.14035
1782470640000,1.14035,1.14035,1.14023,1.14028
1782470700000,1.14028,1.14029,1.14015,1.14028
1782470760000,1.14027,1.14039,1.14027,1.14033
1782470820000,1.14034,1.14035,1.14025,1.14032
1782470880000,1.1403,1.14032,1.14015,1.14022
1782470940000,1.14022,1.14034,1.14022,1.14033
1782471000000,1.14033,1.1404,1.14032,1.14033
1782471060000,1.14031,1.14037,1.14028,1.1403
1782471120000,1.14032,1.14053,1.14032,1.14051
1782471180000,1.14052,1.14054,1.14044,1.14048
1782471240000,1.14047,1.14052,1.14043,1.14047
1782471300000,1.14048,1.14051,1.14035,1.14042
1782471360000,1.14042,1.14044,1.14039,1.14042
1782471420000,1.14043,1.14051,1.14032,1.14048
1782471480000,1.14046,1.14047,1.14028,1.1403
1782471540000,1.14032,1.14048,1.14031,1.14047
1782471600000,1.14049,1.14058,1.14044,1.14047
1782471660000,1.14047,1.1405,1.1404,1.1404
1782471720000,1.14042,1.14048,1.14042,1.14046
1782471780000,1.14044,1.1405,1.14033,1.14047
1782471840000,1.14046,1.14046,1.14025,1.14035
1782471900000,1.14037,1.14037,1.14026,1.14026
1782471960000,1.14026,1.14033,1.14019,1.14033
1782472020000,1.14032,1.14033,1.14019,1.14032
1782472080000,1.14032,1.14038,1.1403,1.14036
1782472140000,1.14033,1.14039,1.14031,1.14039
1782472200000,1.14037,1.14041,1.14034,1.14037
1782472260000,1.14038,1.14056,1.14035,1.14047
1782472320000,1.14045,1.14046,1.14022,1.14025
1782472380000,1.14025,1.14026,1.1402,1.14022
1782472440000,1.1402,1.14021,1.14006,1.14019
1782472500000,1.14018,1.14025,1.14012,1.14022
1782472560000,1.14022,1.14022,1.14002,1.14002
1782472620000,1.14002,1.14005,1.13998,1.14
1782472680000,1.14001,1.14018,1.14001,1.14016
1782472740000,1.14017,1.14044,1.14017,1.14041
1782472800000,1.14039,1.14043,1.14031,1.14043
1782472860000,1.14042,1.14051,1.14036,1.14047
1782472920000,1.14048,1.14061,1.1404,1.14056
1782472980000,1.14054,1.14057,1.14044,1.14047
1782473040000,1.14046,1.14046,1.14035,1.14038
1782473100000,1.14036,1.14037,1.14022,1.14023
1782473160000,1.14024,1.14049,1.14023,1.14047
1782473220000,1.14049,1.14053,1.14041,1.14053
1782473280000,1.14052,1.14056,1.14048,1.14048
1782473340000,1.14048,1.1406,1.14043,1.14058
1782473400000,1.14056,1.14059,1.14051,1.14053
1782473460000,1.14052,1.14052,1.14038,1.14043
1782473520000,1.14042,1.14042,1.14027,1.14027
1782473580000,1.14028,1.14034,1.14021,1.14021
1782473640000,1.14021,1.14023,1.14012,1.14016
1782473700000,1.14016,1.14016,1.13995,1.13995
1782473760000,1.13994,1.14003,1.1399,1.13996
1782473820000,1.13995,1.14003,1.13989,1.13996
1782473880000,1.13996,1.14008,1.13995,1.13996
1782473940000,1.13998,1.1401,1.13997,1.14008
1782474000000,1.14009,1.14009,1.14001,1.14006
1782474060000,1.14007,1.14017,1.14007,1.14011
1782474120000,1.1401,1.14017,1.14006,1.14016
1782474180000,1.14015,1.14015,1.13996,1.13996
1782474240000,1.13995,1.13999,1.13989,1.13996
1782474300000,1.13995,1.13997,1.1399,1.13997
1782474360000,1.13997,1.14001,1.1398,1.13988
1782474420000,1.13988,1.13992,1.13978,1.13979
1782474480000,1.1398,1.13995,1.1398,1.13986
1782474540000,1.13985,1.13988,1.13976,1.13976
1782474600000,1.13978,1.13978,1.13964,1.13967
1782474660000,1.13967,1.13974,1.13966,1.13967
1782474720000,1.13966,1.13967,1.1394,1.1394
1782474780000,1.13939,1.13954,1.13936,1.13953
1782474840000,1.13954,1.1396,1.13954,1.13958
1782474900000,1.13958,1.13979,1.13958,1.1397
1782474960000,1.13971,1.13992,1.13971,1.1398
1782475020000,1.13982,1.13982,1.1396,1.13962
1782475080000,1.13962,1.13988,1.13962,1.13981
1782475140000,1.1398,1.13988,1.13978,1.13983
1782475200000,1.13983,1.13987,1.13975,1.13985
1782475260000,1.13984,1.13995,1.13981,1.13992
1782475320000,1.13994,1.13998,1.13992,1.13993
1782475380000,1.13992,1.14004,1.13989,1.14004
1782475440000,1.14006,1.14012,1.14002,1.14009
1782475500000,1.1401,1.14017,1.14006,1.14014
1782475560000,1.14015,1.14024,1.14014,1.14016
1782475620000,1.14016,1.14016,1.14005,1.14005
1782475680000,1.14004,1.1401,1.14,1.14007
1782475740000,1.14006,1.14017,1.14002,1.14011
1782475800000,1.14011,1.14014,1.14007,1.14014
1782475860000,1.14013,1.14025,1.14011,1.14014
1782475920000,1.14015,1.14019,1.1401,1.14016
1782475980000,1.14014,1.14014,1.14005,1.14007
1782476040000,1.14007,1.14011,1.14007,1.14009
1782476100000,1.1401,1.14024,1.14008,1.14023
1782476160000,1.14023,1.14032,1.14021,1.14031
1782476220000,1.14032,1.14037,1.14024,1.14037
1782476280000,1.14036,1.14038,1.14024,1.14024
1782476340000,1.14024,1.1403,1.14016,1.1403
1782476400000,1.14028,1.14029,1.14002,1.14004
1782476460000,1.14005,1.14014,1.13997,1.14008
1782476520000,1.14007,1.14024,1.14003,1.14018
1782476580000,1.14016,1.14026,1.14008,1.1402
1782476640000,1.14021,1.14023,1.14012,1.14015
1782476700000,1.14017,1.1404,1.14017,1.14028
1782476760000,1.14029,1.14041,1.14027,1.14037
1782476820000,1.14039,1.14063,1.14039,1.14061
1782476880000,1.1406,1.1406,1.14049,1.1405
1782476940000,1.14051,1.14051,1.14038,1.14043
1782477000000,1.14041,1.14044,1.14028,1.14042
1782477060000,1.14044,1.14063,1.14042,1.14059
1782477120000,1.14061,1.14062,1.14043,1.14043
1782477180000,1.14041,1.14041,1.14014,1.14028
1782477240000,1.14029,1.14042,1.14021,1.14026
1782477300000,1.14027,1.14033,1.14019,1.14032
1782477360000,1.14033,1.14055,1.14029,1.14054
1782477420000,1.14054,1.14056,1.14047,1.14054
1782477480000,1.14054,1.14064,1.14046,1.14058
1782477540000,1.14059,1.14074,1.14045,1.14052
1782477600000,1.14052,1.14079,1.14052,1.14078
1782477660000,1.1408,1.14095,1.14075,1.14095
1782477720000,1.14094,1.14094,1.14073,1.14075
1782477780000,1.14076,1.14078,1.14068,1.14073
1782477840000,1.14075,1.14081,1.14071,1.14078
1782477900000,1.14077,1.14077,1.14063,1.14068
1782477960000,1.14066,1.14112,1.14061,1.14107
1782478020000,1.14106,1.14109,1.14085,1.14085
1782478080000,1.14084,1.14091,1.14078,1.14089
1782478140000,1.14089,1.14103,1.14078,1.1409
1782478200000,1.14091,1.14107,1.14086,1.14107
1782478260000,1.14106,1.14127,1.14105,1.14127
1782478320000,1.14126,1.14131,1.14112,1.14118
1782478380000,1.14119,1.14144,1.14119,1.14143
1782478440000,1.14143,1.14144,1.14124,1.1413
1782478500000,1.1413,1.14161,1.1413,1.14149
1782478560000,1.14149,1.14181,1.14148,1.1418
1782478620000,1.14182,1.14294,1.1418,1.14277
1782478680000,1.14276,1.14338,1.14253,1.14338
1782478740000,1.14336,1.14336,1.14263,1.1427
1782478800000,1.14271,1.14299,1.1426,1.14263
1782478860000,1.14264,1.14267,1.14236,1.14256
1782478920000,1.14256,1.14283,1.14233,1.14244
1782478980000,1.14242,1.14244,1.14221,1.14221
1782479040000,1.14221,1.14252,1.14218,1.14242
1782479100000,1.14243,1.14243,1.1422,1.14228
1782479160000,1.14228,1.14251,1.14217,1.14249
1782479220000,1.14248,1.1427,1.14242,1.14249
1782479280000,1.14248,1.14249,1.14232,1.14234
1782479340000,1.14236,1.14237,1.1418,1.14184
1782479400000,1.14184,1.14209,1.1418,1.14186
1782479460000,1.14185,1.14211,1.14178,1.14209
1782479520000,1.14212,1.14212,1.14197,1.14202
1782479580000,1.14201,1.14209,1.14192,1.142
1782479640000,1.14201,1.14204,1.14187,1.14197
1782479700000,1.14198,1.14198,1.14173,1.14183
1782479760000,1.14181,1.14194,1.14176,1.14193
1782479820000,1.14193,1.14202,1.14192,1.14202
1782479880000,1.14202,1.14202,1.14133,1.14141
1782479940000,1.14141,1.14169,1.14116,1.14168
1782480000000,1.14168,1.14196,1.14157,1.14176
1782480060000,1.14176,1.14223,1.14176,1.14221
1782480120000,1.14221,1.14233,1.14217,1.14227
1782480180000,1.14228,1.14228,1.14211,1.14217
1782480240000,1.14219,1.14219,1.14201,1.14205
1782480300000,1.14206,1.1422,1.14196,1.14216
1782480360000,1.14217,1.14231,1.14212,1.14227
1782480420000,1.14226,1.14234,1.14221,1.14226
1782480480000,1.14226,1.14226,1.14206,1.14214
1782480540000,1.14215,1.14227,1.14212,1.14216
1782480600000,1.14214,1.14239,1.14204,1.14229
1782480660000,1.14228,1.14228,1.14196,1.14221
1782480720000,1.1422,1.1422,1.14203,1.14205
1782480780000,1.14208,1.14226,1.14208,1.14212
1782480840000,1.14215,1.14236,1.14211,1.14232
1782480900000,1.14232,1.14237,1.14215,1.1423
1782480960000,1.14229,1.14244,1.14227,1.14232
1782481020000,1.14233,1.14234,1.14218,1.14219
1782481080000,1.14221,1.14227,1.14216,1.1422
1782481140000,1.14219,1.1423,1.14219,1.14227
1782481200000,1.14227,1.14233,1.14221,1.14229
1782481260000,1.14228,1.1423,1.14216,1.14222
1782481320000,1.14222,1.14247,1.14222,1.14238
1782481380000,1.14237,1.14237,1.14212,1.14215
1782481440000,1.14215,1.14235,1.14214,1.14231
1782481500000,1.14233,1.14233,1.1419,1.14192
1782481560000,1.14193,1.14195,1.14181,1.14181
1782481620000,1.14185,1.14194,1.14173,1.14177
1782481680000,1.14177,1.14189,1.14173,1.14182
1782481740000,1.14184,1.14188,1.14176,1.14182
1782481800000,1.14183,1.14187,1.14171,1.14171
1782481860000,1.1417,1.14192,1.14165,1.1418
1782481920000,1.14182,1.14185,1.14171,1.14178
1782481980000,1.1418,1.14187,1.14175,1.14175
1782482040000,1.14175,1.142,1.14173,1.14196
1782482100000,1.14197,1.14198,1.14179,1.14183
1782482160000,1.14181,1.14196,1.14177,1.14196
1782482220000,1.14196,1.14215,1.14194,1.14214
1782482280000,1.14215,1.14232,1.14215,1.1423
1782482340000,1.1423,1.14249,1.14228,1.14247
1782482400000,1.14249,1.14282,1.14226,1.1423
1782482460000,1.14229,1.14246,1.14229,1.14243
1782482520000,1.14242,1.14245,1.14217,1.14236
1782482580000,1.14237,1.14242,1.14206,1.14207
1782482640000,1.14207,1.14212,1.14197,1.14208
1782482700000,1.14208,1.14208,1.14187,1.14197
1782482760000,1.14197,1.14223,1.14197,1.14222
1782482820000,1.14221,1.14226,1.14209,1.14214
1782482880000,1.14214,1.14214,1.14202,1.14202
1782482940000,1.14202,1.14215,1.14196,1.14212
1782483000000,1.14212,1.14237,1.14208,1.14212
1782483060000,1.14213,1.14213,1.14197,1.14203
1782483120000,1.14203,1.14208,1.14196,1.14199
1782483180000,1.14197,1.14218,1.14197,1.14218
1782483240000,1.14218,1.14218,1.1421,1.14217
1782483300000,1.14218,1.14225,1.14212,1.1422
1782483360000,1.14221,1.14259,1.1422,1.14242
1782483420000,1.1424,1.1424,1.14206,1.14206
1782483480000,1.14205,1.14216,1.14205,1.14213
1782483540000,1.14214,1.14221,1.14199,1.14203
1782483600000,1.14206,1.14239,1.14205,1.14237
1782483660000,1.14238,1.14265,1.14238,1.14249
1782483720000,1.14248,1.14249,1.14239,1.14242
1782483780000,1.14241,1.14244,1.14227,1.14238
1782483840000,1.14237,1.14247,1.14228,1.14231
1782483900000,1.14231,1.14242,1.14222,1.14228
1782483960000,1.14228,1.14229,1.14198,1.14201
1782484020000,1.14203,1.14213,1.14192,1.14198
1782484080000,1.142,1.14204,1.14189,1.14192
1782484140000,1.14192,1.14197,1.14171,1.14177
1782484200000,1.14176,1.14182,1.14163,1.14181
1782484260000,1.14181,1.14192,1.1418,1.14186
1782484320000,1.14186,1.1419,1.14177,1.14188
1782484380000,1.14189,1.14189,1.1417,1.14176
1782484440000,1.14177,1.14178,1.14147,1.14152
1782484500000,1.14154,1.14173,1.14153,1.14171
1782484560000,1.14173,1.14173,1.14156,1.14159
1782484620000,1.1416,1.14165,1.14156,1.14163
1782484680000,1.14166,1.14166,1.14151,1.14152
1782484740000,1.14153,1.14158,1.14148,1.14156
1782484800000,1.14157,1.14158,1.14137,1.14141
1782484860000,1.14142,1.14145,1.14112,1.14126
1782484920000,1.14123,1.14149,1.14116,1.14146
1782484980000,1.14147,1.14164,1.14142,1.1416
1782485040000,1.14162,1.14167,1.14156,1.14157
1782485100000,1.14158,1.1416,1.14147,1.14153
1782485160000,1.14154,1.14164,1.1415,1.14162
1782485220000,1.14162,1.14178,1.14161,1.14173
1782485280000,1.14172,1.14175,1.14155,1.14167
1782485340000,1.14167,1.14202,1.14146,1.14168
1782485400000,1.14168,1.14171,1.14124,1.14148
1782485460000,1.14146,1.14148,1.14131,1.14134
1782485520000,1.14133,1.14133,1.14093,1.14094
1782485580000,1.14093,1.14093,1.14063,1.14063
1782485640000,1.14059,1.1406,1.14036,1.14042
1782485700000,1.14043,1.14045,1.14024,1.14028
1782485760000,1.14028,1.14029,1.13981,1.13987
1782485820000,1.13987,1.13998,1.13935,1.13939
1782485880000,1.13942,1.13983,1.13935,1.13952
1782485940000,1.13951,1.13962,1.13934,1.13939
1782486000000,1.13939,1.13946,1.13926,1.13932
1782486060000,1.13932,1.13958,1.1392,1.13948
1782486120000,1.13947,1.13979,1.13944,1.13979
1782486180000,1.13978,1.13985,1.13968,1.13984
1782486240000,1.13983,1.13983,1.13963,1.13968
1782486300000,1.13966,1.13978,1.1396,1.13977
1782486360000,1.13977,1.13982,1.13966,1.13979
1782486420000,1.13981,1.13999,1.1398,1.13997
1782486480000,1.13995,1.14008,1.13992,1.14008
1782486540000,1.14008,1.1402,1.14006,1.14018
1782486600000,1.14017,1.14025,1.14009,1.14023
1782486660000,1.14022,1.14022,1.14011,1.14013
1782486720000,1.14016,1.14018,1.14004,1.14018
1782486780000,1.14018,1.14034,1.14018,1.14028
1782486840000,1.14029,1.14036,1.14022,1.14029
1782486900000,1.14028,1.14033,1.14018,1.14033
1782486960000,1.14031,1.14035,1.14024,1.14035
1782487020000,1.14035,1.14038,1.14029,1.14034
1782487080000,1.14034,1.14035,1.14015,1.14015
1782487140000,1.14015,1.14018,1.14011,1.14017
1782487200000,1.14021,1.14029,1.14021,1.14029
1782487260000,1.14028,1.14038,1.14028,1.14037
1782487320000,1.14037,1.1406,1.14037,1.14058
1782487380000,1.14058,1.14058,1.14034,1.14035
1782487440000,1.14035,1.14054,1.14035,1.14052
1782487500000,1.14051,1.14055,1.14046,1.14053
1782487560000,1.14052,1.14054,1.14039,1.14039
1782487620000,1.14039,1.14049,1.14035,1.14038
1782487680000,1.14038,1.14046,1.14035,1.14046
1782487740000,1.14047,1.14054,1.14046,1.14046
1782487800000,1.14047,1.14067,1.14047,1.14067
1782487860000,1.14065,1.14065,1.1405,1.1405
1782487920000,1.1405,1.1405,1.14024,1.14029
1782487980000,1.14031,1.14031,1.14013,1.14025
1782488040000,1.14025,1.14027,1.14022,1.14022
1782488100000,1.14023,1.1404,1.14018,1.14024
1782488160000,1.14023,1.14028,1.14022,1.14027
1782488220000,1.14025,1.14035,1.14022,1.14033
1782488280000,1.14033,1.14036,1.14026,1.14034
1782488340000,1.14034,1.14058,1.14034,1.14052
1782488400000,1.14051,1.14051,1.14038,1.14038
1782488460000,1.14038,1.14054,1.14038,1.14049
1782488520000,1.14049,1.1405,1.14029,1.14033
1782488580000,1.14036,1.14052,1.14036,1.14052
1782488640000,1.14052,1.14058,1.14048,1.1405
1782488700000,1.1405,1.14056,1.14047,1.14049
1782488760000,1.14048,1.14059,1.14048,1.14055
1782488820000,1.14055,1.14071,1.14055,1.14071
1782488880000,1.1407,1.14075,1.14066,1.14075
1782488940000,1.14074,1.14079,1.14062,1.14062
1782489000000,1.14064,1.14064,1.14029,1.14029
1782489060000,1.14029,1.14031,1.13949,1.13968
1782489120000,1.13969,1.13988,1.13955,1.13964
1782489180000,1.13966,1.13998,1.13958,1.1399
1782489240000,1.13988,1.1399,1.13974,1.13977
1782489300000,1.1398,1.14001,1.13978,1.13997
1782489360000,1.13998,1.14024,1.13998,1.1402
1782489420000,1.14019,1.1403,1.14013,1.14026
1782489480000,1.14027,1.14028,1.14013,1.14018
1782489540000,1.14018,1.14029,1.14015,1.14028
1782489600000,1.1403,1.14032,1.14006,1.14008
1782489660000,1.14008,1.14018,1.13997,1.14014
1782489720000,1.14015,1.14021,1.14011,1.14012
1782489780000,1.14016,1.14024,1.14012,1.14017
1782489840000,1.14016,1.14025,1.14015,1.14017
1782489900000,1.14016,1.14017,1.14006,1.14006
1782489960000,1.14007,1.14032,1.14007,1.1403
1782490020000,1.14029,1.14031,1.1402,1.1402
1782490080000,1.1402,1.1402,1.14012,1.14012
1782490140000,1.1401,1.14011,1.13989,1.13995
1782490200000,1.13995,1.13995,1.13975,1.13984
1782490260000,1.13982,1.13994,1.13976,1.13993
1782490320000,1.13993,1.14002,1.13993,1.13998
1782490380000,1.14,1.14001,1.13991,1.13993
1782490440000,1.13994,1.13998,1.13992,1.13992
1782490500000,1.13993,1.13996,1.13989,1.13996
1782490560000,1.13998,1.14,1.13993,1.13993
1782490620000,1.13993,1.13995,1.13984,1.13992
1782490680000,1.13993,1.13993,1.13981,1.13989
1782490740000,1.13991,1.13991,1.13988,1.13988
1782490800000,1.13989,1.13989,1.13965,1.13972
1782490860000,1.13971,1.13977,1.13931,1.13943
1782490920000,1.13943,1.13957,1.13931,1.13931
1782490980000,1.13929,1.13932,1.13916,1.13928
1782491040000,1.13926,1.13928,1.13911,1.13912
1782491100000,1.13911,1.13918,1.13903,1.13907
1782491160000,1.1391,1.13927,1.1391,1.13916
1782491220000,1.13917,1.13922,1.13911,1.13912
1782491280000,1.1391,1.1392,1.13907,1.13912
1782491340000,1.1391,1.13912,1.13905,1.13912
1782491400000,1.13912,1.13941,1.13912,1.13941
1782491460000,1.13941,1.13944,1.13931,1.13938
1782491520000,1.13938,1.13945,1.13926,1.13928
1782491580000,1.13929,1.13929,1.13899,1.13905
1782491640000,1.13906,1.13907,1.13885,1.13885
1782491700000,1.13887,1.13892,1.13874,1.13877
1782491760000,1.13874,1.13874,1.13833,1.13835
1782491820000,1.13835,1.13862,1.13831,1.13831
1782491880000,1.1383,1.1385,1.13829,1.13842
1782491940000,1.13842,1.13863,1.13841,1.13863
1782492000000,1.13862,1.13881,1.13861,1.13872
1782492060000,1.1387,1.13878,1.13867,1.13877
1782492120000,1.13878,1.13883,1.13875,1.13883
1782492180000,1.13883,1.13899,1.13882,1.1389
1782492240000,1.13889,1.13903,1.13882,1.1389
1782492300000,1.13889,1.13898,1.13888,1.13896
1782492360000,1.13895,1.13898,1.13892,1.13896
1782492420000,1.13896,1.139,1.13891,1.13893
1782492480000,1.13893,1.13902,1.13887,1.13889
1782492540000,1.13889,1.13894,1.13889,1.13892
1782492600000,1.1389,1.13892,1.13884,1.13891
1782492660000,1.13893,1.13894,1.13886,1.13889
1782492720000,1.13887,1.13894,1.13886,1.13894
1782492780000,1.13894,1.139,1.13894,1.13898
1782492840000,1.139,1.13904,1.1389,1.13897
1782492900000,1.13899,1.139,1.1389,1.13896
1782492960000,1.13897,1.13914,1.13897,1.13914
1782493020000,1.13913,1.13913,1.13904,1.13905
1782493080000,1.13905,1.13905,1.13896,1.13901
1782493140000,1.139,1.13902,1.13897,1.13898
1782493200000,1.13899,1.13899,1.13886,1.13896
1782493260000,1.13898,1.13908,1.13895,1.13895
1782493320000,1.13897,1.13903,1.13896,1.13903
1782493380000,1.13902,1.13912,1.13902,1.13911
1782493440000,1.1391,1.13916,1.13906,1.13909
1782493500000,1.1391,1.13913,1.13908,1.13908
1782493560000,1.13909,1.13916,1.13909,1.13913
1782493620000,1.13911,1.13918,1.13909,1.13918
1782493680000,1.13916,1.13927,1.13916,1.13924
1782493740000,1.13924,1.13924,1.13916,1.1392
1782493800000,1.1392,1.1393,1.13917,1.13929
1782493860000,1.13929,1.13929,1.1392,1.13923
1782493920000,1.13926,1.13927,1.13919,1.13926
1782493980000,1.13928,1.13928,1.13921,1.13921
1782494040000,1.13922,1.13923,1.13912,1.13913
1782494100000,1.13914,1.13915,1.13911,1.13912
1782494160000,1.13914,1.13921,1.13912,1.13921
1782494220000,1.13922,1.13922,1.13904,1.13908
1782494280000,1.13908,1.1391,1.13904,1.13904
1782494340000,1.13904,1.13908,1.13903,1.13903
1782494400000,1.13903,1.13906,1.13903,1.13904
1782494460000,1.13901,1.13908,1.13896,1.13905
1782494520000,1.13904,1.13911,1.13896,1.13896
1782494580000,1.13897,1.13898,1.13896,1.13898
1782494640000,1.13898,1.13903,1.13897,1.13901
1782494700000,1.13902,1.13904,1.13891,1.13899
1782494760000,1.13898,1.13906,1.13895,1.13898
1782494820000,1.13899,1.13906,1.1389,1.13897
1782494880000,1.13897,1.139,1.13892,1.13895
1782494940000,1.13894,1.13894,1.13885,1.13886
1782495000000,1.13888,1.13898,1.13888,1.13889
1782495060000,1.13887,1.13889,1.13858,1.13858
1782495120000,1.13858,1.13866,1.13858,1.13864
1782495180000,1.13863,1.13873,1.13861,1.13867
1782495240000,1.13868,1.13868,1.13851,1.13856
1782495300000,1.13856,1.13867,1.13856,1.13862
1782495360000,1.13861,1.13863,1.13851,1.13853
1782495420000,1.13853,1.13858,1.1385,1.1385
1782495480000,1.1385,1.13856,1.13845,1.13852
1782495540000,1.1385,1.13857,1.1385,1.13856
1782495600000,1.13856,1.13858,1.13847,1.13854
1782495660000,1.13857,1.13864,1.13855,1.13861
1782495720000,1.13862,1.13878,1.13862,1.13878
1782495780000,1.13876,1.13891,1.13873,1.13887
1782495840000,1.13887,1.13892,1.13887,1.13887
1782495900000,1.13889,1.13893,1.13886,1.13889
1782495960000,1.13888,1.13888,1.13873,1.13874
1782496020000,1.13873,1.13879,1.13873,1.13879
1782496080000,1.1388,1.13882,1.13876,1.13876
1782496140000,1.13878,1.13883,1.13876,1.13879
1782496200000,1.13881,1.13886,1.13878,1.13886
1782496260000,1.13885,1.13895,1.13883,1.13893
1782496320000,1.13892,1.13896,1.13892,1.13893
1782496380000,1.13893,1.13893,1.13886,1.13886
1782496440000,1.13887,1.13889,1.13882,1.13884
1782496500000,1.13885,1.13886,1.13882,1.13882
1782496560000,1.13882,1.13882,1.13878,1.1388
1782496620000,1.1388,1.13883,1.13868,1.1387
1782496680000,1.13869,1.13871,1.13853,1.13856
1782496740000,1.13857,1.13868,1.13856,1.13862
1782496800000,1.13865,1.13866,1.13855,1.13861
1782496860000,1.1386,1.13862,1.13854,1.13854
1782496920000,1.13856,1.13873,1.13852,1.13871
1782496980000,1.1387,1.13898,1.1387,1.13898
1782497040000,1.13898,1.13907,1.13897,1.13905
1782497100000,1.13904,1.13907,1.1389,1.13896
1782497160000,1.13898,1.13907,1.13898,1.13906
1782497220000,1.13909,1.13909,1.13905,1.13905
1782497280000,1.13903,1.13903,1.13892,1.13896
1782497340000,1.13896,1.13899,1.13892,1.13893
1782497400000,1.13894,1.13895,1.13889,1.13889
1782497460000,1.13891,1.13893,1.13888,1.13891
1782497520000,1.1389,1.13899,1.13888,1.13897
1782497580000,1.13898,1.13904,1.13895,1.13895
1782497640000,1.13894,1.13898,1.13893,1.13897
1782497700000,1.13898,1.13902,1.13892,1.13898
1782497760000,1.13898,1.13903,1.13896,1.13896
1782497820000,1.13895,1.13895,1.13889,1.13891
1782497880000,1.13891,1.13893,1.13883,1.13883
1782497940000,1.13883,1.13887,1.13879,1.13887
1782498000000,1.13888,1.13891,1.13883,1.13885
1782498060000,1.13883,1.13885,1.13881,1.13882
1782498120000,1.13882,1.13893,1.13881,1.13884
1782498180000,1.13883,1.13885,1.13882,1.13884
1782498240000,1.13884,1.13887,1.13877,1.13882
1782498300000,1.13879,1.13888,1.13879,1.13887
1782498360000,1.1389,1.13893,1.1389,1.13891
1782498420000,1.13892,1.13892,1.13889,1.13891
1782498480000,1.13891,1.13895,1.13879,1.13879
1782498540000,1.1388,1.13896,1.13878,1.13893
1782498600000,1.13893,1.13903,1.13893,1.13898
1782498660000,1.13899,1.13903,1.13898,1.13903
1782498720000,1.13902,1.13903,1.13901,1.13903
1782498780000,1.13902,1.13909,1.13901,1.13907
1782498840000,1.13907,1.13907,1.13905,1.13906
1782498900000,1.13906,1.13912,1.13903,1.13903
1782498960000,1.13903,1.13903,1.13896,1.13897
1782499020000,1.13896,1.139,1.13896,1.13897
1782499080000,1.13896,1.13902,1.13896,1.13899
1782499140000,1.13901,1.13903,1.139,1.13902
1782499200000,1.13903,1.13903,1.13891,1.13892
1782499260000,1.13892,1.13892,1.13886,1.13892
1782499320000,1.13893,1.13903,1.13893,1.13902
1782499380000,1.13902,1.13902,1.13896,1.13897
1782499440000,1.13898,1.13898,1.13896,1.13896
1782499500000,1.13896,1.13896,1.13884,1.13887
1782499560000,1.13886,1.13887,1.13866,1.1387
1782499620000,1.13871,1.13875,1.13867,1.13867
1782499680000,1.13869,1.13877,1.13868,1.13874
1782499740000,1.13874,1.13883,1.13874,1.13883
1782499800000,1.13882,1.13884,1.13882,1.13884
1782499860000,1.13885,1.13887,1.13883,1.13885
1782499920000,1.13884,1.13893,1.13884,1.13892
1782499980000,1.13893,1.13894,1.13892,1.13892
1782500040000,1.13894,1.13897,1.13886,1.13887
1782500100000,1.13887,1.13893,1.13887,1.13891
1782500160000,1.13892,1.13898,1.13892,1.13898
1782500220000,1.13899,1.13903,1.13863,1.1387
1782500280000,1.13872,1.13875,1.13869,1.13871
1782500340000,1.13871,1.13874,1.13856,1.13858
1782500400000,1.13858,1.13868,1.13846,1.13867
1782500460000,1.13866,1.13867,1.13857,1.13863
1782500520000,1.13862,1.13862,1.13855,1.13859
1782500580000,1.1386,1.1386,1.1386,1.1386
1782500640000,1.13861,1.13861,1.13857,1.13857
1782500700000,1.13858,1.1386,1.13855,1.13858
1782500760000,1.13859,1.13862,1.13854,1.13862
1782500820000,1.13861,1.13862,1.13856,1.13858
1782500880000,1.1386,1.1387,1.1386,1.13868
1782500940000,1.13866,1.13871,1.13864,1.13868
1782501000000,1.13869,1.1387,1.13863,1.13868
1782501060000,1.13869,1.13869,1.13863,1.13868
1782501120000,1.13867,1.13867,1.13863,1.13864
1782501180000,1.13863,1.13864,1.13858,1.13858
1782501240000,1.13861,1.13865,1.13861,1.13862
1782501300000,1.13861,1.13861,1.1384,1.13844
1782501360000,1.13842,1.13843,1.13837,1.13838
1782501420000,1.13838,1.13841,1.13837,1.1384
1782501480000,1.13841,1.13849,1.1384,1.13848
1782501540000,1.13846,1.1385,1.13837,1.13838
1782501600000,1.13837,1.13837,1.13832,1.13836
1782501660000,1.13837,1.13839,1.13827,1.13828
1782501720000,1.13828,1.13829,1.13821,1.13821
1782501780000,1.13821,1.13825,1.13817,1.1382
1782501840000,1.13822,1.13822,1.1381,1.13811
1782501900000,1.13812,1.13822,1.13812,1.13822
1782501960000,1.1382,1.13822,1.13815,1.13817
1782502020000,1.13819,1.13821,1.13816,1.13817
1782502080000,1.13817,1.13817,1.13813,1.13816
1782502140000,1.13813,1.1382,1.13813,1.13816
1782502200000,1.13818,1.13818,1.13813,1.13815
1782502260000,1.13814,1.13815,1.13808,1.13812
1782502320000,1.13812,1.13822,1.13812,1.13822
1782502380000,1.13823,1.13831,1.13822,1.13829
1782502440000,1.1383,1.13839,1.13828,1.13839
1782502500000,1.13838,1.13839,1.13834,1.13834
1782502560000,1.13836,1.13839,1.13833,1.13833
1782502620000,1.13833,1.13834,1.13831,1.13833
1782502680000,1.13832,1.13833,1.13828,1.13832
1782502740000,1.13834,1.13834,1.13823,1.13825
1782502800000,1.13824,1.13829,1.13817,1.13819
1782502860000,1.1382,1.1382,1.13816,1.13817
1782502920000,1.13816,1.13821,1.13815,1.13818
1782502980000,1.1382,1.13821,1.13818,1.13819
1782503040000,1.13818,1.13822,1.13816,1.13821
1782503100000,1.13821,1.13821,1.13819,1.1382
1782503160000,1.13819,1.13834,1.13816,1.13832
1782503220000,1.13834,1.13846,1.13834,1.13843
1782503280000,1.13842,1.13849,1.13842,1.13848
1782503340000,1.13848,1.13851,1.13844,1.1385
1782503400000,1.13849,1.13865,1.13849,1.13861
1782503460000,1.1386,1.13869,1.13854,1.13869
1782503520000,1.13869,1.13881,1.13869,1.13879
1782503580000,1.13879,1.13891,1.13879,1.1389
1782503640000,1.1389,1.1389,1.13881,1.13883
1782503700000,1.13883,1.13884,1.13869,1.13878
1782503760000,1.13878,1.13888,1.13877,1.13888
1782503820000,1.13888,1.13893,1.13883,1.13885
1782503880000,1.13885,1.13886,1.13877,1.1388
1782503940000,1.13878,1.1388,1.13868,1.13868
1782504000000,1.1387,1.13886,1.13868,1.13885
1782504060000,1.13883,1.13884,1.13875,1.13879
1782504120000,1.13879,1.13883,1.13873,1.13879
1782504180000,1.1388,1.1388,1.13874,1.13874
1782504240000,1.13874,1.13875,1.13871,1.13873
1782504300000,1.13873,1.13877,1.13852,1.13871
1782504360000,1.13871,1.13877,1.13868,1.13871
1782504420000,1.13872,1.13873,1.13863,1.13868
1782504480000,1.13868,1.1388,1.13868,1.13878
1782504540000,1.13878,1.13879,1.13876,1.13879
1782504600000,1.13878,1.13884,1.13877,1.13883
1782504660000,1.13884,1.13885,1.13881,1.13881
1782504720000,1.13883,1.13886,1.13883,1.13883
1782504780000,1.13883,1.13886,1.13882,1.13885
1782504840000,1.13886,1.13887,1.13883,1.13883
1782504900000,1.13883,1.13889,1.13882,1.13888
1782504960000,1.13889,1.13897,1.13887,1.13896
1782505020000,1.13896,1.13897,1.13889,1.13889
1782505080000,1.13891,1.13903,1.13891,1.139
1782505140000,1.13901,1.13902,1.13898,1.139
1782505200000,1.139,1.13902,1.13899,1.13902
1782505260000,1.13902,1.13904,1.13898,1.13901
1782505320000,1.13903,1.13908,1.13903,1.13908
1782505380000,1.13907,1.13912,1.13905,1.13907
1782505440000,1.13908,1.13913,1.13907,1.13913
1782505500000,1.13913,1.13915,1.13897,1.13897
1782505560000,1.13901,1.13914,1.13901,1.13905
1782505620000,1.13908,1.13909,1.13897,1.139
1782505680000,1.13899,1.13904,1.13897,1.13904
1782505740000,1.13903,1.13903,1.13895,1.13898
1782505800000,1.13896,1.13919,1.13896,1.13915
1782505860000,1.13916,1.13917,1.13883,1.13892
1782505920000,1.1389,1.13894,1.13888,1.13892
1782505980000,1.13894,1.13894,1.13878,1.13885
1782506040000,1.13886,1.13894,1.13885,1.13886
1782506100000,1.13885,1.13889,1.13874,1.13878
1782506160000,1.13877,1.13877,1.13836,1.13842
1782506220000,1.13841,1.13851,1.13837,1.13849
1782506280000,1.13849,1.13864,1.13849,1.13864
1782506340000,1.13864,1.13868,1.13852,1.13855
1782506400000,1.13854,1.13856,1.13852,1.13855
1782506460000,1.13853,1.13861,1.13846,1.13847
1782506520000,1.13846,1.13849,1.1384,1.13844
1782506580000,1.13845,1.13859,1.1383,1.13859
1782506640000,1.13859,1.13869,1.13858,1.13864
1782506700000,1.13863,1.13865,1.13853,1.13855
1782506760000,1.13855,1.1387,1.13851,1.13865
1782506820000,1.13865,1.13868,1.13864,1.13866
1782506880000,1.13865,1.13866,1.13851,1.13852
1782506940000,1.13851,1.13872,1.13843,1.13867
1782507000000,1.13864,1.13867,1.13855,1.13857
1782507060000,1.1386,1.1386,1.13853,1.13853
1782507120000,1.13853,1.13853,1.13837,1.13842
1782507180000,1.1384,1.13842,1.1383,1.13835
1782507240000,1.13838,1.13838,1.13816,1.13816
1782507300000,1.13816,1.1383,1.13811,1.13822
1782507360000,1.13821,1.1384,1.13821,1.1384
1782507420000,1.13835,1.13848,1.13835,1.13848
1782507480000,1.13849,1.13863,1.13847,1.13854
1782507540000,1.13853,1.13857,1.13819,1.13827
1782507600000,1.13827,1.13827,1.13827,1.13827
1782507660000,1.13827,1.13827,1.13827,1.13827
1782507720000,1.13827,1.13827,1.13827,1.13827
1782507780000,1.13827,1.13827,1.13827,1.13827
1782507840000,1.13827,1.13827,1.13827,1.13827
1782507900000,1.13827,1.13827,1.13827,1.13827
1782507960000,1.13827,1.13827,1.13827,1.13827
1782508020000,1.13827,1.13827,1.13827,1.13827
1782508080000,1.13827,1.13827,1.13827,1.13827
1782508140000,1.13827,1.13827,1.13827,1.13827
1782508200000,1.13827,1.13827,1.13827,1.13827
1782508260000,1.13827,1.13827,1.13827,1.13827
1782508320000,1.13827,1.13827,1.13827,1.13827
1782508380000,1.13827,1.13827,1.13827,1.13827
1782508440000,1.13827,1.13827,1.13827,1.13827
1782508500000,1.13827,1.13827,1.13827,1.13827
1782508560000,1.13827,1.13827,1.13827,1.13827
1782508620000,1.13827,1.13827,1.13827,1.13827
1782508680000,1.13827,1.13827,1.13827,1.13827
1782508740000,1.13827,1.13827,1.13827,1.13827
1782508800000,1.13827,1.13827,1.13827,1.13827
1782508860000,1.13827,1.13827,1.13827,1.13827
1782508920000,1.13827,1.13827,1.13827,1.13827
1782508980000,1.13827,1.13827,1.13827,1.13827
1782509040000,1.13827,1.13827,1.13827,1.13827
1782509100000,1.13827,1.13827,1.13827,1.13827
1782509160000,1.13827,1.13827,1.13827,1.13827
1782509220000,1.13827,1.13827,1.13827,1.13827
1782509280000,1.13827,1.13827,1.13827,1.13827
1782509340000,1.13827,1.13827,1.13827,1.13827
1782509400000,1.13827,1.13827,1.13827,1.13827
1782509460000,1.13827,1.13827,1.13827,1.13827
1782509520000,1.13827,1.13827,1.13827,1.13827
1782509580000,1.13827,1.13827,1.13827,1.13827
1782509640000,1.13827,1.13827,1.13827,1.13827
1782509700000,1.13827,1.13827,1.13827,1.13827
1782509760000,1.13827,1.13827,1.13827,1.13827
1782509820000,1.13827,1.13827,1.13827,1.13827
1782509880000,1.13827,1.13827,1.13827,1.13827
1782509940000,1.13827,1.13827,1.13827,1.13827
1782510000000,1.13827,1.13827,1.13827,1.13827
1782510060000,1.13827,1.13827,1.13827,1.13827
1782510120000,1.13827,1.13827,1.13827,1.13827
1782510180000,1.13827,1.13827,1.13827,1.13827
1782510240000,1.13827,1.13827,1.13827,1.13827
1782510300000,1.13827,1.13827,1.13827,1.13827
1782510360000,1.13827,1.13827,1.13827,1.13827
1782510420000,1.13827,1.13827,1.13827,1.13827
1782510480000,1.13827,1.13827,1.13827,1.13827
1782510540000,1.13827,1.13827,1.13827,1.13827
1782510600000,1.13827,1.13827,1.13827,1.13827
1782510660000,1.13827,1.13827,1.13827,1.13827
1782510720000,1.13827,1.13827,1.13827,1.13827
1782510780000,1.13827,1.13827,1.13827,1.13827
1782510840000,1.13827,1.13827,1.13827,1.13827
1782510900000,1.13827,1.13827,1.13827,1.13827
1782510960000,1.13827,1.13827,1.13827,1.13827
1782511020000,1.13827,1.13827,1.13827,1.13827
1782511080000,1.13827,1.13827,1.13827,1.13827
1782511140000,1.13827,1.13827,1.13827,1.13827
1782511200000,1.13827,1.13827,1.13827,1.13827
1782511260000,1.13827,1.13827,1.13827,1.13827
1782511320000,1.13827,1.13827,1.13827,1.13827
1782511380000,1.13827,1.13827,1.13827,1.13827
1782511440000,1.13827,1.13827,1.13827,1.13827
1782511500000,1.13827,1.13827,1.13827,1.13827
1782511560000,1.13827,1.13827,1.13827,1.13827
1782511620000,1.13827,1.13827,1.13827,1.13827
1782511680000,1.13827,1.13827,1.13827,1.13827
1782511740000,1.13827,1.13827,1.13827,1.13827
1782511800000,1.13827,1.13827,1.13827,1.13827
1782511860000,1.13827,1.13827,1.13827,1.13827
1782511920000,1.13827,1.13827,1.13827,1.13827
1782511980000,1.13827,1.13827,1.13827,1.13827
1782512040000,1.13827,1.13827,1.13827,1.13827
1782512100000,1.13827,1.13827,1.13827,1.13827
1782512160000,1.13827,1.13827,1.13827,1.13827
1782512220000,1.13827,1.13827,1.13827,1.13827
1782512280000,1.13827,1.13827,1.13827,1.13827
1782512340000,1.13827,1.13827,1.13827,1.13827
1782512400000,1.13827,1.13827,1.13827,1.13827
1782512460000,1.13827,1.13827,1.13827,1.13827
1782512520000,1.13827,1.13827,1.13827,1.13827
1782512580000,1.13827,1.13827,1.13827,1.13827
1782512640000,1.13827,1.13827,1.13827,1.13827
1782512700000,1.13827,1.13827,1.13827,1.13827
1782512760000,1.13827,1.13827,1.13827,1.13827
1782512820000,1.13827,1.13827,1.13827,1.13827
1782512880000,1.13827,1.13827,1.13827,1.13827
1782512940000,1.13827,1.13827,1.13827,1.13827
1782513000000,1.13827,1.13827,1.13827,1.13827
1782513060000,1.13827,1.13827,1.13827,1.13827
1782513120000,1.13827,1.13827,1.13827,1.13827
1782513180000,1.13827,1.13827,1.13827,1.13827
1782513240000,1.13827,1.13827,1.13827,1.13827
1782513300000,1.13827,1.13827,1.13827,1.13827
1782513360000,1.13827,1.13827,1.13827,1.13827
1782513420000,1.13827,1.13827,1.13827,1.13827
1782513480000,1.13827,1.13827,1.13827,1.13827
1782513540000,1.13827,1.13827,1.13827,1.13827
1782513600000,1.13827,1.13827,1.13827,1.13827
1782513660000,1.13827,1.13827,1.13827,1.13827
1782513720000,1.13827,1.13827,1.13827,1.13827
1782513780000,1.13827,1.13827,1.13827,1.13827
1782513840000,1.13827,1.13827,1.13827,1.13827
1782513900000,1.13827,1.13827,1.13827,1.13827
1782513960000,1.13827,1.13827,1.13827,1.13827
1782514020000,1.13827,1.13827,1.13827,1.13827
1782514080000,1.13827,1.13827,1.13827,1.13827
1782514140000,1.13827,1.13827,1.13827,1.13827
1782514200000,1.13827,1.13827,1.13827,1.13827
1782514260000,1.13827,1.13827,1.13827,1.13827
1782514320000,1.13827,1.13827,1.13827,1.13827
1782514380000,1.13827,1.13827,1.13827,1.13827
1782514440000,1.13827,1.13827,1.13827,1.13827
1782514500000,1.13827,1.13827,1.13827,1.13827
1782514560000,1.13827,1.13827,1.13827,1.13827
1782514620000,1.13827,1.13827,1.13827,1.13827
1782514680000,1.13827,1.13827,1.13827,1.13827
1782514740000,1.13827,1.13827,1.13827,1.13827
1782514800000,1.13827,1.13827,1.13827,1.13827
1782514860000,1.13827,1.13827,1.13827,1.13827
1782514920000,1.13827,1.13827,1.13827,1.13827
1782514980000,1.13827,1.13827,1.13827,1.13827
1782515040000,1.13827,1.13827,1.13827,1.13827
1782515100000,1.13827,1.13827,1.13827,1.13827
1782515160000,1.13827,1.13827,1.13827,1.13827
1782515220000,1.13827,1.13827,1.13827,1.13827
1782515280000,1.13827,1.13827,1.13827,1.13827
1782515340000,1.13827,1.13827,1.13827,1.13827
1782515400000,1.13827,1.13827,1.13827,1.13827
1782515460000,1.13827,1.13827,1.13827,1.13827
1782515520000,1.13827,1.13827,1.13827,1.13827
1782515580000,1.13827,1.13827,1.13827,1.13827
1782515640000,1.13827,1.13827,1.13827,1.13827
1782515700000,1.13827,1.13827,1.13827,1.13827
1782515760000,1.13827,1.13827,1.13827,1.13827
1782515820000,1.13827,1.13827,1.13827,1.13827
1782515880000,1.13827,1.13827,1.13827,1.13827
1782515940000,1.13827,1.13827,1.13827,1.13827
1782516000000,1.13827,1.13827,1.13827,1.13827
1782516060000,1.13827,1.13827,1.13827,1.13827
1782516120000,1.13827,1.13827,1.13827,1.13827
1782516180000,1.13827,1.13827,1.13827,1.13827
1782516240000,1.13827,1.13827,1.13827,1.13827
1782516300000,1.13827,1.13827,1.13827,1.13827
1782516360000,1.13827,1.13827,1.13827,1.13827
1782516420000,1.13827,1.13827,1.13827,1.13827
1782516480000,1.13827,1.13827,1.13827,1.13827
1782516540000,1.13827,1.13827,1.13827,1.13827
1782516600000,1.13827,1.13827,1.13827,1.13827
1782516660000,1.13827,1.13827,1.13827,1.13827
1782516720000,1.13827,1.13827,1.13827,1.13827
1782516780000,1.13827,1.13827,1.13827,1.13827
1782516840000,1.13827,1.13827,1.13827,1.13827
1782516900000,1.13827,1.13827,1.13827,1.13827
1782516960000,1.13827,1.13827,1.13827,1.13827
1782517020000,1.13827,1.13827,1.13827,1.13827
1782517080000,1.13827,1.13827,1.13827,1.13827
1782517140000,1.13827,1.13827,1.13827,1.13827
1782517200000,1.13827,1.13827,1.13827,1.13827
1782517260000,1.13827,1.13827,1.13827,1.13827
1782517320000,1.13827,1.13827,1.13827,1.13827
1782517380000,1.13827,1.13827,1.13827,1.13827
1782517440000,1.13827,1.13827,1.13827,1.13827
1782517500000,1.13827,1.13827,1.13827,1.13827
1782517560000,1.13827,1.13827,1.13827,1.13827
1782517620000,1.13827,1.13827,1.13827,1.13827
1782517680000,1.13827,1.13827,1.13827,1.13827
1782517740000,1.13827,1.13827,1.13827,1.13827
1782517800000,1.13827,1.13827,1.13827,1.13827
1782517860000,1.13827,1.13827,1.13827,1.13827
1782517920000,1.13827,1.13827,1.13827,1.13827
1782517980000,1.13827,1.13827,1.13827,1.13827
1782518040000,1.13827,1.13827,1.13827,1.13827
1782518100000,1.13827,1.13827,1.13827,1.13827
1782518160000,1.13827,1.13827,1.13827,1.13827
1782518220000,1.13827,1.13827,1.13827,1.13827
1782518280000,1.13827,1.13827,1.13827,1.13827
1782518340000,1.13827,1.13827,1.13827,1.13827
1782518400000,1.13827,1.13827,1.13827,1.13827
1782518460000,1.13827,1.13827,1.13827,1.13827
1782518520000,1.13827,1.13827,1.13827,1.13827
1782518580000,1.13827,1.13827,1.13827,1.13827
1782518640000,1.13827,1.13827,1.13827,1.13827
1782518700000,1.13827,1.13827,1.13827,1.13827
1782518760000,1.13827,1.13827,1.13827,1.13827
1782518820000,1.13827,1.13827,1.13827,1.13827
1782518880000,1.13827,1.13827,1.13827,1.13827
1782518940000,1.13827,1.13827,1.13827,1.13827
1782519000000,1.13827,1.13827,1.13827,1.13827
1782519060000,1.13827,1.13827,1.13827,1.13827
1782519120000,1.13827,1.13827,1.13827,1.13827
1782519180000,1.13827,1.13827,1.13827,1.13827
1782519240000,1.13827,1.13827,1.13827,1.13827
1782519300000,1.13827,1.13827,1.13827,1.13827
1782519360000,1.13827,1.13827,1.13827,1.13827
1782519420000,1.13827,1.13827,1.13827,1.13827
1782519480000,1.13827,1.13827,1.13827,1.13827
1782519540000,1.13827,1.13827,1.13827,1.13827
1782519600000,1.13827,1.13827,1.13827,1.13827
1782519660000,1.13827,1.13827,1.13827,1.13827
1782519720000,1.13827,1.13827,1.13827,1.13827
1782519780000,1.13827,1.13827,1.13827,1.13827
1782519840000,1.13827,1.13827,1.13827,1.13827
1782519900000,1.13827,1.13827,1.13827,1.13827
1782519960000,1.13827,1.13827,1.13827,1.13827
1782520020000,1.13827,1.13827,1.13827,1.13827
1782520080000,1.13827,1.13827,1.13827,1.13827
1782520140000,1.13827,1.13827,1.13827,1.13827
1782520200000,1.13827,1.13827,1.13827,1.13827
1782520260000,1.13827,1.13827,1.13827,1.13827
1782520320000,1.13827,1.13827,1.13827,1.13827
1782520380000,1.13827,1.13827,1.13827,1.13827
1782520440000,1.13827,1.13827,1.13827,1.13827
1782520500000,1.13827,1.13827,1.13827,1.13827
1782520560000,1.13827,1.13827,1.13827,1.13827
1782520620000,1.13827,1.13827,1.13827,1.13827
1782520680000,1.13827,1.13827,1.13827,1.13827
1782520740000,1.13827,1.13827,1.13827,1.13827
1782520800000,1.13827,1.13827,1.13827,1.13827
1782520860000,1.13827,1.13827,1.13827,1.13827
1782520920000,1.13827,1.13827,1.13827,1.13827
1782520980000,1.13827,1.13827,1.13827,1.13827
1782521040000,1.13827,1.13827,1.13827,1.13827
1782521100000,1.13827,1.13827,1.13827,1.13827
1782521160000,1.13827,1.13827,1.13827,1.13827
1782521220000,1.13827,1.13827,1.13827,1.13827
1782521280000,1.13827,1.13827,1.13827,1.13827
1782521340000,1.13827,1.13827,1.13827,1.13827
1782521400000,1.13827,1.13827,1.13827,1.13827
1782521460000,1.13827,1.13827,1.13827,1.13827
1782521520000,1.13827,1.13827,1.13827,1.13827
1782521580000,1.13827,1.13827,1.13827,1.13827
1782521640000,1.13827,1.13827,1.13827,1.13827
1782521700000,1.13827,1.13827,1.13827,1.13827
1782521760000,1.13827,1.13827,1.13827,1.13827
1782521820000,1.13827,1.13827,1.13827,1.13827
1782521880000,1.13827,1.13827,1.13827,1.13827
1782521940000,1.13827,1.13827,1.13827,1.13827
1782522000000,1.13827,1.13827,1.13827,1.13827
1782522060000,1.13827,1.13827,1.13827,1.13827
1782522120000,1.13827,1.13827,1.13827,1.13827
1782522180000,1.13827,1.13827,1.13827,1.13827
1782522240000,1.13827,1.13827,1.13827,1.13827
1782522300000,1.13827,1.13827,1.13827,1.13827
1782522360000,1.13827,1.13827,1.13827,1.13827
1782522420000,1.13827,1.13827,1.13827,1.13827
1782522480000,1.13827,1.13827,1.13827,1.13827
1782522540000,1.13827,1.13827,1.13827,1.13827
1782522600000,1.13827,1.13827,1.13827,1.13827
1782522660000,1.13827,1.13827,1.13827,1.13827
1782522720000,1.13827,1.13827,1.13827,1.13827
1782522780000,1.13827,1.13827,1.13827,1.13827
1782522840000,1.13827,1.13827,1.13827,1.13827
1782522900000,1.13827,1.13827,1.13827,1.13827
1782522960000,1.13827,1.13827,1.13827,1.13827
1782523020000,1.13827,1.13827,1.13827,1.13827
1782523080000,1.13827,1.13827,1.13827,1.13827
1782523140000,1.13827,1.13827,1.13827,1.13827
1782523200000,1.13827,1.13827,1.13827,1.13827
1782523260000,1.13827,1.13827,1.13827,1.13827
1782523320000,1.13827,1.13827,1.13827,1.13827
1782523380000,1.13827,1.13827,1.13827,1.13827
1782523440000,1.13827,1.13827,1.13827,1.13827
1782523500000,1.13827,1.13827,1.13827,1.13827
1782523560000,1.13827,1.13827,1.13827,1.13827
1782523620000,1.13827,1.13827,1.13827,1.13827
1782523680000,1.13827,1.13827,1.13827,1.13827
1782523740000,1.13827,1.13827,1.13827,1.13827
1782523800000,1.13827,1.13827,1.13827,1.13827
1782523860000,1.13827,1.13827,1.13827,1.13827
1782523920000,1.13827,1.13827,1.13827,1.13827
1782523980000,1.13827,1.13827,1.13827,1.13827
1782524040000,1.13827,1.13827,1.13827,1.13827
1782524100000,1.13827,1.13827,1.13827,1.13827
1782524160000,1.13827,1.13827,1.13827,1.13827
1782524220000,1.13827,1.13827,1.13827,1.13827
1782524280000,1.13827,1.13827,1.13827,1.13827
1782524340000,1.13827,1.13827,1.13827,1.13827
1782524400000,1.13827,1.13827,1.13827,1.13827
1782524460000,1.13827,1.13827,1.13827,1.13827
1782524520000,1.13827,1.13827,1.13827,1.13827
1782524580000,1.13827,1.13827,1.13827,1.13827
1782524640000,1.13827,1.13827,1.13827,1.13827
1782524700000,1.13827,1.13827,1.13827,1.13827
1782524760000,1.13827,1.13827,1.13827,1.13827
1782524820000,1.13827,1.13827,1.13827,1.13827
1782524880000,1.13827,1.13827,1.13827,1.13827
1782524940000,1.13827,1.13827,1.13827,1.13827
1782525000000,1.13827,1.13827,1.13827,1.13827
1782525060000,1.13827,1.13827,1.13827,1.13827
1782525120000,1.13827,1.13827,1.13827,1.13827
1782525180000,1.13827,1.13827,1.13827,1.13827
1782525240000,1.13827,1.13827,1.13827,1.13827
1782525300000,1.13827,1.13827,1.13827,1.13827
1782525360000,1.13827,1.13827,1.13827,1.13827
1782525420000,1.13827,1.13827,1.13827,1.13827
1782525480000,1.13827,1.13827,1.13827,1.13827
1782525540000,1.13827,1.13827,1.13827,1.13827
1782525600000,1.13827,1.13827,1.13827,1.13827
1782525660000,1.13827,1.13827,1.13827,1.13827
1782525720000,1.13827,1.13827,1.13827,1.13827
1782525780000,1.13827,1.13827,1.13827,1.13827
1782525840000,1.13827,1.13827,1.13827,1.13827
1782525900000,1.13827,1.13827,1.13827,1.13827
1782525960000,1.13827,1.13827,1.13827,1.13827
1782526020000,1.13827,1.13827,1.13827,1.13827
1782526080000,1.13827,1.13827,1.13827,1.13827
1782526140000,1.13827,1.13827,1.13827,1.13827
1782526200000,1.13827,1.13827,1.13827,1.13827
1782526260000,1.13827,1.13827,1.13827,1.13827
1782526320000,1.13827,1.13827,1.13827,1.13827
1782526380000,1.13827,1.13827,1.13827,1.13827
1782526440000,1.13827,1.13827,1.13827,1.13827
1782526500000,1.13827,1.13827,1.13827,1.13827
1782526560000,1.13827,1.13827,1.13827,1.13827
1782526620000,1.13827,1.13827,1.13827,1.13827
1782526680000,1.13827,1.13827,1.13827,1.13827
1782526740000,1.13827,1.13827,1.13827,1.13827
1782526800000,1.13827,1.13827,1.13827,1.13827
1782526860000,1.13827,1.13827,1.13827,1.13827
1782526920000,1.13827,1.13827,1.13827,1.13827
1782526980000,1.13827,1.13827,1.13827,1.13827
1782527040000,1.13827,1.13827,1.13827,1.13827
1782527100000,1.13827,1.13827,1.13827,1.13827
1782527160000,1.13827,1.13827,1.13827,1.13827
1782527220000,1.13827,1.13827,1.13827,1.13827
1782527280000,1.13827,1.13827,1.13827,1.13827
1782527340000,1.13827,1.13827,1.13827,1.13827
1782527400000,1.13827,1.13827,1.13827,1.13827
1782527460000,1.13827,1.13827,1.13827,1.13827
1782527520000,1.13827,1.13827,1.13827,1.13827
1782527580000,1.13827,1.13827,1.13827,1.13827
1782527640000,1.13827,1.13827,1.13827,1.13827
1782527700000,1.13827,1.13827,1.13827,1.13827
1782527760000,1.13827,1.13827,1.13827,1.13827
1782527820000,1.13827,1.13827,1.13827,1.13827
1782527880000,1.13827,1.13827,1.13827,1.13827
1782527940000,1.13827,1.13827,1.13827,1.13827
1782528000000,1.13827,1.13827,1.13827,1.13827
1782528060000,1.13827,1.13827,1.13827,1.13827
1782528120000,1.13827,1.13827,1.13827,1.13827
1782528180000,1.13827,1.13827,1.13827,1.13827
1782528240000,1.13827,1.13827,1.13827,1.13827
1782528300000,1.13827,1.13827,1.13827,1.13827
1782528360000,1.13827,1.13827,1.13827,1.13827
1782528420000,1.13827,1.13827,1.13827,1.13827
1782528480000,1.13827,1.13827,1.13827,1.13827
1782528540000,1.13827,1.13827,1.13827,1.13827
1782528600000,1.13827,1.13827,1.13827,1.13827
1782528660000,1.13827,1.13827,1.13827,1.13827
1782528720000,1.13827,1.13827,1.13827,1.13827
1782528780000,1.13827,1.13827,1.13827,1.13827
1782528840000,1.13827,1.13827,1.13827,1.13827
1782528900000,1.13827,1.13827,1.13827,1.13827
1782528960000,1.13827,1.13827,1.13827,1.13827
1782529020000,1.13827,1.13827,1.13827,1.13827
1782529080000,1.13827,1.13827,1.13827,1.13827
1782529140000,1.13827,1.13827,1.13827,1.13827
1782529200000,1.13827,1.13827,1.13827,1.13827
1782529260000,1.13827,1.13827,1.13827,1.13827
1782529320000,1.13827,1.13827,1.13827,1.13827
1782529380000,1.13827,1.13827,1.13827,1.13827
1782529440000,1.13827,1.13827,1.13827,1.13827
1782529500000,1.13827,1.13827,1.13827,1.13827
1782529560000,1.13827,1.13827,1.13827,1.13827
1782529620000,1.13827,1.13827,1.13827,1.13827
1782529680000,1.13827,1.13827,1.13827,1.13827
1782529740000,1.13827,1.13827,1.13827,1.13827
1782529800000,1.13827,1.13827,1.13827,1.13827
1782529860000,1.13827,1.13827,1.13827,1.13827
1782529920000,1.13827,1.13827,1.13827,1.13827
1782529980000,1.13827,1.13827,1.13827,1.13827
1782530040000,1.13827,1.13827,1.13827,1.13827
1782530100000,1.13827,1.13827,1.13827,1.13827
1782530160000,1.13827,1.13827,1.13827,1.13827
1782530220000,1.13827,1.13827,1.13827,1.13827
1782530280000,1.13827,1.13827,1.13827,1.13827
1782530340000,1.13827,1.13827,1.13827,1.13827
1782530400000,1.13827,1.13827,1.13827,1.13827
1782530460000,1.13827,1.13827,1.13827,1.13827
1782530520000,1.13827,1.13827,1.13827,1.13827
1782530580000,1.13827,1.13827,1.13827,1.13827
1782530640000,1.13827,1.13827,1.13827,1.13827
1782530700000,1.13827,1.13827,1.13827,1.13827
1782530760000,1.13827,1.13827,1.13827,1.13827
1782530820000,1.13827,1.13827,1.13827,1.13827
1782530880000,1.13827,1.13827,1.13827,1.13827
1782530940000,1.13827,1.13827,1.13827,1.13827
1782531000000,1.13827,1.13827,1.13827,1.13827
1782531060000,1.13827,1.13827,1.13827,1.13827
1782531120000,1.13827,1.13827,1.13827,1.13827
1782531180000,1.13827,1.13827,1.13827,1.13827
1782531240000,1.13827,1.13827,1.13827,1.13827
1782531300000,1.13827,1.13827,1.13827,1.13827
1782531360000,1.13827,1.13827,1.13827,1.13827
1782531420000,1.13827,1.13827,1.13827,1.13827
1782531480000,1.13827,1.13827,1.13827,1.13827
1782531540000,1.13827,1.13827,1.13827,1.13827
1782531600000,1.13827,1.13827,1.13827,1.13827
1782531660000,1.13827,1.13827,1.13827,1.13827
1782531720000,1.13827,1.13827,1.13827,1.13827
1782531780000,1.13827,1.13827,1.13827,1.13827
1782531840000,1.13827,1.13827,1.13827,1.13827
1782531900000,1.13827,1.13827,1.13827,1.13827
1782531960000,1.13827,1.13827,1.13827,1.13827
1782532020000,1.13827,1.13827,1.13827,1.13827
1782532080000,1.13827,1.13827,1.13827,1.13827
1782532140000,1.13827,1.13827,1.13827,1.13827
1782532200000,1.13827,1.13827,1.13827,1.13827
1782532260000,1.13827,1.13827,1.13827,1.13827
1782532320000,1.13827,1.13827,1.13827,1.13827
1782532380000,1.13827,1.13827,1.13827,1.13827
1782532440000,1.13827,1.13827,1.13827,1.13827
1782532500000,1.13827,1.13827,1.13827,1.13827
1782532560000,1.13827,1.13827,1.13827,1.13827
1782532620000,1.13827,1.13827,1.13827,1.13827
1782532680000,1.13827,1.13827,1.13827,1.13827
1782532740000,1.13827,1.13827,1.13827,1.13827
1782532800000,1.13827,1.13827,1.13827,1.13827
1782532860000,1.13827,1.13827,1.13827,1.13827
1782532920000,1.13827,1.13827,1.13827,1.13827
1782532980000,1.13827,1.13827,1.13827,1.13827
1782533040000,1.13827,1.13827,1.13827,1.13827
1782533100000,1.13827,1.13827,1.13827,1.13827
1782533160000,1.13827,1.13827,1.13827,1.13827
1782533220000,1.13827,1.13827,1.13827,1.13827
1782533280000,1.13827,1.13827,1.13827,1.13827
1782533340000,1.13827,1.13827,1.13827,1.13827
1782533400000,1.13827,1.13827,1.13827,1.13827
1782533460000,1.13827,1.13827,1.13827,1.13827
1782533520000,1.13827,1.13827,1.13827,1.13827
1782533580000,1.13827,1.13827,1.13827,1.13827
1782533640000,1.13827,1.13827,1.13827,1.13827
1782533700000,1.13827,1.13827,1.13827,1.13827
1782533760000,1.13827,1.13827,1.13827,1.13827
1782533820000,1.13827,1.13827,1.13827,1.13827
1782533880000,1.13827,1.13827,1.13827,1.13827
1782533940000,1.13827,1.13827,1.13827,1.13827
1782534000000,1.13827,1.13827,1.13827,1.13827
1782534060000,1.13827,1.13827,1.13827,1.13827
1782534120000,1.13827,1.13827,1.13827,1.13827
1782534180000,1.13827,1.13827,1.13827,1.13827
1782534240000,1.13827,1.13827,1.13827,1.13827
1782534300000,1.13827,1.13827,1.13827,1.13827
1782534360000,1.13827,1.13827,1.13827,1.13827
1782534420000,1.13827,1.13827,1.13827,1.13827
1782534480000,1.13827,1.13827,1.13827,1.13827
1782534540000,1.13827,1.13827,1.13827,1.13827
1782534600000,1.13827,1.13827,1.13827,1.13827
1782534660000,1.13827,1.13827,1.13827,1.13827
1782534720000,1.13827,1.13827,1.13827,1.13827
1782534780000,1.13827,1.13827,1.13827,1.13827
1782534840000,1.13827,1.13827,1.13827,1.13827
1782534900000,1.13827,1.13827,1.13827,1.13827
1782534960000,1.13827,1.13827,1.13827,1.13827
1782535020000,1.13827,1.13827,1.13827,1.13827
1782535080000,1.13827,1.13827,1.13827,1.13827
1782535140000,1.13827,1.13827,1.13827,1.13827
1782535200000,1.13827,1.13827,1.13827,1.13827
1782535260000,1.13827,1.13827,1.13827,1.13827
1782535320000,1.13827,1.13827,1.13827,1.13827
1782535380000,1.13827,1.13827,1.13827,1.13827
1782535440000,1.13827,1.13827,1.13827,1.13827
1782535500000,1.13827,1.13827,1.13827,1.13827
1782535560000,1.13827,1.13827,1.13827,1.13827
1782535620000,1.13827,1.13827,1.13827,1.13827
1782535680000,1.13827,1.13827,1.13827,1.13827
1782535740000,1.13827,1.13827,1.13827,1.13827
1782535800000,1.13827,1.13827,1.13827,1.13827
1782535860000,1.13827,1.13827,1.13827,1.13827
1782535920000,1.13827,1.13827,1.13827,1.13827
1782535980000,1.13827,1.13827,1.13827,1.13827
1782536040000,1.13827,1.13827,1.13827,1.13827
1782536100000,1.13827,1.13827,1.13827,1.13827
1782536160000,1.13827,1.13827,1.13827,1.13827
1782536220000,1.13827,1.13827,1.13827,1.13827
1782536280000,1.13827,1.13827,1.13827,1.13827
1782536340000,1.13827,1.13827,1.13827,1.13827
1782536400000,1.13827,1.13827,1.13827,1.13827
1782536460000,1.13827,1.13827,1.13827,1.13827
1782536520000,1.13827,1.13827,1.13827,1.13827
1782536580000,1.13827,1.13827,1.13827,1.13827
1782536640000,1.13827,1.13827,1.13827,1.13827
1782536700000,1.13827,1.13827,1.13827,1.13827
1782536760000,1.13827,1.13827,1.13827,1.13827
1782536820000,1.13827,1.13827,1.13827,1.13827
1782536880000,1.13827,1.13827,1.13827,1.13827
1782536940000,1.13827,1.13827,1.13827,1.13827
1782537000000,1.13827,1.13827,1.13827,1.13827
1782537060000,1.13827,1.13827,1.13827,1.13827
1782537120000,1.13827,1.13827,1.13827,1.13827
1782537180000,1.13827,1.13827,1.13827,1.13827
1782537240000,1.13827,1.13827,1.13827,1.13827
1782537300000,1.13827,1.13827,1.13827,1.13827
1782537360000,1.13827,1.13827,1.13827,1.13827
1782537420000,1.13827,1.13827,1.13827,1.13827
1782537480000,1.13827,1.13827,1.13827,1.13827
1782537540000,1.13827,1.13827,1.13827,1.13827
1782537600000,1.13827,1.13827,1.13827,1.13827
1782537660000,1.13827,1.13827,1.13827,1.13827
1782537720000,1.13827,1.13827,1.13827,1.13827
1782537780000,1.13827,1.13827,1.13827,1.13827
1782537840000,1.13827,1.13827,1.13827,1.13827
1782537900000,1.13827,1.13827,1.13827,1.13827
1782537960000,1.13827,1.13827,1.13827,1.13827
1782538020000,1.13827,1.13827,1.13827,1.13827
1782538080000,1.13827,1.13827,1.13827,1.13827
1782538140000,1.13827,1.13827,1.13827,1.13827
1782538200000,1.13827,1.13827,1.13827,1.13827
1782538260000,1.13827,1.13827,1.13827,1.13827
1782538320000,1.13827,1.13827,1.13827,1.13827
1782538380000,1.13827,1.13827,1.13827,1.13827
1782538440000,1.13827,1.13827,1.13827,1.13827
1782538500000,1.13827,1.13827,1.13827,1.13827
1782538560000,1.13827,1.13827,1.13827,1.13827
1782538620000,1.13827,1.13827,1.13827,1.13827
1782538680000,1.13827,1.13827,1.13827,1.13827
1782538740000,1.13827,1.13827,1.13827,1.13827
1782538800000,1.13827,1.13827,1.13827,1.13827
1782538860000,1.13827,1.13827,1.13827,1.13827
1782538920000,1.13827,1.13827,1.13827,1.13827
1782538980000,1.13827,1.13827,1.13827,1.13827
1782539040000,1.13827,1.13827,1.13827,1.13827
1782539100000,1.13827,1.13827,1.13827,1.13827
1782539160000,1.13827,1.13827,1.13827,1.13827
1782539220000,1.13827,1.13827,1.13827,1.13827
1782539280000,1.13827,1.13827,1.13827,1.13827
1782539340000,1.13827,1.13827,1.13827,1.13827
1782539400000,1.13827,1.13827,1.13827,1.13827
1782539460000,1.13827,1.13827,1.13827,1.13827
1782539520000,1.13827,1.13827,1.13827,1.13827
1782539580000,1.13827,1.13827,1.13827,1.13827
1782539640000,1.13827,1.13827,1.13827,1.13827
1782539700000,1.13827,1.13827,1.13827,1.13827
1782539760000,1.13827,1.13827,1.13827,1.13827
1782539820000,1.13827,1.13827,1.13827,1.13827
1782539880000,1.13827,1.13827,1.13827,1.13827
1782539940000,1.13827,1.13827,1.13827,1.13827
1782540000000,1.13827,1.13827,1.13827,1.13827
1782540060000,1.13827,1.13827,1.13827,1.13827
1782540120000,1.13827,1.13827,1.13827,1.13827
1782540180000,1.13827,1.13827,1.13827,1.13827
1782540240000,1.13827,1.13827,1.13827,1.13827
1782540300000,1.13827,1.13827,1.13827,1.13827
1782540360000,1.13827,1.13827,1.13827,1.13827
1782540420000,1.13827,1.13827,1.13827,1.13827
1782540480000,1.13827,1.13827,1.13827,1.13827
1782540540000,1.13827,1.13827,1.13827,1.13827
1782540600000,1.13827,1.13827,1.13827,1.13827
1782540660000,1.13827,1.13827,1.13827,1.13827
1782540720000,1.13827,1.13827,1.13827,1.13827
1782540780000,1.13827,1.13827,1.13827,1.13827
1782540840000,1.13827,1.13827,1.13827,1.13827
1782540900000,1.13827,1.13827,1.13827,1.13827
1782540960000,1.13827,1.13827,1.13827,1.13827
1782541020000,1.13827,1.13827,1.13827,1.13827
1782541080000,1.13827,1.13827,1.13827,1.13827
1782541140000,1.13827,1.13827,1.13827,1.13827
1782541200000,1.13827,1.13827,1.13827,1.13827
1782541260000,1.13827,1.13827,1.13827,1.13827
1782541320000,1.13827,1.13827,1.13827,1.13827
1782541380000,1.13827,1.13827,1.13827,1.13827
1782541440000,1.13827,1.13827,1.13827,1.13827
1782541500000,1.13827,1.13827,1.13827,1.13827
1782541560000,1.13827,1.13827,1.13827,1.13827
1782541620000,1.13827,1.13827,1.13827,1.13827
1782541680000,1.13827,1.13827,1.13827,1.13827
1782541740000,1.13827,1.13827,1.13827,1.13827
1782541800000,1.13827,1.13827,1.13827,1.13827
1782541860000,1.13827,1.13827,1.13827,1.13827
1782541920000,1.13827,1.13827,1.13827,1.13827
1782541980000,1.13827,1.13827,1.13827,1.13827
1782542040000,1.13827,1.13827,1.13827,1.13827
1782542100000,1.13827,1.13827,1.13827,1.13827
1782542160000,1.13827,1.13827,1.13827,1.13827
1782542220000,1.13827,1.13827,1.13827,1.13827
1782542280000,1.13827,1.13827,1.13827,1.13827
1782542340000,1.13827,1.13827,1.13827,1.13827
1782542400000,1.13827,1.13827,1.13827,1.13827
1782542460000,1.13827,1.13827,1.13827,1.13827
1782542520000,1.13827,1.13827,1.13827,1.13827
1782542580000,1.13827,1.13827,1.13827,1.13827
1782542640000,1.13827,1.13827,1.13827,1.13827
1782542700000,1.13827,1.13827,1.13827,1.13827
1782542760000,1.13827,1.13827,1.13827,1.13827
1782542820000,1.13827,1.13827,1.13827,1.13827
1782542880000,1.13827,1.13827,1.13827,1.13827
1782542940000,1.13827,1.13827,1.13827,1.13827
1782543000000,1.13827,1.13827,1.13827,1.13827
1782543060000,1.13827,1.13827,1.13827,1.13827
1782543120000,1.13827,1.13827,1.13827,1.13827
1782543180000,1.13827,1.13827,1.13827,1.13827
1782543240000,1.13827,1.13827,1.13827,1.13827
1782543300000,1.13827,1.13827,1.13827,1.13827
1782543360000,1.13827,1.13827,1.13827,1.13827
1782543420000,1.13827,1.13827,1.13827,1.13827
1782543480000,1.13827,1.13827,1.13827,1.13827
1782543540000,1.13827,1.13827,1.13827,1.13827
1782543600000,1.13827,1.13827,1.13827,1.13827
1782543660000,1.13827,1.13827,1.13827,1.13827
1782543720000,1.13827,1.13827,1.13827,1.13827
1782543780000,1.13827,1.13827,1.13827,1.13827
1782543840000,1.13827,1.13827,1.13827,1.13827
1782543900000,1.13827,1.13827,1.13827,1.13827
1782543960000,1.13827,1.13827,1.13827,1.13827
1782544020000,1.13827,1.13827,1.13827,1.13827
1782544080000,1.13827,1.13827,1.13827,1.13827
1782544140000,1.13827,1.13827,1.13827,1.13827
1782544200000,1.13827,1.13827,1.13827,1.13827
1782544260000,1.13827,1.13827,1.13827,1.13827
1782544320000,1.13827,1.13827,1.13827,1.13827
1782544380000,1.13827,1.13827,1.13827,1.13827
1782544440000,1.13827,1.13827,1.13827,1.13827
1782544500000,1.13827,1.13827,1.13827,1.13827
1782544560000,1.13827,1.13827,1.13827,1.13827
1782544620000,1.13827,1.13827,1.13827,1.13827
1782544680000,1.13827,1.13827,1.13827,1.13827
1782544740000,1.13827,1.13827,1.13827,1.13827
1782544800000,1.13827,1.13827,1.13827,1.13827
1782544860000,1.13827,1.13827,1.13827,1.13827
1782544920000,1.13827,1.13827,1.13827,1.13827
1782544980000,1.13827,1.13827,1.13827,1.13827
1782545040000,1.13827,1.13827,1.13827,1.13827
1782545100000,1.13827,1.13827,1.13827,1.13827
1782545160000,1.13827,1.13827,1.13827,1.13827
1782545220000,1.13827,1.13827,1.13827,1.13827
1782545280000,1.13827,1.13827,1.13827,1.13827
1782545340000,1.13827,1.13827,1.13827,1.13827
1782545400000,1.13827,1.13827,1.13827,1.13827
1782545460000,1.13827,1.13827,1.13827,1.13827
1782545520000,1.13827,1.13827,1.13827,1.13827
1782545580000,1.13827,1.13827,1.13827,1.13827
1782545640000,1.13827,1.13827,1.13827,1.13827
1782545700000,1.13827,1.13827,1.13827,1.13827
1782545760000,1.13827,1.13827,1.13827,1.13827
1782545820000,1.13827,1.13827,1.13827,1.13827
1782545880000,1.13827,1.13827,1.13827,1.13827
1782545940000,1.13827,1.13827,1.13827,1.13827
1782546000000,1.13827,1.13827,1.13827,1.13827
1782546060000,1.13827,1.13827,1.13827,1.13827
1782546120000,1.13827,1.13827,1.13827,1.13827
1782546180000,1.13827,1.13827,1.13827,1.13827
1782546240000,1.13827,1.13827,1.13827,1.13827
1782546300000,1.13827,1.13827,1.13827,1.13827
1782546360000,1.13827,1.13827,1.13827,1.13827
1782546420000,1.13827,1.13827,1.13827,1.13827
1782546480000,1.13827,1.13827,1.13827,1.13827
1782546540000,1.13827,1.13827,1.13827,1.13827
1782546600000,1.13827,1.13827,1.13827,1.13827
1782546660000,1.13827,1.13827,1.13827,1.13827
1782546720000,1.13827,1.13827,1.13827,1.13827
1782546780000,1.13827,1.13827,1.13827,1.13827
1782546840000,1.13827,1.13827,1.13827,1.13827
1782546900000,1.13827,1.13827,1.13827,1.13827
1782546960000,1.13827,1.13827,1.13827,1.13827
1782547020000,1.13827,1.13827,1.13827,1.13827
1782547080000,1.13827,1.13827,1.13827,1.13827
1782547140000,1.13827,1.13827,1.13827,1.13827
1782547200000,1.13827,1.13827,1.13827,1.13827
1782547260000,1.13827,1.13827,1.13827,1.13827
1782547320000,1.13827,1.13827,1.13827,1.13827
1782547380000,1.13827,1.13827,1.13827,1.13827
1782547440000,1.13827,1.13827,1.13827,1.13827
1782547500000,1.13827,1.13827,1.13827,1.13827
1782547560000,1.13827,1.13827,1.13827,1.13827
1782547620000,1.13827,1.13827,1.13827,1.13827
1782547680000,1.13827,1.13827,1.13827,1.13827
1782547740000,1.13827,1.13827,1.13827,1.13827
1782547800000,1.13827,1.13827,1.13827,1.13827
1782547860000,1.13827,1.13827,1.13827,1.13827
1782547920000,1.13827,1.13827,1.13827,1.13827
1782547980000,1.13827,1.13827,1.13827,1.13827
1782548040000,1.13827,1.13827,1.13827,1.13827
1782548100000,1.13827,1.13827,1.13827,1.13827
1782548160000,1.13827,1.13827,1.13827,1.13827
1782548220000,1.13827,1.13827,1.13827,1.13827
1782548280000,1.13827,1.13827,1.13827,1.13827
1782548340000,1.13827,1.13827,1.13827,1.13827
1782548400000,1.13827,1.13827,1.13827,1.13827
1782548460000,1.13827,1.13827,1.13827,1.13827
1782548520000,1.13827,1.13827,1.13827,1.13827
1782548580000,1.13827,1.13827,1.13827,1.13827
1782548640000,1.13827,1.13827,1.13827,1.13827
1782548700000,1.13827,1.13827,1.13827,1.13827
1782548760000,1.13827,1.13827,1.13827,1.13827
1782548820000,1.13827,1.13827,1.13827,1.13827
1782548880000,1.13827,1.13827,1.13827,1.13827
1782548940000,1.13827,1.13827,1.13827,1.13827
1782549000000,1.13827,1.13827,1.13827,1.13827
1782549060000,1.13827,1.13827,1.13827,1.13827
1782549120000,1.13827,1.13827,1.13827,1.13827
1782549180000,1.13827,1.13827,1.13827,1.13827
1782549240000,1.13827,1.13827,1.13827,1.13827
1782549300000,1.13827,1.13827,1.13827,1.13827
1782549360000,1.13827,1.13827,1.13827,1.13827
1782549420000,1.13827,1.13827,1.13827,1.13827
1782549480000,1.13827,1.13827,1.13827,1.13827
1782549540000,1.13827,1.13827,1.13827,1.13827
1782549600000,1.13827,1.13827,1.13827,1.13827
1782549660000,1.13827,1.13827,1.13827,1.13827
1782549720000,1.13827,1.13827,1.13827,1.13827
1782549780000,1.13827,1.13827,1.13827,1.13827
1782549840000,1.13827,1.13827,1.13827,1.13827
1782549900000,1.13827,1.13827,1.13827,1.13827
1782549960000,1.13827,1.13827,1.13827,1.13827
1782550020000,1.13827,1.13827,1.13827,1.13827
1782550080000,1.13827,1.13827,1.13827,1.13827
1782550140000,1.13827,1.13827,1.13827,1.13827
1782550200000,1.13827,1.13827,1.13827,1.13827
1782550260000,1.13827,1.13827,1.13827,1.13827
1782550320000,1.13827,1.13827,1.13827,1.13827
1782550380000,1.13827,1.13827,1.13827,1.13827
1782550440000,1.13827,1.13827,1.13827,1.13827
1782550500000,1.13827,1.13827,1.13827,1.13827
1782550560000,1.13827,1.13827,1.13827,1.13827
1782550620000,1.13827,1.13827,1.13827,1.13827
1782550680000,1.13827,1.13827,1.13827,1.13827
1782550740000,1.13827,1.13827,1.13827,1.13827
1782550800000,1.13827,1.13827,1.13827,1.13827
1782550860000,1.13827,1.13827,1.13827,1.13827
1782550920000,1.13827,1.13827,1.13827,1.13827
1782550980000,1.13827,1.13827,1.13827,1.13827
1782551040000,1.13827,1.13827,1.13827,1.13827
1782551100000,1.13827,1.13827,1.13827,1.13827
1782551160000,1.13827,1.13827,1.13827,1.13827
1782551220000,1.13827,1.13827,1.13827,1.13827
1782551280000,1.13827,1.13827,1.13827,1.13827
1782551340000,1.13827,1.13827,1.13827,1.13827
1782551400000,1.13827,1.13827,1.13827,1.13827
1782551460000,1.13827,1.13827,1.13827,1.13827
1782551520000,1.13827,1.13827,1.13827,1.13827
1782551580000,1.13827,1.13827,1.13827,1.13827
1782551640000,1.13827,1.13827,1.13827,1.13827
1782551700000,1.13827,1.13827,1.13827,1.13827
1782551760000,1.13827,1.13827,1.13827,1.13827
1782551820000,1.13827,1.13827,1.13827,1.13827
1782551880000,1.13827,1.13827,1.13827,1.13827
1782551940000,1.13827,1.13827,1.13827,1.13827
1782552000000,1.13827,1.13827,1.13827,1.13827
1782552060000,1.13827,1.13827,1.13827,1.13827
1782552120000,1.13827,1.13827,1.13827,1.13827
1782552180000,1.13827,1.13827,1.13827,1.13827
1782552240000,1.13827,1.13827,1.13827,1.13827
1782552300000,1.13827,1.13827,1.13827,1.13827
1782552360000,1.13827,1.13827,1.13827,1.13827
1782552420000,1.13827,1.13827,1.13827,1.13827
1782552480000,1.13827,1.13827,1.13827,1.13827
1782552540000,1.13827,1.13827,1.13827,1.13827
1782552600000,1.13827,1.13827,1.13827,1.13827
1782552660000,1.13827,1.13827,1.13827,1.13827
1782552720000,1.13827,1.13827,1.13827,1.13827
1782552780000,1.13827,1.13827,1.13827,1.13827
1782552840000,1.13827,1.13827,1.13827,1.13827
1782552900000,1.13827,1.13827,1.13827,1.13827
1782552960000,1.13827,1.13827,1.13827,1.13827
1782553020000,1.13827,1.13827,1.13827,1.13827
1782553080000,1.13827,1.13827,1.13827,1.13827
1782553140000,1.13827,1.13827,1.13827,1.13827
1782553200000,1.13827,1.13827,1.13827,1.13827
1782553260000,1.13827,1.13827,1.13827,1.13827
1782553320000,1.13827,1.13827,1.13827,1.13827
1782553380000,1.13827,1.13827,1.13827,1.13827
1782553440000,1.13827,1.13827,1.13827,1.13827
1782553500000,1.13827,1.13827,1.13827,1.13827
1782553560000,1.13827,1.13827,1.13827,1.13827
1782553620000,1.13827,1.13827,1.13827,1.13827
1782553680000,1.13827,1.13827,1.13827,1.13827
1782553740000,1.13827,1.13827,1.13827,1.13827
1782553800000,1.13827,1.13827,1.13827,1.13827
1782553860000,1.13827,1.13827,1.13827,1.13827
1782553920000,1.13827,1.13827,1.13827,1.13827
1782553980000,1.13827,1.13827,1.13827,1.13827
1782554040000,1.13827,1.13827,1.13827,1.13827
1782554100000,1.13827,1.13827,1.13827,1.13827
1782554160000,1.13827,1.13827,1.13827,1.13827
1782554220000,1.13827,1.13827,1.13827,1.13827
1782554280000,1.13827,1.13827,1.13827,1.13827
1782554340000,1.13827,1.13827,1.13827,1.13827
1782554400000,1.13827,1.13827,1.13827,1.13827
1782554460000,1.13827,1.13827,1.13827,1.13827
1782554520000,1.13827,1.13827,1.13827,1.13827
1782554580000,1.13827,1.13827,1.13827,1.13827
1782554640000,1.13827,1.13827,1.13827,1.13827
1782554700000,1.13827,1.13827,1.13827,1.13827
1782554760000,1.13827,1.13827,1.13827,1.13827
1782554820000,1.13827,1.13827,1.13827,1.13827
1782554880000,1.13827,1.13827,1.13827,1.13827
1782554940000,1.13827,1.13827,1.13827,1.13827
1782555000000,1.13827,1.13827,1.13827,1.13827
1782555060000,1.13827,1.13827,1.13827,1.13827
1782555120000,1.13827,1.13827,1.13827,1.13827
1782555180000,1.13827,1.13827,1.13827,1.13827
1782555240000,1.13827,1.13827,1.13827,1.13827
1782555300000,1.13827,1.13827,1.13827,1.13827
1782555360000,1.13827,1.13827,1.13827,1.13827
1782555420000,1.13827,1.13827,1.13827,1.13827
1782555480000,1.13827,1.13827,1.13827,1.13827
1782555540000,1.13827,1.13827,1.13827,1.13827
1782555600000,1.13827,1.13827,1.13827,1.13827
1782555660000,1.13827,1.13827,1.13827,1.13827
1782555720000,1.13827,1.13827,1.13827,1.13827
1782555780000,1.13827,1.13827,1.13827,1.13827
1782555840000,1.13827,1.13827,1.13827,1.13827
1782555900000,1.13827,1.13827,1.13827,1.13827
1782555960000,1.13827,1.13827,1.13827,1.13827
1782556020000,1.13827,1.13827,1.13827,1.13827
1782556080000,1.13827,1.13827,1.13827,1.13827
1782556140000,1.13827,1.13827,1.13827,1.13827
1782556200000,1.13827,1.13827,1.13827,1.13827
1782556260000,1.13827,1.13827,1.13827,1.13827
1782556320000,1.13827,1.13827,1.13827,1.13827
1782556380000,1.13827,1.13827,1.13827,1.13827
1782556440000,1.13827,1.13827,1.13827,1.13827
1782556500000,1.13827,1.13827,1.13827,1.13827
1782556560000,1.13827,1.13827,1.13827,1.13827
1782556620000,1.13827,1.13827,1.13827,1.13827
1782556680000,1.13827,1.13827,1.13827,1.13827
1782556740000,1.13827,1.13827,1.13827,1.13827
1782556800000,1.13827,1.13827,1.13827,1.13827
1782556860000,1.13827,1.13827,1.13827,1.13827
1782556920000,1.13827,1.13827,1.13827,1.13827
1782556980000,1.13827,1.13827,1.13827,1.13827
1782557040000,1.13827,1.13827,1.13827,1.13827
1782557100000,1.13827,1.13827,1.13827,1.13827
1782557160000,1.13827,1.13827,1.13827,1.13827
1782557220000,1.13827,1.13827,1.13827,1.13827
1782557280000,1.13827,1.13827,1.13827,1.13827
1782557340000,1.13827,1.13827,1.13827,1.13827
1782557400000,1.13827,1.13827,1.13827,1.13827
1782557460000,1.13827,1.13827,1.13827,1.13827
1782557520000,1.13827,1.13827,1.13827,1.13827
1782557580000,1.13827,1.13827,1.13827,1.13827
1782557640000,1.13827,1.13827,1.13827,1.13827
1782557700000,1.13827,1.13827,1.13827,1.13827
1782557760000,1.13827,1.13827,1.13827,1.13827
1782557820000,1.13827,1.13827,1.13827,1.13827
1782557880000,1.13827,1.13827,1.13827,1.13827
1782557940000,1.13827,1.13827,1.13827,1.13827
1782558000000,1.13827,1.13827,1.13827,1.13827
1782558060000,1.13827,1.13827,1.13827,1.13827
1782558120000,1.13827,1.13827,1.13827,1.13827
1782558180000,1.13827,1.13827,1.13827,1.13827
1782558240000,1.13827,1.13827,1.13827,1.13827
1782558300000,1.13827,1.13827,1.13827,1.13827
1782558360000,1.13827,1.13827,1.13827,1.13827
1782558420000,1.13827,1.13827,1.13827,1.13827
1782558480000,1.13827,1.13827,1.13827,1.13827
1782558540000,1.13827,1.13827,1.13827,1.13827
1782558600000,1.13827,1.13827,1.13827,1.13827
1782558660000,1.13827,1.13827,1.13827,1.13827
1782558720000,1.13827,1.13827,1.13827,1.13827
1782558780000,1.13827,1.13827,1.13827,1.13827
1782558840000,1.13827,1.13827,1.13827,1.13827
1782558900000,1.13827,1.13827,1.13827,1.13827
1782558960000,1.13827,1.13827,1.13827,1.13827
1782559020000,1.13827,1.13827,1.13827,1.13827
1782559080000,1.13827,1.13827,1.13827,1.13827
1782559140000,1.13827,1.13827,1.13827,1.13827
1782559200000,1.13827,1.13827,1.13827,1.13827
1782559260000,1.13827,1.13827,1.13827,1.13827
1782559320000,1.13827,1.13827,1.13827,1.13827
1782559380000,1.13827,1.13827,1.13827,1.13827
1782559440000,1.13827,1.13827,1.13827,1.13827
1782559500000,1.13827,1.13827,1.13827,1.13827
1782559560000,1.13827,1.13827,1.13827,1.13827
1782559620000,1.13827,1.13827,1.13827,1.13827
1782559680000,1.13827,1.13827,1.13827,1.13827
1782559740000,1.13827,1.13827,1.13827,1.13827
1782559800000,1.13827,1.13827,1.13827,1.13827
1782559860000,1.13827,1.13827,1.13827,1.13827
1782559920000,1.13827,1.13827,1.13827,1.13827
1782559980000,1.13827,1.13827,1.13827,1.13827
1782560040000,1.13827,1.13827,1.13827,1.13827
1782560100000,1.13827,1.13827,1.13827,1.13827
1782560160000,1.13827,1.13827,1.13827,1.13827
1782560220000,1.13827,1.13827,1.13827,1.13827
1782560280000,1.13827,1.13827,1.13827,1.13827
1782560340000,1.13827,1.13827,1.13827,1.13827
1782560400000,1.13827,1.13827,1.13827,1.13827
1782560460000,1.13827,1.13827,1.13827,1.13827
1782560520000,1.13827,1.13827,1.13827,1.13827
1782560580000,1.13827,1.13827,1.13827,1.13827
1782560640000,1.13827,1.13827,1.13827,1.13827
1782560700000,1.13827,1.13827,1.13827,1.13827
1782560760000,1.13827,1.13827,1.13827,1.13827
1782560820000,1.13827,1.13827,1.13827,1.13827
1782560880000,1.13827,1.13827,1.13827,1.13827
1782560940000,1.13827,1.13827,1.13827,1.13827
1782561000000,1.13827,1.13827,1.13827,1.13827
1782561060000,1.13827,1.13827,1.13827,1.13827
1782561120000,1.13827,1.13827,1.13827,1.13827
1782561180000,1.13827,1.13827,1.13827,1.13827
1782561240000,1.13827,1.13827,1.13827,1.13827
1782561300000,1.13827,1.13827,1.13827,1.13827
1782561360000,1.13827,1.13827,1.13827,1.13827
1782561420000,1.13827,1.13827,1.13827,1.13827
1782561480000,1.13827,1.13827,1.13827,1.13827
1782561540000,1.13827,1.13827,1.13827,1.13827
1782561600000,1.13827,1.13827,1.13827,1.13827
1782561660000,1.13827,1.13827,1.13827,1.13827
1782561720000,1.13827,1.13827,1.13827,1.13827
1782561780000,1.13827,1.13827,1.13827,1.13827
1782561840000,1.13827,1.13827,1.13827,1.13827
1782561900000,1.13827,1.13827,1.13827,1.13827
1782561960000,1.13827,1.13827,1.13827,1.13827
1782562020000,1.13827,1.13827,1.13827,1.13827
1782562080000,1.13827,1.13827,1.13827,1.13827
1782562140000,1.13827,1.13827,1.13827,1.13827
1782562200000,1.13827,1.13827,1.13827,1.13827
1782562260000,1.13827,1.13827,1.13827,1.13827
1782562320000,1.13827,1.13827,1.13827,1.13827
1782562380000,1.13827,1.13827,1.13827,1.13827
1782562440000,1.13827,1.13827,1.13827,1.13827
1782562500000,1.13827,1.13827,1.13827,1.13827
1782562560000,1.13827,1.13827,1.13827,1.13827
1782562620000,1.13827,1.13827,1.13827,1.13827
1782562680000,1.13827,1.13827,1.13827,1.13827
1782562740000,1.13827,1.13827,1.13827,1.13827
1782562800000,1.13827,1.13827,1.13827,1.13827
1782562860000,1.13827,1.13827,1.13827,1.13827
1782562920000,1.13827,1.13827,1.13827,1.13827
1782562980000,1.13827,1.13827,1.13827,1.13827
1782563040000,1.13827,1.13827,1.13827,1.13827
1782563100000,1.13827,1.13827,1.13827,1.13827
1782563160000,1.13827,1.13827,1.13827,1.13827
1782563220000,1.13827,1.13827,1.13827,1.13827
1782563280000,1.13827,1.13827,1.13827,1.13827
1782563340000,1.13827,1.13827,1.13827,1.13827
1782563400000,1.13827,1.13827,1.13827,1.13827
1782563460000,1.13827,1.13827,1.13827,1.13827
1782563520000,1.13827,1.13827,1.13827,1.13827
1782563580000,1.13827,1.13827,1.13827,1.13827
1782563640000,1.13827,1.13827,1.13827,1.13827
1782563700000,1.13827,1.13827,1.13827,1.13827
1782563760000,1.13827,1.13827,1.13827,1.13827
1782563820000,1.13827,1.13827,1.13827,1.13827
1782563880000,1.13827,1.13827,1.13827,1.13827
1782563940000,1.13827,1.13827,1.13827,1.13827
1782564000000,1.13827,1.13827,1.13827,1.13827
1782564060000,1.13827,1.13827,1.13827,1.13827
1782564120000,1.13827,1.13827,1.13827,1.13827
1782564180000,1.13827,1.13827,1.13827,1.13827
1782564240000,1.13827,1.13827,1.13827,1.13827
1782564300000,1.13827,1.13827,1.13827,1.13827
1782564360000,1.13827,1.13827,1.13827,1.13827
1782564420000,1.13827,1.13827,1.13827,1.13827
1782564480000,1.13827,1.13827,1.13827,1.13827
1782564540000,1.13827,1.13827,1.13827,1.13827
1782564600000,1.13827,1.13827,1.13827,1.13827
1782564660000,1.13827,1.13827,1.13827,1.13827
1782564720000,1.13827,1.13827,1.13827,1.13827
1782564780000,1.13827,1.13827,1.13827,1.13827
1782564840000,1.13827,1.13827,1.13827,1.13827
1782564900000,1.13827,1.13827,1.13827,1.13827
1782564960000,1.13827,1.13827,1.13827,1.13827
1782565020000,1.13827,1.13827,1.13827,1.13827
1782565080000,1.13827,1.13827,1.13827,1.13827
1782565140000,1.13827,1.13827,1.13827,1.13827
1782565200000,1.13827,1.13827,1.13827,1.13827
1782565260000,1.13827,1.13827,1.13827,1.13827
1782565320000,1.13827,1.13827,1.13827,1.13827
1782565380000,1.13827,1.13827,1.13827,1.13827
1782565440000,1.13827,1.13827,1.13827,1.13827
1782565500000,1.13827,1.13827,1.13827,1.13827
1782565560000,1.13827,1.13827,1.13827,1.13827
1782565620000,1.13827,1.13827,1.13827,1.13827
1782565680000,1.13827,1.13827,1.13827,1.13827
1782565740000,1.13827,1.13827,1.13827,1.13827
1782565800000,1.13827,1.13827,1.13827,1.13827
1782565860000,1.13827,1.13827,1.13827,1.13827
1782565920000,1.13827,1.13827,1.13827,1.13827
1782565980000,1.13827,1.13827,1.13827,1.13827
1782566040000,1.13827,1.13827,1.13827,1.13827
1782566100000,1.13827,1.13827,1.13827,1.13827
1782566160000,1.13827,1.13827,1.13827,1.13827
1782566220000,1.13827,1.13827,1.13827,1.13827
1782566280000,1.13827,1.13827,1.13827,1.13827
1782566340000,1.13827,1.13827,1.13827,1.13827
1782566400000,1.13827,1.13827,1.13827,1.13827
1782566460000,1.13827,1.13827,1.13827,1.13827
1782566520000,1.13827,1.13827,1.13827,1.13827
1782566580000,1.13827,1.13827,1.13827,1.13827
1782566640000,1.13827,1.13827,1.13827,1.13827
1782566700000,1.13827,1.13827,1.13827,1.13827
1782566760000,1.13827,1.13827,1.13827,1.13827
1782566820000,1.13827,1.13827,1.13827,1.13827
1782566880000,1.13827,1.13827,1.13827,1.13827
1782566940000,1.13827,1.13827,1.13827,1.13827
1782567000000,1.13827,1.13827,1.13827,1.13827
1782567060000,1.13827,1.13827,1.13827,1.13827
1782567120000,1.13827,1.13827,1.13827,1.13827
1782567180000,1.13827,1.13827,1.13827,1.13827
1782567240000,1.13827,1.13827,1.13827,1.13827
1782567300000,1.13827,1.13827,1.13827,1.13827
1782567360000,1.13827,1.13827,1.13827,1.13827
1782567420000,1.13827,1.13827,1.13827,1.13827
1782567480000,1.13827,1.13827,1.13827,1.13827
1782567540000,1.13827,1.13827,1.13827,1.13827
1782567600000,1.13827,1.13827,1.13827,1.13827
1782567660000,1.13827,1.13827,1.13827,1.13827
1782567720000,1.13827,1.13827,1.13827,1.13827
1782567780000,1.13827,1.13827,1.13827,1.13827
1782567840000,1.13827,1.13827,1.13827,1.13827
1782567900000,1.13827,1.13827,1.13827,1.13827
1782567960000,1.13827,1.13827,1.13827,1.13827
1782568020000,1.13827,1.13827,1.13827,1.13827
1782568080000,1.13827,1.13827,1.13827,1.13827
1782568140000,1.13827,1.13827,1.13827,1.13827
1782568200000,1.13827,1.13827,1.13827,1.13827
1782568260000,1.13827,1.13827,1.13827,1.13827
1782568320000,1.13827,1.13827,1.13827,1.13827
1782568380000,1.13827,1.13827,1.13827,1.13827
1782568440000,1.13827,1.13827,1.13827,1.13827
1782568500000,1.13827,1.13827,1.13827,1.13827
1782568560000,1.13827,1.13827,1.13827,1.13827
1782568620000,1.13827,1.13827,1.13827,1.13827
1782568680000,1.13827,1.13827,1.13827,1.13827
1782568740000,1.13827,1.13827,1.13827,1.13827
1782568800000,1.13827,1.13827,1.13827,1.13827
1782568860000,1.13827,1.13827,1.13827,1.13827
1782568920000,1.13827,1.13827,1.13827,1.13827
1782568980000,1.13827,1.13827,1.13827,1.13827
1782569040000,1.13827,1.13827,1.13827,1.13827
1782569100000,1.13827,1.13827,1.13827,1.13827
1782569160000,1.13827,1.13827,1.13827,1.13827
1782569220000,1.13827,1.13827,1.13827,1.13827
1782569280000,1.13827,1.13827,1.13827,1.13827
1782569340000,1.13827,1.13827,1.13827,1.13827
1782569400000,1.13827,1.13827,1.13827,1.13827
1782569460000,1.13827,1.13827,1.13827,1.13827
1782569520000,1.13827,1.13827,1.13827,1.13827
1782569580000,1.13827,1.13827,1.13827,1.13827
1782569640000,1.13827,1.13827,1.13827,1.13827
1782569700000,1.13827,1.13827,1.13827,1.13827
1782569760000,1.13827,1.13827,1.13827,1.13827
1782569820000,1.13827,1.13827,1.13827,1.13827
1782569880000,1.13827,1.13827,1.13827,1.13827
1782569940000,1.13827,1.13827,1.13827,1.13827
1782570000000,1.13827,1.13827,1.13827,1.13827
1782570060000,1.13827,1.13827,1.13827,1.13827
1782570120000,1.13827,1.13827,1.13827,1.13827
1782570180000,1.13827,1.13827,1.13827,1.13827
1782570240000,1.13827,1.13827,1.13827,1.13827
1782570300000,1.13827,1.13827,1.13827,1.13827
1782570360000,1.13827,1.13827,1.13827,1.13827
1782570420000,1.13827,1.13827,1.13827,1.13827
1782570480000,1.13827,1.13827,1.13827,1.13827
1782570540000,1.13827,1.13827,1.13827,1.13827
1782570600000,1.13827,1.13827,1.13827,1.13827
1782570660000,1.13827,1.13827,1.13827,1.13827
1782570720000,1.13827,1.13827,1.13827,1.13827
1782570780000,1.13827,1.13827,1.13827,1.13827
1782570840000,1.13827,1.13827,1.13827,1.13827
1782570900000,1.13827,1.13827,1.13827,1.13827
1782570960000,1.13827,1.13827,1.13827,1.13827
1782571020000,1.13827,1.13827,1.13827,1.13827
1782571080000,1.13827,1.13827,1.13827,1.13827
1782571140000,1.13827,1.13827,1.13827,1.13827
1782571200000,1.13827,1.13827,1.13827,1.13827
1782571260000,1.13827,1.13827,1.13827,1.13827
1782571320000,1.13827,1.13827,1.13827,1.13827
1782571380000,1.13827,1.13827,1.13827,1.13827
1782571440000,1.13827,1.13827,1.13827,1.13827
1782571500000,1.13827,1.13827,1.13827,1.13827
1782571560000,1.13827,1.13827,1.13827,1.13827
1782571620000,1.13827,1.13827,1.13827,1.13827
1782571680000,1.13827,1.13827,1.13827,1.13827
1782571740000,1.13827,1.13827,1.13827,1.13827
1782571800000,1.13827,1.13827,1.13827,1.13827
1782571860000,1.13827,1.13827,1.13827,1.13827
1782571920000,1.13827,1.13827,1.13827,1.13827
1782571980000,1.13827,1.13827,1.13827,1.13827
1782572040000,1.13827,1.13827,1.13827,1.13827
1782572100000,1.13827,1.13827,1.13827,1.13827
1782572160000,1.13827,1.13827,1.13827,1.13827
1782572220000,1.13827,1.13827,1.13827,1.13827
1782572280000,1.13827,1.13827,1.13827,1.13827
1782572340000,1.13827,1.13827,1.13827,1.13827
1782572400000,1.13827,1.13827,1.13827,1.13827
1782572460000,1.13827,1.13827,1.13827,1.13827
1782572520000,1.13827,1.13827,1.13827,1.13827
1782572580000,1.13827,1.13827,1.13827,1.13827
1782572640000,1.13827,1.13827,1.13827,1.13827
1782572700000,1.13827,1.13827,1.13827,1.13827
1782572760000,1.13827,1.13827,1.13827,1.13827
1782572820000,1.13827,1.13827,1.13827,1.13827
1782572880000,1.13827,1.13827,1.13827,1.13827
1782572940000,1.13827,1.13827,1.13827,1.13827
1782573000000,1.13827,1.13827,1.13827,1.13827
1782573060000,1.13827,1.13827,1.13827,1.13827
1782573120000,1.13827,1.13827,1.13827,1.13827
1782573180000,1.13827,1.13827,1.13827,1.13827
1782573240000,1.13827,1.13827,1.13827,1.13827
1782573300000,1.13827,1.13827,1.13827,1.13827
1782573360000,1.13827,1.13827,1.13827,1.13827
1782573420000,1.13827,1.13827,1.13827,1.13827
1782573480000,1.13827,1.13827,1.13827,1.13827
1782573540000,1.13827,1.13827,1.13827,1.13827
1782573600000,1.13827,1.13827,1.13827,1.13827
1782573660000,1.13827,1.13827,1.13827,1.13827
1782573720000,1.13827,1.13827,1.13827,1.13827
1782573780000,1.13827,1.13827,1.13827,1.13827
1782573840000,1.13827,1.13827,1.13827,1.13827
1782573900000,1.13827,1.13827,1.13827,1.13827
1782573960000,1.13827,1.13827,1.13827,1.13827
1782574020000,1.13827,1.13827,1.13827,1.13827
1782574080000,1.13827,1.13827,1.13827,1.13827
1782574140000,1.13827,1.13827,1.13827,1.13827
1782574200000,1.13827,1.13827,1.13827,1.13827
1782574260000,1.13827,1.13827,1.13827,1.13827
1782574320000,1.13827,1.13827,1.13827,1.13827
1782574380000,1.13827,1.13827,1.13827,1.13827
1782574440000,1.13827,1.13827,1.13827,1.13827
1782574500000,1.13827,1.13827,1.13827,1.13827
1782574560000,1.13827,1.13827,1.13827,1.13827
1782574620000,1.13827,1.13827,1.13827,1.13827
1782574680000,1.13827,1.13827,1.13827,1.13827
1782574740000,1.13827,1.13827,1.13827,1.13827
1782574800000,1.13827,1.13827,1.13827,1.13827
1782574860000,1.13827,1.13827,1.13827,1.13827
1782574920000,1.13827,1.13827,1.13827,1.13827
1782574980000,1.13827,1.13827,1.13827,1.13827
1782575040000,1.13827,1.13827,1.13827,1.13827
1782575100000,1.13827,1.13827,1.13827,1.13827
1782575160000,1.13827,1.13827,1.13827,1.13827
1782575220000,1.13827,1.13827,1.13827,1.13827
1782575280000,1.13827,1.13827,1.13827,1.13827
1782575340000,1.13827,1.13827,1.13827,1.13827
1782575400000,1.13827,1.13827,1.13827,1.13827
1782575460000,1.13827,1.13827,1.13827,1.13827
1782575520000,1.13827,1.13827,1.13827,1.13827
1782575580000,1.13827,1.13827,1.13827,1.13827
1782575640000,1.13827,1.13827,1.13827,1.13827
1782575700000,1.13827,1.13827,1.13827,1.13827
1782575760000,1.13827,1.13827,1.13827,1.13827
1782575820000,1.13827,1.13827,1.13827,1.13827
1782575880000,1.13827,1.13827,1.13827,1.13827
1782575940000,1.13827,1.13827,1.13827,1.13827
1782576000000,1.13827,1.13827,1.13827,1.13827
1782576060000,1.13827,1.13827,1.13827,1.13827
1782576120000,1.13827,1.13827,1.13827,1.13827
1782576180000,1.13827,1.13827,1.13827,1.13827
1782576240000,1.13827,1.13827,1.13827,1.13827
1782576300000,1.13827,1.13827,1.13827,1.13827
1782576360000,1.13827,1.13827,1.13827,1.13827
1782576420000,1.13827,1.13827,1.13827,1.13827
1782576480000,1.13827,1.13827,1.13827,1.13827
1782576540000,1.13827,1.13827,1.13827,1.13827
1782576600000,1.13827,1.13827,1.13827,1.13827
1782576660000,1.13827,1.13827,1.13827,1.13827
1782576720000,1.13827,1.13827,1.13827,1.13827
1782576780000,1.13827,1.13827,1.13827,1.13827
1782576840000,1.13827,1.13827,1.13827,1.13827
1782576900000,1.13827,1.13827,1.13827,1.13827
1782576960000,1.13827,1.13827,1.13827,1.13827
1782577020000,1.13827,1.13827,1.13827,1.13827
1782577080000,1.13827,1.13827,1.13827,1.13827
1782577140000,1.13827,1.13827,1.13827,1.13827
1782577200000,1.13827,1.13827,1.13827,1.13827
1782577260000,1.13827,1.13827,1.13827,1.13827
1782577320000,1.13827,1.13827,1.13827,1.13827
1782577380000,1.13827,1.13827,1.13827,1.13827
1782577440000,1.13827,1.13827,1.13827,1.13827
1782577500000,1.13827,1.13827,1.13827,1.13827
1782577560000,1.13827,1.13827,1.13827,1.13827
1782577620000,1.13827,1.13827,1.13827,1.13827
1782577680000,1.13827,1.13827,1.13827,1.13827
1782577740000,1.13827,1.13827,1.13827,1.13827
1782577800000,1.13827,1.13827,1.13827,1.13827
1782577860000,1.13827,1.13827,1.13827,1.13827
1782577920000,1.13827,1.13827,1.13827,1.13827
1782577980000,1.13827,1.13827,1.13827,1.13827
1782578040000,1.13827,1.13827,1.13827,1.13827
1782578100000,1.13827,1.13827,1.13827,1.13827
1782578160000,1.13827,1.13827,1.13827,1.13827
1782578220000,1.13827,1.13827,1.13827,1.13827
1782578280000,1.13827,1.13827,1.13827,1.13827
1782578340000,1.13827,1.13827,1.13827,1.13827
1782578400000,1.13827,1.13827,1.13827,1.13827
1782578460000,1.13827,1.13827,1.13827,1.13827
1782578520000,1.13827,1.13827,1.13827,1.13827
1782578580000,1.13827,1.13827,1.13827,1.13827
1782578640000,1.13827,1.13827,1.13827,1.13827
1782578700000,1.13827,1.13827,1.13827,1.13827
1782578760000,1.13827,1.13827,1.13827,1.13827
1782578820000,1.13827,1.13827,1.13827,1.13827
1782578880000,1.13827,1.13827,1.13827,1.13827
1782578940000,1.13827,1.13827,1.13827,1.13827
1782579000000,1.13827,1.13827,1.13827,1.13827
1782579060000,1.13827,1.13827,1.13827,1.13827
1782579120000,1.13827,1.13827,1.13827,1.13827
1782579180000,1.13827,1.13827,1.13827,1.13827
1782579240000,1.13827,1.13827,1.13827,1.13827
1782579300000,1.13827,1.13827,1.13827,1.13827
1782579360000,1.13827,1.13827,1.13827,1.13827
1782579420000,1.13827,1.13827,1.13827,1.13827
1782579480000,1.13827,1.13827,1.13827,1.13827
1782579540000,1.13827,1.13827,1.13827,1.13827
1782579600000,1.13827,1.13827,1.13827,1.13827
1782579660000,1.13827,1.13827,1.13827,1.13827
1782579720000,1.13827,1.13827,1.13827,1.13827
1782579780000,1.13827,1.13827,1.13827,1.13827
1782579840000,1.13827,1.13827,1.13827,1.13827
1782579900000,1.13827,1.13827,1.13827,1.13827
1782579960000,1.13827,1.13827,1.13827,1.13827
1782580020000,1.13827,1.13827,1.13827,1.13827
1782580080000,1.13827,1.13827,1.13827,1.13827
1782580140000,1.13827,1.13827,1.13827,1.13827
1782580200000,1.13827,1.13827,1.13827,1.13827
1782580260000,1.13827,1.13827,1.13827,1.13827
1782580320000,1.13827,1.13827,1.13827,1.13827
1782580380000,1.13827,1.13827,1.13827,1.13827
1782580440000,1.13827,1.13827,1.13827,1.13827
1782580500000,1.13827,1.13827,1.13827,1.13827
1782580560000,1.13827,1.13827,1.13827,1.13827
1782580620000,1.13827,1.13827,1.13827,1.13827
1782580680000,1.13827,1.13827,1.13827,1.13827
1782580740000,1.13827,1.13827,1.13827,1.13827
1782580800000,1.13827,1.13827,1.13827,1.13827
1782580860000,1.13827,1.13827,1.13827,1.13827
1782580920000,1.13827,1.13827,1.13827,1.13827
1782580980000,1.13827,1.13827,1.13827,1.13827
1782581040000,1.13827,1.13827,1.13827,1.13827
1782581100000,1.13827,1.13827,1.13827,1.13827
1782581160000,1.13827,1.13827,1.13827,1.13827
1782581220000,1.13827,1.13827,1.13827,1.13827
1782581280000,1.13827,1.13827,1.13827,1.13827
1782581340000,1.13827,1.13827,1.13827,1.13827
1782581400000,1.13827,1.13827,1.13827,1.13827
1782581460000,1.13827,1.13827,1.13827,1.13827
1782581520000,1.13827,1.13827,1.13827,1.13827
1782581580000,1.13827,1.13827,1.13827,1.13827
1782581640000,1.13827,1.13827,1.13827,1.13827
1782581700000,1.13827,1.13827,1.13827,1.13827
1782581760000,1.13827,1.13827,1.13827,1.13827
1782581820000,1.13827,1.13827,1.13827,1.13827
1782581880000,1.13827,1.13827,1.13827,1.13827
1782581940000,1.13827,1.13827,1.13827,1.13827
1782582000000,1.13827,1.13827,1.13827,1.13827
1782582060000,1.13827,1.13827,1.13827,1.13827
1782582120000,1.13827,1.13827,1.13827,1.13827
1782582180000,1.13827,1.13827,1.13827,1.13827
1782582240000,1.13827,1.13827,1.13827,1.13827
1782582300000,1.13827,1.13827,1.13827,1.13827
1782582360000,1.13827,1.13827,1.13827,1.13827
1782582420000,1.13827,1.13827,1.13827,1.13827
1782582480000,1.13827,1.13827,1.13827,1.13827
1782582540000,1.13827,1.13827,1.13827,1.13827
1782582600000,1.13827,1.13827,1.13827,1.13827
1782582660000,1.13827,1.13827,1.13827,1.13827
1782582720000,1.13827,1.13827,1.13827,1.13827
1782582780000,1.13827,1.13827,1.13827,1.13827
1782582840000,1.13827,1.13827,1.13827,1.13827
1782582900000,1.13827,1.13827,1.13827,1.13827
1782582960000,1.13827,1.13827,1.13827,1.13827
1782583020000,1.13827,1.13827,1.13827,1.13827
1782583080000,1.13827,1.13827,1.13827,1.13827
1782583140000,1.13827,1.13827,1.13827,1.13827
1782583200000,1.13827,1.13827,1.13827,1.13827
1782583260000,1.13827,1.13827,1.13827,1.13827
1782583320000,1.13827,1.13827,1.13827,1.13827
1782583380000,1.13827,1.13827,1.13827,1.13827
1782583440000,1.13827,1.13827,1.13827,1.13827
1782583500000,1.13827,1.13827,1.13827,1.13827
1782583560000,1.13827,1.13827,1.13827,1.13827
1782583620000,1.13827,1.13827,1.13827,1.13827
1782583680000,1.13827,1.13827,1.13827,1.13827
1782583740000,1.13827,1.13827,1.13827,1.13827
1782583800000,1.13827,1.13827,1.13827,1.13827
1782583860000,1.13827,1.13827,1.13827,1.13827
1782583920000,1.13827,1.13827,1.13827,1.13827
1782583980000,1.13827,1.13827,1.13827,1.13827
1782584040000,1.13827,1.13827,1.13827,1.13827
1782584100000,1.13827,1.13827,1.13827,1.13827
1782584160000,1.13827,1.13827,1.13827,1.13827
1782584220000,1.13827,1.13827,1.13827,1.13827
1782584280000,1.13827,1.13827,1.13827,1.13827
1782584340000,1.13827,1.13827,1.13827,1.13827
1782584400000,1.13827,1.13827,1.13827,1.13827
1782584460000,1.13827,1.13827,1.13827,1.13827
1782584520000,1.13827,1.13827,1.13827,1.13827
1782584580000,1.13827,1.13827,1.13827,1.13827
1782584640000,1.13827,1.13827,1.13827,1.13827
1782584700000,1.13827,1.13827,1.13827,1.13827
1782584760000,1.13827,1.13827,1.13827,1.13827
1782584820000,1.13827,1.13827,1.13827,1.13827
1782584880000,1.13827,1.13827,1.13827,1.13827
1782584940000,1.13827,1.13827,1.13827,1.13827
1782585000000,1.13827,1.13827,1.13827,1.13827
1782585060000,1.13827,1.13827,1.13827,1.13827
1782585120000,1.13827,1.13827,1.13827,1.13827
1782585180000,1.13827,1.13827,1.13827,1.13827
1782585240000,1.13827,1.13827,1.13827,1.13827
1782585300000,1.13827,1.13827,1.13827,1.13827
1782585360000,1.13827,1.13827,1.13827,1.13827
1782585420000,1.13827,1.13827,1.13827,1.13827
1782585480000,1.13827,1.13827,1.13827,1.13827
1782585540000,1.13827,1.13827,1.13827,1.13827
1782585600000,1.13827,1.13827,1.13827,1.13827
1782585660000,1.13827,1.13827,1.13827,1.13827
1782585720000,1.13827,1.13827,1.13827,1.13827
1782585780000,1.13827,1.13827,1.13827,1.13827
1782585840000,1.13827,1.13827,1.13827,1.13827
1782585900000,1.13827,1.13827,1.13827,1.13827
1782585960000,1.13827,1.13827,1.13827,1.13827
1782586020000,1.13827,1.13827,1.13827,1.13827
1782586080000,1.13827,1.13827,1.13827,1.13827
1782586140000,1.13827,1.13827,1.13827,1.13827
1782586200000,1.13827,1.13827,1.13827,1.13827
1782586260000,1.13827,1.13827,1.13827,1.13827
1782586320000,1.13827,1.13827,1.13827,1.13827
1782586380000,1.13827,1.13827,1.13827,1.13827
1782586440000,1.13827,1.13827,1.13827,1.13827
1782586500000,1.13827,1.13827,1.13827,1.13827
1782586560000,1.13827,1.13827,1.13827,1.13827
1782586620000,1.13827,1.13827,1.13827,1.13827
1782586680000,1.13827,1.13827,1.13827,1.13827
1782586740000,1.13827,1.13827,1.13827,1.13827
1782586800000,1.13827,1.13827,1.13827,1.13827
1782586860000,1.13827,1.13827,1.13827,1.13827
1782586920000,1.13827,1.13827,1.13827,1.13827
1782586980000,1.13827,1.13827,1.13827,1.13827
1782587040000,1.13827,1.13827,1.13827,1.13827
1782587100000,1.13827,1.13827,1.13827,1.13827
1782587160000,1.13827,1.13827,1.13827,1.13827
1782587220000,1.13827,1.13827,1.13827,1.13827
1782587280000,1.13827,1.13827,1.13827,1.13827
1782587340000,1.13827,1.13827,1.13827,1.13827
1782587400000,1.13827,1.13827,1.13827,1.13827
1782587460000,1.13827,1.13827,1.13827,1.13827
1782587520000,1.13827,1.13827,1.13827,1.13827
1782587580000,1.13827,1.13827,1.13827,1.13827
1782587640000,1.13827,1.13827,1.13827,1.13827
1782587700000,1.13827,1.13827,1.13827,1.13827
1782587760000,1.13827,1.13827,1.13827,1.13827
1782587820000,1.13827,1.13827,1.13827,1.13827
1782587880000,1.13827,1.13827,1.13827,1.13827
1782587940000,1.13827,1.13827,1.13827,1.13827
1782588000000,1.13827,1.13827,1.13827,1.13827
1782588060000,1.13827,1.13827,1.13827,1.13827
1782588120000,1.13827,1.13827,1.13827,1.13827
1782588180000,1.13827,1.13827,1.13827,1.13827
1782588240000,1.13827,1.13827,1.13827,1.13827
1782588300000,1.13827,1.13827,1.13827,1.13827
1782588360000,1.13827,1.13827,1.13827,1.13827
1782588420000,1.13827,1.13827,1.13827,1.13827
1782588480000,1.13827,1.13827,1.13827,1.13827
1782588540000,1.13827,1.13827,1.13827,1.13827
1782588600000,1.13827,1.13827,1.13827,1.13827
1782588660000,1.13827,1.13827,1.13827,1.13827
1782588720000,1.13827,1.13827,1.13827,1.13827
1782588780000,1.13827,1.13827,1.13827,1.13827
1782588840000,1.13827,1.13827,1.13827,1.13827
1782588900000,1.13827,1.13827,1.13827,1.13827
1782588960000,1.13827,1.13827,1.13827,1.13827
1782589020000,1.13827,1.13827,1.13827,1.13827
1782589080000,1.13827,1.13827,1.13827,1.13827
1782589140000,1.13827,1.13827,1.13827,1.13827
1782589200000,1.13827,1.13827,1.13827,1.13827
1782589260000,1.13827,1.13827,1.13827,1.13827
1782589320000,1.13827,1.13827,1.13827,1.13827
1782589380000,1.13827,1.13827,1.13827,1.13827
1782589440000,1.13827,1.13827,1.13827,1.13827
1782589500000,1.13827,1.13827,1.13827,1.13827
1782589560000,1.13827,1.13827,1.13827,1.13827
1782589620000,1.13827,1.13827,1.13827,1.13827
1782589680000,1.13827,1.13827,1.13827,1.13827
1782589740000,1.13827,1.13827,1.13827,1.13827
1782589800000,1.13827,1.13827,1.13827,1.13827
1782589860000,1.13827,1.13827,1.13827,1.13827
1782589920000,1.13827,1.13827,1.13827,1.13827
1782589980000,1.13827,1.13827,1.13827,1.13827
1782590040000,1.13827,1.13827,1.13827,1.13827
1782590100000,1.13827,1.13827,1.13827,1.13827
1782590160000,1.13827,1.13827,1.13827,1.13827
1782590220000,1.13827,1.13827,1.13827,1.13827
1782590280000,1.13827,1.13827,1.13827,1.13827
1782590340000,1.13827,1.13827,1.13827,1.13827
1782590400000,1.13827,1.13827,1.13827,1.13827
1782590460000,1.13827,1.13827,1.13827,1.13827
1782590520000,1.13827,1.13827,1.13827,1.13827
1782590580000,1.13827,1.13827,1.13827,1.13827
1782590640000,1.13827,1.13827,1.13827,1.13827
1782590700000,1.13827,1.13827,1.13827,1.13827
1782590760000,1.13827,1.13827,1.13827,1.13827
1782590820000,1.13827,1.13827,1.13827,1.13827
1782590880000,1.13827,1.13827,1.13827,1.13827
1782590940000,1.13827,1.13827,1.13827,1.13827
1782591000000,1.13827,1.13827,1.13827,1.13827
1782591060000,1.13827,1.13827,1.13827,1.13827
1782591120000,1.13827,1.13827,1.13827,1.13827
1782591180000,1.13827,1.13827,1.13827,1.13827
1782591240000,1.13827,1.13827,1.13827,1.13827
1782591300000,1.13827,1.13827,1.13827,1.13827
1782591360000,1.13827,1.13827,1.13827,1.13827
1782591420000,1.13827,1.13827,1.13827,1.13827
1782591480000,1.13827,1.13827,1.13827,1.13827
1782591540000,1.13827,1.13827,1.13827,1.13827
1782591600000,1.13827,1.13827,1.13827,1.13827
1782591660000,1.13827,1.13827,1.13827,1.13827
1782591720000,1.13827,1.13827,1.13827,1.13827
1782591780000,1.13827,1.13827,1.13827,1.13827
1782591840000,1.13827,1.13827,1.13827,1.13827
1782591900000,1.13827,1.13827,1.13827,1.13827
1782591960000,1.13827,1.13827,1.13827,1.13827
1782592020000,1.13827,1.13827,1.13827,1.13827
1782592080000,1.13827,1.13827,1.13827,1.13827
1782592140000,1.13827,1.13827,1.13827,1.13827
1782592200000,1.13827,1.13827,1.13827,1.13827
1782592260000,1.13827,1.13827,1.13827,1.13827
1782592320000,1.13827,1.13827,1.13827,1.13827
1782592380000,1.13827,1.13827,1.13827,1.13827
1782592440000,1.13827,1.13827,1.13827,1.13827
1782592500000,1.13827,1.13827,1.13827,1.13827
1782592560000,1.13827,1.13827,1.13827,1.13827
1782592620000,1.13827,1.13827,1.13827,1.13827
1782592680000,1.13827,1.13827,1.13827,1.13827
1782592740000,1.13827,1.13827,1.13827,1.13827
1782592800000,1.13827,1.13827,1.13827,1.13827
1782592860000,1.13827,1.13827,1.13827,1.13827
1782592920000,1.13827,1.13827,1.13827,1.13827
1782592980000,1.13827,1.13827,1.13827,1.13827
1782593040000,1.13827,1.13827,1.13827,1.13827
1782593100000,1.13827,1.13827,1.13827,1.13827
1782593160000,1.13827,1.13827,1.13827,1.13827
1782593220000,1.13827,1.13827,1.13827,1.13827
1782593280000,1.13827,1.13827,1.13827,1.13827
1782593340000,1.13827,1.13827,1.13827,1.13827
1782593400000,1.13827,1.13827,1.13827,1.13827
1782593460000,1.13827,1.13827,1.13827,1.13827
1782593520000,1.13827,1.13827,1.13827,1.13827
1782593580000,1.13827,1.13827,1.13827,1.13827
1782593640000,1.13827,1.13827,1.13827,1.13827
1782593700000,1.13827,1.13827,1.13827,1.13827
1782593760000,1.13827,1.13827,1.13827,1.13827
1782593820000,1.13827,1.13827,1.13827,1.13827
1782593880000,1.13827,1.13827,1.13827,1.13827
1782593940000,1.13827,1.13827,1.13827,1.13827
1782594000000,1.13827,1.13827,1.13827,1.13827
1782594060000,1.13827,1.13827,1.13827,1.13827
1782594120000,1.13827,1.13827,1.13827,1.13827
1782594180000,1.13827,1.13827,1.13827,1.13827
1782594240000,1.13827,1.13827,1.13827,1.13827
1782594300000,1.13827,1.13827,1.13827,1.13827
1782594360000,1.13827,1.13827,1.13827,1.13827
1782594420000,1.13827,1.13827,1.13827,1.13827
1782594480000,1.13827,1.13827,1.13827,1.13827
1782594540000,1.13827,1.13827,1.13827,1.13827
1782594600000,1.13827,1.13827,1.13827,1.13827
1782594660000,1.13827,1.13827,1.13827,1.13827
1782594720000,1.13827,1.13827,1.13827,1.13827
1782594780000,1.13827,1.13827,1.13827,1.13827
1782594840000,1.13827,1.13827,1.13827,1.13827
1782594900000,1.13827,1.13827,1.13827,1.13827
1782594960000,1.13827,1.13827,1.13827,1.13827
1782595020000,1.13827,1.13827,1.13827,1.13827
1782595080000,1.13827,1.13827,1.13827,1.13827
1782595140000,1.13827,1.13827,1.13827,1.13827
1782595200000,1.13827,1.13827,1.13827,1.13827
1782595260000,1.13827,1.13827,1.13827,1.13827
1782595320000,1.13827,1.13827,1.13827,1.13827
1782595380000,1.13827,1.13827,1.13827,1.13827
1782595440000,1.13827,1.13827,1.13827,1.13827
1782595500000,1.13827,1.13827,1.13827,1.13827
1782595560000,1.13827,1.13827,1.13827,1.13827
1782595620000,1.13827,1.13827,1.13827,1.13827
1782595680000,1.13827,1.13827,1.13827,1.13827
1782595740000,1.13827,1.13827,1.13827,1.13827
1782595800000,1.13827,1.13827,1.13827,1.13827
1782595860000,1.13827,1.13827,1.13827,1.13827
1782595920000,1.13827,1.13827,1.13827,1.13827
1782595980000,1.13827,1.13827,1.13827,1.13827
1782596040000,1.13827,1.13827,1.13827,1.13827
1782596100000,1.13827,1.13827,1.13827,1.13827
1782596160000,1.13827,1.13827,1.13827,1.13827
1782596220000,1.13827,1.13827,1.13827,1.13827
1782596280000,1.13827,1.13827,1.13827,1.13827
1782596340000,1.13827,1.13827,1.13827,1.13827
1782596400000,1.13827,1.13827,1.13827,1.13827
1782596460000,1.13827,1.13827,1.13827,1.13827
1782596520000,1.13827,1.13827,1.13827,1.13827
1782596580000,1.13827,1.13827,1.13827,1.13827
1782596640000,1.13827,1.13827,1.13827,1.13827
1782596700000,1.13827,1.13827,1.13827,1.13827
1782596760000,1.13827,1.13827,1.13827,1.13827
1782596820000,1.13827,1.13827,1.13827,1.13827
1782596880000,1.13827,1.13827,1.13827,1.13827
1782596940000,1.13827,1.13827,1.13827,1.13827
1782597000000,1.13827,1.13827,1.13827,1.13827
1782597060000,1.13827,1.13827,1.13827,1.13827
1782597120000,1.13827,1.13827,1.13827,1.13827
1782597180000,1.13827,1.13827,1.13827,1.13827
1782597240000,1.13827,1.13827,1.13827,1.13827
1782597300000,1.13827,1.13827,1.13827,1.13827
1782597360000,1.13827,1.13827,1.13827,1.13827
1782597420000,1.13827,1.13827,1.13827,1.13827
1782597480000,1.13827,1.13827,1.13827,1.13827
1782597540000,1.13827,1.13827,1.13827,1.13827
1782597600000,1.13827,1.13827,1.13827,1.13827
1782597660000,1.13827,1.13827,1.13827,1.13827
1782597720000,1.13827,1.13827,1.13827,1.13827
1782597780000,1.13827,1.13827,1.13827,1.13827
1782597840000,1.13827,1.13827,1.13827,1.13827
1782597900000,1.13827,1.13827,1.13827,1.13827
1782597960000,1.13827,1.13827,1.13827,1.13827
1782598020000,1.13827,1.13827,1.13827,1.13827
1782598080000,1.13827,1.13827,1.13827,1.13827
1782598140000,1.13827,1.13827,1.13827,1.13827
1782598200000,1.13827,1.13827,1.13827,1.13827
1782598260000,1.13827,1.13827,1.13827,1.13827
1782598320000,1.13827,1.13827,1.13827,1.13827
1782598380000,1.13827,1.13827,1.13827,1.13827
1782598440000,1.13827,1.13827,1.13827,1.13827
1782598500000,1.13827,1.13827,1.13827,1.13827
1782598560000,1.13827,1.13827,1.13827,1.13827
1782598620000,1.13827,1.13827,1.13827,1.13827
1782598680000,1.13827,1.13827,1.13827,1.13827
1782598740000,1.13827,1.13827,1.13827,1.13827
1782598800000,1.13827,1.13827,1.13827,1.13827
1782598860000,1.13827,1.13827,1.13827,1.13827
1782598920000,1.13827,1.13827,1.13827,1.13827
1782598980000,1.13827,1.13827,1.13827,1.13827
1782599040000,1.13827,1.13827,1.13827,1.13827
1782599100000,1.13827,1.13827,1.13827,1.13827
1782599160000,1.13827,1.13827,1.13827,1.13827
1782599220000,1.13827,1.13827,1.13827,1.13827
1782599280000,1.13827,1.13827,1.13827,1.13827
1782599340000,1.13827,1.13827,1.13827,1.13827
1782599400000,1.13827,1.13827,1.13827,1.13827
1782599460000,1.13827,1.13827,1.13827,1.13827
1782599520000,1.13827,1.13827,1.13827,1.13827
1782599580000,1.13827,1.13827,1.13827,1.13827
1782599640000,1.13827,1.13827,1.13827,1.13827
1782599700000,1.13827,1.13827,1.13827,1.13827
1782599760000,1.13827,1.13827,1.13827,1.13827
1782599820000,1.13827,1.13827,1.13827,1.13827
1782599880000,1.13827,1.13827,1.13827,1.13827
1782599940000,1.13827,1.13827,1.13827,1.13827
1782600000000,1.13827,1.13827,1.13827,1.13827
1782600060000,1.13827,1.13827,1.13827,1.13827
1782600120000,1.13827,1.13827,1.13827,1.13827
1782600180000,1.13827,1.13827,1.13827,1.13827
1782600240000,1.13827,1.13827,1.13827,1.13827
1782600300000,1.13827,1.13827,1.13827,1.13827
1782600360000,1.13827,1.13827,1.13827,1.13827
1782600420000,1.13827,1.13827,1.13827,1.13827
1782600480000,1.13827,1.13827,1.13827,1.13827
1782600540000,1.13827,1.13827,1.13827,1.13827
1782600600000,1.13827,1.13827,1.13827,1.13827
1782600660000,1.13827,1.13827,1.13827,1.13827
1782600720000,1.13827,1.13827,1.13827,1.13827
1782600780000,1.13827,1.13827,1.13827,1.13827
1782600840000,1.13827,1.13827,1.13827,1.13827
1782600900000,1.13827,1.13827,1.13827,1.13827
1782600960000,1.13827,1.13827,1.13827,1.13827
1782601020000,1.13827,1.13827,1.13827,1.13827
1782601080000,1.13827,1.13827,1.13827,1.13827
1782601140000,1.13827,1.13827,1.13827,1.13827
1782601200000,1.13827,1.13827,1.13827,1.13827
1782601260000,1.13827,1.13827,1.13827,1.13827
1782601320000,1.13827,1.13827,1.13827,1.13827
1782601380000,1.13827,1.13827,1.13827,1.13827
1782601440000,1.13827,1.13827,1.13827,1.13827
1782601500000,1.13827,1.13827,1.13827,1.13827
1782601560000,1.13827,1.13827,1.13827,1.13827
1782601620000,1.13827,1.13827,1.13827,1.13827
1782601680000,1.13827,1.13827,1.13827,1.13827
1782601740000,1.13827,1.13827,1.13827,1.13827
1782601800000,1.13827,1.13827,1.13827,1.13827
1782601860000,1.13827,1.13827,1.13827,1.13827
1782601920000,1.13827,1.13827,1.13827,1.13827
1782601980000,1.13827,1.13827,1.13827,1.13827
1782602040000,1.13827,1.13827,1.13827,1.13827
1782602100000,1.13827,1.13827,1.13827,1.13827
1782602160000,1.13827,1.13827,1.13827,1.13827
1782602220000,1.13827,1.13827,1.13827,1.13827
1782602280000,1.13827,1.13827,1.13827,1.13827
1782602340000,1.13827,1.13827,1.13827,1.13827
1782602400000,1.13827,1.13827,1.13827,1.13827
1782602460000,1.13827,1.13827,1.13827,1.13827
1782602520000,1.13827,1.13827,1.13827,1.13827
1782602580000,1.13827,1.13827,1.13827,1.13827
1782602640000,1.13827,1.13827,1.13827,1.13827
1782602700000,1.13827,1.13827,1.13827,1.13827
1782602760000,1.13827,1.13827,1.13827,1.13827
1782602820000,1.13827,1.13827,1.13827,1.13827
1782602880000,1.13827,1.13827,1.13827,1.13827
1782602940000,1.13827,1.13827,1.13827,1.13827
1782603000000,1.13827,1.13827,1.13827,1.13827
1782603060000,1.13827,1.13827,1.13827,1.13827
1782603120000,1.13827,1.13827,1.13827,1.13827
1782603180000,1.13827,1.13827,1.13827,1.13827
1782603240000,1.13827,1.13827,1.13827,1.13827
1782603300000,1.13827,1.13827,1.13827,1.13827
1782603360000,1.13827,1.13827,1.13827,1.13827
1782603420000,1.13827,1.13827,1.13827,1.13827
1782603480000,1.13827,1.13827,1.13827,1.13827
1782603540000,1.13827,1.13827,1.13827,1.13827
1782603600000,1.13827,1.13827,1.13827,1.13827
1782603660000,1.13827,1.13827,1.13827,1.13827
1782603720000,1.13827,1.13827,1.13827,1.13827
1782603780000,1.13827,1.13827,1.13827,1.13827
1782603840000,1.13827,1.13827,1.13827,1.13827
1782603900000,1.13827,1.13827,1.13827,1.13827
1782603960000,1.13827,1.13827,1.13827,1.13827
1782604020000,1.13827,1.13827,1.13827,1.13827
1782604080000,1.13827,1.13827,1.13827,1.13827
1782604140000,1.13827,1.13827,1.13827,1.13827
1782604200000,1.13827,1.13827,1.13827,1.13827
1782604260000,1.13827,1.13827,1.13827,1.13827
1782604320000,1.13827,1.13827,1.13827,1.13827
1782604380000,1.13827,1.13827,1.13827,1.13827
1782604440000,1.13827,1.13827,1.13827,1.13827
1782604500000,1.13827,1.13827,1.13827,1.13827
1782604560000,1.13827,1.13827,1.13827,1.13827
1782604620000,1.13827,1.13827,1.13827,1.13827
1782604680000,1.13827,1.13827,1.13827,1.13827
1782604740000,1.13827,1.13827,1.13827,1.13827
1782777600000,1.14189,1.14192,1.14173,1.14185
1782777660000,1.14184,1.14193,1.14184,1.14189
1782777720000,1.1419,1.14203,1.14189,1.14199
1782777780000,1.14199,1.14199,1.14186,1.14187
1782777840000,1.14188,1.14198,1.14186,1.14195
1782777900000,1.14194,1.14194,1.14187,1.14191
1782777960000,1.14192,1.14196,1.14179,1.14179
1782778020000,1.1418,1.14183,1.14172,1.14176
1782778080000,1.14175,1.14175,1.14169,1.14171
1782778140000,1.14171,1.14173,1.14168,1.14168
1782778200000,1.14168,1.14181,1.14167,1.1418
1782778260000,1.1418,1.14186,1.14176,1.14183
1782778320000,1.14184,1.14184,1.14179,1.14182
1782778380000,1.14183,1.14183,1.14175,1.14179
1782778440000,1.14179,1.14182,1.14168,1.14168
1782778500000,1.14168,1.14169,1.14165,1.14165
1782778560000,1.14167,1.14169,1.1416,1.14161
1782778620000,1.14163,1.14163,1.14157,1.14161
1782778680000,1.1416,1.1416,1.14157,1.14159
1782778740000,1.1416,1.14165,1.1416,1.1416
1782778800000,1.14161,1.14163,1.14159,1.14159
1782778860000,1.14157,1.14163,1.14153,1.14156
1782778920000,1.14158,1.1416,1.14153,1.14154
1782778980000,1.14156,1.14156,1.14149,1.1415
1782779040000,1.14152,1.14154,1.1415,1.14151
1782779100000,1.14152,1.14154,1.1415,1.1415
1782779160000,1.14151,1.14157,1.14144,1.14153
1782779220000,1.14155,1.14155,1.14146,1.14147
1782779280000,1.14147,1.1415,1.14139,1.14141
1782779340000,1.14143,1.14145,1.14136,1.14145
1782779400000,1.14145,1.14155,1.14144,1.14153
1782779460000,1.14153,1.14159,1.14153,1.14156
1782779520000,1.14156,1.14156,1.14146,1.14146
1782779580000,1.1415,1.14151,1.14149,1.1415
1782779640000,1.14149,1.14153,1.14147,1.14152
1782779700000,1.14154,1.1416,1.14152,1.1416
1782779760000,1.14159,1.14164,1.14158,1.1416
1782779820000,1.14161,1.14161,1.14155,1.14155
1782779880000,1.14155,1.14156,1.1415,1.14151
1782779940000,1.14152,1.14152,1.14146,1.14151
1782780000000,1.14152,1.14154,1.14137,1.14139
1782780060000,1.14141,1.14147,1.14136,1.14139
1782780120000,1.1414,1.14142,1.14136,1.14137
1782780180000,1.14138,1.14143,1.14138,1.14142
1782780240000,1.1414,1.1414,1.14133,1.14136
1782780300000,1.14137,1.14147,1.14136,1.14147
1782780360000,1.14147,1.14147,1.14144,1.14147
1782780420000,1.14147,1.1415,1.14145,1.1415
1782780480000,1.14149,1.14151,1.14149,1.14151
1782780540000,1.1415,1.1415,1.14146,1.1415
1782780600000,1.1415,1.14155,1.14148,1.14153
1782780660000,1.14153,1.14161,1.14153,1.14159
1782780720000,1.14158,1.14158,1.14124,1.1413
1782780780000,1.1413,1.14146,1.14125,1.14137
1782780840000,1.14137,1.14142,1.14123,1.1413
1782780900000,1.14137,1.14142,1.14123,1.14142
1782780960000,1.14145,1.14154,1.1414,1.14143
1782781020000,1.14143,1.14168,1.14139,1.14164
1782781080000,1.14164,1.14164,1.14159,1.14162
1782781140000,1.1416,1.14162,1.14155,1.14161
1782781200000,1.14163,1.14171,1.14154,1.14157
1782781260000,1.14158,1.14161,1.14154,1.14156
1782781320000,1.14156,1.14161,1.14152,1.14161
1782781380000,1.14162,1.14165,1.1415,1.14154
1782781440000,1.14153,1.14155,1.14144,1.14146
1782781500000,1.14146,1.14146,1.14136,1.14136
1782781560000,1.14136,1.14137,1.14129,1.14131
1782781620000,1.14129,1.14135,1.14116,1.14116
1782781680000,1.14114,1.14119,1.14108,1.14112
1782781740000,1.14114,1.14115,1.14105,1.14113
1782781800000,1.14111,1.14113,1.14088,1.14089
1782781860000,1.14086,1.1409,1.14084,1.14084
1782781920000,1.14086,1.14086,1.14066,1.1407
1782781980000,1.14069,1.1407,1.14064,1.14068
1782782040000,1.1407,1.14075,1.14059,1.14063
1782782100000,1.14064,1.14084,1.14061,1.14084
1782782160000,1.14083,1.14104,1.1408,1.14099
1782782220000,1.14101,1.14108,1.14093,1.14108
1782782280000,1.14107,1.14111,1.14098,1.14101
1782782340000,1.14102,1.14107,1.14099,1.14101
1782782400000,1.14103,1.14113,1.14101,1.1411
1782782460000,1.14109,1.14116,1.14108,1.14114
1782782520000,1.14114,1.14124,1.14109,1.14122
1782782580000,1.14121,1.14125,1.1412,1.14124
1782782640000,1.14125,1.14134,1.14123,1.14132
1782782700000,1.14133,1.14138,1.14127,1.14127
1782782760000,1.14128,1.14134,1.14119,1.14134
1782782820000,1.14136,1.14146,1.14135,1.14146
1782782880000,1.14146,1.14153,1.14145,1.14151
1782782940000,1.14151,1.14152,1.14143,1.14148
1782783000000,1.14146,1.14148,1.14136,1.14146
1782783060000,1.14146,1.14157,1.14146,1.14149
1782783120000,1.14149,1.14157,1.14149,1.14151
1782783180000,1.1415,1.14155,1.14147,1.14149
1782783240000,1.14149,1.1416,1.14149,1.14155
1782783300000,1.14156,1.14159,1.14153,1.14157
1782783360000,1.14157,1.14157,1.14137,1.14143
1782783420000,1.14141,1.14141,1.14132,1.14132
1782783480000,1.14134,1.14134,1.14113,1.14115
1782783540000,1.14117,1.14124,1.14113,1.14116
1782783600000,1.14116,1.14119,1.141,1.14103
1782783660000,1.14103,1.14105,1.14089,1.14089
1782783720000,1.14088,1.14089,1.14076,1.14086
1782783780000,1.14084,1.14087,1.14066,1.14077
1782783840000,1.14078,1.14078,1.14061,1.14063
1782783900000,1.14062,1.14064,1.14053,1.1406
1782783960000,1.14061,1.1407,1.14061,1.14063
1782784020000,1.14062,1.14062,1.14054,1.14059
1782784080000,1.1406,1.14068,1.1405,1.14068
1782784140000,1.14069,1.14069,1.14059,1.14061
1782784200000,1.1406,1.14069,1.1406,1.14069
1782784260000,1.14069,1.14073,1.14068,1.14073
1782784320000,1.14073,1.1408,1.14057,1.14057
1782784380000,1.14059,1.14059,1.14056,1.14057
1782784440000,1.14055,1.14055,1.14042,1.14042
1782784500000,1.14044,1.14051,1.14042,1.14047
1782784560000,1.14047,1.14056,1.14047,1.14053
1782784620000,1.14052,1.14057,1.14045,1.14051
1782784680000,1.1405,1.1405,1.14037,1.14043
1782784740000,1.14042,1.14042,1.14018,1.1404
1782784800000,1.1404,1.14052,1.14033,1.14051
1782784860000,1.1405,1.14057,1.14048,1.14054
1782784920000,1.14054,1.14057,1.14051,1.14053
1782784980000,1.14056,1.14059,1.14053,1.14058
1782785040000,1.14059,1.1406,1.14057,1.14059
1782785100000,1.14059,1.14059,1.14038,1.14038
1782785160000,1.14038,1.14044,1.14033,1.14033
1782785220000,1.14033,1.14041,1.14033,1.14037
1782785280000,1.14038,1.14047,1.14038,1.14047
1782785340000,1.14047,1.14047,1.14033,1.14037
1782785400000,1.14038,1.1404,1.14037,1.14037
1782785460000,1.14038,1.14039,1.14033,1.14037
1782785520000,1.14037,1.14044,1.14035,1.14038
1782785580000,1.14037,1.1404,1.14031,1.14033
1782785640000,1.14032,1.14037,1.14032,1.14035
1782785700000,1.14035,1.14035,1.14026,1.14026
1782785760000,1.14028,1.14029,1.14027,1.14029
1782785820000,1.14028,1.14033,1.14023,1.14025
1782785880000,1.14028,1.1403,1.14026,1.14027
1782785940000,1.14029,1.14033,1.14026,1.14028
1782786000000,1.14026,1.14039,1.14026,1.14039
1782786060000,1.14039,1.14041,1.14036,1.14039
1782786120000,1.1404,1.14054,1.1404,1.1405
1782786180000,1.14051,1.14056,1.14048,1.14049
1782786240000,1.14048,1.1405,1.14043,1.14045
1782786300000,1.14044,1.1405,1.14044,1.14045
1782786360000,1.14044,1.14044,1.14035,1.14035
1782786420000,1.14036,1.14036,1.14035,1.14036
1782786480000,1.14035,1.14037,1.14035,1.14036
1782786540000,1.14037,1.14037,1.14032,1.14034
1782786600000,1.14034,1.14035,1.14031,1.14034
1782786660000,1.14037,1.14044,1.14037,1.14039
1782786720000,1.14039,1.14043,1.14039,1.14042
1782786780000,1.14041,1.14043,1.14038,1.1404
1782786840000,1.14043,1.14052,1.14043,1.1405
1782786900000,1.1405,1.14055,1.1405,1.14051
1782786960000,1.14052,1.14056,1.14049,1.14054
1782787020000,1.14052,1.14059,1.14052,1.14057
1782787080000,1.14059,1.14059,1.14057,1.14057
1782787140000,1.1406,1.14064,1.1406,1.14062
1782787200000,1.14062,1.14062,1.14059,1.14062
1782787260000,1.14063,1.14063,1.14056,1.14056
1782787320000,1.14056,1.14056,1.14041,1.14043
1782787380000,1.14042,1.14042,1.14035,1.14042
1782787440000,1.14041,1.14045,1.14038,1.14045
1782787500000,1.14046,1.14054,1.14046,1.14048
1782787560000,1.14049,1.1405,1.14042,1.14042
1782787620000,1.14041,1.14041,1.14034,1.14034
1782787680000,1.14033,1.14037,1.14033,1.14033
1782787740000,1.14034,1.14038,1.14034,1.14036
1782787800000,1.14036,1.1404,1.14035,1.14037
1782787860000,1.14039,1.14043,1.14037,1.14038
1782787920000,1.14038,1.14038,1.14024,1.14024
1782787980000,1.14028,1.14033,1.14025,1.14027
1782788040000,1.14026,1.14027,1.14015,1.1402
1782788100000,1.14021,1.14029,1.14021,1.14026
1782788160000,1.14023,1.14028,1.14022,1.14024
1782788220000,1.14024,1.14036,1.14022,1.14031
1782788280000,1.14032,1.14036,1.14031,1.14032
1782788340000,1.14032,1.14034,1.14024,1.14034
1782788400000,1.14033,1.14049,1.14033,1.14046
1782788460000,1.14047,1.14047,1.14041,1.14044
1782788520000,1.14044,1.14051,1.14042,1.14045
1782788580000,1.14045,1.1405,1.14044,1.14049
1782788640000,1.14048,1.14051,1.14046,1.14047
1782788700000,1.14046,1.1405,1.14042,1.14049
1782788760000,1.14048,1.1405,1.14045,1.14045
1782788820000,1.14046,1.14047,1.14038,1.14042
1782788880000,1.1404,1.1404,1.14033,1.14035
1782788940000,1.14033,1.14033,1.14019,1.14023
1782789000000,1.14022,1.14025,1.14021,1.14022
1782789060000,1.1402,1.14025,1.14016,1.14025
1782789120000,1.14023,1.14029,1.14023,1.14027
1782789180000,1.14025,1.14027,1.1402,1.14024
1782789240000,1.14024,1.14024,1.14017,1.14017
1782789300000,1.14019,1.1402,1.14018,1.14018
1782789360000,1.14018,1.14027,1.14018,1.14027
1782789420000,1.14028,1.14029,1.14021,1.14027
1782789480000,1.14026,1.14026,1.1401,1.14012
1782789540000,1.14011,1.14011,1.13997,1.14003
1782789600000,1.14005,1.14007,1.13997,1.14
1782789660000,1.14,1.14,1.13998,1.13998
1782789720000,1.13998,1.14,1.13997,1.13999
1782789780000,1.13998,1.14001,1.13997,1.13998
1782789840000,1.13994,1.14001,1.13992,1.13997
1782789900000,1.13996,1.13996,1.13989,1.13992
1782789960000,1.13992,1.13996,1.13983,1.13993
1782790020000,1.13992,1.1401,1.13992,1.14003
1782790080000,1.14004,1.14004,1.13988,1.13988
1782790140000,1.13989,1.13993,1.13988,1.1399
1782790200000,1.1399,1.13995,1.13985,1.13985
1782790260000,1.13987,1.13999,1.13987,1.13989
1782790320000,1.1399,1.13995,1.13986,1.13986
1782790380000,1.13985,1.13986,1.13982,1.13985
1782790440000,1.13983,1.13986,1.13983,1.13985
1782790500000,1.13986,1.13991,1.13985,1.1399
1782790560000,1.13989,1.13992,1.13987,1.1399
1782790620000,1.1399,1.1399,1.13987,1.13987
1782790680000,1.13988,1.13988,1.13973,1.13974
1782790740000,1.13974,1.13979,1.13974,1.13975
1782790800000,1.13974,1.13975,1.13968,1.13972
1782790860000,1.13972,1.13982,1.13972,1.1398
1782790920000,1.13978,1.1398,1.13974,1.13974
1782790980000,1.13976,1.13976,1.13972,1.13974
1782791040000,1.13975,1.13975,1.13971,1.13972
1782791100000,1.13971,1.13976,1.1397,1.13973
1782791160000,1.13974,1.13975,1.13973,1.13973
1782791220000,1.13974,1.13975,1.13973,1.13975
1782791280000,1.13973,1.13976,1.13973,1.13976
1782791340000,1.13974,1.13977,1.13973,1.13976
1782791400000,1.13978,1.13984,1.13977,1.1398
1782791460000,1.13982,1.13986,1.13982,1.13986
1782791520000,1.13987,1.1399,1.13987,1.13988
1782791580000,1.13988,1.13988,1.13982,1.13985
1782791640000,1.13984,1.13994,1.13984,1.13985
1782791700000,1.13984,1.13984,1.13978,1.13979
1782791760000,1.13981,1.13987,1.13981,1.13987
1782791820000,1.13985,1.13989,1.13984,1.13987
1782791880000,1.13986,1.13988,1.13982,1.13985
1782791940000,1.13984,1.13985,1.13979,1.13985
1782792000000,1.13983,1.13983,1.13973,1.13975
1782792060000,1.13979,1.13983,1.13979,1.13981
1782792120000,1.13983,1.13983,1.13977,1.13978
1782792180000,1.13978,1.13987,1.13978,1.13982
1782792240000,1.13982,1.13983,1.13982,1.13983
1782792300000,1.13982,1.13985,1.13982,1.13985
1782792360000,1.13986,1.13988,1.13983,1.13984
1782792420000,1.13985,1.13986,1.13979,1.1398
1782792480000,1.13979,1.13981,1.13978,1.1398
1782792540000,1.1398,1.13981,1.13979,1.13979
1782792600000,1.13978,1.13978,1.13973,1.13978
1782792660000,1.13977,1.13979,1.13974,1.13974
1782792720000,1.13976,1.13976,1.13973,1.13973
1782792780000,1.13974,1.13975,1.13968,1.13969
1782792840000,1.13969,1.13978,1.13969,1.13978
1782792900000,1.13978,1.13982,1.13976,1.13976
1782792960000,1.13976,1.13976,1.13972,1.13972
1782793020000,1.13974,1.13977,1.13972,1.13977
1782793080000,1.13977,1.1398,1.13976,1.13978
1782793140000,1.13978,1.13978,1.13977,1.13978
1782793200000,1.13977,1.13979,1.13977,1.13977
1782793260000,1.13977,1.13978,1.13977,1.13978
1782793320000,1.13979,1.13979,1.13966,1.13966
1782793380000,1.13967,1.13968,1.13955,1.13958
1782793440000,1.13958,1.13961,1.13957,1.13961
1782793500000,1.1396,1.13962,1.13952,1.13953
1782793560000,1.13953,1.13962,1.13953,1.13959
1782793620000,1.13962,1.13963,1.13961,1.13962
1782793680000,1.13964,1.13964,1.13959,1.13959
1782793740000,1.13962,1.13963,1.13961,1.13963
1782793800000,1.13962,1.13963,1.1396,1.13961
1782793860000,1.13963,1.13966,1.13963,1.13966
1782793920000,1.13969,1.13975,1.13969,1.13974
1782793980000,1.13974,1.13974,1.13971,1.13973
1782794040000,1.13973,1.13976,1.13973,1.13976
1782794100000,1.13978,1.13984,1.13973,1.13974
1782794160000,1.13974,1.13977,1.13974,1.13974
1782794220000,1.13975,1.13977,1.13974,1.13977
1782794280000,1.13978,1.13987,1.13977,1.13987
1782794340000,1.13985,1.13987,1.13982,1.13984
1782794400000,1.13982,1.1399,1.13982,1.13987
1782794460000,1.13987,1.1399,1.13986,1.13987
1782794520000,1.13985,1.13985,1.1398,1.13981
1782794580000,1.13983,1.13985,1.1398,1.1398
1782794640000,1.13979,1.13982,1.13976,1.13982
1782794700000,1.13982,1.13982,1.13973,1.13973
1782794760000,1.13972,1.13975,1.13962,1.13965
1782794820000,1.13964,1.13969,1.13962,1.13967
1782794880000,1.13966,1.13969,1.13962,1.13963
1782794940000,1.13963,1.13965,1.13963,1.13963
1782795000000,1.13964,1.13964,1.13953,1.13958
1782795060000,1.13958,1.13976,1.13958,1.13973
1782795120000,1.13974,1.13974,1.13968,1.13972
1782795180000,1.13972,1.13975,1.13971,1.13973
1782795240000,1.13974,1.13977,1.13969,1.13969
1782795300000,1.13967,1.1397,1.13939,1.13945
1782795360000,1.13946,1.13963,1.13936,1.1395
1782795420000,1.13947,1.13951,1.13914,1.13919
1782795480000,1.1392,1.1392,1.13892,1.13895
1782795540000,1.13895,1.13903,1.13888,1.1389
1782795600000,1.13891,1.13899,1.13878,1.1389
1782795660000,1.1389,1.13911,1.13872,1.13872
1782795720000,1.13873,1.1388,1.13861,1.13878
1782795780000,1.13877,1.13897,1.13867,1.13874
1782795840000,1.13873,1.13891,1.1387,1.13883
1782795900000,1.13883,1.13888,1.13876,1.13888
1782795960000,1.13889,1.13898,1.13888,1.13898
1782796020000,1.13898,1.13908,1.13897,1.13904
1782796080000,1.13906,1.13913,1.13903,1.13908
1782796140000,1.13908,1.13909,1.13894,1.13898
1782796200000,1.139,1.139,1.13892,1.13893
1782796260000,1.13894,1.13894,1.13882,1.13883
1782796320000,1.13886,1.139,1.13886,1.13899
1782796380000,1.139,1.13901,1.13897,1.139
1782796440000,1.139,1.13906,1.13896,1.139
1782796500000,1.13902,1.13902,1.13897,1.13897
1782796560000,1.13898,1.13901,1.13897,1.13898
1782796620000,1.139,1.13901,1.13899,1.13901
1782796680000,1.13901,1.13919,1.139,1.13917
1782796740000,1.13917,1.13917,1.13906,1.13908
1782796800000,1.13909,1.13909,1.13903,1.13907
1782796860000,1.13905,1.13909,1.13905,1.13909
1782796920000,1.13909,1.13921,1.13909,1.1392
1782796980000,1.13919,1.13925,1.13917,1.13918
1782797040000,1.1392,1.13922,1.13918,1.13922
1782797100000,1.13925,1.13925,1.13911,1.13911
1782797160000,1.13913,1.13915,1.13907,1.13907
1782797220000,1.13906,1.13912,1.13901,1.13912
1782797280000,1.13911,1.13916,1.13908,1.1391
1782797340000,1.13909,1.13911,1.13906,1.13908
1782797400000,1.13908,1.13914,1.13908,1.13914
1782797460000,1.13916,1.13922,1.13913,1.13922
1782797520000,1.13921,1.13921,1.13914,1.13915
1782797580000,1.13916,1.13917,1.13912,1.13915
1782797640000,1.13914,1.13917,1.13914,1.13916
1782797700000,1.13916,1.13916,1.13914,1.13914
1782797760000,1.13913,1.13913,1.13908,1.1391
1782797820000,1.1391,1.13912,1.13907,1.1391
1782797880000,1.13912,1.13918,1.13912,1.13918
1782797940000,1.13918,1.13919,1.13916,1.13918
1782798000000,1.13918,1.13919,1.13918,1.13919
1782798060000,1.13917,1.13925,1.13915,1.13917
1782798120000,1.13917,1.13918,1.13913,1.13913
1782798180000,1.13913,1.13919,1.13913,1.13917
1782798240000,1.13917,1.13919,1.13913,1.13915
1782798300000,1.13912,1.13916,1.13909,1.13913
1782798360000,1.13911,1.13911,1.139,1.13905
1782798420000,1.13904,1.13905,1.13904,1.13905
1782798480000,1.13905,1.1391,1.13905,1.13908
1782798540000,1.1391,1.1391,1.139,1.1391
1782798600000,1.13909,1.13911,1.13909,1.1391
1782798660000,1.13911,1.13913,1.13905,1.13913
1782798720000,1.13913,1.13927,1.13913,1.13918
1782798780000,1.13919,1.13924,1.13912,1.13915
1782798840000,1.13913,1.13914,1.13903,1.13904
1782798900000,1.13903,1.13903,1.13858,1.13862
1782798960000,1.13867,1.1387,1.13833,1.13836
1782799020000,1.13835,1.13853,1.13833,1.13848
1782799080000,1.13848,1.1385,1.13825,1.1383
1782799140000,1.1383,1.13849,1.13829,1.13847
1782799200000,1.13847,1.13858,1.13835,1.13836
1782799260000,1.13836,1.13854,1.13835,1.13851
1782799320000,1.13849,1.13863,1.13848,1.13863
1782799380000,1.13862,1.13868,1.13856,1.13856
1782799440000,1.13859,1.1387,1.13857,1.13867
1782799500000,1.13865,1.1387,1.1386,1.13867
1782799560000,1.13867,1.13875,1.13862,1.13865
1782799620000,1.13865,1.13869,1.1385,1.1386
1782799680000,1.13861,1.13867,1.13858,1.13867
1782799740000,1.13865,1.13882,1.13865,1.13879
1782799800000,1.13879,1.13879,1.13872,1.13877
1782799860000,1.13876,1.13883,1.13864,1.13865
1782799920000,1.13865,1.13891,1.13864,1.13885
1782799980000,1.13886,1.13895,1.13886,1.13889
1782800040000,1.13891,1.13891,1.13885,1.13886
1782800100000,1.13885,1.13899,1.1388,1.13884
1782800160000,1.13884,1.13892,1.13883,1.13892
1782800220000,1.13894,1.13902,1.13894,1.13897
1782800280000,1.13897,1.139,1.13892,1.139
1782800340000,1.13899,1.13902,1.13895,1.13902
1782800400000,1.13902,1.13905,1.13898,1.13899
1782800460000,1.13899,1.13932,1.13899,1.13932
1782800520000,1.13932,1.13952,1.13931,1.13935
1782800580000,1.13935,1.13946,1.13924,1.13941
1782800640000,1.13944,1.13954,1.13943,1.13945
1782800700000,1.13946,1.13955,1.13945,1.13952
1782800760000,1.13952,1.13962,1.13943,1.13956
1782800820000,1.13958,1.13964,1.13951,1.13962
1782800880000,1.13963,1.13982,1.13963,1.13982
1782800940000,1.13982,1.13983,1.13969,1.13972
1782801000000,1.13971,1.13981,1.13969,1.13977
1782801060000,1.13976,1.13987,1.13966,1.1397
1782801120000,1.1397,1.13989,1.13967,1.13983
1782801180000,1.13984,1.13984,1.13965,1.13967
1782801240000,1.13967,1.13995,1.13966,1.13992
1782801300000,1.13991,1.13994,1.1398,1.13989
1782801360000,1.13989,1.1399,1.13974,1.13978
1782801420000,1.13976,1.1398,1.1397,1.13976
1782801480000,1.13976,1.13982,1.1397,1.13971
1782801540000,1.13973,1.1398,1.1397,1.13978
1782801600000,1.13977,1.14002,1.13976,1.13994
1782801660000,1.13994,1.13998,1.13989,1.13997
1782801720000,1.13998,1.13998,1.13988,1.13994
1782801780000,1.13993,1.13993,1.13985,1.13989
1782801840000,1.13988,1.13999,1.13984,1.13987
1782801900000,1.13986,1.13986,1.13951,1.13957
1782801960000,1.13955,1.13993,1.13955,1.13992
1782802020000,1.13991,1.14008,1.13986,1.14002
1782802080000,1.14003,1.14003,1.1399,1.13997
1782802140000,1.13996,1.13996,1.13975,1.13985
1782802200000,1.13985,1.13991,1.13978,1.13987
1782802260000,1.13985,1.1399,1.13985,1.13989
1782802320000,1.1399,1.1399,1.13969,1.13972
1782802380000,1.13974,1.13984,1.13967,1.13983
1782802440000,1.13985,1.14012,1.13985,1.1401
1782802500000,1.14013,1.14023,1.14008,1.14018
1782802560000,1.14018,1.14028,1.14013,1.14017
1782802620000,1.14019,1.1403,1.14018,1.14025
1782802680000,1.14028,1.1403,1.14022,1.1403
1782802740000,1.14029,1.14037,1.14027,1.14028
1782802800000,1.14029,1.14036,1.1402,1.1402
1782802860000,1.1402,1.14043,1.14013,1.14036
1782802920000,1.14036,1.14046,1.14024,1.14036
1782802980000,1.14036,1.14052,1.14035,1.14045
1782803040000,1.14046,1.1405,1.1403,1.14049
1782803100000,1.14049,1.14051,1.14035,1.14045
1782803160000,1.14046,1.14062,1.14045,1.14048
1782803220000,1.14047,1.14056,1.14042,1.14056
1782803280000,1.14057,1.14066,1.14048,1.14049
1782803340000,1.14049,1.14049,1.14041,1.14042
1782803400000,1.14043,1.14054,1.14038,1.14047
1782803460000,1.14046,1.14061,1.14043,1.14055
1782803520000,1.14058,1.1406,1.14043,1.14047
1782803580000,1.14043,1.14061,1.14038,1.14056
1782803640000,1.14056,1.14056,1.1404,1.14047
1782803700000,1.14047,1.14047,1.14038,1.14046
1782803760000,1.14048,1.14053,1.14043,1.14044
1782803820000,1.14042,1.14046,1.1404,1.14044
1782803880000,1.14042,1.14051,1.14036,1.14046
1782803940000,1.14046,1.14052,1.14045,1.14045
1782804000000,1.14047,1.14047,1.14042,1.14044
1782804060000,1.14045,1.14048,1.1404,1.1404
1782804120000,1.14042,1.14052,1.14042,1.14051
1782804180000,1.1405,1.14057,1.14041,1.14051
1782804240000,1.14051,1.14065,1.14051,1.14062
1782804300000,1.14064,1.14084,1.14061,1.14084
1782804360000,1.14084,1.14094,1.14079,1.1408
1782804420000,1.14082,1.14082,1.14069,1.14072
1782804480000,1.14073,1.14078,1.14067,1.14075
1782804540000,1.14075,1.14076,1.14062,1.14064
1782804600000,1.14064,1.14068,1.14055,1.14055
1782804660000,1.14054,1.14061,1.14052,1.14053
1782804720000,1.1405,1.1406,1.1405,1.14055
1782804780000,1.14055,1.14076,1.14054,1.14069
1782804840000,1.14069,1.14073,1.14066,1.14071
1782804900000,1.14071,1.14072,1.14065,1.14068
1782804960000,1.1407,1.14072,1.14061,1.14067
1782805020000,1.14068,1.14069,1.14047,1.14054
1782805080000,1.14055,1.14064,1.14052,1.14052
1782805140000,1.14053,1.14065,1.14053,1.14057
1782805200000,1.14056,1.14056,1.14042,1.14044
1782805260000,1.14045,1.14053,1.14036,1.14042
1782805320000,1.1404,1.14067,1.1404,1.14066
1782805380000,1.14067,1.14067,1.14061,1.14061
1782805440000,1.14059,1.14064,1.14053,1.14058
1782805500000,1.14059,1.14063,1.14034,1.14034
1782805560000,1.14036,1.14052,1.14036,1.14052
1782805620000,1.14052,1.14053,1.14031,1.14033
1782805680000,1.14032,1.14038,1.14019,1.14025
1782805740000,1.14027,1.14027,1.14018,1.1402
1782805800000,1.14021,1.14021,1.13996,1.14
1782805860000,1.14001,1.14009,1.13997,1.13999
1782805920000,1.13999,1.13999,1.13982,1.13997
1782805980000,1.13998,1.13998,1.13983,1.13983
1782806040000,1.13982,1.13997,1.13982,1.13992
1782806100000,1.13992,1.13994,1.1397,1.13978
1782806160000,1.13977,1.13985,1.13975,1.13979
1782806220000,1.13977,1.13988,1.13975,1.13987
1782806280000,1.13988,1.13994,1.13985,1.13994
1782806340000,1.13994,1.13994,1.13983,1.13985
1782806400000,1.13985,1.13993,1.13948,1.13951
1782806460000,1.1395,1.13952,1.13919,1.13938
1782806520000,1.13937,1.13947,1.1391,1.13925
1782806580000,1.13924,1.13957,1.13924,1.13952
1782806640000,1.1395,1.13961,1.13942,1.13946
1782806700000,1.13945,1.13987,1.1394,1.13979
1782806760000,1.13979,1.13979,1.13971,1.13976
1782806820000,1.13976,1.13976,1.13943,1.13943
1782806880000,1.13944,1.13953,1.13925,1.1393
1782806940000,1.13929,1.13929,1.1388,1.13901
1782807000000,1.13904,1.13922,1.13903,1.13916
1782807060000,1.13917,1.13924,1.13903,1.13904
1782807120000,1.13906,1.13928,1.13906,1.13927
1782807180000,1.13928,1.13942,1.1392,1.13928
1782807240000,1.13926,1.13926,1.13895,1.13898
1782807300000,1.13898,1.13906,1.1388,1.13902
1782807360000,1.13903,1.13921,1.13902,1.13917
1782807420000,1.13916,1.13917,1.13888,1.13893
1782807480000,1.13895,1.13903,1.13886,1.13896
1782807540000,1.13896,1.13913,1.13896,1.13913
1782807600000,1.13911,1.13913,1.13901,1.13905
1782807660000,1.13906,1.13911,1.13903,1.13911
1782807720000,1.13908,1.13925,1.13908,1.13917
1782807780000,1.13918,1.13921,1.13912,1.1392
1782807840000,1.1392,1.13921,1.13915,1.13916
1782807900000,1.13915,1.13925,1.13907,1.13925
1782807960000,1.13925,1.13934,1.13925,1.13927
1782808020000,1.13925,1.13929,1.13915,1.13925
1782808080000,1.13925,1.13927,1.13916,1.13922
1782808140000,1.13923,1.13929,1.13919,1.13924
1782808200000,1.13925,1.1393,1.13924,1.1393
1782808260000,1.13928,1.1393,1.13917,1.13917
1782808320000,1.13917,1.1392,1.13904,1.13905
1782808380000,1.13904,1.13907,1.13902,1.13904
1782808440000,1.13905,1.13906,1.13893,1.13903
1782808500000,1.13903,1.13903,1.13891,1.13893
1782808560000,1.13895,1.13909,1.13883,1.13883
1782808620000,1.13883,1.13883,1.13862,1.13862
1782808680000,1.1386,1.13867,1.13851,1.13857
1782808740000,1.13856,1.13867,1.1384,1.1386
1782808800000,1.13861,1.13862,1.13857,1.13861
1782808860000,1.13863,1.13879,1.13863,1.13877
1782808920000,1.13875,1.13875,1.13855,1.13866
1782808980000,1.13868,1.13871,1.13859,1.13865
1782809040000,1.13866,1.1387,1.1386,1.1387
1782809100000,1.1387,1.13872,1.13847,1.13848
1782809160000,1.13847,1.1386,1.13836,1.1386
1782809220000,1.1386,1.13862,1.13846,1.13848
1782809280000,1.13846,1.13853,1.13834,1.13851
1782809340000,1.13854,1.13872,1.13854,1.13872
1782809400000,1.13873,1.1388,1.13867,1.1388
1782809460000,1.1388,1.1388,1.13857,1.13857
1782809520000,1.13856,1.13888,1.13855,1.1388
1782809580000,1.13881,1.13883,1.1387,1.13878
1782809640000,1.13878,1.13902,1.13878,1.13902
1782809700000,1.13902,1.13921,1.139,1.13919
1782809760000,1.13918,1.13926,1.13911,1.13922
1782809820000,1.13923,1.13927,1.13909,1.13909
1782809880000,1.13911,1.13925,1.13911,1.13921
1782809940000,1.13922,1.13936,1.13921,1.13936
1782810000000,1.13935,1.13936,1.13913,1.13921
1782810060000,1.1392,1.13933,1.13908,1.13911
1782810120000,1.13913,1.13917,1.13899,1.13915
1782810180000,1.13914,1.1394,1.1391,1.13938
1782810240000,1.1394,1.13941,1.13927,1.13935
1782810300000,1.13934,1.13936,1.13917,1.13917
1782810360000,1.13916,1.13935,1.13916,1.13934
1782810420000,1.13935,1.13961,1.13924,1.1396
1782810480000,1.13959,1.13963,1.13953,1.1396
1782810540000,1.13961,1.13967,1.13945,1.13946
1782810600000,1.13946,1.13952,1.1394,1.1394
1782810660000,1.13941,1.1395,1.13939,1.13946
1782810720000,1.13946,1.1395,1.13939,1.1395
1782810780000,1.13949,1.13952,1.13937,1.13938
1782810840000,1.13939,1.13941,1.13935,1.13935
1782810900000,1.13934,1.13934,1.13917,1.13927
1782810960000,1.13928,1.1393,1.13916,1.13918
1782811020000,1.13919,1.13929,1.13916,1.13929
1782811080000,1.13928,1.1393,1.13917,1.13925
1782811140000,1.13926,1.13926,1.13918,1.13919
1782811200000,1.13921,1.13932,1.13921,1.13926
1782811260000,1.13927,1.13945,1.13927,1.13945
1782811320000,1.13946,1.13947,1.13925,1.13927
1782811380000,1.13928,1.13931,1.13923,1.1393
1782811440000,1.13932,1.13932,1.13918,1.1392
1782811500000,1.13918,1.13926,1.13918,1.13924
1782811560000,1.13926,1.13948,1.13926,1.13941
1782811620000,1.13941,1.13941,1.13932,1.13933
1782811680000,1.13931,1.13931,1.13922,1.13924
1782811740000,1.13924,1.13928,1.1392,1.13921
1782811800000,1.13924,1.13925,1.13904,1.1391
1782811860000,1.13912,1.13919,1.13911,1.13916
1782811920000,1.13915,1.13917,1.1391,1.13912
1782811980000,1.13912,1.13914,1.139,1.13902
1782812040000,1.13901,1.13903,1.13892,1.13892
1782812100000,1.13892,1.13898,1.1389,1.13896
1782812160000,1.13896,1.13907,1.13896,1.139
1782812220000,1.13901,1.13905,1.139,1.13905
1782812280000,1.13906,1.1393,1.13906,1.13916
1782812340000,1.13915,1.13923,1.13915,1.13922
1782812400000,1.1392,1.13922,1.13914,1.13921
1782812460000,1.13924,1.13944,1.13924,1.13944
1782812520000,1.13943,1.13943,1.13935,1.1394
1782812580000,1.1394,1.13946,1.13937,1.13937
1782812640000,1.13937,1.13942,1.13935,1.13942
1782812700000,1.13941,1.13947,1.1394,1.13943
1782812760000,1.13944,1.13947,1.1394,1.13941
1782812820000,1.1394,1.13942,1.13934,1.13942
1782812880000,1.13942,1.13946,1.13938,1.13944
1782812940000,1.13943,1.13943,1.13939,1.1394
1782813000000,1.13941,1.1395,1.13933,1.13939
1782813060000,1.13939,1.1395,1.13937,1.13946
1782813120000,1.13948,1.1395,1.13935,1.13949
1782813180000,1.13948,1.1396,1.13948,1.13953
1782813240000,1.13952,1.13973,1.13951,1.13967
1782813300000,1.13968,1.13968,1.13952,1.1396
1782813360000,1.13961,1.13984,1.13957,1.13983
1782813420000,1.13983,1.13984,1.13967,1.1397
1782813480000,1.13972,1.13978,1.13966,1.13978
1782813540000,1.13979,1.13983,1.1397,1.1397
1782813600000,1.13969,1.13977,1.13966,1.13971
1782813660000,1.13973,1.13979,1.13969,1.13971
1782813720000,1.13971,1.13975,1.13966,1.13971
1782813780000,1.13972,1.13974,1.13958,1.1396
1782813840000,1.13959,1.13968,1.13959,1.13966
1782813900000,1.13965,1.13968,1.13964,1.13966
1782813960000,1.13967,1.13968,1.13954,1.13954
1782814020000,1.13952,1.13954,1.13949,1.13951
1782814080000,1.1395,1.13952,1.13945,1.13952
1782814140000,1.13953,1.1396,1.13951,1.13958
1782814200000,1.13956,1.13957,1.1394,1.13941
1782814260000,1.13942,1.13949,1.1394,1.13947
1782814320000,1.1395,1.1395,1.13931,1.13932
1782814380000,1.13935,1.13944,1.13935,1.13944
1782814440000,1.13942,1.13948,1.13937,1.13948
1782814500000,1.13947,1.13948,1.13943,1.13948
1782814560000,1.13947,1.13954,1.13947,1.13953
1782814620000,1.13951,1.13955,1.13942,1.13947
1782814680000,1.13948,1.13961,1.13946,1.13959
1782814740000,1.13957,1.13957,1.13935,1.13935
1782814800000,1.13932,1.13938,1.13926,1.13934
1782814860000,1.13933,1.1394,1.13933,1.13937
1782814920000,1.13938,1.13956,1.13938,1.13952
1782814980000,1.1395,1.1395,1.13936,1.13938
1782815040000,1.13938,1.1394,1.1393,1.13934
1782815100000,1.13934,1.13952,1.13934,1.13952
1782815160000,1.1395,1.13953,1.13945,1.13946
1782815220000,1.13947,1.13954,1.13947,1.13954
1782815280000,1.13956,1.13966,1.13955,1.13962
1782815340000,1.13961,1.13963,1.13952,1.13952
1782815400000,1.13951,1.13951,1.1394,1.13942
1782815460000,1.13942,1.13942,1.1393,1.13934
1782815520000,1.13931,1.13935,1.13925,1.13935
1782815580000,1.13936,1.13944,1.13933,1.13942
1782815640000,1.13941,1.13958,1.13941,1.13949
1782815700000,1.13949,1.13951,1.13946,1.13949
1782815760000,1.13949,1.13977,1.13949,1.13976
1782815820000,1.13977,1.13984,1.13976,1.13978
1782815880000,1.13977,1.13992,1.13977,1.13992
1782815940000,1.13992,1.14003,1.13988,1.1399
1782816000000,1.13991,1.13993,1.13976,1.13983
1782816060000,1.13982,1.13982,1.13969,1.13977
1782816120000,1.13977,1.1398,1.13976,1.13978
1782816180000,1.13979,1.13996,1.13979,1.13996
1782816240000,1.13997,1.14009,1.13991,1.13992
1782816300000,1.13992,1.13992,1.1398,1.13988
1782816360000,1.13986,1.13986,1.13974,1.13974
1782816420000,1.13974,1.13984,1.13974,1.13984
1782816480000,1.13984,1.13987,1.13977,1.13986
1782816540000,1.13986,1.13987,1.1398,1.13987
1782816600000,1.13986,1.13988,1.13984,1.13988
1782816660000,1.13984,1.13988,1.13977,1.13987
1782816720000,1.1399,1.13992,1.13984,1.13987
1782816780000,1.13987,1.13992,1.13983,1.13987
1782816840000,1.13986,1.13999,1.13986,1.13995
1782816900000,1.13995,1.13995,1.1398,1.13987
1782816960000,1.13987,1.13994,1.13986,1.1399
1782817020000,1.13991,1.13996,1.13987,1.13995
1782817080000,1.13994,1.14017,1.13994,1.14017
1782817140000,1.14015,1.14023,1.14014,1.14018
1782817200000,1.14019,1.14027,1.1401,1.14018
1782817260000,1.14018,1.14026,1.14013,1.14014
1782817320000,1.14013,1.14019,1.14012,1.14013
1782817380000,1.14014,1.14018,1.14011,1.14018
1782817440000,1.14018,1.14019,1.14007,1.14017
1782817500000,1.14015,1.14019,1.14012,1.14017
1782817560000,1.14017,1.14017,1.13995,1.13997
1782817620000,1.13996,1.13998,1.1399,1.1399
1782817680000,1.13991,1.13999,1.1399,1.13993
1782817740000,1.13994,1.13994,1.13984,1.13986
1782817800000,1.13986,1.14002,1.13979,1.13995
1782817860000,1.13997,1.14007,1.13993,1.13993
1782817920000,1.13993,1.13993,1.13986,1.13992
1782817980000,1.13992,1.13992,1.1398,1.13982
1782818040000,1.13981,1.13991,1.13981,1.13991
1782818100000,1.13992,1.13992,1.13984,1.13989
1782818160000,1.13988,1.13988,1.13969,1.1397
1782818220000,1.13968,1.13972,1.1396,1.13968
1782818280000,1.13967,1.1397,1.13961,1.13961
1782818340000,1.13962,1.13994,1.13962,1.13984
1782818400000,1.13983,1.13997,1.13981,1.13996
1782818460000,1.13996,1.14012,1.13971,1.13986
1782818520000,1.13986,1.1399,1.13979,1.13979
1782818580000,1.13979,1.13981,1.1397,1.13976
1782818640000,1.13973,1.13977,1.13949,1.13976
1782818700000,1.13976,1.13982,1.13968,1.13968
1782818760000,1.13968,1.1397,1.13961,1.13961
1782818820000,1.13964,1.13973,1.13963,1.13969
1782818880000,1.13968,1.13981,1.13966,1.13977
1782818940000,1.13979,1.1398,1.13961,1.13964
1782819000000,1.13965,1.13969,1.13959,1.13959
1782819060000,1.13958,1.13962,1.13949,1.13949
1782819120000,1.13949,1.13953,1.13922,1.13924
1782819180000,1.13923,1.13929,1.13914,1.13917
1782819240000,1.13916,1.13926,1.13911,1.13926
1782819300000,1.13926,1.13933,1.13916,1.13916
1782819360000,1.13914,1.13915,1.13885,1.13899
1782819420000,1.13899,1.13899,1.13879,1.13882
1782819480000,1.13882,1.13882,1.13872,1.13879
1782819540000,1.13882,1.13882,1.13864,1.13874
1782819600000,1.13875,1.13889,1.13863,1.13889
1782819660000,1.13888,1.13916,1.13888,1.13911
1782819720000,1.13913,1.13939,1.13913,1.13936
1782819780000,1.13938,1.13984,1.13935,1.13958
1782819840000,1.13957,1.13975,1.13956,1.1397
1782819900000,1.13968,1.1397,1.1395,1.13951
1782819960000,1.13955,1.13959,1.13953,1.13957
1782820020000,1.13956,1.13956,1.13948,1.13951
1782820080000,1.13952,1.13952,1.13942,1.13942
1782820140000,1.13942,1.13964,1.13942,1.13964
1782820200000,1.13963,1.13963,1.13948,1.13954
1782820260000,1.13953,1.1396,1.13949,1.13953
1782820320000,1.13953,1.13964,1.13952,1.13958
1782820380000,1.13958,1.13962,1.13955,1.13962
1782820440000,1.13961,1.13961,1.13946,1.1395
1782820500000,1.13948,1.13955,1.13923,1.13925
1782820560000,1.13926,1.13937,1.13926,1.13934
1782820620000,1.13933,1.13937,1.1393,1.13934
1782820680000,1.13933,1.13936,1.13927,1.13927
1782820740000,1.13928,1.13931,1.13926,1.13927
1782820800000,1.13929,1.13939,1.13922,1.13925
1782820860000,1.13924,1.13928,1.1391,1.13911
1782820920000,1.13912,1.13925,1.13909,1.13919
1782820980000,1.13918,1.13918,1.13895,1.13896
1782821040000,1.13896,1.13933,1.13895,1.1393
1782821100000,1.13931,1.13939,1.13926,1.13938
1782821160000,1.13937,1.13944,1.1393,1.13939
1782821220000,1.1394,1.13949,1.13936,1.13947
1782821280000,1.13947,1.13947,1.13929,1.13946
1782821340000,1.13945,1.13959,1.13934,1.13934
1782821400000,1.13935,1.13946,1.13933,1.13939
1782821460000,1.13941,1.13941,1.1392,1.13928
1782821520000,1.13928,1.13939,1.13928,1.13937
1782821580000,1.13935,1.13952,1.13935,1.13952
1782821640000,1.13953,1.13964,1.13952,1.13958
1782821700000,1.13959,1.13962,1.13941,1.13941
1782821760000,1.13941,1.13948,1.13936,1.13948
1782821820000,1.13948,1.13958,1.13937,1.13958
1782821880000,1.13959,1.13959,1.1394,1.13941
1782821940000,1.13942,1.13953,1.13941,1.13951
1782822000000,1.1395,1.13952,1.13934,1.13936
1782822060000,1.13938,1.13938,1.13927,1.13931
1782822120000,1.13931,1.13931,1.13919,1.13922
1782822180000,1.13924,1.13928,1.13898,1.139
1782822240000,1.13897,1.13904,1.13892,1.13894
1782822300000,1.13895,1.13898,1.13885,1.13898
1782822360000,1.13895,1.13906,1.13895,1.13903
1782822420000,1.13905,1.13907,1.13896,1.13896
1782822480000,1.13896,1.13908,1.13894,1.13904
1782822540000,1.13905,1.1392,1.13905,1.1391
1782822600000,1.13912,1.13921,1.13906,1.13907
1782822660000,1.13908,1.13943,1.13893,1.13941
1782822720000,1.13941,1.13963,1.13915,1.13927
1782822780000,1.13928,1.13933,1.13912,1.13916
1782822840000,1.13915,1.13948,1.13912,1.13944
1782822900000,1.13945,1.13957,1.13945,1.13948
1782822960000,1.1395,1.13964,1.13942,1.1395
1782823020000,1.13948,1.13957,1.13941,1.13948
1782823080000,1.13949,1.13962,1.13945,1.13952
1782823140000,1.1395,1.1395,1.13938,1.13943
1782823200000,1.13942,1.1396,1.13936,1.1396
1782823260000,1.13958,1.13962,1.13952,1.13961
1782823320000,1.1396,1.13979,1.13959,1.1397
1782823380000,1.1397,1.13985,1.13965,1.13985
1782823440000,1.13985,1.13988,1.13976,1.13982
1782823500000,1.13981,1.13981,1.13952,1.13952
1782823560000,1.13952,1.13953,1.13941,1.13942
1782823620000,1.13944,1.13946,1.1394,1.13942
1782823680000,1.1394,1.13953,1.13932,1.13952
1782823740000,1.1395,1.13959,1.13948,1.13955
1782823800000,1.13954,1.13976,1.13952,1.13968
1782823860000,1.13968,1.13975,1.13961,1.13972
1782823920000,1.13975,1.13988,1.13975,1.13987
1782823980000,1.13989,1.14009,1.13989,1.14009
1782824040000,1.14008,1.14028,1.14002,1.1402
1782824100000,1.14022,1.14022,1.1401,1.14016
1782824160000,1.14018,1.14018,1.14002,1.14006
1782824220000,1.14005,1.14011,1.13999,1.14004
1782824280000,1.14,1.14,1.13969,1.13969
1782824340000,1.13968,1.13971,1.13958,1.13959
1782824400000,1.13959,1.13966,1.1395,1.13965
1782824460000,1.13967,1.13967,1.13952,1.13955
1782824520000,1.13956,1.13959,1.13946,1.13956
1782824580000,1.13956,1.13967,1.13948,1.13963
1782824640000,1.13962,1.1397,1.13951,1.13951
1782824700000,1.1395,1.13958,1.13944,1.13958
1782824760000,1.13957,1.13977,1.13955,1.13977
1782824820000,1.13978,1.13994,1.13977,1.13994
1782824880000,1.13994,1.13998,1.13987,1.13995
1782824940000,1.13997,1.14011,1.13997,1.14011
1782825000000,1.14012,1.14025,1.14012,1.14018
1782825060000,1.14019,1.14026,1.14012,1.14022
1782825120000,1.14023,1.14024,1.14006,1.14009
1782825180000,1.14008,1.14008,1.13992,1.13995
1782825240000,1.13996,1.14,1.13989,1.13997
1782825300000,1.13998,1.14017,1.13996,1.14016
1782825360000,1.14015,1.14035,1.14015,1.14027
1782825420000,1.14027,1.14043,1.14023,1.14043
1782825480000,1.14044,1.14055,1.14042,1.14049
1782825540000,1.14049,1.14053,1.1404,1.14051
1782825600000,1.1405,1.14069,1.1405,1.14062
1782825660000,1.14062,1.14062,1.14045,1.14045
1782825720000,1.14046,1.14048,1.14041,1.14043
1782825780000,1.14041,1.14041,1.14011,1.14012
1782825840000,1.14012,1.14024,1.14009,1.14015
1782825900000,1.14016,1.14019,1.14,1.14
1782825960000,1.14001,1.14027,1.14001,1.14026
1782826020000,1.14026,1.14028,1.14021,1.14026
1782826080000,1.14028,1.14032,1.1401,1.1401
1782826140000,1.14008,1.1402,1.14005,1.14017
1782826200000,1.14019,1.14036,1.14013,1.14019
1782826260000,1.14021,1.14027,1.13997,1.13999
1782826320000,1.13999,1.14003,1.1399,1.13999
1782826380000,1.13999,1.14,1.13978,1.13981
1782826440000,1.13981,1.13992,1.1398,1.13989
1782826500000,1.13988,1.14008,1.13985,1.14008
1782826560000,1.14006,1.14007,1.13981,1.13984
1782826620000,1.13984,1.13985,1.13972,1.13978
1782826680000,1.1398,1.1398,1.13968,1.13975
1782826740000,1.13977,1.13985,1.13974,1.1398
1782826800000,1.13983,1.13993,1.13978,1.13993
1782826860000,1.13993,1.13999,1.13987,1.13992
1782826920000,1.13988,1.13994,1.13982,1.1399
1782826980000,1.1399,1.13991,1.13983,1.1399
1782827040000,1.13988,1.14012,1.13987,1.14009
1782827100000,1.14008,1.14012,1.13985,1.13987
1782827160000,1.13986,1.1399,1.1397,1.1399
1782827220000,1.1399,1.13995,1.13983,1.13989
1782827280000,1.13988,1.14003,1.13988,1.14002
1782827340000,1.14004,1.14009,1.13994,1.13994
1782827400000,1.13993,1.14011,1.13992,1.14005
1782827460000,1.14005,1.14011,1.13994,1.14001
1782827520000,1.14001,1.14015,1.13999,1.14009
1782827580000,1.14008,1.14013,1.13979,1.13992
1782827640000,1.1399,1.14002,1.13984,1.13987
1782827700000,1.13987,1.13987,1.13973,1.13975
1782827760000,1.13975,1.13988,1.13975,1.1398
1782827820000,1.1398,1.13986,1.13979,1.13981
1782827880000,1.13979,1.13982,1.13972,1.1398
1782827940000,1.1398,1.13987,1.13957,1.13962
1782828000000,1.13963,1.13964,1.1392,1.13936
1782828060000,1.13937,1.13945,1.13924,1.13942
1782828120000,1.13945,1.13945,1.13915,1.13915
1782828180000,1.13914,1.13966,1.13908,1.13953
1782828240000,1.13953,1.13978,1.13952,1.13978
1782828300000,1.13977,1.14002,1.13975,1.13992
1782828360000,1.1399,1.13997,1.13969,1.13991
1782828420000,1.13991,1.13995,1.13977,1.1398
1782828480000,1.13981,1.13989,1.13973,1.13986
1782828540000,1.13985,1.14017,1.13985,1.14016
1782828600000,1.14015,1.14063,1.14015,1.14048
1782828660000,1.14047,1.14048,1.14011,1.14022
1782828720000,1.14022,1.14028,1.14014,1.14022
1782828780000,1.14024,1.14052,1.14021,1.14045
1782828840000,1.14047,1.14066,1.14039,1.14065
1782828900000,1.14065,1.14131,1.14063,1.14104
1782828960000,1.14103,1.14121,1.1409,1.14096
1782829020000,1.14099,1.14102,1.14068,1.14068
1782829080000,1.14068,1.1408,1.14062,1.14071
1782829140000,1.14071,1.14096,1.14061,1.14096
1782829200000,1.14099,1.14119,1.14096,1.14117
1782829260000,1.14117,1.14138,1.14111,1.14137
1782829320000,1.14136,1.14159,1.1412,1.14126
1782829380000,1.14127,1.14154,1.14127,1.14147
1782829440000,1.1415,1.1415,1.14132,1.14144
1782829500000,1.14146,1.14148,1.14126,1.14128
1782829560000,1.14128,1.14147,1.14126,1.14137
1782829620000,1.14139,1.14147,1.14121,1.14145
1782829680000,1.14144,1.14144,1.14128,1.14129
1782829740000,1.1413,1.14138,1.14124,1.14129
1782829800000,1.1413,1.14157,1.14123,1.14143
1782829860000,1.14144,1.14163,1.14139,1.14146
1782829920000,1.14146,1.14153,1.14106,1.14109
1782829980000,1.1411,1.14127,1.1411,1.14122
1782830040000,1.1412,1.14123,1.14101,1.1412
1782830100000,1.14119,1.1413,1.14116,1.14118
1782830160000,1.14116,1.14128,1.14111,1.14121
1782830220000,1.14122,1.14131,1.14104,1.1411
1782830280000,1.14111,1.14111,1.14097,1.14106
1782830340000,1.14106,1.14111,1.14086,1.1411
1782830400000,1.1411,1.14139,1.1411,1.14123
1782830460000,1.14121,1.14142,1.14116,1.14137
1782830520000,1.14138,1.14149,1.14127,1.14136
1782830580000,1.14135,1.14181,1.14135,1.14179
1782830640000,1.14178,1.14196,1.14176,1.14188
1782830700000,1.1419,1.14207,1.14167,1.14173
1782830760000,1.14172,1.14199,1.14163,1.1418
1782830820000,1.14179,1.1419,1.14164,1.14188
1782830880000,1.14187,1.14191,1.14159,1.14166
1782830940000,1.14166,1.14176,1.14164,1.14174
1782831000000,1.14174,1.14242,1.14174,1.14225
1782831060000,1.14226,1.14283,1.14226,1.14266
1782831120000,1.14264,1.14299,1.14243,1.14293
1782831180000,1.14293,1.14298,1.14255,1.14264
1782831240000,1.14264,1.14297,1.14264,1.14287
1782831300000,1.14286,1.14299,1.1426,1.14263
1782831360000,1.14264,1.14292,1.14252,1.14287
1782831420000,1.14287,1.14348,1.14275,1.1434
1782831480000,1.14342,1.14342,1.14316,1.14333
1782831540000,1.14333,1.14343,1.14326,1.1433
1782831600000,1.14328,1.14331,1.14295,1.14306
1782831660000,1.14304,1.14366,1.14304,1.14336
1782831720000,1.14335,1.14351,1.14302,1.14311
1782831780000,1.14311,1.14315,1.14266,1.14269
1782831840000,1.14269,1.1428,1.14263,1.14278
1782831900000,1.14278,1.14293,1.14278,1.14283
1782831960000,1.14284,1.1429,1.14275,1.14289
1782832020000,1.14289,1.143,1.14279,1.14282
1782832080000,1.14282,1.14312,1.14282,1.14285
1782832140000,1.14284,1.14288,1.14268,1.14283
1782832200000,1.14282,1.14282,1.14256,1.14259
1782832260000,1.14258,1.14273,1.14254,1.14269
1782832320000,1.14271,1.14285,1.14255,1.14259
1782832380000,1.14259,1.14282,1.14259,1.14281
1782832440000,1.14282,1.14286,1.1426,1.1426
1782832500000,1.14259,1.14264,1.14248,1.14259
1782832560000,1.14259,1.14264,1.14247,1.1426
1782832620000,1.14263,1.14269,1.14252,1.14254
1782832680000,1.14254,1.14254,1.14232,1.14235
1782832740000,1.14235,1.14245,1.14232,1.14244
1782832800000,1.14244,1.14248,1.14232,1.14237
1782832860000,1.14236,1.14237,1.14223,1.14231
1782832920000,1.14232,1.14238,1.14227,1.14229
1782832980000,1.14228,1.14238,1.14227,1.14233
1782833040000,1.14233,1.14246,1.14233,1.14241
1782833100000,1.14241,1.14244,1.14226,1.1423
1782833160000,1.1423,1.14249,1.14226,1.14248
1782833220000,1.14247,1.14254,1.14239,1.14239
1782833280000,1.14239,1.14239,1.14229,1.1423
1782833340000,1.14229,1.14229,1.14214,1.14214
1782833400000,1.14216,1.14229,1.14215,1.14228
1782833460000,1.14229,1.1425,1.14226,1.14244
1782833520000,1.14244,1.14259,1.14242,1.14257
1782833580000,1.14256,1.14256,1.14247,1.14248
1782833640000,1.14248,1.14248,1.14229,1.14229
1782833700000,1.14229,1.1423,1.14221,1.14228
1782833760000,1.14229,1.14233,1.14217,1.14217
1782833820000,1.14217,1.14218,1.14196,1.14207
1782833880000,1.1421,1.1422,1.14199,1.14215
1782833940000,1.14216,1.14216,1.14187,1.14193
1782834000000,1.14196,1.14199,1.1419,1.14195
1782834060000,1.14195,1.14199,1.14188,1.14189
1782834120000,1.14189,1.14194,1.14184,1.14194
1782834180000,1.14195,1.14205,1.14193,1.14195
1782834240000,1.14194,1.14196,1.1418,1.1418
1782834300000,1.14181,1.14205,1.14181,1.14204
1782834360000,1.14204,1.14205,1.14184,1.14188
1782834420000,1.14189,1.14189,1.14175,1.14177
1782834480000,1.14176,1.14184,1.14171,1.14183
1782834540000,1.14185,1.14191,1.14182,1.14189
1782834600000,1.14188,1.14189,1.14177,1.14181
1782834660000,1.14182,1.14186,1.14177,1.14185
1782834720000,1.14187,1.14188,1.14172,1.14174
1782834780000,1.14175,1.1418,1.14172,1.14176
1782834840000,1.14176,1.14179,1.14171,1.14179
1782834900000,1.14179,1.14194,1.1417,1.14176
1782834960000,1.14174,1.14185,1.14174,1.1418
1782835020000,1.14178,1.14178,1.14162,1.14163
1782835080000,1.14161,1.14166,1.14151,1.14157
1782835140000,1.14157,1.1417,1.14156,1.14168
1782835200000,1.14171,1.14175,1.14162,1.14162
1782835260000,1.14162,1.14178,1.14159,1.14175
1782835320000,1.14175,1.14175,1.14158,1.1417
1782835380000,1.14169,1.14169,1.14137,1.14138
1782835440000,1.14137,1.14139,1.14129,1.14129
1782835500000,1.14129,1.14139,1.14121,1.14132
1782835560000,1.14134,1.14145,1.14129,1.14145
1782835620000,1.14146,1.14153,1.14142,1.14143
1782835680000,1.14143,1.14144,1.14137,1.1414
1782835740000,1.14139,1.14155,1.14139,1.14155
1782835800000,1.14155,1.1416,1.14143,1.14152
1782835860000,1.14151,1.14151,1.14142,1.14144
1782835920000,1.14144,1.14151,1.14138,1.14141
1782835980000,1.1414,1.14146,1.1414,1.14144
1782836040000,1.14143,1.14151,1.14143,1.14149
1782836100000,1.14149,1.14149,1.14127,1.14134
1782836160000,1.14133,1.1414,1.14132,1.14139
1782836220000,1.14138,1.14138,1.14122,1.14122
1782836280000,1.14124,1.14131,1.14123,1.14129
1782836340000,1.14128,1.14135,1.14124,1.14135
1782836400000,1.14138,1.14146,1.14138,1.14143
1782836460000,1.14141,1.14161,1.14139,1.14161
1782836520000,1.1416,1.1416,1.1415,1.14155
1782836580000,1.14154,1.14156,1.14151,1.14153
1782836640000,1.14152,1.1416,1.14145,1.14147
1782836700000,1.14148,1.14148,1.14135,1.14138
1782836760000,1.14137,1.14144,1.14137,1.1414
1782836820000,1.14139,1.14139,1.14128,1.1413
1782836880000,1.1413,1.14143,1.14126,1.1414
1782836940000,1.14142,1.14149,1.14138,1.14147
1782837000000,1.14148,1.14152,1.14143,1.14149
1782837060000,1.14149,1.14153,1.14146,1.14148
1782837120000,1.14149,1.14149,1.14137,1.14139
1782837180000,1.14138,1.14141,1.14133,1.14139
1782837240000,1.14138,1.14141,1.14132,1.14134
1782837300000,1.14134,1.14148,1.14131,1.14145
1782837360000,1.14144,1.14149,1.14132,1.14139
1782837420000,1.14136,1.14145,1.14133,1.14144
1782837480000,1.14143,1.14152,1.14138,1.1415
1782837540000,1.14149,1.14159,1.14149,1.14159
1782837600000,1.14158,1.14166,1.14155,1.14157
1782837660000,1.14157,1.14163,1.14156,1.14159
1782837720000,1.14157,1.14173,1.14156,1.14169
1782837780000,1.14167,1.14169,1.14161,1.14162
1782837840000,1.14162,1.14165,1.14153,1.14163
1782837900000,1.14163,1.14169,1.14161,1.14166
1782837960000,1.14166,1.14177,1.14166,1.14173
1782838020000,1.14174,1.14176,1.1417,1.14174
1782838080000,1.14175,1.14178,1.14172,1.14172
1782838140000,1.14173,1.14176,1.1417,1.1417
1782838200000,1.1417,1.14182,1.1417,1.1417
1782838260000,1.14171,1.14175,1.14158,1.1416
1782838320000,1.14159,1.14161,1.14151,1.14151
1782838380000,1.14151,1.14153,1.14142,1.14142
1782838440000,1.14142,1.14144,1.14126,1.14128
1782838500000,1.14129,1.14139,1.14124,1.14133
1782838560000,1.14133,1.14146,1.14129,1.14144
1782838620000,1.14144,1.14144,1.14137,1.14141
1782838680000,1.14141,1.14148,1.14134,1.14136
1782838740000,1.14135,1.14141,1.14134,1.14141
1782838800000,1.14141,1.14162,1.14141,1.14161
1782838860000,1.14161,1.14168,1.14152,1.14156
1782838920000,1.14155,1.14162,1.14154,1.14154
1782838980000,1.14157,1.14175,1.14157,1.14175
1782839040000,1.14175,1.14192,1.14175,1.14178
1782839100000,1.14178,1.14178,1.14173,1.14174
1782839160000,1.14173,1.14173,1.14155,1.14158
1782839220000,1.14159,1.1416,1.14159,1.1416
1782839280000,1.14159,1.14161,1.14159,1.14161
1782839340000,1.14162,1.14163,1.14148,1.14154
1782839400000,1.14154,1.14162,1.14147,1.1416
1782839460000,1.14159,1.14161,1.1415,1.14155
1782839520000,1.14156,1.14159,1.14154,1.14157
1782839580000,1.14156,1.14162,1.14153,1.14159
1782839640000,1.14159,1.14159,1.14143,1.14145
1782839700000,1.14145,1.14155,1.14143,1.14147
1782839760000,1.14147,1.14159,1.14146,1.14157
1782839820000,1.14159,1.14166,1.14158,1.14161
1782839880000,1.14162,1.14171,1.14157,1.14168
1782839940000,1.14167,1.14176,1.14167,1.14175
1782840000000,1.14173,1.14173,1.14158,1.1416
1782840060000,1.14159,1.14164,1.14155,1.14161
1782840120000,1.14161,1.14164,1.14158,1.14158
1782840180000,1.1416,1.14167,1.14158,1.14165
1782840240000,1.14165,1.14171,1.14163,1.1417
1782840300000,1.14169,1.14169,1.14166,1.14169
1782840360000,1.14171,1.14189,1.14171,1.14189
1782840420000,1.14189,1.14189,1.14173,1.14176
1782840480000,1.14176,1.14185,1.14173,1.14185
1782840540000,1.14183,1.14186,1.1418,1.14185
1782840600000,1.14187,1.14191,1.14182,1.14191
1782840660000,1.14192,1.14193,1.14183,1.14183
1782840720000,1.14185,1.14188,1.14177,1.14179
1782840780000,1.14181,1.14193,1.14181,1.14193
1782840840000,1.1419,1.1419,1.14181,1.14184
1782840900000,1.14185,1.14186,1.14183,1.14183
1782840960000,1.14182,1.14183,1.14178,1.14179
1782841020000,1.14177,1.14177,1.14168,1.14168
1782841080000,1.14168,1.1417,1.14168,1.1417
1782841140000,1.14168,1.14176,1.14168,1.14169
1782841200000,1.1417,1.14174,1.14169,1.14171
1782841260000,1.1417,1.14174,1.14169,1.14173
1782841320000,1.14173,1.14181,1.1417,1.1418
1782841380000,1.1418,1.14184,1.14177,1.14182
1782841440000,1.14182,1.14188,1.14181,1.14188
1782841500000,1.14186,1.14188,1.14185,1.14185
1782841560000,1.14186,1.142,1.14186,1.142
1782841620000,1.142,1.14213,1.142,1.14204
1782841680000,1.14203,1.14206,1.14198,1.14204
1782841740000,1.14205,1.1422,1.14205,1.14218
1782841800000,1.14219,1.14221,1.14217,1.14219
1782841860000,1.14221,1.14222,1.14217,1.14218
1782841920000,1.1422,1.1422,1.14212,1.14218
1782841980000,1.14217,1.14217,1.1421,1.1421
1782842040000,1.14206,1.1421,1.14206,1.14209
1782842100000,1.1421,1.1421,1.14202,1.14204
1782842160000,1.14203,1.14209,1.14203,1.14209
1782842220000,1.14211,1.14215,1.14207,1.14208
1782842280000,1.14209,1.14214,1.14208,1.14213
1782842340000,1.14213,1.14216,1.14208,1.14214
1782842400000,1.14215,1.14224,1.14214,1.14218
1782842460000,1.14219,1.14228,1.14215,1.14224
1782842520000,1.14225,1.14228,1.14217,1.14223
1782842580000,1.14223,1.14228,1.1422,1.14224
1782842640000,1.14225,1.14242,1.14225,1.14242
1782842700000,1.14243,1.14267,1.14241,1.1426
1782842760000,1.14261,1.14267,1.14254,1.14267
1782842820000,1.14267,1.14268,1.14261,1.14264
1782842880000,1.14265,1.14265,1.1425,1.14253
1782842940000,1.14255,1.14264,1.14255,1.14263
1782843000000,1.14262,1.14265,1.14256,1.14264
1782843060000,1.14262,1.14265,1.14253,1.14256
1782843120000,1.14255,1.1426,1.14253,1.1426
1782843180000,1.14261,1.14267,1.14259,1.14264
1782843240000,1.14266,1.14269,1.14263,1.14263
1782843300000,1.14257,1.14257,1.14238,1.14243
1782843360000,1.14245,1.14245,1.14236,1.14236
1782843420000,1.14238,1.14241,1.14237,1.1424
1782843480000,1.14243,1.14253,1.14243,1.14252
1782843540000,1.14252,1.14253,1.14251,1.14253
1782843600000,1.14255,1.14261,1.14255,1.14259
1782843660000,1.14259,1.14265,1.14259,1.14264
1782843720000,1.14265,1.1427,1.14257,1.14257
1782843780000,1.14259,1.14261,1.14249,1.1425
1782843840000,1.14249,1.14255,1.14249,1.14255
1782843900000,1.14255,1.1426,1.14255,1.14259
1782843960000,1.14258,1.14259,1.14257,1.14258
1782844020000,1.14258,1.14261,1.14257,1.14257
1782844080000,1.14256,1.14258,1.1425,1.14255
1782844140000,1.14255,1.14265,1.14255,1.14259
1782844200000,1.14259,1.1426,1.1425,1.14251
1782844260000,1.14251,1.14266,1.1425,1.14266
1782844320000,1.14267,1.14267,1.14255,1.14255
1782844380000,1.14255,1.14259,1.14244,1.14254
1782844440000,1.14255,1.14255,1.14249,1.14249
1782844500000,1.14249,1.14254,1.14246,1.14254
1782844560000,1.14254,1.14255,1.1425,1.1425
1782844620000,1.14249,1.14249,1.14234,1.14237
1782844680000,1.14237,1.1424,1.14235,1.14235
1782844740000,1.14234,1.14236,1.14228,1.14234
1782844800000,1.14233,1.14234,1.14228,1.14228
1782844860000,1.14228,1.14228,1.1421,1.14211
1782844920000,1.14211,1.14215,1.1421,1.14214
1782844980000,1.14213,1.14216,1.14203,1.1421
1782845040000,1.14209,1.1421,1.14203,1.14207
1782845100000,1.14209,1.14223,1.14207,1.14221
1782845160000,1.14219,1.14224,1.14219,1.14223
1782845220000,1.14221,1.14229,1.1422,1.14227
1782845280000,1.14227,1.14238,1.14226,1.14236
1782845340000,1.14236,1.14248,1.14232,1.14245
1782845400000,1.14247,1.14251,1.14244,1.14247
1782845460000,1.14246,1.14261,1.14246,1.14261
1782845520000,1.14262,1.14264,1.14246,1.14249
1782845580000,1.1425,1.14252,1.14248,1.14249
1782845640000,1.14249,1.1425,1.14241,1.14242
1782845700000,1.14241,1.14241,1.14205,1.14205
1782845760000,1.14206,1.14209,1.14194,1.14204
1782845820000,1.14204,1.14214,1.14202,1.14213
1782845880000,1.14213,1.1422,1.14209,1.14219
1782845940000,1.14219,1.14219,1.14199,1.14203
1782846000000,1.14204,1.14221,1.14195,1.1421
1782846060000,1.1421,1.14214,1.14206,1.1421
1782846120000,1.1421,1.14223,1.14209,1.1422
1782846180000,1.14218,1.14221,1.14211,1.14211
1782846240000,1.14211,1.14218,1.14211,1.14216
1782846300000,1.14217,1.1422,1.14213,1.14214
1782846360000,1.14213,1.14213,1.14204,1.14207
1782846420000,1.14206,1.14213,1.14201,1.14203
1782846480000,1.14204,1.14206,1.14199,1.142
1782846540000,1.14199,1.14202,1.14196,1.14201
1782846600000,1.142,1.14208,1.142,1.14207
1782846660000,1.14208,1.14215,1.14207,1.14214
1782846720000,1.14214,1.1422,1.14214,1.1422
1782846780000,1.14218,1.14219,1.1421,1.14213
1782846840000,1.14213,1.14214,1.14208,1.14208
1782846900000,1.14207,1.14221,1.14207,1.1422
1782846960000,1.14219,1.14219,1.14199,1.142
1782847020000,1.142,1.14206,1.14199,1.14199
1782847080000,1.14201,1.14208,1.142,1.14206
1782847140000,1.14205,1.14205,1.142,1.14201
1782847200000,1.14199,1.14202,1.14187,1.14187
1782847260000,1.14187,1.14189,1.14178,1.14179
1782847320000,1.14179,1.1418,1.14177,1.1418
1782847380000,1.1418,1.14181,1.1417,1.14172
1782847440000,1.14173,1.14178,1.14167,1.14168
1782847500000,1.1417,1.14173,1.14166,1.14167
1782847560000,1.14167,1.14168,1.14158,1.14162
1782847620000,1.14163,1.14175,1.14163,1.14175
1782847680000,1.14176,1.14176,1.14162,1.14162
1782847740000,1.14162,1.14165,1.14158,1.14159
1782847800000,1.1416,1.14179,1.14154,1.14176
1782847860000,1.14175,1.14181,1.14174,1.14177
1782847920000,1.14177,1.14186,1.14174,1.14185
1782847980000,1.14186,1.14188,1.14177,1.14178
1782848040000,1.14177,1.14187,1.14177,1.14186
1782848100000,1.14186,1.14188,1.14184,1.14185
1782848160000,1.14187,1.14188,1.14183,1.14186
1782848220000,1.14186,1.14188,1.14183,1.14186
1782848280000,1.14186,1.14189,1.14184,1.14185
1782848340000,1.14187,1.1419,1.14184,1.14186
1782848400000,1.14187,1.14187,1.14173,1.14174
1782848460000,1.14175,1.14175,1.14165,1.14169
1782848520000,1.1417,1.14183,1.14169,1.14183
1782848580000,1.14182,1.14186,1.1418,1.14185
1782848640000,1.14185,1.1419,1.14178,1.1418
1782848700000,1.14179,1.14186,1.14179,1.1418
1782848760000,1.14181,1.14182,1.14179,1.1418
1782848820000,1.1418,1.14181,1.14179,1.14179
1782848880000,1.1418,1.14187,1.1418,1.14187
1782848940000,1.14185,1.14185,1.14181,1.14185
1782849000000,1.14185,1.14185,1.14169,1.14175
1782849060000,1.14174,1.14185,1.14172,1.14177
1782849120000,1.14176,1.14181,1.14175,1.14178
1782849180000,1.1418,1.1418,1.14177,1.14179
1782849240000,1.14177,1.14184,1.14177,1.14182
1782849300000,1.14185,1.14204,1.14184,1.14201
1782849360000,1.14198,1.14212,1.14192,1.14212
1782849420000,1.1421,1.14257,1.14209,1.1425
1782849480000,1.14249,1.14265,1.14246,1.14265
1782849540000,1.14263,1.14266,1.14251,1.14263
1782849600000,1.14264,1.14269,1.1426,1.14262
1782849660000,1.14264,1.14272,1.14256,1.14271
1782849720000,1.14269,1.14273,1.14256,1.14265
1782849780000,1.14265,1.14268,1.14257,1.14268
1782849840000,1.14269,1.14269,1.14265,1.14269
1782849900000,1.14269,1.14269,1.14266,1.14267
1782849960000,1.14266,1.14268,1.1426,1.14262
1782850020000,1.14263,1.14263,1.14255,1.14255
1782850080000,1.14253,1.14255,1.14251,1.14252
1782850140000,1.14253,1.14254,1.14249,1.14249
1782850200000,1.14252,1.14254,1.1425,1.14254
1782850260000,1.14253,1.14254,1.14249,1.14253
1782850320000,1.14252,1.14254,1.14249,1.14253
1782850380000,1.14253,1.14253,1.1425,1.14252
1782850440000,1.14253,1.14253,1.14253,1.14253
1782850500000,1.14255,1.14255,1.14237,1.14241
1782850560000,1.14242,1.1425,1.14241,1.1425
1782850620000,1.1425,1.14251,1.14249,1.14249
1782850680000,1.14245,1.14258,1.14245,1.14257
1782850740000,1.14258,1.14262,1.14255,1.1426
1782850800000,1.14259,1.14261,1.14257,1.14257
1782850860000,1.14257,1.14258,1.14255,1.14258
1782850920000,1.14257,1.14257,1.14256,1.14256
1782850980000,1.14257,1.1426,1.14257,1.14258
1782851040000,1.14258,1.14258,1.14253,1.14253
1782851100000,1.14253,1.14253,1.14242,1.14246
1782851160000,1.14245,1.14245,1.14241,1.14245
1782851220000,1.14244,1.14245,1.14243,1.14245
1782851280000,1.14245,1.14245,1.14241,1.14241
1782851340000,1.1424,1.14254,1.1424,1.14243
1782851400000,1.14245,1.14248,1.14245,1.14246
1782851460000,1.14245,1.14245,1.14241,1.14242
1782851520000,1.14241,1.14242,1.14233,1.14233
1782851580000,1.14237,1.14238,1.14234,1.14234
1782851640000,1.14236,1.14241,1.14236,1.14239
1782851700000,1.14239,1.14239,1.14233,1.14234
1782851760000,1.14232,1.14232,1.14223,1.14225
1782851820000,1.14225,1.14226,1.14225,1.14226
1782851880000,1.14225,1.14227,1.14225,1.14225
1782851940000,1.14227,1.14227,1.14223,1.14226
1782852000000,1.14227,1.14227,1.14225,1.14226
1782852060000,1.14225,1.1423,1.14225,1.1423
1782852120000,1.14229,1.14229,1.14228,1.14228
1782852180000,1.14228,1.14232,1.14228,1.14231
1782852240000,1.1423,1.14233,1.1423,1.14233
1782852300000,1.14233,1.14233,1.14227,1.14227
1782852360000,1.14228,1.14228,1.14222,1.14222
1782852420000,1.14223,1.14223,1.14217,1.14222
1782852480000,1.1422,1.14221,1.14219,1.14219
1782852540000,1.14221,1.14228,1.1422,1.14225
1782852600000,1.14226,1.14232,1.14226,1.14228
1782852660000,1.14226,1.14233,1.14225,1.14228
1782852720000,1.14228,1.14228,1.14222,1.14222
1782852780000,1.14223,1.14225,1.1422,1.14223
1782852840000,1.14222,1.14222,1.14219,1.14219
1782852900000,1.14217,1.14217,1.14213,1.14215
1782852960000,1.14214,1.14215,1.14207,1.14207
1782853020000,1.14206,1.14208,1.14204,1.14206
1782853080000,1.14207,1.14216,1.14206,1.14215
1782853140000,1.14215,1.14218,1.14209,1.14213
1782853200000,1.14205,1.1421,1.142,1.14203
1782853260000,1.14191,1.14202,1.14188,1.14202
1782853320000,1.14201,1.14208,1.142,1.14208
1782853380000,1.14208,1.14208,1.14208,1.14208
1782853440000,1.14188,1.14197,1.14174,1.14197
1782853500000,1.14211,1.14211,1.14206,1.14208
1782853560000,1.14208,1.14211,1.14205,1.14209
1782853620000,1.14206,1.14206,1.14206,1.14206
1782853680000,1.14206,1.14206,1.14206,1.14206
1782853740000,1.14206,1.14208,1.14201,1.14201
1782853800000,1.14204,1.14205,1.14203,1.14205
1782853860000,1.14203,1.14205,1.14203,1.14204
1782853920000,1.14205,1.14205,1.14203,1.14204
1782853980000,1.14205,1.14205,1.14203,1.14203
1782854040000,1.14205,1.14207,1.14203,1.14203
1782854100000,1.14202,1.14209,1.14202,1.14208
1782854160000,1.14207,1.1421,1.14207,1.14207
1782854220000,1.14207,1.14207,1.14206,1.14206
1782854280000,1.14207,1.14207,1.14202,1.14205
1782854340000,1.14205,1.14207,1.14202,1.14206
1782854400000,1.14206,1.14207,1.14198,1.14198
1782854460000,1.14182,1.14186,1.14174,1.14177
1782854520000,1.14175,1.14186,1.14175,1.1418
1782854580000,1.14184,1.14184,1.1418,1.1418
1782854640000,1.14178,1.14186,1.14173,1.1418
1782854700000,1.14182,1.14196,1.1418,1.14184
1782854760000,1.14198,1.14207,1.14198,1.14203
1782854820000,1.14206,1.14206,1.14202,1.14202
1782854880000,1.14203,1.14203,1.14203,1.14203
1782854940000,1.14204,1.14204,1.14204,1.14204
1782855000000,1.14202,1.14203,1.14201,1.14203
1782855060000,1.14205,1.14205,1.14204,1.14204
1782855120000,1.14205,1.14205,1.14205,1.14205
1782855180000,1.14204,1.14206,1.14204,1.14206
1782855240000,1.14205,1.14207,1.14205,1.14207
1782855300000,1.14207,1.14207,1.14206,1.14206
1782855360000,1.14206,1.14207,1.14206,1.14207
1782855420000,1.14207,1.14207,1.14206,1.14206
1782855480000,1.14206,1.14207,1.14206,1.14206
1782855540000,1.14207,1.14209,1.14204,1.14206
1782855600000,1.14206,1.14207,1.14205,1.14206
1782855660000,1.14208,1.14208,1.14205,1.14205
1782855720000,1.14205,1.14205,1.14204,1.14205
1782855780000,1.14204,1.14205,1.14204,1.14204
1782855840000,1.14204,1.14205,1.14204,1.14205
1782855900000,1.14204,1.14205,1.14204,1.14204
1782855960000,1.14204,1.14205,1.14203,1.14203
1782856020000,1.14204,1.14205,1.14203,1.14203
1782856080000,1.14204,1.14204,1.14203,1.14203
1782856140000,1.14203,1.14216,1.14203,1.14214
1782856200000,1.14213,1.14218,1.14212,1.14218
1782856260000,1.14216,1.14217,1.14215,1.14216
1782856320000,1.14215,1.14219,1.14214,1.14219
1782856380000,1.14218,1.1422,1.14216,1.14217
1782856440000,1.14218,1.14219,1.14217,1.14218
1782856500000,1.14218,1.1422,1.14216,1.1422
1782856560000,1.14219,1.14219,1.14217,1.14217
1782856620000,1.1422,1.1422,1.14217,1.14219
1782856680000,1.14217,1.14222,1.14209,1.14209
1782856740000,1.14209,1.14209,1.14205,1.14206
1782856800000,1.14205,1.14215,1.14203,1.14208
1782856860000,1.14208,1.14209,1.14208,1.14208
1782856920000,1.14208,1.14213,1.14208,1.14208
1782856980000,1.14209,1.14212,1.14208,1.14208
1782857040000,1.14211,1.14215,1.14211,1.14215
1782857100000,1.14217,1.1422,1.14217,1.1422
1782857160000,1.14218,1.14219,1.14218,1.14219
1782857220000,1.14218,1.14221,1.14217,1.14221
1782857280000,1.14217,1.14223,1.14217,1.14223
1782857340000,1.14223,1.14227,1.14223,1.14227
1782857400000,1.14227,1.14227,1.14218,1.14218
1782857460000,1.14218,1.14219,1.14217,1.14217
1782857520000,1.14216,1.14216,1.14212,1.14212
1782857580000,1.14213,1.14215,1.14213,1.14214
1782857640000,1.14214,1.14214,1.1421,1.14212
1782857700000,1.14212,1.14215,1.14212,1.14215
1782857760000,1.14215,1.1422,1.14213,1.14213
1782857820000,1.14214,1.14216,1.14214,1.14216
1782857880000,1.14216,1.14216,1.14215,1.14215
1782857940000,1.14216,1.14217,1.14214,1.14217
1782858000000,1.14217,1.14218,1.14217,1.14218
1782858060000,1.14219,1.14219,1.14212,1.14212
1782858120000,1.14215,1.14215,1.1421,1.14215
1782858180000,1.14215,1.14215,1.14213,1.14213
1782858240000,1.1421,1.1421,1.14206,1.14208
1782858300000,1.14209,1.14209,1.14209,1.14209
1782858360000,1.14211,1.14214,1.14211,1.14214
1782858420000,1.14211,1.14211,1.14209,1.14211
1782858480000,1.14212,1.14212,1.14211,1.14211
1782858540000,1.14212,1.14212,1.14208,1.1421
1782858600000,1.14209,1.1421,1.14206,1.14206
1782858660000,1.14206,1.14211,1.14206,1.14209
1782858720000,1.1421,1.1421,1.14207,1.14209
1782858780000,1.14211,1.14211,1.14211,1.14211
1782858840000,1.14211,1.14211,1.1421,1.1421
1782858900000,1.1421,1.14211,1.1421,1.14211
1782858960000,1.14209,1.1421,1.14209,1.1421
1782859020000,1.14209,1.14209,1.14209,1.14209
1782859080000,1.14209,1.1421,1.14209,1.1421
1782859140000,1.1421,1.14211,1.1421,1.1421
1782859200000,1.1421,1.14212,1.1421,1.1421
1782859260000,1.14211,1.14211,1.14209,1.14211
1782859320000,1.14211,1.14211,1.14211,1.14211
1782859380000,1.1421,1.1421,1.1421,1.1421
1782859440000,1.14208,1.1421,1.14208,1.1421
1782859500000,1.1421,1.14211,1.142,1.14201
1782859560000,1.14201,1.14202,1.142,1.142
1782859620000,1.14199,1.14201,1.14199,1.14201
1782859680000,1.142,1.14201,1.1419,1.1419
1782859740000,1.1419,1.1419,1.14188,1.14188
1782859800000,1.14188,1.14189,1.14187,1.14187
1782859860000,1.14188,1.14189,1.14188,1.14189
1782859920000,1.14188,1.14189,1.14188,1.14189
1782859980000,1.14188,1.14189,1.14186,1.14187
1782860040000,1.14187,1.14188,1.14187,1.14188
1782860100000,1.14189,1.14189,1.14189,1.14189
1782860160000,1.14191,1.14194,1.14191,1.14193
1782860220000,1.14194,1.14194,1.14193,1.14193
1782860280000,1.14193,1.14194,1.14192,1.14193
1782860340000,1.14194,1.14199,1.14194,1.14198
1782860400000,1.14199,1.14201,1.14191,1.14192
1782860460000,1.14191,1.14193,1.14191,1.14192
1782860520000,1.14191,1.14191,1.14188,1.14191
1782860580000,1.14194,1.14195,1.14193,1.14193
1782860640000,1.14194,1.14194,1.14189,1.14191
1782860700000,1.14192,1.14192,1.1419,1.1419
1782860760000,1.14192,1.14194,1.14192,1.14194
1782860820000,1.14193,1.14197,1.1419,1.14194
1782860880000,1.14195,1.14195,1.14193,1.14194
1782860940000,1.14193,1.14195,1.14193,1.14195
1782861000000,1.14194,1.14194,1.14192,1.14194
1782861060000,1.14192,1.14192,1.14188,1.14189
1782861120000,1.14189,1.1419,1.14188,1.14189
1782861180000,1.14189,1.14189,1.14189,1.14189
1782861240000,1.14189,1.14189,1.14185,1.14189
1782861300000,1.14189,1.14189,1.14187,1.14188
1782861360000,1.14188,1.14188,1.14188,1.14188
1782861420000,1.14187,1.14188,1.14187,1.14188
1782861480000,1.14187,1.14189,1.14187,1.14188
1782861540000,1.1419,1.1419,1.14187,1.14189
1782861600000,1.14187,1.14189,1.14187,1.14189
1782861660000,1.14192,1.14192,1.14188,1.14188
1782861720000,1.14189,1.14189,1.14188,1.14188
1782861780000,1.14188,1.14188,1.14188,1.14188
1782861840000,1.14188,1.14188,1.14188,1.14188
1782861900000,1.14187,1.14187,1.14187,1.14187
1782861960000,1.14185,1.14186,1.14179,1.14183
1782862020000,1.1418,1.1418,1.14173,1.14173
1782862080000,1.14174,1.14176,1.14172,1.14173
1782862140000,1.14174,1.14174,1.14163,1.14166
1782862200000,1.14166,1.14169,1.14166,1.14168
1782862260000,1.14169,1.14173,1.14168,1.14173
1782862320000,1.14171,1.14174,1.14171,1.14172
1782862380000,1.14173,1.14177,1.14173,1.14176
1782862440000,1.14179,1.14182,1.14179,1.14179
1782862500000,1.1418,1.1418,1.14177,1.14178
1782862560000,1.14177,1.14179,1.14173,1.14174
1782862620000,1.14174,1.14174,1.1417,1.1417
1782862680000,1.14171,1.14173,1.14166,1.14167
1782862740000,1.14167,1.14167,1.14162,1.14163
1782862800000,1.14162,1.14164,1.1416,1.1416
1782862860000,1.1416,1.1416,1.14159,1.14159
1782862920000,1.14158,1.14159,1.14158,1.14159
1782862980000,1.14158,1.14158,1.14158,1.14158
1782863040000,1.14157,1.14157,1.14146,1.14146
1782863100000,1.14147,1.14149,1.14147,1.14147
1782863160000,1.14148,1.14148,1.14143,1.14144
1782863220000,1.14146,1.14149,1.14146,1.14148
1782863280000,1.14146,1.14146,1.14141,1.14142
1782863340000,1.14142,1.14143,1.14139,1.1414
1782863400000,1.1414,1.14144,1.14138,1.14144
1782863460000,1.14144,1.14145,1.14139,1.14139
1782863520000,1.14137,1.14137,1.14132,1.14134
1782863580000,1.14134,1.14134,1.14132,1.14132
1782863640000,1.14132,1.14134,1.14129,1.1413
1782863700000,1.14129,1.14135,1.14129,1.1413
1782863760000,1.14129,1.14133,1.14125,1.14125
1782863820000,1.14125,1.14125,1.14123,1.14125
1782863880000,1.14125,1.14129,1.14124,1.14129
1782863940000,1.14127,1.14129,1.14125,1.14129
1782864000000,1.14128,1.1413,1.14118,1.1412
1782864060000,1.14118,1.14134,1.14118,1.14132
1782864120000,1.14132,1.14135,1.14124,1.14134
1782864180000,1.14132,1.14139,1.14132,1.14139
1782864240000,1.14139,1.14139,1.14134,1.14134
1782864300000,1.14136,1.14138,1.14134,1.14134
1782864360000,1.14134,1.14136,1.14134,1.14136
1782864420000,1.14134,1.14135,1.14128,1.14128
1782864480000,1.14129,1.1413,1.14123,1.14129
1782864540000,1.14129,1.14133,1.14128,1.14129
1782864600000,1.1413,1.14131,1.14128,1.14129
1782864660000,1.14129,1.14131,1.14128,1.1413
1782864720000,1.14129,1.14135,1.14129,1.14135
1782864780000,1.14134,1.14134,1.14128,1.14129
1782864840000,1.14129,1.1413,1.14126,1.14129
1782864900000,1.14128,1.14128,1.14104,1.14104
1782864960000,1.14104,1.14115,1.14104,1.14107
1782865020000,1.14108,1.14116,1.14104,1.14108
1782865080000,1.14108,1.14112,1.14104,1.14109
1782865140000,1.14112,1.14113,1.14101,1.14103
1782865200000,1.14103,1.14107,1.14099,1.14107
1782865260000,1.14108,1.14111,1.14104,1.14104
1782865320000,1.14104,1.14105,1.14098,1.14099
1782865380000,1.14099,1.14109,1.14099,1.14109
1782865440000,1.14107,1.14123,1.14107,1.14123
1782865500000,1.14128,1.14134,1.14125,1.1413
1782865560000,1.14131,1.14135,1.14125,1.14125
1782865620000,1.14125,1.14133,1.14125,1.14132
1782865680000,1.14133,1.14133,1.14127,1.14131
1782865740000,1.14132,1.14135,1.14127,1.14127
1782865800000,1.14125,1.14129,1.14118,1.14121
1782865860000,1.14122,1.14126,1.14121,1.14123
1782865920000,1.14124,1.14126,1.14121,1.14124
1782865980000,1.14125,1.14126,1.14121,1.14121
1782866040000,1.1412,1.14124,1.1412,1.14122
1782866100000,1.14123,1.14123,1.1411,1.14111
1782866160000,1.1411,1.14118,1.1411,1.14112
1782866220000,1.14111,1.14113,1.14106,1.14113
1782866280000,1.14113,1.14125,1.14113,1.14124
1782866340000,1.14126,1.1413,1.14124,1.14124
1782866400000,1.14124,1.14126,1.14119,1.14121
1782866460000,1.14121,1.14121,1.14108,1.14108
1782866520000,1.14106,1.14107,1.14098,1.141
1782866580000,1.14101,1.14101,1.14094,1.14094
1782866640000,1.14096,1.14097,1.14093,1.14094
1782866700000,1.14094,1.14097,1.14094,1.14094
1782866760000,1.14096,1.14103,1.14094,1.14098
1782866820000,1.14099,1.14105,1.14091,1.14102
1782866880000,1.14101,1.14102,1.14094,1.14095
1782866940000,1.14096,1.14096,1.14087,1.14089
1782867000000,1.14089,1.14093,1.14084,1.1409
1782867060000,1.14089,1.14095,1.14089,1.14089
1782867120000,1.14089,1.14096,1.14088,1.14096
1782867180000,1.14095,1.14106,1.14091,1.14091
1782867240000,1.1409,1.14094,1.14085,1.1409
1782867300000,1.14089,1.14095,1.14086,1.14092
1782867360000,1.14092,1.14102,1.14092,1.14102
1782867420000,1.141,1.14103,1.14094,1.14095
1782867480000,1.14096,1.14103,1.14094,1.14101
1782867540000,1.14101,1.14105,1.14093,1.14093
1782867600000,1.14093,1.14094,1.14089,1.1409
1782867660000,1.14089,1.14094,1.14089,1.14092
1782867720000,1.14093,1.14093,1.14072,1.1408
1782867780000,1.1408,1.14084,1.14077,1.14081
1782867840000,1.14079,1.14083,1.14076,1.14077
1782867900000,1.14076,1.14077,1.14067,1.14068
1782867960000,1.14071,1.14071,1.14052,1.14055
1782868020000,1.14058,1.14061,1.14055,1.1406
1782868080000,1.14059,1.14062,1.14054,1.14057
1782868140000,1.14057,1.1406,1.1405,1.1405
1782868200000,1.14049,1.14055,1.14047,1.14052
1782868260000,1.14055,1.14059,1.14054,1.14055
1782868320000,1.14056,1.14059,1.1405,1.1405
1782868380000,1.14051,1.14053,1.14044,1.14051
1782868440000,1.14052,1.14052,1.14049,1.1405
1782868500000,1.14051,1.14076,1.1405,1.14065
1782868560000,1.14066,1.14067,1.14051,1.14055
1782868620000,1.14056,1.14058,1.1405,1.14054
1782868680000,1.14054,1.1407,1.14054,1.14068
1782868740000,1.1407,1.1408,1.1407,1.14078
1782868800000,1.14079,1.14082,1.1407,1.14071
1782868860000,1.14071,1.14077,1.14071,1.14075
1782868920000,1.14074,1.14076,1.1407,1.14072
1782868980000,1.14072,1.14078,1.1407,1.14075
1782869040000,1.14075,1.14075,1.14063,1.14063
1782869100000,1.14062,1.14067,1.14059,1.14059
1782869160000,1.14058,1.14074,1.14056,1.14068
1782869220000,1.14066,1.14068,1.14064,1.14066
1782869280000,1.14066,1.14067,1.14062,1.14067
1782869340000,1.14065,1.14068,1.14063,1.14065
1782869400000,1.14065,1.14067,1.14058,1.1406
1782869460000,1.14061,1.14067,1.14053,1.14054
1782869520000,1.14053,1.14063,1.14053,1.14057
1782869580000,1.14057,1.14058,1.1405,1.1405
1782869640000,1.14051,1.14056,1.14049,1.14052
1782869700000,1.14054,1.14054,1.14049,1.14051
1782869760000,1.14052,1.14054,1.14051,1.14052
1782869820000,1.14051,1.14051,1.14045,1.14049
1782869880000,1.14049,1.14061,1.14047,1.14057
1782869940000,1.14058,1.1406,1.14056,1.14056
1782870000000,1.14057,1.14057,1.14049,1.14053
1782870060000,1.14055,1.1406,1.14052,1.14057
1782870120000,1.14057,1.1406,1.14054,1.14054
1782870180000,1.14054,1.1406,1.14054,1.14057
1782870240000,1.14057,1.1406,1.14055,1.14059
1782870300000,1.14058,1.14063,1.14058,1.14062
1782870360000,1.14062,1.14071,1.14062,1.14067
1782870420000,1.14067,1.14069,1.1406,1.1406
1782870480000,1.14061,1.14061,1.14036,1.14043
1782870540000,1.14042,1.14049,1.14042,1.14045
1782870600000,1.14043,1.14046,1.14043,1.14043
1782870660000,1.14043,1.14043,1.14034,1.14034
1782870720000,1.14036,1.14036,1.14029,1.1403
1782870780000,1.14031,1.14038,1.14029,1.14038
1782870840000,1.14038,1.14038,1.14029,1.1403
1782870900000,1.14031,1.14041,1.14026,1.14036
1782870960000,1.14036,1.14044,1.14036,1.14042
1782871020000,1.1404,1.14047,1.14036,1.14043
1782871080000,1.14041,1.14043,1.14039,1.14042
1782871140000,1.14042,1.14043,1.14038,1.14042
1782871200000,1.14045,1.14046,1.14041,1.14043
1782871260000,1.14045,1.14045,1.1404,1.14043
1782871320000,1.14044,1.14057,1.14042,1.14054
1782871380000,1.14055,1.14057,1.14049,1.14049
1782871440000,1.14052,1.14053,1.14041,1.14041
1782871500000,1.14042,1.14045,1.14035,1.14035
1782871560000,1.14035,1.14042,1.14035,1.14042
1782871620000,1.14045,1.1405,1.14043,1.14045
1782871680000,1.14043,1.14046,1.1404,1.14045
1782871740000,1.14042,1.14051,1.1404,1.1404
1782871800000,1.14041,1.14048,1.1404,1.14047
1782871860000,1.14047,1.1405,1.14036,1.14038
1782871920000,1.14037,1.14044,1.14035,1.14044
1782871980000,1.14044,1.14047,1.14043,1.14046
1782872040000,1.14048,1.14067,1.14048,1.14067
1782872100000,1.14067,1.14073,1.14066,1.14066
1782872160000,1.14066,1.14066,1.14063,1.14065
1782872220000,1.14064,1.14074,1.14064,1.14073
1782872280000,1.14073,1.14075,1.14071,1.14074
1782872340000,1.14073,1.14073,1.14066,1.14069
1782872400000,1.1407,1.1408,1.14066,1.14077
1782872460000,1.14077,1.14079,1.14072,1.14072
1782872520000,1.14072,1.14074,1.14069,1.1407
1782872580000,1.14071,1.14072,1.14068,1.14071
1782872640000,1.14071,1.14075,1.1407,1.1407
1782872700000,1.14072,1.14072,1.14045,1.14045
1782872760000,1.1405,1.14061,1.14049,1.14057
1782872820000,1.14056,1.14056,1.14049,1.14051
1782872880000,1.14052,1.14056,1.14052,1.14053
1782872940000,1.14053,1.14053,1.14037,1.14041
1782873000000,1.1404,1.14051,1.14039,1.14051
1782873060000,1.14049,1.14052,1.14044,1.14044
1782873120000,1.14043,1.14045,1.1404,1.1404
1782873180000,1.14039,1.14039,1.14034,1.14038
1782873240000,1.14039,1.14043,1.14025,1.14029
1782873300000,1.1403,1.14037,1.1403,1.14037
1782873360000,1.14037,1.14046,1.14037,1.14044
1782873420000,1.14046,1.14047,1.14039,1.14041
1782873480000,1.14042,1.14046,1.14039,1.14046
1782873540000,1.14047,1.14051,1.14046,1.14047
1782873600000,1.14047,1.1405,1.14042,1.14044
1782873660000,1.14044,1.1405,1.14044,1.14048
1782873720000,1.14049,1.14062,1.14049,1.14056
1782873780000,1.14056,1.14063,1.14054,1.14063
1782873840000,1.14061,1.14062,1.14053,1.14053
1782873900000,1.14054,1.14064,1.14054,1.14062
1782873960000,1.14061,1.14061,1.14058,1.14059
1782874020000,1.14061,1.14069,1.14061,1.14066
1782874080000,1.14066,1.14066,1.14057,1.14057
1782874140000,1.14057,1.14057,1.14055,1.14056
1782874200000,1.14055,1.14067,1.14052,1.14067
1782874260000,1.14065,1.14067,1.14065,1.14066
1782874320000,1.14064,1.14065,1.14057,1.1406
1782874380000,1.14062,1.14065,1.1406,1.14065
1782874440000,1.14063,1.14066,1.14061,1.14066
1782874500000,1.14066,1.14068,1.14065,1.14068
1782874560000,1.14067,1.14067,1.1406,1.14061
1782874620000,1.14061,1.14061,1.1405,1.14051
1782874680000,1.14052,1.14053,1.14047,1.14053
1782874740000,1.14056,1.14057,1.14052,1.14055
1782874800000,1.14054,1.1406,1.14052,1.14058
1782874860000,1.14057,1.14064,1.14057,1.14057
1782874920000,1.14056,1.1406,1.14055,1.1406
1782874980000,1.1406,1.14067,1.1406,1.14062
1782875040000,1.14062,1.14066,1.14062,1.14065
1782875100000,1.14065,1.14068,1.14065,1.14067
1782875160000,1.14067,1.14073,1.14067,1.14071
1782875220000,1.14073,1.14079,1.14073,1.14077
1782875280000,1.14076,1.14079,1.14076,1.14078
1782875340000,1.14077,1.14077,1.14073,1.14074
1782875400000,1.14075,1.14077,1.14071,1.14075
1782875460000,1.14075,1.14081,1.14075,1.14079
1782875520000,1.14079,1.14081,1.14077,1.14077
1782875580000,1.14079,1.14079,1.14074,1.14077
1782875640000,1.14078,1.1408,1.14069,1.14069
1782875700000,1.1407,1.1407,1.14064,1.14069
1782875760000,1.14067,1.14073,1.14067,1.14067
1782875820000,1.14069,1.14069,1.14063,1.14063
1782875880000,1.14062,1.14065,1.14058,1.14063
1782875940000,1.14065,1.14065,1.14059,1.14059
1782876000000,1.14058,1.1406,1.14056,1.1406
1782876060000,1.1406,1.1406,1.14056,1.14057
1782876120000,1.14058,1.14058,1.14053,1.14053
1782876180000,1.14053,1.14053,1.14049,1.14049
1782876240000,1.14051,1.14051,1.14048,1.1405
1782876300000,1.1405,1.14054,1.14049,1.14052
1782876360000,1.1405,1.14051,1.14044,1.1405
1782876420000,1.14048,1.14052,1.14045,1.1405
1782876480000,1.14051,1.14052,1.14045,1.14048
1782876540000,1.14046,1.1405,1.14042,1.1405
1782876600000,1.1405,1.14057,1.14049,1.14054
1782876660000,1.14055,1.14055,1.14047,1.14051
1782876720000,1.1405,1.14052,1.14047,1.14051
1782876780000,1.14049,1.1405,1.1403,1.1403
1782876840000,1.1403,1.1403,1.14018,1.14021
1782876900000,1.14022,1.14039,1.14022,1.14039
1782876960000,1.1404,1.14043,1.14038,1.1404
1782877020000,1.14039,1.14042,1.14038,1.14039
1782877080000,1.14039,1.14043,1.14038,1.14043
1782877140000,1.14044,1.14045,1.14042,1.14042
1782877200000,1.14041,1.14042,1.1404,1.14042
1782877260000,1.1404,1.14049,1.1404,1.14044
1782877320000,1.14043,1.14043,1.14025,1.14026
1782877380000,1.14026,1.14027,1.14016,1.1402
1782877440000,1.14018,1.14022,1.14017,1.14019
1782877500000,1.14019,1.14032,1.14019,1.1403
1782877560000,1.14031,1.14032,1.14028,1.14029
1782877620000,1.1403,1.14031,1.14026,1.14026
1782877680000,1.14025,1.14026,1.14022,1.14025
1782877740000,1.14023,1.14026,1.14023,1.14024
1782877800000,1.14025,1.1403,1.14023,1.14028
1782877860000,1.14028,1.1403,1.14028,1.14028
1782877920000,1.14031,1.14031,1.14025,1.14027
1782877980000,1.14026,1.14027,1.14025,1.14027
1782878040000,1.14026,1.14027,1.14023,1.14023
1782878100000,1.14022,1.14025,1.14018,1.14025
1782878160000,1.14024,1.14036,1.14024,1.14034
1782878220000,1.14036,1.1404,1.14033,1.14039
1782878280000,1.1404,1.1404,1.14037,1.14038
1782878340000,1.14037,1.14042,1.14036,1.14039
1782878400000,1.1404,1.14042,1.14036,1.14039
1782878460000,1.14039,1.14044,1.14037,1.14042
1782878520000,1.14043,1.14043,1.14032,1.14032
1782878580000,1.14031,1.14033,1.14031,1.14033
1782878640000,1.14035,1.14037,1.14035,1.14037
1782878700000,1.14034,1.14034,1.14031,1.14033
1782878760000,1.14032,1.14033,1.14025,1.14027
1782878820000,1.14025,1.14031,1.14025,1.14031
1782878880000,1.1403,1.14032,1.14027,1.14027
1782878940000,1.14026,1.14028,1.14024,1.14027
1782879000000,1.14027,1.14027,1.14024,1.14025
1782879060000,1.14026,1.14028,1.14025,1.14027
1782879120000,1.14028,1.14028,1.14026,1.14027
1782879180000,1.14029,1.14047,1.14029,1.14044
1782879240000,1.14043,1.14047,1.14042,1.14046
1782879300000,1.14046,1.14046,1.14042,1.14042
1782879360000,1.14046,1.14047,1.14041,1.14041
1782879420000,1.14042,1.14045,1.14037,1.14043
1782879480000,1.14042,1.14044,1.14041,1.14041
1782879540000,1.14042,1.14042,1.14037,1.14038
1782879600000,1.14039,1.1404,1.14036,1.14038
1782879660000,1.14037,1.14038,1.14031,1.14037
1782879720000,1.14037,1.14044,1.14037,1.14044
1782879780000,1.14042,1.14046,1.14042,1.14042
1782879840000,1.14041,1.14041,1.14035,1.14037
1782879900000,1.14038,1.14038,1.14028,1.1403
1782879960000,1.1403,1.14039,1.1403,1.14039
1782880020000,1.14039,1.14046,1.14037,1.14045
1782880080000,1.14045,1.14047,1.14043,1.14043
1782880140000,1.14044,1.14046,1.14042,1.14046
1782880200000,1.14047,1.14076,1.14045,1.14067
1782880260000,1.14068,1.14086,1.14066,1.14066
1782880320000,1.14067,1.14074,1.14067,1.14072
1782880380000,1.1407,1.14076,1.14066,1.14071
1782880440000,1.14075,1.14079,1.14071,1.14071
1782880500000,1.14075,1.1408,1.14072,1.14075
1782880560000,1.14075,1.14078,1.14072,1.14075
1782880620000,1.14076,1.14087,1.14075,1.14082
1782880680000,1.1408,1.14081,1.14075,1.14077
1782880740000,1.14077,1.1408,1.14072,1.14079
1782880800000,1.14078,1.14083,1.14075,1.14083
1782880860000,1.14085,1.14086,1.14077,1.14078
1782880920000,1.14077,1.1408,1.14076,1.14078
1782880980000,1.14077,1.14085,1.14077,1.14083
1782881040000,1.14082,1.14082,1.14078,1.1408
1782881100000,1.14082,1.14087,1.1408,1.14087
1782881160000,1.14087,1.14092,1.14086,1.14092
1782881220000,1.14093,1.14099,1.14093,1.14098
1782881280000,1.14096,1.14107,1.14093,1.14094
1782881340000,1.14094,1.14095,1.1409,1.14092
1782881400000,1.14091,1.14097,1.14091,1.14094
1782881460000,1.14094,1.14102,1.14093,1.14097
1782881520000,1.14096,1.14096,1.14092,1.14095
1782881580000,1.14096,1.14102,1.14093,1.14102
1782881640000,1.141,1.141,1.14095,1.14095
1782881700000,1.14096,1.14097,1.14093,1.14095
1782881760000,1.14095,1.14097,1.14095,1.14096
1782881820000,1.14095,1.14097,1.14093,1.14094
1782881880000,1.14094,1.14094,1.14089,1.14093
1782881940000,1.14092,1.14092,1.14084,1.14084
1782882000000,1.14085,1.14087,1.14081,1.14086
1782882060000,1.14089,1.14097,1.14084,1.14084
1782882120000,1.14084,1.14084,1.14073,1.14073
1782882180000,1.14075,1.14085,1.14075,1.14083
1782882240000,1.14081,1.14085,1.14081,1.14084
1782882300000,1.14086,1.14091,1.14084,1.1409
1782882360000,1.14088,1.14097,1.14088,1.14089
1782882420000,1.14089,1.1409,1.14085,1.14085
1782882480000,1.14086,1.14092,1.14085,1.14092
1782882540000,1.14091,1.14096,1.1409,1.14092
1782882600000,1.14091,1.14092,1.14089,1.14091
1782882660000,1.14091,1.14091,1.14085,1.14089
1782882720000,1.14088,1.14091,1.14085,1.1409
1782882780000,1.14091,1.14091,1.1409,1.1409
1782882840000,1.14091,1.14092,1.14089,1.1409
1782882900000,1.1409,1.1409,1.14079,1.14081
1782882960000,1.14082,1.14088,1.14082,1.14086
1782883020000,1.14088,1.14095,1.14087,1.14094
1782883080000,1.14094,1.14096,1.14088,1.1409
1782883140000,1.14092,1.14096,1.14092,1.14094
1782883200000,1.14095,1.141,1.14095,1.141
1782883260000,1.14099,1.14099,1.14094,1.14094
1782883320000,1.14095,1.14095,1.14092,1.14094
1782883380000,1.14094,1.141,1.14094,1.14096
1782883440000,1.14097,1.14098,1.14094,1.14094
1782883500000,1.14094,1.14096,1.14089,1.14096
1782883560000,1.14096,1.14098,1.14095,1.14097
1782883620000,1.14097,1.14103,1.14096,1.14101
1782883680000,1.14101,1.14102,1.14099,1.14101
1782883740000,1.14101,1.14101,1.14094,1.14098
1782883800000,1.14097,1.14104,1.14095,1.14101
1782883860000,1.141,1.14103,1.14098,1.14102
1782883920000,1.14101,1.14104,1.14101,1.14101
1782883980000,1.141,1.141,1.14095,1.14099
1782884040000,1.14099,1.14099,1.14089,1.14091
1782884100000,1.14091,1.14091,1.14079,1.14079
1782884160000,1.1408,1.14083,1.1408,1.14082
1782884220000,1.14083,1.14083,1.14075,1.1408
1782884280000,1.14079,1.14082,1.14075,1.14079
1782884340000,1.14079,1.14085,1.14079,1.14083
1782884400000,1.14081,1.14082,1.14076,1.14082
1782884460000,1.14084,1.14086,1.14083,1.14084
1782884520000,1.14084,1.1409,1.14084,1.14087
1782884580000,1.14087,1.14093,1.14085,1.14093
1782884640000,1.14091,1.14102,1.1409,1.141
1782884700000,1.141,1.14101,1.14091,1.14094
1782884760000,1.14095,1.14096,1.14091,1.14095
1782884820000,1.14094,1.14094,1.14084,1.14085
1782884880000,1.14084,1.14086,1.14078,1.1408
1782884940000,1.14079,1.14081,1.14077,1.1408
1782885000000,1.1408,1.14086,1.1408,1.14085
1782885060000,1.14085,1.14088,1.14084,1.14087
1782885120000,1.14086,1.14088,1.14079,1.14088
1782885180000,1.14089,1.14089,1.14086,1.14086
1782885240000,1.14085,1.14085,1.1405,1.14051
1782885300000,1.14049,1.14049,1.14029,1.14041
1782885360000,1.14039,1.14048,1.14034,1.14044
1782885420000,1.14047,1.14054,1.14045,1.14053
1782885480000,1.14053,1.14058,1.1405,1.14053
1782885540000,1.14052,1.14057,1.14051,1.14057
1782885600000,1.14057,1.14079,1.14056,1.14078
1782885660000,1.14077,1.14078,1.14068,1.14076
1782885720000,1.14075,1.14075,1.1406,1.14066
1782885780000,1.14069,1.14081,1.14064,1.1408
1782885840000,1.1408,1.14093,1.14079,1.14079
1782885900000,1.14078,1.14079,1.14059,1.14064
1782885960000,1.14066,1.14072,1.14065,1.14069
1782886020000,1.14068,1.14077,1.14067,1.14077
1782886080000,1.14077,1.14081,1.14069,1.14069
1782886140000,1.14072,1.14072,1.14043,1.14046
1782886200000,1.14046,1.14046,1.14035,1.14038
1782886260000,1.14036,1.14041,1.14034,1.14038
1782886320000,1.14039,1.14041,1.14034,1.14035
1782886380000,1.14036,1.14036,1.14023,1.14023
1782886440000,1.14024,1.14024,1.14015,1.14024
1782886500000,1.14023,1.14043,1.14018,1.14043
1782886560000,1.14043,1.14048,1.14042,1.14042
1782886620000,1.14041,1.14043,1.1403,1.14034
1782886680000,1.14035,1.1404,1.14032,1.14034
1782886740000,1.14035,1.1404,1.14034,1.1404
1782886800000,1.14041,1.14042,1.14025,1.14029
1782886860000,1.14027,1.1403,1.14018,1.14024
1782886920000,1.14024,1.14041,1.14023,1.14041
1782886980000,1.14041,1.14041,1.14033,1.14036
1782887040000,1.14036,1.14041,1.14035,1.14041
1782887100000,1.14039,1.14043,1.14034,1.14034
1782887160000,1.14034,1.14034,1.14024,1.14033
1782887220000,1.14031,1.14033,1.14024,1.14025
1782887280000,1.14026,1.14035,1.14026,1.14028
1782887340000,1.14027,1.14029,1.14023,1.14023
1782887400000,1.14025,1.14033,1.14025,1.14032
1782887460000,1.14031,1.14046,1.14031,1.1404
1782887520000,1.14041,1.14041,1.14032,1.14039
1782887580000,1.14041,1.14045,1.14036,1.14037
1782887640000,1.14038,1.14042,1.14035,1.14038
1782887700000,1.14036,1.14036,1.14027,1.14029
1782887760000,1.14031,1.14032,1.1403,1.14031
1782887820000,1.14029,1.14038,1.14029,1.14036
1782887880000,1.14035,1.14048,1.14034,1.14041
1782887940000,1.14042,1.14045,1.1403,1.14031
1782888000000,1.1403,1.14034,1.14023,1.14025
1782888060000,1.14026,1.14026,1.14016,1.14016
1782888120000,1.1402,1.1402,1.14006,1.14007
1782888180000,1.14007,1.1401,1.14002,1.14006
1782888240000,1.14005,1.14022,1.14003,1.14019
1782888300000,1.14016,1.14021,1.14015,1.1402
1782888360000,1.14022,1.1404,1.14021,1.14038
1782888420000,1.14038,1.14041,1.14026,1.14027
1782888480000,1.14025,1.14035,1.14024,1.14027
1782888540000,1.14026,1.14027,1.14017,1.14024
1782888600000,1.14025,1.14027,1.14021,1.14026
1782888660000,1.14027,1.14028,1.14022,1.14023
1782888720000,1.14024,1.14025,1.14019,1.14023
1782888780000,1.14022,1.14028,1.14019,1.14022
1782888840000,1.14023,1.14038,1.14021,1.14038
1782888900000,1.14037,1.14038,1.14029,1.14035
1782888960000,1.14033,1.14033,1.14024,1.14026
1782889020000,1.14024,1.14033,1.1402,1.14032
1782889080000,1.14035,1.14036,1.1403,1.14033
1782889140000,1.14031,1.14032,1.14027,1.1403
1782889200000,1.14028,1.1404,1.14,1.14002
1782889260000,1.14002,1.14009,1.13997,1.13998
1782889320000,1.13997,1.14006,1.13981,1.13999
1782889380000,1.13998,1.14016,1.13996,1.14
1782889440000,1.14001,1.14026,1.13997,1.14023
1782889500000,1.14022,1.14026,1.14009,1.14015
1782889560000,1.14017,1.14017,1.13991,1.13993
1782889620000,1.13993,1.14004,1.13985,1.14003
1782889680000,1.14002,1.14005,1.1399,1.1399
1782889740000,1.13988,1.14003,1.13981,1.13981
1782889800000,1.13981,1.13981,1.13964,1.13973
1782889860000,1.13972,1.13984,1.13965,1.13965
1782889920000,1.13966,1.13975,1.13966,1.1397
1782889980000,1.13969,1.13976,1.13964,1.13966
1782890040000,1.13967,1.13972,1.1396,1.13965
1782890100000,1.13965,1.13972,1.13962,1.13963
1782890160000,1.13963,1.13968,1.13957,1.13957
1782890220000,1.13957,1.13961,1.13947,1.13949
1782890280000,1.13948,1.13955,1.13944,1.13955
1782890340000,1.13955,1.13955,1.13949,1.1395
1782890400000,1.13949,1.13951,1.13945,1.13945
1782890460000,1.13947,1.13955,1.13945,1.1395
1782890520000,1.13948,1.13959,1.13948,1.1395
1782890580000,1.13951,1.13951,1.13942,1.13945
1782890640000,1.13946,1.13954,1.13946,1.13948
1782890700000,1.13947,1.13949,1.13943,1.13947
1782890760000,1.13948,1.13956,1.13941,1.13954
1782890820000,1.13956,1.13956,1.13949,1.1395
1782890880000,1.1395,1.1395,1.13934,1.13936
1782890940000,1.13937,1.1394,1.13931,1.13932
1782891000000,1.13931,1.13937,1.1393,1.13937
1782891060000,1.13935,1.13943,1.13935,1.1394
1782891120000,1.13942,1.13949,1.13942,1.13946
1782891180000,1.13944,1.13976,1.13944,1.13976
1782891240000,1.13975,1.13977,1.13963,1.13968
1782891300000,1.1397,1.13976,1.13965,1.13971
1782891360000,1.13972,1.13982,1.13971,1.13981
1782891420000,1.13981,1.13985,1.13972,1.13974
1782891480000,1.13976,1.13982,1.13973,1.13976
1782891540000,1.13978,1.13985,1.13977,1.13981
1782891600000,1.13981,1.13985,1.13975,1.13985
1782891660000,1.13984,1.13992,1.13984,1.13986
1782891720000,1.13986,1.13986,1.13975,1.13975
1782891780000,1.13977,1.13986,1.13977,1.13985
1782891840000,1.13983,1.13996,1.13983,1.13983
1782891900000,1.13982,1.13997,1.1398,1.13996
1782891960000,1.13994,1.13995,1.13985,1.13991
1782892020000,1.13991,1.13994,1.13987,1.13987
1782892080000,1.13986,1.13997,1.13986,1.13987
1782892140000,1.13989,1.13992,1.1397,1.13976
1782892200000,1.13977,1.13996,1.13977,1.13995
1782892260000,1.13994,1.13997,1.13983,1.13984
1782892320000,1.13983,1.13987,1.13983,1.13985
1782892380000,1.13986,1.13987,1.13978,1.13984
1782892440000,1.13984,1.13995,1.13979,1.1399
1782892500000,1.13991,1.14007,1.1399,1.14007
1782892560000,1.14007,1.14018,1.14007,1.14015
1782892620000,1.14017,1.14036,1.14015,1.14031
1782892680000,1.1403,1.14033,1.14017,1.14017
1782892740000,1.14015,1.14025,1.14012,1.1402
1782892800000,1.14019,1.1402,1.14007,1.14019
1782892860000,1.14018,1.14023,1.14005,1.14005
1782892920000,1.14005,1.14018,1.14005,1.1401
1782892980000,1.14011,1.14012,1.14002,1.14005
1782893040000,1.14005,1.14017,1.13997,1.13997
1782893100000,1.13997,1.14008,1.13992,1.14007
1782893160000,1.14009,1.14013,1.14008,1.14012
1782893220000,1.14012,1.14013,1.14001,1.14003
1782893280000,1.14004,1.14018,1.14004,1.14017
1782893340000,1.14018,1.1402,1.14011,1.14013
1782893400000,1.14014,1.14017,1.13999,1.14001
1782893460000,1.14003,1.14006,1.14002,1.14002
1782893520000,1.14002,1.14007,1.13998,1.14001
1782893580000,1.14003,1.14011,1.14002,1.14007
1782893640000,1.14007,1.14008,1.13999,1.14002
1782893700000,1.14001,1.14028,1.14,1.14028
1782893760000,1.14027,1.14038,1.14026,1.14031
1782893820000,1.14033,1.14037,1.14031,1.14033
1782893880000,1.1403,1.1403,1.1401,1.1401
1782893940000,1.14011,1.14021,1.14008,1.14021
1782894000000,1.14022,1.14022,1.14008,1.1401
1782894060000,1.1401,1.14016,1.1401,1.14013
1782894120000,1.14011,1.14011,1.13984,1.1399
1782894180000,1.13989,1.13989,1.13979,1.13987
1782894240000,1.13986,1.13997,1.13982,1.13987
1782894300000,1.13988,1.13998,1.13987,1.13994
1782894360000,1.13998,1.14,1.13987,1.13988
1782894420000,1.13987,1.13987,1.13974,1.13975
1782894480000,1.13974,1.13975,1.13954,1.13955
1782894540000,1.13957,1.13967,1.13955,1.13962
1782894600000,1.13962,1.13965,1.13943,1.13948
1782894660000,1.13946,1.13947,1.1394,1.13947
1782894720000,1.1395,1.13964,1.13948,1.1396
1782894780000,1.13958,1.13961,1.1395,1.13953
1782894840000,1.13954,1.13969,1.13954,1.13968
1782894900000,1.13969,1.13969,1.1395,1.13959
1782894960000,1.13961,1.13974,1.1396,1.13969
1782895020000,1.13969,1.13983,1.13969,1.13973
1782895080000,1.13973,1.13975,1.13963,1.13975
1782895140000,1.13977,1.13979,1.13972,1.13973
1782895200000,1.13974,1.13994,1.13973,1.13989
1782895260000,1.1399,1.13996,1.13983,1.13983
1782895320000,1.13985,1.13996,1.13983,1.13996
1782895380000,1.13994,1.13999,1.13991,1.13998
1782895440000,1.13999,1.14003,1.13992,1.13996
1782895500000,1.13998,1.13998,1.13989,1.13997
1782895560000,1.13996,1.13997,1.1397,1.13984
1782895620000,1.13985,1.13992,1.1398,1.1399
1782895680000,1.13989,1.13989,1.13978,1.13984
1782895740000,1.13982,1.13982,1.13977,1.13981
1782895800000,1.13982,1.13989,1.13974,1.13984
1782895860000,1.13986,1.13998,1.13986,1.13996
1782895920000,1.13996,1.14003,1.13988,1.1399
1782895980000,1.13992,1.13998,1.13989,1.13996
1782896040000,1.13998,1.14003,1.13995,1.14001
1782896100000,1.14002,1.14016,1.14001,1.14005
1782896160000,1.14005,1.14006,1.13996,1.14002
1782896220000,1.14002,1.14003,1.13969,1.1397
1782896280000,1.1397,1.1397,1.13948,1.13948
1782896340000,1.1395,1.13966,1.13949,1.13961
1782896400000,1.13963,1.13963,1.13941,1.13945
1782896460000,1.13946,1.13971,1.13946,1.13969
1782896520000,1.13968,1.13972,1.13963,1.13968
1782896580000,1.1397,1.13995,1.1397,1.13992
1782896640000,1.1399,1.13991,1.13984,1.13991
1782896700000,1.13991,1.13992,1.13971,1.13972
1782896760000,1.13971,1.13972,1.13952,1.13971
1782896820000,1.13969,1.13971,1.13953,1.13953
1782896880000,1.1395,1.13958,1.13944,1.13956
1782896940000,1.13957,1.1396,1.13938,1.13945
1782897000000,1.13945,1.13975,1.13945,1.1397
1782897060000,1.13973,1.13976,1.1396,1.13971
1782897120000,1.1397,1.13971,1.13963,1.13965
1782897180000,1.13965,1.13985,1.13963,1.13984
1782897240000,1.13984,1.13986,1.13976,1.13976
1782897300000,1.13977,1.13978,1.13958,1.1396
1782897360000,1.13961,1.13962,1.1395,1.1395
1782897420000,1.13951,1.13955,1.13939,1.1394
1782897480000,1.13936,1.1394,1.1393,1.13932
1782897540000,1.13932,1.13937,1.13929,1.13929
1782897600000,1.13931,1.13939,1.13929,1.13937
1782897660000,1.13934,1.13946,1.13929,1.13944
1782897720000,1.13945,1.1395,1.13935,1.13935
1782897780000,1.13933,1.1394,1.13928,1.1394
1782897840000,1.13938,1.13942,1.13935,1.13941
1782897900000,1.13941,1.13944,1.13931,1.13931
1782897960000,1.1393,1.13938,1.1393,1.13931
1782898020000,1.1393,1.13936,1.13924,1.13929
1782898080000,1.13932,1.13934,1.1392,1.13924
1782898140000,1.13925,1.13929,1.1392,1.13924
1782898200000,1.13923,1.13923,1.13902,1.13907
1782898260000,1.13907,1.13915,1.1389,1.13899
1782898320000,1.13901,1.13914,1.13895,1.13896
1782898380000,1.13895,1.13904,1.13893,1.13903
1782898440000,1.13904,1.13911,1.13901,1.13901
1782898500000,1.139,1.13906,1.139,1.13904
1782898560000,1.13904,1.13914,1.13901,1.13905
1782898620000,1.13906,1.13915,1.13905,1.13912
1782898680000,1.13912,1.13914,1.13904,1.13906
1782898740000,1.13906,1.13906,1.1388,1.13881
1782898800000,1.13881,1.13885,1.13868,1.1387
1782898860000,1.1387,1.13881,1.1387,1.13874
1782898920000,1.13876,1.13877,1.13872,1.13877
1782898980000,1.13877,1.139,1.13877,1.13897
1782899040000,1.13897,1.13899,1.13887,1.13891
1782899100000,1.1389,1.13891,1.13884,1.13884
1782899160000,1.13885,1.13892,1.13883,1.13887
1782899220000,1.13886,1.13889,1.13879,1.13889
1782899280000,1.13889,1.13894,1.13883,1.13883
1782899340000,1.13882,1.13887,1.1388,1.13887
1782899400000,1.13886,1.13887,1.13863,1.13863
1782899460000,1.13864,1.13865,1.13852,1.13861
1782899520000,1.13862,1.13872,1.13851,1.13872
1782899580000,1.13873,1.13885,1.13872,1.13879
1782899640000,1.13878,1.13888,1.13878,1.13885
1782899700000,1.13886,1.13886,1.13875,1.13884
1782899760000,1.13886,1.13887,1.13884,1.13886
1782899820000,1.13887,1.13891,1.13883,1.13891
1782899880000,1.13891,1.13891,1.1388,1.13882
1782899940000,1.13882,1.13882,1.13876,1.13877
1782900000000,1.13878,1.13879,1.13865,1.13865
1782900060000,1.13863,1.13882,1.13861,1.13881
1782900120000,1.13882,1.13886,1.13875,1.13877
1782900180000,1.13878,1.13881,1.13878,1.13881
1782900240000,1.13881,1.13886,1.13875,1.13878
1782900300000,1.13878,1.13886,1.13878,1.13886
1782900360000,1.13887,1.13893,1.13887,1.13893
1782900420000,1.13894,1.13894,1.13887,1.1389
1782900480000,1.13891,1.13894,1.13888,1.13888
1782900540000,1.13888,1.1389,1.13885,1.13885
1782900600000,1.13885,1.13888,1.13884,1.13885
1782900660000,1.13885,1.13892,1.13878,1.13888
1782900720000,1.13889,1.13893,1.13889,1.13889
1782900780000,1.13891,1.13891,1.13888,1.13891
1782900840000,1.13889,1.13893,1.13884,1.13892
1782900900000,1.13894,1.13898,1.13892,1.13895
1782900960000,1.13896,1.1393,1.13896,1.1393
1782901020000,1.13928,1.1394,1.13922,1.13937
1782901080000,1.13937,1.13938,1.13925,1.13928
1782901140000,1.13931,1.13941,1.13928,1.13938
1782901200000,1.13937,1.13941,1.13932,1.13933
1782901260000,1.13934,1.13935,1.13925,1.13925
1782901320000,1.13925,1.13928,1.13919,1.13926
1782901380000,1.13927,1.1393,1.13924,1.13925
1782901440000,1.13925,1.13927,1.13917,1.13918
1782901500000,1.13921,1.13921,1.13918,1.13921
1782901560000,1.13921,1.13926,1.13919,1.13922
1782901620000,1.13922,1.13928,1.13918,1.13928
1782901680000,1.13929,1.13938,1.13929,1.13938
1782901740000,1.13937,1.13945,1.13935,1.13945
1782901800000,1.13944,1.13956,1.13943,1.13954
1782901860000,1.13953,1.13961,1.13953,1.1396
1782901920000,1.13961,1.13961,1.13945,1.13948
1782901980000,1.13944,1.13957,1.1394,1.13957
1782902040000,1.13959,1.13964,1.13957,1.13964
1782902100000,1.13962,1.13966,1.13959,1.13959
1782902160000,1.1396,1.13969,1.1396,1.13967
1782902220000,1.13969,1.13971,1.13963,1.13965
1782902280000,1.13964,1.13976,1.13964,1.13976
1782902340000,1.13975,1.13976,1.13969,1.13971
1782902400000,1.1397,1.13971,1.13969,1.13969
1782902460000,1.13969,1.13971,1.13965,1.13968
1782902520000,1.13968,1.13968,1.13964,1.13967
1782902580000,1.13968,1.13971,1.13956,1.13959
1782902640000,1.1396,1.13964,1.13956,1.1396
1782902700000,1.13958,1.13964,1.13958,1.1396
1782902760000,1.13962,1.13977,1.13961,1.13971
1782902820000,1.1397,1.13975,1.13969,1.13975
1782902880000,1.13975,1.13977,1.13972,1.13975
1782902940000,1.13975,1.13979,1.13971,1.13977
1782903000000,1.13976,1.1399,1.13975,1.1399
1782903060000,1.13988,1.13997,1.13988,1.13997
1782903120000,1.13995,1.13995,1.13991,1.13992
1782903180000,1.13992,1.13994,1.13983,1.13984
1782903240000,1.13985,1.13993,1.13983,1.13993
1782903300000,1.13993,1.13997,1.13989,1.13997
1782903360000,1.13997,1.14003,1.13991,1.13991
1782903420000,1.1399,1.13993,1.13984,1.13993
1782903480000,1.13992,1.13996,1.13989,1.1399
1782903540000,1.13992,1.13992,1.13974,1.1398
1782903600000,1.13979,1.13989,1.13969,1.13974
1782903660000,1.13975,1.13981,1.13959,1.13959
1782903720000,1.1396,1.13973,1.13955,1.13973
1782903780000,1.13973,1.13976,1.13963,1.13965
1782903840000,1.13963,1.13963,1.13939,1.13951
1782903900000,1.13951,1.13955,1.13948,1.13954
1782903960000,1.13953,1.13955,1.13945,1.13949
1782904020000,1.13947,1.1395,1.13935,1.13948
1782904080000,1.13948,1.13948,1.13943,1.13944
1782904140000,1.13943,1.1395,1.13943,1.13946
1782904200000,1.13946,1.13951,1.13944,1.1395
1782904260000,1.13947,1.13954,1.13941,1.13943
1782904320000,1.13941,1.13941,1.13918,1.13925
1782904380000,1.13924,1.13934,1.13917,1.13934
1782904440000,1.13936,1.13936,1.1393,1.13936
1782904500000,1.13934,1.13945,1.13923,1.13942
1782904560000,1.13944,1.13946,1.13935,1.13935
1782904620000,1.13936,1.1394,1.13932,1.13935
1782904680000,1.13935,1.13947,1.13933,1.13939
1782904740000,1.13939,1.13946,1.13939,1.13944
1782904800000,1.13945,1.13946,1.13939,1.1394
1782904860000,1.13939,1.13939,1.13929,1.13933
1782904920000,1.13934,1.13943,1.13934,1.13941
1782904980000,1.13942,1.13946,1.13941,1.13943
1782905040000,1.13945,1.13946,1.13937,1.13943
1782905100000,1.13944,1.1395,1.1394,1.13947
1782905160000,1.13949,1.13951,1.13947,1.13948
1782905220000,1.13947,1.13947,1.13938,1.13946
1782905280000,1.13944,1.13946,1.13938,1.13945
1782905340000,1.13946,1.13951,1.13945,1.1395
1782905400000,1.13951,1.13951,1.13948,1.13948
1782905460000,1.13947,1.13947,1.13931,1.13942
1782905520000,1.13945,1.1395,1.13942,1.13949
1782905580000,1.13948,1.13948,1.1394,1.13942
1782905640000,1.13942,1.13945,1.13938,1.13944
1782905700000,1.13944,1.13957,1.13938,1.13955
1782905760000,1.13954,1.13957,1.13949,1.1395
1782905820000,1.1395,1.13954,1.13944,1.13946
1782905880000,1.13945,1.13946,1.1394,1.13944
1782905940000,1.13942,1.13945,1.1394,1.13941
1782906000000,1.13941,1.1396,1.13941,1.13952
1782906060000,1.13952,1.13957,1.13949,1.13954
1782906120000,1.13954,1.13954,1.13948,1.13951
1782906180000,1.1395,1.13951,1.13944,1.13947
1782906240000,1.13949,1.13953,1.13945,1.13951
1782906300000,1.1395,1.13951,1.13936,1.13944
1782906360000,1.13943,1.13952,1.13943,1.13948
1782906420000,1.13947,1.13951,1.13944,1.13947
1782906480000,1.13947,1.13947,1.13935,1.13935
1782906540000,1.13935,1.13937,1.13903,1.13903
1782906600000,1.13904,1.13921,1.13903,1.13917
1782906660000,1.13915,1.13931,1.13913,1.13915
1782906720000,1.13916,1.13918,1.13905,1.13912
1782906780000,1.13911,1.1392,1.13908,1.13919
1782906840000,1.13919,1.13933,1.13896,1.13896
1782906900000,1.13894,1.13905,1.13886,1.13887
1782906960000,1.13887,1.13895,1.13865,1.13865
1782907020000,1.13866,1.13867,1.13849,1.13861
1782907080000,1.13861,1.13865,1.13851,1.13861
1782907140000,1.1386,1.13863,1.1385,1.13855
1782907200000,1.13855,1.13878,1.13855,1.13874
1782907260000,1.13874,1.13874,1.13864,1.13866
1782907320000,1.13866,1.13871,1.13851,1.13868
1782907380000,1.13866,1.13866,1.13854,1.13865
1782907440000,1.13866,1.13873,1.13861,1.13867
1782907500000,1.13865,1.13867,1.13844,1.13847
1782907560000,1.13847,1.13857,1.13835,1.13836
1782907620000,1.13836,1.13854,1.13835,1.13849
1782907680000,1.13854,1.13861,1.1385,1.1385
1782907740000,1.13851,1.13851,1.13821,1.13823
1782907800000,1.13824,1.13832,1.13819,1.13831
1782907860000,1.13829,1.1383,1.13813,1.13816
1782907920000,1.13814,1.13814,1.13806,1.13809
1782907980000,1.13808,1.1383,1.13806,1.13827
1782908040000,1.13826,1.13829,1.13816,1.13823
1782908100000,1.13824,1.13867,1.13824,1.13847
1782908160000,1.13849,1.13862,1.13849,1.13857
1782908220000,1.13859,1.13866,1.13855,1.1386
1782908280000,1.13857,1.13868,1.13853,1.13867
1782908340000,1.13864,1.13871,1.1386,1.13871
1782908400000,1.13871,1.13871,1.13855,1.13856
1782908460000,1.13855,1.1386,1.13844,1.13845
1782908520000,1.13845,1.13854,1.13828,1.13834
1782908580000,1.13836,1.13851,1.13832,1.1384
1782908640000,1.13842,1.13846,1.13835,1.13836
1782908700000,1.13836,1.1384,1.13824,1.13824
1782908760000,1.13826,1.13848,1.13826,1.1384
1782908820000,1.13838,1.13847,1.13813,1.13817
1782908880000,1.13815,1.13822,1.13808,1.1381
1782908940000,1.13811,1.13815,1.13809,1.13809
1782909000000,1.1381,1.13836,1.1381,1.13822
1782909060000,1.13823,1.13829,1.13814,1.13814
1782909120000,1.13815,1.13822,1.1381,1.13812
1782909180000,1.13811,1.13811,1.13774,1.13789
1782909240000,1.1379,1.1379,1.13767,1.13768
1782909300000,1.13769,1.13772,1.13745,1.13749
1782909360000,1.1375,1.13752,1.13731,1.13731
1782909420000,1.13732,1.13748,1.13722,1.13725
1782909480000,1.13725,1.13733,1.13721,1.13728
1782909540000,1.13728,1.13728,1.13696,1.13697
1782909600000,1.13699,1.13702,1.1369,1.13698
1782909660000,1.13699,1.13732,1.13689,1.13726
1782909720000,1.13729,1.13747,1.13718,1.13718
1782909780000,1.13716,1.13741,1.13712,1.13731
1782909840000,1.13731,1.13733,1.13717,1.13732
1782909900000,1.13733,1.13736,1.13719,1.1373
1782909960000,1.13729,1.1373,1.13712,1.13716
1782910020000,1.13715,1.13716,1.13704,1.13705
1782910080000,1.13705,1.13731,1.13705,1.13731
1782910140000,1.13732,1.13745,1.13725,1.13738
1782910200000,1.13738,1.13751,1.13731,1.13735
1782910260000,1.13733,1.13747,1.13728,1.13743
1782910320000,1.13743,1.13747,1.13738,1.13741
1782910380000,1.13741,1.13741,1.13717,1.1372
1782910440000,1.1372,1.13735,1.1372,1.1373
1782910500000,1.1373,1.13732,1.13713,1.13724
1782910560000,1.13725,1.13733,1.13715,1.13725
1782910620000,1.13722,1.13726,1.13712,1.13717
1782910680000,1.13715,1.13718,1.13706,1.13713
1782910740000,1.13713,1.13716,1.13705,1.1371
1782910800000,1.13711,1.13746,1.13704,1.13739
1782910860000,1.1374,1.13746,1.13735,1.1374
1782910920000,1.1374,1.13742,1.13726,1.13727
1782910980000,1.13726,1.13742,1.13725,1.13741
1782911040000,1.13741,1.1375,1.13735,1.13741
1782911100000,1.13742,1.13742,1.13729,1.13737
1782911160000,1.13737,1.13747,1.13729,1.13741
1782911220000,1.13741,1.13741,1.13724,1.1373
1782911280000,1.1373,1.13732,1.13707,1.13709
1782911340000,1.13709,1.13743,1.13709,1.13742
1782911400000,1.13742,1.13742,1.13637,1.13648
1782911460000,1.13647,1.13676,1.13635,1.13673
1782911520000,1.13673,1.13678,1.13641,1.13655
1782911580000,1.13656,1.13659,1.13639,1.13649
1782911640000,1.13651,1.13651,1.13617,1.13618
1782911700000,1.13618,1.13646,1.13618,1.13634
1782911760000,1.13634,1.13653,1.13632,1.13647
1782911820000,1.13646,1.1372,1.1364,1.13705
1782911880000,1.13703,1.13709,1.13686,1.13706
1782911940000,1.13704,1.13704,1.13678,1.13695
1782912000000,1.13696,1.13746,1.13696,1.13745
1782912060000,1.13745,1.13745,1.13705,1.13735
1782912120000,1.13737,1.1379,1.13735,1.13775
1782912180000,1.13773,1.13782,1.13756,1.13765
1782912240000,1.13766,1.13809,1.13766,1.13799
1782912300000,1.13799,1.13804,1.13783,1.13784
1782912360000,1.13786,1.13814,1.13776,1.13814
1782912420000,1.13812,1.13853,1.13812,1.1385
1782912480000,1.1385,1.13872,1.13845,1.13857
1782912540000,1.13856,1.13873,1.13779,1.13856
1782912600000,1.13854,1.13897,1.13833,1.13862
1782912660000,1.13861,1.13946,1.13859,1.13902
1782912720000,1.139,1.13915,1.13886,1.13909
1782912780000,1.13908,1.13916,1.13884,1.13897
1782912840000,1.13898,1.13898,1.13881,1.13895
1782912900000,1.13896,1.13912,1.13879,1.13882
1782912960000,1.13882,1.1391,1.13881,1.13906
1782913020000,1.13906,1.13912,1.1385,1.13868
1782913080000,1.13869,1.13924,1.13859,1.1392
1782913140000,1.1392,1.1392,1.13876,1.13877
1782913200000,1.13875,1.13916,1.13871,1.13911
1782913260000,1.1391,1.13972,1.13899,1.13967
1782913320000,1.13964,1.13991,1.13952,1.13979
1782913380000,1.1398,1.14024,1.13979,1.14024
1782913440000,1.14024,1.14048,1.1401,1.14043
1782913500000,1.14043,1.14118,1.14038,1.14103
1782913560000,1.14101,1.14101,1.14071,1.14081
1782913620000,1.14083,1.14091,1.14036,1.14037
1782913680000,1.14038,1.14071,1.14025,1.1406
1782913740000,1.14061,1.14063,1.14039,1.14041
1782913800000,1.14041,1.14052,1.14016,1.14041
1782913860000,1.14038,1.14039,1.14005,1.14015
1782913920000,1.14018,1.14028,1.14005,1.14006
1782913980000,1.14006,1.14014,1.13985,1.1399
1782914040000,1.13989,1.13992,1.13978,1.13981
1782914100000,1.1398,1.13982,1.13963,1.13966
1782914160000,1.13968,1.13991,1.13968,1.13971
1782914220000,1.1397,1.13979,1.13962,1.13965
1782914280000,1.13964,1.13964,1.13923,1.13937
1782914340000,1.13936,1.13956,1.13927,1.13952
1782914400000,1.13949,1.14024,1.13949,1.13987
1782914460000,1.13986,1.13992,1.13954,1.13954
1782914520000,1.13955,1.1396,1.13929,1.13946
1782914580000,1.13949,1.13954,1.13917,1.13919
1782914640000,1.13921,1.13951,1.13919,1.13933
1782914700000,1.13932,1.13958,1.13924,1.13955
1782914760000,1.13957,1.14008,1.13955,1.13995
1782914820000,1.13997,1.14007,1.13982,1.13987
1782914880000,1.13988,1.14002,1.13985,1.14002
1782914940000,1.14004,1.14027,1.14001,1.14025
1782915000000,1.14027,1.14054,1.14022,1.14036
1782915060000,1.14037,1.14037,1.14,1.14002
1782915120000,1.14004,1.14027,1.14001,1.14007
1782915180000,1.14005,1.14012,1.14001,1.14002
1782915240000,1.14001,1.14009,1.1399,1.14001
1782915300000,1.14,1.14,1.13972,1.13991
1782915360000,1.13988,1.14002,1.13974,1.1399
1782915420000,1.13991,1.13993,1.1397,1.13975
1782915480000,1.13975,1.13992,1.13962,1.13966
1782915540000,1.13969,1.13973,1.13937,1.13941
1782915600000,1.13942,1.13979,1.13936,1.13965
1782915660000,1.13965,1.13973,1.13956,1.13966
1782915720000,1.13966,1.13966,1.13945,1.13951
1782915780000,1.13948,1.13953,1.13936,1.13936
1782915840000,1.13935,1.13956,1.13921,1.13923
1782915900000,1.13924,1.13939,1.13915,1.13922
1782915960000,1.1392,1.1393,1.13915,1.13923
1782916020000,1.13924,1.13924,1.13905,1.13911
1782916080000,1.1391,1.13911,1.139,1.13907
1782916140000,1.13905,1.13919,1.13905,1.13915
1782916200000,1.13916,1.13926,1.13905,1.13911
1782916260000,1.13908,1.13929,1.13908,1.13927
1782916320000,1.13927,1.13943,1.13925,1.13928
1782916380000,1.1393,1.13965,1.1393,1.13961
1782916440000,1.13961,1.14014,1.13959,1.14014
1782916500000,1.14013,1.14015,1.13987,1.13995
1782916560000,1.13996,1.14012,1.13983,1.13987
1782916620000,1.13987,1.14001,1.13983,1.13989
1782916680000,1.13989,1.13989,1.13946,1.13949
1782916740000,1.13952,1.1397,1.13948,1.13962
1782916800000,1.13962,1.13987,1.13962,1.1398
1782916860000,1.1398,1.13992,1.13966,1.13968
1782916920000,1.13966,1.13987,1.13966,1.13973
1782916980000,1.13972,1.13983,1.13965,1.13965
1782917040000,1.13963,1.13968,1.13934,1.13944
1782917100000,1.13946,1.13987,1.13944,1.13956
1782917160000,1.13954,1.1397,1.1395,1.13963
1782917220000,1.13965,1.13979,1.13957,1.13958
1782917280000,1.13957,1.13957,1.13918,1.13923
1782917340000,1.13923,1.13936,1.13918,1.1392
1782917400000,1.13922,1.13922,1.13886,1.13901
1782917460000,1.13901,1.13909,1.13891,1.13891
1782917520000,1.13892,1.13909,1.13888,1.13904
1782917580000,1.13904,1.13904,1.13881,1.13881
1782917640000,1.13881,1.13886,1.13861,1.13862
1782917700000,1.13862,1.13911,1.13848,1.13902
1782917760000,1.13903,1.13914,1.13892,1.13907
1782917820000,1.13906,1.13944,1.13886,1.13937
1782917880000,1.13939,1.13947,1.13934,1.13936
1782917940000,1.13938,1.13952,1.13933,1.13952
1782918000000,1.13954,1.13961,1.13947,1.13947
1782918060000,1.13946,1.13946,1.13912,1.13931
1782918120000,1.13931,1.13937,1.139,1.139
1782918180000,1.13896,1.13904,1.13884,1.13904
1782918240000,1.13903,1.13909,1.13891,1.13893
1782918300000,1.13894,1.13907,1.13883,1.13907
1782918360000,1.13908,1.13925,1.13898,1.13919
1782918420000,1.13919,1.13939,1.13875,1.13883
1782918480000,1.13882,1.13891,1.13868,1.13871
1782918540000,1.1387,1.13877,1.1386,1.13862
1782918600000,1.13864,1.13878,1.13861,1.13876
1782918660000,1.13878,1.13881,1.13864,1.13872
1782918720000,1.13873,1.13883,1.13865,1.13879
1782918780000,1.13879,1.13883,1.13857,1.13858
1782918840000,1.13859,1.13873,1.13858,1.13871
1782918900000,1.13871,1.13871,1.13858,1.13858
1782918960000,1.13856,1.13868,1.13853,1.13865
1782919020000,1.13867,1.13875,1.13863,1.13867
1782919080000,1.13866,1.13866,1.13843,1.13857
1782919140000,1.13856,1.13863,1.13845,1.13847
1782919200000,1.13847,1.13874,1.13847,1.13869
1782919260000,1.1387,1.13896,1.1387,1.13882
1782919320000,1.13881,1.13883,1.13872,1.13873
1782919380000,1.13875,1.13887,1.13863,1.13865
1782919440000,1.13867,1.13888,1.1386,1.13888
1782919500000,1.13889,1.13898,1.13882,1.1389
1782919560000,1.13892,1.13905,1.13886,1.13896
1782919620000,1.13896,1.13902,1.13891,1.139
1782919680000,1.13902,1.13909,1.13893,1.13907
1782919740000,1.13907,1.13929,1.13907,1.13922
1782919800000,1.13922,1.13927,1.13912,1.13923
1782919860000,1.13923,1.13938,1.13921,1.13933
1782919920000,1.13935,1.13941,1.13915,1.13923
1782919980000,1.13923,1.13923,1.13855,1.13857
1782920040000,1.13859,1.13861,1.13827,1.13827
1782920100000,1.13827,1.13842,1.13815,1.13837
1782920160000,1.13838,1.13854,1.13812,1.13823
1782920220000,1.13822,1.13835,1.13816,1.13835
1782920280000,1.13834,1.1384,1.13828,1.13832
1782920340000,1.13833,1.13837,1.13825,1.13835
1782920400000,1.13836,1.13839,1.13823,1.1383
1782920460000,1.1383,1.1383,1.13805,1.13807
1782920520000,1.1381,1.1382,1.1381,1.1382
1782920580000,1.13819,1.1382,1.13807,1.13807
1782920640000,1.13805,1.13808,1.13789,1.13802
1782920700000,1.13803,1.13819,1.13801,1.13809
1782920760000,1.13812,1.13831,1.13801,1.13801
1782920820000,1.13802,1.13807,1.13795,1.13802
1782920880000,1.13802,1.13812,1.13799,1.13801
1782920940000,1.13801,1.13825,1.13795,1.13821
1782921000000,1.13821,1.1384,1.13819,1.13825
1782921060000,1.13824,1.13843,1.13824,1.1384
1782921120000,1.1384,1.13857,1.13837,1.13853
1782921180000,1.13853,1.13869,1.13851,1.13859
1782921240000,1.1386,1.13864,1.1385,1.13852
1782921300000,1.13854,1.13864,1.13846,1.1386
1782921360000,1.13859,1.13873,1.13858,1.13872
1782921420000,1.13872,1.13872,1.13848,1.13859
1782921480000,1.13857,1.1386,1.13842,1.13843
1782921540000,1.13843,1.1385,1.13831,1.13835
1782921600000,1.13836,1.13872,1.13836,1.13861
1782921660000,1.13862,1.1389,1.13861,1.13877
1782921720000,1.13878,1.13912,1.13876,1.13893
1782921780000,1.13892,1.13918,1.13886,1.13913
1782921840000,1.13913,1.13924,1.139,1.1392
1782921900000,1.1392,1.13934,1.13908,1.13916
1782921960000,1.13917,1.1394,1.13915,1.1394
1782922020000,1.13939,1.1394,1.1391,1.13912
1782922080000,1.13911,1.13913,1.13902,1.13902
1782922140000,1.13904,1.1391,1.13897,1.13901
1782922200000,1.13902,1.13906,1.13889,1.1389
1782922260000,1.1389,1.13911,1.1389,1.13908
1782922320000,1.13911,1.13913,1.13904,1.13904
1782922380000,1.13904,1.13904,1.13883,1.13885
1782922440000,1.13886,1.13886,1.13867,1.13876
1782922500000,1.13875,1.13877,1.13856,1.13862
1782922560000,1.13862,1.13867,1.13855,1.13866
1782922620000,1.13864,1.13873,1.13851,1.13851
1782922680000,1.1385,1.1385,1.13834,1.13836
1782922740000,1.13835,1.13841,1.13832,1.1384
1782922800000,1.13841,1.13864,1.1384,1.13861
1782922860000,1.13862,1.1387,1.13851,1.13862
1782922920000,1.13863,1.13865,1.13854,1.1386
1782922980000,1.13861,1.13871,1.13846,1.13849
1782923040000,1.13852,1.1386,1.1384,1.13858
1782923100000,1.13859,1.13883,1.13856,1.13883
1782923160000,1.13882,1.13883,1.13865,1.13876
1782923220000,1.13875,1.13884,1.13874,1.13884
1782923280000,1.13885,1.13892,1.13872,1.13875
1782923340000,1.13875,1.13875,1.1385,1.13854
1782923400000,1.13855,1.13857,1.13844,1.13845
1782923460000,1.13845,1.13847,1.13832,1.13839
1782923520000,1.1384,1.1384,1.13825,1.13834
1782923580000,1.13833,1.13834,1.13829,1.13834
1782923640000,1.13834,1.13834,1.13828,1.13832
1782923700000,1.1383,1.1383,1.13815,1.13816
1782923760000,1.13817,1.1383,1.13817,1.1382
1782923820000,1.13824,1.1383,1.13813,1.13816
1782923880000,1.13819,1.13828,1.13818,1.13821
1782923940000,1.1382,1.1382,1.13807,1.13809
1782924000000,1.13811,1.13825,1.13808,1.1382
1782924060000,1.1382,1.13823,1.1381,1.13815
1782924120000,1.13816,1.13824,1.13816,1.1382
1782924180000,1.13821,1.13822,1.13806,1.13806
1782924240000,1.13807,1.13813,1.13807,1.13813
1782924300000,1.13812,1.13822,1.1381,1.13816
1782924360000,1.13815,1.13826,1.13815,1.13824
1782924420000,1.13826,1.13832,1.13821,1.13825
1782924480000,1.13825,1.13827,1.13815,1.13817
1782924540000,1.13818,1.13822,1.13815,1.13821
1782924600000,1.13821,1.13821,1.13805,1.13811
1782924660000,1.13811,1.13821,1.13811,1.13818
1782924720000,1.13818,1.13818,1.13804,1.13805
1782924780000,1.13807,1.13811,1.13803,1.13803
1782924840000,1.13802,1.13812,1.13801,1.1381
1782924900000,1.13809,1.13817,1.13807,1.13813
1782924960000,1.13814,1.13814,1.13797,1.13799
1782925020000,1.138,1.13831,1.138,1.13827
1782925080000,1.13826,1.1384,1.13821,1.13826
1782925140000,1.13825,1.13828,1.13817,1.13823
1782925200000,1.13822,1.1384,1.1382,1.13838
1782925260000,1.13838,1.13843,1.13832,1.13837
1782925320000,1.13839,1.1385,1.13837,1.13843
1782925380000,1.13843,1.13844,1.13821,1.13824
1782925440000,1.13823,1.13832,1.13821,1.13828
1782925500000,1.13829,1.1384,1.13823,1.13839
1782925560000,1.13838,1.13838,1.13831,1.13836
1782925620000,1.13836,1.13841,1.13832,1.13841
1782925680000,1.1384,1.13842,1.13833,1.13838
1782925740000,1.13836,1.13839,1.1383,1.13833
1782925800000,1.13831,1.13833,1.1381,1.13823
1782925860000,1.13827,1.13832,1.13821,1.13831
1782925920000,1.13832,1.13836,1.13825,1.13832
1782925980000,1.13832,1.13832,1.13808,1.1381
1782926040000,1.13809,1.13811,1.13799,1.13799
1782926100000,1.13799,1.13815,1.13789,1.13812
1782926160000,1.13812,1.13833,1.1381,1.13833
1782926220000,1.13833,1.13833,1.13824,1.13831
1782926280000,1.13832,1.13832,1.13822,1.13822
1782926340000,1.13821,1.13833,1.13816,1.13833
1782926400000,1.13831,1.13837,1.13831,1.13836
1782926460000,1.13838,1.1384,1.13825,1.13826
1782926520000,1.13829,1.13833,1.13824,1.13828
1782926580000,1.13827,1.13832,1.13827,1.13831
1782926640000,1.13831,1.13846,1.13831,1.13838
1782926700000,1.13837,1.13847,1.13835,1.13845
1782926760000,1.13846,1.13857,1.13846,1.13847
1782926820000,1.13847,1.13853,1.13846,1.13852
1782926880000,1.13852,1.13857,1.13849,1.13853
1782926940000,1.13852,1.13855,1.13846,1.13847
1782927000000,1.13848,1.13858,1.13848,1.13857
1782927060000,1.13857,1.13858,1.13848,1.13853
1782927120000,1.13852,1.13854,1.13843,1.13852
1782927180000,1.13853,1.13857,1.13851,1.13853
1782927240000,1.13851,1.13853,1.13843,1.13847
1782927300000,1.13844,1.13848,1.13844,1.13846
1782927360000,1.13845,1.13851,1.13845,1.13848
1782927420000,1.13849,1.13852,1.13833,1.13841
1782927480000,1.13841,1.13843,1.13832,1.13832
1782927540000,1.13833,1.13833,1.13819,1.13822
1782927600000,1.13823,1.13824,1.13819,1.13822
1782927660000,1.13822,1.13827,1.13814,1.13815
1782927720000,1.13816,1.13818,1.13809,1.13809
1782927780000,1.13809,1.13813,1.13807,1.13807
1782927840000,1.13808,1.13808,1.138,1.13801
1782927900000,1.138,1.13811,1.13795,1.13807
1782927960000,1.13809,1.13819,1.13807,1.13817
1782928020000,1.13817,1.13824,1.13816,1.13818
1782928080000,1.13819,1.13826,1.13817,1.13826
1782928140000,1.13826,1.13826,1.13816,1.1382
1782928200000,1.13821,1.13823,1.13818,1.13819
1782928260000,1.13818,1.13825,1.13818,1.13818
1782928320000,1.13818,1.13818,1.1381,1.13812
1782928380000,1.13811,1.13812,1.13806,1.13811
1782928440000,1.13812,1.13813,1.138,1.13802
1782928500000,1.13803,1.13809,1.13802,1.13804
1782928560000,1.13805,1.13812,1.13799,1.13812
1782928620000,1.13809,1.13809,1.13796,1.13801
1782928680000,1.13803,1.13805,1.13801,1.13804
1782928740000,1.13803,1.13812,1.13803,1.13809
1782928800000,1.1381,1.13813,1.13807,1.1381
1782928860000,1.13808,1.13823,1.13808,1.13818
1782928920000,1.13818,1.13821,1.13808,1.13817
1782928980000,1.13816,1.13829,1.13813,1.13813
1782929040000,1.13812,1.13814,1.13805,1.1381
1782929100000,1.13811,1.13811,1.13801,1.13805
1782929160000,1.13803,1.13805,1.138,1.13804
1782929220000,1.13804,1.13805,1.13799,1.13799
1782929280000,1.13798,1.138,1.13791,1.13791
1782929340000,1.1379,1.13796,1.13787,1.13788
1782929400000,1.13788,1.13791,1.13786,1.13788
1782929460000,1.13788,1.13788,1.13777,1.13786
1782929520000,1.13786,1.13786,1.13777,1.13778
1782929580000,1.1378,1.13789,1.1378,1.13788
1782929640000,1.13787,1.13788,1.13787,1.13787
1782929700000,1.13785,1.13785,1.13777,1.13778
1782929760000,1.13778,1.13778,1.13774,1.13774
1782929820000,1.13773,1.13776,1.13766,1.13768
1782929880000,1.13769,1.13769,1.13761,1.13762
1782929940000,1.1376,1.13762,1.13755,1.13762
1782930000000,1.13762,1.13771,1.13761,1.13768
1782930060000,1.13769,1.13772,1.13765,1.13767
1782930120000,1.13767,1.13777,1.13766,1.13766
1782930180000,1.13766,1.13766,1.13754,1.13754
1782930240000,1.13753,1.13765,1.13752,1.13764
1782930300000,1.13765,1.13768,1.13758,1.1376
1782930360000,1.13759,1.13763,1.13753,1.13757
1782930420000,1.13756,1.13767,1.13756,1.13767
1782930480000,1.13765,1.13767,1.1376,1.13767
1782930540000,1.13767,1.13773,1.13764,1.13772
1782930600000,1.13772,1.13774,1.13761,1.13762
1782930660000,1.13764,1.13772,1.13762,1.13767
1782930720000,1.13769,1.1377,1.13766,1.13768
1782930780000,1.13767,1.13788,1.13767,1.13787
1782930840000,1.13787,1.13787,1.13778,1.13779
1782930900000,1.13777,1.13784,1.13777,1.13779
1782930960000,1.13781,1.13782,1.13773,1.13781
1782931020000,1.13783,1.13788,1.13782,1.13788
1782931080000,1.13787,1.13787,1.13783,1.13785
1782931140000,1.13785,1.13788,1.13783,1.13787
1782931200000,1.13788,1.13788,1.13783,1.13787
1782931260000,1.13788,1.13796,1.13782,1.13782
1782931320000,1.13784,1.13787,1.13779,1.13782
1782931380000,1.13781,1.13784,1.13778,1.13784
1782931440000,1.13786,1.13795,1.13778,1.13795
1782931500000,1.13793,1.13793,1.13787,1.13789
1782931560000,1.1379,1.13793,1.13788,1.13788
1782931620000,1.13791,1.13795,1.13787,1.13791
1782931680000,1.13788,1.1379,1.13786,1.13788
1782931740000,1.1379,1.1379,1.13784,1.13784
1782931800000,1.13781,1.13785,1.13777,1.13778
1782931860000,1.13779,1.13784,1.13777,1.13778
1782931920000,1.13778,1.13788,1.13777,1.13788
1782931980000,1.13788,1.13789,1.13783,1.13787
1782932040000,1.13789,1.13789,1.1378,1.13784
1782932100000,1.13781,1.13788,1.13781,1.13783
1782932160000,1.13784,1.13791,1.13781,1.13789
1782932220000,1.13791,1.138,1.13788,1.13798
1782932280000,1.13799,1.13803,1.13795,1.13801
1782932340000,1.138,1.13802,1.13795,1.13797
1782932400000,1.13798,1.1381,1.13798,1.13803
1782932460000,1.13801,1.13804,1.138,1.13804
1782932520000,1.13804,1.13815,1.13804,1.1381
1782932580000,1.1381,1.13811,1.13804,1.13804
1782932640000,1.13805,1.13809,1.13803,1.13803
1782932700000,1.13804,1.13809,1.13799,1.13809
1782932760000,1.13809,1.13809,1.13803,1.13805
1782932820000,1.13803,1.13805,1.13801,1.13802
1782932880000,1.13801,1.13806,1.13801,1.13805
1782932940000,1.13807,1.13809,1.13805,1.13808
1782933000000,1.13809,1.1381,1.13807,1.13807
1782933060000,1.13807,1.13807,1.13792,1.13792
1782933120000,1.13793,1.13798,1.13792,1.13798
1782933180000,1.13799,1.13799,1.13794,1.13797
1782933240000,1.13796,1.138,1.13793,1.13793
1782933300000,1.13794,1.13799,1.13792,1.13797
1782933360000,1.13798,1.138,1.13794,1.13799
1782933420000,1.13797,1.13797,1.13784,1.13784
1782933480000,1.13786,1.13787,1.13782,1.13783
1782933540000,1.13781,1.13783,1.13778,1.13779
1782933600000,1.1378,1.13785,1.13779,1.13782
1782933660000,1.13783,1.13785,1.13783,1.13784
1782933720000,1.13785,1.13786,1.13778,1.13786
1782933780000,1.13786,1.13786,1.13774,1.13774
1782933840000,1.13777,1.1378,1.13777,1.13778
1782933900000,1.13779,1.1378,1.13777,1.13777
1782933960000,1.13776,1.13783,1.13775,1.1378
1782934020000,1.13781,1.13782,1.13777,1.13782
1782934080000,1.13783,1.13788,1.13781,1.13788
1782934140000,1.13789,1.13798,1.13789,1.13794
1782934200000,1.13795,1.13799,1.13795,1.13797
1782934260000,1.13798,1.13798,1.13784,1.13789
1782934320000,1.13789,1.13796,1.13787,1.13795
1782934380000,1.13796,1.13802,1.13796,1.138
1782934440000,1.13799,1.13799,1.13794,1.13797
1782934500000,1.13797,1.13799,1.13797,1.13797
1782934560000,1.13795,1.13801,1.13795,1.13797
1782934620000,1.13798,1.13804,1.13798,1.13803
1782934680000,1.13803,1.13805,1.13799,1.13801
1782934740000,1.13801,1.13804,1.13801,1.13802
1782934800000,1.13802,1.13802,1.13794,1.13797
1782934860000,1.13797,1.13802,1.13797,1.13798
1782934920000,1.13798,1.13799,1.13794,1.13796
1782934980000,1.13796,1.13798,1.13792,1.13798
1782935040000,1.138,1.13802,1.13797,1.13802
1782935100000,1.13802,1.13802,1.13796,1.13797
1782935160000,1.13798,1.138,1.13797,1.13797
1782935220000,1.13798,1.13809,1.13798,1.13807
1782935280000,1.13809,1.13809,1.13803,1.13804
1782935340000,1.13804,1.13807,1.13802,1.13807
1782935400000,1.13808,1.13808,1.13789,1.13789
1782935460000,1.13791,1.13799,1.1379,1.13792
1782935520000,1.13792,1.13792,1.13779,1.1378
1782935580000,1.13782,1.13787,1.13778,1.13785
1782935640000,1.13784,1.13784,1.13778,1.13778
1782935700000,1.1378,1.13783,1.13777,1.13781
1782935760000,1.13782,1.13787,1.13779,1.13785
1782935820000,1.13785,1.13794,1.13778,1.13794
1782935880000,1.13794,1.13795,1.13788,1.1379
1782935940000,1.13792,1.13795,1.13786,1.13786
1782936000000,1.13786,1.13793,1.13785,1.13793
1782936060000,1.13793,1.13793,1.13784,1.13786
1782936120000,1.13787,1.13787,1.13781,1.13782
1782936180000,1.13783,1.13789,1.13783,1.13786
1782936240000,1.13787,1.1379,1.13785,1.13786
1782936300000,1.13786,1.13787,1.13779,1.13782
1782936360000,1.13784,1.13788,1.13784,1.13787
1782936420000,1.13785,1.13787,1.13785,1.13787
1782936480000,1.13786,1.13786,1.1378,1.13781
1782936540000,1.13782,1.13782,1.13776,1.13776
1782936600000,1.13776,1.13781,1.13776,1.13781
1782936660000,1.13781,1.13781,1.13777,1.13777
1782936720000,1.13778,1.13779,1.13776,1.13777
1782936780000,1.13779,1.13781,1.13774,1.13774
1782936840000,1.13776,1.13779,1.13776,1.13778
1782936900000,1.13778,1.13783,1.13777,1.13779
1782936960000,1.13781,1.13781,1.13773,1.13775
1782937020000,1.13774,1.13775,1.13768,1.13772
1782937080000,1.1377,1.13771,1.13765,1.13766
1782937140000,1.13766,1.13769,1.13765,1.13765
1782937200000,1.13765,1.13765,1.1376,1.13763
1782937260000,1.13764,1.13768,1.13764,1.13767
1782937320000,1.13765,1.1377,1.13762,1.1377
1782937380000,1.13771,1.13772,1.1377,1.13771
1782937440000,1.13772,1.13773,1.13771,1.13772
1782937500000,1.13771,1.13771,1.13766,1.13767
1782937560000,1.13767,1.13768,1.13763,1.13768
1782937620000,1.1377,1.1377,1.13768,1.13769
1782937680000,1.13769,1.1377,1.13766,1.13768
1782937740000,1.13767,1.13767,1.13761,1.13764
1782937800000,1.13762,1.13763,1.13762,1.13762
1782937860000,1.13763,1.13768,1.13762,1.13768
1782937920000,1.13769,1.13773,1.13762,1.13763
1782937980000,1.13762,1.13763,1.13762,1.13762
1782938040000,1.13762,1.13762,1.13757,1.13758
1782938100000,1.13763,1.13763,1.13762,1.13763
1782938160000,1.13762,1.13762,1.13757,1.13758
1782938220000,1.13762,1.13762,1.1376,1.13762
1782938280000,1.13762,1.13765,1.13757,1.13762
1782938340000,1.13763,1.13763,1.1376,1.13763
1782938400000,1.13761,1.13761,1.13754,1.13756
1782938460000,1.13754,1.13756,1.13749,1.13749
1782938520000,1.13748,1.13753,1.13748,1.13753
1782938580000,1.13754,1.13756,1.1375,1.13751
1782938640000,1.13751,1.13752,1.1374,1.13745
1782938700000,1.13745,1.13745,1.13742,1.13744
1782938760000,1.13742,1.13746,1.13739,1.13746
1782938820000,1.13747,1.13749,1.13744,1.13749
1782938880000,1.13749,1.1375,1.13747,1.1375
1782938940000,1.13752,1.13761,1.13748,1.1376
1782939000000,1.13763,1.13772,1.13762,1.1377
1782939060000,1.1377,1.13771,1.13768,1.13769
1782939120000,1.13771,1.13773,1.1377,1.13772
1782939180000,1.13769,1.13769,1.13763,1.13764
1782939240000,1.13761,1.13765,1.13761,1.13765
1782939300000,1.13763,1.13768,1.13754,1.13768
1782939360000,1.13766,1.13773,1.13766,1.1377
1782939420000,1.13769,1.13779,1.13769,1.13779
1782939480000,1.13781,1.13783,1.13775,1.13776
1782939540000,1.13777,1.13777,1.13765,1.13767
1782939600000,1.13768,1.13768,1.13763,1.13764
1782939660000,1.13768,1.13768,1.13768,1.13768
1782939720000,1.13772,1.13772,1.13762,1.13763
1782939780000,1.13766,1.13767,1.13766,1.13767
1782939840000,1.13763,1.13763,1.13763,1.13763
1782939900000,1.13759,1.13773,1.13759,1.13773
1782939960000,1.13773,1.13773,1.13766,1.13768
1782940020000,1.13761,1.13768,1.13758,1.13768
1782940080000,1.13766,1.13769,1.13763,1.13769
1782940140000,1.13772,1.13777,1.13772,1.13777
1782940200000,1.13775,1.13776,1.13775,1.13776
1782940260000,1.13777,1.13777,1.13777,1.13777
1782940320000,1.13776,1.13776,1.13776,1.13776
1782940380000,1.13775,1.13776,1.13775,1.13776
1782940440000,1.13776,1.13776,1.13776,1.13776
1782940500000,1.13775,1.13776,1.13775,1.13776
1782940560000,1.13777,1.13778,1.13776,1.13777
1782940620000,1.13777,1.13777,1.13777,1.13777
1782940680000,1.13778,1.13778,1.13778,1.13778
1782940740000,1.13777,1.13777,1.13777,1.13777
1782940800000,1.13778,1.13778,1.13778,1.13778
1782940860000,1.13778,1.13778,1.13778,1.13778
1782940920000,1.13778,1.13778,1.13778,1.13778
1782940980000,1.13777,1.13778,1.13777,1.13778
1782941040000,1.13778,1.13778,1.13778,1.13778
1782941100000,1.13777,1.13777,1.13777,1.13777
1782941160000,1.13775,1.13777,1.13775,1.13776
1782941220000,1.13774,1.13776,1.13774,1.13776
1782941280000,1.13775,1.13781,1.13775,1.13781
1782941340000,1.13785,1.13785,1.13784,1.13784
1782941400000,1.13785,1.13789,1.13784,1.13788
1782941460000,1.13788,1.1379,1.13788,1.13789
1782941520000,1.1379,1.1379,1.13789,1.1379
1782941580000,1.13786,1.13786,1.13785,1.13785
1782941640000,1.13784,1.13785,1.13784,1.13785
1782941700000,1.13784,1.13786,1.13784,1.13784
1782941760000,1.13784,1.13785,1.13784,1.13784
1782941820000,1.13784,1.13784,1.13784,1.13784
1782941880000,1.13785,1.13785,1.13784,1.13785
1782941940000,1.13784,1.13784,1.13783,1.13783
1782942000000,1.13785,1.13785,1.13785,1.13785
1782942060000,1.13783,1.13784,1.13783,1.13783
1782942120000,1.13784,1.13784,1.13783,1.13783
1782942180000,1.13784,1.13784,1.13783,1.13784
1782942240000,1.13784,1.13784,1.13784,1.13784
1782942300000,1.13784,1.13784,1.13784,1.13784
1782942360000,1.13783,1.13784,1.13782,1.13782
1782942420000,1.13783,1.13783,1.13783,1.13783
1782942480000,1.13782,1.13783,1.13782,1.13783
1782942540000,1.13783,1.13783,1.13783,1.13783
1782942600000,1.13783,1.13783,1.13783,1.13783
1782942660000,1.13782,1.13782,1.13782,1.13782
1782942720000,1.13782,1.13782,1.13782,1.13782
1782942780000,1.13782,1.13782,1.13782,1.13782
1782942840000,1.13782,1.13782,1.13782,1.13782
1782942900000,1.13784,1.13785,1.13783,1.13785
1782942960000,1.13785,1.13785,1.13785,1.13785
1782943020000,1.13786,1.13786,1.13786,1.13786
1782943080000,1.13786,1.13786,1.13786,1.13786
1782943140000,1.13786,1.13786,1.13777,1.13779
1782943200000,1.13779,1.13783,1.13775,1.13781
1782943260000,1.13784,1.13785,1.13779,1.1378
1782943320000,1.13779,1.1378,1.13774,1.13774
1782943380000,1.13775,1.13775,1.1377,1.13773
1782943440000,1.13771,1.13772,1.13771,1.13772
1782943500000,1.13772,1.13778,1.13771,1.13777
1782943560000,1.1378,1.1378,1.13777,1.13777
1782943620000,1.13777,1.13777,1.13777,1.13777
1782943680000,1.13783,1.13785,1.1378,1.1378
1782943740000,1.13781,1.13783,1.13778,1.13781
1782943800000,1.1378,1.13783,1.1378,1.13783
1782943860000,1.13782,1.13782,1.13782,1.13782
1782943920000,1.13782,1.13783,1.13781,1.13782
1782943980000,1.1378,1.1378,1.13779,1.13779
1782944040000,1.13778,1.1378,1.13778,1.1378
1782944100000,1.13779,1.1378,1.13778,1.13778
1782944160000,1.13777,1.13778,1.13777,1.13778
1782944220000,1.13778,1.13778,1.13778,1.13778
1782944280000,1.1378,1.13782,1.1378,1.13782
1782944340000,1.13782,1.13786,1.13782,1.13786
1782944400000,1.13791,1.13792,1.1379,1.13791
1782944460000,1.13791,1.13791,1.13791,1.13791
1782944520000,1.1379,1.1379,1.1379,1.1379
1782944580000,1.1379,1.13792,1.1379,1.13792
1782944640000,1.13793,1.13795,1.13791,1.13795
1782944700000,1.13794,1.13794,1.1379,1.13791
1782944760000,1.13791,1.13791,1.1379,1.13791
1782944820000,1.13792,1.13794,1.13792,1.13794
1782944880000,1.13792,1.13792,1.1379,1.13791
1782944940000,1.13791,1.13791,1.1379,1.1379
1782945000000,1.1379,1.1379,1.13786,1.13787
1782945060000,1.13789,1.13789,1.13786,1.13787
1782945120000,1.13789,1.13792,1.13789,1.13792
1782945180000,1.13791,1.13792,1.13791,1.13792
1782945240000,1.13792,1.13793,1.13791,1.13793
1782945300000,1.13792,1.13792,1.13792,1.13792
1782945360000,1.13791,1.13793,1.13791,1.13791
1782945420000,1.13793,1.13794,1.13792,1.13793
1782945480000,1.13792,1.13792,1.13792,1.13792
1782945540000,1.13792,1.13794,1.13791,1.13794
1782945600000,1.13793,1.13795,1.13792,1.13793
1782945660000,1.13793,1.13794,1.13792,1.13794
1782945720000,1.13792,1.13793,1.13792,1.13793
1782945780000,1.13794,1.13794,1.13794,1.13794
1782945840000,1.13793,1.13793,1.13793,1.13793
1782945900000,1.13791,1.13791,1.13786,1.13786
1782945960000,1.13787,1.13788,1.13786,1.13786
1782946020000,1.13787,1.13787,1.13786,1.13786
1782946080000,1.13786,1.13788,1.13786,1.13787
1782946140000,1.13787,1.13789,1.13787,1.13787
1782946200000,1.13785,1.13787,1.13784,1.13786
1782946260000,1.13786,1.13786,1.13786,1.13786
1782946320000,1.13785,1.13786,1.13784,1.13786
1782946380000,1.13785,1.13786,1.13785,1.13785
1782946440000,1.13785,1.13785,1.13785,1.13785
1782946500000,1.13784,1.13784,1.13784,1.13784
1782946560000,1.13785,1.13786,1.13784,1.13786
1782946620000,1.13785,1.13785,1.13785,1.13785
1782946680000,1.13788,1.13789,1.13788,1.13789
1782946740000,1.13787,1.13787,1.13787,1.13787
1782946800000,1.13787,1.13788,1.13785,1.13785
1782946860000,1.13785,1.13785,1.13785,1.13785
1782946920000,1.13786,1.13786,1.13785,1.13785
1782946980000,1.13785,1.13787,1.13785,1.13786
1782947040000,1.13787,1.13787,1.13785,1.13785
1782947100000,1.13787,1.13787,1.13787,1.13787
1782947160000,1.13785,1.13787,1.13785,1.13786
1782947220000,1.13784,1.13784,1.13784,1.13784
1782947280000,1.13784,1.13784,1.13784,1.13784
1782947340000,1.13783,1.13783,1.13783,1.13783
1782947400000,1.13783,1.13785,1.13777,1.13779
1782947460000,1.13779,1.13779,1.13779,1.13779
1782947520000,1.1378,1.13784,1.13778,1.13783
1782947580000,1.13782,1.13783,1.13782,1.13783
1782947640000,1.13782,1.13782,1.13782,1.13782
1782947700000,1.13783,1.13783,1.13776,1.13776
1782947760000,1.13777,1.13778,1.13776,1.13777
1782947820000,1.13778,1.13778,1.13773,1.13776
1782947880000,1.13777,1.13778,1.13774,1.13776
1782947940000,1.13774,1.13778,1.13774,1.13777
1782948000000,1.13777,1.13777,1.13776,1.13776
1782948060000,1.13775,1.13777,1.13775,1.13777
1782948120000,1.13777,1.13777,1.13776,1.13776
1782948180000,1.13776,1.13779,1.13776,1.13778
1782948240000,1.13782,1.13784,1.13778,1.13778
1782948300000,1.13779,1.13779,1.13779,1.13779
1782948360000,1.13779,1.1378,1.13778,1.13778
1782948420000,1.13779,1.13779,1.13777,1.13777
1782948480000,1.13777,1.13777,1.13777,1.13777
1782948540000,1.13779,1.13779,1.13779,1.13779
1782948600000,1.13779,1.13782,1.13779,1.13779
1782948660000,1.13779,1.13781,1.13777,1.13777
1782948720000,1.13776,1.13778,1.13776,1.13778
1782948780000,1.1378,1.1378,1.1378,1.1378
1782948840000,1.1378,1.1378,1.13776,1.1378
1782948900000,1.1378,1.1378,1.13778,1.1378
1782948960000,1.13778,1.1378,1.13778,1.13778
1782949020000,1.13778,1.1378,1.13778,1.13778
1782949080000,1.1378,1.1378,1.13778,1.13779
1782949140000,1.13779,1.13779,1.13775,1.13777
1782949200000,1.13778,1.13779,1.13777,1.13779
1782949260000,1.1378,1.1378,1.13778,1.13778
1782949320000,1.13781,1.13782,1.13781,1.13782
1782949380000,1.13782,1.13782,1.13776,1.13776
1782949440000,1.13777,1.13785,1.13775,1.13783
1782949500000,1.13783,1.13784,1.13782,1.13783
1782949560000,1.13782,1.13783,1.13776,1.13778
1782949620000,1.13779,1.13783,1.13779,1.13782
1782949680000,1.13782,1.13784,1.13782,1.13783
1782949740000,1.13783,1.13783,1.13777,1.13778
1782949800000,1.13778,1.13779,1.13773,1.13778
1782949860000,1.13776,1.13779,1.13774,1.13778
1782949920000,1.13778,1.13778,1.1377,1.13774
1782949980000,1.13774,1.13779,1.13774,1.13775
1782950040000,1.13775,1.1378,1.13775,1.13778
1782950100000,1.13777,1.13783,1.13774,1.13783
1782950160000,1.13784,1.13784,1.13778,1.13779
1782950220000,1.13779,1.1378,1.13777,1.13777
1782950280000,1.13776,1.13776,1.13773,1.13773
1782950340000,1.13774,1.13774,1.13773,1.13774
1783036800000,1.14224,1.14244,1.14221,1.14234
1783036860000,1.14234,1.14235,1.1422,1.14226
1783036920000,1.14225,1.14235,1.14222,1.14235
1783036980000,1.14233,1.1424,1.14226,1.14233
1783037040000,1.14234,1.14235,1.14225,1.14227
1783037100000,1.14227,1.14228,1.14221,1.14221
1783037160000,1.14221,1.14221,1.14207,1.14215
1783037220000,1.14214,1.14214,1.14206,1.14208
1783037280000,1.14209,1.1421,1.14206,1.14209
1783037340000,1.14211,1.14215,1.14207,1.14212
1783037400000,1.14213,1.14214,1.14207,1.14212
1783037460000,1.14211,1.14218,1.14208,1.14215
1783037520000,1.14216,1.14224,1.14215,1.1422
1783037580000,1.14221,1.1423,1.14218,1.14228
1783037640000,1.14228,1.14231,1.14213,1.1422
1783037700000,1.14219,1.14223,1.14218,1.14219
1783037760000,1.1422,1.14221,1.14208,1.1421
1783037820000,1.14211,1.14212,1.14205,1.14205
1783037880000,1.14205,1.14219,1.14204,1.14218
1783037940000,1.14218,1.14225,1.14215,1.14225
1783038000000,1.14227,1.14231,1.14224,1.14226
1783038060000,1.14227,1.14231,1.1422,1.14223
1783038120000,1.14222,1.14222,1.14214,1.14217
1783038180000,1.14218,1.14227,1.14216,1.14226
1783038240000,1.14226,1.14228,1.14225,1.14226
1783038300000,1.14226,1.1423,1.14225,1.14229
1783038360000,1.14229,1.14232,1.14224,1.14224
1783038420000,1.14223,1.14227,1.14217,1.1422
1783038480000,1.14219,1.14222,1.14215,1.1422
1783038540000,1.14219,1.14225,1.14218,1.1422
1783038600000,1.14221,1.14221,1.14206,1.14207
1783038660000,1.14208,1.14218,1.14208,1.14214
1783038720000,1.14214,1.14217,1.14211,1.14214
1783038780000,1.14213,1.14215,1.14206,1.14215
1783038840000,1.14214,1.14215,1.1421,1.1421
1783038900000,1.14211,1.1422,1.1421,1.1422
1783038960000,1.14218,1.1422,1.14214,1.14218
1783039020000,1.14217,1.14218,1.14213,1.14215
1783039080000,1.14215,1.14221,1.14215,1.14219
1783039140000,1.14218,1.14218,1.14213,1.14215
1783039200000,1.14214,1.14217,1.14214,1.14214
1783039260000,1.14214,1.14218,1.14212,1.14212
1783039320000,1.14213,1.14215,1.14212,1.14214
1783039380000,1.14212,1.14214,1.14208,1.14211
1783039440000,1.14213,1.1422,1.14212,1.1422
1783039500000,1.1422,1.14227,1.14219,1.1422
1783039560000,1.14222,1.14237,1.14221,1.14235
1783039620000,1.14235,1.14238,1.14233,1.14234
1783039680000,1.14234,1.14239,1.14234,1.14237
1783039740000,1.14236,1.14245,1.14236,1.14237
1783039800000,1.14236,1.14241,1.14233,1.1424
1783039860000,1.14239,1.14245,1.14239,1.14245
1783039920000,1.14248,1.1425,1.1424,1.14245
1783039980000,1.14245,1.14258,1.14244,1.14251
1783040040000,1.14253,1.14279,1.14253,1.14278
1783040100000,1.14277,1.14277,1.14259,1.14259
1783040160000,1.14259,1.1427,1.14259,1.14269
1783040220000,1.14269,1.14287,1.14264,1.14287
1783040280000,1.14288,1.14301,1.14285,1.14299
1783040340000,1.14301,1.14307,1.14299,1.14305
1783040400000,1.14307,1.14317,1.143,1.14306
1783040460000,1.14307,1.14313,1.143,1.14313
1783040520000,1.14312,1.14321,1.14308,1.14315
1783040580000,1.14318,1.14334,1.14314,1.14334
1783040640000,1.14333,1.14339,1.14328,1.14334
1783040700000,1.14334,1.14334,1.14317,1.14322
1783040760000,1.14324,1.14324,1.1431,1.14318
1783040820000,1.14318,1.14318,1.14302,1.14312
1783040880000,1.14312,1.14333,1.14312,1.14333
1783040940000,1.14333,1.14339,1.1433,1.1433
1783041000000,1.14328,1.14334,1.14327,1.14334
1783041060000,1.14336,1.14359,1.14336,1.14349
1783041120000,1.14349,1.14356,1.14342,1.14356
1783041180000,1.14355,1.1437,1.14354,1.14362
1783041240000,1.14361,1.14371,1.14353,1.14371
1783041300000,1.14372,1.14394,1.14367,1.1439
1783041360000,1.14388,1.1439,1.14373,1.14378
1783041420000,1.14378,1.1439,1.14376,1.14387
1783041480000,1.14389,1.14405,1.14389,1.14404
1783041540000,1.14403,1.14419,1.14397,1.14419
1783041600000,1.1442,1.14433,1.14412,1.14424
1783041660000,1.14424,1.14431,1.14413,1.14423
1783041720000,1.14424,1.14434,1.14422,1.14432
1783041780000,1.14431,1.14431,1.14423,1.14429
1783041840000,1.14428,1.14445,1.14427,1.14439
1783041900000,1.14439,1.1444,1.14418,1.14418
1783041960000,1.14419,1.14421,1.14399,1.14404
1783042020000,1.14405,1.14408,1.14395,1.14398
1783042080000,1.14397,1.14407,1.14396,1.14402
1783042140000,1.14401,1.14402,1.14391,1.14392
1783042200000,1.14393,1.14398,1.14382,1.14388
1783042260000,1.14387,1.14395,1.14378,1.14385
1783042320000,1.14388,1.14399,1.14386,1.14398
1783042380000,1.14397,1.14408,1.14393,1.14404
1783042440000,1.14403,1.1442,1.14403,1.14419
1783042500000,1.14421,1.14428,1.14412,1.14413
1783042560000,1.14414,1.14414,1.14392,1.14393
1783042620000,1.14392,1.14392,1.14383,1.14384
1783042680000,1.14383,1.14394,1.14381,1.14387
1783042740000,1.14388,1.14397,1.14387,1.1439
1783042800000,1.14388,1.14394,1.14387,1.14393
1783042860000,1.14392,1.14403,1.1439,1.14394
1783042920000,1.14394,1.14397,1.1439,1.14396
1783042980000,1.14394,1.14402,1.14393,1.14401
1783043040000,1.14401,1.14414,1.14401,1.14407
1783043100000,1.14405,1.14406,1.1439,1.14393
1783043160000,1.14393,1.14394,1.14387,1.14394
1783043220000,1.14393,1.14394,1.14383,1.14383
1783043280000,1.14382,1.14382,1.14372,1.1438
1783043340000,1.14382,1.14384,1.14377,1.1438
1783043400000,1.1438,1.14382,1.14372,1.14379
1783043460000,1.14378,1.14379,1.14366,1.14367
1783043520000,1.14365,1.14371,1.14361,1.1437
1783043580000,1.14371,1.14372,1.14367,1.14368
1783043640000,1.14371,1.14377,1.14366,1.14376
1783043700000,1.14378,1.14382,1.14374,1.14377
1783043760000,1.1438,1.14382,1.14371,1.14374
1783043820000,1.14373,1.14374,1.14365,1.14365
1783043880000,1.14365,1.14371,1.14363,1.14368
1783043940000,1.14366,1.14371,1.14366,1.14369
1783044000000,1.1437,1.14374,1.14365,1.14373
1783044060000,1.14373,1.14373,1.14362,1.14368
1783044120000,1.14367,1.14368,1.14357,1.14358
1783044180000,1.14358,1.14373,1.14358,1.14373
1783044240000,1.14373,1.14373,1.14363,1.14364
1783044300000,1.14363,1.14379,1.14363,1.14363
1783044360000,1.14364,1.14382,1.14364,1.14382
1783044420000,1.14385,1.14407,1.14385,1.14407
1783044480000,1.14408,1.14413,1.14402,1.14403
1783044540000,1.14403,1.14415,1.14402,1.14415
1783044600000,1.14416,1.14422,1.14408,1.1441
1783044660000,1.14409,1.14417,1.14407,1.14416
1783044720000,1.14417,1.14419,1.14412,1.14412
1783044780000,1.14414,1.14414,1.14399,1.14406
1783044840000,1.14405,1.14406,1.14401,1.14404
1783044900000,1.14406,1.14412,1.14404,1.14411
1783044960000,1.14412,1.14412,1.14408,1.14411
1783045020000,1.14412,1.14418,1.14412,1.14416
1783045080000,1.14417,1.1443,1.14415,1.14428
1783045140000,1.14431,1.14431,1.14417,1.14417
1783045200000,1.14418,1.14422,1.14413,1.14415
1783045260000,1.14417,1.1442,1.1441,1.14418
1783045320000,1.1442,1.14427,1.14418,1.14427
1783045380000,1.14426,1.14432,1.14424,1.14432
1783045440000,1.14431,1.14432,1.14428,1.14428
1783045500000,1.14429,1.14429,1.1442,1.1442
1783045560000,1.14418,1.14422,1.14417,1.14418
1783045620000,1.1442,1.14426,1.14416,1.14423
1783045680000,1.14423,1.14445,1.14423,1.1444
1783045740000,1.14439,1.1444,1.14433,1.14439
1783045800000,1.1444,1.14446,1.14435,1.14442
1783045860000,1.14442,1.14444,1.14442,1.14443
1783045920000,1.14443,1.14443,1.14427,1.14428
1783045980000,1.14428,1.14428,1.14419,1.14421
1783046040000,1.1442,1.14423,1.14414,1.14416
1783046100000,1.14415,1.1442,1.14412,1.14415
1783046160000,1.14415,1.14419,1.14411,1.14419
1783046220000,1.14417,1.14424,1.14417,1.14423
1783046280000,1.14423,1.14427,1.1442,1.14426
1783046340000,1.14428,1.14436,1.14428,1.14432
1783046400000,1.14431,1.14433,1.14427,1.14429
1783046460000,1.1443,1.1444,1.1443,1.14438
1783046520000,1.14437,1.1444,1.14425,1.14426
1783046580000,1.14426,1.14428,1.14418,1.1442
1783046640000,1.14419,1.14437,1.14419,1.14432
1783046700000,1.14431,1.14437,1.14429,1.1443
1783046760000,1.14429,1.1443,1.14417,1.14419
1783046820000,1.14418,1.14426,1.14416,1.14424
1783046880000,1.14424,1.14424,1.14416,1.14418
1783046940000,1.14416,1.14419,1.14413,1.14417
1783047000000,1.14417,1.14428,1.14417,1.14427
1783047060000,1.1443,1.14432,1.14423,1.14427
1783047120000,1.14428,1.14432,1.14426,1.14432
1783047180000,1.14434,1.14434,1.14429,1.1443
1783047240000,1.1443,1.14432,1.14421,1.14424
1783047300000,1.14424,1.1443,1.14411,1.14414
1783047360000,1.14411,1.14411,1.14403,1.14404
1783047420000,1.14403,1.14404,1.14398,1.14399
1783047480000,1.14399,1.14401,1.14389,1.1439
1783047540000,1.14392,1.14397,1.14386,1.14397
1783047600000,1.14395,1.144,1.1439,1.1439
1783047660000,1.14391,1.14396,1.14387,1.14396
1783047720000,1.14393,1.144,1.14391,1.14398
1783047780000,1.14401,1.14401,1.14386,1.14388
1783047840000,1.14389,1.1439,1.14387,1.14388
1783047900000,1.14387,1.14387,1.14382,1.14387
1783047960000,1.14387,1.1439,1.14385,1.14385
1783048020000,1.14384,1.14384,1.14378,1.14381
1783048080000,1.14381,1.14383,1.14378,1.1438
1783048140000,1.1438,1.14382,1.14377,1.14377
1783048200000,1.14379,1.14379,1.14377,1.14377
1783048260000,1.14378,1.14381,1.14378,1.14379
1783048320000,1.1438,1.1438,1.14378,1.1438
1783048380000,1.14379,1.14384,1.14378,1.14384
1783048440000,1.14382,1.14398,1.14382,1.14398
1783048500000,1.14398,1.14399,1.1439,1.1439
1783048560000,1.1439,1.14393,1.14386,1.14386
1783048620000,1.14388,1.14389,1.14385,1.14388
1783048680000,1.14388,1.14388,1.14387,1.14388
1783048740000,1.14389,1.1439,1.14385,1.14387
1783048800000,1.14387,1.14387,1.14383,1.14383
1783048860000,1.14384,1.14394,1.14383,1.14384
1783048920000,1.14383,1.14385,1.14377,1.14377
1783048980000,1.14378,1.14379,1.14376,1.14378
1783049040000,1.14376,1.14379,1.14376,1.14378
1783049100000,1.14379,1.14382,1.14373,1.14375
1783049160000,1.14375,1.14378,1.14366,1.14372
1783049220000,1.14372,1.14386,1.14372,1.14383
1783049280000,1.14385,1.14386,1.14383,1.14384
1783049340000,1.14384,1.1439,1.14384,1.14388
1783049400000,1.14388,1.14388,1.14381,1.14382
1783049460000,1.14381,1.14381,1.14375,1.14379
1783049520000,1.1438,1.1438,1.14373,1.14374
1783049580000,1.14374,1.1439,1.14373,1.14389
1783049640000,1.14387,1.14391,1.14386,1.14386
1783049700000,1.14387,1.144,1.14387,1.14399
1783049760000,1.144,1.14405,1.14397,1.144
1783049820000,1.144,1.14404,1.14396,1.14403
1783049880000,1.14403,1.14403,1.14395,1.14397
1783049940000,1.14395,1.14399,1.14391,1.14393
1783050000000,1.14394,1.14408,1.1439,1.14406
1783050060000,1.14406,1.14407,1.14399,1.14401
1783050120000,1.14401,1.14404,1.14398,1.14403
1783050180000,1.14403,1.14403,1.14396,1.14396
1783050240000,1.14397,1.14398,1.14395,1.14395
1783050300000,1.14396,1.14397,1.1439,1.14395
1783050360000,1.14397,1.14402,1.14394,1.14395
1783050420000,1.14397,1.14397,1.14394,1.14396
1783050480000,1.14396,1.14401,1.14394,1.14397
1783050540000,1.14395,1.14401,1.1439,1.14398
1783050600000,1.144,1.14401,1.14393,1.14395
1783050660000,1.14396,1.14409,1.14396,1.14406
1783050720000,1.14408,1.14409,1.14407,1.14408
1783050780000,1.14408,1.14408,1.14403,1.14403
1783050840000,1.14406,1.14406,1.144,1.144
1783050900000,1.14401,1.14413,1.14401,1.14413
1783050960000,1.14413,1.14413,1.14401,1.14405
1783051020000,1.14406,1.14409,1.14404,1.14409
1783051080000,1.14408,1.14411,1.14406,1.14408
1783051140000,1.1441,1.1441,1.14408,1.14409
1783051200000,1.14409,1.1441,1.14402,1.14406
1783051260000,1.14407,1.14409,1.14402,1.14403
1783051320000,1.14402,1.14402,1.1439,1.14393
1783051380000,1.14392,1.14394,1.14392,1.14394
1783051440000,1.14395,1.14397,1.14394,1.14394
1783051500000,1.14394,1.14402,1.14392,1.14402
1783051560000,1.144,1.14407,1.144,1.14406
1783051620000,1.14408,1.1441,1.14404,1.14404
1783051680000,1.14405,1.14406,1.14405,1.14405
1783051740000,1.14405,1.14405,1.14398,1.14405
1783051800000,1.14405,1.14405,1.14399,1.14403
1783051860000,1.14403,1.14406,1.144,1.14404
1783051920000,1.14404,1.14407,1.14404,1.14405
1783051980000,1.14405,1.14407,1.14405,1.14406
1783052040000,1.14408,1.14424,1.14405,1.14423
1783052100000,1.14421,1.14431,1.14421,1.14426
1783052160000,1.14427,1.14428,1.14422,1.14422
1783052220000,1.14422,1.1443,1.14422,1.14428
1783052280000,1.14429,1.14429,1.14423,1.14428
1783052340000,1.14428,1.14428,1.14427,1.14427
1783052400000,1.14428,1.14429,1.14425,1.14428
1783052460000,1.14428,1.14428,1.14422,1.14423
1783052520000,1.14425,1.14425,1.14421,1.14424
1783052580000,1.14424,1.14424,1.1442,1.14423
1783052640000,1.14422,1.14422,1.14416,1.14417
1783052700000,1.14418,1.14423,1.14417,1.14422
1783052760000,1.14422,1.14426,1.14422,1.14426
1783052820000,1.14424,1.14427,1.14424,1.14427
1783052880000,1.14425,1.14428,1.14422,1.14424
1783052940000,1.14423,1.14423,1.1442,1.14421
1783053000000,1.14421,1.14424,1.14421,1.14422
1783053060000,1.14422,1.14422,1.1442,1.1442
1783053120000,1.1442,1.14423,1.14415,1.14419
1783053180000,1.14417,1.14421,1.14415,1.1442
1783053240000,1.1442,1.14424,1.1442,1.14421
1783053300000,1.14422,1.14429,1.14422,1.14429
1783053360000,1.14429,1.14437,1.14429,1.14437
1783053420000,1.14436,1.14437,1.14432,1.14437
1783053480000,1.14436,1.14438,1.14434,1.14436
1783053540000,1.14435,1.14437,1.14435,1.14436
1783053600000,1.14437,1.14443,1.14437,1.14437
1783053660000,1.14437,1.14444,1.14437,1.14441
1783053720000,1.14441,1.14448,1.14441,1.14447
1783053780000,1.14452,1.14453,1.14447,1.14448
1783053840000,1.14449,1.14453,1.14447,1.14447
1783053900000,1.14447,1.14454,1.14446,1.14452
1783053960000,1.14452,1.14455,1.14449,1.14454
1783054020000,1.14453,1.14453,1.1445,1.14451
1783054080000,1.14451,1.14451,1.14443,1.14443
1783054140000,1.14442,1.14448,1.14442,1.14444
1783054200000,1.14445,1.14449,1.14442,1.14449
1783054260000,1.1445,1.1445,1.14443,1.14446
1783054320000,1.14448,1.1445,1.14448,1.1445
1783054380000,1.14451,1.14453,1.14451,1.14451
1783054440000,1.14453,1.14453,1.14444,1.14444
1783054500000,1.14443,1.14445,1.14438,1.14445
1783054560000,1.14443,1.14445,1.14443,1.14443
1783054620000,1.14444,1.14446,1.14444,1.14446
1783054680000,1.14447,1.14453,1.14446,1.14451
1783054740000,1.14451,1.14461,1.1445,1.14459
1783054800000,1.14459,1.14473,1.14454,1.14469
1783054860000,1.14469,1.14472,1.14467,1.1447
1783054920000,1.14472,1.14475,1.1447,1.14472
1783054980000,1.14473,1.14492,1.1447,1.14491
1783055040000,1.14489,1.14499,1.14488,1.14489
1783055100000,1.14491,1.14493,1.14487,1.14492
1783055160000,1.14492,1.14513,1.14492,1.14513
1783055220000,1.14513,1.14524,1.14513,1.14522
1783055280000,1.14524,1.14526,1.14513,1.14523
1783055340000,1.14522,1.14534,1.1451,1.14512
1783055400000,1.1451,1.1451,1.14492,1.14503
1783055460000,1.14503,1.14503,1.14494,1.14503
1783055520000,1.14503,1.14512,1.14503,1.14511
1783055580000,1.14511,1.14517,1.14507,1.14517
1783055640000,1.14518,1.14524,1.14516,1.14522
1783055700000,1.14523,1.14539,1.14523,1.14539
1783055760000,1.14539,1.14548,1.14533,1.14537
1783055820000,1.14537,1.14537,1.14525,1.14527
1783055880000,1.14526,1.14535,1.14526,1.14529
1783055940000,1.1453,1.14533,1.14528,1.1453
1783056000000,1.1453,1.1453,1.14513,1.14517
1783056060000,1.14518,1.14523,1.14512,1.14512
1783056120000,1.1451,1.1451,1.14506,1.14507
1783056180000,1.14509,1.14511,1.14507,1.14507
1783056240000,1.14506,1.14517,1.14503,1.14514
1783056300000,1.14514,1.14518,1.14514,1.14518
1783056360000,1.14515,1.1452,1.14512,1.14519
1783056420000,1.1452,1.14521,1.14514,1.14514
1783056480000,1.14514,1.1452,1.14513,1.14519
1783056540000,1.1452,1.14521,1.14516,1.14519
1783056600000,1.14519,1.14529,1.14518,1.14525
1783056660000,1.14527,1.14529,1.14525,1.14527
1783056720000,1.14525,1.14531,1.14525,1.14531
1783056780000,1.14532,1.14532,1.14527,1.14528
1783056840000,1.14528,1.14529,1.14523,1.14529
1783056900000,1.14529,1.14534,1.14528,1.14529
1783056960000,1.14529,1.14529,1.14522,1.14524
1783057020000,1.14523,1.14536,1.14522,1.14532
1783057080000,1.1453,1.14531,1.14515,1.14515
1783057140000,1.14515,1.14518,1.14507,1.14509
1783057200000,1.14511,1.14511,1.14507,1.14507
1783057260000,1.14507,1.14507,1.14502,1.14504
1783057320000,1.14503,1.14518,1.145,1.14518
1783057380000,1.1452,1.14522,1.14512,1.14515
1783057440000,1.14516,1.14524,1.14515,1.14524
1783057500000,1.14524,1.14527,1.14518,1.14523
1783057560000,1.14522,1.14523,1.14518,1.14522
1783057620000,1.14522,1.14527,1.14519,1.14523
1783057680000,1.14523,1.14523,1.14516,1.14518
1783057740000,1.14517,1.14523,1.14517,1.14522
1783057800000,1.14523,1.14528,1.14522,1.14523
1783057860000,1.14522,1.14523,1.14514,1.14523
1783057920000,1.14523,1.14533,1.14523,1.14533
1783057980000,1.1453,1.14538,1.14527,1.14538
1783058040000,1.14535,1.14537,1.14528,1.14535
1783058100000,1.14533,1.14533,1.14502,1.14502
1783058160000,1.14503,1.14504,1.14494,1.14497
1783058220000,1.14498,1.14498,1.14482,1.14491
1783058280000,1.14489,1.14489,1.14465,1.1448
1783058340000,1.14478,1.14489,1.14474,1.14486
1783058400000,1.14486,1.14496,1.1448,1.14494
1783058460000,1.14493,1.14496,1.14485,1.1449
1783058520000,1.1449,1.14495,1.14483,1.14488
1783058580000,1.14486,1.14508,1.14483,1.14503
1783058640000,1.14504,1.14504,1.14495,1.14496
1783058700000,1.14497,1.14514,1.14496,1.14507
1783058760000,1.1451,1.14529,1.14509,1.14511
1783058820000,1.14513,1.14523,1.14509,1.14513
1783058880000,1.14513,1.14519,1.14509,1.14516
1783058940000,1.14517,1.14529,1.14517,1.14525
1783059000000,1.14525,1.14525,1.14511,1.14513
1783059060000,1.14512,1.14514,1.14504,1.14514
1783059120000,1.14513,1.14513,1.14507,1.1451
1783059180000,1.14511,1.14523,1.14507,1.14523
1783059240000,1.14525,1.14541,1.14521,1.14539
1783059300000,1.14541,1.1456,1.14539,1.14557
1783059360000,1.14558,1.1457,1.14558,1.14568
1783059420000,1.14569,1.14579,1.14568,1.14573
1783059480000,1.14573,1.1458,1.1457,1.14574
1783059540000,1.14573,1.14582,1.14573,1.14578
1783059600000,1.14579,1.14581,1.14563,1.14563
1783059660000,1.14563,1.14564,1.14548,1.1455
1783059720000,1.14549,1.14549,1.14537,1.14546
1783059780000,1.14544,1.14545,1.14513,1.14518
1783059840000,1.14521,1.14524,1.14512,1.14513
1783059900000,1.14513,1.14524,1.14513,1.14515
1783059960000,1.14515,1.1453,1.14514,1.14528
1783060020000,1.14527,1.14545,1.14527,1.14542
1783060080000,1.14543,1.1455,1.1454,1.1454
1783060140000,1.14542,1.14543,1.14517,1.14528
1783060200000,1.14527,1.14546,1.14524,1.14546
1783060260000,1.14546,1.14556,1.14542,1.14552
1783060320000,1.14552,1.14554,1.14538,1.14543
1783060380000,1.14541,1.14569,1.14541,1.14568
1783060440000,1.14569,1.14617,1.14569,1.14603
1783060500000,1.14602,1.14602,1.14591,1.14593
1783060560000,1.14593,1.146,1.14587,1.14593
1783060620000,1.14593,1.14598,1.14587,1.14598
1783060680000,1.14597,1.14623,1.14596,1.14621
1783060740000,1.1462,1.1462,1.14595,1.14607
1783060800000,1.14608,1.1461,1.14591,1.14592
1783060860000,1.14595,1.14603,1.1458,1.14601
1783060920000,1.146,1.14601,1.14578,1.14595
1783060980000,1.14594,1.14596,1.14586,1.14589
1783061040000,1.1459,1.14597,1.14583,1.14597
1783061100000,1.14595,1.14596,1.14589,1.14596
1783061160000,1.14597,1.14606,1.14593,1.14605
1783061220000,1.14605,1.14606,1.1459,1.14595
1783061280000,1.14596,1.14602,1.14589,1.14602
1783061340000,1.14601,1.14601,1.1459,1.1459
1783061400000,1.14591,1.14591,1.14576,1.14576
1783061460000,1.14575,1.14577,1.14572,1.14577
1783061520000,1.14576,1.14579,1.14567,1.14574
1783061580000,1.14575,1.14576,1.14564,1.14564
1783061640000,1.14563,1.14563,1.14554,1.14559
1783061700000,1.14559,1.14561,1.14551,1.14551
1783061760000,1.14552,1.14553,1.14532,1.14532
1783061820000,1.14533,1.14533,1.14517,1.14524
1783061880000,1.14526,1.14545,1.14523,1.14545
1783061940000,1.14544,1.14544,1.14531,1.14539
1783062000000,1.1454,1.14547,1.14521,1.14521
1783062060000,1.1452,1.1454,1.1452,1.14536
1783062120000,1.14534,1.14538,1.14522,1.14524
1783062180000,1.14525,1.14535,1.14521,1.14534
1783062240000,1.14534,1.14538,1.14526,1.14533
1783062300000,1.14531,1.14535,1.14525,1.14534
1783062360000,1.14535,1.14536,1.14525,1.14529
1783062420000,1.1453,1.14531,1.14525,1.14525
1783062480000,1.14525,1.14526,1.14522,1.14523
1783062540000,1.14524,1.14537,1.14524,1.14536
1783062600000,1.14536,1.14545,1.1453,1.14532
1783062660000,1.14535,1.1454,1.14527,1.14534
1783062720000,1.14536,1.14545,1.14534,1.14537
1783062780000,1.14536,1.14541,1.14529,1.14541
1783062840000,1.14541,1.14542,1.14537,1.14538
1783062900000,1.14538,1.14538,1.14524,1.14526
1783062960000,1.14525,1.14528,1.14521,1.14524
1783063020000,1.14526,1.14531,1.14519,1.14524
1783063080000,1.14526,1.1453,1.14523,1.14524
1783063140000,1.14522,1.14528,1.1452,1.14521
1783063200000,1.14521,1.14526,1.14519,1.14521
1783063260000,1.1452,1.14525,1.1452,1.1452
1783063320000,1.1452,1.1452,1.1451,1.1451
1783063380000,1.14508,1.14525,1.14507,1.14525
1783063440000,1.14524,1.14543,1.14522,1.14543
1783063500000,1.14541,1.14551,1.14534,1.14544
1783063560000,1.14543,1.14548,1.14535,1.14546
1783063620000,1.14546,1.14567,1.14546,1.14561
1783063680000,1.14563,1.14568,1.14555,1.14563
1783063740000,1.14565,1.14565,1.14547,1.14554
1783063800000,1.14555,1.14566,1.14551,1.14551
1783063860000,1.14551,1.14551,1.14516,1.14524
1783063920000,1.14523,1.14523,1.14509,1.14514
1783063980000,1.14512,1.14517,1.14511,1.14513
1783064040000,1.14513,1.14517,1.14493,1.14493
1783064100000,1.14493,1.14515,1.14488,1.14508
1783064160000,1.14509,1.14509,1.14498,1.14503
1783064220000,1.14501,1.14501,1.14494,1.14497
1783064280000,1.14498,1.14498,1.14481,1.14481
1783064340000,1.14483,1.14501,1.14482,1.14498
1783064400000,1.14499,1.145,1.14476,1.14481
1783064460000,1.14482,1.1449,1.14479,1.1449
1783064520000,1.14489,1.145,1.14482,1.14499
1783064580000,1.145,1.14515,1.145,1.1451
1783064640000,1.1451,1.14518,1.14504,1.14513
1783064700000,1.1451,1.14519,1.14504,1.14515
1783064760000,1.14518,1.14519,1.14514,1.14519
1783064820000,1.14518,1.14531,1.14512,1.14531
1783064880000,1.14531,1.14535,1.14528,1.14532
1783064940000,1.14529,1.14536,1.14526,1.14535
1783065000000,1.14535,1.14545,1.1453,1.14544
1783065060000,1.14543,1.14546,1.14536,1.14537
1783065120000,1.14538,1.14546,1.14532,1.14533
1783065180000,1.14534,1.14539,1.14522,1.14536
1783065240000,1.14535,1.14551,1.14533,1.14544
1783065300000,1.14543,1.14569,1.14543,1.1456
1783065360000,1.14558,1.14579,1.14556,1.1457
1783065420000,1.1457,1.14572,1.14554,1.14561
1783065480000,1.14561,1.14561,1.14543,1.14543
1783065540000,1.14543,1.14548,1.14536,1.14544
1783065600000,1.14546,1.14558,1.14528,1.14528
1783065660000,1.14527,1.14535,1.14519,1.14524
1783065720000,1.14524,1.14531,1.14514,1.1453
1783065780000,1.14531,1.14531,1.14512,1.14515
1783065840000,1.14516,1.14518,1.14503,1.14516
1783065900000,1.14515,1.14529,1.14515,1.14528
1783065960000,1.14527,1.14531,1.14526,1.1453
1783066020000,1.14529,1.14551,1.14529,1.14539
1783066080000,1.1454,1.14541,1.14523,1.14531
1783066140000,1.14532,1.14542,1.1453,1.1454
1783066200000,1.14541,1.14541,1.14528,1.14528
1783066260000,1.14527,1.14546,1.14513,1.14546
1783066320000,1.14547,1.14547,1.14538,1.14544
1783066380000,1.14545,1.14545,1.14531,1.14542
1783066440000,1.1454,1.14543,1.14533,1.14537
1783066500000,1.14535,1.14544,1.14535,1.14536
1783066560000,1.14535,1.14536,1.14526,1.1453
1783066620000,1.14531,1.14537,1.14527,1.14536
1783066680000,1.14537,1.14542,1.14534,1.14536
1783066740000,1.14537,1.14538,1.14528,1.1453
1783066800000,1.14529,1.14533,1.14521,1.14527
1783066860000,1.14527,1.14531,1.14524,1.14529
1783066920000,1.14531,1.14537,1.14522,1.14522
1783066980000,1.14524,1.14526,1.14511,1.14512
1783067040000,1.1451,1.14516,1.14508,1.14509
1783067100000,1.1451,1.14518,1.1451,1.14517
1783067160000,1.14519,1.14526,1.14515,1.14526
1783067220000,1.14527,1.14535,1.14524,1.14533
1783067280000,1.14535,1.14547,1.14532,1.14532
1783067340000,1.14534,1.14537,1.14532,1.14537
1783067400000,1.14536,1.14536,1.14518,1.14519
1783067460000,1.14518,1.14527,1.14517,1.14522
1783067520000,1.14522,1.14545,1.14521,1.14544
1783067580000,1.14543,1.14556,1.14538,1.14556
1783067640000,1.14556,1.14562,1.1455,1.14555
1783067700000,1.14556,1.14561,1.14554,1.1456
1783067760000,1.1456,1.14576,1.1456,1.14566
1783067820000,1.14566,1.1457,1.14565,1.14566
1783067880000,1.14567,1.14567,1.14545,1.1455
1783067940000,1.14549,1.14549,1.14535,1.14536
1783068000000,1.14537,1.14546,1.14536,1.14546
1783068060000,1.14545,1.14545,1.14535,1.1454
1783068120000,1.14539,1.14546,1.14539,1.14546
1783068180000,1.14547,1.14547,1.14539,1.14541
1783068240000,1.14543,1.14544,1.14533,1.14544
1783068300000,1.14545,1.14548,1.14541,1.14544
1783068360000,1.14545,1.14545,1.14536,1.14536
1783068420000,1.14537,1.14549,1.14537,1.14546
1783068480000,1.14545,1.14545,1.14536,1.14539
1783068540000,1.14541,1.14541,1.14532,1.14534
1783068600000,1.14534,1.14536,1.14518,1.14522
1783068660000,1.1452,1.14522,1.14511,1.14511
1783068720000,1.14511,1.14522,1.14508,1.14518
1783068780000,1.1452,1.14528,1.14516,1.1452
1783068840000,1.14521,1.14526,1.14519,1.1452
1783068900000,1.14521,1.14542,1.14521,1.14539
1783068960000,1.14542,1.14542,1.14536,1.14541
1783069020000,1.1454,1.1454,1.14525,1.1453
1783069080000,1.14532,1.14533,1.1453,1.14532
1783069140000,1.14532,1.14532,1.14525,1.14526
1783069200000,1.14526,1.14527,1.14518,1.14523
1783069260000,1.14523,1.14523,1.14515,1.14518
1783069320000,1.14519,1.14522,1.14517,1.1452
1783069380000,1.14521,1.14522,1.14515,1.14516
1783069440000,1.14518,1.14523,1.14508,1.14508
1783069500000,1.14507,1.14517,1.14507,1.14514
1783069560000,1.14514,1.14521,1.14509,1.14513
1783069620000,1.14511,1.14511,1.14492,1.14494
1783069680000,1.14495,1.14507,1.14493,1.14493
1783069740000,1.14494,1.14497,1.14486,1.14486
1783069800000,1.14486,1.14487,1.14478,1.14482
1783069860000,1.14482,1.14495,1.14482,1.14489
1783069920000,1.14488,1.1449,1.14485,1.14486
1783069980000,1.14486,1.14492,1.14484,1.14491
1783070040000,1.14492,1.14501,1.14488,1.14501
1783070100000,1.14499,1.14504,1.14492,1.14504
1783070160000,1.14503,1.14506,1.14491,1.14491
1783070220000,1.14491,1.14501,1.14489,1.145
1783070280000,1.145,1.145,1.14494,1.14494
1783070340000,1.14494,1.14505,1.14489,1.14498
1783070400000,1.14498,1.14517,1.14498,1.14508
1783070460000,1.14509,1.1451,1.14503,1.14505
1783070520000,1.14504,1.14504,1.14492,1.14496
1783070580000,1.14497,1.14499,1.14495,1.14495
1783070640000,1.14498,1.14503,1.14496,1.14496
1783070700000,1.14495,1.14497,1.14487,1.14489
1783070760000,1.1449,1.14495,1.14475,1.14475
1783070820000,1.14474,1.1448,1.14472,1.14477
1783070880000,1.14478,1.14483,1.14477,1.14478
1783070940000,1.14476,1.14477,1.14473,1.14474
1783071000000,1.14476,1.14482,1.14474,1.1448
1783071060000,1.14479,1.14483,1.14478,1.1448
1783071120000,1.1448,1.14486,1.14475,1.14484
1783071180000,1.14483,1.14491,1.14478,1.1448
1783071240000,1.14481,1.14483,1.14476,1.1448
1783071300000,1.14481,1.14488,1.14476,1.14476
1783071360000,1.14475,1.14482,1.14475,1.14479
1783071420000,1.1448,1.14485,1.14475,1.14481
1783071480000,1.14478,1.14484,1.14473,1.14484
1783071540000,1.14483,1.14484,1.14475,1.14484
1783071600000,1.14486,1.14491,1.14484,1.14488
1783071660000,1.14486,1.14486,1.14477,1.14481
1783071720000,1.14481,1.14481,1.14472,1.14472
1783071780000,1.14474,1.14475,1.14471,1.14474
1783071840000,1.14473,1.14473,1.14467,1.1447
1783071900000,1.14469,1.14469,1.14457,1.14459
1783071960000,1.14458,1.14461,1.14455,1.14459
1783072020000,1.14459,1.1446,1.14448,1.14453
1783072080000,1.14454,1.1446,1.14454,1.14454
1783072140000,1.14454,1.14458,1.14447,1.14457
1783072200000,1.14455,1.14457,1.14447,1.14451
1783072260000,1.14451,1.14452,1.14445,1.14452
1783072320000,1.14452,1.14452,1.14439,1.14439
1783072380000,1.1444,1.14441,1.14435,1.14438
1783072440000,1.1444,1.1444,1.14434,1.1444
1783072500000,1.1444,1.1444,1.14427,1.14427
1783072560000,1.14427,1.14428,1.1441,1.14413
1783072620000,1.14413,1.1442,1.14409,1.14415
1783072680000,1.14412,1.14418,1.14412,1.14413
1783072740000,1.14412,1.14412,1.14402,1.14408
1783072800000,1.14407,1.14417,1.14404,1.14416
1783072860000,1.14418,1.14421,1.14415,1.1442
1783072920000,1.14422,1.14425,1.14419,1.14421
1783072980000,1.14422,1.14427,1.14421,1.14422
1783073040000,1.14422,1.14423,1.14413,1.14421
1783073100000,1.14421,1.14422,1.14418,1.14421
1783073160000,1.14424,1.14428,1.14422,1.14427
1783073220000,1.14427,1.1444,1.14424,1.1444
1783073280000,1.14442,1.14452,1.14441,1.14451
1783073340000,1.14452,1.14465,1.14451,1.14457
1783073400000,1.14458,1.14467,1.14457,1.14466
1783073460000,1.14466,1.14473,1.14465,1.14471
1783073520000,1.14469,1.1447,1.1446,1.14464
1783073580000,1.14464,1.14472,1.14461,1.14462
1783073640000,1.14461,1.14466,1.14461,1.14462
1783073700000,1.14461,1.14464,1.14446,1.14455
1783073760000,1.14454,1.14462,1.14449,1.1445
1783073820000,1.14451,1.14452,1.14446,1.1445
1783073880000,1.14449,1.14452,1.14443,1.1445
1783073940000,1.14449,1.14456,1.14449,1.14451
1783074000000,1.14454,1.14461,1.14451,1.1446
1783074060000,1.1446,1.14473,1.14455,1.14466
1783074120000,1.14465,1.14471,1.14465,1.14469
1783074180000,1.14469,1.14469,1.14459,1.14459
1783074240000,1.14458,1.1446,1.14451,1.14452
1783074300000,1.14453,1.14453,1.14445,1.14447
1783074360000,1.14446,1.14446,1.14439,1.14439
1783074420000,1.1444,1.14452,1.1444,1.1445
1783074480000,1.14451,1.14452,1.14442,1.14446
1783074540000,1.14447,1.14447,1.14444,1.14445
1783074600000,1.14443,1.14447,1.14439,1.14444
1783074660000,1.14445,1.14451,1.14442,1.1445
1783074720000,1.1445,1.14452,1.1445,1.1445
1783074780000,1.14451,1.14457,1.14449,1.14457
1783074840000,1.14456,1.14461,1.14456,1.14461
1783074900000,1.14461,1.14467,1.1446,1.14466
1783074960000,1.14466,1.14467,1.14462,1.14463
1783075020000,1.14462,1.14466,1.14456,1.14465
1783075080000,1.14465,1.14467,1.14463,1.14467
1783075140000,1.14467,1.14468,1.14461,1.14465
1783075200000,1.14466,1.14467,1.14464,1.14466
1783075260000,1.14467,1.14467,1.14455,1.14457
1783075320000,1.14458,1.14467,1.14456,1.14466
1783075380000,1.14466,1.14486,1.14466,1.1448
1783075440000,1.14481,1.14481,1.14472,1.14473
1783075500000,1.14472,1.14473,1.1447,1.1447
1783075560000,1.14472,1.14474,1.14472,1.14474
1783075620000,1.14473,1.14475,1.14471,1.14474
1783075680000,1.14474,1.14476,1.14473,1.14475
1783075740000,1.14475,1.14477,1.1447,1.14477
1783075800000,1.14476,1.14477,1.14475,1.14476
1783075860000,1.14477,1.14487,1.14477,1.14487
1783075920000,1.14491,1.14492,1.14485,1.14485
1783075980000,1.14484,1.14489,1.14483,1.14489
1783076040000,1.14489,1.14496,1.14488,1.14496
1783076100000,1.14495,1.14499,1.14493,1.14499
1783076160000,1.14499,1.145,1.14488,1.14492
1783076220000,1.14493,1.14493,1.1447,1.14473
1783076280000,1.14475,1.14479,1.14474,1.14476
1783076340000,1.14475,1.14477,1.14465,1.14466
1783076400000,1.14465,1.14474,1.1446,1.14472
1783076460000,1.14475,1.14476,1.14469,1.14471
1783076520000,1.14473,1.14483,1.14469,1.14481
1783076580000,1.1448,1.14483,1.14468,1.14468
1783076640000,1.14469,1.14479,1.14469,1.14475
1783076700000,1.14475,1.14483,1.14475,1.14477
1783076760000,1.14475,1.1449,1.14475,1.14483
1783076820000,1.14483,1.1449,1.14475,1.1449
1783076880000,1.14492,1.14496,1.14489,1.14495
1783076940000,1.14495,1.14506,1.14492,1.14506
1783077000000,1.14508,1.14517,1.14507,1.14515
1783077060000,1.14517,1.14517,1.14514,1.14517
1783077120000,1.14517,1.1453,1.14516,1.14529
1783077180000,1.1453,1.14536,1.1453,1.14533
1783077240000,1.14533,1.14548,1.1453,1.14543
1783077300000,1.14546,1.14557,1.14542,1.14554
1783077360000,1.14554,1.14554,1.14546,1.14552
1783077420000,1.14549,1.14563,1.14549,1.14558
1783077480000,1.14557,1.14558,1.14545,1.14547
1783077540000,1.14546,1.14546,1.14539,1.14542
1783077600000,1.14543,1.14555,1.14542,1.14548
1783077660000,1.14548,1.14551,1.14541,1.14542
1783077720000,1.14542,1.14548,1.14536,1.14548
1783077780000,1.14547,1.14563,1.14547,1.14557
1783077840000,1.14559,1.14572,1.14559,1.14568
1783077900000,1.14569,1.14569,1.14551,1.14557
1783077960000,1.14556,1.14556,1.14547,1.14549
1783078020000,1.14549,1.14552,1.14532,1.14539
1783078080000,1.14539,1.14553,1.14537,1.14549
1783078140000,1.14548,1.14554,1.14545,1.14548
1783078200000,1.14547,1.14553,1.14541,1.14541
1783078260000,1.14542,1.14546,1.14537,1.14543
1783078320000,1.14541,1.14543,1.14526,1.14529
1783078380000,1.1453,1.14537,1.14526,1.14531
1783078440000,1.14531,1.14531,1.14525,1.14531
1783078500000,1.14531,1.14531,1.14525,1.14528
1783078560000,1.14527,1.14527,1.14515,1.14518
1783078620000,1.14518,1.14518,1.14505,1.14506
1783078680000,1.14506,1.14506,1.14496,1.14498
1783078740000,1.14498,1.1451,1.14498,1.14506
1783078800000,1.14507,1.14517,1.14501,1.14504
1783078860000,1.14506,1.14508,1.14501,1.14502
1783078920000,1.14503,1.14505,1.14494,1.14494
1783078980000,1.14492,1.14504,1.14492,1.14498
1783079040000,1.14497,1.145,1.14495,1.14496
1783079100000,1.14495,1.14506,1.14495,1.14495
1783079160000,1.14495,1.14503,1.14494,1.14494
1783079220000,1.14496,1.145,1.14485,1.14486
1783079280000,1.14486,1.14486,1.14482,1.14484
1783079340000,1.14486,1.14489,1.14479,1.1448
1783079400000,1.14478,1.14494,1.14477,1.14491
1783079460000,1.14489,1.14491,1.14483,1.14483
1783079520000,1.14485,1.14486,1.14477,1.14481
1783079580000,1.14481,1.14491,1.14477,1.14487
1783079640000,1.14489,1.14497,1.14488,1.14491
1783079700000,1.14489,1.14489,1.14474,1.14481
1783079760000,1.14482,1.14484,1.14473,1.14475
1783079820000,1.14475,1.14479,1.14468,1.14473
1783079880000,1.14474,1.14492,1.14472,1.14491
1783079940000,1.1449,1.14503,1.14483,1.14503
1783080000000,1.14505,1.14506,1.14499,1.145
1783080060000,1.14497,1.14502,1.14493,1.14501
1783080120000,1.14502,1.14514,1.14502,1.14506
1783080180000,1.14505,1.14506,1.14486,1.14486
1783080240000,1.14489,1.14497,1.14488,1.14496
1783080300000,1.14498,1.14502,1.14491,1.14493
1783080360000,1.14492,1.14506,1.14492,1.14501
1783080420000,1.14505,1.14525,1.14505,1.14522
1783080480000,1.14522,1.14527,1.14505,1.14505
1783080540000,1.14504,1.14504,1.14476,1.14476
1783080600000,1.14476,1.14494,1.14465,1.14494
1783080660000,1.14496,1.14497,1.1449,1.1449
1783080720000,1.14491,1.14497,1.14491,1.14497
1783080780000,1.14497,1.14514,1.14495,1.14511
1783080840000,1.14511,1.14511,1.14501,1.14504
1783080900000,1.14505,1.14506,1.14492,1.14495
1783080960000,1.14496,1.14499,1.14495,1.14497
1783081020000,1.14498,1.14498,1.14491,1.14491
1783081080000,1.1449,1.1449,1.14481,1.14486
1783081140000,1.14486,1.14487,1.14475,1.14478
1783081200000,1.14477,1.14479,1.14468,1.14474
1783081260000,1.14475,1.14476,1.14461,1.14463
1783081320000,1.14465,1.14476,1.14465,1.14473
1783081380000,1.14474,1.14487,1.14473,1.14481
1783081440000,1.1448,1.14482,1.14475,1.14475
1783081500000,1.14474,1.14479,1.14468,1.14478
1783081560000,1.14477,1.14483,1.14473,1.14479
1783081620000,1.14475,1.14475,1.1447,1.14471
1783081680000,1.14472,1.14476,1.14469,1.1447
1783081740000,1.1447,1.14477,1.14469,1.14477
1783081800000,1.14477,1.14481,1.14473,1.14476
1783081860000,1.14479,1.14479,1.1447,1.1447
1783081920000,1.14471,1.14471,1.14466,1.14466
1783081980000,1.14465,1.14468,1.14464,1.14464
1783082040000,1.14466,1.14477,1.14464,1.14477
1783082100000,1.14478,1.14485,1.14473,1.14482
1783082160000,1.14482,1.14485,1.1448,1.1448
1783082220000,1.14481,1.14483,1.1448,1.14483
1783082280000,1.14485,1.14493,1.14485,1.14492
1783082340000,1.14492,1.14505,1.14491,1.14502
1783082400000,1.14502,1.14507,1.14501,1.14502
1783082460000,1.14501,1.14501,1.14492,1.14498
1783082520000,1.14499,1.14499,1.14486,1.14486
1783082580000,1.14485,1.14485,1.14474,1.14477
1783082640000,1.14477,1.14479,1.14476,1.14477
1783082700000,1.14472,1.14483,1.14471,1.14483
1783082760000,1.14482,1.14487,1.14475,1.14487
1783082820000,1.14486,1.14487,1.14472,1.14472
1783082880000,1.14471,1.14478,1.14471,1.14476
1783082940000,1.14477,1.14485,1.14471,1.1448
1783083000000,1.14478,1.14483,1.14476,1.14481
1783083060000,1.14481,1.14489,1.14479,1.14489
1783083120000,1.14489,1.14492,1.14487,1.1449
1783083180000,1.14491,1.14491,1.14477,1.14481
1783083240000,1.14479,1.14494,1.14471,1.14487
1783083300000,1.14487,1.1449,1.14481,1.14486
1783083360000,1.14486,1.14487,1.14477,1.14487
1783083420000,1.14486,1.14488,1.14482,1.14484
1783083480000,1.14483,1.14484,1.14464,1.14464
1783083540000,1.14466,1.14476,1.14466,1.14468
1783083600000,1.14468,1.14473,1.14456,1.14466
1783083660000,1.14467,1.14467,1.14457,1.14465
1783083720000,1.14467,1.1448,1.14465,1.1447
1783083780000,1.1447,1.14473,1.14468,1.1447
1783083840000,1.14472,1.14472,1.14465,1.14466
1783083900000,1.14466,1.14467,1.14463,1.14467
1783083960000,1.14466,1.14466,1.14438,1.14444
1783084020000,1.14443,1.14443,1.14437,1.14443
1783084080000,1.14442,1.1445,1.14438,1.14438
1783084140000,1.14437,1.1444,1.14427,1.14438
1783084200000,1.14436,1.14436,1.14424,1.14427
1783084260000,1.14427,1.14427,1.14418,1.14421
1783084320000,1.14421,1.14437,1.14417,1.14435
1783084380000,1.14435,1.1444,1.14426,1.14439
1783084440000,1.1444,1.14448,1.1444,1.14443
1783084500000,1.14442,1.14442,1.14425,1.14427
1783084560000,1.14428,1.14433,1.14427,1.14428
1783084620000,1.14429,1.14432,1.1442,1.14421
1783084680000,1.14419,1.14421,1.14413,1.14415
1783084740000,1.14416,1.14423,1.14411,1.1442
1783084800000,1.14421,1.1443,1.14421,1.1443
1783084860000,1.14429,1.14431,1.14425,1.14431
1783084920000,1.14431,1.14443,1.14431,1.14431
1783084980000,1.14432,1.14438,1.14428,1.14431
1783085040000,1.14429,1.14432,1.14426,1.14432
1783085100000,1.14431,1.1444,1.14431,1.14438
1783085160000,1.14439,1.14441,1.14431,1.14432
1783085220000,1.14433,1.14439,1.14427,1.14439
1783085280000,1.1444,1.14443,1.14433,1.14433
1783085340000,1.14433,1.14437,1.14427,1.14436
1783085400000,1.14436,1.14437,1.14425,1.14426
1783085460000,1.14426,1.14434,1.14426,1.14428
1783085520000,1.14427,1.14427,1.14415,1.14418
1783085580000,1.14416,1.14418,1.1441,1.14416
1783085640000,1.14416,1.14422,1.14415,1.1442
1783085700000,1.1442,1.14426,1.1442,1.14425
1783085760000,1.14426,1.14428,1.14416,1.14416
1783085820000,1.14417,1.14418,1.14413,1.14415
1783085880000,1.14413,1.14416,1.14405,1.14405
1783085940000,1.14406,1.14409,1.144,1.14405
1783086000000,1.14406,1.14411,1.14405,1.14407
1783086060000,1.14407,1.1441,1.14407,1.14409
1783086120000,1.14409,1.14415,1.14407,1.14415
1783086180000,1.14416,1.14418,1.14413,1.14415
1783086240000,1.14415,1.14419,1.14415,1.14416
1783086300000,1.14415,1.1442,1.14409,1.1441
1783086360000,1.14411,1.14414,1.14407,1.1441
1783086420000,1.1441,1.1442,1.14409,1.1442
1783086480000,1.14418,1.14425,1.14415,1.14416
1783086540000,1.14415,1.14416,1.1441,1.14411
1783086600000,1.14411,1.14413,1.14411,1.14412
1783086660000,1.14412,1.14418,1.1441,1.14411
1783086720000,1.14409,1.14411,1.14396,1.144
1783086780000,1.14401,1.14402,1.14396,1.14396
1783086840000,1.14397,1.14397,1.14378,1.1438
1783086900000,1.14384,1.14412,1.14384,1.14406
1783086960000,1.14404,1.14412,1.14404,1.1441
1783087020000,1.14412,1.14412,1.14398,1.14398
1783087080000,1.14398,1.14398,1.14384,1.14385
1783087140000,1.14385,1.14404,1.1438,1.14403
1783087200000,1.14403,1.14405,1.14399,1.14403
1783087260000,1.14404,1.14404,1.14386,1.14389
1783087320000,1.14389,1.14392,1.14386,1.14389
1783087380000,1.14388,1.14405,1.14388,1.14405
1783087440000,1.14405,1.14411,1.14403,1.14405
1783087500000,1.14406,1.14416,1.14406,1.14413
1783087560000,1.14411,1.14411,1.14396,1.144
1783087620000,1.14401,1.14408,1.144,1.14403
1783087680000,1.14404,1.14412,1.14404,1.14407
1783087740000,1.14407,1.1442,1.14401,1.1442
1783087800000,1.1442,1.14425,1.14412,1.14412
1783087860000,1.14413,1.1442,1.14413,1.14419
1783087920000,1.1442,1.14421,1.14415,1.14421
1783087980000,1.14419,1.14424,1.14413,1.14416
1783088040000,1.14415,1.14415,1.14409,1.14412
1783088100000,1.14412,1.14428,1.14412,1.14428
1783088160000,1.14428,1.14438,1.14428,1.14434
1783088220000,1.14434,1.14436,1.14429,1.14436
1783088280000,1.14437,1.14439,1.1443,1.14431
1783088340000,1.14433,1.14433,1.14429,1.14433
1783088400000,1.14434,1.14437,1.14427,1.14436
1783088460000,1.14437,1.14447,1.14437,1.14447
1783088520000,1.14447,1.14447,1.14426,1.14427
1783088580000,1.14426,1.1443,1.1442,1.14426
1783088640000,1.14427,1.14432,1.14422,1.14431
1783088700000,1.14432,1.14448,1.1443,1.14446
1783088760000,1.14446,1.14452,1.14446,1.14452
1783088820000,1.14456,1.14476,1.14455,1.14475
1783088880000,1.14474,1.14475,1.14461,1.14463
1783088940000,1.14463,1.14469,1.14463,1.14467
1783089000000,1.14468,1.14478,1.14464,1.14466
1783089060000,1.14465,1.14465,1.1445,1.14452
1783089120000,1.1445,1.14456,1.1445,1.1445
1783089180000,1.14452,1.14464,1.1445,1.14461
1783089240000,1.14461,1.14473,1.14455,1.14468
1783089300000,1.14468,1.14469,1.14461,1.14461
1783089360000,1.14461,1.14462,1.1445,1.14452
1783089420000,1.14448,1.14451,1.14443,1.14444
1783089480000,1.14446,1.14446,1.14437,1.14437
1783089540000,1.14435,1.14442,1.14435,1.14441
1783089600000,1.1444,1.14446,1.14432,1.14446
1783089660000,1.14444,1.14454,1.14443,1.14452
1783089720000,1.14452,1.14453,1.1444,1.14443
1783089780000,1.14441,1.14449,1.14441,1.14446
1783089840000,1.14445,1.14448,1.14437,1.14437
1783089900000,1.14437,1.14447,1.14437,1.14445
1783089960000,1.14445,1.14447,1.14438,1.14439
1783090020000,1.1444,1.14448,1.1444,1.14446
1783090080000,1.14446,1.14448,1.14445,1.14446
1783090140000,1.14446,1.14447,1.14436,1.14437
1783090200000,1.14436,1.14445,1.14435,1.14436
1783090260000,1.14437,1.14441,1.14428,1.14431
1783090320000,1.14431,1.1444,1.1443,1.1443
1783090380000,1.14429,1.14437,1.14423,1.14426
1783090440000,1.14428,1.14434,1.14422,1.14433
1783090500000,1.14432,1.14438,1.14426,1.14432
1783090560000,1.1443,1.1443,1.14418,1.14422
1783090620000,1.1442,1.14423,1.1441,1.14422
1783090680000,1.14423,1.14432,1.14421,1.14428
1783090740000,1.14428,1.14428,1.14415,1.14415
1783090800000,1.14415,1.14435,1.14415,1.14433
1783090860000,1.14433,1.14434,1.14424,1.14434
1783090920000,1.14434,1.14438,1.14429,1.14431
1783090980000,1.1443,1.14433,1.14418,1.14423
1783091040000,1.14421,1.14422,1.14414,1.14416
1783091100000,1.14415,1.14416,1.14408,1.14408
1783091160000,1.14408,1.14418,1.14408,1.14418
1783091220000,1.14416,1.1443,1.14415,1.14429
1783091280000,1.14428,1.14432,1.14426,1.14428
1783091340000,1.14428,1.14436,1.14426,1.14432
1783091400000,1.14431,1.14442,1.14423,1.1444
1783091460000,1.14441,1.14445,1.14438,1.14444
1783091520000,1.14444,1.14444,1.14414,1.14419
1783091580000,1.14418,1.14418,1.14415,1.14416
1783091640000,1.14418,1.14419,1.14414,1.14417
1783091700000,1.14416,1.14422,1.14406,1.1442
1783091760000,1.14421,1.14424,1.14418,1.14422
1783091820000,1.14422,1.14438,1.14422,1.14433
1783091880000,1.14432,1.14433,1.14427,1.14427
1783091940000,1.14426,1.14427,1.14423,1.14427
1783092000000,1.14426,1.14426,1.14401,1.14401
1783092060000,1.144,1.14401,1.14399,1.14401
1783092120000,1.14402,1.14409,1.14394,1.14394
1783092180000,1.14395,1.14397,1.14393,1.14395
1783092240000,1.14396,1.14397,1.14393,1.14394
1783092300000,1.14392,1.14393,1.14386,1.14386
1783092360000,1.14388,1.14392,1.14388,1.14392
1783092420000,1.14393,1.14402,1.14391,1.14394
1783092480000,1.14393,1.144,1.14391,1.14398
1783092540000,1.14399,1.14408,1.14399,1.144
1783092600000,1.144,1.14407,1.144,1.14403
1783092660000,1.14405,1.14406,1.14396,1.14404
1783092720000,1.14402,1.14415,1.14395,1.14407
1783092780000,1.14407,1.1441,1.14407,1.14408
1783092840000,1.14409,1.14414,1.14405,1.14406
1783092900000,1.14407,1.14409,1.14403,1.14409
1783092960000,1.14409,1.14414,1.14409,1.14411
1783093020000,1.14412,1.14414,1.14409,1.1441
1783093080000,1.14411,1.14411,1.14404,1.14405
1783093140000,1.14404,1.14405,1.14401,1.14401
1783093200000,1.14402,1.14404,1.14402,1.14404
1783093260000,1.14404,1.14404,1.14399,1.14401
1783093320000,1.14401,1.14404,1.14397,1.14401
1783093380000,1.144,1.144,1.14395,1.14396
1783093440000,1.14393,1.14393,1.14386,1.14386
1783093500000,1.14386,1.14391,1.14386,1.14391
1783093560000,1.14393,1.14394,1.14389,1.14389
1783093620000,1.14388,1.14388,1.14385,1.14387
1783093680000,1.14385,1.14387,1.14381,1.14387
1783093740000,1.14389,1.14395,1.14389,1.14393
1783093800000,1.14394,1.14396,1.1439,1.14391
1783093860000,1.14391,1.14395,1.14385,1.14385
1783093920000,1.14385,1.14385,1.1438,1.14381
1783093980000,1.14382,1.14383,1.14377,1.14377
1783094040000,1.14378,1.14382,1.14376,1.1438
1783094100000,1.14381,1.14381,1.14355,1.14359
1783094160000,1.14358,1.14361,1.14348,1.14361
1783094220000,1.1436,1.14371,1.1436,1.14369
1783094280000,1.14368,1.1437,1.14365,1.14367
1783094340000,1.14367,1.14375,1.14359,1.1437
1783094400000,1.1437,1.1437,1.14364,1.14367
1783094460000,1.14366,1.1438,1.14365,1.14377
1783094520000,1.14376,1.14377,1.14368,1.14368
1783094580000,1.14369,1.14375,1.14362,1.14362
1783094640000,1.14365,1.14373,1.14365,1.14372
1783094700000,1.14372,1.14373,1.14366,1.14367
1783094760000,1.14369,1.14369,1.14365,1.14365
1783094820000,1.14366,1.14373,1.14366,1.14373
1783094880000,1.14374,1.14381,1.14374,1.14381
1783094940000,1.14383,1.14388,1.14383,1.14385
1783095000000,1.14384,1.14393,1.14384,1.1439
1783095060000,1.14392,1.14395,1.14383,1.14384
1783095120000,1.14384,1.1439,1.14384,1.14388
1783095180000,1.14387,1.14387,1.14386,1.14386
1783095240000,1.14385,1.14385,1.14381,1.14384
1783095300000,1.14384,1.14385,1.14383,1.14384
1783095360000,1.14384,1.14386,1.14379,1.14386
1783095420000,1.14386,1.14387,1.14386,1.14387
1783095480000,1.14386,1.14386,1.14377,1.14385
1783095540000,1.14385,1.14387,1.14385,1.14385
1783095600000,1.14387,1.14391,1.14387,1.1439
1783095660000,1.1439,1.1439,1.14383,1.14383
1783095720000,1.14383,1.14385,1.14381,1.14381
1783095780000,1.1438,1.14389,1.1438,1.14388
1783095840000,1.14388,1.14388,1.14377,1.14378
1783095900000,1.1438,1.14383,1.1438,1.14381
1783095960000,1.1438,1.14381,1.14376,1.14376
1783096020000,1.14377,1.1438,1.14371,1.14371
1783096080000,1.14372,1.14374,1.14372,1.14374
1783096140000,1.14374,1.14374,1.14369,1.14371
1783096200000,1.14371,1.14373,1.14368,1.14368
1783096260000,1.14373,1.14377,1.14373,1.14375
1783096320000,1.14376,1.14376,1.14372,1.14372
1783096380000,1.14372,1.14374,1.14372,1.14374
1783096440000,1.14372,1.14372,1.1437,1.14371
1783096500000,1.14371,1.14372,1.14371,1.14371
1783096560000,1.14369,1.1437,1.1436,1.1436
1783096620000,1.14362,1.14365,1.14362,1.14363
1783096680000,1.14362,1.14362,1.14359,1.14359
1783096740000,1.1436,1.14361,1.14359,1.14361
1783096800000,1.14361,1.14363,1.14358,1.14358
1783096860000,1.1436,1.14362,1.14358,1.14358
1783096920000,1.14359,1.14359,1.14357,1.14357
1783096980000,1.14358,1.14358,1.14353,1.14353
1783097040000,1.14354,1.14356,1.14354,1.14354
1783097100000,1.14355,1.14356,1.14353,1.14353
1783097160000,1.14353,1.14356,1.14352,1.14354
1783097220000,1.14354,1.14355,1.14352,1.14352
1783097280000,1.14353,1.14354,1.14353,1.14353
1783097340000,1.14354,1.14359,1.14354,1.14359
1783097400000,1.14359,1.14368,1.14359,1.14362
1783097460000,1.14362,1.14362,1.14359,1.14359
1783097520000,1.14362,1.14363,1.14359,1.14361
1783097580000,1.14362,1.14364,1.1436,1.14362
1783097640000,1.14363,1.14363,1.14363,1.14363
1783097700000,1.14364,1.14364,1.1436,1.14361
1783097760000,1.14361,1.14362,1.1436,1.14361
1783097820000,1.14361,1.14367,1.1436,1.14367
1783097880000,1.14367,1.14369,1.14367,1.14369
1783097940000,1.14369,1.14376,1.14369,1.14376
1783098000000,1.14378,1.14381,1.14376,1.1438
1783098060000,1.14381,1.14383,1.14375,1.14376
1783098120000,1.14377,1.14383,1.14375,1.14381
1783098180000,1.14382,1.14387,1.1438,1.14386
1783098240000,1.14384,1.14388,1.1438,1.14388
1783098300000,1.14387,1.14393,1.14387,1.1439
1783098360000,1.1439,1.14403,1.14389,1.14402
1783098420000,1.14403,1.14416,1.14402,1.14416
1783098480000,1.14416,1.14419,1.14402,1.14403
1783098540000,1.14404,1.14407,1.14402,1.14407
1783098600000,1.14406,1.14407,1.14395,1.14397
1783098660000,1.14397,1.14402,1.14396,1.14399
1783098720000,1.14401,1.14401,1.14399,1.144
1783098780000,1.14401,1.14402,1.14398,1.14399
1783098840000,1.14401,1.14401,1.14399,1.14399
1783098900000,1.14401,1.14402,1.14398,1.144
1783098960000,1.14402,1.14403,1.144,1.14401
1783099020000,1.14401,1.14403,1.14401,1.14402
1783099080000,1.14402,1.14405,1.14402,1.14404
1783099140000,1.14404,1.14405,1.14402,1.14403
1783099200000,1.14404,1.14405,1.14402,1.14405
1783099260000,1.14406,1.14411,1.14404,1.1441
1783099320000,1.14411,1.14413,1.14409,1.14409
1783099380000,1.14409,1.1441,1.14403,1.14405
1783099440000,1.14405,1.14406,1.14399,1.14399
1783099500000,1.14401,1.14401,1.14398,1.14401
1783099560000,1.14401,1.14403,1.14401,1.14402
1783099620000,1.14402,1.14405,1.144,1.144
1783099680000,1.14401,1.14404,1.144,1.14403
1783099740000,1.14403,1.14403,1.14397,1.14398
1783099800000,1.14399,1.144,1.14393,1.14395
1783099860000,1.14396,1.14398,1.14394,1.14394
1783099920000,1.14394,1.14398,1.14394,1.14398
1783099980000,1.14398,1.14398,1.14397,1.14397
1783100040000,1.14398,1.144,1.14397,1.14399
1783100100000,1.14398,1.14399,1.14392,1.14392
1783100160000,1.14393,1.14398,1.14391,1.14395
1783100220000,1.14395,1.144,1.14394,1.14398
1783100280000,1.14399,1.14401,1.14398,1.144
1783100340000,1.144,1.144,1.14395,1.14397
1783100400000,1.14398,1.14412,1.14396,1.1441
1783100460000,1.14411,1.14413,1.14408,1.14409
1783100520000,1.14409,1.14409,1.14406,1.14408
1783100580000,1.14409,1.14411,1.14406,1.14408
1783100640000,1.14408,1.14409,1.14401,1.14401
1783100700000,1.14403,1.14408,1.14401,1.14405
1783100760000,1.14405,1.14407,1.14401,1.14402
1783100820000,1.14403,1.14404,1.144,1.14403
1783100880000,1.144,1.14404,1.144,1.14403
1783100940000,1.14402,1.14403,1.144,1.14402
1783101000000,1.14401,1.14405,1.14399,1.14404
1783101060000,1.14405,1.14406,1.14395,1.14395
1783101120000,1.14396,1.14398,1.14395,1.14398
1783101180000,1.14398,1.14408,1.14393,1.14397
1783101240000,1.14397,1.14398,1.14396,1.14398
1783101300000,1.14396,1.14406,1.14396,1.14406
1783101360000,1.14406,1.14408,1.14404,1.14406
1783101420000,1.14405,1.14409,1.14401,1.14404
1783101480000,1.14403,1.14405,1.14401,1.14403
1783101540000,1.14403,1.14405,1.14398,1.144
1783101600000,1.14401,1.14409,1.144,1.14407
1783101660000,1.14407,1.14411,1.14406,1.14409
1783101720000,1.1441,1.14412,1.14406,1.14411
1783101780000,1.14408,1.1441,1.14407,1.14409
1783101840000,1.14408,1.14409,1.14403,1.14405
1783101900000,1.14405,1.14406,1.14399,1.14399
1783101960000,1.14399,1.14401,1.14397,1.144
1783102020000,1.144,1.14403,1.14398,1.14402
1783102080000,1.14403,1.14409,1.14403,1.14407
1783102140000,1.14408,1.14409,1.14393,1.14396
1783102200000,1.14396,1.14397,1.14392,1.14395
1783102260000,1.14395,1.14399,1.1439,1.1439
1783102320000,1.14392,1.14392,1.14382,1.14386
1783102380000,1.14386,1.14391,1.14377,1.14391
1783102440000,1.1439,1.1439,1.14386,1.14387
1783102500000,1.14388,1.14401,1.14387,1.14397
1783102560000,1.14397,1.14398,1.14394,1.14396
1783102620000,1.14396,1.14401,1.14395,1.14398
1783102680000,1.14399,1.14399,1.14394,1.14394
1783102740000,1.14395,1.14396,1.14392,1.14394
1783102800000,1.14395,1.14398,1.14393,1.14393
1783102860000,1.14393,1.14393,1.14389,1.14389
1783102920000,1.14392,1.14393,1.14389,1.1439
1783102980000,1.14391,1.14391,1.14389,1.1439
1783103040000,1.1439,1.14396,1.14389,1.14395
1783103100000,1.14396,1.14397,1.14395,1.14395
1783103160000,1.14395,1.14395,1.14393,1.14394
1783103220000,1.14393,1.14398,1.14393,1.14398
1783103280000,1.14396,1.14397,1.14391,1.14393
1783103340000,1.14393,1.14394,1.14392,1.14393
1783103400000,1.14392,1.14393,1.14391,1.14392
1783103460000,1.14392,1.14394,1.14392,1.14392
1783103520000,1.14393,1.14395,1.1439,1.14391
1783103580000,1.1439,1.14393,1.1439,1.14392
1783103640000,1.14392,1.14393,1.1439,1.14392
1783103700000,1.14393,1.14398,1.14393,1.14396
1783103760000,1.14397,1.14398,1.14394,1.14397
1783103820000,1.14398,1.14399,1.14396,1.14397
1783103880000,1.14399,1.14399,1.14396,1.14396
1783103940000,1.14395,1.14398,1.14394,1.14397
1783104000000,1.14397,1.14397,1.14395,1.14397
1783104060000,1.14397,1.14397,1.14394,1.14396
1783104120000,1.14397,1.14397,1.14394,1.14396
1783104180000,1.14395,1.14397,1.14394,1.14397
1783104240000,1.14397,1.14397,1.14391,1.14395
1783104300000,1.14396,1.14398,1.14395,1.14397
1783104360000,1.14399,1.14403,1.14395,1.14402
1783104420000,1.14401,1.14402,1.14395,1.14397
1783104480000,1.14398,1.14398,1.14395,1.14397
1783104540000,1.14395,1.14397,1.14395,1.14395
1783104600000,1.14396,1.14396,1.14387,1.14391
1783104660000,1.14391,1.14393,1.14381,1.14387
1783104720000,1.14385,1.14388,1.14383,1.14386
1783104780000,1.14388,1.14392,1.14384,1.14392
1783104840000,1.1439,1.14391,1.14384,1.14385
1783104900000,1.14386,1.14386,1.14381,1.14383
1783104960000,1.14383,1.14385,1.14381,1.14382
1783105020000,1.14383,1.14404,1.14381,1.14401
1783105080000,1.14401,1.14404,1.14391,1.14394
1783105140000,1.14393,1.14398,1.14387,1.14388
1783105200000,1.14388,1.14391,1.14382,1.14384
1783105260000,1.14385,1.14396,1.14379,1.14395
1783105320000,1.14396,1.14402,1.14395,1.144
1783105380000,1.144,1.14401,1.14399,1.144
1783105440000,1.144,1.144,1.14395,1.14398
1783105500000,1.14399,1.144,1.14398,1.14399
1783105560000,1.14398,1.144,1.14392,1.144
1783105620000,1.144,1.14402,1.14398,1.14399
1783105680000,1.144,1.144,1.14397,1.14398
1783105740000,1.14397,1.14398,1.14392,1.14394
1783105800000,1.14396,1.14396,1.14389,1.1439
1783105860000,1.14391,1.14391,1.1439,1.14391
1783105920000,1.14391,1.14393,1.1439,1.14391
1783105980000,1.1439,1.14394,1.1439,1.1439
1783106040000,1.1439,1.14391,1.1439,1.1439
1783106100000,1.14392,1.14392,1.14384,1.14385
1783106160000,1.14385,1.14385,1.14382,1.14384
1783106220000,1.14382,1.14384,1.14382,1.14382
1783106280000,1.14383,1.14388,1.14382,1.14385
1783106340000,1.14385,1.14386,1.14383,1.14383
1783106400000,1.14384,1.14386,1.14383,1.14385
1783106460000,1.14386,1.14387,1.14384,1.14386
1783106520000,1.14387,1.14387,1.14385,1.14386
1783106580000,1.14387,1.14387,1.14385,1.14387
1783106640000,1.14385,1.14386,1.14383,1.14384
1783106700000,1.14384,1.14385,1.14383,1.14383
1783106760000,1.14383,1.14384,1.14383,1.14384
1783106820000,1.14383,1.14386,1.14383,1.14386
1783106880000,1.14385,1.14386,1.14384,1.14384
1783106940000,1.14384,1.14384,1.14382,1.14384
1783107000000,1.14383,1.14383,1.14376,1.14377
1783107060000,1.14378,1.14379,1.14376,1.14379
1783107120000,1.14379,1.14381,1.14377,1.1438
1783107180000,1.14381,1.14382,1.1438,1.14382
1783107240000,1.14381,1.14382,1.14379,1.14381
1783107300000,1.14381,1.14383,1.14381,1.14382
1783107360000,1.14382,1.14382,1.1438,1.14381
1783107420000,1.1438,1.14381,1.1437,1.14374
1783107480000,1.14375,1.14377,1.1437,1.14373
1783107540000,1.14371,1.14377,1.14371,1.14375
1783107600000,1.14375,1.14376,1.14372,1.14376
1783107660000,1.14375,1.14377,1.14374,1.14374
1783107720000,1.14373,1.14377,1.14372,1.14377
1783107780000,1.14376,1.14378,1.14374,1.14378
1783107840000,1.14377,1.14378,1.14373,1.14378
1783107900000,1.14377,1.14378,1.14372,1.14377
1783107960000,1.14375,1.14377,1.14372,1.14374
1783108020000,1.14375,1.14379,1.14374,1.14377
1783108080000,1.14378,1.14378,1.14375,1.14378
1783108140000,1.14377,1.14378,1.14375,1.14377
1783108200000,1.14377,1.14378,1.14373,1.14378
1783108260000,1.14377,1.14378,1.14373,1.14376
1783108320000,1.14372,1.14374,1.14365,1.14371
1783108380000,1.1437,1.14372,1.14367,1.1437
1783108440000,1.14372,1.14372,1.14368,1.14369
1783108500000,1.14368,1.14382,1.14368,1.14381
1783108560000,1.14379,1.14381,1.14378,1.1438
1783108620000,1.14378,1.14381,1.14353,1.14356
1783108680000,1.14355,1.14371,1.14355,1.14364
1783108740000,1.14363,1.14368,1.14363,1.14363
1783108800000,1.14362,1.14362,1.14348,1.14356
1783108860000,1.14356,1.14358,1.1435,1.14352
1783108920000,1.14354,1.14357,1.14348,1.14354
1783108980000,1.14353,1.14357,1.1435,1.14352
1783109040000,1.14353,1.14359,1.14352,1.14356
1783109100000,1.14356,1.14358,1.14353,1.14355
1783109160000,1.14355,1.14364,1.14355,1.14364
1783109220000,1.14365,1.14371,1.14361,1.14364
1783109280000,1.14363,1.14365,1.14358,1.14364
1783109340000,1.14365,1.14366,1.14361,1.14361
1783109400000,1.14363,1.14365,1.14358,1.14359
1783109460000,1.1436,1.14373,1.14358,1.1436
1783109520000,1.1436,1.14361,1.14356,1.14357
1783109580000,1.14358,1.14358,1.14356,1.14358
1783109640000,1.14359,1.14363,1.14358,1.14363
1783109700000,1.14361,1.14361,1.14357,1.14358
1783109760000,1.14356,1.14357,1.14353,1.14355
1783109820000,1.14356,1.14356,1.1435,1.14352
1783109880000,1.14352,1.14359,1.14352,1.14352
1783109940000,1.14352,1.14355,1.14351,1.14353
1783110000000,1.14353,1.14362,1.14347,1.14356
1783110060000,1.14356,1.14358,1.14353,1.14357
1783110120000,1.14356,1.14359,1.1435,1.14358
1783110180000,1.14357,1.14361,1.14354,1.14357
1783110240000,1.14359,1.1436,1.1435,1.14359
1783110300000,1.14359,1.14365,1.14352,1.14363
1783110360000,1.14365,1.14365,1.14349,1.14355
1783110420000,1.14355,1.14359,1.14348,1.14358
1783110480000,1.14356,1.1436,1.14356,1.14359
1783110540000,1.14359,1.14362,1.14356,1.1436
1783110600000,1.1436,1.14363,1.14357,1.14361
1783110660000,1.14361,1.14361,1.14357,1.1436
1783110720000,1.14361,1.14363,1.14352,1.14356
1783110780000,1.14355,1.14358,1.14355,1.14356
1783110840000,1.14358,1.14358,1.14357,1.14358
1783110900000,1.14358,1.14358,1.14357,1.14357
1783110960000,1.14357,1.14359,1.14356,1.14357
1783111020000,1.14357,1.14359,1.14357,1.14358
1783111080000,1.14358,1.14359,1.14357,1.14359
1783111140000,1.14359,1.14359,1.14352,1.14354
1783111200000,1.14355,1.14364,1.14353,1.14363
1783111260000,1.14363,1.14363,1.14359,1.14363
1783111320000,1.14361,1.14364,1.14361,1.14363
1783111380000,1.14362,1.14364,1.14359,1.14362
1783111440000,1.14361,1.14363,1.14361,1.14363
1783111500000,1.14362,1.14364,1.14362,1.14364
1783111560000,1.14363,1.14364,1.14329,1.14354
1783111620000,1.14354,1.14357,1.14338,1.14344
1783111680000,1.14344,1.14359,1.14337,1.14349
1783111740000,1.14349,1.14354,1.14337,1.14351
1783111800000,1.14349,1.14353,1.14349,1.14352
1783111860000,1.14352,1.14354,1.14343,1.14352
1783111920000,1.14352,1.14356,1.14342,1.14355
1783111980000,1.14355,1.14358,1.14355,1.14357
1783112040000,1.1435,1.14358,1.14336,1.14353
1783112100000,1.14352,1.14361,1.14352,1.14361
1783112160000,1.14363,1.14364,1.14363,1.14364
1783112220000,1.14363,1.14366,1.14356,1.14362
1783112280000,1.14361,1.14361,1.14356,1.14359
1783112340000,1.14359,1.14364,1.14335,1.14337
1783112400000,1.14337,1.14337,1.14337,1.14337
1783112460000,1.14337,1.14337,1.14337,1.14337
1783112520000,1.14337,1.14337,1.14337,1.14337
1783112580000,1.14337,1.14337,1.14337,1.14337
1783112640000,1.14337,1.14337,1.14337,1.14337
1783112700000,1.14337,1.14337,1.14337,1.14337
1783112760000,1.14337,1.14337,1.14337,1.14337
1783112820000,1.14337,1.14337,1.14337,1.14337
1783112880000,1.14337,1.14337,1.14337,1.14337
1783112940000,1.14337,1.14337,1.14337,1.14337
1783113000000,1.14337,1.14337,1.14337,1.14337
1783113060000,1.14337,1.14337,1.14337,1.14337
1783113120000,1.14337,1.14337,1.14337,1.14337
1783113180000,1.14337,1.14337,1.14337,1.14337
1783113240000,1.14337,1.14337,1.14337,1.14337
1783113300000,1.14337,1.14337,1.14337,1.14337
1783113360000,1.14337,1.14337,1.14337,1.14337
1783113420000,1.14337,1.14337,1.14337,1.14337
1783113480000,1.14337,1.14337,1.14337,1.14337
1783113540000,1.14337,1.14337,1.14337,1.14337
1783113600000,1.14337,1.14337,1.14337,1.14337
1783113660000,1.14337,1.14337,1.14337,1.14337
1783113720000,1.14337,1.14337,1.14337,1.14337
1783113780000,1.14337,1.14337,1.14337,1.14337
1783113840000,1.14337,1.14337,1.14337,1.14337
1783113900000,1.14337,1.14337,1.14337,1.14337
1783113960000,1.14337,1.14337,1.14337,1.14337
1783114020000,1.14337,1.14337,1.14337,1.14337
1783114080000,1.14337,1.14337,1.14337,1.14337
1783114140000,1.14337,1.14337,1.14337,1.14337
1783114200000,1.14337,1.14337,1.14337,1.14337
1783114260000,1.14337,1.14337,1.14337,1.14337
1783114320000,1.14337,1.14337,1.14337,1.14337
1783114380000,1.14337,1.14337,1.14337,1.14337
1783114440000,1.14337,1.14337,1.14337,1.14337
1783114500000,1.14337,1.14337,1.14337,1.14337
1783114560000,1.14337,1.14337,1.14337,1.14337
1783114620000,1.14337,1.14337,1.14337,1.14337
1783114680000,1.14337,1.14337,1.14337,1.14337
1783114740000,1.14337,1.14337,1.14337,1.14337
1783114800000,1.14337,1.14337,1.14337,1.14337
1783114860000,1.14337,1.14337,1.14337,1.14337
1783114920000,1.14337,1.14337,1.14337,1.14337
1783114980000,1.14337,1.14337,1.14337,1.14337
1783115040000,1.14337,1.14337,1.14337,1.14337
1783115100000,1.14337,1.14337,1.14337,1.14337
1783115160000,1.14337,1.14337,1.14337,1.14337
1783115220000,1.14337,1.14337,1.14337,1.14337
1783115280000,1.14337,1.14337,1.14337,1.14337
1783115340000,1.14337,1.14337,1.14337,1.14337
1783115400000,1.14337,1.14337,1.14337,1.14337
1783115460000,1.14337,1.14337,1.14337,1.14337
1783115520000,1.14337,1.14337,1.14337,1.14337
1783115580000,1.14337,1.14337,1.14337,1.14337
1783115640000,1.14337,1.14337,1.14337,1.14337
1783115700000,1.14337,1.14337,1.14337,1.14337
1783115760000,1.14337,1.14337,1.14337,1.14337
1783115820000,1.14337,1.14337,1.14337,1.14337
1783115880000,1.14337,1.14337,1.14337,1.14337
1783115940000,1.14337,1.14337,1.14337,1.14337
1783116000000,1.14337,1.14337,1.14337,1.14337
1783116060000,1.14337,1.14337,1.14337,1.14337
1783116120000,1.14337,1.14337,1.14337,1.14337
1783116180000,1.14337,1.14337,1.14337,1.14337
1783116240000,1.14337,1.14337,1.14337,1.14337
1783116300000,1.14337,1.14337,1.14337,1.14337
1783116360000,1.14337,1.14337,1.14337,1.14337
1783116420000,1.14337,1.14337,1.14337,1.14337
1783116480000,1.14337,1.14337,1.14337,1.14337
1783116540000,1.14337,1.14337,1.14337,1.14337
1783116600000,1.14337,1.14337,1.14337,1.14337
1783116660000,1.14337,1.14337,1.14337,1.14337
1783116720000,1.14337,1.14337,1.14337,1.14337
1783116780000,1.14337,1.14337,1.14337,1.14337
1783116840000,1.14337,1.14337,1.14337,1.14337
1783116900000,1.14337,1.14337,1.14337,1.14337
1783116960000,1.14337,1.14337,1.14337,1.14337
1783117020000,1.14337,1.14337,1.14337,1.14337
1783117080000,1.14337,1.14337,1.14337,1.14337
1783117140000,1.14337,1.14337,1.14337,1.14337
1783117200000,1.14337,1.14337,1.14337,1.14337
1783117260000,1.14337,1.14337,1.14337,1.14337
1783117320000,1.14337,1.14337,1.14337,1.14337
1783117380000,1.14337,1.14337,1.14337,1.14337
1783117440000,1.14337,1.14337,1.14337,1.14337
1783117500000,1.14337,1.14337,1.14337,1.14337
1783117560000,1.14337,1.14337,1.14337,1.14337
1783117620000,1.14337,1.14337,1.14337,1.14337
1783117680000,1.14337,1.14337,1.14337,1.14337
1783117740000,1.14337,1.14337,1.14337,1.14337
1783117800000,1.14337,1.14337,1.14337,1.14337
1783117860000,1.14337,1.14337,1.14337,1.14337
1783117920000,1.14337,1.14337,1.14337,1.14337
1783117980000,1.14337,1.14337,1.14337,1.14337
1783118040000,1.14337,1.14337,1.14337,1.14337
1783118100000,1.14337,1.14337,1.14337,1.14337
1783118160000,1.14337,1.14337,1.14337,1.14337
1783118220000,1.14337,1.14337,1.14337,1.14337
1783118280000,1.14337,1.14337,1.14337,1.14337
1783118340000,1.14337,1.14337,1.14337,1.14337
1783118400000,1.14337,1.14337,1.14337,1.14337
1783118460000,1.14337,1.14337,1.14337,1.14337
1783118520000,1.14337,1.14337,1.14337,1.14337
1783118580000,1.14337,1.14337,1.14337,1.14337
1783118640000,1.14337,1.14337,1.14337,1.14337
1783118700000,1.14337,1.14337,1.14337,1.14337
1783118760000,1.14337,1.14337,1.14337,1.14337
1783118820000,1.14337,1.14337,1.14337,1.14337
1783118880000,1.14337,1.14337,1.14337,1.14337
1783118940000,1.14337,1.14337,1.14337,1.14337
1783119000000,1.14337,1.14337,1.14337,1.14337
1783119060000,1.14337,1.14337,1.14337,1.14337
1783119120000,1.14337,1.14337,1.14337,1.14337
1783119180000,1.14337,1.14337,1.14337,1.14337
1783119240000,1.14337,1.14337,1.14337,1.14337
1783119300000,1.14337,1.14337,1.14337,1.14337
1783119360000,1.14337,1.14337,1.14337,1.14337
1783119420000,1.14337,1.14337,1.14337,1.14337
1783119480000,1.14337,1.14337,1.14337,1.14337
1783119540000,1.14337,1.14337,1.14337,1.14337
1783119600000,1.14337,1.14337,1.14337,1.14337
1783119660000,1.14337,1.14337,1.14337,1.14337
1783119720000,1.14337,1.14337,1.14337,1.14337
1783119780000,1.14337,1.14337,1.14337,1.14337
1783119840000,1.14337,1.14337,1.14337,1.14337
1783119900000,1.14337,1.14337,1.14337,1.14337
1783119960000,1.14337,1.14337,1.14337,1.14337
1783120020000,1.14337,1.14337,1.14337,1.14337
1783120080000,1.14337,1.14337,1.14337,1.14337
1783120140000,1.14337,1.14337,1.14337,1.14337
1783120200000,1.14337,1.14337,1.14337,1.14337
1783120260000,1.14337,1.14337,1.14337,1.14337
1783120320000,1.14337,1.14337,1.14337,1.14337
1783120380000,1.14337,1.14337,1.14337,1.14337
1783120440000,1.14337,1.14337,1.14337,1.14337
1783120500000,1.14337,1.14337,1.14337,1.14337
1783120560000,1.14337,1.14337,1.14337,1.14337
1783120620000,1.14337,1.14337,1.14337,1.14337
1783120680000,1.14337,1.14337,1.14337,1.14337
1783120740000,1.14337,1.14337,1.14337,1.14337
1783120800000,1.14337,1.14337,1.14337,1.14337
1783120860000,1.14337,1.14337,1.14337,1.14337
1783120920000,1.14337,1.14337,1.14337,1.14337
1783120980000,1.14337,1.14337,1.14337,1.14337
1783121040000,1.14337,1.14337,1.14337,1.14337
1783121100000,1.14337,1.14337,1.14337,1.14337
1783121160000,1.14337,1.14337,1.14337,1.14337
1783121220000,1.14337,1.14337,1.14337,1.14337
1783121280000,1.14337,1.14337,1.14337,1.14337
1783121340000,1.14337,1.14337,1.14337,1.14337
1783121400000,1.14337,1.14337,1.14337,1.14337
1783121460000,1.14337,1.14337,1.14337,1.14337
1783121520000,1.14337,1.14337,1.14337,1.14337
1783121580000,1.14337,1.14337,1.14337,1.14337
1783121640000,1.14337,1.14337,1.14337,1.14337
1783121700000,1.14337,1.14337,1.14337,1.14337
1783121760000,1.14337,1.14337,1.14337,1.14337
1783121820000,1.14337,1.14337,1.14337,1.14337
1783121880000,1.14337,1.14337,1.14337,1.14337
1783121940000,1.14337,1.14337,1.14337,1.14337
1783122000000,1.14337,1.14337,1.14337,1.14337
1783122060000,1.14337,1.14337,1.14337,1.14337
1783122120000,1.14337,1.14337,1.14337,1.14337
1783122180000,1.14337,1.14337,1.14337,1.14337
1783122240000,1.14337,1.14337,1.14337,1.14337
1783122300000,1.14337,1.14337,1.14337,1.14337
1783122360000,1.14337,1.14337,1.14337,1.14337
1783122420000,1.14337,1.14337,1.14337,1.14337
1783122480000,1.14337,1.14337,1.14337,1.14337
1783122540000,1.14337,1.14337,1.14337,1.14337
1783122600000,1.14337,1.14337,1.14337,1.14337
1783122660000,1.14337,1.14337,1.14337,1.14337
1783122720000,1.14337,1.14337,1.14337,1.14337
1783122780000,1.14337,1.14337,1.14337,1.14337
1783122840000,1.14337,1.14337,1.14337,1.14337
1783122900000,1.14337,1.14337,1.14337,1.14337
1783122960000,1.14337,1.14337,1.14337,1.14337
1783123020000,1.14337,1.14337,1.14337,1.14337
1783123080000,1.14337,1.14337,1.14337,1.14337
1783123140000,1.14337,1.14337,1.14337,1.14337
1783296000000,1.14366,1.14372,1.14354,1.14355
1783296060000,1.14354,1.14373,1.14354,1.14364
1783296120000,1.14365,1.14374,1.14362,1.14368
1783296180000,1.14367,1.1437,1.14356,1.14365
1783296240000,1.14366,1.14367,1.14351,1.14351
1783296300000,1.14352,1.14359,1.14352,1.14355
1783296360000,1.14353,1.14353,1.14345,1.14346
1783296420000,1.14347,1.1435,1.14344,1.14345
1783296480000,1.14344,1.14348,1.14344,1.14346
1783296540000,1.14345,1.14347,1.14329,1.14331
1783296600000,1.1433,1.14341,1.14327,1.14341
1783296660000,1.14341,1.14345,1.14341,1.14345
1783296720000,1.14345,1.14351,1.1434,1.14351
1783296780000,1.14352,1.14364,1.14351,1.14364
1783296840000,1.14363,1.14363,1.14356,1.14362
1783296900000,1.1436,1.14376,1.1436,1.14376
1783296960000,1.14376,1.14402,1.14372,1.14401
1783297020000,1.14401,1.1441,1.14394,1.14394
1783297080000,1.14394,1.14394,1.14378,1.14381
1783297140000,1.1438,1.14388,1.14379,1.14385
1783297200000,1.14385,1.14391,1.14381,1.14391
1783297260000,1.14389,1.1439,1.14381,1.1439
1783297320000,1.1439,1.1439,1.14385,1.14388
1783297380000,1.14386,1.14388,1.1438,1.14381
1783297440000,1.14381,1.14384,1.14376,1.14382
1783297500000,1.14381,1.14382,1.14375,1.14376
1783297560000,1.14375,1.14375,1.14365,1.14365
1783297620000,1.14364,1.14378,1.14364,1.14376
1783297680000,1.14375,1.14381,1.14374,1.14379
1783297740000,1.1438,1.14385,1.14376,1.14385
1783297800000,1.14384,1.14404,1.14384,1.14398
1783297860000,1.14395,1.14396,1.14382,1.14388
1783297920000,1.1439,1.14397,1.14388,1.14395
1783297980000,1.14396,1.14403,1.1439,1.1439
1783298040000,1.1439,1.1439,1.14382,1.14386
1783298100000,1.14386,1.14386,1.14376,1.14383
1783298160000,1.14382,1.14388,1.14376,1.14388
1783298220000,1.1439,1.144,1.14389,1.14399
1783298280000,1.14399,1.14402,1.14385,1.14385
1783298340000,1.14386,1.14396,1.14386,1.14394
1783298400000,1.14395,1.14403,1.14394,1.14402
1783298460000,1.14401,1.14405,1.144,1.14404
1783298520000,1.14404,1.14406,1.14397,1.14404
1783298580000,1.14402,1.14402,1.14395,1.14395
1783298640000,1.14395,1.14399,1.14393,1.14395
1783298700000,1.14397,1.144,1.14394,1.14394
1783298760000,1.14395,1.14401,1.14395,1.14399
1783298820000,1.144,1.144,1.14394,1.14395
1783298880000,1.14395,1.14398,1.14388,1.14388
1783298940000,1.14386,1.14386,1.14374,1.14382
1783299000000,1.14381,1.14383,1.14371,1.14374
1783299060000,1.14376,1.14382,1.14375,1.14376
1783299120000,1.14376,1.14386,1.1437,1.14383
1783299180000,1.14384,1.14386,1.14378,1.14386
1783299240000,1.14385,1.14389,1.14371,1.14382
1783299300000,1.14384,1.14395,1.14378,1.14393
1783299360000,1.14394,1.144,1.1438,1.14382
1783299420000,1.14383,1.14391,1.14381,1.1439
1783299480000,1.14392,1.14392,1.14381,1.14383
1783299540000,1.14383,1.14389,1.14377,1.1438
1783299600000,1.14382,1.14383,1.14369,1.14372
1783299660000,1.14373,1.14378,1.14371,1.14374
1783299720000,1.14372,1.14376,1.14369,1.14375
1783299780000,1.14374,1.14374,1.14367,1.14369
1783299840000,1.14369,1.14373,1.14364,1.14366
1783299900000,1.14366,1.1437,1.1436,1.14362
1783299960000,1.14361,1.14369,1.14358,1.14359
1783300020000,1.1436,1.14364,1.14354,1.14355
1783300080000,1.14354,1.14369,1.14354,1.14362
1783300140000,1.1436,1.14365,1.14358,1.14365
1783300200000,1.14365,1.14386,1.14365,1.14381
1783300260000,1.14381,1.14381,1.14369,1.14369
1783300320000,1.14366,1.1437,1.14354,1.1436
1783300380000,1.14361,1.14366,1.14356,1.14366
1783300440000,1.14366,1.1437,1.14365,1.14367
1783300500000,1.14365,1.14365,1.14358,1.1436
1783300560000,1.1436,1.14366,1.1435,1.1435
1783300620000,1.14349,1.1435,1.14341,1.14341
1783300680000,1.14343,1.14352,1.14343,1.14351
1783300740000,1.14352,1.14356,1.14344,1.14347
1783300800000,1.14348,1.14348,1.1433,1.14336
1783300860000,1.14337,1.14337,1.14319,1.1432
1783300920000,1.1432,1.14324,1.14318,1.14319
1783300980000,1.14321,1.14322,1.14316,1.14316
1783301040000,1.14319,1.14327,1.14319,1.14326
1783301100000,1.14327,1.1433,1.1432,1.1432
1783301160000,1.14321,1.14321,1.14306,1.14311
1783301220000,1.14311,1.14311,1.14308,1.14308
1783301280000,1.14309,1.14316,1.14307,1.14315
1783301340000,1.14314,1.14316,1.14309,1.14316
1783301400000,1.14315,1.1432,1.14306,1.14311
1783301460000,1.1431,1.14325,1.1431,1.14325
1783301520000,1.14326,1.1433,1.1432,1.14323
1783301580000,1.14325,1.14326,1.1432,1.14324
1783301640000,1.14325,1.14325,1.14313,1.14318
1783301700000,1.14317,1.14324,1.14315,1.14316
1783301760000,1.14317,1.14324,1.14317,1.14323
1783301820000,1.14325,1.1434,1.14325,1.1434
1783301880000,1.1434,1.14345,1.14338,1.14342
1783301940000,1.14343,1.14347,1.1434,1.14347
1783302000000,1.14347,1.14349,1.1434,1.14342
1783302060000,1.14342,1.14347,1.14338,1.14341
1783302120000,1.1434,1.1434,1.14334,1.14339
1783302180000,1.14338,1.14341,1.14332,1.14336
1783302240000,1.14336,1.14343,1.14334,1.14339
1783302300000,1.14338,1.1434,1.14327,1.14327
1783302360000,1.14327,1.14327,1.14322,1.14324
1783302420000,1.14325,1.14335,1.14325,1.14335
1783302480000,1.14335,1.14336,1.14326,1.14329
1783302540000,1.14328,1.1433,1.14316,1.14317
1783302600000,1.14317,1.14318,1.14309,1.1431
1783302660000,1.1431,1.14311,1.14302,1.14311
1783302720000,1.14311,1.14311,1.14304,1.14306
1783302780000,1.14308,1.14316,1.14304,1.14305
1783302840000,1.14305,1.14308,1.14304,1.14306
1783302900000,1.14308,1.1431,1.143,1.14301
1783302960000,1.14301,1.14305,1.14299,1.14301
1783303020000,1.14301,1.14302,1.14292,1.14296
1783303080000,1.14293,1.14295,1.14283,1.14286
1783303140000,1.14285,1.14287,1.14284,1.14285
1783303200000,1.14284,1.14295,1.14282,1.14295
1783303260000,1.14295,1.14295,1.14289,1.14294
1783303320000,1.14291,1.143,1.1429,1.14296
1783303380000,1.14296,1.14298,1.14293,1.14297
1783303440000,1.14298,1.143,1.14294,1.14294
1783303500000,1.14294,1.14294,1.14284,1.14288
1783303560000,1.14287,1.14288,1.14282,1.14283
1783303620000,1.14283,1.14283,1.14274,1.1428
1783303680000,1.14281,1.14286,1.14279,1.14284
1783303740000,1.14286,1.14291,1.14279,1.14289
1783303800000,1.14291,1.14293,1.14284,1.14292
1783303860000,1.14293,1.14299,1.14287,1.14298
1783303920000,1.14296,1.14298,1.14289,1.14289
1783303980000,1.1429,1.14294,1.14289,1.14293
1783304040000,1.14294,1.14298,1.14292,1.14296
1783304100000,1.14296,1.14297,1.14289,1.14295
1783304160000,1.14294,1.14294,1.14286,1.14291
1783304220000,1.1429,1.14297,1.14287,1.14297
1783304280000,1.14295,1.143,1.1429,1.143
1783304340000,1.14299,1.14301,1.14297,1.14299
1783304400000,1.143,1.14306,1.143,1.14306
1783304460000,1.14306,1.14307,1.14299,1.143
1783304520000,1.14302,1.14303,1.143,1.14301
1783304580000,1.14302,1.14302,1.14295,1.14295
1783304640000,1.14296,1.14297,1.1429,1.14291
1783304700000,1.14291,1.14298,1.14291,1.14295
1783304760000,1.14297,1.14299,1.14294,1.14296
1783304820000,1.14295,1.14297,1.14292,1.14292
1783304880000,1.14293,1.14299,1.14293,1.14294
1783304940000,1.14293,1.14293,1.1429,1.14292
1783305000000,1.14291,1.14296,1.14288,1.14294
1783305060000,1.14293,1.14296,1.1429,1.14293
1783305120000,1.14293,1.14296,1.14293,1.14296
1783305180000,1.14299,1.14301,1.14297,1.14298
1783305240000,1.14299,1.143,1.14296,1.14297
1783305300000,1.14299,1.14304,1.14294,1.14294
1783305360000,1.14293,1.14296,1.1429,1.14295
1783305420000,1.14296,1.14296,1.14292,1.14293
1783305480000,1.14296,1.14297,1.14293,1.14297
1783305540000,1.14298,1.143,1.14295,1.14295
1783305600000,1.14296,1.14296,1.14286,1.14287
1783305660000,1.14288,1.14298,1.14287,1.14298
1783305720000,1.14298,1.143,1.14295,1.14297
1783305780000,1.14298,1.143,1.14297,1.14298
1783305840000,1.14297,1.14298,1.14292,1.14295
1783305900000,1.14295,1.14306,1.14295,1.14306
1783305960000,1.14306,1.14308,1.14306,1.14308
1783306020000,1.14307,1.14312,1.14307,1.14307
1783306080000,1.14307,1.1431,1.14307,1.1431
1783306140000,1.1431,1.14311,1.14307,1.14308
1783306200000,1.14309,1.14311,1.14305,1.14305
1783306260000,1.14305,1.14321,1.14305,1.1432
1783306320000,1.1432,1.14331,1.1432,1.14331
1783306380000,1.1433,1.14335,1.14327,1.14331
1783306440000,1.14331,1.14332,1.1433,1.1433
1783306500000,1.1433,1.14334,1.1433,1.14332
1783306560000,1.14331,1.14331,1.14327,1.1433
1783306620000,1.14332,1.14347,1.14332,1.14344
1783306680000,1.14344,1.14348,1.14344,1.14348
1783306740000,1.14347,1.1435,1.14336,1.14336
1783332000000,1.14132,1.14141,1.14126,1.14141
1783332060000,1.14142,1.14144,1.14137,1.14142
1783332120000,1.14143,1.14145,1.1411,1.14111
1783332180000,1.14111,1.1412,1.14111,1.14116
1783332240000,1.14116,1.14123,1.14114,1.14121
1783332300000,1.14121,1.14129,1.1411,1.1411
1783332360000,1.1411,1.14113,1.141,1.141
1783332420000,1.14102,1.14121,1.14096,1.14117
1783332480000,1.14116,1.14122,1.14115,1.14122
1783332540000,1.14124,1.14126,1.1412,1.14122
1783332600000,1.14122,1.14125,1.1412,1.14121
1783332660000,1.14122,1.14129,1.14118,1.14126
1783332720000,1.14127,1.14134,1.14127,1.14127
1783332780000,1.14127,1.1413,1.14125,1.14129
1783332840000,1.14128,1.14159,1.14127,1.14157
1783332900000,1.14155,1.14156,1.14142,1.14154
1783332960000,1.14159,1.14176,1.14159,1.14173
1783333020000,1.14171,1.14182,1.14171,1.14178
1783333080000,1.14176,1.14185,1.14165,1.1418
1783333140000,1.1418,1.14188,1.14178,1.14178
1783333200000,1.14176,1.14177,1.14166,1.14168
1783333260000,1.14168,1.14172,1.14167,1.14171
1783333320000,1.14173,1.14192,1.14173,1.14189
1783333380000,1.14188,1.14192,1.14186,1.14189
1783333440000,1.14187,1.14198,1.14182,1.14195
1783333500000,1.14195,1.14198,1.14183,1.14183
1783333560000,1.14186,1.14187,1.14178,1.14181
1783333620000,1.14179,1.14183,1.14174,1.14174
1783333680000,1.14174,1.14175,1.14165,1.14165
1783333740000,1.14165,1.14167,1.14156,1.14156
1783333800000,1.14155,1.14165,1.14154,1.14161
1783333860000,1.1416,1.14177,1.1416,1.14177
1783333920000,1.14177,1.1418,1.14175,1.14175
1783333980000,1.14177,1.14186,1.14176,1.14186
1783334040000,1.14186,1.14196,1.14186,1.14193
1783334100000,1.14193,1.14194,1.14191,1.14191
1783334160000,1.14191,1.14207,1.14191,1.14207
1783334220000,1.14208,1.14208,1.142,1.14202
1783334280000,1.14202,1.14202,1.14195,1.14195
1783334340000,1.14197,1.142,1.1419,1.14198
1783334400000,1.14196,1.14198,1.14187,1.14188
1783334460000,1.14186,1.14196,1.14186,1.14191
1783334520000,1.14191,1.14191,1.14187,1.14188
1783334580000,1.14187,1.14195,1.14185,1.1419
1783334640000,1.14191,1.14193,1.14187,1.1419
1783334700000,1.1419,1.14195,1.14182,1.14182
1783334760000,1.14183,1.1419,1.14182,1.1419
1783334820000,1.14189,1.14192,1.14186,1.14188
1783334880000,1.14189,1.14193,1.14187,1.14187
1783334940000,1.14187,1.14194,1.14186,1.14186
1783335000000,1.14184,1.14184,1.14179,1.1418
1783335060000,1.14181,1.14181,1.1417,1.1417
1783335120000,1.14173,1.14202,1.14173,1.14202
1783335180000,1.14199,1.14199,1.14184,1.14185
1783335240000,1.14187,1.14207,1.14186,1.14207
1783335300000,1.14206,1.14206,1.14196,1.14204
1783335360000,1.14204,1.14212,1.14196,1.14202
1783335420000,1.14201,1.14204,1.14192,1.14194
1783335480000,1.14194,1.14204,1.14192,1.14199
1783335540000,1.142,1.142,1.14191,1.14195
1783335600000,1.14195,1.14202,1.14192,1.14201
1783335660000,1.142,1.142,1.14176,1.14176
1783335720000,1.14176,1.14184,1.14173,1.14181
1783335780000,1.14181,1.14184,1.14179,1.14182
1783335840000,1.14183,1.14187,1.14178,1.14178
1783335900000,1.14176,1.14176,1.14163,1.14164
1783335960000,1.14166,1.14171,1.14156,1.14171
1783336020000,1.14172,1.14185,1.14172,1.14177
1783336080000,1.14177,1.14177,1.14168,1.14168
1783336140000,1.14169,1.14177,1.14168,1.14176
1783336200000,1.14175,1.14183,1.14171,1.14177
1783336260000,1.14176,1.14181,1.14171,1.14173
1783336320000,1.14174,1.14184,1.14174,1.1418
1783336380000,1.14182,1.14185,1.14174,1.14177
1783336440000,1.14176,1.14186,1.14174,1.14186
1783336500000,1.14187,1.14193,1.14178,1.14178
1783336560000,1.14176,1.14176,1.14159,1.14161
1783336620000,1.1416,1.14171,1.14159,1.14171
1783336680000,1.1417,1.14173,1.14169,1.14172
1783336740000,1.1417,1.14172,1.14165,1.1417
1783336800000,1.1417,1.14176,1.14167,1.14174
1783336860000,1.14176,1.14176,1.14166,1.1417
1783336920000,1.14171,1.14178,1.14168,1.14169
1783336980000,1.14171,1.14182,1.14171,1.14179
1783337040000,1.14177,1.14178,1.14169,1.14171
1783337100000,1.1417,1.1418,1.14168,1.14179
1783337160000,1.14178,1.1419,1.14176,1.14185
1783337220000,1.14185,1.14186,1.14176,1.14177
1783337280000,1.14177,1.14186,1.14177,1.14181
1783337340000,1.14183,1.14185,1.14175,1.1418
1783337400000,1.14181,1.14187,1.14175,1.14186
1783337460000,1.14185,1.14189,1.14181,1.14183
1783337520000,1.14183,1.14183,1.14176,1.14176
1783337580000,1.14178,1.14191,1.14176,1.14189
1783337640000,1.1419,1.14192,1.14189,1.1419
1783337700000,1.14191,1.14191,1.14184,1.14185
1783337760000,1.14182,1.14182,1.14159,1.14164
1783337820000,1.14163,1.14166,1.1415,1.14151
1783337880000,1.14151,1.14152,1.14145,1.14146
1783337940000,1.14145,1.14146,1.1414,1.14145
1783338000000,1.14145,1.14163,1.14145,1.1416
1783338060000,1.1416,1.14168,1.14157,1.1416
1783338120000,1.1416,1.14162,1.14154,1.1416
1783338180000,1.1416,1.14162,1.14144,1.14145
1783338240000,1.14142,1.14151,1.14139,1.14143
1783338300000,1.14145,1.14151,1.14141,1.14141
1783338360000,1.14142,1.14144,1.14136,1.14144
1783338420000,1.14144,1.14151,1.14134,1.14136
1783338480000,1.14136,1.14151,1.14132,1.14148
1783338540000,1.14148,1.1415,1.14136,1.14136
1783338600000,1.14137,1.14137,1.14123,1.14124
1783338660000,1.14124,1.1413,1.14118,1.1413
1783338720000,1.1413,1.1413,1.14123,1.14125
1783338780000,1.14125,1.14131,1.14121,1.14129
1783338840000,1.1413,1.14136,1.14125,1.14132
1783338900000,1.14131,1.1414,1.14131,1.14136
1783338960000,1.14136,1.14142,1.14128,1.14128
1783339020000,1.14129,1.14165,1.14128,1.14156
1783339080000,1.14155,1.14165,1.14149,1.14163
1783339140000,1.14165,1.14166,1.1415,1.14151
