timestamp,open,high,low,close
1781654400000,1.3425,1.34263,1.34236,1.3424
1781654460000,1.34238,1.34258,1.34236,1.34252
1781654520000,1.34253,1.34259,1.34249,1.3425
1781654580000,1.34252,1.34267,1.34252,1.34266
1781654640000,1.34266,1.34269,1.34257,1.34259
1781654700000,1.34258,1.34266,1.34256,1.34257
1781654760000,1.34256,1.34276,1.34255,1.34271
1781654820000,1.34271,1.34288,1.34267,1.34283
1781654880000,1.34284,1.34291,1.3428,1.34286
1781654940000,1.34288,1.34295,1.34287,1.34289
1781655000000,1.34287,1.34293,1.34284,1.3429
1781655060000,1.34291,1.34293,1.34285,1.34287
1781655120000,1.34287,1.34292,1.34284,1.34289
1781655180000,1.34289,1.34303,1.34287,1.34301
1781655240000,1.343,1.343,1.34288,1.34294
1781655300000,1.34292,1.34304,1.34292,1.34298
1781655360000,1.34298,1.3431,1.34295,1.34303
1781655420000,1.34303,1.34307,1.34299,1.34307
1781655480000,1.34307,1.3431,1.343,1.34302
1781655540000,1.34302,1.34306,1.34296,1.34305
1781655600000,1.34302,1.34317,1.34301,1.34308
1781655660000,1.34308,1.34308,1.34301,1.34304
1781655720000,1.34305,1.34308,1.343,1.34302
1781655780000,1.34299,1.34301,1.34293,1.34297
1781655840000,1.34296,1.34301,1.34295,1.34297
1781655900000,1.34298,1.34305,1.34297,1.34301
1781655960000,1.34302,1.34308,1.34299,1.34306
1781656020000,1.34304,1.34322,1.34301,1.34316
1781656080000,1.34314,1.34314,1.34304,1.34308
1781656140000,1.34307,1.34312,1.34299,1.34302
1781656200000,1.34302,1.34308,1.343,1.34302
1781656260000,1.34302,1.34314,1.34301,1.34309
1781656320000,1.34308,1.34308,1.34296,1.34302
1781656380000,1.343,1.34303,1.34297,1.34303
1781656440000,1.34303,1.34311,1.34299,1.34307
1781656500000,1.34309,1.3431,1.34304,1.34308
1781656560000,1.34305,1.34309,1.34305,1.34309
1781656620000,1.3431,1.34313,1.34307,1.34308
1781656680000,1.34308,1.34311,1.34301,1.34301
1781656740000,1.34301,1.34302,1.34297,1.34299
1781656800000,1.34298,1.34308,1.34297,1.34304
1781656860000,1.34306,1.3431,1.34302,1.34309
1781656920000,1.34307,1.3431,1.34306,1.34308
1781656980000,1.34307,1.34311,1.34306,1.34309
1781657040000,1.3431,1.34311,1.34304,1.34306
1781657100000,1.34308,1.34309,1.34293,1.34295
1781657160000,1.34297,1.34298,1.34289,1.34294
1781657220000,1.34295,1.34301,1.34295,1.34299
1781657280000,1.343,1.34303,1.34297,1.34299
1781657340000,1.34301,1.34304,1.34286,1.34286
1781657400000,1.34286,1.34286,1.34276,1.34276
1781657460000,1.34277,1.34278,1.34274,1.34275
1781657520000,1.34276,1.34287,1.34276,1.34285
1781657580000,1.34285,1.34294,1.34285,1.34289
1781657640000,1.3429,1.3429,1.34278,1.34282
1781657700000,1.34284,1.34287,1.34276,1.34276
1781657760000,1.34274,1.34282,1.34271,1.34278
1781657820000,1.3428,1.34282,1.34276,1.34279
1781657880000,1.34282,1.34294,1.34282,1.34294
1781657940000,1.34295,1.34302,1.34294,1.343
1781658000000,1.34303,1.34303,1.34289,1.34292
1781658060000,1.34293,1.34295,1.3429,1.3429
1781658120000,1.34292,1.34306,1.3429,1.34302
1781658180000,1.34303,1.34304,1.34302,1.34304
1781658240000,1.34303,1.34313,1.34303,1.34312
1781658300000,1.34311,1.34315,1.34302,1.34315
1781658360000,1.34314,1.34325,1.34312,1.34322
1781658420000,1.34322,1.34328,1.34322,1.34324
1781658480000,1.34325,1.34328,1.34322,1.34326
1781658540000,1.34329,1.34334,1.3431,1.3431
1781658600000,1.34311,1.34313,1.34307,1.34308
1781658660000,1.3431,1.34313,1.3431,1.34312
1781658720000,1.34313,1.3432,1.34313,1.34318
1781658780000,1.34316,1.34321,1.34312,1.34319
1781658840000,1.34317,1.34317,1.34303,1.34306
1781658900000,1.34306,1.34306,1.34296,1.34302
1781658960000,1.34301,1.34303,1.34297,1.343
1781659020000,1.343,1.34305,1.34297,1.34305
1781659080000,1.34306,1.3431,1.34306,1.34306
1781659140000,1.34304,1.34304,1.34296,1.34299
1781659200000,1.34298,1.34311,1.34296,1.3431
1781659260000,1.34311,1.34315,1.34306,1.34312
1781659320000,1.3431,1.34313,1.34309,1.34313
1781659380000,1.34312,1.34315,1.34304,1.34309
1781659440000,1.34307,1.34307,1.34302,1.34304
1781659500000,1.34306,1.34306,1.34303,1.34305
1781659560000,1.34306,1.34308,1.34302,1.34304
1781659620000,1.34305,1.34309,1.34303,1.34308
1781659680000,1.34306,1.3431,1.34303,1.34303
1781659740000,1.34302,1.34304,1.34294,1.34294
1781659800000,1.34295,1.34297,1.34284,1.34285
1781659860000,1.34285,1.34288,1.34281,1.34281
1781659920000,1.34282,1.34282,1.34269,1.34275
1781659980000,1.34277,1.34282,1.34275,1.3428
1781660040000,1.3428,1.34282,1.34277,1.34278
1781660100000,1.3428,1.34292,1.3428,1.34288
1781660160000,1.34288,1.34289,1.34286,1.34287
1781660220000,1.34286,1.34289,1.34283,1.34285
1781660280000,1.34285,1.34285,1.34285,1.34285
1781660340000,1.34284,1.34286,1.34283,1.34284
1781660400000,1.34283,1.34293,1.3428,1.34289
1781660460000,1.34292,1.34295,1.34288,1.34295
1781660520000,1.34296,1.34296,1.34291,1.34295
1781660580000,1.34297,1.34299,1.34295,1.34295
1781660640000,1.34295,1.34304,1.34294,1.34302
1781660700000,1.34303,1.34315,1.34302,1.3431
1781660760000,1.3431,1.34314,1.34303,1.34306
1781660820000,1.34305,1.34309,1.343,1.343
1781660880000,1.34299,1.34299,1.34287,1.3429
1781660940000,1.3429,1.34295,1.34288,1.34288
1781661000000,1.34288,1.34294,1.34286,1.34291
1781661060000,1.34294,1.34295,1.34291,1.34293
1781661120000,1.34294,1.34295,1.34287,1.34287
1781661180000,1.34286,1.34289,1.34286,1.34288
1781661240000,1.34287,1.34293,1.34287,1.34292
1781661300000,1.34293,1.34293,1.34261,1.34274
1781661360000,1.34274,1.34277,1.3427,1.34276
1781661420000,1.34273,1.34281,1.34269,1.34272
1781661480000,1.3427,1.34284,1.34268,1.34274
1781661540000,1.34273,1.34273,1.34261,1.34264
1781661600000,1.34264,1.34264,1.34251,1.34252
1781661660000,1.34251,1.34264,1.34249,1.34261
1781661720000,1.34264,1.34271,1.34261,1.34268
1781661780000,1.34269,1.34269,1.34255,1.34255
1781661840000,1.34255,1.34255,1.34254,1.34254
1781661900000,1.34254,1.34259,1.34254,1.34256
1781661960000,1.34259,1.34265,1.34254,1.34254
1781662020000,1.34255,1.34256,1.34255,1.34255
1781662080000,1.34253,1.34262,1.34252,1.34261
1781662140000,1.34261,1.34263,1.34254,1.34257
1781662200000,1.34257,1.34258,1.34253,1.34255
1781662260000,1.34256,1.34265,1.34256,1.3426
1781662320000,1.3426,1.34266,1.34258,1.34262
1781662380000,1.34261,1.34266,1.34259,1.34265
1781662440000,1.34264,1.34266,1.34263,1.34264
1781662500000,1.34264,1.34266,1.3426,1.34265
1781662560000,1.34266,1.34266,1.34264,1.34265
1781662620000,1.34271,1.34276,1.34267,1.34267
1781662680000,1.34269,1.34273,1.34269,1.3427
1781662740000,1.34272,1.34274,1.34271,1.34274
1781662800000,1.34272,1.34287,1.34271,1.34287
1781662860000,1.34287,1.343,1.34287,1.34295
1781662920000,1.34297,1.343,1.34295,1.34297
1781662980000,1.34297,1.34301,1.34297,1.34301
1781663040000,1.34301,1.34307,1.34301,1.34304
1781663100000,1.34305,1.34312,1.34305,1.34307
1781663160000,1.34305,1.34308,1.34305,1.34306
1781663220000,1.34306,1.34306,1.34303,1.34304
1781663280000,1.34305,1.34306,1.34303,1.34305
1781663340000,1.34303,1.34305,1.34297,1.34304
1781663400000,1.34304,1.34306,1.34295,1.34296
1781663460000,1.34296,1.343,1.34295,1.34298
1781663520000,1.34301,1.34302,1.34297,1.343
1781663580000,1.343,1.34303,1.34297,1.34299
1781663640000,1.34298,1.34298,1.34286,1.34286
1781663700000,1.34284,1.34288,1.34283,1.34285
1781663760000,1.34286,1.34287,1.34285,1.34286
1781663820000,1.34285,1.34286,1.34283,1.34286
1781663880000,1.34286,1.34288,1.34284,1.34285
1781663940000,1.34287,1.34287,1.34282,1.34287
1781664000000,1.34287,1.34296,1.34286,1.34295
1781664060000,1.34295,1.34296,1.34293,1.34295
1781664120000,1.34296,1.34298,1.34294,1.34297
1781664180000,1.34297,1.34297,1.34296,1.34296
1781664240000,1.34294,1.34296,1.3429,1.3429
1781664300000,1.34289,1.34294,1.34274,1.34277
1781664360000,1.34278,1.34284,1.34278,1.34284
1781664420000,1.34285,1.34285,1.34278,1.3428
1781664480000,1.34282,1.34282,1.34277,1.3428
1781664540000,1.34282,1.34285,1.34279,1.34284
1781664600000,1.34283,1.34287,1.34283,1.34285
1781664660000,1.34284,1.34285,1.34275,1.34281
1781664720000,1.34282,1.34284,1.34281,1.34284
1781664780000,1.34284,1.34284,1.34275,1.34275
1781664840000,1.34275,1.34275,1.34265,1.34266
1781664900000,1.34267,1.34275,1.34267,1.34274
1781664960000,1.34275,1.34276,1.34271,1.34271
1781665020000,1.34273,1.34273,1.34265,1.34265
1781665080000,1.34265,1.34271,1.34265,1.3427
1781665140000,1.34271,1.34271,1.34254,1.34254
1781665200000,1.34253,1.34265,1.34253,1.34265
1781665260000,1.34264,1.34265,1.34264,1.34264
1781665320000,1.34266,1.34266,1.3426,1.34261
1781665380000,1.34262,1.34262,1.34259,1.34261
1781665440000,1.34259,1.34262,1.34246,1.34246
1781665500000,1.34245,1.34255,1.34244,1.34251
1781665560000,1.34253,1.34266,1.34252,1.34266
1781665620000,1.34266,1.34266,1.34264,1.34266
1781665680000,1.34266,1.34267,1.34265,1.34266
1781665740000,1.34266,1.34276,1.34266,1.34275
1781665800000,1.34276,1.34276,1.34266,1.34271
1781665860000,1.34271,1.34278,1.34271,1.34277
1781665920000,1.34274,1.34276,1.34273,1.34273
1781665980000,1.34274,1.34275,1.34267,1.34267
1781666040000,1.34264,1.34265,1.34264,1.34265
1781666100000,1.34265,1.34265,1.34255,1.34264
1781666160000,1.34262,1.34262,1.34251,1.34256
1781666220000,1.34255,1.34255,1.34251,1.34253
1781666280000,1.34253,1.34263,1.34249,1.34262
1781666340000,1.34263,1.34264,1.3426,1.34261
1781666400000,1.34263,1.34263,1.3426,1.34262
1781666460000,1.34261,1.34262,1.34261,1.34262
1781666520000,1.34263,1.34265,1.34262,1.34264
1781666580000,1.34265,1.34266,1.34264,1.34264
1781666640000,1.34264,1.34266,1.34263,1.34266
1781666700000,1.34266,1.34266,1.34263,1.34265
1781666760000,1.34266,1.34266,1.34263,1.34265
1781666820000,1.34265,1.34271,1.34264,1.34265
1781666880000,1.34265,1.34265,1.34261,1.34265
1781666940000,1.34262,1.34267,1.34262,1.34265
1781667000000,1.34265,1.34271,1.34264,1.34268
1781667060000,1.3427,1.3427,1.34266,1.34267
1781667120000,1.34271,1.34273,1.34269,1.3427
1781667180000,1.34269,1.34271,1.34266,1.34266
1781667240000,1.34266,1.34267,1.34264,1.34264
1781667300000,1.34265,1.34267,1.34264,1.34266
1781667360000,1.34266,1.34271,1.34264,1.34264
1781667420000,1.34265,1.34267,1.34262,1.34266
1781667480000,1.34266,1.34266,1.34264,1.34264
1781667540000,1.34265,1.34265,1.34264,1.34264
1781667600000,1.34263,1.34265,1.34261,1.34264
1781667660000,1.34264,1.34275,1.34264,1.34275
1781667720000,1.34277,1.34286,1.34275,1.3428
1781667780000,1.34279,1.3428,1.34274,1.3428
1781667840000,1.34279,1.3428,1.34275,1.34276
1781667900000,1.34273,1.34274,1.34273,1.34274
1781667960000,1.34275,1.34276,1.34273,1.34274
1781668020000,1.34275,1.34276,1.34275,1.34276
1781668080000,1.34273,1.34276,1.34273,1.34275
1781668140000,1.34277,1.34277,1.34274,1.34274
1781668200000,1.34273,1.34275,1.34272,1.34274
1781668260000,1.34275,1.34275,1.34273,1.34274
1781668320000,1.34275,1.34283,1.34275,1.34279
1781668380000,1.34278,1.3428,1.34274,1.34276
1781668440000,1.34276,1.34278,1.34275,1.34276
1781668500000,1.34276,1.34276,1.34269,1.34274
1781668560000,1.34273,1.34275,1.3427,1.34271
1781668620000,1.34272,1.34278,1.34272,1.34275
1781668680000,1.34275,1.34277,1.34272,1.34275
1781668740000,1.34275,1.34275,1.34269,1.3427
1781668800000,1.3427,1.34273,1.34264,1.34273
1781668860000,1.34273,1.34276,1.34272,1.34272
1781668920000,1.34275,1.34282,1.34271,1.34282
1781668980000,1.34282,1.34284,1.34276,1.34277
1781669040000,1.34276,1.34278,1.34276,1.34277
1781669100000,1.34276,1.34283,1.34276,1.34278
1781669160000,1.3428,1.34288,1.34279,1.34287
1781669220000,1.34287,1.34288,1.34285,1.34287
1781669280000,1.34286,1.34289,1.34286,1.34288
1781669340000,1.34288,1.34289,1.34285,1.34289
1781669400000,1.3429,1.34299,1.3429,1.34297
1781669460000,1.34298,1.34304,1.34295,1.343
1781669520000,1.34299,1.34308,1.34297,1.34306
1781669580000,1.34305,1.34306,1.34302,1.34302
1781669640000,1.34303,1.34303,1.34299,1.34299
1781669700000,1.343,1.34312,1.343,1.34312
1781669760000,1.34312,1.34314,1.34305,1.34306
1781669820000,1.34305,1.34306,1.34305,1.34306
1781669880000,1.34306,1.34308,1.34305,1.34308
1781669940000,1.34307,1.34315,1.34306,1.34314
1781670000000,1.34314,1.34314,1.34306,1.34306
1781670060000,1.34307,1.34307,1.34304,1.34304
1781670120000,1.34302,1.34303,1.34299,1.34301
1781670180000,1.343,1.34302,1.34297,1.34297
1781670240000,1.34298,1.34308,1.34298,1.34306
1781670300000,1.34303,1.34305,1.34302,1.34302
1781670360000,1.34302,1.34306,1.34296,1.34306
1781670420000,1.34304,1.34305,1.34295,1.34296
1781670480000,1.34295,1.34297,1.34295,1.34296
1781670540000,1.34296,1.34296,1.34293,1.34295
1781670600000,1.34293,1.34302,1.34293,1.34298
1781670660000,1.34296,1.34305,1.34296,1.34304
1781670720000,1.34304,1.34304,1.343,1.34301
1781670780000,1.34301,1.34302,1.34296,1.34298
1781670840000,1.34299,1.343,1.34292,1.34293
1781670900000,1.34294,1.34297,1.34294,1.34296
1781670960000,1.34295,1.34295,1.34295,1.34295
1781671020000,1.34293,1.34295,1.3429,1.34292
1781671080000,1.34293,1.34293,1.34283,1.34291
1781671140000,1.34291,1.34295,1.34289,1.34294
1781671200000,1.34295,1.34296,1.34293,1.34295
1781671260000,1.34295,1.34295,1.34293,1.34295
1781671320000,1.34294,1.34299,1.34294,1.34295
1781671380000,1.34294,1.34301,1.34294,1.343
1781671440000,1.343,1.34301,1.34293,1.34293
1781671500000,1.34295,1.34297,1.34295,1.34297
1781671560000,1.34296,1.34304,1.34295,1.343
1781671620000,1.34302,1.34305,1.34302,1.34304
1781671680000,1.34305,1.34305,1.34301,1.34302
1781671740000,1.34303,1.3431,1.34303,1.34308
1781671800000,1.34305,1.34305,1.34301,1.34304
1781671860000,1.34304,1.34313,1.34303,1.34312
1781671920000,1.34313,1.34315,1.34309,1.34314
1781671980000,1.34313,1.34326,1.34313,1.34325
1781672040000,1.34324,1.34327,1.34323,1.34323
1781672100000,1.34326,1.34326,1.34313,1.34313
1781672160000,1.34315,1.34315,1.34313,1.34313
1781672220000,1.34313,1.34313,1.34299,1.343
1781672280000,1.343,1.34308,1.34299,1.34305
1781672340000,1.34308,1.34308,1.34306,1.34307
1781672400000,1.34305,1.34314,1.34304,1.34306
1781672460000,1.34308,1.34321,1.34307,1.34317
1781672520000,1.34318,1.34323,1.34318,1.34323
1781672580000,1.34323,1.34326,1.34318,1.34326
1781672640000,1.34326,1.34327,1.34322,1.34322
1781672700000,1.34323,1.34326,1.34317,1.34319
1781672760000,1.3432,1.34325,1.34318,1.34323
1781672820000,1.34323,1.34326,1.34323,1.34325
1781672880000,1.34325,1.34327,1.34322,1.34324
1781672940000,1.34322,1.34323,1.34314,1.34315
1781673000000,1.34315,1.34315,1.34307,1.34307
1781673060000,1.34307,1.34309,1.34306,1.34307
1781673120000,1.34308,1.34308,1.34297,1.343
1781673180000,1.34301,1.34304,1.34299,1.34299
1781673240000,1.343,1.34305,1.343,1.34304
1781673300000,1.34304,1.34314,1.34303,1.34313
1781673360000,1.34311,1.34323,1.34311,1.3432
1781673420000,1.34319,1.34325,1.34319,1.34325
1781673480000,1.34324,1.34325,1.34323,1.34324
1781673540000,1.34325,1.34326,1.34324,1.34325
1781673600000,1.34325,1.34333,1.34325,1.3433
1781673660000,1.34331,1.34335,1.34331,1.34333
1781673720000,1.34334,1.34334,1.34327,1.34333
1781673780000,1.34334,1.34334,1.34312,1.34312
1781673840000,1.34311,1.34312,1.34298,1.34298
1781673900000,1.34299,1.34299,1.34273,1.34273
1781673960000,1.34275,1.34296,1.34274,1.34293
1781674020000,1.34294,1.34297,1.34293,1.34294
1781674080000,1.34294,1.34295,1.34294,1.34295
1781674140000,1.34296,1.34304,1.34294,1.34302
1781674200000,1.34303,1.34306,1.34295,1.343
1781674260000,1.34298,1.34302,1.34293,1.34295
1781674320000,1.34295,1.34299,1.34294,1.34295
1781674380000,1.34295,1.34299,1.34293,1.34293
1781674440000,1.34294,1.34304,1.34292,1.34296
1781674500000,1.34301,1.34304,1.34298,1.34302
1781674560000,1.34302,1.34302,1.34297,1.34298
1781674620000,1.34298,1.34298,1.34294,1.34296
1781674680000,1.34294,1.34298,1.34293,1.34296
1781674740000,1.34295,1.34301,1.34293,1.34296
1781674800000,1.34296,1.34297,1.34292,1.34293
1781674860000,1.34293,1.34298,1.3429,1.34296
1781674920000,1.34296,1.34296,1.34283,1.34294
1781674980000,1.34294,1.34296,1.34292,1.34296
1781675040000,1.34295,1.34305,1.34295,1.34301
1781675100000,1.34301,1.34301,1.34297,1.34297
1781675160000,1.34298,1.34301,1.34296,1.34297
1781675220000,1.34296,1.34307,1.34296,1.34302
1781675280000,1.34301,1.34317,1.34301,1.34317
1781675340000,1.34318,1.34318,1.34309,1.34312
1781675400000,1.3431,1.34314,1.34307,1.34309
1781675460000,1.34311,1.34314,1.34304,1.34304
1781675520000,1.34304,1.3432,1.34304,1.34319
1781675580000,1.34317,1.34323,1.34296,1.34298
1781675640000,1.34297,1.34303,1.34297,1.34301
1781675700000,1.343,1.34301,1.3428,1.3428
1781675760000,1.3428,1.34287,1.34267,1.34286
1781675820000,1.34292,1.34304,1.34291,1.343
1781675880000,1.34301,1.34302,1.34274,1.3428
1781675940000,1.34282,1.34287,1.34272,1.34279
1781676000000,1.34278,1.34361,1.34138,1.34202
1781676060000,1.342,1.34224,1.34192,1.34224
1781676120000,1.34223,1.34251,1.34222,1.34229
1781676180000,1.34226,1.3423,1.34193,1.342
1781676240000,1.34198,1.34232,1.34198,1.34227
1781676300000,1.3423,1.34236,1.34219,1.34226
1781676360000,1.34225,1.34237,1.34224,1.34234
1781676420000,1.34231,1.34236,1.34231,1.34234
1781676480000,1.34235,1.34247,1.34235,1.34238
1781676540000,1.34239,1.34246,1.34226,1.34232
1781676600000,1.34232,1.34235,1.34229,1.34235
1781676660000,1.34233,1.34234,1.34213,1.34216
1781676720000,1.34215,1.34215,1.34185,1.34188
1781676780000,1.34187,1.34194,1.34181,1.34194
1781676840000,1.34195,1.34217,1.34195,1.34215
1781676900000,1.34214,1.34216,1.34203,1.34204
1781676960000,1.34204,1.34206,1.34193,1.34202
1781677020000,1.34205,1.34209,1.34194,1.34194
1781677080000,1.34195,1.34204,1.34187,1.34202
1781677140000,1.34204,1.34204,1.34191,1.34198
1781677200000,1.34196,1.34203,1.34176,1.34178
1781677260000,1.34178,1.34181,1.34164,1.34168
1781677320000,1.34164,1.34198,1.34163,1.34196
1781677380000,1.34196,1.34205,1.34193,1.34193
1781677440000,1.3419,1.3419,1.34176,1.34183
1781677500000,1.34182,1.34183,1.34168,1.34172
1781677560000,1.34172,1.3418,1.34164,1.34179
1781677620000,1.3418,1.34188,1.34174,1.34187
1781677680000,1.34188,1.34188,1.34165,1.34167
1781677740000,1.34167,1.34168,1.34154,1.34154
1781677800000,1.34155,1.34161,1.34127,1.34127
1781677860000,1.34128,1.34136,1.34123,1.34135
1781677920000,1.34135,1.34137,1.34099,1.341
1781677980000,1.341,1.34109,1.34089,1.34096
1781678040000,1.34094,1.34102,1.34088,1.34101
1781678100000,1.34102,1.34111,1.34081,1.34109
1781678160000,1.3411,1.3411,1.34094,1.34104
1781678220000,1.34105,1.34125,1.34105,1.34124
1781678280000,1.34123,1.34124,1.34105,1.34114
1781678340000,1.3412,1.34124,1.34116,1.34122
1781678400000,1.3412,1.34131,1.34119,1.34131
1781678460000,1.34131,1.34131,1.34117,1.34123
1781678520000,1.34123,1.34135,1.34122,1.34132
1781678580000,1.34134,1.34137,1.34124,1.34129
1781678640000,1.3413,1.34141,1.34128,1.34141
1781678700000,1.34142,1.34144,1.34121,1.34121
1781678760000,1.34121,1.34144,1.34121,1.34141
1781678820000,1.34141,1.34148,1.34139,1.34145
1781678880000,1.34144,1.34149,1.3414,1.34145
1781678940000,1.34144,1.34152,1.34144,1.3415
1781679000000,1.34152,1.34161,1.34151,1.34151
1781679060000,1.34152,1.34154,1.3415,1.34154
1781679120000,1.34155,1.3416,1.34145,1.3415
1781679180000,1.34152,1.34155,1.3414,1.34141
1781679240000,1.34142,1.34143,1.34122,1.34123
1781679300000,1.34122,1.34122,1.34107,1.34113
1781679360000,1.34111,1.34122,1.3411,1.34122
1781679420000,1.34121,1.34122,1.3411,1.34114
1781679480000,1.34118,1.34129,1.34115,1.34129
1781679540000,1.34128,1.34143,1.34126,1.34143
1781679600000,1.34143,1.34149,1.34133,1.34141
1781679660000,1.34142,1.34155,1.34139,1.34149
1781679720000,1.3415,1.34164,1.34148,1.34161
1781679780000,1.34163,1.34165,1.34128,1.3415
1781679840000,1.34147,1.34151,1.34145,1.34148
1781679900000,1.3415,1.3415,1.34135,1.3414
1781679960000,1.34139,1.34152,1.34139,1.3415
1781680020000,1.34149,1.34159,1.34148,1.34159
1781680080000,1.34164,1.34183,1.3416,1.34181
1781680140000,1.34181,1.34181,1.34164,1.34167
1781680200000,1.34169,1.3417,1.34159,1.34159
1781680260000,1.3416,1.34178,1.34158,1.34171
1781680320000,1.34173,1.34174,1.34162,1.34168
1781680380000,1.3417,1.34172,1.34167,1.34171
1781680440000,1.34171,1.34173,1.34161,1.34173
1781680500000,1.34174,1.34185,1.3417,1.34182
1781680560000,1.34181,1.34182,1.34177,1.34178
1781680620000,1.3418,1.34184,1.34169,1.34171
1781680680000,1.34172,1.34182,1.34168,1.34176
1781680740000,1.34176,1.34193,1.34171,1.34182
1781680800000,1.34184,1.34191,1.3418,1.34183
1781680860000,1.34183,1.34193,1.34182,1.34192
1781680920000,1.34191,1.34192,1.34176,1.3418
1781680980000,1.3418,1.34182,1.34158,1.34159
1781681040000,1.34162,1.34163,1.3415,1.3416
1781681100000,1.34158,1.34163,1.34153,1.34155
1781681160000,1.34156,1.34158,1.34144,1.34155
1781681220000,1.34159,1.34159,1.34148,1.34149
1781681280000,1.3415,1.3415,1.34138,1.34145
1781681340000,1.34144,1.3415,1.34141,1.34142
1781681400000,1.34142,1.34142,1.34129,1.34142
1781681460000,1.3414,1.34142,1.34128,1.3413
1781681520000,1.3413,1.34132,1.34118,1.34123
1781681580000,1.34122,1.34124,1.34113,1.3412
1781681640000,1.3412,1.34125,1.34114,1.34115
1781681700000,1.34114,1.34132,1.34114,1.3413
1781681760000,1.3413,1.34152,1.3413,1.34148
1781681820000,1.34147,1.34147,1.34124,1.34128
1781681880000,1.34128,1.34132,1.34128,1.34128
1781681940000,1.34129,1.34153,1.34129,1.34153
1781682000000,1.34152,1.34169,1.34149,1.34154
1781682060000,1.34153,1.34157,1.34145,1.34148
1781682120000,1.3415,1.34152,1.34143,1.34147
1781682180000,1.34149,1.3417,1.34146,1.3417
1781682240000,1.34169,1.34169,1.34141,1.34146
1781682300000,1.34145,1.34151,1.34145,1.3415
1781682360000,1.34148,1.34152,1.34141,1.34152
1781682420000,1.34152,1.34155,1.34149,1.34153
1781682480000,1.34151,1.34163,1.34145,1.34161
1781682540000,1.34162,1.34175,1.34161,1.34165
1781682600000,1.34166,1.3418,1.34163,1.34176
1781682660000,1.34174,1.34191,1.34174,1.34189
1781682720000,1.3419,1.34201,1.34185,1.34192
1781682780000,1.34192,1.34202,1.34192,1.34202
1781682840000,1.342,1.34202,1.34188,1.34191
1781682900000,1.34192,1.34198,1.34192,1.34198
1781682960000,1.34196,1.34203,1.34191,1.34193
1781683020000,1.34192,1.34195,1.3419,1.34194
1781683080000,1.34192,1.3421,1.34185,1.34207
1781683140000,1.34208,1.3421,1.34204,1.34207
1781683200000,1.34206,1.34209,1.34169,1.34169
1781683260000,1.3417,1.3418,1.34162,1.34164
1781683320000,1.34163,1.34171,1.34161,1.3417
1781683380000,1.34169,1.34171,1.34163,1.34164
1781683440000,1.34164,1.34174,1.34164,1.34173
1781683500000,1.34172,1.34182,1.34171,1.34182
1781683560000,1.34178,1.34182,1.3417,1.34171
1781683620000,1.34171,1.34188,1.34171,1.34182
1781683680000,1.34183,1.34187,1.34183,1.34184
1781683740000,1.34184,1.34186,1.3418,1.34182
1781683800000,1.34181,1.34181,1.34126,1.34126
1781683860000,1.34127,1.34134,1.3411,1.34133
1781683920000,1.34134,1.34134,1.34109,1.34113
1781683980000,1.34113,1.34142,1.3411,1.34141
1781684040000,1.34141,1.34164,1.34141,1.34163
1781684100000,1.34163,1.34169,1.3416,1.34162
1781684160000,1.34162,1.34163,1.34121,1.34122
1781684220000,1.34125,1.34131,1.34111,1.34121
1781684280000,1.34121,1.34121,1.34104,1.34104
1781684340000,1.34102,1.34103,1.34082,1.34089
1781684400000,1.3409,1.34103,1.34078,1.341
1781684460000,1.34099,1.34105,1.34095,1.34104
1781684520000,1.34104,1.34104,1.34084,1.34095
1781684580000,1.34095,1.34102,1.34089,1.34102
1781684640000,1.34101,1.34111,1.34093,1.34094
1781684700000,1.34095,1.34102,1.34093,1.34094
1781684760000,1.34091,1.34116,1.34089,1.34114
1781684820000,1.34115,1.34137,1.34109,1.34135
1781684880000,1.34132,1.34132,1.34121,1.34132
1781684940000,1.34131,1.34136,1.34125,1.34125
1781685000000,1.34123,1.34124,1.34114,1.34119
1781685060000,1.34119,1.34134,1.34115,1.34134
1781685120000,1.34135,1.34138,1.3413,1.3413
1781685180000,1.34131,1.34136,1.34116,1.34132
1781685240000,1.34133,1.34147,1.34129,1.34147
1781685300000,1.34145,1.3415,1.34135,1.34136
1781685360000,1.34136,1.34136,1.34127,1.34135
1781685420000,1.34136,1.34139,1.34123,1.34125
1781685480000,1.34124,1.34138,1.34124,1.34136
1781685540000,1.34134,1.34134,1.34113,1.34114
1781685600000,1.34114,1.34125,1.34104,1.34123
1781685660000,1.34121,1.34134,1.34121,1.34126
1781685720000,1.34126,1.34136,1.34124,1.34128
1781685780000,1.34127,1.34134,1.34122,1.34122
1781685840000,1.34123,1.34125,1.34112,1.34122
1781685900000,1.34122,1.3413,1.34108,1.3411
1781685960000,1.34112,1.34123,1.34111,1.34119
1781686020000,1.34118,1.34121,1.34114,1.34114
1781686080000,1.34114,1.34115,1.34105,1.34114
1781686140000,1.34114,1.3412,1.34113,1.34119
1781686200000,1.3412,1.34125,1.34116,1.34124
1781686260000,1.34125,1.34133,1.34121,1.34128
1781686320000,1.34129,1.34145,1.34129,1.34134
1781686380000,1.34133,1.34135,1.34129,1.34135
1781686440000,1.34134,1.34151,1.34134,1.34149
1781686500000,1.34155,1.34162,1.34147,1.34149
1781686560000,1.34148,1.3415,1.3414,1.34143
1781686620000,1.34145,1.34167,1.34142,1.34163
1781686680000,1.34163,1.34166,1.34154,1.34154
1781686740000,1.34156,1.34167,1.34154,1.34167
1781686800000,1.34166,1.34168,1.34151,1.34156
1781686860000,1.34157,1.34157,1.34152,1.34155
1781686920000,1.34155,1.34155,1.34143,1.34153
1781686980000,1.34153,1.34158,1.3414,1.34155
1781687040000,1.34158,1.34166,1.34158,1.34162
1781687100000,1.34158,1.34164,1.34154,1.34163
1781687160000,1.34162,1.34164,1.34157,1.34158
1781687220000,1.34159,1.34175,1.34159,1.34174
1781687280000,1.34174,1.34175,1.34164,1.34165
1781687340000,1.34163,1.34163,1.34155,1.34156
1781687400000,1.34156,1.34159,1.34149,1.34153
1781687460000,1.34153,1.34155,1.3415,1.34155
1781687520000,1.34154,1.34174,1.34154,1.34174
1781687580000,1.34174,1.34174,1.34152,1.34154
1781687640000,1.34153,1.34156,1.34152,1.34152
1781687700000,1.34153,1.34163,1.34152,1.34153
1781687760000,1.34154,1.34155,1.34144,1.34145
1781687820000,1.34142,1.34149,1.34141,1.34147
1781687880000,1.34146,1.34151,1.34133,1.34134
1781687940000,1.34133,1.34144,1.34132,1.34144
1781688000000,1.34143,1.34149,1.34129,1.34129
1781688060000,1.34131,1.34143,1.34131,1.34135
1781688120000,1.34133,1.3414,1.34131,1.34132
1781688180000,1.34131,1.34135,1.34124,1.34135
1781688240000,1.34133,1.34156,1.34133,1.34155
1781688300000,1.34155,1.34184,1.34155,1.34174
1781688360000,1.34174,1.34181,1.34164,1.3418
1781688420000,1.34181,1.34194,1.34175,1.34185
1781688480000,1.34188,1.34189,1.34172,1.34174
1781688540000,1.34176,1.34176,1.34163,1.34174
1781688600000,1.34178,1.34193,1.34177,1.34189
1781688660000,1.3419,1.3419,1.34169,1.34174
1781688720000,1.34174,1.34174,1.34162,1.34164
1781688780000,1.34165,1.3417,1.34158,1.34163
1781688840000,1.34164,1.34168,1.3416,1.34166
1781688900000,1.34165,1.34167,1.34162,1.34163
1781688960000,1.34163,1.34172,1.34163,1.34164
1781689020000,1.34163,1.34165,1.34153,1.34164
1781689080000,1.34163,1.34171,1.34159,1.34161
1781689140000,1.34162,1.34165,1.34162,1.34163
1781689200000,1.34163,1.34165,1.3416,1.34163
1781689260000,1.34163,1.34163,1.34156,1.34158
1781689320000,1.34161,1.34166,1.34159,1.34161
1781689380000,1.34161,1.34165,1.34156,1.34157
1781689440000,1.34155,1.34157,1.34143,1.34147
1781689500000,1.34146,1.34154,1.34142,1.34142
1781689560000,1.34144,1.34144,1.34134,1.34135
1781689620000,1.34136,1.34142,1.34133,1.3414
1781689680000,1.3414,1.34154,1.3414,1.34153
1781689740000,1.34153,1.34154,1.3415,1.34154
1781689800000,1.34153,1.34153,1.34144,1.34145
1781689860000,1.34148,1.34155,1.34147,1.34152
1781689920000,1.34153,1.34155,1.34146,1.34146
1781689980000,1.34145,1.34148,1.3414,1.34146
1781690040000,1.34145,1.34155,1.34145,1.34152
1781690100000,1.34154,1.34158,1.34149,1.34152
1781690160000,1.34149,1.34164,1.34148,1.34164
1781690220000,1.34163,1.34164,1.34158,1.3416
1781690280000,1.3416,1.34172,1.3416,1.34171
1781690340000,1.3417,1.34174,1.34165,1.34172
1781690400000,1.34171,1.34174,1.34157,1.34174
1781690460000,1.34174,1.34174,1.3415,1.34152
1781690520000,1.34152,1.3416,1.34147,1.34158
1781690580000,1.34159,1.34164,1.34158,1.34164
1781690640000,1.34166,1.34166,1.34152,1.34162
1781690700000,1.34164,1.34167,1.34162,1.34164
1781690760000,1.34164,1.34176,1.34163,1.34176
1781690820000,1.34174,1.34176,1.34169,1.34176
1781690880000,1.34175,1.34176,1.34164,1.34164
1781690940000,1.34169,1.34172,1.34164,1.34164
1781691000000,1.34165,1.34166,1.34162,1.34164
1781691060000,1.34165,1.34173,1.34161,1.34163
1781691120000,1.34163,1.34173,1.34162,1.34162
1781691180000,1.34162,1.34172,1.3416,1.34169
1781691240000,1.34169,1.34175,1.34168,1.34172
1781691300000,1.34171,1.34172,1.34154,1.34154
1781691360000,1.34155,1.34165,1.34155,1.34164
1781691420000,1.34164,1.34165,1.34162,1.34164
1781691480000,1.34164,1.34164,1.34154,1.34154
1781691540000,1.34154,1.34155,1.3414,1.3414
1781691600000,1.34138,1.34138,1.3412,1.34121
1781691660000,1.34122,1.34132,1.34118,1.34123
1781691720000,1.34121,1.34125,1.34101,1.34102
1781691780000,1.34102,1.34114,1.34102,1.34113
1781691840000,1.34114,1.3412,1.34107,1.34107
1781691900000,1.34106,1.34108,1.34096,1.34102
1781691960000,1.34101,1.34104,1.34096,1.34104
1781692020000,1.34103,1.34111,1.34103,1.3411
1781692080000,1.3411,1.3411,1.34101,1.34104
1781692140000,1.34104,1.34105,1.34096,1.34105
1781692200000,1.34105,1.34117,1.34105,1.34116
1781692260000,1.34117,1.34125,1.34115,1.34125
1781692320000,1.34127,1.34136,1.34127,1.34135
1781692380000,1.34138,1.34138,1.34122,1.34129
1781692440000,1.34128,1.34134,1.34127,1.34133
1781692500000,1.34135,1.34148,1.34134,1.34146
1781692560000,1.34146,1.34155,1.34143,1.34154
1781692620000,1.34154,1.34154,1.34134,1.34144
1781692680000,1.34142,1.34143,1.34133,1.3414
1781692740000,1.3414,1.34153,1.3414,1.34153
1781692800000,1.34152,1.34154,1.34134,1.34137
1781692860000,1.34137,1.34138,1.34133,1.34134
1781692920000,1.34134,1.34134,1.34126,1.34126
1781692980000,1.34127,1.34127,1.34116,1.34116
1781693040000,1.34117,1.34124,1.34113,1.34116
1781693100000,1.3412,1.34135,1.34119,1.34135
1781693160000,1.34134,1.34135,1.34127,1.34134
1781693220000,1.34134,1.34137,1.34132,1.34134
1781693280000,1.34136,1.34139,1.34134,1.34135
1781693340000,1.34135,1.34136,1.34129,1.34135
1781693400000,1.34135,1.34164,1.34135,1.34162
1781693460000,1.34164,1.34164,1.34157,1.3416
1781693520000,1.34162,1.34166,1.34143,1.34147
1781693580000,1.34148,1.34148,1.34131,1.34131
1781693640000,1.34132,1.34145,1.34111,1.34118
1781693700000,1.34116,1.34118,1.34113,1.34115
1781693760000,1.34115,1.34117,1.34104,1.34115
1781693820000,1.34113,1.34113,1.34091,1.34093
1781693880000,1.34093,1.34106,1.34093,1.34105
1781693940000,1.34107,1.3412,1.34107,1.3412
1781694000000,1.3412,1.34121,1.34112,1.34114
1781694060000,1.34116,1.34125,1.34113,1.34113
1781694120000,1.34113,1.34124,1.3411,1.34122
1781694180000,1.34122,1.34124,1.34112,1.34113
1781694240000,1.34116,1.34116,1.34107,1.34113
1781694300000,1.34112,1.34112,1.34103,1.34109
1781694360000,1.3411,1.34128,1.3411,1.34128
1781694420000,1.34132,1.34132,1.34124,1.34127
1781694480000,1.34127,1.34128,1.34105,1.34107
1781694540000,1.34108,1.34109,1.34089,1.34089
1781694600000,1.34091,1.34095,1.34086,1.34092
1781694660000,1.34094,1.34095,1.34088,1.34095
1781694720000,1.34092,1.34094,1.34083,1.34084
1781694780000,1.34087,1.34093,1.34073,1.34074
1781694840000,1.34075,1.3408,1.34064,1.34067
1781694900000,1.34068,1.34087,1.34066,1.3408
1781694960000,1.34082,1.34102,1.3408,1.34102
1781695020000,1.34101,1.34103,1.34082,1.34085
1781695080000,1.34087,1.34092,1.34083,1.34084
1781695140000,1.34086,1.34086,1.34078,1.34081
1781695200000,1.34078,1.34086,1.34076,1.34076
1781695260000,1.34077,1.34093,1.34075,1.34091
1781695320000,1.3409,1.34093,1.34072,1.34074
1781695380000,1.34076,1.34081,1.34064,1.34064
1781695440000,1.34063,1.34069,1.34059,1.34061
1781695500000,1.34061,1.34065,1.34056,1.34061
1781695560000,1.34066,1.34076,1.34065,1.34071
1781695620000,1.3407,1.34072,1.34049,1.3405
1781695680000,1.3405,1.34059,1.34048,1.34052
1781695740000,1.34053,1.34058,1.34046,1.34058
1781695800000,1.34055,1.34056,1.34046,1.34046
1781695860000,1.34048,1.34049,1.34024,1.34031
1781695920000,1.34032,1.34032,1.34023,1.3403
1781695980000,1.34031,1.34031,1.34017,1.34017
1781696040000,1.34014,1.34014,1.34003,1.34006
1781696100000,1.34005,1.34024,1.34005,1.34015
1781696160000,1.34016,1.3402,1.34009,1.34009
1781696220000,1.34013,1.34015,1.34002,1.34003
1781696280000,1.34004,1.34005,1.33998,1.34003
1781696340000,1.34001,1.34025,1.33992,1.34022
1781696400000,1.34022,1.34044,1.34017,1.34025
1781696460000,1.34024,1.34024,1.34005,1.34008
1781696520000,1.34008,1.34015,1.33996,1.33997
1781696580000,1.33999,1.34018,1.33998,1.34016
1781696640000,1.34017,1.3402,1.34014,1.34019
1781696700000,1.34019,1.34033,1.34019,1.34029
1781696760000,1.3403,1.34047,1.3403,1.34039
1781696820000,1.34039,1.34043,1.34036,1.34038
1781696880000,1.34038,1.34039,1.34016,1.34025
1781696940000,1.34026,1.34034,1.34023,1.34027
1781697000000,1.34025,1.34028,1.34018,1.34027
1781697060000,1.34027,1.34028,1.34023,1.34027
1781697120000,1.34028,1.34049,1.34027,1.34047
1781697180000,1.34045,1.34051,1.34045,1.34047
1781697240000,1.34049,1.3405,1.34045,1.34048
1781697300000,1.34047,1.34048,1.34035,1.34037
1781697360000,1.34037,1.34037,1.34015,1.34025
1781697420000,1.34023,1.34034,1.34016,1.34019
1781697480000,1.3402,1.34027,1.3402,1.34027
1781697540000,1.34032,1.34046,1.34029,1.34046
1781697600000,1.34047,1.34061,1.34034,1.34056
1781697660000,1.34056,1.34065,1.34051,1.34057
1781697720000,1.34056,1.34056,1.34043,1.34055
1781697780000,1.34056,1.34077,1.34055,1.34075
1781697840000,1.34076,1.34076,1.34062,1.34064
1781697900000,1.34065,1.34067,1.3406,1.34067
1781697960000,1.34067,1.34075,1.34064,1.3407
1781698020000,1.34071,1.34075,1.34066,1.34067
1781698080000,1.34067,1.34068,1.34058,1.34066
1781698140000,1.34066,1.34068,1.34059,1.34065
1781698200000,1.34066,1.34075,1.34065,1.3407
1781698260000,1.34068,1.34069,1.34054,1.3406
1781698320000,1.3406,1.34064,1.34054,1.34062
1781698380000,1.3406,1.34068,1.3406,1.34064
1781698440000,1.34064,1.34066,1.34059,1.34064
1781698500000,1.34065,1.34075,1.34065,1.34066
1781698560000,1.34065,1.34066,1.34059,1.34062
1781698620000,1.34063,1.34078,1.34063,1.34077
1781698680000,1.34079,1.34092,1.34079,1.34092
1781698740000,1.34092,1.34095,1.34078,1.34083
1781698800000,1.34083,1.34093,1.34083,1.34093
1781698860000,1.34093,1.34094,1.34067,1.34068
1781698920000,1.34067,1.34077,1.34064,1.34075
1781698980000,1.34077,1.34096,1.34075,1.34096
1781699040000,1.34097,1.34098,1.34091,1.34092
1781699100000,1.34094,1.34104,1.34094,1.34095
1781699160000,1.34094,1.34097,1.3409,1.34096
1781699220000,1.34097,1.34098,1.34093,1.34093
1781699280000,1.34092,1.34106,1.34092,1.34105
1781699340000,1.34105,1.34105,1.34085,1.34086
1781699400000,1.34085,1.34096,1.34059,1.34077
1781699460000,1.34077,1.34097,1.34077,1.34088
1781699520000,1.34086,1.34086,1.34076,1.34076
1781699580000,1.34075,1.34082,1.34074,1.34079
1781699640000,1.34083,1.3409,1.34077,1.34085
1781699700000,1.34087,1.34089,1.34084,1.34085
1781699760000,1.34088,1.34102,1.34086,1.34096
1781699820000,1.34099,1.34105,1.34088,1.34092
1781699880000,1.34093,1.34109,1.34089,1.34091
1781699940000,1.3409,1.34113,1.3409,1.34104
1781700000000,1.34103,1.34114,1.34096,1.34112
1781700060000,1.34112,1.34134,1.34112,1.34128
1781700120000,1.34127,1.34127,1.34116,1.34122
1781700180000,1.34123,1.34126,1.34107,1.34114
1781700240000,1.34116,1.34118,1.34105,1.34107
1781700300000,1.34107,1.34116,1.34107,1.34113
1781700360000,1.34113,1.34133,1.34113,1.34132
1781700420000,1.3413,1.3413,1.34116,1.34124
1781700480000,1.34123,1.34135,1.34119,1.34135
1781700540000,1.34135,1.34138,1.34126,1.34127
1781700600000,1.34128,1.3414,1.34128,1.34138
1781700660000,1.34137,1.34145,1.34137,1.34139
1781700720000,1.34141,1.34147,1.34137,1.34146
1781700780000,1.34146,1.34156,1.34142,1.34155
1781700840000,1.34155,1.34158,1.34149,1.34152
1781700900000,1.34151,1.3416,1.34145,1.34151
1781700960000,1.34151,1.34157,1.3414,1.34142
1781701020000,1.34142,1.34146,1.34135,1.34145
1781701080000,1.34148,1.34158,1.34148,1.34153
1781701140000,1.34156,1.34156,1.34147,1.34148
1781701200000,1.34147,1.34156,1.34144,1.34145
1781701260000,1.34146,1.34149,1.34145,1.34146
1781701320000,1.34146,1.34149,1.34133,1.34146
1781701380000,1.34146,1.34154,1.34144,1.34144
1781701440000,1.34144,1.34144,1.34127,1.34127
1781701500000,1.34131,1.34141,1.34127,1.34135
1781701560000,1.34134,1.34136,1.34127,1.34135
1781701620000,1.34134,1.34151,1.34131,1.34145
1781701680000,1.34145,1.34152,1.34138,1.34147
1781701740000,1.34146,1.34153,1.34145,1.34145
1781701800000,1.34145,1.34148,1.3414,1.34146
1781701860000,1.34144,1.34152,1.34143,1.34152
1781701920000,1.34153,1.34156,1.3415,1.34154
1781701980000,1.34154,1.3416,1.34154,1.3416
1781702040000,1.34159,1.34159,1.34147,1.34156
1781702100000,1.34155,1.34155,1.34146,1.34146
1781702160000,1.34146,1.3416,1.34144,1.34146
1781702220000,1.34146,1.34148,1.34142,1.34144
1781702280000,1.34146,1.34157,1.34146,1.34156
1781702340000,1.34156,1.34157,1.34149,1.34156
1781702400000,1.34157,1.34168,1.34157,1.34166
1781702460000,1.34166,1.34173,1.34161,1.34163
1781702520000,1.34162,1.34182,1.34159,1.34179
1781702580000,1.34177,1.34179,1.34164,1.34171
1781702640000,1.34169,1.34169,1.34154,1.34157
1781702700000,1.34158,1.34164,1.34148,1.34155
1781702760000,1.34158,1.34162,1.34146,1.34146
1781702820000,1.34144,1.34148,1.34141,1.34145
1781702880000,1.34141,1.34145,1.34131,1.34135
1781702940000,1.34135,1.34144,1.34135,1.34138
1781703000000,1.34138,1.34142,1.34127,1.34137
1781703060000,1.34135,1.34135,1.3411,1.34128
1781703120000,1.34127,1.34127,1.34106,1.3411
1781703180000,1.34109,1.34125,1.34106,1.34124
1781703240000,1.34122,1.34123,1.34103,1.34104
1781703300000,1.34105,1.34116,1.34086,1.34113
1781703360000,1.34115,1.34126,1.34112,1.3412
1781703420000,1.34118,1.34122,1.34108,1.34108
1781703480000,1.34105,1.34115,1.34095,1.34097
1781703540000,1.34099,1.34115,1.34099,1.34103
1781703600000,1.34102,1.34113,1.34094,1.34095
1781703660000,1.34094,1.34114,1.34094,1.34103
1781703720000,1.34103,1.34103,1.34081,1.34088
1781703780000,1.34089,1.34102,1.34085,1.341
1781703840000,1.34101,1.34101,1.34084,1.34093
1781703900000,1.34091,1.34102,1.34085,1.34086
1781703960000,1.34086,1.34098,1.34083,1.34091
1781704020000,1.34093,1.34095,1.34081,1.34083
1781704080000,1.34084,1.34102,1.34083,1.34102
1781704140000,1.34104,1.34107,1.34097,1.34099
1781704200000,1.341,1.34137,1.34097,1.34135
1781704260000,1.34134,1.34135,1.34123,1.34132
1781704320000,1.3413,1.34135,1.34105,1.34105
1781704380000,1.34104,1.34117,1.34095,1.34115
1781704440000,1.34114,1.34117,1.34074,1.34076
1781704500000,1.34074,1.34089,1.34074,1.34087
1781704560000,1.34085,1.34086,1.34056,1.34057
1781704620000,1.34058,1.34079,1.34058,1.34066
1781704680000,1.3407,1.34075,1.34069,1.34074
1781704740000,1.34075,1.34077,1.34056,1.34056
1781704800000,1.34057,1.34074,1.34054,1.34055
1781704860000,1.34054,1.34073,1.34048,1.34058
1781704920000,1.34057,1.34068,1.34048,1.34051
1781704980000,1.3405,1.34053,1.34033,1.34044
1781705040000,1.34045,1.34053,1.34011,1.34021
1781705100000,1.3402,1.34049,1.3402,1.34034
1781705160000,1.34034,1.3406,1.34027,1.34058
1781705220000,1.34058,1.34064,1.34048,1.34059
1781705280000,1.3406,1.3406,1.34045,1.34047
1781705340000,1.34048,1.34048,1.34008,1.34013
1781705400000,1.34012,1.34024,1.3401,1.34013
1781705460000,1.34013,1.34014,1.34005,1.34014
1781705520000,1.34014,1.34024,1.34013,1.34024
1781705580000,1.34024,1.34024,1.34011,1.34014
1781705640000,1.34015,1.34018,1.34007,1.34013
1781705700000,1.34013,1.34029,1.34013,1.34029
1781705760000,1.34032,1.3405,1.34032,1.34047
1781705820000,1.34046,1.34047,1.34032,1.34035
1781705880000,1.34033,1.34033,1.34011,1.34024
1781705940000,1.34024,1.34038,1.34024,1.34029
1781706000000,1.34029,1.34038,1.34024,1.34024
1781706060000,1.34024,1.34024,1.34,1.34006
1781706120000,1.34007,1.34018,1.34005,1.34017
1781706180000,1.34015,1.34018,1.34005,1.34009
1781706240000,1.3401,1.34035,1.34007,1.34014
1781706300000,1.34015,1.34025,1.34013,1.34014
1781706360000,1.34016,1.34028,1.34006,1.34008
1781706420000,1.34006,1.34007,1.3399,1.33994
1781706480000,1.33995,1.3401,1.33995,1.34006
1781706540000,1.34005,1.34012,1.34003,1.34008
1781706600000,1.34008,1.3403,1.34007,1.34027
1781706660000,1.34027,1.34027,1.34013,1.34014
1781706720000,1.34014,1.34025,1.34014,1.34018
1781706780000,1.34018,1.34019,1.34007,1.34008
1781706840000,1.3401,1.34029,1.3401,1.34027
1781706900000,1.34029,1.34034,1.34009,1.34011
1781706960000,1.3401,1.34014,1.33996,1.33996
1781707020000,1.33996,1.34001,1.33985,1.34001
1781707080000,1.34,1.34,1.33986,1.33988
1781707140000,1.33989,1.34005,1.33988,1.34001
1781707200000,1.34001,1.34005,1.33984,1.33984
1781707260000,1.33985,1.33993,1.33978,1.33987
1781707320000,1.33988,1.3403,1.33988,1.34026
1781707380000,1.34027,1.34039,1.34022,1.34039
1781707440000,1.34038,1.34039,1.34021,1.34025
1781707500000,1.34025,1.34035,1.34024,1.34027
1781707560000,1.34027,1.34027,1.34006,1.34008
1781707620000,1.34006,1.34016,1.33848,1.33894
1781707680000,1.33894,1.33958,1.33894,1.33958
1781707740000,1.33958,1.33958,1.33933,1.33944
1781707800000,1.33945,1.33956,1.33929,1.33944
1781707860000,1.33945,1.33958,1.33942,1.3395
1781707920000,1.3395,1.33998,1.33949,1.33997
1781707980000,1.33998,1.34,1.33975,1.33979
1781708040000,1.33979,1.33979,1.33949,1.33952
1781708100000,1.33954,1.33974,1.3395,1.33962
1781708160000,1.33958,1.33964,1.33949,1.33952
1781708220000,1.33952,1.33971,1.33928,1.33943
1781708280000,1.33943,1.33949,1.33915,1.33915
1781708340000,1.33915,1.33939,1.33913,1.33934
1781708400000,1.33933,1.33933,1.33917,1.33933
1781708460000,1.33934,1.33937,1.33908,1.33911
1781708520000,1.33911,1.33914,1.33876,1.33876
1781708580000,1.33879,1.33929,1.33879,1.33929
1781708640000,1.3393,1.33939,1.33926,1.33934
1781708700000,1.33934,1.33938,1.33881,1.33889
1781708760000,1.33889,1.33918,1.33888,1.33898
1781708820000,1.33902,1.33914,1.33902,1.33914
1781708880000,1.33912,1.3392,1.33909,1.33919
1781708940000,1.33918,1.33919,1.3389,1.3389
1781709000000,1.3389,1.33909,1.33889,1.33909
1781709060000,1.33908,1.33912,1.33898,1.339
1781709120000,1.33903,1.33906,1.33889,1.33905
1781709180000,1.33905,1.3392,1.33905,1.33919
1781709240000,1.33921,1.33932,1.33918,1.33927
1781709300000,1.33926,1.33951,1.33919,1.3395
1781709360000,1.3395,1.33969,1.33949,1.33959
1781709420000,1.33957,1.33959,1.33936,1.33945
1781709480000,1.33946,1.33969,1.33946,1.33965
1781709540000,1.33963,1.33971,1.33959,1.33969
1781709600000,1.3397,1.33973,1.33951,1.33956
1781709660000,1.33958,1.33965,1.3395,1.33953
1781709720000,1.33955,1.33955,1.33947,1.33948
1781709780000,1.33948,1.33954,1.33939,1.33939
1781709840000,1.33936,1.33938,1.33926,1.33932
1781709900000,1.33931,1.33934,1.33919,1.33919
1781709960000,1.3392,1.33934,1.33919,1.3392
1781710020000,1.33919,1.33936,1.33917,1.33935
1781710080000,1.33933,1.33944,1.33927,1.33943
1781710140000,1.33945,1.33953,1.33945,1.3395
1781710200000,1.33948,1.33957,1.33938,1.33957
1781710260000,1.33956,1.33959,1.33947,1.3395
1781710320000,1.33951,1.3396,1.33949,1.33954
1781710380000,1.33954,1.3397,1.33954,1.33957
1781710440000,1.33958,1.33963,1.33954,1.3396
1781710500000,1.33962,1.33968,1.33954,1.33959
1781710560000,1.33959,1.33965,1.33951,1.33953
1781710620000,1.33952,1.33956,1.33947,1.33953
1781710680000,1.33952,1.33956,1.33945,1.33947
1781710740000,1.33947,1.33964,1.33944,1.33945
1781710800000,1.33945,1.33945,1.33927,1.33938
1781710860000,1.3394,1.33955,1.33938,1.33955
1781710920000,1.33954,1.33969,1.33954,1.33964
1781710980000,1.33966,1.33973,1.33966,1.33969
1781711040000,1.33967,1.33982,1.3396,1.33974
1781711100000,1.33976,1.33979,1.33966,1.33971
1781711160000,1.3397,1.33972,1.33947,1.33949
1781711220000,1.33949,1.33962,1.33948,1.33961
1781711280000,1.33962,1.33968,1.33962,1.33965
1781711340000,1.33966,1.33974,1.33964,1.33974
1781711400000,1.33974,1.33976,1.33946,1.33946
1781711460000,1.33949,1.33952,1.33941,1.33943
1781711520000,1.33944,1.33945,1.33935,1.33945
1781711580000,1.33944,1.33948,1.33933,1.33943
1781711640000,1.33942,1.33943,1.33932,1.33932
1781711700000,1.33934,1.33954,1.33934,1.33954
1781711760000,1.33951,1.33954,1.33944,1.33953
1781711820000,1.33954,1.33961,1.33949,1.33951
1781711880000,1.3395,1.33963,1.3395,1.33958
1781711940000,1.33958,1.3396,1.33954,1.33957
1781712000000,1.33958,1.33966,1.33952,1.33954
1781712060000,1.33953,1.33954,1.33939,1.33944
1781712120000,1.33943,1.33955,1.33935,1.33936
1781712180000,1.33935,1.33942,1.3393,1.33935
1781712240000,1.33933,1.33943,1.33931,1.33935
1781712300000,1.33936,1.33943,1.3393,1.33937
1781712360000,1.33939,1.33947,1.33936,1.33946
1781712420000,1.33945,1.33946,1.33931,1.33932
1781712480000,1.3393,1.33931,1.33919,1.33925
1781712540000,1.33925,1.33945,1.33925,1.33945
1781712600000,1.33941,1.33941,1.33925,1.33932
1781712660000,1.33933,1.33934,1.33918,1.33919
1781712720000,1.33922,1.33923,1.33907,1.33909
1781712780000,1.33907,1.33914,1.33897,1.33897
1781712840000,1.33897,1.33901,1.33893,1.33895
1781712900000,1.33895,1.33915,1.33892,1.33915
1781712960000,1.33912,1.33913,1.33902,1.33903
1781713020000,1.33904,1.33914,1.33904,1.33909
1781713080000,1.3391,1.33918,1.33907,1.33918
1781713140000,1.33918,1.33918,1.33906,1.33913
1781713200000,1.33914,1.33922,1.33914,1.33919
1781713260000,1.33918,1.33918,1.33914,1.33915
1781713320000,1.33917,1.33928,1.33915,1.33926
1781713380000,1.33926,1.33943,1.33926,1.33943
1781713440000,1.33943,1.33945,1.33939,1.3394
1781713500000,1.3394,1.33945,1.33932,1.33945
1781713560000,1.33945,1.33952,1.33939,1.33941
1781713620000,1.33939,1.33945,1.33915,1.33925
1781713680000,1.33924,1.33934,1.33924,1.33926
1781713740000,1.33927,1.33937,1.33925,1.33937
1781713800000,1.33938,1.33939,1.33929,1.33934
1781713860000,1.33934,1.33934,1.33906,1.33906
1781713920000,1.33908,1.33913,1.33894,1.33895
1781713980000,1.33892,1.33905,1.33892,1.33898
1781714040000,1.339,1.33914,1.339,1.33908
1781714100000,1.3391,1.33914,1.33907,1.3391
1781714160000,1.33911,1.33915,1.33898,1.33898
1781714220000,1.33897,1.33907,1.33897,1.33906
1781714280000,1.33905,1.33912,1.33903,1.33912
1781714340000,1.33913,1.33918,1.33913,1.33917
1781714400000,1.33916,1.33925,1.33915,1.33921
1781714460000,1.33923,1.33927,1.33922,1.33925
1781714520000,1.33927,1.33935,1.3392,1.33926
1781714580000,1.33928,1.33936,1.33927,1.33936
1781714640000,1.33938,1.33939,1.33935,1.33938
1781714700000,1.33938,1.33939,1.33937,1.33939
1781714760000,1.33937,1.33943,1.33935,1.33938
1781714820000,1.33938,1.33947,1.33938,1.33944
1781714880000,1.33944,1.33949,1.33939,1.33945
1781714940000,1.33946,1.33957,1.33946,1.33954
1781715000000,1.33953,1.33959,1.33952,1.33958
1781715060000,1.33959,1.33967,1.33958,1.33965
1781715120000,1.33964,1.33968,1.3396,1.33967
1781715180000,1.33967,1.33968,1.33954,1.33954
1781715240000,1.33955,1.33955,1.33944,1.33945
1781715300000,1.33946,1.33977,1.33946,1.33969
1781715360000,1.33967,1.33967,1.33955,1.33957
1781715420000,1.33957,1.33957,1.33948,1.33953
1781715480000,1.33954,1.33954,1.33944,1.3395
1781715540000,1.33951,1.33961,1.33951,1.33961
1781715600000,1.33962,1.33965,1.33951,1.33956
1781715660000,1.33957,1.33959,1.33955,1.33956
1781715720000,1.33955,1.3396,1.33952,1.33959
1781715780000,1.33959,1.33966,1.33957,1.3396
1781715840000,1.3396,1.3397,1.3396,1.33968
1781715900000,1.33969,1.33978,1.33968,1.33976
1781715960000,1.33975,1.33983,1.33974,1.33977
1781716020000,1.33976,1.33978,1.33969,1.33972
1781716080000,1.33973,1.33979,1.33939,1.33974
1781716140000,1.33974,1.33978,1.33968,1.33977
1781716200000,1.33978,1.3399,1.33969,1.33969
1781716260000,1.33969,1.33974,1.33967,1.33968
1781716320000,1.3397,1.33973,1.3396,1.33971
1781716380000,1.33973,1.33983,1.33973,1.33982
1781716440000,1.33982,1.33986,1.33977,1.33978
1781716500000,1.33978,1.33979,1.33968,1.33968
1781716560000,1.33969,1.33976,1.33967,1.3397
1781716620000,1.33968,1.33969,1.33963,1.33965
1781716680000,1.33964,1.33969,1.33959,1.33967
1781716740000,1.33969,1.33978,1.33965,1.33971
1781716800000,1.3397,1.3397,1.33963,1.33965
1781716860000,1.33967,1.33975,1.33967,1.33969
1781716920000,1.33969,1.33972,1.33965,1.33965
1781716980000,1.33963,1.33964,1.33952,1.33956
1781717040000,1.33954,1.33961,1.33954,1.33958
1781717100000,1.3396,1.33961,1.33949,1.33949
1781717160000,1.3395,1.33957,1.33948,1.33954
1781717220000,1.33954,1.33954,1.33949,1.33951
1781717280000,1.33951,1.33955,1.33943,1.33955
1781717340000,1.33954,1.3396,1.33954,1.33957
1781717400000,1.33956,1.33956,1.33949,1.33955
1781717460000,1.33958,1.33966,1.33957,1.33964
1781717520000,1.33964,1.33967,1.33959,1.33962
1781717580000,1.33961,1.33974,1.33958,1.33974
1781717640000,1.33971,1.33973,1.3396,1.33966
1781717700000,1.33965,1.33965,1.33956,1.33957
1781717760000,1.33956,1.3396,1.33954,1.33958
1781717820000,1.33959,1.33959,1.33942,1.33942
1781717880000,1.33943,1.33954,1.33938,1.33949
1781717940000,1.3395,1.33952,1.33946,1.33946
1781718000000,1.33948,1.33955,1.33947,1.33949
1781718060000,1.33948,1.33953,1.33942,1.3395
1781718120000,1.33951,1.33954,1.33944,1.33953
1781718180000,1.33953,1.33958,1.33943,1.33952
1781718240000,1.33952,1.33959,1.33949,1.33959
1781718300000,1.3396,1.33969,1.33958,1.33964
1781718360000,1.33964,1.33969,1.33964,1.33969
1781718420000,1.33969,1.33969,1.3395,1.33957
1781718480000,1.33958,1.33971,1.33958,1.33969
1781718540000,1.3397,1.33987,1.33969,1.33986
1781718600000,1.33986,1.33987,1.33981,1.33986
1781718660000,1.33991,1.34003,1.33991,1.33991
1781718720000,1.33992,1.34006,1.33992,1.34003
1781718780000,1.34005,1.34013,1.34003,1.34011
1781718840000,1.34012,1.34027,1.34009,1.34019
1781718900000,1.34019,1.34026,1.34019,1.34022
1781718960000,1.34025,1.34027,1.34023,1.34027
1781719020000,1.34026,1.34032,1.3402,1.34023
1781719080000,1.34023,1.34023,1.34009,1.34023
1781719140000,1.34022,1.34022,1.34011,1.34014
1781719200000,1.34013,1.34013,1.33587,1.33597
1781719260000,1.33597,1.33682,1.33555,1.33682
1781719320000,1.33682,1.33722,1.33604,1.33618
1781719380000,1.33616,1.33663,1.33571,1.33634
1781719440000,1.33637,1.33644,1.33541,1.33552
1781719500000,1.33553,1.3356,1.3348,1.33508
1781719560000,1.33511,1.33563,1.33511,1.33551
1781719620000,1.33553,1.33586,1.3353,1.33534
1781719680000,1.33533,1.33548,1.33493,1.33505
1781719740000,1.33503,1.33539,1.33484,1.33502
1781719800000,1.33502,1.33525,1.3349,1.33492
1781719860000,1.33493,1.33526,1.33479,1.33506
1781719920000,1.33506,1.33528,1.33491,1.33521
1781719980000,1.33518,1.33518,1.33481,1.33487
1781720040000,1.33487,1.3352,1.33465,1.33493
1781720100000,1.33495,1.3353,1.33492,1.33527
1781720160000,1.33527,1.33552,1.33498,1.33542
1781720220000,1.3354,1.33565,1.33536,1.33554
1781720280000,1.33555,1.33592,1.33544,1.33555
1781720340000,1.33556,1.33573,1.33547,1.33561
1781720400000,1.33563,1.33574,1.33548,1.33552
1781720460000,1.33552,1.336,1.33552,1.33597
1781720520000,1.33597,1.33604,1.33562,1.33573
1781720580000,1.33574,1.33614,1.33572,1.33602
1781720640000,1.33602,1.33618,1.33578,1.33595
1781720700000,1.33598,1.33598,1.3352,1.33534
1781720760000,1.33533,1.33562,1.33532,1.33542
1781720820000,1.33543,1.33543,1.33505,1.33523
1781720880000,1.33523,1.3353,1.33512,1.33523
1781720940000,1.33523,1.3354,1.33507,1.33539
1781721000000,1.3354,1.33548,1.33485,1.33488
1781721060000,1.33489,1.33622,1.33487,1.33621
1781721120000,1.33621,1.33709,1.33475,1.33564
1781721180000,1.33565,1.33583,1.3342,1.33446
1781721240000,1.33446,1.33477,1.33345,1.33346
1781721300000,1.3335,1.33438,1.33346,1.33431
1781721360000,1.33431,1.33483,1.3342,1.33479
1781721420000,1.33479,1.33526,1.33471,1.33489
1781721480000,1.33487,1.33573,1.33484,1.33569
1781721540000,1.33569,1.33643,1.33546,1.33569
1781721600000,1.33568,1.33599,1.33542,1.33548
1781721660000,1.33547,1.33601,1.3349,1.3357
1781721720000,1.33568,1.33592,1.33508,1.33577
1781721780000,1.33578,1.33652,1.33549,1.33647
1781721840000,1.33647,1.33705,1.33628,1.33657
1781721900000,1.33658,1.33669,1.33626,1.33631
1781721960000,1.3363,1.33678,1.3359,1.3359
1781722020000,1.3359,1.33665,1.33574,1.33652
1781722080000,1.33651,1.33651,1.33593,1.33641
1781722140000,1.3364,1.33668,1.33629,1.33648
1781722200000,1.3365,1.33651,1.33585,1.33598
1781722260000,1.33598,1.33625,1.33583,1.33592
1781722320000,1.33591,1.33664,1.33564,1.33594
1781722380000,1.33593,1.336,1.33546,1.33549
1781722440000,1.33552,1.33586,1.33548,1.33553
1781722500000,1.33554,1.33557,1.33472,1.33486
1781722560000,1.33487,1.33493,1.33468,1.33469
1781722620000,1.33468,1.33481,1.33414,1.33416
1781722680000,1.33415,1.33423,1.33348,1.33348
1781722740000,1.33354,1.33383,1.33347,1.33369
1781722800000,1.33368,1.33388,1.33343,1.33387
1781722860000,1.33388,1.33398,1.33339,1.3334
1781722920000,1.33345,1.33376,1.33262,1.33262
1781722980000,1.33269,1.33301,1.33234,1.33252
1781723040000,1.33253,1.33259,1.33179,1.3318
1781723100000,1.33181,1.33209,1.33154,1.332
1781723160000,1.33198,1.33243,1.33164,1.3317
1781723220000,1.33169,1.3318,1.33124,1.33129
1781723280000,1.33128,1.33194,1.33123,1.33155
1781723340000,1.33158,1.33166,1.33124,1.33126
1781723400000,1.33126,1.33126,1.33077,1.33084
1781723460000,1.33084,1.33085,1.32965,1.32965
1781723520000,1.32966,1.32972,1.32859,1.32872
1781723580000,1.32873,1.33047,1.3286,1.33019
1781723640000,1.33021,1.33026,1.32969,1.3301
1781723700000,1.33009,1.33015,1.32925,1.32955
1781723760000,1.32953,1.32982,1.32944,1.32945
1781723820000,1.32944,1.32974,1.32898,1.32901
1781723880000,1.32902,1.32905,1.32874,1.32901
1781723940000,1.329,1.32937,1.32893,1.32899
1781724000000,1.32901,1.32902,1.32873,1.32891
1781724060000,1.32892,1.32904,1.3286,1.32902
1781724120000,1.32903,1.3294,1.32883,1.32883
1781724180000,1.32884,1.32888,1.3285,1.32867
1781724240000,1.32866,1.32878,1.32831,1.32834
1781724300000,1.32834,1.32884,1.32827,1.32871
1781724360000,1.3287,1.32901,1.32862,1.32867
1781724420000,1.32866,1.32908,1.32844,1.32846
1781724480000,1.32846,1.32866,1.32816,1.32827
1781724540000,1.32832,1.32841,1.32798,1.32799
1781724600000,1.328,1.328,1.32733,1.32746
1781724660000,1.32748,1.32816,1.32746,1.32773
1781724720000,1.32773,1.3278,1.32748,1.32764
1781724780000,1.32765,1.32779,1.32734,1.32746
1781724840000,1.32746,1.32748,1.32697,1.32698
1781724900000,1.327,1.32733,1.32697,1.32725
1781724960000,1.32725,1.32753,1.32714,1.32728
1781725020000,1.32728,1.32741,1.32716,1.32718
1781725080000,1.32719,1.32719,1.32627,1.32628
1781725140000,1.32627,1.32665,1.32626,1.32654
1781725200000,1.32652,1.32676,1.32633,1.32652
1781725260000,1.32652,1.32738,1.32652,1.32681
1781725320000,1.32679,1.32684,1.32626,1.32644
1781725380000,1.32644,1.32676,1.32619,1.32666
1781725440000,1.32666,1.32698,1.32644,1.32697
1781725500000,1.32697,1.32743,1.32697,1.32738
1781725560000,1.32739,1.32757,1.32709,1.32727
1781725620000,1.32728,1.3273,1.32697,1.32714
1781725680000,1.32715,1.32737,1.32713,1.32722
1781725740000,1.3272,1.32734,1.32684,1.32729
1781725800000,1.32728,1.3278,1.32685,1.32724
1781725860000,1.32726,1.3276,1.32726,1.32759
1781725920000,1.32758,1.32758,1.32714,1.32718
1781725980000,1.3272,1.32738,1.32715,1.32736
1781726040000,1.32738,1.32772,1.32731,1.32757
1781726100000,1.32758,1.32811,1.32758,1.32811
1781726160000,1.32809,1.32862,1.32795,1.32847
1781726220000,1.32846,1.32859,1.32827,1.32859
1781726280000,1.32859,1.3286,1.32798,1.32819
1781726340000,1.32823,1.32852,1.32819,1.3285
1781726400000,1.3285,1.32867,1.32847,1.3286
1781726460000,1.3286,1.32867,1.32846,1.32849
1781726520000,1.32848,1.32868,1.32839,1.3285
1781726580000,1.3285,1.32856,1.32806,1.32811
1781726640000,1.32811,1.32814,1.32769,1.32786
1781726700000,1.3279,1.32809,1.3279,1.32806
1781726760000,1.32806,1.32821,1.32798,1.32812
1781726820000,1.32811,1.32824,1.32801,1.32806
1781726880000,1.32805,1.32806,1.32788,1.32801
1781726940000,1.32801,1.32809,1.32796,1.32796
1781727000000,1.32798,1.32828,1.32798,1.32822
1781727060000,1.32822,1.3283,1.32808,1.32809
1781727120000,1.32809,1.3282,1.32806,1.3281
1781727180000,1.32813,1.3282,1.32808,1.32818
1781727240000,1.3282,1.32829,1.32806,1.32806
1781727300000,1.32807,1.32807,1.32786,1.32799
1781727360000,1.32802,1.32821,1.32794,1.3282
1781727420000,1.32819,1.32841,1.32818,1.32838
1781727480000,1.32839,1.32896,1.32839,1.32891
1781727540000,1.32891,1.32891,1.32874,1.3289
1781727600000,1.32889,1.32901,1.32889,1.32897
1781727660000,1.32897,1.32903,1.32892,1.32895
1781727720000,1.32894,1.3291,1.32886,1.32909
1781727780000,1.32908,1.32911,1.32894,1.32895
1781727840000,1.32896,1.32909,1.32896,1.32909
1781727900000,1.32911,1.32918,1.329,1.329
1781727960000,1.32894,1.32914,1.32888,1.32913
1781728020000,1.32914,1.32922,1.32898,1.32922
1781728080000,1.32918,1.32925,1.32914,1.32925
1781728140000,1.32923,1.32926,1.32914,1.32922
1781728200000,1.32924,1.3293,1.32921,1.32926
1781728260000,1.32927,1.32938,1.32919,1.32937
1781728320000,1.32938,1.32961,1.32933,1.32961
1781728380000,1.3296,1.3296,1.32948,1.32948
1781728440000,1.32946,1.32956,1.32946,1.32951
1781728500000,1.32951,1.32954,1.32937,1.3294
1781728560000,1.3294,1.32963,1.32939,1.32961
1781728620000,1.32965,1.32976,1.32965,1.32973
1781728680000,1.32973,1.32989,1.32962,1.32989
1781728740000,1.32989,1.32989,1.32974,1.32975
1781728800000,1.32977,1.32977,1.32964,1.32971
1781728860000,1.32973,1.32985,1.32971,1.32983
1781728920000,1.32982,1.32983,1.32969,1.3297
1781728980000,1.32971,1.32974,1.32962,1.32962
1781729040000,1.32962,1.32968,1.32949,1.32951
1781729100000,1.32951,1.32961,1.32945,1.32959
1781729160000,1.3296,1.32969,1.32959,1.32967
1781729220000,1.32968,1.32969,1.32959,1.3296
1781729280000,1.32961,1.32961,1.32942,1.32942
1781729340000,1.32948,1.32954,1.32942,1.32944
1781729400000,1.32944,1.32957,1.32941,1.32952
1781729460000,1.3295,1.32952,1.32932,1.3295
1781729520000,1.32951,1.32959,1.32941,1.32941
1781729580000,1.32942,1.32942,1.32937,1.32941
1781729640000,1.3294,1.32952,1.32937,1.32949
1781729700000,1.32949,1.3295,1.32946,1.32946
1781729760000,1.32948,1.3295,1.32946,1.32948
1781729820000,1.32946,1.32949,1.32936,1.32943
1781729880000,1.32942,1.32965,1.32942,1.32945
1781729940000,1.32945,1.32946,1.32905,1.32905
1781730000000,1.32893,1.32894,1.32893,1.32894
1781730060000,1.32894,1.32894,1.32894,1.32894
1781730120000,1.32853,1.32853,1.32829,1.32829
1781730180000,1.32829,1.32829,1.32829,1.32829
1781730240000,1.32829,1.32829,1.32659,1.32659
1781730300000,1.32805,1.32805,1.32761,1.32804
1781730360000,1.32797,1.32797,1.32797,1.32797
1781730420000,1.32797,1.32797,1.32797,1.32797
1781730480000,1.32797,1.32843,1.32797,1.32843
1781730540000,1.32807,1.32807,1.32806,1.32806
1781730600000,1.32806,1.32894,1.32806,1.32893
1781730660000,1.32894,1.32894,1.32847,1.32848
1781730720000,1.32844,1.32863,1.32843,1.32861
1781730780000,1.32862,1.32862,1.32853,1.3286
1781730840000,1.32856,1.3287,1.32824,1.32825
1781730900000,1.32825,1.32825,1.32822,1.32825
1781730960000,1.32826,1.3285,1.32824,1.32848
1781731020000,1.32849,1.32894,1.32846,1.32894
1781731080000,1.32934,1.32934,1.32933,1.32933
1781731140000,1.32854,1.3291,1.32854,1.32908
1781731200000,1.32912,1.32944,1.32908,1.32944
1781731260000,1.3293,1.3293,1.32929,1.3293
1781731320000,1.32905,1.3294,1.32905,1.3294
1781731380000,1.3294,1.32963,1.3294,1.32963
1781731440000,1.32958,1.33001,1.32948,1.3297
1781731500000,1.32953,1.32976,1.32952,1.32961
1781731560000,1.3296,1.32967,1.32955,1.32955
1781731620000,1.32957,1.32957,1.3295,1.32951
1781731680000,1.32952,1.32956,1.32949,1.32954
1781731740000,1.32957,1.32968,1.32948,1.32949
1781731800000,1.32952,1.32965,1.32947,1.32949
1781731860000,1.32949,1.32962,1.32947,1.32954
1781731920000,1.32968,1.32968,1.32937,1.32943
1781731980000,1.32943,1.32954,1.32874,1.32938
1781732040000,1.32937,1.32943,1.3285,1.32941
1781732100000,1.32938,1.32938,1.32924,1.3293
1781732160000,1.32928,1.32934,1.32835,1.32894
1781732220000,1.32894,1.32904,1.32893,1.32904
1781732280000,1.32904,1.32904,1.32844,1.32845
1781732340000,1.32845,1.32852,1.32842,1.32842
1781732400000,1.32843,1.32852,1.32841,1.32845
1781732460000,1.32842,1.32908,1.32838,1.32894
1781732520000,1.32894,1.32894,1.32841,1.32841
1781732580000,1.3284,1.32859,1.3284,1.32844
1781732640000,1.32841,1.32853,1.32824,1.32835
1781732700000,1.32834,1.329,1.3283,1.32894
1781732760000,1.32886,1.32888,1.32886,1.32887
1781732820000,1.32888,1.32904,1.32888,1.32904
1781732880000,1.32903,1.32904,1.32857,1.32863
1781732940000,1.32855,1.32941,1.32855,1.32918
1781733000000,1.32919,1.32959,1.32917,1.32945
1781733060000,1.32971,1.32987,1.3294,1.32973
1781733120000,1.3297,1.32973,1.32949,1.32955
1781733180000,1.32955,1.32956,1.32948,1.32956
1781733240000,1.32955,1.32955,1.32947,1.32955
1781733300000,1.32948,1.32955,1.32947,1.32952
1781733360000,1.32946,1.32953,1.32944,1.32951
1781733420000,1.32951,1.32958,1.32927,1.32928
1781733480000,1.32928,1.32928,1.32787,1.3282
1781733540000,1.32821,1.32892,1.32789,1.32854
1781733600000,1.32854,1.32942,1.32854,1.32925
1781733660000,1.32924,1.32925,1.32896,1.32897
1781733720000,1.32901,1.32901,1.32876,1.32892
1781733780000,1.32891,1.32896,1.32884,1.32891
1781733840000,1.32891,1.32892,1.32889,1.32891
1781733900000,1.32894,1.32912,1.32894,1.32912
1781733960000,1.32912,1.32921,1.3291,1.32921
1781734020000,1.32921,1.32922,1.3292,1.32921
1781734080000,1.32919,1.32923,1.32901,1.32904
1781734140000,1.32904,1.32919,1.32904,1.32916
1781734200000,1.32916,1.32916,1.32914,1.32916
1781734260000,1.32913,1.32924,1.329,1.3292
1781734320000,1.32918,1.32938,1.32916,1.32938
1781734380000,1.32941,1.32944,1.3293,1.3293
1781734440000,1.32929,1.32931,1.32927,1.32927
1781734500000,1.32926,1.32931,1.32926,1.32931
1781734560000,1.3293,1.32931,1.32916,1.32916
1781734620000,1.32916,1.32919,1.32916,1.32919
1781734680000,1.32925,1.32927,1.32922,1.32927
1781734740000,1.32924,1.32924,1.32918,1.32918
1781734800000,1.32923,1.32929,1.32923,1.32929
1781734860000,1.32933,1.32939,1.32933,1.32937
1781734920000,1.32937,1.32937,1.32927,1.32927
1781734980000,1.32927,1.32928,1.32919,1.32924
1781735040000,1.32923,1.32923,1.32918,1.32919
1781735100000,1.32919,1.3292,1.32918,1.32918
1781735160000,1.32919,1.3293,1.32919,1.32923
1781735220000,1.32924,1.32924,1.32911,1.32915
1781735280000,1.32916,1.32929,1.32915,1.32925
1781735340000,1.32923,1.32924,1.32921,1.32921
1781735400000,1.3292,1.32924,1.3292,1.32921
1781735460000,1.32919,1.32931,1.32919,1.32929
1781735520000,1.3293,1.32931,1.3293,1.32931
1781735580000,1.32929,1.32932,1.32929,1.32932
1781735640000,1.32933,1.32933,1.32931,1.32932
1781735700000,1.32931,1.32933,1.32931,1.32933
1781735760000,1.32931,1.32942,1.32931,1.32936
1781735820000,1.32936,1.32942,1.32936,1.32942
1781735880000,1.32942,1.32944,1.32942,1.32944
1781735940000,1.32945,1.32949,1.32941,1.32947
1781736000000,1.32945,1.32953,1.32944,1.32953
1781736060000,1.32952,1.32952,1.3295,1.32952
1781736120000,1.32952,1.32953,1.32948,1.32953
1781736180000,1.32953,1.32953,1.32951,1.32951
1781736240000,1.32951,1.32953,1.32947,1.32947
1781736300000,1.32947,1.32953,1.32946,1.32951
1781736360000,1.3295,1.32958,1.32949,1.32951
1781736420000,1.32951,1.32952,1.3295,1.32951
1781736480000,1.32951,1.32954,1.32942,1.3295
1781736540000,1.3295,1.32951,1.32949,1.3295
1781736600000,1.3295,1.32962,1.3295,1.32962
1781736660000,1.32962,1.32962,1.32959,1.32961
1781736720000,1.32962,1.32964,1.32962,1.32962
1781736780000,1.32962,1.32964,1.32961,1.32962
1781736840000,1.32962,1.32964,1.32962,1.32963
1781736900000,1.32962,1.32965,1.32961,1.32962
1781736960000,1.32962,1.32962,1.32956,1.32958
1781737020000,1.32957,1.32959,1.32956,1.32957
1781737080000,1.32958,1.32958,1.32953,1.32954
1781737140000,1.32954,1.32954,1.32953,1.32954
1781737200000,1.32954,1.32964,1.32953,1.32963
1781737260000,1.32963,1.32967,1.32962,1.32962
1781737320000,1.32962,1.32964,1.32961,1.32961
1781737380000,1.32964,1.32971,1.32963,1.32971
1781737440000,1.32971,1.32971,1.32965,1.32969
1781737500000,1.32968,1.3297,1.32967,1.32969
1781737560000,1.32968,1.32972,1.32963,1.32971
1781737620000,1.32971,1.32972,1.32967,1.32971
1781737680000,1.32971,1.32983,1.32971,1.32976
1781737740000,1.32974,1.32983,1.32973,1.32983
1781737800000,1.32982,1.32982,1.32973,1.32981
1781737860000,1.3298,1.32982,1.32979,1.3298
1781737920000,1.32979,1.32983,1.32979,1.32981
1781737980000,1.32982,1.32991,1.32982,1.32991
1781738040000,1.32988,1.33,1.32988,1.32998
1781738100000,1.33,1.33008,1.33,1.33004
1781738160000,1.33003,1.33004,1.33002,1.33003
1781738220000,1.33001,1.33001,1.32996,1.32997
1781738280000,1.32997,1.32997,1.32993,1.32996
1781738340000,1.32996,1.32996,1.32993,1.32993
1781738400000,1.32994,1.33002,1.32993,1.32999
1781738460000,1.32998,1.33003,1.32998,1.33003
1781738520000,1.33004,1.33014,1.33004,1.33013
1781738580000,1.33012,1.33014,1.33012,1.33013
1781738640000,1.33014,1.33014,1.3301,1.3301
1781738700000,1.3301,1.33014,1.3301,1.33014
1781738760000,1.33016,1.33018,1.33013,1.33014
1781738820000,1.33013,1.33014,1.33013,1.33013
1781738880000,1.33012,1.33013,1.32993,1.32995
1781738940000,1.32995,1.32995,1.32993,1.32993
1781739000000,1.32994,1.32994,1.32984,1.32984
1781739060000,1.32984,1.32994,1.32984,1.32985
1781739120000,1.32983,1.32993,1.32983,1.32989
1781739180000,1.32988,1.32991,1.32983,1.32991
1781739240000,1.32992,1.32999,1.32989,1.32995
1781739300000,1.32995,1.32995,1.3299,1.32991
1781739360000,1.32991,1.32992,1.32988,1.32992
1781739420000,1.32992,1.32993,1.32989,1.3299
1781739480000,1.32989,1.32989,1.32982,1.32985
1781739540000,1.32982,1.32984,1.32981,1.32982
1781739600000,1.3298,1.32981,1.32967,1.32968
1781739660000,1.32967,1.32968,1.32962,1.32962
1781739720000,1.32963,1.32973,1.32962,1.32972
1781739780000,1.32974,1.32983,1.32973,1.32982
1781739840000,1.32981,1.33022,1.32981,1.3302
1781739900000,1.33019,1.33022,1.33004,1.33004
1781739960000,1.33004,1.33005,1.32995,1.33003
1781740020000,1.33005,1.33005,1.32994,1.32999
1781740080000,1.32998,1.32998,1.32987,1.32991
1781740140000,1.32991,1.32998,1.3299,1.32995
1781740200000,1.32998,1.33003,1.32994,1.32996
1781740260000,1.32994,1.32998,1.32992,1.32996
1781740320000,1.32997,1.33008,1.32994,1.33004
1781740380000,1.33003,1.33004,1.33002,1.33003
1781740440000,1.33001,1.33002,1.32995,1.33002
1781740500000,1.33002,1.33003,1.32999,1.33002
1781740560000,1.33002,1.33002,1.32985,1.32985
1781740620000,1.32986,1.32993,1.32986,1.32991
1781740680000,1.32991,1.32994,1.32987,1.32987
1781740740000,1.3299,1.33005,1.32986,1.33005
1782259200000,1.31994,1.32007,1.31982,1.31997
1782259260000,1.31994,1.31998,1.31985,1.31998
1782259320000,1.31995,1.32013,1.31995,1.31996
1782259380000,1.31998,1.32004,1.31994,1.31997
1782259440000,1.31998,1.32013,1.31997,1.31999
1782259500000,1.31997,1.32004,1.31997,1.32002
1782259560000,1.32001,1.32017,1.32,1.32017
1782259620000,1.32016,1.32023,1.3201,1.32021
1782259680000,1.3202,1.32021,1.32007,1.32016
1782259740000,1.32016,1.32019,1.32011,1.32016
1782259800000,1.32018,1.32018,1.3201,1.32013
1782259860000,1.32016,1.32028,1.32009,1.32026
1782259920000,1.32024,1.32025,1.32009,1.3201
1782259980000,1.3201,1.32011,1.31986,1.31986
1782260040000,1.31985,1.31988,1.31982,1.31985
1782260100000,1.31985,1.31993,1.31984,1.31988
1782260160000,1.31986,1.3199,1.31975,1.31987
1782260220000,1.31989,1.31992,1.31976,1.31976
1782260280000,1.31976,1.31982,1.3197,1.31982
1782260340000,1.3198,1.31982,1.31972,1.31973
1782260400000,1.31972,1.31976,1.31963,1.31971
1782260460000,1.31972,1.31978,1.3197,1.31972
1782260520000,1.31972,1.31972,1.31964,1.3197
1782260580000,1.31972,1.31978,1.31966,1.31966
1782260640000,1.31966,1.31966,1.31951,1.31952
1782260700000,1.3195,1.31953,1.31935,1.31937
1782260760000,1.31935,1.31957,1.31935,1.31957
1782260820000,1.31956,1.31956,1.31943,1.31943
1782260880000,1.31944,1.31946,1.31938,1.31944
1782260940000,1.31944,1.31954,1.31942,1.31953
1782261000000,1.31953,1.31957,1.31953,1.31954
1782261060000,1.31956,1.31975,1.31954,1.31974
1782261120000,1.31972,1.31975,1.31968,1.31969
1782261180000,1.31971,1.31974,1.31963,1.31963
1782261240000,1.31964,1.31973,1.31964,1.3197
1782261300000,1.3197,1.3197,1.31963,1.31965
1782261360000,1.31966,1.31975,1.31966,1.31966
1782261420000,1.31966,1.31968,1.31947,1.31959
1782261480000,1.3196,1.31965,1.31959,1.31963
1782261540000,1.31962,1.31968,1.31961,1.31965
1782261600000,1.31963,1.31963,1.31954,1.31954
1782261660000,1.31955,1.31957,1.31947,1.31951
1782261720000,1.31952,1.31965,1.31951,1.31961
1782261780000,1.31963,1.31969,1.31963,1.31967
1782261840000,1.31971,1.31974,1.31966,1.31968
1782261900000,1.31969,1.31973,1.31966,1.31972
1782261960000,1.31972,1.31982,1.31971,1.31973
1782262020000,1.31975,1.31979,1.3197,1.31976
1782262080000,1.31977,1.31995,1.31973,1.31995
1782262140000,1.31992,1.31999,1.31987,1.31989
1782262200000,1.31988,1.31994,1.31985,1.31994
1782262260000,1.31992,1.32007,1.31992,1.32003
1782262320000,1.32001,1.32002,1.31993,1.31994
1782262380000,1.31994,1.31998,1.31989,1.31997
1782262440000,1.31998,1.32008,1.3199,1.31997
1782262500000,1.31998,1.31998,1.31981,1.31988
1782262560000,1.31989,1.31989,1.31969,1.31971
1782262620000,1.31972,1.3199,1.3197,1.31988
1782262680000,1.31988,1.3199,1.31978,1.31982
1782262740000,1.31983,1.31994,1.31983,1.31989
1782262800000,1.3199,1.3199,1.31968,1.31974
1782262860000,1.31973,1.31978,1.31969,1.31978
1782262920000,1.31978,1.31978,1.31963,1.31967
1782262980000,1.31966,1.31968,1.31904,1.31906
1782263040000,1.31906,1.31925,1.31906,1.31925
1782263100000,1.31924,1.31945,1.31924,1.3194
1782263160000,1.31941,1.31944,1.31935,1.31938
1782263220000,1.31936,1.31953,1.31936,1.31951
1782263280000,1.31949,1.31957,1.31945,1.31945
1782263340000,1.31943,1.31943,1.31931,1.31935
1782263400000,1.31933,1.31938,1.3193,1.31934
1782263460000,1.31932,1.31945,1.3193,1.31938
1782263520000,1.31941,1.31953,1.31938,1.31951
1782263580000,1.31949,1.31955,1.31944,1.31953
1782263640000,1.31951,1.31956,1.31947,1.31954
1782263700000,1.31956,1.31956,1.31938,1.31945
1782263760000,1.31945,1.31945,1.31927,1.31931
1782263820000,1.3193,1.31934,1.3192,1.3192
1782263880000,1.3192,1.31924,1.31915,1.31919
1782263940000,1.31919,1.31926,1.31915,1.31926
1782264000000,1.31926,1.31935,1.31924,1.31931
1782264060000,1.31928,1.31931,1.31923,1.31924
1782264120000,1.31926,1.3193,1.3191,1.31911
1782264180000,1.3191,1.31916,1.31909,1.31916
1782264240000,1.31917,1.31925,1.31914,1.31924
1782264300000,1.31924,1.31942,1.31924,1.31935
1782264360000,1.31936,1.31938,1.31924,1.31928
1782264420000,1.31928,1.31928,1.31923,1.31926
1782264480000,1.31928,1.31928,1.31924,1.31926
1782264540000,1.31926,1.31934,1.3192,1.31934
1782264600000,1.31934,1.31944,1.3192,1.31944
1782264660000,1.31944,1.31946,1.31934,1.31936
1782264720000,1.31937,1.31945,1.31933,1.31944
1782264780000,1.31943,1.31963,1.31943,1.31947
1782264840000,1.31947,1.31947,1.31935,1.31941
1782264900000,1.31943,1.31944,1.31928,1.31933
1782264960000,1.31933,1.31936,1.31928,1.31934
1782265020000,1.31934,1.31945,1.31934,1.3194
1782265080000,1.3194,1.31954,1.31935,1.31953
1782265140000,1.31954,1.31956,1.31948,1.31956
1782265200000,1.31956,1.31975,1.31955,1.31967
1782265260000,1.31967,1.31976,1.31966,1.31976
1782265320000,1.31976,1.31984,1.31967,1.31984
1782265380000,1.31985,1.31995,1.3198,1.31987
1782265440000,1.31987,1.31988,1.31975,1.31977
1782265500000,1.31976,1.31979,1.31956,1.31961
1782265560000,1.31962,1.31966,1.31955,1.31961
1782265620000,1.31962,1.31964,1.31956,1.31964
1782265680000,1.31965,1.31967,1.3196,1.31964
1782265740000,1.31961,1.31976,1.31961,1.31975
1782265800000,1.31975,1.31986,1.31971,1.31981
1782265860000,1.31982,1.31983,1.31976,1.31978
1782265920000,1.31976,1.31978,1.31967,1.31968
1782265980000,1.31973,1.31985,1.31972,1.31985
1782266040000,1.31986,1.31995,1.31982,1.31994
1782266100000,1.31995,1.31998,1.31992,1.31998
1782266160000,1.31997,1.32,1.3199,1.31991
1782266220000,1.31991,1.32005,1.31991,1.32002
1782266280000,1.32003,1.32016,1.32003,1.32012
1782266340000,1.32012,1.32015,1.32007,1.32007
1782266400000,1.32007,1.32012,1.31998,1.32
1782266460000,1.32001,1.32007,1.31998,1.32002
1782266520000,1.32002,1.32005,1.31994,1.31996
1782266580000,1.31994,1.31996,1.3199,1.31995
1782266640000,1.31994,1.3201,1.31994,1.32008
1782266700000,1.32008,1.32011,1.32003,1.32004
1782266760000,1.32005,1.32005,1.31994,1.31996
1782266820000,1.31994,1.31996,1.31985,1.31986
1782266880000,1.31986,1.32001,1.31986,1.31999
1782266940000,1.31999,1.32015,1.31999,1.32008
1782267000000,1.32008,1.32018,1.32008,1.32016
1782267060000,1.32016,1.32018,1.31996,1.31997
1782267120000,1.31995,1.31998,1.31994,1.31996
1782267180000,1.31995,1.32007,1.31995,1.32005
1782267240000,1.32008,1.32014,1.32008,1.32011
1782267300000,1.3201,1.32026,1.3201,1.32025
1782267360000,1.32024,1.32034,1.32023,1.32034
1782267420000,1.32031,1.32031,1.32007,1.32007
1782267480000,1.3201,1.32017,1.32003,1.32015
1782267540000,1.32018,1.32027,1.32016,1.3202
1782267600000,1.32021,1.32025,1.32019,1.32025
1782267660000,1.32025,1.32025,1.32019,1.32023
1782267720000,1.3202,1.32023,1.32018,1.32019
1782267780000,1.32022,1.32028,1.32012,1.32013
1782267840000,1.32012,1.32014,1.32007,1.32014
1782267900000,1.32014,1.32025,1.32014,1.32023
1782267960000,1.32022,1.32026,1.32017,1.32022
1782268020000,1.32021,1.32043,1.32013,1.32037
1782268080000,1.32035,1.32035,1.32018,1.32024
1782268140000,1.32022,1.32028,1.32022,1.32024
1782268200000,1.32026,1.32026,1.32019,1.32019
1782268260000,1.32019,1.32025,1.32013,1.32019
1782268320000,1.3202,1.32022,1.32015,1.32017
1782268380000,1.32017,1.32026,1.32017,1.32026
1782268440000,1.32026,1.32035,1.32022,1.32025
1782268500000,1.32024,1.32026,1.32022,1.32024
1782268560000,1.32023,1.32024,1.32017,1.32024
1782268620000,1.32022,1.32022,1.32007,1.32016
1782268680000,1.32015,1.32016,1.32011,1.32014
1782268740000,1.32012,1.32015,1.31997,1.32005
1782268800000,1.32006,1.32013,1.31995,1.32008
1782268860000,1.32006,1.32007,1.31996,1.31996
1782268920000,1.31995,1.32002,1.31994,1.31996
1782268980000,1.31998,1.31998,1.31983,1.31985
1782269040000,1.31986,1.31987,1.31976,1.31981
1782269100000,1.3198,1.31984,1.31969,1.31974
1782269160000,1.31973,1.31978,1.31968,1.31968
1782269220000,1.31966,1.3197,1.31959,1.31967
1782269280000,1.31969,1.31973,1.31957,1.31969
1782269340000,1.31968,1.31968,1.31959,1.31961
1782269400000,1.31962,1.31965,1.3195,1.31951
1782269460000,1.31953,1.31955,1.31935,1.31954
1782269520000,1.31954,1.31964,1.31952,1.31954
1782269580000,1.31955,1.31961,1.31945,1.31945
1782269640000,1.31947,1.31947,1.31941,1.31945
1782269700000,1.31941,1.31945,1.31935,1.31944
1782269760000,1.31946,1.31954,1.31942,1.31948
1782269820000,1.31947,1.31953,1.31941,1.31946
1782269880000,1.31945,1.31945,1.31922,1.31923
1782269940000,1.31924,1.31924,1.31902,1.31902
1782270000000,1.31905,1.31907,1.31893,1.31896
1782270060000,1.31897,1.31904,1.31892,1.31896
1782270120000,1.31897,1.31914,1.31894,1.31914
1782270180000,1.31912,1.31912,1.319,1.31905
1782270240000,1.31906,1.31906,1.31879,1.31881
1782270300000,1.31881,1.3189,1.31867,1.31887
1782270360000,1.31891,1.31892,1.31875,1.31882
1782270420000,1.31883,1.31895,1.31881,1.31886
1782270480000,1.31885,1.3189,1.31885,1.31888
1782270540000,1.31886,1.31895,1.31879,1.31892
1782270600000,1.31892,1.31895,1.31885,1.31891
1782270660000,1.31891,1.31916,1.31891,1.31916
1782270720000,1.31917,1.31918,1.31906,1.31915
1782270780000,1.31914,1.3192,1.31914,1.31918
1782270840000,1.31919,1.31925,1.31906,1.31907
1782270900000,1.31905,1.31911,1.31898,1.3191
1782270960000,1.31908,1.31908,1.31888,1.31895
1782271020000,1.31893,1.31897,1.31887,1.31896
1782271080000,1.31897,1.31913,1.31896,1.31913
1782271140000,1.31915,1.31923,1.3191,1.31921
1782271200000,1.31918,1.31922,1.31915,1.31916
1782271260000,1.31917,1.31927,1.31907,1.31927
1782271320000,1.31928,1.31946,1.31928,1.31937
1782271380000,1.31938,1.31943,1.3193,1.31937
1782271440000,1.31935,1.31937,1.31933,1.31937
1782271500000,1.31936,1.31944,1.31934,1.31944
1782271560000,1.31945,1.31947,1.31942,1.31946
1782271620000,1.31946,1.31956,1.31944,1.31952
1782271680000,1.3195,1.31955,1.31938,1.31946
1782271740000,1.31946,1.31969,1.31945,1.31969
1782271800000,1.31972,1.31973,1.31964,1.31965
1782271860000,1.31965,1.31966,1.31958,1.31958
1782271920000,1.3196,1.31964,1.31954,1.31956
1782271980000,1.31957,1.31957,1.31945,1.31945
1782272040000,1.31946,1.31964,1.31946,1.31962
1782272100000,1.31961,1.31969,1.31955,1.31957
1782272160000,1.31958,1.31964,1.31957,1.31964
1782272220000,1.31965,1.31969,1.31956,1.3196
1782272280000,1.31959,1.31966,1.31953,1.3196
1782272340000,1.3196,1.31963,1.31952,1.31961
1782272400000,1.31962,1.31972,1.31962,1.31972
1782272460000,1.31972,1.31978,1.31968,1.31968
1782272520000,1.31969,1.31984,1.31966,1.3198
1782272580000,1.3198,1.32012,1.3198,1.32004
1782272640000,1.32003,1.32006,1.31994,1.31994
1782272700000,1.31995,1.31996,1.31982,1.31988
1782272760000,1.31988,1.31994,1.31985,1.31986
1782272820000,1.31988,1.31988,1.31979,1.31979
1782272880000,1.31985,1.31996,1.31983,1.31991
1782272940000,1.31995,1.31996,1.31988,1.31994
1782273000000,1.3199,1.31996,1.31989,1.3199
1782273060000,1.31992,1.31997,1.31988,1.31997
1782273120000,1.31997,1.31997,1.31991,1.31995
1782273180000,1.31997,1.31998,1.31987,1.31988
1782273240000,1.31987,1.31992,1.31987,1.31987
1782273300000,1.31989,1.31994,1.31983,1.3199
1782273360000,1.31991,1.31994,1.3199,1.31992
1782273420000,1.31991,1.31993,1.31987,1.31993
1782273480000,1.31991,1.31992,1.31982,1.31985
1782273540000,1.31986,1.31987,1.31984,1.31986
1782273600000,1.31984,1.31989,1.3198,1.31982
1782273660000,1.31983,1.31983,1.31974,1.31974
1782273720000,1.31974,1.31975,1.31951,1.31953
1782273780000,1.31953,1.31957,1.31952,1.31954
1782273840000,1.31953,1.31953,1.3194,1.31946
1782273900000,1.31946,1.31946,1.31933,1.31936
1782273960000,1.31937,1.31938,1.31925,1.31925
1782274020000,1.31927,1.31935,1.31925,1.31929
1782274080000,1.31927,1.31927,1.31914,1.31915
1782274140000,1.3192,1.31924,1.31914,1.31914
1782274200000,1.31914,1.3192,1.31913,1.31915
1782274260000,1.31917,1.31918,1.31911,1.31916
1782274320000,1.31916,1.31917,1.31905,1.31905
1782274380000,1.31908,1.31919,1.31906,1.31919
1782274440000,1.31918,1.31922,1.31916,1.31918
1782274500000,1.31919,1.31932,1.31917,1.31931
1782274560000,1.3193,1.31933,1.31923,1.31923
1782274620000,1.31925,1.31929,1.31922,1.31928
1782274680000,1.31931,1.31932,1.3192,1.31927
1782274740000,1.31929,1.31929,1.31925,1.31926
1782274800000,1.31927,1.3193,1.31925,1.31928
1782274860000,1.31927,1.31935,1.31927,1.31934
1782274920000,1.31933,1.31936,1.31925,1.31927
1782274980000,1.31929,1.31935,1.31923,1.31926
1782275040000,1.31928,1.31936,1.31928,1.31933
1782275100000,1.31934,1.31945,1.3193,1.31943
1782275160000,1.31943,1.31953,1.31942,1.31951
1782275220000,1.31952,1.31965,1.31949,1.31965
1782275280000,1.31964,1.31972,1.31953,1.31954
1782275340000,1.31955,1.31964,1.31945,1.31946
1782275400000,1.31946,1.31952,1.31943,1.31945
1782275460000,1.31943,1.31953,1.31943,1.31945
1782275520000,1.31946,1.31949,1.31943,1.31946
1782275580000,1.31945,1.31945,1.31939,1.31943
1782275640000,1.31945,1.31952,1.31937,1.31944
1782275700000,1.31943,1.31944,1.31935,1.31937
1782275760000,1.31937,1.31948,1.31937,1.31942
1782275820000,1.31943,1.31944,1.3194,1.31943
1782275880000,1.31945,1.31947,1.31942,1.31942
1782275940000,1.31945,1.3195,1.31943,1.31945
1782276000000,1.31946,1.31956,1.31946,1.31954
1782276060000,1.31953,1.31958,1.31951,1.31954
1782276120000,1.31955,1.31963,1.31955,1.31962
1782276180000,1.31961,1.31964,1.31957,1.31957
1782276240000,1.31956,1.31958,1.31947,1.31947
1782276300000,1.31949,1.31952,1.31945,1.31947
1782276360000,1.31948,1.31953,1.31945,1.31948
1782276420000,1.31948,1.31953,1.31946,1.31946
1782276480000,1.31945,1.31945,1.3194,1.31943
1782276540000,1.31944,1.31944,1.31937,1.3194
1782276600000,1.31941,1.31944,1.31935,1.31935
1782276660000,1.31936,1.31943,1.31932,1.31933
1782276720000,1.31934,1.31934,1.31923,1.31923
1782276780000,1.31925,1.31925,1.31918,1.31919
1782276840000,1.31921,1.31924,1.31916,1.31916
1782276900000,1.31919,1.31929,1.31918,1.31926
1782276960000,1.31926,1.3193,1.31925,1.31927
1782277020000,1.31926,1.31933,1.31925,1.31929
1782277080000,1.31928,1.31928,1.31924,1.31928
1782277140000,1.31926,1.31928,1.31926,1.31928
1782277200000,1.31931,1.31934,1.31921,1.31924
1782277260000,1.31924,1.31934,1.31924,1.31933
1782277320000,1.31932,1.31938,1.31925,1.31938
1782277380000,1.31937,1.31937,1.31933,1.31935
1782277440000,1.31934,1.31938,1.31931,1.31935
1782277500000,1.31934,1.31936,1.31925,1.31936
1782277560000,1.31936,1.31943,1.3193,1.31943
1782277620000,1.31942,1.31948,1.31939,1.31948
1782277680000,1.31948,1.31955,1.31947,1.31953
1782277740000,1.31952,1.31973,1.31952,1.31973
1782277800000,1.31971,1.31973,1.31967,1.31973
1782277860000,1.3197,1.31979,1.3197,1.31978
1782277920000,1.31978,1.31978,1.31966,1.31967
1782277980000,1.31968,1.31972,1.31966,1.31966
1782278040000,1.31963,1.31965,1.31954,1.31964
1782278100000,1.31964,1.31964,1.31955,1.31962
1782278160000,1.31965,1.31973,1.31957,1.31964
1782278220000,1.31965,1.31965,1.31955,1.31963
1782278280000,1.31965,1.31968,1.31963,1.31968
1782278340000,1.31967,1.31973,1.31963,1.31968
1782278400000,1.31968,1.31969,1.31953,1.31953
1782278460000,1.31949,1.31958,1.31949,1.31955
1782278520000,1.31954,1.31956,1.31946,1.31947
1782278580000,1.31947,1.31953,1.31943,1.31953
1782278640000,1.31951,1.31953,1.31948,1.31952
1782278700000,1.31954,1.31959,1.31952,1.31953
1782278760000,1.31952,1.31953,1.31948,1.31949
1782278820000,1.3195,1.31955,1.31945,1.31954
1782278880000,1.31955,1.31955,1.31939,1.31942
1782278940000,1.31941,1.31943,1.31936,1.31943
1782279000000,1.31945,1.31954,1.31944,1.31948
1782279060000,1.31949,1.31952,1.31945,1.31948
1782279120000,1.31951,1.31953,1.31944,1.3195
1782279180000,1.31948,1.31953,1.31945,1.31946
1782279240000,1.31952,1.31954,1.31938,1.31944
1782279300000,1.3194,1.31946,1.31939,1.31946
1782279360000,1.31942,1.31945,1.3194,1.31945
1782279420000,1.31944,1.31944,1.31936,1.31938
1782279480000,1.31939,1.31943,1.31937,1.31939
1782279540000,1.31941,1.31946,1.31938,1.31945
1782279600000,1.31945,1.31947,1.31937,1.3194
1782279660000,1.3194,1.31944,1.31935,1.31935
1782279720000,1.31933,1.31954,1.31933,1.31946
1782279780000,1.31947,1.3195,1.31944,1.31944
1782279840000,1.31947,1.31947,1.31938,1.31938
1782279900000,1.31938,1.31949,1.31933,1.31947
1782279960000,1.31949,1.31963,1.31949,1.3195
1782280020000,1.31949,1.31971,1.31949,1.31971
1782280080000,1.31973,1.31973,1.31964,1.31964
1782280140000,1.31964,1.31965,1.31954,1.31956
1782280200000,1.31955,1.31956,1.31945,1.31951
1782280260000,1.31949,1.31956,1.31946,1.31951
1782280320000,1.3195,1.31954,1.31948,1.3195
1782280380000,1.31949,1.3195,1.31939,1.31945
1782280440000,1.31944,1.31952,1.31943,1.31948
1782280500000,1.31947,1.31954,1.31935,1.31954
1782280560000,1.31953,1.31958,1.3195,1.31956
1782280620000,1.31957,1.31958,1.31953,1.31953
1782280680000,1.31955,1.31956,1.31954,1.31956
1782280740000,1.31956,1.31956,1.31945,1.31949
1782280800000,1.31947,1.31947,1.31928,1.31941
1782280860000,1.31941,1.31948,1.31936,1.31936
1782280920000,1.31938,1.31949,1.31935,1.31945
1782280980000,1.31944,1.31945,1.31934,1.31943
1782281040000,1.3194,1.31967,1.31939,1.31965
1782281100000,1.31964,1.31972,1.31959,1.31966
1782281160000,1.31967,1.31981,1.31959,1.31975
1782281220000,1.31975,1.31983,1.31965,1.31982
1782281280000,1.31981,1.31993,1.31981,1.31993
1782281340000,1.31992,1.32016,1.31991,1.32013
1782281400000,1.32012,1.32054,1.32008,1.32052
1782281460000,1.32052,1.32075,1.3205,1.32073
1782281520000,1.32074,1.32086,1.32062,1.32085
1782281580000,1.32087,1.32087,1.32068,1.32075
1782281640000,1.32076,1.32081,1.3207,1.32072
1782281700000,1.32072,1.32072,1.32031,1.32033
1782281760000,1.32036,1.32036,1.32005,1.32007
1782281820000,1.32007,1.32015,1.31983,1.31985
1782281880000,1.31984,1.31994,1.31979,1.31987
1782281940000,1.31987,1.31998,1.31983,1.31983
1782282000000,1.31982,1.31999,1.31977,1.31995
1782282060000,1.31995,1.32028,1.31995,1.32025
1782282120000,1.32026,1.32029,1.32017,1.32023
1782282180000,1.32024,1.32024,1.32006,1.32016
1782282240000,1.32016,1.32017,1.32003,1.32005
1782282300000,1.32003,1.32003,1.31978,1.31983
1782282360000,1.31984,1.31986,1.31969,1.31973
1782282420000,1.3197,1.31986,1.319,1.31955
1782282480000,1.31956,1.31956,1.31927,1.3193
1782282540000,1.31929,1.31933,1.31909,1.31924
1782282600000,1.31923,1.31923,1.31898,1.31903
1782282660000,1.319,1.31927,1.319,1.31922
1782282720000,1.31921,1.31949,1.31921,1.31949
1782282780000,1.31947,1.3196,1.31945,1.31945
1782282840000,1.31945,1.31948,1.3193,1.31941
1782282900000,1.31941,1.31958,1.31917,1.31922
1782282960000,1.31925,1.31926,1.31914,1.31924
1782283020000,1.31923,1.31924,1.31905,1.31918
1782283080000,1.31917,1.31918,1.31893,1.31893
1782283140000,1.31893,1.31897,1.31883,1.3189
1782283200000,1.31888,1.31908,1.31886,1.31905
1782283260000,1.31904,1.31925,1.31901,1.31914
1782283320000,1.31917,1.31926,1.3191,1.31913
1782283380000,1.31911,1.31934,1.31911,1.31934
1782283440000,1.31935,1.31944,1.31927,1.31936
1782283500000,1.31935,1.31938,1.31926,1.31935
1782283560000,1.31936,1.31939,1.31929,1.31934
1782283620000,1.31933,1.31936,1.31921,1.31935
1782283680000,1.31935,1.31947,1.31926,1.31945
1782283740000,1.31945,1.31945,1.31923,1.31928
1782283800000,1.31927,1.31928,1.31894,1.31897
1782283860000,1.31895,1.31909,1.31895,1.31902
1782283920000,1.31903,1.31916,1.31902,1.31912
1782283980000,1.31912,1.31923,1.31903,1.31913
1782284040000,1.31914,1.31926,1.31905,1.31905
1782284100000,1.31903,1.31926,1.31872,1.31873
1782284160000,1.31873,1.31882,1.3187,1.31875
1782284220000,1.31874,1.31875,1.31838,1.31855
1782284280000,1.31856,1.31865,1.31847,1.31851
1782284340000,1.31853,1.31865,1.31852,1.31864
1782284400000,1.31863,1.31874,1.31844,1.31847
1782284460000,1.31848,1.31865,1.31844,1.31854
1782284520000,1.31853,1.31854,1.31817,1.31817
1782284580000,1.31816,1.31816,1.31803,1.31804
1782284640000,1.31805,1.31832,1.31797,1.31826
1782284700000,1.31825,1.31828,1.31807,1.31808
1782284760000,1.31811,1.31833,1.31807,1.31813
1782284820000,1.31815,1.31848,1.31815,1.31834
1782284880000,1.31835,1.31846,1.31823,1.31826
1782284940000,1.31831,1.31837,1.31827,1.31833
1782285000000,1.31833,1.31837,1.31799,1.31802
1782285060000,1.31804,1.31824,1.31799,1.31818
1782285120000,1.31816,1.31832,1.31816,1.31827
1782285180000,1.31825,1.31827,1.31811,1.31814
1782285240000,1.31811,1.31818,1.318,1.31804
1782285300000,1.31801,1.31816,1.31798,1.3181
1782285360000,1.31812,1.31823,1.31808,1.31808
1782285420000,1.31809,1.31823,1.31804,1.31823
1782285480000,1.31822,1.31836,1.3182,1.31836
1782285540000,1.31834,1.31843,1.31822,1.31837
1782285600000,1.31836,1.31855,1.31836,1.31847
1782285660000,1.31848,1.31871,1.31842,1.31871
1782285720000,1.3187,1.3188,1.31863,1.3187
1782285780000,1.3187,1.31874,1.31852,1.31868
1782285840000,1.31867,1.31885,1.31867,1.31867
1782285900000,1.31865,1.3187,1.31846,1.31867
1782285960000,1.31869,1.31885,1.31864,1.31884
1782286020000,1.31884,1.31906,1.31872,1.31896
1782286080000,1.31897,1.31907,1.31885,1.31901
1782286140000,1.319,1.319,1.31887,1.31889
1782286200000,1.31889,1.31926,1.31889,1.3192
1782286260000,1.31919,1.31935,1.31917,1.3193
1782286320000,1.31933,1.31961,1.31932,1.31954
1782286380000,1.31954,1.31969,1.31943,1.31969
1782286440000,1.31972,1.31972,1.31946,1.31949
1782286500000,1.3195,1.31955,1.31901,1.31908
1782286560000,1.31909,1.31922,1.31897,1.3192
1782286620000,1.3192,1.31934,1.3191,1.31933
1782286680000,1.31933,1.31938,1.31925,1.31925
1782286740000,1.31924,1.31924,1.31913,1.31924
1782286800000,1.31924,1.31955,1.31916,1.31926
1782286860000,1.31926,1.31929,1.31906,1.3192
1782286920000,1.3192,1.31923,1.31902,1.31921
1782286980000,1.31922,1.31934,1.31915,1.31932
1782287040000,1.31932,1.31965,1.31932,1.31963
1782287100000,1.31962,1.31964,1.31939,1.31958
1782287160000,1.31961,1.3197,1.31959,1.3197
1782287220000,1.31971,1.31983,1.31963,1.31969
1782287280000,1.3197,1.3197,1.31919,1.31928
1782287340000,1.31929,1.31951,1.31928,1.31948
1782287400000,1.31948,1.31953,1.31941,1.31943
1782287460000,1.31944,1.31944,1.31922,1.31943
1782287520000,1.31943,1.31948,1.31936,1.31947
1782287580000,1.31942,1.31944,1.31927,1.3193
1782287640000,1.3193,1.31941,1.31926,1.31939
1782287700000,1.31939,1.31944,1.31927,1.31927
1782287760000,1.31927,1.31935,1.31921,1.31927
1782287820000,1.31927,1.31927,1.3189,1.31891
1782287880000,1.3189,1.31898,1.31865,1.31866
1782287940000,1.31867,1.31874,1.31859,1.31862
1782288000000,1.31859,1.31883,1.31852,1.3187
1782288060000,1.31872,1.31882,1.31865,1.31872
1782288120000,1.31871,1.3188,1.31855,1.31878
1782288180000,1.31878,1.31899,1.31877,1.31893
1782288240000,1.31893,1.31903,1.31871,1.31886
1782288300000,1.31886,1.31886,1.31861,1.31863
1782288360000,1.31861,1.31875,1.31851,1.31864
1782288420000,1.31863,1.31885,1.31862,1.31885
1782288480000,1.31881,1.31883,1.31862,1.31868
1782288540000,1.31868,1.31868,1.31848,1.31853
1782288600000,1.31853,1.3186,1.31849,1.31856
1782288660000,1.31856,1.31857,1.3185,1.3185
1782288720000,1.31851,1.31855,1.31803,1.31803
1782288780000,1.31802,1.31803,1.31771,1.31774
1782288840000,1.31774,1.31774,1.31712,1.31741
1782288900000,1.31739,1.31764,1.31721,1.31763
1782288960000,1.31761,1.31783,1.3176,1.31768
1782289020000,1.31767,1.318,1.31764,1.31796
1782289080000,1.31796,1.31808,1.31794,1.31801
1782289140000,1.318,1.31802,1.31791,1.31797
1782289200000,1.31798,1.31824,1.31791,1.31814
1782289260000,1.31815,1.31821,1.31795,1.31811
1782289320000,1.31812,1.3182,1.31804,1.31804
1782289380000,1.31804,1.31816,1.31794,1.31814
1782289440000,1.31814,1.31827,1.31814,1.31825
1782289500000,1.31823,1.31841,1.31822,1.31832
1782289560000,1.31832,1.31848,1.31828,1.31846
1782289620000,1.31846,1.3185,1.31838,1.31843
1782289680000,1.31842,1.31854,1.31841,1.31848
1782289740000,1.31848,1.31874,1.31844,1.31874
1782289800000,1.31874,1.31903,1.31867,1.31902
1782289860000,1.31901,1.31937,1.31899,1.31937
1782289920000,1.31935,1.31937,1.31922,1.31925
1782289980000,1.31926,1.31936,1.31904,1.31919
1782290040000,1.31918,1.31926,1.31907,1.31911
1782290100000,1.31909,1.31924,1.31906,1.31909
1782290160000,1.31908,1.31914,1.31877,1.3188
1782290220000,1.3188,1.31883,1.3186,1.31861
1782290280000,1.31861,1.31872,1.31854,1.31872
1782290340000,1.31873,1.31876,1.31852,1.3186
1782290400000,1.31863,1.31875,1.31859,1.31867
1782290460000,1.31867,1.31883,1.31863,1.31882
1782290520000,1.31884,1.31895,1.31881,1.31892
1782290580000,1.31892,1.31922,1.31886,1.31922
1782290640000,1.31924,1.3194,1.31906,1.31907
1782290700000,1.31905,1.31908,1.31892,1.31898
1782290760000,1.319,1.319,1.31887,1.31895
1782290820000,1.31897,1.31905,1.31892,1.31894
1782290880000,1.31892,1.31903,1.31889,1.31898
1782290940000,1.31899,1.31911,1.31898,1.31905
1782291000000,1.31904,1.31939,1.31898,1.31935
1782291060000,1.31938,1.31938,1.31922,1.31924
1782291120000,1.31925,1.31928,1.31913,1.31914
1782291180000,1.31914,1.31932,1.31913,1.31931
1782291240000,1.31933,1.31952,1.31925,1.31952
1782291300000,1.31951,1.31974,1.31944,1.31949
1782291360000,1.31949,1.3195,1.31939,1.3194
1782291420000,1.3194,1.31945,1.31923,1.31928
1782291480000,1.31927,1.31931,1.31925,1.31927
1782291540000,1.3193,1.31934,1.3192,1.31925
1782291600000,1.31923,1.31936,1.31917,1.31936
1782291660000,1.31935,1.31953,1.31934,1.31939
1782291720000,1.3194,1.3194,1.31898,1.31907
1782291780000,1.31906,1.31906,1.31889,1.31891
1782291840000,1.31892,1.31895,1.31882,1.31882
1782291900000,1.31881,1.31882,1.31854,1.31872
1782291960000,1.3187,1.31883,1.3187,1.31871
1782292020000,1.31872,1.31874,1.31854,1.3186
1782292080000,1.3186,1.31864,1.31854,1.31862
1782292140000,1.31862,1.31873,1.31857,1.31858
1782292200000,1.31856,1.3186,1.31834,1.31859
1782292260000,1.3186,1.31883,1.31855,1.3186
1782292320000,1.3186,1.3188,1.3186,1.31876
1782292380000,1.31875,1.31901,1.31875,1.31897
1782292440000,1.31896,1.31911,1.31894,1.31907
1782292500000,1.31907,1.31921,1.31899,1.31909
1782292560000,1.3191,1.31914,1.31895,1.31895
1782292620000,1.31897,1.31905,1.31891,1.31894
1782292680000,1.31895,1.31921,1.31895,1.3192
1782292740000,1.31918,1.31924,1.31912,1.31923
1782292800000,1.31924,1.31929,1.31912,1.31915
1782292860000,1.31914,1.31916,1.31898,1.31904
1782292920000,1.31904,1.31912,1.31884,1.31887
1782292980000,1.31886,1.31894,1.31869,1.31869
1782293040000,1.3187,1.31877,1.31856,1.31857
1782293100000,1.31856,1.31856,1.31831,1.31842
1782293160000,1.31844,1.31844,1.31819,1.31822
1782293220000,1.31821,1.31844,1.31821,1.31836
1782293280000,1.31839,1.31846,1.31827,1.31843
1782293340000,1.31842,1.31843,1.31809,1.3182
1782293400000,1.3182,1.31842,1.31817,1.31842
1782293460000,1.31841,1.31841,1.31827,1.31831
1782293520000,1.31831,1.31832,1.31791,1.31791
1782293580000,1.31791,1.31802,1.31782,1.31782
1782293640000,1.31784,1.31792,1.31771,1.31779
1782293700000,1.31781,1.31792,1.31773,1.31784
1782293760000,1.3178,1.31795,1.31778,1.31783
1782293820000,1.31783,1.31783,1.31767,1.3178
1782293880000,1.31777,1.31784,1.31771,1.31773
1782293940000,1.3177,1.3181,1.3177,1.31799
1782294000000,1.31797,1.31799,1.31785,1.3179
1782294060000,1.31788,1.31799,1.31788,1.3179
1782294120000,1.31789,1.31793,1.31778,1.31791
1782294180000,1.31793,1.31793,1.31742,1.31746
1782294240000,1.31748,1.31764,1.31744,1.31761
1782294300000,1.3176,1.31773,1.31758,1.3177
1782294360000,1.3177,1.31777,1.3176,1.31772
1782294420000,1.31774,1.31789,1.31771,1.31781
1782294480000,1.31781,1.31783,1.31772,1.31772
1782294540000,1.31775,1.31799,1.31775,1.31796
1782294600000,1.31794,1.31798,1.31791,1.31797
1782294660000,1.31799,1.3181,1.31799,1.31805
1782294720000,1.31803,1.31822,1.31803,1.31821
1782294780000,1.31822,1.31826,1.31809,1.31825
1782294840000,1.31824,1.31825,1.31799,1.31803
1782294900000,1.31804,1.31806,1.31801,1.31803
1782294960000,1.31803,1.31803,1.31784,1.31784
1782295020000,1.31785,1.31785,1.31758,1.31766
1782295080000,1.31767,1.31779,1.31764,1.31767
1782295140000,1.31766,1.31769,1.31753,1.31753
1782295200000,1.31752,1.31755,1.31733,1.31743
1782295260000,1.31743,1.31743,1.31728,1.31728
1782295320000,1.31727,1.31728,1.3171,1.31716
1782295380000,1.31714,1.31721,1.3171,1.31718
1782295440000,1.31717,1.31722,1.31703,1.3171
1782295500000,1.31714,1.31715,1.317,1.317
1782295560000,1.31702,1.31704,1.31692,1.31702
1782295620000,1.31703,1.31703,1.31673,1.31673
1782295680000,1.31671,1.31672,1.31655,1.31671
1782295740000,1.31669,1.31677,1.31662,1.31662
1782295800000,1.3166,1.31661,1.31651,1.31659
1782295860000,1.3166,1.3166,1.31648,1.31653
1782295920000,1.31652,1.31666,1.31651,1.31653
1782295980000,1.31654,1.31672,1.31652,1.31669
1782296040000,1.31669,1.31673,1.31657,1.31673
1782296100000,1.3167,1.31678,1.31638,1.31646
1782296160000,1.31648,1.31648,1.31608,1.31608
1782296220000,1.31611,1.31623,1.31601,1.3162
1782296280000,1.31621,1.31641,1.31618,1.31639
1782296340000,1.31638,1.31641,1.3162,1.31628
1782296400000,1.31626,1.31628,1.31595,1.31597
1782296460000,1.31597,1.31598,1.31556,1.31596
1782296520000,1.31594,1.31594,1.31579,1.31586
1782296580000,1.31585,1.31605,1.31579,1.31579
1782296640000,1.31579,1.3159,1.31563,1.31571
1782296700000,1.31571,1.3158,1.31569,1.31579
1782296760000,1.31579,1.31587,1.31578,1.31579
1782296820000,1.31579,1.31583,1.31569,1.31575
1782296880000,1.31576,1.31577,1.31546,1.31551
1782296940000,1.31551,1.31579,1.31548,1.31579
1782297000000,1.31578,1.31579,1.31558,1.3156
1782297060000,1.3156,1.31576,1.31558,1.31567
1782297120000,1.31567,1.31571,1.31559,1.31571
1782297180000,1.31571,1.31597,1.31571,1.31597
1782297240000,1.316,1.31601,1.31589,1.31592
1782297300000,1.31592,1.31592,1.31559,1.3156
1782297360000,1.31559,1.31569,1.31549,1.31557
1782297420000,1.31556,1.31571,1.31556,1.31561
1782297480000,1.31562,1.31564,1.31549,1.31552
1782297540000,1.31551,1.31571,1.31551,1.3156
1782297600000,1.3156,1.3158,1.31555,1.3158
1782297660000,1.31581,1.31591,1.31579,1.31589
1782297720000,1.31587,1.31612,1.31587,1.31612
1782297780000,1.31613,1.31656,1.31604,1.31639
1782297840000,1.3164,1.3164,1.31613,1.31613
1782297900000,1.31612,1.31625,1.31607,1.31607
1782297960000,1.31603,1.31607,1.31589,1.316
1782298020000,1.31601,1.31601,1.31575,1.31586
1782298080000,1.31585,1.3159,1.31581,1.31589
1782298140000,1.3159,1.31607,1.31583,1.31599
1782298200000,1.31597,1.316,1.31586,1.31598
1782298260000,1.31597,1.31598,1.31562,1.31569
1782298320000,1.31571,1.31592,1.3157,1.31584
1782298380000,1.31584,1.3159,1.31576,1.31588
1782298440000,1.31589,1.31591,1.31575,1.3158
1782298500000,1.31579,1.31586,1.31566,1.31568
1782298560000,1.31567,1.31575,1.31557,1.31561
1782298620000,1.31561,1.31571,1.31552,1.31553
1782298680000,1.3155,1.31553,1.31549,1.31551
1782298740000,1.31552,1.31575,1.31552,1.31554
1782298800000,1.31555,1.31584,1.31551,1.31564
1782298860000,1.31565,1.31579,1.31565,1.3157
1782298920000,1.31571,1.31584,1.31563,1.31566
1782298980000,1.31563,1.31563,1.31543,1.31546
1782299040000,1.31546,1.31549,1.31481,1.31506
1782299100000,1.31505,1.31523,1.31494,1.31494
1782299160000,1.31492,1.31527,1.31484,1.31527
1782299220000,1.31527,1.31541,1.31527,1.31532
1782299280000,1.31535,1.31547,1.31528,1.31544
1782299340000,1.31544,1.31553,1.3154,1.31552
1782299400000,1.31552,1.31555,1.31543,1.31543
1782299460000,1.31543,1.31566,1.31541,1.31565
1782299520000,1.31565,1.31565,1.31545,1.31546
1782299580000,1.31546,1.31548,1.31532,1.31535
1782299640000,1.31536,1.31536,1.3153,1.31533
1782299700000,1.31536,1.3155,1.31528,1.3153
1782299760000,1.3153,1.31537,1.31526,1.31535
1782299820000,1.31534,1.31557,1.31529,1.31554
1782299880000,1.31553,1.31553,1.3154,1.31542
1782299940000,1.31543,1.31543,1.31529,1.31536
1782300000000,1.31535,1.31536,1.31514,1.3152
1782300060000,1.31519,1.31533,1.31513,1.31531
1782300120000,1.31533,1.31544,1.31533,1.31538
1782300180000,1.31539,1.31561,1.31532,1.31557
1782300240000,1.31558,1.3156,1.31541,1.3156
1782300300000,1.31559,1.31565,1.31552,1.31559
1782300360000,1.31559,1.31577,1.31557,1.31573
1782300420000,1.31575,1.31588,1.31571,1.31571
1782300480000,1.31571,1.31592,1.31571,1.31592
1782300540000,1.31591,1.31597,1.31584,1.31594
1782300600000,1.31595,1.31599,1.31589,1.31589
1782300660000,1.31589,1.31595,1.31583,1.31595
1782300720000,1.31594,1.31613,1.31594,1.31611
1782300780000,1.31611,1.31615,1.31604,1.31614
1782300840000,1.31614,1.3163,1.31599,1.3163
1782300900000,1.3163,1.3163,1.31619,1.3163
1782300960000,1.3163,1.31648,1.31627,1.31644
1782301020000,1.31642,1.31662,1.31633,1.3166
1782301080000,1.31662,1.31663,1.31648,1.31655
1782301140000,1.31652,1.31652,1.31636,1.31642
1782301200000,1.3164,1.31655,1.31638,1.31641
1782301260000,1.31639,1.3164,1.31619,1.31621
1782301320000,1.31621,1.31639,1.31621,1.31621
1782301380000,1.31621,1.31624,1.31599,1.31612
1782301440000,1.31613,1.31628,1.31612,1.31626
1782301500000,1.31624,1.31635,1.31619,1.31627
1782301560000,1.31627,1.31633,1.31621,1.31625
1782301620000,1.31626,1.31631,1.31604,1.31605
1782301680000,1.31606,1.31632,1.31606,1.31627
1782301740000,1.31627,1.31664,1.31627,1.31661
1782301800000,1.31661,1.31671,1.31656,1.31667
1782301860000,1.31668,1.31688,1.31667,1.31688
1782301920000,1.31688,1.31732,1.31684,1.31714
1782301980000,1.31714,1.31721,1.317,1.31705
1782302040000,1.31703,1.31712,1.31683,1.31685
1782302100000,1.31682,1.31683,1.31628,1.31634
1782302160000,1.31635,1.31641,1.31619,1.31633
1782302220000,1.31633,1.31635,1.31602,1.31609
1782302280000,1.3161,1.31613,1.31591,1.31598
1782302340000,1.31599,1.31624,1.31599,1.31624
1782302400000,1.31624,1.31643,1.31623,1.31634
1782302460000,1.31634,1.31679,1.31634,1.31674
1782302520000,1.31673,1.31675,1.3166,1.31673
1782302580000,1.31672,1.31687,1.31649,1.31661
1782302640000,1.31661,1.31662,1.31641,1.31643
1782302700000,1.31644,1.31646,1.31616,1.31616
1782302760000,1.31615,1.31616,1.3159,1.31601
1782302820000,1.31603,1.31614,1.31588,1.3159
1782302880000,1.3159,1.31615,1.31579,1.31606
1782302940000,1.31607,1.31618,1.31596,1.31606
1782303000000,1.31604,1.31631,1.316,1.3161
1782303060000,1.31608,1.31625,1.31603,1.3162
1782303120000,1.3162,1.31628,1.31612,1.31612
1782303180000,1.3161,1.3161,1.31581,1.31603
1782303240000,1.31603,1.31609,1.31575,1.31584
1782303300000,1.31586,1.31586,1.31543,1.3155
1782303360000,1.31549,1.31568,1.31544,1.3155
1782303420000,1.3155,1.31559,1.3155,1.31554
1782303480000,1.31553,1.31574,1.31551,1.31571
1782303540000,1.31569,1.31612,1.31564,1.31604
1782303600000,1.31604,1.31626,1.31601,1.31613
1782303660000,1.31612,1.31621,1.31603,1.31621
1782303720000,1.31622,1.31622,1.31603,1.31611
1782303780000,1.31612,1.31629,1.31601,1.31625
1782303840000,1.31626,1.31626,1.31596,1.31596
1782303900000,1.31598,1.31605,1.31588,1.31593
1782303960000,1.31595,1.31612,1.31589,1.31593
1782304020000,1.31592,1.316,1.31588,1.31593
1782304080000,1.31593,1.3161,1.31588,1.31609
1782304140000,1.31609,1.31617,1.31601,1.31606
1782304200000,1.31605,1.31606,1.31587,1.31593
1782304260000,1.31594,1.31613,1.31591,1.31592
1782304320000,1.31592,1.31592,1.31532,1.31545
1782304380000,1.31544,1.31554,1.31537,1.31537
1782304440000,1.31539,1.31561,1.31527,1.31557
1782304500000,1.31558,1.3157,1.31556,1.31565
1782304560000,1.31566,1.31588,1.31555,1.3156
1782304620000,1.3156,1.31569,1.31555,1.31558
1782304680000,1.31556,1.31567,1.31514,1.3153
1782304740000,1.31529,1.31532,1.31493,1.3151
1782304800000,1.31508,1.31519,1.31462,1.31462
1782304860000,1.31462,1.31463,1.31416,1.31442
1782304920000,1.31443,1.31479,1.31442,1.31479
1782304980000,1.3148,1.31506,1.31476,1.31481
1782305040000,1.3148,1.315,1.3147,1.31478
1782305100000,1.3148,1.31518,1.3148,1.31513
1782305160000,1.31513,1.31519,1.31464,1.31466
1782305220000,1.31464,1.31475,1.3145,1.3147
1782305280000,1.3147,1.3148,1.31466,1.31469
1782305340000,1.3147,1.31483,1.31441,1.31454
1782305400000,1.31455,1.31465,1.31447,1.31464
1782305460000,1.31463,1.31468,1.31453,1.31455
1782305520000,1.31456,1.31496,1.31456,1.31494
1782305580000,1.31496,1.31507,1.31493,1.31505
1782305640000,1.31507,1.31516,1.31504,1.31504
1782305700000,1.31505,1.31507,1.31478,1.31478
1782305760000,1.31479,1.31485,1.3147,1.31472
1782305820000,1.31471,1.31504,1.3147,1.31494
1782305880000,1.31496,1.31505,1.31484,1.31494
1782305940000,1.31494,1.31501,1.31486,1.31501
1782306000000,1.31504,1.31521,1.31497,1.31506
1782306060000,1.31504,1.31505,1.31478,1.31496
1782306120000,1.31495,1.31522,1.31495,1.31512
1782306180000,1.31512,1.31556,1.3151,1.3154
1782306240000,1.31538,1.31538,1.31495,1.31495
1782306300000,1.31495,1.31509,1.31492,1.31492
1782306360000,1.31493,1.31493,1.31462,1.3147
1782306420000,1.31469,1.31479,1.3146,1.31471
1782306480000,1.3147,1.31486,1.31464,1.31472
1782306540000,1.31473,1.31475,1.31442,1.31465
1782306600000,1.31466,1.31474,1.31462,1.31466
1782306660000,1.31465,1.31465,1.31446,1.31446
1782306720000,1.31444,1.31465,1.31442,1.31464
1782306780000,1.31465,1.31467,1.31433,1.31434
1782306840000,1.31435,1.31445,1.31435,1.31443
1782306900000,1.31444,1.31466,1.31444,1.31453
1782306960000,1.31453,1.31471,1.31444,1.31464
1782307020000,1.31464,1.31483,1.31458,1.31472
1782307080000,1.31473,1.31473,1.31463,1.3147
1782307140000,1.31471,1.31514,1.31471,1.31513
1782307200000,1.31512,1.31512,1.31494,1.31497
1782307260000,1.31497,1.31507,1.31494,1.31505
1782307320000,1.31505,1.31557,1.31504,1.31555
1782307380000,1.31555,1.31555,1.31524,1.3153
1782307440000,1.31531,1.3157,1.31531,1.31566
1782307500000,1.31567,1.31605,1.31567,1.31593
1782307560000,1.31592,1.31614,1.31583,1.31604
1782307620000,1.31606,1.31612,1.31598,1.31612
1782307680000,1.31612,1.31622,1.31604,1.31619
1782307740000,1.31621,1.31655,1.3162,1.31645
1782307800000,1.31644,1.31666,1.31623,1.31638
1782307860000,1.31639,1.31643,1.31617,1.31643
1782307920000,1.31644,1.3165,1.31634,1.31636
1782307980000,1.31635,1.31652,1.31631,1.31632
1782308040000,1.31633,1.31641,1.31596,1.31601
1782308100000,1.31602,1.31602,1.31581,1.31597
1782308160000,1.31597,1.31624,1.31572,1.31573
1782308220000,1.31572,1.31577,1.31561,1.31561
1782308280000,1.31562,1.31572,1.31557,1.31562
1782308340000,1.31561,1.31584,1.31545,1.31578
1782308400000,1.31577,1.31586,1.31573,1.31576
1782308460000,1.3158,1.31597,1.31573,1.31573
1782308520000,1.31574,1.31602,1.31574,1.31594
1782308580000,1.31596,1.31604,1.31586,1.31602
1782308640000,1.31603,1.31636,1.31594,1.31629
1782308700000,1.31628,1.31633,1.31576,1.31586
1782308760000,1.31583,1.31583,1.31541,1.31549
1782308820000,1.31547,1.3155,1.31534,1.31544
1782308880000,1.31544,1.31554,1.31536,1.3155
1782308940000,1.3155,1.31595,1.31544,1.31583
1782309000000,1.31584,1.316,1.31563,1.31567
1782309060000,1.31567,1.31603,1.31559,1.31602
1782309120000,1.31602,1.31632,1.31602,1.31614
1782309180000,1.31616,1.3162,1.31595,1.31597
1782309240000,1.31594,1.31623,1.31585,1.31609
1782309300000,1.31607,1.31623,1.31598,1.31623
1782309360000,1.31624,1.31657,1.31623,1.31639
1782309420000,1.3164,1.31658,1.3162,1.3162
1782309480000,1.31621,1.31622,1.3161,1.31613
1782309540000,1.31613,1.31621,1.316,1.31618
1782309600000,1.31619,1.31632,1.316,1.31601
1782309660000,1.31603,1.31637,1.31592,1.31614
1782309720000,1.31613,1.31631,1.31585,1.31628
1782309780000,1.31628,1.31658,1.31628,1.31657
1782309840000,1.31657,1.31667,1.31645,1.31645
1782309900000,1.31643,1.31643,1.31616,1.31626
1782309960000,1.31626,1.31648,1.31626,1.31642
1782310020000,1.31643,1.31645,1.31616,1.31616
1782310080000,1.31615,1.31624,1.31598,1.31611
1782310140000,1.31611,1.31625,1.31598,1.31625
1782310200000,1.31626,1.31627,1.31596,1.31599
1782310260000,1.31598,1.31598,1.31546,1.31551
1782310320000,1.31554,1.31576,1.31545,1.31574
1782310380000,1.31573,1.31573,1.31556,1.31557
1782310440000,1.31559,1.31587,1.31557,1.31582
1782310500000,1.31582,1.31598,1.31546,1.31546
1782310560000,1.31545,1.31564,1.31528,1.31542
1782310620000,1.31542,1.3155,1.31523,1.31527
1782310680000,1.31527,1.31544,1.31525,1.31539
1782310740000,1.3154,1.31556,1.31528,1.31528
1782310800000,1.31527,1.31529,1.31494,1.315
1782310860000,1.31503,1.31513,1.31487,1.31513
1782310920000,1.31512,1.31535,1.31506,1.31513
1782310980000,1.31511,1.31532,1.31511,1.31514
1782311040000,1.31515,1.31526,1.31511,1.31514
1782311100000,1.31515,1.31547,1.31515,1.31545
1782311160000,1.31546,1.31577,1.31545,1.31567
1782311220000,1.31566,1.31575,1.31554,1.31575
1782311280000,1.31574,1.31581,1.31552,1.31575
1782311340000,1.31579,1.3158,1.31565,1.31568
1782311400000,1.31568,1.31583,1.31564,1.31566
1782311460000,1.31565,1.31574,1.31545,1.31552
1782311520000,1.3155,1.31564,1.31532,1.31554
1782311580000,1.31554,1.31563,1.3155,1.31557
1782311640000,1.31558,1.31572,1.31555,1.31565
1782311700000,1.31564,1.31564,1.31545,1.31555
1782311760000,1.31553,1.31553,1.31526,1.31531
1782311820000,1.31529,1.3153,1.31494,1.31503
1782311880000,1.31502,1.31506,1.31463,1.31463
1782311940000,1.31464,1.31482,1.31451,1.31456
1782312000000,1.31457,1.31481,1.31451,1.31479
1782312060000,1.3148,1.31495,1.3147,1.31471
1782312120000,1.31472,1.31485,1.31466,1.31475
1782312180000,1.31475,1.31485,1.31465,1.31482
1782312240000,1.31482,1.31495,1.31476,1.31495
1782312300000,1.31496,1.31509,1.31489,1.31506
1782312360000,1.31505,1.31519,1.31499,1.31514
1782312420000,1.31514,1.31529,1.31508,1.31512
1782312480000,1.3151,1.31512,1.31476,1.31485
1782312540000,1.31483,1.31483,1.31457,1.31464
1782312600000,1.31465,1.31486,1.31464,1.31482
1782312660000,1.3148,1.31484,1.31454,1.31455
1782312720000,1.31457,1.31457,1.31441,1.31445
1782312780000,1.31446,1.31464,1.31443,1.31464
1782312840000,1.31464,1.31464,1.31407,1.31424
1782312900000,1.31425,1.31448,1.31404,1.31426
1782312960000,1.31426,1.31435,1.31411,1.31417
1782313020000,1.31419,1.31429,1.31398,1.31419
1782313080000,1.3142,1.31443,1.31419,1.31438
1782313140000,1.31439,1.31469,1.31439,1.31468
1782313200000,1.31469,1.31478,1.31451,1.31473
1782313260000,1.31474,1.31498,1.3147,1.31495
1782313320000,1.31496,1.31548,1.31496,1.31536
1782313380000,1.31536,1.31563,1.3151,1.31549
1782313440000,1.31548,1.31548,1.31522,1.31527
1782313500000,1.31529,1.31536,1.31508,1.3153
1782313560000,1.31531,1.31531,1.31511,1.31513
1782313620000,1.31513,1.31524,1.31513,1.31515
1782313680000,1.31518,1.31525,1.31494,1.31501
1782313740000,1.31501,1.31506,1.31494,1.31504
1782313800000,1.31505,1.31515,1.31496,1.31515
1782313860000,1.31516,1.31524,1.31516,1.31521
1782313920000,1.31524,1.31555,1.31521,1.31549
1782313980000,1.31548,1.31563,1.31535,1.31556
1782314040000,1.31557,1.3158,1.31557,1.31563
1782314100000,1.31564,1.31575,1.3155,1.31571
1782314160000,1.31571,1.31579,1.31566,1.31566
1782314220000,1.31564,1.31578,1.31556,1.31577
1782314280000,1.31576,1.31607,1.31576,1.31605
1782314340000,1.31606,1.31637,1.31606,1.31634
1782314400000,1.31636,1.31646,1.31617,1.31646
1782314460000,1.31646,1.3165,1.31629,1.31639
1782314520000,1.31637,1.31692,1.31637,1.31688
1782314580000,1.31689,1.31715,1.31676,1.31705
1782314640000,1.31703,1.31704,1.31673,1.31677
1782314700000,1.31678,1.31686,1.31612,1.31614
1782314760000,1.31615,1.31678,1.31615,1.31677
1782314820000,1.31677,1.3171,1.31668,1.31668
1782314880000,1.31668,1.31669,1.31654,1.3166
1782314940000,1.31659,1.31666,1.31646,1.31663
1782315000000,1.31662,1.31662,1.31634,1.31651
1782315060000,1.31649,1.31657,1.3163,1.3163
1782315120000,1.31631,1.31642,1.31621,1.31634
1782315180000,1.31633,1.31645,1.31628,1.31636
1782315240000,1.31636,1.31645,1.31629,1.31641
1782315300000,1.31641,1.31653,1.31637,1.31641
1782315360000,1.31643,1.31644,1.31617,1.31641
1782315420000,1.31641,1.31642,1.31622,1.31632
1782315480000,1.31633,1.31633,1.31616,1.31618
1782315540000,1.31621,1.31627,1.31609,1.31612
1782315600000,1.31614,1.31614,1.31599,1.31607
1782315660000,1.31608,1.31634,1.31606,1.31628
1782315720000,1.31628,1.31644,1.31623,1.3164
1782315780000,1.31641,1.31656,1.31637,1.31646
1782315840000,1.31647,1.31656,1.31633,1.3164
1782315900000,1.31637,1.3164,1.31625,1.31637
1782315960000,1.31636,1.3164,1.31615,1.31623
1782316020000,1.31625,1.31625,1.31606,1.31613
1782316080000,1.31615,1.3164,1.31614,1.31635
1782316140000,1.31638,1.31645,1.31634,1.31635
1782316200000,1.31633,1.31646,1.31625,1.31627
1782316260000,1.31628,1.3163,1.31608,1.31621
1782316320000,1.31618,1.3162,1.31589,1.31591
1782316380000,1.31591,1.31594,1.3156,1.31561
1782316440000,1.31562,1.31593,1.31559,1.31591
1782316500000,1.31593,1.31595,1.31579,1.3158
1782316560000,1.31581,1.31586,1.31571,1.31572
1782316620000,1.31573,1.31586,1.31572,1.31581
1782316680000,1.3158,1.31587,1.31575,1.31578
1782316740000,1.31579,1.31587,1.31576,1.31579
1782316800000,1.31579,1.31591,1.31574,1.31578
1782316860000,1.31578,1.31585,1.31553,1.31556
1782316920000,1.31558,1.31584,1.31558,1.31584
1782316980000,1.31584,1.31593,1.31582,1.31585
1782317040000,1.31588,1.31603,1.31586,1.31595
1782317100000,1.31598,1.31631,1.31598,1.3163
1782317160000,1.31632,1.31633,1.3162,1.31624
1782317220000,1.31626,1.31626,1.31611,1.31623
1782317280000,1.31619,1.31625,1.31613,1.31613
1782317340000,1.31616,1.31643,1.31616,1.31633
1782317400000,1.31631,1.31636,1.31606,1.31634
1782317460000,1.31633,1.31644,1.31603,1.31603
1782317520000,1.31605,1.31623,1.31605,1.31621
1782317580000,1.31622,1.31629,1.31612,1.31627
1782317640000,1.31629,1.31631,1.31611,1.31611
1782317700000,1.31613,1.31635,1.31608,1.31633
1782317760000,1.31634,1.31653,1.31631,1.31652
1782317820000,1.31658,1.31666,1.3165,1.31661
1782317880000,1.31662,1.31662,1.31649,1.31657
1782317940000,1.31656,1.31663,1.31654,1.31656
1782318000000,1.31659,1.31669,1.31656,1.31665
1782318060000,1.31664,1.31691,1.31663,1.31685
1782318120000,1.31683,1.31691,1.31678,1.31684
1782318180000,1.31681,1.31684,1.31673,1.31681
1782318240000,1.31679,1.31685,1.31677,1.31684
1782318300000,1.31682,1.31688,1.31682,1.31684
1782318360000,1.31682,1.31686,1.31674,1.31685
1782318420000,1.31685,1.317,1.31679,1.31698
1782318480000,1.31699,1.31711,1.3169,1.31709
1782318540000,1.3171,1.31734,1.31707,1.31732
1782318600000,1.31732,1.31737,1.31725,1.31736
1782318660000,1.31734,1.31744,1.31734,1.31737
1782318720000,1.31736,1.31736,1.31721,1.31723
1782318780000,1.31721,1.31735,1.3172,1.3173
1782318840000,1.31729,1.31737,1.31725,1.31736
1782318900000,1.31736,1.31769,1.31736,1.31768
1782318960000,1.31769,1.31787,1.31758,1.31773
1782319020000,1.31773,1.31776,1.31768,1.31771
1782319080000,1.31769,1.31784,1.31766,1.31776
1782319140000,1.31777,1.31779,1.31756,1.3176
1782319200000,1.31759,1.31765,1.31755,1.31757
1782319260000,1.31756,1.31757,1.31714,1.31723
1782319320000,1.31721,1.31723,1.31709,1.31709
1782319380000,1.31711,1.31714,1.31695,1.31698
1782319440000,1.31699,1.31711,1.3169,1.31709
1782319500000,1.3171,1.31713,1.317,1.31713
1782319560000,1.31714,1.31715,1.31684,1.31684
1782319620000,1.31685,1.31693,1.31684,1.31684
1782319680000,1.31686,1.31693,1.31683,1.31689
1782319740000,1.31689,1.31692,1.31683,1.31683
1782319800000,1.31683,1.31704,1.31683,1.31704
1782319860000,1.31704,1.31705,1.31698,1.31699
1782319920000,1.31702,1.31705,1.31694,1.31694
1782319980000,1.31695,1.31704,1.31695,1.31701
1782320040000,1.317,1.31707,1.31692,1.31692
1782320100000,1.31691,1.31699,1.31683,1.31696
1782320160000,1.31697,1.31701,1.31694,1.31696
1782320220000,1.31696,1.31698,1.31688,1.3169
1782320280000,1.3169,1.31694,1.3169,1.31691
1782320340000,1.31694,1.31705,1.31694,1.31705
1782320400000,1.31704,1.31716,1.31699,1.31716
1782320460000,1.31716,1.31721,1.31705,1.3171
1782320520000,1.31712,1.31712,1.31687,1.31706
1782320580000,1.31705,1.31713,1.317,1.3171
1782320640000,1.31711,1.31712,1.31704,1.31709
1782320700000,1.31708,1.3171,1.31687,1.31687
1782320760000,1.3169,1.31693,1.31673,1.31674
1782320820000,1.31675,1.31675,1.3165,1.31655
1782320880000,1.31658,1.31667,1.31652,1.31662
1782320940000,1.31662,1.31669,1.3166,1.31668
1782321000000,1.31669,1.31672,1.31653,1.3166
1782321060000,1.31664,1.31666,1.31655,1.31658
1782321120000,1.31656,1.31659,1.31651,1.31653
1782321180000,1.31653,1.31654,1.31642,1.31642
1782321240000,1.31644,1.31647,1.3164,1.31645
1782321300000,1.31645,1.31653,1.3164,1.3164
1782321360000,1.31641,1.31643,1.3163,1.31642
1782321420000,1.31642,1.31653,1.31642,1.31652
1782321480000,1.31651,1.31655,1.3165,1.31652
1782321540000,1.31653,1.31658,1.31648,1.31649
1782321600000,1.31646,1.31649,1.31619,1.31619
1782321660000,1.31621,1.31621,1.31608,1.31613
1782321720000,1.31618,1.31618,1.31598,1.31602
1782321780000,1.31603,1.31616,1.31603,1.31615
1782321840000,1.31616,1.31631,1.3161,1.31612
1782321900000,1.31612,1.31612,1.31587,1.31594
1782321960000,1.31596,1.31603,1.31589,1.31589
1782322020000,1.31594,1.31597,1.31588,1.31588
1782322080000,1.31586,1.316,1.31585,1.31585
1782322140000,1.31586,1.31594,1.31585,1.31594
1782322200000,1.31592,1.31626,1.3159,1.31623
1782322260000,1.31624,1.31624,1.31606,1.31619
1782322320000,1.31617,1.31643,1.31608,1.31643
1782322380000,1.31643,1.31674,1.31638,1.31651
1782322440000,1.31653,1.31664,1.31642,1.31652
1782322500000,1.31653,1.31665,1.31641,1.31641
1782322560000,1.3164,1.31647,1.31624,1.31624
1782322620000,1.31624,1.31625,1.31602,1.31603
1782322680000,1.31607,1.31611,1.31593,1.31601
1782322740000,1.31602,1.31617,1.31601,1.31617
1782322800000,1.31616,1.31617,1.31594,1.31594
1782322860000,1.31594,1.31605,1.31592,1.31605
1782322920000,1.31604,1.31606,1.31596,1.31599
1782322980000,1.31598,1.316,1.3159,1.31596
1782323040000,1.31595,1.31595,1.31581,1.31594
1782323100000,1.31591,1.31596,1.31575,1.31575
1782323160000,1.31573,1.31583,1.31569,1.31577
1782323220000,1.31578,1.31582,1.31575,1.31577
1782323280000,1.31577,1.31577,1.3156,1.31562
1782323340000,1.31563,1.31567,1.31557,1.31557
1782323400000,1.3156,1.3157,1.31546,1.31553
1782323460000,1.31554,1.31557,1.31534,1.31544
1782323520000,1.31543,1.31556,1.31543,1.31549
1782323580000,1.3155,1.31556,1.31548,1.3155
1782323640000,1.31553,1.31557,1.31549,1.31555
1782323700000,1.31558,1.31581,1.3155,1.3158
1782323760000,1.31578,1.3159,1.31578,1.3159
1782323820000,1.31589,1.31589,1.31575,1.31575
1782323880000,1.31574,1.31575,1.31565,1.31567
1782323940000,1.31566,1.31566,1.31557,1.31557
1782324000000,1.31557,1.31576,1.31555,1.31575
1782324060000,1.31575,1.31575,1.31557,1.3157
1782324120000,1.3157,1.31572,1.31552,1.31556
1782324180000,1.31555,1.31564,1.31555,1.31556
1782324240000,1.31554,1.31571,1.3155,1.31565
1782324300000,1.31566,1.31598,1.31566,1.31593
1782324360000,1.31593,1.31606,1.31589,1.31605
1782324420000,1.31603,1.31603,1.31592,1.31593
1782324480000,1.31593,1.31602,1.3158,1.31585
1782324540000,1.31588,1.31594,1.31584,1.3159
1782324600000,1.31592,1.31606,1.31587,1.31605
1782324660000,1.31606,1.31616,1.31605,1.31612
1782324720000,1.31614,1.31614,1.31593,1.31595
1782324780000,1.31596,1.31598,1.31586,1.31594
1782324840000,1.31593,1.31596,1.31589,1.31595
1782324900000,1.31596,1.31618,1.31595,1.31614
1782324960000,1.31614,1.31619,1.3161,1.31619
1782325020000,1.31619,1.31624,1.31603,1.31616
1782325080000,1.31614,1.31614,1.31606,1.31613
1782325140000,1.31615,1.31623,1.31612,1.31616
1782325200000,1.31617,1.31617,1.31595,1.31613
1782325260000,1.31611,1.31614,1.31606,1.31613
1782325320000,1.31613,1.31629,1.31613,1.31626
1782325380000,1.31626,1.31636,1.31626,1.31632
1782325440000,1.31632,1.31636,1.31627,1.31632
1782325500000,1.31634,1.31652,1.31634,1.31648
1782325560000,1.3165,1.31657,1.31645,1.31655
1782325620000,1.31653,1.31656,1.31645,1.31652
1782325680000,1.31654,1.31662,1.31652,1.31657
1782325740000,1.31656,1.31663,1.31652,1.31653
1782325800000,1.31654,1.31663,1.31654,1.31662
1782325860000,1.31662,1.31667,1.31655,1.31665
1782325920000,1.31665,1.31675,1.31662,1.3167
1782325980000,1.31669,1.31695,1.31665,1.31665
1782326040000,1.31668,1.31669,1.31641,1.31643
1782326100000,1.3164,1.31646,1.31627,1.31632
1782326160000,1.31634,1.31637,1.31623,1.31636
1782326220000,1.31638,1.3164,1.31627,1.31634
1782326280000,1.31633,1.31638,1.3163,1.31633
1782326340000,1.31635,1.31638,1.31633,1.31638
1782326400000,1.31638,1.31647,1.31622,1.31632
1782326460000,1.31634,1.31649,1.31632,1.31641
1782326520000,1.31643,1.31644,1.3163,1.3163
1782326580000,1.31629,1.31632,1.31627,1.31628
1782326640000,1.31628,1.31633,1.31623,1.31627
1782326700000,1.31623,1.31627,1.31618,1.31625
1782326760000,1.31628,1.31628,1.31618,1.31627
1782326820000,1.31629,1.31633,1.31628,1.31628
1782326880000,1.31627,1.3163,1.31623,1.3163
1782326940000,1.3163,1.31633,1.31624,1.31633
1782327000000,1.31633,1.31641,1.31626,1.31626
1782327060000,1.31627,1.31634,1.31626,1.31634
1782327120000,1.31636,1.31645,1.31636,1.31639
1782327180000,1.3164,1.31646,1.31634,1.31635
1782327240000,1.31633,1.31639,1.31633,1.31636
1782327300000,1.31637,1.31646,1.31637,1.31644
1782327360000,1.31645,1.31646,1.31639,1.31641
1782327420000,1.31642,1.31644,1.31612,1.3162
1782327480000,1.31617,1.31617,1.31593,1.31596
1782327540000,1.31596,1.31618,1.31592,1.31614
1782327600000,1.31617,1.31627,1.31606,1.31626
1782327660000,1.31624,1.31637,1.31624,1.31624
1782327720000,1.31625,1.31627,1.31616,1.31624
1782327780000,1.31624,1.31645,1.31622,1.31644
1782327840000,1.31644,1.31651,1.31639,1.31644
1782327900000,1.31643,1.31645,1.31623,1.31626
1782327960000,1.31625,1.31626,1.31617,1.3162
1782328020000,1.31621,1.31622,1.31602,1.31604
1782328080000,1.31603,1.31607,1.31595,1.31597
1782328140000,1.31597,1.31607,1.31597,1.31604
1782328200000,1.31604,1.31604,1.31593,1.31604
1782328260000,1.31603,1.31603,1.31593,1.31596
1782328320000,1.31596,1.31603,1.3159,1.31595
1782328380000,1.31595,1.31596,1.31592,1.31592
1782328440000,1.31593,1.31594,1.31584,1.31584
1782328500000,1.31583,1.31583,1.31563,1.3157
1782328560000,1.31571,1.31572,1.31557,1.3156
1782328620000,1.31563,1.31575,1.3156,1.31575
1782328680000,1.31574,1.31577,1.31571,1.31576
1782328740000,1.31575,1.31575,1.31566,1.31571
1782328800000,1.31572,1.31582,1.31572,1.31575
1782328860000,1.31577,1.31585,1.31575,1.31583
1782328920000,1.31582,1.31591,1.31581,1.31589
1782328980000,1.31591,1.31595,1.31583,1.31583
1782329040000,1.31582,1.31587,1.31582,1.31584
1782329100000,1.31588,1.31595,1.31586,1.31588
1782329160000,1.31588,1.31592,1.31578,1.31583
1782329220000,1.31587,1.31588,1.31582,1.31584
1782329280000,1.31585,1.31597,1.31585,1.31591
1782329340000,1.31591,1.31596,1.31588,1.31595
1782329400000,1.31595,1.31622,1.31595,1.31616
1782329460000,1.31617,1.31617,1.3161,1.31612
1782329520000,1.31613,1.31614,1.31601,1.31604
1782329580000,1.31605,1.31605,1.31592,1.31594
1782329640000,1.31595,1.31603,1.31593,1.316
1782329700000,1.316,1.31605,1.316,1.31602
1782329760000,1.31601,1.31605,1.31596,1.31605
1782329820000,1.31603,1.31603,1.31597,1.31599
1782329880000,1.31601,1.31605,1.31599,1.31604
1782329940000,1.31603,1.31611,1.31603,1.3161
1782330000000,1.31612,1.31616,1.31606,1.31606
1782330060000,1.31605,1.31615,1.31599,1.31604
1782330120000,1.31602,1.31605,1.31598,1.31605
1782330180000,1.31602,1.31617,1.316,1.31617
1782330240000,1.31616,1.31621,1.31614,1.31614
1782330300000,1.31615,1.31626,1.31615,1.31626
1782330360000,1.31628,1.31628,1.31621,1.31621
1782330420000,1.31619,1.31625,1.31614,1.31616
1782330480000,1.31616,1.31624,1.31615,1.31623
1782330540000,1.31623,1.31624,1.31615,1.31616
1782330600000,1.31614,1.31618,1.316,1.31613
1782330660000,1.31612,1.31633,1.31612,1.31633
1782330720000,1.31632,1.31635,1.31627,1.31634
1782330780000,1.31632,1.31641,1.31629,1.31637
1782330840000,1.31637,1.3164,1.31626,1.31636
1782330900000,1.31636,1.31637,1.31627,1.31632
1782330960000,1.3163,1.3163,1.31622,1.31624
1782331020000,1.31624,1.31624,1.31602,1.31607
1782331080000,1.31606,1.3161,1.31601,1.31606
1782331140000,1.31606,1.31607,1.31602,1.31603
1782331200000,1.31604,1.31605,1.31591,1.31605
1782331260000,1.3161,1.3162,1.3161,1.31619
1782331320000,1.31619,1.31619,1.31612,1.31618
1782331380000,1.31617,1.31636,1.31615,1.31628
1782331440000,1.31628,1.31634,1.31622,1.31622
1782331500000,1.31624,1.31628,1.31623,1.31626
1782331560000,1.31626,1.31635,1.31625,1.31631
1782331620000,1.31632,1.31636,1.31625,1.31635
1782331680000,1.31634,1.31637,1.31625,1.31625
1782331740000,1.31626,1.31636,1.31626,1.31632
1782331800000,1.31631,1.31641,1.31626,1.31639
1782331860000,1.3164,1.31643,1.31625,1.31633
1782331920000,1.31633,1.31634,1.31625,1.31625
1782331980000,1.31625,1.31635,1.31623,1.31633
1782332040000,1.31633,1.31634,1.31633,1.31634
1782332100000,1.31635,1.31635,1.31623,1.31623
1782332160000,1.31626,1.31634,1.31625,1.31634
1782332220000,1.31635,1.31636,1.31625,1.31634
1782332280000,1.31634,1.31638,1.31633,1.31638
1782332340000,1.31637,1.31646,1.31637,1.31643
1782332400000,1.31644,1.31645,1.31638,1.31643
1782332460000,1.31642,1.31642,1.31636,1.31636
1782332520000,1.31634,1.31637,1.31634,1.31636
1782332580000,1.31639,1.31647,1.31637,1.31646
1782332640000,1.31645,1.31649,1.31645,1.31646
1782332700000,1.31647,1.31648,1.31644,1.31648
1782332760000,1.31648,1.31659,1.31648,1.31657
1782332820000,1.31662,1.31663,1.31655,1.31656
1782332880000,1.31657,1.31672,1.31657,1.31672
1782332940000,1.31669,1.31669,1.31663,1.31668
1782333000000,1.31669,1.31671,1.31663,1.31664
1782333060000,1.31663,1.31688,1.31663,1.31688
1782333120000,1.31687,1.31688,1.31674,1.31678
1782333180000,1.31677,1.31677,1.31671,1.31671
1782333240000,1.31672,1.31675,1.31663,1.31664
1782333300000,1.31665,1.31668,1.31663,1.31665
1782333360000,1.31666,1.31677,1.31666,1.31675
1782333420000,1.31675,1.31676,1.31669,1.31672
1782333480000,1.31669,1.31674,1.31669,1.31672
1782333540000,1.31673,1.31675,1.31669,1.31669
1782333600000,1.31669,1.31677,1.31668,1.31674
1782333660000,1.31674,1.31676,1.31673,1.31675
1782333720000,1.31676,1.31678,1.31673,1.31677
1782333780000,1.31677,1.31677,1.31673,1.31674
1782333840000,1.31674,1.31682,1.31673,1.31675
1782333900000,1.31674,1.31675,1.31664,1.31666
1782333960000,1.31666,1.31674,1.31664,1.31673
1782334020000,1.31673,1.31675,1.31664,1.31666
1782334080000,1.31665,1.31665,1.31653,1.31657
1782334140000,1.31658,1.31658,1.31646,1.31646
1782334200000,1.31643,1.31663,1.31641,1.31657
1782334260000,1.31656,1.31664,1.31655,1.31664
1782334320000,1.31662,1.31666,1.31662,1.31665
1782334380000,1.31665,1.31666,1.31664,1.31666
1782334440000,1.31665,1.31674,1.31658,1.31664
1782334500000,1.31663,1.31669,1.31658,1.31668
1782334560000,1.31668,1.3169,1.31666,1.31689
1782334620000,1.31692,1.31697,1.31686,1.31695
1782334680000,1.31696,1.31696,1.31675,1.31675
1782334740000,1.31675,1.31677,1.31642,1.3165
1782334800000,1.3164,1.3164,1.31628,1.31628
1782334860000,1.31628,1.31628,1.31628,1.31628
1782334920000,1.31628,1.31628,1.31628,1.31628
1782334980000,1.31628,1.31628,1.31628,1.31628
1782335040000,1.31628,1.31628,1.31628,1.31628
1782335100000,1.31628,1.31628,1.31575,1.31626
1782335160000,1.31625,1.31625,1.31616,1.31616
1782335220000,1.31615,1.31616,1.31612,1.31615
1782335280000,1.31615,1.31629,1.31615,1.31629
1782335340000,1.31603,1.31603,1.31578,1.31578
1782335400000,1.31578,1.31578,1.31553,1.31555
1782335460000,1.31563,1.31572,1.31563,1.31572
1782335520000,1.31571,1.31575,1.31571,1.31575
1782335580000,1.31575,1.31578,1.31575,1.31575
1782335640000,1.31575,1.31616,1.31575,1.31609
1782335700000,1.31616,1.31678,1.31616,1.31656
1782335760000,1.31665,1.31681,1.31628,1.31628
1782335820000,1.31628,1.31628,1.31628,1.31628
1782335880000,1.31594,1.31595,1.31594,1.31594
1782335940000,1.31594,1.31594,1.31594,1.31594
1782336000000,1.31588,1.31588,1.31588,1.31588
1782336060000,1.31588,1.31596,1.31588,1.31594
1782336120000,1.31589,1.31598,1.31589,1.31594
1782336180000,1.31588,1.316,1.31582,1.316
1782336240000,1.31582,1.31599,1.31582,1.31582
1782336300000,1.31591,1.31591,1.31583,1.31589
1782336360000,1.31589,1.31589,1.31589,1.31589
1782336420000,1.31585,1.31585,1.31585,1.31585
1782336480000,1.31586,1.31587,1.31586,1.31587
1782336540000,1.3159,1.3159,1.3159,1.3159
1782336600000,1.31594,1.31653,1.31593,1.31653
1782336660000,1.31663,1.3168,1.31653,1.31673
1782336720000,1.31677,1.31683,1.31663,1.31663
1782336780000,1.31663,1.31664,1.3152,1.31528
1782336840000,1.31528,1.31587,1.31528,1.31586
1782336900000,1.31581,1.31594,1.31558,1.31594
1782336960000,1.31593,1.31594,1.31537,1.31569
1782337020000,1.31551,1.31586,1.31538,1.3155
1782337080000,1.31551,1.3159,1.31538,1.31555
1782337140000,1.31562,1.31594,1.31546,1.31594
1782337200000,1.31594,1.31594,1.31593,1.31594
1782337260000,1.31559,1.31573,1.31553,1.31553
1782337320000,1.31547,1.31572,1.31547,1.3156
1782337380000,1.31561,1.3157,1.31548,1.31563
1782337440000,1.31557,1.31558,1.31538,1.31539
1782337500000,1.31538,1.31579,1.31538,1.31563
1782337560000,1.31563,1.31597,1.3154,1.31555
1782337620000,1.31548,1.316,1.31545,1.31576
1782337680000,1.31575,1.31599,1.31553,1.31592
1782337740000,1.31593,1.31603,1.3155,1.31592
1782337800000,1.31594,1.316,1.3155,1.31593
1782337860000,1.31596,1.31606,1.31593,1.31606
1782337920000,1.31606,1.31606,1.31605,1.31606
1782337980000,1.31607,1.31607,1.31604,1.31604
1782338040000,1.31605,1.31605,1.31605,1.31605
1782338100000,1.31603,1.31606,1.31603,1.31606
1782338160000,1.316,1.31607,1.316,1.31607
1782338220000,1.31607,1.31607,1.316,1.31605
1782338280000,1.31606,1.31606,1.31602,1.31602
1782338340000,1.31604,1.31643,1.31604,1.31611
1782338400000,1.31612,1.31638,1.31612,1.31635
1782338460000,1.31635,1.31653,1.31634,1.31634
1782338520000,1.31639,1.31644,1.31634,1.31635
1782338580000,1.31635,1.31645,1.3163,1.31634
1782338640000,1.31645,1.31649,1.31639,1.31639
1782338700000,1.31639,1.31651,1.31639,1.31649
1782338760000,1.31649,1.31659,1.31649,1.31649
1782338820000,1.3165,1.3165,1.31638,1.31638
1782338880000,1.31637,1.3164,1.31637,1.31639
1782338940000,1.31637,1.31637,1.31637,1.31637
1782339000000,1.3164,1.31646,1.31635,1.31643
1782339060000,1.3164,1.31641,1.3164,1.31641
1782339120000,1.31642,1.31647,1.31642,1.31645
1782339180000,1.31644,1.31644,1.31641,1.31641
1782339240000,1.31643,1.31643,1.3164,1.31641
1782339300000,1.3164,1.3164,1.31635,1.3164
1782339360000,1.31639,1.31639,1.31634,1.31635
1782339420000,1.31636,1.31636,1.31633,1.31633
1782339480000,1.31635,1.31637,1.31634,1.31634
1782339540000,1.31633,1.31636,1.31633,1.31634
1782339600000,1.31635,1.31638,1.31632,1.31636
1782339660000,1.31635,1.31636,1.31634,1.31634
1782339720000,1.31637,1.31638,1.31635,1.31636
1782339780000,1.31637,1.31637,1.31634,1.31635
1782339840000,1.31634,1.31635,1.31632,1.31634
1782339900000,1.31634,1.31636,1.31633,1.31635
1782339960000,1.31634,1.31637,1.31634,1.31634
1782340020000,1.31637,1.31645,1.31635,1.31645
1782340080000,1.31646,1.31646,1.31644,1.31644
1782340140000,1.31644,1.31645,1.31644,1.31644
1782340200000,1.31644,1.31654,1.31644,1.31654
1782340260000,1.31655,1.31655,1.31652,1.31653
1782340320000,1.31654,1.31654,1.31648,1.31653
1782340380000,1.31653,1.31653,1.31651,1.31651
1782340440000,1.31652,1.31654,1.31651,1.31654
1782340500000,1.31655,1.31655,1.31653,1.31654
1782340560000,1.31656,1.31656,1.31656,1.31656
1782340620000,1.31657,1.31657,1.31655,1.31656
1782340680000,1.31657,1.31657,1.31653,1.31657
1782340740000,1.31657,1.31657,1.31655,1.31656
1782340800000,1.31655,1.31668,1.31655,1.31667
1782340860000,1.31666,1.31668,1.31666,1.31667
1782340920000,1.31666,1.31668,1.31662,1.31662
1782340980000,1.31663,1.31665,1.31662,1.31663
1782341040000,1.31664,1.31665,1.31662,1.31662
1782341100000,1.31662,1.31663,1.31662,1.31663
1782341160000,1.31663,1.31663,1.31661,1.31662
1782341220000,1.31663,1.31664,1.31662,1.31664
1782341280000,1.31665,1.31665,1.31662,1.31662
1782341340000,1.31661,1.31663,1.31661,1.31661
1782341400000,1.31663,1.31664,1.31653,1.31653
1782341460000,1.31654,1.31654,1.31653,1.31653
1782341520000,1.31653,1.31654,1.31652,1.31654
1782341580000,1.31654,1.31654,1.31652,1.31652
1782341640000,1.31648,1.31649,1.31643,1.31643
1782341700000,1.31644,1.31647,1.31643,1.31644
1782341760000,1.31643,1.31643,1.31643,1.31643
1782341820000,1.31644,1.31649,1.31644,1.31649
1782341880000,1.31646,1.31647,1.31646,1.31647
1782341940000,1.31647,1.31651,1.31647,1.31649
1782342000000,1.31649,1.31651,1.31648,1.31651
1782342060000,1.31649,1.31653,1.31648,1.3165
1782342120000,1.31648,1.31648,1.31643,1.31643
1782342180000,1.31645,1.31645,1.31639,1.3164
1782342240000,1.31641,1.31642,1.31636,1.31636
1782342300000,1.31635,1.31635,1.31635,1.31635
1782342360000,1.31635,1.31635,1.31635,1.31635
1782342420000,1.31635,1.31635,1.31635,1.31635
1782342480000,1.31635,1.31637,1.31635,1.31637
1782342540000,1.31636,1.31641,1.31636,1.31639
1782342600000,1.31637,1.31642,1.31636,1.3164
1782342660000,1.31642,1.31645,1.31641,1.31645
1782342720000,1.31644,1.31644,1.31635,1.31635
1782342780000,1.31635,1.31635,1.31635,1.31635
1782342840000,1.31636,1.31638,1.31636,1.31638
1782342900000,1.31638,1.31645,1.31638,1.31645
1782342960000,1.31645,1.31653,1.31644,1.31653
1782343020000,1.31653,1.31653,1.31646,1.31649
1782343080000,1.31651,1.31651,1.31647,1.31647
1782343140000,1.31646,1.31647,1.31645,1.31646
1782343200000,1.31646,1.31648,1.31645,1.31646
1782343260000,1.31647,1.3165,1.31646,1.31646
1782343320000,1.31647,1.31647,1.31641,1.31642
1782343380000,1.31642,1.31646,1.31641,1.31644
1782343440000,1.31644,1.31644,1.31644,1.31644
1782343500000,1.31645,1.31645,1.31645,1.31645
1782343560000,1.31645,1.31645,1.31645,1.31645
1782343620000,1.31645,1.31645,1.31645,1.31645
1782343680000,1.31645,1.31645,1.31645,1.31645
1782343740000,1.31642,1.31642,1.31638,1.31638
1782343800000,1.31637,1.31637,1.31634,1.31634
1782343860000,1.31638,1.31638,1.31634,1.31635
1782343920000,1.31637,1.31637,1.31629,1.31632
1782343980000,1.31635,1.31636,1.31633,1.31634
1782344040000,1.31635,1.31638,1.31635,1.31636
1782344100000,1.31634,1.31636,1.31634,1.31635
1782344160000,1.31635,1.31635,1.31635,1.31635
1782344220000,1.31636,1.31636,1.31636,1.31636
1782344280000,1.3164,1.31645,1.31639,1.31645
1782344340000,1.31646,1.31646,1.31644,1.31645
1782344400000,1.31644,1.31657,1.31644,1.31655
1782344460000,1.31656,1.31658,1.31654,1.31654
1782344520000,1.31657,1.31657,1.31644,1.31644
1782344580000,1.31645,1.31647,1.3164,1.31643
1782344640000,1.31645,1.31648,1.31644,1.31646
1782344700000,1.31646,1.31664,1.31646,1.31663
1782344760000,1.31661,1.31661,1.31646,1.31654
1782344820000,1.31652,1.31653,1.31642,1.31644
1782344880000,1.31644,1.31644,1.31643,1.31643
1782344940000,1.31642,1.31648,1.31642,1.31646
1782345000000,1.31645,1.31647,1.31635,1.3164
1782345060000,1.31641,1.31642,1.31636,1.31641
1782345120000,1.3164,1.31642,1.31633,1.31634
1782345180000,1.31636,1.31636,1.31634,1.31634
1782345240000,1.31636,1.3164,1.31635,1.3164
1782345300000,1.31637,1.31638,1.31634,1.31634
1782345360000,1.31638,1.31641,1.31638,1.31638
1782345420000,1.31639,1.31652,1.31638,1.3165
1782345480000,1.31649,1.31649,1.31639,1.31639
1782345540000,1.31638,1.3164,1.31636,1.31639
1782518400000,1.31894,1.31894,1.31894,1.31894
1782518460000,1.31894,1.31894,1.31894,1.31894
1782518520000,1.31894,1.31894,1.31894,1.31894
1782518580000,1.31894,1.31894,1.31894,1.31894
1782518640000,1.31894,1.31894,1.31894,1.31894
1782518700000,1.31894,1.31894,1.31894,1.31894
1782518760000,1.31894,1.31894,1.31894,1.31894
1782518820000,1.31894,1.31894,1.31894,1.31894
1782518880000,1.31894,1.31894,1.31894,1.31894
1782518940000,1.31894,1.31894,1.31894,1.31894
1782519000000,1.31894,1.31894,1.31894,1.31894
1782519060000,1.31894,1.31894,1.31894,1.31894
1782519120000,1.31894,1.31894,1.31894,1.31894
1782519180000,1.31894,1.31894,1.31894,1.31894
1782519240000,1.31894,1.31894,1.31894,1.31894
1782519300000,1.31894,1.31894,1.31894,1.31894
1782519360000,1.31894,1.31894,1.31894,1.31894
1782519420000,1.31894,1.31894,1.31894,1.31894
1782519480000,1.31894,1.31894,1.31894,1.31894
1782519540000,1.31894,1.31894,1.31894,1.31894
1782519600000,1.31894,1.31894,1.31894,1.31894
1782519660000,1.31894,1.31894,1.31894,1.31894
1782519720000,1.31894,1.31894,1.31894,1.31894
1782519780000,1.31894,1.31894,1.31894,1.31894
1782519840000,1.31894,1.31894,1.31894,1.31894
1782519900000,1.31894,1.31894,1.31894,1.31894
1782519960000,1.31894,1.31894,1.31894,1.31894
1782520020000,1.31894,1.31894,1.31894,1.31894
1782520080000,1.31894,1.31894,1.31894,1.31894
1782520140000,1.31894,1.31894,1.31894,1.31894
1782520200000,1.31894,1.31894,1.31894,1.31894
1782520260000,1.31894,1.31894,1.31894,1.31894
1782520320000,1.31894,1.31894,1.31894,1.31894
1782520380000,1.31894,1.31894,1.31894,1.31894
1782520440000,1.31894,1.31894,1.31894,1.31894
1782520500000,1.31894,1.31894,1.31894,1.31894
1782520560000,1.31894,1.31894,1.31894,1.31894
1782520620000,1.31894,1.31894,1.31894,1.31894
1782520680000,1.31894,1.31894,1.31894,1.31894
1782520740000,1.31894,1.31894,1.31894,1.31894
1782520800000,1.31894,1.31894,1.31894,1.31894
1782520860000,1.31894,1.31894,1.31894,1.31894
1782520920000,1.31894,1.31894,1.31894,1.31894
1782520980000,1.31894,1.31894,1.31894,1.31894
1782521040000,1.31894,1.31894,1.31894,1.31894
1782521100000,1.31894,1.31894,1.31894,1.31894
1782521160000,1.31894,1.31894,1.31894,1.31894
1782521220000,1.31894,1.31894,1.31894,1.31894
1782521280000,1.31894,1.31894,1.31894,1.31894
1782521340000,1.31894,1.31894,1.31894,1.31894
1782521400000,1.31894,1.31894,1.31894,1.31894
1782521460000,1.31894,1.31894,1.31894,1.31894
1782521520000,1.31894,1.31894,1.31894,1.31894
1782521580000,1.31894,1.31894,1.31894,1.31894
1782521640000,1.31894,1.31894,1.31894,1.31894
1782521700000,1.31894,1.31894,1.31894,1.31894
1782521760000,1.31894,1.31894,1.31894,1.31894
1782521820000,1.31894,1.31894,1.31894,1.31894
1782521880000,1.31894,1.31894,1.31894,1.31894
1782521940000,1.31894,1.31894,1.31894,1.31894
1782522000000,1.31894,1.31894,1.31894,1.31894
1782522060000,1.31894,1.31894,1.31894,1.31894
1782522120000,1.31894,1.31894,1.31894,1.31894
1782522180000,1.31894,1.31894,1.31894,1.31894
1782522240000,1.31894,1.31894,1.31894,1.31894
1782522300000,1.31894,1.31894,1.31894,1.31894
1782522360000,1.31894,1.31894,1.31894,1.31894
1782522420000,1.31894,1.31894,1.31894,1.31894
1782522480000,1.31894,1.31894,1.31894,1.31894
1782522540000,1.31894,1.31894,1.31894,1.31894
1782522600000,1.31894,1.31894,1.31894,1.31894
1782522660000,1.31894,1.31894,1.31894,1.31894
1782522720000,1.31894,1.31894,1.31894,1.31894
1782522780000,1.31894,1.31894,1.31894,1.31894
1782522840000,1.31894,1.31894,1.31894,1.31894
1782522900000,1.31894,1.31894,1.31894,1.31894
1782522960000,1.31894,1.31894,1.31894,1.31894
1782523020000,1.31894,1.31894,1.31894,1.31894
1782523080000,1.31894,1.31894,1.31894,1.31894
1782523140000,1.31894,1.31894,1.31894,1.31894
1782523200000,1.31894,1.31894,1.31894,1.31894
1782523260000,1.31894,1.31894,1.31894,1.31894
1782523320000,1.31894,1.31894,1.31894,1.31894
1782523380000,1.31894,1.31894,1.31894,1.31894
1782523440000,1.31894,1.31894,1.31894,1.31894
1782523500000,1.31894,1.31894,1.31894,1.31894
1782523560000,1.31894,1.31894,1.31894,1.31894
1782523620000,1.31894,1.31894,1.31894,1.31894
1782523680000,1.31894,1.31894,1.31894,1.31894
1782523740000,1.31894,1.31894,1.31894,1.31894
1782523800000,1.31894,1.31894,1.31894,1.31894
1782523860000,1.31894,1.31894,1.31894,1.31894
1782523920000,1.31894,1.31894,1.31894,1.31894
1782523980000,1.31894,1.31894,1.31894,1.31894
1782524040000,1.31894,1.31894,1.31894,1.31894
1782524100000,1.31894,1.31894,1.31894,1.31894
1782524160000,1.31894,1.31894,1.31894,1.31894
1782524220000,1.31894,1.31894,1.31894,1.31894
1782524280000,1.31894,1.31894,1.31894,1.31894
1782524340000,1.31894,1.31894,1.31894,1.31894
1782524400000,1.31894,1.31894,1.31894,1.31894
1782524460000,1.31894,1.31894,1.31894,1.31894
1782524520000,1.31894,1.31894,1.31894,1.31894
1782524580000,1.31894,1.31894,1.31894,1.31894
1782524640000,1.31894,1.31894,1.31894,1.31894
1782524700000,1.31894,1.31894,1.31894,1.31894
1782524760000,1.31894,1.31894,1.31894,1.31894
1782524820000,1.31894,1.31894,1.31894,1.31894
1782524880000,1.31894,1.31894,1.31894,1.31894
1782524940000,1.31894,1.31894,1.31894,1.31894
1782525000000,1.31894,1.31894,1.31894,1.31894
1782525060000,1.31894,1.31894,1.31894,1.31894
1782525120000,1.31894,1.31894,1.31894,1.31894
1782525180000,1.31894,1.31894,1.31894,1.31894
1782525240000,1.31894,1.31894,1.31894,1.31894
1782525300000,1.31894,1.31894,1.31894,1.31894
1782525360000,1.31894,1.31894,1.31894,1.31894
1782525420000,1.31894,1.31894,1.31894,1.31894
1782525480000,1.31894,1.31894,1.31894,1.31894
1782525540000,1.31894,1.31894,1.31894,1.31894
1782525600000,1.31894,1.31894,1.31894,1.31894
1782525660000,1.31894,1.31894,1.31894,1.31894
1782525720000,1.31894,1.31894,1.31894,1.31894
1782525780000,1.31894,1.31894,1.31894,1.31894
1782525840000,1.31894,1.31894,1.31894,1.31894
1782525900000,1.31894,1.31894,1.31894,1.31894
1782525960000,1.31894,1.31894,1.31894,1.31894
1782526020000,1.31894,1.31894,1.31894,1.31894
1782526080000,1.31894,1.31894,1.31894,1.31894
1782526140000,1.31894,1.31894,1.31894,1.31894
1782526200000,1.31894,1.31894,1.31894,1.31894
1782526260000,1.31894,1.31894,1.31894,1.31894
1782526320000,1.31894,1.31894,1.31894,1.31894
1782526380000,1.31894,1.31894,1.31894,1.31894
1782526440000,1.31894,1.31894,1.31894,1.31894
1782526500000,1.31894,1.31894,1.31894,1.31894
1782526560000,1.31894,1.31894,1.31894,1.31894
1782526620000,1.31894,1.31894,1.31894,1.31894
1782526680000,1.31894,1.31894,1.31894,1.31894
1782526740000,1.31894,1.31894,1.31894,1.31894
1782526800000,1.31894,1.31894,1.31894,1.31894
1782526860000,1.31894,1.31894,1.31894,1.31894
1782526920000,1.31894,1.31894,1.31894,1.31894
1782526980000,1.31894,1.31894,1.31894,1.31894
1782527040000,1.31894,1.31894,1.31894,1.31894
1782527100000,1.31894,1.31894,1.31894,1.31894
1782527160000,1.31894,1.31894,1.31894,1.31894
1782527220000,1.31894,1.31894,1.31894,1.31894
1782527280000,1.31894,1.31894,1.31894,1.31894
1782527340000,1.31894,1.31894,1.31894,1.31894
1782527400000,1.31894,1.31894,1.31894,1.31894
1782527460000,1.31894,1.31894,1.31894,1.31894
1782527520000,1.31894,1.31894,1.31894,1.31894
1782527580000,1.31894,1.31894,1.31894,1.31894
1782527640000,1.31894,1.31894,1.31894,1.31894
1782527700000,1.31894,1.31894,1.31894,1.31894
1782527760000,1.31894,1.31894,1.31894,1.31894
1782527820000,1.31894,1.31894,1.31894,1.31894
1782527880000,1.31894,1.31894,1.31894,1.31894
1782527940000,1.31894,1.31894,1.31894,1.31894
1782528000000,1.31894,1.31894,1.31894,1.31894
1782528060000,1.31894,1.31894,1.31894,1.31894
1782528120000,1.31894,1.31894,1.31894,1.31894
1782528180000,1.31894,1.31894,1.31894,1.31894
1782528240000,1.31894,1.31894,1.31894,1.31894
1782528300000,1.31894,1.31894,1.31894,1.31894
1782528360000,1.31894,1.31894,1.31894,1.31894
1782528420000,1.31894,1.31894,1.31894,1.31894
1782528480000,1.31894,1.31894,1.31894,1.31894
1782528540000,1.31894,1.31894,1.31894,1.31894
1782528600000,1.31894,1.31894,1.31894,1.31894
1782528660000,1.31894,1.31894,1.31894,1.31894
1782528720000,1.31894,1.31894,1.31894,1.31894
1782528780000,1.31894,1.31894,1.31894,1.31894
1782528840000,1.31894,1.31894,1.31894,1.31894
1782528900000,1.31894,1.31894,1.31894,1.31894
1782528960000,1.31894,1.31894,1.31894,1.31894
1782529020000,1.31894,1.31894,1.31894,1.31894
1782529080000,1.31894,1.31894,1.31894,1.31894
1782529140000,1.31894,1.31894,1.31894,1.31894
1782529200000,1.31894,1.31894,1.31894,1.31894
1782529260000,1.31894,1.31894,1.31894,1.31894
1782529320000,1.31894,1.31894,1.31894,1.31894
1782529380000,1.31894,1.31894,1.31894,1.31894
1782529440000,1.31894,1.31894,1.31894,1.31894
1782529500000,1.31894,1.31894,1.31894,1.31894
1782529560000,1.31894,1.31894,1.31894,1.31894
1782529620000,1.31894,1.31894,1.31894,1.31894
1782529680000,1.31894,1.31894,1.31894,1.31894
1782529740000,1.31894,1.31894,1.31894,1.31894
1782529800000,1.31894,1.31894,1.31894,1.31894
1782529860000,1.31894,1.31894,1.31894,1.31894
1782529920000,1.31894,1.31894,1.31894,1.31894
1782529980000,1.31894,1.31894,1.31894,1.31894
1782530040000,1.31894,1.31894,1.31894,1.31894
1782530100000,1.31894,1.31894,1.31894,1.31894
1782530160000,1.31894,1.31894,1.31894,1.31894
1782530220000,1.31894,1.31894,1.31894,1.31894
1782530280000,1.31894,1.31894,1.31894,1.31894
1782530340000,1.31894,1.31894,1.31894,1.31894
1782530400000,1.31894,1.31894,1.31894,1.31894
1782530460000,1.31894,1.31894,1.31894,1.31894
1782530520000,1.31894,1.31894,1.31894,1.31894
1782530580000,1.31894,1.31894,1.31894,1.31894
1782530640000,1.31894,1.31894,1.31894,1.31894
1782530700000,1.31894,1.31894,1.31894,1.31894
1782530760000,1.31894,1.31894,1.31894,1.31894
1782530820000,1.31894,1.31894,1.31894,1.31894
1782530880000,1.31894,1.31894,1.31894,1.31894
1782530940000,1.31894,1.31894,1.31894,1.31894
1782531000000,1.31894,1.31894,1.31894,1.31894
1782531060000,1.31894,1.31894,1.31894,1.31894
1782531120000,1.31894,1.31894,1.31894,1.31894
1782531180000,1.31894,1.31894,1.31894,1.31894
1782531240000,1.31894,1.31894,1.31894,1.31894
1782531300000,1.31894,1.31894,1.31894,1.31894
1782531360000,1.31894,1.31894,1.31894,1.31894
1782531420000,1.31894,1.31894,1.31894,1.31894
1782531480000,1.31894,1.31894,1.31894,1.31894
1782531540000,1.31894,1.31894,1.31894,1.31894
1782531600000,1.31894,1.31894,1.31894,1.31894
1782531660000,1.31894,1.31894,1.31894,1.31894
1782531720000,1.31894,1.31894,1.31894,1.31894
1782531780000,1.31894,1.31894,1.31894,1.31894
1782531840000,1.31894,1.31894,1.31894,1.31894
1782531900000,1.31894,1.31894,1.31894,1.31894
1782531960000,1.31894,1.31894,1.31894,1.31894
1782532020000,1.31894,1.31894,1.31894,1.31894
1782532080000,1.31894,1.31894,1.31894,1.31894
1782532140000,1.31894,1.31894,1.31894,1.31894
1782532200000,1.31894,1.31894,1.31894,1.31894
1782532260000,1.31894,1.31894,1.31894,1.31894
1782532320000,1.31894,1.31894,1.31894,1.31894
1782532380000,1.31894,1.31894,1.31894,1.31894
1782532440000,1.31894,1.31894,1.31894,1.31894
1782532500000,1.31894,1.31894,1.31894,1.31894
1782532560000,1.31894,1.31894,1.31894,1.31894
1782532620000,1.31894,1.31894,1.31894,1.31894
1782532680000,1.31894,1.31894,1.31894,1.31894
1782532740000,1.31894,1.31894,1.31894,1.31894
1782532800000,1.31894,1.31894,1.31894,1.31894
1782532860000,1.31894,1.31894,1.31894,1.31894
1782532920000,1.31894,1.31894,1.31894,1.31894
1782532980000,1.31894,1.31894,1.31894,1.31894
1782533040000,1.31894,1.31894,1.31894,1.31894
1782533100000,1.31894,1.31894,1.31894,1.31894
1782533160000,1.31894,1.31894,1.31894,1.31894
1782533220000,1.31894,1.31894,1.31894,1.31894
1782533280000,1.31894,1.31894,1.31894,1.31894
1782533340000,1.31894,1.31894,1.31894,1.31894
1782533400000,1.31894,1.31894,1.31894,1.31894
1782533460000,1.31894,1.31894,1.31894,1.31894
1782533520000,1.31894,1.31894,1.31894,1.31894
1782533580000,1.31894,1.31894,1.31894,1.31894
1782533640000,1.31894,1.31894,1.31894,1.31894
1782533700000,1.31894,1.31894,1.31894,1.31894
1782533760000,1.31894,1.31894,1.31894,1.31894
1782533820000,1.31894,1.31894,1.31894,1.31894
1782533880000,1.31894,1.31894,1.31894,1.31894
1782533940000,1.31894,1.31894,1.31894,1.31894
1782534000000,1.31894,1.31894,1.31894,1.31894
1782534060000,1.31894,1.31894,1.31894,1.31894
1782534120000,1.31894,1.31894,1.31894,1.31894
1782534180000,1.31894,1.31894,1.31894,1.31894
1782534240000,1.31894,1.31894,1.31894,1.31894
1782534300000,1.31894,1.31894,1.31894,1.31894
1782534360000,1.31894,1.31894,1.31894,1.31894
1782534420000,1.31894,1.31894,1.31894,1.31894
1782534480000,1.31894,1.31894,1.31894,1.31894
1782534540000,1.31894,1.31894,1.31894,1.31894
1782534600000,1.31894,1.31894,1.31894,1.31894
1782534660000,1.31894,1.31894,1.31894,1.31894
1782534720000,1.31894,1.31894,1.31894,1.31894
1782534780000,1.31894,1.31894,1.31894,1.31894
1782534840000,1.31894,1.31894,1.31894,1.31894
1782534900000,1.31894,1.31894,1.31894,1.31894
1782534960000,1.31894,1.31894,1.31894,1.31894
1782535020000,1.31894,1.31894,1.31894,1.31894
1782535080000,1.31894,1.31894,1.31894,1.31894
1782535140000,1.31894,1.31894,1.31894,1.31894
1782535200000,1.31894,1.31894,1.31894,1.31894
1782535260000,1.31894,1.31894,1.31894,1.31894
1782535320000,1.31894,1.31894,1.31894,1.31894
1782535380000,1.31894,1.31894,1.31894,1.31894
1782535440000,1.31894,1.31894,1.31894,1.31894
1782535500000,1.31894,1.31894,1.31894,1.31894
1782535560000,1.31894,1.31894,1.31894,1.31894
1782535620000,1.31894,1.31894,1.31894,1.31894
1782535680000,1.31894,1.31894,1.31894,1.31894
1782535740000,1.31894,1.31894,1.31894,1.31894
1782535800000,1.31894,1.31894,1.31894,1.31894
1782535860000,1.31894,1.31894,1.31894,1.31894
1782535920000,1.31894,1.31894,1.31894,1.31894
1782535980000,1.31894,1.31894,1.31894,1.31894
1782536040000,1.31894,1.31894,1.31894,1.31894
1782536100000,1.31894,1.31894,1.31894,1.31894
1782536160000,1.31894,1.31894,1.31894,1.31894
1782536220000,1.31894,1.31894,1.31894,1.31894
1782536280000,1.31894,1.31894,1.31894,1.31894
1782536340000,1.31894,1.31894,1.31894,1.31894
1782536400000,1.31894,1.31894,1.31894,1.31894
1782536460000,1.31894,1.31894,1.31894,1.31894
1782536520000,1.31894,1.31894,1.31894,1.31894
1782536580000,1.31894,1.31894,1.31894,1.31894
1782536640000,1.31894,1.31894,1.31894,1.31894
1782536700000,1.31894,1.31894,1.31894,1.31894
1782536760000,1.31894,1.31894,1.31894,1.31894
1782536820000,1.31894,1.31894,1.31894,1.31894
1782536880000,1.31894,1.31894,1.31894,1.31894
1782536940000,1.31894,1.31894,1.31894,1.31894
1782537000000,1.31894,1.31894,1.31894,1.31894
1782537060000,1.31894,1.31894,1.31894,1.31894
1782537120000,1.31894,1.31894,1.31894,1.31894
1782537180000,1.31894,1.31894,1.31894,1.31894
1782537240000,1.31894,1.31894,1.31894,1.31894
1782537300000,1.31894,1.31894,1.31894,1.31894
1782537360000,1.31894,1.31894,1.31894,1.31894
1782537420000,1.31894,1.31894,1.31894,1.31894
1782537480000,1.31894,1.31894,1.31894,1.31894
1782537540000,1.31894,1.31894,1.31894,1.31894
1782537600000,1.31894,1.31894,1.31894,1.31894
1782537660000,1.31894,1.31894,1.31894,1.31894
1782537720000,1.31894,1.31894,1.31894,1.31894
1782537780000,1.31894,1.31894,1.31894,1.31894
1782537840000,1.31894,1.31894,1.31894,1.31894
1782537900000,1.31894,1.31894,1.31894,1.31894
1782537960000,1.31894,1.31894,1.31894,1.31894
1782538020000,1.31894,1.31894,1.31894,1.31894
1782538080000,1.31894,1.31894,1.31894,1.31894
1782538140000,1.31894,1.31894,1.31894,1.31894
1782538200000,1.31894,1.31894,1.31894,1.31894
1782538260000,1.31894,1.31894,1.31894,1.31894
1782538320000,1.31894,1.31894,1.31894,1.31894
1782538380000,1.31894,1.31894,1.31894,1.31894
1782538440000,1.31894,1.31894,1.31894,1.31894
1782538500000,1.31894,1.31894,1.31894,1.31894
1782538560000,1.31894,1.31894,1.31894,1.31894
1782538620000,1.31894,1.31894,1.31894,1.31894
1782538680000,1.31894,1.31894,1.31894,1.31894
1782538740000,1.31894,1.31894,1.31894,1.31894
1782538800000,1.31894,1.31894,1.31894,1.31894
1782538860000,1.31894,1.31894,1.31894,1.31894
1782538920000,1.31894,1.31894,1.31894,1.31894
1782538980000,1.31894,1.31894,1.31894,1.31894
1782539040000,1.31894,1.31894,1.31894,1.31894
1782539100000,1.31894,1.31894,1.31894,1.31894
1782539160000,1.31894,1.31894,1.31894,1.31894
1782539220000,1.31894,1.31894,1.31894,1.31894
1782539280000,1.31894,1.31894,1.31894,1.31894
1782539340000,1.31894,1.31894,1.31894,1.31894
1782539400000,1.31894,1.31894,1.31894,1.31894
1782539460000,1.31894,1.31894,1.31894,1.31894
1782539520000,1.31894,1.31894,1.31894,1.31894
1782539580000,1.31894,1.31894,1.31894,1.31894
1782539640000,1.31894,1.31894,1.31894,1.31894
1782539700000,1.31894,1.31894,1.31894,1.31894
1782539760000,1.31894,1.31894,1.31894,1.31894
1782539820000,1.31894,1.31894,1.31894,1.31894
1782539880000,1.31894,1.31894,1.31894,1.31894
1782539940000,1.31894,1.31894,1.31894,1.31894
1782540000000,1.31894,1.31894,1.31894,1.31894
1782540060000,1.31894,1.31894,1.31894,1.31894
1782540120000,1.31894,1.31894,1.31894,1.31894
1782540180000,1.31894,1.31894,1.31894,1.31894
1782540240000,1.31894,1.31894,1.31894,1.31894
1782540300000,1.31894,1.31894,1.31894,1.31894
1782540360000,1.31894,1.31894,1.31894,1.31894
1782540420000,1.31894,1.31894,1.31894,1.31894
1782540480000,1.31894,1.31894,1.31894,1.31894
1782540540000,1.31894,1.31894,1.31894,1.31894
1782540600000,1.31894,1.31894,1.31894,1.31894
1782540660000,1.31894,1.31894,1.31894,1.31894
1782540720000,1.31894,1.31894,1.31894,1.31894
1782540780000,1.31894,1.31894,1.31894,1.31894
1782540840000,1.31894,1.31894,1.31894,1.31894
1782540900000,1.31894,1.31894,1.31894,1.31894
1782540960000,1.31894,1.31894,1.31894,1.31894
1782541020000,1.31894,1.31894,1.31894,1.31894
1782541080000,1.31894,1.31894,1.31894,1.31894
1782541140000,1.31894,1.31894,1.31894,1.31894
1782541200000,1.31894,1.31894,1.31894,1.31894
1782541260000,1.31894,1.31894,1.31894,1.31894
1782541320000,1.31894,1.31894,1.31894,1.31894
1782541380000,1.31894,1.31894,1.31894,1.31894
1782541440000,1.31894,1.31894,1.31894,1.31894
1782541500000,1.31894,1.31894,1.31894,1.31894
1782541560000,1.31894,1.31894,1.31894,1.31894
1782541620000,1.31894,1.31894,1.31894,1.31894
1782541680000,1.31894,1.31894,1.31894,1.31894
1782541740000,1.31894,1.31894,1.31894,1.31894
1782541800000,1.31894,1.31894,1.31894,1.31894
1782541860000,1.31894,1.31894,1.31894,1.31894
1782541920000,1.31894,1.31894,1.31894,1.31894
1782541980000,1.31894,1.31894,1.31894,1.31894
1782542040000,1.31894,1.31894,1.31894,1.31894
1782542100000,1.31894,1.31894,1.31894,1.31894
1782542160000,1.31894,1.31894,1.31894,1.31894
1782542220000,1.31894,1.31894,1.31894,1.31894
1782542280000,1.31894,1.31894,1.31894,1.31894
1782542340000,1.31894,1.31894,1.31894,1.31894
1782542400000,1.31894,1.31894,1.31894,1.31894
1782542460000,1.31894,1.31894,1.31894,1.31894
1782542520000,1.31894,1.31894,1.31894,1.31894
1782542580000,1.31894,1.31894,1.31894,1.31894
1782542640000,1.31894,1.31894,1.31894,1.31894
1782542700000,1.31894,1.31894,1.31894,1.31894
1782542760000,1.31894,1.31894,1.31894,1.31894
1782542820000,1.31894,1.31894,1.31894,1.31894
1782542880000,1.31894,1.31894,1.31894,1.31894
1782542940000,1.31894,1.31894,1.31894,1.31894
1782543000000,1.31894,1.31894,1.31894,1.31894
1782543060000,1.31894,1.31894,1.31894,1.31894
1782543120000,1.31894,1.31894,1.31894,1.31894
1782543180000,1.31894,1.31894,1.31894,1.31894
1782543240000,1.31894,1.31894,1.31894,1.31894
1782543300000,1.31894,1.31894,1.31894,1.31894
1782543360000,1.31894,1.31894,1.31894,1.31894
1782543420000,1.31894,1.31894,1.31894,1.31894
1782543480000,1.31894,1.31894,1.31894,1.31894
1782543540000,1.31894,1.31894,1.31894,1.31894
1782543600000,1.31894,1.31894,1.31894,1.31894
1782543660000,1.31894,1.31894,1.31894,1.31894
1782543720000,1.31894,1.31894,1.31894,1.31894
1782543780000,1.31894,1.31894,1.31894,1.31894
1782543840000,1.31894,1.31894,1.31894,1.31894
1782543900000,1.31894,1.31894,1.31894,1.31894
1782543960000,1.31894,1.31894,1.31894,1.31894
1782544020000,1.31894,1.31894,1.31894,1.31894
1782544080000,1.31894,1.31894,1.31894,1.31894
1782544140000,1.31894,1.31894,1.31894,1.31894
1782544200000,1.31894,1.31894,1.31894,1.31894
1782544260000,1.31894,1.31894,1.31894,1.31894
1782544320000,1.31894,1.31894,1.31894,1.31894
1782544380000,1.31894,1.31894,1.31894,1.31894
1782544440000,1.31894,1.31894,1.31894,1.31894
1782544500000,1.31894,1.31894,1.31894,1.31894
1782544560000,1.31894,1.31894,1.31894,1.31894
1782544620000,1.31894,1.31894,1.31894,1.31894
1782544680000,1.31894,1.31894,1.31894,1.31894
1782544740000,1.31894,1.31894,1.31894,1.31894
1782544800000,1.31894,1.31894,1.31894,1.31894
1782544860000,1.31894,1.31894,1.31894,1.31894
1782544920000,1.31894,1.31894,1.31894,1.31894
1782544980000,1.31894,1.31894,1.31894,1.31894
1782545040000,1.31894,1.31894,1.31894,1.31894
1782545100000,1.31894,1.31894,1.31894,1.31894
1782545160000,1.31894,1.31894,1.31894,1.31894
1782545220000,1.31894,1.31894,1.31894,1.31894
1782545280000,1.31894,1.31894,1.31894,1.31894
1782545340000,1.31894,1.31894,1.31894,1.31894
1782545400000,1.31894,1.31894,1.31894,1.31894
1782545460000,1.31894,1.31894,1.31894,1.31894
1782545520000,1.31894,1.31894,1.31894,1.31894
1782545580000,1.31894,1.31894,1.31894,1.31894
1782545640000,1.31894,1.31894,1.31894,1.31894
1782545700000,1.31894,1.31894,1.31894,1.31894
1782545760000,1.31894,1.31894,1.31894,1.31894
1782545820000,1.31894,1.31894,1.31894,1.31894
1782545880000,1.31894,1.31894,1.31894,1.31894
1782545940000,1.31894,1.31894,1.31894,1.31894
1782546000000,1.31894,1.31894,1.31894,1.31894
1782546060000,1.31894,1.31894,1.31894,1.31894
1782546120000,1.31894,1.31894,1.31894,1.31894
1782546180000,1.31894,1.31894,1.31894,1.31894
1782546240000,1.31894,1.31894,1.31894,1.31894
1782546300000,1.31894,1.31894,1.31894,1.31894
1782546360000,1.31894,1.31894,1.31894,1.31894
1782546420000,1.31894,1.31894,1.31894,1.31894
1782546480000,1.31894,1.31894,1.31894,1.31894
1782546540000,1.31894,1.31894,1.31894,1.31894
1782546600000,1.31894,1.31894,1.31894,1.31894
1782546660000,1.31894,1.31894,1.31894,1.31894
1782546720000,1.31894,1.31894,1.31894,1.31894
1782546780000,1.31894,1.31894,1.31894,1.31894
1782546840000,1.31894,1.31894,1.31894,1.31894
1782546900000,1.31894,1.31894,1.31894,1.31894
1782546960000,1.31894,1.31894,1.31894,1.31894
1782547020000,1.31894,1.31894,1.31894,1.31894
1782547080000,1.31894,1.31894,1.31894,1.31894
1782547140000,1.31894,1.31894,1.31894,1.31894
1782547200000,1.31894,1.31894,1.31894,1.31894
1782547260000,1.31894,1.31894,1.31894,1.31894
1782547320000,1.31894,1.31894,1.31894,1.31894
1782547380000,1.31894,1.31894,1.31894,1.31894
1782547440000,1.31894,1.31894,1.31894,1.31894
1782547500000,1.31894,1.31894,1.31894,1.31894
1782547560000,1.31894,1.31894,1.31894,1.31894
1782547620000,1.31894,1.31894,1.31894,1.31894
1782547680000,1.31894,1.31894,1.31894,1.31894
1782547740000,1.31894,1.31894,1.31894,1.31894
1782547800000,1.31894,1.31894,1.31894,1.31894
1782547860000,1.31894,1.31894,1.31894,1.31894
1782547920000,1.31894,1.31894,1.31894,1.31894
1782547980000,1.31894,1.31894,1.31894,1.31894
1782548040000,1.31894,1.31894,1.31894,1.31894
1782548100000,1.31894,1.31894,1.31894,1.31894
1782548160000,1.31894,1.31894,1.31894,1.31894
1782548220000,1.31894,1.31894,1.31894,1.31894
1782548280000,1.31894,1.31894,1.31894,1.31894
1782548340000,1.31894,1.31894,1.31894,1.31894
1782548400000,1.31894,1.31894,1.31894,1.31894
1782548460000,1.31894,1.31894,1.31894,1.31894
1782548520000,1.31894,1.31894,1.31894,1.31894
1782548580000,1.31894,1.31894,1.31894,1.31894
1782548640000,1.31894,1.31894,1.31894,1.31894
1782548700000,1.31894,1.31894,1.31894,1.31894
1782548760000,1.31894,1.31894,1.31894,1.31894
1782548820000,1.31894,1.31894,1.31894,1.31894
1782548880000,1.31894,1.31894,1.31894,1.31894
1782548940000,1.31894,1.31894,1.31894,1.31894
1782549000000,1.31894,1.31894,1.31894,1.31894
1782549060000,1.31894,1.31894,1.31894,1.31894
1782549120000,1.31894,1.31894,1.31894,1.31894
1782549180000,1.31894,1.31894,1.31894,1.31894
1782549240000,1.31894,1.31894,1.31894,1.31894
1782549300000,1.31894,1.31894,1.31894,1.31894
1782549360000,1.31894,1.31894,1.31894,1.31894
1782549420000,1.31894,1.31894,1.31894,1.31894
1782549480000,1.31894,1.31894,1.31894,1.31894
1782549540000,1.31894,1.31894,1.31894,1.31894
1782549600000,1.31894,1.31894,1.31894,1.31894
1782549660000,1.31894,1.31894,1.31894,1.31894
1782549720000,1.31894,1.31894,1.31894,1.31894
1782549780000,1.31894,1.31894,1.31894,1.31894
1782549840000,1.31894,1.31894,1.31894,1.31894
1782549900000,1.31894,1.31894,1.31894,1.31894
1782549960000,1.31894,1.31894,1.31894,1.31894
1782550020000,1.31894,1.31894,1.31894,1.31894
1782550080000,1.31894,1.31894,1.31894,1.31894
1782550140000,1.31894,1.31894,1.31894,1.31894
1782550200000,1.31894,1.31894,1.31894,1.31894
1782550260000,1.31894,1.31894,1.31894,1.31894
1782550320000,1.31894,1.31894,1.31894,1.31894
1782550380000,1.31894,1.31894,1.31894,1.31894
1782550440000,1.31894,1.31894,1.31894,1.31894
1782550500000,1.31894,1.31894,1.31894,1.31894
1782550560000,1.31894,1.31894,1.31894,1.31894
1782550620000,1.31894,1.31894,1.31894,1.31894
1782550680000,1.31894,1.31894,1.31894,1.31894
1782550740000,1.31894,1.31894,1.31894,1.31894
1782550800000,1.31894,1.31894,1.31894,1.31894
1782550860000,1.31894,1.31894,1.31894,1.31894
1782550920000,1.31894,1.31894,1.31894,1.31894
1782550980000,1.31894,1.31894,1.31894,1.31894
1782551040000,1.31894,1.31894,1.31894,1.31894
1782551100000,1.31894,1.31894,1.31894,1.31894
1782551160000,1.31894,1.31894,1.31894,1.31894
1782551220000,1.31894,1.31894,1.31894,1.31894
1782551280000,1.31894,1.31894,1.31894,1.31894
1782551340000,1.31894,1.31894,1.31894,1.31894
1782551400000,1.31894,1.31894,1.31894,1.31894
1782551460000,1.31894,1.31894,1.31894,1.31894
1782551520000,1.31894,1.31894,1.31894,1.31894
1782551580000,1.31894,1.31894,1.31894,1.31894
1782551640000,1.31894,1.31894,1.31894,1.31894
1782551700000,1.31894,1.31894,1.31894,1.31894
1782551760000,1.31894,1.31894,1.31894,1.31894
1782551820000,1.31894,1.31894,1.31894,1.31894
1782551880000,1.31894,1.31894,1.31894,1.31894
1782551940000,1.31894,1.31894,1.31894,1.31894
1782552000000,1.31894,1.31894,1.31894,1.31894
1782552060000,1.31894,1.31894,1.31894,1.31894
1782552120000,1.31894,1.31894,1.31894,1.31894
1782552180000,1.31894,1.31894,1.31894,1.31894
1782552240000,1.31894,1.31894,1.31894,1.31894
1782552300000,1.31894,1.31894,1.31894,1.31894
1782552360000,1.31894,1.31894,1.31894,1.31894
1782552420000,1.31894,1.31894,1.31894,1.31894
1782552480000,1.31894,1.31894,1.31894,1.31894
1782552540000,1.31894,1.31894,1.31894,1.31894
1782552600000,1.31894,1.31894,1.31894,1.31894
1782552660000,1.31894,1.31894,1.31894,1.31894
1782552720000,1.31894,1.31894,1.31894,1.31894
1782552780000,1.31894,1.31894,1.31894,1.31894
1782552840000,1.31894,1.31894,1.31894,1.31894
1782552900000,1.31894,1.31894,1.31894,1.31894
1782552960000,1.31894,1.31894,1.31894,1.31894
1782553020000,1.31894,1.31894,1.31894,1.31894
1782553080000,1.31894,1.31894,1.31894,1.31894
1782553140000,1.31894,1.31894,1.31894,1.31894
1782553200000,1.31894,1.31894,1.31894,1.31894
1782553260000,1.31894,1.31894,1.31894,1.31894
1782553320000,1.31894,1.31894,1.31894,1.31894
1782553380000,1.31894,1.31894,1.31894,1.31894
1782553440000,1.31894,1.31894,1.31894,1.31894
1782553500000,1.31894,1.31894,1.31894,1.31894
1782553560000,1.31894,1.31894,1.31894,1.31894
1782553620000,1.31894,1.31894,1.31894,1.31894
1782553680000,1.31894,1.31894,1.31894,1.31894
1782553740000,1.31894,1.31894,1.31894,1.31894
1782553800000,1.31894,1.31894,1.31894,1.31894
1782553860000,1.31894,1.31894,1.31894,1.31894
1782553920000,1.31894,1.31894,1.31894,1.31894
1782553980000,1.31894,1.31894,1.31894,1.31894
1782554040000,1.31894,1.31894,1.31894,1.31894
1782554100000,1.31894,1.31894,1.31894,1.31894
1782554160000,1.31894,1.31894,1.31894,1.31894
1782554220000,1.31894,1.31894,1.31894,1.31894
1782554280000,1.31894,1.31894,1.31894,1.31894
1782554340000,1.31894,1.31894,1.31894,1.31894
1782554400000,1.31894,1.31894,1.31894,1.31894
1782554460000,1.31894,1.31894,1.31894,1.31894
1782554520000,1.31894,1.31894,1.31894,1.31894
1782554580000,1.31894,1.31894,1.31894,1.31894
1782554640000,1.31894,1.31894,1.31894,1.31894
1782554700000,1.31894,1.31894,1.31894,1.31894
1782554760000,1.31894,1.31894,1.31894,1.31894
1782554820000,1.31894,1.31894,1.31894,1.31894
1782554880000,1.31894,1.31894,1.31894,1.31894
1782554940000,1.31894,1.31894,1.31894,1.31894
1782555000000,1.31894,1.31894,1.31894,1.31894
1782555060000,1.31894,1.31894,1.31894,1.31894
1782555120000,1.31894,1.31894,1.31894,1.31894
1782555180000,1.31894,1.31894,1.31894,1.31894
1782555240000,1.31894,1.31894,1.31894,1.31894
1782555300000,1.31894,1.31894,1.31894,1.31894
1782555360000,1.31894,1.31894,1.31894,1.31894
1782555420000,1.31894,1.31894,1.31894,1.31894
1782555480000,1.31894,1.31894,1.31894,1.31894
1782555540000,1.31894,1.31894,1.31894,1.31894
1782555600000,1.31894,1.31894,1.31894,1.31894
1782555660000,1.31894,1.31894,1.31894,1.31894
1782555720000,1.31894,1.31894,1.31894,1.31894
1782555780000,1.31894,1.31894,1.31894,1.31894
1782555840000,1.31894,1.31894,1.31894,1.31894
1782555900000,1.31894,1.31894,1.31894,1.31894
1782555960000,1.31894,1.31894,1.31894,1.31894
1782556020000,1.31894,1.31894,1.31894,1.31894
1782556080000,1.31894,1.31894,1.31894,1.31894
1782556140000,1.31894,1.31894,1.31894,1.31894
1782556200000,1.31894,1.31894,1.31894,1.31894
1782556260000,1.31894,1.31894,1.31894,1.31894
1782556320000,1.31894,1.31894,1.31894,1.31894
1782556380000,1.31894,1.31894,1.31894,1.31894
1782556440000,1.31894,1.31894,1.31894,1.31894
1782556500000,1.31894,1.31894,1.31894,1.31894
1782556560000,1.31894,1.31894,1.31894,1.31894
1782556620000,1.31894,1.31894,1.31894,1.31894
1782556680000,1.31894,1.31894,1.31894,1.31894
1782556740000,1.31894,1.31894,1.31894,1.31894
1782556800000,1.31894,1.31894,1.31894,1.31894
1782556860000,1.31894,1.31894,1.31894,1.31894
1782556920000,1.31894,1.31894,1.31894,1.31894
1782556980000,1.31894,1.31894,1.31894,1.31894
1782557040000,1.31894,1.31894,1.31894,1.31894
1782557100000,1.31894,1.31894,1.31894,1.31894
1782557160000,1.31894,1.31894,1.31894,1.31894
1782557220000,1.31894,1.31894,1.31894,1.31894
1782557280000,1.31894,1.31894,1.31894,1.31894
1782557340000,1.31894,1.31894,1.31894,1.31894
1782557400000,1.31894,1.31894,1.31894,1.31894
1782557460000,1.31894,1.31894,1.31894,1.31894
1782557520000,1.31894,1.31894,1.31894,1.31894
1782557580000,1.31894,1.31894,1.31894,1.31894
1782557640000,1.31894,1.31894,1.31894,1.31894
1782557700000,1.31894,1.31894,1.31894,1.31894
1782557760000,1.31894,1.31894,1.31894,1.31894
1782557820000,1.31894,1.31894,1.31894,1.31894
1782557880000,1.31894,1.31894,1.31894,1.31894
1782557940000,1.31894,1.31894,1.31894,1.31894
1782558000000,1.31894,1.31894,1.31894,1.31894
1782558060000,1.31894,1.31894,1.31894,1.31894
1782558120000,1.31894,1.31894,1.31894,1.31894
1782558180000,1.31894,1.31894,1.31894,1.31894
1782558240000,1.31894,1.31894,1.31894,1.31894
1782558300000,1.31894,1.31894,1.31894,1.31894
1782558360000,1.31894,1.31894,1.31894,1.31894
1782558420000,1.31894,1.31894,1.31894,1.31894
1782558480000,1.31894,1.31894,1.31894,1.31894
1782558540000,1.31894,1.31894,1.31894,1.31894
1782558600000,1.31894,1.31894,1.31894,1.31894
1782558660000,1.31894,1.31894,1.31894,1.31894
1782558720000,1.31894,1.31894,1.31894,1.31894
1782558780000,1.31894,1.31894,1.31894,1.31894
1782558840000,1.31894,1.31894,1.31894,1.31894
1782558900000,1.31894,1.31894,1.31894,1.31894
1782558960000,1.31894,1.31894,1.31894,1.31894
1782559020000,1.31894,1.31894,1.31894,1.31894
1782559080000,1.31894,1.31894,1.31894,1.31894
1782559140000,1.31894,1.31894,1.31894,1.31894
1782559200000,1.31894,1.31894,1.31894,1.31894
1782559260000,1.31894,1.31894,1.31894,1.31894
1782559320000,1.31894,1.31894,1.31894,1.31894
1782559380000,1.31894,1.31894,1.31894,1.31894
1782559440000,1.31894,1.31894,1.31894,1.31894
1782559500000,1.31894,1.31894,1.31894,1.31894
1782559560000,1.31894,1.31894,1.31894,1.31894
1782559620000,1.31894,1.31894,1.31894,1.31894
1782559680000,1.31894,1.31894,1.31894,1.31894
1782559740000,1.31894,1.31894,1.31894,1.31894
1782559800000,1.31894,1.31894,1.31894,1.31894
1782559860000,1.31894,1.31894,1.31894,1.31894
1782559920000,1.31894,1.31894,1.31894,1.31894
1782559980000,1.31894,1.31894,1.31894,1.31894
1782560040000,1.31894,1.31894,1.31894,1.31894
1782560100000,1.31894,1.31894,1.31894,1.31894
1782560160000,1.31894,1.31894,1.31894,1.31894
1782560220000,1.31894,1.31894,1.31894,1.31894
1782560280000,1.31894,1.31894,1.31894,1.31894
1782560340000,1.31894,1.31894,1.31894,1.31894
1782560400000,1.31894,1.31894,1.31894,1.31894
1782560460000,1.31894,1.31894,1.31894,1.31894
1782560520000,1.31894,1.31894,1.31894,1.31894
1782560580000,1.31894,1.31894,1.31894,1.31894
1782560640000,1.31894,1.31894,1.31894,1.31894
1782560700000,1.31894,1.31894,1.31894,1.31894
1782560760000,1.31894,1.31894,1.31894,1.31894
1782560820000,1.31894,1.31894,1.31894,1.31894
1782560880000,1.31894,1.31894,1.31894,1.31894
1782560940000,1.31894,1.31894,1.31894,1.31894
1782561000000,1.31894,1.31894,1.31894,1.31894
1782561060000,1.31894,1.31894,1.31894,1.31894
1782561120000,1.31894,1.31894,1.31894,1.31894
1782561180000,1.31894,1.31894,1.31894,1.31894
1782561240000,1.31894,1.31894,1.31894,1.31894
1782561300000,1.31894,1.31894,1.31894,1.31894
1782561360000,1.31894,1.31894,1.31894,1.31894
1782561420000,1.31894,1.31894,1.31894,1.31894
1782561480000,1.31894,1.31894,1.31894,1.31894
1782561540000,1.31894,1.31894,1.31894,1.31894
1782561600000,1.31894,1.31894,1.31894,1.31894
1782561660000,1.31894,1.31894,1.31894,1.31894
1782561720000,1.31894,1.31894,1.31894,1.31894
1782561780000,1.31894,1.31894,1.31894,1.31894
1782561840000,1.31894,1.31894,1.31894,1.31894
1782561900000,1.31894,1.31894,1.31894,1.31894
1782561960000,1.31894,1.31894,1.31894,1.31894
1782562020000,1.31894,1.31894,1.31894,1.31894
1782562080000,1.31894,1.31894,1.31894,1.31894
1782562140000,1.31894,1.31894,1.31894,1.31894
1782562200000,1.31894,1.31894,1.31894,1.31894
1782562260000,1.31894,1.31894,1.31894,1.31894
1782562320000,1.31894,1.31894,1.31894,1.31894
1782562380000,1.31894,1.31894,1.31894,1.31894
1782562440000,1.31894,1.31894,1.31894,1.31894
1782562500000,1.31894,1.31894,1.31894,1.31894
1782562560000,1.31894,1.31894,1.31894,1.31894
1782562620000,1.31894,1.31894,1.31894,1.31894
1782562680000,1.31894,1.31894,1.31894,1.31894
1782562740000,1.31894,1.31894,1.31894,1.31894
1782562800000,1.31894,1.31894,1.31894,1.31894
1782562860000,1.31894,1.31894,1.31894,1.31894
1782562920000,1.31894,1.31894,1.31894,1.31894
1782562980000,1.31894,1.31894,1.31894,1.31894
1782563040000,1.31894,1.31894,1.31894,1.31894
1782563100000,1.31894,1.31894,1.31894,1.31894
1782563160000,1.31894,1.31894,1.31894,1.31894
1782563220000,1.31894,1.31894,1.31894,1.31894
1782563280000,1.31894,1.31894,1.31894,1.31894
1782563340000,1.31894,1.31894,1.31894,1.31894
1782563400000,1.31894,1.31894,1.31894,1.31894
1782563460000,1.31894,1.31894,1.31894,1.31894
1782563520000,1.31894,1.31894,1.31894,1.31894
1782563580000,1.31894,1.31894,1.31894,1.31894
1782563640000,1.31894,1.31894,1.31894,1.31894
1782563700000,1.31894,1.31894,1.31894,1.31894
1782563760000,1.31894,1.31894,1.31894,1.31894
1782563820000,1.31894,1.31894,1.31894,1.31894
1782563880000,1.31894,1.31894,1.31894,1.31894
1782563940000,1.31894,1.31894,1.31894,1.31894
1782564000000,1.31894,1.31894,1.31894,1.31894
1782564060000,1.31894,1.31894,1.31894,1.31894
1782564120000,1.31894,1.31894,1.31894,1.31894
1782564180000,1.31894,1.31894,1.31894,1.31894
1782564240000,1.31894,1.31894,1.31894,1.31894
1782564300000,1.31894,1.31894,1.31894,1.31894
1782564360000,1.31894,1.31894,1.31894,1.31894
1782564420000,1.31894,1.31894,1.31894,1.31894
1782564480000,1.31894,1.31894,1.31894,1.31894
1782564540000,1.31894,1.31894,1.31894,1.31894
1782564600000,1.31894,1.31894,1.31894,1.31894
1782564660000,1.31894,1.31894,1.31894,1.31894
1782564720000,1.31894,1.31894,1.31894,1.31894
1782564780000,1.31894,1.31894,1.31894,1.31894
1782564840000,1.31894,1.31894,1.31894,1.31894
1782564900000,1.31894,1.31894,1.31894,1.31894
1782564960000,1.31894,1.31894,1.31894,1.31894
1782565020000,1.31894,1.31894,1.31894,1.31894
1782565080000,1.31894,1.31894,1.31894,1.31894
1782565140000,1.31894,1.31894,1.31894,1.31894
1782565200000,1.31894,1.31894,1.31894,1.31894
1782565260000,1.31894,1.31894,1.31894,1.31894
1782565320000,1.31894,1.31894,1.31894,1.31894
1782565380000,1.31894,1.31894,1.31894,1.31894
1782565440000,1.31894,1.31894,1.31894,1.31894
1782565500000,1.31894,1.31894,1.31894,1.31894
1782565560000,1.31894,1.31894,1.31894,1.31894
1782565620000,1.31894,1.31894,1.31894,1.31894
1782565680000,1.31894,1.31894,1.31894,1.31894
1782565740000,1.31894,1.31894,1.31894,1.31894
1782565800000,1.31894,1.31894,1.31894,1.31894
1782565860000,1.31894,1.31894,1.31894,1.31894
1782565920000,1.31894,1.31894,1.31894,1.31894
1782565980000,1.31894,1.31894,1.31894,1.31894
1782566040000,1.31894,1.31894,1.31894,1.31894
1782566100000,1.31894,1.31894,1.31894,1.31894
1782566160000,1.31894,1.31894,1.31894,1.31894
1782566220000,1.31894,1.31894,1.31894,1.31894
1782566280000,1.31894,1.31894,1.31894,1.31894
1782566340000,1.31894,1.31894,1.31894,1.31894
1782566400000,1.31894,1.31894,1.31894,1.31894
1782566460000,1.31894,1.31894,1.31894,1.31894
1782566520000,1.31894,1.31894,1.31894,1.31894
1782566580000,1.31894,1.31894,1.31894,1.31894
1782566640000,1.31894,1.31894,1.31894,1.31894
1782566700000,1.31894,1.31894,1.31894,1.31894
1782566760000,1.31894,1.31894,1.31894,1.31894
1782566820000,1.31894,1.31894,1.31894,1.31894
1782566880000,1.31894,1.31894,1.31894,1.31894
1782566940000,1.31894,1.31894,1.31894,1.31894
1782567000000,1.31894,1.31894,1.31894,1.31894
1782567060000,1.31894,1.31894,1.31894,1.31894
1782567120000,1.31894,1.31894,1.31894,1.31894
1782567180000,1.31894,1.31894,1.31894,1.31894
1782567240000,1.31894,1.31894,1.31894,1.31894
1782567300000,1.31894,1.31894,1.31894,1.31894
1782567360000,1.31894,1.31894,1.31894,1.31894
1782567420000,1.31894,1.31894,1.31894,1.31894
1782567480000,1.31894,1.31894,1.31894,1.31894
1782567540000,1.31894,1.31894,1.31894,1.31894
1782567600000,1.31894,1.31894,1.31894,1.31894
1782567660000,1.31894,1.31894,1.31894,1.31894
1782567720000,1.31894,1.31894,1.31894,1.31894
1782567780000,1.31894,1.31894,1.31894,1.31894
1782567840000,1.31894,1.31894,1.31894,1.31894
1782567900000,1.31894,1.31894,1.31894,1.31894
1782567960000,1.31894,1.31894,1.31894,1.31894
1782568020000,1.31894,1.31894,1.31894,1.31894
1782568080000,1.31894,1.31894,1.31894,1.31894
1782568140000,1.31894,1.31894,1.31894,1.31894
1782568200000,1.31894,1.31894,1.31894,1.31894
1782568260000,1.31894,1.31894,1.31894,1.31894
1782568320000,1.31894,1.31894,1.31894,1.31894
1782568380000,1.31894,1.31894,1.31894,1.31894
1782568440000,1.31894,1.31894,1.31894,1.31894
1782568500000,1.31894,1.31894,1.31894,1.31894
1782568560000,1.31894,1.31894,1.31894,1.31894
1782568620000,1.31894,1.31894,1.31894,1.31894
1782568680000,1.31894,1.31894,1.31894,1.31894
1782568740000,1.31894,1.31894,1.31894,1.31894
1782568800000,1.31894,1.31894,1.31894,1.31894
1782568860000,1.31894,1.31894,1.31894,1.31894
1782568920000,1.31894,1.31894,1.31894,1.31894
1782568980000,1.31894,1.31894,1.31894,1.31894
1782569040000,1.31894,1.31894,1.31894,1.31894
1782569100000,1.31894,1.31894,1.31894,1.31894
1782569160000,1.31894,1.31894,1.31894,1.31894
1782569220000,1.31894,1.31894,1.31894,1.31894
1782569280000,1.31894,1.31894,1.31894,1.31894
1782569340000,1.31894,1.31894,1.31894,1.31894
1782569400000,1.31894,1.31894,1.31894,1.31894
1782569460000,1.31894,1.31894,1.31894,1.31894
1782569520000,1.31894,1.31894,1.31894,1.31894
1782569580000,1.31894,1.31894,1.31894,1.31894
1782569640000,1.31894,1.31894,1.31894,1.31894
1782569700000,1.31894,1.31894,1.31894,1.31894
1782569760000,1.31894,1.31894,1.31894,1.31894
1782569820000,1.31894,1.31894,1.31894,1.31894
1782569880000,1.31894,1.31894,1.31894,1.31894
1782569940000,1.31894,1.31894,1.31894,1.31894
1782570000000,1.31894,1.31894,1.31894,1.31894
1782570060000,1.31894,1.31894,1.31894,1.31894
1782570120000,1.31894,1.31894,1.31894,1.31894
1782570180000,1.31894,1.31894,1.31894,1.31894
1782570240000,1.31894,1.31894,1.31894,1.31894
1782570300000,1.31894,1.31894,1.31894,1.31894
1782570360000,1.31894,1.31894,1.31894,1.31894
1782570420000,1.31894,1.31894,1.31894,1.31894
1782570480000,1.31894,1.31894,1.31894,1.31894
1782570540000,1.31894,1.31894,1.31894,1.31894
1782570600000,1.31894,1.31894,1.31894,1.31894
1782570660000,1.31894,1.31894,1.31894,1.31894
1782570720000,1.31894,1.31894,1.31894,1.31894
1782570780000,1.31894,1.31894,1.31894,1.31894
1782570840000,1.31894,1.31894,1.31894,1.31894
1782570900000,1.31894,1.31894,1.31894,1.31894
1782570960000,1.31894,1.31894,1.31894,1.31894
1782571020000,1.31894,1.31894,1.31894,1.31894
1782571080000,1.31894,1.31894,1.31894,1.31894
1782571140000,1.31894,1.31894,1.31894,1.31894
1782571200000,1.31894,1.31894,1.31894,1.31894
1782571260000,1.31894,1.31894,1.31894,1.31894
1782571320000,1.31894,1.31894,1.31894,1.31894
1782571380000,1.31894,1.31894,1.31894,1.31894
1782571440000,1.31894,1.31894,1.31894,1.31894
1782571500000,1.31894,1.31894,1.31894,1.31894
1782571560000,1.31894,1.31894,1.31894,1.31894
1782571620000,1.31894,1.31894,1.31894,1.31894
1782571680000,1.31894,1.31894,1.31894,1.31894
1782571740000,1.31894,1.31894,1.31894,1.31894
1782571800000,1.31894,1.31894,1.31894,1.31894
1782571860000,1.31894,1.31894,1.31894,1.31894
1782571920000,1.31894,1.31894,1.31894,1.31894
1782571980000,1.31894,1.31894,1.31894,1.31894
1782572040000,1.31894,1.31894,1.31894,1.31894
1782572100000,1.31894,1.31894,1.31894,1.31894
1782572160000,1.31894,1.31894,1.31894,1.31894
1782572220000,1.31894,1.31894,1.31894,1.31894
1782572280000,1.31894,1.31894,1.31894,1.31894
1782572340000,1.31894,1.31894,1.31894,1.31894
1782572400000,1.31894,1.31894,1.31894,1.31894
1782572460000,1.31894,1.31894,1.31894,1.31894
1782572520000,1.31894,1.31894,1.31894,1.31894
1782572580000,1.31894,1.31894,1.31894,1.31894
1782572640000,1.31894,1.31894,1.31894,1.31894
1782572700000,1.31894,1.31894,1.31894,1.31894
1782572760000,1.31894,1.31894,1.31894,1.31894
1782572820000,1.31894,1.31894,1.31894,1.31894
1782572880000,1.31894,1.31894,1.31894,1.31894
1782572940000,1.31894,1.31894,1.31894,1.31894
1782573000000,1.31894,1.31894,1.31894,1.31894
1782573060000,1.31894,1.31894,1.31894,1.31894
1782573120000,1.31894,1.31894,1.31894,1.31894
1782573180000,1.31894,1.31894,1.31894,1.31894
1782573240000,1.31894,1.31894,1.31894,1.31894
1782573300000,1.31894,1.31894,1.31894,1.31894
1782573360000,1.31894,1.31894,1.31894,1.31894
1782573420000,1.31894,1.31894,1.31894,1.31894
1782573480000,1.31894,1.31894,1.31894,1.31894
1782573540000,1.31894,1.31894,1.31894,1.31894
1782573600000,1.31894,1.31894,1.31894,1.31894
1782573660000,1.31894,1.31894,1.31894,1.31894
1782573720000,1.31894,1.31894,1.31894,1.31894
1782573780000,1.31894,1.31894,1.31894,1.31894
1782573840000,1.31894,1.31894,1.31894,1.31894
1782573900000,1.31894,1.31894,1.31894,1.31894
1782573960000,1.31894,1.31894,1.31894,1.31894
1782574020000,1.31894,1.31894,1.31894,1.31894
1782574080000,1.31894,1.31894,1.31894,1.31894
1782574140000,1.31894,1.31894,1.31894,1.31894
1782574200000,1.31894,1.31894,1.31894,1.31894
1782574260000,1.31894,1.31894,1.31894,1.31894
1782574320000,1.31894,1.31894,1.31894,1.31894
1782574380000,1.31894,1.31894,1.31894,1.31894
1782574440000,1.31894,1.31894,1.31894,1.31894
1782574500000,1.31894,1.31894,1.31894,1.31894
1782574560000,1.31894,1.31894,1.31894,1.31894
1782574620000,1.31894,1.31894,1.31894,1.31894
1782574680000,1.31894,1.31894,1.31894,1.31894
1782574740000,1.31894,1.31894,1.31894,1.31894
1782574800000,1.31894,1.31894,1.31894,1.31894
1782574860000,1.31894,1.31894,1.31894,1.31894
1782574920000,1.31894,1.31894,1.31894,1.31894
1782574980000,1.31894,1.31894,1.31894,1.31894
1782575040000,1.31894,1.31894,1.31894,1.31894
1782575100000,1.31894,1.31894,1.31894,1.31894
1782575160000,1.31894,1.31894,1.31894,1.31894
1782575220000,1.31894,1.31894,1.31894,1.31894
1782575280000,1.31894,1.31894,1.31894,1.31894
1782575340000,1.31894,1.31894,1.31894,1.31894
1782575400000,1.31894,1.31894,1.31894,1.31894
1782575460000,1.31894,1.31894,1.31894,1.31894
1782575520000,1.31894,1.31894,1.31894,1.31894
1782575580000,1.31894,1.31894,1.31894,1.31894
1782575640000,1.31894,1.31894,1.31894,1.31894
1782575700000,1.31894,1.31894,1.31894,1.31894
1782575760000,1.31894,1.31894,1.31894,1.31894
1782575820000,1.31894,1.31894,1.31894,1.31894
1782575880000,1.31894,1.31894,1.31894,1.31894
1782575940000,1.31894,1.31894,1.31894,1.31894
1782576000000,1.31894,1.31894,1.31894,1.31894
1782576060000,1.31894,1.31894,1.31894,1.31894
1782576120000,1.31894,1.31894,1.31894,1.31894
1782576180000,1.31894,1.31894,1.31894,1.31894
1782576240000,1.31894,1.31894,1.31894,1.31894
1782576300000,1.31894,1.31894,1.31894,1.31894
1782576360000,1.31894,1.31894,1.31894,1.31894
1782576420000,1.31894,1.31894,1.31894,1.31894
1782576480000,1.31894,1.31894,1.31894,1.31894
1782576540000,1.31894,1.31894,1.31894,1.31894
1782576600000,1.31894,1.31894,1.31894,1.31894
1782576660000,1.31894,1.31894,1.31894,1.31894
1782576720000,1.31894,1.31894,1.31894,1.31894
1782576780000,1.31894,1.31894,1.31894,1.31894
1782576840000,1.31894,1.31894,1.31894,1.31894
1782576900000,1.31894,1.31894,1.31894,1.31894
1782576960000,1.31894,1.31894,1.31894,1.31894
1782577020000,1.31894,1.31894,1.31894,1.31894
1782577080000,1.31894,1.31894,1.31894,1.31894
1782577140000,1.31894,1.31894,1.31894,1.31894
1782577200000,1.31894,1.31894,1.31894,1.31894
1782577260000,1.31894,1.31894,1.31894,1.31894
1782577320000,1.31894,1.31894,1.31894,1.31894
1782577380000,1.31894,1.31894,1.31894,1.31894
1782577440000,1.31894,1.31894,1.31894,1.31894
1782577500000,1.31894,1.31894,1.31894,1.31894
1782577560000,1.31894,1.31894,1.31894,1.31894
1782577620000,1.31894,1.31894,1.31894,1.31894
1782577680000,1.31894,1.31894,1.31894,1.31894
1782577740000,1.31894,1.31894,1.31894,1.31894
1782577800000,1.31894,1.31894,1.31894,1.31894
1782577860000,1.31894,1.31894,1.31894,1.31894
1782577920000,1.31894,1.31894,1.31894,1.31894
1782577980000,1.31894,1.31894,1.31894,1.31894
1782578040000,1.31894,1.31894,1.31894,1.31894
1782578100000,1.31894,1.31894,1.31894,1.31894
1782578160000,1.31894,1.31894,1.31894,1.31894
1782578220000,1.31894,1.31894,1.31894,1.31894
1782578280000,1.31894,1.31894,1.31894,1.31894
1782578340000,1.31894,1.31894,1.31894,1.31894
1782578400000,1.31894,1.31894,1.31894,1.31894
1782578460000,1.31894,1.31894,1.31894,1.31894
1782578520000,1.31894,1.31894,1.31894,1.31894
1782578580000,1.31894,1.31894,1.31894,1.31894
1782578640000,1.31894,1.31894,1.31894,1.31894
1782578700000,1.31894,1.31894,1.31894,1.31894
1782578760000,1.31894,1.31894,1.31894,1.31894
1782578820000,1.31894,1.31894,1.31894,1.31894
1782578880000,1.31894,1.31894,1.31894,1.31894
1782578940000,1.31894,1.31894,1.31894,1.31894
1782579000000,1.31894,1.31894,1.31894,1.31894
1782579060000,1.31894,1.31894,1.31894,1.31894
1782579120000,1.31894,1.31894,1.31894,1.31894
1782579180000,1.31894,1.31894,1.31894,1.31894
1782579240000,1.31894,1.31894,1.31894,1.31894
1782579300000,1.31894,1.31894,1.31894,1.31894
1782579360000,1.31894,1.31894,1.31894,1.31894
1782579420000,1.31894,1.31894,1.31894,1.31894
1782579480000,1.31894,1.31894,1.31894,1.31894
1782579540000,1.31894,1.31894,1.31894,1.31894
1782579600000,1.31894,1.31894,1.31894,1.31894
1782579660000,1.31894,1.31894,1.31894,1.31894
1782579720000,1.31894,1.31894,1.31894,1.31894
1782579780000,1.31894,1.31894,1.31894,1.31894
1782579840000,1.31894,1.31894,1.31894,1.31894
1782579900000,1.31894,1.31894,1.31894,1.31894
1782579960000,1.31894,1.31894,1.31894,1.31894
1782580020000,1.31894,1.31894,1.31894,1.31894
1782580080000,1.31894,1.31894,1.31894,1.31894
1782580140000,1.31894,1.31894,1.31894,1.31894
1782580200000,1.31894,1.31894,1.31894,1.31894
1782580260000,1.31894,1.31894,1.31894,1.31894
1782580320000,1.31894,1.31894,1.31894,1.31894
1782580380000,1.31894,1.31894,1.31894,1.31894
1782580440000,1.31894,1.31894,1.31894,1.31894
1782580500000,1.31894,1.31894,1.31894,1.31894
1782580560000,1.31894,1.31894,1.31894,1.31894
1782580620000,1.31894,1.31894,1.31894,1.31894
1782580680000,1.31894,1.31894,1.31894,1.31894
1782580740000,1.31894,1.31894,1.31894,1.31894
1782580800000,1.31894,1.31894,1.31894,1.31894
1782580860000,1.31894,1.31894,1.31894,1.31894
1782580920000,1.31894,1.31894,1.31894,1.31894
1782580980000,1.31894,1.31894,1.31894,1.31894
1782581040000,1.31894,1.31894,1.31894,1.31894
1782581100000,1.31894,1.31894,1.31894,1.31894
1782581160000,1.31894,1.31894,1.31894,1.31894
1782581220000,1.31894,1.31894,1.31894,1.31894
1782581280000,1.31894,1.31894,1.31894,1.31894
1782581340000,1.31894,1.31894,1.31894,1.31894
1782581400000,1.31894,1.31894,1.31894,1.31894
1782581460000,1.31894,1.31894,1.31894,1.31894
1782581520000,1.31894,1.31894,1.31894,1.31894
1782581580000,1.31894,1.31894,1.31894,1.31894
1782581640000,1.31894,1.31894,1.31894,1.31894
1782581700000,1.31894,1.31894,1.31894,1.31894
1782581760000,1.31894,1.31894,1.31894,1.31894
1782581820000,1.31894,1.31894,1.31894,1.31894
1782581880000,1.31894,1.31894,1.31894,1.31894
1782581940000,1.31894,1.31894,1.31894,1.31894
1782582000000,1.31894,1.31894,1.31894,1.31894
1782582060000,1.31894,1.31894,1.31894,1.31894
1782582120000,1.31894,1.31894,1.31894,1.31894
1782582180000,1.31894,1.31894,1.31894,1.31894
1782582240000,1.31894,1.31894,1.31894,1.31894
1782582300000,1.31894,1.31894,1.31894,1.31894
1782582360000,1.31894,1.31894,1.31894,1.31894
1782582420000,1.31894,1.31894,1.31894,1.31894
1782582480000,1.31894,1.31894,1.31894,1.31894
1782582540000,1.31894,1.31894,1.31894,1.31894
1782582600000,1.31894,1.31894,1.31894,1.31894
1782582660000,1.31894,1.31894,1.31894,1.31894
1782582720000,1.31894,1.31894,1.31894,1.31894
1782582780000,1.31894,1.31894,1.31894,1.31894
1782582840000,1.31894,1.31894,1.31894,1.31894
1782582900000,1.31894,1.31894,1.31894,1.31894
1782582960000,1.31894,1.31894,1.31894,1.31894
1782583020000,1.31894,1.31894,1.31894,1.31894
1782583080000,1.31894,1.31894,1.31894,1.31894
1782583140000,1.31894,1.31894,1.31894,1.31894
1782583200000,1.31894,1.31894,1.31894,1.31894
1782583260000,1.31894,1.31894,1.31894,1.31894
1782583320000,1.31894,1.31894,1.31894,1.31894
1782583380000,1.31894,1.31894,1.31894,1.31894
1782583440000,1.31894,1.31894,1.31894,1.31894
1782583500000,1.31894,1.31894,1.31894,1.31894
1782583560000,1.31894,1.31894,1.31894,1.31894
1782583620000,1.31894,1.31894,1.31894,1.31894
1782583680000,1.31894,1.31894,1.31894,1.31894
1782583740000,1.31894,1.31894,1.31894,1.31894
1782583800000,1.31894,1.31894,1.31894,1.31894
1782583860000,1.31894,1.31894,1.31894,1.31894
1782583920000,1.31894,1.31894,1.31894,1.31894
1782583980000,1.31894,1.31894,1.31894,1.31894
1782584040000,1.31894,1.31894,1.31894,1.31894
1782584100000,1.31894,1.31894,1.31894,1.31894
1782584160000,1.31894,1.31894,1.31894,1.31894
1782584220000,1.31894,1.31894,1.31894,1.31894
1782584280000,1.31894,1.31894,1.31894,1.31894
1782584340000,1.31894,1.31894,1.31894,1.31894
1782584400000,1.31894,1.31894,1.31894,1.31894
1782584460000,1.31894,1.31894,1.31894,1.31894
1782584520000,1.31894,1.31894,1.31894,1.31894
1782584580000,1.31894,1.31894,1.31894,1.31894
1782584640000,1.31894,1.31894,1.31894,1.31894
1782584700000,1.31894,1.31894,1.31894,1.31894
1782584760000,1.31894,1.31894,1.31894,1.31894
1782584820000,1.31894,1.31894,1.31894,1.31894
1782584880000,1.31894,1.31894,1.31894,1.31894
1782584940000,1.31894,1.31894,1.31894,1.31894
1782585000000,1.31894,1.31894,1.31894,1.31894
1782585060000,1.31894,1.31894,1.31894,1.31894
1782585120000,1.31894,1.31894,1.31894,1.31894
1782585180000,1.31894,1.31894,1.31894,1.31894
1782585240000,1.31894,1.31894,1.31894,1.31894
1782585300000,1.31894,1.31894,1.31894,1.31894
1782585360000,1.31894,1.31894,1.31894,1.31894
1782585420000,1.31894,1.31894,1.31894,1.31894
1782585480000,1.31894,1.31894,1.31894,1.31894
1782585540000,1.31894,1.31894,1.31894,1.31894
1782585600000,1.31894,1.31894,1.31894,1.31894
1782585660000,1.31894,1.31894,1.31894,1.31894
1782585720000,1.31894,1.31894,1.31894,1.31894
1782585780000,1.31894,1.31894,1.31894,1.31894
1782585840000,1.31894,1.31894,1.31894,1.31894
1782585900000,1.31894,1.31894,1.31894,1.31894
1782585960000,1.31894,1.31894,1.31894,1.31894
1782586020000,1.31894,1.31894,1.31894,1.31894
1782586080000,1.31894,1.31894,1.31894,1.31894
1782586140000,1.31894,1.31894,1.31894,1.31894
1782586200000,1.31894,1.31894,1.31894,1.31894
1782586260000,1.31894,1.31894,1.31894,1.31894
1782586320000,1.31894,1.31894,1.31894,1.31894
1782586380000,1.31894,1.31894,1.31894,1.31894
1782586440000,1.31894,1.31894,1.31894,1.31894
1782586500000,1.31894,1.31894,1.31894,1.31894
1782586560000,1.31894,1.31894,1.31894,1.31894
1782586620000,1.31894,1.31894,1.31894,1.31894
1782586680000,1.31894,1.31894,1.31894,1.31894
1782586740000,1.31894,1.31894,1.31894,1.31894
1782586800000,1.31894,1.31894,1.31894,1.31894
1782586860000,1.31894,1.31894,1.31894,1.31894
1782586920000,1.31894,1.31894,1.31894,1.31894
1782586980000,1.31894,1.31894,1.31894,1.31894
1782587040000,1.31894,1.31894,1.31894,1.31894
1782587100000,1.31894,1.31894,1.31894,1.31894
1782587160000,1.31894,1.31894,1.31894,1.31894
1782587220000,1.31894,1.31894,1.31894,1.31894
1782587280000,1.31894,1.31894,1.31894,1.31894
1782587340000,1.31894,1.31894,1.31894,1.31894
1782587400000,1.31894,1.31894,1.31894,1.31894
1782587460000,1.31894,1.31894,1.31894,1.31894
1782587520000,1.31894,1.31894,1.31894,1.31894
1782587580000,1.31894,1.31894,1.31894,1.31894
1782587640000,1.31894,1.31894,1.31894,1.31894
1782587700000,1.31894,1.31894,1.31894,1.31894
1782587760000,1.31894,1.31894,1.31894,1.31894
1782587820000,1.31894,1.31894,1.31894,1.31894
1782587880000,1.31894,1.31894,1.31894,1.31894
1782587940000,1.31894,1.31894,1.31894,1.31894
1782588000000,1.31894,1.31894,1.31894,1.31894
1782588060000,1.31894,1.31894,1.31894,1.31894
1782588120000,1.31894,1.31894,1.31894,1.31894
1782588180000,1.31894,1.31894,1.31894,1.31894
1782588240000,1.31894,1.31894,1.31894,1.31894
1782588300000,1.31894,1.31894,1.31894,1.31894
1782588360000,1.31894,1.31894,1.31894,1.31894
1782588420000,1.31894,1.31894,1.31894,1.31894
1782588480000,1.31894,1.31894,1.31894,1.31894
1782588540000,1.31894,1.31894,1.31894,1.31894
1782588600000,1.31894,1.31894,1.31894,1.31894
1782588660000,1.31894,1.31894,1.31894,1.31894
1782588720000,1.31894,1.31894,1.31894,1.31894
1782588780000,1.31894,1.31894,1.31894,1.31894
1782588840000,1.31894,1.31894,1.31894,1.31894
1782588900000,1.31894,1.31894,1.31894,1.31894
1782588960000,1.31894,1.31894,1.31894,1.31894
1782589020000,1.31894,1.31894,1.31894,1.31894
1782589080000,1.31894,1.31894,1.31894,1.31894
1782589140000,1.31894,1.31894,1.31894,1.31894
1782589200000,1.31894,1.31894,1.31894,1.31894
1782589260000,1.31894,1.31894,1.31894,1.31894
1782589320000,1.31894,1.31894,1.31894,1.31894
1782589380000,1.31894,1.31894,1.31894,1.31894
1782589440000,1.31894,1.31894,1.31894,1.31894
1782589500000,1.31894,1.31894,1.31894,1.31894
1782589560000,1.31894,1.31894,1.31894,1.31894
1782589620000,1.31894,1.31894,1.31894,1.31894
1782589680000,1.31894,1.31894,1.31894,1.31894
1782589740000,1.31894,1.31894,1.31894,1.31894
1782589800000,1.31894,1.31894,1.31894,1.31894
1782589860000,1.31894,1.31894,1.31894,1.31894
1782589920000,1.31894,1.31894,1.31894,1.31894
1782589980000,1.31894,1.31894,1.31894,1.31894
1782590040000,1.31894,1.31894,1.31894,1.31894
1782590100000,1.31894,1.31894,1.31894,1.31894
1782590160000,1.31894,1.31894,1.31894,1.31894
1782590220000,1.31894,1.31894,1.31894,1.31894
1782590280000,1.31894,1.31894,1.31894,1.31894
1782590340000,1.31894,1.31894,1.31894,1.31894
1782590400000,1.31894,1.31894,1.31894,1.31894
1782590460000,1.31894,1.31894,1.31894,1.31894
1782590520000,1.31894,1.31894,1.31894,1.31894
1782590580000,1.31894,1.31894,1.31894,1.31894
1782590640000,1.31894,1.31894,1.31894,1.31894
1782590700000,1.31894,1.31894,1.31894,1.31894
1782590760000,1.31894,1.31894,1.31894,1.31894
1782590820000,1.31894,1.31894,1.31894,1.31894
1782590880000,1.31894,1.31894,1.31894,1.31894
1782590940000,1.31894,1.31894,1.31894,1.31894
1782591000000,1.31894,1.31894,1.31894,1.31894
1782591060000,1.31894,1.31894,1.31894,1.31894
1782591120000,1.31894,1.31894,1.31894,1.31894
1782591180000,1.31894,1.31894,1.31894,1.31894
1782591240000,1.31894,1.31894,1.31894,1.31894
1782591300000,1.31894,1.31894,1.31894,1.31894
1782591360000,1.31894,1.31894,1.31894,1.31894
1782591420000,1.31894,1.31894,1.31894,1.31894
1782591480000,1.31894,1.31894,1.31894,1.31894
1782591540000,1.31894,1.31894,1.31894,1.31894
1782591600000,1.31894,1.31894,1.31894,1.31894
1782591660000,1.31894,1.31894,1.31894,1.31894
1782591720000,1.31894,1.31894,1.31894,1.31894
1782591780000,1.31894,1.31894,1.31894,1.31894
1782591840000,1.31894,1.31894,1.31894,1.31894
1782591900000,1.31894,1.31894,1.31894,1.31894
1782591960000,1.31894,1.31894,1.31894,1.31894
1782592020000,1.31894,1.31894,1.31894,1.31894
1782592080000,1.31894,1.31894,1.31894,1.31894
1782592140000,1.31894,1.31894,1.31894,1.31894
1782592200000,1.31894,1.31894,1.31894,1.31894
1782592260000,1.31894,1.31894,1.31894,1.31894
1782592320000,1.31894,1.31894,1.31894,1.31894
1782592380000,1.31894,1.31894,1.31894,1.31894
1782592440000,1.31894,1.31894,1.31894,1.31894
1782592500000,1.31894,1.31894,1.31894,1.31894
1782592560000,1.31894,1.31894,1.31894,1.31894
1782592620000,1.31894,1.31894,1.31894,1.31894
1782592680000,1.31894,1.31894,1.31894,1.31894
1782592740000,1.31894,1.31894,1.31894,1.31894
1782592800000,1.31894,1.31894,1.31894,1.31894
1782592860000,1.31894,1.31894,1.31894,1.31894
1782592920000,1.31894,1.31894,1.31894,1.31894
1782592980000,1.31894,1.31894,1.31894,1.31894
1782593040000,1.31894,1.31894,1.31894,1.31894
1782593100000,1.31894,1.31894,1.31894,1.31894
1782593160000,1.31894,1.31894,1.31894,1.31894
1782593220000,1.31894,1.31894,1.31894,1.31894
1782593280000,1.31894,1.31894,1.31894,1.31894
1782593340000,1.31894,1.31894,1.31894,1.31894
1782593400000,1.31894,1.31894,1.31894,1.31894
1782593460000,1.31894,1.31894,1.31894,1.31894
1782593520000,1.31894,1.31894,1.31894,1.31894
1782593580000,1.31894,1.31894,1.31894,1.31894
1782593640000,1.31894,1.31894,1.31894,1.31894
1782593700000,1.31894,1.31894,1.31894,1.31894
1782593760000,1.31894,1.31894,1.31894,1.31894
1782593820000,1.31894,1.31894,1.31894,1.31894
1782593880000,1.31894,1.31894,1.31894,1.31894
1782593940000,1.31894,1.31894,1.31894,1.31894
1782594000000,1.31894,1.31894,1.31894,1.31894
1782594060000,1.31894,1.31894,1.31894,1.31894
1782594120000,1.31894,1.31894,1.31894,1.31894
1782594180000,1.31894,1.31894,1.31894,1.31894
1782594240000,1.31894,1.31894,1.31894,1.31894
1782594300000,1.31894,1.31894,1.31894,1.31894
1782594360000,1.31894,1.31894,1.31894,1.31894
1782594420000,1.31894,1.31894,1.31894,1.31894
1782594480000,1.31894,1.31894,1.31894,1.31894
1782594540000,1.31894,1.31894,1.31894,1.31894
1782594600000,1.31894,1.31894,1.31894,1.31894
1782594660000,1.31894,1.31894,1.31894,1.31894
1782594720000,1.31894,1.31894,1.31894,1.31894
1782594780000,1.31894,1.31894,1.31894,1.31894
1782594840000,1.31894,1.31894,1.31894,1.31894
1782594900000,1.31894,1.31894,1.31894,1.31894
1782594960000,1.31894,1.31894,1.31894,1.31894
1782595020000,1.31894,1.31894,1.31894,1.31894
1782595080000,1.31894,1.31894,1.31894,1.31894
1782595140000,1.31894,1.31894,1.31894,1.31894
1782595200000,1.31894,1.31894,1.31894,1.31894
1782595260000,1.31894,1.31894,1.31894,1.31894
1782595320000,1.31894,1.31894,1.31894,1.31894
1782595380000,1.31894,1.31894,1.31894,1.31894
1782595440000,1.31894,1.31894,1.31894,1.31894
1782595500000,1.31894,1.31894,1.31894,1.31894
1782595560000,1.31894,1.31894,1.31894,1.31894
1782595620000,1.31894,1.31894,1.31894,1.31894
1782595680000,1.31894,1.31894,1.31894,1.31894
1782595740000,1.31894,1.31894,1.31894,1.31894
1782595800000,1.31894,1.31894,1.31894,1.31894
1782595860000,1.31894,1.31894,1.31894,1.31894
1782595920000,1.31894,1.31894,1.31894,1.31894
1782595980000,1.31894,1.31894,1.31894,1.31894
1782596040000,1.31894,1.31894,1.31894,1.31894
1782596100000,1.31894,1.31894,1.31894,1.31894
1782596160000,1.31894,1.31894,1.31894,1.31894
1782596220000,1.31894,1.31894,1.31894,1.31894
1782596280000,1.31894,1.31894,1.31894,1.31894
1782596340000,1.31894,1.31894,1.31894,1.31894
1782596400000,1.31894,1.31894,1.31894,1.31894
1782596460000,1.31894,1.31894,1.31894,1.31894
1782596520000,1.31894,1.31894,1.31894,1.31894
1782596580000,1.31894,1.31894,1.31894,1.31894
1782596640000,1.31894,1.31894,1.31894,1.31894
1782596700000,1.31894,1.31894,1.31894,1.31894
1782596760000,1.31894,1.31894,1.31894,1.31894
1782596820000,1.31894,1.31894,1.31894,1.31894
1782596880000,1.31894,1.31894,1.31894,1.31894
1782596940000,1.31894,1.31894,1.31894,1.31894
1782597000000,1.31894,1.31894,1.31894,1.31894
1782597060000,1.31894,1.31894,1.31894,1.31894
1782597120000,1.31894,1.31894,1.31894,1.31894
1782597180000,1.31894,1.31894,1.31894,1.31894
1782597240000,1.31894,1.31894,1.31894,1.31894
1782597300000,1.31894,1.31894,1.31894,1.31894
1782597360000,1.31894,1.31894,1.31894,1.31894
1782597420000,1.31894,1.31894,1.31894,1.31894
1782597480000,1.31894,1.31894,1.31894,1.31894
1782597540000,1.31894,1.31894,1.31894,1.31894
1782597600000,1.31894,1.31894,1.31894,1.31894
1782597660000,1.31894,1.31894,1.31894,1.31894
1782597720000,1.31894,1.31894,1.31894,1.31894
1782597780000,1.31894,1.31894,1.31894,1.31894
1782597840000,1.31894,1.31894,1.31894,1.31894
1782597900000,1.31894,1.31894,1.31894,1.31894
1782597960000,1.31894,1.31894,1.31894,1.31894
1782598020000,1.31894,1.31894,1.31894,1.31894
1782598080000,1.31894,1.31894,1.31894,1.31894
1782598140000,1.31894,1.31894,1.31894,1.31894
1782598200000,1.31894,1.31894,1.31894,1.31894
1782598260000,1.31894,1.31894,1.31894,1.31894
1782598320000,1.31894,1.31894,1.31894,1.31894
1782598380000,1.31894,1.31894,1.31894,1.31894
1782598440000,1.31894,1.31894,1.31894,1.31894
1782598500000,1.31894,1.31894,1.31894,1.31894
1782598560000,1.31894,1.31894,1.31894,1.31894
1782598620000,1.31894,1.31894,1.31894,1.31894
1782598680000,1.31894,1.31894,1.31894,1.31894
1782598740000,1.31894,1.31894,1.31894,1.31894
1782598800000,1.31894,1.31894,1.31894,1.31894
1782598860000,1.31894,1.31894,1.31894,1.31894
1782598920000,1.31894,1.31894,1.31894,1.31894
1782598980000,1.31894,1.31894,1.31894,1.31894
1782599040000,1.31894,1.31894,1.31894,1.31894
1782599100000,1.31894,1.31894,1.31894,1.31894
1782599160000,1.31894,1.31894,1.31894,1.31894
1782599220000,1.31894,1.31894,1.31894,1.31894
1782599280000,1.31894,1.31894,1.31894,1.31894
1782599340000,1.31894,1.31894,1.31894,1.31894
1782599400000,1.31894,1.31894,1.31894,1.31894
1782599460000,1.31894,1.31894,1.31894,1.31894
1782599520000,1.31894,1.31894,1.31894,1.31894
1782599580000,1.31894,1.31894,1.31894,1.31894
1782599640000,1.31894,1.31894,1.31894,1.31894
1782599700000,1.31894,1.31894,1.31894,1.31894
1782599760000,1.31894,1.31894,1.31894,1.31894
1782599820000,1.31894,1.31894,1.31894,1.31894
1782599880000,1.31894,1.31894,1.31894,1.31894
1782599940000,1.31894,1.31894,1.31894,1.31894
1782600000000,1.31894,1.31894,1.31894,1.31894
1782600060000,1.31894,1.31894,1.31894,1.31894
1782600120000,1.31894,1.31894,1.31894,1.31894
1782600180000,1.31894,1.31894,1.31894,1.31894
1782600240000,1.31894,1.31894,1.31894,1.31894
1782600300000,1.31894,1.31894,1.31894,1.31894
1782600360000,1.31894,1.31894,1.31894,1.31894
1782600420000,1.31894,1.31894,1.31894,1.31894
1782600480000,1.31894,1.31894,1.31894,1.31894
1782600540000,1.31894,1.31894,1.31894,1.31894
1782600600000,1.31894,1.31894,1.31894,1.31894
1782600660000,1.31894,1.31894,1.31894,1.31894
1782600720000,1.31894,1.31894,1.31894,1.31894
1782600780000,1.31894,1.31894,1.31894,1.31894
1782600840000,1.31894,1.31894,1.31894,1.31894
1782600900000,1.31894,1.31894,1.31894,1.31894
1782600960000,1.31894,1.31894,1.31894,1.31894
1782601020000,1.31894,1.31894,1.31894,1.31894
1782601080000,1.31894,1.31894,1.31894,1.31894
1782601140000,1.31894,1.31894,1.31894,1.31894
1782601200000,1.31894,1.31894,1.31894,1.31894
1782601260000,1.31894,1.31894,1.31894,1.31894
1782601320000,1.31894,1.31894,1.31894,1.31894
1782601380000,1.31894,1.31894,1.31894,1.31894
1782601440000,1.31894,1.31894,1.31894,1.31894
1782601500000,1.31894,1.31894,1.31894,1.31894
1782601560000,1.31894,1.31894,1.31894,1.31894
1782601620000,1.31894,1.31894,1.31894,1.31894
1782601680000,1.31894,1.31894,1.31894,1.31894
1782601740000,1.31894,1.31894,1.31894,1.31894
1782601800000,1.31894,1.31894,1.31894,1.31894
1782601860000,1.31894,1.31894,1.31894,1.31894
1782601920000,1.31894,1.31894,1.31894,1.31894
1782601980000,1.31894,1.31894,1.31894,1.31894
1782602040000,1.31894,1.31894,1.31894,1.31894
1782602100000,1.31894,1.31894,1.31894,1.31894
1782602160000,1.31894,1.31894,1.31894,1.31894
1782602220000,1.31894,1.31894,1.31894,1.31894
1782602280000,1.31894,1.31894,1.31894,1.31894
1782602340000,1.31894,1.31894,1.31894,1.31894
1782602400000,1.31894,1.31894,1.31894,1.31894
1782602460000,1.31894,1.31894,1.31894,1.31894
1782602520000,1.31894,1.31894,1.31894,1.31894
1782602580000,1.31894,1.31894,1.31894,1.31894
1782602640000,1.31894,1.31894,1.31894,1.31894
1782602700000,1.31894,1.31894,1.31894,1.31894
1782602760000,1.31894,1.31894,1.31894,1.31894
1782602820000,1.31894,1.31894,1.31894,1.31894
1782602880000,1.31894,1.31894,1.31894,1.31894
1782602940000,1.31894,1.31894,1.31894,1.31894
1782603000000,1.31894,1.31894,1.31894,1.31894
1782603060000,1.31894,1.31894,1.31894,1.31894
1782603120000,1.31894,1.31894,1.31894,1.31894
1782603180000,1.31894,1.31894,1.31894,1.31894
1782603240000,1.31894,1.31894,1.31894,1.31894
1782603300000,1.31894,1.31894,1.31894,1.31894
1782603360000,1.31894,1.31894,1.31894,1.31894
1782603420000,1.31894,1.31894,1.31894,1.31894
1782603480000,1.31894,1.31894,1.31894,1.31894
1782603540000,1.31894,1.31894,1.31894,1.31894
1782603600000,1.31894,1.31894,1.31894,1.31894
1782603660000,1.31894,1.31894,1.31894,1.31894
1782603720000,1.31894,1.31894,1.31894,1.31894
1782603780000,1.31894,1.31894,1.31894,1.31894
1782603840000,1.31894,1.31894,1.31894,1.31894
1782603900000,1.31894,1.31894,1.31894,1.31894
1782603960000,1.31894,1.31894,1.31894,1.31894
1782604020000,1.31894,1.31894,1.31894,1.31894
1782604080000,1.31894,1.31894,1.31894,1.31894
1782604140000,1.31894,1.31894,1.31894,1.31894
1782604200000,1.31894,1.31894,1.31894,1.31894
1782604260000,1.31894,1.31894,1.31894,1.31894
1782604320000,1.31894,1.31894,1.31894,1.31894
1782604380000,1.31894,1.31894,1.31894,1.31894
1782604440000,1.31894,1.31894,1.31894,1.31894
1782604500000,1.31894,1.31894,1.31894,1.31894
1782604560000,1.31894,1.31894,1.31894,1.31894
1782604620000,1.31894,1.31894,1.31894,1.31894
1782604680000,1.31894,1.31894,1.31894,1.31894
1782604740000,1.31894,1.31894,1.31894,1.31894
1782864000000,1.32498,1.32506,1.32485,1.3249
1782864060000,1.32491,1.32509,1.3249,1.32503
1782864120000,1.32503,1.32509,1.325,1.32502
1782864180000,1.32501,1.32511,1.32501,1.3251
1782864240000,1.32511,1.32512,1.32505,1.32505
1782864300000,1.32506,1.32513,1.32506,1.32511
1782864360000,1.32512,1.32512,1.32509,1.32511
1782864420000,1.32511,1.32512,1.32504,1.32504
1782864480000,1.32503,1.32503,1.32499,1.32503
1782864540000,1.32505,1.32505,1.32502,1.32502
1782864600000,1.32505,1.32505,1.32503,1.32503
1782864660000,1.32503,1.32506,1.32503,1.32504
1782864720000,1.32504,1.32506,1.32504,1.32505
1782864780000,1.32504,1.32504,1.32498,1.325
1782864840000,1.32501,1.32502,1.32498,1.32501
1782864900000,1.325,1.32503,1.3248,1.3248
1782864960000,1.32478,1.32492,1.32474,1.32483
1782865020000,1.32486,1.32495,1.3248,1.32483
1782865080000,1.32482,1.32487,1.32474,1.32483
1782865140000,1.32482,1.32485,1.32472,1.32473
1782865200000,1.32476,1.32481,1.32472,1.32479
1782865260000,1.3248,1.32483,1.32478,1.32478
1782865320000,1.32476,1.32477,1.32471,1.32471
1782865380000,1.32471,1.32481,1.32471,1.32481
1782865440000,1.32479,1.32497,1.32479,1.32495
1782865500000,1.32502,1.32512,1.32499,1.32504
1782865560000,1.32503,1.32507,1.32494,1.32494
1782865620000,1.32492,1.32504,1.32492,1.32501
1782865680000,1.325,1.3251,1.32498,1.32506
1782865740000,1.32506,1.32513,1.32504,1.32508
1782865800000,1.32511,1.32511,1.32497,1.32497
1782865860000,1.32498,1.32508,1.32494,1.32505
1782865920000,1.32504,1.32505,1.32493,1.32497
1782865980000,1.32498,1.32502,1.32494,1.32497
1782866040000,1.32499,1.32499,1.3249,1.32494
1782866100000,1.32491,1.32495,1.32471,1.32473
1782866160000,1.32471,1.32481,1.3247,1.32475
1782866220000,1.32473,1.32473,1.32465,1.32472
1782866280000,1.32474,1.32485,1.32474,1.32483
1782866340000,1.32484,1.32492,1.32483,1.32485
1782866400000,1.32487,1.32487,1.32479,1.32482
1782866460000,1.32481,1.32483,1.3247,1.32471
1782866520000,1.3247,1.3247,1.32459,1.32462
1782866580000,1.32461,1.32463,1.3246,1.32461
1782866640000,1.32459,1.32463,1.32459,1.3246
1782866700000,1.32461,1.32462,1.32455,1.32458
1782866760000,1.32457,1.32465,1.32455,1.32461
1782866820000,1.3246,1.32464,1.32451,1.3246
1782866880000,1.32459,1.3246,1.3245,1.3245
1782866940000,1.32447,1.32447,1.3244,1.32443
1782867000000,1.32443,1.32451,1.32442,1.32446
1782867060000,1.32444,1.32453,1.32444,1.32444
1782867120000,1.32442,1.32451,1.3244,1.32447
1782867180000,1.32445,1.32458,1.32441,1.32441
1782867240000,1.32439,1.32448,1.32437,1.32443
1782867300000,1.32444,1.32453,1.32443,1.32451
1782867360000,1.32453,1.32456,1.32446,1.32453
1782867420000,1.32454,1.32458,1.32448,1.32451
1782867480000,1.32451,1.32461,1.3245,1.32457
1782867540000,1.32458,1.32463,1.32448,1.32452
1782867600000,1.32452,1.32455,1.32445,1.3245
1782867660000,1.32451,1.32454,1.32442,1.32453
1782867720000,1.32454,1.32454,1.3243,1.32436
1782867780000,1.32436,1.32443,1.32435,1.32439
1782867840000,1.3244,1.32442,1.32432,1.32433
1782867900000,1.32432,1.32435,1.32425,1.32433
1782867960000,1.32432,1.32432,1.32413,1.32418
1782868020000,1.32423,1.32425,1.32418,1.32421
1782868080000,1.3242,1.32422,1.32412,1.32416
1782868140000,1.32415,1.32419,1.32405,1.32407
1782868200000,1.32406,1.32406,1.32399,1.32405
1782868260000,1.32404,1.32408,1.32403,1.32404
1782868320000,1.32402,1.32406,1.32396,1.32397
1782868380000,1.32395,1.32396,1.32378,1.32394
1782868440000,1.32394,1.32394,1.32388,1.32393
1782868500000,1.32394,1.32415,1.32392,1.32404
1782868560000,1.32402,1.32403,1.32382,1.32389
1782868620000,1.32392,1.32393,1.32382,1.32387
1782868680000,1.32388,1.32406,1.32386,1.32406
1782868740000,1.32408,1.32424,1.32408,1.3242
1782868800000,1.3242,1.32423,1.32412,1.32416
1782868860000,1.32415,1.32427,1.32415,1.32422
1782868920000,1.32422,1.32423,1.32414,1.3242
1782868980000,1.3242,1.32425,1.32415,1.32422
1782869040000,1.32425,1.32425,1.32412,1.32413
1782869100000,1.32411,1.32414,1.32408,1.32409
1782869160000,1.32409,1.32424,1.32409,1.32422
1782869220000,1.32421,1.32421,1.32413,1.32416
1782869280000,1.32417,1.3242,1.32413,1.3242
1782869340000,1.3242,1.32423,1.32416,1.32419
1782869400000,1.3242,1.32422,1.32408,1.3241
1782869460000,1.32409,1.32414,1.32398,1.32398
1782869520000,1.32398,1.32409,1.32398,1.324
1782869580000,1.32399,1.32401,1.32389,1.32392
1782869640000,1.32393,1.32398,1.32392,1.32395
1782869700000,1.32395,1.32396,1.32392,1.32394
1782869760000,1.32394,1.32394,1.32392,1.32393
1782869820000,1.32392,1.32392,1.32382,1.32383
1782869880000,1.32382,1.32403,1.32382,1.324
1782869940000,1.324,1.32401,1.32394,1.32395
1782870000000,1.32395,1.32398,1.32383,1.3239
1782870060000,1.32391,1.32394,1.32386,1.32394
1782870120000,1.32395,1.324,1.32392,1.32392
1782870180000,1.32392,1.324,1.32392,1.32394
1782870240000,1.32394,1.32397,1.3239,1.32394
1782870300000,1.32393,1.32402,1.32391,1.32395
1782870360000,1.32396,1.32405,1.32394,1.32402
1782870420000,1.32401,1.32405,1.32391,1.32391
1782870480000,1.32391,1.32391,1.32364,1.32371
1782870540000,1.32372,1.32382,1.32368,1.32371
1782870600000,1.32369,1.32379,1.32368,1.32371
1782870660000,1.32369,1.32372,1.3236,1.32362
1782870720000,1.32363,1.32363,1.32356,1.32359
1782870780000,1.32358,1.32361,1.32352,1.32361
1782870840000,1.32361,1.32361,1.32349,1.32352
1782870900000,1.32353,1.32363,1.32348,1.32358
1782870960000,1.3236,1.32373,1.32358,1.32369
1782871020000,1.32369,1.32378,1.32364,1.32374
1782871080000,1.32374,1.32374,1.32369,1.32373
1782871140000,1.32373,1.32374,1.3237,1.32373
1782871200000,1.32373,1.32377,1.32369,1.32373
1782871260000,1.32371,1.32374,1.32361,1.32362
1782871320000,1.32362,1.3238,1.32361,1.32377
1782871380000,1.32377,1.3238,1.32371,1.32373
1782871440000,1.32375,1.32377,1.32365,1.32365
1782871500000,1.32364,1.32367,1.3235,1.32352
1782871560000,1.32351,1.32355,1.3235,1.32354
1782871620000,1.32356,1.32362,1.32353,1.32355
1782871680000,1.32355,1.32355,1.3235,1.32352
1782871740000,1.32351,1.32358,1.32348,1.3235
1782871800000,1.32349,1.32353,1.32348,1.32352
1782871860000,1.32353,1.32355,1.32339,1.32343
1782871920000,1.32342,1.3235,1.32337,1.32349
1782871980000,1.3235,1.32354,1.32343,1.32345
1782872040000,1.32347,1.32374,1.32347,1.32374
1782872100000,1.32373,1.3239,1.32373,1.32381
1782872160000,1.3238,1.32383,1.32379,1.32383
1782872220000,1.3238,1.32397,1.3238,1.32396
1782872280000,1.32396,1.32399,1.32393,1.32396
1782872340000,1.32396,1.32396,1.32384,1.32388
1782872400000,1.32386,1.32405,1.32385,1.32402
1782872460000,1.32403,1.32406,1.32395,1.32395
1782872520000,1.32395,1.32401,1.32392,1.324
1782872580000,1.32399,1.32401,1.32397,1.32398
1782872640000,1.32399,1.32405,1.32399,1.32399
1782872700000,1.32401,1.32403,1.32374,1.32375
1782872760000,1.32378,1.32391,1.32377,1.32386
1782872820000,1.32387,1.32387,1.32379,1.3238
1782872880000,1.32382,1.32386,1.3238,1.32381
1782872940000,1.32383,1.32383,1.3237,1.32375
1782873000000,1.32374,1.32383,1.32372,1.32383
1782873060000,1.32382,1.32384,1.32371,1.32372
1782873120000,1.32372,1.32375,1.32368,1.3237
1782873180000,1.32369,1.3237,1.32356,1.32359
1782873240000,1.3236,1.32364,1.32344,1.32349
1782873300000,1.32348,1.32362,1.32348,1.32362
1782873360000,1.32362,1.3237,1.32361,1.32369
1782873420000,1.32371,1.32371,1.32366,1.32367
1782873480000,1.32367,1.32377,1.32364,1.32373
1782873540000,1.32371,1.32376,1.32371,1.32372
1782873600000,1.32372,1.32373,1.32365,1.32371
1782873660000,1.32373,1.32377,1.32371,1.32373
1782873720000,1.32375,1.32384,1.32374,1.32384
1782873780000,1.32384,1.32396,1.32383,1.32395
1782873840000,1.32393,1.32394,1.32387,1.32387
1782873900000,1.3239,1.32402,1.32389,1.32394
1782873960000,1.32394,1.32394,1.32386,1.32386
1782874020000,1.32389,1.32395,1.32386,1.32387
1782874080000,1.32389,1.32389,1.32375,1.32376
1782874140000,1.32376,1.32377,1.32371,1.32371
1782874200000,1.32371,1.32384,1.32368,1.32383
1782874260000,1.32385,1.32385,1.32381,1.32382
1782874320000,1.32381,1.32383,1.32372,1.32372
1782874380000,1.32374,1.32376,1.32371,1.32374
1782874440000,1.32374,1.32376,1.32369,1.32371
1782874500000,1.32371,1.32379,1.3237,1.32376
1782874560000,1.32375,1.32377,1.32369,1.3237
1782874620000,1.3237,1.32372,1.32361,1.32371
1782874680000,1.32372,1.32376,1.32362,1.32366
1782874740000,1.32365,1.32371,1.32355,1.32359
1782874800000,1.3236,1.32363,1.3235,1.32356
1782874860000,1.32357,1.32363,1.32352,1.32355
1782874920000,1.32353,1.32356,1.32342,1.32355
1782874980000,1.32355,1.32373,1.32355,1.32364
1782875040000,1.32363,1.32366,1.32362,1.32363
1782875100000,1.32363,1.3237,1.32362,1.32368
1782875160000,1.32369,1.32374,1.32369,1.32374
1782875220000,1.32376,1.32383,1.32372,1.32383
1782875280000,1.32383,1.32385,1.32382,1.32384
1782875340000,1.32384,1.32384,1.32377,1.32378
1782875400000,1.32379,1.32388,1.32377,1.32383
1782875460000,1.32384,1.32387,1.32383,1.32385
1782875520000,1.32383,1.32395,1.32381,1.32383
1782875580000,1.32381,1.32384,1.32379,1.32384
1782875640000,1.32385,1.32385,1.32375,1.32375
1782875700000,1.32375,1.32378,1.32371,1.32378
1782875760000,1.32377,1.32381,1.32374,1.32374
1782875820000,1.32375,1.32376,1.32368,1.32368
1782875880000,1.32369,1.32372,1.32361,1.32368
1782875940000,1.32369,1.32374,1.32363,1.32363
1782876000000,1.32363,1.32365,1.32361,1.32365
1782876060000,1.32366,1.32367,1.32358,1.32361
1782876120000,1.32362,1.32363,1.32358,1.32358
1782876180000,1.32358,1.32359,1.32353,1.32353
1782876240000,1.32354,1.32356,1.32353,1.32355
1782876300000,1.32355,1.32358,1.32352,1.32354
1782876360000,1.32354,1.32355,1.32346,1.32352
1782876420000,1.32351,1.32353,1.32346,1.32351
1782876480000,1.32352,1.32358,1.32349,1.3235
1782876540000,1.3235,1.32354,1.32347,1.32351
1782876600000,1.32353,1.3236,1.32353,1.32353
1782876660000,1.32355,1.32355,1.32347,1.32352
1782876720000,1.3235,1.32353,1.32346,1.3235
1782876780000,1.32349,1.3235,1.32328,1.3233
1782876840000,1.3233,1.32331,1.32316,1.32317
1782876900000,1.32319,1.32333,1.32317,1.32333
1782876960000,1.32334,1.32339,1.32333,1.32338
1782877020000,1.3234,1.32341,1.32335,1.32336
1782877080000,1.32337,1.32345,1.32336,1.32343
1782877140000,1.32343,1.32346,1.32342,1.32344
1782877200000,1.32343,1.32346,1.32343,1.32345
1782877260000,1.32345,1.32354,1.32344,1.32349
1782877320000,1.32348,1.3235,1.32327,1.32329
1782877380000,1.32328,1.3233,1.32321,1.32323
1782877440000,1.32324,1.32325,1.3232,1.32323
1782877500000,1.32322,1.32339,1.32322,1.32338
1782877560000,1.32337,1.32343,1.32337,1.32339
1782877620000,1.32341,1.32342,1.32337,1.32339
1782877680000,1.32338,1.32338,1.32332,1.32333
1782877740000,1.32333,1.32335,1.32332,1.32334
1782877800000,1.32332,1.32343,1.32332,1.3234
1782877860000,1.32341,1.32342,1.3234,1.32341
1782877920000,1.32341,1.32343,1.32339,1.32341
1782877980000,1.32341,1.32342,1.32337,1.32338
1782878040000,1.32337,1.32337,1.3232,1.3232
1782878100000,1.3232,1.32325,1.32314,1.32324
1782878160000,1.32324,1.32342,1.32324,1.3234
1782878220000,1.32341,1.32344,1.3234,1.32344
1782878280000,1.32343,1.32345,1.32339,1.32344
1782878340000,1.32344,1.3235,1.32342,1.32349
1782878400000,1.32349,1.32353,1.32345,1.32348
1782878460000,1.32348,1.3235,1.32348,1.32348
1782878520000,1.32348,1.3235,1.32334,1.32334
1782878580000,1.32334,1.32336,1.32332,1.32333
1782878640000,1.32333,1.32337,1.32332,1.32335
1782878700000,1.32334,1.32334,1.3233,1.32331
1782878760000,1.32332,1.32334,1.32327,1.32327
1782878820000,1.32329,1.32334,1.32328,1.32334
1782878880000,1.32334,1.32336,1.3233,1.32331
1782878940000,1.32329,1.32329,1.32326,1.32326
1782879000000,1.32326,1.32327,1.32323,1.32323
1782879060000,1.32322,1.32325,1.32322,1.32323
1782879120000,1.32322,1.32325,1.32322,1.32324
1782879180000,1.32325,1.32343,1.32323,1.32337
1782879240000,1.32336,1.32339,1.32332,1.32334
1782879300000,1.32334,1.32336,1.32331,1.32333
1782879360000,1.32334,1.32346,1.32333,1.3234
1782879420000,1.3234,1.32344,1.32332,1.32341
1782879480000,1.32343,1.32343,1.32337,1.32337
1782879540000,1.32336,1.32339,1.3233,1.3233
1782879600000,1.32334,1.32336,1.32329,1.32331
1782879660000,1.3233,1.32333,1.32322,1.32328
1782879720000,1.32329,1.32339,1.32328,1.32334
1782879780000,1.32335,1.32339,1.32334,1.32334
1782879840000,1.32336,1.32337,1.32327,1.32331
1782879900000,1.32332,1.32334,1.32321,1.3233
1782879960000,1.32332,1.32341,1.3233,1.32338
1782880020000,1.32337,1.32348,1.32335,1.32344
1782880080000,1.32344,1.32349,1.3234,1.32341
1782880140000,1.32341,1.32346,1.32339,1.32346
1782880200000,1.32347,1.32385,1.32343,1.32374
1782880260000,1.32374,1.324,1.32374,1.32382
1782880320000,1.32382,1.32397,1.32382,1.32389
1782880380000,1.3239,1.32397,1.32384,1.32388
1782880440000,1.32389,1.32395,1.32389,1.32395
1782880500000,1.32395,1.32405,1.32395,1.32395
1782880560000,1.32396,1.32399,1.3239,1.32394
1782880620000,1.32393,1.32405,1.32393,1.32398
1782880680000,1.32401,1.32402,1.3239,1.32394
1782880740000,1.32391,1.32398,1.32388,1.32398
1782880800000,1.32398,1.32401,1.32394,1.32398
1782880860000,1.32399,1.32403,1.32393,1.32393
1782880920000,1.32395,1.32395,1.32392,1.32394
1782880980000,1.32395,1.324,1.32393,1.32398
1782881040000,1.32398,1.32398,1.3239,1.32395
1782881100000,1.32393,1.32403,1.32393,1.32403
1782881160000,1.32409,1.32412,1.32401,1.32411
1782881220000,1.32412,1.32422,1.32412,1.32419
1782881280000,1.3242,1.32429,1.32414,1.32418
1782881340000,1.32417,1.32417,1.32408,1.32408
1782881400000,1.32409,1.32414,1.32409,1.32412
1782881460000,1.32412,1.32425,1.32412,1.3242
1782881520000,1.32421,1.32421,1.32417,1.32419
1782881580000,1.32417,1.32432,1.32417,1.32432
1782881640000,1.32433,1.32433,1.32425,1.32425
1782881700000,1.32425,1.32425,1.32422,1.32422
1782881760000,1.32422,1.32424,1.32422,1.32423
1782881820000,1.32423,1.32428,1.32422,1.32423
1782881880000,1.32423,1.32423,1.32417,1.32422
1782881940000,1.32422,1.32423,1.3241,1.3241
1782882000000,1.32411,1.32411,1.32403,1.32411
1782882060000,1.32413,1.32424,1.32411,1.32411
1782882120000,1.32412,1.32412,1.32398,1.32398
1782882180000,1.324,1.32411,1.324,1.32407
1782882240000,1.32406,1.32411,1.32406,1.32409
1782882300000,1.32408,1.32415,1.32408,1.32415
1782882360000,1.32413,1.32423,1.32413,1.32414
1782882420000,1.32413,1.32415,1.32411,1.32413
1782882480000,1.32411,1.32422,1.32409,1.32421
1782882540000,1.32422,1.32426,1.3242,1.32422
1782882600000,1.32422,1.32426,1.32417,1.32422
1782882660000,1.32424,1.3243,1.32418,1.32428
1782882720000,1.32428,1.3243,1.32422,1.32426
1782882780000,1.32425,1.32427,1.32422,1.32422
1782882840000,1.32423,1.32424,1.32422,1.32423
1782882900000,1.32424,1.32425,1.32414,1.32414
1782882960000,1.32413,1.32424,1.32413,1.32422
1782883020000,1.32424,1.32433,1.32424,1.32433
1782883080000,1.32432,1.32433,1.32424,1.32429
1782883140000,1.3243,1.32434,1.32429,1.32432
1782883200000,1.32433,1.32436,1.32432,1.32434
1782883260000,1.32434,1.32437,1.32433,1.32434
1782883320000,1.32434,1.32434,1.32429,1.32431
1782883380000,1.3243,1.32439,1.3243,1.32435
1782883440000,1.32434,1.32436,1.32431,1.32431
1782883500000,1.32431,1.32431,1.32423,1.32428
1782883560000,1.32428,1.32433,1.32428,1.32429
1782883620000,1.3243,1.32435,1.32429,1.32435
1782883680000,1.32435,1.32438,1.32433,1.32436
1782883740000,1.32438,1.32438,1.32426,1.32432
1782883800000,1.32433,1.32445,1.32432,1.32444
1782883860000,1.32443,1.32444,1.32438,1.32444
1782883920000,1.32441,1.32445,1.32439,1.32441
1782883980000,1.32441,1.32444,1.32433,1.32444
1782884040000,1.32443,1.32443,1.3243,1.32432
1782884100000,1.32432,1.32434,1.32425,1.32425
1782884160000,1.32424,1.32433,1.32424,1.32431
1782884220000,1.32433,1.32433,1.32423,1.32425
1782884280000,1.32426,1.32431,1.32421,1.3243
1782884340000,1.3243,1.32434,1.32428,1.32429
1782884400000,1.32429,1.32434,1.32424,1.32433
1782884460000,1.32434,1.32438,1.32432,1.32434
1782884520000,1.32434,1.32442,1.32434,1.32441
1782884580000,1.32441,1.32445,1.32438,1.32444
1782884640000,1.32444,1.32447,1.3244,1.32445
1782884700000,1.32444,1.32445,1.32439,1.32443
1782884760000,1.32442,1.32444,1.32439,1.32443
1782884820000,1.32443,1.32443,1.32435,1.32435
1782884880000,1.32434,1.32435,1.32425,1.32425
1782884940000,1.32427,1.32428,1.32423,1.32423
1782885000000,1.32425,1.32437,1.32425,1.32434
1782885060000,1.32436,1.32445,1.32436,1.32445
1782885120000,1.32445,1.32448,1.32435,1.32448
1782885180000,1.32446,1.32448,1.32442,1.32442
1782885240000,1.32439,1.32441,1.32413,1.32413
1782885300000,1.32412,1.32412,1.32389,1.32407
1782885360000,1.32409,1.32414,1.324,1.32409
1782885420000,1.32408,1.32415,1.32408,1.32414
1782885480000,1.32415,1.32419,1.32413,1.32415
1782885540000,1.32416,1.32422,1.3241,1.32412
1782885600000,1.32413,1.32425,1.32408,1.32424
1782885660000,1.32423,1.32424,1.32416,1.32422
1782885720000,1.32421,1.32421,1.32412,1.32419
1782885780000,1.3242,1.32431,1.32417,1.32429
1782885840000,1.3243,1.32446,1.32423,1.32423
1782885900000,1.32427,1.32428,1.32414,1.32421
1782885960000,1.32422,1.32428,1.32421,1.32425
1782886020000,1.32423,1.32426,1.32416,1.32425
1782886080000,1.32426,1.32429,1.32414,1.32417
1782886140000,1.32417,1.32418,1.32389,1.32398
1782886200000,1.32395,1.32397,1.32384,1.32385
1782886260000,1.32384,1.32395,1.32383,1.32392
1782886320000,1.32394,1.32396,1.32389,1.32395
1782886380000,1.32394,1.32397,1.32385,1.32395
1782886440000,1.32392,1.32397,1.32387,1.32397
1782886500000,1.32395,1.32408,1.32385,1.32405
1782886560000,1.32406,1.32426,1.32406,1.3242
1782886620000,1.3242,1.3242,1.32401,1.32406
1782886680000,1.32407,1.32414,1.32391,1.32394
1782886740000,1.32394,1.32399,1.32387,1.32398
1782886800000,1.324,1.324,1.32384,1.32387
1782886860000,1.32387,1.32389,1.32368,1.32368
1782886920000,1.32368,1.3239,1.32368,1.32388
1782886980000,1.32389,1.32389,1.3238,1.32385
1782887040000,1.32386,1.32397,1.32385,1.32396
1782887100000,1.32396,1.32396,1.32381,1.32382
1782887160000,1.32383,1.3239,1.32377,1.3239
1782887220000,1.32386,1.32388,1.32383,1.32386
1782887280000,1.32384,1.32392,1.32382,1.32382
1782887340000,1.32382,1.32386,1.32376,1.32376
1782887400000,1.32378,1.32386,1.32378,1.32383
1782887460000,1.32384,1.32391,1.32382,1.32386
1782887520000,1.32386,1.32386,1.32367,1.3237
1782887580000,1.32371,1.32392,1.3237,1.32384
1782887640000,1.32385,1.3239,1.32381,1.32381
1782887700000,1.32383,1.32384,1.32366,1.32372
1782887760000,1.32372,1.32377,1.32371,1.32373
1782887820000,1.32375,1.32383,1.32374,1.32379
1782887880000,1.3238,1.32394,1.32377,1.32392
1782887940000,1.32393,1.32394,1.32369,1.32371
1782888000000,1.32369,1.32375,1.32363,1.32363
1782888060000,1.32367,1.32367,1.32358,1.32359
1782888120000,1.32361,1.32364,1.32355,1.32355
1782888180000,1.32354,1.32359,1.32351,1.32354
1782888240000,1.32352,1.32372,1.32352,1.32366
1782888300000,1.32365,1.32373,1.32364,1.32373
1782888360000,1.32373,1.32395,1.32373,1.32395
1782888420000,1.32397,1.32398,1.32384,1.32392
1782888480000,1.3239,1.32403,1.3239,1.324
1782888540000,1.32398,1.3241,1.32393,1.32405
1782888600000,1.32407,1.32414,1.32404,1.32414
1782888660000,1.32414,1.32415,1.32409,1.32415
1782888720000,1.32413,1.32415,1.32408,1.32415
1782888780000,1.32413,1.32416,1.32409,1.32412
1782888840000,1.32411,1.32443,1.32411,1.32443
1782888900000,1.32441,1.32445,1.32435,1.32441
1782888960000,1.32442,1.32443,1.32429,1.32429
1782889020000,1.32428,1.3244,1.3242,1.3244
1782889080000,1.32439,1.32443,1.32434,1.32438
1782889140000,1.32435,1.32439,1.32421,1.32427
1782889200000,1.32428,1.32447,1.32405,1.32406
1782889260000,1.32407,1.32419,1.32406,1.32406
1782889320000,1.32407,1.32426,1.32392,1.32417
1782889380000,1.32416,1.32426,1.32416,1.32425
1782889440000,1.32425,1.32448,1.32421,1.32434
1782889500000,1.32435,1.32439,1.32412,1.32416
1782889560000,1.32416,1.32418,1.32402,1.32403
1782889620000,1.32404,1.32409,1.32404,1.32408
1782889680000,1.32408,1.32409,1.32395,1.32395
1782889740000,1.32397,1.32408,1.32389,1.3239
1782889800000,1.32391,1.32391,1.32378,1.32382
1782889860000,1.32382,1.3239,1.3237,1.3237
1782889920000,1.32371,1.3238,1.32367,1.32374
1782889980000,1.32374,1.32374,1.32355,1.32355
1782890040000,1.32358,1.32359,1.32346,1.3235
1782890100000,1.32346,1.32353,1.32344,1.32345
1782890160000,1.32344,1.32347,1.32334,1.32335
1782890220000,1.32334,1.32337,1.32315,1.32316
1782890280000,1.32316,1.32328,1.32305,1.32328
1782890340000,1.32326,1.32329,1.32322,1.32325
1782890400000,1.32322,1.32324,1.32311,1.32313
1782890460000,1.32316,1.32332,1.32312,1.32321
1782890520000,1.32321,1.32328,1.32312,1.32312
1782890580000,1.32311,1.32311,1.32289,1.32295
1782890640000,1.32292,1.32303,1.32287,1.32292
1782890700000,1.32292,1.32306,1.32292,1.32302
1782890760000,1.32304,1.32327,1.32296,1.32319
1782890820000,1.32319,1.32335,1.32319,1.32332
1782890880000,1.32333,1.32333,1.32315,1.32315
1782890940000,1.32315,1.32316,1.32294,1.32294
1782891000000,1.32296,1.32298,1.32291,1.32295
1782891060000,1.32296,1.32306,1.32296,1.32303
1782891120000,1.32305,1.32318,1.323,1.32315
1782891180000,1.32317,1.3234,1.32314,1.32338
1782891240000,1.32339,1.3234,1.32322,1.32329
1782891300000,1.3233,1.32345,1.32329,1.32335
1782891360000,1.32335,1.32346,1.32333,1.32345
1782891420000,1.32345,1.3236,1.32345,1.3236
1782891480000,1.32358,1.32368,1.32345,1.32347
1782891540000,1.32347,1.32371,1.32347,1.32363
1782891600000,1.32362,1.32367,1.32355,1.32367
1782891660000,1.32366,1.32383,1.32365,1.32372
1782891720000,1.32371,1.32372,1.32354,1.32357
1782891780000,1.32355,1.32366,1.32355,1.32364
1782891840000,1.32364,1.32394,1.32362,1.32383
1782891900000,1.32383,1.32404,1.32379,1.324
1782891960000,1.32403,1.32403,1.32379,1.32389
1782892020000,1.32389,1.32395,1.32386,1.32392
1782892080000,1.32392,1.32412,1.32392,1.32403
1782892140000,1.32404,1.32411,1.32395,1.32405
1782892200000,1.32403,1.32425,1.32403,1.32423
1782892260000,1.32423,1.32424,1.32406,1.32406
1782892320000,1.32409,1.32413,1.32404,1.32404
1782892380000,1.32404,1.32407,1.32392,1.32403
1782892440000,1.32402,1.32413,1.32394,1.32413
1782892500000,1.32412,1.32413,1.32401,1.3241
1782892560000,1.32413,1.32423,1.3241,1.32419
1782892620000,1.3242,1.32445,1.3242,1.32444
1782892680000,1.32444,1.32452,1.32438,1.32438
1782892740000,1.32438,1.32456,1.32433,1.32442
1782892800000,1.32441,1.32454,1.32433,1.3245
1782892860000,1.32449,1.32456,1.32432,1.32432
1782892920000,1.32433,1.32444,1.32431,1.32431
1782892980000,1.32433,1.32434,1.32408,1.3241
1782893040000,1.32411,1.32424,1.32394,1.32395
1782893100000,1.32394,1.3241,1.32391,1.32403
1782893160000,1.32404,1.32422,1.32404,1.32414
1782893220000,1.32415,1.3242,1.32392,1.32392
1782893280000,1.32392,1.32419,1.3239,1.32414
1782893340000,1.32415,1.32421,1.3241,1.32418
1782893400000,1.32419,1.32426,1.32404,1.32405
1782893460000,1.32408,1.32414,1.32405,1.32405
1782893520000,1.32403,1.32415,1.32403,1.32414
1782893580000,1.32421,1.32445,1.32419,1.32432
1782893640000,1.32432,1.32434,1.32424,1.32429
1782893700000,1.32429,1.32464,1.32428,1.32464
1782893760000,1.32463,1.32475,1.32462,1.3247
1782893820000,1.32474,1.3248,1.32473,1.32478
1782893880000,1.32475,1.32476,1.32461,1.32462
1782893940000,1.32462,1.32472,1.32458,1.32472
1782894000000,1.32473,1.32477,1.32467,1.32474
1782894060000,1.32476,1.3248,1.32472,1.32472
1782894120000,1.3247,1.3247,1.32443,1.32451
1782894180000,1.32448,1.32451,1.32441,1.3245
1782894240000,1.32452,1.32465,1.32451,1.32453
1782894300000,1.32454,1.32497,1.32454,1.32494
1782894360000,1.32495,1.32503,1.32483,1.32487
1782894420000,1.32486,1.32492,1.32481,1.32485
1782894480000,1.32484,1.32484,1.32457,1.32465
1782894540000,1.32466,1.32503,1.32463,1.32503
1782894600000,1.32504,1.32504,1.3246,1.32461
1782894660000,1.3246,1.3246,1.32444,1.32455
1782894720000,1.32456,1.32483,1.32456,1.32478
1782894780000,1.3248,1.32481,1.32465,1.32473
1782894840000,1.32473,1.32499,1.32473,1.32493
1782894900000,1.32492,1.32506,1.32481,1.32503
1782894960000,1.32502,1.32518,1.325,1.32515
1782895020000,1.32516,1.32526,1.3251,1.32515
1782895080000,1.32512,1.32516,1.32504,1.32513
1782895140000,1.32513,1.32518,1.32498,1.32501
1782895200000,1.325,1.32517,1.32498,1.32506
1782895260000,1.32506,1.32511,1.32492,1.32492
1782895320000,1.32493,1.32509,1.32489,1.32504
1782895380000,1.32506,1.32514,1.325,1.32505
1782895440000,1.32505,1.32513,1.32503,1.32511
1782895500000,1.32511,1.32514,1.32504,1.32513
1782895560000,1.32512,1.32512,1.32482,1.32501
1782895620000,1.325,1.32512,1.32499,1.32504
1782895680000,1.32505,1.32506,1.32488,1.32491
1782895740000,1.3249,1.32491,1.32484,1.32491
1782895800000,1.32489,1.32495,1.32483,1.32494
1782895860000,1.32494,1.32513,1.32494,1.32506
1782895920000,1.32506,1.32512,1.32486,1.32487
1782895980000,1.32486,1.32486,1.32477,1.32484
1782896040000,1.32485,1.32489,1.32483,1.32489
1782896100000,1.32488,1.32507,1.32487,1.32495
1782896160000,1.32495,1.32496,1.32488,1.32494
1782896220000,1.32496,1.32501,1.32468,1.32469
1782896280000,1.32467,1.32468,1.3244,1.32441
1782896340000,1.3244,1.32465,1.3244,1.32463
1782896400000,1.32462,1.32463,1.32448,1.32455
1782896460000,1.32456,1.32489,1.32455,1.32485
1782896520000,1.32486,1.32487,1.3248,1.32485
1782896580000,1.32485,1.32505,1.32485,1.32495
1782896640000,1.32494,1.32494,1.32473,1.32481
1782896700000,1.32482,1.3249,1.32472,1.32472
1782896760000,1.32474,1.32482,1.32459,1.32473
1782896820000,1.32472,1.32472,1.32438,1.32438
1782896880000,1.32436,1.32445,1.32427,1.32443
1782896940000,1.32445,1.32456,1.32432,1.32433
1782897000000,1.32434,1.32466,1.32434,1.3246
1782897060000,1.3246,1.32482,1.32453,1.32481
1782897120000,1.3248,1.32491,1.32473,1.32477
1782897180000,1.32477,1.32495,1.32477,1.32495
1782897240000,1.32494,1.32496,1.32482,1.32482
1782897300000,1.3248,1.3248,1.32466,1.32472
1782897360000,1.32471,1.32471,1.3246,1.32462
1782897420000,1.32463,1.32473,1.32461,1.32462
1782897480000,1.32461,1.32466,1.32453,1.32458
1782897540000,1.32456,1.32463,1.32451,1.32452
1782897600000,1.32453,1.32458,1.32453,1.32455
1782897660000,1.32454,1.32473,1.3245,1.32473
1782897720000,1.32473,1.32476,1.32454,1.32456
1782897780000,1.32455,1.32466,1.32455,1.32466
1782897840000,1.32464,1.32485,1.32464,1.32485
1782897900000,1.32484,1.32485,1.32474,1.32476
1782897960000,1.32477,1.32486,1.32476,1.32479
1782898020000,1.3248,1.32483,1.32474,1.3248
1782898080000,1.32483,1.32485,1.3247,1.32476
1782898140000,1.32476,1.32563,1.32476,1.32556
1782898200000,1.32554,1.32567,1.32534,1.32538
1782898260000,1.3254,1.32556,1.32531,1.32536
1782898320000,1.32537,1.32539,1.32516,1.32521
1782898380000,1.32523,1.32525,1.32511,1.32513
1782898440000,1.32515,1.32516,1.3251,1.32513
1782898500000,1.32512,1.32527,1.32511,1.32526
1782898560000,1.32529,1.32545,1.32529,1.32535
1782898620000,1.32537,1.32552,1.32536,1.32546
1782898680000,1.32544,1.32545,1.32537,1.32542
1782898740000,1.32542,1.32544,1.3252,1.3252
1782898800000,1.32519,1.32525,1.32503,1.32507
1782898860000,1.32506,1.32523,1.32506,1.32518
1782898920000,1.32519,1.32524,1.32505,1.32509
1782898980000,1.3251,1.32535,1.32509,1.32533
1782899040000,1.32534,1.32537,1.32513,1.32514
1782899100000,1.32515,1.32524,1.32511,1.32511
1782899160000,1.32513,1.32541,1.3251,1.32534
1782899220000,1.32535,1.32535,1.3252,1.32526
1782899280000,1.32524,1.3253,1.32521,1.32522
1782899340000,1.32522,1.32525,1.32512,1.32512
1782899400000,1.32513,1.32514,1.32464,1.32464
1782899460000,1.32467,1.32471,1.32451,1.3247
1782899520000,1.3247,1.32475,1.32453,1.32463
1782899580000,1.32464,1.32481,1.32462,1.3248
1782899640000,1.32482,1.32491,1.32474,1.32476
1782899700000,1.32478,1.32478,1.32467,1.32476
1782899760000,1.32478,1.32479,1.32469,1.32472
1782899820000,1.32473,1.3249,1.32473,1.3249
1782899880000,1.32491,1.32496,1.32469,1.32473
1782899940000,1.32472,1.32472,1.32462,1.32463
1782900000000,1.32466,1.32475,1.32452,1.32454
1782900060000,1.32454,1.32463,1.32447,1.32463
1782900120000,1.32462,1.32465,1.32452,1.32454
1782900180000,1.32455,1.32459,1.3245,1.32451
1782900240000,1.32451,1.32464,1.3245,1.32455
1782900300000,1.32454,1.3246,1.32449,1.3246
1782900360000,1.32459,1.32466,1.32459,1.32464
1782900420000,1.32468,1.32473,1.32463,1.32463
1782900480000,1.32465,1.32469,1.32463,1.32464
1782900540000,1.32462,1.32467,1.32452,1.32459
1782900600000,1.32459,1.32464,1.32455,1.32462
1782900660000,1.32462,1.32466,1.32457,1.32463
1782900720000,1.32463,1.32475,1.32463,1.32473
1782900780000,1.32474,1.32481,1.3247,1.32476
1782900840000,1.32476,1.3248,1.32471,1.32475
1782900900000,1.32474,1.32484,1.32474,1.32475
1782900960000,1.32474,1.32511,1.32474,1.32506
1782901020000,1.32506,1.3252,1.32501,1.32519
1782901080000,1.32519,1.3252,1.32505,1.32506
1782901140000,1.32508,1.32528,1.32508,1.32521
1782901200000,1.3252,1.32531,1.32516,1.32518
1782901260000,1.3252,1.3252,1.32498,1.32498
1782901320000,1.32499,1.32509,1.32492,1.32504
1782901380000,1.32505,1.32507,1.32503,1.32504
1782901440000,1.32504,1.32509,1.32492,1.32493
1782901500000,1.32494,1.32497,1.32492,1.32496
1782901560000,1.32495,1.32496,1.32489,1.3249
1782901620000,1.32491,1.32494,1.32485,1.32494
1782901680000,1.32495,1.32507,1.32493,1.32505
1782901740000,1.32507,1.3251,1.32503,1.3251
1782901800000,1.32511,1.3252,1.32505,1.32518
1782901860000,1.32518,1.32524,1.32513,1.32522
1782901920000,1.32521,1.32524,1.32498,1.32502
1782901980000,1.32501,1.32514,1.32498,1.32514
1782902040000,1.32513,1.32524,1.32511,1.32523
1782902100000,1.32522,1.3253,1.32516,1.32518
1782902160000,1.32517,1.32523,1.32514,1.32522
1782902220000,1.32523,1.32528,1.32512,1.3252
1782902280000,1.32521,1.32533,1.3252,1.3253
1782902340000,1.3253,1.32536,1.32528,1.32534
1782902400000,1.32533,1.32535,1.32529,1.32532
1782902460000,1.32533,1.32533,1.32524,1.3253
1782902520000,1.32533,1.32537,1.32524,1.32537
1782902580000,1.32538,1.32546,1.32521,1.32523
1782902640000,1.32525,1.32527,1.3252,1.32526
1782902700000,1.32526,1.3253,1.32522,1.32524
1782902760000,1.32523,1.32538,1.32523,1.3253
1782902820000,1.32529,1.32533,1.32524,1.32533
1782902880000,1.32533,1.3254,1.32533,1.32538
1782902940000,1.32538,1.3254,1.32531,1.32536
1782903000000,1.32537,1.32563,1.32537,1.32563
1782903060000,1.32562,1.32564,1.32555,1.3256
1782903120000,1.32559,1.3256,1.32552,1.32553
1782903180000,1.32554,1.32554,1.32539,1.32542
1782903240000,1.32544,1.32552,1.32541,1.32547
1782903300000,1.32548,1.32556,1.32548,1.32556
1782903360000,1.32555,1.32561,1.32548,1.3255
1782903420000,1.32551,1.32552,1.32535,1.32551
1782903480000,1.32548,1.32553,1.32543,1.32546
1782903540000,1.32543,1.32544,1.32523,1.32523
1782903600000,1.32522,1.32533,1.32498,1.32507
1782903660000,1.32507,1.32517,1.32483,1.32483
1782903720000,1.32481,1.32486,1.32475,1.32482
1782903780000,1.32483,1.32498,1.32481,1.32481
1782903840000,1.32481,1.32481,1.32451,1.32457
1782903900000,1.32457,1.32461,1.32438,1.32445
1782903960000,1.32446,1.32448,1.32437,1.3244
1782904020000,1.32439,1.32444,1.32432,1.32442
1782904080000,1.32442,1.32445,1.32438,1.32438
1782904140000,1.32439,1.32471,1.32439,1.32464
1782904200000,1.32462,1.32464,1.32452,1.32456
1782904260000,1.32454,1.3246,1.32442,1.32443
1782904320000,1.32442,1.32444,1.32412,1.32417
1782904380000,1.32416,1.32434,1.32413,1.32433
1782904440000,1.32434,1.32439,1.32424,1.3243
1782904500000,1.3243,1.32436,1.32421,1.32436
1782904560000,1.32438,1.3244,1.32421,1.32423
1782904620000,1.32425,1.32445,1.32419,1.32442
1782904680000,1.3244,1.32452,1.32435,1.32443
1782904740000,1.32444,1.32452,1.32441,1.32445
1782904800000,1.32445,1.32446,1.32441,1.32443
1782904860000,1.32444,1.32448,1.32423,1.32427
1782904920000,1.32427,1.32437,1.32424,1.32431
1782904980000,1.3243,1.32433,1.32424,1.32427
1782905040000,1.32425,1.32436,1.32422,1.32436
1782905100000,1.32435,1.32441,1.32432,1.32441
1782905160000,1.32441,1.32443,1.32432,1.32434
1782905220000,1.32433,1.32434,1.32424,1.32432
1782905280000,1.32433,1.3244,1.32424,1.3244
1782905340000,1.32441,1.3245,1.32441,1.32446
1782905400000,1.32446,1.32456,1.32442,1.32453
1782905460000,1.32453,1.32453,1.32431,1.32445
1782905520000,1.32446,1.32461,1.32443,1.32459
1782905580000,1.32457,1.32462,1.32452,1.32453
1782905640000,1.32454,1.32454,1.32442,1.32444
1782905700000,1.32444,1.32476,1.3244,1.32468
1782905760000,1.32467,1.32474,1.32464,1.32466
1782905820000,1.32467,1.32469,1.32442,1.32454
1782905880000,1.32454,1.32457,1.3245,1.32455
1782905940000,1.32455,1.32467,1.32453,1.32462
1782906000000,1.3246,1.32471,1.3246,1.32466
1782906060000,1.32464,1.32481,1.32463,1.32474
1782906120000,1.32475,1.32475,1.3246,1.32463
1782906180000,1.32461,1.32469,1.32456,1.32463
1782906240000,1.32462,1.32467,1.32461,1.32463
1782906300000,1.32463,1.32463,1.32439,1.32455
1782906360000,1.32454,1.32462,1.32453,1.32462
1782906420000,1.32462,1.32469,1.32461,1.32464
1782906480000,1.32465,1.32473,1.32461,1.32462
1782906540000,1.32463,1.32469,1.32441,1.32443
1782906600000,1.32442,1.32467,1.32442,1.32464
1782906660000,1.32463,1.32484,1.32462,1.32463
1782906720000,1.32464,1.32466,1.32454,1.32464
1782906780000,1.32465,1.32474,1.3246,1.3247
1782906840000,1.3247,1.32476,1.32435,1.32437
1782906900000,1.32437,1.32451,1.32432,1.32444
1782906960000,1.32445,1.32451,1.32424,1.32427
1782907020000,1.32425,1.32437,1.32412,1.32437
1782907080000,1.32437,1.32446,1.32433,1.32435
1782907140000,1.32434,1.32434,1.32417,1.3242
1782907200000,1.3242,1.32444,1.3242,1.32431
1782907260000,1.32432,1.32433,1.32415,1.32419
1782907320000,1.3242,1.32423,1.324,1.32415
1782907380000,1.32415,1.32418,1.324,1.32409
1782907440000,1.32409,1.32417,1.32402,1.32411
1782907500000,1.32411,1.32414,1.324,1.32403
1782907560000,1.32403,1.32414,1.32384,1.32385
1782907620000,1.32385,1.3241,1.32385,1.32403
1782907680000,1.32403,1.32417,1.32403,1.32403
1782907740000,1.32405,1.32405,1.32386,1.32394
1782907800000,1.32395,1.32422,1.32388,1.32421
1782907860000,1.32419,1.32419,1.32395,1.324
1782907920000,1.32401,1.32401,1.32388,1.32391
1782907980000,1.32393,1.32415,1.32393,1.32415
1782908040000,1.32416,1.32416,1.32404,1.32411
1782908100000,1.32406,1.32448,1.32406,1.32426
1782908160000,1.32425,1.32446,1.32425,1.32439
1782908220000,1.32441,1.32456,1.32441,1.32443
1782908280000,1.32442,1.3245,1.32436,1.32445
1782908340000,1.32446,1.32454,1.32442,1.32453
1782908400000,1.32454,1.32463,1.32449,1.32451
1782908460000,1.32452,1.3246,1.3245,1.32456
1782908520000,1.32455,1.32476,1.32453,1.32458
1782908580000,1.32457,1.3248,1.32456,1.32469
1782908640000,1.32469,1.32479,1.32466,1.32475
1782908700000,1.32474,1.32479,1.32454,1.32456
1782908760000,1.32458,1.32481,1.32458,1.32474
1782908820000,1.32474,1.32481,1.32443,1.32443
1782908880000,1.32445,1.32448,1.32422,1.32423
1782908940000,1.32423,1.32425,1.32405,1.32405
1782909000000,1.32405,1.32441,1.32405,1.32407
1782909060000,1.32407,1.32424,1.32405,1.32408
1782909120000,1.32409,1.32422,1.324,1.32403
1782909180000,1.32404,1.32405,1.32376,1.32399
1782909240000,1.32399,1.32402,1.32371,1.32373
1782909300000,1.32373,1.32386,1.32359,1.32362
1782909360000,1.32361,1.32374,1.32361,1.32366
1782909420000,1.32366,1.32378,1.32357,1.32363
1782909480000,1.32364,1.32395,1.32362,1.32393
1782909540000,1.32392,1.32393,1.32356,1.32356
1782909600000,1.32358,1.32364,1.32347,1.32357
1782909660000,1.32357,1.3238,1.32341,1.3238
1782909720000,1.3238,1.32397,1.32355,1.32357
1782909780000,1.32358,1.32378,1.32353,1.32372
1782909840000,1.32372,1.32373,1.32358,1.3237
1782909900000,1.32371,1.32374,1.32361,1.32367
1782909960000,1.32366,1.32366,1.32344,1.3235
1782910020000,1.32351,1.32353,1.32335,1.32339
1782910080000,1.32341,1.3237,1.32337,1.3237
1782910140000,1.32369,1.32391,1.32365,1.32386
1782910200000,1.32386,1.32411,1.32386,1.32406
1782910260000,1.32405,1.32421,1.32399,1.32419
1782910320000,1.32418,1.32427,1.32418,1.32423
1782910380000,1.32424,1.3243,1.32406,1.32408
1782910440000,1.32407,1.32428,1.32407,1.32422
1782910500000,1.32414,1.32421,1.32399,1.32407
1782910560000,1.32406,1.32406,1.32391,1.32391
1782910620000,1.32391,1.32397,1.32375,1.32386
1782910680000,1.32386,1.32387,1.32368,1.32379
1782910740000,1.3238,1.3238,1.32366,1.32368
1782910800000,1.32369,1.32385,1.32358,1.32377
1782910860000,1.32377,1.32384,1.32371,1.32375
1782910920000,1.32375,1.32375,1.32362,1.32364
1782910980000,1.3237,1.32405,1.3237,1.32403
1782911040000,1.32405,1.32427,1.32402,1.32414
1782911100000,1.32414,1.32415,1.32401,1.32411
1782911160000,1.3241,1.3243,1.32404,1.32416
1782911220000,1.32413,1.32413,1.32391,1.32396
1782911280000,1.32396,1.32397,1.32356,1.32356
1782911340000,1.32357,1.32373,1.3235,1.32359
1782911400000,1.32358,1.32359,1.32268,1.32268
1782911460000,1.32264,1.32291,1.32197,1.32223
1782911520000,1.32225,1.32238,1.32189,1.32214
1782911580000,1.32212,1.32226,1.32199,1.32222
1782911640000,1.32223,1.32226,1.32193,1.32202
1782911700000,1.32201,1.32283,1.32201,1.32272
1782911760000,1.32273,1.32288,1.3227,1.32275
1782911820000,1.32273,1.32381,1.32272,1.32363
1782911880000,1.32362,1.32362,1.32328,1.32342
1782911940000,1.32341,1.32344,1.32321,1.32335
1782912000000,1.32336,1.3239,1.32334,1.32383
1782912060000,1.32383,1.32404,1.32342,1.32391
1782912120000,1.32392,1.32457,1.3239,1.32445
1782912180000,1.32445,1.32445,1.32416,1.32435
1782912240000,1.32432,1.32495,1.32432,1.32482
1782912300000,1.3248,1.32484,1.32437,1.32444
1782912360000,1.32448,1.32473,1.32448,1.32472
1782912420000,1.32473,1.32518,1.3247,1.32518
1782912480000,1.32519,1.3254,1.32506,1.32507
1782912540000,1.32506,1.32526,1.32425,1.32509
1782912600000,1.32508,1.32543,1.32473,1.32492
1782912660000,1.32492,1.32551,1.32483,1.32501
1782912720000,1.325,1.32524,1.32475,1.3251
1782912780000,1.32509,1.32526,1.32494,1.32512
1782912840000,1.32514,1.32515,1.3249,1.32513
1782912900000,1.32512,1.32542,1.32509,1.32512
1782912960000,1.32513,1.32565,1.32513,1.32561
1782913020000,1.32563,1.32572,1.32512,1.32531
1782913080000,1.32532,1.3259,1.32521,1.3259
1782913140000,1.32589,1.32594,1.32553,1.3256
1782913200000,1.32559,1.32619,1.32548,1.32602
1782913260000,1.32602,1.32671,1.32596,1.32664
1782913320000,1.32663,1.32682,1.32653,1.32662
1782913380000,1.32662,1.32715,1.32662,1.32714
1782913440000,1.32713,1.32731,1.32697,1.32721
1782913500000,1.3272,1.32806,1.32718,1.32776
1782913560000,1.32776,1.32776,1.32739,1.32756
1782913620000,1.32756,1.32771,1.32711,1.3272
1782913680000,1.32719,1.32754,1.32708,1.3274
1782913740000,1.32741,1.32742,1.32711,1.32712
1782913800000,1.32711,1.32718,1.32684,1.32701
1782913860000,1.32702,1.32702,1.32667,1.32684
1782913920000,1.32685,1.32694,1.32671,1.32671
1782913980000,1.32672,1.32684,1.32658,1.32666
1782914040000,1.32665,1.32672,1.32657,1.32661
1782914100000,1.32662,1.32674,1.32652,1.32661
1782914160000,1.32662,1.32687,1.32661,1.32679
1782914220000,1.32679,1.32691,1.32671,1.32671
1782914280000,1.32671,1.32671,1.32623,1.32632
1782914340000,1.32631,1.32643,1.32628,1.32634
1782914400000,1.32634,1.32724,1.32633,1.32691
1782914460000,1.3269,1.32694,1.3265,1.32652
1782914520000,1.32649,1.32652,1.32624,1.32635
1782914580000,1.32636,1.32665,1.32632,1.32639
1782914640000,1.32643,1.32661,1.32634,1.32641
1782914700000,1.3264,1.32664,1.32628,1.32656
1782914760000,1.32655,1.32709,1.32652,1.32689
1782914820000,1.32689,1.32708,1.32688,1.32691
1782914880000,1.32693,1.32714,1.32691,1.3271
1782914940000,1.32712,1.32744,1.32705,1.32742
1782915000000,1.32742,1.3277,1.32742,1.32756
1782915060000,1.32756,1.32756,1.32722,1.32722
1782915120000,1.32722,1.32746,1.32721,1.32725
1782915180000,1.32726,1.32746,1.32716,1.32739
1782915240000,1.32741,1.32752,1.32723,1.32737
1782915300000,1.32734,1.32734,1.327,1.32731
1782915360000,1.3273,1.3275,1.32716,1.32727
1782915420000,1.32726,1.32737,1.32705,1.32734
1782915480000,1.32734,1.32774,1.32733,1.32746
1782915540000,1.32747,1.32754,1.32716,1.32727
1782915600000,1.32728,1.32792,1.32725,1.32773
1782915660000,1.32774,1.32778,1.32759,1.32766
1782915720000,1.32765,1.32767,1.32734,1.32757
1782915780000,1.32757,1.32774,1.32748,1.32765
1782915840000,1.32768,1.32795,1.32757,1.32757
1782915900000,1.32758,1.32766,1.32733,1.32738
1782915960000,1.32736,1.32746,1.32726,1.32746
1782916020000,1.32744,1.32747,1.32729,1.32734
1782916080000,1.32736,1.32737,1.32714,1.32715
1782916140000,1.32715,1.3273,1.32707,1.32714
1782916200000,1.32715,1.32738,1.32709,1.32713
1782916260000,1.32714,1.3275,1.32713,1.32747
1782916320000,1.32748,1.32766,1.32743,1.32744
1782916380000,1.32745,1.32794,1.32745,1.32788
1782916440000,1.32788,1.32856,1.32788,1.32856
1782916500000,1.32855,1.32857,1.32811,1.32825
1782916560000,1.32824,1.32845,1.32815,1.32843
1782916620000,1.32843,1.32866,1.32841,1.32854
1782916680000,1.32854,1.3288,1.32838,1.32843
1782916740000,1.32843,1.32861,1.32841,1.32858
1782916800000,1.32857,1.32904,1.32857,1.329
1782916860000,1.32899,1.32918,1.32889,1.32895
1782916920000,1.32893,1.32896,1.32854,1.32855
1782916980000,1.32855,1.32855,1.32827,1.32827
1782917040000,1.32827,1.32831,1.32768,1.32774
1782917100000,1.32776,1.32822,1.32776,1.32778
1782917160000,1.32778,1.32807,1.32778,1.32805
1782917220000,1.32805,1.32834,1.32798,1.32805
1782917280000,1.32805,1.32805,1.32761,1.32775
1782917340000,1.3277,1.3277,1.3274,1.32742
1782917400000,1.32742,1.32744,1.327,1.32718
1782917460000,1.32717,1.32737,1.32707,1.32711
1782917520000,1.32712,1.32728,1.32704,1.32728
1782917580000,1.32727,1.32752,1.32704,1.32732
1782917640000,1.3273,1.32735,1.32702,1.32703
1782917700000,1.32701,1.32747,1.32698,1.32732
1782917760000,1.32733,1.32737,1.32709,1.32712
1782917820000,1.32712,1.32752,1.32693,1.32746
1782917880000,1.32746,1.32777,1.32742,1.32773
1782917940000,1.32772,1.32774,1.32762,1.32774
1782918000000,1.32774,1.3279,1.32773,1.32782
1782918060000,1.3278,1.3278,1.32747,1.32767
1782918120000,1.32767,1.32786,1.32745,1.32751
1782918180000,1.32748,1.32753,1.32732,1.32748
1782918240000,1.32749,1.32753,1.3273,1.32737
1782918300000,1.32735,1.32748,1.32723,1.32748
1782918360000,1.32748,1.32756,1.32737,1.3275
1782918420000,1.3275,1.32771,1.32694,1.32697
1782918480000,1.32695,1.32707,1.32685,1.32694
1782918540000,1.32695,1.32704,1.32679,1.32702
1782918600000,1.32701,1.32737,1.32701,1.32737
1782918660000,1.32737,1.32741,1.3272,1.32737
1782918720000,1.32737,1.32738,1.32716,1.32723
1782918780000,1.32723,1.32729,1.32703,1.32705
1782918840000,1.32706,1.32719,1.32704,1.32717
1782918900000,1.32717,1.32734,1.32713,1.32713
1782918960000,1.32713,1.32713,1.327,1.32704
1782919020000,1.32706,1.3273,1.32704,1.32716
1782919080000,1.32715,1.32721,1.32698,1.32714
1782919140000,1.32713,1.32721,1.32703,1.32706
1782919200000,1.32707,1.32741,1.32706,1.32733
1782919260000,1.32734,1.32764,1.32732,1.32742
1782919320000,1.32742,1.32745,1.32726,1.32729
1782919380000,1.32729,1.32741,1.32716,1.32716
1782919440000,1.32717,1.32748,1.32716,1.32746
1782919500000,1.32747,1.32767,1.32741,1.32765
1782919560000,1.32766,1.32777,1.32753,1.32772
1782919620000,1.32769,1.32779,1.32765,1.32776
1782919680000,1.32776,1.32776,1.32763,1.32768
1782919740000,1.32768,1.32788,1.32764,1.32785
1782919800000,1.32784,1.32791,1.32775,1.32787
1782919860000,1.32786,1.32806,1.32784,1.32799
1782919920000,1.32799,1.32815,1.32796,1.32804
1782919980000,1.32805,1.32805,1.32729,1.32732
1782920040000,1.32734,1.32739,1.32706,1.32706
1782920100000,1.32708,1.32739,1.32706,1.32725
1782920160000,1.32724,1.32736,1.32691,1.32697
1782920220000,1.32695,1.32705,1.32686,1.32701
1782920280000,1.327,1.32705,1.32693,1.32696
1782920340000,1.32696,1.32697,1.32673,1.32678
1782920400000,1.32679,1.32695,1.32672,1.32693
1782920460000,1.32694,1.32695,1.32661,1.32665
1782920520000,1.32666,1.32704,1.32664,1.32704
1782920580000,1.32703,1.32715,1.327,1.32704
1782920640000,1.32704,1.32706,1.32686,1.32705
1782920700000,1.32705,1.32734,1.32702,1.32723
1782920760000,1.32723,1.32742,1.32711,1.32711
1782920820000,1.3271,1.32717,1.32704,1.32711
1782920880000,1.3271,1.32717,1.32704,1.32706
1782920940000,1.32705,1.3273,1.327,1.32724
1782921000000,1.32727,1.32745,1.32724,1.3273
1782921060000,1.32732,1.32755,1.3273,1.32751
1782921120000,1.32753,1.32768,1.32751,1.32766
1782921180000,1.32767,1.32779,1.32762,1.32769
1782921240000,1.32768,1.32769,1.32751,1.32753
1782921300000,1.32755,1.32761,1.32736,1.32741
1782921360000,1.32742,1.32769,1.32739,1.32767
1782921420000,1.32767,1.3277,1.32756,1.32765
1782921480000,1.32764,1.32779,1.32761,1.32777
1782921540000,1.32777,1.32782,1.32762,1.32774
1782921600000,1.32776,1.32829,1.32774,1.32814
1782921660000,1.32815,1.32856,1.32804,1.32836
1782921720000,1.32837,1.32856,1.32827,1.32836
1782921780000,1.32838,1.32859,1.32813,1.32851
1782921840000,1.32855,1.32871,1.32829,1.32861
1782921900000,1.32862,1.32894,1.32862,1.32881
1782921960000,1.32881,1.32901,1.32877,1.32897
1782922020000,1.32895,1.32898,1.32872,1.32884
1782922080000,1.32882,1.32891,1.32865,1.32866
1782922140000,1.32865,1.32875,1.32853,1.32862
1782922200000,1.32861,1.32865,1.32836,1.32836
1782922260000,1.32838,1.32899,1.32836,1.32887
1782922320000,1.32889,1.32911,1.32889,1.32898
1782922380000,1.32897,1.32897,1.32865,1.32865
1782922440000,1.32868,1.32869,1.32844,1.32853
1782922500000,1.32854,1.32857,1.32799,1.32817
1782922560000,1.32817,1.32836,1.32807,1.3283
1782922620000,1.32829,1.32865,1.32829,1.32834
1782922680000,1.32833,1.32833,1.32813,1.32815
1782922740000,1.32818,1.32827,1.32813,1.32823
1782922800000,1.32824,1.32854,1.32824,1.32845
1782922860000,1.32845,1.32865,1.32845,1.32854
1782922920000,1.32854,1.32861,1.32842,1.32852
1782922980000,1.32851,1.32856,1.32835,1.32843
1782923040000,1.32843,1.3285,1.32832,1.32846
1782923100000,1.32844,1.32877,1.32843,1.32877
1782923160000,1.32877,1.32881,1.32863,1.32881
1782923220000,1.32883,1.32906,1.32883,1.32897
1782923280000,1.32898,1.32916,1.32898,1.32906
1782923340000,1.32907,1.32907,1.32876,1.32883
1782923400000,1.32881,1.32884,1.32872,1.32877
1782923460000,1.32878,1.32878,1.32868,1.32873
1782923520000,1.32874,1.3288,1.32861,1.32875
1782923580000,1.32875,1.32884,1.32872,1.32884
1782923640000,1.32884,1.32884,1.32869,1.32875
1782923700000,1.32874,1.32874,1.3285,1.32854
1782923760000,1.32855,1.32869,1.32852,1.32854
1782923820000,1.32859,1.32864,1.32854,1.32863
1782923880000,1.32864,1.32876,1.32862,1.32865
1782923940000,1.32866,1.32867,1.3285,1.32854
1782924000000,1.32856,1.32871,1.32853,1.32864
1782924060000,1.32863,1.32865,1.32844,1.32854
1782924120000,1.32857,1.32873,1.32855,1.32857
1782924180000,1.32859,1.3286,1.32848,1.32848
1782924240000,1.32848,1.32854,1.32815,1.32825
1782924300000,1.32827,1.32842,1.32825,1.32833
1782924360000,1.32833,1.32845,1.32831,1.32843
1782924420000,1.32848,1.32865,1.32843,1.32854
1782924480000,1.32853,1.32869,1.32848,1.32849
1782924540000,1.3285,1.32854,1.32841,1.32844
1782924600000,1.32845,1.32848,1.32824,1.32835
1782924660000,1.32834,1.32841,1.32828,1.32834
1782924720000,1.32835,1.32835,1.32813,1.32821
1782924780000,1.32823,1.32831,1.3282,1.32825
1782924840000,1.32825,1.32828,1.32813,1.32818
1782924900000,1.32817,1.32834,1.32816,1.32824
1782924960000,1.32826,1.3283,1.32816,1.32827
1782925020000,1.32827,1.32834,1.32822,1.32829
1782925080000,1.3283,1.32843,1.32815,1.32818
1782925140000,1.32818,1.3282,1.32802,1.32811
1782925200000,1.32811,1.32836,1.32811,1.32834
1782925260000,1.32833,1.32838,1.32825,1.32836
1782925320000,1.3284,1.32853,1.32832,1.32844
1782925380000,1.32843,1.32844,1.32825,1.32834
1782925440000,1.32832,1.32845,1.3283,1.32841
1782925500000,1.32841,1.32847,1.32833,1.32845
1782925560000,1.32844,1.3285,1.32832,1.32835
1782925620000,1.32839,1.32848,1.32824,1.32836
1782925680000,1.32837,1.32843,1.32826,1.32828
1782925740000,1.32827,1.32833,1.3282,1.32824
1782925800000,1.32822,1.32824,1.32791,1.32807
1782925860000,1.32806,1.32808,1.32801,1.32806
1782925920000,1.32807,1.32814,1.32805,1.32812
1782925980000,1.32811,1.32811,1.32786,1.32802
1782926040000,1.32803,1.32822,1.32803,1.32809
1782926100000,1.3281,1.32821,1.32798,1.32815
1782926160000,1.32817,1.32829,1.32812,1.32828
1782926220000,1.32827,1.32829,1.32818,1.32823
1782926280000,1.32823,1.32825,1.32813,1.32815
1782926340000,1.32814,1.32826,1.32806,1.32825
1782926400000,1.32824,1.3283,1.32822,1.32822
1782926460000,1.32822,1.32824,1.32806,1.32806
1782926520000,1.32807,1.32812,1.32804,1.32805
1782926580000,1.32805,1.32811,1.32805,1.32806
1782926640000,1.32811,1.32821,1.3281,1.32812
1782926700000,1.32812,1.32813,1.32798,1.3281
1782926760000,1.32811,1.32819,1.32811,1.32813
1782926820000,1.32812,1.32814,1.3281,1.32812
1782926880000,1.32812,1.32822,1.32812,1.32813
1782926940000,1.32813,1.32818,1.32812,1.32812
1782927000000,1.32813,1.32829,1.32812,1.32822
1782927060000,1.32823,1.32823,1.32807,1.3281
1782927120000,1.32809,1.32818,1.32805,1.32818
1782927180000,1.32816,1.32824,1.32816,1.32823
1782927240000,1.32822,1.32825,1.32819,1.32822
1782927300000,1.32822,1.32823,1.32812,1.32813
1782927360000,1.32814,1.32824,1.32814,1.32824
1782927420000,1.32823,1.32824,1.32807,1.32815
1782927480000,1.32815,1.32822,1.32807,1.32813
1782927540000,1.32813,1.32813,1.32797,1.32801
1782927600000,1.32802,1.32805,1.32801,1.32805
1782927660000,1.32804,1.32808,1.32792,1.32792
1782927720000,1.32794,1.32795,1.32789,1.32789
1782927780000,1.32789,1.32795,1.32787,1.32791
1782927840000,1.32789,1.32789,1.32772,1.32776
1782927900000,1.32775,1.32794,1.32772,1.32794
1782927960000,1.32792,1.32803,1.32792,1.32798
1782928020000,1.32796,1.328,1.32795,1.32796
1782928080000,1.32795,1.32807,1.32795,1.32807
1782928140000,1.32805,1.32806,1.32795,1.32799
1782928200000,1.328,1.32803,1.32796,1.32799
1782928260000,1.328,1.32803,1.32791,1.32791
1782928320000,1.32793,1.32793,1.32784,1.32788
1782928380000,1.32789,1.32796,1.32784,1.32793
1782928440000,1.32793,1.32794,1.32783,1.32791
1782928500000,1.32792,1.32796,1.3279,1.32795
1782928560000,1.32793,1.32804,1.32792,1.32804
1782928620000,1.32802,1.32802,1.32781,1.32785
1782928680000,1.32784,1.32786,1.32778,1.32781
1782928740000,1.32781,1.32786,1.32773,1.32773
1782928800000,1.32775,1.32778,1.32771,1.32777
1782928860000,1.32776,1.32784,1.32774,1.32781
1782928920000,1.32781,1.32782,1.32771,1.32775
1782928980000,1.32775,1.32795,1.32774,1.32785
1782929040000,1.32784,1.32786,1.3278,1.32784
1782929100000,1.32784,1.32784,1.32771,1.32771
1782929160000,1.32771,1.32771,1.32763,1.32771
1782929220000,1.3277,1.3277,1.32763,1.32764
1782929280000,1.32764,1.32766,1.32757,1.32761
1782929340000,1.32759,1.3276,1.32751,1.32754
1782929400000,1.32754,1.32757,1.32751,1.32756
1782929460000,1.32754,1.32756,1.32742,1.32743
1782929520000,1.32743,1.32745,1.32733,1.32735
1782929580000,1.32735,1.32751,1.3273,1.32751
1782929640000,1.32751,1.32754,1.32749,1.32749
1782929700000,1.3275,1.3275,1.32735,1.32737
1782929760000,1.32736,1.32736,1.32732,1.32732
1782929820000,1.32729,1.32732,1.32726,1.3273
1782929880000,1.3273,1.32731,1.32715,1.32718
1782929940000,1.32718,1.32725,1.32711,1.32722
1782930000000,1.32721,1.32731,1.32721,1.3273
1782930060000,1.3273,1.32732,1.32726,1.32731
1782930120000,1.32735,1.32741,1.3273,1.32731
1782930180000,1.32732,1.32732,1.32718,1.32718
1782930240000,1.3272,1.32731,1.32714,1.32729
1782930300000,1.32731,1.32734,1.32722,1.32724
1782930360000,1.32723,1.32728,1.32713,1.32718
1782930420000,1.32717,1.32723,1.32715,1.32722
1782930480000,1.32722,1.32732,1.3272,1.32732
1782930540000,1.32731,1.3274,1.32728,1.32736
1782930600000,1.32735,1.32737,1.3273,1.32732
1782930660000,1.32733,1.32741,1.32732,1.32735
1782930720000,1.32735,1.32739,1.32734,1.32735
1782930780000,1.32736,1.32754,1.32736,1.32754
1782930840000,1.32753,1.32753,1.32741,1.32743
1782930900000,1.32742,1.32751,1.32742,1.32745
1782930960000,1.32747,1.32749,1.32741,1.32749
1782931020000,1.32751,1.32757,1.3275,1.32755
1782931080000,1.32758,1.32758,1.32752,1.32753
1782931140000,1.32753,1.32758,1.32751,1.32753
1782931200000,1.32753,1.32766,1.32749,1.32765
1782931260000,1.32765,1.32783,1.32765,1.32765
1782931320000,1.32766,1.32771,1.32761,1.32764
1782931380000,1.32765,1.32773,1.32762,1.32772
1782931440000,1.32775,1.32784,1.32764,1.32784
1782931500000,1.32785,1.32785,1.3277,1.3277
1782931560000,1.32771,1.32779,1.32771,1.32776
1782931620000,1.32777,1.32781,1.32774,1.32776
1782931680000,1.32776,1.32778,1.3277,1.32775
1782931740000,1.32774,1.32782,1.3277,1.32771
1782931800000,1.32771,1.32774,1.3276,1.32761
1782931860000,1.32762,1.32766,1.32751,1.32752
1782931920000,1.32752,1.32766,1.3275,1.32761
1782931980000,1.32759,1.32762,1.32751,1.32754
1782932040000,1.32755,1.32759,1.32745,1.32749
1782932100000,1.3275,1.32755,1.32749,1.32752
1782932160000,1.32753,1.3277,1.3275,1.32769
1782932220000,1.3277,1.32781,1.32768,1.3278
1782932280000,1.32778,1.32788,1.32778,1.32784
1782932340000,1.32781,1.32783,1.32769,1.32778
1782932400000,1.3278,1.32801,1.32778,1.32789
1782932460000,1.32789,1.32789,1.3278,1.32783
1782932520000,1.32784,1.32801,1.32783,1.32797
1782932580000,1.328,1.328,1.3278,1.3278
1782932640000,1.32782,1.32789,1.32778,1.3278
1782932700000,1.32779,1.32784,1.32776,1.32783
1782932760000,1.3278,1.32784,1.32778,1.32781
1782932820000,1.32779,1.32783,1.32778,1.32781
1782932880000,1.32783,1.32791,1.3278,1.32789
1782932940000,1.32791,1.32799,1.32789,1.32797
1782933000000,1.32799,1.32799,1.32789,1.32791
1782933060000,1.32788,1.3279,1.32776,1.32779
1782933120000,1.32779,1.3279,1.32778,1.3279
1782933180000,1.32788,1.3279,1.32782,1.32784
1782933240000,1.32785,1.3279,1.32783,1.32789
1782933300000,1.32788,1.328,1.32784,1.32798
1782933360000,1.32798,1.32808,1.32795,1.32804
1782933420000,1.32804,1.32806,1.32789,1.32792
1782933480000,1.32793,1.32795,1.32792,1.32793
1782933540000,1.32794,1.32797,1.32791,1.32795
1782933600000,1.32795,1.32806,1.32793,1.32801
1782933660000,1.32801,1.32807,1.328,1.32805
1782933720000,1.32807,1.32814,1.32799,1.32813
1782933780000,1.32815,1.32815,1.32798,1.32799
1782933840000,1.32799,1.32808,1.32799,1.32803
1782933900000,1.32806,1.32808,1.32802,1.32802
1782933960000,1.32803,1.32808,1.32796,1.32804
1782934020000,1.32805,1.32808,1.32804,1.32807
1782934080000,1.32807,1.32809,1.32803,1.32806
1782934140000,1.32807,1.32821,1.32807,1.32812
1782934200000,1.32813,1.32817,1.32809,1.3281
1782934260000,1.32811,1.32813,1.328,1.32802
1782934320000,1.32803,1.32811,1.32801,1.3281
1782934380000,1.32812,1.32819,1.32811,1.32819
1782934440000,1.32818,1.32818,1.32811,1.32814
1782934500000,1.32813,1.32818,1.3281,1.32813
1782934560000,1.32814,1.32819,1.32812,1.32816
1782934620000,1.32817,1.32819,1.32812,1.32816
1782934680000,1.32814,1.32818,1.32811,1.32811
1782934740000,1.32812,1.32815,1.3281,1.3281
1782934800000,1.3281,1.3281,1.32801,1.32804
1782934860000,1.32803,1.3281,1.32802,1.32803
1782934920000,1.32802,1.32805,1.32801,1.32803
1782934980000,1.32802,1.32804,1.32794,1.32804
1782935040000,1.32805,1.3281,1.32804,1.3281
1782935100000,1.32812,1.32812,1.32797,1.32799
1782935160000,1.328,1.32801,1.32799,1.32801
1782935220000,1.32802,1.3281,1.32802,1.3281
1782935280000,1.32811,1.32811,1.32804,1.32804
1782935340000,1.32802,1.32806,1.32802,1.32805
1782935400000,1.32807,1.32808,1.32792,1.32792
1782935460000,1.32792,1.32798,1.3279,1.3279
1782935520000,1.32789,1.32789,1.32767,1.3277
1782935580000,1.32771,1.32787,1.3277,1.32783
1782935640000,1.32783,1.32783,1.32779,1.3278
1782935700000,1.32778,1.32778,1.3277,1.32775
1782935760000,1.32777,1.32785,1.32774,1.32785
1782935820000,1.32784,1.32787,1.32772,1.32782
1782935880000,1.32782,1.32785,1.3278,1.3278
1782935940000,1.3278,1.32784,1.32777,1.32781
1782936000000,1.32779,1.32789,1.32776,1.32789
1782936060000,1.3279,1.3279,1.32772,1.32778
1782936120000,1.32781,1.32781,1.32773,1.32773
1782936180000,1.32776,1.32781,1.32774,1.32778
1782936240000,1.32776,1.32781,1.32776,1.32778
1782936300000,1.32777,1.3278,1.32773,1.32779
1782936360000,1.32775,1.32787,1.32774,1.32787
1782936420000,1.32791,1.32799,1.32791,1.32799
1782936480000,1.32798,1.32798,1.32791,1.32793
1782936540000,1.32791,1.32794,1.32781,1.32781
1782936600000,1.32784,1.32791,1.32784,1.32789
1782936660000,1.32788,1.32788,1.32782,1.32782
1782936720000,1.32783,1.32785,1.32782,1.32785
1782936780000,1.32785,1.32785,1.32781,1.32781
1782936840000,1.32783,1.32787,1.32783,1.32785
1782936900000,1.32785,1.32793,1.32785,1.3279
1782936960000,1.3279,1.32793,1.32783,1.32785
1782937020000,1.32785,1.32789,1.3278,1.32782
1782937080000,1.32781,1.32785,1.32781,1.32782
1782937140000,1.32782,1.32785,1.3278,1.3278
1782937200000,1.3278,1.3278,1.3278,1.3278
1782937260000,1.32781,1.32781,1.32781,1.32781
1782937320000,1.32781,1.32781,1.32772,1.32781
1782937380000,1.32781,1.32791,1.32781,1.32791
1782937440000,1.3279,1.3279,1.32783,1.32789
1782937500000,1.32789,1.3279,1.32789,1.32789
1782937560000,1.32788,1.32791,1.32787,1.3279
1782937620000,1.32791,1.32792,1.3279,1.3279
1782937680000,1.32789,1.32796,1.32789,1.32791
1782937740000,1.32791,1.32791,1.32788,1.32791
1782937800000,1.32789,1.32791,1.32788,1.32789
1782937860000,1.32789,1.32791,1.32788,1.32791
1782937920000,1.32791,1.328,1.3279,1.328
1782937980000,1.32799,1.32801,1.32791,1.32791
1782938040000,1.32791,1.32791,1.32788,1.3279
1782938100000,1.32789,1.32789,1.32777,1.32777
1782938160000,1.32778,1.32779,1.32767,1.3277
1782938220000,1.32771,1.32779,1.32771,1.32779
1782938280000,1.32779,1.3278,1.3276,1.32762
1782938340000,1.32761,1.32768,1.32759,1.32766
1782938400000,1.32768,1.32768,1.32737,1.32738
1782938460000,1.32738,1.32738,1.32718,1.32718
1782938520000,1.32718,1.32726,1.327,1.32726
1782938580000,1.32726,1.32734,1.32716,1.32718
1782938640000,1.32718,1.32718,1.32685,1.32699
1782938700000,1.327,1.32708,1.32699,1.32708
1782938760000,1.3271,1.32711,1.32701,1.32707
1782938820000,1.32707,1.32709,1.32702,1.32708
1782938880000,1.3271,1.32716,1.32708,1.32716
1782938940000,1.32718,1.32738,1.32718,1.32738
1782939000000,1.32738,1.32757,1.32738,1.32749
1782939060000,1.32754,1.32756,1.32746,1.3275
1782939120000,1.32751,1.32751,1.32748,1.32749
1782939180000,1.32747,1.32747,1.32738,1.32738
1782939240000,1.32737,1.32739,1.32737,1.32739
1782939300000,1.32739,1.3274,1.32732,1.3274
1782939360000,1.3274,1.32742,1.32737,1.32742
1782939420000,1.3274,1.32751,1.3274,1.32749
1782939480000,1.32751,1.32755,1.32746,1.32751
1782939540000,1.32752,1.32753,1.32737,1.32739
1782939600000,1.32739,1.32739,1.3273,1.32732
1782939660000,1.32732,1.32732,1.32732,1.32732
1782939720000,1.32732,1.32732,1.32732,1.32732
1782939780000,1.32732,1.32732,1.32732,1.32732
1782939840000,1.32672,1.32672,1.32589,1.32589
1782939900000,1.3263,1.32731,1.32628,1.32704
1782939960000,1.32704,1.32706,1.32677,1.32706
1782940020000,1.32689,1.32689,1.32653,1.32654
1782940080000,1.32654,1.327,1.32653,1.32687
1782940140000,1.32688,1.32697,1.32688,1.32697
1782940200000,1.32698,1.32698,1.3269,1.32698
1782940260000,1.32696,1.32704,1.3269,1.327
1782940320000,1.32695,1.32728,1.32695,1.32728
1782940380000,1.32728,1.32728,1.32687,1.32698
1782940440000,1.32701,1.32701,1.327,1.327
1782940500000,1.32731,1.328,1.32709,1.32743
1782940560000,1.32754,1.32754,1.327,1.32723
1782940620000,1.32724,1.32726,1.32723,1.32726
1782940680000,1.32729,1.3273,1.32728,1.3273
1782940740000,1.32729,1.32731,1.32724,1.32726
1782940800000,1.32724,1.32726,1.32724,1.32726
1782940860000,1.32709,1.32731,1.32709,1.32716
1782940920000,1.32713,1.32719,1.32705,1.32705
1782940980000,1.32711,1.32718,1.32705,1.32717
1782941040000,1.32715,1.3272,1.32715,1.32717
1782941100000,1.32716,1.32718,1.32714,1.32715
1782941160000,1.32714,1.32722,1.32714,1.32716
1782941220000,1.32724,1.3275,1.32715,1.32744
1782941280000,1.32733,1.32744,1.32732,1.32737
1782941340000,1.32739,1.32746,1.32737,1.32741
1782941400000,1.32741,1.32746,1.32738,1.32744
1782941460000,1.32745,1.32753,1.32743,1.32748
1782941520000,1.32748,1.32757,1.32746,1.32752
1782941580000,1.32745,1.32756,1.32745,1.32756
1782941640000,1.32751,1.32752,1.32751,1.32752
1782941700000,1.32752,1.3277,1.32752,1.32762
1782941760000,1.32763,1.32763,1.32748,1.32757
1782941820000,1.32758,1.32785,1.32752,1.32758
1782941880000,1.3277,1.3277,1.32752,1.32758
1782941940000,1.32772,1.32772,1.32753,1.32759
1782942000000,1.32741,1.32778,1.32741,1.3277
1782942060000,1.32772,1.32785,1.32763,1.32769
1782942120000,1.32766,1.32793,1.32765,1.32769
1782942180000,1.32766,1.32772,1.32765,1.32772
1782942240000,1.32772,1.32774,1.32765,1.3277
1782942300000,1.32774,1.32782,1.32766,1.32777
1782942360000,1.32781,1.32787,1.32781,1.32787
1782942420000,1.32785,1.32787,1.32776,1.32777
1782942480000,1.32778,1.32778,1.32778,1.32778
1782942540000,1.32776,1.32789,1.32776,1.32783
1782942600000,1.32786,1.32789,1.3278,1.32789
1782942660000,1.32789,1.3279,1.32789,1.3279
1782942720000,1.3279,1.3279,1.32785,1.32785
1782942780000,1.32786,1.32787,1.32785,1.32787
1782942840000,1.32788,1.32795,1.32787,1.32792
1782942900000,1.32785,1.32793,1.32782,1.32789
1782942960000,1.32794,1.32799,1.32782,1.32796
1782943020000,1.32797,1.32797,1.32783,1.32784
1782943080000,1.32782,1.32787,1.3268,1.32725
1782943140000,1.32728,1.32783,1.32677,1.32677
1782943200000,1.3271,1.32775,1.32692,1.32767
1782943260000,1.32767,1.32767,1.32756,1.32757
1782943320000,1.32758,1.32761,1.32757,1.32757
1782943380000,1.32757,1.32757,1.32749,1.32749
1782943440000,1.32751,1.32751,1.32747,1.32749
1782943500000,1.3275,1.32756,1.32748,1.32756
1782943560000,1.32757,1.32758,1.32756,1.32757
1782943620000,1.32757,1.32757,1.32756,1.32757
1782943680000,1.32757,1.32773,1.32757,1.32772
1782943740000,1.32771,1.32778,1.32769,1.32773
1782943800000,1.32772,1.32772,1.32768,1.32769
1782943860000,1.32769,1.32769,1.32769,1.32769
1782943920000,1.32769,1.32769,1.32767,1.32768
1782943980000,1.32768,1.32768,1.32766,1.32766
1782944040000,1.32767,1.32768,1.32765,1.32765
1782944100000,1.32766,1.32766,1.32766,1.32766
1782944160000,1.32766,1.32768,1.32765,1.32766
1782944220000,1.32766,1.32769,1.32766,1.32769
1782944280000,1.32771,1.32773,1.32767,1.32772
1782944340000,1.32773,1.32778,1.32772,1.32776
1782944400000,1.32777,1.3278,1.32775,1.3278
1782944460000,1.3278,1.32781,1.3278,1.32781
1782944520000,1.3278,1.3278,1.32779,1.32779
1782944580000,1.32781,1.32787,1.32781,1.32787
1782944640000,1.32787,1.3279,1.32787,1.3279
1782944700000,1.32789,1.32789,1.32787,1.32788
1782944760000,1.32789,1.32789,1.32787,1.32788
1782944820000,1.32789,1.32789,1.32789,1.32789
1782944880000,1.32789,1.3279,1.32788,1.32788
1782944940000,1.32788,1.32789,1.32788,1.32788
1782945000000,1.32788,1.32788,1.32788,1.32788
1782945060000,1.32788,1.32788,1.32781,1.32783
1782945120000,1.32786,1.32789,1.32785,1.32788
1782945180000,1.32788,1.32788,1.32788,1.32788
1782945240000,1.32788,1.32788,1.32788,1.32788
1782945300000,1.32789,1.32789,1.32789,1.32789
1782945360000,1.3279,1.3279,1.32788,1.32788
1782945420000,1.32789,1.3279,1.32788,1.32789
1782945480000,1.32789,1.32789,1.32788,1.32788
1782945540000,1.32787,1.32789,1.32787,1.32789
1782945600000,1.3279,1.3279,1.32788,1.32788
1782945660000,1.32789,1.32789,1.32788,1.32789
1782945720000,1.32789,1.32789,1.32789,1.32789
1782945780000,1.32789,1.32789,1.32789,1.32789
1782945840000,1.32789,1.32789,1.32789,1.32789
1782945900000,1.32791,1.32791,1.32789,1.32789
1782945960000,1.32787,1.32789,1.32787,1.32789
1782946020000,1.32787,1.32789,1.32787,1.32789
1782946080000,1.32788,1.3279,1.32787,1.32789
1782946140000,1.3279,1.3279,1.3279,1.3279
1782946200000,1.3279,1.3279,1.32788,1.32788
1782946260000,1.32788,1.32789,1.32788,1.32789
1782946320000,1.32788,1.32789,1.32788,1.32788
1782946380000,1.32787,1.32787,1.32787,1.32787
1782946440000,1.32788,1.32789,1.32788,1.32789
1782946500000,1.32788,1.32789,1.32788,1.32788
1782946560000,1.32789,1.32789,1.32789,1.32789
1782946620000,1.32789,1.32789,1.32788,1.32788
1782946680000,1.32788,1.3279,1.32788,1.3279
1782946740000,1.32791,1.32795,1.32791,1.32793
1782946800000,1.32795,1.32795,1.32791,1.32793
1782946860000,1.32792,1.32794,1.32792,1.32794
1782946920000,1.32793,1.32793,1.32791,1.32791
1782946980000,1.32791,1.32791,1.32791,1.32791
1782947040000,1.32791,1.32791,1.32791,1.32791
1782947100000,1.3279,1.3279,1.3279,1.3279
1782947160000,1.3279,1.3279,1.3279,1.3279
1782947220000,1.3279,1.3279,1.3279,1.3279
1782947280000,1.3279,1.3279,1.3279,1.3279
1782947340000,1.32788,1.32788,1.32788,1.32788
1782947400000,1.3279,1.3279,1.32779,1.3278
1782947460000,1.32781,1.32781,1.3278,1.32781
1782947520000,1.32782,1.32791,1.32782,1.32791
1782947580000,1.3279,1.3279,1.32788,1.32788
1782947640000,1.32788,1.32788,1.32788,1.32788
1782947700000,1.32787,1.32789,1.32787,1.32788
1782947760000,1.32789,1.32789,1.32788,1.32788
1782947820000,1.32787,1.32787,1.32778,1.3278
1782947880000,1.32782,1.32782,1.32781,1.32781
1782947940000,1.32782,1.32788,1.3278,1.32788
1782948000000,1.32786,1.32786,1.32782,1.32782
1782948060000,1.32783,1.32785,1.32783,1.32785
1782948120000,1.32787,1.32788,1.32781,1.32781
1782948180000,1.32781,1.32781,1.32781,1.32781
1782948240000,1.32785,1.32788,1.32782,1.32782
1782948300000,1.32783,1.32783,1.32783,1.32783
1782948360000,1.32784,1.32788,1.32784,1.32788
1782948420000,1.32787,1.32787,1.32786,1.32787
1782948480000,1.32788,1.32788,1.32788,1.32788
1782948540000,1.32793,1.32796,1.32788,1.32792
1782948600000,1.32792,1.32797,1.3279,1.32791
1782948660000,1.32794,1.32794,1.32788,1.32788
1782948720000,1.32789,1.32789,1.32789,1.32789
1782948780000,1.32788,1.3279,1.32788,1.3279
1782948840000,1.32789,1.3279,1.32789,1.3279
1782948900000,1.3279,1.3279,1.32788,1.32788
1782948960000,1.3279,1.3279,1.32788,1.32788
1782949020000,1.32789,1.32789,1.32787,1.32789
1782949080000,1.3279,1.3279,1.32788,1.32789
1782949140000,1.32789,1.32789,1.32789,1.32789
1782949200000,1.3279,1.3279,1.32788,1.32788
1782949260000,1.32788,1.32788,1.32788,1.32788
1782949320000,1.32791,1.32792,1.32791,1.32792
1782949380000,1.32791,1.32791,1.32782,1.32783
1782949440000,1.32783,1.32792,1.32783,1.32792
1782949500000,1.32792,1.32793,1.3279,1.3279
1782949560000,1.32789,1.32789,1.32782,1.32788
1782949620000,1.32789,1.32792,1.32787,1.32792
1782949680000,1.32794,1.32794,1.32792,1.32792
1782949740000,1.3279,1.32791,1.32789,1.32789
1782949800000,1.32788,1.3279,1.32788,1.32789
1782949860000,1.32788,1.3279,1.32788,1.32789
1782949920000,1.32787,1.32787,1.32768,1.32776
1782949980000,1.32777,1.32786,1.32776,1.32779
1782950040000,1.32779,1.32783,1.32778,1.32783
1782950100000,1.32783,1.3279,1.32778,1.3279
1782950160000,1.32789,1.32789,1.32788,1.32788
1782950220000,1.32787,1.32789,1.32783,1.32784
1782950280000,1.32783,1.32785,1.32781,1.32783
1782950340000,1.32782,1.32783,1.32778,1.3278
1783296000000,1.3352,1.33525,1.335,1.335
1783296060000,1.33502,1.33517,1.33501,1.33514
1783296120000,1.33514,1.33525,1.33509,1.33513
1783296180000,1.33511,1.33516,1.33499,1.3351
1783296240000,1.33509,1.33514,1.33486,1.33489
1783296300000,1.33488,1.33499,1.33487,1.33488
1783296360000,1.33489,1.33489,1.33481,1.33483
1783296420000,1.33483,1.33487,1.33473,1.33473
1783296480000,1.33472,1.33479,1.33472,1.33478
1783296540000,1.3348,1.33483,1.33462,1.33464
1783296600000,1.33464,1.33479,1.33461,1.33476
1783296660000,1.33479,1.33483,1.33474,1.33482
1783296720000,1.33483,1.33483,1.33473,1.33479
1783296780000,1.33482,1.33498,1.33481,1.33498
1783296840000,1.33497,1.33503,1.33493,1.33503
1783296900000,1.33504,1.33526,1.33504,1.33522
1783296960000,1.33523,1.33553,1.3352,1.3355
1783297020000,1.33553,1.33564,1.33545,1.33545
1783297080000,1.33544,1.33545,1.33522,1.33526
1783297140000,1.33525,1.3353,1.33519,1.33523
1783297200000,1.33523,1.33526,1.33519,1.33526
1783297260000,1.33523,1.33528,1.33513,1.33526
1783297320000,1.33527,1.33528,1.33518,1.33522
1783297380000,1.33519,1.33519,1.3351,1.33513
1783297440000,1.33513,1.33514,1.33506,1.3351
1783297500000,1.3351,1.33514,1.335,1.335
1783297560000,1.33501,1.33502,1.33487,1.33487
1783297620000,1.33486,1.33499,1.33486,1.33495
1783297680000,1.33498,1.33503,1.33495,1.33503
1783297740000,1.33503,1.33528,1.33501,1.33528
1783297800000,1.33528,1.33557,1.33524,1.33539
1783297860000,1.33538,1.33539,1.33516,1.33522
1783297920000,1.33522,1.3354,1.33521,1.33534
1783297980000,1.33533,1.33548,1.33533,1.33535
1783298040000,1.33533,1.33535,1.33526,1.33528
1783298100000,1.33528,1.33528,1.33515,1.33521
1783298160000,1.3352,1.3353,1.3351,1.33529
1783298220000,1.33528,1.33543,1.33526,1.3354
1783298280000,1.3354,1.33546,1.33521,1.33524
1783298340000,1.33523,1.33536,1.33522,1.33532
1783298400000,1.3353,1.33542,1.3353,1.33541
1783298460000,1.33539,1.33547,1.33539,1.33543
1783298520000,1.33544,1.33544,1.33536,1.33539
1783298580000,1.33537,1.33542,1.33531,1.33534
1783298640000,1.33535,1.33543,1.33533,1.33538
1783298700000,1.33537,1.33543,1.33532,1.33532
1783298760000,1.33532,1.33543,1.33532,1.33541
1783298820000,1.33538,1.3354,1.33537,1.33538
1783298880000,1.33537,1.33541,1.33526,1.33526
1783298940000,1.33525,1.33526,1.33509,1.33516
1783299000000,1.33514,1.33517,1.33506,1.33511
1783299060000,1.33512,1.33519,1.3351,1.3351
1783299120000,1.3351,1.33529,1.33504,1.33523
1783299180000,1.33522,1.33525,1.33518,1.33524
1783299240000,1.33526,1.33528,1.33509,1.33519
1783299300000,1.33521,1.3354,1.3352,1.33533
1783299360000,1.33532,1.33542,1.33519,1.33522
1783299420000,1.33521,1.3353,1.33514,1.33528
1783299480000,1.33527,1.33527,1.33517,1.33519
1783299540000,1.3352,1.33531,1.3352,1.33525
1783299600000,1.33527,1.33529,1.3351,1.3351
1783299660000,1.3351,1.33517,1.3351,1.33512
1783299720000,1.33513,1.33519,1.33509,1.33516
1783299780000,1.33514,1.33516,1.33507,1.3351
1783299840000,1.33511,1.33519,1.33507,1.33507
1783299900000,1.33507,1.33513,1.33503,1.33506
1783299960000,1.33505,1.33513,1.335,1.33502
1783300020000,1.33502,1.33504,1.33491,1.33494
1783300080000,1.33492,1.33515,1.33492,1.33506
1783300140000,1.33506,1.33509,1.33502,1.33509
1783300200000,1.33511,1.33538,1.33511,1.33529
1783300260000,1.3353,1.33531,1.33514,1.33514
1783300320000,1.33512,1.33518,1.33493,1.33502
1783300380000,1.33502,1.33519,1.33501,1.33516
1783300440000,1.33516,1.33523,1.33516,1.3352
1783300500000,1.33519,1.3352,1.335,1.33503
1783300560000,1.33505,1.33509,1.3349,1.33491
1783300620000,1.33492,1.33492,1.33472,1.33472
1783300680000,1.33477,1.33491,1.33477,1.3349
1783300740000,1.33493,1.33495,1.33471,1.33476
1783300800000,1.33476,1.33479,1.3346,1.33464
1783300860000,1.33463,1.33467,1.33446,1.33447
1783300920000,1.33448,1.33452,1.33441,1.33444
1783300980000,1.33444,1.33447,1.33435,1.33437
1783301040000,1.33436,1.33449,1.33434,1.33447
1783301100000,1.33448,1.33449,1.33435,1.33435
1783301160000,1.33433,1.33438,1.33415,1.33424
1783301220000,1.33424,1.33427,1.33419,1.33423
1783301280000,1.33423,1.33435,1.33421,1.33433
1783301340000,1.33433,1.33438,1.33429,1.33438
1783301400000,1.33436,1.3344,1.33411,1.3342
1783301460000,1.3342,1.3344,1.33419,1.3344
1783301520000,1.33439,1.33449,1.33432,1.33439
1783301580000,1.33439,1.3344,1.33432,1.33434
1783301640000,1.33435,1.33437,1.33423,1.33431
1783301700000,1.33431,1.33441,1.33428,1.33431
1783301760000,1.33431,1.33438,1.33426,1.33433
1783301820000,1.33437,1.3346,1.33436,1.3346
1783301880000,1.33459,1.33469,1.33459,1.33463
1783301940000,1.33462,1.3347,1.33459,1.33468
1783302000000,1.33469,1.33471,1.33458,1.33463
1783302060000,1.33462,1.33468,1.33461,1.33465
1783302120000,1.33465,1.33467,1.33457,1.33462
1783302180000,1.33463,1.33466,1.33453,1.33459
1783302240000,1.33459,1.3347,1.33459,1.33464
1783302300000,1.33465,1.33465,1.33455,1.33458
1783302360000,1.33456,1.33456,1.33448,1.33451
1783302420000,1.33452,1.33463,1.33451,1.33462
1783302480000,1.33461,1.33463,1.33452,1.33456
1783302540000,1.33456,1.33457,1.33433,1.33434
1783302600000,1.33434,1.33436,1.3342,1.33421
1783302660000,1.3342,1.33421,1.33412,1.33419
1783302720000,1.33419,1.33422,1.3341,1.33412
1783302780000,1.33412,1.33423,1.33408,1.33409
1783302840000,1.3341,1.33414,1.33409,1.33412
1783302900000,1.33414,1.33417,1.33408,1.33414
1783302960000,1.33413,1.33419,1.33408,1.33408
1783303020000,1.3341,1.33412,1.33399,1.33403
1783303080000,1.33403,1.33403,1.33387,1.33393
1783303140000,1.33394,1.33396,1.33392,1.33392
1783303200000,1.33393,1.33412,1.3339,1.33411
1783303260000,1.3341,1.33414,1.33409,1.33412
1783303320000,1.33412,1.33422,1.33408,1.33421
1783303380000,1.33421,1.33423,1.33416,1.33423
1783303440000,1.33424,1.33428,1.33419,1.3342
1783303500000,1.3342,1.3342,1.33407,1.33413
1783303560000,1.33412,1.33412,1.33403,1.33403
1783303620000,1.33405,1.33405,1.33389,1.33389
1783303680000,1.33391,1.334,1.33389,1.33399
1783303740000,1.33398,1.33402,1.33388,1.33398
1783303800000,1.33398,1.334,1.33389,1.33398
1783303860000,1.33398,1.3341,1.33397,1.33402
1783303920000,1.33403,1.33408,1.33399,1.33399
1783303980000,1.334,1.33404,1.33398,1.33404
1783304040000,1.33403,1.33411,1.33402,1.3341
1783304100000,1.33409,1.33413,1.33403,1.3341
1783304160000,1.33412,1.33412,1.33396,1.33402
1783304220000,1.334,1.33408,1.33398,1.33408
1783304280000,1.33409,1.33409,1.33402,1.33405
1783304340000,1.33407,1.3341,1.33404,1.33404
1783304400000,1.33405,1.33417,1.33403,1.33417
1783304460000,1.33416,1.33416,1.33409,1.3341
1783304520000,1.33412,1.33413,1.33408,1.33412
1783304580000,1.33409,1.33415,1.33408,1.33408
1783304640000,1.33409,1.3341,1.33404,1.33404
1783304700000,1.33404,1.33412,1.33403,1.33409
1783304760000,1.33412,1.33413,1.33409,1.33409
1783304820000,1.33408,1.3341,1.33406,1.33409
1783304880000,1.33409,1.33413,1.33404,1.33408
1783304940000,1.33406,1.33406,1.33403,1.33405
1783305000000,1.33407,1.33408,1.33401,1.33403
1783305060000,1.33404,1.33405,1.33396,1.334
1783305120000,1.33401,1.33402,1.33399,1.33402
1783305180000,1.33404,1.33404,1.334,1.334
1783305240000,1.33399,1.33403,1.33399,1.33401
1783305300000,1.33408,1.33413,1.33402,1.33402
1783305360000,1.33403,1.33403,1.33397,1.33403
1783305420000,1.33405,1.33407,1.33399,1.33401
1783305480000,1.33404,1.33404,1.33403,1.33403
1783305540000,1.33406,1.33414,1.33406,1.33407
1783305600000,1.33406,1.33408,1.33399,1.33399
1783305660000,1.33399,1.33413,1.33399,1.33413
1783305720000,1.33412,1.33415,1.33411,1.33413
1783305780000,1.33414,1.33416,1.3341,1.33412
1783305840000,1.33411,1.33413,1.33405,1.33407
1783305900000,1.33406,1.33421,1.33406,1.33421
1783305960000,1.33419,1.33425,1.33419,1.33423
1783306020000,1.33429,1.33431,1.33423,1.33424
1783306080000,1.33427,1.33427,1.33423,1.33424
1783306140000,1.33425,1.33428,1.33424,1.33428
1783306200000,1.3343,1.3343,1.33424,1.33425
1783306260000,1.33428,1.33435,1.33427,1.33435
1783306320000,1.33437,1.3345,1.33437,1.33448
1783306380000,1.33447,1.33451,1.33444,1.3345
1783306440000,1.33451,1.33451,1.33448,1.33449
1783306500000,1.3345,1.33453,1.33449,1.33449
1783306560000,1.33452,1.33452,1.33443,1.33444
1783306620000,1.33445,1.33469,1.33445,1.33465
1783306680000,1.33464,1.33468,1.33464,1.33466
1783306740000,1.33469,1.33469,1.33458,1.33458
1783306800000,1.33459,1.33468,1.33458,1.33463
1783306860000,1.33464,1.3348,1.33461,1.33475
1783306920000,1.33474,1.33474,1.33469,1.33471
1783306980000,1.33469,1.33471,1.33468,1.33469
1783307040000,1.33469,1.33473,1.33467,1.33469
1783307100000,1.33469,1.33469,1.33463,1.33469
1783307160000,1.33467,1.33467,1.33461,1.33462
1783307220000,1.33461,1.33463,1.33459,1.33463
1783307280000,1.33462,1.33462,1.33453,1.33455
1783307340000,1.33452,1.33458,1.33452,1.33454
1783307400000,1.33456,1.33459,1.33456,1.33458
1783307460000,1.33461,1.33463,1.3346,1.3346
1783307520000,1.3346,1.3346,1.33451,1.33452
1783307580000,1.33452,1.33452,1.33446,1.33447
1783307640000,1.3345,1.3345,1.33444,1.33445
1783307700000,1.33443,1.33443,1.33428,1.33433
1783307760000,1.33433,1.33448,1.33432,1.33443
1783307820000,1.33443,1.3345,1.33443,1.33447
1783307880000,1.33446,1.33448,1.33441,1.33443
1783307940000,1.33443,1.33443,1.33438,1.33441
1783308000000,1.33439,1.33442,1.33428,1.33433
1783308060000,1.33433,1.3344,1.3343,1.33431
1783308120000,1.3343,1.3343,1.33414,1.33422
1783308180000,1.33421,1.33424,1.33409,1.33409
1783308240000,1.33409,1.33409,1.33404,1.33404
1783308300000,1.33404,1.33413,1.334,1.3341
1783308360000,1.3341,1.3341,1.33402,1.33402
1783308420000,1.33403,1.33412,1.33401,1.3341
1783308480000,1.33412,1.33412,1.33407,1.33409
1783308540000,1.33407,1.33408,1.33403,1.33403
1783308600000,1.33401,1.33404,1.334,1.334
1783308660000,1.33398,1.33398,1.33394,1.33397
1783308720000,1.33398,1.33401,1.33394,1.334
1783308780000,1.33401,1.33403,1.334,1.33403
1783308840000,1.33403,1.33403,1.33395,1.33396
1783308900000,1.33397,1.33408,1.33395,1.33405
1783308960000,1.33405,1.33412,1.33403,1.3341
1783309020000,1.33411,1.33411,1.33398,1.33401
1783309080000,1.334,1.33401,1.33397,1.33401
1783309140000,1.33403,1.33407,1.33402,1.33407
1783309200000,1.33406,1.33409,1.33404,1.33407
1783309260000,1.33409,1.33413,1.33406,1.33411
1783309320000,1.33413,1.33419,1.33412,1.33414
1783309380000,1.33414,1.33415,1.33412,1.33412
1783309440000,1.33412,1.33424,1.33412,1.33423
1783309500000,1.33423,1.33429,1.33421,1.33429
1783309560000,1.33429,1.33429,1.33423,1.33424
1783309620000,1.33423,1.33425,1.33422,1.33424
1783309680000,1.33423,1.33423,1.33416,1.33416
1783309740000,1.33418,1.33418,1.3341,1.33412
1783309800000,1.33413,1.33418,1.3341,1.3341
1783309860000,1.33412,1.33413,1.33405,1.33405
1783309920000,1.33404,1.33404,1.33393,1.33394
1783309980000,1.33393,1.334,1.33393,1.33398
1783310040000,1.33398,1.334,1.33394,1.33396
1783310100000,1.33399,1.33412,1.33399,1.33407
1783310160000,1.33407,1.3341,1.33405,1.33409
1783310220000,1.33409,1.33412,1.33405,1.33411
1783310280000,1.33413,1.33422,1.33404,1.33405
1783310340000,1.33406,1.3342,1.33405,1.33418
1783310400000,1.33419,1.33421,1.33413,1.33413
1783310460000,1.33415,1.33421,1.33415,1.33418
1783310520000,1.33417,1.33417,1.33409,1.3341
1783310580000,1.33411,1.33422,1.33409,1.33421
1783310640000,1.33422,1.33428,1.33422,1.33423
1783310700000,1.33424,1.33428,1.33423,1.33424
1783310760000,1.33423,1.33423,1.33417,1.33419
1783310820000,1.33418,1.33423,1.33417,1.33422
1783310880000,1.33426,1.33427,1.33423,1.33425
1783310940000,1.33424,1.33426,1.33419,1.3342
1783311000000,1.33421,1.33433,1.33421,1.33433
1783311060000,1.33434,1.33434,1.3343,1.33432
1783311120000,1.33431,1.33445,1.33431,1.33444
1783311180000,1.33446,1.33446,1.33437,1.33443
1783311240000,1.33445,1.33448,1.3344,1.33442
1783311300000,1.33441,1.33441,1.33434,1.33439
1783311360000,1.33439,1.3345,1.33437,1.3344
1783311420000,1.3344,1.3344,1.33427,1.33428
1783311480000,1.33429,1.33434,1.33428,1.33433
1783311540000,1.33432,1.33433,1.33429,1.33432
1783311600000,1.33433,1.33433,1.33426,1.3343
1783311660000,1.33429,1.3343,1.33426,1.33428
1783311720000,1.33428,1.33431,1.33422,1.33422
1783311780000,1.33424,1.33429,1.33422,1.33423
1783311840000,1.33424,1.33431,1.33424,1.33427
1783311900000,1.33428,1.33431,1.33426,1.33428
1783311960000,1.3343,1.33436,1.33426,1.33434
1783312020000,1.33435,1.33437,1.33429,1.3343
1783312080000,1.33429,1.33435,1.33427,1.33433
1783312140000,1.3343,1.3343,1.3343,1.3343
1783312200000,1.3343,1.33435,1.3343,1.33433
1783312260000,1.33433,1.33437,1.33432,1.33435
1783312320000,1.33439,1.33441,1.33435,1.3344
1783312380000,1.33439,1.33443,1.33439,1.33442
1783312440000,1.33441,1.33441,1.33436,1.33438
1783312500000,1.33437,1.33439,1.3343,1.33439
1783312560000,1.33438,1.33442,1.33438,1.33442
1783312620000,1.33442,1.33443,1.33442,1.33443
1783312680000,1.33442,1.33443,1.33439,1.33441
1783312740000,1.33442,1.33442,1.33431,1.33431
1783312800000,1.33429,1.33432,1.33429,1.33432
1783312860000,1.33433,1.33433,1.33424,1.33427
1783312920000,1.33429,1.3344,1.33426,1.33434
1783312980000,1.33433,1.33434,1.33429,1.33429
1783313040000,1.33429,1.33437,1.33426,1.33433
1783313100000,1.33431,1.33433,1.33425,1.33427
1783313160000,1.33426,1.33427,1.33416,1.33417
1783313220000,1.33416,1.33419,1.33416,1.33417
1783313280000,1.33417,1.33426,1.33416,1.33424
1783313340000,1.33424,1.33429,1.33424,1.33427
1783313400000,1.33425,1.33429,1.33419,1.33419
1783313460000,1.33418,1.33419,1.33411,1.33412
1783313520000,1.33411,1.3342,1.3341,1.33419
1783313580000,1.33421,1.33429,1.33419,1.33424
1783313640000,1.33427,1.33429,1.33422,1.33429
1783313700000,1.33432,1.33434,1.33423,1.33426
1783313760000,1.33426,1.33434,1.33421,1.3343
1783313820000,1.33429,1.3343,1.33427,1.33429
1783313880000,1.33429,1.3343,1.33425,1.33429
1783313940000,1.33426,1.33426,1.33422,1.33424
1783314000000,1.33426,1.33432,1.3341,1.33413
1783314060000,1.33416,1.33418,1.33409,1.33409
1783314120000,1.33411,1.33412,1.33405,1.3341
1783314180000,1.33408,1.33408,1.33391,1.33392
1783314240000,1.33391,1.33394,1.3339,1.33394
1783314300000,1.33391,1.33398,1.33389,1.33396
1783314360000,1.33397,1.33397,1.3339,1.33394
1783314420000,1.33395,1.33395,1.33389,1.33391
1783314480000,1.33389,1.3339,1.3338,1.33381
1783314540000,1.33381,1.33383,1.3338,1.33381
1783314600000,1.33381,1.33383,1.33381,1.33383
1783314660000,1.33381,1.33391,1.33376,1.33391
1783314720000,1.33389,1.33401,1.33389,1.3339
1783314780000,1.33393,1.33393,1.33383,1.33389
1783314840000,1.33389,1.3339,1.33383,1.33385
1783314900000,1.33386,1.33389,1.33383,1.33389
1783314960000,1.33391,1.33392,1.33383,1.33383
1783315020000,1.33384,1.33384,1.3338,1.3338
1783315080000,1.33382,1.33384,1.33371,1.33376
1783315140000,1.33378,1.33379,1.33373,1.33373
1783315200000,1.33374,1.33381,1.33371,1.3338
1783315260000,1.3338,1.3338,1.33371,1.33374
1783315320000,1.33372,1.33389,1.33371,1.33384
1783315380000,1.33385,1.33389,1.33379,1.33382
1783315440000,1.33381,1.33384,1.33377,1.3338
1783315500000,1.3338,1.33386,1.33378,1.33384
1783315560000,1.33385,1.33385,1.33375,1.33378
1783315620000,1.33379,1.33382,1.33377,1.33382
1783315680000,1.33382,1.33389,1.3338,1.33389
1783315740000,1.33389,1.33393,1.33387,1.33387
1783315800000,1.33387,1.33401,1.33378,1.33398
1783315860000,1.33397,1.33402,1.33393,1.33402
1783315920000,1.33401,1.33412,1.334,1.33412
1783315980000,1.33411,1.33431,1.3341,1.3343
1783316040000,1.33431,1.33433,1.33424,1.33425
1783316100000,1.33425,1.33431,1.33421,1.33431
1783316160000,1.3343,1.33435,1.3343,1.33432
1783316220000,1.33433,1.33439,1.33433,1.33438
1783316280000,1.33436,1.33437,1.33431,1.33432
1783316340000,1.3343,1.33432,1.33415,1.33419
1783316400000,1.33418,1.33427,1.33418,1.33424
1783316460000,1.33422,1.33425,1.33409,1.33411
1783316520000,1.33411,1.33413,1.33405,1.33411
1783316580000,1.33411,1.33412,1.33405,1.33407
1783316640000,1.33406,1.33408,1.33403,1.33407
1783316700000,1.33407,1.33415,1.334,1.33414
1783316760000,1.33416,1.33422,1.33416,1.33421
1783316820000,1.33421,1.33423,1.33416,1.33418
1783316880000,1.33417,1.33423,1.33415,1.33419
1783316940000,1.3342,1.33421,1.33409,1.33411
1783317000000,1.33408,1.33413,1.33408,1.3341
1783317060000,1.33408,1.33411,1.33404,1.33407
1783317120000,1.33407,1.33414,1.33407,1.33411
1783317180000,1.33413,1.33414,1.33408,1.3341
1783317240000,1.33409,1.33421,1.33409,1.33421
1783317300000,1.33421,1.33425,1.33399,1.33399
1783317360000,1.33401,1.33404,1.33392,1.33398
1783317420000,1.33397,1.33397,1.33377,1.33377
1783317480000,1.33378,1.33378,1.33344,1.33351
1783317540000,1.33352,1.3337,1.33352,1.33359
1783317600000,1.33357,1.33395,1.33357,1.33383
1783317660000,1.33379,1.33391,1.3337,1.33379
1783317720000,1.33379,1.33393,1.33379,1.33391
1783317780000,1.33391,1.33392,1.33375,1.33388
1783317840000,1.33388,1.33393,1.33381,1.33392
1783317900000,1.33392,1.33396,1.33382,1.33384
1783317960000,1.33383,1.33383,1.33357,1.33365
1783318020000,1.33365,1.3338,1.33364,1.3338
1783318080000,1.3338,1.334,1.33379,1.33399
1783318140000,1.33399,1.33404,1.33395,1.33398
1783318200000,1.33399,1.33399,1.33382,1.33386
1783318260000,1.33383,1.3339,1.33377,1.33386
1783318320000,1.33385,1.33385,1.33369,1.33374
1783318380000,1.33371,1.3338,1.33371,1.33372
1783318440000,1.33375,1.33379,1.33368,1.33369
1783318500000,1.33372,1.33372,1.3335,1.3335
1783318560000,1.33352,1.33353,1.33344,1.33344
1783318620000,1.33346,1.33358,1.33346,1.33352
1783318680000,1.33353,1.33361,1.33329,1.33329
1783318740000,1.33328,1.33328,1.33301,1.33314
1783318800000,1.33314,1.33333,1.33308,1.33333
1783318860000,1.33334,1.33354,1.33331,1.33352
1783318920000,1.33352,1.33362,1.33352,1.33355
1783318980000,1.33356,1.33356,1.33339,1.3334
1783319040000,1.33338,1.33347,1.33333,1.33347
1783319100000,1.33346,1.3335,1.33328,1.33332
1783319160000,1.33334,1.33334,1.33329,1.33329
1783319220000,1.33326,1.33336,1.33321,1.33331
1783319280000,1.33331,1.33331,1.33316,1.33324
1783319340000,1.33326,1.33343,1.33323,1.33342
1783319400000,1.33341,1.33353,1.33336,1.33342
1783319460000,1.33345,1.33357,1.33329,1.33334
1783319520000,1.33336,1.3334,1.33331,1.33339
1783319580000,1.3334,1.33363,1.33339,1.33363
1783319640000,1.33363,1.33379,1.33358,1.33365
1783319700000,1.33364,1.33373,1.33362,1.33365
1783319760000,1.33365,1.33368,1.33331,1.33333
1783319820000,1.33332,1.3337,1.33332,1.3337
1783319880000,1.33369,1.33377,1.33364,1.33375
1783319940000,1.33376,1.33382,1.33371,1.33379
1783320000000,1.33376,1.33384,1.33373,1.33373
1783320060000,1.33374,1.33379,1.3336,1.33361
1783320120000,1.33361,1.3337,1.33359,1.33365
1783320180000,1.33366,1.3337,1.33357,1.33357
1783320240000,1.33358,1.33361,1.33349,1.33354
1783320300000,1.33357,1.33374,1.33347,1.33371
1783320360000,1.33371,1.33373,1.33351,1.33351
1783320420000,1.3335,1.33361,1.33349,1.33356
1783320480000,1.33354,1.33361,1.33352,1.33359
1783320540000,1.33358,1.33369,1.33353,1.33361
1783320600000,1.33362,1.33367,1.33359,1.33363
1783320660000,1.33363,1.33364,1.3336,1.3336
1783320720000,1.3336,1.33364,1.33349,1.3335
1783320780000,1.33351,1.33352,1.33338,1.33338
1783320840000,1.3334,1.33344,1.33337,1.33339
1783320900000,1.33339,1.33349,1.33331,1.33335
1783320960000,1.33334,1.33334,1.33319,1.33322
1783321020000,1.33322,1.33325,1.33312,1.33317
1783321080000,1.33317,1.33329,1.33317,1.33319
1783321140000,1.3332,1.33349,1.33319,1.33339
1783321200000,1.33341,1.33342,1.3329,1.3329
1783321260000,1.33292,1.33308,1.33284,1.33305
1783321320000,1.33308,1.33312,1.33301,1.33309
1783321380000,1.33309,1.33314,1.33299,1.33308
1783321440000,1.33309,1.33336,1.33309,1.3333
1783321500000,1.33331,1.33333,1.33321,1.3333
1783321560000,1.33329,1.33343,1.33322,1.33343
1783321620000,1.33341,1.33344,1.3333,1.3334
1783321680000,1.33341,1.33345,1.33329,1.33334
1783321740000,1.33338,1.33344,1.33331,1.33339
1783321800000,1.3334,1.33345,1.33339,1.33339
1783321860000,1.33341,1.33359,1.33335,1.33356
1783321920000,1.33356,1.33358,1.33347,1.33348
1783321980000,1.3335,1.33366,1.33349,1.33366
1783322040000,1.33364,1.33403,1.33351,1.33403
1783322100000,1.33403,1.33411,1.33392,1.33398
1783322160000,1.33397,1.33419,1.33394,1.3341
1783322220000,1.33412,1.33413,1.33398,1.33401
1783322280000,1.33404,1.33422,1.33402,1.33413
1783322340000,1.33414,1.33425,1.3341,1.33415
1783322400000,1.33415,1.33422,1.33396,1.33401
1783322460000,1.33399,1.33406,1.33399,1.334
1783322520000,1.33401,1.3341,1.33392,1.33405
1783322580000,1.33404,1.33422,1.33399,1.3342
1783322640000,1.33418,1.33418,1.33402,1.33409
1783322700000,1.33407,1.33417,1.3339,1.3339
1783322760000,1.33391,1.33398,1.33369,1.33369
1783322820000,1.3337,1.33385,1.33367,1.33379
1783322880000,1.33379,1.33384,1.3337,1.3337
1783322940000,1.33371,1.33381,1.33368,1.33373
1783323000000,1.33371,1.33403,1.33371,1.33396
1783323060000,1.33397,1.33409,1.3339,1.334
1783323120000,1.334,1.33424,1.334,1.33419
1783323180000,1.33419,1.33422,1.33412,1.33415
1783323240000,1.33417,1.33417,1.33408,1.33408
1783323300000,1.33407,1.33413,1.33392,1.33395
1783323360000,1.33395,1.33402,1.33391,1.33393
1783323420000,1.33393,1.33408,1.33391,1.33408
1783323480000,1.3341,1.33411,1.334,1.33403
1783323540000,1.33402,1.33431,1.33402,1.33431
1783323600000,1.33431,1.33435,1.3343,1.3343
1783323660000,1.33432,1.33438,1.33425,1.33432
1783323720000,1.33434,1.33445,1.33428,1.3344
1783323780000,1.33441,1.3345,1.33438,1.33449
1783323840000,1.3345,1.33466,1.33449,1.33452
1783323900000,1.33452,1.3346,1.33448,1.3346
1783323960000,1.33461,1.33467,1.33459,1.33461
1783324020000,1.33464,1.33465,1.33452,1.33453
1783324080000,1.33452,1.3347,1.3345,1.33462
1783324140000,1.3346,1.33464,1.33451,1.33455
1783324200000,1.33455,1.33461,1.33437,1.33441
1783324260000,1.33443,1.33447,1.33427,1.3344
1783324320000,1.33446,1.33461,1.33445,1.33452
1783324380000,1.33452,1.33459,1.33442,1.33444
1783324440000,1.33444,1.3345,1.33441,1.3345
1783324500000,1.33451,1.3347,1.3345,1.3346
1783324560000,1.3346,1.3348,1.33458,1.33474
1783324620000,1.33475,1.33494,1.33471,1.33479
1783324680000,1.33481,1.33489,1.33479,1.33489
1783324740000,1.33491,1.33493,1.33479,1.33485
1783324800000,1.33484,1.33499,1.33479,1.33482
1783324860000,1.33481,1.33487,1.33461,1.33461
1783324920000,1.33465,1.33466,1.33446,1.33448
1783324980000,1.33449,1.3345,1.33429,1.33448
1783325040000,1.33447,1.33448,1.33437,1.33441
1783325100000,1.33439,1.33451,1.33429,1.33447
1783325160000,1.33446,1.3345,1.33439,1.33444
1783325220000,1.33444,1.33448,1.33428,1.33429
1783325280000,1.33428,1.33435,1.33426,1.33426
1783325340000,1.33426,1.33427,1.33416,1.33416
1783325400000,1.33417,1.3342,1.33396,1.33397
1783325460000,1.33398,1.33399,1.33366,1.33377
1783325520000,1.33377,1.33398,1.33371,1.33397
1783325580000,1.33397,1.334,1.33385,1.33388
1783325640000,1.33386,1.33398,1.33385,1.33391
1783325700000,1.33393,1.33416,1.33393,1.33413
1783325760000,1.33416,1.33421,1.33407,1.33421
1783325820000,1.33422,1.33432,1.33419,1.33419
1783325880000,1.33419,1.33427,1.33389,1.3339
1783325940000,1.33389,1.33398,1.33387,1.33396
1783326000000,1.33398,1.33406,1.33396,1.33399
1783326060000,1.33402,1.33404,1.3339,1.33397
1783326120000,1.33397,1.33406,1.33391,1.334
1783326180000,1.33399,1.334,1.3339,1.3339
1783326240000,1.33391,1.334,1.33389,1.33389
1783326300000,1.33388,1.33397,1.33388,1.33389
1783326360000,1.33389,1.33398,1.33379,1.33389
1783326420000,1.33389,1.33392,1.33367,1.33367
1783326480000,1.33369,1.33369,1.3336,1.33365
1783326540000,1.33367,1.33398,1.33365,1.33393
1783326600000,1.33394,1.33398,1.33392,1.33393
1783326660000,1.33393,1.33394,1.33368,1.33368
1783326720000,1.33368,1.33383,1.33358,1.33362
1783326780000,1.33363,1.33374,1.33362,1.33367
1783326840000,1.33366,1.3337,1.33353,1.33359
1783326900000,1.33358,1.33371,1.33358,1.33364
1783326960000,1.33364,1.3337,1.33359,1.3337
1783327020000,1.3337,1.33377,1.33358,1.3336
1783327080000,1.33361,1.33363,1.33347,1.33348
1783327140000,1.3335,1.33358,1.33348,1.33358
1783327200000,1.33359,1.33371,1.33358,1.33359
1783327260000,1.33359,1.33365,1.33352,1.33357
1783327320000,1.33355,1.33356,1.33339,1.33345
1783327380000,1.33343,1.33345,1.33319,1.33326
1783327440000,1.33326,1.33341,1.33326,1.33338
1783327500000,1.33336,1.3334,1.3331,1.33313
1783327560000,1.33313,1.33323,1.33308,1.33322
1783327620000,1.33321,1.3333,1.33306,1.33308
1783327680000,1.33309,1.33322,1.33309,1.33315
1783327740000,1.33317,1.3332,1.33307,1.33311
1783327800000,1.33312,1.33314,1.33307,1.33312
1783327860000,1.33312,1.33348,1.33312,1.3334
1783327920000,1.3334,1.33359,1.33325,1.33354
1783327980000,1.33353,1.33361,1.33337,1.33361
1783328040000,1.3336,1.3336,1.33352,1.33353
1783328100000,1.33352,1.33365,1.33349,1.3336
1783328160000,1.33362,1.33365,1.33351,1.33351
1783328220000,1.33353,1.33365,1.33352,1.33354
1783328280000,1.33354,1.33379,1.33354,1.33377
1783328340000,1.33377,1.33377,1.33368,1.33374
