timestamp,open,high,low,close
1782172800000,0.57105,0.57105,0.57082,0.57085
1782172860000,0.57084,0.57097,0.57084,0.57085
1782172920000,0.57085,0.5709,0.57084,0.57086
1782172980000,0.57088,0.57089,0.57079,0.5708
1782173040000,0.5708,0.5708,0.57074,0.57076
1782173100000,0.57076,0.57081,0.57075,0.57079
1782173160000,0.57079,0.57079,0.57069,0.57069
1782173220000,0.57069,0.57073,0.57064,0.57064
1782173280000,0.57064,0.57065,0.5706,0.57064
1782173340000,0.57064,0.57069,0.57055,0.57055
1782173400000,0.57054,0.57055,0.57049,0.57049
1782173460000,0.5705,0.57052,0.5705,0.57051
1782173520000,0.57051,0.57051,0.57043,0.57044
1782173580000,0.57046,0.57047,0.57044,0.57046
1782173640000,0.57045,0.57045,0.57039,0.57039
1782173700000,0.57041,0.57046,0.57036,0.5704
1782173760000,0.5704,0.57041,0.57034,0.57034
1782173820000,0.57035,0.57039,0.57034,0.57038
1782173880000,0.57038,0.57038,0.5703,0.5703
1782173940000,0.5703,0.57032,0.57025,0.57032
1782174000000,0.57029,0.57036,0.57029,0.5703
1782174060000,0.57035,0.57035,0.57029,0.57029
1782174120000,0.57029,0.57029,0.57013,0.57015
1782174180000,0.57015,0.5702,0.57005,0.57006
1782174240000,0.57007,0.57011,0.57004,0.57008
1782174300000,0.57009,0.57009,0.57004,0.57007
1782174360000,0.57007,0.5701,0.57006,0.57007
1782174420000,0.57006,0.57015,0.57005,0.57005
1782174480000,0.57004,0.5701,0.57004,0.57008
1782174540000,0.57009,0.57017,0.57009,0.57017
1782174600000,0.57018,0.57025,0.57014,0.57024
1782174660000,0.57025,0.57042,0.57025,0.57041
1782174720000,0.57039,0.57041,0.57036,0.57039
1782174780000,0.57039,0.57041,0.57024,0.57026
1782174840000,0.57024,0.57025,0.57019,0.57019
1782174900000,0.57018,0.57019,0.57009,0.57009
1782174960000,0.57009,0.57015,0.57006,0.57007
1782175020000,0.57006,0.57013,0.57006,0.57011
1782175080000,0.57011,0.57018,0.57009,0.57018
1782175140000,0.57018,0.57025,0.57018,0.5702
1782175200000,0.57019,0.57021,0.57015,0.57015
1782175260000,0.57015,0.57017,0.57014,0.57015
1782175320000,0.57018,0.57018,0.57014,0.57015
1782175380000,0.5702,0.57035,0.57019,0.57035
1782175440000,0.57035,0.57042,0.57035,0.57042
1782175500000,0.5704,0.57055,0.5704,0.5705
1782175560000,0.57049,0.57049,0.57041,0.57043
1782175620000,0.57043,0.57045,0.57038,0.57045
1782175680000,0.57044,0.5705,0.57044,0.57045
1782175740000,0.57044,0.57049,0.57044,0.57046
1782175800000,0.57045,0.57046,0.57034,0.57036
1782175860000,0.57036,0.57039,0.57032,0.57032
1782175920000,0.57031,0.57036,0.57025,0.5703
1782175980000,0.5703,0.57035,0.57026,0.57032
1782176040000,0.57031,0.5704,0.57031,0.57039
1782176100000,0.57039,0.57039,0.57028,0.57028
1782176160000,0.57027,0.57028,0.57025,0.57026
1782176220000,0.57025,0.57026,0.5702,0.57026
1782176280000,0.57025,0.57026,0.57019,0.57021
1782176340000,0.57019,0.57023,0.57016,0.57022
1782176400000,0.57023,0.57031,0.57014,0.57016
1782176460000,0.57015,0.57021,0.57015,0.57018
1782176520000,0.5702,0.5702,0.57011,0.57011
1782176580000,0.57011,0.57021,0.57009,0.5702
1782176640000,0.5702,0.57025,0.57019,0.57024
1782176700000,0.57024,0.57025,0.57013,0.57019
1782176760000,0.57017,0.57019,0.57006,0.57011
1782176820000,0.57009,0.57021,0.57007,0.5702
1782176880000,0.57021,0.57033,0.57021,0.57021
1782176940000,0.57021,0.57029,0.57021,0.57025
1782177000000,0.57025,0.57025,0.57014,0.57024
1782177060000,0.57021,0.57021,0.57018,0.5702
1782177120000,0.57021,0.57024,0.5702,0.57021
1782177180000,0.57021,0.57026,0.57021,0.57026
1782177240000,0.57026,0.57028,0.57021,0.57026
1782177300000,0.57028,0.57031,0.5702,0.57022
1782177360000,0.57021,0.57024,0.57016,0.57023
1782177420000,0.57022,0.57023,0.57014,0.57015
1782177480000,0.57015,0.57022,0.57015,0.57016
1782177540000,0.57016,0.57026,0.5701,0.57024
1782177600000,0.57024,0.5703,0.57024,0.57026
1782177660000,0.57025,0.57031,0.57024,0.5703
1782177720000,0.5703,0.57031,0.57021,0.57021
1782177780000,0.57021,0.57031,0.57021,0.57031
1782177840000,0.57031,0.57037,0.57026,0.57026
1782177900000,0.57026,0.57037,0.57026,0.57035
1782177960000,0.57036,0.57037,0.57031,0.57035
1782178020000,0.57036,0.57043,0.5703,0.5703
1782178080000,0.57032,0.57032,0.57024,0.57029
1782178140000,0.57028,0.57032,0.57027,0.57029
1782178200000,0.57032,0.57035,0.57024,0.57026
1782178260000,0.57027,0.57031,0.57026,0.57029
1782178320000,0.57029,0.57031,0.57023,0.57026
1782178380000,0.57025,0.57037,0.5702,0.57032
1782178440000,0.57032,0.57041,0.57031,0.57031
1782178500000,0.57033,0.57035,0.57026,0.57031
1782178560000,0.57031,0.57036,0.5703,0.57035
1782178620000,0.57032,0.57035,0.57029,0.57029
1782178680000,0.57029,0.57035,0.57029,0.57034
1782178740000,0.57036,0.57043,0.57036,0.5704
1782178800000,0.5704,0.57044,0.5704,0.5704
1782178860000,0.57041,0.57057,0.5704,0.57056
1782178920000,0.57056,0.57056,0.57042,0.57046
1782178980000,0.57046,0.57047,0.57043,0.57045
1782179040000,0.57046,0.57046,0.57041,0.57041
1782179100000,0.57041,0.57042,0.5703,0.57041
1782179160000,0.57041,0.57041,0.57036,0.57038
1782179220000,0.5704,0.57042,0.5703,0.57034
1782179280000,0.57033,0.57042,0.5703,0.5704
1782179340000,0.57041,0.57046,0.57036,0.57038
1782179400000,0.57038,0.57038,0.57031,0.57036
1782179460000,0.57036,0.57056,0.57036,0.57055
1782179520000,0.57057,0.57067,0.57049,0.57067
1782179580000,0.57068,0.57068,0.57057,0.57057
1782179640000,0.57057,0.57057,0.57052,0.57053
1782179700000,0.57052,0.57052,0.57043,0.57044
1782179760000,0.57045,0.5705,0.57043,0.57043
1782179820000,0.57044,0.57052,0.57043,0.57048
1782179880000,0.57049,0.57051,0.57042,0.57042
1782179940000,0.57043,0.57044,0.57041,0.57043
1782180000000,0.57045,0.57053,0.57041,0.57045
1782180060000,0.57045,0.57048,0.57038,0.5704
1782180120000,0.5704,0.57043,0.57036,0.57042
1782180180000,0.57039,0.57043,0.57036,0.57041
1782180240000,0.57042,0.57051,0.57038,0.57046
1782180300000,0.57044,0.57046,0.5704,0.57042
1782180360000,0.57042,0.57046,0.57041,0.57042
1782180420000,0.57042,0.57046,0.5703,0.57031
1782180480000,0.57031,0.57034,0.57027,0.57027
1782180540000,0.57025,0.57028,0.57018,0.5702
1782180600000,0.57019,0.57023,0.57013,0.57013
1782180660000,0.57015,0.57021,0.57013,0.57021
1782180720000,0.5702,0.57029,0.57019,0.57029
1782180780000,0.57028,0.57034,0.57025,0.57031
1782180840000,0.5703,0.57036,0.5703,0.57035
1782180900000,0.57035,0.57052,0.57035,0.57052
1782180960000,0.57051,0.57051,0.57042,0.57042
1782181020000,0.57043,0.57048,0.57041,0.57046
1782181080000,0.57046,0.57061,0.57046,0.57061
1782181140000,0.57061,0.57071,0.5706,0.5707
1782181200000,0.57068,0.57072,0.57066,0.57066
1782181260000,0.57067,0.57074,0.57065,0.57074
1782181320000,0.57074,0.57074,0.57064,0.57064
1782181380000,0.57062,0.57073,0.57061,0.57073
1782181440000,0.57074,0.57076,0.57066,0.5707
1782181500000,0.57071,0.57071,0.57067,0.57069
1782181560000,0.57069,0.5707,0.57067,0.5707
1782181620000,0.57067,0.57071,0.57061,0.57063
1782181680000,0.57064,0.57065,0.57055,0.5706
1782181740000,0.57059,0.57063,0.57057,0.57058
1782181800000,0.57059,0.57066,0.57057,0.5706
1782181860000,0.57059,0.57061,0.5705,0.57052
1782181920000,0.57051,0.57053,0.57048,0.57053
1782181980000,0.57055,0.57055,0.57048,0.57048
1782182040000,0.57048,0.57049,0.57043,0.57044
1782182100000,0.57044,0.57065,0.57044,0.5706
1782182160000,0.5706,0.57068,0.5706,0.57065
1782182220000,0.57065,0.57069,0.57065,0.57067
1782182280000,0.57068,0.57072,0.57068,0.57071
1782182340000,0.57072,0.57074,0.5707,0.57072
1782182400000,0.57071,0.57072,0.57068,0.5707
1782182460000,0.57069,0.57077,0.57069,0.57077
1782182520000,0.57077,0.57077,0.57072,0.57072
1782182580000,0.5707,0.5707,0.57061,0.57066
1782182640000,0.57066,0.57067,0.57063,0.57066
1782182700000,0.57065,0.57065,0.5706,0.5706
1782182760000,0.5706,0.5706,0.57041,0.57041
1782182820000,0.57042,0.57046,0.57039,0.5704
1782182880000,0.5704,0.57046,0.57039,0.57043
1782182940000,0.57043,0.57044,0.5704,0.5704
1782183000000,0.5704,0.57047,0.57039,0.57047
1782183060000,0.57046,0.57048,0.57039,0.5704
1782183120000,0.57037,0.5704,0.57035,0.57038
1782183180000,0.57036,0.57038,0.57027,0.57034
1782183240000,0.57031,0.57034,0.57017,0.57019
1782183300000,0.57017,0.57018,0.5701,0.57013
1782183360000,0.57014,0.57017,0.57006,0.57008
1782183420000,0.57006,0.57009,0.57003,0.57006
1782183480000,0.57004,0.57006,0.56994,0.56998
1782183540000,0.56999,0.57002,0.56996,0.56996
1782183600000,0.56997,0.57008,0.56996,0.57001
1782183660000,0.57001,0.57015,0.56999,0.57009
1782183720000,0.57009,0.57014,0.57006,0.57011
1782183780000,0.57009,0.5701,0.57005,0.57009
1782183840000,0.57009,0.57018,0.57005,0.57016
1782183900000,0.57015,0.57017,0.57011,0.57014
1782183960000,0.57014,0.57014,0.57003,0.57011
1782184020000,0.57011,0.57011,0.56996,0.56997
1782184080000,0.56997,0.56997,0.56971,0.56977
1782184140000,0.56979,0.56981,0.56958,0.56961
1782184200000,0.56963,0.56965,0.56956,0.56956
1782184260000,0.56954,0.56956,0.56937,0.56937
1782184320000,0.56936,0.56944,0.56933,0.56941
1782184380000,0.56941,0.56956,0.56941,0.56954
1782184440000,0.56955,0.56956,0.56952,0.56953
1782184500000,0.56954,0.56958,0.56948,0.56949
1782184560000,0.56949,0.56957,0.56934,0.56941
1782184620000,0.56943,0.56943,0.5693,0.56936
1782184680000,0.56935,0.56938,0.56923,0.56933
1782184740000,0.56932,0.56938,0.56928,0.5693
1782184800000,0.56931,0.56946,0.5693,0.56945
1782184860000,0.56944,0.56951,0.56942,0.56949
1782184920000,0.56947,0.56955,0.56945,0.56955
1782184980000,0.56954,0.56954,0.56948,0.56948
1782185040000,0.5695,0.56956,0.56949,0.56956
1782185100000,0.56955,0.56964,0.56955,0.56962
1782185160000,0.56963,0.56975,0.5696,0.56975
1782185220000,0.56975,0.56977,0.56974,0.56977
1782185280000,0.56976,0.56985,0.56976,0.56981
1782185340000,0.56982,0.56982,0.56977,0.56981
1782185400000,0.56981,0.56982,0.56974,0.56981
1782185460000,0.56981,0.56982,0.56981,0.56981
1782185520000,0.56981,0.56991,0.56981,0.56988
1782185580000,0.56989,0.56997,0.56986,0.56986
1782185640000,0.56986,0.56992,0.56986,0.56992
1782185700000,0.56991,0.56995,0.5699,0.5699
1782185760000,0.56988,0.56989,0.56978,0.56981
1782185820000,0.5698,0.5698,0.56972,0.56973
1782185880000,0.56973,0.56975,0.56963,0.56965
1782185940000,0.56967,0.56977,0.56965,0.56976
1782186000000,0.56975,0.56977,0.56971,0.56976
1782186060000,0.56976,0.56981,0.56975,0.5698
1782186120000,0.5698,0.56982,0.56979,0.56981
1782186180000,0.5698,0.56981,0.56978,0.5698
1782186240000,0.5698,0.56984,0.56971,0.56982
1782186300000,0.56982,0.56983,0.56975,0.56975
1782186360000,0.56975,0.56975,0.56957,0.56958
1782186420000,0.56958,0.5696,0.56954,0.5696
1782186480000,0.5696,0.56969,0.5696,0.56966
1782186540000,0.56967,0.56975,0.56966,0.5697
1782186600000,0.56972,0.56978,0.56971,0.56978
1782186660000,0.56976,0.56982,0.56975,0.56982
1782186720000,0.56982,0.56995,0.56982,0.56994
1782186780000,0.56993,0.56995,0.56986,0.56995
1782186840000,0.56997,0.57002,0.56996,0.57001
1782186900000,0.57001,0.57011,0.57001,0.57011
1782186960000,0.57011,0.57016,0.57008,0.57008
1782187020000,0.57011,0.57019,0.57006,0.57016
1782187080000,0.57016,0.57022,0.57016,0.57021
1782187140000,0.57021,0.57028,0.57021,0.57025
1782187200000,0.57026,0.57029,0.57019,0.57019
1782187260000,0.57018,0.57021,0.57013,0.57015
1782187320000,0.57013,0.57016,0.57012,0.57013
1782187380000,0.57013,0.57014,0.5701,0.57011
1782187440000,0.57012,0.57021,0.57012,0.5702
1782187500000,0.57018,0.57018,0.57012,0.57014
1782187560000,0.57014,0.57016,0.57012,0.57014
1782187620000,0.57014,0.57019,0.57011,0.57013
1782187680000,0.57012,0.57017,0.57012,0.57013
1782187740000,0.57014,0.57019,0.57012,0.57019
1782187800000,0.57019,0.5702,0.5701,0.57012
1782187860000,0.57011,0.57014,0.57007,0.57009
1782187920000,0.57009,0.57012,0.57006,0.57007
1782187980000,0.57006,0.57008,0.56999,0.57
1782188040000,0.57,0.57,0.56996,0.56998
1782188100000,0.56997,0.57002,0.56995,0.56998
1782188160000,0.56998,0.57003,0.56992,0.56996
1782188220000,0.56996,0.56996,0.56996,0.56996
1782188280000,0.56996,0.56996,0.56996,0.56996
1782188340000,0.56996,0.56996,0.56986,0.56987
1782188400000,0.56985,0.56991,0.56985,0.56989
1782188460000,0.56991,0.56991,0.5698,0.56981
1782188520000,0.5698,0.56982,0.56976,0.56976
1782188580000,0.56978,0.5698,0.56974,0.56976
1782188640000,0.56976,0.56983,0.56976,0.56981
1782188700000,0.5698,0.56985,0.56979,0.56984
1782188760000,0.56984,0.56988,0.56984,0.56988
1782188820000,0.56987,0.56987,0.56978,0.56979
1782188880000,0.56978,0.56979,0.56975,0.56979
1782188940000,0.56979,0.56981,0.56978,0.56978
1782189000000,0.56976,0.56976,0.56961,0.56964
1782189060000,0.56966,0.56966,0.5696,0.5696
1782189120000,0.56957,0.56965,0.56954,0.56963
1782189180000,0.56962,0.56965,0.56959,0.56961
1782189240000,0.56961,0.56966,0.56961,0.56963
1782189300000,0.56963,0.56965,0.56962,0.56963
1782189360000,0.56963,0.56965,0.56962,0.56964
1782189420000,0.56964,0.56966,0.56959,0.56964
1782189480000,0.56963,0.56966,0.56958,0.56959
1782189540000,0.56959,0.5696,0.56957,0.56958
1782189600000,0.56958,0.5696,0.56957,0.56959
1782189660000,0.56959,0.56961,0.56956,0.56956
1782189720000,0.56957,0.5696,0.56956,0.56958
1782189780000,0.56958,0.56959,0.56955,0.56958
1782189840000,0.56958,0.5696,0.56956,0.56959
1782189900000,0.5696,0.56962,0.56956,0.56956
1782189960000,0.56957,0.56957,0.56952,0.56956
1782190020000,0.56955,0.56961,0.56955,0.56959
1782190080000,0.56961,0.56964,0.56959,0.56963
1782190140000,0.56962,0.56962,0.5696,0.5696
1782190200000,0.56961,0.56963,0.56958,0.56961
1782190260000,0.5696,0.56962,0.56957,0.56961
1782190320000,0.5696,0.56961,0.56957,0.56957
1782190380000,0.56957,0.5696,0.56956,0.5696
1782190440000,0.5696,0.56961,0.5696,0.5696
1782190500000,0.56963,0.56966,0.56957,0.56958
1782190560000,0.56957,0.56957,0.56949,0.56949
1782190620000,0.56949,0.5695,0.56934,0.56935
1782190680000,0.56933,0.56936,0.56922,0.5693
1782190740000,0.5693,0.56931,0.56917,0.56928
1782190800000,0.56928,0.56929,0.56906,0.56914
1782190860000,0.56918,0.56923,0.56917,0.56918
1782190920000,0.56918,0.56921,0.56914,0.56919
1782190980000,0.5692,0.56926,0.56916,0.5692
1782191040000,0.5692,0.56924,0.5692,0.56924
1782191100000,0.56924,0.56932,0.56923,0.56929
1782191160000,0.56928,0.56935,0.56928,0.56935
1782191220000,0.56935,0.56935,0.56925,0.56925
1782191280000,0.56925,0.56926,0.56915,0.56915
1782191340000,0.56916,0.56916,0.5691,0.5691
1782191400000,0.5691,0.56922,0.5691,0.56916
1782191460000,0.56917,0.56921,0.56915,0.5692
1782191520000,0.56922,0.56922,0.56915,0.56917
1782191580000,0.56919,0.56919,0.56914,0.56914
1782191640000,0.56915,0.56916,0.56911,0.56914
1782191700000,0.56914,0.56921,0.5691,0.56921
1782191760000,0.5692,0.56923,0.56919,0.56921
1782191820000,0.56921,0.56923,0.5692,0.56921
1782191880000,0.56922,0.56922,0.56919,0.5692
1782191940000,0.56919,0.56925,0.56919,0.56924
1782192000000,0.56924,0.56936,0.56924,0.56936
1782192060000,0.56936,0.5694,0.56934,0.56934
1782192120000,0.56934,0.56935,0.56926,0.5693
1782192180000,0.5693,0.56935,0.5693,0.56934
1782192240000,0.56934,0.56935,0.56929,0.5693
1782192300000,0.5693,0.5693,0.56926,0.56929
1782192360000,0.56927,0.56931,0.56924,0.56924
1782192420000,0.56925,0.56925,0.5692,0.56921
1782192480000,0.56921,0.56925,0.56919,0.56919
1782192540000,0.56919,0.56931,0.56919,0.56931
1782192600000,0.5693,0.56931,0.56925,0.5693
1782192660000,0.5693,0.5693,0.56925,0.56927
1782192720000,0.56926,0.56927,0.56917,0.5692
1782192780000,0.5692,0.56932,0.56917,0.56932
1782192840000,0.56932,0.56933,0.5693,0.56931
1782192900000,0.56934,0.56937,0.56929,0.56934
1782192960000,0.56934,0.56939,0.56934,0.56936
1782193020000,0.56936,0.56943,0.56934,0.56935
1782193080000,0.56935,0.56938,0.56931,0.56936
1782193140000,0.56936,0.56942,0.56934,0.56938
1782193200000,0.56939,0.5694,0.5692,0.56924
1782193260000,0.56924,0.56927,0.56914,0.56923
1782193320000,0.56923,0.56926,0.5692,0.56925
1782193380000,0.56926,0.56936,0.56925,0.56932
1782193440000,0.56934,0.56941,0.56931,0.5694
1782193500000,0.56941,0.56942,0.56925,0.56926
1782193560000,0.56927,0.5693,0.56925,0.56926
1782193620000,0.56927,0.5693,0.56925,0.56927
1782193680000,0.56925,0.56926,0.56915,0.56917
1782193740000,0.56916,0.5692,0.56914,0.56918
1782193800000,0.56918,0.5692,0.56915,0.56919
1782193860000,0.56919,0.56921,0.56915,0.56915
1782193920000,0.56915,0.56918,0.56907,0.56907
1782193980000,0.56906,0.56921,0.56906,0.56913
1782194040000,0.56914,0.56918,0.56913,0.56917
1782194100000,0.56914,0.56915,0.56909,0.5691
1782194160000,0.56911,0.5692,0.56909,0.5692
1782194220000,0.5692,0.56923,0.56913,0.5692
1782194280000,0.56921,0.56927,0.56916,0.56927
1782194340000,0.56926,0.56932,0.56925,0.56932
1782194400000,0.56931,0.56934,0.56916,0.56925
1782194460000,0.56925,0.56931,0.56924,0.56924
1782194520000,0.56924,0.56931,0.56922,0.56929
1782194580000,0.5693,0.56935,0.56928,0.56935
1782194640000,0.56935,0.56941,0.56926,0.56929
1782194700000,0.56928,0.56941,0.56927,0.56934
1782194760000,0.56933,0.56933,0.56923,0.56928
1782194820000,0.56928,0.56929,0.5692,0.56928
1782194880000,0.56928,0.56933,0.56922,0.56922
1782194940000,0.56923,0.56925,0.56913,0.56914
1782195000000,0.56914,0.5692,0.56912,0.56915
1782195060000,0.56915,0.56915,0.56901,0.56904
1782195120000,0.56905,0.56914,0.56899,0.56912
1782195180000,0.56912,0.56922,0.56912,0.56919
1782195240000,0.56918,0.56924,0.56916,0.5692
1782195300000,0.56922,0.56926,0.56919,0.56923
1782195360000,0.56921,0.56932,0.56919,0.5693
1782195420000,0.56928,0.56931,0.56914,0.56921
1782195480000,0.5692,0.56924,0.56914,0.56922
1782195540000,0.56921,0.56925,0.56911,0.56918
1782195600000,0.56916,0.5693,0.56913,0.56929
1782195660000,0.56929,0.56929,0.56919,0.56925
1782195720000,0.56926,0.5693,0.56922,0.56927
1782195780000,0.56927,0.56931,0.56922,0.56924
1782195840000,0.56925,0.56927,0.56918,0.56927
1782195900000,0.56926,0.5693,0.56905,0.56913
1782195960000,0.56914,0.56914,0.5689,0.56898
1782196020000,0.56896,0.56904,0.56894,0.56904
1782196080000,0.56905,0.56906,0.56898,0.56899
1782196140000,0.56903,0.56903,0.56894,0.56895
1782196200000,0.56896,0.56896,0.56881,0.56881
1782196260000,0.56882,0.56887,0.56878,0.56887
1782196320000,0.56885,0.56901,0.56885,0.569
1782196380000,0.569,0.56904,0.56898,0.56901
1782196440000,0.569,0.56907,0.56896,0.56907
1782196500000,0.56908,0.56908,0.569,0.56901
1782196560000,0.56902,0.56903,0.56876,0.56878
1782196620000,0.56878,0.56878,0.56874,0.56876
1782196680000,0.56876,0.5688,0.56874,0.56875
1782196740000,0.56874,0.56876,0.56861,0.56864
1782196800000,0.56867,0.56871,0.56862,0.56862
1782196860000,0.56864,0.56864,0.56855,0.56856
1782196920000,0.56855,0.56856,0.56846,0.56851
1782196980000,0.56853,0.56854,0.56845,0.56847
1782197040000,0.56846,0.56848,0.56839,0.56843
1782197100000,0.56842,0.56854,0.5684,0.56848
1782197160000,0.5685,0.56859,0.56848,0.56856
1782197220000,0.56854,0.56861,0.5685,0.56851
1782197280000,0.56849,0.5685,0.56838,0.56842
1782197340000,0.56844,0.5685,0.56843,0.56847
1782197400000,0.56847,0.56867,0.56847,0.5686
1782197460000,0.5686,0.56861,0.56855,0.5686
1782197520000,0.5686,0.56861,0.56851,0.56853
1782197580000,0.56854,0.5686,0.56851,0.56859
1782197640000,0.56859,0.56865,0.56854,0.56865
1782197700000,0.56864,0.56874,0.56863,0.56866
1782197760000,0.56865,0.56869,0.56863,0.56866
1782197820000,0.56867,0.5687,0.56859,0.56862
1782197880000,0.56861,0.56863,0.56858,0.56861
1782197940000,0.56862,0.56873,0.56861,0.56866
1782198000000,0.5687,0.5687,0.56853,0.56863
1782198060000,0.56861,0.56889,0.56859,0.56877
1782198120000,0.56874,0.56885,0.56864,0.56872
1782198180000,0.56871,0.56888,0.56871,0.56882
1782198240000,0.56881,0.56895,0.56881,0.56895
1782198300000,0.56894,0.56894,0.56882,0.56887
1782198360000,0.56887,0.56889,0.56879,0.56889
1782198420000,0.56888,0.56903,0.56885,0.56898
1782198480000,0.56896,0.56903,0.56896,0.569
1782198540000,0.56902,0.56921,0.56901,0.56915
1782198600000,0.56912,0.56912,0.56903,0.56903
1782198660000,0.56903,0.56906,0.569,0.569
1782198720000,0.569,0.56905,0.56897,0.56901
1782198780000,0.56901,0.56905,0.56887,0.56889
1782198840000,0.5689,0.56893,0.56882,0.56884
1782198900000,0.56888,0.56903,0.56888,0.56894
1782198960000,0.56894,0.56898,0.56889,0.56893
1782199020000,0.56893,0.56897,0.56893,0.56895
1782199080000,0.56895,0.56901,0.56895,0.56895
1782199140000,0.56895,0.56909,0.56887,0.56909
1782199200000,0.56908,0.56928,0.56906,0.56919
1782199260000,0.5692,0.56921,0.56914,0.56914
1782199320000,0.56913,0.5692,0.56903,0.5692
1782199380000,0.5692,0.56921,0.5691,0.56915
1782199440000,0.56914,0.56916,0.56907,0.5691
1782199500000,0.5691,0.56916,0.56906,0.56912
1782199560000,0.56911,0.56913,0.56909,0.56911
1782199620000,0.56913,0.56927,0.56912,0.56926
1782199680000,0.56926,0.56931,0.56924,0.5693
1782199740000,0.56929,0.56934,0.56926,0.56931
1782199800000,0.5693,0.5693,0.56906,0.56914
1782199860000,0.56913,0.56913,0.569,0.56901
1782199920000,0.56902,0.56905,0.56885,0.5689
1782199980000,0.5689,0.56901,0.5689,0.56896
1782200040000,0.56898,0.56906,0.56895,0.56906
1782200100000,0.56905,0.56905,0.56893,0.56893
1782200160000,0.56892,0.56898,0.56885,0.56896
1782200220000,0.56897,0.56899,0.5689,0.5689
1782200280000,0.56891,0.56892,0.5688,0.56891
1782200340000,0.56891,0.56892,0.56885,0.56891
1782200400000,0.56891,0.56898,0.56883,0.56883
1782200460000,0.56884,0.56888,0.56873,0.56876
1782200520000,0.56875,0.56875,0.56855,0.56859
1782200580000,0.56858,0.56861,0.56856,0.56861
1782200640000,0.56861,0.56861,0.56854,0.56859
1782200700000,0.56861,0.56861,0.5685,0.56853
1782200760000,0.56853,0.56877,0.56852,0.56877
1782200820000,0.56877,0.56881,0.5687,0.56871
1782200880000,0.56871,0.56879,0.56871,0.56877
1782200940000,0.56877,0.56879,0.56862,0.56869
1782201000000,0.56869,0.56869,0.56852,0.56854
1782201060000,0.5685,0.5685,0.5683,0.56835
1782201120000,0.56835,0.56841,0.56829,0.56829
1782201180000,0.56829,0.56834,0.56828,0.56833
1782201240000,0.56833,0.56844,0.56832,0.56844
1782201300000,0.56844,0.56848,0.5684,0.56841
1782201360000,0.56841,0.56841,0.5683,0.56832
1782201420000,0.56831,0.5684,0.56825,0.5684
1782201480000,0.5684,0.56846,0.56834,0.56844
1782201540000,0.56845,0.56854,0.56839,0.5684
1782201600000,0.56844,0.56846,0.56825,0.56836
1782201660000,0.56835,0.56841,0.56835,0.56839
1782201720000,0.56837,0.56866,0.56837,0.56855
1782201780000,0.56855,0.56865,0.56854,0.5686
1782201840000,0.56861,0.56865,0.56846,0.56847
1782201900000,0.56848,0.56867,0.56848,0.56867
1782201960000,0.56867,0.5688,0.56866,0.56879
1782202020000,0.56882,0.56882,0.56871,0.5688
1782202080000,0.5688,0.56881,0.56866,0.56871
1782202140000,0.56871,0.56877,0.56865,0.56876
1782202200000,0.56875,0.56883,0.56875,0.56883
1782202260000,0.5688,0.5689,0.56874,0.56887
1782202320000,0.56888,0.56891,0.56871,0.56876
1782202380000,0.56876,0.5688,0.56873,0.56875
1782202440000,0.56874,0.56876,0.56869,0.56871
1782202500000,0.56873,0.5688,0.5687,0.5687
1782202560000,0.56869,0.5687,0.5686,0.56861
1782202620000,0.56862,0.56864,0.56856,0.56856
1782202680000,0.56857,0.56857,0.56842,0.56846
1782202740000,0.56847,0.56851,0.56845,0.56846
1782202800000,0.56846,0.56856,0.56846,0.56851
1782202860000,0.56851,0.56856,0.5685,0.56855
1782202920000,0.56855,0.56862,0.56855,0.56856
1782202980000,0.56855,0.56856,0.56842,0.56842
1782203040000,0.56839,0.56841,0.56837,0.5684
1782203100000,0.5684,0.56841,0.56837,0.56839
1782203160000,0.56838,0.56844,0.56832,0.56834
1782203220000,0.56835,0.56836,0.56831,0.56834
1782203280000,0.56835,0.56835,0.56827,0.56828
1782203340000,0.56829,0.56841,0.56828,0.5684
1782203400000,0.56839,0.56847,0.56832,0.56845
1782203460000,0.56846,0.56846,0.56836,0.56843
1782203520000,0.56842,0.56842,0.56835,0.56837
1782203580000,0.56839,0.56842,0.56832,0.56839
1782203640000,0.56837,0.56842,0.56833,0.56842
1782203700000,0.56843,0.56844,0.56836,0.56838
1782203760000,0.56838,0.5684,0.5683,0.5683
1782203820000,0.5683,0.56838,0.5683,0.56833
1782203880000,0.56833,0.5684,0.5683,0.5683
1782203940000,0.56832,0.56837,0.56827,0.56835
1782204000000,0.56834,0.56846,0.56833,0.56845
1782204060000,0.56846,0.56852,0.56845,0.56849
1782204120000,0.56846,0.56851,0.56845,0.5685
1782204180000,0.5685,0.5685,0.56841,0.56843
1782204240000,0.56841,0.56843,0.56833,0.56835
1782204300000,0.56833,0.56833,0.56824,0.5683
1782204360000,0.56831,0.56831,0.56824,0.56824
1782204420000,0.56826,0.56829,0.56822,0.56824
1782204480000,0.56823,0.56824,0.5682,0.56822
1782204540000,0.56822,0.56832,0.56821,0.5683
1782204600000,0.56827,0.56831,0.56824,0.56827
1782204660000,0.56824,0.56831,0.56824,0.56831
1782204720000,0.56833,0.56837,0.5683,0.56832
1782204780000,0.56834,0.56851,0.56834,0.56851
1782204840000,0.56853,0.56861,0.56853,0.56856
1782204900000,0.56858,0.56859,0.56857,0.56857
1782204960000,0.56856,0.56857,0.56854,0.56857
1782205020000,0.56857,0.56857,0.56849,0.56849
1782205080000,0.5685,0.56851,0.56847,0.56851
1782205140000,0.56849,0.56851,0.56849,0.56851
1782205200000,0.56851,0.56856,0.56838,0.56856
1782205260000,0.5686,0.56872,0.5686,0.56871
1782205320000,0.56871,0.56889,0.5687,0.56884
1782205380000,0.56885,0.56886,0.56868,0.56871
1782205440000,0.56871,0.5688,0.56867,0.56875
1782205500000,0.56873,0.5688,0.56872,0.5688
1782205560000,0.56878,0.56884,0.56877,0.56881
1782205620000,0.56883,0.56887,0.5688,0.5688
1782205680000,0.56881,0.56885,0.56875,0.56875
1782205740000,0.56873,0.56877,0.56873,0.56876
1782205800000,0.56875,0.5688,0.56873,0.5688
1782205860000,0.56883,0.56883,0.56874,0.56878
1782205920000,0.56876,0.5688,0.56872,0.5688
1782205980000,0.5688,0.56892,0.5688,0.5689
1782206040000,0.56892,0.56901,0.56892,0.56896
1782206100000,0.56896,0.56902,0.56892,0.56894
1782206160000,0.56895,0.56897,0.56894,0.56894
1782206220000,0.56895,0.56895,0.56888,0.56889
1782206280000,0.56887,0.56891,0.56885,0.5689
1782206340000,0.56889,0.56894,0.56889,0.5689
1782206400000,0.56891,0.56891,0.56885,0.5689
1782206460000,0.56889,0.56894,0.56885,0.56889
1782206520000,0.56888,0.56896,0.56888,0.56893
1782206580000,0.56892,0.56897,0.56888,0.56896
1782206640000,0.56894,0.56897,0.56894,0.56895
1782206700000,0.56894,0.56896,0.5689,0.56891
1782206760000,0.5689,0.56897,0.56889,0.56895
1782206820000,0.56897,0.56898,0.56891,0.56892
1782206880000,0.56891,0.56891,0.56878,0.56885
1782206940000,0.56886,0.56888,0.56884,0.56886
1782207000000,0.56888,0.56888,0.56877,0.56877
1782207060000,0.56877,0.5688,0.56875,0.56875
1782207120000,0.56874,0.56882,0.56874,0.5688
1782207180000,0.5688,0.56886,0.56879,0.5688
1782207240000,0.56881,0.56882,0.56875,0.56876
1782207300000,0.56877,0.56891,0.56877,0.56891
1782207360000,0.56891,0.56896,0.5689,0.56893
1782207420000,0.56891,0.56897,0.5689,0.56891
1782207480000,0.56891,0.56893,0.56887,0.5689
1782207540000,0.56891,0.56897,0.5689,0.56895
1782207600000,0.56895,0.56896,0.56888,0.56892
1782207660000,0.56895,0.56897,0.56891,0.56897
1782207720000,0.56898,0.56901,0.56895,0.56895
1782207780000,0.56896,0.56902,0.56892,0.56895
1782207840000,0.56895,0.56896,0.56891,0.56891
1782207900000,0.5689,0.56898,0.5689,0.56897
1782207960000,0.56897,0.569,0.56895,0.569
1782208020000,0.56901,0.56902,0.56895,0.56895
1782208080000,0.56896,0.56901,0.56895,0.56897
1782208140000,0.56898,0.56906,0.56897,0.56905
1782208200000,0.56905,0.56907,0.56901,0.56907
1782208260000,0.56907,0.56908,0.56903,0.56906
1782208320000,0.56906,0.56913,0.56906,0.56913
1782208380000,0.56912,0.56916,0.5691,0.5691
1782208440000,0.5691,0.56916,0.5691,0.56911
1782208500000,0.5691,0.56917,0.56909,0.56917
1782208560000,0.56917,0.56917,0.56915,0.56915
1782208620000,0.56915,0.56922,0.56915,0.56922
1782208680000,0.5692,0.56925,0.56919,0.56921
1782208740000,0.5692,0.56925,0.5692,0.56925
1782208800000,0.56925,0.56936,0.56923,0.56936
1782208860000,0.56936,0.56943,0.56936,0.56938
1782208920000,0.56937,0.56943,0.56935,0.56942
1782208980000,0.56943,0.56946,0.56941,0.56945
1782209040000,0.56945,0.56948,0.56943,0.56943
1782209100000,0.56942,0.56943,0.5693,0.56931
1782209160000,0.5693,0.5693,0.56926,0.56929
1782209220000,0.56931,0.56932,0.56925,0.56926
1782209280000,0.56925,0.56925,0.56922,0.56923
1782209340000,0.5692,0.56921,0.56917,0.56919
1782209400000,0.56919,0.5692,0.56918,0.5692
1782209460000,0.56918,0.56918,0.56906,0.56908
1782209520000,0.56907,0.56912,0.56907,0.56911
1782209580000,0.56909,0.56916,0.56907,0.56915
1782209640000,0.56917,0.56922,0.56916,0.56921
1782209700000,0.56921,0.56932,0.56921,0.56932
1782209760000,0.56934,0.56935,0.56934,0.56935
1782209820000,0.56936,0.56936,0.56934,0.56934
1782209880000,0.56934,0.56939,0.56932,0.56932
1782209940000,0.56934,0.56935,0.5692,0.56921
1782210000000,0.56921,0.56921,0.56906,0.56906
1782210060000,0.56907,0.56912,0.56901,0.5691
1782210120000,0.56909,0.56915,0.56909,0.56914
1782210180000,0.56916,0.56916,0.5691,0.56914
1782210240000,0.56913,0.56915,0.56908,0.56908
1782210300000,0.56911,0.56911,0.56904,0.56904
1782210360000,0.56905,0.56909,0.56904,0.56905
1782210420000,0.56904,0.56907,0.56904,0.56907
1782210480000,0.56905,0.56906,0.56902,0.56906
1782210540000,0.56905,0.56905,0.56899,0.56899
1782210600000,0.56898,0.56899,0.5689,0.56894
1782210660000,0.56894,0.56894,0.56886,0.56889
1782210720000,0.56888,0.56899,0.56888,0.56889
1782210780000,0.56889,0.56901,0.56889,0.56899
1782210840000,0.56897,0.56897,0.56894,0.56894
1782210900000,0.56896,0.56896,0.56892,0.56892
1782210960000,0.56892,0.56894,0.56888,0.56888
1782211020000,0.56889,0.56899,0.56889,0.56895
1782211080000,0.56896,0.56897,0.56889,0.56897
1782211140000,0.56898,0.56899,0.56895,0.56897
1782211200000,0.56895,0.569,0.56895,0.56898
1782211260000,0.56897,0.56897,0.56889,0.56891
1782211320000,0.56891,0.56891,0.56884,0.56885
1782211380000,0.56887,0.56891,0.56886,0.56891
1782211440000,0.5689,0.5689,0.56881,0.56881
1782211500000,0.56882,0.56885,0.56877,0.5688
1782211560000,0.56879,0.56879,0.56868,0.56869
1782211620000,0.56868,0.5687,0.56864,0.56865
1782211680000,0.56867,0.56867,0.56859,0.5686
1782211740000,0.56861,0.56861,0.56843,0.56844
1782211800000,0.56846,0.56853,0.56844,0.56849
1782211860000,0.56849,0.56849,0.56837,0.56845
1782211920000,0.56844,0.56845,0.56832,0.56836
1782211980000,0.56836,0.56836,0.56824,0.56835
1782212040000,0.56834,0.56837,0.5683,0.56833
1782212100000,0.56832,0.56835,0.5683,0.56832
1782212160000,0.56832,0.56839,0.56832,0.56834
1782212220000,0.56835,0.56842,0.56835,0.56836
1782212280000,0.56837,0.56843,0.56835,0.56843
1782212340000,0.56845,0.56849,0.56839,0.56843
1782212400000,0.56843,0.56846,0.5684,0.56845
1782212460000,0.56846,0.56855,0.56846,0.56851
1782212520000,0.56852,0.5686,0.5685,0.56854
1782212580000,0.56852,0.56857,0.56851,0.56851
1782212640000,0.5685,0.5685,0.56836,0.56839
1782212700000,0.56839,0.56846,0.56838,0.56844
1782212760000,0.56845,0.56857,0.56843,0.56853
1782212820000,0.56855,0.56856,0.56853,0.56855
1782212880000,0.56855,0.56858,0.56852,0.56852
1782212940000,0.56853,0.56854,0.56843,0.56843
1782213000000,0.56845,0.56845,0.56838,0.56844
1782213060000,0.56842,0.56849,0.56842,0.56849
1782213120000,0.56847,0.56853,0.56847,0.56851
1782213180000,0.56854,0.56855,0.56843,0.56843
1782213240000,0.56843,0.56846,0.56839,0.56846
1782213300000,0.56844,0.56846,0.56835,0.56838
1782213360000,0.56839,0.56844,0.56836,0.56836
1782213420000,0.56837,0.56838,0.5683,0.56833
1782213480000,0.56834,0.56836,0.56831,0.56834
1782213540000,0.56833,0.56839,0.56831,0.56839
1782213600000,0.56839,0.5687,0.56831,0.56866
1782213660000,0.56864,0.56866,0.56843,0.56844
1782213720000,0.56844,0.56845,0.56838,0.56843
1782213780000,0.56842,0.5685,0.56842,0.56842
1782213840000,0.56842,0.56845,0.56839,0.56842
1782213900000,0.5684,0.56842,0.56834,0.56836
1782213960000,0.56837,0.56839,0.56833,0.56833
1782214020000,0.56834,0.56838,0.56833,0.56833
1782214080000,0.56833,0.56834,0.56828,0.56828
1782214140000,0.56828,0.56829,0.56821,0.56821
1782214200000,0.5682,0.56824,0.56816,0.56819
1782214260000,0.56817,0.56819,0.56809,0.56818
1782214320000,0.56819,0.56824,0.56819,0.5682
1782214380000,0.56819,0.56824,0.56818,0.56819
1782214440000,0.56819,0.5682,0.56815,0.56816
1782214500000,0.56818,0.56819,0.56812,0.56815
1782214560000,0.56813,0.56814,0.5681,0.56811
1782214620000,0.5681,0.5681,0.56802,0.56809
1782214680000,0.56809,0.56813,0.56807,0.56807
1782214740000,0.56808,0.56818,0.56808,0.56816
1782214800000,0.56816,0.56816,0.56811,0.56814
1782214860000,0.56815,0.56817,0.5681,0.56816
1782214920000,0.56814,0.5682,0.56812,0.5682
1782214980000,0.56819,0.56819,0.5681,0.5681
1782215040000,0.56811,0.56815,0.56811,0.56815
1782215100000,0.56814,0.56816,0.56813,0.56815
1782215160000,0.56813,0.56816,0.56811,0.56812
1782215220000,0.56814,0.56814,0.56799,0.56801
1782215280000,0.56799,0.56802,0.56799,0.56802
1782215340000,0.568,0.56801,0.56798,0.56801
1782215400000,0.568,0.5681,0.56798,0.5681
1782215460000,0.56809,0.56814,0.56781,0.56781
1782215520000,0.56782,0.56784,0.56773,0.56776
1782215580000,0.56776,0.56776,0.56771,0.56773
1782215640000,0.56775,0.56779,0.56772,0.56779
1782215700000,0.56778,0.56783,0.56768,0.56774
1782215760000,0.56774,0.56774,0.56766,0.56767
1782215820000,0.56765,0.56765,0.56746,0.56746
1782215880000,0.56746,0.56746,0.56734,0.56734
1782215940000,0.56733,0.56736,0.56729,0.56734
1782216000000,0.56735,0.56745,0.56729,0.56744
1782216060000,0.56743,0.56777,0.56742,0.56774
1782216120000,0.56773,0.56785,0.56769,0.56776
1782216180000,0.56776,0.56779,0.56761,0.56766
1782216240000,0.56768,0.56777,0.56768,0.5677
1782216300000,0.5677,0.5677,0.56762,0.56762
1782216360000,0.56762,0.56767,0.56756,0.56765
1782216420000,0.56764,0.56767,0.56762,0.56766
1782216480000,0.56767,0.56783,0.56767,0.56781
1782216540000,0.5678,0.5678,0.56768,0.56772
1782216600000,0.56771,0.56782,0.56771,0.56778
1782216660000,0.56779,0.56781,0.56768,0.56771
1782216720000,0.56772,0.56772,0.56763,0.56771
1782216780000,0.56771,0.56772,0.5676,0.5676
1782216840000,0.56763,0.56767,0.5676,0.56763
1782216900000,0.56763,0.5677,0.56761,0.56769
1782216960000,0.56771,0.56785,0.56766,0.56785
1782217020000,0.56785,0.56785,0.56772,0.56775
1782217080000,0.56774,0.56775,0.56763,0.56763
1782217140000,0.56765,0.56768,0.56759,0.56759
1782217200000,0.56759,0.56763,0.56752,0.56754
1782217260000,0.56753,0.56755,0.56743,0.56743
1782217320000,0.56744,0.56745,0.56731,0.56738
1782217380000,0.56737,0.56739,0.5673,0.56738
1782217440000,0.56738,0.56746,0.56738,0.5674
1782217500000,0.56741,0.56741,0.56729,0.56729
1782217560000,0.5673,0.56742,0.56729,0.56739
1782217620000,0.5674,0.56741,0.56735,0.56739
1782217680000,0.56739,0.56747,0.56739,0.5674
1782217740000,0.5674,0.5674,0.56725,0.56731
1782217800000,0.56731,0.56746,0.56731,0.56744
1782217860000,0.56744,0.5676,0.56744,0.56747
1782217920000,0.56749,0.5675,0.56744,0.56744
1782217980000,0.56745,0.5675,0.56743,0.56749
1782218040000,0.5675,0.56752,0.56736,0.56736
1782218100000,0.56735,0.56744,0.56733,0.56736
1782218160000,0.56735,0.56736,0.56731,0.56735
1782218220000,0.56736,0.56743,0.56734,0.56734
1782218280000,0.56735,0.56737,0.56731,0.56734
1782218340000,0.56734,0.56741,0.56728,0.56735
1782218400000,0.56735,0.56745,0.56735,0.56742
1782218460000,0.56742,0.56742,0.56733,0.56733
1782218520000,0.56733,0.56735,0.56718,0.56722
1782218580000,0.56723,0.56731,0.56721,0.56722
1782218640000,0.56722,0.56722,0.56708,0.56708
1782218700000,0.56708,0.5672,0.56708,0.56711
1782218760000,0.56711,0.5672,0.56704,0.5672
1782218820000,0.56718,0.56721,0.56709,0.56711
1782218880000,0.56712,0.56719,0.56712,0.56719
1782218940000,0.5672,0.56728,0.56717,0.56727
1782219000000,0.56727,0.5673,0.5672,0.56721
1782219060000,0.56723,0.56737,0.56721,0.56736
1782219120000,0.56733,0.56733,0.56724,0.56728
1782219180000,0.56727,0.5673,0.5672,0.56729
1782219240000,0.56726,0.56729,0.56724,0.56724
1782219300000,0.56724,0.56729,0.56724,0.56728
1782219360000,0.56728,0.56731,0.56727,0.56728
1782219420000,0.56728,0.56728,0.56716,0.56719
1782219480000,0.5672,0.56721,0.56713,0.56716
1782219540000,0.56716,0.56722,0.56713,0.56721
1782219600000,0.56723,0.56725,0.56715,0.56715
1782219660000,0.56715,0.56719,0.56699,0.56705
1782219720000,0.56704,0.56722,0.56704,0.56719
1782219780000,0.56719,0.56735,0.56719,0.56733
1782219840000,0.56733,0.5675,0.5673,0.56749
1782219900000,0.56747,0.56757,0.56743,0.56755
1782219960000,0.56755,0.56768,0.56752,0.56766
1782220020000,0.56765,0.56766,0.56758,0.56762
1782220080000,0.56763,0.56767,0.56758,0.56761
1782220140000,0.56762,0.56762,0.56753,0.56756
1782220200000,0.56756,0.56756,0.56735,0.56741
1782220260000,0.56737,0.56737,0.56725,0.56725
1782220320000,0.56725,0.56728,0.56725,0.56725
1782220380000,0.56726,0.56727,0.5672,0.56725
1782220440000,0.56725,0.56726,0.56715,0.56715
1782220500000,0.56714,0.56715,0.56709,0.56715
1782220560000,0.56712,0.56712,0.567,0.567
1782220620000,0.567,0.5671,0.567,0.56707
1782220680000,0.56709,0.56721,0.56709,0.5672
1782220740000,0.5672,0.56722,0.56713,0.56714
1782220800000,0.56715,0.56721,0.56707,0.56721
1782220860000,0.5672,0.56727,0.56716,0.56724
1782220920000,0.56724,0.56732,0.56722,0.5673
1782220980000,0.56731,0.56746,0.5673,0.56745
1782221040000,0.56745,0.56756,0.5674,0.56755
1782221100000,0.56754,0.56757,0.56739,0.56739
1782221160000,0.56741,0.56754,0.56739,0.56741
1782221220000,0.56741,0.56744,0.56735,0.56735
1782221280000,0.56736,0.56751,0.56734,0.56748
1782221340000,0.56748,0.5675,0.5674,0.5675
1782221400000,0.56751,0.56757,0.56739,0.56748
1782221460000,0.56747,0.56756,0.56738,0.56756
1782221520000,0.56756,0.56777,0.56755,0.56765
1782221580000,0.56762,0.56767,0.56755,0.56762
1782221640000,0.56764,0.56774,0.56762,0.56773
1782221700000,0.56775,0.56775,0.56763,0.56766
1782221760000,0.56768,0.56778,0.56762,0.56765
1782221820000,0.56765,0.56773,0.56754,0.56754
1782221880000,0.56754,0.56758,0.56748,0.56755
1782221940000,0.56755,0.5678,0.56755,0.56774
1782222000000,0.56774,0.56777,0.56764,0.56773
1782222060000,0.56772,0.56782,0.56767,0.56778
1782222120000,0.56777,0.56785,0.5677,0.56785
1782222180000,0.56784,0.56787,0.56776,0.56776
1782222240000,0.56777,0.56779,0.5677,0.56771
1782222300000,0.5677,0.56785,0.56767,0.56785
1782222360000,0.56785,0.56786,0.56776,0.56777
1782222420000,0.56778,0.56798,0.56778,0.56794
1782222480000,0.56795,0.56812,0.56793,0.56811
1782222540000,0.56811,0.56812,0.56799,0.568
1782222600000,0.568,0.568,0.56793,0.56795
1782222660000,0.56796,0.56801,0.56794,0.56795
1782222720000,0.56796,0.56796,0.56781,0.56789
1782222780000,0.56789,0.56794,0.56784,0.56784
1782222840000,0.56785,0.56792,0.56783,0.56788
1782222900000,0.56787,0.56787,0.56766,0.56766
1782222960000,0.56766,0.56766,0.56745,0.56747
1782223020000,0.56748,0.56759,0.56747,0.56755
1782223080000,0.56756,0.56765,0.56754,0.56764
1782223140000,0.56764,0.56771,0.56761,0.56765
1782223200000,0.56764,0.56771,0.56752,0.56761
1782223260000,0.56762,0.56771,0.56757,0.56757
1782223320000,0.56759,0.5677,0.56756,0.56761
1782223380000,0.56763,0.56776,0.56762,0.56773
1782223440000,0.56775,0.56782,0.56766,0.56771
1782223500000,0.56771,0.56776,0.56765,0.56766
1782223560000,0.56767,0.56777,0.56766,0.56777
1782223620000,0.56777,0.5678,0.56766,0.56775
1782223680000,0.56776,0.5678,0.56761,0.56765
1782223740000,0.56767,0.56775,0.56764,0.56771
1782223800000,0.56771,0.56786,0.56766,0.56769
1782223860000,0.56769,0.56771,0.56758,0.5676
1782223920000,0.5676,0.56776,0.56759,0.56775
1782223980000,0.56773,0.56778,0.56768,0.56776
1782224040000,0.56775,0.5678,0.56763,0.56769
1782224100000,0.5677,0.5677,0.56761,0.56765
1782224160000,0.56766,0.56781,0.56766,0.5678
1782224220000,0.56781,0.56781,0.56765,0.56766
1782224280000,0.56764,0.56766,0.56759,0.56761
1782224340000,0.56762,0.56768,0.56761,0.56763
1782224400000,0.56765,0.56772,0.56765,0.56767
1782224460000,0.56765,0.56767,0.56752,0.56752
1782224520000,0.56751,0.56753,0.5674,0.56744
1782224580000,0.56745,0.56761,0.56744,0.5676
1782224640000,0.56758,0.56759,0.56744,0.56746
1782224700000,0.56745,0.56748,0.56736,0.56737
1782224760000,0.56736,0.5674,0.56731,0.56736
1782224820000,0.56737,0.56742,0.56729,0.56729
1782224880000,0.5673,0.56743,0.56728,0.5674
1782224940000,0.56742,0.56751,0.5674,0.56749
1782225000000,0.5675,0.56751,0.56745,0.56746
1782225060000,0.56747,0.56752,0.56746,0.56747
1782225120000,0.56745,0.56752,0.56742,0.56745
1782225180000,0.56745,0.5676,0.56745,0.56746
1782225240000,0.56744,0.56752,0.56743,0.5675
1782225300000,0.56751,0.56751,0.56745,0.56748
1782225360000,0.56749,0.56756,0.56749,0.5675
1782225420000,0.56751,0.56757,0.5675,0.56752
1782225480000,0.5675,0.56755,0.56742,0.56745
1782225540000,0.56746,0.56749,0.56738,0.56742
1782225600000,0.56742,0.56752,0.56741,0.56744
1782225660000,0.56744,0.56745,0.56735,0.56735
1782225720000,0.56735,0.5675,0.56733,0.56745
1782225780000,0.56745,0.56761,0.56743,0.56756
1782225840000,0.56756,0.56761,0.56753,0.56759
1782225900000,0.56761,0.56778,0.5676,0.56776
1782225960000,0.56774,0.5679,0.56774,0.56785
1782226020000,0.56786,0.56787,0.56771,0.56774
1782226080000,0.56774,0.56782,0.56767,0.5678
1782226140000,0.56779,0.5678,0.56772,0.5678
1782226200000,0.5678,0.56781,0.56767,0.56781
1782226260000,0.56781,0.56788,0.56778,0.56778
1782226320000,0.56778,0.56795,0.56776,0.56795
1782226380000,0.56796,0.56799,0.56792,0.56797
1782226440000,0.56795,0.56797,0.56789,0.56797
1782226500000,0.56795,0.56796,0.56782,0.56785
1782226560000,0.56784,0.56784,0.56763,0.56763
1782226620000,0.56764,0.56789,0.56764,0.56787
1782226680000,0.56787,0.56795,0.56784,0.56791
1782226740000,0.5679,0.56791,0.56782,0.56789
1782226800000,0.56787,0.56797,0.56782,0.56795
1782226860000,0.56794,0.56799,0.56787,0.56789
1782226920000,0.56791,0.56798,0.56779,0.56796
1782226980000,0.56796,0.568,0.56788,0.56789
1782227040000,0.56791,0.56799,0.56788,0.56791
1782227100000,0.56794,0.56794,0.56777,0.56778
1782227160000,0.56779,0.56786,0.56762,0.56763
1782227220000,0.56764,0.56776,0.56763,0.56774
1782227280000,0.56773,0.56775,0.5676,0.56764
1782227340000,0.56764,0.56764,0.56755,0.56758
1782227400000,0.56759,0.56765,0.56756,0.56765
1782227460000,0.56765,0.56778,0.5676,0.56776
1782227520000,0.56775,0.56779,0.56772,0.56775
1782227580000,0.56773,0.56784,0.56771,0.56782
1782227640000,0.56784,0.56793,0.56784,0.5679
1782227700000,0.56791,0.56805,0.56791,0.56803
1782227760000,0.56806,0.56806,0.56796,0.568
1782227820000,0.56801,0.56805,0.56795,0.56799
1782227880000,0.568,0.568,0.56785,0.56787
1782227940000,0.56787,0.5679,0.56783,0.56788
1782228000000,0.56788,0.56794,0.56787,0.5679
1782228060000,0.56789,0.56794,0.56784,0.56784
1782228120000,0.56783,0.5679,0.56781,0.56781
1782228180000,0.56781,0.56781,0.56769,0.56777
1782228240000,0.56778,0.56784,0.56777,0.56779
1782228300000,0.5678,0.56785,0.5678,0.56783
1782228360000,0.56783,0.56786,0.56769,0.56772
1782228420000,0.5677,0.56774,0.56761,0.56773
1782228480000,0.56772,0.56772,0.56761,0.56764
1782228540000,0.56766,0.56769,0.56753,0.56755
1782228600000,0.56754,0.56763,0.56753,0.56759
1782228660000,0.56759,0.56763,0.56756,0.5676
1782228720000,0.5676,0.5676,0.56742,0.56759
1782228780000,0.56761,0.56768,0.56758,0.56764
1782228840000,0.56764,0.56766,0.56747,0.56751
1782228900000,0.5675,0.56756,0.56746,0.56746
1782228960000,0.56748,0.56752,0.5673,0.56732
1782229020000,0.56733,0.56736,0.56725,0.56725
1782229080000,0.56725,0.56725,0.56704,0.56715
1782229140000,0.56715,0.56715,0.567,0.567
1782229200000,0.567,0.56706,0.56699,0.56703
1782229260000,0.56701,0.56706,0.56695,0.56695
1782229320000,0.56693,0.56705,0.56688,0.567
1782229380000,0.567,0.56711,0.567,0.567
1782229440000,0.56701,0.56702,0.56695,0.56701
1782229500000,0.56702,0.56702,0.56688,0.56693
1782229560000,0.56693,0.56696,0.56683,0.56686
1782229620000,0.56685,0.5669,0.56682,0.56686
1782229680000,0.56684,0.56689,0.56682,0.56686
1782229740000,0.56685,0.56685,0.56676,0.56679
1782229800000,0.56679,0.56683,0.56677,0.56678
1782229860000,0.56678,0.56686,0.56678,0.56684
1782229920000,0.56686,0.5669,0.56684,0.56689
1782229980000,0.56689,0.56695,0.56685,0.56685
1782230040000,0.56686,0.56695,0.56686,0.56693
1782230100000,0.5669,0.56694,0.56686,0.5669
1782230160000,0.56691,0.56691,0.56682,0.56686
1782230220000,0.56686,0.56697,0.56685,0.56696
1782230280000,0.56696,0.56702,0.56696,0.56699
1782230340000,0.56699,0.56706,0.56696,0.56706
1782230400000,0.56707,0.56711,0.56706,0.56706
1782230460000,0.56706,0.56706,0.567,0.56706
1782230520000,0.56705,0.56705,0.56701,0.56701
1782230580000,0.56701,0.56716,0.56701,0.56713
1782230640000,0.56712,0.56716,0.56708,0.56709
1782230700000,0.56711,0.56717,0.5671,0.56716
1782230760000,0.56715,0.56717,0.5671,0.56713
1782230820000,0.56713,0.56713,0.56695,0.56695
1782230880000,0.56696,0.56705,0.56696,0.56705
1782230940000,0.56706,0.56708,0.56702,0.56706
1782231000000,0.56706,0.5671,0.56702,0.5671
1782231060000,0.56708,0.5671,0.56703,0.56703
1782231120000,0.56703,0.56706,0.56702,0.56706
1782231180000,0.56705,0.5671,0.56705,0.56706
1782231240000,0.56705,0.56728,0.56705,0.56725
1782231300000,0.56725,0.56727,0.56716,0.56716
1782231360000,0.56718,0.5672,0.56713,0.56715
1782231420000,0.56715,0.56721,0.56715,0.56717
1782231480000,0.56716,0.56725,0.56716,0.56724
1782231540000,0.56722,0.56725,0.5672,0.5672
1782231600000,0.5672,0.56728,0.5672,0.56726
1782231660000,0.56726,0.56727,0.5672,0.5672
1782231720000,0.56719,0.5672,0.56715,0.56719
1782231780000,0.5672,0.56722,0.56716,0.56721
1782231840000,0.56722,0.56726,0.56716,0.56723
1782231900000,0.56722,0.56727,0.56721,0.56725
1782231960000,0.56724,0.56726,0.56711,0.56711
1782232020000,0.56711,0.56716,0.56707,0.56716
1782232080000,0.56716,0.56716,0.56706,0.56706
1782232140000,0.56705,0.56711,0.56705,0.56705
1782232200000,0.56705,0.56705,0.56696,0.56696
1782232260000,0.56696,0.567,0.56692,0.56697
1782232320000,0.56698,0.56701,0.56696,0.567
1782232380000,0.56698,0.56702,0.56694,0.56695
1782232440000,0.56695,0.56701,0.56694,0.56699
1782232500000,0.56698,0.56702,0.56697,0.56697
1782232560000,0.56698,0.56703,0.56697,0.56702
1782232620000,0.56702,0.56709,0.567,0.567
1782232680000,0.567,0.567,0.56694,0.56694
1782232740000,0.56695,0.56701,0.56695,0.567
1782232800000,0.56701,0.56705,0.56699,0.56701
1782232860000,0.56701,0.56702,0.56699,0.56699
1782232920000,0.56699,0.56702,0.56698,0.56702
1782232980000,0.56701,0.56705,0.567,0.567
1782233040000,0.56701,0.56708,0.567,0.56707
1782233100000,0.56707,0.56707,0.56701,0.56701
1782233160000,0.56701,0.56706,0.56701,0.56701
1782233220000,0.56701,0.56701,0.56692,0.567
1782233280000,0.56701,0.56707,0.56701,0.56702
1782233340000,0.56704,0.56705,0.56691,0.56695
1782233400000,0.56695,0.56699,0.56695,0.56695
1782233460000,0.56696,0.56696,0.5669,0.5669
1782233520000,0.56693,0.56695,0.5669,0.5669
1782233580000,0.56687,0.56687,0.5668,0.56684
1782233640000,0.56683,0.56687,0.56681,0.56686
1782233700000,0.56688,0.56691,0.56681,0.56681
1782233760000,0.56681,0.56684,0.56676,0.56676
1782233820000,0.56676,0.56679,0.56671,0.56674
1782233880000,0.56673,0.56675,0.5667,0.56675
1782233940000,0.56675,0.5668,0.56675,0.56676
1782234000000,0.56675,0.56676,0.5667,0.5667
1782234060000,0.56671,0.56677,0.56671,0.56674
1782234120000,0.56676,0.56677,0.5667,0.56676
1782234180000,0.56675,0.56676,0.56673,0.56673
1782234240000,0.56673,0.56673,0.56665,0.56665
1782234300000,0.56666,0.56672,0.56666,0.56666
1782234360000,0.56666,0.56671,0.56664,0.56671
1782234420000,0.5667,0.56678,0.5667,0.56677
1782234480000,0.56677,0.56678,0.56672,0.56672
1782234540000,0.56672,0.56677,0.5667,0.56677
1782234600000,0.56678,0.56681,0.56676,0.56676
1782234660000,0.56677,0.56679,0.56676,0.56678
1782234720000,0.56677,0.5668,0.56677,0.5668
1782234780000,0.56681,0.56686,0.56681,0.56685
1782234840000,0.56683,0.56687,0.56682,0.56683
1782234900000,0.56684,0.56687,0.56684,0.56687
1782234960000,0.56688,0.56693,0.56686,0.56692
1782235020000,0.56692,0.56693,0.56681,0.56681
1782235080000,0.56682,0.56686,0.56682,0.56685
1782235140000,0.56682,0.56682,0.56678,0.56682
1782235200000,0.56682,0.56689,0.56682,0.56682
1782235260000,0.56683,0.56687,0.56681,0.56686
1782235320000,0.56686,0.56692,0.56686,0.56691
1782235380000,0.56692,0.56701,0.56692,0.56697
1782235440000,0.56697,0.56702,0.56696,0.56702
1782235500000,0.567,0.567,0.56685,0.56686
1782235560000,0.56686,0.56688,0.56686,0.56686
1782235620000,0.56686,0.56687,0.56685,0.56686
1782235680000,0.56687,0.56692,0.56687,0.56691
1782235740000,0.56691,0.56692,0.56681,0.56681
1782235800000,0.56681,0.56685,0.5668,0.56681
1782235860000,0.56682,0.56687,0.56681,0.56683
1782235920000,0.56682,0.56691,0.56682,0.56687
1782235980000,0.56687,0.56692,0.56687,0.56688
1782236040000,0.56687,0.56691,0.56686,0.56686
1782236100000,0.56689,0.56691,0.56681,0.56681
1782236160000,0.56682,0.56682,0.56681,0.56681
1782236220000,0.56681,0.56686,0.56681,0.56686
1782236280000,0.56685,0.56686,0.56681,0.56682
1782236340000,0.56682,0.56685,0.56681,0.56681
1782236400000,0.56682,0.56686,0.56681,0.56681
1782236460000,0.5668,0.5668,0.56671,0.56677
1782236520000,0.56676,0.56681,0.56676,0.5668
1782236580000,0.5668,0.56681,0.56675,0.5668
1782236640000,0.5668,0.56681,0.56678,0.56681
1782236700000,0.56681,0.56681,0.56677,0.56681
1782236760000,0.5668,0.56681,0.56674,0.56674
1782236820000,0.56673,0.56677,0.56672,0.56672
1782236880000,0.56674,0.56678,0.56672,0.56678
1782236940000,0.56679,0.56683,0.56677,0.56677
1782237000000,0.56677,0.56678,0.56677,0.56677
1782237060000,0.56677,0.56677,0.56675,0.56676
1782237120000,0.56676,0.56677,0.56675,0.56676
1782237180000,0.56677,0.56677,0.56668,0.56672
1782237240000,0.56672,0.56672,0.56668,0.56672
1782237300000,0.56671,0.56676,0.56669,0.5667
1782237360000,0.56671,0.56672,0.56666,0.56669
1782237420000,0.56668,0.56668,0.5666,0.56663
1782237480000,0.56665,0.56667,0.56665,0.56667
1782237540000,0.56666,0.56668,0.56665,0.56666
1782237600000,0.56667,0.56673,0.56666,0.56673
1782237660000,0.56671,0.56675,0.56666,0.56671
1782237720000,0.56672,0.56672,0.56665,0.56666
1782237780000,0.56665,0.56666,0.5666,0.56663
1782237840000,0.56662,0.56662,0.56654,0.56655
1782237900000,0.56656,0.56667,0.56656,0.56667
1782237960000,0.56666,0.56666,0.56658,0.56662
1782238020000,0.56661,0.56662,0.56657,0.56657
1782238080000,0.56658,0.56662,0.56655,0.56661
1782238140000,0.56663,0.56666,0.56663,0.56666
1782238200000,0.56669,0.56669,0.56666,0.56667
1782238260000,0.56668,0.56672,0.56667,0.56671
1782238320000,0.56671,0.56671,0.56663,0.56663
1782238380000,0.56662,0.56667,0.56661,0.56666
1782238440000,0.56663,0.56668,0.56663,0.56665
1782238500000,0.56666,0.56667,0.56666,0.56667
1782238560000,0.56669,0.56673,0.56665,0.56666
1782238620000,0.56666,0.56667,0.56665,0.56666
1782238680000,0.56666,0.56668,0.56663,0.56664
1782238740000,0.56664,0.56667,0.56664,0.56667
1782238800000,0.56667,0.56667,0.56661,0.56665
1782238860000,0.56664,0.56666,0.56662,0.56666
1782238920000,0.56664,0.5668,0.56664,0.56679
1782238980000,0.56679,0.56681,0.56672,0.56676
1782239040000,0.56675,0.56675,0.56671,0.56671
1782239100000,0.5667,0.5667,0.56666,0.56667
1782239160000,0.56667,0.56667,0.56664,0.56664
1782239220000,0.56662,0.56662,0.56661,0.56661
1782239280000,0.56659,0.56661,0.56656,0.5666
1782239340000,0.56659,0.56659,0.56652,0.56653
1782239400000,0.56651,0.56655,0.56644,0.56644
1782239460000,0.56644,0.56645,0.56634,0.56641
1782239520000,0.5664,0.56642,0.5664,0.56642
1782239580000,0.56641,0.56646,0.56641,0.56646
1782239640000,0.56646,0.56646,0.56646,0.56646
1782239700000,0.56649,0.56651,0.56646,0.5665
1782239760000,0.56649,0.5665,0.56647,0.56647
1782239820000,0.5665,0.56656,0.56649,0.56656
1782239880000,0.56655,0.56656,0.56639,0.56645
1782239940000,0.56645,0.56646,0.56642,0.56643
1782240000000,0.56641,0.56641,0.56635,0.56636
1782240060000,0.56637,0.56641,0.56636,0.56641
1782240120000,0.56641,0.56641,0.56636,0.56636
1782240180000,0.56635,0.56637,0.56628,0.56629
1782240240000,0.5663,0.56632,0.5663,0.56632
1782240300000,0.56634,0.56636,0.56631,0.56633
1782240360000,0.56632,0.56632,0.56627,0.56629
1782240420000,0.56627,0.5663,0.56627,0.56627
1782240480000,0.56629,0.56636,0.56627,0.56636
1782240540000,0.56635,0.56635,0.56632,0.56634
1782240600000,0.56635,0.56646,0.56635,0.56646
1782240660000,0.56645,0.5665,0.56644,0.56645
1782240720000,0.56645,0.56648,0.56642,0.56642
1782240780000,0.56642,0.56642,0.56637,0.5664
1782240840000,0.56638,0.56641,0.56637,0.56641
1782240900000,0.56642,0.56642,0.56638,0.5664
1782240960000,0.56639,0.56641,0.56639,0.56641
1782241020000,0.56641,0.56647,0.5664,0.56642
1782241080000,0.56646,0.5665,0.56646,0.5665
1782241140000,0.56649,0.56655,0.56644,0.56651
1782241200000,0.56651,0.56655,0.56646,0.5665
1782241260000,0.56651,0.56666,0.56651,0.56664
1782241320000,0.56665,0.56669,0.56663,0.56669
1782241380000,0.56667,0.56674,0.56666,0.56672
1782241440000,0.56673,0.56683,0.56673,0.5668
1782241500000,0.56679,0.56693,0.56679,0.56684
1782241560000,0.56683,0.56689,0.5668,0.5668
1782241620000,0.56682,0.56682,0.56677,0.56677
1782241680000,0.56678,0.56683,0.56678,0.56682
1782241740000,0.56683,0.5669,0.56683,0.5669
1782241800000,0.5669,0.56696,0.56688,0.5669
1782241860000,0.5669,0.56694,0.56689,0.5669
1782241920000,0.5669,0.5669,0.56688,0.56689
1782241980000,0.56689,0.56689,0.56684,0.56684
1782242040000,0.56685,0.56687,0.56684,0.56684
1782242100000,0.56685,0.56687,0.5668,0.56682
1782242160000,0.56682,0.56683,0.5668,0.5668
1782242220000,0.5668,0.5668,0.56674,0.56676
1782242280000,0.56674,0.56674,0.56664,0.56669
1782242340000,0.56669,0.56669,0.56664,0.56664
1782242400000,0.56667,0.5667,0.56665,0.56668
1782242460000,0.56666,0.56671,0.56664,0.56671
1782242520000,0.5667,0.56674,0.56668,0.56668
1782242580000,0.56667,0.56684,0.56667,0.56684
1782242640000,0.56682,0.56682,0.56677,0.56678
1782242700000,0.56678,0.56681,0.56676,0.56681
1782242760000,0.5668,0.56681,0.56674,0.56674
1782242820000,0.56676,0.56676,0.56674,0.56674
1782242880000,0.56675,0.56678,0.56674,0.56674
1782242940000,0.56676,0.56681,0.56676,0.56679
1782243000000,0.56681,0.56685,0.56677,0.56679
1782243060000,0.56679,0.5668,0.56675,0.56675
1782243120000,0.56672,0.56681,0.56671,0.5668
1782243180000,0.56681,0.56684,0.56681,0.56683
1782243240000,0.56682,0.56683,0.5668,0.5668
1782243300000,0.56682,0.56683,0.56676,0.56681
1782243360000,0.56682,0.56682,0.56677,0.56677
1782243420000,0.56676,0.56679,0.56674,0.56676
1782243480000,0.56677,0.5668,0.56674,0.56675
1782243540000,0.56677,0.56678,0.56675,0.56677
1782243600000,0.56677,0.5668,0.56676,0.56677
1782243660000,0.56678,0.56678,0.56675,0.56676
1782243720000,0.56678,0.56679,0.5667,0.5667
1782243780000,0.56671,0.56677,0.5667,0.56676
1782243840000,0.56677,0.56683,0.56676,0.56679
1782243900000,0.5668,0.56682,0.56679,0.56681
1782243960000,0.56681,0.56682,0.56675,0.56678
1782244020000,0.56677,0.56677,0.56673,0.56674
1782244080000,0.56673,0.56675,0.56673,0.56675
1782244140000,0.56675,0.56676,0.56672,0.56676
1782244200000,0.56675,0.56676,0.56668,0.5667
1782244260000,0.5667,0.5667,0.56667,0.56669
1782244320000,0.5667,0.5667,0.56665,0.56666
1782244380000,0.56667,0.5667,0.56664,0.56667
1782244440000,0.56666,0.56672,0.56666,0.56672
1782244500000,0.56671,0.56672,0.56666,0.56669
1782244560000,0.5667,0.56672,0.5667,0.56671
1782244620000,0.56671,0.56674,0.56667,0.56674
1782244680000,0.56674,0.56682,0.56672,0.56679
1782244740000,0.5668,0.56681,0.56658,0.56658
1782244800000,0.56658,0.56663,0.56655,0.56657
1782244860000,0.56657,0.5666,0.56653,0.56653
1782244920000,0.56653,0.56657,0.56652,0.56657
1782244980000,0.56656,0.56661,0.56655,0.56657
1782245040000,0.56658,0.56661,0.56657,0.56661
1782245100000,0.56662,0.5667,0.56662,0.5667
1782245160000,0.56671,0.56672,0.56671,0.56672
1782245220000,0.56671,0.56673,0.56671,0.56673
1782245280000,0.56671,0.56671,0.56667,0.56667
1782245340000,0.56666,0.56668,0.56666,0.56666
1782245400000,0.56667,0.56667,0.56664,0.56664
1782245460000,0.56661,0.56667,0.56661,0.56667
1782245520000,0.56665,0.56666,0.56665,0.56666
1782245580000,0.56667,0.56668,0.56666,0.56666
1782245640000,0.56667,0.56667,0.56667,0.56667
1782245700000,0.56667,0.56667,0.56666,0.56666
1782245760000,0.56667,0.56667,0.56666,0.56666
1782245820000,0.56666,0.56667,0.56665,0.56665
1782245880000,0.56666,0.56666,0.56666,0.56666
1782245940000,0.56665,0.56669,0.56665,0.56665
1782246000000,0.56667,0.56667,0.56657,0.56657
1782246060000,0.56657,0.56658,0.56657,0.56658
1782246120000,0.56659,0.56661,0.56659,0.5666
1782246180000,0.56659,0.5666,0.56656,0.56659
1782246240000,0.5666,0.56664,0.5666,0.56661
1782246300000,0.56663,0.56664,0.56661,0.56662
1782246360000,0.56663,0.56664,0.56662,0.56662
1782246420000,0.5666,0.5666,0.56659,0.56659
1782246480000,0.56658,0.5666,0.56658,0.5666
1782246540000,0.5666,0.56664,0.5666,0.56664
1782246600000,0.56662,0.56663,0.56662,0.56663
1782246660000,0.56662,0.56662,0.5666,0.56661
1782246720000,0.56662,0.56665,0.56661,0.56665
1782246780000,0.56665,0.56665,0.56664,0.56665
1782246840000,0.56666,0.56667,0.56666,0.56667
1782246900000,0.56666,0.56666,0.56665,0.56665
1782246960000,0.56664,0.56665,0.56664,0.56665
1782247020000,0.56666,0.56668,0.56666,0.56667
1782247080000,0.56669,0.56669,0.56669,0.56669
1782247140000,0.56668,0.56668,0.56664,0.56664
1782247200000,0.56666,0.56668,0.56665,0.56668
1782247260000,0.5667,0.5667,0.5667,0.5667
1782247320000,0.5667,0.5667,0.56668,0.5667
1782247380000,0.56669,0.56669,0.56669,0.56669
1782247440000,0.56669,0.56669,0.56669,0.56669
1782247500000,0.56668,0.56669,0.56668,0.56669
1782247560000,0.56666,0.56666,0.56665,0.56665
1782247620000,0.56665,0.56665,0.56665,0.56665
1782247680000,0.56665,0.56665,0.56665,0.56665
1782247740000,0.56664,0.56664,0.56663,0.56663
1782247800000,0.56662,0.56662,0.56659,0.5666
1782247860000,0.5666,0.56663,0.5666,0.56663
1782247920000,0.56664,0.56664,0.56664,0.56664
1782247980000,0.56663,0.56665,0.56663,0.56665
1782248040000,0.56667,0.56667,0.56665,0.56665
1782248100000,0.56662,0.56669,0.56662,0.56668
1782248160000,0.56668,0.56675,0.56668,0.56675
1782248220000,0.56674,0.56674,0.56671,0.56673
1782248280000,0.56673,0.56676,0.56671,0.56673
1782248340000,0.56674,0.56679,0.5667,0.56673
1782248400000,0.56672,0.5668,0.56637,0.56638
1782248460000,0.56638,0.56638,0.56638,0.56638
1782248520000,0.56638,0.56638,0.56638,0.56638
1782248580000,0.56638,0.56638,0.56638,0.56638
1782248640000,0.56661,0.56661,0.56661,0.56661
1782248700000,0.56656,0.56662,0.56645,0.56653
1782248760000,0.56651,0.5666,0.56646,0.56651
1782248820000,0.56652,0.56688,0.56644,0.56647
1782248880000,0.56647,0.56657,0.56647,0.56653
1782248940000,0.56654,0.56655,0.56652,0.56655
1782249000000,0.56654,0.56656,0.56651,0.56651
1782249060000,0.56653,0.56663,0.56636,0.56657
1782249120000,0.56692,0.56693,0.56692,0.56693
1782249180000,0.56692,0.56692,0.56651,0.56651
1782249240000,0.5665,0.5666,0.56647,0.56658
1782249300000,0.56658,0.56674,0.56641,0.56658
1782249360000,0.56658,0.56665,0.56658,0.56659
1782249420000,0.56658,0.56673,0.56658,0.56671
1782249480000,0.56671,0.56673,0.5667,0.56672
1782249540000,0.56674,0.56676,0.56672,0.56673
1782249600000,0.56671,0.56673,0.56671,0.56673
1782249660000,0.56672,0.56673,0.56672,0.56673
1782249720000,0.56674,0.56674,0.56672,0.56673
1782249780000,0.56671,0.56673,0.56668,0.56671
1782249840000,0.56679,0.56679,0.56674,0.56677
1782249900000,0.56677,0.5668,0.56677,0.5668
1782249960000,0.56679,0.56679,0.56679,0.56679
1782250020000,0.5668,0.5668,0.56679,0.5668
1782250080000,0.56682,0.56682,0.56681,0.56682
1782250140000,0.56683,0.56685,0.56683,0.56685
1782250200000,0.56685,0.56685,0.56679,0.56683
1782250260000,0.56682,0.56685,0.56682,0.56684
1782250320000,0.56685,0.56686,0.56684,0.56684
1782250380000,0.56687,0.56687,0.56686,0.56687
1782250440000,0.56687,0.56688,0.56686,0.56688
1782250500000,0.56688,0.56696,0.56683,0.56687
1782250560000,0.56687,0.56692,0.56686,0.56691
1782250620000,0.56691,0.56692,0.56682,0.56682
1782250680000,0.56683,0.56684,0.56682,0.56683
1782250740000,0.56682,0.56686,0.56682,0.56683
1782250800000,0.56682,0.56683,0.56678,0.56679
1782250860000,0.56678,0.56679,0.56676,0.56676
1782250920000,0.56675,0.56675,0.56675,0.56675
1782250980000,0.56676,0.56679,0.56676,0.56677
1782251040000,0.56679,0.56685,0.56676,0.56685
1782251100000,0.56685,0.56693,0.56675,0.56682
1782251160000,0.56683,0.5669,0.56682,0.5669
1782251220000,0.56691,0.56693,0.56689,0.56689
1782251280000,0.5669,0.56691,0.5669,0.56691
1782251340000,0.5669,0.56692,0.5669,0.56692
1782251400000,0.56691,0.56693,0.56691,0.56693
1782251460000,0.56692,0.56695,0.56691,0.56691
1782251520000,0.5669,0.56691,0.5669,0.56691
1782251580000,0.56691,0.56691,0.5669,0.56691
1782251640000,0.56689,0.56691,0.56689,0.5669
1782251700000,0.56691,0.56693,0.5669,0.56693
1782251760000,0.56693,0.56696,0.56693,0.56696
1782251820000,0.56695,0.56696,0.56692,0.56692
1782251880000,0.56692,0.56693,0.56689,0.56689
1782251940000,0.56688,0.56689,0.56687,0.56687
1782252000000,0.56687,0.56689,0.56675,0.56682
1782252060000,0.56681,0.56688,0.56676,0.56678
1782252120000,0.56677,0.56682,0.56675,0.56678
1782252180000,0.56678,0.56681,0.56678,0.5668
1782252240000,0.5668,0.5668,0.56662,0.56662
1782252300000,0.56662,0.56666,0.56662,0.56666
1782252360000,0.56667,0.5667,0.56667,0.5667
1782252420000,0.5667,0.5667,0.5667,0.5667
1782252480000,0.56672,0.56682,0.56672,0.56681
1782252540000,0.5668,0.56683,0.5668,0.56682
1782252600000,0.56681,0.56682,0.56679,0.5668
1782252660000,0.5668,0.5668,0.5668,0.5668
1782252720000,0.5668,0.5668,0.5668,0.5668
1782252780000,0.5668,0.56684,0.5668,0.56683
1782252840000,0.5668,0.5668,0.56679,0.56679
1782252900000,0.56679,0.56679,0.56673,0.56673
1782252960000,0.56673,0.56676,0.56673,0.56675
1782253020000,0.56678,0.56681,0.56678,0.5668
1782253080000,0.5668,0.5668,0.56677,0.5668
1782253140000,0.56681,0.56681,0.5668,0.56681
1782253200000,0.5668,0.5668,0.56674,0.56677
1782253260000,0.56675,0.56677,0.56675,0.56677
1782253320000,0.56677,0.56677,0.5667,0.56672
1782253380000,0.56676,0.56676,0.56675,0.56675
1782253440000,0.56675,0.56676,0.56673,0.56676
1782253500000,0.56675,0.56676,0.56674,0.56675
1782253560000,0.56676,0.56677,0.56674,0.56674
1782253620000,0.56674,0.56681,0.56674,0.56679
1782253680000,0.5668,0.56681,0.56679,0.5668
1782253740000,0.56681,0.56681,0.56674,0.56674
1782253800000,0.56674,0.5668,0.56674,0.5668
1782253860000,0.5668,0.5668,0.56677,0.56677
1782253920000,0.56677,0.56678,0.56677,0.56677
1782253980000,0.56677,0.56677,0.56673,0.56673
1782254040000,0.5667,0.56671,0.56667,0.56667
1782254100000,0.5667,0.56678,0.56669,0.56677
1782254160000,0.5668,0.56681,0.56675,0.5668
1782254220000,0.56681,0.56683,0.56675,0.5668
1782254280000,0.5668,0.56683,0.5668,0.56682
1782254340000,0.56684,0.56686,0.56682,0.56684
1782254400000,0.56686,0.56686,0.56686,0.56686
1782254460000,0.56685,0.56688,0.56685,0.56687
1782254520000,0.56687,0.56687,0.56685,0.56685
1782254580000,0.56684,0.56684,0.5668,0.56682
1782254640000,0.56682,0.56682,0.5668,0.5668
1782254700000,0.56678,0.5668,0.56678,0.56678
1782254760000,0.56681,0.56681,0.56677,0.5668
1782254820000,0.56677,0.56683,0.56677,0.56681
1782254880000,0.56682,0.56683,0.5668,0.5668
1782254940000,0.5668,0.56681,0.5668,0.56681
1782255000000,0.5668,0.56684,0.5668,0.56681
1782255060000,0.5668,0.5668,0.5668,0.5668
1782255120000,0.56681,0.56681,0.5668,0.5668
1782255180000,0.56683,0.56683,0.56681,0.56682
1782255240000,0.56682,0.56683,0.5668,0.5668
1782255300000,0.5668,0.56685,0.56676,0.56681
1782255360000,0.56681,0.56681,0.56681,0.56681
1782255420000,0.5668,0.5668,0.5668,0.5668
1782255480000,0.56679,0.56679,0.56672,0.56672
1782255540000,0.56675,0.56675,0.56672,0.56672
1782255600000,0.56672,0.56678,0.56671,0.56671
1782255660000,0.56672,0.56672,0.5667,0.56671
1782255720000,0.56677,0.56678,0.56674,0.56675
1782255780000,0.56675,0.56677,0.56673,0.56673
1782255840000,0.56673,0.56675,0.56673,0.56675
1782255900000,0.56675,0.56675,0.56667,0.5667
1782255960000,0.56669,0.5667,0.56667,0.56667
1782256020000,0.56666,0.56667,0.56663,0.56663
1782256080000,0.56664,0.56664,0.56659,0.56659
1782256140000,0.56658,0.56658,0.56645,0.5665
1782256200000,0.5665,0.56651,0.56649,0.5665
1782256260000,0.5665,0.56654,0.5665,0.56654
1782256320000,0.56655,0.56661,0.56654,0.56655
1782256380000,0.56655,0.56655,0.56654,0.56654
1782256440000,0.56653,0.56653,0.56653,0.56653
1782256500000,0.56655,0.56657,0.56655,0.56656
1782256560000,0.56655,0.56655,0.56652,0.56652
1782256620000,0.56652,0.56652,0.5665,0.5665
1782256680000,0.56651,0.56651,0.5665,0.5665
1782256740000,0.56651,0.56651,0.56648,0.56649
1782256800000,0.56647,0.56647,0.56644,0.56646
1782256860000,0.56646,0.56649,0.56645,0.56648
1782256920000,0.56652,0.56653,0.56649,0.5665
1782256980000,0.56649,0.5665,0.56649,0.5665
1782257040000,0.5665,0.5665,0.5665,0.5665
1782257100000,0.56649,0.5665,0.56649,0.56649
1782257160000,0.56647,0.56647,0.56645,0.56646
1782257220000,0.56645,0.56645,0.56645,0.56645
1782257280000,0.56645,0.56645,0.56644,0.56644
1782257340000,0.56644,0.56644,0.56634,0.56636
1782257400000,0.56634,0.56634,0.56631,0.56632
1782257460000,0.56633,0.56635,0.56628,0.56628
1782257520000,0.56625,0.5663,0.56624,0.5663
1782257580000,0.5663,0.56634,0.5663,0.56634
1782257640000,0.56634,0.56634,0.5663,0.5663
1782257700000,0.56629,0.56631,0.56629,0.56631
1782257760000,0.56631,0.56635,0.56628,0.56635
1782257820000,0.56636,0.56636,0.56631,0.56631
1782257880000,0.56629,0.5663,0.56627,0.56629
1782257940000,0.56627,0.5663,0.56625,0.56625
1782258000000,0.56626,0.56626,0.56621,0.56624
1782258060000,0.56624,0.56624,0.56616,0.56616
1782258120000,0.56617,0.56619,0.56616,0.56618
1782258180000,0.56617,0.56618,0.56616,0.56616
1782258240000,0.56617,0.56629,0.56617,0.56628
1782258300000,0.56629,0.56646,0.56629,0.56646
1782258360000,0.56649,0.56661,0.56649,0.56653
1782258420000,0.56651,0.56652,0.56646,0.56651
1782258480000,0.56651,0.56656,0.56647,0.56656
1782258540000,0.56657,0.56658,0.56652,0.56653
1782258600000,0.56652,0.56658,0.56643,0.56643
1782258660000,0.56643,0.56643,0.56636,0.56636
1782258720000,0.56637,0.56641,0.56633,0.56641
1782258780000,0.56643,0.56643,0.5664,0.56641
1782258840000,0.5664,0.5664,0.56631,0.56631
1782258900000,0.56632,0.56635,0.5663,0.56631
1782258960000,0.56629,0.56633,0.56628,0.56631
1782259020000,0.56631,0.56632,0.56628,0.56629
1782259080000,0.56628,0.56638,0.56625,0.56632
1782259140000,0.5663,0.56633,0.56629,0.56633
1782691200000,0.56393,0.56393,0.56369,0.56375
1782691260000,0.56376,0.56378,0.56365,0.56368
1782691320000,0.56369,0.5639,0.56369,0.56388
1782691380000,0.56389,0.56409,0.56385,0.56405
1782691440000,0.56404,0.56407,0.56397,0.56399
1782691500000,0.56398,0.564,0.56388,0.56395
1782691560000,0.56396,0.56405,0.56395,0.56399
1782691620000,0.56399,0.564,0.56394,0.56397
1782691680000,0.56398,0.564,0.56393,0.56395
1782691740000,0.56394,0.56397,0.56386,0.56391
1782691800000,0.5639,0.56392,0.56386,0.56388
1782691860000,0.56387,0.564,0.56387,0.5639
1782691920000,0.5639,0.5639,0.56377,0.56381
1782691980000,0.5638,0.56381,0.56367,0.56367
1782692040000,0.56368,0.5637,0.5636,0.56362
1782692100000,0.56362,0.56373,0.56356,0.56359
1782692160000,0.56361,0.56364,0.56351,0.56353
1782692220000,0.56354,0.56361,0.56352,0.5636
1782692280000,0.56359,0.56363,0.56353,0.56362
1782692340000,0.56361,0.56362,0.56344,0.56349
1782692400000,0.56351,0.56351,0.56345,0.56349
1782692460000,0.56347,0.56355,0.56345,0.56347
1782692520000,0.56346,0.56355,0.56346,0.5635
1782692580000,0.56352,0.56354,0.56342,0.56343
1782692640000,0.56345,0.56355,0.56343,0.5635
1782692700000,0.56352,0.56354,0.56345,0.56345
1782692760000,0.56346,0.56349,0.5634,0.56342
1782692820000,0.56342,0.56346,0.5633,0.56335
1782692880000,0.56337,0.56338,0.56329,0.56329
1782692940000,0.56329,0.56334,0.56319,0.56319
1782693000000,0.5632,0.56325,0.56316,0.5632
1782693060000,0.56321,0.5633,0.5632,0.56328
1782693120000,0.56328,0.5634,0.56328,0.56339
1782693180000,0.56337,0.5634,0.56332,0.56332
1782693240000,0.56331,0.56339,0.56331,0.56335
1782693300000,0.56334,0.56339,0.56332,0.56337
1782693360000,0.56338,0.56349,0.56336,0.56349
1782693420000,0.56349,0.56351,0.56344,0.5635
1782693480000,0.56348,0.56358,0.56347,0.56355
1782693540000,0.56354,0.56359,0.56344,0.56344
1782693600000,0.56345,0.56353,0.56345,0.56351
1782693660000,0.5635,0.56352,0.56348,0.56348
1782693720000,0.56347,0.56352,0.56346,0.56351
1782693780000,0.5635,0.56352,0.5634,0.56342
1782693840000,0.56342,0.56352,0.56342,0.56351
1782693900000,0.56351,0.56351,0.56338,0.56338
1782693960000,0.56339,0.56342,0.56331,0.56334
1782694020000,0.56332,0.56334,0.56314,0.56314
1782694080000,0.56314,0.56325,0.56313,0.56325
1782694140000,0.56326,0.56327,0.56325,0.56325
1782694200000,0.56325,0.56336,0.56325,0.56332
1782694260000,0.56331,0.56345,0.5633,0.56341
1782694320000,0.56341,0.56343,0.56338,0.56339
1782694380000,0.56339,0.56339,0.56335,0.56337
1782694440000,0.56337,0.56345,0.56335,0.56345
1782694500000,0.56344,0.56351,0.56344,0.56349
1782694560000,0.56351,0.56357,0.56351,0.56357
1782694620000,0.56355,0.56361,0.56351,0.56351
1782694680000,0.5635,0.56356,0.5635,0.56355
1782694740000,0.56354,0.56355,0.56349,0.5635
1782694800000,0.56351,0.56374,0.56351,0.56353
1782694860000,0.56352,0.56356,0.56342,0.56344
1782694920000,0.56342,0.56343,0.56327,0.5633
1782694980000,0.5633,0.56336,0.56321,0.56336
1782695040000,0.56339,0.56345,0.56335,0.56345
1782695100000,0.56346,0.56358,0.56344,0.56356
1782695160000,0.56357,0.56375,0.56356,0.56374
1782695220000,0.56373,0.56375,0.56364,0.56367
1782695280000,0.56368,0.56369,0.56358,0.56358
1782695340000,0.56357,0.56364,0.56356,0.5636
1782695400000,0.56362,0.56366,0.56362,0.56365
1782695460000,0.56365,0.56366,0.56358,0.56361
1782695520000,0.56362,0.56365,0.56359,0.56365
1782695580000,0.56366,0.56368,0.56358,0.56362
1782695640000,0.5636,0.56365,0.56359,0.56361
1782695700000,0.5636,0.56375,0.5636,0.56373
1782695760000,0.56372,0.56376,0.56368,0.56369
1782695820000,0.56369,0.56372,0.56362,0.56362
1782695880000,0.56362,0.56366,0.5636,0.56364
1782695940000,0.56364,0.56372,0.56364,0.56371
1782696000000,0.5637,0.56385,0.56367,0.56384
1782696060000,0.56382,0.56396,0.56382,0.5639
1782696120000,0.5639,0.56394,0.56388,0.56394
1782696180000,0.56393,0.56396,0.56382,0.56394
1782696240000,0.56392,0.56392,0.56384,0.56391
1782696300000,0.56391,0.56394,0.56389,0.5639
1782696360000,0.56391,0.564,0.56389,0.56399
1782696420000,0.56399,0.56401,0.5638,0.56382
1782696480000,0.56382,0.56391,0.56382,0.56389
1782696540000,0.56389,0.56391,0.5638,0.56381
1782696600000,0.56381,0.56384,0.56364,0.56369
1782696660000,0.56369,0.56375,0.56369,0.56371
1782696720000,0.56371,0.56385,0.56371,0.56384
1782696780000,0.56383,0.56384,0.56372,0.56376
1782696840000,0.56377,0.56381,0.56376,0.5638
1782696900000,0.56382,0.56394,0.56379,0.56392
1782696960000,0.56393,0.564,0.5639,0.56398
1782697020000,0.564,0.56406,0.56395,0.56398
1782697080000,0.56397,0.56402,0.56394,0.56401
1782697140000,0.56402,0.56407,0.56399,0.56404
1782697200000,0.56405,0.56419,0.56405,0.56416
1782697260000,0.56415,0.56429,0.56415,0.56429
1782697320000,0.56429,0.56429,0.56421,0.56426
1782697380000,0.56425,0.56428,0.56412,0.56414
1782697440000,0.56415,0.56418,0.56409,0.56413
1782697500000,0.56414,0.56416,0.56391,0.56399
1782697560000,0.564,0.56403,0.56396,0.56397
1782697620000,0.56396,0.56405,0.56394,0.56405
1782697680000,0.56404,0.56413,0.564,0.56412
1782697740000,0.56413,0.56413,0.56406,0.56408
1782697800000,0.56408,0.56408,0.56402,0.56407
1782697860000,0.56406,0.56408,0.56402,0.56407
1782697920000,0.56408,0.56409,0.56402,0.56402
1782697980000,0.56404,0.56405,0.56397,0.56399
1782698040000,0.56401,0.56404,0.56399,0.56404
1782698100000,0.56403,0.56403,0.56396,0.56398
1782698160000,0.56401,0.56409,0.56401,0.56403
1782698220000,0.56403,0.56403,0.56387,0.56395
1782698280000,0.56394,0.56401,0.56394,0.56399
1782698340000,0.56398,0.56399,0.5639,0.56393
1782698400000,0.56393,0.564,0.56391,0.56399
1782698460000,0.56397,0.56402,0.56397,0.56401
1782698520000,0.56402,0.56405,0.56399,0.56402
1782698580000,0.56402,0.56405,0.56394,0.56394
1782698640000,0.56392,0.56399,0.56385,0.56398
1782698700000,0.56398,0.56406,0.56398,0.56405
1782698760000,0.56405,0.56409,0.56401,0.56403
1782698820000,0.56405,0.56409,0.56399,0.56404
1782698880000,0.56404,0.56404,0.564,0.56402
1782698940000,0.56403,0.56405,0.564,0.56402
1782699000000,0.56404,0.56409,0.56404,0.56405
1782699060000,0.56407,0.56411,0.56406,0.5641
1782699120000,0.56409,0.56416,0.56409,0.5641
1782699180000,0.5641,0.56411,0.56396,0.564
1782699240000,0.56402,0.56403,0.56396,0.564
1782699300000,0.564,0.56402,0.56395,0.56401
1782699360000,0.56402,0.56415,0.56402,0.56414
1782699420000,0.56415,0.56423,0.56414,0.56422
1782699480000,0.56421,0.56427,0.56418,0.56425
1782699540000,0.56424,0.56431,0.56424,0.5643
1782699600000,0.56429,0.56432,0.56423,0.56428
1782699660000,0.56427,0.56442,0.56427,0.56441
1782699720000,0.56441,0.56447,0.56439,0.56447
1782699780000,0.56446,0.56449,0.56441,0.56441
1782699840000,0.56442,0.56444,0.56441,0.56443
1782699900000,0.56443,0.56443,0.56434,0.56438
1782699960000,0.5644,0.56446,0.5644,0.56446
1782700020000,0.56446,0.56454,0.56445,0.56454
1782700080000,0.56453,0.5646,0.5645,0.5646
1782700140000,0.56461,0.56464,0.56454,0.56459
1782700200000,0.56457,0.5646,0.56452,0.5646
1782700260000,0.5646,0.56465,0.56456,0.5646
1782700320000,0.56459,0.56461,0.56449,0.56454
1782700380000,0.56452,0.56456,0.56443,0.56443
1782700440000,0.56444,0.56446,0.56441,0.56444
1782700500000,0.56444,0.56447,0.56442,0.56445
1782700560000,0.56446,0.56446,0.56441,0.56442
1782700620000,0.56442,0.56443,0.56432,0.56434
1782700680000,0.56436,0.56444,0.56435,0.56444
1782700740000,0.56444,0.5645,0.56444,0.56444
1782700800000,0.56443,0.56447,0.5644,0.56441
1782700860000,0.56444,0.5645,0.56441,0.56449
1782700920000,0.5645,0.56453,0.56446,0.56446
1782700980000,0.56447,0.56447,0.56443,0.56446
1782701040000,0.56445,0.5645,0.56444,0.56449
1782701100000,0.56449,0.56451,0.56448,0.56451
1782701160000,0.56449,0.56453,0.56449,0.56451
1782701220000,0.5645,0.56453,0.56442,0.56443
1782701280000,0.56441,0.56443,0.56433,0.56436
1782701340000,0.56434,0.56436,0.56432,0.56435
1782701400000,0.56433,0.56436,0.56426,0.56426
1782701460000,0.56427,0.56436,0.56422,0.56423
1782701520000,0.56425,0.56425,0.56421,0.56425
1782701580000,0.56424,0.56426,0.56417,0.56419
1782701640000,0.5642,0.56423,0.56419,0.56422
1782701700000,0.56421,0.56424,0.5642,0.5642
1782701760000,0.56422,0.56424,0.56421,0.56423
1782701820000,0.56423,0.56426,0.56421,0.56421
1782701880000,0.56421,0.56423,0.56421,0.56422
1782701940000,0.56421,0.56421,0.56415,0.56418
1782702000000,0.56419,0.56431,0.56419,0.5643
1782702060000,0.56431,0.56433,0.56426,0.56426
1782702120000,0.56425,0.56434,0.56425,0.56432
1782702180000,0.56431,0.56436,0.56431,0.56436
1782702240000,0.56435,0.56444,0.56435,0.56436
1782702300000,0.56437,0.5644,0.56434,0.56435
1782702360000,0.56437,0.56441,0.56433,0.56435
1782702420000,0.56435,0.56439,0.5643,0.56437
1782702480000,0.56439,0.56441,0.56437,0.5644
1782702540000,0.56441,0.56445,0.56439,0.56443
1782702600000,0.56443,0.56443,0.56438,0.56438
1782702660000,0.56439,0.56444,0.56437,0.56442
1782702720000,0.56442,0.56446,0.56439,0.56446
1782702780000,0.56446,0.56455,0.56446,0.56452
1782702840000,0.56451,0.56454,0.56447,0.56447
1782702900000,0.56449,0.5645,0.56444,0.56447
1782702960000,0.56448,0.56448,0.56441,0.56442
1782703020000,0.56444,0.56444,0.56435,0.56436
1782703080000,0.56441,0.56441,0.56436,0.56439
1782703140000,0.5644,0.56444,0.56436,0.56443
1782703200000,0.56442,0.56445,0.5644,0.56442
1782703260000,0.56443,0.56447,0.56442,0.56444
1782703320000,0.56445,0.56449,0.5644,0.56445
1782703380000,0.56445,0.56446,0.56442,0.56444
1782703440000,0.56445,0.56447,0.56442,0.56446
1782703500000,0.56444,0.56448,0.56443,0.56443
1782703560000,0.56444,0.56448,0.56444,0.56448
1782703620000,0.56447,0.56452,0.56447,0.56451
1782703680000,0.56451,0.56456,0.56451,0.56454
1782703740000,0.56455,0.56458,0.56453,0.56455
1782703800000,0.56457,0.56468,0.56457,0.5646
1782703860000,0.56463,0.56463,0.56454,0.56456
1782703920000,0.56457,0.56459,0.56454,0.56457
1782703980000,0.56456,0.56458,0.56454,0.56457
1782704040000,0.56457,0.56457,0.56455,0.56456
1782704100000,0.56457,0.5646,0.5645,0.5645
1782704160000,0.56451,0.56452,0.56449,0.56451
1782704220000,0.56451,0.56454,0.56449,0.5645
1782704280000,0.5645,0.56451,0.56444,0.56446
1782704340000,0.56448,0.5645,0.56446,0.5645
1782704400000,0.56449,0.56451,0.56449,0.5645
1782704460000,0.56451,0.56459,0.56451,0.56456
1782704520000,0.56457,0.56458,0.56451,0.56453
1782704580000,0.56453,0.56454,0.56448,0.5645
1782704640000,0.5645,0.56452,0.56443,0.56446
1782704700000,0.56446,0.56446,0.56438,0.5644
1782704760000,0.56441,0.56444,0.5644,0.56442
1782704820000,0.56441,0.56446,0.56441,0.56444
1782704880000,0.56445,0.56445,0.56435,0.5644
1782704940000,0.56441,0.56449,0.56441,0.56445
1782705000000,0.56443,0.56447,0.56439,0.56439
1782705060000,0.56437,0.5645,0.56436,0.5645
1782705120000,0.56447,0.56449,0.56444,0.56448
1782705180000,0.56447,0.56447,0.56444,0.56444
1782705240000,0.56445,0.56448,0.56444,0.56447
1782705300000,0.56446,0.56448,0.56442,0.56446
1782705360000,0.56447,0.56447,0.56441,0.56441
1782705420000,0.56439,0.56442,0.56439,0.56439
1782705480000,0.56439,0.56441,0.5643,0.56434
1782705540000,0.56434,0.56435,0.56427,0.56428
1782705600000,0.56426,0.56438,0.56426,0.56436
1782705660000,0.56434,0.56435,0.56431,0.56432
1782705720000,0.56434,0.56434,0.56427,0.5643
1782705780000,0.5643,0.56437,0.5643,0.56434
1782705840000,0.56433,0.56433,0.5643,0.5643
1782705900000,0.5643,0.5643,0.5642,0.56421
1782705960000,0.56422,0.56432,0.56422,0.56432
1782706020000,0.5643,0.56438,0.5643,0.56434
1782706080000,0.56434,0.56438,0.56434,0.56438
1782706140000,0.56438,0.56442,0.56437,0.56441
1782706200000,0.5644,0.56441,0.56434,0.56437
1782706260000,0.56436,0.56439,0.56435,0.56437
1782706320000,0.56439,0.56442,0.56437,0.56441
1782706380000,0.56441,0.56441,0.5644,0.5644
1782706440000,0.5644,0.56442,0.56439,0.5644
1782706500000,0.5644,0.5644,0.56435,0.56436
1782706560000,0.56436,0.56437,0.56432,0.56436
1782706620000,0.56436,0.56438,0.56433,0.56434
1782706680000,0.56434,0.56434,0.56432,0.56433
1782706740000,0.56434,0.56436,0.56434,0.56435
1782706800000,0.56435,0.56435,0.5643,0.5643
1782706860000,0.56431,0.56431,0.56427,0.56428
1782706920000,0.56429,0.5643,0.56428,0.56428
1782706980000,0.56428,0.56432,0.56425,0.56432
1782707040000,0.56432,0.5644,0.56432,0.56438
1782707100000,0.56438,0.56441,0.56435,0.5644
1782707160000,0.56441,0.56444,0.5644,0.56442
1782707220000,0.56441,0.56448,0.56441,0.56446
1782707280000,0.56447,0.56449,0.56444,0.56446
1782707340000,0.56448,0.56448,0.56444,0.56446
1782707400000,0.56447,0.56453,0.56447,0.56451
1782707460000,0.56452,0.56454,0.56451,0.56454
1782707520000,0.56454,0.56455,0.5645,0.5645
1782707580000,0.56449,0.56454,0.56449,0.5645
1782707640000,0.5645,0.56453,0.56449,0.56453
1782707700000,0.56453,0.56456,0.56453,0.56456
1782707760000,0.56455,0.56456,0.56452,0.56453
1782707820000,0.56455,0.56455,0.56449,0.56451
1782707880000,0.56451,0.56457,0.56451,0.56457
1782707940000,0.56456,0.56456,0.56447,0.56449
1782708000000,0.56448,0.56448,0.5644,0.56443
1782708060000,0.56441,0.56442,0.5644,0.56441
1782708120000,0.56442,0.56442,0.56437,0.56438
1782708180000,0.5644,0.56443,0.5644,0.56442
1782708240000,0.56442,0.56446,0.56442,0.56445
1782708300000,0.56447,0.56447,0.5644,0.56443
1782708360000,0.56443,0.56449,0.56443,0.56449
1782708420000,0.5645,0.56451,0.56448,0.5645
1782708480000,0.56449,0.56454,0.56449,0.56454
1782708540000,0.56453,0.56455,0.56452,0.56454
1782708600000,0.56454,0.56454,0.56444,0.56446
1782708660000,0.56447,0.56449,0.56445,0.56445
1782708720000,0.56446,0.56446,0.56441,0.56441
1782708780000,0.5644,0.5644,0.56434,0.56438
1782708840000,0.56437,0.56438,0.56432,0.56433
1782708900000,0.56433,0.56434,0.56423,0.56423
1782708960000,0.56425,0.56432,0.56424,0.5643
1782709020000,0.5643,0.56432,0.56423,0.5643
1782709080000,0.56432,0.56433,0.56427,0.56427
1782709140000,0.56429,0.56433,0.56429,0.56431
1782709200000,0.5643,0.56433,0.56426,0.56429
1782709260000,0.56427,0.56437,0.56427,0.56437
1782709320000,0.56437,0.56441,0.56436,0.56438
1782709380000,0.56437,0.56444,0.56437,0.56444
1782709440000,0.56445,0.56447,0.56444,0.56445
1782709500000,0.56444,0.56448,0.56444,0.56448
1782709560000,0.56447,0.5645,0.56445,0.5645
1782709620000,0.5645,0.56454,0.56448,0.5645
1782709680000,0.5645,0.5645,0.56447,0.56448
1782709740000,0.5645,0.56455,0.56448,0.56453
1782709800000,0.56454,0.56461,0.56453,0.56457
1782709860000,0.56458,0.56464,0.56457,0.5646
1782709920000,0.56461,0.56465,0.5645,0.56455
1782709980000,0.56453,0.56459,0.56451,0.56458
1782710040000,0.56459,0.56465,0.56458,0.56462
1782710100000,0.56464,0.56466,0.56462,0.56464
1782710160000,0.56463,0.56465,0.56458,0.56459
1782710220000,0.56458,0.56466,0.56455,0.56466
1782710280000,0.56464,0.56466,0.5646,0.5646
1782710340000,0.5646,0.5646,0.56458,0.56459
1782710400000,0.56458,0.56461,0.56457,0.5646
1782710460000,0.5646,0.56461,0.56451,0.56454
1782710520000,0.56455,0.56456,0.56451,0.56456
1782710580000,0.56456,0.56456,0.56451,0.56455
1782710640000,0.56457,0.56459,0.56455,0.56458
1782710700000,0.56457,0.56461,0.56457,0.56461
1782710760000,0.5646,0.56463,0.56453,0.56454
1782710820000,0.56454,0.56455,0.56453,0.56454
1782710880000,0.56453,0.56459,0.5645,0.56453
1782710940000,0.56452,0.56456,0.5645,0.56456
1782711000000,0.56458,0.56463,0.56455,0.56459
1782711060000,0.56458,0.56465,0.56458,0.56465
1782711120000,0.56466,0.56467,0.56456,0.56456
1782711180000,0.56458,0.5646,0.56454,0.56454
1782711240000,0.56454,0.56466,0.56452,0.56466
1782711300000,0.56468,0.56471,0.56467,0.56471
1782711360000,0.56471,0.56473,0.56465,0.56466
1782711420000,0.56466,0.56472,0.56464,0.56472
1782711480000,0.56473,0.56474,0.5647,0.56471
1782711540000,0.56472,0.56472,0.5647,0.5647
1782711600000,0.56471,0.56474,0.56471,0.56471
1782711660000,0.56471,0.56471,0.56466,0.56466
1782711720000,0.56467,0.56484,0.56466,0.56483
1782711780000,0.56482,0.5649,0.56482,0.5649
1782711840000,0.56491,0.56491,0.56485,0.56486
1782711900000,0.56486,0.56489,0.56485,0.56487
1782711960000,0.56489,0.56491,0.56486,0.56487
1782712020000,0.56487,0.56492,0.56486,0.56491
1782712080000,0.56492,0.56492,0.56486,0.56486
1782712140000,0.56486,0.56486,0.56482,0.56485
1782712200000,0.56484,0.56485,0.56479,0.56482
1782712260000,0.56484,0.56496,0.56484,0.56496
1782712320000,0.56496,0.56497,0.56491,0.56495
1782712380000,0.56497,0.56498,0.56491,0.56491
1782712440000,0.56492,0.56502,0.56492,0.565
1782712500000,0.56499,0.56508,0.56495,0.56508
1782712560000,0.56508,0.56519,0.56505,0.56512
1782712620000,0.5651,0.56513,0.56508,0.56513
1782712680000,0.56513,0.56518,0.56511,0.56517
1782712740000,0.56517,0.56518,0.56511,0.56517
1782712800000,0.56519,0.56519,0.56499,0.56505
1782712860000,0.56505,0.56514,0.56505,0.56512
1782712920000,0.56512,0.56512,0.56505,0.56508
1782712980000,0.56507,0.56507,0.56501,0.56506
1782713040000,0.56505,0.56507,0.56502,0.56506
1782713100000,0.56506,0.5651,0.56505,0.56505
1782713160000,0.56504,0.5651,0.56504,0.56506
1782713220000,0.56506,0.56509,0.56501,0.56505
1782713280000,0.56508,0.56515,0.56506,0.56515
1782713340000,0.56515,0.56519,0.5651,0.56511
1782713400000,0.56511,0.56515,0.56507,0.56507
1782713460000,0.56507,0.56509,0.56501,0.56503
1782713520000,0.56503,0.56515,0.56502,0.56514
1782713580000,0.56515,0.56516,0.56511,0.56514
1782713640000,0.56516,0.56522,0.56514,0.56521
1782713700000,0.56521,0.56521,0.56514,0.56514
1782713760000,0.56515,0.5652,0.56512,0.56515
1782713820000,0.56516,0.56518,0.56511,0.56517
1782713880000,0.56518,0.56531,0.56516,0.56531
1782713940000,0.5653,0.56537,0.5653,0.56537
1782714000000,0.56538,0.5654,0.56532,0.56536
1782714060000,0.56537,0.56542,0.56536,0.56542
1782714120000,0.56542,0.56543,0.56536,0.56536
1782714180000,0.56536,0.56543,0.56536,0.56542
1782714240000,0.56542,0.56542,0.56539,0.5654
1782714300000,0.56539,0.56544,0.56536,0.56543
1782714360000,0.56545,0.56548,0.56542,0.56547
1782714420000,0.56547,0.5655,0.56546,0.56547
1782714480000,0.56547,0.56549,0.56546,0.56549
1782714540000,0.56548,0.56553,0.56546,0.56547
1782714600000,0.56546,0.56552,0.56538,0.56552
1782714660000,0.56552,0.56555,0.56549,0.56549
1782714720000,0.56551,0.56552,0.56547,0.56549
1782714780000,0.56548,0.56551,0.56546,0.56547
1782714840000,0.56547,0.56554,0.56543,0.56553
1782714900000,0.56554,0.56555,0.56548,0.56548
1782714960000,0.56547,0.56559,0.56547,0.56551
1782715020000,0.5655,0.56551,0.56542,0.56543
1782715080000,0.56543,0.56543,0.56531,0.56531
1782715140000,0.56531,0.5655,0.56531,0.5655
1782715200000,0.5655,0.5655,0.56541,0.56546
1782715260000,0.56547,0.56553,0.56547,0.56551
1782715320000,0.56552,0.56552,0.56546,0.56549
1782715380000,0.56548,0.56556,0.56547,0.56556
1782715440000,0.56554,0.56559,0.56551,0.56551
1782715500000,0.56554,0.56554,0.56549,0.5655
1782715560000,0.56549,0.56558,0.56549,0.56557
1782715620000,0.56555,0.56562,0.56555,0.5656
1782715680000,0.56562,0.56562,0.56557,0.56559
1782715740000,0.56561,0.56564,0.56558,0.56559
1782715800000,0.56557,0.56563,0.56557,0.56562
1782715860000,0.5656,0.56562,0.56559,0.5656
1782715920000,0.56561,0.56564,0.5656,0.56563
1782715980000,0.56563,0.56572,0.56562,0.56571
1782716040000,0.56572,0.56572,0.56551,0.56553
1782716100000,0.56554,0.56562,0.56554,0.56562
1782716160000,0.5656,0.56566,0.5656,0.56566
1782716220000,0.56567,0.5658,0.56567,0.56575
1782716280000,0.56575,0.56581,0.56571,0.56576
1782716340000,0.56578,0.56582,0.56573,0.56573
1782716400000,0.56572,0.56576,0.56554,0.56554
1782716460000,0.56554,0.56558,0.56548,0.56554
1782716520000,0.56554,0.56558,0.56546,0.56555
1782716580000,0.56553,0.56555,0.56541,0.56546
1782716640000,0.56549,0.56555,0.56546,0.56548
1782716700000,0.56548,0.56549,0.56543,0.56546
1782716760000,0.56547,0.5655,0.56535,0.56535
1782716820000,0.56535,0.56548,0.56535,0.56548
1782716880000,0.56547,0.56548,0.56544,0.56548
1782716940000,0.56548,0.56549,0.56543,0.56543
1782717000000,0.56544,0.56545,0.56538,0.56543
1782717060000,0.56543,0.56548,0.56542,0.56545
1782717120000,0.56544,0.56544,0.56536,0.56539
1782717180000,0.56538,0.5654,0.56537,0.56537
1782717240000,0.56537,0.56546,0.56537,0.56544
1782717300000,0.56545,0.56554,0.56543,0.56553
1782717360000,0.56554,0.56554,0.56544,0.56544
1782717420000,0.56545,0.56546,0.56535,0.56536
1782717480000,0.56539,0.56546,0.56537,0.56543
1782717540000,0.56543,0.56549,0.56543,0.56547
1782717600000,0.56547,0.56553,0.56547,0.56548
1782717660000,0.56548,0.56556,0.56547,0.5655
1782717720000,0.56552,0.56554,0.5655,0.56552
1782717780000,0.56552,0.56555,0.56551,0.56555
1782717840000,0.56555,0.56571,0.56554,0.56566
1782717900000,0.56565,0.56566,0.56554,0.56554
1782717960000,0.56555,0.56558,0.56552,0.56556
1782718020000,0.56556,0.56559,0.56552,0.56557
1782718080000,0.56557,0.56559,0.56555,0.56558
1782718140000,0.56558,0.5656,0.56555,0.56559
1782718200000,0.56558,0.5656,0.56555,0.56559
1782718260000,0.5656,0.5656,0.56551,0.56555
1782718320000,0.56555,0.56558,0.56553,0.56557
1782718380000,0.56558,0.5656,0.5655,0.56552
1782718440000,0.56551,0.56553,0.56549,0.56551
1782718500000,0.5655,0.5655,0.56545,0.5655
1782718560000,0.56549,0.5657,0.56549,0.5657
1782718620000,0.5657,0.56573,0.56566,0.56567
1782718680000,0.56568,0.56571,0.56565,0.56571
1782718740000,0.56573,0.56579,0.56571,0.56576
1782718800000,0.56576,0.56576,0.56566,0.56566
1782718860000,0.56566,0.56573,0.56564,0.56572
1782718920000,0.56571,0.56573,0.56567,0.5657
1782718980000,0.56569,0.5657,0.56556,0.56556
1782719040000,0.56558,0.5656,0.56553,0.56559
1782719100000,0.56561,0.56561,0.56552,0.56553
1782719160000,0.56554,0.56562,0.56554,0.56555
1782719220000,0.56555,0.5656,0.56553,0.56556
1782719280000,0.56558,0.56558,0.56553,0.56556
1782719340000,0.56557,0.56557,0.5655,0.56553
1782719400000,0.56553,0.56559,0.56552,0.56557
1782719460000,0.56555,0.56566,0.56555,0.56563
1782719520000,0.56564,0.56567,0.56559,0.5656
1782719580000,0.56557,0.56558,0.56535,0.56535
1782719640000,0.56534,0.56536,0.56527,0.56532
1782719700000,0.5653,0.5654,0.56529,0.56536
1782719760000,0.56536,0.56545,0.56536,0.56541
1782719820000,0.5654,0.56542,0.56535,0.56536
1782719880000,0.56536,0.56536,0.5653,0.5653
1782719940000,0.56529,0.56535,0.56527,0.5653
1782720000000,0.56529,0.56538,0.56529,0.56536
1782720060000,0.56537,0.56539,0.56534,0.56536
1782720120000,0.56537,0.56543,0.56534,0.56537
1782720180000,0.56537,0.56541,0.56528,0.56528
1782720240000,0.5653,0.5653,0.56519,0.56525
1782720300000,0.56524,0.56532,0.56521,0.5653
1782720360000,0.56532,0.56539,0.56531,0.56538
1782720420000,0.56541,0.56541,0.56529,0.5653
1782720480000,0.56531,0.56535,0.56527,0.56532
1782720540000,0.56531,0.56534,0.56526,0.5653
1782720600000,0.5653,0.5653,0.56525,0.5653
1782720660000,0.56528,0.56528,0.56524,0.56528
1782720720000,0.56529,0.56529,0.56521,0.56523
1782720780000,0.56525,0.56525,0.56516,0.56518
1782720840000,0.56517,0.5652,0.56506,0.56507
1782720900000,0.56509,0.56511,0.56498,0.56499
1782720960000,0.56497,0.56503,0.56494,0.56503
1782721020000,0.56502,0.56505,0.56498,0.565
1782721080000,0.56499,0.56508,0.56498,0.56506
1782721140000,0.56507,0.56508,0.56492,0.56493
1782721200000,0.56492,0.56497,0.56492,0.56496
1782721260000,0.56494,0.56501,0.56492,0.56499
1782721320000,0.56498,0.56498,0.56492,0.56495
1782721380000,0.56495,0.56495,0.56486,0.56486
1782721440000,0.56483,0.56486,0.56478,0.56486
1782721500000,0.56486,0.56497,0.56486,0.56489
1782721560000,0.56488,0.56492,0.56482,0.56492
1782721620000,0.56491,0.56496,0.56487,0.56492
1782721680000,0.56492,0.56497,0.56491,0.56491
1782721740000,0.56489,0.56495,0.56486,0.56492
1782721800000,0.5649,0.56516,0.5649,0.56516
1782721860000,0.56514,0.56517,0.56507,0.56507
1782721920000,0.56508,0.56511,0.56505,0.56508
1782721980000,0.56508,0.56516,0.56508,0.56516
1782722040000,0.56513,0.56516,0.56508,0.56508
1782722100000,0.56509,0.5651,0.56504,0.56505
1782722160000,0.56507,0.56509,0.56501,0.56502
1782722220000,0.56501,0.56513,0.56501,0.56508
1782722280000,0.56508,0.56509,0.56505,0.56505
1782722340000,0.56504,0.56504,0.56495,0.56495
1782722400000,0.56497,0.56499,0.5649,0.56493
1782722460000,0.56493,0.56504,0.56493,0.56504
1782722520000,0.56504,0.56506,0.56499,0.56506
1782722580000,0.56505,0.56508,0.56502,0.56504
1782722640000,0.56505,0.56505,0.56497,0.56499
1782722700000,0.56498,0.56499,0.56493,0.56494
1782722760000,0.56496,0.56499,0.56494,0.56494
1782722820000,0.56496,0.56499,0.56489,0.5649
1782722880000,0.56489,0.56495,0.56489,0.56495
1782722940000,0.56493,0.56495,0.56489,0.56491
1782723000000,0.5649,0.5649,0.56485,0.56486
1782723060000,0.56484,0.56488,0.56481,0.56486
1782723120000,0.56488,0.5649,0.56484,0.56486
1782723180000,0.56484,0.56486,0.5648,0.56484
1782723240000,0.56483,0.56483,0.56474,0.56477
1782723300000,0.56476,0.56478,0.56464,0.56466
1782723360000,0.56465,0.56474,0.56465,0.56473
1782723420000,0.56473,0.5648,0.56473,0.5648
1782723480000,0.5648,0.56486,0.56476,0.56478
1782723540000,0.56476,0.56485,0.56476,0.56484
1782723600000,0.56486,0.56491,0.56481,0.56491
1782723660000,0.56491,0.56498,0.56491,0.56492
1782723720000,0.56491,0.56499,0.5649,0.56496
1782723780000,0.56497,0.56497,0.56494,0.56495
1782723840000,0.56496,0.56503,0.56496,0.56502
1782723900000,0.56503,0.56503,0.56499,0.565
1782723960000,0.56501,0.56506,0.56498,0.56499
1782724020000,0.56498,0.56504,0.56496,0.565
1782724080000,0.56502,0.56506,0.56501,0.56504
1782724140000,0.56504,0.56504,0.56494,0.56496
1782724200000,0.56497,0.56498,0.56494,0.56497
1782724260000,0.56498,0.565,0.56494,0.56497
1782724320000,0.56497,0.56497,0.5649,0.56494
1782724380000,0.56494,0.56495,0.56492,0.56494
1782724440000,0.56494,0.56495,0.56493,0.56493
1782724500000,0.56492,0.56504,0.56491,0.56499
1782724560000,0.56501,0.56504,0.56498,0.56499
1782724620000,0.565,0.565,0.56497,0.56499
1782724680000,0.56499,0.565,0.56491,0.56493
1782724740000,0.56494,0.56496,0.56492,0.56493
1782724800000,0.56494,0.56496,0.56488,0.56492
1782724860000,0.56495,0.56495,0.56485,0.56485
1782724920000,0.56484,0.56486,0.56484,0.56486
1782724980000,0.56485,0.56487,0.56483,0.56483
1782725040000,0.56483,0.56484,0.56477,0.56479
1782725100000,0.56478,0.56479,0.56475,0.56477
1782725160000,0.56478,0.56496,0.56478,0.56496
1782725220000,0.56496,0.56496,0.56489,0.56494
1782725280000,0.56493,0.56495,0.5649,0.56494
1782725340000,0.56494,0.56499,0.56493,0.56498
1782725400000,0.56498,0.56508,0.56498,0.56506
1782725460000,0.56505,0.56506,0.56498,0.56498
1782725520000,0.56497,0.56499,0.56493,0.56499
1782725580000,0.56498,0.56501,0.56497,0.56501
1782725640000,0.56502,0.56504,0.56496,0.565
1782725700000,0.56499,0.565,0.56494,0.56494
1782725760000,0.56496,0.56501,0.56494,0.56499
1782725820000,0.56498,0.56499,0.56489,0.56489
1782725880000,0.56489,0.56494,0.56484,0.56492
1782725940000,0.56493,0.56496,0.56492,0.56492
1782726000000,0.56491,0.56493,0.56479,0.5648
1782726060000,0.5648,0.56484,0.56478,0.56482
1782726120000,0.56483,0.56483,0.56474,0.56475
1782726180000,0.56477,0.56478,0.56471,0.56474
1782726240000,0.56472,0.56482,0.56472,0.56482
1782726300000,0.56481,0.56483,0.56477,0.56479
1782726360000,0.56478,0.56488,0.56478,0.56488
1782726420000,0.56489,0.56489,0.56483,0.56485
1782726480000,0.56487,0.5649,0.56481,0.56482
1782726540000,0.56484,0.56486,0.56483,0.56484
1782726600000,0.56484,0.56487,0.56482,0.56485
1782726660000,0.56484,0.56491,0.56475,0.56479
1782726720000,0.56478,0.56488,0.56478,0.56484
1782726780000,0.56485,0.56487,0.56484,0.56487
1782726840000,0.56486,0.56491,0.56483,0.5649
1782726900000,0.56491,0.56492,0.56487,0.56488
1782726960000,0.56488,0.56494,0.56486,0.56494
1782727020000,0.56495,0.56496,0.56491,0.56495
1782727080000,0.56496,0.56503,0.56496,0.565
1782727140000,0.56502,0.56508,0.56502,0.56505
1782727200000,0.56506,0.56506,0.56496,0.56504
1782727260000,0.56504,0.56509,0.56499,0.56508
1782727320000,0.56507,0.56512,0.56506,0.56506
1782727380000,0.56506,0.5651,0.56505,0.5651
1782727440000,0.5651,0.56511,0.56507,0.56511
1782727500000,0.56511,0.56512,0.56505,0.56505
1782727560000,0.56504,0.56504,0.56498,0.565
1782727620000,0.56501,0.56506,0.56501,0.56502
1782727680000,0.56503,0.56506,0.565,0.56505
1782727740000,0.56504,0.56513,0.56504,0.56508
1782727800000,0.5651,0.56513,0.56508,0.56511
1782727860000,0.56512,0.56517,0.56505,0.56505
1782727920000,0.56507,0.56514,0.56507,0.56514
1782727980000,0.56514,0.56516,0.56504,0.56504
1782728040000,0.56505,0.56505,0.56499,0.565
1782728100000,0.56499,0.565,0.56494,0.56494
1782728160000,0.56494,0.565,0.56494,0.565
1782728220000,0.56501,0.56509,0.56501,0.56507
1782728280000,0.56508,0.56512,0.56505,0.56508
1782728340000,0.5651,0.56511,0.56507,0.56511
1782728400000,0.56511,0.56511,0.56506,0.56508
1782728460000,0.56508,0.56512,0.565,0.565
1782728520000,0.56501,0.56502,0.565,0.56501
1782728580000,0.565,0.56501,0.56498,0.56501
1782728640000,0.56501,0.56505,0.56501,0.56502
1782728700000,0.56503,0.56505,0.56499,0.56501
1782728760000,0.56502,0.56505,0.56501,0.56505
1782728820000,0.56505,0.56505,0.56501,0.56502
1782728880000,0.56503,0.56506,0.56501,0.56505
1782728940000,0.56505,0.56508,0.56503,0.56506
1782729000000,0.56509,0.5651,0.56503,0.56504
1782729060000,0.56505,0.56505,0.56502,0.56503
1782729120000,0.56503,0.56503,0.56494,0.56494
1782729180000,0.56495,0.56498,0.56495,0.56498
1782729240000,0.56499,0.565,0.56496,0.56497
1782729300000,0.56497,0.56497,0.56491,0.56494
1782729360000,0.56495,0.56495,0.56495,0.56495
1782729420000,0.56495,0.56504,0.56495,0.56502
1782729480000,0.565,0.56503,0.56497,0.56503
1782729540000,0.56501,0.56506,0.565,0.56506
1782729600000,0.56507,0.56508,0.56505,0.56506
1782729660000,0.56507,0.56511,0.56504,0.56511
1782729720000,0.56512,0.56522,0.56512,0.56521
1782729780000,0.56521,0.56522,0.56515,0.56515
1782729840000,0.56516,0.56517,0.56511,0.56511
1782729900000,0.56512,0.56512,0.56506,0.56508
1782729960000,0.56507,0.56511,0.56506,0.56511
1782730020000,0.5651,0.56517,0.56503,0.56517
1782730080000,0.56516,0.5652,0.56511,0.56519
1782730140000,0.5652,0.56525,0.5652,0.56525
1782730200000,0.56525,0.56526,0.56522,0.56526
1782730260000,0.56525,0.56537,0.56525,0.56536
1782730320000,0.56536,0.56539,0.56532,0.56536
1782730380000,0.56535,0.56537,0.56528,0.5653
1782730440000,0.56532,0.56539,0.56532,0.56536
1782730500000,0.56535,0.56536,0.5653,0.5653
1782730560000,0.56531,0.56535,0.56531,0.56533
1782730620000,0.56535,0.56537,0.5653,0.56535
1782730680000,0.56536,0.56536,0.5653,0.56532
1782730740000,0.56535,0.56539,0.56533,0.56533
1782730800000,0.56533,0.56546,0.56531,0.56544
1782730860000,0.56546,0.56546,0.56542,0.56545
1782730920000,0.56544,0.56551,0.56542,0.56551
1782730980000,0.56551,0.56552,0.56544,0.56547
1782731040000,0.56548,0.56555,0.56546,0.56554
1782731100000,0.56554,0.56555,0.56549,0.5655
1782731160000,0.5655,0.5655,0.56536,0.56536
1782731220000,0.56536,0.56537,0.56531,0.56532
1782731280000,0.56531,0.56534,0.5653,0.56533
1782731340000,0.56531,0.56534,0.56531,0.56533
1782731400000,0.56532,0.56534,0.56527,0.5653
1782731460000,0.56531,0.56531,0.56523,0.56525
1782731520000,0.56526,0.56528,0.56522,0.56523
1782731580000,0.56522,0.56525,0.56522,0.56523
1782731640000,0.56523,0.56524,0.5652,0.56523
1782731700000,0.56523,0.56528,0.56521,0.56524
1782731760000,0.56524,0.56529,0.56523,0.56525
1782731820000,0.56527,0.5653,0.56524,0.56524
1782731880000,0.56525,0.56525,0.56519,0.56519
1782731940000,0.56518,0.5652,0.56516,0.56517
1782732000000,0.56517,0.56519,0.56517,0.56518
1782732060000,0.56518,0.56518,0.56513,0.56517
1782732120000,0.56518,0.56523,0.56516,0.56519
1782732180000,0.5652,0.56522,0.56518,0.56521
1782732240000,0.56522,0.56522,0.56517,0.56518
1782732300000,0.56519,0.56523,0.56516,0.5652
1782732360000,0.56521,0.56521,0.56516,0.56519
1782732420000,0.5652,0.56521,0.56516,0.56521
1782732480000,0.5652,0.56525,0.56518,0.56519
1782732540000,0.56522,0.56527,0.56521,0.56522
1782732600000,0.56522,0.56523,0.56511,0.56511
1782732660000,0.56511,0.56543,0.5651,0.56524
1782732720000,0.56524,0.56524,0.5652,0.5652
1782732780000,0.5652,0.56521,0.5652,0.56521
1782732840000,0.56522,0.56529,0.56521,0.56529
1782732900000,0.56529,0.56531,0.56521,0.56521
1782732960000,0.56521,0.56522,0.56516,0.56519
1782733020000,0.56518,0.56524,0.56517,0.56521
1782733080000,0.56521,0.56521,0.56516,0.56519
1782733140000,0.56519,0.5652,0.56515,0.56516
1782733200000,0.56517,0.5652,0.56516,0.56517
1782733260000,0.56519,0.56528,0.56518,0.56527
1782733320000,0.56528,0.56531,0.56525,0.56525
1782733380000,0.56524,0.56526,0.56517,0.56519
1782733440000,0.56517,0.56517,0.56508,0.56511
1782733500000,0.56512,0.56517,0.56511,0.56514
1782733560000,0.56515,0.56522,0.56514,0.56521
1782733620000,0.5652,0.56523,0.5652,0.56522
1782733680000,0.56524,0.5653,0.56524,0.56525
1782733740000,0.56526,0.5653,0.56524,0.56525
1782733800000,0.56526,0.56532,0.56524,0.56532
1782733860000,0.56533,0.56536,0.56531,0.56532
1782733920000,0.56531,0.56531,0.5653,0.5653
1782733980000,0.56531,0.56534,0.56527,0.5653
1782734040000,0.56528,0.56529,0.56522,0.56525
1782734100000,0.56525,0.56545,0.56525,0.56541
1782734160000,0.5654,0.56555,0.5654,0.56551
1782734220000,0.56551,0.56555,0.56542,0.56544
1782734280000,0.56545,0.56546,0.56542,0.56545
1782734340000,0.56546,0.5655,0.56544,0.56547
1782734400000,0.56546,0.56546,0.5654,0.5654
1782734460000,0.5654,0.56542,0.56536,0.56539
1782734520000,0.56539,0.56541,0.56537,0.56539
1782734580000,0.56539,0.56541,0.56534,0.56541
1782734640000,0.56539,0.56539,0.56523,0.56523
1782734700000,0.56524,0.5653,0.56524,0.56529
1782734760000,0.56529,0.56532,0.56525,0.56532
1782734820000,0.56531,0.56535,0.56529,0.56533
1782734880000,0.56532,0.56534,0.56526,0.56527
1782734940000,0.56529,0.56535,0.56527,0.56532
1782735000000,0.56534,0.56535,0.56524,0.56535
1782735060000,0.56535,0.56535,0.56527,0.56531
1782735120000,0.56529,0.56541,0.56529,0.56541
1782735180000,0.5654,0.56546,0.5654,0.56543
1782735240000,0.56542,0.56543,0.56537,0.56537
1782735300000,0.56538,0.5654,0.56535,0.56537
1782735360000,0.56538,0.56542,0.56537,0.56537
1782735420000,0.56538,0.56544,0.56534,0.56542
1782735480000,0.56542,0.56549,0.56538,0.56542
1782735540000,0.56541,0.56543,0.56531,0.56533
1782735600000,0.56532,0.56537,0.56531,0.56533
1782735660000,0.56532,0.56537,0.56526,0.56528
1782735720000,0.56526,0.56534,0.56521,0.56534
1782735780000,0.56533,0.56534,0.56511,0.56513
1782735840000,0.56514,0.56519,0.56513,0.56519
1782735900000,0.56519,0.56525,0.56509,0.56514
1782735960000,0.56513,0.56513,0.5649,0.56499
1782736020000,0.56501,0.56505,0.56497,0.56502
1782736080000,0.56504,0.56507,0.56502,0.56506
1782736140000,0.56505,0.56506,0.56497,0.56499
1782736200000,0.56498,0.56506,0.56498,0.56506
1782736260000,0.56506,0.56509,0.56501,0.56508
1782736320000,0.5651,0.56513,0.56505,0.56505
1782736380000,0.56504,0.5651,0.56504,0.56509
1782736440000,0.56511,0.56516,0.5651,0.56513
1782736500000,0.56511,0.56516,0.56511,0.56516
1782736560000,0.56516,0.56523,0.56514,0.56523
1782736620000,0.56522,0.56524,0.56513,0.56514
1782736680000,0.56515,0.56515,0.56499,0.56507
1782736740000,0.56504,0.56506,0.56494,0.56494
1782736800000,0.56496,0.56498,0.5649,0.56491
1782736860000,0.5649,0.56492,0.56466,0.56467
1782736920000,0.56467,0.56483,0.56467,0.56483
1782736980000,0.56482,0.56484,0.56482,0.56483
1782737040000,0.56484,0.5649,0.56483,0.56484
1782737100000,0.56483,0.56484,0.5648,0.56483
1782737160000,0.56485,0.56487,0.56478,0.56486
1782737220000,0.56487,0.56489,0.56481,0.56482
1782737280000,0.56484,0.56485,0.56481,0.56483
1782737340000,0.56482,0.56484,0.56479,0.5648
1782737400000,0.56481,0.56487,0.56481,0.56486
1782737460000,0.56485,0.56486,0.56481,0.56486
1782737520000,0.56485,0.56489,0.56483,0.56489
1782737580000,0.5649,0.56497,0.56488,0.56494
1782737640000,0.56494,0.56494,0.56486,0.56487
1782737700000,0.56488,0.56489,0.56485,0.56487
1782737760000,0.56487,0.56492,0.56485,0.5649
1782737820000,0.5649,0.56494,0.56487,0.56489
1782737880000,0.5649,0.56496,0.5649,0.56494
1782737940000,0.56494,0.56501,0.56494,0.56499
1782738000000,0.56502,0.56507,0.56496,0.56497
1782738060000,0.56499,0.56503,0.56496,0.56496
1782738120000,0.56496,0.56499,0.56493,0.56494
1782738180000,0.56493,0.56504,0.56493,0.56503
1782738240000,0.56505,0.56508,0.56502,0.56506
1782738300000,0.56506,0.56508,0.56501,0.56508
1782738360000,0.56507,0.56509,0.56496,0.56498
1782738420000,0.56497,0.56501,0.56495,0.56498
1782738480000,0.56497,0.56502,0.56493,0.56502
1782738540000,0.56501,0.56501,0.56491,0.56493
1782738600000,0.56491,0.56499,0.56491,0.56498
1782738660000,0.56499,0.56501,0.56491,0.56493
1782738720000,0.56492,0.56501,0.56492,0.56498
1782738780000,0.56497,0.56501,0.56497,0.56498
1782738840000,0.56499,0.56499,0.56492,0.56494
1782738900000,0.56491,0.56491,0.56484,0.56484
1782738960000,0.56485,0.56486,0.5648,0.5648
1782739020000,0.5648,0.56484,0.5648,0.56481
1782739080000,0.56481,0.56493,0.56481,0.56489
1782739140000,0.56489,0.56495,0.56488,0.56494
1782739200000,0.56494,0.56495,0.56486,0.56491
1782739260000,0.56491,0.56491,0.56485,0.56485
1782739320000,0.56488,0.56494,0.56488,0.5649
1782739380000,0.5649,0.56494,0.5649,0.56494
1782739440000,0.56495,0.56499,0.56494,0.56497
1782739500000,0.56498,0.56501,0.56495,0.56501
1782739560000,0.56502,0.56508,0.565,0.56507
1782739620000,0.56506,0.5651,0.56502,0.56509
1782739680000,0.5651,0.5651,0.56505,0.5651
1782739740000,0.56509,0.56509,0.56501,0.56505
1782739800000,0.56506,0.56514,0.56502,0.56509
1782739860000,0.56509,0.56511,0.56501,0.56502
1782739920000,0.56501,0.56509,0.56499,0.56507
1782739980000,0.56506,0.56506,0.565,0.565
1782740040000,0.565,0.56519,0.565,0.56515
1782740100000,0.56515,0.56515,0.56504,0.56504
1782740160000,0.56504,0.56504,0.56483,0.56484
1782740220000,0.56485,0.56485,0.56474,0.56478
1782740280000,0.56476,0.56486,0.56476,0.56483
1782740340000,0.56481,0.56489,0.56479,0.56479
1782740400000,0.56477,0.5648,0.56468,0.56475
1782740460000,0.56475,0.56486,0.56474,0.56481
1782740520000,0.56483,0.56495,0.56482,0.56495
1782740580000,0.56494,0.56503,0.56492,0.56496
1782740640000,0.56496,0.56504,0.56496,0.565
1782740700000,0.565,0.565,0.56489,0.565
1782740760000,0.565,0.565,0.56493,0.56497
1782740820000,0.56495,0.565,0.56491,0.56495
1782740880000,0.56494,0.56497,0.5649,0.56497
1782740940000,0.56495,0.565,0.56494,0.56497
1782741000000,0.56496,0.56496,0.56489,0.56492
1782741060000,0.56491,0.565,0.56491,0.56492
1782741120000,0.56492,0.56498,0.5649,0.56494
1782741180000,0.56492,0.56495,0.56489,0.56493
1782741240000,0.56492,0.56492,0.56479,0.56486
1782741300000,0.56486,0.56488,0.56477,0.56478
1782741360000,0.56479,0.56492,0.56478,0.56488
1782741420000,0.56488,0.56491,0.56476,0.56476
1782741480000,0.56475,0.56485,0.56473,0.56481
1782741540000,0.56481,0.56485,0.56477,0.56482
1782741600000,0.56482,0.56495,0.5648,0.56495
1782741660000,0.56493,0.56499,0.56478,0.56479
1782741720000,0.5648,0.56485,0.56471,0.56474
1782741780000,0.56472,0.56475,0.56463,0.56464
1782741840000,0.56464,0.56465,0.56453,0.56464
1782741900000,0.56462,0.56465,0.56458,0.56458
1782741960000,0.5646,0.5647,0.56459,0.56468
1782742020000,0.56468,0.56471,0.56454,0.56454
1782742080000,0.56455,0.56462,0.56453,0.56461
1782742140000,0.56461,0.56464,0.56449,0.56458
1782742200000,0.56459,0.56462,0.56455,0.56459
1782742260000,0.56459,0.56459,0.56444,0.56446
1782742320000,0.56446,0.56446,0.56431,0.56436
1782742380000,0.56437,0.56448,0.56433,0.56444
1782742440000,0.56443,0.56444,0.5642,0.5642
1782742500000,0.56419,0.5642,0.56395,0.56395
1782742560000,0.56396,0.56446,0.56396,0.56428
1782742620000,0.56426,0.56431,0.56418,0.5643
1782742680000,0.56431,0.56433,0.56418,0.56424
1782742740000,0.56424,0.56437,0.56421,0.56436
1782742800000,0.56438,0.56439,0.56423,0.56437
1782742860000,0.56437,0.56448,0.56436,0.56445
1782742920000,0.56444,0.5645,0.56439,0.56439
1782742980000,0.56438,0.5645,0.56434,0.56435
1782743040000,0.56432,0.56444,0.5643,0.56443
1782743100000,0.56442,0.56453,0.5644,0.56448
1782743160000,0.56448,0.5646,0.56447,0.56455
1782743220000,0.56456,0.56457,0.56444,0.56445
1782743280000,0.56447,0.5645,0.56441,0.56446
1782743340000,0.56446,0.56449,0.56434,0.56437
1782743400000,0.56437,0.56457,0.56435,0.56454
1782743460000,0.56454,0.56455,0.56445,0.56446
1782743520000,0.56447,0.56447,0.56436,0.56437
1782743580000,0.56438,0.56447,0.56437,0.56446
1782743640000,0.56445,0.56449,0.56433,0.56433
1782743700000,0.56433,0.56441,0.56433,0.5644
1782743760000,0.56438,0.56443,0.56432,0.56432
1782743820000,0.56433,0.56435,0.56424,0.56425
1782743880000,0.56425,0.56432,0.5642,0.56426
1782743940000,0.56428,0.5643,0.56421,0.56424
1782744000000,0.56423,0.56429,0.56418,0.56426
1782744060000,0.56428,0.56442,0.56427,0.56442
1782744120000,0.56441,0.56447,0.56437,0.56443
1782744180000,0.56443,0.56448,0.56435,0.56439
1782744240000,0.56437,0.56439,0.56415,0.5642
1782744300000,0.5642,0.56422,0.56411,0.56416
1782744360000,0.56416,0.56423,0.56408,0.56423
1782744420000,0.56423,0.56429,0.56417,0.56419
1782744480000,0.56419,0.56423,0.56408,0.56411
1782744540000,0.56412,0.56419,0.56412,0.56415
1782744600000,0.56414,0.5643,0.56414,0.56426
1782744660000,0.56425,0.56435,0.56423,0.56429
1782744720000,0.56429,0.56437,0.56428,0.56436
1782744780000,0.56437,0.56447,0.56431,0.56444
1782744840000,0.56446,0.56453,0.56437,0.56453
1782744900000,0.56451,0.56453,0.56443,0.5645
1782744960000,0.56451,0.56453,0.56439,0.56439
1782745020000,0.56438,0.56444,0.56433,0.56434
1782745080000,0.56432,0.56447,0.56432,0.56442
1782745140000,0.56441,0.56445,0.56438,0.56441
1782745200000,0.56443,0.56444,0.56432,0.56439
1782745260000,0.56439,0.56445,0.56438,0.5644
1782745320000,0.5644,0.56445,0.56431,0.56438
1782745380000,0.5644,0.56447,0.56437,0.56439
1782745440000,0.5644,0.56442,0.5643,0.56432
1782745500000,0.56433,0.56434,0.56424,0.56431
1782745560000,0.56432,0.56433,0.56428,0.56433
1782745620000,0.56432,0.56434,0.56426,0.56434
1782745680000,0.56432,0.56433,0.56425,0.56428
1782745740000,0.5643,0.56433,0.56426,0.56433
1782745800000,0.56433,0.56438,0.56432,0.56433
1782745860000,0.56433,0.56433,0.56426,0.56432
1782745920000,0.56429,0.56435,0.56425,0.56431
1782745980000,0.56434,0.5644,0.56431,0.56438
1782746040000,0.56438,0.56452,0.56436,0.56451
1782746100000,0.56452,0.56475,0.5645,0.56466
1782746160000,0.56466,0.56475,0.56462,0.56472
1782746220000,0.56472,0.56472,0.56462,0.56462
1782746280000,0.56462,0.56467,0.56458,0.56467
1782746340000,0.56467,0.56471,0.56458,0.56458
1782746400000,0.56459,0.56461,0.56455,0.56459
1782746460000,0.5646,0.56465,0.56456,0.5646
1782746520000,0.5646,0.5646,0.56454,0.56456
1782746580000,0.56455,0.56459,0.56453,0.56455
1782746640000,0.56454,0.56457,0.56446,0.56456
1782746700000,0.56456,0.56459,0.56451,0.56459
1782746760000,0.5646,0.56469,0.56458,0.56469
1782746820000,0.56468,0.5647,0.56462,0.56465
1782746880000,0.56465,0.56465,0.5646,0.56462
1782746940000,0.56463,0.56468,0.5646,0.56465
1782747000000,0.56466,0.56471,0.56462,0.56469
1782747060000,0.56468,0.56468,0.56459,0.56464
1782747120000,0.56465,0.56465,0.56457,0.56459
1782747180000,0.56459,0.56463,0.56458,0.5646
1782747240000,0.5646,0.56463,0.56449,0.56449
1782747300000,0.56448,0.56448,0.56437,0.56441
1782747360000,0.56442,0.56442,0.56431,0.56434
1782747420000,0.56435,0.56437,0.56429,0.56432
1782747480000,0.56431,0.56445,0.56431,0.56439
1782747540000,0.5644,0.56446,0.56438,0.56443
1782747600000,0.56444,0.56447,0.56433,0.56435
1782747660000,0.56434,0.56446,0.56433,0.56445
1782747720000,0.56445,0.5645,0.56443,0.56449
1782747780000,0.56448,0.5645,0.56443,0.56445
1782747840000,0.56448,0.56457,0.56447,0.56457
1782747900000,0.56456,0.56463,0.56454,0.56455
1782747960000,0.56454,0.56464,0.56454,0.56462
1782748020000,0.56463,0.56472,0.56463,0.56471
1782748080000,0.5647,0.56472,0.56466,0.56469
1782748140000,0.56471,0.5648,0.5647,0.5648
1782748200000,0.5648,0.5648,0.56469,0.56473
1782748260000,0.56474,0.56475,0.56469,0.56469
1782748320000,0.5647,0.56477,0.5647,0.56476
1782748380000,0.56476,0.56478,0.56465,0.56465
1782748440000,0.56467,0.56472,0.56465,0.56471
1782748500000,0.5647,0.56474,0.56463,0.56473
1782748560000,0.56473,0.56474,0.56465,0.56465
1782748620000,0.56465,0.56472,0.56465,0.5647
1782748680000,0.56469,0.56475,0.56469,0.56473
1782748740000,0.56473,0.56479,0.56472,0.56478
1782748800000,0.5648,0.56486,0.56477,0.56486
1782748860000,0.56487,0.56494,0.56487,0.56491
1782748920000,0.5649,0.56503,0.56487,0.56503
1782748980000,0.56501,0.56503,0.56497,0.56499
1782749040000,0.565,0.56505,0.56499,0.56503
1782749100000,0.56503,0.56508,0.56499,0.56503
1782749160000,0.56505,0.56505,0.56501,0.56502
1782749220000,0.56501,0.56503,0.56499,0.56502
1782749280000,0.56501,0.56504,0.56497,0.56504
1782749340000,0.56505,0.56505,0.565,0.56503
1782749400000,0.56502,0.56507,0.56502,0.56506
1782749460000,0.56506,0.56507,0.56501,0.56502
1782749520000,0.56502,0.56502,0.56497,0.56497
1782749580000,0.56498,0.565,0.56496,0.56496
1782749640000,0.56495,0.56497,0.56493,0.56494
1782749700000,0.56494,0.56503,0.56494,0.56499
1782749760000,0.56498,0.56501,0.56497,0.56498
1782749820000,0.56499,0.56507,0.56497,0.56504
1782749880000,0.56503,0.56506,0.56503,0.56503
1782749940000,0.56504,0.56509,0.56504,0.56509
1782750000000,0.56508,0.56508,0.565,0.56501
1782750060000,0.56502,0.56502,0.5649,0.56492
1782750120000,0.56493,0.56495,0.56493,0.56494
1782750180000,0.56495,0.56499,0.56495,0.56499
1782750240000,0.56497,0.56499,0.56494,0.56494
1782750300000,0.56495,0.56496,0.56492,0.56492
1782750360000,0.56491,0.56494,0.56491,0.56493
1782750420000,0.56494,0.56497,0.56493,0.56497
1782750480000,0.56494,0.56496,0.56494,0.56495
1782750540000,0.56495,0.56495,0.56491,0.56494
1782750600000,0.56493,0.56497,0.56493,0.56494
1782750660000,0.56494,0.56506,0.56494,0.56503
1782750720000,0.56502,0.56502,0.56495,0.56495
1782750780000,0.56496,0.56499,0.5649,0.5649
1782750840000,0.56491,0.56497,0.56491,0.56495
1782750900000,0.56495,0.56506,0.56495,0.56506
1782750960000,0.56507,0.56513,0.56505,0.56508
1782751020000,0.56507,0.56511,0.56506,0.56507
1782751080000,0.56508,0.56511,0.56508,0.56511
1782751140000,0.56509,0.56519,0.56508,0.56518
1782751200000,0.56518,0.56518,0.56514,0.56514
1782751260000,0.56514,0.56516,0.5651,0.56516
1782751320000,0.56515,0.56518,0.56515,0.56518
1782751380000,0.56518,0.56521,0.56515,0.56519
1782751440000,0.56519,0.56524,0.56519,0.56523
1782751500000,0.56521,0.56524,0.56517,0.56521
1782751560000,0.56522,0.56525,0.56522,0.56524
1782751620000,0.56523,0.56524,0.56522,0.56524
1782751680000,0.56522,0.56525,0.56517,0.56524
1782751740000,0.56524,0.56534,0.56524,0.56533
1782751800000,0.56533,0.56538,0.56529,0.56531
1782751860000,0.5653,0.56535,0.56529,0.5653
1782751920000,0.56528,0.56531,0.56521,0.56524
1782751980000,0.56523,0.56531,0.56523,0.5653
1782752040000,0.5653,0.5653,0.56522,0.56526
1782752100000,0.56526,0.56526,0.5652,0.56522
1782752160000,0.5652,0.56523,0.56514,0.56514
1782752220000,0.56515,0.56516,0.56511,0.56511
1782752280000,0.56509,0.56509,0.56499,0.56507
1782752340000,0.56506,0.56507,0.56502,0.56504
1782752400000,0.56504,0.56508,0.56504,0.56507
1782752460000,0.56506,0.56511,0.56504,0.56504
1782752520000,0.56507,0.5651,0.56504,0.56509
1782752580000,0.56511,0.56511,0.56504,0.56508
1782752640000,0.56509,0.5651,0.56507,0.56507
1782752700000,0.56508,0.56512,0.56507,0.5651
1782752760000,0.56511,0.56511,0.56508,0.56508
1782752820000,0.56506,0.56507,0.56505,0.56506
1782752880000,0.56507,0.5651,0.56504,0.56506
1782752940000,0.56504,0.5651,0.56504,0.56509
1782753000000,0.56508,0.5651,0.56503,0.56503
1782753060000,0.56504,0.5651,0.56504,0.5651
1782753120000,0.56507,0.56513,0.56507,0.5651
1782753180000,0.56511,0.56518,0.56511,0.56516
1782753240000,0.56516,0.56519,0.56514,0.56518
1782753300000,0.56519,0.56522,0.56518,0.56519
1782753360000,0.5652,0.5652,0.56509,0.56509
1782753420000,0.56509,0.56514,0.56505,0.56507
1782753480000,0.56508,0.56509,0.56502,0.56503
1782753540000,0.56501,0.56503,0.565,0.565
1782753600000,0.56501,0.56501,0.56493,0.56495
1782753660000,0.56494,0.56495,0.56485,0.56486
1782753720000,0.56485,0.56492,0.56485,0.5649
1782753780000,0.56491,0.56492,0.56489,0.5649
1782753840000,0.56489,0.56493,0.56489,0.56492
1782753900000,0.56493,0.56493,0.5649,0.56492
1782753960000,0.56493,0.56495,0.5649,0.56495
1782754020000,0.56496,0.56499,0.56493,0.56493
1782754080000,0.56493,0.56498,0.56492,0.56497
1782754140000,0.56498,0.56501,0.56497,0.56498
1782754200000,0.56498,0.56498,0.56495,0.56495
1782754260000,0.56495,0.56498,0.56494,0.56498
1782754320000,0.56498,0.56499,0.56491,0.56494
1782754380000,0.56493,0.56496,0.56492,0.56494
1782754440000,0.56496,0.56502,0.56496,0.56498
1782754500000,0.56499,0.56504,0.56499,0.56503
1782754560000,0.56502,0.56507,0.565,0.56506
1782754620000,0.56508,0.56509,0.56507,0.56507
1782754680000,0.56508,0.56508,0.56502,0.56507
1782754740000,0.56506,0.56509,0.56502,0.56508
1782754800000,0.56507,0.56507,0.56501,0.56505
1782754860000,0.56506,0.56506,0.56503,0.56503
1782754920000,0.56503,0.56505,0.56501,0.56502
1782754980000,0.56503,0.56503,0.56499,0.565
1782755040000,0.565,0.56502,0.565,0.565
1782755100000,0.56499,0.565,0.5649,0.5649
1782755160000,0.56491,0.56495,0.56491,0.56495
1782755220000,0.56494,0.56498,0.56493,0.56497
1782755280000,0.56496,0.565,0.56496,0.56499
1782755340000,0.56498,0.565,0.56497,0.565
1782755400000,0.565,0.56503,0.565,0.56501
1782755460000,0.56501,0.56503,0.56501,0.56502
1782755520000,0.56503,0.56508,0.56502,0.56508
1782755580000,0.56508,0.56515,0.56507,0.56514
1782755640000,0.56515,0.5652,0.56515,0.56517
1782755700000,0.56516,0.56516,0.56509,0.56509
1782755760000,0.56509,0.56509,0.56507,0.56508
1782755820000,0.56509,0.56519,0.56509,0.56517
1782755880000,0.56516,0.56516,0.56507,0.56511
1782755940000,0.56511,0.56515,0.5651,0.56512
1782756000000,0.56514,0.56523,0.56512,0.56519
1782756060000,0.56519,0.56525,0.56517,0.5652
1782756120000,0.56519,0.56522,0.56518,0.5652
1782756180000,0.5652,0.56521,0.56515,0.56516
1782756240000,0.56517,0.56527,0.56515,0.56524
1782756300000,0.56523,0.56524,0.56517,0.56519
1782756360000,0.56518,0.56521,0.56517,0.5652
1782756420000,0.5652,0.56522,0.56516,0.56519
1782756480000,0.56518,0.56522,0.56518,0.56522
1782756540000,0.56523,0.56526,0.56523,0.56523
1782756600000,0.56524,0.56528,0.56522,0.56528
1782756660000,0.56528,0.56529,0.56524,0.56525
1782756720000,0.56526,0.56527,0.56523,0.56525
1782756780000,0.56524,0.56528,0.56524,0.56527
1782756840000,0.56526,0.56529,0.56526,0.56528
1782756900000,0.56528,0.56528,0.56524,0.56528
1782756960000,0.56527,0.56529,0.56523,0.56523
1782757020000,0.56523,0.56523,0.56521,0.56521
1782757080000,0.56521,0.56528,0.56521,0.56528
1782757140000,0.56529,0.56529,0.56526,0.56527
1782757200000,0.56527,0.56527,0.56525,0.56526
1782757260000,0.56527,0.56529,0.56522,0.56524
1782757320000,0.56524,0.56528,0.56522,0.56528
1782757380000,0.56529,0.56529,0.56527,0.56528
1782757440000,0.56529,0.56529,0.56522,0.56525
1782757500000,0.56524,0.56524,0.56519,0.56521
1782757560000,0.56523,0.56523,0.56518,0.56519
1782757620000,0.5652,0.5652,0.56516,0.56518
1782757680000,0.56517,0.56522,0.56517,0.5652
1782757740000,0.5652,0.5652,0.56516,0.5652
1782757800000,0.56521,0.56522,0.5652,0.5652
1782757860000,0.5652,0.56522,0.56517,0.56519
1782757920000,0.5652,0.56524,0.56519,0.56523
1782757980000,0.56522,0.56525,0.56519,0.5652
1782758040000,0.56521,0.56524,0.5652,0.56523
1782758100000,0.56524,0.56527,0.56522,0.56525
1782758160000,0.56524,0.56529,0.56524,0.56529
1782758220000,0.56528,0.56528,0.56523,0.56523
1782758280000,0.56524,0.56525,0.56521,0.56523
1782758340000,0.56522,0.56525,0.56521,0.56525
1782758400000,0.56526,0.56529,0.56524,0.56528
1782758460000,0.56529,0.56529,0.56527,0.56528
1782758520000,0.56527,0.56528,0.56525,0.56528
1782758580000,0.56527,0.56532,0.56527,0.56532
1782758640000,0.56532,0.56538,0.56532,0.56536
1782758700000,0.56536,0.56538,0.56532,0.56532
1782758760000,0.56536,0.56537,0.56533,0.56533
1782758820000,0.56533,0.56534,0.56532,0.56533
1782758880000,0.56533,0.56535,0.56533,0.56535
1782758940000,0.56534,0.56538,0.56533,0.56538
1782759000000,0.56538,0.56538,0.56532,0.56534
1782759060000,0.56533,0.56539,0.56532,0.56538
1782759120000,0.56538,0.56538,0.56537,0.56537
1782759180000,0.56538,0.56542,0.56537,0.56542
1782759240000,0.56541,0.56543,0.5654,0.56541
1782759300000,0.56538,0.56538,0.56526,0.56527
1782759360000,0.56527,0.56527,0.56526,0.56526
1782759420000,0.56527,0.56528,0.56526,0.56528
1782759480000,0.56528,0.56532,0.56527,0.56531
1782759540000,0.56528,0.56531,0.56524,0.56526
1782759600000,0.56526,0.56536,0.56525,0.56536
1782759660000,0.56535,0.56535,0.56531,0.56531
1782759720000,0.56531,0.56533,0.5653,0.56531
1782759780000,0.56531,0.56535,0.5653,0.56533
1782759840000,0.56533,0.56534,0.5653,0.5653
1782759900000,0.56529,0.56529,0.56526,0.56526
1782759960000,0.56527,0.56527,0.56527,0.56527
1782760020000,0.56526,0.56528,0.56524,0.56525
1782760080000,0.56525,0.56528,0.56524,0.56525
1782760140000,0.56524,0.56527,0.56524,0.56524
1782760200000,0.56524,0.56525,0.56516,0.56518
1782760260000,0.56516,0.56516,0.56514,0.56515
1782760320000,0.56517,0.56517,0.56511,0.56513
1782760380000,0.56511,0.56513,0.56509,0.5651
1782760440000,0.56509,0.56516,0.56509,0.56514
1782760500000,0.56515,0.5652,0.56515,0.56519
1782760560000,0.5652,0.56522,0.5652,0.56521
1782760620000,0.56523,0.56524,0.56521,0.56521
1782760680000,0.56521,0.56527,0.56521,0.56527
1782760740000,0.56527,0.56529,0.56525,0.56525
1782760800000,0.56525,0.56528,0.56525,0.56528
1782760860000,0.56528,0.5653,0.56528,0.56528
1782760920000,0.56528,0.5653,0.56528,0.5653
1782760980000,0.5653,0.56534,0.5653,0.56532
1782761040000,0.56531,0.56533,0.5653,0.56531
1782761100000,0.56532,0.56532,0.56526,0.56531
1782761160000,0.56531,0.56536,0.56531,0.56536
1782761220000,0.56535,0.56537,0.56534,0.56534
1782761280000,0.56535,0.56535,0.56531,0.56532
1782761340000,0.56533,0.56534,0.56532,0.56532
1782761400000,0.56534,0.56538,0.56532,0.56536
1782761460000,0.56535,0.56539,0.56535,0.56539
1782761520000,0.56538,0.56538,0.56533,0.56535
1782761580000,0.56535,0.56537,0.56533,0.56536
1782761640000,0.56536,0.56536,0.56532,0.56532
1782761700000,0.56533,0.56536,0.56533,0.56535
1782761760000,0.56535,0.56536,0.56533,0.56535
1782761820000,0.56535,0.56536,0.56531,0.56533
1782761880000,0.56534,0.56535,0.56532,0.56535
1782761940000,0.56534,0.56537,0.56534,0.56536
1782762000000,0.56536,0.5654,0.56534,0.56538
1782762060000,0.56539,0.56542,0.56537,0.56542
1782762120000,0.56541,0.56542,0.56535,0.56536
1782762180000,0.56535,0.56536,0.56534,0.56535
1782762240000,0.56537,0.56539,0.56535,0.56539
1782762300000,0.5654,0.56541,0.56536,0.56537
1782762360000,0.56537,0.56538,0.56536,0.56537
1782762420000,0.56536,0.56538,0.56535,0.56535
1782762480000,0.56535,0.56536,0.56534,0.56534
1782762540000,0.56534,0.56536,0.56531,0.56535
1782762600000,0.56536,0.56537,0.56532,0.56533
1782762660000,0.56534,0.56535,0.56531,0.56533
1782762720000,0.56532,0.56534,0.56531,0.56531
1782762780000,0.56533,0.56535,0.56532,0.56533
1782762840000,0.56533,0.56535,0.56529,0.56529
1782762900000,0.5653,0.56534,0.56528,0.56532
1782762960000,0.56532,0.56537,0.56532,0.56535
1782763020000,0.56535,0.56537,0.56533,0.56535
1782763080000,0.56536,0.5654,0.56535,0.56538
1782763140000,0.56538,0.5654,0.56536,0.56537
1782763200000,0.56537,0.56538,0.56525,0.56525
1782763260000,0.56525,0.56525,0.5652,0.5652
1782763320000,0.56522,0.56524,0.5652,0.56524
1782763380000,0.56524,0.56525,0.56521,0.56523
1782763440000,0.56524,0.56524,0.5652,0.56521
1782763500000,0.56522,0.56523,0.56521,0.56521
1782763560000,0.56522,0.56523,0.56521,0.56521
1782763620000,0.56523,0.56524,0.56521,0.56521
1782763680000,0.56523,0.56523,0.56521,0.56523
1782763740000,0.56524,0.56532,0.56524,0.56531
1782763800000,0.56531,0.56533,0.56531,0.56533
1782763860000,0.56531,0.56533,0.56531,0.56531
1782763920000,0.5653,0.5653,0.56526,0.56527
1782763980000,0.56529,0.5653,0.56527,0.5653
1782764040000,0.56529,0.56531,0.56529,0.56531
1782764100000,0.5653,0.56532,0.5653,0.56532
1782764160000,0.56534,0.56534,0.56532,0.56532
1782764220000,0.56532,0.56532,0.56532,0.56532
1782764280000,0.56532,0.56533,0.5653,0.5653
1782764340000,0.5653,0.5653,0.5653,0.5653
1782764400000,0.56531,0.56532,0.5653,0.56531
1782764460000,0.56531,0.56531,0.5653,0.56531
1782764520000,0.5653,0.56532,0.56526,0.56527
1782764580000,0.56529,0.56531,0.56528,0.5653
1782764640000,0.5653,0.56534,0.5653,0.56534
1782764700000,0.56533,0.56535,0.56531,0.56531
1782764760000,0.56531,0.56534,0.56531,0.56531
1782764820000,0.56533,0.56533,0.56526,0.56526
1782764880000,0.5653,0.56531,0.5653,0.56531
1782764940000,0.5653,0.5653,0.5653,0.5653
1782765000000,0.56529,0.56529,0.56526,0.56526
1782765060000,0.56526,0.56526,0.56524,0.56525
1782765120000,0.56524,0.56526,0.56524,0.56525
1782765180000,0.56524,0.56526,0.56524,0.56524
1782765240000,0.56524,0.56526,0.56522,0.56522
1782765300000,0.56521,0.56521,0.56514,0.56516
1782765360000,0.56515,0.56515,0.56509,0.5651
1782765420000,0.56511,0.56511,0.5651,0.5651
1782765480000,0.56509,0.56511,0.56509,0.56511
1782765540000,0.56513,0.56514,0.56511,0.56514
1782765600000,0.56513,0.56514,0.5651,0.5651
1782765660000,0.56511,0.56512,0.56511,0.56512
1782765720000,0.56511,0.56513,0.56511,0.56512
1782765780000,0.56512,0.56515,0.56512,0.56514
1782765840000,0.56514,0.56514,0.56512,0.56512
1782765900000,0.56511,0.56514,0.5651,0.5651
1782765960000,0.56513,0.56513,0.56508,0.56508
1782766020000,0.56508,0.56509,0.56506,0.56506
1782766080000,0.56507,0.56508,0.56506,0.56506
1782766140000,0.56506,0.56506,0.56506,0.56506
1782766200000,0.56506,0.56507,0.56505,0.56507
1782766260000,0.56506,0.56506,0.56503,0.56504
1782766320000,0.56504,0.56505,0.56504,0.56505
1782766380000,0.56503,0.56503,0.56503,0.56503
1782766440000,0.56504,0.56505,0.56503,0.56505
1782766500000,0.56502,0.56502,0.56498,0.56499
1782766560000,0.56498,0.56498,0.56497,0.56497
1782766620000,0.56496,0.565,0.56496,0.565
1782766680000,0.56501,0.56503,0.56496,0.56496
1782766740000,0.56497,0.56502,0.5649,0.5649
1782766800000,0.56484,0.56505,0.56477,0.56504
1782766860000,0.56504,0.56515,0.56504,0.56511
1782766920000,0.56511,0.56529,0.56498,0.56498
1782766980000,0.56498,0.56498,0.56498,0.56498
1782767040000,0.56498,0.56498,0.56498,0.56498
1782767100000,0.56495,0.56505,0.56495,0.56504
1782767160000,0.56504,0.56504,0.56495,0.56495
1782767220000,0.56495,0.56496,0.56493,0.56495
1782767280000,0.56495,0.56504,0.56495,0.56504
1782767340000,0.56509,0.56521,0.56508,0.56518
1782767400000,0.56518,0.56527,0.56517,0.56527
1782767460000,0.56528,0.56535,0.56523,0.56534
1782767520000,0.56534,0.56538,0.56525,0.56532
1782767580000,0.56531,0.56531,0.56526,0.56529
1782767640000,0.56529,0.5653,0.56505,0.56505
1782767700000,0.56506,0.56508,0.56503,0.56506
1782767760000,0.56508,0.56508,0.56506,0.56506
1782767820000,0.56503,0.56507,0.56502,0.56503
1782767880000,0.56503,0.56506,0.56501,0.56504
1782767940000,0.56503,0.56504,0.56501,0.56504
1782768000000,0.56501,0.56503,0.56501,0.56501
1782768060000,0.56501,0.56501,0.56501,0.56501
1782768120000,0.56494,0.56495,0.56494,0.56495
1782768180000,0.56495,0.56499,0.56495,0.56499
1782768240000,0.56499,0.56507,0.56497,0.56504
1782768300000,0.56524,0.56524,0.5652,0.5652
1782768360000,0.56522,0.56523,0.5652,0.56523
1782768420000,0.56523,0.56523,0.56523,0.56523
1782768480000,0.56531,0.56531,0.56531,0.56531
1782768540000,0.56526,0.56527,0.56523,0.56525
1782768600000,0.56531,0.56533,0.56527,0.56527
1782768660000,0.56526,0.56532,0.56523,0.56528
1782768720000,0.56529,0.56532,0.56525,0.56529
1782768780000,0.5653,0.56532,0.5653,0.5653
1782768840000,0.56531,0.56531,0.56523,0.56523
1782768900000,0.56522,0.56523,0.56522,0.56523
1782768960000,0.56523,0.56523,0.56521,0.56521
1782769020000,0.56525,0.56526,0.56525,0.56525
1782769080000,0.56511,0.56522,0.56511,0.56515
1782769140000,0.56515,0.56515,0.56514,0.56515
1782769200000,0.56515,0.56516,0.56514,0.56516
1782769260000,0.56515,0.56515,0.56514,0.56514
1782769320000,0.56515,0.56515,0.56511,0.56511
1782769380000,0.56509,0.56512,0.56509,0.56511
1782769440000,0.56509,0.56509,0.56509,0.56509
1782769500000,0.56509,0.56516,0.56508,0.56516
1782769560000,0.56516,0.56516,0.56512,0.56516
1782769620000,0.56515,0.56515,0.56511,0.56511
1782769680000,0.56513,0.56513,0.56511,0.56511
1782769740000,0.56516,0.56517,0.56514,0.56515
1782769800000,0.56514,0.56515,0.56513,0.56513
1782769860000,0.56512,0.56513,0.56509,0.56509
1782769920000,0.56508,0.56508,0.56508,0.56508
1782769980000,0.56511,0.56511,0.56507,0.56507
1782770040000,0.56506,0.56512,0.56506,0.56511
1782770100000,0.56511,0.56511,0.56496,0.56499
1782770160000,0.56499,0.565,0.56496,0.56497
1782770220000,0.56497,0.56499,0.56497,0.56499
1782770280000,0.56499,0.56499,0.56499,0.56499
1782770340000,0.56501,0.56511,0.56499,0.56511
1782770400000,0.56512,0.56519,0.56498,0.56498
1782770460000,0.56498,0.56512,0.56497,0.56511
1782770520000,0.5651,0.5651,0.56508,0.56508
1782770580000,0.56509,0.56512,0.56508,0.56512
1782770640000,0.56509,0.56511,0.56509,0.5651
1782770700000,0.56512,0.56518,0.56512,0.56516
1782770760000,0.56517,0.56517,0.56514,0.56515
1782770820000,0.56516,0.56516,0.56516,0.56516
1782770880000,0.56516,0.56519,0.56516,0.56519
1782770940000,0.5652,0.5652,0.56518,0.56518
1782771000000,0.56517,0.56517,0.56517,0.56517
1782771060000,0.56517,0.5652,0.56515,0.56515
1782771120000,0.56514,0.56516,0.56513,0.56515
1782771180000,0.56519,0.56521,0.56518,0.56521
1782771240000,0.5652,0.56521,0.5652,0.5652
1782771300000,0.5652,0.5652,0.5652,0.5652
1782771360000,0.5652,0.5652,0.5652,0.5652
1782771420000,0.5652,0.56521,0.56518,0.56518
1782771480000,0.5652,0.5652,0.5652,0.5652
1782771540000,0.5652,0.5652,0.56519,0.56519
1782771600000,0.56519,0.5652,0.56519,0.5652
1782771660000,0.5652,0.5652,0.56519,0.5652
1782771720000,0.56516,0.56516,0.56513,0.56513
1782771780000,0.56513,0.56513,0.56513,0.56513
1782771840000,0.56513,0.56514,0.56513,0.56514
1782771900000,0.56515,0.56515,0.56513,0.56513
1782771960000,0.56513,0.56514,0.5651,0.5651
1782772020000,0.56512,0.56515,0.56512,0.56513
1782772080000,0.56512,0.56515,0.56512,0.56512
1782772140000,0.56512,0.56512,0.56512,0.56512
1782772200000,0.56514,0.56515,0.56512,0.56514
1782772260000,0.56514,0.56515,0.56514,0.56514
1782772320000,0.56515,0.56515,0.56514,0.56514
1782772380000,0.56515,0.56515,0.56514,0.56514
1782772440000,0.56514,0.56514,0.56514,0.56514
1782772500000,0.56514,0.56515,0.56514,0.56515
1782772560000,0.56513,0.56513,0.5651,0.5651
1782772620000,0.5651,0.5651,0.5651,0.5651
1782772680000,0.5651,0.5651,0.56509,0.5651
1782772740000,0.5651,0.5651,0.56506,0.5651
1782772800000,0.56507,0.56511,0.56507,0.56509
1782772860000,0.56509,0.56509,0.56508,0.56509
1782772920000,0.5651,0.5651,0.56509,0.56509
1782772980000,0.5651,0.5651,0.56509,0.56509
1782773040000,0.5651,0.5651,0.56509,0.56509
1782773100000,0.56509,0.5651,0.56509,0.5651
1782773160000,0.5651,0.5651,0.5651,0.5651
1782773220000,0.5651,0.5651,0.5651,0.5651
1782773280000,0.56511,0.56511,0.5651,0.5651
1782773340000,0.5651,0.5651,0.5651,0.5651
1782773400000,0.56509,0.56509,0.56509,0.56509
1782773460000,0.5651,0.56511,0.56509,0.56511
1782773520000,0.56509,0.56516,0.56509,0.56516
1782773580000,0.56515,0.56515,0.56509,0.56515
1782773640000,0.56515,0.56516,0.56515,0.56516
1782773700000,0.56514,0.56515,0.56514,0.56514
1782773760000,0.56515,0.5652,0.56515,0.56519
1782773820000,0.56519,0.56521,0.56519,0.56519
1782773880000,0.56519,0.5652,0.56515,0.56516
1782773940000,0.56516,0.56519,0.56515,0.56518
1782774000000,0.56518,0.56519,0.56515,0.56519
1782774060000,0.56519,0.56521,0.56514,0.56517
1782774120000,0.56517,0.56517,0.56513,0.56513
1782774180000,0.56514,0.56515,0.56511,0.56515
1782774240000,0.56515,0.56519,0.56515,0.56518
1782774300000,0.56516,0.56517,0.56515,0.56515
1782774360000,0.56515,0.56519,0.56515,0.56519
1782774420000,0.56518,0.56523,0.56518,0.56522
1782774480000,0.56521,0.56527,0.5652,0.56526
1782774540000,0.56528,0.56529,0.56524,0.56524
1782774600000,0.56524,0.56524,0.56523,0.56523
1782774660000,0.56523,0.56525,0.56523,0.56525
1782774720000,0.56523,0.56524,0.56519,0.5652
1782774780000,0.56522,0.56524,0.56522,0.56522
1782774840000,0.56521,0.56524,0.56521,0.56521
1782774900000,0.56522,0.56524,0.56522,0.56523
1782774960000,0.56524,0.56525,0.56524,0.56525
1782775020000,0.56526,0.56529,0.56526,0.56529
1782775080000,0.56528,0.56529,0.56526,0.56529
1782775140000,0.56528,0.56529,0.56525,0.56529
1782775200000,0.56529,0.56537,0.56529,0.56536
1782775260000,0.56535,0.56541,0.56535,0.56541
1782775320000,0.56541,0.56541,0.5654,0.5654
1782775380000,0.5654,0.5654,0.5654,0.5654
1782775440000,0.5654,0.56541,0.56536,0.5654
1782775500000,0.56539,0.56539,0.56535,0.56536
1782775560000,0.56537,0.56537,0.56535,0.56536
1782775620000,0.56536,0.56536,0.56535,0.56535
1782775680000,0.56534,0.56535,0.56534,0.56534
1782775740000,0.56535,0.56535,0.56534,0.56534
1782775800000,0.56535,0.56536,0.56534,0.56534
1782775860000,0.56534,0.56538,0.56534,0.56538
1782775920000,0.56536,0.56539,0.56536,0.56536
1782775980000,0.56535,0.56536,0.56532,0.56532
1782776040000,0.56531,0.56531,0.56531,0.56531
1782776100000,0.56531,0.56531,0.56527,0.56528
1782776160000,0.56528,0.56528,0.56525,0.56525
1782776220000,0.56525,0.56528,0.56524,0.56528
1782776280000,0.56526,0.56531,0.56525,0.56527
1782776340000,0.56527,0.56528,0.56526,0.56528
1782776400000,0.56527,0.56527,0.56527,0.56527
1782776460000,0.56527,0.56527,0.56527,0.56527
1782776520000,0.56527,0.56527,0.56525,0.56525
1782776580000,0.56527,0.56527,0.56524,0.56524
1782776640000,0.56525,0.56525,0.56525,0.56525
1782776700000,0.56525,0.56525,0.56504,0.56504
1782776760000,0.56504,0.56504,0.56499,0.56501
1782776820000,0.56502,0.56504,0.56499,0.56501
1782776880000,0.565,0.56502,0.565,0.56501
1782776940000,0.565,0.56509,0.565,0.56509
1782777000000,0.5651,0.56512,0.5651,0.56512
1782777060000,0.56511,0.56511,0.5651,0.5651
1782777120000,0.56509,0.56511,0.56509,0.56511
1782777180000,0.56511,0.56511,0.56505,0.56505
1782777240000,0.56506,0.56516,0.56505,0.56515
1782777300000,0.56514,0.56515,0.5651,0.56512
1782777360000,0.56511,0.56511,0.56509,0.56509
1782777420000,0.56509,0.56512,0.56504,0.56504
1782777480000,0.56504,0.56504,0.56496,0.56501
1782777540000,0.56501,0.56503,0.565,0.565
1783296000000,0.57007,0.57014,0.56985,0.56985
1783296060000,0.56986,0.56995,0.56975,0.56976
1783296120000,0.56977,0.56982,0.56972,0.56977
1783296180000,0.56976,0.56982,0.5697,0.56981
1783296240000,0.56979,0.56984,0.56972,0.56973
1783296300000,0.56972,0.56981,0.56967,0.5698
1783296360000,0.56981,0.56986,0.56976,0.56977
1783296420000,0.56978,0.56984,0.56976,0.56977
1783296480000,0.56977,0.56986,0.56977,0.56985
1783296540000,0.56984,0.56987,0.5697,0.5697
1783296600000,0.56969,0.56976,0.56961,0.56974
1783296660000,0.56975,0.56985,0.56969,0.56985
1783296720000,0.56983,0.56989,0.56982,0.56989
1783296780000,0.5699,0.56994,0.56986,0.56994
1783296840000,0.56994,0.56996,0.56987,0.56996
1783296900000,0.56997,0.57012,0.56996,0.57011
1783296960000,0.57012,0.57027,0.57006,0.57026
1783297020000,0.57027,0.57032,0.57023,0.57024
1783297080000,0.57023,0.57023,0.57012,0.57017
1783297140000,0.57019,0.57023,0.57015,0.5702
1783297200000,0.57021,0.57024,0.57015,0.57017
1783297260000,0.57014,0.57016,0.57006,0.57013
1783297320000,0.57011,0.57016,0.57009,0.57016
1783297380000,0.57017,0.57017,0.57007,0.5701
1783297440000,0.57009,0.57013,0.57004,0.57008
1783297500000,0.57008,0.5701,0.56997,0.56997
1783297560000,0.56996,0.57001,0.5699,0.5699
1783297620000,0.5699,0.56997,0.5699,0.56995
1783297680000,0.56995,0.56998,0.56994,0.56996
1783297740000,0.56997,0.57,0.56994,0.56998
1783297800000,0.56999,0.57014,0.56998,0.57007
1783297860000,0.57008,0.57008,0.56997,0.57002
1783297920000,0.57002,0.5701,0.56998,0.57009
1783297980000,0.57011,0.57018,0.57009,0.57009
1783298040000,0.57009,0.57012,0.57004,0.57006
1783298100000,0.57006,0.57006,0.56993,0.56995
1783298160000,0.56993,0.56999,0.56989,0.56999
1783298220000,0.57001,0.57016,0.57,0.57015
1783298280000,0.57014,0.57021,0.57009,0.57009
1783298340000,0.5701,0.57017,0.5701,0.57016
1783298400000,0.57015,0.57022,0.57014,0.57021
1783298460000,0.57021,0.57029,0.57019,0.57028
1783298520000,0.57027,0.57027,0.5702,0.5702
1783298580000,0.57019,0.57025,0.57015,0.57023
1783298640000,0.57022,0.57024,0.57019,0.5702
1783298700000,0.57021,0.57028,0.57021,0.57021
1783298760000,0.57023,0.57029,0.57023,0.57026
1783298820000,0.57027,0.57029,0.57024,0.57026
1783298880000,0.57026,0.5703,0.57022,0.57022
1783298940000,0.57023,0.57023,0.57009,0.57013
1783299000000,0.57014,0.57015,0.57004,0.57009
1783299060000,0.57011,0.57018,0.57011,0.57014
1783299120000,0.57014,0.57016,0.57008,0.57016
1783299180000,0.57017,0.57019,0.57013,0.57019
1783299240000,0.57016,0.57017,0.57,0.57008
1783299300000,0.57008,0.57014,0.57002,0.57013
1783299360000,0.57013,0.57019,0.57007,0.5701
1783299420000,0.5701,0.57015,0.57007,0.57013
1783299480000,0.57013,0.57013,0.57003,0.57003
1783299540000,0.57003,0.57007,0.56998,0.57002
1783299600000,0.57003,0.57003,0.56982,0.56982
1783299660000,0.56982,0.56988,0.56981,0.56982
1783299720000,0.56982,0.56985,0.56979,0.56984
1783299780000,0.56984,0.56985,0.56976,0.56978
1783299840000,0.56977,0.56983,0.56974,0.56974
1783299900000,0.56975,0.56978,0.56961,0.56965
1783299960000,0.56966,0.56969,0.56963,0.56966
1783300020000,0.56966,0.56968,0.56956,0.56962
1783300080000,0.5696,0.56979,0.5696,0.56972
1783300140000,0.56973,0.56973,0.56966,0.56972
1783300200000,0.56973,0.56988,0.56973,0.56979
1783300260000,0.56977,0.56977,0.56964,0.56964
1783300320000,0.56961,0.56966,0.56954,0.5696
1783300380000,0.56962,0.56969,0.56955,0.56968
1783300440000,0.56967,0.56971,0.56964,0.56964
1783300500000,0.56965,0.56965,0.56947,0.56948
1783300560000,0.56952,0.56955,0.56941,0.56943
1783300620000,0.56942,0.56943,0.56931,0.56931
1783300680000,0.56931,0.56944,0.56931,0.56944
1783300740000,0.56945,0.56948,0.56932,0.56935
1783300800000,0.56936,0.56936,0.56925,0.56928
1783300860000,0.56927,0.56927,0.5691,0.56915
1783300920000,0.56915,0.5692,0.56909,0.56915
1783300980000,0.56914,0.56916,0.5691,0.56911
1783301040000,0.56911,0.56916,0.5691,0.56916
1783301100000,0.56916,0.5692,0.56908,0.5691
1783301160000,0.56908,0.56914,0.56897,0.56898
1783301220000,0.56897,0.56904,0.56897,0.569
1783301280000,0.56899,0.569,0.56891,0.56898
1783301340000,0.56898,0.569,0.56894,0.56899
1783301400000,0.56899,0.56899,0.56879,0.56887
1783301460000,0.56887,0.56902,0.56884,0.56902
1783301520000,0.56901,0.56906,0.56893,0.56897
1783301580000,0.56898,0.56898,0.56891,0.56894
1783301640000,0.56894,0.56898,0.5688,0.56887
1783301700000,0.56887,0.56893,0.56885,0.56886
1783301760000,0.56885,0.56893,0.56879,0.5689
1783301820000,0.5689,0.5692,0.5689,0.56917
1783301880000,0.56917,0.56919,0.5691,0.56911
1783301940000,0.56912,0.56914,0.56909,0.56913
1783302000000,0.56915,0.56919,0.56909,0.56911
1783302060000,0.56911,0.56921,0.5691,0.56916
1783302120000,0.56918,0.56919,0.5691,0.56915
1783302180000,0.56916,0.56919,0.5691,0.56914
1783302240000,0.56914,0.56921,0.56913,0.56916
1783302300000,0.56917,0.56921,0.56913,0.56914
1783302360000,0.56914,0.56916,0.5691,0.56912
1783302420000,0.56911,0.56922,0.56911,0.56922
1783302480000,0.56922,0.56923,0.56912,0.56916
1783302540000,0.56916,0.56916,0.56899,0.56899
1783302600000,0.569,0.56901,0.56889,0.56891
1783302660000,0.56892,0.56892,0.56882,0.56888
1783302720000,0.56887,0.56887,0.56885,0.56885
1783302780000,0.56886,0.56898,0.56885,0.56885
1783302840000,0.56886,0.56887,0.56881,0.56883
1783302900000,0.56883,0.56887,0.5688,0.56886
1783302960000,0.56884,0.56887,0.56882,0.56885
1783303020000,0.56882,0.56884,0.56873,0.56876
1783303080000,0.56876,0.56876,0.56858,0.56862
1783303140000,0.56863,0.56868,0.56862,0.56864
