timestamp,open,high,low,close
1781568000000,160.244,160.245,160.235,160.235
1781568060000,160.235,160.249,160.231,160.249
1781568120000,160.249,160.249,160.235,160.243
1781568180000,160.244,160.251,160.242,160.243
1781568240000,160.242,160.244,160.242,160.244
1781568300000,160.245,160.245,160.243,160.245
1781568360000,160.246,160.26,160.246,160.259
1781568420000,160.259,160.261,160.256,160.261
1781568480000,160.268,160.273,160.258,160.26
1781568540000,160.26,160.26,160.256,160.258
1781568600000,160.257,160.26,160.255,160.256
1781568660000,160.259,160.268,160.259,160.259
1781568720000,160.259,160.259,160.256,160.257
1781568780000,160.258,160.258,160.254,160.256
1781568840000,160.257,160.258,160.255,160.256
1781568900000,160.255,160.26,160.248,160.256
1781568960000,160.257,160.259,160.246,160.246
1781569020000,160.247,160.265,160.245,160.255
1781569080000,160.255,160.265,160.253,160.254
1781569140000,160.252,160.253,160.243,160.252
1781569200000,160.253,160.253,160.244,160.246
1781569260000,160.245,160.251,160.242,160.244
1781569320000,160.245,160.257,160.245,160.257
1781569380000,160.255,160.255,160.248,160.253
1781569440000,160.251,160.254,160.248,160.254
1781569500000,160.252,160.252,160.252,160.252
1781569560000,160.251,160.252,160.25,160.251
1781569620000,160.25,160.253,160.244,160.245
1781569680000,160.245,160.247,160.241,160.242
1781569740000,160.242,160.242,160.24,160.241
1781569800000,160.239,160.241,160.232,160.232
1781569860000,160.232,160.232,160.22,160.221
1781569920000,160.221,160.221,160.221,160.221
1781569980000,160.219,160.223,160.216,160.218
1781570040000,160.219,160.219,160.21,160.217
1781570100000,160.216,160.222,160.216,160.221
1781570160000,160.22,160.22,160.218,160.218
1781570220000,160.218,160.218,160.204,160.207
1781570280000,160.207,160.208,160.2,160.202
1781570340000,160.2,160.204,160.2,160.204
1781570400000,160.203,160.204,160.193,160.193
1781570460000,160.193,160.193,160.171,160.173
1781570520000,160.171,160.173,160.159,160.159
1781570580000,160.159,160.16,160.154,160.16
1781570640000,160.159,160.186,160.158,160.186
1781570700000,160.185,160.191,160.183,160.185
1781570760000,160.184,160.195,160.18,160.192
1781570820000,160.191,160.192,160.19,160.19
1781570880000,160.191,160.21,160.19,160.205
1781570940000,160.203,160.21,160.2,160.209
1781571000000,160.208,160.257,160.208,160.245
1781571060000,160.245,160.264,160.244,160.258
1781571120000,160.258,160.26,160.246,160.26
1781571180000,160.258,160.258,160.238,160.25
1781571240000,160.249,160.256,160.213,160.233
1781571300000,160.231,160.234,160.196,160.202
1781571360000,160.201,160.201,160.191,160.197
1781571420000,160.196,160.208,160.193,160.206
1781571480000,160.208,160.214,160.198,160.21
1781571540000,160.207,160.207,160.19,160.197
1781571600000,160.196,160.213,160.195,160.208
1781571660000,160.208,160.212,160.194,160.195
1781571720000,160.195,160.196,160.172,160.174
1781571780000,160.173,160.175,160.155,160.158
1781571840000,160.159,160.16,160.135,160.135
1781571900000,160.135,160.155,160.131,160.136
1781571960000,160.134,160.136,160.127,160.134
1781572020000,160.135,160.158,160.133,160.156
1781572080000,160.152,160.156,160.111,160.113
1781572140000,160.115,160.124,160.111,160.123
1781572200000,160.122,160.122,160.102,160.103
1781572260000,160.102,160.122,160.102,160.121
1781572320000,160.121,160.159,160.121,160.149
1781572380000,160.154,160.158,160.146,160.148
1781572440000,160.146,160.157,160.139,160.152
1781572500000,160.151,160.156,160.149,160.152
1781572560000,160.152,160.157,160.152,160.156
1781572620000,160.155,160.156,160.152,160.155
1781572680000,160.156,160.163,160.15,160.155
1781572740000,160.155,160.156,160.15,160.152
1781572800000,160.151,160.152,160.14,160.144
1781572860000,160.145,160.147,160.138,160.146
1781572920000,160.146,160.148,160.141,160.147
1781572980000,160.146,160.148,160.114,160.116
1781573040000,160.118,160.147,160.118,160.147
1781573100000,160.146,160.147,160.136,160.145
1781573160000,160.144,160.151,160.141,160.148
1781573220000,160.149,160.149,160.133,160.133
1781573280000,160.133,160.143,160.13,160.138
1781573340000,160.137,160.148,160.137,160.146
1781573400000,160.146,160.147,160.119,160.12
1781573460000,160.121,160.132,160.121,160.13
1781573520000,160.136,160.144,160.135,160.141
1781573580000,160.141,160.146,160.139,160.145
1781573640000,160.148,160.155,160.14,160.152
1781573700000,160.152,160.16,160.151,160.155
1781573760000,160.155,160.161,160.155,160.16
1781573820000,160.159,160.165,160.15,160.152
1781573880000,160.152,160.152,160.145,160.147
1781573940000,160.147,160.156,160.147,160.155
1781574000000,160.156,160.157,160.154,160.154
1781574060000,160.154,160.156,160.149,160.156
1781574120000,160.154,160.155,160.148,160.15
1781574180000,160.151,160.151,160.136,160.143
1781574240000,160.142,160.142,160.137,160.142
1781574300000,160.141,160.144,160.138,160.143
1781574360000,160.142,160.144,160.14,160.14
1781574420000,160.14,160.144,160.137,160.143
1781574480000,160.14,160.143,160.135,160.142
1781574540000,160.141,160.15,160.14,160.149
1781574600000,160.148,160.15,160.144,160.147
1781574660000,160.147,160.15,160.147,160.148
1781574720000,160.148,160.148,160.146,160.146
1781574780000,160.147,160.147,160.141,160.142
1781574840000,160.141,160.144,160.138,160.143
1781574900000,160.144,160.15,160.144,160.15
1781574960000,160.15,160.17,160.15,160.17
1781575020000,160.17,160.175,160.168,160.168
1781575080000,160.168,160.168,160.159,160.168
1781575140000,160.164,160.164,160.159,160.159
1781575200000,160.16,160.162,160.157,160.161
1781575260000,160.161,160.161,160.161,160.161
1781575320000,160.161,160.176,160.159,160.176
1781575380000,160.18,160.185,160.18,160.184
1781575440000,160.183,160.183,160.17,160.172
1781575500000,160.172,160.177,160.17,160.17
1781575560000,160.169,160.17,160.16,160.16
1781575620000,160.162,160.162,160.159,160.16
1781575680000,160.16,160.164,160.157,160.163
1781575740000,160.163,160.175,160.162,160.17
1781575800000,160.17,160.175,160.163,160.175
1781575860000,160.176,160.181,160.174,160.178
1781575920000,160.177,160.177,160.176,160.176
1781575980000,160.176,160.178,160.175,160.176
1781576040000,160.176,160.187,160.175,160.186
1781576100000,160.184,160.186,160.184,160.186
1781576160000,160.187,160.192,160.184,160.191
1781576220000,160.193,160.193,160.186,160.188
1781576280000,160.187,160.194,160.187,160.188
1781576340000,160.188,160.195,160.187,160.192
1781576400000,160.191,160.195,160.189,160.189
1781576460000,160.188,160.188,160.182,160.182
1781576520000,160.182,160.185,160.182,160.183
1781576580000,160.183,160.183,160.173,160.174
1781576640000,160.175,160.175,160.172,160.172
1781576700000,160.172,160.172,160.159,160.16
1781576760000,160.161,160.161,160.16,160.161
1781576820000,160.161,160.161,160.151,160.152
1781576880000,160.153,160.154,160.144,160.152
1781576940000,160.152,160.156,160.151,160.151
1781577000000,160.15,160.151,160.133,160.133
1781577060000,160.135,160.137,160.11,160.123
1781577120000,160.123,160.13,160.12,160.123
1781577180000,160.124,160.132,160.124,160.132
1781577240000,160.13,160.137,160.13,160.137
1781577300000,160.135,160.145,160.135,160.138
1781577360000,160.138,160.15,160.138,160.15
1781577420000,160.15,160.15,160.147,160.147
1781577480000,160.146,160.148,160.145,160.148
1781577540000,160.146,160.146,160.123,160.123
1781577600000,160.121,160.129,160.121,160.128
1781577660000,160.128,160.136,160.128,160.136
1781577720000,160.135,160.135,160.133,160.134
1781577780000,160.134,160.135,160.133,160.134
1781577840000,160.135,160.136,160.134,160.136
1781577900000,160.137,160.15,160.137,160.149
1781577960000,160.152,160.156,160.147,160.154
1781578020000,160.154,160.154,160.149,160.149
1781578080000,160.148,160.148,160.145,160.146
1781578140000,160.147,160.148,160.145,160.147
1781578200000,160.146,160.15,160.146,160.146
1781578260000,160.146,160.146,160.133,160.134
1781578320000,160.135,160.135,160.133,160.134
1781578380000,160.137,160.148,160.134,160.135
1781578440000,160.136,160.146,160.134,160.136
1781578500000,160.141,160.152,160.141,160.147
1781578560000,160.147,160.15,160.122,160.129
1781578620000,160.129,160.129,160.1,160.106
1781578680000,160.107,160.133,160.106,160.125
1781578740000,160.125,160.142,160.125,160.137
1781578800000,160.138,160.138,160.121,160.134
1781578860000,160.138,160.145,160.134,160.136
1781578920000,160.137,160.144,160.131,160.135
1781578980000,160.136,160.139,160.136,160.139
1781579040000,160.136,160.147,160.13,160.136
1781579100000,160.135,160.135,160.125,160.126
1781579160000,160.127,160.127,160.115,160.115
1781579220000,160.115,160.117,160.077,160.085
1781579280000,160.082,160.084,160.048,160.066
1781579340000,160.074,160.088,160.062,160.075
1781579400000,160.076,160.094,160.068,160.089
1781579460000,160.088,160.092,160.085,160.092
1781579520000,160.091,160.092,160.09,160.092
1781579580000,160.095,160.099,160.088,160.092
1781579640000,160.091,160.092,160.088,160.09
1781579700000,160.089,160.092,160.088,160.092
1781579760000,160.091,160.093,160.09,160.092
1781579820000,160.09,160.107,160.089,160.107
1781579880000,160.107,160.11,160.107,160.108
1781579940000,160.107,160.236,160.069,160.235
1781580000000,160.232,160.239,160.119,160.12
1781580060000,160.117,160.187,160.113,160.187
1781580120000,160.184,160.217,160.18,160.196
1781580180000,160.195,160.21,160.195,160.2
1781580240000,160.199,160.199,160.169,160.171
1781580300000,160.171,160.195,160.16,160.183
1781580360000,160.182,160.187,160.181,160.184
1781580420000,160.186,160.199,160.186,160.196
1781580480000,160.197,160.232,160.197,160.227
1781580540000,160.233,160.235,160.22,160.233
1781580600000,160.238,160.238,160.218,160.228
1781580660000,160.229,160.24,160.227,160.233
1781580720000,160.24,160.241,160.227,160.227
1781580780000,160.227,160.227,160.209,160.217
1781580840000,160.217,160.221,160.207,160.216
1781580900000,160.219,160.229,160.215,160.227
1781580960000,160.225,160.227,160.218,160.22
1781581020000,160.219,160.227,160.219,160.227
1781581080000,160.226,160.228,160.226,160.228
1781581140000,160.227,160.228,160.227,160.227
1781581200000,160.228,160.228,160.227,160.228
1781581260000,160.227,160.231,160.219,160.231
1781581320000,160.23,160.248,160.23,160.237
1781581380000,160.237,160.24,160.228,160.229
1781581440000,160.228,160.239,160.228,160.238
1781581500000,160.24,160.244,160.228,160.228
1781581560000,160.229,160.238,160.228,160.231
1781581620000,160.231,160.231,160.218,160.218
1781581680000,160.215,160.226,160.212,160.224
1781581740000,160.225,160.226,160.214,160.214
1781581800000,160.215,160.216,160.202,160.203
1781581860000,160.206,160.22,160.206,160.22
1781581920000,160.219,160.22,160.214,160.218
1781581980000,160.217,160.221,160.214,160.221
1781582040000,160.222,160.222,160.212,160.213
1781582100000,160.214,160.214,160.204,160.208
1781582160000,160.209,160.218,160.209,160.218
1781582220000,160.218,160.227,160.217,160.223
1781582280000,160.222,160.226,160.221,160.223
1781582340000,160.223,160.223,160.204,160.207
1781582400000,160.208,160.208,160.202,160.202
1781582460000,160.2,160.205,160.19,160.204
1781582520000,160.204,160.207,160.194,160.206
1781582580000,160.204,160.207,160.203,160.207
1781582640000,160.207,160.217,160.207,160.217
1781582700000,160.218,160.221,160.217,160.217
1781582760000,160.218,160.227,160.218,160.227
1781582820000,160.228,160.228,160.225,160.226
1781582880000,160.227,160.231,160.222,160.228
1781582940000,160.226,160.232,160.221,160.224
1781583000000,160.222,160.231,160.222,160.228
1781583060000,160.231,160.237,160.227,160.237
1781583120000,160.238,160.244,160.238,160.24
1781583180000,160.244,160.285,160.241,160.277
1781583240000,160.275,160.294,160.275,160.288
1781583300000,160.287,160.293,160.279,160.289
1781583360000,160.287,160.291,160.285,160.287
1781583420000,160.289,160.29,160.283,160.289
1781583480000,160.29,160.294,160.283,160.291
1781583540000,160.291,160.295,160.289,160.289
1781583600000,160.289,160.289,160.282,160.288
1781583660000,160.29,160.292,160.288,160.29
1781583720000,160.291,160.295,160.29,160.292
1781583780000,160.291,160.295,160.29,160.292
1781583840000,160.293,160.317,160.291,160.315
1781583900000,160.316,160.345,160.313,160.339
1781583960000,160.339,160.34,160.332,160.337
1781584020000,160.337,160.337,160.327,160.329
1781584080000,160.33,160.335,160.32,160.33
1781584140000,160.328,160.328,160.32,160.326
1781584200000,160.324,160.33,160.315,160.32
1781584260000,160.319,160.328,160.31,160.316
1781584320000,160.315,160.32,160.309,160.319
1781584380000,160.32,160.324,160.32,160.323
1781584440000,160.322,160.336,160.322,160.332
1781584500000,160.333,160.333,160.321,160.322
1781584560000,160.323,160.336,160.323,160.332
1781584620000,160.333,160.338,160.331,160.332
1781584680000,160.333,160.333,160.314,160.328
1781584740000,160.328,160.334,160.328,160.328
1781584800000,160.329,160.332,160.318,160.321
1781584860000,160.321,160.327,160.316,160.317
1781584920000,160.32,160.32,160.315,160.315
1781584980000,160.315,160.319,160.315,160.318
1781585040000,160.316,160.317,160.307,160.307
1781585100000,160.308,160.313,160.305,160.306
1781585160000,160.307,160.313,160.303,160.304
1781585220000,160.304,160.305,160.298,160.304
1781585280000,160.305,160.305,160.301,160.302
1781585340000,160.301,160.301,160.276,160.276
1781585400000,160.275,160.29,160.275,160.29
1781585460000,160.289,160.29,160.268,160.27
1781585520000,160.271,160.277,160.262,160.266
1781585580000,160.266,160.266,160.251,160.263
1781585640000,160.263,160.263,160.243,160.248
1781585700000,160.247,160.255,160.245,160.254
1781585760000,160.256,160.256,160.251,160.253
1781585820000,160.253,160.265,160.253,160.259
1781585880000,160.262,160.265,160.257,160.258
1781585940000,160.259,160.26,160.241,160.253
1781586000000,160.253,160.26,160.253,160.26
1781586060000,160.262,160.262,160.244,160.244
1781586120000,160.245,160.264,160.244,160.263
1781586180000,160.261,160.265,160.258,160.265
1781586240000,160.264,160.274,160.261,160.272
1781586300000,160.273,160.284,160.271,160.284
1781586360000,160.283,160.289,160.283,160.285
1781586420000,160.285,160.298,160.284,160.287
1781586480000,160.287,160.292,160.286,160.291
1781586540000,160.292,160.299,160.29,160.298
1781586600000,160.298,160.301,160.298,160.298
1781586660000,160.299,160.3,160.298,160.298
1781586720000,160.297,160.297,160.286,160.29
1781586780000,160.289,160.29,160.28,160.28
1781586840000,160.282,160.294,160.282,160.289
1781586900000,160.289,160.289,160.268,160.273
1781586960000,160.276,160.28,160.269,160.269
1781587020000,160.271,160.277,160.271,160.275
1781587080000,160.274,160.277,160.271,160.272
1781587140000,160.271,160.274,160.271,160.274
1781587200000,160.277,160.286,160.277,160.286
1781587260000,160.287,160.287,160.275,160.275
1781587320000,160.275,160.275,160.271,160.271
1781587380000,160.271,160.276,160.27,160.27
1781587440000,160.271,160.272,160.269,160.272
1781587500000,160.271,160.272,160.254,160.254
1781587560000,160.256,160.259,160.255,160.257
1781587620000,160.259,160.259,160.25,160.257
1781587680000,160.258,160.261,160.258,160.261
1781587740000,160.26,160.26,160.255,160.255
1781587800000,160.256,160.256,160.246,160.247
1781587860000,160.248,160.248,160.242,160.243
1781587920000,160.242,160.249,160.24,160.245
1781587980000,160.245,160.257,160.244,160.244
1781588040000,160.243,160.247,160.242,160.247
1781588100000,160.246,160.247,160.236,160.236
1781588160000,160.237,160.237,160.231,160.234
1781588220000,160.235,160.246,160.235,160.242
1781588280000,160.243,160.245,160.242,160.242
1781588340000,160.245,160.263,160.245,160.263
1781588400000,160.262,160.271,160.253,160.269
1781588460000,160.268,160.268,160.257,160.264
1781588520000,160.265,160.273,160.265,160.272
1781588580000,160.27,160.273,160.269,160.269
1781588640000,160.271,160.274,160.27,160.27
1781588700000,160.269,160.27,160.263,160.263
1781588760000,160.264,160.266,160.26,160.266
1781588820000,160.27,160.275,160.267,160.274
1781588880000,160.275,160.284,160.275,160.282
1781588940000,160.282,160.287,160.282,160.286
1781589000000,160.283,160.286,160.281,160.282
1781589060000,160.283,160.286,160.282,160.285
1781589120000,160.286,160.286,160.284,160.284
1781589180000,160.286,160.297,160.281,160.293
1781589240000,160.291,160.294,160.291,160.292
1781589300000,160.293,160.296,160.292,160.293
1781589360000,160.295,160.301,160.295,160.295
1781589420000,160.296,160.296,160.29,160.29
1781589480000,160.291,160.294,160.29,160.293
1781589540000,160.294,160.294,160.289,160.291
1781589600000,160.294,160.294,160.28,160.286
1781589660000,160.286,160.289,160.28,160.284
1781589720000,160.283,160.283,160.273,160.273
1781589780000,160.273,160.28,160.27,160.276
1781589840000,160.279,160.284,160.277,160.283
1781589900000,160.283,160.286,160.276,160.282
1781589960000,160.281,160.284,160.279,160.279
1781590020000,160.277,160.278,160.259,160.272
1781590080000,160.27,160.279,160.268,160.276
1781590140000,160.277,160.293,160.275,160.292
1781590200000,160.289,160.292,160.284,160.286
1781590260000,160.286,160.286,160.28,160.283
1781590320000,160.281,160.283,160.28,160.282
1781590380000,160.281,160.284,160.281,160.283
1781590440000,160.281,160.286,160.279,160.285
1781590500000,160.287,160.294,160.287,160.292
1781590560000,160.292,160.292,160.285,160.285
1781590620000,160.287,160.288,160.281,160.286
1781590680000,160.285,160.294,160.285,160.294
1781590740000,160.293,160.294,160.28,160.281
1781590800000,160.281,160.284,160.275,160.275
1781590860000,160.274,160.276,160.271,160.275
1781590920000,160.275,160.277,160.259,160.267
1781590980000,160.265,160.265,160.26,160.263
1781591040000,160.262,160.263,160.261,160.262
1781591100000,160.26,160.26,160.253,160.256
1781591160000,160.256,160.256,160.233,160.237
1781591220000,160.237,160.245,160.234,160.234
1781591280000,160.236,160.238,160.234,160.238
1781591340000,160.237,160.238,160.236,160.237
1781591400000,160.236,160.252,160.235,160.252
1781591460000,160.255,160.261,160.237,160.237
1781591520000,160.236,160.237,160.172,160.174
1781591580000,160.167,160.189,160.147,160.185
1781591640000,160.184,160.203,160.18,160.197
1781591700000,160.196,160.225,160.196,160.206
1781591760000,160.206,160.22,160.198,160.205
1781591820000,160.205,160.208,160.19,160.197
1781591880000,160.198,160.209,160.194,160.208
1781591940000,160.208,160.208,160.181,160.184
1781592000000,160.185,160.223,160.183,160.221
1781592060000,160.223,160.238,160.222,160.224
1781592120000,160.224,160.232,160.209,160.213
1781592180000,160.212,160.213,160.204,160.21
1781592240000,160.209,160.22,160.2,160.208
1781592300000,160.209,160.212,160.207,160.211
1781592360000,160.211,160.211,160.191,160.198
1781592420000,160.198,160.21,160.195,160.21
1781592480000,160.209,160.211,160.19,160.191
1781592540000,160.191,160.211,160.191,160.209
1781592600000,160.21,160.21,160.2,160.201
1781592660000,160.201,160.213,160.198,160.212
1781592720000,160.216,160.22,160.211,160.212
1781592780000,160.211,160.224,160.21,160.214
1781592840000,160.218,160.221,160.2,160.21
1781592900000,160.209,160.221,160.202,160.205
1781592960000,160.204,160.207,160.2,160.204
1781593020000,160.203,160.217,160.203,160.21
1781593080000,160.209,160.212,160.206,160.208
1781593140000,160.208,160.212,160.201,160.209
1781593200000,160.209,160.22,160.196,160.21
1781593260000,160.21,160.219,160.202,160.213
1781593320000,160.213,160.226,160.211,160.221
1781593380000,160.22,160.227,160.22,160.226
1781593440000,160.227,160.249,160.227,160.245
1781593500000,160.245,160.251,160.233,160.237
1781593560000,160.237,160.247,160.236,160.247
1781593620000,160.247,160.252,160.238,160.249
1781593680000,160.25,160.261,160.234,160.261
1781593740000,160.26,160.266,160.248,160.263
1781593800000,160.264,160.274,160.262,160.273
1781593860000,160.271,160.325,160.263,160.323
1781593920000,160.322,160.34,160.319,160.338
1781593980000,160.339,160.344,160.333,160.341
1781594040000,160.34,160.34,160.322,160.331
1781594100000,160.331,160.343,160.329,160.342
1781594160000,160.34,160.34,160.318,160.318
1781594220000,160.319,160.331,160.302,160.325
1781594280000,160.326,160.332,160.32,160.327
1781594340000,160.327,160.333,160.325,160.332
1781594400000,160.333,160.336,160.333,160.335
1781594460000,160.333,160.334,160.324,160.329
1781594520000,160.329,160.336,160.329,160.33
1781594580000,160.332,160.333,160.327,160.329
1781594640000,160.33,160.331,160.321,160.328
1781594700000,160.329,160.329,160.322,160.322
1781594760000,160.321,160.323,160.314,160.315
1781594820000,160.316,160.32,160.299,160.3
1781594880000,160.299,160.299,160.265,160.278
1781594940000,160.277,160.288,160.273,160.277
1781595000000,160.275,160.304,160.274,160.304
1781595060000,160.304,160.324,160.304,160.323
1781595120000,160.323,160.327,160.319,160.319
1781595180000,160.319,160.321,160.31,160.311
1781595240000,160.308,160.308,160.283,160.289
1781595300000,160.293,160.298,160.286,160.292
1781595360000,160.293,160.301,160.29,160.293
1781595420000,160.294,160.302,160.29,160.3
1781595480000,160.3,160.318,160.299,160.318
1781595540000,160.319,160.322,160.305,160.309
1781595600000,160.308,160.323,160.305,160.309
1781595660000,160.311,160.311,160.307,160.308
1781595720000,160.305,160.318,160.305,160.313
1781595780000,160.313,160.325,160.312,160.325
1781595840000,160.325,160.329,160.316,160.316
1781595900000,160.316,160.326,160.316,160.318
1781595960000,160.318,160.318,160.295,160.307
1781596020000,160.307,160.31,160.299,160.302
1781596080000,160.302,160.308,160.294,160.308
1781596140000,160.308,160.309,160.299,160.304
1781596200000,160.304,160.321,160.302,160.32
1781596260000,160.319,160.32,160.313,160.316
1781596320000,160.317,160.322,160.311,160.318
1781596380000,160.318,160.318,160.304,160.309
1781596440000,160.311,160.313,160.303,160.307
1781596500000,160.307,160.312,160.305,160.306
1781596560000,160.305,160.305,160.284,160.295
1781596620000,160.294,160.294,160.255,160.257
1781596680000,160.258,160.258,160.235,160.244
1781596740000,160.244,160.25,160.231,160.235
1781596800000,160.234,160.248,160.226,160.248
1781596860000,160.248,160.251,160.243,160.243
1781596920000,160.244,160.244,160.229,160.238
1781596980000,160.24,160.259,160.238,160.249
1781597040000,160.249,160.254,160.245,160.247
1781597100000,160.246,160.25,160.245,160.25
1781597160000,160.25,160.25,160.223,160.233
1781597220000,160.234,160.248,160.23,160.248
1781597280000,160.248,160.25,160.244,160.25
1781597340000,160.25,160.262,160.248,160.26
1781597400000,160.259,160.259,160.248,160.249
1781597460000,160.249,160.258,160.246,160.256
1781597520000,160.258,160.258,160.237,160.242
1781597580000,160.243,160.25,160.239,160.241
1781597640000,160.243,160.25,160.241,160.242
1781597700000,160.241,160.259,160.239,160.259
1781597760000,160.256,160.277,160.252,160.276
1781597820000,160.274,160.278,160.272,160.273
1781597880000,160.273,160.278,160.273,160.276
1781597940000,160.277,160.287,160.277,160.285
1781598000000,160.285,160.296,160.28,160.295
1781598060000,160.295,160.296,160.284,160.287
1781598120000,160.287,160.287,160.282,160.284
1781598180000,160.285,160.291,160.284,160.288
1781598240000,160.286,160.289,160.284,160.286
1781598300000,160.285,160.285,160.271,160.271
1781598360000,160.271,160.271,160.266,160.271
1781598420000,160.272,160.28,160.271,160.274
1781598480000,160.276,160.277,160.268,160.268
1781598540000,160.272,160.279,160.268,160.274
1781598600000,160.273,160.289,160.268,160.271
1781598660000,160.271,160.273,160.268,160.269
1781598720000,160.268,160.278,160.262,160.273
1781598780000,160.274,160.283,160.272,160.281
1781598840000,160.28,160.281,160.272,160.276
1781598900000,160.276,160.298,160.275,160.298
1781598960000,160.297,160.315,160.297,160.314
1781599020000,160.313,160.314,160.309,160.312
1781599080000,160.312,160.327,160.312,160.326
1781599140000,160.325,160.328,160.318,160.322
1781599200000,160.321,160.321,160.309,160.314
1781599260000,160.314,160.321,160.313,160.317
1781599320000,160.318,160.322,160.311,160.316
1781599380000,160.316,160.319,160.315,160.317
1781599440000,160.316,160.318,160.31,160.317
1781599500000,160.317,160.321,160.316,160.319
1781599560000,160.318,160.321,160.312,160.317
1781599620000,160.316,160.32,160.315,160.315
1781599680000,160.317,160.319,160.306,160.307
1781599740000,160.308,160.318,160.307,160.318
1781599800000,160.317,160.32,160.317,160.318
1781599860000,160.317,160.318,160.316,160.318
1781599920000,160.316,160.317,160.311,160.317
1781599980000,160.318,160.323,160.316,160.321
1781600040000,160.321,160.331,160.317,160.319
1781600100000,160.316,160.318,160.307,160.311
1781600160000,160.311,160.316,160.307,160.307
1781600220000,160.308,160.319,160.307,160.312
1781600280000,160.316,160.328,160.316,160.328
1781600340000,160.328,160.329,160.321,160.321
1781600400000,160.32,160.324,160.319,160.321
1781600460000,160.322,160.33,160.321,160.327
1781600520000,160.328,160.333,160.317,160.329
1781600580000,160.331,160.332,160.328,160.33
1781600640000,160.329,160.334,160.324,160.324
1781600700000,160.322,160.33,160.317,160.326
1781600760000,160.325,160.334,160.322,160.324
1781600820000,160.323,160.326,160.318,160.323
1781600880000,160.324,160.324,160.315,160.316
1781600940000,160.318,160.323,160.316,160.323
1781601000000,160.323,160.324,160.315,160.322
1781601060000,160.322,160.322,160.317,160.317
1781601120000,160.318,160.33,160.318,160.329
1781601180000,160.33,160.332,160.328,160.329
1781601240000,160.33,160.33,160.326,160.327
1781601300000,160.327,160.332,160.327,160.329
1781601360000,160.331,160.333,160.328,160.328
1781601420000,160.329,160.332,160.329,160.33
1781601480000,160.331,160.333,160.329,160.331
1781601540000,160.332,160.332,160.328,160.328
1781601600000,160.33,160.332,160.328,160.331
1781601660000,160.332,160.333,160.331,160.332
1781601720000,160.332,160.332,160.327,160.33
1781601780000,160.33,160.333,160.328,160.329
1781601840000,160.328,160.329,160.327,160.328
1781601900000,160.328,160.329,160.325,160.328
1781601960000,160.326,160.329,160.317,160.318
1781602020000,160.318,160.319,160.317,160.317
1781602080000,160.317,160.318,160.308,160.31
1781602140000,160.307,160.322,160.305,160.318
1781602200000,160.319,160.32,160.312,160.318
1781602260000,160.317,160.319,160.316,160.318
1781602320000,160.319,160.322,160.319,160.321
1781602380000,160.322,160.329,160.32,160.327
1781602440000,160.326,160.33,160.324,160.329
1781602500000,160.33,160.332,160.327,160.329
1781602560000,160.332,160.335,160.322,160.322
1781602620000,160.32,160.322,160.316,160.321
1781602680000,160.322,160.326,160.321,160.323
1781602740000,160.326,160.329,160.325,160.325
1781602800000,160.327,160.329,160.327,160.328
1781602860000,160.329,160.33,160.326,160.329
1781602920000,160.328,160.33,160.328,160.33
1781602980000,160.33,160.332,160.33,160.331
1781603040000,160.332,160.334,160.331,160.332
1781603100000,160.33,160.341,160.33,160.34
1781603160000,160.339,160.34,160.335,160.339
1781603220000,160.339,160.34,160.336,160.339
1781603280000,160.341,160.343,160.339,160.339
1781603340000,160.341,160.359,160.336,160.356
1781603400000,160.357,160.358,160.349,160.353
1781603460000,160.353,160.353,160.344,160.344
1781603520000,160.344,160.348,160.338,160.341
1781603580000,160.342,160.345,160.341,160.342
1781603640000,160.341,160.344,160.341,160.342
1781603700000,160.341,160.341,160.335,160.34
1781603760000,160.343,160.345,160.34,160.344
1781603820000,160.344,160.344,160.34,160.34
1781603880000,160.34,160.34,160.336,160.338
1781603940000,160.337,160.34,160.336,160.34
1781604000000,160.341,160.343,160.34,160.341
1781604060000,160.343,160.344,160.33,160.333
1781604120000,160.333,160.34,160.333,160.335
1781604180000,160.337,160.339,160.335,160.336
1781604240000,160.335,160.339,160.333,160.335
1781604300000,160.334,160.34,160.332,160.334
1781604360000,160.333,160.333,160.329,160.329
1781604420000,160.329,160.329,160.326,160.328
1781604480000,160.326,160.329,160.323,160.326
1781604540000,160.325,160.327,160.32,160.322
1781604600000,160.326,160.326,160.319,160.321
1781604660000,160.322,160.326,160.317,160.318
1781604720000,160.318,160.321,160.314,160.316
1781604780000,160.315,160.318,160.313,160.315
1781604840000,160.315,160.321,160.315,160.321
1781604900000,160.322,160.323,160.316,160.32
1781604960000,160.319,160.319,160.306,160.31
1781605020000,160.31,160.316,160.309,160.316
1781605080000,160.316,160.316,160.309,160.31
1781605140000,160.311,160.319,160.311,160.319
1781605200000,160.321,160.321,160.318,160.318
1781605260000,160.318,160.319,160.306,160.306
1781605320000,160.307,160.317,160.306,160.311
1781605380000,160.31,160.312,160.303,160.304
1781605440000,160.305,160.307,160.304,160.306
1781605500000,160.308,160.312,160.306,160.306
1781605560000,160.304,160.31,160.303,160.309
1781605620000,160.308,160.311,160.308,160.31
1781605680000,160.308,160.314,160.308,160.311
1781605740000,160.312,160.314,160.31,160.312
1781605800000,160.313,160.316,160.309,160.309
1781605860000,160.309,160.312,160.304,160.305
1781605920000,160.304,160.307,160.292,160.293
1781605980000,160.293,160.293,160.285,160.285
1781606040000,160.286,160.286,160.283,160.283
1781606100000,160.285,160.285,160.28,160.283
1781606160000,160.282,160.283,160.28,160.281
1781606220000,160.282,160.286,160.28,160.285
1781606280000,160.284,160.284,160.279,160.279
1781606340000,160.28,160.284,160.279,160.283
1781606400000,160.283,160.285,160.281,160.283
1781606460000,160.284,160.284,160.28,160.281
1781606520000,160.282,160.282,160.28,160.28
1781606580000,160.279,160.282,160.279,160.28
1781606640000,160.279,160.281,160.279,160.281
1781606700000,160.281,160.285,160.281,160.285
1781606760000,160.284,160.291,160.283,160.29
1781606820000,160.29,160.306,160.29,160.305
1781606880000,160.306,160.309,160.305,160.307
1781606940000,160.308,160.309,160.307,160.307
1781607000000,160.309,160.322,160.308,160.321
1781607060000,160.321,160.323,160.316,160.316
1781607120000,160.314,160.314,160.308,160.311
1781607180000,160.311,160.311,160.307,160.311
1781607240000,160.311,160.316,160.309,160.31
1781607300000,160.311,160.312,160.295,160.299
1781607360000,160.299,160.299,160.291,160.296
1781607420000,160.296,160.299,160.294,160.298
1781607480000,160.298,160.298,160.288,160.288
1781607540000,160.289,160.29,160.281,160.289
1781607600000,160.291,160.311,160.291,160.308
1781607660000,160.307,160.309,160.304,160.308
1781607720000,160.309,160.313,160.307,160.311
1781607780000,160.311,160.319,160.31,160.319
1781607840000,160.319,160.32,160.317,160.319
1781607900000,160.319,160.322,160.317,160.319
1781607960000,160.319,160.323,160.319,160.323
1781608020000,160.323,160.324,160.32,160.324
1781608080000,160.324,160.333,160.32,160.326
1781608140000,160.327,160.332,160.326,160.331
1781608200000,160.329,160.334,160.329,160.334
1781608260000,160.334,160.334,160.324,160.33
1781608320000,160.327,160.33,160.324,160.326
1781608380000,160.327,160.332,160.327,160.33
1781608440000,160.329,160.336,160.329,160.335
1781608500000,160.341,160.342,160.334,160.336
1781608560000,160.337,160.337,160.314,160.32
1781608620000,160.319,160.32,160.318,160.32
1781608680000,160.322,160.331,160.322,160.331
1781608740000,160.331,160.332,160.323,160.323
1781608800000,160.323,160.323,160.318,160.319
1781608860000,160.319,160.32,160.317,160.32
1781608920000,160.321,160.329,160.321,160.327
1781608980000,160.324,160.329,160.323,160.324
1781609040000,160.324,160.329,160.318,160.321
1781609100000,160.322,160.323,160.315,160.315
1781609160000,160.317,160.321,160.317,160.319
1781609220000,160.318,160.32,160.315,160.318
1781609280000,160.319,160.325,160.319,160.321
1781609340000,160.32,160.321,160.318,160.319
1781609400000,160.319,160.321,160.319,160.32
1781609460000,160.32,160.322,160.319,160.32
1781609520000,160.32,160.322,160.319,160.321
1781609580000,160.32,160.321,160.318,160.319
1781609640000,160.318,160.329,160.317,160.324
1781609700000,160.323,160.325,160.323,160.324
1781609760000,160.326,160.331,160.326,160.33
1781609820000,160.331,160.332,160.326,160.33
1781609880000,160.329,160.329,160.327,160.328
1781609940000,160.327,160.331,160.324,160.331
1781610000000,160.331,160.342,160.33,160.342
1781610060000,160.341,160.343,160.339,160.343
1781610120000,160.344,160.347,160.342,160.347
1781610180000,160.348,160.353,160.346,160.349
1781610240000,160.35,160.35,160.343,160.345
1781610300000,160.347,160.347,160.338,160.341
1781610360000,160.34,160.341,160.34,160.341
1781610420000,160.341,160.343,160.34,160.342
1781610480000,160.343,160.343,160.34,160.342
1781610540000,160.34,160.343,160.332,160.341
1781610600000,160.341,160.343,160.335,160.34
1781610660000,160.34,160.342,160.337,160.337
1781610720000,160.337,160.337,160.333,160.334
1781610780000,160.336,160.345,160.336,160.341
1781610840000,160.34,160.347,160.34,160.347
1781610900000,160.347,160.347,160.345,160.345
1781610960000,160.346,160.346,160.341,160.345
1781611020000,160.345,160.356,160.344,160.355
1781611080000,160.357,160.357,160.353,160.355
1781611140000,160.355,160.359,160.355,160.358
1781611200000,160.358,160.364,160.353,160.36
1781611260000,160.359,160.363,160.352,160.357
1781611320000,160.356,160.359,160.354,160.355
1781611380000,160.355,160.359,160.352,160.353
1781611440000,160.355,160.373,160.353,160.371
1781611500000,160.371,160.373,160.369,160.372
1781611560000,160.373,160.375,160.366,160.366
1781611620000,160.367,160.368,160.364,160.366
1781611680000,160.367,160.367,160.357,160.357
1781611740000,160.36,160.37,160.357,160.37
1781611800000,160.371,160.371,160.364,160.365
1781611860000,160.365,160.368,160.364,160.366
1781611920000,160.366,160.372,160.362,160.365
1781611980000,160.364,160.365,160.355,160.36
1781612040000,160.36,160.36,160.353,160.355
1781612100000,160.358,160.359,160.354,160.357
1781612160000,160.357,160.363,160.354,160.363
1781612220000,160.364,160.369,160.36,160.36
1781612280000,160.359,160.363,160.356,160.356
1781612340000,160.358,160.367,160.357,160.365
1781612400000,160.365,160.372,160.364,160.37
1781612460000,160.37,160.372,160.367,160.371
1781612520000,160.371,160.373,160.356,160.356
1781612580000,160.356,160.356,160.353,160.355
1781612640000,160.354,160.356,160.352,160.354
1781612700000,160.354,160.355,160.342,160.344
1781612760000,160.344,160.344,160.339,160.341
1781612820000,160.342,160.345,160.342,160.343
1781612880000,160.341,160.342,160.341,160.342
1781612940000,160.342,160.342,160.335,160.335
1781613000000,160.335,160.343,160.335,160.342
1781613060000,160.343,160.344,160.33,160.33
1781613120000,160.33,160.344,160.33,160.342
1781613180000,160.341,160.344,160.341,160.344
1781613240000,160.343,160.344,160.335,160.339
1781613300000,160.338,160.342,160.332,160.333
1781613360000,160.335,160.336,160.332,160.332
1781613420000,160.333,160.335,160.33,160.33
1781613480000,160.331,160.336,160.331,160.332
1781613540000,160.332,160.333,160.331,160.332
1781613600000,160.334,160.337,160.333,160.334
1781613660000,160.333,160.338,160.33,160.331
1781613720000,160.332,160.334,160.322,160.322
1781613780000,160.323,160.324,160.32,160.32
1781613840000,160.321,160.331,160.321,160.331
1781613900000,160.33,160.332,160.325,160.331
1781613960000,160.332,160.333,160.321,160.321
1781614020000,160.323,160.33,160.319,160.329
1781614080000,160.329,160.33,160.317,160.321
1781614140000,160.321,160.328,160.32,160.328
1781614200000,160.328,160.328,160.316,160.321
1781614260000,160.322,160.324,160.316,160.317
1781614320000,160.319,160.321,160.316,160.321
1781614380000,160.322,160.33,160.317,160.318
1781614440000,160.319,160.33,160.319,160.329
1781614500000,160.328,160.329,160.319,160.329
1781614560000,160.33,160.33,160.325,160.33
1781614620000,160.331,160.331,160.327,160.329
1781614680000,160.33,160.33,160.319,160.323
1781614740000,160.322,160.329,160.322,160.324
1781614800000,160.325,160.332,160.324,160.329
1781614860000,160.328,160.332,160.327,160.33
1781614920000,160.33,160.332,160.322,160.322
1781614980000,160.323,160.332,160.323,160.331
1781615040000,160.329,160.331,160.322,160.329
1781615100000,160.33,160.335,160.327,160.333
1781615160000,160.34,160.344,160.333,160.333
1781615220000,160.332,160.337,160.33,160.335
1781615280000,160.335,160.344,160.333,160.338
1781615340000,160.339,160.344,160.335,160.34
1781615400000,160.341,160.343,160.341,160.343
1781615460000,160.344,160.344,160.338,160.34
1781615520000,160.34,160.343,160.34,160.343
1781615580000,160.344,160.347,160.34,160.341
1781615640000,160.341,160.343,160.337,160.343
1781615700000,160.342,160.354,160.342,160.352
1781615760000,160.354,160.371,160.352,160.36
1781615820000,160.361,160.365,160.36,160.363
1781615880000,160.361,160.365,160.359,160.36
1781615940000,160.361,160.37,160.36,160.368
1781616000000,160.368,160.39,160.368,160.39
1781616060000,160.389,160.406,160.389,160.404
1781616120000,160.403,160.406,160.402,160.405
1781616180000,160.404,160.405,160.402,160.403
1781616240000,160.403,160.403,160.39,160.391
1781616300000,160.39,160.391,160.385,160.391
1781616360000,160.392,160.396,160.391,160.395
1781616420000,160.393,160.393,160.388,160.391
1781616480000,160.391,160.395,160.387,160.387
1781616540000,160.388,160.39,160.378,160.385
1781616600000,160.384,160.391,160.381,160.381
1781616660000,160.382,160.382,160.356,160.366
1781616720000,160.366,160.371,160.361,160.364
1781616780000,160.364,160.369,160.357,160.366
1781616840000,160.369,160.369,160.358,160.362
1781616900000,160.362,160.362,160.353,160.353
1781616960000,160.355,160.356,160.34,160.352
1781617020000,160.351,160.356,160.349,160.353
1781617080000,160.352,160.354,160.345,160.347
1781617140000,160.347,160.35,160.343,160.347
1781617200000,160.348,160.359,160.347,160.353
1781617260000,160.352,160.352,160.344,160.347
1781617320000,160.348,160.351,160.348,160.348
1781617380000,160.346,160.358,160.343,160.358
1781617440000,160.357,160.373,160.357,160.373
1781617500000,160.374,160.386,160.369,160.386
1781617560000,160.387,160.387,160.373,160.375
1781617620000,160.377,160.383,160.376,160.38
1781617680000,160.38,160.387,160.38,160.384
1781617740000,160.385,160.39,160.384,160.384
1781617800000,160.383,160.384,160.379,160.383
1781617860000,160.382,160.388,160.382,160.386
1781617920000,160.385,160.387,160.381,160.387
1781617980000,160.39,160.392,160.385,160.386
1781618040000,160.387,160.394,160.385,160.392
1781618100000,160.392,160.395,160.383,160.383
1781618160000,160.383,160.391,160.38,160.386
1781618220000,160.386,160.401,160.386,160.4
1781618280000,160.401,160.401,160.394,160.395
1781618340000,160.395,160.398,160.393,160.394
1781618400000,160.397,160.399,160.383,160.385
1781618460000,160.385,160.396,160.384,160.395
1781618520000,160.395,160.396,160.39,160.391
1781618580000,160.391,160.393,160.385,160.39
1781618640000,160.392,160.4,160.387,160.398
1781618700000,160.4,160.42,160.398,160.419
1781618760000,160.42,160.436,160.419,160.435
1781618820000,160.436,160.436,160.43,160.43
1781618880000,160.43,160.432,160.419,160.42
1781618940000,160.422,160.436,160.421,160.435
1781619000000,160.434,160.434,160.428,160.429
1781619060000,160.426,160.427,160.404,160.406
1781619120000,160.407,160.417,160.407,160.417
1781619180000,160.417,160.419,160.416,160.418
1781619240000,160.419,160.421,160.417,160.42
1781619300000,160.421,160.43,160.42,160.427
1781619360000,160.427,160.429,160.427,160.429
1781619420000,160.428,160.428,160.427,160.428
1781619480000,160.43,160.432,160.428,160.43
1781619540000,160.43,160.432,160.429,160.431
1781619600000,160.431,160.432,160.429,160.43
1781619660000,160.431,160.432,160.416,160.416
1781619720000,160.417,160.42,160.416,160.417
1781619780000,160.417,160.422,160.416,160.42
1781619840000,160.422,160.431,160.42,160.426
1781619900000,160.424,160.429,160.419,160.42
1781619960000,160.421,160.421,160.411,160.419
1781620020000,160.418,160.422,160.416,160.422
1781620080000,160.423,160.423,160.411,160.414
1781620140000,160.412,160.427,160.411,160.424
1781620200000,160.425,160.434,160.42,160.434
1781620260000,160.435,160.437,160.432,160.434
1781620320000,160.433,160.434,160.43,160.432
1781620380000,160.433,160.45,160.433,160.446
1781620440000,160.45,160.464,160.45,160.454
1781620500000,160.454,160.459,160.442,160.452
1781620560000,160.452,160.452,160.442,160.443
1781620620000,160.444,160.445,160.431,160.432
1781620680000,160.433,160.435,160.43,160.433
1781620740000,160.432,160.435,160.429,160.435
1781620800000,160.434,160.437,160.43,160.434
1781620860000,160.433,160.435,160.43,160.43
1781620920000,160.43,160.442,160.43,160.432
1781620980000,160.432,160.434,160.428,160.43
1781621040000,160.431,160.431,160.429,160.429
1781621100000,160.43,160.433,160.428,160.431
1781621160000,160.43,160.433,160.418,160.418
1781621220000,160.42,160.431,160.419,160.427
1781621280000,160.428,160.428,160.418,160.419
1781621340000,160.42,160.42,160.406,160.407
1781621400000,160.407,160.408,160.395,160.405
1781621460000,160.404,160.406,160.395,160.398
1781621520000,160.399,160.409,160.399,160.406
1781621580000,160.408,160.419,160.407,160.417
1781621640000,160.418,160.419,160.409,160.41
1781621700000,160.411,160.411,160.396,160.398
1781621760000,160.397,160.397,160.371,160.381
1781621820000,160.381,160.407,160.381,160.403
1781621880000,160.402,160.405,160.396,160.405
1781621940000,160.405,160.411,160.4,160.4
1781622000000,160.4,160.404,160.39,160.404
1781622060000,160.404,160.423,160.399,160.416
1781622120000,160.415,160.42,160.411,160.413
1781622180000,160.413,160.413,160.399,160.41
1781622240000,160.409,160.424,160.409,160.423
1781622300000,160.425,160.426,160.419,160.426
1781622360000,160.427,160.436,160.423,160.434
1781622420000,160.435,160.448,160.435,160.446
1781622480000,160.446,160.449,160.444,160.448
1781622540000,160.447,160.45,160.447,160.448
1781622600000,160.449,160.45,160.445,160.446
1781622660000,160.446,160.451,160.445,160.451
1781622720000,160.451,160.456,160.45,160.451
1781622780000,160.451,160.455,160.448,160.45
1781622840000,160.448,160.455,160.446,160.452
1781622900000,160.452,160.455,160.45,160.45
1781622960000,160.451,160.451,160.445,160.445
1781623020000,160.444,160.444,160.434,160.443
1781623080000,160.445,160.448,160.444,160.447
1781623140000,160.447,160.447,160.443,160.444
1781623200000,160.444,160.445,160.44,160.445
1781623260000,160.447,160.45,160.444,160.449
1781623320000,160.448,160.452,160.448,160.452
1781623380000,160.45,160.46,160.449,160.458
1781623440000,160.456,160.457,160.451,160.455
1781623500000,160.455,160.455,160.449,160.45
1781623560000,160.45,160.454,160.45,160.452
1781623620000,160.45,160.453,160.45,160.453
1781623680000,160.456,160.457,160.448,160.449
1781623740000,160.449,160.452,160.446,160.45
1781623800000,160.451,160.457,160.445,160.452
1781623860000,160.453,160.456,160.443,160.445
1781623920000,160.444,160.445,160.435,160.435
1781623980000,160.434,160.437,160.422,160.432
1781624040000,160.432,160.437,160.428,160.429
1781624100000,160.429,160.429,160.408,160.415
1781624160000,160.414,160.418,160.411,160.418
1781624220000,160.419,160.425,160.416,160.422
1781624280000,160.421,160.421,160.416,160.42
1781624340000,160.419,160.425,160.419,160.425
1781624400000,160.427,160.438,160.424,160.434
1781624460000,160.433,160.435,160.431,160.433
1781624520000,160.434,160.439,160.432,160.436
1781624580000,160.434,160.434,160.421,160.428
1781624640000,160.431,160.435,160.431,160.433
1781624700000,160.434,160.448,160.434,160.447
1781624760000,160.445,160.449,160.445,160.448
1781624820000,160.45,160.45,160.444,160.446
1781624880000,160.448,160.45,160.446,160.447
1781624940000,160.446,160.446,160.439,160.443
1781625000000,160.441,160.441,160.4,160.402
1781625060000,160.402,160.415,160.399,160.41
1781625120000,160.411,160.419,160.409,160.412
1781625180000,160.411,160.411,160.358,160.358
1781625240000,160.356,160.378,160.334,160.37
1781625300000,160.368,160.384,160.36,160.384
1781625360000,160.385,160.386,160.363,160.366
1781625420000,160.366,160.376,160.344,160.351
1781625480000,160.352,160.365,160.352,160.365
1781625540000,160.364,160.396,160.364,160.391
1781625600000,160.389,160.398,160.386,160.388
1781625660000,160.386,160.389,160.376,160.378
1781625720000,160.376,160.385,160.374,160.382
1781625780000,160.384,160.387,160.375,160.375
1781625840000,160.375,160.39,160.375,160.387
1781625900000,160.387,160.387,160.378,160.384
1781625960000,160.385,160.394,160.38,160.38
1781626020000,160.381,160.384,160.375,160.376
1781626080000,160.377,160.38,160.375,160.379
1781626140000,160.378,160.378,160.375,160.378
1781626200000,160.377,160.378,160.372,160.374
1781626260000,160.375,160.386,160.375,160.384
1781626320000,160.384,160.385,160.377,160.383
1781626380000,160.383,160.386,160.371,160.373
1781626440000,160.374,160.374,160.362,160.371
1781626500000,160.371,160.377,160.367,160.369
1781626560000,160.371,160.371,160.36,160.362
1781626620000,160.361,160.366,160.358,160.363
1781626680000,160.361,160.364,160.345,160.35
1781626740000,160.351,160.353,160.334,160.334
1781626800000,160.333,160.35,160.333,160.346
1781626860000,160.345,160.349,160.34,160.343
1781626920000,160.345,160.345,160.336,160.338
1781626980000,160.339,160.359,160.336,160.358
1781627040000,160.357,160.363,160.355,160.363
1781627100000,160.364,160.368,160.364,160.365
1781627160000,160.363,160.363,160.347,160.348
1781627220000,160.348,160.364,160.348,160.364
1781627280000,160.363,160.374,160.363,160.372
1781627340000,160.371,160.375,160.366,160.367
1781627400000,160.366,160.368,160.363,160.363
1781627460000,160.362,160.365,160.359,160.363
1781627520000,160.36,160.374,160.358,160.364
1781627580000,160.366,160.372,160.366,160.372
1781627640000,160.374,160.384,160.367,160.382
1781627700000,160.38,160.385,160.376,160.377
1781627760000,160.379,160.381,160.377,160.377
1781627820000,160.375,160.384,160.375,160.383
1781627880000,160.383,160.39,160.378,160.389
1781627940000,160.39,160.4,160.389,160.398
1781628000000,160.399,160.4,160.397,160.4
1781628060000,160.402,160.402,160.399,160.399
1781628120000,160.397,160.4,160.393,160.395
1781628180000,160.394,160.394,160.386,160.392
1781628240000,160.392,160.402,160.392,160.398
1781628300000,160.4,160.4,160.398,160.399
1781628360000,160.398,160.399,160.39,160.391
1781628420000,160.391,160.395,160.39,160.394
1781628480000,160.395,160.402,160.395,160.402
1781628540000,160.401,160.402,160.4,160.4
1781628600000,160.399,160.399,160.394,160.398
1781628660000,160.401,160.403,160.4,160.401
1781628720000,160.402,160.407,160.401,160.402
1781628780000,160.402,160.404,160.4,160.401
1781628840000,160.402,160.402,160.398,160.398
1781628900000,160.397,160.398,160.386,160.387
1781628960000,160.386,160.388,160.385,160.388
1781629020000,160.389,160.391,160.387,160.391
1781629080000,160.392,160.397,160.392,160.393
1781629140000,160.394,160.397,160.393,160.395
1781629200000,160.396,160.403,160.395,160.403
1781629260000,160.4,160.402,160.397,160.397
1781629320000,160.399,160.403,160.387,160.399
1781629380000,160.399,160.404,160.397,160.404
1781629440000,160.403,160.403,160.4,160.403
1781629500000,160.404,160.404,160.404,160.404
1781629560000,160.403,160.411,160.403,160.41
1781629620000,160.41,160.414,160.408,160.414
1781629680000,160.413,160.421,160.413,160.416
1781629740000,160.414,160.416,160.413,160.414
1781629800000,160.414,160.416,160.411,160.411
1781629860000,160.412,160.413,160.408,160.409
1781629920000,160.409,160.41,160.408,160.408
1781629980000,160.409,160.414,160.408,160.413
1781630040000,160.414,160.415,160.414,160.414
1781630100000,160.414,160.414,160.409,160.413
1781630160000,160.413,160.416,160.413,160.415
1781630220000,160.416,160.416,160.411,160.411
1781630280000,160.412,160.416,160.412,160.415
1781630340000,160.416,160.419,160.416,160.417
1781630400000,160.418,160.429,160.418,160.428
1781630460000,160.427,160.428,160.426,160.426
1781630520000,160.428,160.429,160.425,160.429
1781630580000,160.429,160.429,160.426,160.428
1781630640000,160.429,160.429,160.427,160.427
1781630700000,160.428,160.429,160.426,160.426
1781630760000,160.427,160.427,160.423,160.426
1781630820000,160.427,160.428,160.426,160.427
1781630880000,160.427,160.428,160.425,160.426
1781630940000,160.427,160.428,160.424,160.428
1781631000000,160.428,160.428,160.423,160.423
1781631060000,160.423,160.424,160.415,160.424
1781631120000,160.425,160.431,160.425,160.43
1781631180000,160.429,160.433,160.428,160.429
1781631240000,160.428,160.428,160.426,160.427
1781631300000,160.428,160.434,160.428,160.43
1781631360000,160.429,160.432,160.428,160.432
1781631420000,160.433,160.438,160.433,160.435
1781631480000,160.434,160.436,160.431,160.432
1781631540000,160.433,160.437,160.433,160.435
1781631600000,160.436,160.436,160.434,160.436
1781631660000,160.437,160.44,160.435,160.436
1781631720000,160.436,160.436,160.432,160.432
1781631780000,160.434,160.44,160.433,160.434
1781631840000,160.432,160.432,160.426,160.428
1781631900000,160.429,160.434,160.428,160.431
1781631960000,160.433,160.434,160.432,160.434
1781632020000,160.434,160.434,160.434,160.434
1781632080000,160.435,160.439,160.435,160.439
1781632140000,160.437,160.443,160.436,160.437
1781632200000,160.438,160.44,160.437,160.437
1781632260000,160.438,160.438,160.436,160.437
1781632320000,160.436,160.437,160.435,160.435
1781632380000,160.433,160.434,160.432,160.432
1781632440000,160.434,160.434,160.432,160.432
1781632500000,160.431,160.433,160.428,160.432
1781632560000,160.432,160.433,160.432,160.432
1781632620000,160.433,160.44,160.432,160.44
1781632680000,160.437,160.44,160.435,160.438
1781632740000,160.44,160.442,160.437,160.437
1781632800000,160.437,160.438,160.43,160.433
1781632860000,160.432,160.432,160.424,160.427
1781632920000,160.425,160.426,160.422,160.422
1781632980000,160.42,160.426,160.419,160.426
1781633040000,160.428,160.431,160.427,160.431
1781633100000,160.431,160.438,160.431,160.435
1781633160000,160.434,160.436,160.433,160.435
1781633220000,160.436,160.437,160.436,160.436
1781633280000,160.436,160.439,160.434,160.437
1781633340000,160.435,160.438,160.435,160.438
1781633400000,160.436,160.437,160.429,160.433
1781633460000,160.433,160.437,160.432,160.433
1781633520000,160.433,160.434,160.429,160.431
1781633580000,160.432,160.434,160.432,160.432
1781633640000,160.43,160.434,160.43,160.433
1781633700000,160.433,160.439,160.433,160.437
1781633760000,160.436,160.436,160.434,160.434
1781633820000,160.434,160.437,160.433,160.436
1781633880000,160.438,160.438,160.436,160.437
1781633940000,160.437,160.438,160.434,160.434
1781634000000,160.433,160.434,160.432,160.433
1781634060000,160.432,160.433,160.429,160.431
1781634120000,160.432,160.435,160.432,160.433
1781634180000,160.433,160.433,160.432,160.432
1781634240000,160.433,160.435,160.433,160.435
1781634300000,160.435,160.442,160.435,160.44
1781634360000,160.441,160.445,160.44,160.441
1781634420000,160.443,160.449,160.438,160.443
1781634480000,160.444,160.447,160.444,160.446
1781634540000,160.444,160.446,160.442,160.443
1781634600000,160.444,160.444,160.442,160.444
1781634660000,160.443,160.444,160.438,160.44
1781634720000,160.438,160.44,160.433,160.439
1781634780000,160.439,160.441,160.437,160.437
1781634840000,160.436,160.442,160.436,160.44
1781634900000,160.444,160.445,160.441,160.441
1781634960000,160.445,160.445,160.44,160.441
1781635020000,160.44,160.446,160.44,160.444
1781635080000,160.443,160.444,160.443,160.444
1781635140000,160.445,160.455,160.445,160.455
1781635200000,160.454,160.454,160.45,160.45
1781635260000,160.45,160.45,160.449,160.449
1781635320000,160.45,160.451,160.449,160.45
1781635380000,160.45,160.453,160.45,160.452
1781635440000,160.452,160.452,160.45,160.45
1781635500000,160.449,160.453,160.449,160.45
1781635560000,160.45,160.453,160.45,160.451
1781635620000,160.452,160.454,160.45,160.454
1781635680000,160.455,160.455,160.453,160.453
1781635740000,160.455,160.46,160.453,160.455
1781635800000,160.454,160.456,160.453,160.454
1781635860000,160.453,160.455,160.451,160.452
1781635920000,160.451,160.454,160.451,160.453
1781635980000,160.453,160.453,160.453,160.453
1781636040000,160.453,160.455,160.453,160.454
1781636100000,160.453,160.453,160.45,160.452
1781636160000,160.448,160.449,160.438,160.438
1781636220000,160.436,160.437,160.433,160.435
1781636280000,160.435,160.436,160.433,160.433
1781636340000,160.434,160.436,160.433,160.434
1781636400000,160.434,160.435,160.425,160.425
1781636460000,160.426,160.429,160.424,160.424
1781636520000,160.424,160.426,160.423,160.423
1781636580000,160.423,160.423,160.422,160.422
1781636640000,160.421,160.422,160.408,160.408
1781636700000,160.409,160.41,160.408,160.409
1781636760000,160.409,160.409,160.408,160.409
1781636820000,160.412,160.412,160.408,160.41
1781636880000,160.41,160.412,160.41,160.412
1781636940000,160.41,160.411,160.407,160.411
1781637000000,160.411,160.411,160.41,160.411
1781637060000,160.412,160.412,160.409,160.409
1781637120000,160.409,160.41,160.409,160.41
1781637180000,160.411,160.411,160.4,160.411
1781637240000,160.412,160.414,160.408,160.408
1781637300000,160.408,160.408,160.401,160.404
1781637360000,160.405,160.409,160.405,160.407
1781637420000,160.408,160.409,160.399,160.4
1781637480000,160.399,160.403,160.399,160.399
1781637540000,160.399,160.401,160.399,160.401
1781637600000,160.402,160.413,160.401,160.412
1781637660000,160.413,160.413,160.411,160.413
1781637720000,160.413,160.424,160.413,160.424
1781637780000,160.425,160.425,160.42,160.422
1781637840000,160.423,160.424,160.414,160.416
1781637900000,160.416,160.42,160.414,160.415
1781637960000,160.414,160.418,160.412,160.412
1781638020000,160.412,160.412,160.409,160.409
1781638080000,160.409,160.412,160.409,160.412
1781638140000,160.411,160.411,160.408,160.408
1781638200000,160.409,160.411,160.409,160.409
1781638260000,160.408,160.409,160.407,160.407
1781638320000,160.407,160.408,160.398,160.405
1781638380000,160.406,160.407,160.401,160.404
1781638440000,160.405,160.41,160.405,160.405
1781638500000,160.407,160.414,160.407,160.413
1781638560000,160.414,160.422,160.412,160.42
1781638620000,160.42,160.426,160.42,160.426
1781638680000,160.427,160.436,160.426,160.436
1781638740000,160.434,160.438,160.433,160.436
1781638800000,160.437,160.442,160.437,160.441
1781638860000,160.44,160.442,160.439,160.44
1781638920000,160.441,160.442,160.439,160.442
1781638980000,160.443,160.451,160.441,160.449
1781639040000,160.453,160.454,160.449,160.449
1781639100000,160.449,160.45,160.448,160.449
1781639160000,160.45,160.454,160.449,160.454
1781639220000,160.454,160.455,160.454,160.455
1781639280000,160.455,160.46,160.455,160.457
1781639340000,160.456,160.456,160.453,160.454
1781639400000,160.453,160.458,160.446,160.456
1781639460000,160.455,160.457,160.452,160.453
1781639520000,160.452,160.453,160.451,160.453
1781639580000,160.452,160.453,160.45,160.452
1781639640000,160.451,160.456,160.451,160.456
1781639700000,160.458,160.477,160.458,160.476
1781639760000,160.476,160.477,160.471,160.474
1781639820000,160.472,160.475,160.472,160.473
1781639880000,160.473,160.475,160.473,160.474
1781639940000,160.472,160.472,160.462,160.467
1781640000000,160.467,160.467,160.462,160.463
1781640060000,160.465,160.465,160.461,160.462
1781640120000,160.462,160.466,160.462,160.464
1781640180000,160.465,160.465,160.464,160.464
1781640240000,160.465,160.466,160.463,160.464
1781640300000,160.464,160.464,160.461,160.462
1781640360000,160.463,160.464,160.463,160.464
1781640420000,160.464,160.466,160.464,160.464
1781640480000,160.465,160.467,160.464,160.464
1781640540000,160.466,160.468,160.465,160.467
1781640600000,160.467,160.467,160.466,160.467
1781640660000,160.466,160.467,160.466,160.467
1781640720000,160.466,160.467,160.466,160.467
1781640780000,160.466,160.467,160.465,160.465
1781640840000,160.464,160.464,160.463,160.463
1781640900000,160.464,160.465,160.463,160.465
1781640960000,160.465,160.465,160.461,160.463
1781641020000,160.463,160.465,160.462,160.465
1781641080000,160.465,160.465,160.461,160.462
1781641140000,160.463,160.464,160.462,160.463
1781641200000,160.464,160.464,160.459,160.46
1781641260000,160.459,160.463,160.458,160.463
1781641320000,160.463,160.463,160.462,160.463
1781641380000,160.463,160.466,160.463,160.464
1781641440000,160.464,160.464,160.464,160.464
1781641500000,160.463,160.463,160.459,160.459
1781641560000,160.458,160.461,160.458,160.461
1781641620000,160.462,160.463,160.462,160.463
1781641680000,160.462,160.466,160.462,160.466
1781641740000,160.467,160.467,160.463,160.464
1781641800000,160.463,160.466,160.463,160.464
1781641860000,160.467,160.468,160.467,160.468
1781641920000,160.47,160.478,160.469,160.477
1781641980000,160.479,160.479,160.475,160.478
1781642040000,160.479,160.479,160.477,160.478
1781642100000,160.479,160.479,160.478,160.479
1781642160000,160.478,160.479,160.475,160.475
1781642220000,160.475,160.475,160.475,160.475
1781642280000,160.475,160.475,160.475,160.475
1781642340000,160.475,160.475,160.475,160.475
1781642400000,160.475,160.478,160.475,160.478
1781642460000,160.476,160.476,160.475,160.475
1781642520000,160.475,160.475,160.474,160.474
1781642580000,160.475,160.475,160.475,160.475
1781642640000,160.476,160.476,160.474,160.474
1781642700000,160.476,160.479,160.475,160.479
1781642760000,160.479,160.479,160.479,160.479
1781642820000,160.48,160.48,160.479,160.48
1781642880000,160.48,160.48,160.478,160.478
1781642940000,160.479,160.48,160.478,160.478
1781643000000,160.477,160.478,160.466,160.473
1781643060000,160.471,160.474,160.471,160.472
1781643120000,160.47,160.475,160.47,160.474
1781643180000,160.475,160.475,160.473,160.474
1781643240000,160.472,160.475,160.47,160.472
1781643300000,160.471,160.473,160.47,160.471
1781643360000,160.471,160.474,160.47,160.473
1781643420000,160.473,160.475,160.469,160.47
1781643480000,160.469,160.476,160.457,160.459
1781643540000,160.459,160.459,160.426,160.426
1781643600000,160.389,160.391,160.355,160.355
1781643660000,160.347,160.349,160.347,160.348
1781643720000,160.348,160.348,160.348,160.348
1781643780000,160.347,160.347,160.345,160.346
1781643840000,160.347,160.347,160.321,160.324
1781643900000,160.323,160.367,160.323,160.367
1781643960000,160.377,160.377,160.377,160.377
1781644020000,160.377,160.377,160.372,160.372
1781644080000,160.372,160.372,160.311,160.361
1781644140000,160.371,160.371,160.371,160.371
1781644200000,160.361,160.371,160.361,160.371
1781644260000,160.37,160.37,160.351,160.37
1781644320000,160.37,160.37,160.363,160.364
1781644380000,160.367,160.367,160.367,160.367
1781644440000,160.367,160.367,160.308,160.367
1781644500000,160.367,160.367,160.365,160.365
1781644560000,160.332,160.332,160.331,160.332
1781644620000,160.331,160.37,160.331,160.37
1781644680000,160.37,160.37,160.369,160.37
1781644740000,160.37,160.37,160.37,160.37
1781644800000,160.343,160.351,160.343,160.351
1781644860000,160.344,160.351,160.344,160.351
1781644920000,160.37,160.37,160.37,160.37
1781644980000,160.347,160.347,160.322,160.322
1781645040000,160.322,160.347,160.321,160.347
1781645100000,160.348,160.376,160.338,160.376
1781645160000,160.376,160.376,160.365,160.37
1781645220000,160.37,160.37,160.363,160.364
1781645280000,160.364,160.372,160.363,160.367
1781645340000,160.366,160.371,160.363,160.363
1781645400000,160.363,160.365,160.359,160.365
1781645460000,160.365,160.371,160.358,160.363
1781645520000,160.359,160.359,160.344,160.358
1781645580000,160.359,160.385,160.358,160.385
1781645640000,160.385,160.403,160.385,160.403
1781645700000,160.413,160.435,160.401,160.406
1781645760000,160.406,160.424,160.406,160.424
1781645820000,160.424,160.429,160.424,160.429
1781645880000,160.429,160.43,160.427,160.43
1781645940000,160.43,160.43,160.427,160.429
1781646000000,160.432,160.432,160.425,160.425
1781646060000,160.424,160.428,160.423,160.423
1781646120000,160.427,160.427,160.42,160.423
1781646180000,160.426,160.426,160.423,160.423
1781646240000,160.423,160.425,160.42,160.421
1781646300000,160.421,160.421,160.42,160.421
1781646360000,160.423,160.436,160.421,160.436
1781646420000,160.44,160.44,160.435,160.437
1781646480000,160.438,160.449,160.435,160.437
1781646540000,160.438,160.441,160.435,160.44
1781646600000,160.439,160.44,160.379,160.408
1781646660000,160.409,160.409,160.409,160.409
1781646720000,160.409,160.409,160.409,160.409
1781646780000,160.41,160.41,160.41,160.41
1781646840000,160.41,160.411,160.41,160.411
1781646900000,160.411,160.411,160.396,160.396
1781646960000,160.396,160.399,160.396,160.396
1781647020000,160.398,160.403,160.396,160.403
1781647080000,160.403,160.403,160.403,160.403
1781647140000,160.398,160.407,160.398,160.403
1781647200000,160.421,160.432,160.416,160.426
1781647260000,160.433,160.434,160.41,160.419
1781647320000,160.421,160.427,160.417,160.423
1781647380000,160.421,160.426,160.421,160.426
1781647440000,160.425,160.43,160.424,160.424
1781647500000,160.424,160.427,160.421,160.427
1781647560000,160.428,160.428,160.421,160.421
1781647620000,160.422,160.422,160.416,160.42
1781647680000,160.419,160.42,160.418,160.419
1781647740000,160.418,160.425,160.418,160.425
1781647800000,160.425,160.427,160.418,160.421
1781647860000,160.42,160.431,160.415,160.419
1781647920000,160.418,160.429,160.418,160.425
1781647980000,160.425,160.44,160.424,160.437
1781648040000,160.441,160.441,160.435,160.435
1781648100000,160.435,160.436,160.432,160.432
1781648160000,160.435,160.437,160.429,160.43
1781648220000,160.43,160.435,160.428,160.428
1781648280000,160.43,160.433,160.428,160.43
1781648340000,160.429,160.429,160.429,160.429
1781648400000,160.434,160.434,160.427,160.428
1781648460000,160.428,160.428,160.428,160.428
1781648520000,160.429,160.429,160.419,160.419
1781648580000,160.417,160.418,160.417,160.418
1781648640000,160.418,160.419,160.415,160.418
1781648700000,160.419,160.419,160.419,160.419
1781648760000,160.42,160.427,160.42,160.421
1781648820000,160.419,160.42,160.419,160.419
1781648880000,160.42,160.422,160.417,160.419
1781648940000,160.419,160.419,160.418,160.419
1781649000000,160.42,160.421,160.418,160.419
1781649060000,160.42,160.42,160.417,160.419
1781649120000,160.419,160.421,160.419,160.421
1781649180000,160.421,160.424,160.42,160.42
1781649240000,160.421,160.425,160.42,160.421
1781649300000,160.42,160.423,160.42,160.422
1781649360000,160.424,160.426,160.423,160.426
1781649420000,160.426,160.426,160.422,160.423
1781649480000,160.424,160.425,160.424,160.424
1781649540000,160.424,160.424,160.424,160.424
1781649600000,160.424,160.424,160.424,160.424
1781649660000,160.424,160.424,160.424,160.424
1781649720000,160.424,160.424,160.424,160.424
1781649780000,160.426,160.43,160.423,160.427
1781649840000,160.425,160.429,160.424,160.429
1781649900000,160.429,160.429,160.429,160.429
1781649960000,160.429,160.429,160.424,160.424
1781650020000,160.426,160.427,160.422,160.426
1781650080000,160.427,160.427,160.426,160.426
1781650140000,160.426,160.427,160.424,160.426
1781650200000,160.426,160.436,160.426,160.436
1781650260000,160.436,160.436,160.428,160.428
1781650320000,160.428,160.432,160.428,160.43
1781650380000,160.43,160.43,160.423,160.425
1781650440000,160.425,160.425,160.425,160.425
1781650500000,160.425,160.425,160.425,160.425
1781650560000,160.425,160.429,160.425,160.429
1781650620000,160.427,160.428,160.419,160.422
1781650680000,160.422,160.422,160.411,160.411
1781650740000,160.408,160.408,160.4,160.401
1781650800000,160.404,160.42,160.4,160.419
1781650860000,160.42,160.426,160.416,160.416
1781650920000,160.417,160.418,160.416,160.416
1781650980000,160.415,160.415,160.409,160.41
1781651040000,160.408,160.41,160.408,160.41
1781651100000,160.406,160.411,160.406,160.408
1781651160000,160.41,160.411,160.399,160.403
1781651220000,160.403,160.403,160.399,160.4
1781651280000,160.402,160.406,160.402,160.403
1781651340000,160.403,160.403,160.403,160.403
1781651400000,160.403,160.405,160.395,160.395
1781651460000,160.394,160.409,160.394,160.401
1781651520000,160.402,160.402,160.401,160.401
1781651580000,160.399,160.401,160.399,160.401
1781651640000,160.402,160.407,160.398,160.407
1781651700000,160.406,160.407,160.404,160.405
1781651760000,160.403,160.406,160.399,160.401
1781651820000,160.402,160.402,160.402,160.402
1781651880000,160.404,160.406,160.402,160.403
1781651940000,160.403,160.404,160.403,160.404
1781652000000,160.405,160.405,160.404,160.404
1781652060000,160.403,160.405,160.402,160.402
1781652120000,160.402,160.402,160.402,160.402
1781652180000,160.401,160.403,160.401,160.403
1781652240000,160.403,160.404,160.402,160.402
1781652300000,160.402,160.403,160.402,160.403
1781652360000,160.402,160.402,160.4,160.4
1781652420000,160.402,160.402,160.4,160.4
1781652480000,160.4,160.4,160.4,160.4
1781652540000,160.4,160.4,160.4,160.4
1781652600000,160.4,160.4,160.4,160.4
1781652660000,160.4,160.4,160.4,160.4
1781652720000,160.4,160.4,160.4,160.4
1781652780000,160.4,160.4,160.4,160.4
1781652840000,160.401,160.409,160.4,160.401
1781652900000,160.403,160.403,160.4,160.402
1781652960000,160.402,160.402,160.402,160.402
1781653020000,160.401,160.402,160.401,160.402
1781653080000,160.403,160.403,160.402,160.402
1781653140000,160.399,160.403,160.397,160.403
1781653200000,160.402,160.407,160.402,160.406
1781653260000,160.407,160.407,160.407,160.407
1781653320000,160.408,160.415,160.407,160.415
1781653380000,160.415,160.415,160.414,160.414
1781653440000,160.412,160.412,160.404,160.404
1781653500000,160.406,160.406,160.406,160.406
1781653560000,160.406,160.412,160.406,160.408
1781653620000,160.408,160.408,160.408,160.408
1781653680000,160.41,160.412,160.409,160.412
1781653740000,160.413,160.413,160.404,160.405
1781653800000,160.405,160.413,160.405,160.411
1781653860000,160.411,160.413,160.411,160.411
1781653920000,160.411,160.417,160.411,160.414
1781653980000,160.417,160.424,160.417,160.424
1781654040000,160.423,160.426,160.421,160.426
1781654100000,160.427,160.434,160.427,160.432
1781654160000,160.434,160.434,160.431,160.434
1781654220000,160.433,160.441,160.427,160.436
1781654280000,160.438,160.44,160.43,160.432
1781654340000,160.432,160.437,160.425,160.425
1781740800000,160.604,160.606,160.553,160.556
1781740860000,160.555,160.567,160.547,160.554
1781740920000,160.556,160.558,160.543,160.545
1781740980000,160.545,160.558,160.533,160.556
1781741040000,160.557,160.574,160.556,160.569
1781741100000,160.569,160.583,160.566,160.581
1781741160000,160.581,160.581,160.551,160.565
1781741220000,160.566,160.58,160.566,160.577
1781741280000,160.575,160.588,160.575,160.586
1781741340000,160.585,160.594,160.583,160.594
1781741400000,160.592,160.616,160.592,160.616
1781741460000,160.613,160.614,160.604,160.605
1781741520000,160.607,160.607,160.593,160.595
1781741580000,160.594,160.612,160.593,160.605
1781741640000,160.604,160.614,160.602,160.605
1781741700000,160.604,160.605,160.59,160.602
1781741760000,160.6,160.6,160.59,160.6
1781741820000,160.599,160.607,160.598,160.605
1781741880000,160.606,160.608,160.605,160.605
1781741940000,160.606,160.631,160.606,160.626
1781742000000,160.625,160.644,160.625,160.644
1781742060000,160.642,160.642,160.636,160.64
1781742120000,160.64,160.644,160.633,160.639
1781742180000,160.64,160.641,160.63,160.631
1781742240000,160.631,160.632,160.629,160.632
1781742300000,160.634,160.637,160.628,160.628
1781742360000,160.627,160.634,160.617,160.632
1781742420000,160.631,160.634,160.628,160.629
1781742480000,160.629,160.633,160.627,160.633
1781742540000,160.633,160.641,160.632,160.64
1781742600000,160.641,160.643,160.633,160.638
1781742660000,160.638,160.641,160.632,160.632
1781742720000,160.632,160.632,160.626,160.63
1781742780000,160.632,160.632,160.629,160.631
1781742840000,160.636,160.64,160.633,160.64
1781742900000,160.642,160.654,160.64,160.641
1781742960000,160.642,160.642,160.64,160.642
1781743020000,160.642,160.65,160.642,160.644
1781743080000,160.643,160.656,160.642,160.653
1781743140000,160.656,160.668,160.656,160.659
1781743200000,160.659,160.664,160.656,160.664
1781743260000,160.666,160.679,160.665,160.676
1781743320000,160.676,160.682,160.674,160.677
1781743380000,160.68,160.683,160.679,160.682
1781743440000,160.683,160.685,160.671,160.671
1781743500000,160.673,160.682,160.672,160.68
1781743560000,160.684,160.684,160.676,160.679
1781743620000,160.679,160.692,160.676,160.692
1781743680000,160.692,160.702,160.692,160.702
1781743740000,160.704,160.705,160.695,160.698
1781743800000,160.694,160.717,160.693,160.708
1781743860000,160.708,160.722,160.701,160.719
1781743920000,160.718,160.723,160.701,160.701
1781743980000,160.705,160.709,160.681,160.687
1781744040000,160.688,160.748,160.686,160.732
1781744100000,160.732,160.744,160.711,160.721
1781744160000,160.721,160.721,160.704,160.708
1781744220000,160.708,160.716,160.696,160.696
1781744280000,160.696,160.697,160.685,160.69
1781744340000,160.692,160.698,160.692,160.698
1781744400000,160.696,160.696,160.682,160.682
1781744460000,160.682,160.686,160.675,160.684
1781744520000,160.684,160.686,160.674,160.684
1781744580000,160.683,160.683,160.675,160.678
1781744640000,160.677,160.687,160.672,160.687
1781744700000,160.691,160.695,160.683,160.686
1781744760000,160.689,160.689,160.672,160.68
1781744820000,160.679,160.682,160.674,160.682
1781744880000,160.681,160.681,160.674,160.679
1781744940000,160.678,160.685,160.677,160.683
1781745000000,160.684,160.685,160.682,160.682
1781745060000,160.682,160.682,160.663,160.675
1781745120000,160.676,160.679,160.675,160.677
1781745180000,160.676,160.677,160.667,160.668
1781745240000,160.673,160.678,160.673,160.674
1781745300000,160.677,160.68,160.674,160.677
1781745360000,160.675,160.681,160.675,160.677
1781745420000,160.677,160.68,160.675,160.677
1781745480000,160.677,160.679,160.663,160.666
1781745540000,160.666,160.669,160.664,160.666
1781745600000,160.667,160.671,160.654,160.655
1781745660000,160.655,160.655,160.644,160.646
1781745720000,160.647,160.654,160.647,160.652
1781745780000,160.652,160.655,160.649,160.649
1781745840000,160.65,160.655,160.65,160.653
1781745900000,160.652,160.659,160.651,160.653
1781745960000,160.652,160.652,160.644,160.647
1781746020000,160.647,160.651,160.647,160.65
1781746080000,160.651,160.653,160.645,160.647
1781746140000,160.65,160.655,160.65,160.653
1781746200000,160.65,160.651,160.644,160.65
1781746260000,160.652,160.657,160.652,160.654
1781746320000,160.654,160.656,160.654,160.655
1781746380000,160.655,160.656,160.651,160.654
1781746440000,160.654,160.666,160.653,160.666
1781746500000,160.665,160.667,160.663,160.665
1781746560000,160.664,160.667,160.663,160.665
1781746620000,160.666,160.684,160.665,160.676
1781746680000,160.678,160.678,160.662,160.664
1781746740000,160.663,160.666,160.662,160.663
1781746800000,160.663,160.664,160.661,160.663
1781746860000,160.662,160.665,160.662,160.663
1781746920000,160.664,160.664,160.654,160.656
1781746980000,160.659,160.661,160.652,160.654
1781747040000,160.655,160.655,160.638,160.638
1781747100000,160.637,160.639,160.635,160.638
1781747160000,160.636,160.638,160.636,160.638
1781747220000,160.637,160.64,160.637,160.639
1781747280000,160.637,160.652,160.636,160.651
1781747340000,160.649,160.651,160.646,160.651
1781747400000,160.651,160.652,160.639,160.649
1781747460000,160.648,160.649,160.639,160.639
1781747520000,160.638,160.642,160.635,160.635
1781747580000,160.636,160.638,160.635,160.635
1781747640000,160.635,160.636,160.623,160.625
1781747700000,160.623,160.633,160.623,160.633
1781747760000,160.633,160.635,160.633,160.634
1781747820000,160.634,160.637,160.633,160.634
1781747880000,160.633,160.637,160.633,160.635
1781747940000,160.636,160.641,160.634,160.634
1781748000000,160.636,160.637,160.633,160.635
1781748060000,160.636,160.64,160.636,160.636
1781748120000,160.635,160.65,160.633,160.637
1781748180000,160.636,160.647,160.634,160.647
1781748240000,160.647,160.647,160.642,160.644
1781748300000,160.641,160.642,160.639,160.639
1781748360000,160.641,160.645,160.639,160.64
1781748420000,160.638,160.644,160.638,160.642
1781748480000,160.646,160.651,160.644,160.651
1781748540000,160.651,160.663,160.651,160.663
1781748600000,160.663,160.663,160.657,160.657
1781748660000,160.657,160.657,160.643,160.643
1781748720000,160.645,160.65,160.638,160.639
1781748780000,160.639,160.639,160.613,160.616
1781748840000,160.618,160.629,160.618,160.624
1781748900000,160.624,160.629,160.624,160.628
1781748960000,160.628,160.639,160.626,160.637
1781749020000,160.638,160.638,160.627,160.627
1781749080000,160.627,160.635,160.624,160.633
1781749140000,160.632,160.638,160.632,160.634
1781749200000,160.633,160.635,160.633,160.635
1781749260000,160.635,160.638,160.635,160.637
1781749320000,160.635,160.635,160.629,160.634
1781749380000,160.633,160.634,160.628,160.633
1781749440000,160.632,160.632,160.629,160.63
1781749500000,160.63,160.63,160.627,160.628
1781749560000,160.629,160.629,160.623,160.626
1781749620000,160.625,160.633,160.624,160.633
1781749680000,160.632,160.632,160.623,160.625
1781749740000,160.626,160.626,160.618,160.621
1781749800000,160.622,160.627,160.621,160.624
1781749860000,160.623,160.639,160.623,160.639
1781749920000,160.643,160.643,160.641,160.642
1781749980000,160.639,160.639,160.627,160.627
1781750040000,160.626,160.63,160.617,160.622
1781750100000,160.623,160.628,160.623,160.628
1781750160000,160.627,160.628,160.622,160.624
1781750220000,160.623,160.623,160.622,160.622
1781750280000,160.624,160.624,160.62,160.623
1781750340000,160.622,160.623,160.618,160.618
1781750400000,160.615,160.615,160.608,160.61
1781750460000,160.61,160.612,160.604,160.608
1781750520000,160.608,160.609,160.601,160.602
1781750580000,160.601,160.601,160.575,160.585
1781750640000,160.584,160.584,160.576,160.577
1781750700000,160.578,160.584,160.564,160.567
1781750760000,160.567,160.578,160.567,160.577
1781750820000,160.577,160.58,160.577,160.579
1781750880000,160.579,160.591,160.578,160.587
1781750940000,160.587,160.588,160.578,160.585
1781751000000,160.585,160.586,160.578,160.578
1781751060000,160.578,160.578,160.569,160.57
1781751120000,160.568,160.568,160.563,160.564
1781751180000,160.563,160.579,160.561,160.578
1781751240000,160.579,160.587,160.578,160.583
1781751300000,160.582,160.582,160.579,160.579
1781751360000,160.579,160.579,160.575,160.579
1781751420000,160.58,160.581,160.58,160.58
1781751480000,160.581,160.581,160.578,160.578
1781751540000,160.576,160.583,160.574,160.582
1781751600000,160.579,160.581,160.578,160.579
1781751660000,160.58,160.588,160.58,160.588
1781751720000,160.587,160.594,160.586,160.593
1781751780000,160.593,160.61,160.593,160.61
1781751840000,160.61,160.61,160.602,160.607
1781751900000,160.604,160.606,160.602,160.605
1781751960000,160.605,160.605,160.594,160.597
1781752020000,160.597,160.606,160.597,160.606
1781752080000,160.606,160.606,160.603,160.605
1781752140000,160.606,160.606,160.605,160.605
1781752200000,160.605,160.605,160.603,160.605
1781752260000,160.604,160.615,160.604,160.608
1781752320000,160.607,160.607,160.605,160.605
1781752380000,160.604,160.605,160.601,160.604
1781752440000,160.604,160.604,160.594,160.594
1781752500000,160.593,160.593,160.572,160.579
1781752560000,160.578,160.581,160.575,160.576
1781752620000,160.578,160.58,160.569,160.572
1781752680000,160.574,160.58,160.57,160.576
1781752740000,160.574,160.579,160.571,160.578
1781752800000,160.579,160.58,160.574,160.574
1781752860000,160.575,160.582,160.575,160.579
1781752920000,160.578,160.583,160.578,160.582
1781752980000,160.581,160.59,160.579,160.589
1781753040000,160.588,160.59,160.585,160.585
1781753100000,160.585,160.588,160.582,160.582
1781753160000,160.582,160.582,160.578,160.579
1781753220000,160.579,160.583,160.578,160.58
1781753280000,160.579,160.58,160.569,160.579
1781753340000,160.578,160.583,160.578,160.583
1781753400000,160.582,160.587,160.58,160.584
1781753460000,160.588,160.588,160.576,160.576
1781753520000,160.576,160.585,160.574,160.585
1781753580000,160.584,160.588,160.58,160.586
1781753640000,160.586,160.589,160.586,160.588
1781753700000,160.59,160.594,160.587,160.594
1781753760000,160.594,160.601,160.592,160.598
1781753820000,160.599,160.599,160.59,160.59
1781753880000,160.589,160.589,160.585,160.585
1781753940000,160.586,160.589,160.586,160.589
1781754000000,160.588,160.588,160.587,160.587
1781754060000,160.588,160.59,160.588,160.589
1781754120000,160.589,160.589,160.588,160.588
1781754180000,160.588,160.589,160.588,160.589
1781754240000,160.588,160.589,160.588,160.588
1781754300000,160.589,160.589,160.589,160.589
1781754360000,160.587,160.589,160.587,160.589
1781754420000,160.59,160.59,160.587,160.587
1781754480000,160.589,160.589,160.585,160.586
1781754540000,160.588,160.588,160.587,160.588
1781754600000,160.589,160.59,160.588,160.588
1781754660000,160.589,160.589,160.588,160.588
1781754720000,160.591,160.591,160.588,160.589
1781754780000,160.589,160.589,160.587,160.587
1781754840000,160.588,160.588,160.588,160.588
1781754900000,160.59,160.59,160.588,160.589
1781754960000,160.588,160.588,160.579,160.579
1781755020000,160.577,160.583,160.577,160.583
1781755080000,160.582,160.587,160.582,160.582
1781755140000,160.584,160.584,160.583,160.583
1781755200000,160.582,160.584,160.58,160.58
1781755260000,160.581,160.583,160.581,160.581
1781755320000,160.58,160.58,160.575,160.577
1781755380000,160.576,160.578,160.576,160.577
1781755440000,160.578,160.581,160.576,160.579
1781755500000,160.58,160.583,160.58,160.583
1781755560000,160.582,160.589,160.581,160.589
1781755620000,160.588,160.589,160.588,160.589
1781755680000,160.588,160.588,160.582,160.584
1781755740000,160.586,160.586,160.583,160.583
1781755800000,160.582,160.584,160.579,160.583
1781755860000,160.583,160.585,160.582,160.584
1781755920000,160.585,160.59,160.584,160.588
1781755980000,160.589,160.589,160.585,160.589
1781756040000,160.589,160.593,160.585,160.593
1781756100000,160.595,160.595,160.59,160.59
1781756160000,160.59,160.592,160.589,160.59
1781756220000,160.591,160.594,160.591,160.591
1781756280000,160.593,160.603,160.592,160.603
1781756340000,160.603,160.613,160.603,160.612
1781756400000,160.611,160.612,160.608,160.609
1781756460000,160.609,160.609,160.606,160.606
1781756520000,160.603,160.606,160.603,160.605
1781756580000,160.605,160.608,160.603,160.607
1781756640000,160.606,160.617,160.606,160.617
1781756700000,160.618,160.619,160.616,160.618
1781756760000,160.619,160.621,160.613,160.614
1781756820000,160.615,160.615,160.613,160.613
1781756880000,160.614,160.614,160.614,160.614
1781756940000,160.615,160.616,160.611,160.613
1781757000000,160.614,160.614,160.613,160.613
1781757060000,160.612,160.613,160.612,160.613
1781757120000,160.613,160.613,160.613,160.613
1781757180000,160.612,160.619,160.611,160.615
1781757240000,160.615,160.618,160.611,160.613
1781757300000,160.612,160.613,160.603,160.612
1781757360000,160.609,160.609,160.608,160.608
1781757420000,160.609,160.609,160.607,160.607
1781757480000,160.606,160.606,160.602,160.602
1781757540000,160.603,160.606,160.603,160.605
1781757600000,160.606,160.607,160.603,160.603
1781757660000,160.604,160.604,160.596,160.596
1781757720000,160.595,160.603,160.593,160.598
1781757780000,160.597,160.598,160.595,160.596
1781757840000,160.598,160.598,160.586,160.588
1781757900000,160.589,160.592,160.588,160.591
1781757960000,160.591,160.593,160.59,160.591
1781758020000,160.592,160.593,160.587,160.589
1781758080000,160.59,160.594,160.59,160.592
1781758140000,160.593,160.596,160.591,160.595
1781758200000,160.594,160.604,160.594,160.6
1781758260000,160.597,160.608,160.593,160.608
1781758320000,160.607,160.607,160.595,160.603
1781758380000,160.603,160.608,160.602,160.606
1781758440000,160.606,160.608,160.603,160.603
1781758500000,160.601,160.603,160.599,160.603
1781758560000,160.605,160.608,160.596,160.596
1781758620000,160.596,160.596,160.587,160.592
1781758680000,160.591,160.595,160.591,160.595
1781758740000,160.593,160.594,160.593,160.593
1781758800000,160.592,160.599,160.592,160.594
1781758860000,160.594,160.595,160.592,160.594
1781758920000,160.593,160.594,160.588,160.588
1781758980000,160.589,160.59,160.586,160.588
1781759040000,160.587,160.593,160.586,160.593
1781759100000,160.592,160.593,160.592,160.592
1781759160000,160.596,160.598,160.591,160.591
1781759220000,160.598,160.598,160.592,160.597
1781759280000,160.597,160.598,160.592,160.595
1781759340000,160.594,160.599,160.594,160.597
1781759400000,160.598,160.598,160.597,160.597
1781759460000,160.596,160.606,160.595,160.606
1781759520000,160.604,160.608,160.603,160.605
1781759580000,160.606,160.606,160.595,160.596
1781759640000,160.596,160.597,160.595,160.595
1781759700000,160.596,160.596,160.591,160.594
1781759760000,160.594,160.597,160.593,160.593
1781759820000,160.593,160.593,160.593,160.593
1781759880000,160.593,160.593,160.582,160.582
1781759940000,160.582,160.586,160.581,160.585
1781760000000,160.584,160.59,160.584,160.589
1781760060000,160.591,160.592,160.59,160.59
1781760120000,160.591,160.595,160.591,160.595
1781760180000,160.595,160.595,160.591,160.592
1781760240000,160.593,160.597,160.591,160.595
1781760300000,160.594,160.599,160.594,160.595
1781760360000,160.596,160.601,160.593,160.594
1781760420000,160.594,160.597,160.593,160.597
1781760480000,160.597,160.603,160.596,160.603
1781760540000,160.604,160.606,160.604,160.606
1781760600000,160.605,160.611,160.603,160.608
1781760660000,160.607,160.618,160.607,160.607
1781760720000,160.607,160.607,160.604,160.607
1781760780000,160.608,160.608,160.606,160.607
1781760840000,160.607,160.607,160.601,160.603
1781760900000,160.602,160.603,160.601,160.602
1781760960000,160.601,160.602,160.601,160.602
1781761020000,160.603,160.603,160.594,160.595
1781761080000,160.595,160.598,160.588,160.589
1781761140000,160.589,160.596,160.589,160.595
1781761200000,160.594,160.596,160.594,160.595
1781761260000,160.594,160.604,160.594,160.602
1781761320000,160.603,160.604,160.6,160.601
1781761380000,160.604,160.608,160.601,160.607
1781761440000,160.607,160.607,160.603,160.605
1781761500000,160.606,160.608,160.606,160.607
1781761560000,160.608,160.608,160.606,160.607
1781761620000,160.607,160.618,160.607,160.608
1781761680000,160.612,160.622,160.612,160.619
1781761740000,160.618,160.619,160.615,160.617
1781761800000,160.618,160.62,160.613,160.62
1781761860000,160.62,160.624,160.619,160.62
1781761920000,160.621,160.625,160.618,160.622
1781761980000,160.62,160.633,160.62,160.633
1781762040000,160.633,160.634,160.633,160.634
1781762100000,160.632,160.633,160.627,160.629
1781762160000,160.63,160.635,160.63,160.63
1781762220000,160.632,160.634,160.631,160.634
1781762280000,160.634,160.644,160.634,160.644
1781762340000,160.642,160.648,160.642,160.642
1781762400000,160.642,160.643,160.614,160.633
1781762460000,160.633,160.638,160.622,160.624
1781762520000,160.624,160.63,160.623,160.623
1781762580000,160.622,160.622,160.609,160.617
1781762640000,160.616,160.617,160.598,160.598
1781762700000,160.596,160.601,160.593,160.594
1781762760000,160.593,160.617,160.591,160.614
1781762820000,160.615,160.619,160.608,160.609
1781762880000,160.613,160.621,160.609,160.621
1781762940000,160.621,160.621,160.613,160.613
1781763000000,160.614,160.614,160.597,160.604
1781763060000,160.603,160.606,160.599,160.606
1781763120000,160.606,160.61,160.6,160.606
1781763180000,160.607,160.611,160.606,160.61
1781763240000,160.611,160.611,160.602,160.609
1781763300000,160.609,160.621,160.603,160.619
1781763360000,160.62,160.634,160.618,160.632
1781763420000,160.633,160.638,160.632,160.633
1781763480000,160.632,160.641,160.628,160.638
1781763540000,160.64,160.643,160.633,160.633
1781763600000,160.634,160.635,160.626,160.627
1781763660000,160.627,160.63,160.623,160.625
1781763720000,160.623,160.629,160.62,160.621
1781763780000,160.622,160.634,160.622,160.633
1781763840000,160.634,160.635,160.628,160.634
1781763900000,160.635,160.646,160.634,160.639
1781763960000,160.638,160.645,160.634,160.645
1781764020000,160.645,160.649,160.644,160.647
1781764080000,160.646,160.646,160.636,160.644
1781764140000,160.645,160.645,160.634,160.634
1781764200000,160.634,160.636,160.633,160.635
1781764260000,160.634,160.643,160.633,160.642
1781764320000,160.642,160.65,160.642,160.649
1781764380000,160.648,160.651,160.642,160.647
1781764440000,160.649,160.649,160.647,160.648
1781764500000,160.649,160.653,160.646,160.652
1781764560000,160.654,160.674,160.654,160.674
1781764620000,160.672,160.674,160.66,160.671
1781764680000,160.669,160.674,160.667,160.668
1781764740000,160.669,160.669,160.66,160.663
1781764800000,160.663,160.672,160.662,160.671
1781764860000,160.673,160.674,160.667,160.668
1781764920000,160.667,160.668,160.66,160.661
1781764980000,160.66,160.66,160.643,160.646
1781765040000,160.646,160.646,160.63,160.632
1781765100000,160.632,160.641,160.632,160.641
1781765160000,160.64,160.644,160.633,160.635
1781765220000,160.636,160.64,160.632,160.633
1781765280000,160.634,160.635,160.629,160.632
1781765340000,160.631,160.649,160.631,160.649
1781765400000,160.647,160.648,160.637,160.644
1781765460000,160.646,160.646,160.632,160.633
1781765520000,160.634,160.668,160.634,160.664
1781765580000,160.664,160.677,160.663,160.674
1781765640000,160.675,160.677,160.672,160.674
1781765700000,160.674,160.68,160.673,160.676
1781765760000,160.676,160.677,160.67,160.672
1781765820000,160.672,160.673,160.651,160.653
1781765880000,160.655,160.657,160.645,160.645
1781765940000,160.645,160.648,160.631,160.634
1781766000000,160.634,160.634,160.616,160.618
1781766060000,160.618,160.62,160.606,160.606
1781766120000,160.608,160.62,160.606,160.612
1781766180000,160.612,160.612,160.603,160.609
1781766240000,160.612,160.622,160.612,160.618
1781766300000,160.617,160.62,160.606,160.62
1781766360000,160.619,160.621,160.607,160.607
1781766420000,160.607,160.607,160.578,160.593
1781766480000,160.593,160.614,160.593,160.606
1781766540000,160.605,160.612,160.595,160.595
1781766600000,160.598,160.615,160.598,160.61
1781766660000,160.611,160.618,160.606,160.609
1781766720000,160.609,160.615,160.604,160.604
1781766780000,160.604,160.609,160.602,160.606
1781766840000,160.607,160.609,160.599,160.602
1781766900000,160.602,160.605,160.602,160.602
1781766960000,160.603,160.612,160.603,160.608
1781767020000,160.609,160.613,160.607,160.613
1781767080000,160.612,160.612,160.603,160.606
1781767140000,160.606,160.606,160.594,160.597
1781767200000,160.599,160.604,160.599,160.604
1781767260000,160.602,160.606,160.596,160.606
1781767320000,160.605,160.607,160.604,160.606
1781767380000,160.605,160.613,160.605,160.609
1781767440000,160.61,160.613,160.609,160.613
1781767500000,160.612,160.631,160.611,160.628
1781767560000,160.629,160.631,160.622,160.622
1781767620000,160.62,160.62,160.609,160.61
1781767680000,160.611,160.616,160.609,160.61
1781767740000,160.609,160.61,160.594,160.603
1781767800000,160.602,160.618,160.602,160.617
1781767860000,160.617,160.621,160.614,160.619
1781767920000,160.62,160.641,160.619,160.64
1781767980000,160.64,160.649,160.636,160.644
1781768040000,160.642,160.646,160.639,160.643
1781768100000,160.642,160.653,160.636,160.649
1781768160000,160.647,160.652,160.645,160.649
1781768220000,160.648,160.667,160.646,160.667
1781768280000,160.668,160.681,160.668,160.67
1781768340000,160.671,160.671,160.65,160.652
1781768400000,160.652,160.658,160.65,160.654
1781768460000,160.655,160.659,160.64,160.64
1781768520000,160.641,160.646,160.631,160.631
1781768580000,160.631,160.631,160.622,160.624
1781768640000,160.62,160.62,160.604,160.604
1781768700000,160.603,160.606,160.591,160.594
1781768760000,160.59,160.591,160.583,160.585
1781768820000,160.587,160.599,160.571,160.599
1781768880000,160.597,160.605,160.593,160.599
1781768940000,160.597,160.604,160.594,160.604
1781769000000,160.604,160.605,160.589,160.589
1781769060000,160.59,160.598,160.587,160.593
1781769120000,160.592,160.596,160.581,160.595
1781769180000,160.597,160.604,160.594,160.603
1781769240000,160.603,160.616,160.603,160.607
1781769300000,160.605,160.618,160.6,160.614
1781769360000,160.613,160.623,160.613,160.614
1781769420000,160.616,160.629,160.616,160.629
1781769480000,160.629,160.631,160.612,160.612
1781769540000,160.611,160.614,160.595,160.595
1781769600000,160.595,160.614,160.591,160.607
1781769660000,160.606,160.606,160.593,160.598
1781769720000,160.597,160.604,160.595,160.598
1781769780000,160.598,160.604,160.598,160.599
1781769840000,160.599,160.604,160.595,160.602
1781769900000,160.602,160.605,160.595,160.602
1781769960000,160.604,160.618,160.6,160.614
1781770020000,160.613,160.614,160.604,160.609
1781770080000,160.61,160.614,160.609,160.612
1781770140000,160.611,160.613,160.609,160.612
1781770200000,160.611,160.615,160.61,160.612
1781770260000,160.609,160.616,160.609,160.616
1781770320000,160.614,160.614,160.6,160.603
1781770380000,160.603,160.62,160.602,160.617
1781770440000,160.616,160.618,160.613,160.616
1781770500000,160.616,160.624,160.613,160.621
1781770560000,160.621,160.627,160.621,160.624
1781770620000,160.625,160.625,160.622,160.625
1781770680000,160.628,160.633,160.626,160.63
1781770740000,160.632,160.632,160.623,160.626
1781770800000,160.627,160.633,160.615,160.617
1781770860000,160.617,160.621,160.613,160.618
1781770920000,160.617,160.626,160.617,160.625
1781770980000,160.626,160.626,160.618,160.623
1781771040000,160.623,160.638,160.623,160.638
1781771100000,160.636,160.639,160.63,160.63
1781771160000,160.632,160.632,160.614,160.617
1781771220000,160.615,160.619,160.615,160.617
1781771280000,160.616,160.638,160.612,160.635
1781771340000,160.635,160.647,160.635,160.636
1781771400000,160.636,160.642,160.636,160.641
1781771460000,160.642,160.644,160.64,160.641
1781771520000,160.64,160.642,160.627,160.638
1781771580000,160.638,160.65,160.638,160.645
1781771640000,160.645,160.657,160.643,160.651
1781771700000,160.652,160.665,160.652,160.656
1781771760000,160.656,160.657,160.651,160.654
1781771820000,160.656,160.675,160.656,160.671
1781771880000,160.671,160.672,160.666,160.668
1781771940000,160.669,160.676,160.668,160.668
1781772000000,160.668,160.672,160.668,160.672
1781772060000,160.672,160.681,160.67,160.68
1781772120000,160.679,160.69,160.676,160.687
1781772180000,160.687,160.696,160.686,160.694
1781772240000,160.693,160.694,160.69,160.694
1781772300000,160.697,160.697,160.691,160.691
1781772360000,160.691,160.708,160.689,160.708
1781772420000,160.709,160.721,160.709,160.714
1781772480000,160.716,160.716,160.686,160.686
1781772540000,160.688,160.69,160.686,160.688
1781772600000,160.688,160.693,160.688,160.692
1781772660000,160.692,160.703,160.692,160.701
1781772720000,160.702,160.709,160.702,160.705
1781772780000,160.707,160.724,160.707,160.717
1781772840000,160.717,160.718,160.711,160.713
1781772900000,160.714,160.73,160.714,160.723
1781772960000,160.724,160.73,160.717,160.73
1781773020000,160.729,160.738,160.726,160.736
1781773080000,160.736,160.759,160.735,160.758
1781773140000,160.758,160.775,160.755,160.774
1781773200000,160.774,160.796,160.773,160.792
1781773260000,160.792,160.793,160.662,160.699
1781773320000,160.701,160.708,160.475,160.649
1781773380000,160.649,160.658,160.549,160.627
1781773440000,160.627,160.638,160.614,160.618
1781773500000,160.617,160.66,160.613,160.655
1781773560000,160.654,160.685,160.654,160.685
1781773620000,160.685,160.717,160.678,160.713
1781773680000,160.714,160.731,160.714,160.717
1781773740000,160.716,160.736,160.711,160.733
1781773800000,160.733,160.734,160.718,160.73
1781773860000,160.728,160.734,160.694,160.712
1781773920000,160.712,160.732,160.702,160.714
1781773980000,160.715,160.716,160.694,160.703
1781774040000,160.702,160.705,160.692,160.703
1781774100000,160.704,160.71,160.666,160.672
1781774160000,160.671,160.703,160.669,160.688
1781774220000,160.687,160.693,160.678,160.691
1781774280000,160.692,160.702,160.685,160.702
1781774340000,160.702,160.716,160.699,160.704
1781774400000,160.705,160.705,160.689,160.703
1781774460000,160.702,160.716,160.701,160.711
1781774520000,160.711,160.712,160.696,160.701
1781774580000,160.701,160.707,160.697,160.699
1781774640000,160.7,160.742,160.7,160.742
1781774700000,160.742,160.742,160.731,160.739
1781774760000,160.739,160.75,160.737,160.743
1781774820000,160.743,160.744,160.723,160.728
1781774880000,160.73,160.733,160.722,160.722
1781774940000,160.722,160.724,160.715,160.716
1781775000000,160.717,160.744,160.716,160.74
1781775060000,160.739,160.751,160.736,160.751
1781775120000,160.749,160.754,160.743,160.752
1781775180000,160.751,160.755,160.746,160.755
1781775240000,160.754,160.754,160.746,160.746
1781775300000,160.745,160.746,160.737,160.739
1781775360000,160.738,160.751,160.734,160.746
1781775420000,160.747,160.747,160.738,160.739
1781775480000,160.74,160.74,160.722,160.723
1781775540000,160.723,160.725,160.712,160.713
1781775600000,160.712,160.72,160.712,160.717
1781775660000,160.718,160.732,160.718,160.726
1781775720000,160.727,160.74,160.727,160.737
1781775780000,160.737,160.743,160.737,160.738
1781775840000,160.736,160.736,160.72,160.727
1781775900000,160.724,160.74,160.72,160.74
1781775960000,160.74,160.757,160.736,160.757
1781776020000,160.757,160.757,160.744,160.746
1781776080000,160.746,160.753,160.742,160.753
1781776140000,160.753,160.755,160.75,160.753
1781776200000,160.755,160.757,160.752,160.752
1781776260000,160.752,160.756,160.749,160.75
1781776320000,160.75,160.751,160.744,160.746
1781776380000,160.745,160.756,160.738,160.755
1781776440000,160.755,160.764,160.755,160.762
1781776500000,160.76,160.76,160.749,160.75
1781776560000,160.752,160.773,160.744,160.767
1781776620000,160.766,160.777,160.764,160.775
1781776680000,160.776,160.78,160.775,160.778
1781776740000,160.779,160.802,160.776,160.789
1781776800000,160.791,160.817,160.789,160.815
1781776860000,160.816,160.82,160.787,160.803
1781776920000,160.804,160.823,160.804,160.821
1781776980000,160.821,160.829,160.821,160.822
1781777040000,160.824,160.824,160.804,160.808
1781777100000,160.808,160.825,160.807,160.825
1781777160000,160.826,160.855,160.826,160.855
1781777220000,160.854,160.89,160.854,160.876
1781777280000,160.876,160.876,160.858,160.869
1781777340000,160.869,160.883,160.869,160.879
1781777400000,160.879,160.885,160.865,160.883
1781777460000,160.884,160.887,160.877,160.877
1781777520000,160.877,160.882,160.872,160.882
1781777580000,160.882,160.883,160.816,160.818
1781777640000,160.821,160.849,160.819,160.846
1781777700000,160.843,160.846,160.822,160.829
1781777760000,160.83,160.83,160.818,160.825
1781777820000,160.826,160.844,160.826,160.837
1781777880000,160.839,160.855,160.839,160.853
1781777940000,160.853,160.853,160.822,160.825
1781778000000,160.829,160.832,160.805,160.808
1781778060000,160.809,160.817,160.809,160.817
1781778120000,160.816,160.829,160.816,160.825
1781778180000,160.823,160.831,160.822,160.823
1781778240000,160.822,160.839,160.822,160.827
1781778300000,160.826,160.827,160.748,160.803
1781778360000,160.802,160.83,160.802,160.829
1781778420000,160.83,160.833,160.824,160.829
1781778480000,160.828,160.837,160.825,160.834
1781778540000,160.835,160.836,160.822,160.827
1781778600000,160.826,160.829,160.821,160.826
1781778660000,160.825,160.83,160.821,160.823
1781778720000,160.824,160.824,160.818,160.821
1781778780000,160.822,160.846,160.822,160.845
1781778840000,160.843,160.85,160.839,160.849
1781778900000,160.85,160.853,160.849,160.852
1781778960000,160.853,160.862,160.848,160.853
1781779020000,160.856,160.859,160.849,160.859
1781779080000,160.858,160.885,160.857,160.874
1781779140000,160.875,160.877,160.87,160.871
1781779200000,160.871,160.882,160.87,160.876
1781779260000,160.878,160.88,160.875,160.875
1781779320000,160.876,160.886,160.876,160.882
1781779380000,160.882,160.889,160.882,160.886
1781779440000,160.886,160.897,160.882,160.897
1781779500000,160.897,160.898,160.888,160.894
1781779560000,160.895,160.899,160.892,160.895
1781779620000,160.895,160.908,160.89,160.907
1781779680000,160.904,160.935,160.899,160.935
1781779740000,160.935,160.937,160.909,160.921
1781779800000,160.922,160.933,160.921,160.928
1781779860000,160.927,160.934,160.927,160.932
1781779920000,160.932,160.937,160.932,160.933
1781779980000,160.934,160.942,160.934,160.94
1781780040000,160.942,160.944,160.934,160.936
1781780100000,160.937,160.939,160.935,160.936
1781780160000,160.936,160.942,160.935,160.939
1781780220000,160.94,160.948,160.939,160.946
1781780280000,160.948,160.949,160.934,160.934
1781780340000,160.934,160.934,160.917,160.92
1781780400000,160.92,160.922,160.907,160.907
1781780460000,160.907,160.936,160.907,160.934
1781780520000,160.934,160.939,160.924,160.935
1781780580000,160.935,160.945,160.933,160.937
1781780640000,160.937,160.944,160.936,160.943
1781780700000,160.944,160.946,160.935,160.936
1781780760000,160.936,160.941,160.927,160.928
1781780820000,160.928,160.929,160.903,160.905
1781780880000,160.905,160.921,160.904,160.92
1781780940000,160.919,160.946,160.919,160.94
1781781000000,160.939,160.944,160.936,160.941
1781781060000,160.943,160.947,160.939,160.947
1781781120000,160.947,160.949,160.943,160.946
1781781180000,160.947,160.948,160.938,160.946
1781781240000,160.946,160.948,160.939,160.94
1781781300000,160.939,160.947,160.937,160.946
1781781360000,160.946,160.947,160.938,160.94
1781781420000,160.939,160.942,160.938,160.94
1781781480000,160.94,160.949,160.936,160.937
1781781540000,160.936,160.943,160.935,160.938
1781781600000,160.937,160.947,160.937,160.945
1781781660000,160.944,160.944,160.934,160.939
1781781720000,160.938,160.943,160.937,160.942
1781781780000,160.94,160.944,160.93,160.94
1781781840000,160.939,160.941,160.934,160.934
1781781900000,160.933,160.933,160.927,160.93
1781781960000,160.931,160.932,160.896,160.896
1781782020000,160.896,160.922,160.896,160.916
1781782080000,160.915,160.925,160.915,160.919
1781782140000,160.919,160.919,160.907,160.91
1781782200000,160.91,160.91,160.893,160.893
1781782260000,160.898,160.899,160.884,160.884
1781782320000,160.888,160.888,160.871,160.882
1781782380000,160.881,160.882,160.875,160.876
1781782440000,160.873,160.877,160.867,160.876
1781782500000,160.877,160.89,160.877,160.881
1781782560000,160.881,160.89,160.881,160.89
1781782620000,160.891,160.898,160.887,160.889
1781782680000,160.887,160.901,160.884,160.898
1781782740000,160.9,160.903,160.89,160.903
1781782800000,160.904,160.929,160.904,160.926
1781782860000,160.927,160.932,160.919,160.927
1781782920000,160.927,160.933,160.923,160.931
1781782980000,160.929,160.932,160.927,160.932
1781783040000,160.932,160.933,160.924,160.929
1781783100000,160.929,160.929,160.918,160.921
1781783160000,160.922,160.925,160.911,160.925
1781783220000,160.926,160.931,160.924,160.927
1781783280000,160.926,160.926,160.914,160.916
1781783340000,160.918,160.921,160.916,160.919
1781783400000,160.919,160.925,160.916,160.916
1781783460000,160.916,160.927,160.911,160.926
1781783520000,160.925,160.926,160.914,160.92
1781783580000,160.92,160.926,160.919,160.923
1781783640000,160.922,160.935,160.921,160.932
1781783700000,160.93,160.931,160.923,160.926
1781783760000,160.925,160.926,160.913,160.913
1781783820000,160.912,160.923,160.91,160.923
1781783880000,160.922,160.929,160.921,160.927
1781783940000,160.928,160.935,160.928,160.929
1781784000000,160.93,160.941,160.926,160.931
1781784060000,160.93,160.941,160.926,160.934
1781784120000,160.935,160.944,160.934,160.94
1781784180000,160.939,160.94,160.936,160.937
1781784240000,160.937,160.938,160.925,160.928
1781784300000,160.932,160.934,160.917,160.933
1781784360000,160.935,160.938,160.928,160.93
1781784420000,160.929,160.934,160.922,160.928
1781784480000,160.928,160.929,160.923,160.928
1781784540000,160.929,160.93,160.921,160.924
1781784600000,160.924,160.928,160.914,160.917
1781784660000,160.918,160.925,160.909,160.911
1781784720000,160.91,160.912,160.896,160.898
1781784780000,160.897,160.908,160.895,160.9
1781784840000,160.9,160.901,160.895,160.9
1781784900000,160.901,160.902,160.891,160.895
1781784960000,160.895,160.92,160.892,160.919
1781785020000,160.923,160.928,160.918,160.923
1781785080000,160.923,160.924,160.911,160.912
1781785140000,160.912,160.916,160.901,160.901
1781785200000,160.903,160.912,160.876,160.877
1781785260000,160.876,160.878,160.83,160.858
1781785320000,160.857,160.887,160.836,160.886
1781785380000,160.885,160.885,160.873,160.876
1781785440000,160.877,160.878,160.862,160.868
1781785500000,160.866,160.871,160.832,160.838
1781785560000,160.839,160.862,160.839,160.86
1781785620000,160.86,160.897,160.86,160.897
1781785680000,160.897,160.898,160.888,160.891
1781785740000,160.891,160.893,160.883,160.891
1781785800000,160.882,160.894,160.881,160.891
1781785860000,160.89,160.898,160.873,160.875
1781785920000,160.875,160.88,160.875,160.879
1781785980000,160.88,160.882,160.862,160.863
1781786040000,160.864,160.887,160.863,160.885
1781786100000,160.886,160.886,160.873,160.873
1781786160000,160.873,160.883,160.873,160.879
1781786220000,160.879,160.885,160.874,160.882
1781786280000,160.882,160.884,160.874,160.874
1781786340000,160.874,160.889,160.874,160.889
1781786400000,160.888,160.891,160.883,160.887
1781786460000,160.888,160.893,160.884,160.887
1781786520000,160.886,160.886,160.866,160.873
1781786580000,160.875,160.894,160.875,160.891
1781786640000,160.889,160.922,160.888,160.911
1781786700000,160.91,160.911,160.896,160.909
1781786760000,160.909,160.915,160.896,160.899
1781786820000,160.901,160.913,160.899,160.912
1781786880000,160.912,160.912,160.904,160.911
1781786940000,160.91,160.91,160.9,160.901
1781787000000,160.901,160.904,160.876,160.882
1781787060000,160.882,160.883,160.873,160.876
1781787120000,160.876,160.896,160.876,160.884
1781787180000,160.885,160.892,160.885,160.888
1781787240000,160.889,160.896,160.888,160.892
1781787300000,160.89,160.89,160.875,160.877
1781787360000,160.876,160.891,160.875,160.885
1781787420000,160.885,160.89,160.868,160.875
1781787480000,160.876,160.88,160.874,160.879
1781787540000,160.879,160.884,160.871,160.872
1781787600000,160.871,160.874,160.858,160.874
1781787660000,160.875,160.889,160.874,160.887
1781787720000,160.888,160.901,160.887,160.897
1781787780000,160.898,160.923,160.895,160.914
1781787840000,160.913,160.921,160.91,160.915
1781787900000,160.914,160.923,160.913,160.913
1781787960000,160.913,160.922,160.897,160.915
1781788020000,160.916,160.927,160.913,160.923
1781788080000,160.924,160.926,160.909,160.911
1781788140000,160.909,160.912,160.897,160.91
1781788200000,160.908,160.91,160.887,160.889
1781788260000,160.888,160.888,160.866,160.871
1781788320000,160.872,160.896,160.871,160.886
1781788380000,160.888,160.892,160.869,160.872
1781788440000,160.872,160.876,160.869,160.876
1781788500000,160.879,160.898,160.877,160.895
1781788560000,160.895,160.898,160.886,160.894
1781788620000,160.894,160.896,160.885,160.885
1781788680000,160.885,160.886,160.864,160.869
1781788740000,160.871,160.874,160.862,160.869
1781788800000,160.87,160.893,160.87,160.889
1781788860000,160.888,160.893,160.888,160.888
1781788920000,160.888,160.888,160.882,160.885
1781788980000,160.885,160.89,160.883,160.885
1781789040000,160.884,160.889,160.878,160.883
1781789100000,160.883,160.889,160.867,160.882
1781789160000,160.881,160.881,160.872,160.879
1781789220000,160.879,160.879,160.863,160.864
1781789280000,160.864,160.869,160.85,160.85
1781789340000,160.848,160.851,160.838,160.838
1781789400000,160.837,160.85,160.823,160.826
1781789460000,160.828,160.839,160.823,160.826
1781789520000,160.828,160.837,160.826,160.836
1781789580000,160.834,160.836,160.825,160.833
1781789640000,160.834,160.834,160.813,160.814
1781789700000,160.815,160.823,160.81,160.811
1781789760000,160.811,160.813,160.799,160.813
1781789820000,160.813,160.817,160.808,160.817
1781789880000,160.819,160.829,160.816,160.822
1781789940000,160.822,160.836,160.821,160.822
1781790000000,160.824,160.849,160.823,160.846
1781790060000,160.846,160.851,160.836,160.843
1781790120000,160.845,160.848,160.838,160.841
1781790180000,160.841,160.851,160.837,160.846
1781790240000,160.847,160.86,160.835,160.856
1781790300000,160.857,160.871,160.856,160.856
1781790360000,160.857,160.866,160.843,160.845
1781790420000,160.844,160.858,160.844,160.857
1781790480000,160.857,160.86,160.845,160.859
1781790540000,160.859,160.86,160.832,160.835
1781790600000,160.834,160.843,160.83,160.838
1781790660000,160.841,160.856,160.841,160.85
1781790720000,160.852,160.859,160.852,160.857
1781790780000,160.858,160.866,160.856,160.866
1781790840000,160.866,160.87,160.859,160.868
1781790900000,160.867,160.875,160.861,160.871
1781790960000,160.871,160.884,160.871,160.882
1781791020000,160.881,160.89,160.881,160.887
1781791080000,160.886,160.893,160.883,160.883
1781791140000,160.882,160.891,160.882,160.885
1781791200000,160.885,160.912,160.873,160.876
1781791260000,160.875,160.898,160.87,160.895
1781791320000,160.895,160.898,160.881,160.885
1781791380000,160.884,160.891,160.876,160.884
1781791440000,160.886,160.893,160.884,160.884
1781791500000,160.884,160.892,160.884,160.886
1781791560000,160.886,160.888,160.872,160.875
1781791620000,160.874,160.881,160.871,160.874
1781791680000,160.873,160.886,160.873,160.886
1781791740000,160.886,160.889,160.883,160.888
1781791800000,160.888,160.9,160.884,160.898
1781791860000,160.896,160.896,160.883,160.887
1781791920000,160.888,160.9,160.887,160.897
1781791980000,160.897,160.902,160.895,160.895
1781792040000,160.896,160.898,160.868,160.87
1781792100000,160.871,160.888,160.864,160.88
1781792160000,160.88,160.888,160.871,160.874
1781792220000,160.874,160.884,160.872,160.874
1781792280000,160.875,160.884,160.875,160.876
1781792340000,160.875,160.875,160.87,160.873
1781792400000,160.872,160.878,160.871,160.873
1781792460000,160.873,160.876,160.859,160.861
1781792520000,160.861,160.867,160.856,160.865
1781792580000,160.866,160.867,160.847,160.855
1781792640000,160.855,160.856,160.85,160.856
1781792700000,160.855,160.861,160.852,160.857
1781792760000,160.856,160.877,160.856,160.877
1781792820000,160.876,160.876,160.867,160.872
1781792880000,160.873,160.876,160.87,160.872
1781792940000,160.873,160.876,160.872,160.875
1781793000000,160.879,160.887,160.87,160.883
1781793060000,160.883,160.884,160.876,160.883
1781793120000,160.883,160.885,160.872,160.883
1781793180000,160.883,160.883,160.88,160.88
1781793240000,160.882,160.888,160.88,160.88
1781793300000,160.881,160.896,160.879,160.896
1781793360000,160.896,160.898,160.881,160.886
1781793420000,160.886,160.886,160.871,160.877
1781793480000,160.877,160.889,160.872,160.886
1781793540000,160.886,160.888,160.867,160.87
1781793600000,160.87,160.876,160.87,160.874
1781793660000,160.874,160.881,160.87,160.874
1781793720000,160.874,160.877,160.872,160.874
1781793780000,160.873,160.881,160.87,160.88
1781793840000,160.88,160.88,160.872,160.876
1781793900000,160.879,160.879,160.859,160.87
1781793960000,160.871,160.875,160.86,160.863
1781794020000,160.863,160.882,160.862,160.882
1781794080000,160.881,160.881,160.871,160.876
1781794140000,160.875,160.876,160.867,160.869
1781794200000,160.868,160.87,160.859,160.859
1781794260000,160.861,160.874,160.856,160.856
1781794320000,160.857,160.863,160.857,160.858
1781794380000,160.858,160.858,160.852,160.855
1781794440000,160.856,160.857,160.845,160.845
1781794500000,160.847,160.859,160.847,160.859
1781794560000,160.859,160.864,160.848,160.857
1781794620000,160.859,160.859,160.843,160.847
1781794680000,160.848,160.852,160.838,160.844
1781794740000,160.844,160.862,160.844,160.856
1781794800000,160.855,160.861,160.85,160.852
1781794860000,160.852,160.86,160.849,160.857
1781794920000,160.856,160.861,160.854,160.857
1781794980000,160.855,160.874,160.854,160.871
1781795040000,160.871,160.874,160.866,160.874
1781795100000,160.873,160.88,160.87,160.876
1781795160000,160.874,160.876,160.861,160.873
1781795220000,160.872,160.873,160.864,160.866
1781795280000,160.867,160.876,160.866,160.872
1781795340000,160.871,160.874,160.866,160.874
1781795400000,160.874,160.874,160.861,160.866
1781795460000,160.868,160.868,160.862,160.867
1781795520000,160.867,160.874,160.867,160.873
1781795580000,160.872,160.873,160.863,160.873
1781795640000,160.873,160.892,160.864,160.891
1781795700000,160.89,160.89,160.885,160.888
1781795760000,160.89,160.905,160.89,160.904
1781795820000,160.906,160.919,160.906,160.916
1781795880000,160.916,160.925,160.908,160.924
1781795940000,160.923,160.927,160.917,160.924
1781796000000,160.924,160.925,160.914,160.923
1781796060000,160.922,160.925,160.919,160.924
1781796120000,160.924,160.936,160.923,160.935
1781796180000,160.935,160.945,160.934,160.942
1781796240000,160.941,160.951,160.939,160.947
1781796300000,160.945,160.952,160.945,160.952
1781796360000,160.951,160.961,160.949,160.961
1781796420000,160.962,160.972,160.961,160.963
1781796480000,160.963,160.973,160.962,160.97
1781796540000,160.969,160.984,160.965,160.978
1781796600000,160.979,160.988,160.977,160.982
1781796660000,160.982,160.989,160.978,160.984
1781796720000,160.983,160.987,160.98,160.987
1781796780000,160.987,160.991,160.984,160.984
1781796840000,160.985,160.989,160.984,160.988
1781796900000,160.988,161.081,160.987,161.052
1781796960000,161.051,161.061,160.975,161.054
1781797020000,161.053,161.055,161.028,161.04
1781797080000,161.044,161.078,161.041,161.075
1781797140000,161.077,161.083,161.06,161.083
1781797200000,161.082,161.095,161.072,161.078
1781797260000,161.077,161.082,161.074,161.081
1781797320000,161.083,161.095,161.081,161.089
1781797380000,161.091,161.094,161.079,161.08
1781797440000,161.08,161.08,161.061,161.077
1781797500000,161.076,161.095,161.076,161.091
1781797560000,161.092,161.098,161.082,161.082
1781797620000,161.081,161.094,161.081,161.091
1781797680000,161.09,161.095,161.086,161.09
1781797740000,161.089,161.092,161.088,161.091
1781797800000,161.09,161.092,161.079,161.088
1781797860000,161.089,161.098,161.089,161.092
1781797920000,161.093,161.096,161.091,161.093
1781797980000,161.094,161.149,161.092,161.148
1781798040000,161.149,161.198,161.131,161.197
1781798100000,161.197,161.197,161.168,161.179
1781798160000,161.18,161.188,161.178,161.183
1781798220000,161.184,161.189,161.177,161.179
1781798280000,161.178,161.225,161.175,161.223
1781798340000,161.222,161.371,161.22,161.367
1781798400000,161.369,161.373,161.198,161.241
1781798460000,161.241,161.288,161.239,161.264
1781798520000,161.266,161.284,161.258,161.271
1781798580000,161.271,161.303,161.27,161.294
1781798640000,161.294,161.314,161.287,161.311
1781798700000,161.311,161.323,161.288,161.297
1781798760000,161.297,161.298,161.255,161.284
1781798820000,161.284,161.305,161.283,161.296
1781798880000,161.294,161.309,161.273,161.305
1781798940000,161.306,161.326,161.305,161.314
1781799000000,161.314,161.316,161.294,161.3
1781799060000,161.301,161.301,161.27,161.286
1781799120000,161.285,161.287,161.276,161.284
1781799180000,161.284,161.299,161.284,161.292
1781799240000,161.291,161.302,161.287,161.3
1781799300000,161.3,161.312,161.295,161.309
1781799360000,161.31,161.348,161.31,161.338
1781799420000,161.339,161.365,161.337,161.361
1781799480000,161.362,161.374,161.36,161.371
1781799540000,161.371,161.373,161.345,161.345
1781799600000,161.346,161.378,161.344,161.377
1781799660000,161.378,161.395,161.371,161.379
1781799720000,161.38,161.39,161.38,161.387
1781799780000,161.388,161.39,161.353,161.36
1781799840000,161.359,161.37,161.333,161.333
1781799900000,161.332,161.333,161.289,161.296
1781799960000,161.296,161.297,161.259,161.277
1781800020000,161.278,161.312,161.277,161.295
1781800080000,161.294,161.302,161.286,161.301
1781800140000,161.3,161.308,161.293,161.308
1781800200000,161.309,161.309,161.269,161.27
1781800260000,161.271,161.273,161.259,161.267
1781800320000,161.268,161.285,161.267,161.276
1781800380000,161.277,161.283,161.271,161.276
1781800440000,161.275,161.299,161.275,161.297
1781800500000,161.296,161.314,161.288,161.313
1781800560000,161.314,161.345,161.312,161.338
1781800620000,161.338,161.338,161.297,161.297
1781800680000,161.299,161.322,161.294,161.314
1781800740000,161.313,161.313,161.295,161.304
1781800800000,161.304,161.305,161.287,161.292
1781800860000,161.293,161.3,161.292,161.298
1781800920000,161.298,161.309,161.295,161.296
1781800980000,161.297,161.297,161.277,161.285
1781801040000,161.285,161.297,161.285,161.296
1781801100000,161.297,161.3,161.29,161.295
1781801160000,161.296,161.308,161.296,161.305
1781801220000,161.305,161.315,161.298,161.314
1781801280000,161.313,161.328,161.313,161.326
1781801340000,161.326,161.33,161.307,161.324
1781801400000,161.325,161.346,161.322,161.341
1781801460000,161.339,161.382,161.33,161.38
1781801520000,161.38,161.388,161.375,161.385
1781801580000,161.387,161.399,161.386,161.398
1781801640000,161.398,161.41,161.398,161.402
1781801700000,161.402,161.43,161.4,161.429
1781801760000,161.431,161.447,161.421,161.447
1781801820000,161.445,161.452,161.424,161.442
1781801880000,161.442,161.442,161.418,161.421
1781801940000,161.42,161.43,161.416,161.426
1781802000000,161.426,161.456,161.425,161.451
1781802060000,161.452,161.453,161.43,161.439
1781802120000,161.44,161.442,161.404,161.412
1781802180000,161.413,161.442,161.413,161.44
1781802240000,161.442,161.444,161.432,161.434
1781802300000,161.435,161.435,161.41,161.412
1781802360000,161.411,161.429,161.402,161.425
1781802420000,161.424,161.438,161.423,161.433
1781802480000,161.432,161.432,161.424,161.427
1781802540000,161.427,161.427,161.421,161.424
1781802600000,161.422,161.435,161.415,161.433
1781802660000,161.433,161.433,161.42,161.42
1781802720000,161.418,161.424,161.412,161.412
1781802780000,161.413,161.425,161.41,161.425
1781802840000,161.42,161.424,161.411,161.411
1781802900000,161.412,161.412,161.374,161.375
1781802960000,161.377,161.377,161.36,161.362
1781803020000,161.362,161.363,161.344,161.358
1781803080000,161.358,161.361,161.336,161.347
1781803140000,161.346,161.351,161.343,161.349
1781803200000,161.348,161.349,161.344,161.349
1781803260000,161.352,161.36,161.347,161.347
1781803320000,161.347,161.378,161.347,161.376
1781803380000,161.376,161.377,161.363,161.363
1781803440000,161.363,161.372,161.358,161.368
1781803500000,161.366,161.375,161.36,161.374
1781803560000,161.375,161.377,161.369,161.371
1781803620000,161.372,161.374,161.367,161.368
1781803680000,161.368,161.377,161.367,161.376
1781803740000,161.376,161.387,161.368,161.387
1781803800000,161.385,161.409,161.385,161.402
1781803860000,161.405,161.41,161.404,161.409
1781803920000,161.409,161.409,161.394,161.395
1781803980000,161.397,161.404,161.393,161.404
1781804040000,161.404,161.404,161.397,161.401
1781804100000,161.402,161.406,161.401,161.406
1781804160000,161.406,161.409,161.401,161.406
1781804220000,161.407,161.408,161.401,161.402
1781804280000,161.402,161.404,161.399,161.4
1781804340000,161.401,161.416,161.396,161.411
1781804400000,161.409,161.411,161.396,161.398
1781804460000,161.398,161.412,161.397,161.412
1781804520000,161.412,161.428,161.409,161.427
1781804580000,161.427,161.428,161.423,161.425
1781804640000,161.426,161.429,161.41,161.414
1781804700000,161.414,161.427,161.414,161.427
1781804760000,161.426,161.429,161.412,161.412
1781804820000,161.412,161.428,161.41,161.428
1781804880000,161.429,161.433,161.424,161.431
1781804940000,161.431,161.435,161.425,161.426
1781805000000,161.427,161.427,161.4,161.403
1781805060000,161.404,161.412,161.404,161.412
1781805120000,161.412,161.416,161.411,161.413
1781805180000,161.415,161.416,161.411,161.412
1781805240000,161.413,161.423,161.411,161.417
1781805300000,161.418,161.425,161.415,161.416
1781805360000,161.416,161.417,161.415,161.415
1781805420000,161.415,161.431,161.414,161.43
1781805480000,161.429,161.43,161.424,161.428
1781805540000,161.427,161.446,161.427,161.445
1781805600000,161.446,161.452,161.444,161.446
1781805660000,161.442,161.45,161.439,161.447
1781805720000,161.447,161.452,161.445,161.451
1781805780000,161.451,161.454,161.448,161.451
1781805840000,161.452,161.452,161.436,161.438
1781805900000,161.437,161.437,161.418,161.425
1781805960000,161.425,161.429,161.412,161.429
1781806020000,161.43,161.436,161.423,161.425
1781806080000,161.424,161.425,161.419,161.424
1781806140000,161.424,161.424,161.42,161.423
1781806200000,161.422,161.427,161.41,161.413
1781806260000,161.413,161.417,161.413,161.415
1781806320000,161.415,161.416,161.41,161.411
1781806380000,161.411,161.412,161.408,161.41
1781806440000,161.411,161.411,161.403,161.409
1781806500000,161.409,161.413,161.409,161.413
1781806560000,161.411,161.415,161.411,161.414
1781806620000,161.414,161.427,161.414,161.421
1781806680000,161.423,161.424,161.412,161.413
1781806740000,161.41,161.412,161.405,161.412
1781806800000,161.413,161.423,161.411,161.423
1781806860000,161.422,161.423,161.411,161.414
1781806920000,161.414,161.416,161.411,161.416
1781806980000,161.416,161.428,161.415,161.42
1781807040000,161.421,161.427,161.42,161.427
1781807100000,161.427,161.427,161.411,161.411
1781807160000,161.412,161.426,161.412,161.426
1781807220000,161.427,161.436,161.423,161.424
1781807280000,161.425,161.44,161.425,161.438
1781807340000,161.436,161.44,161.435,161.438
1781807400000,161.44,161.454,161.44,161.45
1781807460000,161.449,161.453,161.449,161.452
1781807520000,161.453,161.475,161.452,161.475
1781807580000,161.474,161.479,161.469,161.474
1781807640000,161.473,161.473,161.467,161.469
1781807700000,161.468,161.47,161.466,161.469
1781807760000,161.469,161.487,161.469,161.485
1781807820000,161.486,161.486,161.476,161.478
1781807880000,161.477,161.489,161.477,161.489
1781807940000,161.49,161.49,161.486,161.488
1781808000000,161.488,161.49,161.486,161.487
1781808060000,161.487,161.487,161.475,161.476
1781808120000,161.476,161.48,161.473,161.478
1781808180000,161.48,161.481,161.475,161.475
1781808240000,161.475,161.475,161.472,161.473
1781808300000,161.473,161.473,161.464,161.465
1781808360000,161.464,161.482,161.464,161.479
1781808420000,161.48,161.482,161.478,161.48
1781808480000,161.481,161.591,161.479,161.585
1781808540000,161.586,161.661,161.586,161.591
1781808600000,161.591,161.628,161.588,161.618
1781808660000,161.618,161.644,161.604,161.622
1781808720000,161.622,161.623,161.581,161.605
1781808780000,161.599,161.607,161.594,161.598
1781808840000,161.603,161.626,161.599,161.625
1781808900000,161.631,161.637,161.619,161.634
1781808960000,161.636,161.648,161.619,161.623
1781809020000,161.622,161.656,161.62,161.647
1781809080000,161.646,161.655,161.642,161.645
1781809140000,161.646,161.685,161.633,161.677
1781809200000,161.674,161.732,161.674,161.716
1781809260000,161.716,161.785,161.709,161.782
1781809320000,161.782,161.802,161.763,161.802
1781809380000,161.802,161.807,161.754,161.766
1781809440000,161.765,161.777,161.764,161.772
1781809500000,161.773,161.778,161.749,161.777
1781809560000,161.777,161.796,161.754,161.754
1781809620000,161.751,161.756,161.734,161.751
1781809680000,161.751,161.751,161.735,161.738
1781809740000,161.739,161.739,161.723,161.723
1781809800000,161.725,161.744,161.725,161.744
1781809860000,161.741,161.754,161.739,161.754
1781809920000,161.761,161.766,161.752,161.752
1781809980000,161.751,161.753,161.732,161.732
1781810040000,161.731,161.731,161.712,161.724
1781810100000,161.723,161.757,161.723,161.756
1781810160000,161.756,161.775,161.749,161.767
1781810220000,161.765,161.773,161.756,161.762
1781810280000,161.76,161.788,161.755,161.769
1781810340000,161.769,161.769,161.723,161.724
1781810400000,161.723,161.734,161.717,161.727
1781810460000,161.727,161.749,161.724,161.742
1781810520000,161.742,161.742,161.735,161.737
1781810580000,161.737,161.779,161.736,161.777
1781810640000,161.778,161.78,161.766,161.774
1781810700000,161.775,161.778,161.764,161.773
1781810760000,161.773,161.791,161.768,161.79
1781810820000,161.79,161.79,161.785,161.788
1781810880000,161.786,161.791,161.784,161.791
1781810940000,161.791,161.791,161.742,161.744
1781811000000,161.746,161.746,160.928,161.393
1781811060000,161.392,161.547,161.375,161.532
1781811120000,161.529,161.573,161.517,161.572
1781811180000,161.571,161.612,161.557,161.586
1781811240000,161.586,161.627,161.577,161.577
1781811300000,161.576,161.588,161.554,161.575
1781811360000,161.576,161.58,161.553,161.56
1781811420000,161.558,161.57,161.53,161.539
1781811480000,161.539,161.563,161.513,161.53
1781811540000,161.529,161.538,161.419,161.449
1781811600000,161.457,161.469,161.237,161.321
1781811660000,161.321,161.363,161.253,161.33
1781811720000,161.33,161.411,161.329,161.403
1781811780000,161.402,161.423,161.358,161.385
1781811840000,161.386,161.43,161.381,161.43
1781811900000,161.431,161.431,161.344,161.382
1781811960000,161.384,161.388,161.331,161.363
1781812020000,161.366,161.39,161.366,161.388
1781812080000,161.388,161.392,161.347,161.349
1781812140000,161.345,161.345,161.316,161.331
1781812200000,161.329,161.35,161.315,161.347
1781812260000,161.348,161.365,161.347,161.363
1781812320000,161.36,161.365,161.296,161.299
1781812380000,161.298,161.325,161.283,161.311
1781812440000,161.311,161.351,161.311,161.338
1781812500000,161.338,161.366,161.324,161.362
1781812560000,161.361,161.402,161.344,161.402
1781812620000,161.404,161.414,161.388,161.414
1781812680000,161.414,161.417,161.402,161.41
1781812740000,161.409,161.438,161.394,161.431
1781812800000,161.428,161.46,161.426,161.451
1781812860000,161.454,161.455,161.435,161.442
1781812920000,161.44,161.443,161.425,161.428
1781812980000,161.426,161.429,161.424,161.425
1781813040000,161.423,161.423,161.373,161.374
1781813100000,161.375,161.398,161.374,161.395
1781813160000,161.395,161.397,161.381,161.386
1781813220000,161.386,161.391,161.385,161.388
1781813280000,161.388,161.389,161.385,161.388
1781813340000,161.389,161.389,161.359,161.36
1781813400000,161.358,161.358,161.336,161.337
1781813460000,161.34,161.342,161.331,161.333
1781813520000,161.335,161.367,161.335,161.359
1781813580000,161.358,161.358,161.327,161.349
1781813640000,161.35,161.357,161.35,161.35
1781813700000,161.35,161.362,161.35,161.36
1781813760000,161.361,161.361,161.35,161.354
1781813820000,161.354,161.354,161.349,161.351
1781813880000,161.355,161.355,161.348,161.349
1781813940000,161.353,161.38,161.353,161.354
1781814000000,161.356,161.387,161.35,161.387
1781814060000,161.387,161.387,161.359,161.366
1781814120000,161.366,161.379,161.363,161.373
1781814180000,161.374,161.379,161.374,161.376
1781814240000,161.384,161.4,161.383,161.4
1781814300000,161.397,161.405,161.391,161.402
1781814360000,161.4,161.404,161.391,161.392
1781814420000,161.391,161.393,161.39,161.393
1781814480000,161.392,161.392,161.379,161.381
1781814540000,161.381,161.381,161.368,161.368
1781814600000,161.368,161.375,161.365,161.375
1781814660000,161.376,161.382,161.364,161.38
1781814720000,161.381,161.381,161.378,161.381
1781814780000,161.385,161.39,161.384,161.39
1781814840000,161.39,161.391,161.376,161.384
1781814900000,161.383,161.402,161.383,161.401
1781814960000,161.401,161.402,161.399,161.402
1781815020000,161.401,161.408,161.391,161.405
1781815080000,161.406,161.412,161.404,161.404
1781815140000,161.403,161.407,161.402,161.406
1781815200000,161.407,161.407,161.401,161.401
1781815260000,161.401,161.405,161.401,161.405
1781815320000,161.406,161.406,161.39,161.394
1781815380000,161.39,161.393,161.38,161.38
1781815440000,161.38,161.407,161.38,161.406
1781815500000,161.405,161.41,161.405,161.407
1781815560000,161.407,161.41,161.407,161.407
1781815620000,161.407,161.407,161.406,161.407
1781815680000,161.408,161.411,161.406,161.406
1781815740000,161.407,161.408,161.395,161.395
1781815800000,161.395,161.398,161.39,161.393
1781815860000,161.393,161.409,161.392,161.398
1781815920000,161.398,161.403,161.39,161.395
1781815980000,161.402,161.408,161.401,161.407
1781816040000,161.408,161.408,161.404,161.407
1781816100000,161.403,161.403,161.384,161.386
1781816160000,161.39,161.394,161.385,161.389
1781816220000,161.388,161.398,161.388,161.393
1781816280000,161.393,161.402,161.388,161.398
1781816340000,161.398,161.401,161.36,161.36
1781816400000,161.339,161.339,161.32,161.32
1781816460000,161.291,161.31,161.291,161.31
1781816520000,161.31,161.311,161.309,161.309
1781816580000,161.306,161.338,161.306,161.337
1781816640000,161.338,161.338,161.337,161.337
1781816700000,161.334,161.347,161.334,161.347
1781816760000,161.347,161.347,161.334,161.334
1781816820000,161.335,161.348,161.334,161.335
1781816880000,161.335,161.335,161.334,161.335
1781816940000,161.336,161.336,161.336,161.336
1781817000000,161.336,161.336,161.336,161.336
1781817060000,161.333,161.334,161.333,161.334
1781817120000,161.334,161.334,161.334,161.334
1781817180000,161.334,161.342,161.334,161.342
1781817240000,161.343,161.343,161.34,161.341
1781817300000,161.341,161.352,161.34,161.352
1781817360000,161.352,161.353,161.349,161.352
1781817420000,161.356,161.356,161.353,161.353
1781817480000,161.353,161.357,161.353,161.357
1781817540000,161.357,161.357,161.357,161.357
1781817600000,161.357,161.358,161.357,161.358
1781817660000,161.379,161.386,161.365,161.383
1781817720000,161.383,161.384,161.382,161.382
1781817780000,161.384,161.386,161.384,161.386
1781817840000,161.385,161.385,161.385,161.385
1781817900000,161.385,161.39,161.385,161.39
1781817960000,161.39,161.401,161.383,161.401
1781818020000,161.402,161.402,161.387,161.397
1781818080000,161.398,161.398,161.38,161.38
1781818140000,161.381,161.4,161.364,161.387
1781818200000,161.384,161.385,161.384,161.385
1781818260000,161.386,161.386,161.361,161.361
1781818320000,161.365,161.375,161.362,161.363
1781818380000,161.363,161.363,161.361,161.362
1781818440000,161.364,161.364,161.364,161.364
1781818500000,161.358,161.366,161.332,161.332
1781818560000,161.332,161.334,161.331,161.334
1781818620000,161.335,161.335,161.333,161.333
1781818680000,161.333,161.334,161.331,161.333
1781818740000,161.333,161.333,161.333,161.333
1781818800000,161.33,161.333,161.329,161.329
1781818860000,161.331,161.335,161.331,161.334
1781818920000,161.336,161.337,161.335,161.337
1781818980000,161.338,161.338,161.337,161.338
1781819040000,161.338,161.344,161.338,161.344
1781819100000,161.344,161.344,161.336,161.336
1781819160000,161.347,161.353,161.347,161.353
1781819220000,161.355,161.355,161.355,161.355
1781819280000,161.356,161.356,161.354,161.356
1781819340000,161.355,161.355,161.355,161.355
1781819400000,161.355,161.356,161.354,161.354
1781819460000,161.355,161.356,161.355,161.356
1781819520000,161.353,161.354,161.353,161.354
1781819580000,161.353,161.354,161.353,161.354
1781819640000,161.353,161.353,161.352,161.352
1781819700000,161.353,161.353,161.352,161.352
1781819760000,161.353,161.353,161.353,161.353
1781819820000,161.354,161.354,161.308,161.312
1781819880000,161.316,161.319,161.314,161.316
1781819940000,161.317,161.34,161.305,161.322
1781820000000,161.32,161.385,161.319,161.373
1781820060000,161.376,161.413,161.375,161.406
1781820120000,161.408,161.42,161.404,161.413
1781820180000,161.412,161.417,161.409,161.413
1781820240000,161.412,161.413,161.404,161.408
1781820300000,161.407,161.41,161.407,161.408
1781820360000,161.407,161.407,161.395,161.406
1781820420000,161.406,161.406,161.374,161.385
1781820480000,161.385,161.391,161.379,161.386
1781820540000,161.387,161.387,161.387,161.387
1781820600000,161.384,161.384,161.355,161.36
1781820660000,161.359,161.373,161.359,161.372
1781820720000,161.368,161.368,161.326,161.326
1781820780000,161.326,161.338,161.315,161.335
1781820840000,161.336,161.336,161.336,161.336
1781820900000,161.337,161.352,161.337,161.352
1781820960000,161.352,161.352,161.349,161.349
1781821020000,161.352,161.367,161.351,161.366
1781821080000,161.376,161.377,161.363,161.363
1781821140000,161.364,161.365,161.35,161.364
1781821200000,161.363,161.363,161.348,161.349
1781821260000,161.35,161.355,161.349,161.354
1781821320000,161.359,161.369,161.359,161.365
1781821380000,161.367,161.378,161.367,161.369
1781821440000,161.368,161.368,161.352,161.353
1781821500000,161.35,161.354,161.348,161.349
1781821560000,161.351,161.364,161.351,161.354
1781821620000,161.361,161.366,161.353,161.353
1781821680000,161.354,161.363,161.354,161.355
1781821740000,161.353,161.354,161.345,161.354
1781821800000,161.354,161.354,161.353,161.354
1781821860000,161.355,161.355,161.348,161.348
1781821920000,161.349,161.354,161.349,161.351
1781821980000,161.35,161.353,161.343,161.35
1781822040000,161.351,161.354,161.351,161.354
1781822100000,161.353,161.354,161.35,161.35
1781822160000,161.351,161.352,161.348,161.352
1781822220000,161.351,161.351,161.348,161.348
1781822280000,161.348,161.352,161.343,161.346
1781822340000,161.347,161.347,161.337,161.341
1781822400000,161.341,161.341,161.312,161.324
1781822460000,161.324,161.324,161.314,161.314
1781822520000,161.316,161.316,161.313,161.314
1781822580000,161.311,161.313,161.311,161.312
1781822640000,161.31,161.31,161.296,161.298
1781822700000,161.299,161.3,161.27,161.271
1781822760000,161.27,161.27,161.174,161.209
1781822820000,161.209,161.235,161.209,161.234
1781822880000,161.233,161.234,161.208,161.22
1781822940000,161.22,161.227,161.195,161.2
1781823000000,161.202,161.241,161.202,161.225
1781823060000,161.224,161.225,161.196,161.211
1781823120000,161.212,161.255,161.212,161.251
1781823180000,161.251,161.254,161.236,161.237
1781823240000,161.237,161.251,161.237,161.251
1781823300000,161.251,161.252,161.249,161.249
1781823360000,161.25,161.256,161.249,161.25
1781823420000,161.25,161.25,161.235,161.241
1781823480000,161.242,161.267,161.242,161.252
1781823540000,161.252,161.276,161.249,161.276
1781823600000,161.267,161.288,161.249,161.281
1781823660000,161.284,161.301,161.284,161.301
1781823720000,161.3,161.314,161.298,161.314
1781823780000,161.313,161.313,161.276,161.277
1781823840000,161.278,161.292,161.277,161.292
1781823900000,161.292,161.292,161.286,161.286
1781823960000,161.287,161.311,161.287,161.308
1781824020000,161.307,161.314,161.303,161.314
1781824080000,161.313,161.318,161.313,161.316
1781824140000,161.316,161.331,161.315,161.318
1781824200000,161.317,161.318,161.314,161.315
1781824260000,161.314,161.315,161.314,161.315
1781824320000,161.315,161.316,161.29,161.291
1781824380000,161.288,161.293,161.285,161.29
1781824440000,161.29,161.316,161.29,161.306
1781824500000,161.304,161.305,161.289,161.305
1781824560000,161.305,161.32,161.305,161.319
1781824620000,161.32,161.333,161.316,161.333
1781824680000,161.331,161.343,161.33,161.342
1781824740000,161.342,161.345,161.332,161.334
1781824800000,161.334,161.343,161.331,161.341
1781824860000,161.342,161.356,161.342,161.356
1781824920000,161.357,161.358,161.345,161.345
1781824980000,161.342,161.342,161.33,161.331
1781825040000,161.331,161.332,161.331,161.332
1781825100000,161.331,161.331,161.329,161.331
1781825160000,161.329,161.329,161.317,161.318
1781825220000,161.318,161.32,161.315,161.32
1781825280000,161.326,161.331,161.326,161.331
1781825340000,161.33,161.33,161.317,161.327
1781825400000,161.326,161.331,161.326,161.331
1781825460000,161.333,161.333,161.332,161.333
1781825520000,161.333,161.335,161.333,161.334
1781825580000,161.333,161.342,161.327,161.332
1781825640000,161.333,161.347,161.333,161.345
1781825700000,161.351,161.355,161.341,161.341
1781825760000,161.337,161.344,161.332,161.332
1781825820000,161.332,161.342,161.33,161.332
1781825880000,161.333,161.334,161.331,161.332
1781825940000,161.332,161.333,161.327,161.333
1781826000000,161.332,161.332,161.317,161.317
1781826060000,161.315,161.315,161.301,161.301
1781826120000,161.302,161.302,161.29,161.291
1781826180000,161.29,161.292,161.29,161.291
1781826240000,161.291,161.291,161.281,161.282
1781826300000,161.281,161.297,161.268,161.268
1781826360000,161.269,161.281,161.267,161.28
1781826420000,161.28,161.281,161.278,161.279
1781826480000,161.28,161.282,161.277,161.278
1781826540000,161.278,161.278,161.273,161.273
1781826600000,161.273,161.277,161.262,161.269
1781826660000,161.272,161.292,161.268,161.292
1781826720000,161.291,161.306,161.288,161.302
1781826780000,161.302,161.307,161.301,161.307
1781826840000,161.306,161.318,161.306,161.318
1781826900000,161.317,161.32,161.312,161.312
1781826960000,161.312,161.344,161.312,161.327
1781827020000,161.326,161.333,161.326,161.332
1781827080000,161.332,161.332,161.313,161.313
1781827140000,161.311,161.314,161.293,161.296
1781827200000,161.298,161.3,161.248,161.25
1781827260000,161.249,161.262,161.235,161.246
1781827320000,161.245,161.268,161.24,161.267
1781827380000,161.277,161.294,161.236,161.246
1781827440000,161.246,161.281,161.246,161.28
1781827500000,161.277,161.279,161.264,161.277
1781827560000,161.277,161.281,161.232,161.251
1781827620000,161.252,161.257,161.225,161.244
1781827680000,161.246,161.259,161.246,161.253
1781827740000,161.251,161.268,161.25,161.25
1781827800000,161.252,161.27,161.239,161.268
1781827860000,161.267,161.268,161.249,161.25
1781827920000,161.249,161.269,161.24,161.267
1781827980000,161.266,161.27,161.26,161.268
1781828040000,161.269,161.269,161.259,161.265
1781828100000,161.265,161.265,161.241,161.25
1781828160000,161.251,161.253,161.232,161.232
1781828220000,161.232,161.252,161.229,161.252
1781828280000,161.253,161.258,161.242,161.257
1781828340000,161.257,161.257,161.242,161.257
1781828400000,161.254,161.259,161.246,161.257
1781828460000,161.258,161.265,161.243,161.247
1781828520000,161.246,161.253,161.242,161.248
1781828580000,161.246,161.247,161.241,161.244
1781828640000,161.244,161.245,161.229,161.23
1781828700000,161.233,161.233,161.222,161.232
1781828760000,161.232,161.245,161.228,161.244
1781828820000,161.244,161.25,161.24,161.243
1781828880000,161.244,161.245,161.234,161.24
1781828940000,161.239,161.245,161.228,161.23
1781829000000,161.231,161.231,161.207,161.208
1781829060000,161.209,161.217,161.204,161.207
1781829120000,161.208,161.208,161.204,161.206
1781829180000,161.207,161.208,161.203,161.207
1781829240000,161.209,161.209,161.205,161.205
1781829300000,161.205,161.207,161.167,161.167
1781829360000,161.164,161.182,161.012,161.032
1781829420000,161.024,161.166,161.021,161.165
1781829480000,161.161,161.179,161.148,161.165
1781829540000,161.163,161.173,161.13,161.141
1781829600000,161.143,161.166,161.143,161.161
1781829660000,161.159,161.167,161.145,161.15
1781829720000,161.154,161.163,161.135,161.136
1781829780000,161.134,161.135,161.108,161.111
1781829840000,161.112,161.125,161.11,161.122
1781829900000,161.124,161.139,161.101,161.108
1781829960000,161.109,161.116,161.094,161.098
1781830020000,161.099,161.099,161.031,161.032
1781830080000,161.032,161.069,161.022,161.059
1781830140000,161.058,161.084,161.052,161.083
1781830200000,161.083,161.103,161.072,161.075
1781830260000,161.072,161.088,161.07,161.081
1781830320000,161.082,161.091,161.062,161.074
1781830380000,161.074,161.136,161.071,161.136
1781830440000,161.134,161.153,161.094,161.107
1781830500000,161.102,161.106,161.033,161.049
1781830560000,161.05,161.072,161.038,161.066
1781830620000,161.065,161.078,161.037,161.055
1781830680000,161.06,161.074,161.053,161.074
1781830740000,161.075,161.105,161.075,161.104
1781830800000,161.103,161.103,161.041,161.055
1781830860000,161.056,161.063,161.023,161.034
1781830920000,161.036,161.061,161.036,161.061
1781830980000,161.061,161.061,161.003,161.012
1781831040000,161.013,161.054,160.986,161.043
1781831100000,161.044,161.09,161.036,161.062
1781831160000,161.062,161.064,161.022,161.036
1781831220000,161.036,161.064,161.034,161.062
1781831280000,161.063,161.09,161.063,161.088
1781831340000,161.088,161.108,161.086,161.094
1781831400000,161.094,161.103,161.094,161.101
1781831460000,161.1,161.117,161.085,161.086
1781831520000,161.086,161.089,161.078,161.086
1781831580000,161.083,161.117,161.08,161.116
1781831640000,161.118,161.129,161.11,161.116
1781831700000,161.116,161.116,161.108,161.111
1781831760000,161.112,161.115,161.109,161.111
1781831820000,161.115,161.132,161.109,161.128
1781831880000,161.13,161.13,161.124,161.128
1781831940000,161.129,161.144,161.087,161.089
1781832000000,161.091,161.143,161.09,161.14
1781832060000,161.139,161.142,161.096,161.114
1781832120000,161.115,161.129,161.09,161.09
1781832180000,161.089,161.117,161.089,161.115
1781832240000,161.116,161.116,161.105,161.106
1781832300000,161.106,161.108,161.051,161.062
1781832360000,161.062,161.089,161.062,161.089
1781832420000,161.088,161.104,161.084,161.102
1781832480000,161.104,161.104,161.086,161.086
1781832540000,161.088,161.09,161.072,161.072
1781832600000,161.071,161.08,161.07,161.071
1781832660000,161.071,161.079,161.07,161.075
1781832720000,161.075,161.095,161.074,161.085
1781832780000,161.084,161.084,161.07,161.072
1781832840000,161.072,161.076,161.07,161.07
1781832900000,161.072,161.103,161.072,161.102
1781832960000,161.102,161.135,161.1,161.134
1781833020000,161.133,161.139,161.126,161.129
1781833080000,161.13,161.135,161.127,161.129
1781833140000,161.13,161.139,161.126,161.138
1781833200000,161.138,161.139,161.11,161.114
1781833260000,161.114,161.148,161.114,161.146
1781833320000,161.146,161.179,161.146,161.179
1781833380000,161.178,161.182,161.175,161.178
1781833440000,161.179,161.193,161.178,161.192
1781833500000,161.192,161.194,161.182,161.183
1781833560000,161.187,161.192,161.181,161.189
1781833620000,161.188,161.207,161.186,161.205
1781833680000,161.205,161.21,161.204,161.207
1781833740000,161.208,161.21,161.204,161.207
1781833800000,161.207,161.207,161.204,161.204
1781833860000,161.203,161.206,161.201,161.203
1781833920000,161.204,161.205,161.191,161.192
1781833980000,161.192,161.205,161.191,161.192
1781834040000,161.193,161.202,161.191,161.192
1781834100000,161.192,161.197,161.18,161.18
1781834160000,161.179,161.182,161.173,161.182
1781834220000,161.181,161.195,161.181,161.193
1781834280000,161.193,161.204,161.193,161.196
1781834340000,161.196,161.204,161.195,161.197
1781834400000,161.197,161.198,161.191,161.194
1781834460000,161.192,161.192,161.158,161.179
1781834520000,161.178,161.182,161.178,161.181
1781834580000,161.181,161.182,161.167,161.18
1781834640000,161.18,161.18,161.178,161.179
1781834700000,161.179,161.194,161.178,161.192
1781834760000,161.193,161.21,161.192,161.192
1781834820000,161.192,161.207,161.192,161.207
1781834880000,161.21,161.22,161.209,161.219
1781834940000,161.22,161.22,161.196,161.202
1781835000000,161.203,161.207,161.197,161.207
1781835060000,161.206,161.207,161.204,161.204
1781835120000,161.206,161.21,161.206,161.208
1781835180000,161.208,161.208,161.207,161.208
1781835240000,161.208,161.213,161.208,161.208
1781835300000,161.209,161.223,161.209,161.221
1781835360000,161.22,161.222,161.208,161.222
1781835420000,161.218,161.218,161.204,161.205
1781835480000,161.206,161.206,161.176,161.182
1781835540000,161.181,161.191,161.18,161.189
1781835600000,161.189,161.202,161.187,161.194
1781835660000,161.195,161.199,161.179,161.179
1781835720000,161.181,161.181,161.152,161.165
1781835780000,161.164,161.166,161.143,161.154
1781835840000,161.154,161.157,161.152,161.157
1781835900000,161.157,161.169,161.156,161.169
1781835960000,161.17,161.179,161.169,161.179
1781836020000,161.174,161.176,161.168,161.169
1781836080000,161.169,161.177,161.168,161.177
1781836140000,161.177,161.178,161.177,161.177
1781836200000,161.176,161.177,161.174,161.176
1781836260000,161.175,161.181,161.175,161.178
1781836320000,161.177,161.18,161.175,161.176
1781836380000,161.178,161.185,161.174,161.178
1781836440000,161.179,161.182,161.178,161.18
1781836500000,161.179,161.183,161.179,161.181
1781836560000,161.181,161.19,161.181,161.187
1781836620000,161.187,161.195,161.187,161.19
1781836680000,161.188,161.203,161.173,161.179
1781836740000,161.179,161.18,161.133,161.133
1781836800000,161.134,161.142,161.103,161.113
1781836860000,161.116,161.141,161.114,161.127
1781836920000,161.128,161.148,161.124,161.143
1781836980000,161.144,161.171,161.144,161.168
1781837040000,161.168,161.179,161.165,161.176
1781837100000,161.178,161.184,161.177,161.184
1781837160000,161.189,161.195,161.189,161.194
1781837220000,161.193,161.193,161.187,161.193
1781837280000,161.192,161.193,161.175,161.176
1781837340000,161.177,161.185,161.173,161.18
1781837400000,161.18,161.193,161.178,161.192
1781837460000,161.193,161.214,161.193,161.213
1781837520000,161.214,161.218,161.213,161.213
1781837580000,161.213,161.215,161.209,161.21
1781837640000,161.21,161.21,161.203,161.204
1781837700000,161.202,161.202,161.194,161.198
1781837760000,161.197,161.225,161.196,161.225
1781837820000,161.226,161.241,161.222,161.236
1781837880000,161.237,161.24,161.229,161.229
1781837940000,161.23,161.231,161.225,161.228
1781838000000,161.231,161.241,161.228,161.238
1781838060000,161.237,161.246,161.236,161.239
1781838120000,161.242,161.251,161.239,161.251
1781838180000,161.251,161.251,161.241,161.241
1781838240000,161.243,161.243,161.209,161.214
1781838300000,161.212,161.217,161.204,161.216
1781838360000,161.216,161.218,161.216,161.216
1781838420000,161.215,161.23,161.204,161.226
1781838480000,161.225,161.225,161.217,161.217
1781838540000,161.221,161.223,161.216,161.221
1781838600000,161.22,161.221,161.216,161.216
1781838660000,161.213,161.213,161.202,161.208
1781838720000,161.208,161.215,161.208,161.215
1781838780000,161.216,161.217,161.212,161.214
1781838840000,161.222,161.225,161.211,161.224
1781838900000,161.225,161.231,161.224,161.225
1781838960000,161.225,161.258,161.224,161.257
1781839020000,161.258,161.3,161.257,161.296
1781839080000,161.295,161.298,161.292,161.297
1781839140000,161.297,161.297,161.293,161.293
1781839200000,161.294,161.296,161.269,161.27
1781839260000,161.269,161.27,161.266,161.27
1781839320000,161.268,161.276,161.265,161.275
1781839380000,161.279,161.284,161.279,161.282
1781839440000,161.282,161.284,161.282,161.284
1781839500000,161.284,161.284,161.281,161.284
1781839560000,161.283,161.283,161.271,161.274
1781839620000,161.276,161.28,161.275,161.28
1781839680000,161.281,161.295,161.281,161.295
1781839740000,161.296,161.3,161.296,161.297
1781839800000,161.299,161.3,161.292,161.294
1781839860000,161.294,161.298,161.283,161.294
1781839920000,161.294,161.297,161.29,161.294
1781839980000,161.293,161.295,161.282,161.283
1781840040000,161.283,161.284,161.281,161.282
1781840100000,161.289,161.292,161.282,161.282
1781840160000,161.283,161.283,161.268,161.27
1781840220000,161.269,161.272,161.269,161.27
1781840280000,161.271,161.287,161.271,161.284
1781840340000,161.284,161.286,161.275,161.28
1781840400000,161.281,161.284,161.272,161.272
1781840460000,161.272,161.278,161.27,161.27
1781840520000,161.271,161.28,161.267,161.279
1781840580000,161.279,161.28,161.27,161.271
1781840640000,161.272,161.273,161.268,161.268
1781840700000,161.268,161.27,161.261,161.267
1781840760000,161.267,161.267,161.263,161.267
1781840820000,161.267,161.277,161.267,161.276
1781840880000,161.277,161.278,161.27,161.271
1781840940000,161.272,161.28,161.271,161.28
1781841000000,161.279,161.285,161.278,161.279
1781841060000,161.279,161.283,161.277,161.282
1781841120000,161.282,161.284,161.276,161.277
1781841180000,161.278,161.284,161.276,161.284
1781841240000,161.283,161.31,161.282,161.31
1781841300000,161.31,161.322,161.306,161.322
1781841360000,161.319,161.321,161.317,161.32
1781841420000,161.319,161.331,161.317,161.326
1781841480000,161.325,161.342,161.325,161.336
1781841540000,161.337,161.344,161.334,161.344
1781841600000,161.345,161.351,161.345,161.348
1781841660000,161.349,161.355,161.348,161.349
1781841720000,161.35,161.369,161.348,161.367
1781841780000,161.367,161.378,161.36,161.361
1781841840000,161.363,161.372,161.36,161.362
1781841900000,161.36,161.373,161.346,161.349
1781841960000,161.352,161.366,161.349,161.363
1781842020000,161.362,161.375,161.359,161.374
1781842080000,161.374,161.374,161.359,161.361
1781842140000,161.361,161.389,161.359,161.389
1781842200000,161.391,161.411,161.369,161.369
1781842260000,161.371,161.371,161.356,161.356
1781842320000,161.355,161.363,161.347,161.363
1781842380000,161.365,161.379,161.365,161.374
1781842440000,161.375,161.375,161.363,161.371
1781842500000,161.372,161.388,161.369,161.373
1781842560000,161.375,161.388,161.375,161.385
1781842620000,161.387,161.388,161.385,161.385
1781842680000,161.384,161.399,161.384,161.398
1781842740000,161.397,161.397,161.388,161.39
1781842800000,161.39,161.396,161.386,161.396
1781842860000,161.393,161.393,161.386,161.386
1781842920000,161.389,161.389,161.387,161.387
1781842980000,161.386,161.387,161.361,161.371
1781843040000,161.37,161.371,161.361,161.366
1781843100000,161.369,161.371,161.363,161.37
1781843160000,161.372,161.377,161.37,161.377
1781843220000,161.374,161.385,161.374,161.384
1781843280000,161.385,161.389,161.381,161.383
1781843340000,161.384,161.386,161.381,161.383
1781843400000,161.382,161.382,161.371,161.377
1781843460000,161.376,161.377,161.372,161.377
1781843520000,161.376,161.381,161.355,161.357
1781843580000,161.358,161.363,161.358,161.363
1781843640000,161.364,161.369,161.357,161.358
1781843700000,161.359,161.372,161.359,161.363
1781843760000,161.364,161.364,161.355,161.362
1781843820000,161.361,161.375,161.361,161.372
1781843880000,161.373,161.384,161.371,161.373
1781843940000,161.373,161.375,161.372,161.373
1781844000000,161.375,161.375,161.366,161.367
1781844060000,161.368,161.373,161.366,161.373
1781844120000,161.373,161.373,161.358,161.358
1781844180000,161.356,161.371,161.356,161.362
1781844240000,161.364,161.365,161.358,161.359
1781844300000,161.359,161.371,161.358,161.368
1781844360000,161.368,161.369,161.359,161.361
1781844420000,161.362,161.363,161.355,161.359
1781844480000,161.357,161.362,161.354,161.362
1781844540000,161.361,161.371,161.345,161.363
1781844600000,161.364,161.365,161.36,161.36
1781844660000,161.36,161.363,161.358,161.362
1781844720000,161.358,161.367,161.355,161.362
1781844780000,161.362,161.37,161.36,161.362
1781844840000,161.363,161.368,161.358,161.364
1781844900000,161.367,161.367,161.337,161.349
1781844960000,161.349,161.363,161.337,161.362
1781845020000,161.363,161.386,161.361,161.375
1781845080000,161.375,161.379,161.372,161.375
1781845140000,161.374,161.381,161.374,161.375
1781845200000,161.376,161.382,161.37,161.382
1781845260000,161.382,161.396,161.381,161.382
1781845320000,161.382,161.382,161.354,161.355
1781845380000,161.355,161.364,161.353,161.355
1781845440000,161.354,161.362,161.336,161.362
1781845500000,161.361,161.374,161.361,161.372
1781845560000,161.372,161.384,161.371,161.371
1781845620000,161.372,161.386,161.37,161.381
1781845680000,161.382,161.397,161.381,161.395
1781845740000,161.394,161.403,161.379,161.383
1781845800000,161.383,161.387,161.366,161.384
1781845860000,161.384,161.385,161.378,161.38
1781845920000,161.382,161.387,161.381,161.386
1781845980000,161.386,161.386,161.383,161.386
1781846040000,161.385,161.408,161.385,161.407
1781846100000,161.406,161.41,161.396,161.41
1781846160000,161.409,161.425,161.408,161.424
1781846220000,161.425,161.456,161.425,161.447
1781846280000,161.447,161.447,161.435,161.436
1781846340000,161.435,161.436,161.424,161.431
1781846400000,161.43,161.432,161.429,161.432
1781846460000,161.431,161.432,161.42,161.421
1781846520000,161.421,161.435,161.421,161.433
1781846580000,161.432,161.433,161.42,161.42
1781846640000,161.42,161.427,161.42,161.425
1781846700000,161.424,161.436,161.407,161.408
1781846760000,161.409,161.424,161.407,161.422
1781846820000,161.423,161.429,161.422,161.426
1781846880000,161.426,161.434,161.419,161.42
1781846940000,161.418,161.418,161.392,161.399
1781847000000,161.397,161.398,161.381,161.387
1781847060000,161.39,161.409,161.386,161.409
1781847120000,161.408,161.414,161.407,161.413
1781847180000,161.412,161.412,161.401,161.401
1781847240000,161.406,161.412,161.406,161.407
1781847300000,161.405,161.405,161.386,161.386
1781847360000,161.388,161.394,161.379,161.382
1781847420000,161.381,161.393,161.376,161.387
1781847480000,161.39,161.401,161.386,161.399
1781847540000,161.398,161.401,161.394,161.398
1781847600000,161.398,161.398,161.372,161.388
1781847660000,161.39,161.405,161.39,161.405
1781847720000,161.408,161.408,161.395,161.401
1781847780000,161.4,161.4,161.392,161.392
1781847840000,161.393,161.396,161.392,161.393
1781847900000,161.392,161.395,161.381,161.395
1781847960000,161.396,161.399,161.395,161.397
1781848020000,161.399,161.399,161.389,161.395
1781848080000,161.396,161.4,161.395,161.396
1781848140000,161.395,161.396,161.381,161.385
1781848200000,161.384,161.384,161.357,161.357
1781848260000,161.356,161.358,161.351,161.355
1781848320000,161.353,161.361,161.35,161.359
1781848380000,161.361,161.371,161.36,161.363
1781848440000,161.362,161.362,161.35,161.35
1781848500000,161.35,161.352,161.343,161.346
1781848560000,161.348,161.35,161.347,161.35
1781848620000,161.35,161.355,161.345,161.35
1781848680000,161.35,161.352,161.332,161.332
1781848740000,161.334,161.341,161.333,161.338
1781848800000,161.337,161.343,161.328,161.341
1781848860000,161.341,161.344,161.338,161.343
1781848920000,161.342,161.36,161.342,161.358
1781848980000,161.357,161.359,161.337,161.337
1781849040000,161.336,161.338,161.321,161.336
1781849100000,161.335,161.346,161.328,161.346
1781849160000,161.347,161.362,161.343,161.343
1781849220000,161.344,161.359,161.34,161.341
1781849280000,161.34,161.345,161.337,161.338
1781849340000,161.341,161.344,161.327,161.327
1781849400000,161.327,161.356,161.299,161.343
1781849460000,161.344,161.358,161.341,161.345
1781849520000,161.343,161.353,161.337,161.353
1781849580000,161.354,161.354,161.33,161.339
1781849640000,161.337,161.345,161.335,161.341
1781849700000,161.341,161.36,161.341,161.36
1781849760000,161.36,161.368,161.357,161.366
1781849820000,161.365,161.366,161.352,161.359
1781849880000,161.358,161.366,161.356,161.363
1781849940000,161.363,161.366,161.355,161.364
1781850000000,161.364,161.372,161.352,161.372
1781850060000,161.374,161.374,161.353,161.357
1781850120000,161.358,161.369,161.356,161.369
1781850180000,161.369,161.384,161.368,161.382
1781850240000,161.383,161.385,161.357,161.358
1781850300000,161.358,161.358,161.341,161.341
1781850360000,161.343,161.346,161.335,161.34
1781850420000,161.342,161.342,161.333,161.339
1781850480000,161.339,161.344,161.334,161.342
1781850540000,161.343,161.348,161.339,161.347
1781850600000,161.347,161.352,161.342,161.347
1781850660000,161.347,161.359,161.344,161.357
1781850720000,161.359,161.364,161.358,161.361
1781850780000,161.364,161.382,161.36,161.382
1781850840000,161.381,161.4,161.366,161.366
1781850900000,161.367,161.374,161.357,161.373
1781850960000,161.373,161.378,161.368,161.378
1781851020000,161.377,161.377,161.365,161.365
1781851080000,161.365,161.365,161.345,161.347
1781851140000,161.346,161.352,161.345,161.351
1781851200000,161.35,161.363,161.342,161.355
1781851260000,161.356,161.36,161.341,161.345
1781851320000,161.346,161.348,161.329,161.329
1781851380000,161.33,161.347,161.329,161.347
1781851440000,161.346,161.356,161.346,161.355
1781851500000,161.354,161.358,161.345,161.347
1781851560000,161.346,161.346,161.339,161.341
1781851620000,161.342,161.342,161.28,161.282
1781851680000,161.282,161.294,161.277,161.281
1781851740000,161.282,161.299,161.278,161.292
1781851800000,161.291,161.303,161.291,161.3
1781851860000,161.302,161.304,161.292,161.292
1781851920000,161.293,161.301,161.291,161.296
1781851980000,161.297,161.297,161.292,161.293
1781852040000,161.295,161.305,161.295,161.298
1781852100000,161.3,161.307,161.298,161.301
1781852160000,161.3,161.3,161.276,161.278
1781852220000,161.279,161.28,161.266,161.267
1781852280000,161.268,161.279,161.267,161.275
1781852340000,161.274,161.276,161.269,161.274
1781852400000,161.274,161.275,161.253,161.265
1781852460000,161.265,161.277,161.262,161.275
1781852520000,161.275,161.28,161.26,161.26
1781852580000,161.261,161.277,161.26,161.266
1781852640000,161.267,161.269,161.248,161.248
1781852700000,161.248,161.258,161.238,161.249
1781852760000,161.25,161.271,161.249,161.265
1781852820000,161.266,161.28,161.264,161.279
1781852880000,161.278,161.283,161.269,161.273
1781852940000,161.273,161.274,161.263,161.269
1781853000000,161.268,161.28,161.268,161.271
1781853060000,161.274,161.283,161.272,161.28
1781853120000,161.28,161.281,161.276,161.279
1781853180000,161.278,161.284,161.275,161.282
1781853240000,161.283,161.283,161.261,161.268
1781853300000,161.267,161.276,161.261,161.266
1781853360000,161.266,161.29,161.265,161.285
1781853420000,161.286,161.296,161.284,161.294
1781853480000,161.295,161.312,161.29,161.309
1781853540000,161.309,161.315,161.305,161.306
1781853600000,161.307,161.319,161.303,161.316
1781853660000,161.316,161.328,161.316,161.326
1781853720000,161.325,161.328,161.317,161.318
1781853780000,161.317,161.334,161.316,161.322
1781853840000,161.323,161.342,161.322,161.341
1781853900000,161.34,161.35,161.337,161.342
1781853960000,161.343,161.345,161.326,161.336
1781854020000,161.335,161.335,161.307,161.309
1781854080000,161.309,161.31,161.292,161.294
1781854140000,161.296,161.302,161.293,161.301
1781854200000,161.307,161.313,161.307,161.308
1781854260000,161.309,161.32,161.29,161.304
1781854320000,161.304,161.308,161.295,161.295
1781854380000,161.294,161.31,161.294,161.305
1781854440000,161.305,161.309,161.302,161.303
1781854500000,161.302,161.318,161.298,161.317
1781854560000,161.316,161.316,161.308,161.316
1781854620000,161.315,161.316,161.302,161.303
1781854680000,161.302,161.311,161.302,161.311
1781854740000,161.311,161.316,161.308,161.308
1781854800000,161.306,161.31,161.303,161.309
1781854860000,161.308,161.308,161.305,161.306
1781854920000,161.306,161.319,161.304,161.315
1781854980000,161.316,161.32,161.293,161.298
1781855040000,161.298,161.315,161.298,161.312
1781855100000,161.309,161.309,161.296,161.304
1781855160000,161.303,161.309,161.298,161.3
1781855220000,161.301,161.311,161.3,161.311
1781855280000,161.31,161.315,161.309,161.312
1781855340000,161.312,161.317,161.305,161.311
1781855400000,161.308,161.308,161.281,161.281
1781855460000,161.282,161.284,161.276,161.283
1781855520000,161.283,161.293,161.283,161.29
1781855580000,161.291,161.301,161.29,161.301
1781855640000,161.304,161.31,161.304,161.308
1781855700000,161.309,161.335,161.309,161.332
1781855760000,161.332,161.334,161.317,161.334
1781855820000,161.334,161.344,161.317,161.323
1781855880000,161.323,161.328,161.319,161.324
1781855940000,161.324,161.324,161.312,161.318
1781856000000,161.317,161.323,161.304,161.314
1781856060000,161.314,161.317,161.297,161.298
1781856120000,161.299,161.302,161.29,161.292
1781856180000,161.293,161.298,161.288,161.288
1781856240000,161.288,161.288,161.238,161.247
1781856300000,161.248,161.26,161.244,161.259
1781856360000,161.259,161.263,161.252,161.257
1781856420000,161.257,161.271,161.252,161.268
1781856480000,161.267,161.285,161.266,161.285
1781856540000,161.283,161.285,161.273,161.273
1781856600000,161.271,161.273,161.258,161.272
1781856660000,161.272,161.284,161.268,161.284
1781856720000,161.284,161.285,161.275,161.279
1781856780000,161.278,161.296,161.278,161.294
1781856840000,161.295,161.305,161.291,161.305
1781856900000,161.307,161.312,161.291,161.294
1781856960000,161.293,161.294,161.285,161.288
1781857020000,161.287,161.293,161.283,161.283
1781857080000,161.286,161.292,161.283,161.285
1781857140000,161.285,161.285,161.28,161.284
1781857200000,161.287,161.297,161.287,161.293
1781857260000,161.293,161.298,161.292,161.297
1781857320000,161.296,161.297,161.286,161.293
1781857380000,161.292,161.292,161.279,161.279
1781857440000,161.279,161.279,161.266,161.277
1781857500000,161.278,161.28,161.276,161.279
1781857560000,161.281,161.282,161.275,161.28
1781857620000,161.281,161.291,161.28,161.29
1781857680000,161.291,161.292,161.289,161.291
1781857740000,161.29,161.304,161.288,161.303
1781857800000,161.302,161.31,161.295,161.304
1781857860000,161.304,161.304,161.292,161.293
1781857920000,161.292,161.298,161.292,161.297
1781857980000,161.296,161.307,161.296,161.306
1781858040000,161.307,161.31,161.299,161.299
1781858100000,161.298,161.299,161.28,161.296
1781858160000,161.298,161.298,161.292,161.292
1781858220000,161.291,161.295,161.287,161.294
1781858280000,161.294,161.311,161.294,161.307
1781858340000,161.307,161.318,161.307,161.318
1781858400000,161.317,161.318,161.303,161.305
1781858460000,161.305,161.305,161.295,161.297
1781858520000,161.297,161.297,161.282,161.289
1781858580000,161.288,161.295,161.279,161.285
1781858640000,161.287,161.298,161.287,161.297
1781858700000,161.297,161.297,161.285,161.291
1781858760000,161.292,161.293,161.282,161.286
1781858820000,161.287,161.287,161.283,161.285
1781858880000,161.284,161.285,161.282,161.285
1781858940000,161.284,161.287,161.283,161.284
1781859000000,161.285,161.297,161.28,161.297
1781859060000,161.3,161.307,161.298,161.304
1781859120000,161.304,161.304,161.298,161.298
1781859180000,161.297,161.298,161.292,161.294
1781859240000,161.292,161.294,161.29,161.294
1781859300000,161.293,161.296,161.291,161.294
1781859360000,161.292,161.294,161.289,161.294
1781859420000,161.294,161.296,161.282,161.296
1781859480000,161.296,161.299,161.294,161.296
1781859540000,161.294,161.295,161.285,161.285
1781859600000,161.284,161.31,161.284,161.309
1781859660000,161.31,161.324,161.31,161.323
1781859720000,161.324,161.328,161.311,161.313
1781859780000,161.313,161.314,161.305,161.31
1781859840000,161.309,161.31,161.306,161.309
1781859900000,161.309,161.312,161.303,161.303
1781859960000,161.304,161.304,161.296,161.296
1781860020000,161.297,161.3,161.285,161.285
1781860080000,161.284,161.298,161.278,161.295
1781860140000,161.292,161.305,161.285,161.305
1781860200000,161.304,161.305,161.302,161.304
1781860260000,161.306,161.308,161.294,161.294
1781860320000,161.293,161.298,161.285,161.288
1781860380000,161.288,161.288,161.283,161.286
1781860440000,161.287,161.287,161.279,161.282
1781860500000,161.283,161.284,161.278,161.284
1781860560000,161.283,161.283,161.278,161.283
1781860620000,161.282,161.294,161.282,161.293
1781860680000,161.293,161.294,161.283,161.283
1781860740000,161.284,161.288,161.283,161.283
1781860800000,161.285,161.287,161.283,161.283
1781860860000,161.285,161.297,161.282,161.296
1781860920000,161.295,161.3,161.284,161.284
1781860980000,161.285,161.288,161.28,161.288
1781861040000,161.291,161.294,161.285,161.287
1781861100000,161.285,161.289,161.283,161.283
1781861160000,161.284,161.284,161.268,161.269
1781861220000,161.27,161.276,161.27,161.275
1781861280000,161.276,161.285,161.274,161.283
1781861340000,161.284,161.286,161.283,161.284
1781861400000,161.284,161.284,161.275,161.276
1781861460000,161.276,161.281,161.274,161.277
1781861520000,161.275,161.275,161.263,161.264
1781861580000,161.266,161.266,161.249,161.249
1781861640000,161.247,161.255,161.241,161.255
1781861700000,161.258,161.266,161.257,161.259
1781861760000,161.259,161.267,161.257,161.26
1781861820000,161.259,161.261,161.252,161.253
1781861880000,161.254,161.268,161.252,161.267
1781861940000,161.268,161.269,161.256,161.259
1781862000000,161.257,161.257,161.246,161.25
1781862060000,161.25,161.255,161.246,161.255
1781862120000,161.251,161.255,161.24,161.24
1781862180000,161.241,161.251,161.234,161.248
1781862240000,161.247,161.249,161.24,161.246
1781862300000,161.245,161.269,161.245,161.268
1781862360000,161.268,161.271,161.256,161.257
1781862420000,161.256,161.259,161.253,161.254
1781862480000,161.255,161.259,161.248,161.252
1781862540000,161.253,161.27,161.25,161.269
1781862600000,161.268,161.268,161.256,161.256
1781862660000,161.256,161.257,161.254,161.254
1781862720000,161.255,161.255,161.248,161.252
1781862780000,161.251,161.251,161.247,161.25
1781862840000,161.252,161.255,161.244,161.244
1781862900000,161.244,161.253,161.244,161.252
1781862960000,161.251,161.251,161.245,161.248
1781863020000,161.248,161.254,161.248,161.253
1781863080000,161.252,161.257,161.251,161.257
1781863140000,161.258,161.267,161.257,161.261
1781863200000,161.262,161.264,161.24,161.241
1781863260000,161.242,161.247,161.242,161.245
1781863320000,161.247,161.252,161.245,161.249
1781863380000,161.251,161.258,161.251,161.258
1781863440000,161.257,161.266,161.257,161.265
1781863500000,161.264,161.267,161.26,161.263
1781863560000,161.268,161.27,161.262,161.264
1781863620000,161.263,161.265,161.256,161.257
1781863680000,161.259,161.259,161.254,161.256
1781863740000,161.255,161.258,161.254,161.256
1781863800000,161.258,161.258,161.256,161.257
1781863860000,161.258,161.266,161.258,161.266
1781863920000,161.265,161.265,161.265,161.265
1781863980000,161.265,161.27,161.265,161.268
1781864040000,161.267,161.267,161.266,161.267
1781864100000,161.269,161.28,161.269,161.279
1781864160000,161.278,161.278,161.268,161.268
1781864220000,161.268,161.281,161.265,161.281
1781864280000,161.28,161.28,161.275,161.28
1781864340000,161.28,161.292,161.28,161.281
1781864400000,161.283,161.308,161.283,161.301
1781864460000,161.3,161.302,161.295,161.298
1781864520000,161.296,161.307,161.296,161.307
1781864580000,161.308,161.316,161.308,161.313
1781864640000,161.313,161.318,161.31,161.313
1781864700000,161.312,161.319,161.306,161.319
1781864760000,161.317,161.317,161.304,161.304
1781864820000,161.306,161.307,161.303,161.305
1781864880000,161.305,161.308,161.301,161.306
1781864940000,161.305,161.306,161.301,161.302
1781865000000,161.301,161.307,161.296,161.296
1781865060000,161.297,161.297,161.29,161.294
1781865120000,161.293,161.296,161.289,161.295
1781865180000,161.294,161.303,161.294,161.302
1781865240000,161.301,161.303,161.299,161.3
1781865300000,161.301,161.307,161.297,161.302
1781865360000,161.303,161.308,161.303,161.305
1781865420000,161.305,161.311,161.305,161.31
1781865480000,161.308,161.318,161.308,161.308
1781865540000,161.309,161.331,161.308,161.33
1781865600000,161.331,161.331,161.319,161.327
1781865660000,161.329,161.329,161.323,161.326
1781865720000,161.324,161.324,161.318,161.32
1781865780000,161.319,161.319,161.31,161.315
1781865840000,161.314,161.315,161.306,161.315
1781865900000,161.314,161.316,161.305,161.305
1781865960000,161.304,161.317,161.301,161.302
1781866020000,161.3,161.306,161.291,161.305
1781866080000,161.303,161.305,161.303,161.304
1781866140000,161.303,161.305,161.301,161.304
1781866200000,161.305,161.307,161.29,161.29
1781866260000,161.289,161.296,161.289,161.294
1781866320000,161.294,161.294,161.275,161.279
1781866380000,161.28,161.28,161.279,161.279
1781866440000,161.28,161.29,161.277,161.288
1781866500000,161.289,161.289,161.283,161.284
1781866560000,161.283,161.288,161.279,161.281
1781866620000,161.28,161.283,161.278,161.28
1781866680000,161.281,161.282,161.277,161.278
1781866740000,161.278,161.278,161.275,161.278
1781866800000,161.279,161.285,161.278,161.28
1781866860000,161.279,161.29,161.279,161.29
1781866920000,161.289,161.306,161.281,161.281
1781866980000,161.281,161.281,161.265,161.266
1781867040000,161.267,161.274,161.266,161.274
1781867100000,161.273,161.28,161.272,161.279
1781867160000,161.28,161.285,161.278,161.285
1781867220000,161.285,161.296,161.275,161.296
1781867280000,161.294,161.298,161.285,161.287
1781867340000,161.287,161.288,161.281,161.286
1781867400000,161.285,161.285,161.279,161.28
1781867460000,161.281,161.282,161.276,161.277
1781867520000,161.278,161.285,161.276,161.282
1781867580000,161.283,161.286,161.28,161.285
1781867640000,161.286,161.295,161.283,161.292
1781867700000,161.292,161.292,161.286,161.289
1781867760000,161.288,161.289,161.286,161.288
1781867820000,161.287,161.287,161.28,161.283
1781867880000,161.282,161.282,161.278,161.279
1781867940000,161.278,161.278,161.263,161.264
1781868000000,161.265,161.269,161.264,161.269
1781868060000,161.269,161.27,161.264,161.264
1781868120000,161.265,161.269,161.264,161.266
1781868180000,161.266,161.27,161.264,161.269
1781868240000,161.27,161.273,161.269,161.271
1781868300000,161.273,161.273,161.269,161.271
1781868360000,161.273,161.28,161.273,161.278
1781868420000,161.281,161.285,161.278,161.285
1781868480000,161.284,161.291,161.283,161.285
1781868540000,161.282,161.293,161.282,161.292
1781868600000,161.293,161.294,161.283,161.283
1781868660000,161.286,161.291,161.28,161.28
1781868720000,161.281,161.282,161.28,161.28
1781868780000,161.281,161.291,161.281,161.291
1781868840000,161.291,161.292,161.281,161.282
1781868900000,161.282,161.283,161.274,161.277
1781868960000,161.278,161.278,161.263,161.266
1781869020000,161.266,161.276,161.264,161.276
1781869080000,161.274,161.274,161.27,161.271
1781869140000,161.27,161.273,161.269,161.271
1781869200000,161.271,161.271,161.262,161.262
1781869260000,161.261,161.263,161.26,161.261
1781869320000,161.263,161.269,161.263,161.269
1781869380000,161.268,161.27,161.267,161.27
1781869440000,161.271,161.272,161.265,161.267
1781869500000,161.266,161.267,161.262,161.267
1781869560000,161.266,161.266,161.257,161.257
1781869620000,161.257,161.257,161.252,161.252
1781869680000,161.253,161.254,161.252,161.254
1781869740000,161.253,161.254,161.251,161.252
1781869800000,161.252,161.256,161.242,161.254
1781869860000,161.254,161.254,161.243,161.245
1781869920000,161.245,161.245,161.235,161.238
1781869980000,161.237,161.243,161.237,161.239
1781870040000,161.24,161.247,161.24,161.244
1781870100000,161.245,161.253,161.245,161.248
1781870160000,161.248,161.248,161.238,161.244
1781870220000,161.244,161.258,161.244,161.254
1781870280000,161.254,161.258,161.253,161.257
1781870340000,161.257,161.259,161.257,161.258
1781870400000,161.256,161.273,161.251,161.254
1781870460000,161.254,161.257,161.224,161.227
1781870520000,161.228,161.242,161.228,161.23
1781870580000,161.232,161.242,161.232,161.241
1781870640000,161.24,161.244,161.238,161.24
1781870700000,161.241,161.256,161.241,161.245
1781870760000,161.25,161.253,161.239,161.243
1781870820000,161.242,161.244,161.238,161.243
1781870880000,161.242,161.244,161.233,161.237
1781870940000,161.236,161.238,161.219,161.219
1781871000000,161.219,161.221,161.214,161.218
1781871060000,161.217,161.218,161.215,161.216
1781871120000,161.215,161.217,161.215,161.217
1781871180000,161.217,161.223,161.216,161.217
1781871240000,161.218,161.22,161.218,161.219
1781871300000,161.218,161.222,161.217,161.219
1781871360000,161.22,161.221,161.22,161.22
1781871420000,161.223,161.231,161.222,161.231
1781871480000,161.232,161.239,161.229,161.229
1781871540000,161.23,161.233,161.226,161.226
1781871600000,161.228,161.234,161.226,161.234
1781871660000,161.238,161.24,161.228,161.229
1781871720000,161.228,161.23,161.224,161.228
1781871780000,161.23,161.243,161.228,161.242
1781871840000,161.242,161.246,161.24,161.246
1781871900000,161.245,161.252,161.245,161.25
1781871960000,161.251,161.251,161.244,161.245
1781872020000,161.246,161.26,161.245,161.257
1781872080000,161.256,161.268,161.253,161.267
1781872140000,161.268,161.273,161.268,161.27
1781872200000,161.269,161.27,161.265,161.266
1781872260000,161.265,161.266,161.256,161.262
1781872320000,161.261,161.261,161.256,161.258
1781872380000,161.256,161.268,161.256,161.265
1781872440000,161.264,161.264,161.255,161.257
1781872500000,161.257,161.258,161.243,161.247
1781872560000,161.25,161.257,161.248,161.257
1781872620000,161.258,161.279,161.254,161.275
1781872680000,161.275,161.275,161.257,161.264
1781872740000,161.265,161.27,161.264,161.266
1781872800000,161.267,161.269,161.26,161.266
1781872860000,161.267,161.268,161.26,161.262
1781872920000,161.262,161.263,161.26,161.261
1781872980000,161.261,161.267,161.261,161.265
1781873040000,161.267,161.267,161.262,161.265
1781873100000,161.266,161.269,161.265,161.265
1781873160000,161.266,161.266,161.264,161.265
1781873220000,161.264,161.267,161.261,161.263
1781873280000,161.263,161.264,161.261,161.261
1781873340000,161.261,161.261,161.253,161.253
1781873400000,161.253,161.253,161.191,161.191
1781873460000,161.191,161.203,161.169,161.178
1781873520000,161.177,161.2,161.165,161.17
1781873580000,161.169,161.192,161.158,161.192
1781873640000,161.193,161.203,161.19,161.19
1781873700000,161.189,161.202,161.183,161.199
1781873760000,161.2,161.206,161.159,161.178
1781873820000,161.178,161.179,161.166,161.174
1781873880000,161.173,161.178,161.166,161.173
1781873940000,161.17,161.174,161.163,161.167
1781874000000,161.165,161.175,161.161,161.166
1781874060000,161.165,161.167,161.155,161.165
1781874120000,161.163,161.193,161.161,161.188
1781874180000,161.19,161.208,161.189,161.207
1781874240000,161.207,161.209,161.194,161.196
1781874300000,161.193,161.194,161.177,161.191
1781874360000,161.191,161.193,161.189,161.19
1781874420000,161.19,161.191,161.182,161.186
1781874480000,161.182,161.182,161.173,161.18
1781874540000,161.18,161.18,161.174,161.175
1781874600000,161.173,161.183,161.173,161.181
1781874660000,161.18,161.199,161.18,161.197
1781874720000,161.197,161.204,161.186,161.192
1781874780000,161.192,161.201,161.192,161.2
1781874840000,161.2,161.228,161.2,161.228
1781874900000,161.225,161.225,161.206,161.219
1781874960000,161.219,161.228,161.217,161.228
1781875020000,161.228,161.231,161.223,161.231
1781875080000,161.229,161.247,161.227,161.246
1781875140000,161.246,161.247,161.242,161.243
1781875200000,161.241,161.251,161.241,161.251
1781875260000,161.252,161.259,161.251,161.259
1781875320000,161.259,161.263,161.257,161.258
1781875380000,161.26,161.265,161.256,161.265
1781875440000,161.264,161.268,161.258,161.258
1781875500000,161.258,161.263,161.254,161.257
1781875560000,161.256,161.256,161.249,161.251
1781875620000,161.251,161.251,161.239,161.243
1781875680000,161.244,161.253,161.243,161.251
1781875740000,161.252,161.256,161.249,161.251
1781875800000,161.253,161.268,161.251,161.266
1781875860000,161.267,161.28,161.266,161.273
1781875920000,161.273,161.282,161.273,161.278
1781875980000,161.279,161.284,161.278,161.283
1781876040000,161.283,161.285,161.279,161.279
1781876100000,161.279,161.279,161.265,161.269
1781876160000,161.27,161.272,161.266,161.27
1781876220000,161.27,161.276,161.268,161.275
1781876280000,161.275,161.283,161.275,161.282
1781876340000,161.283,161.285,161.273,161.273
1781876400000,161.274,161.283,161.273,161.279
1781876460000,161.28,161.282,161.277,161.281
1781876520000,161.28,161.28,161.272,161.273
1781876580000,161.277,161.277,161.267,161.267
1781876640000,161.266,161.276,161.266,161.27
1781876700000,161.268,161.273,161.267,161.268
1781876760000,161.267,161.268,161.265,161.265
1781876820000,161.268,161.283,161.262,161.278
1781876880000,161.278,161.294,161.278,161.294
1781876940000,161.294,161.295,161.288,161.289
1781877000000,161.287,161.291,161.287,161.287
1781877060000,161.287,161.288,161.275,161.283
1781877120000,161.282,161.288,161.28,161.288
1781877180000,161.287,161.287,161.267,161.274
1781877240000,161.273,161.274,161.265,161.272
1781877300000,161.272,161.275,161.269,161.275
1781877360000,161.272,161.284,161.253,161.282
1781877420000,161.282,161.292,161.278,161.29
1781877480000,161.289,161.295,161.289,161.294
1781877540000,161.294,161.3,161.29,161.295
1781877600000,161.298,161.319,161.298,161.315
1781877660000,161.315,161.319,161.313,161.316
1781877720000,161.314,161.317,161.313,161.313
1781877780000,161.313,161.318,161.312,161.316
1781877840000,161.315,161.32,161.313,161.313
1781877900000,161.313,161.314,161.304,161.314
1781877960000,161.314,161.317,161.313,161.313
1781878020000,161.313,161.315,161.31,161.311
1781878080000,161.312,161.312,161.299,161.305
1781878140000,161.305,161.305,161.298,161.301
1781878200000,161.3,161.303,161.288,161.289
1781878260000,161.29,161.29,161.285,161.29
1781878320000,161.291,161.298,161.289,161.297
1781878380000,161.298,161.298,161.285,161.286
1781878440000,161.285,161.289,161.282,161.288
1781878500000,161.288,161.289,161.285,161.288
1781878560000,161.288,161.288,161.275,161.275
1781878620000,161.276,161.278,161.272,161.275
1781878680000,161.276,161.289,161.276,161.288
1781878740000,161.287,161.287,161.276,161.279
1781878800000,161.277,161.286,161.277,161.285
1781878860000,161.286,161.286,161.277,161.285
1781878920000,161.283,161.292,161.283,161.288
1781878980000,161.29,161.293,161.265,161.275
1781879040000,161.276,161.284,161.276,161.279
1781879100000,161.277,161.28,161.275,161.278
1781879160000,161.277,161.279,161.276,161.277
1781879220000,161.277,161.277,161.265,161.274
1781879280000,161.274,161.276,161.267,161.275
1781879340000,161.276,161.277,161.272,161.275
1781879400000,161.274,161.277,161.272,161.277
1781879460000,161.277,161.288,161.275,161.283
1781879520000,161.285,161.291,161.282,161.29
1781879580000,161.292,161.293,161.289,161.289
1781879640000,161.287,161.293,161.287,161.289
1781879700000,161.289,161.289,161.278,161.279
1781879760000,161.279,161.282,161.278,161.279
1781879820000,161.28,161.286,161.277,161.278
1781879880000,161.279,161.281,161.277,161.279
1781879940000,161.277,161.278,161.273,161.278
1781880000000,161.277,161.278,161.274,161.275
1781880060000,161.274,161.278,161.274,161.275
1781880120000,161.277,161.287,161.275,161.287
1781880180000,161.284,161.284,161.275,161.276
1781880240000,161.277,161.279,161.275,161.277
1781880300000,161.276,161.277,161.262,161.274
1781880360000,161.274,161.275,161.268,161.275
1781880420000,161.275,161.275,161.266,161.266
1781880480000,161.265,161.275,161.265,161.272
1781880540000,161.272,161.277,161.271,161.276
1781880600000,161.276,161.281,161.276,161.278
1781880660000,161.277,161.279,161.273,161.279
1781880720000,161.278,161.279,161.276,161.276
1781880780000,161.276,161.29,161.276,161.286
1781880840000,161.287,161.287,161.249,161.25
1781880900000,161.248,161.248,161.201,161.232
1781880960000,161.231,161.231,161.208,161.214
1781881020000,161.214,161.228,161.196,161.196
1781881080000,161.195,161.195,161.172,161.184
1781881140000,161.185,161.186,161.148,161.162
1781881200000,161.165,161.181,161.154,161.159
1781881260000,161.159,161.172,161.142,161.144
1781881320000,161.146,161.172,161.131,161.168
1781881380000,161.17,161.198,161.17,161.195
1781881440000,161.195,161.21,161.192,161.205
1781881500000,161.204,161.217,161.188,161.191
1781881560000,161.19,161.2,161.186,161.186
1781881620000,161.187,161.19,161.177,161.177
1781881680000,161.177,161.19,161.176,161.188
1781881740000,161.189,161.189,161.174,161.18
1781881800000,161.179,161.19,161.174,161.19
1781881860000,161.19,161.206,161.183,161.205
1781881920000,161.205,161.209,161.203,161.207
1781881980000,161.206,161.228,161.205,161.226
1781882040000,161.224,161.224,161.214,161.217
1781882100000,161.216,161.22,161.214,161.216
1781882160000,161.215,161.229,161.215,161.228
1781882220000,161.229,161.229,161.226,161.229
1781882280000,161.227,161.239,161.227,161.239
1781882340000,161.239,161.246,161.239,161.241
1781882400000,161.243,161.243,161.229,161.231
1781882460000,161.229,161.244,161.229,161.243
1781882520000,161.244,161.246,161.238,161.242
1781882580000,161.243,161.246,161.243,161.246
1781882640000,161.246,161.255,161.242,161.255
1781882700000,161.254,161.258,161.254,161.258
1781882760000,161.257,161.265,161.256,161.257
1781882820000,161.257,161.265,161.255,161.265
1781882880000,161.266,161.266,161.257,161.257
1781882940000,161.255,161.264,161.255,161.263
1781883000000,161.264,161.273,161.264,161.272
1781883060000,161.272,161.275,161.269,161.271
1781883120000,161.271,161.272,161.27,161.272
1781883180000,161.272,161.272,161.262,161.265
1781883240000,161.265,161.267,161.265,161.266
1781883300000,161.267,161.268,161.266,161.267
1781883360000,161.267,161.269,161.257,161.262
1781883420000,161.262,161.267,161.262,161.266
1781883480000,161.268,161.271,161.268,161.271
1781883540000,161.271,161.271,161.271,161.271
1781883600000,161.271,161.271,161.265,161.265
1781883660000,161.265,161.267,161.265,161.267
1781883720000,161.268,161.269,161.267,161.267
1781883780000,161.268,161.268,161.266,161.267
1781883840000,161.267,161.28,161.267,161.277
1781883900000,161.277,161.277,161.27,161.27
1781883960000,161.269,161.278,161.269,161.278
1781884020000,161.279,161.279,161.271,161.271
1781884080000,161.27,161.274,161.27,161.274
1781884140000,161.276,161.276,161.273,161.275
1781884200000,161.275,161.289,161.275,161.289
1781884260000,161.29,161.291,161.289,161.29
1781884320000,161.29,161.29,161.289,161.289
1781884380000,161.289,161.29,161.289,161.29
1781884440000,161.291,161.293,161.291,161.292
1781884500000,161.29,161.293,161.29,161.291
1781884560000,161.294,161.306,161.294,161.304
1781884620000,161.304,161.306,161.293,161.296
1781884680000,161.3,161.303,161.298,161.302
1781884740000,161.302,161.307,161.302,161.304
1781884800000,161.304,161.311,161.294,161.31
1781884860000,161.311,161.315,161.306,161.308
1781884920000,161.307,161.31,161.307,161.307
1781884980000,161.307,161.307,161.304,161.306
1781885040000,161.307,161.309,161.307,161.308
1781885100000,161.31,161.315,161.31,161.315
1781885160000,161.315,161.317,161.313,161.314
1781885220000,161.315,161.316,161.315,161.316
1781885280000,161.315,161.316,161.313,161.315
1781885340000,161.316,161.324,161.311,161.314
1781885400000,161.313,161.316,161.313,161.316
1781885460000,161.316,161.32,161.315,161.316
1781885520000,161.316,161.316,161.316,161.316
1781885580000,161.316,161.316,161.316,161.316
1781885640000,161.316,161.316,161.315,161.315
1781885700000,161.316,161.317,161.316,161.317
1781885760000,161.317,161.325,161.317,161.318
1781885820000,161.32,161.32,161.319,161.319
1781885880000,161.319,161.319,161.317,161.317
1781885940000,161.318,161.327,161.318,161.326
1781886000000,161.327,161.327,161.31,161.312
1781886060000,161.313,161.313,161.31,161.31
1781886120000,161.31,161.314,161.31,161.312
1781886180000,161.305,161.305,161.289,161.289
1781886240000,161.291,161.291,161.284,161.284
1781886300000,161.285,161.285,161.277,161.277
1781886360000,161.277,161.283,161.277,161.277
1781886420000,161.277,161.277,161.274,161.277
1781886480000,161.277,161.279,161.273,161.274
1781886540000,161.275,161.276,161.266,161.268
1781886600000,161.266,161.271,161.265,161.269
1781886660000,161.273,161.285,161.273,161.285
1781886720000,161.288,161.295,161.288,161.295
1781886780000,161.295,161.306,161.294,161.306
1781886840000,161.306,161.309,161.306,161.309
1781886900000,161.309,161.318,161.308,161.318
1781886960000,161.32,161.333,161.32,161.332
1781887020000,161.332,161.332,161.325,161.325
1781887080000,161.326,161.326,161.313,161.32
1781887140000,161.32,161.32,161.319,161.32
1781887200000,161.322,161.325,161.322,161.325
1781887260000,161.324,161.327,161.324,161.327
1781887320000,161.326,161.339,161.322,161.339
1781887380000,161.338,161.339,161.335,161.335
1781887440000,161.336,161.336,161.326,161.327
1781887500000,161.336,161.336,161.328,161.329
1781887560000,161.328,161.329,161.327,161.327
1781887620000,161.327,161.327,161.325,161.327
1781887680000,161.327,161.327,161.327,161.327
1781887740000,161.327,161.327,161.326,161.326
1781887800000,161.324,161.324,161.321,161.321
1781887860000,161.321,161.333,161.321,161.333
1781887920000,161.334,161.336,161.333,161.333
1781887980000,161.333,161.334,161.332,161.334
1781888040000,161.336,161.336,161.335,161.336
1781888100000,161.334,161.335,161.327,161.328
1781888160000,161.327,161.335,161.326,161.335
1781888220000,161.333,161.334,161.327,161.328
1781888280000,161.329,161.334,161.328,161.328
1781888340000,161.33,161.333,161.325,161.333
1781888400000,161.334,161.334,161.326,161.329
1781888460000,161.329,161.33,161.329,161.33
1781888520000,161.329,161.329,161.329,161.329
1781888580000,161.33,161.33,161.325,161.325
1781888640000,161.325,161.325,161.32,161.32
1781888700000,161.319,161.321,161.319,161.32
1781888760000,161.32,161.32,161.32,161.32
1781888820000,161.319,161.32,161.319,161.32
1781888880000,161.32,161.32,161.319,161.319
1781888940000,161.32,161.32,161.32,161.32
1781889000000,161.321,161.328,161.321,161.328
1781889060000,161.325,161.328,161.324,161.328
1781889120000,161.329,161.329,161.329,161.329
1781889180000,161.329,161.329,161.329,161.329
1781889240000,161.329,161.329,161.329,161.329
1781889300000,161.329,161.329,161.324,161.324
1781889360000,161.324,161.324,161.323,161.323
1781889420000,161.324,161.329,161.324,161.324
1781889480000,161.327,161.33,161.327,161.33
1781889540000,161.33,161.33,161.33,161.33
1781889600000,161.329,161.329,161.323,161.323
1781889660000,161.323,161.323,161.322,161.322
1781889720000,161.322,161.322,161.322,161.322
1781889780000,161.323,161.323,161.323,161.323
1781889840000,161.323,161.323,161.323,161.323
1781889900000,161.323,161.323,161.323,161.323
1781889960000,161.323,161.323,161.319,161.319
1781890020000,161.319,161.319,161.314,161.314
1781890080000,161.316,161.316,161.314,161.314
1781890140000,161.319,161.319,161.314,161.317
1781890200000,161.314,161.314,161.314,161.314
1781890260000,161.317,161.325,161.315,161.319
1781890320000,161.319,161.319,161.305,161.318
1781890380000,161.318,161.318,161.318,161.318
1781890440000,161.319,161.319,161.319,161.319
1781890500000,161.318,161.32,161.318,161.318
1781890560000,161.318,161.318,161.318,161.318
1781890620000,161.318,161.318,161.318,161.318
1781890680000,161.318,161.318,161.318,161.318
1781890740000,161.317,161.318,161.316,161.317
1781890800000,161.315,161.316,161.314,161.315
1781890860000,161.312,161.315,161.312,161.315
1781890920000,161.311,161.315,161.31,161.315
1781890980000,161.314,161.314,161.31,161.312
1781891040000,161.311,161.312,161.307,161.307
1781891100000,161.307,161.307,161.302,161.302
1781891160000,161.292,161.303,161.292,161.301
1781891220000,161.301,161.301,161.299,161.3
1781891280000,161.304,161.304,161.301,161.304
1781891340000,161.303,161.303,161.303,161.303
1781891400000,161.3,161.3,161.291,161.292
1781891460000,161.292,161.292,161.292,161.292
1781891520000,161.291,161.291,161.287,161.288
1781891580000,161.287,161.288,161.28,161.283
1781891640000,161.285,161.287,161.283,161.283
1781891700000,161.283,161.302,161.282,161.301
1781891760000,161.298,161.303,161.298,161.299
1781891820000,161.299,161.299,161.275,161.275
1781891880000,161.274,161.285,161.262,161.268
1781891940000,161.267,161.272,161.261,161.271
1781892000000,161.27,161.27,161.254,161.254
1781892060000,161.254,161.27,161.254,161.263
1781892120000,161.265,161.273,161.265,161.271
1781892180000,161.27,161.274,161.27,161.274
1781892240000,161.272,161.273,161.272,161.273
1781892300000,161.273,161.273,161.273,161.273
1781892360000,161.271,161.271,161.267,161.267
1781892420000,161.267,161.267,161.266,161.266
1781892480000,161.266,161.266,161.266,161.266
1781892540000,161.266,161.271,161.266,161.271
1781892600000,161.275,161.282,161.275,161.279
1781892660000,161.278,161.278,161.278,161.278
1781892720000,161.278,161.278,161.278,161.278
1781892780000,161.277,161.282,161.277,161.277
1781892840000,161.277,161.277,161.277,161.277
1781892900000,161.278,161.278,161.278,161.278
1781892960000,161.277,161.277,161.268,161.269
1781893020000,161.269,161.269,161.269,161.269
1781893080000,161.269,161.27,161.269,161.27
1781893140000,161.27,161.27,161.27,161.27
1781893200000,161.269,161.27,161.269,161.27
1781893260000,161.27,161.274,161.27,161.274
1781893320000,161.274,161.274,161.271,161.273
1781893380000,161.273,161.275,161.27,161.272
1781893440000,161.27,161.271,161.27,161.271
1781893500000,161.271,161.271,161.268,161.27
1781893560000,161.269,161.269,161.269,161.269
1781893620000,161.269,161.269,161.269,161.269
1781893680000,161.269,161.269,161.268,161.268
1781893740000,161.264,161.268,161.261,161.267
1781893800000,161.268,161.275,161.268,161.272
1781893860000,161.272,161.273,161.272,161.272
1781893920000,161.272,161.272,161.272,161.272
1781893980000,161.27,161.27,161.262,161.262
1781894040000,161.263,161.263,161.263,161.263
1781894100000,161.267,161.267,161.267,161.267
1781894160000,161.266,161.266,161.263,161.263
1781894220000,161.261,161.261,161.26,161.26
1781894280000,161.26,161.26,161.256,161.258
1781894340000,161.258,161.258,161.253,161.253
1781894400000,161.253,161.253,161.253,161.253
1781894460000,161.252,161.252,161.244,161.248
1781894520000,161.248,161.248,161.248,161.248
1781894580000,161.248,161.248,161.248,161.248
1781894640000,161.246,161.246,161.242,161.242
1781894700000,161.241,161.248,161.237,161.248
1781894760000,161.248,161.254,161.248,161.253
1781894820000,161.253,161.253,161.253,161.253
1781894880000,161.253,161.253,161.25,161.253
1781894940000,161.253,161.253,161.253,161.253
1781895000000,161.253,161.262,161.253,161.256
1781895060000,161.257,161.257,161.251,161.252
1781895120000,161.252,161.252,161.252,161.252
1781895180000,161.252,161.252,161.252,161.252
1781895240000,161.257,161.257,161.23,161.234
1781895300000,161.236,161.242,161.236,161.242
1781895360000,161.243,161.244,161.243,161.243
1781895420000,161.243,161.261,161.243,161.261
1781895480000,161.26,161.26,161.26,161.26
1781895540000,161.262,161.268,161.262,161.267
1781895600000,161.261,161.261,161.229,161.232
1781895660000,161.231,161.237,161.23,161.235
1781895720000,161.234,161.237,161.231,161.234
1781895780000,161.235,161.235,161.232,161.233
1781895840000,161.234,161.235,161.233,161.233
1781895900000,161.235,161.257,161.234,161.257
1781895960000,161.257,161.257,161.257,161.257
1781896020000,161.258,161.258,161.256,161.257
1781896080000,161.256,161.258,161.254,161.258
1781896140000,161.258,161.258,161.258,161.258
1781896200000,161.256,161.257,161.256,161.257
1781896260000,161.257,161.257,161.257,161.257
1781896320000,161.256,161.258,161.256,161.258
1781896380000,161.258,161.258,161.258,161.258
1781896440000,161.257,161.257,161.257,161.257
1781896500000,161.256,161.257,161.256,161.257
1781896560000,161.257,161.257,161.257,161.257
1781896620000,161.257,161.266,161.257,161.26
1781896680000,161.261,161.263,161.26,161.263
1781896740000,161.264,161.282,161.264,161.269
1781896800000,161.269,161.269,161.269,161.269
1781896860000,161.269,161.269,161.264,161.267
1781896920000,161.266,161.271,161.266,161.271
1781896980000,161.271,161.271,161.271,161.271
1781897040000,161.27,161.276,161.27,161.276
1781897100000,161.276,161.276,161.272,161.272
1781897160000,161.273,161.273,161.273,161.273
1781897220000,161.273,161.273,161.273,161.273
1781897280000,161.27,161.27,161.265,161.266
1781897340000,161.268,161.268,161.268,161.268
1781897400000,161.268,161.268,161.261,161.264
1781897460000,161.264,161.264,161.264,161.264
1781897520000,161.264,161.264,161.264,161.264
1781897580000,161.264,161.264,161.264,161.264
1781897640000,161.264,161.264,161.264,161.264
1781897700000,161.263,161.264,161.262,161.264
1781897760000,161.263,161.263,161.263,161.263
1781897820000,161.264,161.264,161.264,161.264
1781897880000,161.264,161.264,161.264,161.264
1781897940000,161.264,161.266,161.264,161.264
1781898000000,161.264,161.264,161.264,161.264
1781898060000,161.264,161.264,161.264,161.264
1781898120000,161.264,161.264,161.264,161.264
1781898180000,161.265,161.265,161.265,161.265
1781898240000,161.264,161.264,161.264,161.264
1781898300000,161.264,161.286,161.264,161.285
1781898360000,161.286,161.288,161.286,161.288
1781898420000,161.288,161.288,161.288,161.288
1781898480000,161.288,161.294,161.287,161.288
1781898540000,161.288,161.288,161.288,161.288
1781898600000,161.288,161.288,161.288,161.288
1781898660000,161.287,161.288,161.287,161.287
1781898720000,161.287,161.287,161.287,161.287
1781898780000,161.287,161.287,161.286,161.286
1781898840000,161.285,161.285,161.285,161.285
1781898900000,161.284,161.286,161.284,161.286
1781898960000,161.286,161.286,161.286,161.286
1781899020000,161.285,161.285,161.282,161.284
1781899080000,161.285,161.287,161.285,161.287
1781899140000,161.287,161.289,161.287,161.289
1781899200000,161.29,161.312,161.283,161.294
1781899260000,161.293,161.293,161.276,161.276
1781899320000,161.278,161.278,161.278,161.278
1781899380000,161.277,161.284,161.266,161.276
1781899440000,161.279,161.287,161.27,161.28
1781899500000,161.282,161.301,161.278,161.283
1781899560000,161.284,161.298,161.278,161.285
1781899620000,161.285,161.297,161.26,161.273
1781899680000,161.273,161.292,161.268,161.279
1781899740000,161.287,161.294,161.276,161.284
1781899800000,161.279,161.297,161.273,161.273
1781899860000,161.274,161.28,161.235,161.266
1781899920000,161.265,161.29,161.262,161.288
1781899980000,161.288,161.294,161.258,161.263
1781900040000,161.263,161.271,161.256,161.259
1781900100000,161.256,161.272,161.252,161.264
1781900160000,161.264,161.272,161.25,161.262
1781900220000,161.261,161.283,161.261,161.271
1781900280000,161.271,161.279,161.267,161.279
1781900340000,161.281,161.294,161.277,161.28
1781900400000,161.28,161.294,161.261,161.263
1781900460000,161.263,161.283,161.245,161.277
1781900520000,161.275,161.303,161.268,161.298
1781900580000,161.298,161.322,161.298,161.308
1781900640000,161.31,161.31,161.248,161.265
1781900700000,161.272,161.279,161.252,161.255
1781900760000,161.255,161.287,161.255,161.268
1781900820000,161.268,161.291,161.267,161.285
1781900880000,161.292,161.3,161.287,161.291
1781900940000,161.29,161.304,161.286,161.302
1781901000000,161.303,161.304,161.269,161.286
1781901060000,161.286,161.293,161.275,161.282
1781901120000,161.288,161.301,161.28,161.292
1781901180000,161.292,161.301,161.285,161.299
1781901240000,161.299,161.309,161.299,161.303
1781901300000,161.302,161.302,161.275,161.286
1781901360000,161.286,161.298,161.282,161.284
1781901420000,161.283,161.301,161.282,161.284
1781901480000,161.284,161.285,161.256,161.256
1781901540000,161.257,161.277,161.256,161.277
1781901600000,161.263,161.278,161.256,161.265
1781901660000,161.276,161.277,161.261,161.262
1781901720000,161.26,161.261,161.26,161.26
1781901780000,161.26,161.278,161.259,161.264
1781901840000,161.268,161.277,161.255,161.262
1781901900000,161.276,161.308,161.254,161.281
1781901960000,161.28,161.308,161.276,161.292
1781902020000,161.289,161.299,161.284,161.285
1781902080000,161.298,161.303,161.271,161.275
1781902140000,161.274,161.292,161.274,161.278
1781902200000,161.285,161.295,161.275,161.276
1781902260000,161.277,161.294,161.274,161.283
1781902320000,161.284,161.293,161.267,161.275
1781902380000,161.291,161.301,161.276,161.289
1781902440000,161.278,161.302,161.277,161.289
1781902500000,161.29,161.297,161.264,161.278
1781902560000,161.276,161.287,161.276,161.287
1781902620000,161.302,161.305,161.289,161.302
1781902680000,161.303,161.303,161.282,161.282
1781902740000,161.282,161.303,161.238,161.255
1781902800000,161.255,161.255,161.255,161.255
1781902860000,161.255,161.255,161.255,161.255
1781902920000,161.255,161.255,161.255,161.255
1781902980000,161.255,161.255,161.255,161.255
1781903040000,161.255,161.255,161.255,161.255
1781903100000,161.255,161.255,161.255,161.255
1781903160000,161.255,161.255,161.255,161.255
1781903220000,161.255,161.255,161.255,161.255
1781903280000,161.255,161.255,161.255,161.255
1781903340000,161.255,161.255,161.255,161.255
1781903400000,161.255,161.255,161.255,161.255
1781903460000,161.255,161.255,161.255,161.255
1781903520000,161.255,161.255,161.255,161.255
1781903580000,161.255,161.255,161.255,161.255
1781903640000,161.255,161.255,161.255,161.255
1781903700000,161.255,161.255,161.255,161.255
1781903760000,161.255,161.255,161.255,161.255
1781903820000,161.255,161.255,161.255,161.255
1781903880000,161.255,161.255,161.255,161.255
1781903940000,161.255,161.255,161.255,161.255
1781904000000,161.255,161.255,161.255,161.255
1781904060000,161.255,161.255,161.255,161.255
1781904120000,161.255,161.255,161.255,161.255
1781904180000,161.255,161.255,161.255,161.255
1781904240000,161.255,161.255,161.255,161.255
1781904300000,161.255,161.255,161.255,161.255
1781904360000,161.255,161.255,161.255,161.255
1781904420000,161.255,161.255,161.255,161.255
1781904480000,161.255,161.255,161.255,161.255
1781904540000,161.255,161.255,161.255,161.255
1781904600000,161.255,161.255,161.255,161.255
1781904660000,161.255,161.255,161.255,161.255
1781904720000,161.255,161.255,161.255,161.255
1781904780000,161.255,161.255,161.255,161.255
1781904840000,161.255,161.255,161.255,161.255
1781904900000,161.255,161.255,161.255,161.255
1781904960000,161.255,161.255,161.255,161.255
1781905020000,161.255,161.255,161.255,161.255
1781905080000,161.255,161.255,161.255,161.255
1781905140000,161.255,161.255,161.255,161.255
1781905200000,161.255,161.255,161.255,161.255
1781905260000,161.255,161.255,161.255,161.255
1781905320000,161.255,161.255,161.255,161.255
1781905380000,161.255,161.255,161.255,161.255
1781905440000,161.255,161.255,161.255,161.255
1781905500000,161.255,161.255,161.255,161.255
1781905560000,161.255,161.255,161.255,161.255
1781905620000,161.255,161.255,161.255,161.255
1781905680000,161.255,161.255,161.255,161.255
1781905740000,161.255,161.255,161.255,161.255
1781905800000,161.255,161.255,161.255,161.255
1781905860000,161.255,161.255,161.255,161.255
1781905920000,161.255,161.255,161.255,161.255
1781905980000,161.255,161.255,161.255,161.255
1781906040000,161.255,161.255,161.255,161.255
1781906100000,161.255,161.255,161.255,161.255
1781906160000,161.255,161.255,161.255,161.255
1781906220000,161.255,161.255,161.255,161.255
1781906280000,161.255,161.255,161.255,161.255
1781906340000,161.255,161.255,161.255,161.255
1781906400000,161.255,161.255,161.255,161.255
1781906460000,161.255,161.255,161.255,161.255
1781906520000,161.255,161.255,161.255,161.255
1781906580000,161.255,161.255,161.255,161.255
1781906640000,161.255,161.255,161.255,161.255
1781906700000,161.255,161.255,161.255,161.255
1781906760000,161.255,161.255,161.255,161.255
1781906820000,161.255,161.255,161.255,161.255
1781906880000,161.255,161.255,161.255,161.255
1781906940000,161.255,161.255,161.255,161.255
1781907000000,161.255,161.255,161.255,161.255
1781907060000,161.255,161.255,161.255,161.255
1781907120000,161.255,161.255,161.255,161.255
1781907180000,161.255,161.255,161.255,161.255
1781907240000,161.255,161.255,161.255,161.255
1781907300000,161.255,161.255,161.255,161.255
1781907360000,161.255,161.255,161.255,161.255
1781907420000,161.255,161.255,161.255,161.255
1781907480000,161.255,161.255,161.255,161.255
1781907540000,161.255,161.255,161.255,161.255
1781907600000,161.255,161.255,161.255,161.255
1781907660000,161.255,161.255,161.255,161.255
1781907720000,161.255,161.255,161.255,161.255
1781907780000,161.255,161.255,161.255,161.255
1781907840000,161.255,161.255,161.255,161.255
1781907900000,161.255,161.255,161.255,161.255
1781907960000,161.255,161.255,161.255,161.255
1781908020000,161.255,161.255,161.255,161.255
1781908080000,161.255,161.255,161.255,161.255
1781908140000,161.255,161.255,161.255,161.255
1781908200000,161.255,161.255,161.255,161.255
1781908260000,161.255,161.255,161.255,161.255
1781908320000,161.255,161.255,161.255,161.255
1781908380000,161.255,161.255,161.255,161.255
1781908440000,161.255,161.255,161.255,161.255
1781908500000,161.255,161.255,161.255,161.255
1781908560000,161.255,161.255,161.255,161.255
1781908620000,161.255,161.255,161.255,161.255
1781908680000,161.255,161.255,161.255,161.255
1781908740000,161.255,161.255,161.255,161.255
1781908800000,161.255,161.255,161.255,161.255
1781908860000,161.255,161.255,161.255,161.255
1781908920000,161.255,161.255,161.255,161.255
1781908980000,161.255,161.255,161.255,161.255
1781909040000,161.255,161.255,161.255,161.255
1781909100000,161.255,161.255,161.255,161.255
1781909160000,161.255,161.255,161.255,161.255
1781909220000,161.255,161.255,161.255,161.255
1781909280000,161.255,161.255,161.255,161.255
1781909340000,161.255,161.255,161.255,161.255
1781909400000,161.255,161.255,161.255,161.255
1781909460000,161.255,161.255,161.255,161.255
1781909520000,161.255,161.255,161.255,161.255
1781909580000,161.255,161.255,161.255,161.255
1781909640000,161.255,161.255,161.255,161.255
1781909700000,161.255,161.255,161.255,161.255
1781909760000,161.255,161.255,161.255,161.255
1781909820000,161.255,161.255,161.255,161.255
1781909880000,161.255,161.255,161.255,161.255
1781909940000,161.255,161.255,161.255,161.255
1781910000000,161.255,161.255,161.255,161.255
1781910060000,161.255,161.255,161.255,161.255
1781910120000,161.255,161.255,161.255,161.255
1781910180000,161.255,161.255,161.255,161.255
1781910240000,161.255,161.255,161.255,161.255
1781910300000,161.255,161.255,161.255,161.255
1781910360000,161.255,161.255,161.255,161.255
1781910420000,161.255,161.255,161.255,161.255
1781910480000,161.255,161.255,161.255,161.255
1781910540000,161.255,161.255,161.255,161.255
1781910600000,161.255,161.255,161.255,161.255
1781910660000,161.255,161.255,161.255,161.255
1781910720000,161.255,161.255,161.255,161.255
1781910780000,161.255,161.255,161.255,161.255
1781910840000,161.255,161.255,161.255,161.255
1781910900000,161.255,161.255,161.255,161.255
1781910960000,161.255,161.255,161.255,161.255
1781911020000,161.255,161.255,161.255,161.255
1781911080000,161.255,161.255,161.255,161.255
1781911140000,161.255,161.255,161.255,161.255
1781911200000,161.255,161.255,161.255,161.255
1781911260000,161.255,161.255,161.255,161.255
1781911320000,161.255,161.255,161.255,161.255
1781911380000,161.255,161.255,161.255,161.255
1781911440000,161.255,161.255,161.255,161.255
1781911500000,161.255,161.255,161.255,161.255
1781911560000,161.255,161.255,161.255,161.255
1781911620000,161.255,161.255,161.255,161.255
1781911680000,161.255,161.255,161.255,161.255
1781911740000,161.255,161.255,161.255,161.255
1781911800000,161.255,161.255,161.255,161.255
1781911860000,161.255,161.255,161.255,161.255
1781911920000,161.255,161.255,161.255,161.255
1781911980000,161.255,161.255,161.255,161.255
1781912040000,161.255,161.255,161.255,161.255
1781912100000,161.255,161.255,161.255,161.255
1781912160000,161.255,161.255,161.255,161.255
1781912220000,161.255,161.255,161.255,161.255
1781912280000,161.255,161.255,161.255,161.255
1781912340000,161.255,161.255,161.255,161.255
1781912400000,161.255,161.255,161.255,161.255
1781912460000,161.255,161.255,161.255,161.255
1781912520000,161.255,161.255,161.255,161.255
1781912580000,161.255,161.255,161.255,161.255
1781912640000,161.255,161.255,161.255,161.255
1781912700000,161.255,161.255,161.255,161.255
1781912760000,161.255,161.255,161.255,161.255
1781912820000,161.255,161.255,161.255,161.255
1781912880000,161.255,161.255,161.255,161.255
1781912940000,161.255,161.255,161.255,161.255
1781913000000,161.255,161.255,161.255,161.255
1781913060000,161.255,161.255,161.255,161.255
1781913120000,161.255,161.255,161.255,161.255
1781913180000,161.255,161.255,161.255,161.255
1781913240000,161.255,161.255,161.255,161.255
1781913300000,161.255,161.255,161.255,161.255
1781913360000,161.255,161.255,161.255,161.255
1781913420000,161.255,161.255,161.255,161.255
1781913480000,161.255,161.255,161.255,161.255
1781913540000,161.255,161.255,161.255,161.255
1782604800000,161.692,161.692,161.692,161.692
1782604860000,161.692,161.692,161.692,161.692
1782604920000,161.692,161.692,161.692,161.692
1782604980000,161.692,161.692,161.692,161.692
1782605040000,161.692,161.692,161.692,161.692
1782605100000,161.692,161.692,161.692,161.692
1782605160000,161.692,161.692,161.692,161.692
1782605220000,161.692,161.692,161.692,161.692
1782605280000,161.692,161.692,161.692,161.692
1782605340000,161.692,161.692,161.692,161.692
1782605400000,161.692,161.692,161.692,161.692
1782605460000,161.692,161.692,161.692,161.692
1782605520000,161.692,161.692,161.692,161.692
1782605580000,161.692,161.692,161.692,161.692
1782605640000,161.692,161.692,161.692,161.692
1782605700000,161.692,161.692,161.692,161.692
1782605760000,161.692,161.692,161.692,161.692
1782605820000,161.692,161.692,161.692,161.692
1782605880000,161.692,161.692,161.692,161.692
1782605940000,161.692,161.692,161.692,161.692
1782606000000,161.692,161.692,161.692,161.692
1782606060000,161.692,161.692,161.692,161.692
1782606120000,161.692,161.692,161.692,161.692
1782606180000,161.692,161.692,161.692,161.692
1782606240000,161.692,161.692,161.692,161.692
1782606300000,161.692,161.692,161.692,161.692
1782606360000,161.692,161.692,161.692,161.692
1782606420000,161.692,161.692,161.692,161.692
1782606480000,161.692,161.692,161.692,161.692
1782606540000,161.692,161.692,161.692,161.692
1782606600000,161.692,161.692,161.692,161.692
1782606660000,161.692,161.692,161.692,161.692
1782606720000,161.692,161.692,161.692,161.692
1782606780000,161.692,161.692,161.692,161.692
1782606840000,161.692,161.692,161.692,161.692
1782606900000,161.692,161.692,161.692,161.692
1782606960000,161.692,161.692,161.692,161.692
1782607020000,161.692,161.692,161.692,161.692
1782607080000,161.692,161.692,161.692,161.692
1782607140000,161.692,161.692,161.692,161.692
1782607200000,161.692,161.692,161.692,161.692
1782607260000,161.692,161.692,161.692,161.692
1782607320000,161.692,161.692,161.692,161.692
1782607380000,161.692,161.692,161.692,161.692
1782607440000,161.692,161.692,161.692,161.692
1782607500000,161.692,161.692,161.692,161.692
1782607560000,161.692,161.692,161.692,161.692
1782607620000,161.692,161.692,161.692,161.692
1782607680000,161.692,161.692,161.692,161.692
1782607740000,161.692,161.692,161.692,161.692
1782607800000,161.692,161.692,161.692,161.692
1782607860000,161.692,161.692,161.692,161.692
1782607920000,161.692,161.692,161.692,161.692
1782607980000,161.692,161.692,161.692,161.692
1782608040000,161.692,161.692,161.692,161.692
1782608100000,161.692,161.692,161.692,161.692
1782608160000,161.692,161.692,161.692,161.692
1782608220000,161.692,161.692,161.692,161.692
1782608280000,161.692,161.692,161.692,161.692
1782608340000,161.692,161.692,161.692,161.692
1782608400000,161.692,161.692,161.692,161.692
1782608460000,161.692,161.692,161.692,161.692
1782608520000,161.692,161.692,161.692,161.692
1782608580000,161.692,161.692,161.692,161.692
1782608640000,161.692,161.692,161.692,161.692
1782608700000,161.692,161.692,161.692,161.692
1782608760000,161.692,161.692,161.692,161.692
1782608820000,161.692,161.692,161.692,161.692
1782608880000,161.692,161.692,161.692,161.692
1782608940000,161.692,161.692,161.692,161.692
1782609000000,161.692,161.692,161.692,161.692
1782609060000,161.692,161.692,161.692,161.692
1782609120000,161.692,161.692,161.692,161.692
1782609180000,161.692,161.692,161.692,161.692
1782609240000,161.692,161.692,161.692,161.692
1782609300000,161.692,161.692,161.692,161.692
1782609360000,161.692,161.692,161.692,161.692
1782609420000,161.692,161.692,161.692,161.692
1782609480000,161.692,161.692,161.692,161.692
1782609540000,161.692,161.692,161.692,161.692
1782609600000,161.692,161.692,161.692,161.692
1782609660000,161.692,161.692,161.692,161.692
1782609720000,161.692,161.692,161.692,161.692
1782609780000,161.692,161.692,161.692,161.692
1782609840000,161.692,161.692,161.692,161.692
1782609900000,161.692,161.692,161.692,161.692
1782609960000,161.692,161.692,161.692,161.692
1782610020000,161.692,161.692,161.692,161.692
1782610080000,161.692,161.692,161.692,161.692
1782610140000,161.692,161.692,161.692,161.692
1782610200000,161.692,161.692,161.692,161.692
1782610260000,161.692,161.692,161.692,161.692
1782610320000,161.692,161.692,161.692,161.692
1782610380000,161.692,161.692,161.692,161.692
1782610440000,161.692,161.692,161.692,161.692
1782610500000,161.692,161.692,161.692,161.692
1782610560000,161.692,161.692,161.692,161.692
1782610620000,161.692,161.692,161.692,161.692
1782610680000,161.692,161.692,161.692,161.692
1782610740000,161.692,161.692,161.692,161.692
1782610800000,161.692,161.692,161.692,161.692
1782610860000,161.692,161.692,161.692,161.692
1782610920000,161.692,161.692,161.692,161.692
1782610980000,161.692,161.692,161.692,161.692
1782611040000,161.692,161.692,161.692,161.692
1782611100000,161.692,161.692,161.692,161.692
1782611160000,161.692,161.692,161.692,161.692
1782611220000,161.692,161.692,161.692,161.692
1782611280000,161.692,161.692,161.692,161.692
1782611340000,161.692,161.692,161.692,161.692
1782611400000,161.692,161.692,161.692,161.692
1782611460000,161.692,161.692,161.692,161.692
1782611520000,161.692,161.692,161.692,161.692
1782611580000,161.692,161.692,161.692,161.692
1782611640000,161.692,161.692,161.692,161.692
1782611700000,161.692,161.692,161.692,161.692
1782611760000,161.692,161.692,161.692,161.692
1782611820000,161.692,161.692,161.692,161.692
1782611880000,161.692,161.692,161.692,161.692
1782611940000,161.692,161.692,161.692,161.692
1782612000000,161.692,161.692,161.692,161.692
1782612060000,161.692,161.692,161.692,161.692
1782612120000,161.692,161.692,161.692,161.692
1782612180000,161.692,161.692,161.692,161.692
1782612240000,161.692,161.692,161.692,161.692
1782612300000,161.692,161.692,161.692,161.692
1782612360000,161.692,161.692,161.692,161.692
1782612420000,161.692,161.692,161.692,161.692
1782612480000,161.692,161.692,161.692,161.692
1782612540000,161.692,161.692,161.692,161.692
1782612600000,161.692,161.692,161.692,161.692
1782612660000,161.692,161.692,161.692,161.692
1782612720000,161.692,161.692,161.692,161.692
1782612780000,161.692,161.692,161.692,161.692
1782612840000,161.692,161.692,161.692,161.692
1782612900000,161.692,161.692,161.692,161.692
1782612960000,161.692,161.692,161.692,161.692
1782613020000,161.692,161.692,161.692,161.692
1782613080000,161.692,161.692,161.692,161.692
1782613140000,161.692,161.692,161.692,161.692
1782613200000,161.692,161.692,161.692,161.692
1782613260000,161.692,161.692,161.692,161.692
1782613320000,161.692,161.692,161.692,161.692
1782613380000,161.692,161.692,161.692,161.692
1782613440000,161.692,161.692,161.692,161.692
1782613500000,161.692,161.692,161.692,161.692
1782613560000,161.692,161.692,161.692,161.692
1782613620000,161.692,161.692,161.692,161.692
1782613680000,161.692,161.692,161.692,161.692
1782613740000,161.692,161.692,161.692,161.692
1782613800000,161.692,161.692,161.692,161.692
1782613860000,161.692,161.692,161.692,161.692
1782613920000,161.692,161.692,161.692,161.692
1782613980000,161.692,161.692,161.692,161.692
1782614040000,161.692,161.692,161.692,161.692
1782614100000,161.692,161.692,161.692,161.692
1782614160000,161.692,161.692,161.692,161.692
1782614220000,161.692,161.692,161.692,161.692
1782614280000,161.692,161.692,161.692,161.692
1782614340000,161.692,161.692,161.692,161.692
1782614400000,161.692,161.692,161.692,161.692
1782614460000,161.692,161.692,161.692,161.692
1782614520000,161.692,161.692,161.692,161.692
1782614580000,161.692,161.692,161.692,161.692
1782614640000,161.692,161.692,161.692,161.692
1782614700000,161.692,161.692,161.692,161.692
1782614760000,161.692,161.692,161.692,161.692
1782614820000,161.692,161.692,161.692,161.692
1782614880000,161.692,161.692,161.692,161.692
1782614940000,161.692,161.692,161.692,161.692
1782615000000,161.692,161.692,161.692,161.692
1782615060000,161.692,161.692,161.692,161.692
1782615120000,161.692,161.692,161.692,161.692
1782615180000,161.692,161.692,161.692,161.692
1782615240000,161.692,161.692,161.692,161.692
1782615300000,161.692,161.692,161.692,161.692
1782615360000,161.692,161.692,161.692,161.692
1782615420000,161.692,161.692,161.692,161.692
1782615480000,161.692,161.692,161.692,161.692
1782615540000,161.692,161.692,161.692,161.692
1782615600000,161.692,161.692,161.692,161.692
1782615660000,161.692,161.692,161.692,161.692
1782615720000,161.692,161.692,161.692,161.692
1782615780000,161.692,161.692,161.692,161.692
1782615840000,161.692,161.692,161.692,161.692
1782615900000,161.692,161.692,161.692,161.692
1782615960000,161.692,161.692,161.692,161.692
1782616020000,161.692,161.692,161.692,161.692
1782616080000,161.692,161.692,161.692,161.692
1782616140000,161.692,161.692,161.692,161.692
1782616200000,161.692,161.692,161.692,161.692
1782616260000,161.692,161.692,161.692,161.692
1782616320000,161.692,161.692,161.692,161.692
1782616380000,161.692,161.692,161.692,161.692
1782616440000,161.692,161.692,161.692,161.692
1782616500000,161.692,161.692,161.692,161.692
1782616560000,161.692,161.692,161.692,161.692
1782616620000,161.692,161.692,161.692,161.692
1782616680000,161.692,161.692,161.692,161.692
1782616740000,161.692,161.692,161.692,161.692
1782616800000,161.692,161.692,161.692,161.692
1782616860000,161.692,161.692,161.692,161.692
1782616920000,161.692,161.692,161.692,161.692
1782616980000,161.692,161.692,161.692,161.692
1782617040000,161.692,161.692,161.692,161.692
1782617100000,161.692,161.692,161.692,161.692
1782617160000,161.692,161.692,161.692,161.692
1782617220000,161.692,161.692,161.692,161.692
1782617280000,161.692,161.692,161.692,161.692
1782617340000,161.692,161.692,161.692,161.692
1782617400000,161.692,161.692,161.692,161.692
1782617460000,161.692,161.692,161.692,161.692
1782617520000,161.692,161.692,161.692,161.692
1782617580000,161.692,161.692,161.692,161.692
1782617640000,161.692,161.692,161.692,161.692
1782617700000,161.692,161.692,161.692,161.692
1782617760000,161.692,161.692,161.692,161.692
1782617820000,161.692,161.692,161.692,161.692
1782617880000,161.692,161.692,161.692,161.692
1782617940000,161.692,161.692,161.692,161.692
1782618000000,161.692,161.692,161.692,161.692
1782618060000,161.692,161.692,161.692,161.692
1782618120000,161.692,161.692,161.692,161.692
1782618180000,161.692,161.692,161.692,161.692
1782618240000,161.692,161.692,161.692,161.692
1782618300000,161.692,161.692,161.692,161.692
1782618360000,161.692,161.692,161.692,161.692
1782618420000,161.692,161.692,161.692,161.692
1782618480000,161.692,161.692,161.692,161.692
1782618540000,161.692,161.692,161.692,161.692
1782618600000,161.692,161.692,161.692,161.692
1782618660000,161.692,161.692,161.692,161.692
1782618720000,161.692,161.692,161.692,161.692
1782618780000,161.692,161.692,161.692,161.692
1782618840000,161.692,161.692,161.692,161.692
1782618900000,161.692,161.692,161.692,161.692
1782618960000,161.692,161.692,161.692,161.692
1782619020000,161.692,161.692,161.692,161.692
1782619080000,161.692,161.692,161.692,161.692
1782619140000,161.692,161.692,161.692,161.692
1782619200000,161.692,161.692,161.692,161.692
1782619260000,161.692,161.692,161.692,161.692
1782619320000,161.692,161.692,161.692,161.692
1782619380000,161.692,161.692,161.692,161.692
1782619440000,161.692,161.692,161.692,161.692
1782619500000,161.692,161.692,161.692,161.692
1782619560000,161.692,161.692,161.692,161.692
1782619620000,161.692,161.692,161.692,161.692
1782619680000,161.692,161.692,161.692,161.692
1782619740000,161.692,161.692,161.692,161.692
1782619800000,161.692,161.692,161.692,161.692
1782619860000,161.692,161.692,161.692,161.692
1782619920000,161.692,161.692,161.692,161.692
1782619980000,161.692,161.692,161.692,161.692
1782620040000,161.692,161.692,161.692,161.692
1782620100000,161.692,161.692,161.692,161.692
1782620160000,161.692,161.692,161.692,161.692
1782620220000,161.692,161.692,161.692,161.692
1782620280000,161.692,161.692,161.692,161.692
1782620340000,161.692,161.692,161.692,161.692
1782620400000,161.692,161.692,161.692,161.692
1782620460000,161.692,161.692,161.692,161.692
1782620520000,161.692,161.692,161.692,161.692
1782620580000,161.692,161.692,161.692,161.692
1782620640000,161.692,161.692,161.692,161.692
1782620700000,161.692,161.692,161.692,161.692
1782620760000,161.692,161.692,161.692,161.692
1782620820000,161.692,161.692,161.692,161.692
1782620880000,161.692,161.692,161.692,161.692
1782620940000,161.692,161.692,161.692,161.692
1782621000000,161.692,161.692,161.692,161.692
1782621060000,161.692,161.692,161.692,161.692
1782621120000,161.692,161.692,161.692,161.692
1782621180000,161.692,161.692,161.692,161.692
1782621240000,161.692,161.692,161.692,161.692
1782621300000,161.692,161.692,161.692,161.692
1782621360000,161.692,161.692,161.692,161.692
1782621420000,161.692,161.692,161.692,161.692
1782621480000,161.692,161.692,161.692,161.692
1782621540000,161.692,161.692,161.692,161.692
1782621600000,161.692,161.692,161.692,161.692
1782621660000,161.692,161.692,161.692,161.692
1782621720000,161.692,161.692,161.692,161.692
1782621780000,161.692,161.692,161.692,161.692
1782621840000,161.692,161.692,161.692,161.692
1782621900000,161.692,161.692,161.692,161.692
1782621960000,161.692,161.692,161.692,161.692
1782622020000,161.692,161.692,161.692,161.692
1782622080000,161.692,161.692,161.692,161.692
1782622140000,161.692,161.692,161.692,161.692
1782622200000,161.692,161.692,161.692,161.692
1782622260000,161.692,161.692,161.692,161.692
1782622320000,161.692,161.692,161.692,161.692
1782622380000,161.692,161.692,161.692,161.692
1782622440000,161.692,161.692,161.692,161.692
1782622500000,161.692,161.692,161.692,161.692
1782622560000,161.692,161.692,161.692,161.692
1782622620000,161.692,161.692,161.692,161.692
1782622680000,161.692,161.692,161.692,161.692
1782622740000,161.692,161.692,161.692,161.692
1782622800000,161.692,161.692,161.692,161.692
1782622860000,161.692,161.692,161.692,161.692
1782622920000,161.692,161.692,161.692,161.692
1782622980000,161.692,161.692,161.692,161.692
1782623040000,161.692,161.692,161.692,161.692
1782623100000,161.692,161.692,161.692,161.692
1782623160000,161.692,161.692,161.692,161.692
1782623220000,161.692,161.692,161.692,161.692
1782623280000,161.692,161.692,161.692,161.692
1782623340000,161.692,161.692,161.692,161.692
1782623400000,161.692,161.692,161.692,161.692
1782623460000,161.692,161.692,161.692,161.692
1782623520000,161.692,161.692,161.692,161.692
1782623580000,161.692,161.692,161.692,161.692
1782623640000,161.692,161.692,161.692,161.692
1782623700000,161.692,161.692,161.692,161.692
1782623760000,161.692,161.692,161.692,161.692
1782623820000,161.692,161.692,161.692,161.692
1782623880000,161.692,161.692,161.692,161.692
1782623940000,161.692,161.692,161.692,161.692
1782624000000,161.692,161.692,161.692,161.692
1782624060000,161.692,161.692,161.692,161.692
1782624120000,161.692,161.692,161.692,161.692
1782624180000,161.692,161.692,161.692,161.692
1782624240000,161.692,161.692,161.692,161.692
1782624300000,161.692,161.692,161.692,161.692
1782624360000,161.692,161.692,161.692,161.692
1782624420000,161.692,161.692,161.692,161.692
1782624480000,161.692,161.692,161.692,161.692
1782624540000,161.692,161.692,161.692,161.692
1782624600000,161.692,161.692,161.692,161.692
1782624660000,161.692,161.692,161.692,161.692
1782624720000,161.692,161.692,161.692,161.692
1782624780000,161.692,161.692,161.692,161.692
1782624840000,161.692,161.692,161.692,161.692
1782624900000,161.692,161.692,161.692,161.692
1782624960000,161.692,161.692,161.692,161.692
1782625020000,161.692,161.692,161.692,161.692
1782625080000,161.692,161.692,161.692,161.692
1782625140000,161.692,161.692,161.692,161.692
1782625200000,161.692,161.692,161.692,161.692
1782625260000,161.692,161.692,161.692,161.692
1782625320000,161.692,161.692,161.692,161.692
1782625380000,161.692,161.692,161.692,161.692
1782625440000,161.692,161.692,161.692,161.692
1782625500000,161.692,161.692,161.692,161.692
1782625560000,161.692,161.692,161.692,161.692
1782625620000,161.692,161.692,161.692,161.692
1782625680000,161.692,161.692,161.692,161.692
1782625740000,161.692,161.692,161.692,161.692
1782625800000,161.692,161.692,161.692,161.692
1782625860000,161.692,161.692,161.692,161.692
1782625920000,161.692,161.692,161.692,161.692
1782625980000,161.692,161.692,161.692,161.692
1782626040000,161.692,161.692,161.692,161.692
1782626100000,161.692,161.692,161.692,161.692
1782626160000,161.692,161.692,161.692,161.692
1782626220000,161.692,161.692,161.692,161.692
1782626280000,161.692,161.692,161.692,161.692
1782626340000,161.692,161.692,161.692,161.692
1782626400000,161.692,161.692,161.692,161.692
1782626460000,161.692,161.692,161.692,161.692
1782626520000,161.692,161.692,161.692,161.692
1782626580000,161.692,161.692,161.692,161.692
1782626640000,161.692,161.692,161.692,161.692
1782626700000,161.692,161.692,161.692,161.692
1782626760000,161.692,161.692,161.692,161.692
1782626820000,161.692,161.692,161.692,161.692
1782626880000,161.692,161.692,161.692,161.692
1782626940000,161.692,161.692,161.692,161.692
1782627000000,161.692,161.692,161.692,161.692
1782627060000,161.692,161.692,161.692,161.692
1782627120000,161.692,161.692,161.692,161.692
1782627180000,161.692,161.692,161.692,161.692
1782627240000,161.692,161.692,161.692,161.692
1782627300000,161.692,161.692,161.692,161.692
1782627360000,161.692,161.692,161.692,161.692
1782627420000,161.692,161.692,161.692,161.692
1782627480000,161.692,161.692,161.692,161.692
1782627540000,161.692,161.692,161.692,161.692
1782627600000,161.692,161.692,161.692,161.692
1782627660000,161.692,161.692,161.692,161.692
1782627720000,161.692,161.692,161.692,161.692
1782627780000,161.692,161.692,161.692,161.692
1782627840000,161.692,161.692,161.692,161.692
1782627900000,161.692,161.692,161.692,161.692
1782627960000,161.692,161.692,161.692,161.692
1782628020000,161.692,161.692,161.692,161.692
1782628080000,161.692,161.692,161.692,161.692
1782628140000,161.692,161.692,161.692,161.692
1782628200000,161.692,161.692,161.692,161.692
1782628260000,161.692,161.692,161.692,161.692
1782628320000,161.692,161.692,161.692,161.692
1782628380000,161.692,161.692,161.692,161.692
1782628440000,161.692,161.692,161.692,161.692
1782628500000,161.692,161.692,161.692,161.692
1782628560000,161.692,161.692,161.692,161.692
1782628620000,161.692,161.692,161.692,161.692
1782628680000,161.692,161.692,161.692,161.692
1782628740000,161.692,161.692,161.692,161.692
1782628800000,161.692,161.692,161.692,161.692
1782628860000,161.692,161.692,161.692,161.692
1782628920000,161.692,161.692,161.692,161.692
1782628980000,161.692,161.692,161.692,161.692
1782629040000,161.692,161.692,161.692,161.692
1782629100000,161.692,161.692,161.692,161.692
1782629160000,161.692,161.692,161.692,161.692
1782629220000,161.692,161.692,161.692,161.692
1782629280000,161.692,161.692,161.692,161.692
1782629340000,161.692,161.692,161.692,161.692
1782629400000,161.692,161.692,161.692,161.692
1782629460000,161.692,161.692,161.692,161.692
1782629520000,161.692,161.692,161.692,161.692
1782629580000,161.692,161.692,161.692,161.692
1782629640000,161.692,161.692,161.692,161.692
1782629700000,161.692,161.692,161.692,161.692
1782629760000,161.692,161.692,161.692,161.692
1782629820000,161.692,161.692,161.692,161.692
1782629880000,161.692,161.692,161.692,161.692
1782629940000,161.692,161.692,161.692,161.692
1782630000000,161.692,161.692,161.692,161.692
1782630060000,161.692,161.692,161.692,161.692
1782630120000,161.692,161.692,161.692,161.692
1782630180000,161.692,161.692,161.692,161.692
1782630240000,161.692,161.692,161.692,161.692
1782630300000,161.692,161.692,161.692,161.692
1782630360000,161.692,161.692,161.692,161.692
1782630420000,161.692,161.692,161.692,161.692
1782630480000,161.692,161.692,161.692,161.692
1782630540000,161.692,161.692,161.692,161.692
1782630600000,161.692,161.692,161.692,161.692
1782630660000,161.692,161.692,161.692,161.692
1782630720000,161.692,161.692,161.692,161.692
1782630780000,161.692,161.692,161.692,161.692
1782630840000,161.692,161.692,161.692,161.692
1782630900000,161.692,161.692,161.692,161.692
1782630960000,161.692,161.692,161.692,161.692
1782631020000,161.692,161.692,161.692,161.692
1782631080000,161.692,161.692,161.692,161.692
1782631140000,161.692,161.692,161.692,161.692
1782631200000,161.692,161.692,161.692,161.692
1782631260000,161.692,161.692,161.692,161.692
1782631320000,161.692,161.692,161.692,161.692
1782631380000,161.692,161.692,161.692,161.692
1782631440000,161.692,161.692,161.692,161.692
1782631500000,161.692,161.692,161.692,161.692
1782631560000,161.692,161.692,161.692,161.692
1782631620000,161.692,161.692,161.692,161.692
1782631680000,161.692,161.692,161.692,161.692
1782631740000,161.692,161.692,161.692,161.692
1782631800000,161.692,161.692,161.692,161.692
1782631860000,161.692,161.692,161.692,161.692
1782631920000,161.692,161.692,161.692,161.692
1782631980000,161.692,161.692,161.692,161.692
1782632040000,161.692,161.692,161.692,161.692
1782632100000,161.692,161.692,161.692,161.692
1782632160000,161.692,161.692,161.692,161.692
1782632220000,161.692,161.692,161.692,161.692
1782632280000,161.692,161.692,161.692,161.692
1782632340000,161.692,161.692,161.692,161.692
1782632400000,161.692,161.692,161.692,161.692
1782632460000,161.692,161.692,161.692,161.692
1782632520000,161.692,161.692,161.692,161.692
1782632580000,161.692,161.692,161.692,161.692
1782632640000,161.692,161.692,161.692,161.692
1782632700000,161.692,161.692,161.692,161.692
1782632760000,161.692,161.692,161.692,161.692
1782632820000,161.692,161.692,161.692,161.692
1782632880000,161.692,161.692,161.692,161.692
1782632940000,161.692,161.692,161.692,161.692
1782633000000,161.692,161.692,161.692,161.692
1782633060000,161.692,161.692,161.692,161.692
1782633120000,161.692,161.692,161.692,161.692
1782633180000,161.692,161.692,161.692,161.692
1782633240000,161.692,161.692,161.692,161.692
1782633300000,161.692,161.692,161.692,161.692
1782633360000,161.692,161.692,161.692,161.692
1782633420000,161.692,161.692,161.692,161.692
1782633480000,161.692,161.692,161.692,161.692
1782633540000,161.692,161.692,161.692,161.692
1782633600000,161.692,161.692,161.692,161.692
1782633660000,161.692,161.692,161.692,161.692
1782633720000,161.692,161.692,161.692,161.692
1782633780000,161.692,161.692,161.692,161.692
1782633840000,161.692,161.692,161.692,161.692
1782633900000,161.692,161.692,161.692,161.692
1782633960000,161.692,161.692,161.692,161.692
1782634020000,161.692,161.692,161.692,161.692
1782634080000,161.692,161.692,161.692,161.692
1782634140000,161.692,161.692,161.692,161.692
1782634200000,161.692,161.692,161.692,161.692
1782634260000,161.692,161.692,161.692,161.692
1782634320000,161.692,161.692,161.692,161.692
1782634380000,161.692,161.692,161.692,161.692
1782634440000,161.692,161.692,161.692,161.692
1782634500000,161.692,161.692,161.692,161.692
1782634560000,161.692,161.692,161.692,161.692
1782634620000,161.692,161.692,161.692,161.692
1782634680000,161.692,161.692,161.692,161.692
1782634740000,161.692,161.692,161.692,161.692
1782634800000,161.692,161.692,161.692,161.692
1782634860000,161.692,161.692,161.692,161.692
1782634920000,161.692,161.692,161.692,161.692
1782634980000,161.692,161.692,161.692,161.692
1782635040000,161.692,161.692,161.692,161.692
1782635100000,161.692,161.692,161.692,161.692
1782635160000,161.692,161.692,161.692,161.692
1782635220000,161.692,161.692,161.692,161.692
1782635280000,161.692,161.692,161.692,161.692
1782635340000,161.692,161.692,161.692,161.692
1782635400000,161.692,161.692,161.692,161.692
1782635460000,161.692,161.692,161.692,161.692
1782635520000,161.692,161.692,161.692,161.692
1782635580000,161.692,161.692,161.692,161.692
1782635640000,161.692,161.692,161.692,161.692
1782635700000,161.692,161.692,161.692,161.692
1782635760000,161.692,161.692,161.692,161.692
1782635820000,161.692,161.692,161.692,161.692
1782635880000,161.692,161.692,161.692,161.692
1782635940000,161.692,161.692,161.692,161.692
1782636000000,161.692,161.692,161.692,161.692
1782636060000,161.692,161.692,161.692,161.692
1782636120000,161.692,161.692,161.692,161.692
1782636180000,161.692,161.692,161.692,161.692
1782636240000,161.692,161.692,161.692,161.692
1782636300000,161.692,161.692,161.692,161.692
1782636360000,161.692,161.692,161.692,161.692
1782636420000,161.692,161.692,161.692,161.692
1782636480000,161.692,161.692,161.692,161.692
1782636540000,161.692,161.692,161.692,161.692
1782636600000,161.692,161.692,161.692,161.692
1782636660000,161.692,161.692,161.692,161.692
1782636720000,161.692,161.692,161.692,161.692
1782636780000,161.692,161.692,161.692,161.692
1782636840000,161.692,161.692,161.692,161.692
1782636900000,161.692,161.692,161.692,161.692
1782636960000,161.692,161.692,161.692,161.692
1782637020000,161.692,161.692,161.692,161.692
1782637080000,161.692,161.692,161.692,161.692
1782637140000,161.692,161.692,161.692,161.692
1782637200000,161.692,161.692,161.692,161.692
1782637260000,161.692,161.692,161.692,161.692
1782637320000,161.692,161.692,161.692,161.692
1782637380000,161.692,161.692,161.692,161.692
1782637440000,161.692,161.692,161.692,161.692
1782637500000,161.692,161.692,161.692,161.692
1782637560000,161.692,161.692,161.692,161.692
1782637620000,161.692,161.692,161.692,161.692
1782637680000,161.692,161.692,161.692,161.692
1782637740000,161.692,161.692,161.692,161.692
1782637800000,161.692,161.692,161.692,161.692
1782637860000,161.692,161.692,161.692,161.692
1782637920000,161.692,161.692,161.692,161.692
1782637980000,161.692,161.692,161.692,161.692
1782638040000,161.692,161.692,161.692,161.692
1782638100000,161.692,161.692,161.692,161.692
1782638160000,161.692,161.692,161.692,161.692
1782638220000,161.692,161.692,161.692,161.692
1782638280000,161.692,161.692,161.692,161.692
1782638340000,161.692,161.692,161.692,161.692
1782638400000,161.692,161.692,161.692,161.692
1782638460000,161.692,161.692,161.692,161.692
1782638520000,161.692,161.692,161.692,161.692
1782638580000,161.692,161.692,161.692,161.692
1782638640000,161.692,161.692,161.692,161.692
1782638700000,161.692,161.692,161.692,161.692
1782638760000,161.692,161.692,161.692,161.692
1782638820000,161.692,161.692,161.692,161.692
1782638880000,161.692,161.692,161.692,161.692
1782638940000,161.692,161.692,161.692,161.692
1782639000000,161.692,161.692,161.692,161.692
1782639060000,161.692,161.692,161.692,161.692
1782639120000,161.692,161.692,161.692,161.692
1782639180000,161.692,161.692,161.692,161.692
1782639240000,161.692,161.692,161.692,161.692
1782639300000,161.692,161.692,161.692,161.692
1782639360000,161.692,161.692,161.692,161.692
1782639420000,161.692,161.692,161.692,161.692
1782639480000,161.692,161.692,161.692,161.692
1782639540000,161.692,161.692,161.692,161.692
1782639600000,161.692,161.692,161.692,161.692
1782639660000,161.692,161.692,161.692,161.692
1782639720000,161.692,161.692,161.692,161.692
1782639780000,161.692,161.692,161.692,161.692
1782639840000,161.692,161.692,161.692,161.692
1782639900000,161.692,161.692,161.692,161.692
1782639960000,161.692,161.692,161.692,161.692
1782640020000,161.692,161.692,161.692,161.692
1782640080000,161.692,161.692,161.692,161.692
1782640140000,161.692,161.692,161.692,161.692
1782640200000,161.692,161.692,161.692,161.692
1782640260000,161.692,161.692,161.692,161.692
1782640320000,161.692,161.692,161.692,161.692
1782640380000,161.692,161.692,161.692,161.692
1782640440000,161.692,161.692,161.692,161.692
1782640500000,161.692,161.692,161.692,161.692
1782640560000,161.692,161.692,161.692,161.692
1782640620000,161.692,161.692,161.692,161.692
1782640680000,161.692,161.692,161.692,161.692
1782640740000,161.692,161.692,161.692,161.692
1782640800000,161.692,161.692,161.692,161.692
1782640860000,161.692,161.692,161.692,161.692
1782640920000,161.692,161.692,161.692,161.692
1782640980000,161.692,161.692,161.692,161.692
1782641040000,161.692,161.692,161.692,161.692
1782641100000,161.692,161.692,161.692,161.692
1782641160000,161.692,161.692,161.692,161.692
1782641220000,161.692,161.692,161.692,161.692
1782641280000,161.692,161.692,161.692,161.692
1782641340000,161.692,161.692,161.692,161.692
1782641400000,161.692,161.692,161.692,161.692
1782641460000,161.692,161.692,161.692,161.692
1782641520000,161.692,161.692,161.692,161.692
1782641580000,161.692,161.692,161.692,161.692
1782641640000,161.692,161.692,161.692,161.692
1782641700000,161.692,161.692,161.692,161.692
1782641760000,161.692,161.692,161.692,161.692
1782641820000,161.692,161.692,161.692,161.692
1782641880000,161.692,161.692,161.692,161.692
1782641940000,161.692,161.692,161.692,161.692
1782642000000,161.692,161.692,161.692,161.692
1782642060000,161.692,161.692,161.692,161.692
1782642120000,161.692,161.692,161.692,161.692
1782642180000,161.692,161.692,161.692,161.692
1782642240000,161.692,161.692,161.692,161.692
1782642300000,161.692,161.692,161.692,161.692
1782642360000,161.692,161.692,161.692,161.692
1782642420000,161.692,161.692,161.692,161.692
1782642480000,161.692,161.692,161.692,161.692
1782642540000,161.692,161.692,161.692,161.692
1782642600000,161.692,161.692,161.692,161.692
1782642660000,161.692,161.692,161.692,161.692
1782642720000,161.692,161.692,161.692,161.692
1782642780000,161.692,161.692,161.692,161.692
1782642840000,161.692,161.692,161.692,161.692
1782642900000,161.692,161.692,161.692,161.692
1782642960000,161.692,161.692,161.692,161.692
1782643020000,161.692,161.692,161.692,161.692
1782643080000,161.692,161.692,161.692,161.692
1782643140000,161.692,161.692,161.692,161.692
1782643200000,161.692,161.692,161.692,161.692
1782643260000,161.692,161.692,161.692,161.692
1782643320000,161.692,161.692,161.692,161.692
1782643380000,161.692,161.692,161.692,161.692
1782643440000,161.692,161.692,161.692,161.692
1782643500000,161.692,161.692,161.692,161.692
1782643560000,161.692,161.692,161.692,161.692
1782643620000,161.692,161.692,161.692,161.692
1782643680000,161.692,161.692,161.692,161.692
1782643740000,161.692,161.692,161.692,161.692
1782643800000,161.692,161.692,161.692,161.692
1782643860000,161.692,161.692,161.692,161.692
1782643920000,161.692,161.692,161.692,161.692
1782643980000,161.692,161.692,161.692,161.692
1782644040000,161.692,161.692,161.692,161.692
1782644100000,161.692,161.692,161.692,161.692
1782644160000,161.692,161.692,161.692,161.692
1782644220000,161.692,161.692,161.692,161.692
1782644280000,161.692,161.692,161.692,161.692
1782644340000,161.692,161.692,161.692,161.692
1782644400000,161.692,161.692,161.692,161.692
1782644460000,161.692,161.692,161.692,161.692
1782644520000,161.692,161.692,161.692,161.692
1782644580000,161.692,161.692,161.692,161.692
1782644640000,161.692,161.692,161.692,161.692
1782644700000,161.692,161.692,161.692,161.692
1782644760000,161.692,161.692,161.692,161.692
1782644820000,161.692,161.692,161.692,161.692
1782644880000,161.692,161.692,161.692,161.692
1782644940000,161.692,161.692,161.692,161.692
1782645000000,161.692,161.692,161.692,161.692
1782645060000,161.692,161.692,161.692,161.692
1782645120000,161.692,161.692,161.692,161.692
1782645180000,161.692,161.692,161.692,161.692
1782645240000,161.692,161.692,161.692,161.692
1782645300000,161.692,161.692,161.692,161.692
1782645360000,161.692,161.692,161.692,161.692
1782645420000,161.692,161.692,161.692,161.692
1782645480000,161.692,161.692,161.692,161.692
1782645540000,161.692,161.692,161.692,161.692
1782645600000,161.692,161.692,161.692,161.692
1782645660000,161.692,161.692,161.692,161.692
1782645720000,161.692,161.692,161.692,161.692
1782645780000,161.692,161.692,161.692,161.692
1782645840000,161.692,161.692,161.692,161.692
1782645900000,161.692,161.692,161.692,161.692
1782645960000,161.692,161.692,161.692,161.692
1782646020000,161.692,161.692,161.692,161.692
1782646080000,161.692,161.692,161.692,161.692
1782646140000,161.692,161.692,161.692,161.692
1782646200000,161.692,161.692,161.692,161.692
1782646260000,161.692,161.692,161.692,161.692
1782646320000,161.692,161.692,161.692,161.692
1782646380000,161.692,161.692,161.692,161.692
1782646440000,161.692,161.692,161.692,161.692
1782646500000,161.692,161.692,161.692,161.692
1782646560000,161.692,161.692,161.692,161.692
1782646620000,161.692,161.692,161.692,161.692
1782646680000,161.692,161.692,161.692,161.692
1782646740000,161.692,161.692,161.692,161.692
1782646800000,161.692,161.692,161.692,161.692
1782646860000,161.692,161.692,161.692,161.692
1782646920000,161.692,161.692,161.692,161.692
1782646980000,161.692,161.692,161.692,161.692
1782647040000,161.692,161.692,161.692,161.692
1782647100000,161.692,161.692,161.692,161.692
1782647160000,161.692,161.692,161.692,161.692
1782647220000,161.692,161.692,161.692,161.692
1782647280000,161.692,161.692,161.692,161.692
1782647340000,161.692,161.692,161.692,161.692
1782647400000,161.692,161.692,161.692,161.692
1782647460000,161.692,161.692,161.692,161.692
1782647520000,161.692,161.692,161.692,161.692
1782647580000,161.692,161.692,161.692,161.692
1782647640000,161.692,161.692,161.692,161.692
1782647700000,161.692,161.692,161.692,161.692
1782647760000,161.692,161.692,161.692,161.692
1782647820000,161.692,161.692,161.692,161.692
1782647880000,161.692,161.692,161.692,161.692
1782647940000,161.692,161.692,161.692,161.692
1782648000000,161.692,161.692,161.692,161.692
1782648060000,161.692,161.692,161.692,161.692
1782648120000,161.692,161.692,161.692,161.692
1782648180000,161.692,161.692,161.692,161.692
1782648240000,161.692,161.692,161.692,161.692
1782648300000,161.692,161.692,161.692,161.692
1782648360000,161.692,161.692,161.692,161.692
1782648420000,161.692,161.692,161.692,161.692
1782648480000,161.692,161.692,161.692,161.692
1782648540000,161.692,161.692,161.692,161.692
1782648600000,161.692,161.692,161.692,161.692
1782648660000,161.692,161.692,161.692,161.692
1782648720000,161.692,161.692,161.692,161.692
1782648780000,161.692,161.692,161.692,161.692
1782648840000,161.692,161.692,161.692,161.692
1782648900000,161.692,161.692,161.692,161.692
1782648960000,161.692,161.692,161.692,161.692
1782649020000,161.692,161.692,161.692,161.692
1782649080000,161.692,161.692,161.692,161.692
1782649140000,161.692,161.692,161.692,161.692
1782649200000,161.692,161.692,161.692,161.692
1782649260000,161.692,161.692,161.692,161.692
1782649320000,161.692,161.692,161.692,161.692
1782649380000,161.692,161.692,161.692,161.692
1782649440000,161.692,161.692,161.692,161.692
1782649500000,161.692,161.692,161.692,161.692
1782649560000,161.692,161.692,161.692,161.692
1782649620000,161.692,161.692,161.692,161.692
1782649680000,161.692,161.692,161.692,161.692
1782649740000,161.692,161.692,161.692,161.692
1782649800000,161.692,161.692,161.692,161.692
1782649860000,161.692,161.692,161.692,161.692
1782649920000,161.692,161.692,161.692,161.692
1782649980000,161.692,161.692,161.692,161.692
1782650040000,161.692,161.692,161.692,161.692
1782650100000,161.692,161.692,161.692,161.692
1782650160000,161.692,161.692,161.692,161.692
1782650220000,161.692,161.692,161.692,161.692
1782650280000,161.692,161.692,161.692,161.692
1782650340000,161.692,161.692,161.692,161.692
1782650400000,161.692,161.692,161.692,161.692
1782650460000,161.692,161.692,161.692,161.692
1782650520000,161.692,161.692,161.692,161.692
1782650580000,161.692,161.692,161.692,161.692
1782650640000,161.692,161.692,161.692,161.692
1782650700000,161.692,161.692,161.692,161.692
1782650760000,161.692,161.692,161.692,161.692
1782650820000,161.692,161.692,161.692,161.692
1782650880000,161.692,161.692,161.692,161.692
1782650940000,161.692,161.692,161.692,161.692
1782651000000,161.692,161.692,161.692,161.692
1782651060000,161.692,161.692,161.692,161.692
1782651120000,161.692,161.692,161.692,161.692
1782651180000,161.692,161.692,161.692,161.692
1782651240000,161.692,161.692,161.692,161.692
1782651300000,161.692,161.692,161.692,161.692
1782651360000,161.692,161.692,161.692,161.692
1782651420000,161.692,161.692,161.692,161.692
1782651480000,161.692,161.692,161.692,161.692
1782651540000,161.692,161.692,161.692,161.692
1782651600000,161.692,161.692,161.692,161.692
1782651660000,161.692,161.692,161.692,161.692
1782651720000,161.692,161.692,161.692,161.692
1782651780000,161.692,161.692,161.692,161.692
1782651840000,161.692,161.692,161.692,161.692
1782651900000,161.692,161.692,161.692,161.692
1782651960000,161.692,161.692,161.692,161.692
1782652020000,161.692,161.692,161.692,161.692
1782652080000,161.692,161.692,161.692,161.692
1782652140000,161.692,161.692,161.692,161.692
1782652200000,161.692,161.692,161.692,161.692
1782652260000,161.692,161.692,161.692,161.692
1782652320000,161.692,161.692,161.692,161.692
1782652380000,161.692,161.692,161.692,161.692
1782652440000,161.692,161.692,161.692,161.692
1782652500000,161.692,161.692,161.692,161.692
1782652560000,161.692,161.692,161.692,161.692
1782652620000,161.692,161.692,161.692,161.692
1782652680000,161.692,161.692,161.692,161.692
1782652740000,161.692,161.692,161.692,161.692
1782652800000,161.692,161.692,161.692,161.692
1782652860000,161.692,161.692,161.692,161.692
1782652920000,161.692,161.692,161.692,161.692
1782652980000,161.692,161.692,161.692,161.692
1782653040000,161.692,161.692,161.692,161.692
1782653100000,161.692,161.692,161.692,161.692
1782653160000,161.692,161.692,161.692,161.692
1782653220000,161.692,161.692,161.692,161.692
1782653280000,161.692,161.692,161.692,161.692
1782653340000,161.692,161.692,161.692,161.692
1782653400000,161.692,161.692,161.692,161.692
1782653460000,161.692,161.692,161.692,161.692
1782653520000,161.692,161.692,161.692,161.692
1782653580000,161.692,161.692,161.692,161.692
1782653640000,161.692,161.692,161.692,161.692
1782653700000,161.692,161.692,161.692,161.692
1782653760000,161.692,161.692,161.692,161.692
1782653820000,161.692,161.692,161.692,161.692
1782653880000,161.692,161.692,161.692,161.692
1782653940000,161.692,161.692,161.692,161.692
1782654000000,161.692,161.692,161.692,161.692
1782654060000,161.692,161.692,161.692,161.692
1782654120000,161.692,161.692,161.692,161.692
1782654180000,161.692,161.692,161.692,161.692
1782654240000,161.692,161.692,161.692,161.692
1782654300000,161.692,161.692,161.692,161.692
1782654360000,161.692,161.692,161.692,161.692
1782654420000,161.692,161.692,161.692,161.692
1782654480000,161.692,161.692,161.692,161.692
1782654540000,161.692,161.692,161.692,161.692
1782654600000,161.692,161.692,161.692,161.692
1782654660000,161.692,161.692,161.692,161.692
1782654720000,161.692,161.692,161.692,161.692
1782654780000,161.692,161.692,161.692,161.692
1782654840000,161.692,161.692,161.692,161.692
1782654900000,161.692,161.692,161.692,161.692
1782654960000,161.692,161.692,161.692,161.692
1782655020000,161.692,161.692,161.692,161.692
1782655080000,161.692,161.692,161.692,161.692
1782655140000,161.692,161.692,161.692,161.692
1782655200000,161.692,161.692,161.692,161.692
1782655260000,161.692,161.692,161.692,161.692
1782655320000,161.692,161.692,161.692,161.692
1782655380000,161.692,161.692,161.692,161.692
1782655440000,161.692,161.692,161.692,161.692
1782655500000,161.692,161.692,161.692,161.692
1782655560000,161.692,161.692,161.692,161.692
1782655620000,161.692,161.692,161.692,161.692
1782655680000,161.692,161.692,161.692,161.692
1782655740000,161.692,161.692,161.692,161.692
1782655800000,161.692,161.692,161.692,161.692
1782655860000,161.692,161.692,161.692,161.692
1782655920000,161.692,161.692,161.692,161.692
1782655980000,161.692,161.692,161.692,161.692
1782656040000,161.692,161.692,161.692,161.692
1782656100000,161.692,161.692,161.692,161.692
1782656160000,161.692,161.692,161.692,161.692
1782656220000,161.692,161.692,161.692,161.692
1782656280000,161.692,161.692,161.692,161.692
1782656340000,161.692,161.692,161.692,161.692
1782656400000,161.692,161.692,161.692,161.692
1782656460000,161.692,161.692,161.692,161.692
1782656520000,161.692,161.692,161.692,161.692
1782656580000,161.692,161.692,161.692,161.692
1782656640000,161.692,161.692,161.692,161.692
1782656700000,161.692,161.692,161.692,161.692
1782656760000,161.692,161.692,161.692,161.692
1782656820000,161.692,161.692,161.692,161.692
1782656880000,161.692,161.692,161.692,161.692
1782656940000,161.692,161.692,161.692,161.692
1782657000000,161.692,161.692,161.692,161.692
1782657060000,161.692,161.692,161.692,161.692
1782657120000,161.692,161.692,161.692,161.692
1782657180000,161.692,161.692,161.692,161.692
1782657240000,161.692,161.692,161.692,161.692
1782657300000,161.692,161.692,161.692,161.692
1782657360000,161.692,161.692,161.692,161.692
1782657420000,161.692,161.692,161.692,161.692
1782657480000,161.692,161.692,161.692,161.692
1782657540000,161.692,161.692,161.692,161.692
1782657600000,161.692,161.692,161.692,161.692
1782657660000,161.692,161.692,161.692,161.692
1782657720000,161.692,161.692,161.692,161.692
1782657780000,161.692,161.692,161.692,161.692
1782657840000,161.692,161.692,161.692,161.692
1782657900000,161.692,161.692,161.692,161.692
1782657960000,161.692,161.692,161.692,161.692
1782658020000,161.692,161.692,161.692,161.692
1782658080000,161.692,161.692,161.692,161.692
1782658140000,161.692,161.692,161.692,161.692
1782658200000,161.692,161.692,161.692,161.692
1782658260000,161.692,161.692,161.692,161.692
1782658320000,161.692,161.692,161.692,161.692
1782658380000,161.692,161.692,161.692,161.692
1782658440000,161.692,161.692,161.692,161.692
1782658500000,161.692,161.692,161.692,161.692
1782658560000,161.692,161.692,161.692,161.692
1782658620000,161.692,161.692,161.692,161.692
1782658680000,161.692,161.692,161.692,161.692
1782658740000,161.692,161.692,161.692,161.692
1782658800000,161.692,161.692,161.692,161.692
1782658860000,161.692,161.692,161.692,161.692
1782658920000,161.692,161.692,161.692,161.692
1782658980000,161.692,161.692,161.692,161.692
1782659040000,161.692,161.692,161.692,161.692
1782659100000,161.692,161.692,161.692,161.692
1782659160000,161.692,161.692,161.692,161.692
1782659220000,161.692,161.692,161.692,161.692
1782659280000,161.692,161.692,161.692,161.692
1782659340000,161.692,161.692,161.692,161.692
1782659400000,161.692,161.692,161.692,161.692
1782659460000,161.692,161.692,161.692,161.692
1782659520000,161.692,161.692,161.692,161.692
1782659580000,161.692,161.692,161.692,161.692
1782659640000,161.692,161.692,161.692,161.692
1782659700000,161.692,161.692,161.692,161.692
1782659760000,161.692,161.692,161.692,161.692
1782659820000,161.692,161.692,161.692,161.692
1782659880000,161.692,161.692,161.692,161.692
1782659940000,161.692,161.692,161.692,161.692
1782660000000,161.692,161.692,161.692,161.692
1782660060000,161.692,161.692,161.692,161.692
1782660120000,161.692,161.692,161.692,161.692
1782660180000,161.692,161.692,161.692,161.692
1782660240000,161.692,161.692,161.692,161.692
1782660300000,161.692,161.692,161.692,161.692
1782660360000,161.692,161.692,161.692,161.692
1782660420000,161.692,161.692,161.692,161.692
1782660480000,161.692,161.692,161.692,161.692
1782660540000,161.692,161.692,161.692,161.692
1782660600000,161.692,161.692,161.692,161.692
1782660660000,161.692,161.692,161.692,161.692
1782660720000,161.692,161.692,161.692,161.692
1782660780000,161.692,161.692,161.692,161.692
1782660840000,161.692,161.692,161.692,161.692
1782660900000,161.692,161.692,161.692,161.692
1782660960000,161.692,161.692,161.692,161.692
1782661020000,161.692,161.692,161.692,161.692
1782661080000,161.692,161.692,161.692,161.692
1782661140000,161.692,161.692,161.692,161.692
1782661200000,161.692,161.692,161.692,161.692
1782661260000,161.692,161.692,161.692,161.692
1782661320000,161.692,161.692,161.692,161.692
1782661380000,161.692,161.692,161.692,161.692
1782661440000,161.692,161.692,161.692,161.692
1782661500000,161.692,161.692,161.692,161.692
1782661560000,161.692,161.692,161.692,161.692
1782661620000,161.692,161.692,161.692,161.692
1782661680000,161.692,161.692,161.692,161.692
1782661740000,161.692,161.692,161.692,161.692
1782661800000,161.692,161.692,161.692,161.692
1782661860000,161.692,161.692,161.692,161.692
1782661920000,161.692,161.692,161.692,161.692
1782661980000,161.692,161.692,161.692,161.692
1782662040000,161.692,161.692,161.692,161.692
1782662100000,161.692,161.692,161.692,161.692
1782662160000,161.692,161.692,161.692,161.692
1782662220000,161.692,161.692,161.692,161.692
1782662280000,161.692,161.692,161.692,161.692
1782662340000,161.692,161.692,161.692,161.692
1782662400000,161.692,161.692,161.692,161.692
1782662460000,161.692,161.692,161.692,161.692
1782662520000,161.692,161.692,161.692,161.692
1782662580000,161.692,161.692,161.692,161.692
1782662640000,161.692,161.692,161.692,161.692
1782662700000,161.692,161.692,161.692,161.692
1782662760000,161.692,161.692,161.692,161.692
1782662820000,161.692,161.692,161.692,161.692
1782662880000,161.692,161.692,161.692,161.692
1782662940000,161.692,161.692,161.692,161.692
1782663000000,161.692,161.692,161.692,161.692
1782663060000,161.692,161.692,161.692,161.692
1782663120000,161.692,161.692,161.692,161.692
1782663180000,161.692,161.692,161.692,161.692
1782663240000,161.692,161.692,161.692,161.692
1782663300000,161.692,161.692,161.692,161.692
1782663360000,161.692,161.692,161.692,161.692
1782663420000,161.692,161.692,161.692,161.692
1782663480000,161.692,161.692,161.692,161.692
1782663540000,161.692,161.692,161.692,161.692
1782663600000,161.692,161.692,161.692,161.692
1782663660000,161.692,161.692,161.692,161.692
1782663720000,161.692,161.692,161.692,161.692
1782663780000,161.692,161.692,161.692,161.692
1782663840000,161.692,161.692,161.692,161.692
1782663900000,161.692,161.692,161.692,161.692
1782663960000,161.692,161.692,161.692,161.692
1782664020000,161.692,161.692,161.692,161.692
1782664080000,161.692,161.692,161.692,161.692
1782664140000,161.692,161.692,161.692,161.692
1782664200000,161.692,161.692,161.692,161.692
1782664260000,161.692,161.692,161.692,161.692
1782664320000,161.692,161.692,161.692,161.692
1782664380000,161.692,161.692,161.692,161.692
1782664440000,161.692,161.692,161.692,161.692
1782664500000,161.692,161.692,161.692,161.692
1782664560000,161.692,161.692,161.692,161.692
1782664620000,161.692,161.692,161.692,161.692
1782664680000,161.692,161.692,161.692,161.692
1782664740000,161.692,161.692,161.692,161.692
1782664800000,161.692,161.692,161.692,161.692
1782664860000,161.692,161.692,161.692,161.692
1782664920000,161.692,161.692,161.692,161.692
1782664980000,161.692,161.692,161.692,161.692
1782665040000,161.692,161.692,161.692,161.692
1782665100000,161.692,161.692,161.692,161.692
1782665160000,161.692,161.692,161.692,161.692
1782665220000,161.692,161.692,161.692,161.692
1782665280000,161.692,161.692,161.692,161.692
1782665340000,161.692,161.692,161.692,161.692
1782665400000,161.692,161.692,161.692,161.692
1782665460000,161.692,161.692,161.692,161.692
1782665520000,161.692,161.692,161.692,161.692
1782665580000,161.692,161.692,161.692,161.692
1782665640000,161.692,161.692,161.692,161.692
1782665700000,161.692,161.692,161.692,161.692
1782665760000,161.692,161.692,161.692,161.692
1782665820000,161.692,161.692,161.692,161.692
1782665880000,161.692,161.692,161.692,161.692
1782665940000,161.692,161.692,161.692,161.692
1782666000000,161.692,161.692,161.692,161.692
1782666060000,161.692,161.692,161.692,161.692
1782666120000,161.692,161.692,161.692,161.692
1782666180000,161.692,161.692,161.692,161.692
1782666240000,161.692,161.692,161.692,161.692
1782666300000,161.692,161.692,161.692,161.692
1782666360000,161.692,161.692,161.692,161.692
1782666420000,161.692,161.692,161.692,161.692
1782666480000,161.692,161.692,161.692,161.692
1782666540000,161.692,161.692,161.692,161.692
1782666600000,161.692,161.692,161.692,161.692
1782666660000,161.692,161.692,161.692,161.692
1782666720000,161.692,161.692,161.692,161.692
1782666780000,161.692,161.692,161.692,161.692
1782666840000,161.692,161.692,161.692,161.692
1782666900000,161.692,161.692,161.692,161.692
1782666960000,161.692,161.692,161.692,161.692
1782667020000,161.692,161.692,161.692,161.692
1782667080000,161.692,161.692,161.692,161.692
1782667140000,161.692,161.692,161.692,161.692
1782667200000,161.692,161.692,161.692,161.692
1782667260000,161.692,161.692,161.692,161.692
1782667320000,161.692,161.692,161.692,161.692
1782667380000,161.692,161.692,161.692,161.692
1782667440000,161.692,161.692,161.692,161.692
1782667500000,161.692,161.692,161.692,161.692
1782667560000,161.692,161.692,161.692,161.692
1782667620000,161.692,161.692,161.692,161.692
1782667680000,161.692,161.692,161.692,161.692
1782667740000,161.692,161.692,161.692,161.692
1782667800000,161.692,161.692,161.692,161.692
1782667860000,161.692,161.692,161.692,161.692
1782667920000,161.692,161.692,161.692,161.692
1782667980000,161.692,161.692,161.692,161.692
1782668040000,161.692,161.692,161.692,161.692
1782668100000,161.692,161.692,161.692,161.692
1782668160000,161.692,161.692,161.692,161.692
1782668220000,161.692,161.692,161.692,161.692
1782668280000,161.692,161.692,161.692,161.692
1782668340000,161.692,161.692,161.692,161.692
1782668400000,161.692,161.692,161.692,161.692
1782668460000,161.692,161.692,161.692,161.692
1782668520000,161.692,161.692,161.692,161.692
1782668580000,161.692,161.692,161.692,161.692
1782668640000,161.692,161.692,161.692,161.692
1782668700000,161.692,161.692,161.692,161.692
1782668760000,161.692,161.692,161.692,161.692
1782668820000,161.692,161.692,161.692,161.692
1782668880000,161.692,161.692,161.692,161.692
1782668940000,161.692,161.692,161.692,161.692
1782669000000,161.692,161.692,161.692,161.692
1782669060000,161.692,161.692,161.692,161.692
1782669120000,161.692,161.692,161.692,161.692
1782669180000,161.692,161.692,161.692,161.692
1782669240000,161.692,161.692,161.692,161.692
1782669300000,161.692,161.692,161.692,161.692
1782669360000,161.692,161.692,161.692,161.692
1782669420000,161.692,161.692,161.692,161.692
1782669480000,161.692,161.692,161.692,161.692
1782669540000,161.692,161.692,161.692,161.692
1782669600000,161.692,161.692,161.692,161.692
1782669660000,161.692,161.692,161.692,161.692
1782669720000,161.692,161.692,161.692,161.692
1782669780000,161.692,161.692,161.692,161.692
1782669840000,161.692,161.692,161.692,161.692
1782669900000,161.692,161.692,161.692,161.692
1782669960000,161.692,161.692,161.692,161.692
1782670020000,161.692,161.692,161.692,161.692
1782670080000,161.692,161.692,161.692,161.692
1782670140000,161.692,161.692,161.692,161.692
1782670200000,161.692,161.692,161.692,161.692
1782670260000,161.692,161.692,161.692,161.692
1782670320000,161.692,161.692,161.692,161.692
1782670380000,161.692,161.692,161.692,161.692
1782670440000,161.692,161.692,161.692,161.692
1782670500000,161.692,161.692,161.692,161.692
1782670560000,161.692,161.692,161.692,161.692
1782670620000,161.692,161.692,161.692,161.692
1782670680000,161.692,161.692,161.692,161.692
1782670740000,161.692,161.692,161.692,161.692
1782670800000,161.692,161.692,161.692,161.692
1782670860000,161.692,161.692,161.692,161.692
1782670920000,161.692,161.692,161.692,161.692
1782670980000,161.692,161.692,161.692,161.692
1782671040000,161.692,161.692,161.692,161.692
1782671100000,161.692,161.692,161.692,161.692
1782671160000,161.692,161.692,161.692,161.692
1782671220000,161.692,161.692,161.692,161.692
1782671280000,161.692,161.692,161.692,161.692
1782671340000,161.692,161.692,161.692,161.692
1782671400000,161.692,161.692,161.692,161.692
1782671460000,161.692,161.692,161.692,161.692
1782671520000,161.692,161.692,161.692,161.692
1782671580000,161.692,161.692,161.692,161.692
1782671640000,161.692,161.692,161.692,161.692
1782671700000,161.692,161.692,161.692,161.692
1782671760000,161.692,161.692,161.692,161.692
1782671820000,161.692,161.692,161.692,161.692
1782671880000,161.692,161.692,161.692,161.692
1782671940000,161.692,161.692,161.692,161.692
1782672000000,161.692,161.692,161.692,161.692
1782672060000,161.692,161.692,161.692,161.692
1782672120000,161.692,161.692,161.692,161.692
1782672180000,161.692,161.692,161.692,161.692
1782672240000,161.692,161.692,161.692,161.692
1782672300000,161.692,161.692,161.692,161.692
1782672360000,161.692,161.692,161.692,161.692
1782672420000,161.692,161.692,161.692,161.692
1782672480000,161.692,161.692,161.692,161.692
1782672540000,161.692,161.692,161.692,161.692
1782672600000,161.692,161.692,161.692,161.692
1782672660000,161.692,161.692,161.692,161.692
1782672720000,161.692,161.692,161.692,161.692
1782672780000,161.692,161.692,161.692,161.692
1782672840000,161.692,161.692,161.692,161.692
1782672900000,161.692,161.692,161.692,161.692
1782672960000,161.692,161.692,161.692,161.692
1782673020000,161.692,161.692,161.692,161.692
1782673080000,161.692,161.692,161.692,161.692
1782673140000,161.692,161.692,161.692,161.692
1782673200000,161.692,161.692,161.692,161.692
1782673260000,161.692,161.692,161.692,161.692
1782673320000,161.692,161.692,161.692,161.692
1782673380000,161.692,161.692,161.692,161.692
1782673440000,161.692,161.692,161.692,161.692
1782673500000,161.692,161.692,161.692,161.692
1782673560000,161.692,161.692,161.692,161.692
1782673620000,161.692,161.692,161.692,161.692
1782673680000,161.692,161.692,161.692,161.692
1782673740000,161.692,161.692,161.692,161.692
1782673800000,161.692,161.692,161.692,161.692
1782673860000,161.692,161.692,161.692,161.692
1782673920000,161.692,161.692,161.692,161.692
1782673980000,161.692,161.692,161.692,161.692
1782674040000,161.692,161.692,161.692,161.692
1782674100000,161.692,161.692,161.692,161.692
1782674160000,161.692,161.692,161.692,161.692
1782674220000,161.692,161.692,161.692,161.692
1782674280000,161.692,161.692,161.692,161.692
1782674340000,161.692,161.692,161.692,161.692
1782674400000,161.692,161.692,161.692,161.692
1782674460000,161.692,161.692,161.692,161.692
1782674520000,161.692,161.692,161.692,161.692
1782674580000,161.692,161.692,161.692,161.692
1782674640000,161.692,161.692,161.692,161.692
1782674700000,161.692,161.692,161.692,161.692
1782674760000,161.692,161.692,161.692,161.692
1782674820000,161.692,161.692,161.692,161.692
1782674880000,161.692,161.692,161.692,161.692
1782674940000,161.692,161.692,161.692,161.692
1782675000000,161.692,161.692,161.692,161.692
1782675060000,161.692,161.692,161.692,161.692
1782675120000,161.692,161.692,161.692,161.692
1782675180000,161.692,161.692,161.692,161.692
1782675240000,161.692,161.692,161.692,161.692
1782675300000,161.692,161.692,161.692,161.692
1782675360000,161.692,161.692,161.692,161.692
1782675420000,161.692,161.692,161.692,161.692
1782675480000,161.692,161.692,161.692,161.692
1782675540000,161.692,161.692,161.692,161.692
1782675600000,161.692,161.692,161.692,161.692
1782675660000,161.692,161.692,161.692,161.692
1782675720000,161.692,161.692,161.692,161.692
1782675780000,161.692,161.692,161.692,161.692
1782675840000,161.692,161.692,161.692,161.692
1782675900000,161.692,161.692,161.692,161.692
1782675960000,161.692,161.692,161.692,161.692
1782676020000,161.692,161.692,161.692,161.692
1782676080000,161.692,161.692,161.692,161.692
1782676140000,161.692,161.692,161.692,161.692
1782676200000,161.692,161.692,161.692,161.692
1782676260000,161.692,161.692,161.692,161.692
1782676320000,161.692,161.692,161.692,161.692
1782676380000,161.692,161.692,161.692,161.692
1782676440000,161.692,161.692,161.692,161.692
1782676500000,161.692,161.692,161.692,161.692
1782676560000,161.692,161.692,161.692,161.692
1782676620000,161.692,161.692,161.692,161.692
1782676680000,161.692,161.692,161.692,161.692
1782676740000,161.692,161.692,161.692,161.692
1782676800000,161.692,161.692,161.692,161.692
1782676860000,161.692,161.692,161.692,161.692
1782676920000,161.692,161.692,161.692,161.692
1782676980000,161.692,161.692,161.692,161.692
1782677040000,161.692,161.692,161.692,161.692
1782677100000,161.692,161.692,161.692,161.692
1782677160000,161.692,161.692,161.692,161.692
1782677220000,161.692,161.692,161.692,161.692
1782677280000,161.692,161.692,161.692,161.692
1782677340000,161.692,161.692,161.692,161.692
1782677400000,161.692,161.692,161.692,161.692
1782677460000,161.692,161.692,161.692,161.692
1782677520000,161.692,161.692,161.692,161.692
1782677580000,161.692,161.692,161.692,161.692
1782677640000,161.692,161.692,161.692,161.692
1782677700000,161.692,161.692,161.692,161.692
1782677760000,161.692,161.692,161.692,161.692
1782677820000,161.692,161.692,161.692,161.692
1782677880000,161.692,161.692,161.692,161.692
1782677940000,161.692,161.692,161.692,161.692
1782678000000,161.692,161.692,161.692,161.692
1782678060000,161.692,161.692,161.692,161.692
1782678120000,161.692,161.692,161.692,161.692
1782678180000,161.692,161.692,161.692,161.692
1782678240000,161.692,161.692,161.692,161.692
1782678300000,161.692,161.692,161.692,161.692
1782678360000,161.692,161.692,161.692,161.692
1782678420000,161.692,161.692,161.692,161.692
1782678480000,161.692,161.692,161.692,161.692
1782678540000,161.692,161.692,161.692,161.692
1782678600000,161.692,161.692,161.692,161.692
1782678660000,161.692,161.692,161.692,161.692
1782678720000,161.692,161.692,161.692,161.692
1782678780000,161.692,161.692,161.692,161.692
1782678840000,161.692,161.692,161.692,161.692
1782678900000,161.692,161.692,161.692,161.692
1782678960000,161.692,161.692,161.692,161.692
1782679020000,161.692,161.692,161.692,161.692
1782679080000,161.692,161.692,161.692,161.692
1782679140000,161.692,161.692,161.692,161.692
1782679200000,161.692,161.692,161.692,161.692
1782679260000,161.692,161.692,161.692,161.692
1782679320000,161.692,161.692,161.692,161.692
1782679380000,161.692,161.692,161.692,161.692
1782679440000,161.692,161.692,161.692,161.692
1782679500000,161.692,161.692,161.692,161.692
1782679560000,161.692,161.692,161.692,161.692
1782679620000,161.692,161.692,161.692,161.692
1782679680000,161.692,161.692,161.692,161.692
1782679740000,161.692,161.692,161.692,161.692
1782679800000,161.692,161.692,161.692,161.692
1782679860000,161.692,161.692,161.692,161.692
1782679920000,161.692,161.692,161.692,161.692
1782679980000,161.692,161.692,161.692,161.692
1782680040000,161.692,161.692,161.692,161.692
1782680100000,161.692,161.692,161.692,161.692
1782680160000,161.692,161.692,161.692,161.692
1782680220000,161.692,161.692,161.692,161.692
1782680280000,161.692,161.692,161.692,161.692
1782680340000,161.692,161.692,161.692,161.692
1782680400000,161.676,161.723,161.675,161.723
1782680460000,161.723,161.723,161.723,161.723
1782680520000,161.723,161.723,161.723,161.723
1782680580000,161.723,161.723,161.723,161.723
1782680640000,161.723,161.723,161.723,161.723
1782680700000,161.718,161.719,161.717,161.717
1782680760000,161.721,161.721,161.721,161.721
1782680820000,161.721,161.721,161.721,161.721
1782680880000,161.72,161.72,161.72,161.72
1782680940000,161.72,161.72,161.72,161.72
1782681000000,161.722,161.723,161.721,161.721
1782681060000,161.722,161.723,161.722,161.723
1782681120000,161.718,161.724,161.718,161.724
1782681180000,161.718,161.725,161.718,161.725
1782681240000,161.723,161.723,161.723,161.723
1782681300000,161.723,161.729,161.723,161.724
1782681360000,161.716,161.716,161.715,161.715
1782681420000,161.718,161.723,161.718,161.718
1782681480000,161.718,161.729,161.718,161.729
1782681540000,161.728,161.728,161.728,161.728
1782681600000,161.722,161.722,161.722,161.722
1782681660000,161.729,161.729,161.728,161.728
1782681720000,161.722,161.727,161.722,161.727
1782681780000,161.728,161.728,161.728,161.728
1782681840000,161.723,161.723,161.723,161.723
1782681900000,161.722,161.729,161.722,161.729
1782681960000,161.729,161.729,161.729,161.729
1782682020000,161.728,161.728,161.722,161.722
1782682080000,161.722,161.722,161.722,161.722
1782682140000,161.722,161.722,161.722,161.722
1782682200000,161.722,161.728,161.722,161.728
1782682260000,161.722,161.722,161.722,161.722
1782682320000,161.721,161.793,161.712,161.793
1782682380000,161.793,161.794,161.728,161.744
1782682440000,161.745,161.745,161.721,161.722
1782682500000,161.722,161.748,161.722,161.728
1782682560000,161.727,161.727,161.723,161.723
1782682620000,161.72,161.72,161.713,161.714
1782682680000,161.719,161.719,161.715,161.715
1782682740000,161.719,161.72,161.718,161.719
1782682800000,161.715,161.716,161.715,161.716
1782682860000,161.716,161.716,161.716,161.716
1782682920000,161.716,161.716,161.715,161.715
1782682980000,161.716,161.716,161.715,161.716
1782683040000,161.716,161.716,161.716,161.716
1782683100000,161.718,161.732,161.718,161.731
1782683160000,161.736,161.774,161.736,161.742
1782683220000,161.741,161.741,161.733,161.734
1782683280000,161.792,161.793,161.733,161.733
1782683340000,161.734,161.734,161.734,161.734
1782683400000,161.734,161.734,161.734,161.734
1782683460000,161.734,161.735,161.733,161.734
1782683520000,161.734,161.734,161.734,161.734
1782683580000,161.735,161.735,161.735,161.735
1782683640000,161.733,161.793,161.733,161.793
1782683700000,161.794,161.794,161.793,161.794
1782683760000,161.796,161.796,161.796,161.796
1782683820000,161.796,161.796,161.796,161.796
1782683880000,161.795,161.797,161.795,161.797
1782683940000,161.797,161.797,161.797,161.797
1782684000000,161.828,161.874,161.769,161.789
1782684060000,161.789,161.825,161.78,161.8
1782684120000,161.8,161.8,161.777,161.784
1782684180000,161.788,161.788,161.762,161.762
1782684240000,161.763,161.775,161.76,161.769
1782684300000,161.768,161.769,161.748,161.762
1782684360000,161.763,161.763,161.762,161.762
1782684420000,161.757,161.763,161.757,161.762
1782684480000,161.757,161.757,161.747,161.748
1782684540000,161.75,161.759,161.748,161.758
1782684600000,161.76,161.761,161.758,161.758
1782684660000,161.76,161.775,161.758,161.775
1782684720000,161.776,161.78,161.775,161.776
1782684780000,161.777,161.781,161.775,161.78
1782684840000,161.781,161.781,161.771,161.774
1782684900000,161.774,161.775,161.771,161.774
1782684960000,161.774,161.774,161.772,161.773
1782685020000,161.774,161.776,161.772,161.774
1782685080000,161.774,161.793,161.774,161.79
1782685140000,161.792,161.792,161.789,161.79
1782685200000,161.79,161.79,161.788,161.79
1782685260000,161.79,161.79,161.778,161.778
1782685320000,161.78,161.792,161.778,161.792
1782685380000,161.79,161.793,161.79,161.793
1782685440000,161.792,161.801,161.791,161.793
1782685500000,161.792,161.8,161.792,161.799
1782685560000,161.799,161.8,161.799,161.799
1782685620000,161.798,161.798,161.79,161.792
1782685680000,161.79,161.79,161.787,161.79
1782685740000,161.786,161.79,161.786,161.79
1782685800000,161.788,161.79,161.778,161.778
1782685860000,161.78,161.789,161.78,161.788
1782685920000,161.79,161.798,161.787,161.787
1782685980000,161.785,161.788,161.785,161.788
1782686040000,161.787,161.793,161.787,161.79
1782686100000,161.789,161.801,161.789,161.8
1782686160000,161.801,161.802,161.8,161.8
1782686220000,161.801,161.801,161.792,161.792
1782686280000,161.793,161.801,161.793,161.797
1782686340000,161.798,161.802,161.798,161.801
1782686400000,161.806,161.807,161.795,161.795
1782686460000,161.797,161.802,161.792,161.794
1782686520000,161.795,161.806,161.795,161.802
1782686580000,161.802,161.802,161.79,161.791
1782686640000,161.79,161.79,161.787,161.79
1782686700000,161.79,161.79,161.788,161.788
1782686760000,161.788,161.788,161.788,161.788
1782686820000,161.789,161.789,161.787,161.787
1782686880000,161.787,161.789,161.785,161.788
1782686940000,161.788,161.789,161.778,161.78
1782687000000,161.779,161.781,161.778,161.78
1782687060000,161.778,161.78,161.778,161.78
1782687120000,161.781,161.788,161.781,161.787
1782687180000,161.787,161.788,161.787,161.787
1782687240000,161.788,161.79,161.786,161.79
1782687300000,161.79,161.794,161.79,161.792
1782687360000,161.792,161.806,161.791,161.805
1782687420000,161.804,161.804,161.797,161.799
1782687480000,161.798,161.799,161.793,161.793
1782687540000,161.794,161.794,161.787,161.789
1782687600000,161.787,161.79,161.774,161.789
1782687660000,161.788,161.79,161.777,161.777
1782687720000,161.776,161.781,161.776,161.78
1782687780000,161.78,161.785,161.78,161.781
1782687840000,161.78,161.781,161.777,161.78
1782687900000,161.779,161.781,161.779,161.781
1782687960000,161.78,161.793,161.78,161.789
1782688020000,161.788,161.792,161.782,161.783
1782688080000,161.784,161.786,161.782,161.783
1782688140000,161.783,161.783,161.783,161.783
1782688200000,161.788,161.792,161.788,161.79
1782688260000,161.791,161.793,161.78,161.782
1782688320000,161.781,161.784,161.781,161.782
1782688380000,161.782,161.783,161.78,161.782
1782688440000,161.781,161.795,161.781,161.794
1782688500000,161.794,161.795,161.793,161.793
1782688560000,161.792,161.793,161.79,161.79
1782688620000,161.79,161.793,161.79,161.792
1782688680000,161.79,161.795,161.79,161.795
1782688740000,161.795,161.795,161.794,161.794
1782688800000,161.793,161.793,161.79,161.79
1782688860000,161.792,161.795,161.792,161.794
1782688920000,161.793,161.796,161.791,161.793
1782688980000,161.792,161.794,161.792,161.794
1782689040000,161.795,161.796,161.793,161.793
1782689100000,161.793,161.793,161.789,161.79
1782689160000,161.793,161.793,161.79,161.79
1782689220000,161.792,161.792,161.788,161.789
1782689280000,161.791,161.793,161.788,161.793
1782689340000,161.794,161.794,161.79,161.791
1782689400000,161.793,161.795,161.791,161.793
1782689460000,161.794,161.802,161.789,161.789
1782689520000,161.788,161.79,161.788,161.789
1782689580000,161.79,161.794,161.79,161.794
1782689640000,161.795,161.796,161.792,161.792
1782689700000,161.792,161.793,161.784,161.791
1782689760000,161.79,161.793,161.79,161.791
1782689820000,161.79,161.794,161.79,161.793
1782689880000,161.795,161.798,161.795,161.796
1782689940000,161.798,161.806,161.793,161.805
1782690000000,161.806,161.806,161.803,161.806
1782690060000,161.806,161.807,161.805,161.806
1782690120000,161.807,161.807,161.797,161.799
1782690180000,161.798,161.799,161.797,161.797
1782690240000,161.798,161.798,161.791,161.791
1782690300000,161.79,161.792,161.777,161.783
1782690360000,161.782,161.792,161.779,161.789
1782690420000,161.792,161.793,161.788,161.788
1782690480000,161.789,161.791,161.788,161.791
1782690540000,161.793,161.793,161.789,161.79
1782690600000,161.79,161.804,161.79,161.794
1782690660000,161.796,161.796,161.794,161.794
1782690720000,161.793,161.794,161.789,161.79
1782690780000,161.79,161.793,161.79,161.792
1782690840000,161.792,161.796,161.792,161.794
1782690900000,161.794,161.805,161.793,161.798
1782690960000,161.796,161.797,161.794,161.795
1782691020000,161.795,161.803,161.793,161.802
1782691080000,161.804,161.805,161.796,161.8
1782691140000,161.799,161.799,161.794,161.794
1782691200000,161.794,161.794,161.757,161.767
1782691260000,161.768,161.77,161.766,161.768
1782691320000,161.769,161.769,161.746,161.757
1782691380000,161.756,161.756,161.741,161.743
1782691440000,161.743,161.746,161.741,161.743
1782691500000,161.745,161.756,161.742,161.756
1782691560000,161.757,161.759,161.751,161.753
1782691620000,161.752,161.755,161.745,161.752
1782691680000,161.75,161.752,161.745,161.748
1782691740000,161.747,161.751,161.743,161.747
1782691800000,161.746,161.749,161.741,161.745
1782691860000,161.749,161.749,161.74,161.741
1782691920000,161.742,161.749,161.74,161.741
1782691980000,161.741,161.745,161.741,161.745
1782692040000,161.744,161.744,161.737,161.742
1782692100000,161.742,161.742,161.725,161.73
1782692160000,161.731,161.736,161.728,161.73
1782692220000,161.73,161.731,161.728,161.731
1782692280000,161.732,161.751,161.732,161.745
1782692340000,161.745,161.753,161.743,161.752
1782692400000,161.751,161.756,161.748,161.754
1782692460000,161.753,161.756,161.747,161.755
1782692520000,161.755,161.759,161.753,161.758
1782692580000,161.757,161.767,161.753,161.767
1782692640000,161.766,161.77,161.763,161.765
1782692700000,161.765,161.779,161.764,161.779
1782692760000,161.779,161.779,161.767,161.771
1782692820000,161.769,161.771,161.765,161.765
1782692880000,161.767,161.778,161.767,161.778
1782692940000,161.777,161.787,161.767,161.767
1782693000000,161.766,161.77,161.763,161.765
1782693060000,161.764,161.764,161.743,161.752
1782693120000,161.753,161.755,161.751,161.751
1782693180000,161.75,161.755,161.75,161.752
1782693240000,161.753,161.754,161.752,161.754
1782693300000,161.754,161.759,161.754,161.759
1782693360000,161.76,161.761,161.756,161.756
1782693420000,161.757,161.758,161.748,161.757
1782693480000,161.757,161.757,161.743,161.743
1782693540000,161.742,161.744,161.737,161.744
1782693600000,161.742,161.745,161.741,161.743
1782693660000,161.744,161.747,161.743,161.747
1782693720000,161.748,161.749,161.746,161.746
1782693780000,161.744,161.744,161.739,161.742
1782693840000,161.742,161.743,161.74,161.74
1782693900000,161.741,161.746,161.738,161.74
1782693960000,161.739,161.743,161.739,161.741
1782694020000,161.742,161.754,161.742,161.752
1782694080000,161.754,161.757,161.754,161.754
1782694140000,161.754,161.758,161.753,161.755
1782694200000,161.756,161.758,161.752,161.755
1782694260000,161.755,161.755,161.752,161.754
1782694320000,161.755,161.762,161.751,161.754
1782694380000,161.753,161.755,161.742,161.753
1782694440000,161.753,161.763,161.718,161.73
1782694500000,161.729,161.757,161.729,161.732
1782694560000,161.731,161.74,161.73,161.74
1782694620000,161.739,161.758,161.738,161.758
1782694680000,161.757,161.763,161.754,161.755
1782694740000,161.756,161.769,161.756,161.759
1782694800000,161.759,161.759,161.745,161.749
1782694860000,161.749,161.756,161.744,161.756
1782694920000,161.759,161.76,161.757,161.758
1782694980000,161.758,161.773,161.757,161.767
1782695040000,161.768,161.77,161.766,161.767
1782695100000,161.767,161.771,161.766,161.768
1782695160000,161.766,161.766,161.759,161.76
1782695220000,161.76,161.767,161.759,161.764
1782695280000,161.763,161.767,161.759,161.765
1782695340000,161.768,161.768,161.763,161.763
1782695400000,161.762,161.762,161.75,161.752
1782695460000,161.752,161.76,161.752,161.757
1782695520000,161.757,161.76,161.754,161.754
1782695580000,161.753,161.756,161.753,161.756
1782695640000,161.754,161.754,161.752,161.752
1782695700000,161.751,161.755,161.733,161.737
1782695760000,161.737,161.746,161.737,161.746
1782695820000,161.744,161.749,161.742,161.745
1782695880000,161.744,161.756,161.744,161.755
1782695940000,161.753,161.753,161.747,161.747
1782696000000,161.75,161.755,161.748,161.753
1782696060000,161.752,161.753,161.745,161.745
1782696120000,161.745,161.746,161.739,161.746
1782696180000,161.745,161.751,161.745,161.746
1782696240000,161.746,161.747,161.744,161.746
1782696300000,161.746,161.763,161.745,161.757
1782696360000,161.762,161.766,161.757,161.766
1782696420000,161.767,161.77,161.762,161.77
1782696480000,161.769,161.769,161.762,161.767
1782696540000,161.768,161.776,161.767,161.769
1782696600000,161.769,161.769,161.756,161.757
1782696660000,161.756,161.757,161.756,161.756
1782696720000,161.757,161.761,161.757,161.758
1782696780000,161.757,161.758,161.755,161.755
1782696840000,161.753,161.756,161.752,161.752
1782696900000,161.753,161.753,161.753,161.753
1782696960000,161.754,161.757,161.754,161.756
1782697020000,161.756,161.759,161.755,161.756
1782697080000,161.757,161.764,161.757,161.764
1782697140000,161.765,161.77,161.764,161.765
1782697200000,161.765,161.765,161.758,161.763
1782697260000,161.763,161.764,161.763,161.764
1782697320000,161.765,161.765,161.763,161.764
1782697380000,161.765,161.765,161.763,161.765
1782697440000,161.769,161.776,161.769,161.773
1782697500000,161.772,161.78,161.768,161.78
1782697560000,161.78,161.78,161.777,161.779
1782697620000,161.779,161.779,161.777,161.777
1782697680000,161.778,161.778,161.776,161.777
1782697740000,161.777,161.78,161.773,161.776
1782697800000,161.776,161.782,161.774,161.78
1782697860000,161.779,161.781,161.776,161.776
1782697920000,161.775,161.778,161.775,161.778
1782697980000,161.779,161.78,161.778,161.78
1782698040000,161.78,161.787,161.777,161.78
1782698100000,161.779,161.792,161.779,161.79
1782698160000,161.789,161.79,161.782,161.786
1782698220000,161.786,161.787,161.778,161.778
1782698280000,161.778,161.781,161.776,161.781
1782698340000,161.78,161.791,161.78,161.788
1782698400000,161.79,161.79,161.781,161.781
1782698460000,161.781,161.782,161.778,161.781
1782698520000,161.78,161.78,161.778,161.778
1782698580000,161.779,161.78,161.779,161.78
1782698640000,161.781,161.783,161.778,161.778
1782698700000,161.777,161.779,161.769,161.772
1782698760000,161.773,161.774,161.764,161.768
1782698820000,161.768,161.768,161.743,161.743
1782698880000,161.744,161.751,161.744,161.751
1782698940000,161.75,161.753,161.749,161.752
1782699000000,161.751,161.752,161.747,161.749
1782699060000,161.749,161.754,161.748,161.748
1782699120000,161.748,161.753,161.748,161.752
1782699180000,161.752,161.758,161.752,161.754
1782699240000,161.753,161.755,161.752,161.755
1782699300000,161.754,161.754,161.745,161.746
1782699360000,161.744,161.747,161.74,161.745
1782699420000,161.745,161.748,161.742,161.744
1782699480000,161.745,161.746,161.743,161.743
1782699540000,161.741,161.743,161.739,161.741
1782699600000,161.742,161.745,161.739,161.744
1782699660000,161.746,161.746,161.735,161.736
1782699720000,161.738,161.741,161.733,161.738
1782699780000,161.739,161.745,161.732,161.745
1782699840000,161.746,161.749,161.743,161.747
1782699900000,161.749,161.749,161.747,161.748
1782699960000,161.748,161.748,161.744,161.744
1782700020000,161.745,161.747,161.744,161.745
1782700080000,161.746,161.746,161.741,161.744
1782700140000,161.748,161.761,161.748,161.759
1782700200000,161.76,161.767,161.758,161.762
1782700260000,161.763,161.763,161.757,161.759
1782700320000,161.76,161.762,161.76,161.761
1782700380000,161.761,161.762,161.758,161.76
1782700440000,161.762,161.762,161.759,161.759
1782700500000,161.76,161.782,161.759,161.772
1782700560000,161.771,161.771,161.76,161.76
1782700620000,161.76,161.783,161.759,161.777
1782700680000,161.777,161.783,161.772,161.781
1782700740000,161.779,161.78,161.772,161.775
1782700800000,161.776,161.779,161.771,161.779
1782700860000,161.778,161.781,161.776,161.779
1782700920000,161.778,161.778,161.772,161.774
1782700980000,161.772,161.782,161.772,161.78
1782701040000,161.779,161.779,161.773,161.773
1782701100000,161.772,161.772,161.766,161.767
1782701160000,161.767,161.767,161.765,161.767
1782701220000,161.765,161.773,161.765,161.772
1782701280000,161.773,161.773,161.771,161.773
1782701340000,161.772,161.779,161.771,161.778
1782701400000,161.779,161.784,161.779,161.783
1782701460000,161.784,161.784,161.78,161.782
1782701520000,161.782,161.786,161.782,161.786
1782701580000,161.785,161.789,161.785,161.785
1782701640000,161.784,161.788,161.784,161.785
1782701700000,161.785,161.786,161.781,161.781
1782701760000,161.781,161.781,161.777,161.777
1782701820000,161.776,161.782,161.776,161.781
1782701880000,161.782,161.784,161.781,161.784
1782701940000,161.783,161.786,161.782,161.785
1782702000000,161.784,161.784,161.782,161.782
1782702060000,161.782,161.787,161.782,161.787
1782702120000,161.785,161.791,161.785,161.791
1782702180000,161.791,161.791,161.783,161.79
1782702240000,161.789,161.789,161.784,161.786
1782702300000,161.787,161.791,161.784,161.79
1782702360000,161.79,161.79,161.784,161.786
1782702420000,161.786,161.787,161.781,161.782
1782702480000,161.781,161.782,161.779,161.78
1782702540000,161.781,161.784,161.779,161.784
1782702600000,161.785,161.79,161.785,161.788
1782702660000,161.789,161.789,161.787,161.787
1782702720000,161.787,161.787,161.783,161.784
1782702780000,161.784,161.784,161.782,161.783
1782702840000,161.783,161.784,161.782,161.784
1782702900000,161.784,161.784,161.782,161.782
1782702960000,161.783,161.784,161.782,161.784
1782703020000,161.784,161.784,161.784,161.784
1782703080000,161.785,161.787,161.778,161.778
1782703140000,161.779,161.78,161.776,161.778
1782703200000,161.778,161.784,161.778,161.783
1782703260000,161.782,161.784,161.781,161.784
1782703320000,161.784,161.784,161.78,161.782
1782703380000,161.783,161.784,161.779,161.783
1782703440000,161.782,161.783,161.781,161.782
1782703500000,161.782,161.782,161.78,161.78
1782703560000,161.779,161.779,161.777,161.777
1782703620000,161.778,161.778,161.775,161.777
1782703680000,161.777,161.777,161.777,161.777
1782703740000,161.777,161.78,161.777,161.778
1782703800000,161.779,161.779,161.772,161.774
1782703860000,161.774,161.776,161.773,161.775
1782703920000,161.776,161.777,161.776,161.776
1782703980000,161.777,161.777,161.777,161.777
1782704040000,161.778,161.778,161.778,161.778
1782704100000,161.777,161.787,161.777,161.778
1782704160000,161.776,161.778,161.776,161.778
1782704220000,161.782,161.783,161.778,161.782
1782704280000,161.783,161.784,161.782,161.784
1782704340000,161.785,161.786,161.784,161.784
1782704400000,161.784,161.784,161.782,161.783
1782704460000,161.784,161.784,161.776,161.777
1782704520000,161.779,161.784,161.778,161.784
1782704580000,161.784,161.784,161.783,161.783
1782704640000,161.784,161.786,161.784,161.784
1782704700000,161.784,161.784,161.774,161.779
1782704760000,161.778,161.78,161.778,161.779
1782704820000,161.778,161.78,161.777,161.778
1782704880000,161.778,161.78,161.777,161.779
1782704940000,161.779,161.782,161.778,161.782
1782705000000,161.782,161.784,161.781,161.784
1782705060000,161.784,161.784,161.781,161.781
1782705120000,161.782,161.783,161.782,161.783
1782705180000,161.782,161.783,161.782,161.783
1782705240000,161.784,161.786,161.784,161.786
1782705300000,161.785,161.786,161.784,161.784
1782705360000,161.786,161.791,161.784,161.787
1782705420000,161.786,161.789,161.786,161.788
1782705480000,161.791,161.795,161.789,161.793
1782705540000,161.793,161.796,161.792,161.796
1782705600000,161.796,161.796,161.784,161.788
1782705660000,161.788,161.791,161.788,161.789
1782705720000,161.79,161.791,161.79,161.791
1782705780000,161.789,161.792,161.789,161.791
1782705840000,161.792,161.793,161.792,161.792
1782705900000,161.793,161.795,161.791,161.793
1782705960000,161.793,161.794,161.792,161.792
1782706020000,161.793,161.793,161.791,161.793
1782706080000,161.791,161.794,161.791,161.794
1782706140000,161.792,161.792,161.791,161.791
1782706200000,161.792,161.793,161.79,161.79
1782706260000,161.791,161.791,161.789,161.789
1782706320000,161.789,161.792,161.789,161.791
1782706380000,161.792,161.792,161.789,161.79
1782706440000,161.791,161.793,161.787,161.789
1782706500000,161.788,161.79,161.788,161.79
1782706560000,161.791,161.795,161.791,161.794
1782706620000,161.793,161.794,161.791,161.793
1782706680000,161.794,161.797,161.794,161.797
1782706740000,161.797,161.801,161.796,161.8
1782706800000,161.801,161.801,161.799,161.799
1782706860000,161.798,161.8,161.798,161.8
1782706920000,161.799,161.799,161.798,161.798
1782706980000,161.797,161.8,161.796,161.798
1782707040000,161.799,161.8,161.795,161.8
1782707100000,161.799,161.807,161.799,161.805
1782707160000,161.806,161.809,161.806,161.809
1782707220000,161.808,161.812,161.802,161.802
1782707280000,161.801,161.808,161.801,161.806
1782707340000,161.807,161.811,161.805,161.811
1782707400000,161.81,161.813,161.807,161.808
1782707460000,161.809,161.81,161.806,161.806
1782707520000,161.807,161.808,161.806,161.808
1782707580000,161.807,161.808,161.805,161.808
1782707640000,161.81,161.81,161.805,161.805
1782707700000,161.804,161.804,161.803,161.804
1782707760000,161.804,161.807,161.803,161.804
1782707820000,161.803,161.804,161.802,161.804
1782707880000,161.805,161.81,161.804,161.808
1782707940000,161.807,161.807,161.805,161.805
1782708000000,161.806,161.806,161.805,161.805
1782708060000,161.806,161.806,161.804,161.805
1782708120000,161.805,161.806,161.798,161.798
1782708180000,161.798,161.804,161.797,161.799
1782708240000,161.801,161.805,161.8,161.803
1782708300000,161.803,161.805,161.8,161.802
1782708360000,161.803,161.803,161.798,161.799
1782708420000,161.798,161.798,161.791,161.795
1782708480000,161.794,161.795,161.792,161.793
1782708540000,161.794,161.796,161.793,161.795
1782708600000,161.796,161.805,161.795,161.804
1782708660000,161.805,161.805,161.804,161.804
1782708720000,161.805,161.805,161.804,161.805
1782708780000,161.804,161.806,161.804,161.804
1782708840000,161.804,161.805,161.804,161.804
1782708900000,161.805,161.808,161.805,161.808
1782708960000,161.807,161.807,161.806,161.807
1782709020000,161.807,161.811,161.807,161.81
1782709080000,161.81,161.814,161.81,161.811
1782709140000,161.812,161.812,161.811,161.812
1782709200000,161.812,161.814,161.81,161.812
1782709260000,161.812,161.812,161.807,161.809
1782709320000,161.81,161.81,161.809,161.809
1782709380000,161.806,161.811,161.806,161.81
1782709440000,161.811,161.812,161.81,161.812
1782709500000,161.809,161.811,161.809,161.81
1782709560000,161.81,161.81,161.809,161.809
1782709620000,161.803,161.804,161.795,161.796
1782709680000,161.799,161.804,161.799,161.801
1782709740000,161.802,161.803,161.8,161.801
1782709800000,161.8,161.8,161.798,161.798
1782709860000,161.799,161.799,161.794,161.795
1782709920000,161.797,161.797,161.784,161.79
1782709980000,161.79,161.791,161.789,161.79
1782710040000,161.79,161.79,161.787,161.788
1782710100000,161.788,161.793,161.788,161.793
1782710160000,161.791,161.792,161.79,161.792
1782710220000,161.795,161.797,161.79,161.791
1782710280000,161.792,161.793,161.789,161.791
1782710340000,161.79,161.792,161.788,161.788
1782710400000,161.792,161.794,161.788,161.788
1782710460000,161.787,161.796,161.787,161.794
1782710520000,161.792,161.795,161.79,161.795
1782710580000,161.795,161.797,161.795,161.796
1782710640000,161.795,161.796,161.794,161.795
1782710700000,161.796,161.798,161.794,161.798
1782710760000,161.799,161.799,161.797,161.798
1782710820000,161.799,161.804,161.798,161.803
1782710880000,161.804,161.809,161.803,161.808
1782710940000,161.807,161.807,161.8,161.8
1782711000000,161.801,161.801,161.793,161.795
1782711060000,161.794,161.795,161.793,161.794
1782711120000,161.794,161.796,161.793,161.796
1782711180000,161.797,161.804,161.796,161.802
1782711240000,161.801,161.801,161.792,161.794
1782711300000,161.793,161.798,161.793,161.797
1782711360000,161.798,161.799,161.795,161.799
1782711420000,161.8,161.8,161.795,161.795
1782711480000,161.795,161.799,161.793,161.794
1782711540000,161.795,161.795,161.791,161.793
1782711600000,161.793,161.795,161.792,161.793
1782711660000,161.793,161.795,161.791,161.795
1782711720000,161.794,161.795,161.792,161.792
1782711780000,161.793,161.794,161.792,161.793
1782711840000,161.794,161.796,161.792,161.792
1782711900000,161.794,161.796,161.786,161.786
1782711960000,161.788,161.793,161.786,161.786
1782712020000,161.787,161.787,161.783,161.783
1782712080000,161.783,161.786,161.783,161.786
1782712140000,161.787,161.795,161.787,161.793
1782712200000,161.794,161.795,161.792,161.794
1782712260000,161.794,161.794,161.783,161.783
1782712320000,161.783,161.786,161.783,161.785
1782712380000,161.785,161.791,161.785,161.788
1782712440000,161.788,161.791,161.786,161.788
1782712500000,161.787,161.794,161.787,161.788
1782712560000,161.788,161.792,161.785,161.791
1782712620000,161.793,161.798,161.79,161.796
1782712680000,161.796,161.801,161.796,161.796
1782712740000,161.798,161.806,161.797,161.801
1782712800000,161.801,161.811,161.794,161.796
1782712860000,161.795,161.802,161.795,161.795
1782712920000,161.793,161.799,161.793,161.799
1782712980000,161.8,161.801,161.795,161.796
1782713040000,161.798,161.802,161.794,161.801
1782713100000,161.802,161.805,161.797,161.799
1782713160000,161.799,161.802,161.798,161.801
1782713220000,161.799,161.799,161.795,161.798
1782713280000,161.796,161.799,161.793,161.795
1782713340000,161.795,161.8,161.793,161.8
1782713400000,161.801,161.808,161.801,161.805
1782713460000,161.806,161.813,161.805,161.811
1782713520000,161.812,161.812,161.806,161.808
1782713580000,161.807,161.82,161.807,161.815
1782713640000,161.814,161.818,161.811,161.811
1782713700000,161.811,161.818,161.81,161.815
1782713760000,161.814,161.816,161.809,161.81
1782713820000,161.811,161.818,161.81,161.817
1782713880000,161.815,161.821,161.815,161.819
1782713940000,161.82,161.821,161.818,161.819
1782714000000,161.82,161.83,161.819,161.826
1782714060000,161.824,161.825,161.819,161.82
1782714120000,161.821,161.821,161.818,161.82
1782714180000,161.82,161.824,161.82,161.822
1782714240000,161.822,161.848,161.821,161.833
1782714300000,161.833,161.834,161.83,161.83
1782714360000,161.832,161.843,161.832,161.842
1782714420000,161.839,161.845,161.836,161.839
1782714480000,161.84,161.848,161.838,161.841
1782714540000,161.841,161.847,161.836,161.842
1782714600000,161.842,161.849,161.832,161.839
1782714660000,161.839,161.841,161.834,161.841
1782714720000,161.841,161.847,161.84,161.842
1782714780000,161.843,161.849,161.839,161.844
1782714840000,161.844,161.846,161.841,161.841
1782714900000,161.84,161.84,161.81,161.824
1782714960000,161.824,161.827,161.808,161.822
1782715020000,161.823,161.83,161.823,161.828
1782715080000,161.827,161.831,161.827,161.829
1782715140000,161.827,161.827,161.809,161.81
1782715200000,161.809,161.82,161.809,161.819
1782715260000,161.818,161.818,161.814,161.816
1782715320000,161.815,161.819,161.815,161.818
1782715380000,161.818,161.818,161.808,161.811
1782715440000,161.811,161.812,161.804,161.804
1782715500000,161.804,161.815,161.804,161.807
1782715560000,161.804,161.807,161.802,161.804
1782715620000,161.804,161.804,161.795,161.8
1782715680000,161.8,161.802,161.795,161.8
1782715740000,161.8,161.801,161.788,161.793
1782715800000,161.794,161.794,161.788,161.789
1782715860000,161.788,161.791,161.787,161.788
1782715920000,161.79,161.794,161.789,161.79
1782715980000,161.789,161.79,161.788,161.788
1782716040000,161.789,161.808,161.789,161.805
1782716100000,161.804,161.805,161.786,161.788
1782716160000,161.789,161.789,161.778,161.782
1782716220000,161.781,161.789,161.78,161.781
1782716280000,161.782,161.79,161.779,161.782
1782716340000,161.782,161.789,161.777,161.789
1782716400000,161.791,161.807,161.791,161.803
1782716460000,161.804,161.806,161.798,161.804
1782716520000,161.805,161.815,161.805,161.812
1782716580000,161.811,161.815,161.81,161.812
1782716640000,161.811,161.816,161.808,161.816
1782716700000,161.815,161.815,161.802,161.805
1782716760000,161.806,161.806,161.801,161.803
1782716820000,161.798,161.801,161.793,161.8
1782716880000,161.801,161.806,161.801,161.803
1782716940000,161.803,161.808,161.803,161.807
1782717000000,161.807,161.812,161.806,161.806
1782717060000,161.805,161.806,161.799,161.806
1782717120000,161.806,161.815,161.805,161.813
1782717180000,161.814,161.816,161.812,161.814
1782717240000,161.814,161.814,161.803,161.804
1782717300000,161.805,161.805,161.802,161.804
1782717360000,161.805,161.806,161.803,161.805
1782717420000,161.805,161.806,161.801,161.805
1782717480000,161.805,161.808,161.802,161.808
1782717540000,161.808,161.809,161.805,161.808
1782717600000,161.808,161.816,161.808,161.816
1782717660000,161.815,161.815,161.805,161.808
1782717720000,161.805,161.808,161.805,161.808
1782717780000,161.808,161.809,161.805,161.805
1782717840000,161.804,161.804,161.79,161.795
1782717900000,161.795,161.801,161.794,161.8
1782717960000,161.799,161.8,161.793,161.796
1782718020000,161.796,161.796,161.787,161.789
1782718080000,161.79,161.791,161.789,161.789
1782718140000,161.789,161.791,161.788,161.789
1782718200000,161.789,161.791,161.789,161.791
1782718260000,161.79,161.806,161.79,161.796
1782718320000,161.796,161.796,161.794,161.795
1782718380000,161.795,161.8,161.795,161.797
1782718440000,161.798,161.801,161.796,161.797
1782718500000,161.798,161.81,161.797,161.808
1782718560000,161.808,161.808,161.798,161.799
1782718620000,161.798,161.799,161.796,161.797
1782718680000,161.797,161.799,161.796,161.797
1782718740000,161.795,161.796,161.791,161.793
1782718800000,161.793,161.798,161.792,161.796
1782718860000,161.796,161.802,161.796,161.799
1782718920000,161.798,161.806,161.798,161.804
1782718980000,161.804,161.804,161.795,161.801
1782719040000,161.799,161.805,161.799,161.805
1782719100000,161.805,161.808,161.803,161.803
1782719160000,161.802,161.805,161.801,161.804
1782719220000,161.805,161.809,161.804,161.807
1782719280000,161.808,161.81,161.806,161.809
1782719340000,161.811,161.811,161.807,161.809
1782719400000,161.808,161.81,161.807,161.808
1782719460000,161.808,161.809,161.803,161.804
1782719520000,161.804,161.807,161.803,161.806
1782719580000,161.807,161.817,161.806,161.814
1782719640000,161.816,161.823,161.816,161.821
1782719700000,161.824,161.827,161.818,161.82
1782719760000,161.819,161.825,161.819,161.824
1782719820000,161.825,161.83,161.817,161.817
1782719880000,161.818,161.82,161.815,161.819
1782719940000,161.82,161.826,161.818,161.824
1782720000000,161.824,161.824,161.816,161.818
1782720060000,161.82,161.827,161.817,161.818
1782720120000,161.818,161.82,161.814,161.816
1782720180000,161.815,161.815,161.806,161.807
1782720240000,161.808,161.811,161.806,161.809
1782720300000,161.809,161.809,161.803,161.808
1782720360000,161.807,161.809,161.801,161.804
1782720420000,161.803,161.808,161.802,161.807
1782720480000,161.806,161.814,161.806,161.813
1782720540000,161.812,161.818,161.81,161.816
1782720600000,161.817,161.817,161.816,161.817
1782720660000,161.817,161.818,161.814,161.817
1782720720000,161.817,161.818,161.812,161.814
1782720780000,161.814,161.816,161.813,161.813
1782720840000,161.813,161.813,161.801,161.806
1782720900000,161.809,161.817,161.807,161.817
1782720960000,161.817,161.827,161.814,161.823
1782721020000,161.823,161.831,161.823,161.829
1782721080000,161.829,161.83,161.825,161.827
1782721140000,161.828,161.84,161.826,161.837
1782721200000,161.837,161.841,161.83,161.836
1782721260000,161.836,161.837,161.827,161.832
1782721320000,161.831,161.84,161.831,161.836
1782721380000,161.837,161.841,161.835,161.84
1782721440000,161.841,161.846,161.838,161.839
1782721500000,161.838,161.84,161.833,161.839
1782721560000,161.84,161.843,161.84,161.842
1782721620000,161.842,161.845,161.842,161.844
1782721680000,161.845,161.846,161.842,161.844
1782721740000,161.844,161.85,161.84,161.842
1782721800000,161.843,161.844,161.835,161.837
1782721860000,161.837,161.841,161.835,161.841
1782721920000,161.84,161.843,161.839,161.841
1782721980000,161.84,161.841,161.839,161.839
1782722040000,161.84,161.845,161.839,161.843
1782722100000,161.844,161.846,161.841,161.844
1782722160000,161.845,161.849,161.843,161.847
1782722220000,161.846,161.848,161.841,161.845
1782722280000,161.844,161.851,161.844,161.848
1782722340000,161.849,161.852,161.846,161.846
1782722400000,161.845,161.852,161.845,161.849
1782722460000,161.849,161.849,161.844,161.847
1782722520000,161.848,161.852,161.847,161.852
1782722580000,161.852,161.854,161.852,161.853
1782722640000,161.854,161.854,161.852,161.853
1782722700000,161.854,161.857,161.853,161.855
1782722760000,161.854,161.857,161.853,161.856
1782722820000,161.855,161.856,161.853,161.853
1782722880000,161.854,161.854,161.852,161.853
1782722940000,161.851,161.852,161.845,161.846
1782723000000,161.847,161.848,161.844,161.844
1782723060000,161.845,161.845,161.84,161.84
1782723120000,161.839,161.843,161.839,161.842
1782723180000,161.842,161.844,161.839,161.842
1782723240000,161.842,161.842,161.837,161.838
1782723300000,161.837,161.843,161.837,161.843
1782723360000,161.843,161.843,161.841,161.843
1782723420000,161.843,161.853,161.842,161.853
1782723480000,161.852,161.853,161.848,161.852
1782723540000,161.851,161.854,161.851,161.852
1782723600000,161.851,161.854,161.844,161.844
1782723660000,161.843,161.844,161.84,161.844
1782723720000,161.844,161.844,161.835,161.835
1782723780000,161.836,161.84,161.835,161.836
1782723840000,161.836,161.84,161.831,161.834
1782723900000,161.835,161.842,161.831,161.841
1782723960000,161.842,161.845,161.837,161.845
1782724020000,161.844,161.847,161.838,161.841
1782724080000,161.842,161.845,161.841,161.845
1782724140000,161.844,161.855,161.844,161.851
1782724200000,161.851,161.854,161.849,161.849
1782724260000,161.851,161.856,161.847,161.853
1782724320000,161.855,161.857,161.85,161.852
1782724380000,161.851,161.858,161.85,161.855
1782724440000,161.856,161.858,161.855,161.858
1782724500000,161.859,161.859,161.854,161.855
1782724560000,161.856,161.861,161.855,161.859
1782724620000,161.86,161.861,161.856,161.856
1782724680000,161.856,161.859,161.853,161.854
1782724740000,161.855,161.856,161.853,161.855
1782724800000,161.854,161.864,161.854,161.862
1782724860000,161.863,161.865,161.86,161.863
1782724920000,161.862,161.864,161.855,161.856
1782724980000,161.857,161.859,161.855,161.859
1782725040000,161.858,161.866,161.856,161.866
1782725100000,161.866,161.879,161.865,161.871
1782725160000,161.872,161.876,161.87,161.872
1782725220000,161.873,161.88,161.873,161.876
1782725280000,161.878,161.88,161.871,161.871
1782725340000,161.871,161.873,161.869,161.873
1782725400000,161.873,161.878,161.872,161.878
1782725460000,161.877,161.879,161.873,161.878
1782725520000,161.878,161.884,161.877,161.878
1782725580000,161.881,161.882,161.878,161.879
1782725640000,161.878,161.879,161.869,161.871
1782725700000,161.87,161.881,161.869,161.879
1782725760000,161.879,161.88,161.875,161.878
1782725820000,161.877,161.88,161.875,161.88
1782725880000,161.881,161.885,161.88,161.883
1782725940000,161.882,161.885,161.88,161.885
1782726000000,161.884,161.893,161.883,161.892
1782726060000,161.893,161.895,161.891,161.892
1782726120000,161.895,161.896,161.893,161.894
1782726180000,161.896,161.896,161.892,161.895
1782726240000,161.896,161.896,161.892,161.894
1782726300000,161.894,161.897,161.892,161.895
1782726360000,161.895,161.895,161.893,161.894
1782726420000,161.895,161.898,161.893,161.897
1782726480000,161.896,161.898,161.887,161.888
1782726540000,161.889,161.889,161.879,161.881
1782726600000,161.882,161.892,161.881,161.891
1782726660000,161.891,161.898,161.887,161.894
1782726720000,161.893,161.893,161.888,161.891
1782726780000,161.891,161.894,161.891,161.892
1782726840000,161.893,161.895,161.892,161.894
1782726900000,161.893,161.898,161.892,161.897
1782726960000,161.896,161.897,161.892,161.892
1782727020000,161.893,161.895,161.89,161.891
1782727080000,161.89,161.892,161.883,161.889
1782727140000,161.889,161.889,161.881,161.883
1782727200000,161.884,161.896,161.884,161.893
1782727260000,161.893,161.895,161.889,161.892
1782727320000,161.892,161.893,161.888,161.892
1782727380000,161.892,161.895,161.891,161.893
1782727440000,161.894,161.895,161.892,161.894
1782727500000,161.895,161.895,161.892,161.892
1782727560000,161.892,161.895,161.892,161.893
1782727620000,161.894,161.895,161.892,161.894
1782727680000,161.895,161.899,161.891,161.891
1782727740000,161.892,161.892,161.885,161.886
1782727800000,161.885,161.89,161.88,161.883
1782727860000,161.881,161.887,161.88,161.887
1782727920000,161.887,161.887,161.884,161.884
1782727980000,161.884,161.884,161.879,161.882
1782728040000,161.882,161.884,161.88,161.882
1782728100000,161.883,161.888,161.881,161.887
1782728160000,161.886,161.889,161.886,161.887
1782728220000,161.887,161.888,161.883,161.883
1782728280000,161.884,161.89,161.884,161.889
1782728340000,161.889,161.889,161.884,161.886
1782728400000,161.886,161.897,161.885,161.894
1782728460000,161.895,161.898,161.893,161.893
1782728520000,161.893,161.895,161.893,161.895
1782728580000,161.896,161.897,161.891,161.893
1782728640000,161.894,161.894,161.885,161.885
1782728700000,161.888,161.888,161.885,161.886
1782728760000,161.887,161.888,161.885,161.888
1782728820000,161.887,161.889,161.883,161.885
1782728880000,161.884,161.885,161.882,161.882
1782728940000,161.884,161.884,161.88,161.881
1782729000000,161.882,161.882,161.872,161.873
1782729060000,161.874,161.875,161.869,161.872
1782729120000,161.873,161.875,161.87,161.873
1782729180000,161.875,161.876,161.873,161.873
1782729240000,161.874,161.875,161.871,161.873
1782729300000,161.873,161.876,161.871,161.875
1782729360000,161.873,161.882,161.873,161.878
1782729420000,161.88,161.881,161.875,161.878
1782729480000,161.879,161.879,161.873,161.874
1782729540000,161.873,161.875,161.871,161.871
1782729600000,161.871,161.872,161.869,161.87
1782729660000,161.871,161.872,161.868,161.869
1782729720000,161.869,161.87,161.868,161.869
1782729780000,161.87,161.871,161.868,161.871
1782729840000,161.872,161.875,161.87,161.875
1782729900000,161.875,161.883,161.874,161.881
1782729960000,161.881,161.882,161.871,161.873
1782730020000,161.873,161.878,161.873,161.875
1782730080000,161.876,161.876,161.87,161.87
1782730140000,161.869,161.869,161.864,161.864
1782730200000,161.862,161.866,161.859,161.861
1782730260000,161.863,161.863,161.853,161.853
1782730320000,161.854,161.858,161.851,161.854
1782730380000,161.854,161.86,161.854,161.859
1782730440000,161.859,161.859,161.846,161.847
1782730500000,161.849,161.862,161.848,161.862
1782730560000,161.861,161.862,161.859,161.86
1782730620000,161.859,161.861,161.856,161.857
1782730680000,161.858,161.859,161.853,161.856
1782730740000,161.857,161.857,161.849,161.855
1782730800000,161.856,161.856,161.848,161.849
1782730860000,161.849,161.849,161.846,161.849
1782730920000,161.847,161.849,161.844,161.844
1782730980000,161.844,161.847,161.843,161.846
1782731040000,161.845,161.845,161.843,161.844
1782731100000,161.843,161.847,161.842,161.847
1782731160000,161.846,161.849,161.846,161.849
1782731220000,161.85,161.859,161.849,161.858
1782731280000,161.858,161.861,161.852,161.86
1782731340000,161.859,161.861,161.855,161.855
1782731400000,161.856,161.858,161.851,161.856
1782731460000,161.855,161.856,161.851,161.856
1782731520000,161.855,161.856,161.851,161.856
1782731580000,161.855,161.856,161.85,161.854
1782731640000,161.852,161.857,161.85,161.856
1782731700000,161.857,161.86,161.856,161.859
1782731760000,161.859,161.859,161.85,161.852
1782731820000,161.85,161.85,161.842,161.843
1782731880000,161.844,161.847,161.843,161.844
1782731940000,161.843,161.847,161.843,161.844
1782732000000,161.845,161.845,161.834,161.835
1782732060000,161.836,161.844,161.835,161.843
1782732120000,161.842,161.847,161.842,161.847
1782732180000,161.846,161.847,161.84,161.842
1782732240000,161.836,161.84,161.835,161.839
1782732300000,161.839,161.84,161.836,161.84
1782732360000,161.839,161.84,161.836,161.84
1782732420000,161.839,161.844,161.838,161.842
1782732480000,161.842,161.844,161.835,161.844
1782732540000,161.843,161.844,161.831,161.835
1782732600000,161.835,161.841,161.833,161.84
1782732660000,161.841,161.843,161.813,161.824
1782732720000,161.824,161.835,161.824,161.834
1782732780000,161.835,161.837,161.834,161.835
1782732840000,161.834,161.834,161.825,161.826
1782732900000,161.824,161.831,161.822,161.83
1782732960000,161.833,161.837,161.831,161.837
1782733020000,161.836,161.844,161.836,161.839
1782733080000,161.839,161.843,161.838,161.842
1782733140000,161.84,161.844,161.837,161.841
1782733200000,161.841,161.841,161.835,161.836
1782733260000,161.836,161.837,161.834,161.835
1782733320000,161.835,161.836,161.833,161.835
1782733380000,161.835,161.843,161.834,161.84
1782733440000,161.839,161.847,161.839,161.846
1782733500000,161.846,161.85,161.845,161.85
1782733560000,161.85,161.85,161.839,161.845
1782733620000,161.846,161.846,161.843,161.844
1782733680000,161.843,161.844,161.834,161.835
1782733740000,161.835,161.84,161.834,161.839
1782733800000,161.839,161.843,161.834,161.834
1782733860000,161.833,161.835,161.832,161.833
1782733920000,161.832,161.833,161.831,161.832
1782733980000,161.832,161.833,161.831,161.832
1782734040000,161.833,161.835,161.831,161.832
1782734100000,161.832,161.833,161.826,161.829
1782734160000,161.829,161.829,161.815,161.825
1782734220000,161.825,161.835,161.822,161.835
1782734280000,161.835,161.839,161.834,161.835
1782734340000,161.834,161.84,161.834,161.835
1782734400000,161.837,161.845,161.832,161.844
1782734460000,161.843,161.846,161.839,161.843
1782734520000,161.843,161.844,161.841,161.841
1782734580000,161.843,161.85,161.843,161.845
1782734640000,161.845,161.856,161.844,161.855
1782734700000,161.854,161.855,161.849,161.851
1782734760000,161.852,161.857,161.852,161.855
1782734820000,161.854,161.858,161.853,161.855
1782734880000,161.854,161.858,161.854,161.858
1782734940000,161.857,161.857,161.844,161.849
1782735000000,161.85,161.856,161.847,161.847
1782735060000,161.848,161.852,161.848,161.851
1782735120000,161.852,161.857,161.847,161.847
1782735180000,161.848,161.855,161.848,161.855
1782735240000,161.854,161.855,161.85,161.852
1782735300000,161.851,161.854,161.848,161.853
1782735360000,161.853,161.856,161.849,161.852
1782735420000,161.853,161.857,161.851,161.856
1782735480000,161.855,161.857,161.848,161.856
1782735540000,161.856,161.863,161.855,161.859
1782735600000,161.859,161.865,161.856,161.862
1782735660000,161.861,161.865,161.86,161.864
1782735720000,161.866,161.87,161.862,161.865
1782735780000,161.866,161.882,161.866,161.878
1782735840000,161.877,161.878,161.868,161.868
1782735900000,161.868,161.88,161.867,161.877
1782735960000,161.878,161.886,161.876,161.88
1782736020000,161.88,161.883,161.878,161.878
1782736080000,161.879,161.881,161.878,161.88
1782736140000,161.881,161.887,161.881,161.883
1782736200000,161.884,161.886,161.881,161.881
1782736260000,161.882,161.882,161.878,161.881
1782736320000,161.879,161.88,161.873,161.877
1782736380000,161.877,161.877,161.867,161.868
1782736440000,161.869,161.881,161.868,161.88
1782736500000,161.879,161.879,161.87,161.871
1782736560000,161.872,161.877,161.87,161.874
1782736620000,161.876,161.884,161.875,161.884
1782736680000,161.884,161.893,161.882,161.883
1782736740000,161.884,161.886,161.879,161.885
1782736800000,161.885,161.89,161.881,161.887
1782736860000,161.888,161.897,161.886,161.895
1782736920000,161.894,161.902,161.89,161.892
1782736980000,161.892,161.897,161.892,161.893
1782737040000,161.892,161.895,161.89,161.894
1782737100000,161.894,161.895,161.893,161.894
1782737160000,161.893,161.896,161.892,161.893
1782737220000,161.892,161.898,161.89,161.896
1782737280000,161.896,161.897,161.893,161.893
1782737340000,161.893,161.894,161.878,161.88
1782737400000,161.88,161.891,161.88,161.891
1782737460000,161.891,161.893,161.89,161.892
1782737520000,161.892,161.895,161.891,161.894
1782737580000,161.894,161.9,161.893,161.899
1782737640000,161.898,161.9,161.898,161.898
1782737700000,161.899,161.899,161.897,161.899
1782737760000,161.899,161.899,161.891,161.893
1782737820000,161.893,161.897,161.89,161.896
1782737880000,161.896,161.898,161.892,161.893
1782737940000,161.892,161.893,161.887,161.891
1782738000000,161.891,161.894,161.883,161.892
1782738060000,161.893,161.894,161.886,161.893
1782738120000,161.894,161.895,161.89,161.891
1782738180000,161.887,161.894,161.885,161.886
1782738240000,161.885,161.892,161.885,161.89
1782738300000,161.89,161.892,161.886,161.889
1782738360000,161.889,161.896,161.886,161.894
1782738420000,161.894,161.898,161.893,161.898
1782738480000,161.897,161.898,161.888,161.889
1782738540000,161.888,161.893,161.886,161.892
1782738600000,161.892,161.894,161.891,161.891
1782738660000,161.891,161.892,161.884,161.892
1782738720000,161.892,161.894,161.888,161.89
1782738780000,161.89,161.892,161.888,161.891
1782738840000,161.891,161.894,161.889,161.892
1782738900000,161.893,161.894,161.889,161.891
1782738960000,161.891,161.895,161.89,161.895
1782739020000,161.894,161.911,161.893,161.904
1782739080000,161.904,161.914,161.897,161.913
1782739140000,161.913,161.913,161.901,161.905
1782739200000,161.906,161.919,161.905,161.911
1782739260000,161.913,161.917,161.909,161.916
1782739320000,161.916,161.929,161.916,161.927
1782739380000,161.927,161.93,161.921,161.921
1782739440000,161.924,161.935,161.924,161.928
1782739500000,161.928,161.933,161.927,161.933
1782739560000,161.932,161.933,161.922,161.923
1782739620000,161.924,161.933,161.923,161.929
1782739680000,161.929,161.929,161.922,161.923
1782739740000,161.923,161.925,161.922,161.923
1782739800000,161.923,161.925,161.918,161.925
1782739860000,161.925,161.932,161.925,161.928
1782739920000,161.928,161.933,161.925,161.929
1782739980000,161.928,161.932,161.923,161.927
1782740040000,161.927,161.927,161.916,161.921
1782740100000,161.921,161.928,161.921,161.927
1782740160000,161.926,161.94,161.926,161.935
1782740220000,161.934,161.945,161.934,161.944
1782740280000,161.944,161.944,161.896,161.932
1782740340000,161.933,161.935,161.932,161.935
1782740400000,161.935,161.941,161.935,161.94
1782740460000,161.939,161.941,161.933,161.936
1782740520000,161.938,161.941,161.937,161.939
1782740580000,161.939,161.942,161.936,161.936
1782740640000,161.936,161.941,161.935,161.941
1782740700000,161.941,161.949,161.929,161.944
1782740760000,161.945,161.947,161.939,161.942
1782740820000,161.942,161.945,161.935,161.937
1782740880000,161.938,161.945,161.938,161.938
1782740940000,161.94,161.941,161.921,161.934
1782741000000,161.933,161.941,161.93,161.937
1782741060000,161.938,161.943,161.936,161.941
1782741120000,161.94,161.943,161.937,161.943
1782741180000,161.943,161.946,161.941,161.943
1782741240000,161.943,161.948,161.942,161.943
1782741300000,161.943,161.943,161.931,161.938
1782741360000,161.94,161.94,161.93,161.932
1782741420000,161.932,161.945,161.929,161.944
1782741480000,161.945,161.964,161.9,161.945
1782741540000,161.945,161.961,161.939,161.957
1782741600000,161.957,161.957,161.809,161.856
1782741660000,161.854,161.914,161.831,161.914
1782741720000,161.913,161.914,161.878,161.897
1782741780000,161.896,161.911,161.874,161.884
1782741840000,161.883,161.898,161.871,161.897
1782741900000,161.896,161.91,161.888,161.901
1782741960000,161.902,161.911,161.887,161.893
1782742020000,161.894,161.91,161.892,161.909
1782742080000,161.908,161.921,161.897,161.909
1782742140000,161.908,161.912,161.905,161.907
1782742200000,161.908,161.911,161.894,161.899
1782742260000,161.899,161.906,161.893,161.906
1782742320000,161.906,161.911,161.899,161.899
1782742380000,161.899,161.905,161.873,161.873
1782742440000,161.875,161.909,161.873,161.908
1782742500000,161.908,161.927,161.906,161.921
1782742560000,161.92,161.923,161.891,161.898
1782742620000,161.898,161.906,161.892,161.894
1782742680000,161.893,161.909,161.889,161.905
1782742740000,161.905,161.908,161.889,161.892
1782742800000,161.891,161.899,161.886,161.89
1782742860000,161.889,161.895,161.884,161.886
1782742920000,161.886,161.9,161.883,161.9
1782742980000,161.9,161.905,161.894,161.901
1782743040000,161.902,161.902,161.886,161.888
1782743100000,161.889,161.897,161.884,161.896
1782743160000,161.896,161.898,161.88,161.888
1782743220000,161.89,161.901,161.885,161.897
1782743280000,161.897,161.909,161.896,161.909
1782743340000,161.909,161.922,161.908,161.92
1782743400000,161.92,161.92,161.906,161.908
1782743460000,161.908,161.92,161.908,161.915
1782743520000,161.915,161.919,161.912,161.918
1782743580000,161.917,161.919,161.902,161.905
1782743640000,161.905,161.909,161.898,161.908
1782743700000,161.909,161.909,161.903,161.904
1782743760000,161.906,161.908,161.896,161.906
1782743820000,161.905,161.915,161.905,161.913
1782743880000,161.913,161.913,161.908,161.908
1782743940000,161.908,161.909,161.901,161.909
1782744000000,161.91,161.914,161.908,161.908
1782744060000,161.909,161.91,161.901,161.901
1782744120000,161.901,161.91,161.898,161.909
1782744180000,161.909,161.915,161.909,161.912
1782744240000,161.911,161.926,161.911,161.924
1782744300000,161.924,161.937,161.923,161.936
1782744360000,161.935,161.935,161.921,161.922
1782744420000,161.922,161.927,161.921,161.923
1782744480000,161.923,161.926,161.913,161.925
1782744540000,161.925,161.931,161.924,161.925
1782744600000,161.926,161.93,161.922,161.924
1782744660000,161.925,161.928,161.921,161.928
1782744720000,161.928,161.928,161.921,161.926
1782744780000,161.929,161.931,161.922,161.923
1782744840000,161.924,161.925,161.91,161.912
1782744900000,161.911,161.915,161.906,161.915
1782744960000,161.914,161.922,161.911,161.92
1782745020000,161.921,161.926,161.91,161.924
1782745080000,161.925,161.936,161.921,161.936
1782745140000,161.936,161.936,161.927,161.928
1782745200000,161.926,161.941,161.926,161.94
1782745260000,161.94,161.941,161.927,161.936
1782745320000,161.935,161.942,161.926,161.931
1782745380000,161.931,161.936,161.926,161.935
1782745440000,161.936,161.937,161.931,161.933
1782745500000,161.933,161.937,161.931,161.934
1782745560000,161.934,161.936,161.932,161.934
1782745620000,161.933,161.943,161.933,161.935
1782745680000,161.935,161.94,161.934,161.936
1782745740000,161.934,161.937,161.934,161.935
1782745800000,161.934,161.936,161.931,161.935
1782745860000,161.935,161.938,161.926,161.927
1782745920000,161.927,161.934,161.926,161.931
1782745980000,161.929,161.935,161.927,161.932
1782746040000,161.933,161.934,161.929,161.931
1782746100000,161.934,161.936,161.933,161.934
1782746160000,161.934,161.934,161.925,161.925
1782746220000,161.925,161.926,161.92,161.923
1782746280000,161.924,161.928,161.922,161.927
1782746340000,161.929,161.936,161.926,161.934
1782746400000,161.935,161.936,161.932,161.934
1782746460000,161.934,161.938,161.932,161.937
1782746520000,161.939,161.939,161.935,161.938
1782746580000,161.937,161.939,161.935,161.938
1782746640000,161.937,161.945,161.937,161.938
1782746700000,161.939,161.943,161.937,161.938
1782746760000,161.939,161.939,161.932,161.935
1782746820000,161.934,161.937,161.932,161.933
1782746880000,161.934,161.935,161.931,161.933
1782746940000,161.934,161.936,161.931,161.934
1782747000000,161.935,161.94,161.932,161.935
1782747060000,161.936,161.936,161.927,161.932
1782747120000,161.931,161.937,161.929,161.934
1782747180000,161.933,161.937,161.932,161.937
1782747240000,161.938,161.944,161.932,161.94
1782747300000,161.94,161.946,161.939,161.945
1782747360000,161.945,161.951,161.945,161.948
1782747420000,161.949,161.951,161.947,161.947
1782747480000,161.948,161.949,161.938,161.941
1782747540000,161.943,161.945,161.937,161.942
1782747600000,161.943,161.944,161.937,161.938
1782747660000,161.939,161.944,161.937,161.937
1782747720000,161.935,161.939,161.934,161.938
1782747780000,161.937,161.939,161.933,161.936
1782747840000,161.936,161.937,161.929,161.931
1782747900000,161.933,161.935,161.929,161.933
1782747960000,161.934,161.936,161.931,161.933
1782748020000,161.934,161.935,161.927,161.931
1782748080000,161.931,161.94,161.929,161.938
1782748140000,161.938,161.939,161.933,161.934
1782748200000,161.934,161.935,161.929,161.933
1782748260000,161.932,161.936,161.929,161.933
1782748320000,161.932,161.933,161.925,161.929
1782748380000,161.929,161.937,161.927,161.936
1782748440000,161.935,161.938,161.93,161.936
1782748500000,161.937,161.939,161.927,161.928
1782748560000,161.927,161.934,161.927,161.933
1782748620000,161.932,161.938,161.929,161.934
1782748680000,161.935,161.937,161.925,161.929
1782748740000,161.928,161.937,161.928,161.932
1782748800000,161.931,161.932,161.926,161.93
1782748860000,161.93,161.93,161.926,161.928
1782748920000,161.929,161.931,161.924,161.924
1782748980000,161.924,161.929,161.924,161.929
1782749040000,161.928,161.937,161.926,161.932
1782749100000,161.933,161.934,161.929,161.931
1782749160000,161.932,161.933,161.928,161.929
1782749220000,161.928,161.932,161.927,161.931
1782749280000,161.931,161.931,161.918,161.918
1782749340000,161.919,161.924,161.918,161.919
1782749400000,161.918,161.924,161.917,161.922
1782749460000,161.92,161.926,161.92,161.925
1782749520000,161.926,161.926,161.92,161.926
1782749580000,161.926,161.929,161.924,161.928
1782749640000,161.929,161.935,161.928,161.933
1782749700000,161.933,161.935,161.928,161.931
1782749760000,161.931,161.931,161.926,161.928
1782749820000,161.928,161.929,161.926,161.929
1782749880000,161.929,161.929,161.925,161.929
1782749940000,161.928,161.934,161.928,161.929
1782750000000,161.929,161.934,161.929,161.931
1782750060000,161.931,161.939,161.929,161.937
1782750120000,161.936,161.938,161.934,161.934
1782750180000,161.935,161.935,161.93,161.93
1782750240000,161.931,161.934,161.93,161.931
1782750300000,161.931,161.935,161.931,161.935
1782750360000,161.934,161.935,161.933,161.934
1782750420000,161.935,161.935,161.934,161.934
1782750480000,161.935,161.936,161.934,161.935
1782750540000,161.936,161.937,161.935,161.937
1782750600000,161.936,161.938,161.934,161.937
1782750660000,161.937,161.938,161.933,161.934
1782750720000,161.935,161.936,161.933,161.935
1782750780000,161.936,161.939,161.933,161.939
1782750840000,161.938,161.939,161.936,161.938
1782750900000,161.937,161.937,161.932,161.932
1782750960000,161.933,161.936,161.931,161.935
1782751020000,161.935,161.936,161.934,161.935
1782751080000,161.936,161.937,161.934,161.936
1782751140000,161.936,161.936,161.93,161.933
1782751200000,161.933,161.933,161.933,161.933
1782751260000,161.932,161.936,161.931,161.935
1782751320000,161.934,161.936,161.932,161.933
1782751380000,161.933,161.935,161.932,161.933
1782751440000,161.934,161.934,161.927,161.931
1782751500000,161.93,161.933,161.929,161.932
1782751560000,161.933,161.933,161.927,161.932
1782751620000,161.933,161.934,161.931,161.933
1782751680000,161.935,161.936,161.932,161.932
1782751740000,161.932,161.932,161.923,161.925
1782751800000,161.925,161.929,161.924,161.929
1782751860000,161.928,161.929,161.924,161.926
1782751920000,161.927,161.927,161.921,161.926
1782751980000,161.924,161.926,161.919,161.92
1782752040000,161.92,161.924,161.92,161.921
1782752100000,161.922,161.933,161.922,161.933
1782752160000,161.934,161.937,161.933,161.936
1782752220000,161.936,161.941,161.936,161.94
1782752280000,161.938,161.945,161.938,161.941
1782752340000,161.94,161.944,161.938,161.942
1782752400000,161.941,161.942,161.937,161.941
1782752460000,161.94,161.945,161.939,161.944
1782752520000,161.943,161.944,161.941,161.944
1782752580000,161.944,161.944,161.939,161.94
1782752640000,161.939,161.94,161.938,161.938
1782752700000,161.938,161.941,161.936,161.938
1782752760000,161.939,161.94,161.937,161.937
1782752820000,161.939,161.94,161.936,161.937
1782752880000,161.937,161.939,161.937,161.938
1782752940000,161.939,161.94,161.937,161.939
1782753000000,161.939,161.941,161.938,161.941
1782753060000,161.94,161.941,161.938,161.938
1782753120000,161.939,161.94,161.937,161.938
1782753180000,161.938,161.938,161.935,161.935
1782753240000,161.934,161.938,161.934,161.937
1782753300000,161.936,161.938,161.935,161.938
1782753360000,161.939,161.942,161.938,161.942
1782753420000,161.941,161.942,161.937,161.939
1782753480000,161.94,161.943,161.939,161.942
1782753540000,161.943,161.95,161.939,161.942
1782753600000,161.942,161.946,161.942,161.944
1782753660000,161.946,161.946,161.943,161.944
1782753720000,161.946,161.946,161.944,161.945
1782753780000,161.946,161.95,161.946,161.949
1782753840000,161.949,161.959,161.948,161.956
1782753900000,161.957,161.958,161.953,161.957
1782753960000,161.957,161.957,161.949,161.95
1782754020000,161.947,161.957,161.947,161.957
1782754080000,161.956,161.958,161.949,161.951
1782754140000,161.95,161.95,161.947,161.949
1782754200000,161.95,161.95,161.945,161.946
1782754260000,161.946,161.947,161.944,161.944
1782754320000,161.945,161.946,161.939,161.939
1782754380000,161.939,161.943,161.935,161.937
1782754440000,161.937,161.938,161.935,161.937
1782754500000,161.936,161.937,161.932,161.934
1782754560000,161.933,161.936,161.932,161.933
1782754620000,161.932,161.934,161.932,161.932
1782754680000,161.933,161.936,161.932,161.933
1782754740000,161.934,161.936,161.931,161.933
1782754800000,161.934,161.943,161.933,161.94
1782754860000,161.942,161.946,161.94,161.944
1782754920000,161.943,161.947,161.943,161.946
1782754980000,161.946,161.947,161.944,161.946
1782755040000,161.947,161.947,161.945,161.946
1782755100000,161.945,161.949,161.945,161.949
1782755160000,161.949,161.949,161.946,161.948
1782755220000,161.949,161.949,161.944,161.945
1782755280000,161.944,161.947,161.943,161.945
1782755340000,161.945,161.946,161.943,161.945
1782755400000,161.944,161.945,161.944,161.945
1782755460000,161.943,161.946,161.941,161.945
1782755520000,161.944,161.946,161.933,161.935
1782755580000,161.936,161.936,161.933,161.933
1782755640000,161.934,161.934,161.931,161.932
1782755700000,161.934,161.936,161.932,161.936
1782755760000,161.937,161.945,161.937,161.945
1782755820000,161.946,161.946,161.919,161.921
1782755880000,161.921,161.932,161.921,161.932
1782755940000,161.931,161.939,161.929,161.934
1782756000000,161.936,161.936,161.933,161.936
1782756060000,161.935,161.937,161.933,161.934
1782756120000,161.934,161.936,161.933,161.935
1782756180000,161.935,161.942,161.933,161.938
1782756240000,161.94,161.941,161.933,161.935
1782756300000,161.936,161.947,161.936,161.946
1782756360000,161.945,161.946,161.944,161.945
1782756420000,161.945,161.945,161.944,161.944
1782756480000,161.946,161.947,161.935,161.935
1782756540000,161.934,161.942,161.934,161.935
1782756600000,161.936,161.938,161.933,161.933
1782756660000,161.933,161.936,161.932,161.935
1782756720000,161.933,161.934,161.93,161.934
1782756780000,161.935,161.936,161.933,161.934
1782756840000,161.934,161.935,161.934,161.934
1782756900000,161.934,161.936,161.933,161.935
1782756960000,161.935,161.936,161.932,161.933
1782757020000,161.932,161.934,161.926,161.931
1782757080000,161.93,161.931,161.93,161.931
1782757140000,161.931,161.931,161.931,161.931
1782757200000,161.93,161.931,161.93,161.931
1782757260000,161.93,161.934,161.929,161.934
1782757320000,161.931,161.933,161.931,161.931
1782757380000,161.931,161.931,161.926,161.931
1782757440000,161.93,161.931,161.927,161.93
1782757500000,161.931,161.933,161.93,161.933
1782757560000,161.932,161.938,161.932,161.937
1782757620000,161.939,161.944,161.937,161.943
1782757680000,161.944,161.944,161.942,161.943
1782757740000,161.945,161.945,161.943,161.943
1782757800000,161.941,161.944,161.941,161.943
1782757860000,161.944,161.944,161.943,161.943
1782757920000,161.944,161.944,161.942,161.943
1782757980000,161.942,161.946,161.942,161.946
1782758040000,161.945,161.946,161.944,161.944
1782758100000,161.945,161.945,161.943,161.943
1782758160000,161.941,161.942,161.941,161.942
1782758220000,161.943,161.945,161.942,161.945
1782758280000,161.944,161.948,161.944,161.946
1782758340000,161.944,161.947,161.944,161.944
1782758400000,161.946,161.946,161.943,161.944
1782758460000,161.944,161.946,161.944,161.945
1782758520000,161.947,161.947,161.944,161.945
1782758580000,161.946,161.946,161.943,161.945
1782758640000,161.946,161.946,161.942,161.944
1782758700000,161.945,161.946,161.944,161.946
1782758760000,161.946,161.947,161.945,161.947
1782758820000,161.947,161.96,161.945,161.959
1782758880000,161.958,161.96,161.957,161.958
1782758940000,161.958,161.966,161.947,161.955
1782759000000,161.956,161.959,161.954,161.959
1782759060000,161.958,161.959,161.957,161.957
1782759120000,161.957,161.957,161.955,161.955
1782759180000,161.956,161.968,161.956,161.968
1782759240000,161.967,161.97,161.959,161.967
1782759300000,161.967,161.975,161.967,161.971
1782759360000,161.969,161.972,161.966,161.967
1782759420000,161.967,161.972,161.966,161.967
1782759480000,161.968,161.973,161.966,161.968
1782759540000,161.967,161.982,161.967,161.97
1782759600000,161.968,161.968,161.95,161.954
1782759660000,161.956,161.959,161.954,161.957
1782759720000,161.956,161.956,161.952,161.955
1782759780000,161.953,161.957,161.953,161.956
1782759840000,161.956,161.957,161.948,161.948
1782759900000,161.947,161.949,161.946,161.948
1782759960000,161.947,161.957,161.947,161.956
1782760020000,161.957,161.959,161.955,161.959
1782760080000,161.958,161.959,161.957,161.959
1782760140000,161.958,161.959,161.958,161.958
1782760200000,161.959,161.965,161.957,161.964
1782760260000,161.964,161.97,161.962,161.965
1782760320000,161.965,161.969,161.962,161.969
1782760380000,161.965,161.97,161.964,161.968
1782760440000,161.967,161.969,161.958,161.959
1782760500000,161.958,161.959,161.955,161.958
1782760560000,161.957,161.959,161.956,161.957
1782760620000,161.956,161.96,161.956,161.959
1782760680000,161.958,161.958,161.955,161.956
1782760740000,161.956,161.959,161.956,161.959
1782760800000,161.957,161.959,161.955,161.957
1782760860000,161.955,161.957,161.949,161.953
1782760920000,161.953,161.955,161.948,161.95
1782760980000,161.951,161.955,161.948,161.953
1782761040000,161.951,161.954,161.949,161.95
1782761100000,161.949,161.949,161.944,161.945
1782761160000,161.944,161.945,161.939,161.941
1782761220000,161.941,161.943,161.939,161.94
1782761280000,161.94,161.94,161.937,161.938
1782761340000,161.94,161.942,161.938,161.939
1782761400000,161.938,161.939,161.933,161.933
1782761460000,161.934,161.937,161.932,161.933
1782761520000,161.934,161.938,161.934,161.935
1782761580000,161.937,161.938,161.931,161.931
1782761640000,161.93,161.931,161.927,161.93
1782761700000,161.931,161.931,161.927,161.929
1782761760000,161.929,161.931,161.926,161.931
1782761820000,161.93,161.932,161.926,161.931
1782761880000,161.932,161.932,161.93,161.93
1782761940000,161.93,161.932,161.926,161.93
1782762000000,161.929,161.932,161.928,161.931
1782762060000,161.93,161.932,161.928,161.931
1782762120000,161.932,161.933,161.93,161.931
1782762180000,161.932,161.933,161.93,161.93
1782762240000,161.931,161.933,161.929,161.93
1782762300000,161.931,161.931,161.923,161.93
1782762360000,161.929,161.929,161.928,161.929
1782762420000,161.928,161.93,161.926,161.93
1782762480000,161.931,161.932,161.929,161.929
1782762540000,161.93,161.93,161.923,161.924
1782762600000,161.923,161.926,161.921,161.923
1782762660000,161.921,161.923,161.906,161.912
1782762720000,161.911,161.918,161.908,161.918
1782762780000,161.918,161.921,161.918,161.921
1782762840000,161.922,161.926,161.92,161.926
1782762900000,161.926,161.94,161.926,161.938
1782762960000,161.94,161.94,161.936,161.937
1782763020000,161.938,161.943,161.934,161.941
1782763080000,161.941,161.946,161.936,161.946
1782763140000,161.945,161.947,161.939,161.939
1782763200000,161.94,161.948,161.938,161.948
1782763260000,161.948,161.955,161.947,161.953
1782763320000,161.953,161.955,161.939,161.939
1782763380000,161.939,161.941,161.936,161.938
1782763440000,161.939,161.943,161.939,161.943
1782763500000,161.943,161.947,161.939,161.945
1782763560000,161.945,161.945,161.942,161.942
1782763620000,161.941,161.946,161.94,161.946
1782763680000,161.945,161.946,161.941,161.942
1782763740000,161.941,161.941,161.939,161.941
1782763800000,161.942,161.942,161.938,161.941
1782763860000,161.942,161.942,161.939,161.94
1782763920000,161.942,161.942,161.941,161.942
1782763980000,161.94,161.941,161.94,161.941
1782764040000,161.941,161.941,161.934,161.935
1782764100000,161.935,161.937,161.929,161.931
1782764160000,161.933,161.936,161.932,161.933
1782764220000,161.932,161.937,161.932,161.936
1782764280000,161.936,161.938,161.934,161.935
1782764340000,161.935,161.94,161.935,161.939
1782764400000,161.94,161.941,161.939,161.94
1782764460000,161.941,161.942,161.939,161.941
1782764520000,161.94,161.941,161.939,161.941
1782764580000,161.942,161.942,161.94,161.941
1782764640000,161.94,161.941,161.937,161.94
1782764700000,161.939,161.942,161.938,161.942
1782764760000,161.942,161.943,161.94,161.943
1782764820000,161.943,161.943,161.942,161.942
1782764880000,161.942,161.943,161.941,161.942
1782764940000,161.941,161.942,161.927,161.938
1782765000000,161.937,161.941,161.937,161.938
1782765060000,161.939,161.941,161.938,161.94
1782765120000,161.941,161.941,161.939,161.941
1782765180000,161.94,161.949,161.94,161.949
1782765240000,161.948,161.95,161.947,161.949
1782765300000,161.949,161.962,161.948,161.958
1782765360000,161.959,161.959,161.956,161.959
1782765420000,161.958,161.96,161.957,161.957
1782765480000,161.958,161.958,161.958,161.958
1782765540000,161.957,161.96,161.956,161.957
1782765600000,161.957,161.958,161.954,161.957
1782765660000,161.957,161.958,161.956,161.957
1782765720000,161.957,161.957,161.953,161.953
1782765780000,161.953,161.953,161.95,161.952
1782765840000,161.952,161.952,161.946,161.949
1782765900000,161.948,161.948,161.944,161.947
1782765960000,161.948,161.948,161.946,161.947
1782766020000,161.948,161.95,161.947,161.948
1782766080000,161.949,161.959,161.949,161.957
1782766140000,161.958,161.958,161.956,161.957
1782766200000,161.957,161.958,161.953,161.957
1782766260000,161.955,161.963,161.955,161.961
1782766320000,161.962,161.962,161.956,161.956
1782766380000,161.956,161.958,161.955,161.957
1782766440000,161.957,161.957,161.955,161.955
1782766500000,161.956,161.957,161.955,161.955
1782766560000,161.955,161.956,161.954,161.956
1782766620000,161.956,161.957,161.949,161.95
1782766680000,161.949,161.949,161.929,161.934
1782766740000,161.935,161.936,161.928,161.928
1782766800000,161.927,161.927,161.906,161.907
1782766860000,161.905,161.93,161.902,161.925
1782766920000,161.925,161.925,161.923,161.925
1782766980000,161.923,161.925,161.923,161.924
1782767040000,161.923,161.923,161.919,161.923
1782767100000,161.903,161.923,161.903,161.923
1782767160000,161.923,161.923,161.923,161.923
1782767220000,161.923,161.924,161.923,161.924
1782767280000,161.925,161.925,161.923,161.923
1782767340000,161.924,161.925,161.922,161.922
1782767400000,161.922,161.927,161.903,161.903
1782767460000,161.904,161.904,161.89,161.904
1782767520000,161.903,161.904,161.903,161.903
1782767580000,161.89,161.89,161.89,161.89
1782767640000,161.904,161.904,161.904,161.904
1782767700000,161.907,161.914,161.906,161.909
1782767760000,161.913,161.914,161.909,161.913
1782767820000,161.916,161.919,161.913,161.918
1782767880000,161.918,161.918,161.905,161.907
1782767940000,161.907,161.918,161.907,161.918
1782768000000,161.919,161.919,161.918,161.918
1782768060000,161.917,161.92,161.917,161.92
1782768120000,161.921,161.922,161.918,161.922
1782768180000,161.923,161.923,161.905,161.905
1782768240000,161.9,161.904,161.896,161.904
1782768300000,161.894,161.894,161.894,161.894
1782768360000,161.903,161.904,161.893,161.895
1782768420000,161.896,161.896,161.896,161.896
1782768480000,161.904,161.904,161.902,161.902
1782768540000,161.889,161.902,161.889,161.902
1782768600000,161.902,161.903,161.902,161.903
1782768660000,161.903,161.905,161.901,161.903
1782768720000,161.903,161.905,161.9,161.902
1782768780000,161.904,161.905,161.9,161.903
1782768840000,161.905,161.905,161.901,161.903
1782768900000,161.907,161.91,161.905,161.905
1782768960000,161.905,161.909,161.905,161.907
1782769020000,161.908,161.908,161.906,161.907
1782769080000,161.906,161.907,161.902,161.904
1782769140000,161.904,161.905,161.904,161.905
1782769200000,161.905,161.91,161.904,161.905
1782769260000,161.903,161.91,161.903,161.905
1782769320000,161.904,161.905,161.904,161.905
1782769380000,161.905,161.905,161.903,161.903
1782769440000,161.901,161.906,161.9,161.906
1782769500000,161.907,161.907,161.905,161.906
1782769560000,161.906,161.907,161.906,161.907
1782769620000,161.902,161.902,161.902,161.902
1782769680000,161.897,161.897,161.897,161.897
1782769740000,161.899,161.906,161.899,161.906
1782769800000,161.905,161.907,161.905,161.907
1782769860000,161.907,161.907,161.896,161.907
1782769920000,161.907,161.908,161.907,161.907
1782769980000,161.908,161.908,161.905,161.905
1782770040000,161.906,161.907,161.881,161.9
1782770100000,161.9,161.91,161.9,161.91
1782770160000,161.909,161.91,161.909,161.909
1782770220000,161.908,161.908,161.905,161.906
1782770280000,161.906,161.907,161.906,161.906
1782770340000,161.905,161.906,161.904,161.906
1782770400000,161.905,161.924,161.902,161.917
1782770460000,161.917,161.923,161.914,161.915
1782770520000,161.916,161.929,161.915,161.918
1782770580000,161.919,161.919,161.915,161.916
1782770640000,161.916,161.918,161.915,161.916
1782770700000,161.917,161.935,161.915,161.934
1782770760000,161.934,161.935,161.933,161.935
1782770820000,161.936,161.937,161.936,161.936
1782770880000,161.937,161.937,161.936,161.936
1782770940000,161.936,161.937,161.935,161.936
1782771000000,161.936,161.937,161.921,161.926
1782771060000,161.926,161.932,161.926,161.929
1782771120000,161.928,161.932,161.924,161.924
1782771180000,161.923,161.924,161.923,161.924
1782771240000,161.924,161.931,161.924,161.931
1782771300000,161.931,161.932,161.929,161.93
1782771360000,161.927,161.929,161.924,161.929
1782771420000,161.93,161.935,161.929,161.935
1782771480000,161.936,161.936,161.935,161.935
1782771540000,161.935,161.935,161.934,161.934
1782771600000,161.935,161.936,161.935,161.936
1782771660000,161.936,161.936,161.936,161.936
1782771720000,161.936,161.939,161.929,161.939
1782771780000,161.939,161.939,161.938,161.938
1782771840000,161.937,161.939,161.937,161.939
1782771900000,161.939,161.94,161.937,161.94
1782771960000,161.94,161.941,161.938,161.941
1782772020000,161.941,161.942,161.927,161.931
1782772080000,161.931,161.931,161.927,161.927
1782772140000,161.927,161.928,161.927,161.927
1782772200000,161.928,161.936,161.926,161.936
1782772260000,161.937,161.937,161.935,161.935
1782772320000,161.935,161.936,161.935,161.936
1782772380000,161.936,161.936,161.934,161.934
1782772440000,161.934,161.935,161.933,161.934
1782772500000,161.934,161.935,161.932,161.934
1782772560000,161.933,161.935,161.933,161.935
1782772620000,161.936,161.936,161.934,161.934
1782772680000,161.934,161.935,161.932,161.935
1782772740000,161.935,161.935,161.933,161.935
1782772800000,161.935,161.935,161.925,161.929
1782772860000,161.928,161.932,161.926,161.928
1782772920000,161.929,161.934,161.928,161.934
1782772980000,161.934,161.935,161.931,161.932
1782773040000,161.932,161.933,161.929,161.933
1782773100000,161.933,161.936,161.933,161.935
1782773160000,161.934,161.935,161.933,161.933
1782773220000,161.935,161.935,161.927,161.927
1782773280000,161.927,161.927,161.923,161.926
1782773340000,161.926,161.926,161.924,161.926
1782773400000,161.927,161.927,161.923,161.924
1782773460000,161.924,161.925,161.924,161.924
1782773520000,161.923,161.923,161.921,161.921
1782773580000,161.921,161.924,161.921,161.922
1782773640000,161.923,161.923,161.921,161.921
1782773700000,161.921,161.922,161.92,161.922
1782773760000,161.921,161.922,161.919,161.919
1782773820000,161.919,161.922,161.919,161.921
1782773880000,161.921,161.924,161.92,161.924
1782773940000,161.924,161.925,161.919,161.921
1782774000000,161.919,161.922,161.912,161.913
1782774060000,161.913,161.915,161.912,161.915
1782774120000,161.918,161.922,161.918,161.922
1782774180000,161.92,161.922,161.919,161.922
1782774240000,161.921,161.921,161.921,161.921
1782774300000,161.919,161.922,161.919,161.922
1782774360000,161.922,161.922,161.911,161.911
1782774420000,161.91,161.922,161.91,161.917
1782774480000,161.917,161.917,161.914,161.916
1782774540000,161.916,161.916,161.915,161.916
1782774600000,161.916,161.922,161.916,161.921
1782774660000,161.922,161.923,161.922,161.922
1782774720000,161.921,161.922,161.921,161.922
1782774780000,161.921,161.922,161.921,161.922
1782774840000,161.922,161.922,161.922,161.922
1782774900000,161.922,161.925,161.922,161.922
1782774960000,161.923,161.924,161.919,161.919
1782775020000,161.918,161.921,161.916,161.919
1782775080000,161.918,161.923,161.917,161.923
1782775140000,161.923,161.923,161.92,161.92
1782775200000,161.92,161.922,161.92,161.922
1782775260000,161.92,161.922,161.92,161.921
1782775320000,161.922,161.923,161.921,161.923
1782775380000,161.923,161.925,161.923,161.923
1782775440000,161.924,161.925,161.923,161.925
1782775500000,161.925,161.925,161.923,161.923
1782775560000,161.923,161.925,161.923,161.925
1782775620000,161.923,161.926,161.923,161.926
1782775680000,161.929,161.929,161.922,161.922
1782775740000,161.923,161.923,161.918,161.919
1782775800000,161.921,161.925,161.92,161.925
1782775860000,161.924,161.925,161.924,161.924
1782775920000,161.924,161.924,161.918,161.922
1782775980000,161.921,161.924,161.921,161.924
1782776040000,161.923,161.925,161.923,161.925
1782776100000,161.926,161.926,161.908,161.912
1782776160000,161.913,161.921,161.912,161.92
1782776220000,161.921,161.921,161.914,161.914
1782776280000,161.913,161.923,161.913,161.921
1782776340000,161.922,161.923,161.921,161.922
1782776400000,161.922,161.922,161.908,161.912
1782776460000,161.914,161.916,161.913,161.914
1782776520000,161.916,161.917,161.914,161.914
1782776580000,161.917,161.917,161.909,161.91
1782776640000,161.909,161.913,161.908,161.913
1782776700000,161.914,161.918,161.912,161.914
1782776760000,161.914,161.916,161.914,161.914
1782776820000,161.915,161.916,161.914,161.914
1782776880000,161.915,161.915,161.913,161.914
1782776940000,161.915,161.916,161.914,161.914
1782777000000,161.912,161.914,161.912,161.913
1782777060000,161.914,161.914,161.913,161.913
1782777120000,161.914,161.917,161.913,161.917
1782777180000,161.918,161.918,161.916,161.917
1782777240000,161.917,161.917,161.916,161.916
1782777300000,161.923,161.924,161.922,161.922
1782777360000,161.922,161.926,161.922,161.925
1782777420000,161.925,161.925,161.923,161.924
1782777480000,161.925,161.926,161.923,161.925
1782777540000,161.925,161.927,161.924,161.924
1782864000000,162.633,162.665,162.633,162.663
1782864060000,162.662,162.667,162.655,162.655
1782864120000,162.655,162.666,162.651,162.653
1782864180000,162.652,162.654,162.652,162.652
1782864240000,162.651,162.651,162.643,162.644
1782864300000,162.643,162.647,162.642,162.647
1782864360000,162.647,162.647,162.644,162.644
1782864420000,162.644,162.647,162.643,162.647
1782864480000,162.646,162.661,162.646,162.66
1782864540000,162.658,162.662,162.656,162.656
1782864600000,162.656,162.658,162.655,162.656
1782864660000,162.657,162.659,162.656,162.658
1782864720000,162.658,162.659,162.655,162.656
1782864780000,162.658,162.666,162.657,162.665
1782864840000,162.666,162.686,162.666,162.681
1782864900000,162.682,162.691,162.677,162.691
1782864960000,162.692,162.696,162.667,162.673
1782865020000,162.675,162.676,162.662,162.676
1782865080000,162.676,162.678,162.657,162.664
1782865140000,162.663,162.685,162.662,162.682
1782865200000,162.681,162.681,162.669,162.672
1782865260000,162.672,162.678,162.667,162.673
1782865320000,162.673,162.68,162.673,162.677
1782865380000,162.678,162.679,162.665,162.666
1782865440000,162.666,162.669,162.656,162.663
1782865500000,162.663,162.663,162.652,162.653
1782865560000,162.654,162.654,162.65,162.653
1782865620000,162.652,162.652,162.643,162.644
1782865680000,162.645,162.649,162.642,162.645
1782865740000,162.648,162.649,162.634,162.641
1782865800000,162.641,162.661,162.641,162.658
1782865860000,162.658,162.66,162.652,162.654
1782865920000,162.653,162.66,162.653,162.659
1782865980000,162.658,162.659,162.65,162.654
1782866040000,162.655,162.679,162.653,162.678
1782866100000,162.68,162.69,162.677,162.688
1782866160000,162.69,162.692,162.679,162.69
1782866220000,162.691,162.708,162.691,162.7
1782866280000,162.702,162.715,162.696,162.697
1782866340000,162.695,162.697,162.679,162.695
1782866400000,162.695,162.704,162.694,162.703
1782866460000,162.704,162.707,162.695,162.706
1782866520000,162.706,162.718,162.706,162.717
1782866580000,162.717,162.728,162.715,162.719
1782866640000,162.718,162.73,162.717,162.73
1782866700000,162.73,162.73,162.716,162.718
1782866760000,162.718,162.733,162.717,162.732
1782866820000,162.732,162.736,162.727,162.733
1782866880000,162.731,162.743,162.731,162.742
1782866940000,162.743,162.776,162.742,162.754
1782867000000,162.754,162.755,162.747,162.75
1782867060000,162.75,162.75,162.731,162.739
1782867120000,162.74,162.74,162.703,162.703
1782867180000,162.704,162.705,162.657,162.689
1782867240000,162.691,162.7,162.667,162.686
1782867300000,162.685,162.692,162.671,162.682
1782867360000,162.681,162.687,162.668,162.67
1782867420000,162.669,162.684,162.666,162.68
1782867480000,162.681,162.684,162.674,162.681
1782867540000,162.681,162.684,162.668,162.684
1782867600000,162.687,162.701,162.685,162.694
1782867660000,162.694,162.698,162.68,162.68
1782867720000,162.683,162.7,162.678,162.695
1782867780000,162.695,162.695,162.684,162.693
1782867840000,162.694,162.694,162.656,162.665
1782867900000,162.664,162.673,162.661,162.67
1782867960000,162.669,162.682,162.664,162.665
1782868020000,162.666,162.676,162.663,162.665
1782868080000,162.667,162.673,162.653,162.654
1782868140000,162.655,162.68,162.654,162.679
1782868200000,162.679,162.684,162.677,162.678
1782868260000,162.681,162.694,162.681,162.684
1782868320000,162.685,162.697,162.683,162.696
1782868380000,162.696,162.716,162.694,162.712
1782868440000,162.712,162.732,162.711,162.73
1782868500000,162.731,162.731,162.707,162.714
1782868560000,162.715,162.73,162.709,162.709
1782868620000,162.709,162.716,162.699,162.716
1782868680000,162.716,162.716,162.691,162.691
1782868740000,162.691,162.694,162.681,162.686
1782868800000,162.687,162.687,162.663,162.67
1782868860000,162.669,162.67,162.652,162.654
1782868920000,162.653,162.653,162.638,162.642
1782868980000,162.642,162.651,162.637,162.649
1782869040000,162.649,162.656,162.643,162.655
1782869100000,162.654,162.668,162.654,162.668
1782869160000,162.669,162.673,162.653,162.66
1782869220000,162.661,162.669,162.658,162.665
1782869280000,162.665,162.666,162.659,162.665
1782869340000,162.664,162.677,162.663,162.673
1782869400000,162.673,162.673,162.657,162.665
1782869460000,162.664,162.667,162.654,162.664
1782869520000,162.664,162.667,162.652,162.653
1782869580000,162.653,162.658,162.651,162.652
1782869640000,162.652,162.665,162.652,162.665
1782869700000,162.665,162.666,162.664,162.664
1782869760000,162.663,162.663,162.656,162.656
1782869820000,162.654,162.657,162.644,162.646
1782869880000,162.645,162.646,162.589,162.599
1782869940000,162.598,162.636,162.598,162.636
1782870000000,162.637,162.644,162.631,162.639
1782870060000,162.64,162.644,162.617,162.626
1782870120000,162.624,162.625,162.624,162.625
1782870180000,162.625,162.627,162.624,162.626
1782870240000,162.626,162.639,162.623,162.631
1782870300000,162.632,162.638,162.627,162.627
1782870360000,162.626,162.626,162.611,162.614
1782870420000,162.614,162.623,162.604,162.62
1782870480000,162.62,162.632,162.619,162.626
1782870540000,162.625,162.639,162.619,162.639
1782870600000,162.638,162.641,162.631,162.639
1782870660000,162.639,162.651,162.639,162.647
1782870720000,162.647,162.651,162.647,162.65
1782870780000,162.65,162.65,162.64,162.641
1782870840000,162.642,162.658,162.642,162.658
1782870900000,162.657,162.667,162.657,162.662
1782870960000,162.662,162.666,162.658,162.666
1782871020000,162.666,162.678,162.666,162.677
1782871080000,162.678,162.684,162.675,162.682
1782871140000,162.681,162.686,162.68,162.684
1782871200000,162.684,162.687,162.675,162.686
1782871260000,162.686,162.699,162.686,162.69
1782871320000,162.689,162.692,162.664,162.676
1782871380000,162.676,162.686,162.674,162.686
1782871440000,162.685,162.69,162.676,162.69
1782871500000,162.69,162.7,162.688,162.699
1782871560000,162.7,162.7,162.698,162.699
1782871620000,162.699,162.699,162.682,162.684
1782871680000,162.685,162.69,162.683,162.686
1782871740000,162.685,162.688,162.684,162.687
1782871800000,162.688,162.7,162.688,162.695
1782871860000,162.695,162.7,162.693,162.7
1782871920000,162.699,162.702,162.699,162.701
1782871980000,162.701,162.701,162.697,162.698
1782872040000,162.698,162.698,162.667,162.67
1782872100000,162.669,162.672,162.66,162.67
1782872160000,162.671,162.673,162.667,162.669
1782872220000,162.67,162.671,162.665,162.67
1782872280000,162.672,162.676,162.667,162.668
1782872340000,162.669,162.673,162.668,162.671
1782872400000,162.671,162.671,162.667,162.668
1782872460000,162.667,162.674,162.663,162.674
1782872520000,162.673,162.674,162.665,162.67
1782872580000,162.671,162.671,162.668,162.67
1782872640000,162.669,162.67,162.662,162.665
1782872700000,162.666,162.69,162.665,162.686
1782872760000,162.685,162.685,162.68,162.68
1782872820000,162.68,162.686,162.68,162.686
1782872880000,162.687,162.688,162.685,162.686
1782872940000,162.687,162.694,162.685,162.688
1782873000000,162.691,162.695,162.687,162.693
1782873060000,162.693,162.694,162.686,162.689
1782873120000,162.689,162.696,162.687,162.696
1782873180000,162.696,162.697,162.696,162.696
1782873240000,162.697,162.717,162.689,162.716
1782873300000,162.716,162.716,162.709,162.71
1782873360000,162.711,162.712,162.704,162.711
1782873420000,162.711,162.713,162.705,162.71
1782873480000,162.709,162.711,162.706,162.709
1782873540000,162.709,162.711,162.705,162.706
1782873600000,162.708,162.721,162.708,162.718
1782873660000,162.719,162.72,162.718,162.719
1782873720000,162.718,162.718,162.706,162.716
1782873780000,162.716,162.723,162.713,162.719
1782873840000,162.721,162.736,162.721,162.736
1782873900000,162.735,162.736,162.73,162.731
1782873960000,162.731,162.733,162.723,162.723
1782874020000,162.723,162.724,162.719,162.722
1782874080000,162.722,162.733,162.72,162.733
1782874140000,162.732,162.736,162.731,162.734
1782874200000,162.735,162.738,162.735,162.736
1782874260000,162.736,162.736,162.728,162.728
1782874320000,162.729,162.741,162.728,162.738
1782874380000,162.738,162.755,162.737,162.754
1782874440000,162.752,162.787,162.751,162.767
1782874500000,162.764,162.77,162.757,162.764
1782874560000,162.766,162.789,162.766,162.777
1782874620000,162.776,162.785,162.771,162.783
1782874680000,162.781,162.787,162.769,162.769
1782874740000,162.769,162.77,162.746,162.749
1782874800000,162.749,162.768,162.741,162.765
1782874860000,162.765,162.765,162.755,162.763
1782874920000,162.763,162.764,162.758,162.763
1782874980000,162.763,162.765,162.758,162.76
1782875040000,162.759,162.762,162.75,162.757
1782875100000,162.757,162.757,162.746,162.756
1782875160000,162.757,162.757,162.735,162.735
1782875220000,162.736,162.745,162.732,162.743
1782875280000,162.741,162.743,162.736,162.743
1782875340000,162.744,162.744,162.739,162.744
1782875400000,162.744,162.746,162.743,162.746
1782875460000,162.745,162.745,162.736,162.745
1782875520000,162.743,162.747,162.743,162.743
1782875580000,162.745,162.759,162.744,162.757
1782875640000,162.757,162.77,162.753,162.768
1782875700000,162.767,162.79,162.765,162.782
1782875760000,162.783,162.801,162.782,162.786
1782875820000,162.785,162.787,162.784,162.784
1782875880000,162.783,162.789,162.776,162.776
1782875940000,162.776,162.784,162.775,162.784
1782876000000,162.784,162.785,162.782,162.782
1782876060000,162.781,162.794,162.777,162.786
1782876120000,162.786,162.786,162.781,162.781
1782876180000,162.784,162.795,162.784,162.795
1782876240000,162.794,162.795,162.785,162.785
1782876300000,162.786,162.787,162.781,162.787
1782876360000,162.788,162.805,162.787,162.795
1782876420000,162.798,162.798,162.789,162.794
1782876480000,162.795,162.8,162.791,162.799
1782876540000,162.8,162.805,162.799,162.805
1782876600000,162.803,162.807,162.796,162.803
1782876660000,162.803,162.815,162.803,162.809
1782876720000,162.81,162.818,162.807,162.811
1782876780000,162.812,162.821,162.811,162.821
1782876840000,162.822,162.836,162.815,162.833
1782876900000,162.834,162.836,162.824,162.829
1782876960000,162.828,162.84,162.825,162.837
1782877020000,162.836,162.836,162.831,162.832
1782877080000,162.833,162.833,162.823,162.823
1782877140000,162.822,162.825,162.822,162.825
1782877200000,162.823,162.827,162.822,162.824
1782877260000,162.823,162.823,162.796,162.804
1782877320000,162.804,162.832,162.804,162.83
1782877380000,162.829,162.835,162.829,162.833
1782877440000,162.833,162.836,162.832,162.832
1782877500000,162.834,162.835,162.832,162.834
1782877560000,162.833,162.834,162.828,162.832
1782877620000,162.834,162.834,162.832,162.834
1782877680000,162.835,162.836,162.829,162.832
1782877740000,162.834,162.835,162.831,162.833
1782877800000,162.834,162.834,162.811,162.812
1782877860000,162.81,162.821,162.808,162.819
1782877920000,162.819,162.822,162.818,162.82
1782877980000,162.821,162.822,162.808,162.808
1782878040000,162.808,162.809,162.806,162.808
1782878100000,162.81,162.81,162.807,162.807
1782878160000,162.808,162.808,162.803,162.807
1782878220000,162.808,162.811,162.793,162.795
1782878280000,162.795,162.801,162.794,162.8
1782878340000,162.799,162.8,162.795,162.796
1782878400000,162.796,162.801,162.795,162.796
1782878460000,162.797,162.798,162.789,162.793
1782878520000,162.792,162.801,162.792,162.799
1782878580000,162.797,162.8,162.794,162.796
1782878640000,162.796,162.8,162.796,162.798
1782878700000,162.797,162.81,162.796,162.809
1782878760000,162.806,162.81,162.806,162.81
1782878820000,162.809,162.809,162.806,162.806
1782878880000,162.808,162.809,162.807,162.808
1782878940000,162.808,162.811,162.807,162.81
1782879000000,162.809,162.81,162.807,162.809
1782879060000,162.809,162.809,162.798,162.803
1782879120000,162.803,162.803,162.799,162.799
1782879180000,162.8,162.801,162.788,162.789
1782879240000,162.787,162.787,162.783,162.783
1782879300000,162.784,162.789,162.781,162.788
1782879360000,162.788,162.788,162.784,162.786
1782879420000,162.788,162.798,162.787,162.788
1782879480000,162.79,162.791,162.789,162.789
1782879540000,162.79,162.791,162.786,162.789
1782879600000,162.787,162.789,162.785,162.787
1782879660000,162.786,162.788,162.783,162.784
1782879720000,162.784,162.786,162.783,162.784
1782879780000,162.785,162.787,162.782,162.786
1782879840000,162.785,162.786,162.776,162.777
1782879900000,162.776,162.782,162.776,162.782
1782879960000,162.781,162.782,162.777,162.78
1782880020000,162.78,162.782,162.778,162.778
1782880080000,162.778,162.781,162.778,162.781
1782880140000,162.782,162.79,162.782,162.788
1782880200000,162.788,162.788,162.564,162.707
1782880260000,162.707,162.709,162.617,162.706
1782880320000,162.705,162.725,162.692,162.723
1782880380000,162.723,162.727,162.705,162.721
1782880440000,162.721,162.721,162.705,162.708
1782880500000,162.708,162.721,162.68,162.699
1782880560000,162.697,162.698,162.678,162.678
1782880620000,162.679,162.693,162.651,162.672
1782880680000,162.671,162.704,162.669,162.695
1782880740000,162.695,162.699,162.68,162.687
1782880800000,162.686,162.692,162.684,162.687
1782880860000,162.686,162.697,162.674,162.697
1782880920000,162.698,162.707,162.696,162.701
1782880980000,162.7,162.709,162.694,162.698
1782881040000,162.699,162.699,162.687,162.696
1782881100000,162.696,162.7,162.687,162.688
1782881160000,162.687,162.701,162.684,162.695
1782881220000,162.695,162.695,162.684,162.685
1782881280000,162.685,162.686,162.682,162.685
1782881340000,162.684,162.721,162.684,162.713
1782881400000,162.713,162.713,162.697,162.698
1782881460000,162.699,162.701,162.674,162.686
1782881520000,162.688,162.688,162.686,162.686
1782881580000,162.686,162.69,162.685,162.688
1782881640000,162.689,162.709,162.689,162.709
1782881700000,162.71,162.714,162.703,162.711
1782881760000,162.709,162.712,162.709,162.709
1782881820000,162.708,162.71,162.696,162.704
1782881880000,162.705,162.715,162.702,162.71
1782881940000,162.71,162.727,162.71,162.727
1782882000000,162.729,162.732,162.724,162.726
1782882060000,162.725,162.73,162.714,162.729
1782882120000,162.731,162.757,162.731,162.754
1782882180000,162.755,162.756,162.749,162.752
1782882240000,162.753,162.757,162.741,162.756
1782882300000,162.755,162.757,162.754,162.757
1782882360000,162.76,162.76,162.74,162.744
1782882420000,162.743,162.748,162.743,162.748
1782882480000,162.75,162.75,162.736,162.736
1782882540000,162.737,162.74,162.726,162.728
1782882600000,162.732,162.74,162.732,162.739
1782882660000,162.739,162.739,162.726,162.726
1782882720000,162.727,162.733,162.721,162.725
1782882780000,162.724,162.724,162.718,162.718
1782882840000,162.719,162.724,162.71,162.718
1782882900000,162.72,162.726,162.719,162.723
1782882960000,162.723,162.725,162.71,162.716
1782883020000,162.715,162.715,162.705,162.708
1782883080000,162.706,162.707,162.697,162.697
1782883140000,162.696,162.699,162.694,162.698
1782883200000,162.699,162.72,162.694,162.72
1782883260000,162.72,162.73,162.72,162.727
1782883320000,162.727,162.727,162.716,162.722
1782883380000,162.721,162.721,162.709,162.714
1782883440000,162.715,162.724,162.714,162.724
1782883500000,162.725,162.739,162.725,162.735
1782883560000,162.734,162.739,162.733,162.737
1782883620000,162.735,162.735,162.726,162.726
1782883680000,162.727,162.728,162.727,162.727
1782883740000,162.727,162.73,162.726,162.73
1782883800000,162.729,162.729,162.719,162.722
1782883860000,162.723,162.726,162.721,162.723
1782883920000,162.727,162.736,162.725,162.735
1782883980000,162.738,162.741,162.738,162.741
1782884040000,162.74,162.741,162.728,162.729
1782884100000,162.73,162.732,162.726,162.731
1782884160000,162.729,162.73,162.726,162.727
1782884220000,162.725,162.727,162.713,162.716
1782884280000,162.718,162.721,162.715,162.717
1782884340000,162.716,162.725,162.715,162.724
1782884400000,162.725,162.727,162.719,162.722
1782884460000,162.722,162.722,162.707,162.711
1782884520000,162.709,162.71,162.693,162.708
1782884580000,162.71,162.713,162.697,162.698
1782884640000,162.698,162.698,162.693,162.696
1782884700000,162.699,162.7,162.691,162.696
1782884760000,162.695,162.699,162.695,162.695
1782884820000,162.693,162.7,162.689,162.7
1782884880000,162.701,162.708,162.7,162.705
1782884940000,162.707,162.709,162.706,162.708
1782885000000,162.707,162.708,162.701,162.701
1782885060000,162.702,162.702,162.692,162.694
1782885120000,162.696,162.697,162.687,162.69
1782885180000,162.688,162.69,162.687,162.69
1782885240000,162.69,162.705,162.69,162.702
1782885300000,162.702,162.704,162.696,162.7
1782885360000,162.701,162.701,162.687,162.69
1782885420000,162.691,162.7,162.689,162.699
1782885480000,162.699,162.703,162.693,162.701
1782885540000,162.699,162.709,162.699,162.708
1782885600000,162.71,162.725,162.701,162.714
1782885660000,162.716,162.727,162.715,162.722
1782885720000,162.723,162.733,162.716,162.729
1782885780000,162.73,162.733,162.722,162.724
1782885840000,162.727,162.731,162.722,162.731
1782885900000,162.734,162.749,162.733,162.74
1782885960000,162.741,162.746,162.738,162.743
1782886020000,162.742,162.752,162.741,162.742
1782886080000,162.743,162.748,162.742,162.744
1782886140000,162.743,162.752,162.743,162.748
1782886200000,162.749,162.751,162.743,162.747
1782886260000,162.747,162.752,162.743,162.751
1782886320000,162.751,162.755,162.743,162.746
1782886380000,162.745,162.751,162.744,162.748
1782886440000,162.747,162.749,162.736,162.739
1782886500000,162.738,162.739,162.726,162.726
1782886560000,162.725,162.729,162.716,162.718
1782886620000,162.719,162.72,162.706,162.711
1782886680000,162.713,162.719,162.711,162.717
1782886740000,162.717,162.717,162.704,162.704
1782886800000,162.704,162.716,162.704,162.715
1782886860000,162.714,162.725,162.714,162.723
1782886920000,162.722,162.723,162.705,162.705
1782886980000,162.705,162.707,162.697,162.698
1782887040000,162.698,162.713,162.693,162.712
1782887100000,162.712,162.736,162.712,162.736
1782887160000,162.735,162.736,162.715,162.716
1782887220000,162.717,162.72,162.709,162.709
1782887280000,162.71,162.71,162.703,162.707
1782887340000,162.706,162.708,162.704,162.708
1782887400000,162.707,162.719,162.705,162.719
1782887460000,162.72,162.724,162.712,162.717
1782887520000,162.717,162.726,162.717,162.719
1782887580000,162.719,162.722,162.711,162.719
1782887640000,162.719,162.722,162.707,162.71
1782887700000,162.711,162.712,162.694,162.694
1782887760000,162.695,162.705,162.689,162.703
1782887820000,162.703,162.705,162.7,162.703
1782887880000,162.706,162.707,162.679,162.684
1782887940000,162.683,162.693,162.677,162.689
1782888000000,162.69,162.699,162.68,162.699
1782888060000,162.704,162.71,162.703,162.707
1782888120000,162.707,162.712,162.706,162.712
1782888180000,162.711,162.712,162.691,162.696
1782888240000,162.696,162.705,162.691,162.691
1782888300000,162.692,162.694,162.669,162.669
1782888360000,162.669,162.681,162.667,162.67
1782888420000,162.67,162.671,162.659,162.664
1782888480000,162.664,162.671,162.656,162.663
1782888540000,162.663,162.668,162.663,162.665
1782888600000,162.666,162.671,162.662,162.67
1782888660000,162.671,162.678,162.67,162.675
1782888720000,162.675,162.68,162.675,162.68
1782888780000,162.68,162.684,162.679,162.683
1782888840000,162.683,162.699,162.681,162.686
1782888900000,162.688,162.691,162.688,162.689
1782888960000,162.688,162.689,162.68,162.687
1782889020000,162.686,162.687,162.668,162.671
1782889080000,162.67,162.671,162.666,162.671
1782889140000,162.672,162.68,162.672,162.677
1782889200000,162.677,162.678,162.666,162.674
1782889260000,162.672,162.68,162.671,162.68
1782889320000,162.681,162.687,162.649,162.661
1782889380000,162.662,162.662,162.651,162.658
1782889440000,162.659,162.671,162.652,162.66
1782889500000,162.659,162.66,162.651,162.652
1782889560000,162.654,162.657,162.65,162.651
1782889620000,162.651,162.652,162.644,162.651
1782889680000,162.649,162.664,162.646,162.655
1782889740000,162.654,162.659,162.635,162.647
1782889800000,162.648,162.65,162.634,162.635
1782889860000,162.637,162.638,162.623,162.638
1782889920000,162.64,162.643,162.621,162.622
1782889980000,162.622,162.626,162.611,162.62
1782890040000,162.62,162.635,162.616,162.635
1782890100000,162.637,162.641,162.635,162.641
1782890160000,162.641,162.66,162.641,162.657
1782890220000,162.651,162.656,162.645,162.656
1782890280000,162.657,162.659,162.65,162.651
1782890340000,162.651,162.657,162.651,162.657
1782890400000,162.659,162.664,162.659,162.662
1782890460000,162.662,162.662,162.649,162.659
1782890520000,162.658,162.672,162.658,162.669
1782890580000,162.668,162.695,162.668,162.692
1782890640000,162.692,162.698,162.687,162.697
1782890700000,162.697,162.7,162.695,162.697
1782890760000,162.697,162.72,162.697,162.712
1782890820000,162.712,162.716,162.704,162.707
1782890880000,162.705,162.707,162.702,162.702
1782890940000,162.702,162.703,162.698,162.699
1782891000000,162.699,162.7,162.697,162.7
1782891060000,162.699,162.7,162.698,162.699
1782891120000,162.699,162.699,162.675,162.683
1782891180000,162.683,162.684,162.662,162.662
1782891240000,162.662,162.668,162.659,162.661
1782891300000,162.663,162.663,162.645,162.647
1782891360000,162.647,162.647,162.63,162.635
1782891420000,162.635,162.645,162.634,162.635
1782891480000,162.637,162.638,162.633,162.633
1782891540000,162.633,162.635,162.618,162.627
1782891600000,162.628,162.639,162.62,162.624
1782891660000,162.622,162.638,162.619,162.638
1782891720000,162.637,162.659,162.635,162.659
1782891780000,162.659,162.661,162.651,162.657
1782891840000,162.656,162.66,162.649,162.66
1782891900000,162.659,162.661,162.658,162.66
1782891960000,162.66,162.666,162.647,162.647
1782892020000,162.647,162.647,162.634,162.641
1782892080000,162.642,162.644,162.634,162.644
1782892140000,162.643,162.659,162.643,162.657
1782892200000,162.656,162.659,162.642,162.644
1782892260000,162.644,162.656,162.641,162.652
1782892320000,162.652,162.653,162.649,162.651
1782892380000,162.651,162.659,162.651,162.658
1782892440000,162.658,162.661,162.656,162.658
1782892500000,162.657,162.669,162.655,162.669
1782892560000,162.668,162.676,162.668,162.674
1782892620000,162.674,162.68,162.666,162.675
1782892680000,162.675,162.675,162.669,162.675
1782892740000,162.674,162.676,162.667,162.671
1782892800000,162.671,162.678,162.662,162.665
1782892860000,162.666,162.677,162.666,162.676
1782892920000,162.677,162.677,162.668,162.67
1782892980000,162.67,162.682,162.668,162.68
1782893040000,162.68,162.688,162.677,162.686
1782893100000,162.686,162.687,162.681,162.683
1782893160000,162.683,162.683,162.68,162.682
1782893220000,162.682,162.693,162.681,162.692
1782893280000,162.691,162.701,162.687,162.701
1782893340000,162.699,162.701,162.696,162.699
1782893400000,162.697,162.699,162.688,162.692
1782893460000,162.693,162.696,162.685,162.695
1782893520000,162.696,162.699,162.693,162.698
1782893580000,162.697,162.697,162.686,162.686
1782893640000,162.686,162.686,162.678,162.681
1782893700000,162.68,162.68,162.67,162.672
1782893760000,162.672,162.672,162.656,162.656
1782893820000,162.656,162.659,162.655,162.658
1782893880000,162.658,162.664,162.658,162.664
1782893940000,162.663,162.667,162.663,162.665
1782894000000,162.666,162.667,162.655,162.657
1782894060000,162.657,162.658,162.655,162.656
1782894120000,162.656,162.684,162.655,162.681
1782894180000,162.681,162.681,162.674,162.677
1782894240000,162.677,162.679,162.668,162.669
1782894300000,162.667,162.668,162.655,162.659
1782894360000,162.657,162.661,162.653,162.661
1782894420000,162.661,162.665,162.661,162.662
1782894480000,162.661,162.665,162.661,162.664
1782894540000,162.664,162.664,162.645,162.647
1782894600000,162.647,162.659,162.646,162.648
1782894660000,162.648,162.649,162.647,162.647
1782894720000,162.648,162.65,162.643,162.648
1782894780000,162.648,162.648,162.638,162.645
1782894840000,162.645,162.645,162.642,162.644
1782894900000,162.643,162.651,162.637,162.638
1782894960000,162.637,162.637,162.633,162.637
1782895020000,162.638,162.648,162.636,162.644
1782895080000,162.644,162.653,162.644,162.648
1782895140000,162.648,162.658,162.647,162.657
1782895200000,162.657,162.659,162.649,162.65
1782895260000,162.65,162.65,162.646,162.649
1782895320000,162.649,162.651,162.645,162.645
1782895380000,162.647,162.648,162.635,162.637
1782895440000,162.636,162.645,162.635,162.641
1782895500000,162.641,162.643,162.637,162.638
1782895560000,162.638,162.647,162.638,162.644
1782895620000,162.644,162.646,162.643,162.644
1782895680000,162.645,162.651,162.643,162.644
1782895740000,162.643,162.654,162.643,162.65
1782895800000,162.65,162.658,162.647,162.649
1782895860000,162.65,162.65,162.645,162.648
1782895920000,162.648,162.651,162.645,162.651
1782895980000,162.648,162.653,162.648,162.649
1782896040000,162.648,162.649,162.648,162.649
1782896100000,162.647,162.648,162.637,162.648
1782896160000,162.648,162.648,162.633,162.64
1782896220000,162.642,162.656,162.638,162.654
1782896280000,162.655,162.666,162.654,162.666
1782896340000,162.663,162.665,162.657,162.664
1782896400000,162.663,162.681,162.663,162.668
1782896460000,162.664,162.669,162.663,162.663
1782896520000,162.664,162.664,162.649,162.661
1782896580000,162.661,162.671,162.659,162.668
1782896640000,162.668,162.674,162.666,162.672
1782896700000,162.672,162.678,162.669,162.676
1782896760000,162.678,162.678,162.663,162.664
1782896820000,162.665,162.672,162.663,162.672
1782896880000,162.673,162.682,162.673,162.682
1782896940000,162.681,162.689,162.68,162.681
1782897000000,162.681,162.686,162.676,162.685
1782897060000,162.684,162.686,162.678,162.679
1782897120000,162.679,162.68,162.675,162.679
1782897180000,162.678,162.683,162.677,162.681
1782897240000,162.682,162.682,162.676,162.678
1782897300000,162.677,162.688,162.676,162.688
1782897360000,162.687,162.697,162.686,162.697
1782897420000,162.697,162.699,162.694,162.696
1782897480000,162.696,162.702,162.696,162.701
1782897540000,162.702,162.707,162.699,162.705
1782897600000,162.704,162.705,162.7,162.702
1782897660000,162.702,162.708,162.702,162.707
1782897720000,162.707,162.716,162.706,162.713
1782897780000,162.713,162.713,162.707,162.707
1782897840000,162.709,162.71,162.707,162.709
1782897900000,162.709,162.712,162.694,162.696
1782897960000,162.697,162.698,162.682,162.682
1782898020000,162.681,162.687,162.68,162.683
1782898080000,162.682,162.691,162.682,162.689
1782898140000,162.688,162.693,162.663,162.668
1782898200000,162.667,162.68,162.663,162.678
1782898260000,162.678,162.681,162.676,162.677
1782898320000,162.678,162.682,162.672,162.682
1782898380000,162.681,162.685,162.68,162.685
1782898440000,162.684,162.687,162.684,162.687
1782898500000,162.685,162.69,162.681,162.684
1782898560000,162.683,162.683,162.678,162.682
1782898620000,162.682,162.682,162.67,162.67
1782898680000,162.67,162.673,162.667,162.672
1782898740000,162.672,162.68,162.67,162.68
1782898800000,162.681,162.691,162.677,162.689
1782898860000,162.69,162.697,162.688,162.695
1782898920000,162.696,162.696,162.693,162.694
1782898980000,162.695,162.697,162.688,162.69
1782899040000,162.69,162.692,162.687,162.688
1782899100000,162.688,162.689,162.685,162.685
1782899160000,162.686,162.694,162.686,162.692
1782899220000,162.694,162.694,162.688,162.688
1782899280000,162.689,162.69,162.685,162.689
1782899340000,162.689,162.713,162.689,162.712
1782899400000,162.712,162.712,162.708,162.71
1782899460000,162.711,162.712,162.707,162.707
1782899520000,162.709,162.714,162.702,162.71
1782899580000,162.711,162.716,162.708,162.713
1782899640000,162.714,162.715,162.711,162.715
1782899700000,162.713,162.731,162.713,162.72
1782899760000,162.721,162.723,162.72,162.723
1782899820000,162.721,162.724,162.72,162.723
1782899880000,162.723,162.739,162.722,162.739
1782899940000,162.739,162.742,162.733,162.733
1782900000000,162.733,162.745,162.731,162.735
1782900060000,162.739,162.74,162.73,162.733
1782900120000,162.732,162.732,162.724,162.73
1782900180000,162.731,162.731,162.722,162.728
1782900240000,162.729,162.729,162.721,162.723
1782900300000,162.723,162.724,162.705,162.707
1782900360000,162.706,162.711,162.705,162.709
1782900420000,162.709,162.709,162.705,162.705
1782900480000,162.706,162.708,162.694,162.7
1782900540000,162.7,162.706,162.698,162.705
1782900600000,162.706,162.706,162.697,162.703
1782900660000,162.702,162.705,162.697,162.698
1782900720000,162.699,162.699,162.687,162.688
1782900780000,162.688,162.697,162.688,162.694
1782900840000,162.695,162.696,162.692,162.693
1782900900000,162.694,162.701,162.692,162.701
1782900960000,162.701,162.704,162.68,162.683
1782901020000,162.683,162.686,162.679,162.679
1782901080000,162.678,162.686,162.677,162.686
1782901140000,162.685,162.685,162.676,162.678
1782901200000,162.678,162.684,162.674,162.683
1782901260000,162.683,162.684,162.678,162.683
1782901320000,162.684,162.686,162.682,162.684
1782901380000,162.684,162.699,162.684,162.698
1782901440000,162.699,162.699,162.688,162.696
1782901500000,162.693,162.695,162.687,162.687
1782901560000,162.686,162.686,162.683,162.685
1782901620000,162.686,162.688,162.684,162.687
1782901680000,162.686,162.687,162.681,162.687
1782901740000,162.688,162.688,162.686,162.688
1782901800000,162.688,162.695,162.687,162.687
1782901860000,162.687,162.689,162.684,162.688
1782901920000,162.688,162.695,162.688,162.688
1782901980000,162.688,162.689,162.684,162.685
1782902040000,162.684,162.685,162.676,162.681
1782902100000,162.682,162.685,162.682,162.684
1782902160000,162.687,162.697,162.687,162.697
1782902220000,162.697,162.7,162.691,162.697
1782902280000,162.696,162.697,162.688,162.69
1782902340000,162.69,162.697,162.689,162.691
1782902400000,162.691,162.694,162.691,162.693
1782902460000,162.693,162.699,162.693,162.693
1782902520000,162.693,162.698,162.693,162.696
1782902580000,162.696,162.701,162.694,162.699
1782902640000,162.699,162.699,162.69,162.694
1782902700000,162.693,162.696,162.693,162.695
1782902760000,162.694,162.695,162.689,162.69
1782902820000,162.691,162.691,162.681,162.683
1782902880000,162.684,162.685,162.683,162.683
1782902940000,162.684,162.688,162.683,162.688
1782903000000,162.688,162.688,162.682,162.683
1782903060000,162.683,162.683,162.676,162.676
1782903120000,162.675,162.68,162.675,162.679
1782903180000,162.68,162.685,162.68,162.683
1782903240000,162.684,162.685,162.682,162.682
1782903300000,162.681,162.681,162.677,162.678
1782903360000,162.681,162.682,162.678,162.678
1782903420000,162.678,162.684,162.678,162.684
1782903480000,162.688,162.699,162.688,162.697
1782903540000,162.695,162.698,162.687,162.688
1782903600000,162.688,162.688,162.683,162.687
1782903660000,162.687,162.695,162.685,162.695
1782903720000,162.696,162.697,162.688,162.688
1782903780000,162.688,162.689,162.682,162.688
1782903840000,162.689,162.701,162.689,162.694
1782903900000,162.695,162.706,162.694,162.702
1782903960000,162.703,162.703,162.696,162.697
1782904020000,162.697,162.7,162.696,162.697
1782904080000,162.698,162.7,162.697,162.699
1782904140000,162.698,162.702,162.698,162.699
1782904200000,162.7,162.702,162.698,162.702
1782904260000,162.702,162.702,162.696,162.702
1782904320000,162.702,162.712,162.702,162.707
1782904380000,162.707,162.72,162.707,162.709
1782904440000,162.71,162.71,162.707,162.707
1782904500000,162.705,162.709,162.704,162.705
1782904560000,162.705,162.706,162.699,162.7
1782904620000,162.699,162.701,162.695,162.7
1782904680000,162.702,162.705,162.696,162.701
1782904740000,162.7,162.701,162.697,162.701
1782904800000,162.702,162.708,162.701,162.707
1782904860000,162.707,162.708,162.706,162.707
1782904920000,162.707,162.707,162.704,162.704
1782904980000,162.704,162.706,162.701,162.702
1782905040000,162.703,162.705,162.7,162.705
1782905100000,162.705,162.708,162.705,162.707
1782905160000,162.706,162.707,162.704,162.706
1782905220000,162.705,162.708,162.705,162.705
1782905280000,162.706,162.707,162.705,162.705
1782905340000,162.704,162.704,162.694,162.694
1782905400000,162.693,162.704,162.692,162.704
1782905460000,162.705,162.734,162.705,162.717
1782905520000,162.716,162.717,162.698,162.699
1782905580000,162.7,162.704,162.697,162.699
1782905640000,162.699,162.705,162.693,162.699
1782905700000,162.7,162.703,162.695,162.697
1782905760000,162.695,162.705,162.693,162.697
1782905820000,162.696,162.698,162.689,162.693
1782905880000,162.692,162.693,162.69,162.691
1782905940000,162.692,162.694,162.691,162.693
1782906000000,162.694,162.695,162.691,162.695
1782906060000,162.696,162.705,162.695,162.698
1782906120000,162.698,162.705,162.696,162.697
1782906180000,162.699,162.7,162.694,162.695
1782906240000,162.695,162.695,162.692,162.694
1782906300000,162.695,162.7,162.695,162.697
1782906360000,162.696,162.696,162.694,162.695
1782906420000,162.694,162.695,162.693,162.694
1782906480000,162.695,162.699,162.694,162.697
1782906540000,162.697,162.712,162.697,162.711
1782906600000,162.71,162.711,162.701,162.702
1782906660000,162.702,162.702,162.693,162.701
1782906720000,162.702,162.704,162.697,162.702
1782906780000,162.7,162.703,162.696,162.696
1782906840000,162.697,162.711,162.694,162.71
1782906900000,162.711,162.713,162.705,162.705
1782906960000,162.706,162.706,162.696,162.697
1782907020000,162.697,162.701,162.695,162.695
1782907080000,162.696,162.7,162.694,162.695
1782907140000,162.695,162.696,162.693,162.695
1782907200000,162.695,162.704,162.688,162.695
1782907260000,162.696,162.708,162.695,162.707
1782907320000,162.707,162.711,162.694,162.702
1782907380000,162.704,162.707,162.696,162.696
1782907440000,162.695,162.7,162.695,162.697
1782907500000,162.698,162.705,162.693,162.703
1782907560000,162.702,162.705,162.7,162.701
1782907620000,162.7,162.701,162.693,162.699
1782907680000,162.7,162.7,162.696,162.699
1782907740000,162.699,162.711,162.699,162.707
1782907800000,162.707,162.711,162.698,162.698
1782907860000,162.699,162.711,162.697,162.704
1782907920000,162.704,162.708,162.703,162.704
1782907980000,162.705,162.707,162.697,162.698
1782908040000,162.7,162.704,162.697,162.7
1782908100000,162.698,162.698,162.672,162.684
1782908160000,162.683,162.69,162.683,162.687
1782908220000,162.688,162.695,162.687,162.694
1782908280000,162.694,162.698,162.687,162.688
1782908340000,162.688,162.7,162.688,162.695
1782908400000,162.694,162.696,162.693,162.696
1782908460000,162.695,162.707,162.694,162.707
1782908520000,162.707,162.708,162.695,162.697
1782908580000,162.696,162.696,162.681,162.687
1782908640000,162.687,162.694,162.685,162.693
1782908700000,162.694,162.702,162.691,162.698
1782908760000,162.695,162.695,162.684,162.686
1782908820000,162.687,162.692,162.685,162.688
1782908880000,162.689,162.696,162.687,162.696
1782908940000,162.697,162.697,162.694,162.695
1782909000000,162.695,162.695,162.687,162.688
1782909060000,162.688,162.689,162.687,162.688
1782909120000,162.688,162.691,162.686,162.689
1782909180000,162.69,162.702,162.69,162.698
1782909240000,162.699,162.703,162.697,162.703
1782909300000,162.703,162.717,162.702,162.714
1782909360000,162.714,162.731,162.714,162.728
1782909420000,162.729,162.729,162.718,162.72
1782909480000,162.721,162.722,162.716,162.72
1782909540000,162.721,162.736,162.721,162.735
1782909600000,162.736,162.747,162.733,162.743
1782909660000,162.744,162.745,162.733,162.733
1782909720000,162.734,162.754,162.733,162.754
1782909780000,162.753,162.758,162.741,162.748
1782909840000,162.748,162.751,162.745,162.746
1782909900000,162.744,162.745,162.733,162.734
1782909960000,162.734,162.742,162.731,162.735
1782910020000,162.735,162.764,162.735,162.751
1782910080000,162.75,162.759,162.75,162.753
1782910140000,162.753,162.754,162.733,162.737
1782910200000,162.738,162.744,162.734,162.743
1782910260000,162.744,162.746,162.726,162.728
1782910320000,162.729,162.731,162.721,162.721
1782910380000,162.722,162.726,162.719,162.725
1782910440000,162.725,162.725,162.696,162.703
1782910500000,162.704,162.714,162.701,162.705
1782910560000,162.705,162.711,162.686,162.697
1782910620000,162.697,162.709,162.697,162.705
1782910680000,162.706,162.709,162.694,162.703
1782910740000,162.703,162.703,162.698,162.698
1782910800000,162.698,162.701,162.688,162.688
1782910860000,162.688,162.712,162.688,162.711
1782910920000,162.712,162.712,162.701,162.702
1782910980000,162.7,162.703,162.688,162.689
1782911040000,162.69,162.695,162.687,162.691
1782911100000,162.691,162.707,162.691,162.701
1782911160000,162.699,162.699,162.677,162.688
1782911220000,162.689,162.7,162.686,162.697
1782911280000,162.698,162.7,162.686,162.696
1782911340000,162.696,162.7,162.689,162.691
1782911400000,162.692,162.719,162.692,162.717
1782911460000,162.717,162.732,162.712,162.726
1782911520000,162.727,162.734,162.722,162.73
1782911580000,162.73,162.732,162.722,162.729
1782911640000,162.729,162.73,162.715,162.723
1782911700000,162.721,162.722,162.709,162.711
1782911760000,162.711,162.716,162.697,162.699
1782911820000,162.698,162.699,162.664,162.674
1782911880000,162.675,162.682,162.663,162.671
1782911940000,162.675,162.682,162.667,162.675
1782912000000,162.674,162.674,162.616,162.623
1782912060000,162.624,162.65,162.622,162.627
1782912120000,162.627,162.627,162.557,162.574
1782912180000,162.575,162.61,162.572,162.604
1782912240000,162.604,162.604,162.575,162.595
1782912300000,162.595,162.616,162.583,162.611
1782912360000,162.611,162.611,162.586,162.593
1782912420000,162.594,162.594,162.573,162.582
1782912480000,162.582,162.584,162.566,162.584
1782912540000,162.585,162.623,162.548,162.562
1782912600000,162.564,162.565,162.512,162.551
1782912660000,162.551,162.552,162.484,162.509
1782912720000,162.509,162.537,162.509,162.527
1782912780000,162.527,162.54,162.505,162.524
1782912840000,162.524,162.528,162.517,162.524
1782912900000,162.524,162.528,162.501,162.515
1782912960000,162.516,162.516,162.483,162.489
1782913020000,162.489,162.551,162.488,162.532
1782913080000,162.531,162.536,162.487,162.487
1782913140000,162.488,162.527,162.488,162.527
1782913200000,162.526,162.544,162.491,162.502
1782913260000,162.502,162.505,162.38,162.423
1782913320000,162.423,162.456,162.411,162.455
1782913380000,162.454,162.455,162.423,162.425
1782913440000,162.425,162.448,162.393,162.395
1782913500000,162.395,162.397,162.296,162.303
1782913560000,162.304,162.332,162.302,162.312
1782913620000,162.312,162.364,162.301,162.36
1782913680000,162.359,162.372,162.332,162.35
1782913740000,162.349,162.357,162.336,162.35
1782913800000,162.357,162.417,162.356,162.411
1782913860000,162.411,162.441,162.403,162.426
1782913920000,162.423,162.441,162.413,162.439
1782913980000,162.437,162.44,162.424,162.439
1782914040000,162.44,162.463,162.438,162.454
1782914100000,162.454,162.463,162.442,162.45
1782914160000,162.449,162.45,162.42,162.439
1782914220000,162.438,162.441,162.414,162.42
1782914280000,162.421,162.452,162.417,162.439
1782914340000,162.44,162.447,162.404,162.407
1782914400000,162.408,162.408,162.344,162.373
1782914460000,162.373,162.414,162.373,162.414
1782914520000,162.414,162.44,162.414,162.44
1782914580000,162.439,162.441,162.425,162.435
1782914640000,162.434,162.436,162.41,162.423
1782914700000,162.424,162.429,162.405,162.409
1782914760000,162.409,162.411,162.372,162.378
1782914820000,162.379,162.394,162.372,162.394
1782914880000,162.394,162.395,162.381,162.383
1782914940000,162.383,162.383,162.357,162.363
1782915000000,162.363,162.37,162.337,162.34
1782915060000,162.341,162.364,162.34,162.361
1782915120000,162.361,162.371,162.345,162.367
1782915180000,162.369,162.381,162.365,162.373
1782915240000,162.373,162.38,162.366,162.38
1782915300000,162.378,162.397,162.377,162.385
1782915360000,162.387,162.392,162.341,162.349
1782915420000,162.348,162.358,162.324,162.354
1782915480000,162.354,162.358,162.326,162.344
1782915540000,162.344,162.366,162.342,162.362
1782915600000,162.361,162.365,162.322,162.325
1782915660000,162.325,162.337,162.308,162.324
1782915720000,162.324,162.34,162.318,162.331
1782915780000,162.332,162.358,162.331,162.356
1782915840000,162.355,162.395,162.337,162.395
1782915900000,162.393,162.412,162.39,162.408
1782915960000,162.409,162.423,162.409,162.423
1782916020000,162.423,162.425,162.405,162.406
1782916080000,162.407,162.437,162.407,162.43
1782916140000,162.431,162.449,162.425,162.448
1782916200000,162.448,162.45,162.425,162.429
1782916260000,162.43,162.43,162.375,162.375
1782916320000,162.375,162.39,162.375,162.388
1782916380000,162.387,162.387,162.346,162.357
1782916440000,162.358,162.371,162.325,162.325
1782916500000,162.326,162.354,162.318,162.344
1782916560000,162.343,162.356,162.332,162.356
1782916620000,162.355,162.359,162.34,162.346
1782916680000,162.347,162.367,162.343,162.363
1782916740000,162.362,162.364,162.346,162.351
1782916800000,162.353,162.353,162.33,162.339
1782916860000,162.34,162.347,162.33,162.345
1782916920000,162.347,162.347,162.331,162.342
1782916980000,162.342,162.36,162.341,162.359
1782917040000,162.36,162.371,162.354,162.366
1782917100000,162.363,162.388,162.357,162.384
1782917160000,162.384,162.385,162.369,162.383
1782917220000,162.381,162.385,162.369,162.384
1782917280000,162.385,162.402,162.382,162.402
1782917340000,162.403,162.407,162.391,162.397
1782917400000,162.401,162.436,162.401,162.432
1782917460000,162.433,162.433,162.41,162.427
1782917520000,162.426,162.438,162.423,162.425
1782917580000,162.424,162.433,162.408,162.42
1782917640000,162.419,162.435,162.41,162.434
1782917700000,162.435,162.444,162.426,162.434
1782917760000,162.434,162.438,162.429,162.437
1782917820000,162.436,162.449,162.42,162.437
1782917880000,162.436,162.447,162.426,162.431
1782917940000,162.432,162.432,162.395,162.395
1782918000000,162.395,162.4,162.377,162.378
1782918060000,162.378,162.396,162.375,162.385
1782918120000,162.386,162.398,162.373,162.398
1782918180000,162.398,162.421,162.396,162.416
1782918240000,162.417,162.445,162.413,162.434
1782918300000,162.433,162.433,162.421,162.421
1782918360000,162.421,162.427,162.418,162.421
1782918420000,162.421,162.448,162.399,162.44
1782918480000,162.44,162.456,162.437,162.451
1782918540000,162.452,162.455,162.437,162.437
1782918600000,162.437,162.437,162.416,162.428
1782918660000,162.429,162.432,162.417,162.418
1782918720000,162.418,162.421,162.403,162.407
1782918780000,162.406,162.435,162.406,162.433
1782918840000,162.432,162.432,162.416,162.417
1782918900000,162.418,162.427,162.417,162.427
1782918960000,162.43,162.432,162.413,162.417
1782919020000,162.416,162.418,162.404,162.405
1782919080000,162.407,162.419,162.398,162.404
1782919140000,162.406,162.425,162.406,162.42
1782919200000,162.42,162.428,162.415,162.427
1782919260000,162.426,162.438,162.415,162.435
1782919320000,162.434,162.462,162.429,162.462
1782919380000,162.463,162.467,162.451,162.466
1782919440000,162.467,162.474,162.457,162.457
1782919500000,162.457,162.457,162.418,162.43
1782919560000,162.43,162.434,162.422,162.428
1782919620000,162.427,162.434,162.42,162.421
1782919680000,162.422,162.422,162.406,162.408
1782919740000,162.408,162.417,162.407,162.412
1782919800000,162.414,162.43,162.409,162.409
1782919860000,162.411,162.411,162.393,162.397
1782919920000,162.397,162.401,162.391,162.398
1782919980000,162.399,162.432,162.397,162.432
1782920040000,162.432,162.439,162.424,162.425
1782920100000,162.427,162.433,162.409,162.418
1782920160000,162.419,162.436,162.406,162.435
1782920220000,162.435,162.449,162.432,162.433
1782920280000,162.434,162.439,162.433,162.438
1782920340000,162.438,162.438,162.422,162.423
1782920400000,162.423,162.427,162.421,162.421
1782920460000,162.424,162.446,162.424,162.446
1782920520000,162.445,162.453,162.443,162.451
1782920580000,162.451,162.451,162.44,162.45
1782920640000,162.45,162.464,162.447,162.455
1782920700000,162.456,162.459,162.436,162.438
1782920760000,162.439,162.449,162.432,162.449
1782920820000,162.449,162.46,162.443,162.456
1782920880000,162.453,162.453,162.447,162.452
1782920940000,162.452,162.457,162.434,162.436
1782921000000,162.437,162.437,162.42,162.427
1782921060000,162.427,162.427,162.421,162.424
1782921120000,162.422,162.426,162.413,162.413
1782921180000,162.413,162.414,162.396,162.41
1782921240000,162.409,162.421,162.409,162.419
1782921300000,162.42,162.424,162.411,162.417
1782921360000,162.417,162.419,162.409,162.411
1782921420000,162.411,162.421,162.411,162.418
1782921480000,162.419,162.426,162.414,162.424
1782921540000,162.425,162.431,162.409,162.413
1782921600000,162.413,162.413,162.397,162.401
1782921660000,162.4,162.401,162.387,162.398
1782921720000,162.399,162.399,162.378,162.385
1782921780000,162.383,162.389,162.367,162.371
1782921840000,162.37,162.381,162.362,162.362
1782921900000,162.363,162.373,162.358,162.368
1782921960000,162.369,162.37,162.358,162.359
1782922020000,162.36,162.373,162.36,162.371
1782922080000,162.372,162.38,162.371,162.378
1782922140000,162.378,162.386,162.374,162.385
1782922200000,162.385,162.386,162.38,162.386
1782922260000,162.386,162.386,162.371,162.372
1782922320000,162.372,162.373,162.364,162.368
1782922380000,162.368,162.378,162.368,162.373
1782922440000,162.374,162.396,162.372,162.394
1782922500000,162.394,162.411,162.393,162.409
1782922560000,162.411,162.419,162.408,162.409
1782922620000,162.41,162.411,162.397,162.41
1782922680000,162.414,162.419,162.41,162.416
1782922740000,162.415,162.418,162.41,162.412
1782922800000,162.411,162.412,162.385,162.396
1782922860000,162.396,162.4,162.387,162.395
1782922920000,162.394,162.398,162.386,162.393
1782922980000,162.392,162.399,162.385,162.396
1782923040000,162.399,162.407,162.395,162.397
1782923100000,162.398,162.4,162.382,162.383
1782923160000,162.385,162.388,162.38,162.383
1782923220000,162.383,162.385,162.373,162.378
1782923280000,162.378,162.385,162.374,162.383
1782923340000,162.384,162.397,162.382,162.391
1782923400000,162.391,162.392,162.382,162.383
1782923460000,162.384,162.398,162.383,162.397
1782923520000,162.397,162.409,162.395,162.405
1782923580000,162.407,162.409,162.4,162.402
1782923640000,162.403,162.411,162.402,162.408
1782923700000,162.408,162.419,162.408,162.419
1782923760000,162.42,162.427,162.418,162.426
1782923820000,162.425,162.427,162.421,162.425
1782923880000,162.425,162.431,162.42,162.431
1782923940000,162.431,162.441,162.429,162.44
1782924000000,162.44,162.449,162.438,162.447
1782924060000,162.448,162.46,162.445,162.451
1782924120000,162.452,162.452,162.44,162.44
1782924180000,162.439,162.453,162.439,162.45
1782924240000,162.449,162.452,162.447,162.449
1782924300000,162.45,162.45,162.433,162.434
1782924360000,162.435,162.435,162.426,162.429
1782924420000,162.428,162.429,162.415,162.419
1782924480000,162.42,162.423,162.417,162.423
1782924540000,162.423,162.43,162.42,162.425
1782924600000,162.426,162.435,162.425,162.434
1782924660000,162.434,162.435,162.43,162.434
1782924720000,162.435,162.442,162.434,162.439
1782924780000,162.439,162.439,162.427,162.432
1782924840000,162.431,162.435,162.429,162.434
1782924900000,162.434,162.437,162.433,162.435
1782924960000,162.434,162.449,162.434,162.448
1782925020000,162.448,162.448,162.438,162.447
1782925080000,162.446,162.453,162.439,162.453
1782925140000,162.453,162.461,162.45,162.457
1782925200000,162.456,162.474,162.448,162.448
1782925260000,162.448,162.45,162.438,162.439
1782925320000,162.438,162.441,162.436,162.44
1782925380000,162.441,162.451,162.439,162.45
1782925440000,162.45,162.45,162.423,162.433
1782925500000,162.434,162.438,162.432,162.433
1782925560000,162.432,162.438,162.431,162.438
1782925620000,162.439,162.445,162.437,162.438
1782925680000,162.438,162.462,162.438,162.461
1782925740000,162.462,162.467,162.452,162.452
1782925800000,162.453,162.476,162.446,162.472
1782925860000,162.471,162.479,162.467,162.479
1782925920000,162.479,162.482,162.466,162.478
1782925980000,162.478,162.487,162.477,162.482
1782926040000,162.483,162.484,162.478,162.482
1782926100000,162.486,162.491,162.472,162.472
1782926160000,162.473,162.474,162.463,162.463
1782926220000,162.464,162.477,162.464,162.474
1782926280000,162.475,162.485,162.475,162.481
1782926340000,162.481,162.484,162.477,162.479
1782926400000,162.486,162.491,162.483,162.487
1782926460000,162.488,162.49,162.484,162.49
1782926520000,162.49,162.491,162.489,162.491
1782926580000,162.491,162.495,162.481,162.489
1782926640000,162.488,162.489,162.476,162.485
1782926700000,162.483,162.486,162.483,162.484
1782926760000,162.484,162.486,162.48,162.486
1782926820000,162.485,162.485,162.483,162.484
1782926880000,162.485,162.485,162.471,162.484
1782926940000,162.483,162.486,162.482,162.485
1782927000000,162.487,162.49,162.485,162.489
1782927060000,162.49,162.491,162.48,162.486
1782927120000,162.488,162.49,162.486,162.488
1782927180000,162.489,162.49,162.487,162.489
1782927240000,162.49,162.491,162.489,162.491
1782927300000,162.493,162.501,162.493,162.5
1782927360000,162.502,162.508,162.499,162.501
1782927420000,162.502,162.515,162.5,162.514
1782927480000,162.515,162.517,162.513,162.515
1782927540000,162.516,162.537,162.515,162.525
1782927600000,162.527,162.527,162.513,162.513
1782927660000,162.513,162.525,162.506,162.523
1782927720000,162.524,162.524,162.514,162.518
1782927780000,162.518,162.519,162.515,162.518
1782927840000,162.521,162.526,162.519,162.523
1782927900000,162.523,162.524,162.508,162.509
1782927960000,162.512,162.512,162.502,162.504
1782928020000,162.505,162.514,162.503,162.504
1782928080000,162.506,162.507,162.504,162.506
1782928140000,162.506,162.507,162.505,162.505
1782928200000,162.506,162.506,162.505,162.505
1782928260000,162.506,162.517,162.505,162.517
1782928320000,162.517,162.52,162.515,162.517
1782928380000,162.517,162.519,162.516,162.518
1782928440000,162.518,162.525,162.517,162.523
1782928500000,162.524,162.524,162.519,162.522
1782928560000,162.523,162.529,162.522,162.523
1782928620000,162.524,162.543,162.524,162.541
1782928680000,162.542,162.545,162.539,162.542
1782928740000,162.543,162.543,162.528,162.532
1782928800000,162.531,162.537,162.528,162.53
1782928860000,162.531,162.531,162.524,162.527
1782928920000,162.528,162.534,162.525,162.526
1782928980000,162.525,162.525,162.516,162.524
1782929040000,162.524,162.528,162.517,162.518
1782929100000,162.519,162.529,162.518,162.526
1782929160000,162.527,162.53,162.522,162.522
1782929220000,162.523,162.527,162.523,162.527
1782929280000,162.528,162.536,162.526,162.533
1782929340000,162.533,162.537,162.532,162.537
1782929400000,162.536,162.537,162.534,162.536
1782929460000,162.535,162.543,162.534,162.541
1782929520000,162.542,162.548,162.541,162.545
1782929580000,162.543,162.544,162.54,162.541
1782929640000,162.539,162.541,162.537,162.541
1782929700000,162.54,162.545,162.54,162.543
1782929760000,162.544,162.546,162.542,162.546
1782929820000,162.546,162.556,162.544,162.554
1782929880000,162.553,162.556,162.551,162.555
1782929940000,162.556,162.565,162.551,162.553
1782930000000,162.554,162.563,162.553,162.563
1782930060000,162.562,162.574,162.56,162.574
1782930120000,162.573,162.574,162.559,162.565
1782930180000,162.564,162.577,162.564,162.576
1782930240000,162.577,162.58,162.571,162.572
1782930300000,162.572,162.573,162.564,162.572
1782930360000,162.572,162.575,162.57,162.575
1782930420000,162.575,162.575,162.572,162.573
1782930480000,162.574,162.577,162.573,162.575
1782930540000,162.575,162.578,162.572,162.574
1782930600000,162.573,162.577,162.571,162.575
1782930660000,162.576,162.576,162.561,162.564
1782930720000,162.565,162.565,162.56,162.56
1782930780000,162.562,162.562,162.548,162.55
1782930840000,162.549,162.554,162.547,162.553
1782930900000,162.553,162.554,162.549,162.553
1782930960000,162.554,162.555,162.55,162.552
1782931020000,162.553,162.553,162.547,162.548
1782931080000,162.549,162.55,162.547,162.548
1782931140000,162.549,162.55,162.547,162.55
1782931200000,162.549,162.552,162.548,162.548
1782931260000,162.549,162.552,162.539,162.552
1782931320000,162.551,162.552,162.548,162.549
1782931380000,162.55,162.55,162.54,162.542
1782931440000,162.54,162.549,162.54,162.543
1782931500000,162.542,162.548,162.542,162.546
1782931560000,162.546,162.547,162.541,162.542
1782931620000,162.542,162.542,162.538,162.541
1782931680000,162.54,162.542,162.533,162.533
1782931740000,162.534,162.535,162.532,162.535
1782931800000,162.536,162.539,162.535,162.538
1782931860000,162.537,162.537,162.526,162.534
1782931920000,162.535,162.535,162.526,162.526
1782931980000,162.526,162.528,162.522,162.522
1782932040000,162.522,162.525,162.522,162.524
1782932100000,162.523,162.523,162.52,162.52
1782932160000,162.522,162.524,162.514,162.518
1782932220000,162.519,162.526,162.511,162.525
1782932280000,162.523,162.534,162.523,162.533
1782932340000,162.533,162.534,162.515,162.522
1782932400000,162.522,162.522,162.509,162.515
1782932460000,162.515,162.522,162.511,162.521
1782932520000,162.523,162.527,162.508,162.508
1782932580000,162.51,162.515,162.51,162.514
1782932640000,162.513,162.518,162.512,162.515
1782932700000,162.515,162.516,162.513,162.513
1782932760000,162.513,162.524,162.513,162.524
1782932820000,162.525,162.527,162.524,162.525
1782932880000,162.524,162.524,162.52,162.52
1782932940000,162.521,162.522,162.513,162.521
1782933000000,162.521,162.522,162.513,162.514
1782933060000,162.515,162.528,162.515,162.528
1782933120000,162.526,162.527,162.523,162.525
1782933180000,162.526,162.527,162.524,162.525
1782933240000,162.524,162.525,162.523,162.525
1782933300000,162.524,162.524,162.522,162.522
1782933360000,162.523,162.527,162.522,162.527
1782933420000,162.527,162.547,162.527,162.545
1782933480000,162.544,162.546,162.544,162.545
1782933540000,162.547,162.547,162.545,162.546
1782933600000,162.546,162.546,162.537,162.537
1782933660000,162.54,162.54,162.535,162.536
1782933720000,162.536,162.538,162.533,162.533
1782933780000,162.533,162.537,162.532,162.537
1782933840000,162.537,162.537,162.534,162.535
1782933900000,162.535,162.538,162.534,162.538
1782933960000,162.537,162.538,162.534,162.534
1782934020000,162.535,162.537,162.534,162.535
1782934080000,162.536,162.536,162.523,162.523
1782934140000,162.523,162.523,162.519,162.521
1782934200000,162.519,162.522,162.519,162.52
1782934260000,162.522,162.523,162.521,162.522
1782934320000,162.521,162.524,162.519,162.52
1782934380000,162.519,162.52,162.507,162.509
1782934440000,162.508,162.52,162.508,162.514
1782934500000,162.513,162.516,162.513,162.515
1782934560000,162.514,162.52,162.514,162.515
1782934620000,162.513,162.517,162.512,162.514
1782934680000,162.513,162.514,162.508,162.51
1782934740000,162.511,162.521,162.511,162.52
1782934800000,162.522,162.526,162.519,162.524
1782934860000,162.525,162.525,162.521,162.525
1782934920000,162.524,162.526,162.521,162.524
1782934980000,162.525,162.525,162.52,162.52
1782935040000,162.52,162.522,162.52,162.52
1782935100000,162.521,162.527,162.52,162.525
1782935160000,162.524,162.526,162.523,162.525
1782935220000,162.524,162.524,162.519,162.522
1782935280000,162.52,162.525,162.52,162.525
1782935340000,162.525,162.539,162.525,162.538
1782935400000,162.537,162.553,162.537,162.553
1782935460000,162.554,162.563,162.551,162.563
1782935520000,162.564,162.581,162.564,162.578
1782935580000,162.576,162.579,162.559,162.561
1782935640000,162.56,162.562,162.551,162.56
1782935700000,162.561,162.562,162.551,162.553
1782935760000,162.553,162.555,162.546,162.548
1782935820000,162.55,162.561,162.549,162.551
1782935880000,162.553,162.565,162.553,162.563
1782935940000,162.562,162.572,162.561,162.57
1782936000000,162.571,162.571,162.554,162.56
1782936060000,162.561,162.567,162.558,162.566
1782936120000,162.565,162.571,162.561,162.567
1782936180000,162.568,162.568,162.557,162.562
1782936240000,162.563,162.566,162.561,162.563
1782936300000,162.562,162.578,162.562,162.577
1782936360000,162.576,162.578,162.573,162.576
1782936420000,162.575,162.577,162.572,162.576
1782936480000,162.575,162.581,162.575,162.577
1782936540000,162.576,162.577,162.567,162.572
1782936600000,162.572,162.572,162.55,162.55
1782936660000,162.551,162.567,162.55,162.566
1782936720000,162.565,162.572,162.564,162.572
1782936780000,162.573,162.573,162.566,162.567
1782936840000,162.568,162.569,162.563,162.569
1782936900000,162.57,162.579,162.57,162.579
1782936960000,162.58,162.596,162.579,162.579
1782937020000,162.58,162.584,162.58,162.58
1782937080000,162.582,162.582,162.58,162.58
1782937140000,162.58,162.583,162.58,162.583
1782937200000,162.583,162.589,162.582,162.582
1782937260000,162.581,162.587,162.579,162.587
1782937320000,162.589,162.601,162.587,162.593
1782937380000,162.592,162.597,162.589,162.597
1782937440000,162.596,162.596,162.59,162.59
1782937500000,162.59,162.59,162.584,162.586
1782937560000,162.586,162.586,162.584,162.584
1782937620000,162.585,162.587,162.584,162.587
1782937680000,162.589,162.595,162.589,162.594
1782937740000,162.593,162.6,162.593,162.6
1782937800000,162.599,162.606,162.598,162.603
1782937860000,162.601,162.603,162.601,162.601
1782937920000,162.597,162.604,162.593,162.602
1782937980000,162.601,162.606,162.601,162.606
1782938040000,162.605,162.608,162.604,162.606
1782938100000,162.606,162.607,162.603,162.606
1782938160000,162.607,162.609,162.606,162.608
1782938220000,162.607,162.608,162.602,162.602
1782938280000,162.604,162.604,162.592,162.594
1782938340000,162.595,162.595,162.591,162.593
1782938400000,162.593,162.603,162.592,162.603
1782938460000,162.604,162.605,162.602,162.604
1782938520000,162.604,162.604,162.6,162.602
1782938580000,162.603,162.603,162.601,162.601
1782938640000,162.602,162.606,162.601,162.604
1782938700000,162.603,162.607,162.603,162.605
1782938760000,162.605,162.614,162.602,162.603
1782938820000,162.604,162.607,162.603,162.607
1782938880000,162.608,162.61,162.606,162.61
1782938940000,162.609,162.615,162.609,162.614
1782939000000,162.613,162.613,162.607,162.61
1782939060000,162.614,162.616,162.603,162.608
1782939120000,162.605,162.607,162.603,162.606
1782939180000,162.612,162.613,162.604,162.605
1782939240000,162.605,162.606,162.604,162.606
1782939300000,162.602,162.604,162.6,162.6
1782939360000,162.6,162.6,162.598,162.599
1782939420000,162.598,162.6,162.591,162.598
1782939480000,162.601,162.601,162.592,162.596
1782939540000,162.598,162.604,162.567,162.567
1782939600000,162.562,162.566,162.512,162.566
1782939660000,162.566,162.566,162.566,162.566
1782939720000,162.522,162.522,162.522,162.522
1782939780000,162.533,162.561,162.533,162.561
1782939840000,162.562,162.562,162.561,162.562
1782939900000,162.562,162.563,162.553,162.553
1782939960000,162.537,162.537,162.533,162.533
1782940020000,162.553,162.553,162.533,162.534
1782940080000,162.553,162.554,162.534,162.537
1782940140000,162.535,162.541,162.535,162.541
1782940200000,162.541,162.541,162.541,162.541
1782940260000,162.543,162.543,162.539,162.543
1782940320000,162.543,162.543,162.543,162.543
1782940380000,162.543,162.543,162.543,162.543
1782940440000,162.538,162.538,162.538,162.538
1782940500000,162.539,162.545,162.536,162.542
1782940560000,162.543,162.545,162.539,162.539
1782940620000,162.539,162.539,162.539,162.539
1782940680000,162.539,162.539,162.538,162.539
1782940740000,162.538,162.538,162.538,162.538
1782940800000,162.54,162.545,162.537,162.537
1782940860000,162.538,162.538,162.535,162.536
1782940920000,162.538,162.538,162.536,162.538
1782940980000,162.538,162.538,162.534,162.536
1782941040000,162.534,162.539,162.534,162.537
1782941100000,162.537,162.537,162.536,162.536
1782941160000,162.537,162.537,162.536,162.536
1782941220000,162.536,162.537,162.536,162.537
1782941280000,162.538,162.538,162.537,162.537
1782941340000,162.536,162.538,162.536,162.537
1782941400000,162.536,162.54,162.536,162.537
1782941460000,162.537,162.537,162.536,162.537
1782941520000,162.537,162.537,162.537,162.537
1782941580000,162.538,162.54,162.536,162.538
1782941640000,162.539,162.54,162.535,162.538
1782941700000,162.54,162.54,162.537,162.537
1782941760000,162.538,162.538,162.537,162.538
1782941820000,162.538,162.54,162.538,162.539
1782941880000,162.538,162.538,162.538,162.538
1782941940000,162.538,162.539,162.537,162.538
1782942000000,162.539,162.54,162.536,162.539
1782942060000,162.539,162.539,162.538,162.538
1782942120000,162.538,162.538,162.536,162.536
1782942180000,162.536,162.54,162.535,162.54
1782942240000,162.538,162.54,162.537,162.538
1782942300000,162.536,162.539,162.536,162.538
1782942360000,162.544,162.544,162.538,162.54
1782942420000,162.54,162.54,162.537,162.537
1782942480000,162.537,162.538,162.537,162.538
1782942540000,162.537,162.538,162.537,162.537
1782942600000,162.536,162.536,162.535,162.535
1782942660000,162.535,162.537,162.535,162.536
1782942720000,162.536,162.538,162.533,162.536
1782942780000,162.536,162.536,162.534,162.536
1782942840000,162.534,162.537,162.534,162.536
1782942900000,162.535,162.536,162.535,162.536
1782942960000,162.536,162.538,162.536,162.538
1782943020000,162.538,162.538,162.536,162.536
1782943080000,162.537,162.537,162.536,162.536
1782943140000,162.535,162.541,162.534,162.537
1782943200000,162.535,162.57,162.535,162.538
1782943260000,162.542,162.55,162.542,162.55
1782943320000,162.551,162.566,162.551,162.556
1782943380000,162.563,162.569,162.563,162.565
1782943440000,162.565,162.565,162.564,162.564
1782943500000,162.565,162.565,162.564,162.564
1782943560000,162.566,162.566,162.564,162.566
1782943620000,162.565,162.566,162.565,162.565
1782943680000,162.562,162.562,162.551,162.551
1782943740000,162.547,162.55,162.544,162.548
1782943800000,162.551,162.565,162.551,162.556
1782943860000,162.556,162.557,162.554,162.556
1782943920000,162.556,162.557,162.555,162.556
1782943980000,162.555,162.556,162.553,162.556
1782944040000,162.556,162.556,162.554,162.554
1782944100000,162.554,162.555,162.553,162.554
1782944160000,162.554,162.555,162.553,162.555
1782944220000,162.554,162.554,162.554,162.554
1782944280000,162.554,162.554,162.553,162.554
1782944340000,162.554,162.554,162.55,162.55
1782944400000,162.551,162.552,162.551,162.552
1782944460000,162.552,162.552,162.551,162.552
1782944520000,162.553,162.553,162.551,162.553
1782944580000,162.552,162.553,162.551,162.552
1782944640000,162.551,162.551,162.55,162.55
1782944700000,162.55,162.551,162.55,162.551
1782944760000,162.552,162.552,162.551,162.551
1782944820000,162.552,162.552,162.55,162.551
1782944880000,162.551,162.551,162.551,162.551
1782944940000,162.551,162.551,162.551,162.551
1782945000000,162.551,162.552,162.55,162.551
1782945060000,162.551,162.552,162.551,162.552
1782945120000,162.55,162.551,162.55,162.55
1782945180000,162.55,162.551,162.55,162.551
1782945240000,162.55,162.551,162.55,162.551
1782945300000,162.55,162.552,162.55,162.551
1782945360000,162.551,162.551,162.55,162.55
1782945420000,162.551,162.551,162.539,162.539
1782945480000,162.539,162.54,162.539,162.539
1782945540000,162.539,162.539,162.538,162.538
1782945600000,162.538,162.538,162.538,162.538
1782945660000,162.538,162.538,162.538,162.538
1782945720000,162.539,162.539,162.539,162.539
1782945780000,162.538,162.54,162.538,162.539
1782945840000,162.539,162.539,162.539,162.539
1782945900000,162.539,162.54,162.539,162.539
1782945960000,162.54,162.54,162.539,162.539
1782946020000,162.539,162.539,162.536,162.537
1782946080000,162.537,162.537,162.536,162.536
1782946140000,162.536,162.538,162.536,162.537
1782946200000,162.537,162.541,162.536,162.54
1782946260000,162.54,162.541,162.539,162.539
1782946320000,162.54,162.54,162.54,162.54
1782946380000,162.54,162.54,162.54,162.54
1782946440000,162.54,162.54,162.54,162.54
1782946500000,162.54,162.54,162.54,162.54
1782946560000,162.54,162.54,162.54,162.54
1782946620000,162.54,162.54,162.54,162.54
1782946680000,162.54,162.54,162.54,162.54
1782946740000,162.539,162.539,162.539,162.539
1782946800000,162.542,162.542,162.539,162.539
1782946860000,162.541,162.541,162.541,162.541
1782946920000,162.541,162.541,162.541,162.541
1782946980000,162.541,162.541,162.54,162.54
1782947040000,162.539,162.541,162.539,162.541
1782947100000,162.541,162.541,162.541,162.541
1782947160000,162.541,162.542,162.539,162.539
1782947220000,162.54,162.542,162.54,162.541
1782947280000,162.541,162.541,162.539,162.539
1782947340000,162.541,162.543,162.541,162.542
1782947400000,162.543,162.552,162.531,162.543
1782947460000,162.544,162.551,162.541,162.541
1782947520000,162.542,162.548,162.537,162.548
1782947580000,162.547,162.552,162.544,162.551
1782947640000,162.552,162.553,162.551,162.552
1782947700000,162.553,162.557,162.552,162.556
1782947760000,162.555,162.556,162.555,162.555
1782947820000,162.554,162.557,162.554,162.556
1782947880000,162.555,162.555,162.552,162.555
1782947940000,162.556,162.557,162.556,162.557
1782948000000,162.557,162.557,162.557,162.557
1782948060000,162.557,162.557,162.557,162.557
1782948120000,162.559,162.565,162.558,162.559
1782948180000,162.559,162.563,162.557,162.563
1782948240000,162.561,162.571,162.56,162.571
1782948300000,162.572,162.572,162.571,162.571
1782948360000,162.572,162.573,162.571,162.572
1782948420000,162.571,162.573,162.569,162.569
1782948480000,162.571,162.573,162.57,162.572
1782948540000,162.572,162.572,162.569,162.572
1782948600000,162.571,162.58,162.569,162.578
1782948660000,162.578,162.585,162.578,162.582
1782948720000,162.583,162.584,162.573,162.574
1782948780000,162.575,162.575,162.573,162.573
1782948840000,162.573,162.576,162.572,162.575
1782948900000,162.574,162.575,162.566,162.567
1782948960000,162.567,162.567,162.553,162.558
1782949020000,162.558,162.558,162.557,162.558
1782949080000,162.558,162.559,162.558,162.559
1782949140000,162.558,162.56,162.557,162.559
1782949200000,162.56,162.56,162.556,162.556
1782949260000,162.556,162.556,162.556,162.556
1782949320000,162.555,162.559,162.555,162.559
1782949380000,162.559,162.572,162.559,162.572
1782949440000,162.574,162.574,162.568,162.569
1782949500000,162.569,162.569,162.557,162.559
1782949560000,162.557,162.559,162.55,162.553
1782949620000,162.552,162.553,162.542,162.542
1782949680000,162.542,162.542,162.531,162.531
1782949740000,162.531,162.537,162.516,162.516
1782949800000,162.516,162.531,162.516,162.53
1782949860000,162.53,162.535,162.53,162.533
1782949920000,162.537,162.545,162.537,162.543
1782949980000,162.542,162.545,162.541,162.544
1782950040000,162.544,162.545,162.543,162.545
1782950100000,162.544,162.554,162.531,162.531
1782950160000,162.531,162.541,162.531,162.541
1782950220000,162.542,162.542,162.539,162.541
1782950280000,162.542,162.546,162.541,162.546
1782950340000,162.546,162.557,162.546,162.546
1783296000000,161.458,161.494,161.458,161.489
1783296060000,161.488,161.488,161.461,161.471
1783296120000,161.471,161.486,161.459,161.484
1783296180000,161.485,161.506,161.481,161.495
1783296240000,161.494,161.534,161.493,161.532
1783296300000,161.533,161.551,161.523,161.55
1783296360000,161.55,161.551,161.537,161.545
1783296420000,161.544,161.55,161.538,161.55
1783296480000,161.549,161.55,161.545,161.545
1783296540000,161.546,161.587,161.545,161.585
1783296600000,161.585,161.585,161.56,161.562
1783296660000,161.562,161.564,161.549,161.55
1783296720000,161.55,161.563,161.547,161.55
1783296780000,161.551,161.554,161.546,161.546
1783296840000,161.545,161.548,161.536,161.536
1783296900000,161.536,161.538,161.521,161.533
1783296960000,161.534,161.536,161.485,161.485
1783297020000,161.484,161.484,161.456,161.482
1783297080000,161.483,161.512,161.483,161.511
1783297140000,161.511,161.515,161.497,161.508
1783297200000,161.51,161.51,161.498,161.502
1783297260000,161.503,161.504,161.492,161.501
1783297320000,161.498,161.503,161.498,161.5
1783297380000,161.501,161.518,161.501,161.515
1783297440000,161.515,161.541,161.515,161.528
1783297500000,161.528,161.528,161.521,161.528
1783297560000,161.527,161.54,161.524,161.538
1783297620000,161.536,161.536,161.509,161.517
1783297680000,161.516,161.516,161.51,161.514
1783297740000,161.513,161.517,161.498,161.498
1783297800000,161.5,161.501,161.475,161.49
1783297860000,161.488,161.504,161.487,161.502
1783297920000,161.503,161.503,161.484,161.485
1783297980000,161.483,161.494,161.477,161.492
1783298040000,161.492,161.511,161.49,161.506
1783298100000,161.506,161.527,161.506,161.515
1783298160000,161.519,161.529,161.514,161.516
1783298220000,161.515,161.516,161.504,161.512
1783298280000,161.512,161.543,161.512,161.541
1783298340000,161.54,161.54,161.525,161.536
1783298400000,161.537,161.543,161.529,161.529
1783298460000,161.53,161.53,161.52,161.525
1783298520000,161.524,161.543,161.521,161.538
1783298580000,161.539,161.541,161.528,161.538
1783298640000,161.538,161.538,161.515,161.524
1783298700000,161.524,161.536,161.523,161.536
1783298760000,161.536,161.536,161.515,161.524
1783298820000,161.524,161.555,161.524,161.554
1783298880000,161.555,161.577,161.547,161.577
1783298940000,161.578,161.604,161.574,161.575
1783299000000,161.575,161.602,161.575,161.596
1783299060000,161.595,161.596,161.581,161.595
1783299120000,161.6,161.602,161.577,161.579
1783299180000,161.578,161.582,161.557,161.566
1783299240000,161.565,161.597,161.539,161.54
1783299300000,161.535,161.563,161.469,161.502
1783299360000,161.502,161.522,161.485,161.515
1783299420000,161.516,161.531,161.487,161.494
1783299480000,161.494,161.517,161.493,161.511
1783299540000,161.509,161.532,161.498,161.531
1783299600000,161.538,161.556,161.529,161.556
1783299660000,161.558,161.558,161.538,161.548
1783299720000,161.547,161.55,161.533,161.539
1783299780000,161.54,161.568,161.54,161.568
1783299840000,161.567,161.576,161.56,161.568
1783299900000,161.568,161.58,161.562,161.578
1783299960000,161.579,161.579,161.561,161.564
1783300020000,161.564,161.573,161.563,161.569
1783300080000,161.571,161.571,161.538,161.556
1783300140000,161.557,161.578,161.557,161.563
1783300200000,161.563,161.565,161.536,161.542
1783300260000,161.542,161.556,161.541,161.556
1783300320000,161.556,161.619,161.554,161.603
1783300380000,161.603,161.606,161.586,161.593
1783300440000,161.59,161.601,161.59,161.598
1783300500000,161.599,161.619,161.599,161.617
1783300560000,161.619,161.643,161.612,161.643
1783300620000,161.644,161.645,161.638,161.644
1783300680000,161.643,161.646,161.639,161.641
1783300740000,161.642,161.651,161.638,161.648
1783300800000,161.646,161.671,161.645,161.669
1783300860000,161.667,161.711,161.662,161.7
1783300920000,161.7,161.721,161.699,161.72
1783300980000,161.72,161.726,161.71,161.724
1783301040000,161.723,161.726,161.717,161.717
1783301100000,161.718,161.733,161.713,161.733
1783301160000,161.733,161.772,161.733,161.751
1783301220000,161.751,161.756,161.739,161.756
1783301280000,161.758,161.763,161.745,161.751
1783301340000,161.752,161.772,161.75,161.769
1783301400000,161.769,161.772,161.747,161.753
1783301460000,161.755,161.756,161.71,161.71
1783301520000,161.71,161.724,161.706,161.724
1783301580000,161.725,161.734,161.725,161.731
1783301640000,161.732,161.736,161.73,161.735
1783301700000,161.734,161.735,161.723,161.731
1783301760000,161.731,161.731,161.715,161.722
1783301820000,161.721,161.73,161.703,161.703
1783301880000,161.703,161.716,161.699,161.714
1783301940000,161.715,161.72,161.704,161.705
1783302000000,161.704,161.723,161.704,161.72
1783302060000,161.72,161.721,161.711,161.711
1783302120000,161.716,161.719,161.716,161.716
1783302180000,161.717,161.721,161.716,161.716
1783302240000,161.716,161.716,161.7,161.704
1783302300000,161.704,161.719,161.703,161.717
1783302360000,161.718,161.721,161.714,161.721
1783302420000,161.721,161.721,161.702,161.705
1783302480000,161.704,161.73,161.704,161.73
1783302540000,161.73,161.756,161.729,161.754
1783302600000,161.754,161.756,161.742,161.75
1783302660000,161.748,161.77,161.748,161.764
1783302720000,161.763,161.771,161.762,161.768
1783302780000,161.768,161.77,161.754,161.755
1783302840000,161.756,161.76,161.742,161.758
1783302900000,161.759,161.782,161.758,161.782
1783302960000,161.782,161.786,161.774,161.775
1783303020000,161.776,161.793,161.776,161.789
1783303080000,161.788,161.813,161.787,161.805
1783303140000,161.803,161.813,161.799,161.81
1783303200000,161.812,161.814,161.795,161.795
1783303260000,161.795,161.816,161.795,161.81
1783303320000,161.809,161.809,161.779,161.781
1783303380000,161.78,161.794,161.779,161.793
1783303440000,161.793,161.794,161.784,161.793
1783303500000,161.794,161.796,161.788,161.791
1783303560000,161.792,161.806,161.792,161.806
1783303620000,161.807,161.833,161.807,161.82
1783303680000,161.821,161.822,161.816,161.818
1783303740000,161.817,161.839,161.817,161.832
1783303800000,161.832,161.836,161.832,161.835
1783303860000,161.836,161.836,161.82,161.835
1783303920000,161.836,161.849,161.824,161.847
1783303980000,161.848,161.849,161.833,161.833
1783304040000,161.832,161.833,161.825,161.829
1783304100000,161.829,161.834,161.823,161.823
1783304160000,161.824,161.835,161.824,161.833
1783304220000,161.833,161.837,161.811,161.812
1783304280000,161.812,161.814,161.793,161.798
1783304340000,161.795,161.799,161.784,161.799
1783304400000,161.799,161.799,161.789,161.791
1783304460000,161.79,161.805,161.789,161.801
1783304520000,161.8,161.8,161.797,161.797
1783304580000,161.797,161.799,161.793,161.795
1783304640000,161.795,161.807,161.795,161.807
1783304700000,161.807,161.809,161.796,161.796
1783304760000,161.795,161.801,161.794,161.8
1783304820000,161.801,161.809,161.8,161.806
1783304880000,161.801,161.801,161.789,161.795
1783304940000,161.795,161.797,161.792,161.797
1783305000000,161.796,161.807,161.796,161.807
1783305060000,161.806,161.809,161.804,161.807
1783305120000,161.804,161.806,161.793,161.801
1783305180000,161.8,161.8,161.797,161.798
1783305240000,161.799,161.802,161.797,161.798
1783305300000,161.798,161.822,161.796,161.822
1783305360000,161.822,161.825,161.811,161.811
1783305420000,161.809,161.819,161.805,161.813
1783305480000,161.811,161.811,161.807,161.807
1783305540000,161.807,161.807,161.798,161.801
1783305600000,161.801,161.819,161.798,161.802
1783305660000,161.806,161.807,161.804,161.804
1783305720000,161.805,161.81,161.799,161.803
1783305780000,161.804,161.807,161.804,161.806
1783305840000,161.807,161.808,161.796,161.799
1783305900000,161.797,161.805,161.793,161.798
1783305960000,161.799,161.802,161.797,161.797
1783306020000,161.796,161.796,161.792,161.794
1783306080000,161.796,161.796,161.78,161.786
1783306140000,161.785,161.787,161.781,161.783
1783306200000,161.784,161.798,161.784,161.798
1783306260000,161.798,161.798,161.782,161.786
1783306320000,161.787,161.788,161.782,161.782
1783306380000,161.783,161.785,161.753,161.756
1783306440000,161.756,161.767,161.748,161.765
1783306500000,161.765,161.771,161.757,161.767
1783306560000,161.766,161.768,161.762,161.766
1783306620000,161.764,161.768,161.756,161.759
1783306680000,161.758,161.762,161.758,161.759
1783306740000,161.759,161.773,161.759,161.773
1783306800000,161.772,161.78,161.77,161.772
1783306860000,161.769,161.772,161.763,161.765
1783306920000,161.766,161.771,161.763,161.767
1783306980000,161.768,161.772,161.767,161.77
1783307040000,161.772,161.776,161.769,161.775
1783307100000,161.775,161.776,161.771,161.774
1783307160000,161.773,161.781,161.768,161.768
1783307220000,161.77,161.772,161.767,161.772
1783307280000,161.773,161.78,161.77,161.77
1783307340000,161.769,161.773,161.768,161.773
1783307400000,161.772,161.79,161.772,161.788
1783307460000,161.785,161.785,161.769,161.771
1783307520000,161.77,161.798,161.77,161.798
1783307580000,161.798,161.798,161.787,161.787
1783307640000,161.785,161.802,161.785,161.798
1783307700000,161.798,161.815,161.798,161.811
1783307760000,161.812,161.812,161.805,161.805
1783307820000,161.805,161.82,161.798,161.81
1783307880000,161.814,161.816,161.805,161.806
1783307940000,161.806,161.806,161.799,161.805
1783308000000,161.804,161.806,161.794,161.794
1783308060000,161.794,161.806,161.785,161.801
1783308120000,161.802,161.811,161.8,161.801
1783308180000,161.8,161.812,161.799,161.81
1783308240000,161.812,161.822,161.811,161.815
1783308300000,161.815,161.821,161.812,161.813
1783308360000,161.816,161.816,161.808,161.812
1783308420000,161.813,161.82,161.813,161.813
1783308480000,161.812,161.824,161.812,161.821
1783308540000,161.821,161.825,161.819,161.822
1783308600000,161.823,161.827,161.819,161.821
1783308660000,161.822,161.831,161.822,161.825
1783308720000,161.826,161.832,161.824,161.825
1783308780000,161.825,161.826,161.821,161.822
1783308840000,161.823,161.825,161.821,161.823
1783308900000,161.822,161.823,161.795,161.799
1783308960000,161.8,161.811,161.798,161.81
1783309020000,161.809,161.81,161.805,161.81
1783309080000,161.809,161.812,161.809,161.81
1783309140000,161.81,161.81,161.797,161.8
1783309200000,161.798,161.8,161.796,161.798
1783309260000,161.799,161.811,161.797,161.806
1783309320000,161.805,161.806,161.797,161.797
1783309380000,161.798,161.8,161.797,161.797
1783309440000,161.805,161.806,161.797,161.797
1783309500000,161.796,161.799,161.796,161.799
1783309560000,161.798,161.8,161.797,161.798
1783309620000,161.797,161.8,161.795,161.799
1783309680000,161.799,161.811,161.796,161.811
1783309740000,161.81,161.814,161.808,161.81
1783309800000,161.81,161.81,161.807,161.809
1783309860000,161.808,161.809,161.806,161.807
1783309920000,161.808,161.816,161.807,161.814
1783309980000,161.812,161.814,161.808,161.812
1783310040000,161.814,161.823,161.814,161.821
1783310100000,161.82,161.823,161.819,161.819
1783310160000,161.82,161.826,161.815,161.824
1783310220000,161.825,161.836,161.822,161.836
1783310280000,161.839,161.859,161.836,161.852
1783310340000,161.852,161.852,161.832,161.84
1783310400000,161.841,161.845,161.832,161.832
1783310460000,161.834,161.838,161.831,161.838
1783310520000,161.839,161.842,161.838,161.838
1783310580000,161.837,161.846,161.835,161.845
1783310640000,161.846,161.848,161.845,161.847
1783310700000,161.846,161.847,161.84,161.845
1783310760000,161.846,161.846,161.821,161.824
1783310820000,161.825,161.834,161.824,161.833
1783310880000,161.834,161.834,161.823,161.823
1783310940000,161.824,161.833,161.824,161.833
1783311000000,161.831,161.834,161.823,161.823
1783311060000,161.824,161.826,161.811,161.811
1783311120000,161.812,161.821,161.809,161.812
1783311180000,161.814,161.822,161.814,161.819
1783311240000,161.819,161.822,161.817,161.822
1783311300000,161.823,161.823,161.813,161.814
1783311360000,161.815,161.815,161.807,161.812
1783311420000,161.813,161.825,161.813,161.823
1783311480000,161.826,161.836,161.822,161.826
1783311540000,161.825,161.836,161.825,161.834
1783311600000,161.835,161.838,161.835,161.837
1783311660000,161.836,161.837,161.832,161.835
1783311720000,161.833,161.835,161.832,161.835
1783311780000,161.834,161.835,161.833,161.834
1783311840000,161.834,161.839,161.833,161.836
1783311900000,161.837,161.838,161.836,161.837
1783311960000,161.837,161.848,161.833,161.848
1783312020000,161.847,161.847,161.839,161.839
1783312080000,161.839,161.847,161.838,161.847
1783312140000,161.847,161.848,161.847,161.848
1783312200000,161.848,161.849,161.848,161.848
1783312260000,161.847,161.849,161.838,161.838
1783312320000,161.841,161.841,161.836,161.839
1783312380000,161.842,161.842,161.839,161.839
1783312440000,161.838,161.841,161.837,161.841
1783312500000,161.842,161.848,161.842,161.847
1783312560000,161.846,161.85,161.846,161.848
1783312620000,161.85,161.851,161.848,161.848
1783312680000,161.849,161.862,161.849,161.86
1783312740000,161.859,161.876,161.858,161.876
1783312800000,161.875,161.875,161.871,161.872
1783312860000,161.873,161.896,161.871,161.89
1783312920000,161.889,161.898,161.885,161.891
1783312980000,161.892,161.925,161.888,161.916
1783313040000,161.916,161.932,161.912,161.913
1783313100000,161.913,161.93,161.913,161.924
1783313160000,161.923,161.944,161.921,161.94
1783313220000,161.94,161.94,161.926,161.927
1783313280000,161.927,161.941,161.925,161.937
1783313340000,161.938,161.938,161.922,161.924
1783313400000,161.924,161.932,161.922,161.925
1783313460000,161.925,161.932,161.914,161.931
1783313520000,161.932,161.932,161.926,161.931
1783313580000,161.931,161.932,161.93,161.93
1783313640000,161.93,161.942,161.926,161.926
1783313700000,161.925,161.927,161.916,161.921
1783313760000,161.921,161.925,161.914,161.924
1783313820000,161.924,161.933,161.924,161.926
1783313880000,161.926,161.931,161.926,161.931
1783313940000,161.93,161.938,161.928,161.938
