timestamp,open,high,low,close
1781654400000,160.422,160.422,160.409,160.418
1781654460000,160.414,160.422,160.409,160.411
1781654520000,160.41,160.422,160.41,160.421
1781654580000,160.424,160.424,160.411,160.413
1781654640000,160.414,160.423,160.411,160.421
1781654700000,160.421,160.421,160.415,160.421
1781654760000,160.42,160.423,160.416,160.417
1781654820000,160.418,160.419,160.407,160.412
1781654880000,160.413,160.413,160.403,160.403
1781654940000,160.403,160.411,160.402,160.411
1781655000000,160.41,160.411,160.404,160.404
1781655060000,160.403,160.408,160.403,160.408
1781655120000,160.409,160.414,160.409,160.412
1781655180000,160.411,160.413,160.406,160.408
1781655240000,160.409,160.412,160.409,160.412
1781655300000,160.411,160.411,160.401,160.403
1781655360000,160.4,160.403,160.394,160.396
1781655420000,160.395,160.397,160.379,160.379
1781655480000,160.379,160.385,160.371,160.384
1781655540000,160.386,160.387,160.385,160.386
1781655600000,160.384,160.389,160.379,160.384
1781655660000,160.385,160.389,160.385,160.387
1781655720000,160.388,160.39,160.386,160.388
1781655780000,160.39,160.39,160.389,160.39
1781655840000,160.39,160.392,160.387,160.388
1781655900000,160.387,160.387,160.372,160.372
1781655960000,160.372,160.374,160.368,160.373
1781656020000,160.372,160.376,160.368,160.374
1781656080000,160.375,160.384,160.375,160.383
1781656140000,160.383,160.389,160.383,160.387
1781656200000,160.385,160.386,160.382,160.383
1781656260000,160.381,160.383,160.379,160.379
1781656320000,160.381,160.386,160.38,160.384
1781656380000,160.386,160.388,160.382,160.382
1781656440000,160.38,160.38,160.371,160.371
1781656500000,160.373,160.378,160.373,160.375
1781656560000,160.375,160.375,160.372,160.374
1781656620000,160.371,160.371,160.369,160.37
1781656680000,160.371,160.376,160.368,160.375
1781656740000,160.376,160.376,160.375,160.375
1781656800000,160.373,160.374,160.357,160.36
1781656860000,160.36,160.36,160.349,160.351
1781656920000,160.349,160.353,160.345,160.352
1781656980000,160.353,160.368,160.351,160.368
1781657040000,160.366,160.367,160.364,160.364
1781657100000,160.367,160.376,160.365,160.373
1781657160000,160.373,160.377,160.371,160.377
1781657220000,160.377,160.377,160.375,160.375
1781657280000,160.376,160.378,160.376,160.378
1781657340000,160.378,160.385,160.377,160.384
1781657400000,160.382,160.4,160.381,160.4
1781657460000,160.402,160.413,160.402,160.412
1781657520000,160.412,160.412,160.391,160.394
1781657580000,160.394,160.394,160.376,160.387
1781657640000,160.389,160.391,160.38,160.381
1781657700000,160.38,160.38,160.363,160.367
1781657760000,160.367,160.373,160.366,160.369
1781657820000,160.367,160.367,160.356,160.356
1781657880000,160.36,160.362,160.354,160.357
1781657940000,160.357,160.357,160.349,160.35
1781658000000,160.35,160.352,160.341,160.349
1781658060000,160.349,160.351,160.344,160.351
1781658120000,160.356,160.361,160.353,160.359
1781658180000,160.359,160.37,160.358,160.369
1781658240000,160.368,160.369,160.359,160.359
1781658300000,160.358,160.371,160.339,160.339
1781658360000,160.339,160.339,160.311,160.323
1781658420000,160.322,160.324,160.312,160.324
1781658480000,160.322,160.327,160.322,160.322
1781658540000,160.322,160.334,160.321,160.333
1781658600000,160.334,160.338,160.332,160.338
1781658660000,160.338,160.338,160.334,160.335
1781658720000,160.334,160.334,160.323,160.323
1781658780000,160.324,160.326,160.324,160.326
1781658840000,160.327,160.338,160.326,160.333
1781658900000,160.332,160.335,160.329,160.333
1781658960000,160.335,160.335,160.325,160.332
1781659020000,160.33,160.336,160.33,160.334
1781659080000,160.334,160.334,160.326,160.332
1781659140000,160.333,160.349,160.333,160.349
1781659200000,160.349,160.353,160.337,160.337
1781659260000,160.336,160.337,160.335,160.336
1781659320000,160.337,160.338,160.335,160.337
1781659380000,160.338,160.347,160.336,160.345
1781659440000,160.344,160.347,160.337,160.338
1781659500000,160.338,160.338,160.322,160.322
1781659560000,160.319,160.32,160.312,160.32
1781659620000,160.321,160.331,160.321,160.327
1781659680000,160.326,160.326,160.321,160.322
1781659740000,160.321,160.332,160.32,160.329
1781659800000,160.33,160.332,160.326,160.328
1781659860000,160.328,160.332,160.328,160.332
1781659920000,160.332,160.341,160.332,160.335
1781659980000,160.335,160.335,160.333,160.333
1781660040000,160.332,160.334,160.332,160.334
1781660100000,160.333,160.333,160.321,160.321
1781660160000,160.322,160.322,160.321,160.321
1781660220000,160.321,160.324,160.321,160.323
1781660280000,160.325,160.325,160.323,160.325
1781660340000,160.325,160.332,160.324,160.329
1781660400000,160.33,160.333,160.327,160.333
1781660460000,160.334,160.334,160.332,160.332
1781660520000,160.334,160.337,160.333,160.333
1781660580000,160.334,160.335,160.333,160.333
1781660640000,160.334,160.335,160.331,160.331
1781660700000,160.327,160.327,160.323,160.324
1781660760000,160.33,160.332,160.325,160.325
1781660820000,160.324,160.325,160.32,160.325
1781660880000,160.326,160.336,160.326,160.334
1781660940000,160.338,160.338,160.333,160.334
1781661000000,160.334,160.334,160.334,160.334
1781661060000,160.333,160.334,160.333,160.334
1781661120000,160.338,160.345,160.335,160.344
1781661180000,160.345,160.346,160.34,160.344
1781661240000,160.345,160.345,160.344,160.344
1781661300000,160.345,160.345,160.337,160.343
1781661360000,160.343,160.344,160.339,160.339
1781661420000,160.343,160.344,160.343,160.344
1781661480000,160.343,160.345,160.343,160.345
1781661540000,160.346,160.35,160.344,160.347
1781661600000,160.346,160.351,160.344,160.35
1781661660000,160.349,160.351,160.344,160.351
1781661720000,160.35,160.351,160.346,160.346
1781661780000,160.346,160.348,160.344,160.348
1781661840000,160.347,160.349,160.347,160.347
1781661900000,160.348,160.348,160.337,160.337
1781661960000,160.336,160.339,160.336,160.339
1781662020000,160.339,160.339,160.336,160.338
1781662080000,160.336,160.336,160.333,160.333
1781662140000,160.333,160.336,160.333,160.336
1781662200000,160.336,160.336,160.335,160.336
1781662260000,160.336,160.337,160.333,160.335
1781662320000,160.336,160.336,160.334,160.334
1781662380000,160.333,160.334,160.333,160.334
1781662440000,160.336,160.336,160.336,160.336
1781662500000,160.337,160.337,160.333,160.333
1781662560000,160.333,160.333,160.326,160.326
1781662620000,160.324,160.331,160.322,160.328
1781662680000,160.329,160.331,160.319,160.32
1781662740000,160.32,160.322,160.319,160.322
1781662800000,160.32,160.322,160.316,160.319
1781662860000,160.319,160.32,160.31,160.318
1781662920000,160.318,160.319,160.316,160.318
1781662980000,160.318,160.318,160.317,160.317
1781663040000,160.316,160.324,160.312,160.322
1781663100000,160.32,160.32,160.317,160.318
1781663160000,160.319,160.322,160.318,160.322
1781663220000,160.32,160.327,160.319,160.327
1781663280000,160.326,160.329,160.326,160.327
1781663340000,160.326,160.328,160.326,160.327
1781663400000,160.327,160.328,160.323,160.328
1781663460000,160.328,160.328,160.328,160.328
1781663520000,160.326,160.327,160.325,160.327
1781663580000,160.324,160.329,160.323,160.329
1781663640000,160.328,160.331,160.326,160.33
1781663700000,160.329,160.333,160.327,160.329
1781663760000,160.329,160.331,160.328,160.328
1781663820000,160.328,160.339,160.326,160.338
1781663880000,160.336,160.338,160.336,160.338
1781663940000,160.337,160.338,160.337,160.338
1781664000000,160.338,160.338,160.337,160.337
1781664060000,160.338,160.338,160.336,160.336
1781664120000,160.336,160.336,160.328,160.328
1781664180000,160.33,160.33,160.326,160.326
1781664240000,160.326,160.328,160.326,160.328
1781664300000,160.334,160.334,160.328,160.33
1781664360000,160.329,160.33,160.326,160.326
1781664420000,160.325,160.328,160.325,160.328
1781664480000,160.328,160.328,160.327,160.327
1781664540000,160.328,160.328,160.326,160.326
1781664600000,160.326,160.326,160.323,160.324
1781664660000,160.323,160.328,160.323,160.325
1781664720000,160.327,160.327,160.324,160.326
1781664780000,160.326,160.326,160.321,160.321
1781664840000,160.324,160.324,160.317,160.321
1781664900000,160.322,160.322,160.318,160.318
1781664960000,160.318,160.318,160.314,160.318
1781665020000,160.317,160.326,160.317,160.326
1781665080000,160.327,160.327,160.326,160.327
1781665140000,160.327,160.333,160.327,160.333
1781665200000,160.33,160.33,160.323,160.323
1781665260000,160.325,160.326,160.325,160.325
1781665320000,160.327,160.328,160.327,160.328
1781665380000,160.329,160.329,160.329,160.329
1781665440000,160.33,160.332,160.328,160.33
1781665500000,160.33,160.33,160.324,160.325
1781665560000,160.324,160.324,160.311,160.311
1781665620000,160.311,160.325,160.311,160.324
1781665680000,160.322,160.329,160.322,160.329
1781665740000,160.327,160.33,160.324,160.326
1781665800000,160.323,160.343,160.323,160.342
1781665860000,160.343,160.353,160.337,160.34
1781665920000,160.34,160.341,160.336,160.337
1781665980000,160.336,160.337,160.335,160.335
1781666040000,160.336,160.336,160.332,160.332
1781666100000,160.333,160.338,160.333,160.337
1781666160000,160.338,160.348,160.338,160.343
1781666220000,160.341,160.343,160.339,160.34
1781666280000,160.337,160.339,160.334,160.338
1781666340000,160.337,160.338,160.326,160.333
1781666400000,160.331,160.34,160.329,160.339
1781666460000,160.338,160.338,160.335,160.335
1781666520000,160.334,160.334,160.331,160.332
1781666580000,160.33,160.331,160.329,160.329
1781666640000,160.328,160.328,160.326,160.326
1781666700000,160.327,160.328,160.326,160.326
1781666760000,160.326,160.326,160.323,160.324
1781666820000,160.323,160.327,160.322,160.324
1781666880000,160.326,160.326,160.322,160.322
1781666940000,160.322,160.326,160.321,160.326
1781667000000,160.326,160.333,160.326,160.333
1781667060000,160.331,160.334,160.331,160.334
1781667120000,160.333,160.335,160.33,160.334
1781667180000,160.333,160.334,160.333,160.334
1781667240000,160.334,160.334,160.332,160.332
1781667300000,160.331,160.331,160.326,160.326
1781667360000,160.326,160.33,160.324,160.33
1781667420000,160.329,160.33,160.326,160.326
1781667480000,160.327,160.329,160.327,160.328
1781667540000,160.329,160.329,160.329,160.329
1781667600000,160.328,160.328,160.328,160.328
1781667660000,160.327,160.327,160.325,160.325
1781667720000,160.325,160.325,160.316,160.319
1781667780000,160.317,160.322,160.317,160.318
1781667840000,160.322,160.322,160.319,160.319
1781667900000,160.322,160.324,160.321,160.322
1781667960000,160.32,160.32,160.317,160.318
1781668020000,160.318,160.318,160.318,160.318
1781668080000,160.319,160.32,160.317,160.318
1781668140000,160.318,160.319,160.318,160.319
1781668200000,160.321,160.324,160.316,160.316
1781668260000,160.317,160.317,160.317,160.317
1781668320000,160.316,160.318,160.316,160.318
1781668380000,160.319,160.32,160.319,160.32
1781668440000,160.319,160.319,160.318,160.318
1781668500000,160.319,160.319,160.318,160.318
1781668560000,160.319,160.319,160.316,160.317
1781668620000,160.316,160.318,160.316,160.317
1781668680000,160.318,160.318,160.318,160.318
1781668740000,160.316,160.32,160.316,160.32
1781668800000,160.322,160.324,160.317,160.317
1781668860000,160.316,160.317,160.316,160.317
1781668920000,160.316,160.316,160.314,160.315
1781668980000,160.315,160.317,160.313,160.313
1781669040000,160.307,160.307,160.301,160.305
1781669100000,160.304,160.306,160.304,160.306
1781669160000,160.306,160.306,160.295,160.304
1781669220000,160.304,160.306,160.294,160.295
1781669280000,160.296,160.296,160.293,160.293
1781669340000,160.295,160.296,160.294,160.294
1781669400000,160.294,160.294,160.282,160.282
1781669460000,160.285,160.292,160.28,160.282
1781669520000,160.282,160.282,160.272,160.273
1781669580000,160.274,160.275,160.272,160.274
1781669640000,160.276,160.283,160.275,160.282
1781669700000,160.283,160.285,160.279,160.281
1781669760000,160.282,160.282,160.281,160.282
1781669820000,160.282,160.282,160.281,160.282
1781669880000,160.281,160.282,160.276,160.276
1781669940000,160.277,160.28,160.275,160.278
1781670000000,160.28,160.285,160.28,160.285
1781670060000,160.284,160.288,160.283,160.288
1781670120000,160.287,160.294,160.287,160.294
1781670180000,160.294,160.294,160.294,160.294
1781670240000,160.294,160.294,160.294,160.294
1781670300000,160.295,160.296,160.294,160.294
1781670360000,160.295,160.295,160.29,160.29
1781670420000,160.29,160.294,160.29,160.294
1781670480000,160.294,160.294,160.293,160.293
1781670540000,160.294,160.294,160.29,160.29
1781670600000,160.292,160.292,160.288,160.288
1781670660000,160.288,160.288,160.282,160.282
1781670720000,160.282,160.282,160.278,160.281
1781670780000,160.28,160.289,160.28,160.289
1781670840000,160.29,160.292,160.29,160.292
1781670900000,160.291,160.291,160.288,160.288
1781670960000,160.29,160.29,160.287,160.288
1781671020000,160.288,160.288,160.287,160.288
1781671080000,160.29,160.291,160.282,160.282
1781671140000,160.282,160.288,160.281,160.283
1781671200000,160.282,160.282,160.282,160.282
1781671260000,160.283,160.283,160.282,160.282
1781671320000,160.28,160.28,160.279,160.279
1781671380000,160.278,160.278,160.269,160.269
1781671440000,160.274,160.274,160.268,160.268
1781671500000,160.269,160.269,160.268,160.268
1781671560000,160.268,160.268,160.264,160.264
1781671620000,160.267,160.267,160.264,160.266
1781671680000,160.265,160.271,160.257,160.268
1781671740000,160.269,160.27,160.267,160.269
1781671800000,160.27,160.272,160.268,160.272
1781671860000,160.272,160.273,160.268,160.268
1781671920000,160.27,160.27,160.265,160.267
1781671980000,160.266,160.266,160.265,160.265
1781672040000,160.266,160.267,160.264,160.264
1781672100000,160.263,160.263,160.256,160.263
1781672160000,160.265,160.266,160.264,160.266
1781672220000,160.267,160.271,160.265,160.265
1781672280000,160.266,160.266,160.262,160.265
1781672340000,160.268,160.268,160.264,160.265
1781672400000,160.266,160.267,160.263,160.267
1781672460000,160.266,160.267,160.264,160.267
1781672520000,160.268,160.268,160.267,160.267
1781672580000,160.267,160.267,160.267,160.267
1781672640000,160.269,160.275,160.266,160.274
1781672700000,160.276,160.281,160.275,160.281
1781672760000,160.28,160.28,160.28,160.28
1781672820000,160.28,160.28,160.279,160.279
1781672880000,160.278,160.278,160.278,160.278
1781672940000,160.279,160.281,160.279,160.281
1781673000000,160.28,160.281,160.28,160.28
1781673060000,160.279,160.279,160.279,160.279
1781673120000,160.28,160.28,160.28,160.28
1781673180000,160.28,160.28,160.278,160.278
1781673240000,160.278,160.278,160.274,160.278
1781673300000,160.278,160.278,160.276,160.278
1781673360000,160.278,160.278,160.268,160.268
1781673420000,160.268,160.268,160.265,160.265
1781673480000,160.266,160.266,160.266,160.266
1781673540000,160.266,160.267,160.266,160.266
1781673600000,160.266,160.266,160.265,160.265
1781673660000,160.264,160.269,160.26,160.268
1781673720000,160.267,160.284,160.267,160.281
1781673780000,160.279,160.281,160.279,160.281
1781673840000,160.28,160.281,160.279,160.281
1781673900000,160.282,160.289,160.281,160.281
1781673960000,160.282,160.283,160.28,160.281
1781674020000,160.28,160.283,160.28,160.282
1781674080000,160.282,160.282,160.279,160.281
1781674140000,160.279,160.281,160.279,160.281
1781674200000,160.279,160.279,160.278,160.279
1781674260000,160.279,160.28,160.279,160.279
1781674320000,160.279,160.279,160.274,160.277
1781674380000,160.279,160.279,160.278,160.278
1781674440000,160.279,160.28,160.279,160.279
1781674500000,160.279,160.281,160.277,160.279
1781674560000,160.28,160.281,160.279,160.281
1781674620000,160.282,160.282,160.281,160.282
1781674680000,160.286,160.287,160.282,160.286
1781674740000,160.289,160.29,160.289,160.289
1781674800000,160.289,160.29,160.288,160.289
1781674860000,160.29,160.29,160.286,160.288
1781674920000,160.288,160.29,160.288,160.289
1781674980000,160.288,160.289,160.287,160.289
1781675040000,160.288,160.289,160.28,160.289
1781675100000,160.288,160.289,160.288,160.289
1781675160000,160.289,160.29,160.289,160.29
1781675220000,160.291,160.291,160.288,160.29
1781675280000,160.289,160.289,160.289,160.289
1781675340000,160.29,160.29,160.29,160.29
1781675400000,160.29,160.293,160.289,160.292
1781675460000,160.293,160.295,160.292,160.293
1781675520000,160.293,160.293,160.292,160.292
1781675580000,160.292,160.299,160.291,160.298
1781675640000,160.297,160.3,160.294,160.297
1781675700000,160.297,160.315,160.297,160.314
1781675760000,160.315,160.317,160.315,160.316
1781675820000,160.317,160.317,160.315,160.317
1781675880000,160.318,160.328,160.318,160.327
1781675940000,160.327,160.327,160.323,160.324
1781676000000,160.323,160.333,160.306,160.317
1781676060000,160.32,160.327,160.317,160.324
1781676120000,160.323,160.323,160.312,160.314
1781676180000,160.315,160.329,160.315,160.326
1781676240000,160.324,160.326,160.318,160.324
1781676300000,160.324,160.324,160.321,160.321
1781676360000,160.32,160.321,160.312,160.315
1781676420000,160.315,160.318,160.313,160.315
1781676480000,160.314,160.314,160.311,160.313
1781676540000,160.311,160.318,160.309,160.311
1781676600000,160.311,160.311,160.303,160.304
1781676660000,160.305,160.312,160.298,160.299
1781676720000,160.3,160.304,160.297,160.303
1781676780000,160.302,160.304,160.298,160.298
1781676840000,160.299,160.299,160.284,160.284
1781676900000,160.285,160.289,160.283,160.289
1781676960000,160.29,160.293,160.289,160.29
1781677020000,160.289,160.3,160.288,160.3
1781677080000,160.301,160.302,160.296,160.299
1781677140000,160.298,160.3,160.297,160.299
1781677200000,160.299,160.299,160.287,160.289
1781677260000,160.291,160.291,160.288,160.289
1781677320000,160.289,160.29,160.266,160.279
1781677380000,160.28,160.299,160.279,160.298
1781677440000,160.298,160.298,160.288,160.288
1781677500000,160.288,160.289,160.285,160.286
1781677560000,160.287,160.295,160.287,160.29
1781677620000,160.289,160.29,160.273,160.275
1781677680000,160.274,160.303,160.274,160.303
1781677740000,160.305,160.306,160.293,160.297
1781677800000,160.297,160.297,160.29,160.291
1781677860000,160.292,160.292,160.289,160.29
1781677920000,160.291,160.292,160.275,160.278
1781677980000,160.278,160.28,160.274,160.278
1781678040000,160.278,160.28,160.273,160.275
1781678100000,160.276,160.286,160.273,160.278
1781678160000,160.279,160.288,160.276,160.276
1781678220000,160.275,160.278,160.274,160.276
1781678280000,160.276,160.278,160.274,160.274
1781678340000,160.275,160.275,160.273,160.273
1781678400000,160.275,160.278,160.272,160.276
1781678460000,160.277,160.29,160.277,160.289
1781678520000,160.287,160.288,160.28,160.288
1781678580000,160.287,160.288,160.28,160.281
1781678640000,160.28,160.281,160.267,160.272
1781678700000,160.271,160.279,160.268,160.278
1781678760000,160.277,160.278,160.267,160.267
1781678820000,160.268,160.27,160.267,160.269
1781678880000,160.266,160.266,160.256,160.26
1781678940000,160.259,160.259,160.256,160.258
1781679000000,160.258,160.264,160.253,160.263
1781679060000,160.264,160.265,160.263,160.264
1781679120000,160.263,160.264,160.256,160.261
1781679180000,160.26,160.26,160.254,160.254
1781679240000,160.256,160.264,160.256,160.264
1781679300000,160.263,160.265,160.258,160.263
1781679360000,160.263,160.264,160.254,160.254
1781679420000,160.254,160.254,160.252,160.253
1781679480000,160.253,160.253,160.247,160.251
1781679540000,160.252,160.255,160.252,160.253
1781679600000,160.252,160.256,160.251,160.253
1781679660000,160.253,160.253,160.25,160.252
1781679720000,160.252,160.254,160.25,160.254
1781679780000,160.257,160.264,160.256,160.259
1781679840000,160.258,160.267,160.258,160.267
1781679900000,160.269,160.278,160.259,160.263
1781679960000,160.264,160.264,160.262,160.263
1781680020000,160.263,160.266,160.261,160.264
1781680080000,160.263,160.263,160.252,160.261
1781680140000,160.262,160.264,160.252,160.257
1781680200000,160.258,160.26,160.255,160.26
1781680260000,160.259,160.26,160.251,160.252
1781680320000,160.251,160.255,160.251,160.255
1781680380000,160.254,160.275,160.251,160.274
1781680440000,160.274,160.275,160.265,160.265
1781680500000,160.266,160.266,160.262,160.263
1781680560000,160.262,160.266,160.26,160.264
1781680620000,160.264,160.267,160.261,160.266
1781680680000,160.265,160.265,160.26,160.261
1781680740000,160.26,160.265,160.26,160.264
1781680800000,160.262,160.264,160.259,160.26
1781680860000,160.258,160.263,160.258,160.262
1781680920000,160.264,160.265,160.261,160.262
1781680980000,160.261,160.264,160.258,160.259
1781681040000,160.259,160.267,160.259,160.262
1781681100000,160.264,160.265,160.263,160.264
1781681160000,160.263,160.273,160.263,160.273
1781681220000,160.273,160.274,160.272,160.273
1781681280000,160.273,160.281,160.273,160.279
1781681340000,160.283,160.284,160.268,160.271
1781681400000,160.272,160.278,160.272,160.277
1781681460000,160.277,160.29,160.277,160.29
1781681520000,160.29,160.301,160.29,160.298
1781681580000,160.3,160.304,160.298,160.298
1781681640000,160.297,160.301,160.297,160.301
1781681700000,160.301,160.302,160.29,160.295
1781681760000,160.293,160.294,160.275,160.276
1781681820000,160.276,160.28,160.275,160.278
1781681880000,160.277,160.278,160.276,160.277
1781681940000,160.278,160.278,160.252,160.257
1781682000000,160.256,160.256,160.25,160.25
1781682060000,160.252,160.261,160.252,160.26
1781682120000,160.259,160.262,160.251,160.256
1781682180000,160.255,160.255,160.238,160.238
1781682240000,160.237,160.244,160.228,160.228
1781682300000,160.228,160.229,160.224,160.226
1781682360000,160.226,160.233,160.225,160.23
1781682420000,160.23,160.237,160.228,160.237
1781682480000,160.239,160.243,160.238,160.239
1781682540000,160.238,160.242,160.236,160.239
1781682600000,160.239,160.243,160.237,160.238
1781682660000,160.237,160.237,160.227,160.23
1781682720000,160.231,160.231,160.229,160.23
1781682780000,160.23,160.23,160.202,160.203
1781682840000,160.203,160.212,160.203,160.205
1781682900000,160.205,160.214,160.203,160.205
1781682960000,160.206,160.212,160.203,160.211
1781683020000,160.21,160.211,160.205,160.209
1781683080000,160.208,160.21,160.181,160.187
1781683140000,160.186,160.199,160.184,160.189
1781683200000,160.188,160.188,160.172,160.174
1781683260000,160.172,160.178,160.169,160.177
1781683320000,160.178,160.181,160.173,160.177
1781683380000,160.177,160.177,160.172,160.172
1781683440000,160.172,160.172,160.157,160.162
1781683500000,160.162,160.163,160.151,160.151
1781683560000,160.151,160.151,160.122,160.122
1781683620000,160.119,160.134,160.116,160.126
1781683680000,160.125,160.136,160.124,160.135
1781683740000,160.133,160.14,160.133,160.139
1781683800000,160.139,160.174,160.137,160.173
1781683860000,160.174,160.185,160.166,160.169
1781683920000,160.169,160.185,160.165,160.184
1781683980000,160.183,160.188,160.175,160.179
1781684040000,160.178,160.178,160.164,160.174
1781684100000,160.174,160.177,160.169,160.176
1781684160000,160.178,160.224,160.178,160.22
1781684220000,160.218,160.233,160.213,160.228
1781684280000,160.228,160.243,160.226,160.243
1781684340000,160.244,160.253,160.235,160.237
1781684400000,160.238,160.246,160.237,160.237
1781684460000,160.238,160.238,160.234,160.236
1781684520000,160.236,160.239,160.234,160.234
1781684580000,160.233,160.244,160.233,160.244
1781684640000,160.243,160.249,160.241,160.247
1781684700000,160.245,160.247,160.244,160.247
1781684760000,160.248,160.252,160.237,160.237
1781684820000,160.236,160.237,160.199,160.202
1781684880000,160.201,160.21,160.197,160.209
1781684940000,160.209,160.218,160.208,160.215
1781685000000,160.216,160.229,160.216,160.228
1781685060000,160.228,160.228,160.207,160.21
1781685120000,160.209,160.213,160.203,160.21
1781685180000,160.212,160.217,160.204,160.205
1781685240000,160.204,160.207,160.199,160.2
1781685300000,160.199,160.206,160.193,160.195
1781685360000,160.195,160.205,160.182,160.182
1781685420000,160.182,160.19,160.178,160.184
1781685480000,160.185,160.185,160.166,160.167
1781685540000,160.169,160.178,160.168,160.175
1781685600000,160.173,160.176,160.166,160.166
1781685660000,160.165,160.165,160.138,160.143
1781685720000,160.144,160.147,160.139,160.145
1781685780000,160.145,160.146,160.138,160.143
1781685840000,160.145,160.151,160.14,160.144
1781685900000,160.145,160.161,160.144,160.16
1781685960000,160.16,160.16,160.142,160.152
1781686020000,160.151,160.151,160.143,160.147
1781686080000,160.148,160.154,160.147,160.153
1781686140000,160.152,160.161,160.152,160.161
1781686200000,160.16,160.16,160.158,160.16
1781686260000,160.161,160.181,160.159,160.181
1781686320000,160.181,160.211,160.179,160.21
1781686380000,160.21,160.211,160.2,160.207
1781686440000,160.206,160.207,160.196,160.199
1781686500000,160.198,160.201,160.194,160.2
1781686560000,160.2,160.209,160.199,160.203
1781686620000,160.203,160.21,160.203,160.21
1781686680000,160.211,160.212,160.208,160.208
1781686740000,160.205,160.207,160.205,160.206
1781686800000,160.205,160.212,160.205,160.212
1781686860000,160.211,160.221,160.211,160.219
1781686920000,160.219,160.22,160.219,160.219
1781686980000,160.219,160.219,160.196,160.198
1781687040000,160.196,160.196,160.179,160.18
1781687100000,160.179,160.182,160.178,160.18
1781687160000,160.181,160.183,160.178,160.182
1781687220000,160.182,160.182,160.172,160.173
1781687280000,160.173,160.181,160.173,160.18
1781687340000,160.181,160.187,160.181,160.187
1781687400000,160.188,160.204,160.187,160.2
1781687460000,160.201,160.211,160.201,160.21
1781687520000,160.212,160.212,160.197,160.198
1781687580000,160.198,160.201,160.197,160.199
1781687640000,160.199,160.201,160.199,160.2
1781687700000,160.201,160.201,160.199,160.199
1781687760000,160.2,160.2,160.194,160.195
1781687820000,160.195,160.198,160.195,160.196
1781687880000,160.195,160.198,160.195,160.198
1781687940000,160.196,160.2,160.195,160.195
1781688000000,160.193,160.197,160.189,160.194
1781688060000,160.193,160.193,160.182,160.188
1781688120000,160.189,160.19,160.185,160.19
1781688180000,160.188,160.192,160.186,160.187
1781688240000,160.188,160.191,160.176,160.176
1781688300000,160.175,160.175,160.172,160.174
1781688360000,160.174,160.18,160.173,160.174
1781688420000,160.174,160.174,160.163,160.164
1781688480000,160.165,160.182,160.165,160.18
1781688540000,160.179,160.189,160.178,160.188
1781688600000,160.189,160.189,160.179,160.188
1781688660000,160.188,160.188,160.185,160.187
1781688720000,160.188,160.199,160.188,160.199
1781688780000,160.201,160.201,160.196,160.199
1781688840000,160.199,160.201,160.198,160.198
1781688900000,160.197,160.201,160.196,160.201
1781688960000,160.2,160.2,160.198,160.199
1781689020000,160.2,160.2,160.198,160.2
1781689080000,160.199,160.202,160.198,160.202
1781689140000,160.2,160.202,160.198,160.198
1781689200000,160.197,160.202,160.196,160.201
1781689260000,160.204,160.212,160.204,160.212
1781689320000,160.212,160.222,160.209,160.219
1781689380000,160.218,160.223,160.218,160.222
1781689440000,160.22,160.221,160.216,160.221
1781689500000,160.222,160.224,160.218,160.221
1781689560000,160.218,160.222,160.218,160.222
1781689620000,160.22,160.22,160.207,160.208
1781689680000,160.207,160.207,160.194,160.196
1781689740000,160.198,160.199,160.197,160.199
1781689800000,160.2,160.201,160.199,160.2
1781689860000,160.199,160.199,160.199,160.199
1781689920000,160.199,160.201,160.199,160.199
1781689980000,160.199,160.2,160.197,160.197
1781690040000,160.198,160.2,160.198,160.198
1781690100000,160.197,160.199,160.179,160.183
1781690160000,160.182,160.187,160.18,160.183
1781690220000,160.187,160.187,160.184,160.186
1781690280000,160.186,160.186,160.181,160.181
1781690340000,160.182,160.183,160.179,160.183
1781690400000,160.184,160.195,160.184,160.187
1781690460000,160.186,160.193,160.184,160.193
1781690520000,160.193,160.195,160.189,160.192
1781690580000,160.191,160.191,160.181,160.182
1781690640000,160.181,160.186,160.181,160.184
1781690700000,160.184,160.184,160.182,160.183
1781690760000,160.185,160.187,160.185,160.186
1781690820000,160.186,160.194,160.186,160.19
1781690880000,160.188,160.199,160.188,160.194
1781690940000,160.195,160.196,160.193,160.195
1781691000000,160.194,160.201,160.194,160.198
1781691060000,160.197,160.203,160.197,160.201
1781691120000,160.201,160.201,160.194,160.2
1781691180000,160.198,160.2,160.198,160.199
1781691240000,160.2,160.201,160.194,160.196
1781691300000,160.195,160.197,160.194,160.197
1781691360000,160.198,160.201,160.194,160.201
1781691420000,160.198,160.198,160.198,160.198
1781691480000,160.201,160.208,160.199,160.207
1781691540000,160.207,160.219,160.207,160.218
1781691600000,160.219,160.222,160.217,160.218
1781691660000,160.218,160.222,160.215,160.216
1781691720000,160.216,160.22,160.212,160.217
1781691780000,160.216,160.217,160.204,160.207
1781691840000,160.207,160.209,160.185,160.194
1781691900000,160.195,160.212,160.195,160.211
1781691960000,160.211,160.211,160.205,160.208
1781692020000,160.209,160.211,160.208,160.209
1781692080000,160.209,160.212,160.209,160.211
1781692140000,160.211,160.223,160.211,160.221
1781692200000,160.221,160.221,160.213,160.217
1781692260000,160.217,160.217,160.209,160.209
1781692320000,160.209,160.209,160.205,160.206
1781692380000,160.207,160.221,160.207,160.22
1781692440000,160.222,160.227,160.222,160.223
1781692500000,160.221,160.221,160.217,160.218
1781692560000,160.218,160.219,160.213,160.213
1781692620000,160.214,160.219,160.212,160.215
1781692680000,160.217,160.221,160.216,160.219
1781692740000,160.219,160.22,160.216,160.216
1781692800000,160.217,160.221,160.215,160.22
1781692860000,160.221,160.224,160.218,160.224
1781692920000,160.223,160.225,160.222,160.224
1781692980000,160.226,160.227,160.224,160.224
1781693040000,160.225,160.225,160.218,160.219
1781693100000,160.22,160.22,160.207,160.209
1781693160000,160.209,160.219,160.209,160.216
1781693220000,160.217,160.222,160.217,160.22
1781693280000,160.219,160.22,160.219,160.219
1781693340000,160.219,160.221,160.218,160.219
1781693400000,160.221,160.221,160.213,160.213
1781693460000,160.213,160.217,160.208,160.215
1781693520000,160.216,160.223,160.216,160.222
1781693580000,160.225,160.23,160.222,160.229
1781693640000,160.228,160.239,160.222,160.234
1781693700000,160.234,160.236,160.231,160.231
1781693760000,160.232,160.235,160.231,160.233
1781693820000,160.232,160.239,160.232,160.238
1781693880000,160.237,160.242,160.236,160.241
1781693940000,160.24,160.242,160.236,160.236
1781694000000,160.236,160.241,160.233,160.233
1781694060000,160.232,160.233,160.229,160.229
1781694120000,160.231,160.243,160.231,160.241
1781694180000,160.243,160.247,160.242,160.243
1781694240000,160.242,160.244,160.239,160.241
1781694300000,160.241,160.256,160.24,160.25
1781694360000,160.249,160.253,160.244,160.245
1781694420000,160.246,160.248,160.246,160.246
1781694480000,160.246,160.252,160.246,160.25
1781694540000,160.25,160.256,160.25,160.256
1781694600000,160.256,160.261,160.255,160.261
1781694660000,160.262,160.283,160.262,160.282
1781694720000,160.283,160.286,160.28,160.28
1781694780000,160.281,160.281,160.273,160.28
1781694840000,160.279,160.284,160.277,160.281
1781694900000,160.282,160.282,160.267,160.27
1781694960000,160.27,160.27,160.264,160.266
1781695020000,160.267,160.28,160.266,160.28
1781695080000,160.279,160.279,160.275,160.278
1781695140000,160.278,160.281,160.277,160.28
1781695200000,160.28,160.281,160.277,160.278
1781695260000,160.276,160.277,160.27,160.27
1781695320000,160.269,160.277,160.267,160.271
1781695380000,160.27,160.273,160.27,160.273
1781695440000,160.278,160.279,160.274,160.275
1781695500000,160.275,160.277,160.267,160.267
1781695560000,160.267,160.268,160.266,160.267
1781695620000,160.267,160.273,160.266,160.272
1781695680000,160.272,160.273,160.269,160.273
1781695740000,160.276,160.281,160.275,160.275
1781695800000,160.275,160.28,160.275,160.278
1781695860000,160.277,160.287,160.277,160.283
1781695920000,160.284,160.298,160.284,160.293
1781695980000,160.292,160.295,160.291,160.294
1781696040000,160.294,160.296,160.292,160.296
1781696100000,160.295,160.295,160.291,160.292
1781696160000,160.292,160.295,160.29,160.293
1781696220000,160.292,160.296,160.29,160.29
1781696280000,160.292,160.293,160.291,160.291
1781696340000,160.292,160.296,160.29,160.292
1781696400000,160.292,160.309,160.291,160.309
1781696460000,160.307,160.333,160.305,160.33
1781696520000,160.332,160.332,160.316,160.327
1781696580000,160.328,160.329,160.318,160.318
1781696640000,160.318,160.32,160.317,160.318
1781696700000,160.318,160.318,160.304,160.304
1781696760000,160.304,160.305,160.291,160.3
1781696820000,160.299,160.299,160.297,160.297
1781696880000,160.297,160.31,160.297,160.306
1781696940000,160.305,160.306,160.303,160.303
1781697000000,160.305,160.309,160.305,160.309
1781697060000,160.308,160.31,160.308,160.31
1781697120000,160.309,160.309,160.303,160.304
1781697180000,160.305,160.305,160.296,160.296
1781697240000,160.297,160.297,160.293,160.295
1781697300000,160.294,160.317,160.293,160.317
1781697360000,160.318,160.329,160.314,160.325
1781697420000,160.328,160.333,160.319,160.322
1781697480000,160.321,160.326,160.314,160.316
1781697540000,160.316,160.318,160.31,160.31
1781697600000,160.308,160.317,160.299,160.3
1781697660000,160.301,160.309,160.301,160.307
1781697720000,160.307,160.31,160.304,160.304
1781697780000,160.305,160.307,160.301,160.303
1781697840000,160.304,160.307,160.304,160.306
1781697900000,160.308,160.317,160.306,160.313
1781697960000,160.314,160.321,160.314,160.314
1781698020000,160.314,160.317,160.313,160.315
1781698080000,160.319,160.324,160.315,160.315
1781698140000,160.316,160.318,160.306,160.306
1781698200000,160.308,160.309,160.305,160.307
1781698260000,160.308,160.318,160.308,160.309
1781698320000,160.308,160.316,160.307,160.307
1781698380000,160.305,160.318,160.304,160.318
1781698440000,160.317,160.32,160.314,160.315
1781698500000,160.315,160.315,160.309,160.314
1781698560000,160.317,160.317,160.308,160.314
1781698620000,160.311,160.312,160.305,160.309
1781698680000,160.309,160.309,160.304,160.304
1781698740000,160.303,160.305,160.294,160.296
1781698800000,160.295,160.3,160.291,160.291
1781698860000,160.293,160.302,160.293,160.296
1781698920000,160.296,160.296,160.291,160.291
1781698980000,160.293,160.293,160.278,160.279
1781699040000,160.28,160.28,160.266,160.27
1781699100000,160.267,160.279,160.266,160.277
1781699160000,160.278,160.278,160.276,160.276
1781699220000,160.277,160.283,160.276,160.283
1781699280000,160.282,160.284,160.281,160.283
1781699340000,160.281,160.298,160.281,160.292
1781699400000,160.296,160.315,160.288,160.305
1781699460000,160.303,160.305,160.29,160.293
1781699520000,160.294,160.294,160.293,160.293
1781699580000,160.294,160.297,160.29,160.291
1781699640000,160.29,160.292,160.287,160.29
1781699700000,160.29,160.293,160.289,160.292
1781699760000,160.291,160.291,160.279,160.279
1781699820000,160.282,160.282,160.277,160.278
1781699880000,160.279,160.279,160.269,160.278
1781699940000,160.276,160.278,160.268,160.273
1781700000000,160.276,160.279,160.272,160.277
1781700060000,160.278,160.28,160.256,160.256
1781700120000,160.262,160.277,160.259,160.272
1781700180000,160.275,160.279,160.275,160.277
1781700240000,160.276,160.276,160.273,160.274
1781700300000,160.274,160.275,160.27,160.273
1781700360000,160.269,160.273,160.266,160.268
1781700420000,160.268,160.272,160.266,160.267
1781700480000,160.271,160.274,160.268,160.268
1781700540000,160.267,160.267,160.258,160.261
1781700600000,160.26,160.26,160.256,160.256
1781700660000,160.256,160.257,160.245,160.245
1781700720000,160.245,160.248,160.242,160.242
1781700780000,160.242,160.244,160.238,160.241
1781700840000,160.24,160.24,160.233,160.235
1781700900000,160.236,160.242,160.23,160.242
1781700960000,160.243,160.248,160.24,160.248
1781701020000,160.247,160.256,160.246,160.254
1781701080000,160.254,160.256,160.247,160.248
1781701140000,160.248,160.248,160.245,160.245
1781701200000,160.244,160.25,160.24,160.249
1781701260000,160.249,160.25,160.246,160.248
1781701320000,160.247,160.258,160.246,160.249
1781701380000,160.249,160.253,160.243,160.247
1781701440000,160.245,160.257,160.243,160.254
1781701500000,160.255,160.255,160.245,160.245
1781701560000,160.247,160.254,160.247,160.25
1781701620000,160.251,160.253,160.247,160.252
1781701680000,160.251,160.262,160.249,160.259
1781701740000,160.259,160.262,160.254,160.262
1781701800000,160.262,160.264,160.261,160.262
1781701860000,160.262,160.273,160.262,160.269
1781701920000,160.275,160.276,160.269,160.272
1781701980000,160.272,160.272,160.262,160.262
1781702040000,160.262,160.264,160.26,160.26
1781702100000,160.261,160.264,160.26,160.264
1781702160000,160.266,160.271,160.261,160.271
1781702220000,160.27,160.272,160.27,160.271
1781702280000,160.268,160.271,160.26,160.265
1781702340000,160.265,160.265,160.256,160.257
1781702400000,160.258,160.265,160.257,160.262
1781702460000,160.262,160.262,160.256,160.261
1781702520000,160.258,160.26,160.257,160.258
1781702580000,160.257,160.264,160.257,160.261
1781702640000,160.263,160.27,160.26,160.27
1781702700000,160.269,160.271,160.267,160.269
1781702760000,160.268,160.28,160.268,160.279
1781702820000,160.279,160.286,160.279,160.285
1781702880000,160.288,160.297,160.286,160.297
1781702940000,160.297,160.299,160.292,160.295
1781703000000,160.295,160.297,160.285,160.29
1781703060000,160.291,160.298,160.289,160.291
1781703120000,160.291,160.294,160.289,160.291
1781703180000,160.291,160.291,160.283,160.287
1781703240000,160.287,160.295,160.286,160.291
1781703300000,160.291,160.298,160.284,160.284
1781703360000,160.282,160.282,160.269,160.272
1781703420000,160.273,160.275,160.257,160.265
1781703480000,160.271,160.275,160.267,160.274
1781703540000,160.274,160.285,160.273,160.283
1781703600000,160.284,160.285,160.28,160.283
1781703660000,160.284,160.284,160.274,160.28
1781703720000,160.283,160.293,160.283,160.292
1781703780000,160.291,160.291,160.276,160.276
1781703840000,160.277,160.284,160.277,160.281
1781703900000,160.283,160.287,160.283,160.287
1781703960000,160.287,160.287,160.273,160.277
1781704020000,160.276,160.281,160.274,160.274
1781704080000,160.273,160.273,160.247,160.247
1781704140000,160.247,160.25,160.244,160.244
1781704200000,160.244,160.25,160.224,160.224
1781704260000,160.224,160.238,160.219,160.223
1781704320000,160.221,160.222,160.203,160.222
1781704380000,160.224,160.235,160.223,160.225
1781704440000,160.227,160.23,160.222,160.224
1781704500000,160.222,160.224,160.186,160.186
1781704560000,160.186,160.209,160.186,160.209
1781704620000,160.21,160.211,160.195,160.198
1781704680000,160.198,160.198,160.196,160.198
1781704740000,160.197,160.197,160.192,160.195
1781704800000,160.195,160.209,160.195,160.208
1781704860000,160.21,160.226,160.209,160.224
1781704920000,160.225,160.247,160.223,160.238
1781704980000,160.237,160.237,160.222,160.222
1781705040000,160.223,160.231,160.22,160.225
1781705100000,160.228,160.23,160.213,160.214
1781705160000,160.214,160.224,160.213,160.221
1781705220000,160.222,160.224,160.212,160.218
1781705280000,160.217,160.223,160.216,160.221
1781705340000,160.22,160.237,160.218,160.236
1781705400000,160.236,160.236,160.23,160.234
1781705460000,160.236,160.247,160.236,160.239
1781705520000,160.24,160.24,160.234,160.236
1781705580000,160.235,160.244,160.235,160.242
1781705640000,160.241,160.243,160.238,160.241
1781705700000,160.241,160.256,160.239,160.256
1781705760000,160.258,160.261,160.244,160.246
1781705820000,160.247,160.25,160.244,160.249
1781705880000,160.25,160.259,160.247,160.25
1781705940000,160.25,160.258,160.25,160.256
1781706000000,160.255,160.258,160.251,160.258
1781706060000,160.257,160.274,160.257,160.273
1781706120000,160.273,160.275,160.271,160.274
1781706180000,160.274,160.275,160.271,160.272
1781706240000,160.271,160.272,160.257,160.262
1781706300000,160.26,160.26,160.255,160.258
1781706360000,160.257,160.26,160.254,160.256
1781706420000,160.257,160.265,160.245,160.245
1781706480000,160.244,160.246,160.232,160.242
1781706540000,160.244,160.248,160.243,160.248
1781706600000,160.248,160.249,160.233,160.241
1781706660000,160.243,160.247,160.238,160.247
1781706720000,160.246,160.246,160.239,160.244
1781706780000,160.244,160.244,160.242,160.243
1781706840000,160.243,160.243,160.232,160.234
1781706900000,160.235,160.246,160.234,160.244
1781706960000,160.245,160.247,160.241,160.244
1781707020000,160.245,160.255,160.241,160.241
1781707080000,160.241,160.246,160.241,160.246
1781707140000,160.244,160.244,160.232,160.233
1781707200000,160.235,160.246,160.233,160.246
1781707260000,160.245,160.248,160.244,160.247
1781707320000,160.247,160.252,160.243,160.245
1781707380000,160.244,160.244,160.237,160.242
1781707440000,160.243,160.255,160.243,160.253
1781707500000,160.252,160.257,160.252,160.257
1781707560000,160.259,160.263,160.257,160.259
1781707620000,160.258,160.348,160.258,160.319
1781707680000,160.317,160.317,160.259,160.263
1781707740000,160.264,160.286,160.262,160.282
1781707800000,160.281,160.291,160.276,160.278
1781707860000,160.279,160.287,160.274,160.287
1781707920000,160.286,160.289,160.264,160.273
1781707980000,160.275,160.3,160.275,160.298
1781708040000,160.3,160.312,160.299,160.312
1781708100000,160.311,160.316,160.31,160.311
1781708160000,160.312,160.314,160.297,160.309
1781708220000,160.309,160.321,160.295,160.305
1781708280000,160.305,160.334,160.305,160.332
1781708340000,160.332,160.333,160.314,160.319
1781708400000,160.321,160.335,160.321,160.322
1781708460000,160.323,160.331,160.316,160.32
1781708520000,160.322,160.322,160.314,160.319
1781708580000,160.319,160.319,160.284,160.3
1781708640000,160.299,160.306,160.299,160.303
1781708700000,160.302,160.31,160.296,160.31
1781708760000,160.309,160.309,160.298,160.309
1781708820000,160.31,160.311,160.295,160.295
1781708880000,160.292,160.293,160.278,160.281
1781708940000,160.282,160.299,160.281,160.299
1781709000000,160.297,160.299,160.29,160.29
1781709060000,160.289,160.293,160.286,160.29
1781709120000,160.29,160.295,160.289,160.291
1781709180000,160.292,160.292,160.284,160.286
1781709240000,160.285,160.285,160.28,160.282
1781709300000,160.283,160.289,160.273,160.281
1781709360000,160.279,160.281,160.271,160.271
1781709420000,160.272,160.28,160.272,160.273
1781709480000,160.272,160.272,160.258,160.26
1781709540000,160.261,160.265,160.256,160.262
1781709600000,160.263,160.273,160.259,160.273
1781709660000,160.272,160.277,160.272,160.274
1781709720000,160.273,160.273,160.262,160.263
1781709780000,160.262,160.268,160.258,160.258
1781709840000,160.259,160.263,160.257,160.263
1781709900000,160.262,160.262,160.246,160.248
1781709960000,160.246,160.25,160.242,160.247
1781710020000,160.245,160.245,160.234,160.234
1781710080000,160.231,160.231,160.217,160.217
1781710140000,160.215,160.23,160.213,160.229
1781710200000,160.23,160.243,160.228,160.234
1781710260000,160.234,160.24,160.218,160.219
1781710320000,160.217,160.218,160.19,160.217
1781710380000,160.217,160.218,160.209,160.212
1781710440000,160.212,160.219,160.209,160.219
1781710500000,160.22,160.22,160.219,160.219
1781710560000,160.22,160.235,160.219,160.234
1781710620000,160.232,160.238,160.232,160.235
1781710680000,160.234,160.237,160.231,160.235
1781710740000,160.234,160.239,160.232,160.238
1781710800000,160.239,160.249,160.238,160.249
1781710860000,160.248,160.261,160.247,160.247
1781710920000,160.247,160.25,160.236,160.24
1781710980000,160.239,160.249,160.239,160.249
1781711040000,160.251,160.252,160.241,160.245
1781711100000,160.245,160.245,160.23,160.233
1781711160000,160.232,160.233,160.222,160.233
1781711220000,160.234,160.234,160.229,160.229
1781711280000,160.227,160.227,160.222,160.224
1781711340000,160.223,160.225,160.222,160.223
1781711400000,160.222,160.224,160.202,160.212
1781711460000,160.212,160.221,160.21,160.219
1781711520000,160.218,160.222,160.217,160.22
1781711580000,160.22,160.231,160.218,160.229
1781711640000,160.23,160.235,160.23,160.234
1781711700000,160.237,160.237,160.223,160.223
1781711760000,160.224,160.228,160.222,160.224
1781711820000,160.23,160.23,160.223,160.224
1781711880000,160.224,160.224,160.218,160.219
1781711940000,160.22,160.224,160.22,160.22
1781712000000,160.219,160.219,160.2,160.205
1781712060000,160.206,160.217,160.206,160.213
1781712120000,160.212,160.213,160.207,160.213
1781712180000,160.212,160.222,160.212,160.221
1781712240000,160.222,160.224,160.22,160.221
1781712300000,160.22,160.222,160.209,160.215
1781712360000,160.215,160.215,160.201,160.201
1781712420000,160.201,160.208,160.2,160.208
1781712480000,160.208,160.213,160.208,160.21
1781712540000,160.211,160.212,160.209,160.21
1781712600000,160.212,160.213,160.21,160.212
1781712660000,160.211,160.214,160.211,160.212
1781712720000,160.213,160.215,160.213,160.215
1781712780000,160.214,160.226,160.214,160.226
1781712840000,160.227,160.234,160.227,160.23
1781712900000,160.229,160.231,160.221,160.223
1781712960000,160.222,160.226,160.216,160.221
1781713020000,160.221,160.226,160.22,160.226
1781713080000,160.225,160.225,160.22,160.222
1781713140000,160.221,160.224,160.221,160.223
1781713200000,160.222,160.223,160.22,160.222
1781713260000,160.223,160.224,160.222,160.222
1781713320000,160.221,160.223,160.221,160.223
1781713380000,160.222,160.222,160.212,160.212
1781713440000,160.212,160.212,160.208,160.209
1781713500000,160.208,160.213,160.208,160.211
1781713560000,160.208,160.208,160.198,160.204
1781713620000,160.204,160.216,160.204,160.212
1781713680000,160.212,160.212,160.206,160.207
1781713740000,160.205,160.208,160.203,160.203
1781713800000,160.204,160.21,160.204,160.21
1781713860000,160.209,160.216,160.207,160.213
1781713920000,160.213,160.217,160.208,160.21
1781713980000,160.212,160.216,160.21,160.216
1781714040000,160.215,160.215,160.209,160.21
1781714100000,160.208,160.211,160.207,160.21
1781714160000,160.209,160.214,160.209,160.213
1781714220000,160.215,160.215,160.211,160.212
1781714280000,160.211,160.211,160.208,160.208
1781714340000,160.208,160.21,160.206,160.21
1781714400000,160.211,160.211,160.201,160.206
1781714460000,160.21,160.212,160.209,160.212
1781714520000,160.212,160.218,160.212,160.215
1781714580000,160.212,160.213,160.21,160.21
1781714640000,160.209,160.209,160.209,160.209
1781714700000,160.208,160.21,160.208,160.21
1781714760000,160.209,160.213,160.209,160.212
1781714820000,160.21,160.211,160.209,160.209
1781714880000,160.21,160.211,160.209,160.209
1781714940000,160.208,160.21,160.208,160.21
1781715000000,160.21,160.212,160.21,160.21
1781715060000,160.211,160.211,160.206,160.209
1781715120000,160.207,160.21,160.207,160.21
1781715180000,160.21,160.212,160.21,160.212
1781715240000,160.212,160.213,160.211,160.211
1781715300000,160.211,160.211,160.197,160.2
1781715360000,160.203,160.207,160.2,160.2
1781715420000,160.203,160.208,160.203,160.207
1781715480000,160.207,160.209,160.207,160.209
1781715540000,160.208,160.208,160.198,160.198
1781715600000,160.202,160.21,160.197,160.208
1781715660000,160.209,160.211,160.208,160.211
1781715720000,160.21,160.21,160.209,160.209
1781715780000,160.207,160.208,160.204,160.207
1781715840000,160.207,160.208,160.206,160.207
1781715900000,160.208,160.21,160.208,160.21
1781715960000,160.209,160.21,160.208,160.21
1781716020000,160.209,160.21,160.209,160.209
1781716080000,160.208,160.237,160.205,160.208
1781716140000,160.207,160.21,160.206,160.207
1781716200000,160.206,160.208,160.197,160.207
1781716260000,160.207,160.21,160.205,160.206
1781716320000,160.207,160.209,160.205,160.208
1781716380000,160.208,160.21,160.204,160.204
1781716440000,160.205,160.206,160.201,160.205
1781716500000,160.204,160.207,160.204,160.205
1781716560000,160.207,160.211,160.204,160.207
1781716620000,160.208,160.208,160.205,160.206
1781716680000,160.207,160.218,160.207,160.211
1781716740000,160.212,160.221,160.21,160.221
1781716800000,160.221,160.225,160.221,160.224
1781716860000,160.223,160.223,160.21,160.21
1781716920000,160.212,160.212,160.208,160.209
1781716980000,160.21,160.211,160.208,160.208
1781717040000,160.207,160.208,160.2,160.2
1781717100000,160.204,160.205,160.202,160.204
1781717160000,160.203,160.204,160.199,160.199
1781717220000,160.2,160.201,160.2,160.2
1781717280000,160.201,160.202,160.199,160.199
1781717340000,160.199,160.199,160.199,160.199
1781717400000,160.2,160.202,160.2,160.202
1781717460000,160.2,160.204,160.195,160.201
1781717520000,160.201,160.206,160.2,160.203
1781717580000,160.202,160.202,160.196,160.196
1781717640000,160.197,160.204,160.196,160.202
1781717700000,160.202,160.213,160.202,160.211
1781717760000,160.212,160.214,160.211,160.212
1781717820000,160.211,160.214,160.21,160.214
1781717880000,160.213,160.214,160.209,160.209
1781717940000,160.21,160.211,160.208,160.21
1781718000000,160.214,160.214,160.207,160.207
1781718060000,160.209,160.213,160.209,160.213
1781718120000,160.213,160.219,160.212,160.213
1781718180000,160.212,160.214,160.21,160.213
1781718240000,160.212,160.212,160.212,160.212
1781718300000,160.213,160.213,160.202,160.209
1781718360000,160.209,160.21,160.201,160.201
1781718420000,160.202,160.209,160.201,160.209
1781718480000,160.209,160.209,160.208,160.208
1781718540000,160.207,160.209,160.199,160.209
1781718600000,160.209,160.209,160.208,160.208
1781718660000,160.207,160.207,160.199,160.203
1781718720000,160.202,160.202,160.197,160.199
1781718780000,160.199,160.211,160.199,160.202
1781718840000,160.2,160.208,160.198,160.207
1781718900000,160.207,160.221,160.204,160.22
1781718960000,160.221,160.223,160.21,160.21
1781719020000,160.209,160.212,160.209,160.212
1781719080000,160.211,160.214,160.204,160.204
1781719140000,160.203,160.204,160.192,160.193
1781719200000,160.193,160.416,160.188,160.4
1781719260000,160.401,160.412,160.357,160.371
1781719320000,160.37,160.401,160.362,160.401
1781719380000,160.403,160.422,160.373,160.387
1781719440000,160.385,160.434,160.384,160.425
1781719500000,160.424,160.444,160.423,160.435
1781719560000,160.436,160.44,160.423,160.43
1781719620000,160.429,160.439,160.417,160.436
1781719680000,160.436,160.464,160.434,160.457
1781719740000,160.458,160.472,160.449,160.464
1781719800000,160.466,160.472,160.456,160.468
1781719860000,160.466,160.474,160.459,160.465
1781719920000,160.467,160.474,160.441,160.441
1781719980000,160.442,160.464,160.442,160.459
1781720040000,160.458,160.472,160.448,160.45
1781720100000,160.451,160.456,160.432,160.444
1781720160000,160.443,160.461,160.422,160.426
1781720220000,160.43,160.44,160.425,160.439
1781720280000,160.439,160.452,160.431,160.442
1781720340000,160.442,160.443,160.421,160.434
1781720400000,160.434,160.44,160.424,160.435
1781720460000,160.434,160.436,160.408,160.408
1781720520000,160.408,160.424,160.398,160.422
1781720580000,160.422,160.422,160.408,160.416
1781720640000,160.416,160.427,160.408,160.422
1781720700000,160.425,160.463,160.424,160.462
1781720760000,160.464,160.464,160.451,160.461
1781720820000,160.462,160.473,160.461,160.465
1781720880000,160.464,160.467,160.462,160.462
1781720940000,160.462,160.469,160.461,160.462
1781721000000,160.46,160.478,160.454,160.477
1781721060000,160.477,160.478,160.404,160.411
1781721120000,160.408,160.475,160.334,160.413
1781721180000,160.413,160.486,160.408,160.477
1781721240000,160.478,160.49,160.46,160.486
1781721300000,160.486,160.505,160.46,160.462
1781721360000,160.462,160.486,160.452,160.455
1781721420000,160.454,160.464,160.425,160.449
1781721480000,160.45,160.451,160.413,160.419
1781721540000,160.419,160.426,160.362,160.401
1781721600000,160.4,160.418,160.388,160.418
1781721660000,160.418,160.444,160.394,160.416
1781721720000,160.416,160.447,160.409,160.417
1781721780000,160.416,160.431,160.377,160.382
1781721840000,160.383,160.388,160.331,160.349
1781721900000,160.349,160.373,160.34,160.37
1781721960000,160.371,160.395,160.345,160.395
1781722020000,160.395,160.407,160.345,160.351
1781722080000,160.351,160.399,160.351,160.383
1781722140000,160.383,160.386,160.359,160.373
1781722200000,160.373,160.386,160.372,160.376
1781722260000,160.374,160.383,160.361,160.375
1781722320000,160.373,160.399,160.335,160.372
1781722380000,160.373,160.398,160.371,160.396
1781722440000,160.395,160.406,160.377,160.405
1781722500000,160.407,160.446,160.403,160.442
1781722560000,160.444,160.453,160.439,160.448
1781722620000,160.451,160.47,160.445,160.468
1781722680000,160.468,160.494,160.462,160.493
1781722740000,160.491,160.497,160.486,160.491
1781722800000,160.492,160.495,160.467,160.471
1781722860000,160.472,160.5,160.468,160.497
1781722920000,160.497,160.53,160.479,160.528
1781722980000,160.527,160.536,160.511,160.518
1781723040000,160.521,160.547,160.517,160.546
1781723100000,160.545,160.551,160.527,160.528
1781723160000,160.529,160.548,160.511,160.548
1781723220000,160.546,160.551,160.536,160.548
1781723280000,160.554,160.564,160.539,160.562
1781723340000,160.561,160.585,160.557,160.583
1781723400000,160.583,160.597,160.579,160.589
1781723460000,160.59,160.596,160.585,160.593
1781723520000,160.591,160.598,160.584,160.594
1781723580000,160.593,160.598,160.518,160.543
1781723640000,160.541,160.56,160.536,160.55
1781723700000,160.55,160.583,160.548,160.565
1781723760000,160.566,160.573,160.555,160.569
1781723820000,160.571,160.615,160.567,160.61
1781723880000,160.61,160.637,160.606,160.63
1781723940000,160.631,160.634,160.605,160.626
1781724000000,160.628,160.645,160.619,160.637
1781724060000,160.64,160.644,160.624,160.626
1781724120000,160.624,160.641,160.612,160.64
1781724180000,160.639,160.65,160.637,160.648
1781724240000,160.647,160.683,160.647,160.676
1781724300000,160.677,160.679,160.663,160.666
1781724360000,160.668,160.67,160.65,160.661
1781724420000,160.66,160.672,160.647,160.666
1781724480000,160.668,160.68,160.662,160.674
1781724540000,160.674,160.694,160.671,160.692
1781724600000,160.69,160.729,160.685,160.703
1781724660000,160.705,160.717,160.693,160.717
1781724720000,160.717,160.757,160.717,160.756
1781724780000,160.757,160.758,160.74,160.748
1781724840000,160.749,160.767,160.747,160.767
1781724900000,160.766,160.786,160.763,160.774
1781724960000,160.774,160.782,160.76,160.767
1781725020000,160.768,160.778,160.757,160.773
1781725080000,160.774,160.791,160.77,160.785
1781725140000,160.786,160.792,160.777,160.783
1781725200000,160.784,160.795,160.779,160.785
1781725260000,160.786,160.786,160.735,160.746
1781725320000,160.746,160.774,160.746,160.77
1781725380000,160.769,160.775,160.745,160.746
1781725440000,160.746,160.749,160.731,160.732
1781725500000,160.733,160.744,160.726,160.739
1781725560000,160.738,160.749,160.729,160.749
1781725620000,160.75,160.754,160.742,160.743
1781725680000,160.745,160.753,160.743,160.745
1781725740000,160.746,160.77,160.734,160.759
1781725800000,160.761,160.772,160.733,160.759
1781725860000,160.759,160.76,160.744,160.744
1781725920000,160.744,160.764,160.744,160.757
1781725980000,160.757,160.771,160.753,160.763
1781726040000,160.762,160.766,160.744,160.744
1781726100000,160.745,160.748,160.718,160.723
1781726160000,160.724,160.727,160.689,160.691
1781726220000,160.688,160.705,160.673,160.697
1781726280000,160.696,160.725,160.691,160.725
1781726340000,160.725,160.733,160.719,160.73
1781726400000,160.729,160.735,160.72,160.73
1781726460000,160.731,160.737,160.729,160.736
1781726520000,160.736,160.745,160.711,160.725
1781726580000,160.725,160.733,160.724,160.731
1781726640000,160.73,160.75,160.727,160.747
1781726700000,160.747,160.749,160.735,160.747
1781726760000,160.747,160.749,160.741,160.748
1781726820000,160.746,160.751,160.736,160.75
1781726880000,160.75,160.756,160.748,160.75
1781726940000,160.749,160.75,160.728,160.729
1781727000000,160.725,160.725,160.7,160.714
1781727060000,160.716,160.737,160.716,160.737
1781727120000,160.738,160.747,160.735,160.735
1781727180000,160.736,160.737,160.734,160.734
1781727240000,160.731,160.738,160.725,160.738
1781727300000,160.739,160.748,160.739,160.747
1781727360000,160.746,160.749,160.732,160.734
1781727420000,160.734,160.737,160.733,160.737
1781727480000,160.735,160.735,160.693,160.708
1781727540000,160.709,160.712,160.706,160.706
1781727600000,160.706,160.711,160.698,160.708
1781727660000,160.707,160.711,160.706,160.71
1781727720000,160.711,160.712,160.699,160.704
1781727780000,160.704,160.71,160.697,160.71
1781727840000,160.711,160.721,160.708,160.708
1781727900000,160.709,160.719,160.708,160.711
1781727960000,160.714,160.72,160.707,160.709
1781728020000,160.709,160.71,160.681,160.684
1781728080000,160.684,160.686,160.682,160.685
1781728140000,160.685,160.694,160.677,160.682
1781728200000,160.681,160.691,160.681,160.691
1781728260000,160.69,160.695,160.684,160.685
1781728320000,160.686,160.69,160.671,160.671
1781728380000,160.673,160.685,160.671,160.685
1781728440000,160.686,160.686,160.676,160.683
1781728500000,160.683,160.694,160.682,160.694
1781728560000,160.698,160.705,160.695,160.695
1781728620000,160.689,160.689,160.677,160.68
1781728680000,160.681,160.683,160.669,160.669
1781728740000,160.669,160.676,160.659,160.669
1781728800000,160.668,160.68,160.667,160.679
1781728860000,160.678,160.682,160.668,160.669
1781728920000,160.674,160.696,160.672,160.693
1781728980000,160.695,160.695,160.678,160.683
1781729040000,160.682,160.685,160.679,160.685
1781729100000,160.684,160.694,160.674,160.675
1781729160000,160.674,160.677,160.671,160.673
1781729220000,160.673,160.674,160.666,160.67
1781729280000,160.671,160.682,160.67,160.681
1781729340000,160.68,160.69,160.677,160.69
1781729400000,160.688,160.688,160.661,160.667
1781729460000,160.668,160.682,160.665,160.677
1781729520000,160.677,160.677,160.666,160.67
1781729580000,160.67,160.676,160.67,160.675
1781729640000,160.674,160.68,160.67,160.67
1781729700000,160.666,160.678,160.662,160.668
1781729760000,160.668,160.669,160.652,160.667
1781729820000,160.668,160.668,160.65,160.656
1781729880000,160.655,160.66,160.638,160.652
1781729940000,160.652,160.673,160.635,160.635
1781730000000,160.632,160.636,160.613,160.613
1781730060000,160.62,160.62,160.62,160.62
1781730120000,160.62,160.62,160.62,160.62
1781730180000,160.622,160.622,160.622,160.622
1781730240000,160.622,160.622,160.622,160.622
1781730300000,160.616,160.62,160.616,160.62
1781730360000,160.62,160.62,160.62,160.62
1781730420000,160.62,160.62,160.62,160.62
1781730480000,160.62,160.62,160.62,160.62
1781730540000,160.623,160.623,160.623,160.623
1781730600000,160.624,160.624,160.622,160.622
1781730660000,160.622,160.622,160.622,160.622
1781730720000,160.619,160.619,160.619,160.619
1781730780000,160.619,160.619,160.619,160.619
1781730840000,160.619,160.619,160.617,160.617
1781730900000,160.619,160.622,160.609,160.616
1781730960000,160.614,160.62,160.613,160.62
1781731020000,160.619,160.619,160.617,160.617
1781731080000,160.617,160.619,160.617,160.619
1781731140000,160.619,160.619,160.618,160.619
1781731200000,160.62,160.62,160.62,160.62
1781731260000,160.621,160.621,160.618,160.618
1781731320000,160.619,160.62,160.614,160.62
1781731380000,160.62,160.622,160.614,160.622
1781731440000,160.622,160.622,160.619,160.619
1781731500000,160.618,160.641,160.616,160.618
1781731560000,160.617,160.617,160.609,160.617
1781731620000,160.616,160.617,160.613,160.615
1781731680000,160.615,160.615,160.601,160.612
1781731740000,160.609,160.609,160.573,160.575
1781731800000,160.576,160.588,160.574,160.579
1781731860000,160.579,160.579,160.567,160.572
1781731920000,160.573,160.573,160.573,160.573
1781731980000,160.573,160.575,160.573,160.574
1781732040000,160.573,160.573,160.573,160.573
1781732100000,160.577,160.577,160.575,160.575
1781732160000,160.574,160.579,160.574,160.578
1781732220000,160.575,160.582,160.575,160.582
1781732280000,160.582,160.582,160.571,160.571
1781732340000,160.571,160.571,160.571,160.571
1781732400000,160.571,160.572,160.571,160.572
1781732460000,160.572,160.573,160.572,160.572
1781732520000,160.572,160.572,160.572,160.572
1781732580000,160.572,160.575,160.572,160.575
1781732640000,160.573,160.573,160.573,160.573
1781732700000,160.573,160.573,160.573,160.573
1781732760000,160.573,160.573,160.573,160.573
1781732820000,160.572,160.572,160.569,160.569
1781732880000,160.569,160.57,160.568,160.57
1781732940000,160.57,160.57,160.57,160.57
1781733000000,160.57,160.573,160.494,160.5
1781733060000,160.519,160.519,160.492,160.509
1781733120000,160.51,160.564,160.51,160.516
1781733180000,160.518,160.518,160.506,160.517
1781733240000,160.518,160.522,160.517,160.522
1781733300000,160.538,160.538,160.537,160.537
1781733360000,160.537,160.537,160.521,160.521
1781733420000,160.516,160.531,160.516,160.52
1781733480000,160.52,160.555,160.514,160.541
1781733540000,160.546,160.659,160.524,160.526
1781733600000,160.524,160.613,160.524,160.613
1781733660000,160.614,160.633,160.602,160.614
1781733720000,160.614,160.645,160.614,160.626
1781733780000,160.637,160.637,160.625,160.629
1781733840000,160.63,160.631,160.616,160.623
1781733900000,160.623,160.625,160.608,160.608
1781733960000,160.609,160.623,160.599,160.601
1781734020000,160.601,160.605,160.596,160.596
1781734080000,160.598,160.61,160.597,160.61
1781734140000,160.609,160.612,160.606,160.608
1781734200000,160.609,160.611,160.606,160.606
1781734260000,160.608,160.624,160.603,160.624
1781734320000,160.623,160.623,160.614,160.614
1781734380000,160.613,160.615,160.609,160.611
1781734440000,160.611,160.618,160.611,160.616
1781734500000,160.615,160.616,160.611,160.615
1781734560000,160.615,160.629,160.613,160.629
1781734620000,160.629,160.631,160.623,160.626
1781734680000,160.624,160.626,160.622,160.624
1781734740000,160.625,160.627,160.622,160.626
1781734800000,160.626,160.627,160.622,160.622
1781734860000,160.622,160.623,160.61,160.614
1781734920000,160.615,160.636,160.615,160.636
1781734980000,160.641,160.644,160.64,160.643
1781735040000,160.644,160.644,160.642,160.642
1781735100000,160.641,160.643,160.636,160.639
1781735160000,160.64,160.642,160.639,160.642
1781735220000,160.641,160.645,160.635,160.635
1781735280000,160.636,160.636,160.614,160.616
1781735340000,160.624,160.625,160.617,160.617
1781735400000,160.614,160.63,160.614,160.625
1781735460000,160.623,160.626,160.618,160.618
1781735520000,160.618,160.628,160.616,160.628
1781735580000,160.627,160.628,160.626,160.626
1781735640000,160.626,160.626,160.614,160.614
1781735700000,160.616,160.616,160.615,160.615
1781735760000,160.617,160.619,160.616,160.616
1781735820000,160.619,160.629,160.617,160.619
1781735880000,160.618,160.619,160.614,160.614
1781735940000,160.616,160.618,160.615,160.617
1781736000000,160.618,160.618,160.616,160.617
1781736060000,160.618,160.618,160.616,160.616
1781736120000,160.617,160.617,160.615,160.615
1781736180000,160.615,160.617,160.615,160.617
1781736240000,160.617,160.62,160.617,160.618
1781736300000,160.615,160.617,160.615,160.616
1781736360000,160.616,160.616,160.608,160.609
1781736420000,160.607,160.612,160.601,160.604
1781736480000,160.603,160.615,160.603,160.612
1781736540000,160.614,160.614,160.611,160.613
1781736600000,160.613,160.613,160.603,160.603
1781736660000,160.604,160.607,160.604,160.607
1781736720000,160.608,160.616,160.607,160.616
1781736780000,160.616,160.617,160.615,160.617
1781736840000,160.616,160.616,160.6,160.601
1781736900000,160.602,160.606,160.602,160.605
1781736960000,160.607,160.607,160.607,160.607
1781737020000,160.606,160.607,160.605,160.607
1781737080000,160.607,160.607,160.605,160.606
1781737140000,160.605,160.606,160.605,160.605
1781737200000,160.607,160.607,160.602,160.606
1781737260000,160.607,160.607,160.607,160.607
1781737320000,160.606,160.607,160.606,160.607
1781737380000,160.606,160.607,160.606,160.607
1781737440000,160.607,160.607,160.607,160.607
1781737500000,160.608,160.608,160.608,160.608
1781737560000,160.607,160.607,160.605,160.605
1781737620000,160.605,160.606,160.599,160.601
1781737680000,160.601,160.601,160.587,160.591
1781737740000,160.591,160.594,160.585,160.593
1781737800000,160.594,160.594,160.588,160.59
1781737860000,160.589,160.589,160.58,160.581
1781737920000,160.58,160.581,160.579,160.581
1781737980000,160.579,160.579,160.562,160.562
1781738040000,160.563,160.564,160.539,160.54
1781738100000,160.541,160.544,160.537,160.544
1781738160000,160.544,160.558,160.544,160.558
1781738220000,160.558,160.56,160.553,160.559
1781738280000,160.563,160.569,160.558,160.559
1781738340000,160.559,160.559,160.559,160.559
1781738400000,160.557,160.557,160.556,160.556
1781738460000,160.556,160.558,160.555,160.556
1781738520000,160.554,160.554,160.544,160.545
1781738580000,160.546,160.546,160.545,160.545
1781738640000,160.547,160.559,160.547,160.559
1781738700000,160.559,160.559,160.555,160.558
1781738760000,160.558,160.558,160.551,160.553
1781738820000,160.553,160.553,160.55,160.551
1781738880000,160.551,160.585,160.551,160.584
1781738940000,160.584,160.586,160.583,160.585
1781739000000,160.586,160.594,160.583,160.593
1781739060000,160.595,160.596,160.591,160.596
1781739120000,160.595,160.595,160.584,160.592
1781739180000,160.594,160.596,160.582,160.583
1781739240000,160.584,160.585,160.573,160.583
1781739300000,160.583,160.588,160.583,160.588
1781739360000,160.585,160.585,160.582,160.583
1781739420000,160.583,160.584,160.571,160.584
1781739480000,160.586,160.587,160.585,160.585
1781739540000,160.587,160.587,160.585,160.586
1781739600000,160.585,160.599,160.585,160.598
1781739660000,160.597,160.599,160.595,160.596
1781739720000,160.596,160.596,160.586,160.586
1781739780000,160.585,160.585,160.582,160.582
1781739840000,160.582,160.583,160.567,160.57
1781739900000,160.569,160.583,160.569,160.583
1781739960000,160.584,160.585,160.584,160.584
1781740020000,160.585,160.596,160.583,160.596
1781740080000,160.596,160.599,160.594,160.598
1781740140000,160.598,160.598,160.583,160.583
1781740200000,160.584,160.589,160.584,160.587
1781740260000,160.586,160.588,160.585,160.585
1781740320000,160.585,160.587,160.584,160.587
1781740380000,160.585,160.59,160.583,160.584
1781740440000,160.585,160.586,160.583,160.585
1781740500000,160.586,160.607,160.584,160.607
1781740560000,160.607,160.622,160.607,160.61
1781740620000,160.608,160.617,160.603,160.611
1781740680000,160.612,160.622,160.612,160.619
1781740740000,160.621,160.621,160.604,160.606
1781740800000,160.604,160.606,160.553,160.556
1781740860000,160.555,160.567,160.547,160.554
1781740920000,160.556,160.558,160.543,160.545
1781740980000,160.545,160.558,160.533,160.556
1781741040000,160.557,160.574,160.556,160.569
1781741100000,160.569,160.583,160.566,160.581
1781741160000,160.581,160.581,160.551,160.565
1781741220000,160.566,160.58,160.566,160.577
1781741280000,160.575,160.588,160.575,160.586
1781741340000,160.585,160.594,160.583,160.594
1781741400000,160.592,160.616,160.592,160.616
1781741460000,160.613,160.614,160.604,160.605
1781741520000,160.607,160.607,160.593,160.595
1781741580000,160.594,160.612,160.593,160.605
1781741640000,160.604,160.614,160.602,160.605
1781741700000,160.604,160.605,160.59,160.602
1781741760000,160.6,160.6,160.59,160.6
1781741820000,160.599,160.607,160.598,160.605
1781741880000,160.606,160.608,160.605,160.605
1781741940000,160.606,160.631,160.606,160.626
1781742000000,160.625,160.644,160.625,160.644
1781742060000,160.642,160.642,160.636,160.64
1781742120000,160.64,160.644,160.633,160.639
1781742180000,160.64,160.641,160.63,160.631
1781742240000,160.631,160.632,160.629,160.632
1781742300000,160.634,160.637,160.628,160.628
1781742360000,160.627,160.634,160.617,160.632
1781742420000,160.631,160.634,160.628,160.629
1781742480000,160.629,160.633,160.627,160.633
1781742540000,160.633,160.641,160.632,160.64
1781742600000,160.641,160.643,160.633,160.638
1781742660000,160.638,160.641,160.632,160.632
1781742720000,160.632,160.632,160.626,160.63
1781742780000,160.632,160.632,160.629,160.631
1781742840000,160.636,160.64,160.633,160.64
1781742900000,160.642,160.654,160.64,160.641
1781742960000,160.642,160.642,160.64,160.642
1781743020000,160.642,160.65,160.642,160.644
1781743080000,160.643,160.656,160.642,160.653
1781743140000,160.656,160.668,160.656,160.659
1781743200000,160.659,160.664,160.656,160.664
1781743260000,160.666,160.679,160.665,160.676
1781743320000,160.676,160.682,160.674,160.677
1781743380000,160.68,160.683,160.679,160.682
1781743440000,160.683,160.685,160.671,160.671
1781743500000,160.673,160.682,160.672,160.68
1781743560000,160.684,160.684,160.676,160.679
1781743620000,160.679,160.692,160.676,160.692
1781743680000,160.692,160.702,160.692,160.702
1781743740000,160.704,160.705,160.695,160.698
1781743800000,160.694,160.717,160.693,160.708
1781743860000,160.708,160.722,160.701,160.719
1781743920000,160.718,160.723,160.701,160.701
1781743980000,160.705,160.709,160.681,160.687
1781744040000,160.688,160.748,160.686,160.732
1781744100000,160.732,160.744,160.711,160.721
1781744160000,160.721,160.721,160.704,160.708
1781744220000,160.708,160.716,160.696,160.696
1781744280000,160.696,160.697,160.685,160.69
1781744340000,160.692,160.698,160.692,160.698
1781744400000,160.696,160.696,160.682,160.682
1781744460000,160.682,160.686,160.675,160.684
1781744520000,160.684,160.686,160.674,160.684
1781744580000,160.683,160.683,160.675,160.678
1781744640000,160.677,160.687,160.672,160.687
1781744700000,160.691,160.695,160.683,160.686
1781744760000,160.689,160.689,160.672,160.68
1781744820000,160.679,160.682,160.674,160.682
1781744880000,160.681,160.681,160.674,160.679
1781744940000,160.678,160.685,160.677,160.683
1781745000000,160.684,160.685,160.682,160.682
1781745060000,160.682,160.682,160.663,160.675
1781745120000,160.676,160.679,160.675,160.677
1781745180000,160.676,160.677,160.667,160.668
1781745240000,160.673,160.678,160.673,160.674
1781745300000,160.677,160.68,160.674,160.677
1781745360000,160.675,160.681,160.675,160.677
1781745420000,160.677,160.68,160.675,160.677
1781745480000,160.677,160.679,160.663,160.666
1781745540000,160.666,160.669,160.664,160.666
1781745600000,160.667,160.671,160.654,160.655
1781745660000,160.655,160.655,160.644,160.646
1781745720000,160.647,160.654,160.647,160.652
1781745780000,160.652,160.655,160.649,160.649
1781745840000,160.65,160.655,160.65,160.653
1781745900000,160.652,160.659,160.651,160.653
1781745960000,160.652,160.652,160.644,160.647
1781746020000,160.647,160.651,160.647,160.65
1781746080000,160.651,160.653,160.645,160.647
1781746140000,160.65,160.655,160.65,160.653
1781746200000,160.65,160.651,160.644,160.65
1781746260000,160.652,160.657,160.652,160.654
1781746320000,160.654,160.656,160.654,160.655
1781746380000,160.655,160.656,160.651,160.654
1781746440000,160.654,160.666,160.653,160.666
1781746500000,160.665,160.667,160.663,160.665
1781746560000,160.664,160.667,160.663,160.665
1781746620000,160.666,160.684,160.665,160.676
1781746680000,160.678,160.678,160.662,160.664
1781746740000,160.663,160.666,160.662,160.663
1781746800000,160.663,160.664,160.661,160.663
1781746860000,160.662,160.665,160.662,160.663
1781746920000,160.664,160.664,160.654,160.656
1781746980000,160.659,160.661,160.652,160.654
1781747040000,160.655,160.655,160.638,160.638
1781747100000,160.637,160.639,160.635,160.638
1781747160000,160.636,160.638,160.636,160.638
1781747220000,160.637,160.64,160.637,160.639
1781747280000,160.637,160.652,160.636,160.651
1781747340000,160.649,160.651,160.646,160.651
1781747400000,160.651,160.652,160.639,160.649
1781747460000,160.648,160.649,160.639,160.639
1781747520000,160.638,160.642,160.635,160.635
1781747580000,160.636,160.638,160.635,160.635
1781747640000,160.635,160.636,160.623,160.625
1781747700000,160.623,160.633,160.623,160.633
1781747760000,160.633,160.635,160.633,160.634
1781747820000,160.634,160.637,160.633,160.634
1781747880000,160.633,160.637,160.633,160.635
1781747940000,160.636,160.641,160.634,160.634
1781748000000,160.636,160.637,160.633,160.635
1781748060000,160.636,160.64,160.636,160.636
1781748120000,160.635,160.65,160.633,160.637
1781748180000,160.636,160.647,160.634,160.647
1781748240000,160.647,160.647,160.642,160.644
1781748300000,160.641,160.642,160.639,160.639
1781748360000,160.641,160.645,160.639,160.64
1781748420000,160.638,160.644,160.638,160.642
1781748480000,160.646,160.651,160.644,160.651
1781748540000,160.651,160.663,160.651,160.663
1781748600000,160.663,160.663,160.657,160.657
1781748660000,160.657,160.657,160.643,160.643
1781748720000,160.645,160.65,160.638,160.639
1781748780000,160.639,160.639,160.613,160.616
1781748840000,160.618,160.629,160.618,160.624
1781748900000,160.624,160.629,160.624,160.628
1781748960000,160.628,160.639,160.626,160.637
1781749020000,160.638,160.638,160.627,160.627
1781749080000,160.627,160.635,160.624,160.633
1781749140000,160.632,160.638,160.632,160.634
1781749200000,160.633,160.635,160.633,160.635
1781749260000,160.635,160.638,160.635,160.637
1781749320000,160.635,160.635,160.629,160.634
1781749380000,160.633,160.634,160.628,160.633
1781749440000,160.632,160.632,160.629,160.63
1781749500000,160.63,160.63,160.627,160.628
1781749560000,160.629,160.629,160.623,160.626
1781749620000,160.625,160.633,160.624,160.633
1781749680000,160.632,160.632,160.623,160.625
1781749740000,160.626,160.626,160.618,160.621
1781749800000,160.622,160.627,160.621,160.624
1781749860000,160.623,160.639,160.623,160.639
1781749920000,160.643,160.643,160.641,160.642
1781749980000,160.639,160.639,160.627,160.627
1781750040000,160.626,160.63,160.617,160.622
1781750100000,160.623,160.628,160.623,160.628
1781750160000,160.627,160.628,160.622,160.624
1781750220000,160.623,160.623,160.622,160.622
1781750280000,160.624,160.624,160.62,160.623
1781750340000,160.622,160.623,160.618,160.618
1781750400000,160.615,160.615,160.608,160.61
1781750460000,160.61,160.612,160.604,160.608
1781750520000,160.608,160.609,160.601,160.602
1781750580000,160.601,160.601,160.575,160.585
1781750640000,160.584,160.584,160.576,160.577
1781750700000,160.578,160.584,160.564,160.567
1781750760000,160.567,160.578,160.567,160.577
1781750820000,160.577,160.58,160.577,160.579
1781750880000,160.579,160.591,160.578,160.587
1781750940000,160.587,160.588,160.578,160.585
1781751000000,160.585,160.586,160.578,160.578
1781751060000,160.578,160.578,160.569,160.57
1781751120000,160.568,160.568,160.563,160.564
1781751180000,160.563,160.579,160.561,160.578
1781751240000,160.579,160.587,160.578,160.583
1781751300000,160.582,160.582,160.579,160.579
1781751360000,160.579,160.579,160.575,160.579
1781751420000,160.58,160.581,160.58,160.58
1781751480000,160.581,160.581,160.578,160.578
1781751540000,160.576,160.583,160.574,160.582
1781751600000,160.579,160.581,160.578,160.579
1781751660000,160.58,160.588,160.58,160.588
1781751720000,160.587,160.594,160.586,160.593
1781751780000,160.593,160.61,160.593,160.61
1781751840000,160.61,160.61,160.602,160.607
1781751900000,160.604,160.606,160.602,160.605
1781751960000,160.605,160.605,160.594,160.597
1781752020000,160.597,160.606,160.597,160.606
1781752080000,160.606,160.606,160.603,160.605
1781752140000,160.606,160.606,160.605,160.605
1781752200000,160.605,160.605,160.603,160.605
1781752260000,160.604,160.615,160.604,160.608
1781752320000,160.607,160.607,160.605,160.605
1781752380000,160.604,160.605,160.601,160.604
1781752440000,160.604,160.604,160.594,160.594
1781752500000,160.593,160.593,160.572,160.579
1781752560000,160.578,160.581,160.575,160.576
1781752620000,160.578,160.58,160.569,160.572
1781752680000,160.574,160.58,160.57,160.576
1781752740000,160.574,160.579,160.571,160.578
1781752800000,160.579,160.58,160.574,160.574
1781752860000,160.575,160.582,160.575,160.579
1781752920000,160.578,160.583,160.578,160.582
1781752980000,160.581,160.59,160.579,160.589
1781753040000,160.588,160.59,160.585,160.585
1781753100000,160.585,160.588,160.582,160.582
1781753160000,160.582,160.582,160.578,160.579
1781753220000,160.579,160.583,160.578,160.58
1781753280000,160.579,160.58,160.569,160.579
1781753340000,160.578,160.583,160.578,160.583
1781753400000,160.582,160.587,160.58,160.584
1781753460000,160.588,160.588,160.576,160.576
1781753520000,160.576,160.585,160.574,160.585
1781753580000,160.584,160.588,160.58,160.586
1781753640000,160.586,160.589,160.586,160.588
1781753700000,160.59,160.594,160.587,160.594
1781753760000,160.594,160.601,160.592,160.598
1781753820000,160.599,160.599,160.59,160.59
1781753880000,160.589,160.589,160.585,160.585
1781753940000,160.586,160.589,160.586,160.589
1781754000000,160.588,160.588,160.587,160.587
1781754060000,160.588,160.59,160.588,160.589
1781754120000,160.589,160.589,160.588,160.588
1781754180000,160.588,160.589,160.588,160.589
1781754240000,160.588,160.589,160.588,160.588
1781754300000,160.589,160.589,160.589,160.589
1781754360000,160.587,160.589,160.587,160.589
1781754420000,160.59,160.59,160.587,160.587
1781754480000,160.589,160.589,160.585,160.586
1781754540000,160.588,160.588,160.587,160.588
1781754600000,160.589,160.59,160.588,160.588
1781754660000,160.589,160.589,160.588,160.588
1781754720000,160.591,160.591,160.588,160.589
1781754780000,160.589,160.589,160.587,160.587
1781754840000,160.588,160.588,160.588,160.588
1781754900000,160.59,160.59,160.588,160.589
1781754960000,160.588,160.588,160.579,160.579
1781755020000,160.577,160.583,160.577,160.583
1781755080000,160.582,160.587,160.582,160.582
1781755140000,160.584,160.584,160.583,160.583
1781755200000,160.582,160.584,160.58,160.58
1781755260000,160.581,160.583,160.581,160.581
1781755320000,160.58,160.58,160.575,160.577
1781755380000,160.576,160.578,160.576,160.577
1781755440000,160.578,160.581,160.576,160.579
1781755500000,160.58,160.583,160.58,160.583
1781755560000,160.582,160.589,160.581,160.589
1781755620000,160.588,160.589,160.588,160.589
1781755680000,160.588,160.588,160.582,160.584
1781755740000,160.586,160.586,160.583,160.583
1781755800000,160.582,160.584,160.579,160.583
1781755860000,160.583,160.585,160.582,160.584
1781755920000,160.585,160.59,160.584,160.588
1781755980000,160.589,160.589,160.585,160.589
1781756040000,160.589,160.593,160.585,160.593
1781756100000,160.595,160.595,160.59,160.59
1781756160000,160.59,160.592,160.589,160.59
1781756220000,160.591,160.594,160.591,160.591
1781756280000,160.593,160.603,160.592,160.603
1781756340000,160.603,160.613,160.603,160.612
1781756400000,160.611,160.612,160.608,160.609
1781756460000,160.609,160.609,160.606,160.606
1781756520000,160.603,160.606,160.603,160.605
1781756580000,160.605,160.608,160.603,160.607
1781756640000,160.606,160.617,160.606,160.617
1781756700000,160.618,160.619,160.616,160.618
1781756760000,160.619,160.621,160.613,160.614
1781756820000,160.615,160.615,160.613,160.613
1781756880000,160.614,160.614,160.614,160.614
1781756940000,160.615,160.616,160.611,160.613
1781757000000,160.614,160.614,160.613,160.613
1781757060000,160.612,160.613,160.612,160.613
1781757120000,160.613,160.613,160.613,160.613
1781757180000,160.612,160.619,160.611,160.615
1781757240000,160.615,160.618,160.611,160.613
1781757300000,160.612,160.613,160.603,160.612
1781757360000,160.609,160.609,160.608,160.608
1781757420000,160.609,160.609,160.607,160.607
1781757480000,160.606,160.606,160.602,160.602
1781757540000,160.603,160.606,160.603,160.605
1781757600000,160.606,160.607,160.603,160.603
1781757660000,160.604,160.604,160.596,160.596
1781757720000,160.595,160.603,160.593,160.598
1781757780000,160.597,160.598,160.595,160.596
1781757840000,160.598,160.598,160.586,160.588
1781757900000,160.589,160.592,160.588,160.591
1781757960000,160.591,160.593,160.59,160.591
1781758020000,160.592,160.593,160.587,160.589
1781758080000,160.59,160.594,160.59,160.592
1781758140000,160.593,160.596,160.591,160.595
1781758200000,160.594,160.604,160.594,160.6
1781758260000,160.597,160.608,160.593,160.608
1781758320000,160.607,160.607,160.595,160.603
1781758380000,160.603,160.608,160.602,160.606
1781758440000,160.606,160.608,160.603,160.603
1781758500000,160.601,160.603,160.599,160.603
1781758560000,160.605,160.608,160.596,160.596
1781758620000,160.596,160.596,160.587,160.592
1781758680000,160.591,160.595,160.591,160.595
1781758740000,160.593,160.594,160.593,160.593
1781758800000,160.592,160.599,160.592,160.594
1781758860000,160.594,160.595,160.592,160.594
1781758920000,160.593,160.594,160.588,160.588
1781758980000,160.589,160.59,160.586,160.588
1781759040000,160.587,160.593,160.586,160.593
1781759100000,160.592,160.593,160.592,160.592
1781759160000,160.596,160.598,160.591,160.591
1781759220000,160.598,160.598,160.592,160.597
1781759280000,160.597,160.598,160.592,160.595
1781759340000,160.594,160.599,160.594,160.597
1781759400000,160.598,160.598,160.597,160.597
1781759460000,160.596,160.606,160.595,160.606
1781759520000,160.604,160.608,160.603,160.605
1781759580000,160.606,160.606,160.595,160.596
1781759640000,160.596,160.597,160.595,160.595
1781759700000,160.596,160.596,160.591,160.594
1781759760000,160.594,160.597,160.593,160.593
1781759820000,160.593,160.593,160.593,160.593
1781759880000,160.593,160.593,160.582,160.582
1781759940000,160.582,160.586,160.581,160.585
1781760000000,160.584,160.59,160.584,160.589
1781760060000,160.591,160.592,160.59,160.59
1781760120000,160.591,160.595,160.591,160.595
1781760180000,160.595,160.595,160.591,160.592
1781760240000,160.593,160.597,160.591,160.595
1781760300000,160.594,160.599,160.594,160.595
1781760360000,160.596,160.601,160.593,160.594
1781760420000,160.594,160.597,160.593,160.597
1781760480000,160.597,160.603,160.596,160.603
1781760540000,160.604,160.606,160.604,160.606
1781760600000,160.605,160.611,160.603,160.608
1781760660000,160.607,160.618,160.607,160.607
1781760720000,160.607,160.607,160.604,160.607
1781760780000,160.608,160.608,160.606,160.607
1781760840000,160.607,160.607,160.601,160.603
1781760900000,160.602,160.603,160.601,160.602
1781760960000,160.601,160.602,160.601,160.602
1781761020000,160.603,160.603,160.594,160.595
1781761080000,160.595,160.598,160.588,160.589
1781761140000,160.589,160.596,160.589,160.595
1781761200000,160.594,160.596,160.594,160.595
1781761260000,160.594,160.604,160.594,160.602
1781761320000,160.603,160.604,160.6,160.601
1781761380000,160.604,160.608,160.601,160.607
1781761440000,160.607,160.607,160.603,160.605
1781761500000,160.606,160.608,160.606,160.607
1781761560000,160.608,160.608,160.606,160.607
1781761620000,160.607,160.618,160.607,160.608
1781761680000,160.612,160.622,160.612,160.619
1781761740000,160.618,160.619,160.615,160.617
1781761800000,160.618,160.62,160.613,160.62
1781761860000,160.62,160.624,160.619,160.62
1781761920000,160.621,160.625,160.618,160.622
1781761980000,160.62,160.633,160.62,160.633
1781762040000,160.633,160.634,160.633,160.634
1781762100000,160.632,160.633,160.627,160.629
1781762160000,160.63,160.635,160.63,160.63
1781762220000,160.632,160.634,160.631,160.634
1781762280000,160.634,160.644,160.634,160.644
1781762340000,160.642,160.648,160.642,160.642
1781762400000,160.642,160.643,160.614,160.633
1781762460000,160.633,160.638,160.622,160.624
1781762520000,160.624,160.63,160.623,160.623
1781762580000,160.622,160.622,160.609,160.617
1781762640000,160.616,160.617,160.598,160.598
1781762700000,160.596,160.601,160.593,160.594
1781762760000,160.593,160.617,160.591,160.614
1781762820000,160.615,160.619,160.608,160.609
1781762880000,160.613,160.621,160.609,160.621
1781762940000,160.621,160.621,160.613,160.613
1781763000000,160.614,160.614,160.597,160.604
1781763060000,160.603,160.606,160.599,160.606
1781763120000,160.606,160.61,160.6,160.606
1781763180000,160.607,160.611,160.606,160.61
1781763240000,160.611,160.611,160.602,160.609
1781763300000,160.609,160.621,160.603,160.619
1781763360000,160.62,160.634,160.618,160.632
1781763420000,160.633,160.638,160.632,160.633
1781763480000,160.632,160.641,160.628,160.638
1781763540000,160.64,160.643,160.633,160.633
1781763600000,160.634,160.635,160.626,160.627
1781763660000,160.627,160.63,160.623,160.625
1781763720000,160.623,160.629,160.62,160.621
1781763780000,160.622,160.634,160.622,160.633
1781763840000,160.634,160.635,160.628,160.634
1781763900000,160.635,160.646,160.634,160.639
1781763960000,160.638,160.645,160.634,160.645
1781764020000,160.645,160.649,160.644,160.647
1781764080000,160.646,160.646,160.636,160.644
1781764140000,160.645,160.645,160.634,160.634
1781764200000,160.634,160.636,160.633,160.635
1781764260000,160.634,160.643,160.633,160.642
1781764320000,160.642,160.65,160.642,160.649
1781764380000,160.648,160.651,160.642,160.647
1781764440000,160.649,160.649,160.647,160.648
1781764500000,160.649,160.653,160.646,160.652
1781764560000,160.654,160.674,160.654,160.674
1781764620000,160.672,160.674,160.66,160.671
1781764680000,160.669,160.674,160.667,160.668
1781764740000,160.669,160.669,160.66,160.663
1781764800000,160.663,160.672,160.662,160.671
1781764860000,160.673,160.674,160.667,160.668
1781764920000,160.667,160.668,160.66,160.661
1781764980000,160.66,160.66,160.643,160.646
1781765040000,160.646,160.646,160.63,160.632
1781765100000,160.632,160.641,160.632,160.641
1781765160000,160.64,160.644,160.633,160.635
1781765220000,160.636,160.64,160.632,160.633
1781765280000,160.634,160.635,160.629,160.632
1781765340000,160.631,160.649,160.631,160.649
1781765400000,160.647,160.648,160.637,160.644
1781765460000,160.646,160.646,160.632,160.633
1781765520000,160.634,160.668,160.634,160.664
1781765580000,160.664,160.677,160.663,160.674
1781765640000,160.675,160.677,160.672,160.674
1781765700000,160.674,160.68,160.673,160.676
1781765760000,160.676,160.677,160.67,160.672
1781765820000,160.672,160.673,160.651,160.653
1781765880000,160.655,160.657,160.645,160.645
1781765940000,160.645,160.648,160.631,160.634
1781766000000,160.634,160.634,160.616,160.618
1781766060000,160.618,160.62,160.606,160.606
1781766120000,160.608,160.62,160.606,160.612
1781766180000,160.612,160.612,160.603,160.609
1781766240000,160.612,160.622,160.612,160.618
1781766300000,160.617,160.62,160.606,160.62
1781766360000,160.619,160.621,160.607,160.607
1781766420000,160.607,160.607,160.578,160.593
1781766480000,160.593,160.614,160.593,160.606
1781766540000,160.605,160.612,160.595,160.595
1781766600000,160.598,160.615,160.598,160.61
1781766660000,160.611,160.618,160.606,160.609
1781766720000,160.609,160.615,160.604,160.604
1781766780000,160.604,160.609,160.602,160.606
1781766840000,160.607,160.609,160.599,160.602
1781766900000,160.602,160.605,160.602,160.602
1781766960000,160.603,160.612,160.603,160.608
1781767020000,160.609,160.613,160.607,160.613
1781767080000,160.612,160.612,160.603,160.606
1781767140000,160.606,160.606,160.594,160.597
1781767200000,160.599,160.604,160.599,160.604
1781767260000,160.602,160.606,160.596,160.606
1781767320000,160.605,160.607,160.604,160.606
1781767380000,160.605,160.613,160.605,160.609
1781767440000,160.61,160.613,160.609,160.613
1781767500000,160.612,160.631,160.611,160.628
1781767560000,160.629,160.631,160.622,160.622
1781767620000,160.62,160.62,160.609,160.61
1781767680000,160.611,160.616,160.609,160.61
1781767740000,160.609,160.61,160.594,160.603
1781767800000,160.602,160.618,160.602,160.617
1781767860000,160.617,160.621,160.614,160.619
1781767920000,160.62,160.641,160.619,160.64
1781767980000,160.64,160.649,160.636,160.644
1781768040000,160.642,160.646,160.639,160.643
1781768100000,160.642,160.653,160.636,160.649
1781768160000,160.647,160.652,160.645,160.649
1781768220000,160.648,160.667,160.646,160.667
1781768280000,160.668,160.681,160.668,160.67
1781768340000,160.671,160.671,160.65,160.652
1781768400000,160.652,160.658,160.65,160.654
1781768460000,160.655,160.659,160.64,160.64
1781768520000,160.641,160.646,160.631,160.631
1781768580000,160.631,160.631,160.622,160.624
1781768640000,160.62,160.62,160.604,160.604
1781768700000,160.603,160.606,160.591,160.594
1781768760000,160.59,160.591,160.583,160.585
1781768820000,160.587,160.599,160.571,160.599
1781768880000,160.597,160.605,160.593,160.599
1781768940000,160.597,160.604,160.594,160.604
1781769000000,160.604,160.605,160.589,160.589
1781769060000,160.59,160.598,160.587,160.593
1781769120000,160.592,160.596,160.581,160.595
1781769180000,160.597,160.604,160.594,160.603
1781769240000,160.603,160.616,160.603,160.607
1781769300000,160.605,160.618,160.6,160.614
1781769360000,160.613,160.623,160.613,160.614
1781769420000,160.616,160.629,160.616,160.629
1781769480000,160.629,160.631,160.612,160.612
1781769540000,160.611,160.614,160.595,160.595
1781769600000,160.595,160.614,160.591,160.607
1781769660000,160.606,160.606,160.593,160.598
1781769720000,160.597,160.604,160.595,160.598
1781769780000,160.598,160.604,160.598,160.599
1781769840000,160.599,160.604,160.595,160.602
1781769900000,160.602,160.605,160.595,160.602
1781769960000,160.604,160.618,160.6,160.614
1781770020000,160.613,160.614,160.604,160.609
1781770080000,160.61,160.614,160.609,160.612
1781770140000,160.611,160.613,160.609,160.612
1781770200000,160.611,160.615,160.61,160.612
1781770260000,160.609,160.616,160.609,160.616
1781770320000,160.614,160.614,160.6,160.603
1781770380000,160.603,160.62,160.602,160.617
1781770440000,160.616,160.618,160.613,160.616
1781770500000,160.616,160.624,160.613,160.621
1781770560000,160.621,160.627,160.621,160.624
1781770620000,160.625,160.625,160.622,160.625
1781770680000,160.628,160.633,160.626,160.63
1781770740000,160.632,160.632,160.623,160.626
1781770800000,160.627,160.633,160.615,160.617
1781770860000,160.617,160.621,160.613,160.618
1781770920000,160.617,160.626,160.617,160.625
1781770980000,160.626,160.626,160.618,160.623
1781771040000,160.623,160.638,160.623,160.638
1781771100000,160.636,160.639,160.63,160.63
1781771160000,160.632,160.632,160.614,160.617
1781771220000,160.615,160.619,160.615,160.617
1781771280000,160.616,160.638,160.612,160.635
1781771340000,160.635,160.647,160.635,160.636
1781771400000,160.636,160.642,160.636,160.641
1781771460000,160.642,160.644,160.64,160.641
1781771520000,160.64,160.642,160.627,160.638
1781771580000,160.638,160.65,160.638,160.645
1781771640000,160.645,160.657,160.643,160.651
1781771700000,160.652,160.665,160.652,160.656
1781771760000,160.656,160.657,160.651,160.654
1781771820000,160.656,160.675,160.656,160.671
1781771880000,160.671,160.672,160.666,160.668
1781771940000,160.669,160.676,160.668,160.668
1781772000000,160.668,160.672,160.668,160.672
1781772060000,160.672,160.681,160.67,160.68
1781772120000,160.679,160.69,160.676,160.687
1781772180000,160.687,160.696,160.686,160.694
1781772240000,160.693,160.694,160.69,160.694
1781772300000,160.697,160.697,160.691,160.691
1781772360000,160.691,160.708,160.689,160.708
1781772420000,160.709,160.721,160.709,160.714
1781772480000,160.716,160.716,160.686,160.686
1781772540000,160.688,160.69,160.686,160.688
1781772600000,160.688,160.693,160.688,160.692
1781772660000,160.692,160.703,160.692,160.701
1781772720000,160.702,160.709,160.702,160.705
1781772780000,160.707,160.724,160.707,160.717
1781772840000,160.717,160.718,160.711,160.713
1781772900000,160.714,160.73,160.714,160.723
1781772960000,160.724,160.73,160.717,160.73
1781773020000,160.729,160.738,160.726,160.736
1781773080000,160.736,160.759,160.735,160.758
1781773140000,160.758,160.775,160.755,160.774
1781773200000,160.774,160.796,160.773,160.792
1781773260000,160.792,160.793,160.662,160.699
1781773320000,160.701,160.708,160.475,160.649
1781773380000,160.649,160.658,160.549,160.627
1781773440000,160.627,160.638,160.614,160.618
1781773500000,160.617,160.66,160.613,160.655
1781773560000,160.654,160.685,160.654,160.685
1781773620000,160.685,160.717,160.678,160.713
1781773680000,160.714,160.731,160.714,160.717
1781773740000,160.716,160.736,160.711,160.733
1781773800000,160.733,160.734,160.718,160.73
1781773860000,160.728,160.734,160.694,160.712
1781773920000,160.712,160.732,160.702,160.714
1781773980000,160.715,160.716,160.694,160.703
1781774040000,160.702,160.705,160.692,160.703
1781774100000,160.704,160.71,160.666,160.672
1781774160000,160.671,160.703,160.669,160.688
1781774220000,160.687,160.693,160.678,160.691
1781774280000,160.692,160.702,160.685,160.702
1781774340000,160.702,160.716,160.699,160.704
1781774400000,160.705,160.705,160.689,160.703
1781774460000,160.702,160.716,160.701,160.711
1781774520000,160.711,160.712,160.696,160.701
1781774580000,160.701,160.707,160.697,160.699
1781774640000,160.7,160.742,160.7,160.742
1781774700000,160.742,160.742,160.731,160.739
1781774760000,160.739,160.75,160.737,160.743
1781774820000,160.743,160.744,160.723,160.728
1781774880000,160.73,160.733,160.722,160.722
1781774940000,160.722,160.724,160.715,160.716
1781775000000,160.717,160.744,160.716,160.74
1781775060000,160.739,160.751,160.736,160.751
1781775120000,160.749,160.754,160.743,160.752
1781775180000,160.751,160.755,160.746,160.755
1781775240000,160.754,160.754,160.746,160.746
1781775300000,160.745,160.746,160.737,160.739
1781775360000,160.738,160.751,160.734,160.746
1781775420000,160.747,160.747,160.738,160.739
1781775480000,160.74,160.74,160.722,160.723
1781775540000,160.723,160.725,160.712,160.713
1781775600000,160.712,160.72,160.712,160.717
1781775660000,160.718,160.732,160.718,160.726
1781775720000,160.727,160.74,160.727,160.737
1781775780000,160.737,160.743,160.737,160.738
1781775840000,160.736,160.736,160.72,160.727
1781775900000,160.724,160.74,160.72,160.74
1781775960000,160.74,160.757,160.736,160.757
1781776020000,160.757,160.757,160.744,160.746
1781776080000,160.746,160.753,160.742,160.753
1781776140000,160.753,160.755,160.75,160.753
1781776200000,160.755,160.757,160.752,160.752
1781776260000,160.752,160.756,160.749,160.75
1781776320000,160.75,160.751,160.744,160.746
1781776380000,160.745,160.756,160.738,160.755
1781776440000,160.755,160.764,160.755,160.762
1781776500000,160.76,160.76,160.749,160.75
1781776560000,160.752,160.773,160.744,160.767
1781776620000,160.766,160.777,160.764,160.775
1781776680000,160.776,160.78,160.775,160.778
1781776740000,160.779,160.802,160.776,160.789
1781776800000,160.791,160.817,160.789,160.815
1781776860000,160.816,160.82,160.787,160.803
1781776920000,160.804,160.823,160.804,160.821
1781776980000,160.821,160.829,160.821,160.822
1781777040000,160.824,160.824,160.804,160.808
1781777100000,160.808,160.825,160.807,160.825
1781777160000,160.826,160.855,160.826,160.855
1781777220000,160.854,160.89,160.854,160.876
1781777280000,160.876,160.876,160.858,160.869
1781777340000,160.869,160.883,160.869,160.879
1781777400000,160.879,160.885,160.865,160.883
1781777460000,160.884,160.887,160.877,160.877
1781777520000,160.877,160.882,160.872,160.882
1781777580000,160.882,160.883,160.816,160.818
1781777640000,160.821,160.849,160.819,160.846
1781777700000,160.843,160.846,160.822,160.829
1781777760000,160.83,160.83,160.818,160.825
1781777820000,160.826,160.844,160.826,160.837
1781777880000,160.839,160.855,160.839,160.853
1781777940000,160.853,160.853,160.822,160.825
1781778000000,160.829,160.832,160.805,160.808
1781778060000,160.809,160.817,160.809,160.817
1781778120000,160.816,160.829,160.816,160.825
1781778180000,160.823,160.831,160.822,160.823
1781778240000,160.822,160.839,160.822,160.827
1781778300000,160.826,160.827,160.748,160.803
1781778360000,160.802,160.83,160.802,160.829
1781778420000,160.83,160.833,160.824,160.829
1781778480000,160.828,160.837,160.825,160.834
1781778540000,160.835,160.836,160.822,160.827
1781778600000,160.826,160.829,160.821,160.826
1781778660000,160.825,160.83,160.821,160.823
1781778720000,160.824,160.824,160.818,160.821
1781778780000,160.822,160.846,160.822,160.845
1781778840000,160.843,160.85,160.839,160.849
1781778900000,160.85,160.853,160.849,160.852
1781778960000,160.853,160.862,160.848,160.853
1781779020000,160.856,160.859,160.849,160.859
1781779080000,160.858,160.885,160.857,160.874
1781779140000,160.875,160.877,160.87,160.871
1781779200000,160.871,160.882,160.87,160.876
1781779260000,160.878,160.88,160.875,160.875
1781779320000,160.876,160.886,160.876,160.882
1781779380000,160.882,160.889,160.882,160.886
1781779440000,160.886,160.897,160.882,160.897
1781779500000,160.897,160.898,160.888,160.894
1781779560000,160.895,160.899,160.892,160.895
1781779620000,160.895,160.908,160.89,160.907
1781779680000,160.904,160.935,160.899,160.935
1781779740000,160.935,160.937,160.909,160.921
1781779800000,160.922,160.933,160.921,160.928
1781779860000,160.927,160.934,160.927,160.932
1781779920000,160.932,160.937,160.932,160.933
1781779980000,160.934,160.942,160.934,160.94
1781780040000,160.942,160.944,160.934,160.936
1781780100000,160.937,160.939,160.935,160.936
1781780160000,160.936,160.942,160.935,160.939
1781780220000,160.94,160.948,160.939,160.946
1781780280000,160.948,160.949,160.934,160.934
1781780340000,160.934,160.934,160.917,160.92
1781780400000,160.92,160.922,160.907,160.907
1781780460000,160.907,160.936,160.907,160.934
1781780520000,160.934,160.939,160.924,160.935
1781780580000,160.935,160.945,160.933,160.937
1781780640000,160.937,160.944,160.936,160.943
1781780700000,160.944,160.946,160.935,160.936
1781780760000,160.936,160.941,160.927,160.928
1781780820000,160.928,160.929,160.903,160.905
1781780880000,160.905,160.921,160.904,160.92
1781780940000,160.919,160.946,160.919,160.94
1781781000000,160.939,160.944,160.936,160.941
1781781060000,160.943,160.947,160.939,160.947
1781781120000,160.947,160.949,160.943,160.946
1781781180000,160.947,160.948,160.938,160.946
1781781240000,160.946,160.948,160.939,160.94
1781781300000,160.939,160.947,160.937,160.946
1781781360000,160.946,160.947,160.938,160.94
1781781420000,160.939,160.942,160.938,160.94
1781781480000,160.94,160.949,160.936,160.937
1781781540000,160.936,160.943,160.935,160.938
1781781600000,160.937,160.947,160.937,160.945
1781781660000,160.944,160.944,160.934,160.939
1781781720000,160.938,160.943,160.937,160.942
1781781780000,160.94,160.944,160.93,160.94
1781781840000,160.939,160.941,160.934,160.934
1781781900000,160.933,160.933,160.927,160.93
1781781960000,160.931,160.932,160.896,160.896
1781782020000,160.896,160.922,160.896,160.916
1781782080000,160.915,160.925,160.915,160.919
1781782140000,160.919,160.919,160.907,160.91
1781782200000,160.91,160.91,160.893,160.893
1781782260000,160.898,160.899,160.884,160.884
1781782320000,160.888,160.888,160.871,160.882
1781782380000,160.881,160.882,160.875,160.876
1781782440000,160.873,160.877,160.867,160.876
1781782500000,160.877,160.89,160.877,160.881
1781782560000,160.881,160.89,160.881,160.89
1781782620000,160.891,160.898,160.887,160.889
1781782680000,160.887,160.901,160.884,160.898
1781782740000,160.9,160.903,160.89,160.903
1781782800000,160.904,160.929,160.904,160.926
1781782860000,160.927,160.932,160.919,160.927
1781782920000,160.927,160.933,160.923,160.931
1781782980000,160.929,160.932,160.927,160.932
1781783040000,160.932,160.933,160.924,160.929
1781783100000,160.929,160.929,160.918,160.921
1781783160000,160.922,160.925,160.911,160.925
1781783220000,160.926,160.931,160.924,160.927
1781783280000,160.926,160.926,160.914,160.916
1781783340000,160.918,160.921,160.916,160.919
1781783400000,160.919,160.925,160.916,160.916
1781783460000,160.916,160.927,160.911,160.926
1781783520000,160.925,160.926,160.914,160.92
1781783580000,160.92,160.926,160.919,160.923
1781783640000,160.922,160.935,160.921,160.932
1781783700000,160.93,160.931,160.923,160.926
1781783760000,160.925,160.926,160.913,160.913
1781783820000,160.912,160.923,160.91,160.923
1781783880000,160.922,160.929,160.921,160.927
1781783940000,160.928,160.935,160.928,160.929
1781784000000,160.93,160.941,160.926,160.931
1781784060000,160.93,160.941,160.926,160.934
1781784120000,160.935,160.944,160.934,160.94
1781784180000,160.939,160.94,160.936,160.937
1781784240000,160.937,160.938,160.925,160.928
1781784300000,160.932,160.934,160.917,160.933
1781784360000,160.935,160.938,160.928,160.93
1781784420000,160.929,160.934,160.922,160.928
1781784480000,160.928,160.929,160.923,160.928
1781784540000,160.929,160.93,160.921,160.924
1781784600000,160.924,160.928,160.914,160.917
1781784660000,160.918,160.925,160.909,160.911
1781784720000,160.91,160.912,160.896,160.898
1781784780000,160.897,160.908,160.895,160.9
1781784840000,160.9,160.901,160.895,160.9
1781784900000,160.901,160.902,160.891,160.895
1781784960000,160.895,160.92,160.892,160.919
1781785020000,160.923,160.928,160.918,160.923
1781785080000,160.923,160.924,160.911,160.912
1781785140000,160.912,160.916,160.901,160.901
1781785200000,160.903,160.912,160.876,160.877
1781785260000,160.876,160.878,160.83,160.858
1781785320000,160.857,160.887,160.836,160.886
1781785380000,160.885,160.885,160.873,160.876
1781785440000,160.877,160.878,160.862,160.868
1781785500000,160.866,160.871,160.832,160.838
1781785560000,160.839,160.862,160.839,160.86
1781785620000,160.86,160.897,160.86,160.897
1781785680000,160.897,160.898,160.888,160.891
1781785740000,160.891,160.893,160.883,160.891
1781785800000,160.882,160.894,160.881,160.891
1781785860000,160.89,160.898,160.873,160.875
1781785920000,160.875,160.88,160.875,160.879
1781785980000,160.88,160.882,160.862,160.863
1781786040000,160.864,160.887,160.863,160.885
1781786100000,160.886,160.886,160.873,160.873
1781786160000,160.873,160.883,160.873,160.879
1781786220000,160.879,160.885,160.874,160.882
1781786280000,160.882,160.884,160.874,160.874
1781786340000,160.874,160.889,160.874,160.889
1781786400000,160.888,160.891,160.883,160.887
1781786460000,160.888,160.893,160.884,160.887
1781786520000,160.886,160.886,160.866,160.873
1781786580000,160.875,160.894,160.875,160.891
1781786640000,160.889,160.922,160.888,160.911
1781786700000,160.91,160.911,160.896,160.909
1781786760000,160.909,160.915,160.896,160.899
1781786820000,160.901,160.913,160.899,160.912
1781786880000,160.912,160.912,160.904,160.911
1781786940000,160.91,160.91,160.9,160.901
1781787000000,160.901,160.904,160.876,160.882
1781787060000,160.882,160.883,160.873,160.876
1781787120000,160.876,160.896,160.876,160.884
1781787180000,160.885,160.892,160.885,160.888
1781787240000,160.889,160.896,160.888,160.892
1781787300000,160.89,160.89,160.875,160.877
1781787360000,160.876,160.891,160.875,160.885
1781787420000,160.885,160.89,160.868,160.875
1781787480000,160.876,160.88,160.874,160.879
1781787540000,160.879,160.884,160.871,160.872
1781787600000,160.871,160.874,160.858,160.874
1781787660000,160.875,160.889,160.874,160.887
1781787720000,160.888,160.901,160.887,160.897
1781787780000,160.898,160.923,160.895,160.914
1781787840000,160.913,160.921,160.91,160.915
1781787900000,160.914,160.923,160.913,160.913
1781787960000,160.913,160.922,160.897,160.915
1781788020000,160.916,160.927,160.913,160.923
1781788080000,160.924,160.926,160.909,160.911
1781788140000,160.909,160.912,160.897,160.91
1781788200000,160.908,160.91,160.887,160.889
1781788260000,160.888,160.888,160.866,160.871
1781788320000,160.872,160.896,160.871,160.886
1781788380000,160.888,160.892,160.869,160.872
1781788440000,160.872,160.876,160.869,160.876
1781788500000,160.879,160.898,160.877,160.895
1781788560000,160.895,160.898,160.886,160.894
1781788620000,160.894,160.896,160.885,160.885
1781788680000,160.885,160.886,160.864,160.869
1781788740000,160.871,160.874,160.862,160.869
1781788800000,160.87,160.893,160.87,160.889
1781788860000,160.888,160.893,160.888,160.888
1781788920000,160.888,160.888,160.882,160.885
1781788980000,160.885,160.89,160.883,160.885
1781789040000,160.884,160.889,160.878,160.883
1781789100000,160.883,160.889,160.867,160.882
1781789160000,160.881,160.881,160.872,160.879
1781789220000,160.879,160.879,160.863,160.864
1781789280000,160.864,160.869,160.85,160.85
1781789340000,160.848,160.851,160.838,160.838
1781789400000,160.837,160.85,160.823,160.826
1781789460000,160.828,160.839,160.823,160.826
1781789520000,160.828,160.837,160.826,160.836
1781789580000,160.834,160.836,160.825,160.833
1781789640000,160.834,160.834,160.813,160.814
1781789700000,160.815,160.823,160.81,160.811
1781789760000,160.811,160.813,160.799,160.813
1781789820000,160.813,160.817,160.808,160.817
1781789880000,160.819,160.829,160.816,160.822
1781789940000,160.822,160.836,160.821,160.822
1781790000000,160.824,160.849,160.823,160.846
1781790060000,160.846,160.851,160.836,160.843
1781790120000,160.845,160.848,160.838,160.841
1781790180000,160.841,160.851,160.837,160.846
1781790240000,160.847,160.86,160.835,160.856
1781790300000,160.857,160.871,160.856,160.856
1781790360000,160.857,160.866,160.843,160.845
1781790420000,160.844,160.858,160.844,160.857
1781790480000,160.857,160.86,160.845,160.859
1781790540000,160.859,160.86,160.832,160.835
1781790600000,160.834,160.843,160.83,160.838
1781790660000,160.841,160.856,160.841,160.85
1781790720000,160.852,160.859,160.852,160.857
1781790780000,160.858,160.866,160.856,160.866
1781790840000,160.866,160.87,160.859,160.868
1781790900000,160.867,160.875,160.861,160.871
1781790960000,160.871,160.884,160.871,160.882
1781791020000,160.881,160.89,160.881,160.887
1781791080000,160.886,160.893,160.883,160.883
1781791140000,160.882,160.891,160.882,160.885
1781791200000,160.885,160.912,160.873,160.876
1781791260000,160.875,160.898,160.87,160.895
1781791320000,160.895,160.898,160.881,160.885
1781791380000,160.884,160.891,160.876,160.884
1781791440000,160.886,160.893,160.884,160.884
1781791500000,160.884,160.892,160.884,160.886
1781791560000,160.886,160.888,160.872,160.875
1781791620000,160.874,160.881,160.871,160.874
1781791680000,160.873,160.886,160.873,160.886
1781791740000,160.886,160.889,160.883,160.888
1781791800000,160.888,160.9,160.884,160.898
1781791860000,160.896,160.896,160.883,160.887
1781791920000,160.888,160.9,160.887,160.897
1781791980000,160.897,160.902,160.895,160.895
1781792040000,160.896,160.898,160.868,160.87
1781792100000,160.871,160.888,160.864,160.88
1781792160000,160.88,160.888,160.871,160.874
1781792220000,160.874,160.884,160.872,160.874
1781792280000,160.875,160.884,160.875,160.876
1781792340000,160.875,160.875,160.87,160.873
1781792400000,160.872,160.878,160.871,160.873
1781792460000,160.873,160.876,160.859,160.861
1781792520000,160.861,160.867,160.856,160.865
1781792580000,160.866,160.867,160.847,160.855
1781792640000,160.855,160.856,160.85,160.856
1781792700000,160.855,160.861,160.852,160.857
1781792760000,160.856,160.877,160.856,160.877
1781792820000,160.876,160.876,160.867,160.872
1781792880000,160.873,160.876,160.87,160.872
1781792940000,160.873,160.876,160.872,160.875
1781793000000,160.879,160.887,160.87,160.883
1781793060000,160.883,160.884,160.876,160.883
1781793120000,160.883,160.885,160.872,160.883
1781793180000,160.883,160.883,160.88,160.88
1781793240000,160.882,160.888,160.88,160.88
1781793300000,160.881,160.896,160.879,160.896
1781793360000,160.896,160.898,160.881,160.886
1781793420000,160.886,160.886,160.871,160.877
1781793480000,160.877,160.889,160.872,160.886
1781793540000,160.886,160.888,160.867,160.87
1781793600000,160.87,160.876,160.87,160.874
1781793660000,160.874,160.881,160.87,160.874
1781793720000,160.874,160.877,160.872,160.874
1781793780000,160.873,160.881,160.87,160.88
1781793840000,160.88,160.88,160.872,160.876
1781793900000,160.879,160.879,160.859,160.87
1781793960000,160.871,160.875,160.86,160.863
1781794020000,160.863,160.882,160.862,160.882
1781794080000,160.881,160.881,160.871,160.876
1781794140000,160.875,160.876,160.867,160.869
1781794200000,160.868,160.87,160.859,160.859
1781794260000,160.861,160.874,160.856,160.856
1781794320000,160.857,160.863,160.857,160.858
1781794380000,160.858,160.858,160.852,160.855
1781794440000,160.856,160.857,160.845,160.845
1781794500000,160.847,160.859,160.847,160.859
1781794560000,160.859,160.864,160.848,160.857
1781794620000,160.859,160.859,160.843,160.847
1781794680000,160.848,160.852,160.838,160.844
1781794740000,160.844,160.862,160.844,160.856
1781794800000,160.855,160.861,160.85,160.852
1781794860000,160.852,160.86,160.849,160.857
1781794920000,160.856,160.861,160.854,160.857
1781794980000,160.855,160.874,160.854,160.871
1781795040000,160.871,160.874,160.866,160.874
1781795100000,160.873,160.88,160.87,160.876
1781795160000,160.874,160.876,160.861,160.873
1781795220000,160.872,160.873,160.864,160.866
1781795280000,160.867,160.876,160.866,160.872
1781795340000,160.871,160.874,160.866,160.874
1781795400000,160.874,160.874,160.861,160.866
1781795460000,160.868,160.868,160.862,160.867
1781795520000,160.867,160.874,160.867,160.873
1781795580000,160.872,160.873,160.863,160.873
1781795640000,160.873,160.892,160.864,160.891
1781795700000,160.89,160.89,160.885,160.888
1781795760000,160.89,160.905,160.89,160.904
1781795820000,160.906,160.919,160.906,160.916
1781795880000,160.916,160.925,160.908,160.924
1781795940000,160.923,160.927,160.917,160.924
1781796000000,160.924,160.925,160.914,160.923
1781796060000,160.922,160.925,160.919,160.924
1781796120000,160.924,160.936,160.923,160.935
1781796180000,160.935,160.945,160.934,160.942
1781796240000,160.941,160.951,160.939,160.947
1781796300000,160.945,160.952,160.945,160.952
1781796360000,160.951,160.961,160.949,160.961
1781796420000,160.962,160.972,160.961,160.963
1781796480000,160.963,160.973,160.962,160.97
1781796540000,160.969,160.984,160.965,160.978
1781796600000,160.979,160.988,160.977,160.982
1781796660000,160.982,160.989,160.978,160.984
1781796720000,160.983,160.987,160.98,160.987
1781796780000,160.987,160.991,160.984,160.984
1781796840000,160.985,160.989,160.984,160.988
1781796900000,160.988,161.081,160.987,161.052
1781796960000,161.051,161.061,160.975,161.054
1781797020000,161.053,161.055,161.028,161.04
1781797080000,161.044,161.078,161.041,161.075
1781797140000,161.077,161.083,161.06,161.083
1781797200000,161.082,161.095,161.072,161.078
1781797260000,161.077,161.082,161.074,161.081
1781797320000,161.083,161.095,161.081,161.089
1781797380000,161.091,161.094,161.079,161.08
1781797440000,161.08,161.08,161.061,161.077
1781797500000,161.076,161.095,161.076,161.091
1781797560000,161.092,161.098,161.082,161.082
1781797620000,161.081,161.094,161.081,161.091
1781797680000,161.09,161.095,161.086,161.09
1781797740000,161.089,161.092,161.088,161.091
1781797800000,161.09,161.092,161.079,161.088
1781797860000,161.089,161.098,161.089,161.092
1781797920000,161.093,161.096,161.091,161.093
1781797980000,161.094,161.149,161.092,161.148
1781798040000,161.149,161.198,161.131,161.197
1781798100000,161.197,161.197,161.168,161.179
1781798160000,161.18,161.188,161.178,161.183
1781798220000,161.184,161.189,161.177,161.179
1781798280000,161.178,161.225,161.175,161.223
1781798340000,161.222,161.371,161.22,161.367
1781798400000,161.369,161.373,161.198,161.241
1781798460000,161.241,161.288,161.239,161.264
1781798520000,161.266,161.284,161.258,161.271
1781798580000,161.271,161.303,161.27,161.294
1781798640000,161.294,161.314,161.287,161.311
1781798700000,161.311,161.323,161.288,161.297
1781798760000,161.297,161.298,161.255,161.284
1781798820000,161.284,161.305,161.283,161.296
1781798880000,161.294,161.309,161.273,161.305
1781798940000,161.306,161.326,161.305,161.314
1781799000000,161.314,161.316,161.294,161.3
1781799060000,161.301,161.301,161.27,161.286
1781799120000,161.285,161.287,161.276,161.284
1781799180000,161.284,161.299,161.284,161.292
1781799240000,161.291,161.302,161.287,161.3
1781799300000,161.3,161.312,161.295,161.309
1781799360000,161.31,161.348,161.31,161.338
1781799420000,161.339,161.365,161.337,161.361
1781799480000,161.362,161.374,161.36,161.371
1781799540000,161.371,161.373,161.345,161.345
1781799600000,161.346,161.378,161.344,161.377
1781799660000,161.378,161.395,161.371,161.379
1781799720000,161.38,161.39,161.38,161.387
1781799780000,161.388,161.39,161.353,161.36
1781799840000,161.359,161.37,161.333,161.333
1781799900000,161.332,161.333,161.289,161.296
1781799960000,161.296,161.297,161.259,161.277
1781800020000,161.278,161.312,161.277,161.295
1781800080000,161.294,161.302,161.286,161.301
1781800140000,161.3,161.308,161.293,161.308
1781800200000,161.309,161.309,161.269,161.27
1781800260000,161.271,161.273,161.259,161.267
1781800320000,161.268,161.285,161.267,161.276
1781800380000,161.277,161.283,161.271,161.276
1781800440000,161.275,161.299,161.275,161.297
1781800500000,161.296,161.314,161.288,161.313
1781800560000,161.314,161.345,161.312,161.338
1781800620000,161.338,161.338,161.297,161.297
1781800680000,161.299,161.322,161.294,161.314
1781800740000,161.313,161.313,161.295,161.304
1781800800000,161.304,161.305,161.287,161.292
1781800860000,161.293,161.3,161.292,161.298
1781800920000,161.298,161.309,161.295,161.296
1781800980000,161.297,161.297,161.277,161.285
1781801040000,161.285,161.297,161.285,161.296
1781801100000,161.297,161.3,161.29,161.295
1781801160000,161.296,161.308,161.296,161.305
1781801220000,161.305,161.315,161.298,161.314
1781801280000,161.313,161.328,161.313,161.326
1781801340000,161.326,161.33,161.307,161.324
1781801400000,161.325,161.346,161.322,161.341
1781801460000,161.339,161.382,161.33,161.38
1781801520000,161.38,161.388,161.375,161.385
1781801580000,161.387,161.399,161.386,161.398
1781801640000,161.398,161.41,161.398,161.402
1781801700000,161.402,161.43,161.4,161.429
1781801760000,161.431,161.447,161.421,161.447
1781801820000,161.445,161.452,161.424,161.442
1781801880000,161.442,161.442,161.418,161.421
1781801940000,161.42,161.43,161.416,161.426
1781802000000,161.426,161.456,161.425,161.451
1781802060000,161.452,161.453,161.43,161.439
1781802120000,161.44,161.442,161.404,161.412
1781802180000,161.413,161.442,161.413,161.44
1781802240000,161.442,161.444,161.432,161.434
1781802300000,161.435,161.435,161.41,161.412
1781802360000,161.411,161.429,161.402,161.425
1781802420000,161.424,161.438,161.423,161.433
1781802480000,161.432,161.432,161.424,161.427
1781802540000,161.427,161.427,161.421,161.424
1781802600000,161.422,161.435,161.415,161.433
1781802660000,161.433,161.433,161.42,161.42
1781802720000,161.418,161.424,161.412,161.412
1781802780000,161.413,161.425,161.41,161.425
1781802840000,161.42,161.424,161.411,161.411
1781802900000,161.412,161.412,161.374,161.375
1781802960000,161.377,161.377,161.36,161.362
1781803020000,161.362,161.363,161.344,161.358
1781803080000,161.358,161.361,161.336,161.347
1781803140000,161.346,161.351,161.343,161.349
1781803200000,161.348,161.349,161.344,161.349
1781803260000,161.352,161.36,161.347,161.347
1781803320000,161.347,161.378,161.347,161.376
1781803380000,161.376,161.377,161.363,161.363
1781803440000,161.363,161.372,161.358,161.368
1781803500000,161.366,161.375,161.36,161.374
1781803560000,161.375,161.377,161.369,161.371
1781803620000,161.372,161.374,161.367,161.368
1781803680000,161.368,161.377,161.367,161.376
1781803740000,161.376,161.387,161.368,161.387
1781803800000,161.385,161.409,161.385,161.402
1781803860000,161.405,161.41,161.404,161.409
1781803920000,161.409,161.409,161.394,161.395
1781803980000,161.397,161.404,161.393,161.404
1781804040000,161.404,161.404,161.397,161.401
1781804100000,161.402,161.406,161.401,161.406
1781804160000,161.406,161.409,161.401,161.406
1781804220000,161.407,161.408,161.401,161.402
1781804280000,161.402,161.404,161.399,161.4
1781804340000,161.401,161.416,161.396,161.411
1781804400000,161.409,161.411,161.396,161.398
1781804460000,161.398,161.412,161.397,161.412
1781804520000,161.412,161.428,161.409,161.427
1781804580000,161.427,161.428,161.423,161.425
1781804640000,161.426,161.429,161.41,161.414
1781804700000,161.414,161.427,161.414,161.427
1781804760000,161.426,161.429,161.412,161.412
1781804820000,161.412,161.428,161.41,161.428
1781804880000,161.429,161.433,161.424,161.431
1781804940000,161.431,161.435,161.425,161.426
1781805000000,161.427,161.427,161.4,161.403
1781805060000,161.404,161.412,161.404,161.412
1781805120000,161.412,161.416,161.411,161.413
1781805180000,161.415,161.416,161.411,161.412
1781805240000,161.413,161.423,161.411,161.417
1781805300000,161.418,161.425,161.415,161.416
1781805360000,161.416,161.417,161.415,161.415
1781805420000,161.415,161.431,161.414,161.43
1781805480000,161.429,161.43,161.424,161.428
1781805540000,161.427,161.446,161.427,161.445
1781805600000,161.446,161.452,161.444,161.446
1781805660000,161.442,161.45,161.439,161.447
1781805720000,161.447,161.452,161.445,161.451
1781805780000,161.451,161.454,161.448,161.451
1781805840000,161.452,161.452,161.436,161.438
1781805900000,161.437,161.437,161.418,161.425
1781805960000,161.425,161.429,161.412,161.429
1781806020000,161.43,161.436,161.423,161.425
1781806080000,161.424,161.425,161.419,161.424
1781806140000,161.424,161.424,161.42,161.423
1781806200000,161.422,161.427,161.41,161.413
1781806260000,161.413,161.417,161.413,161.415
1781806320000,161.415,161.416,161.41,161.411
1781806380000,161.411,161.412,161.408,161.41
1781806440000,161.411,161.411,161.403,161.409
1781806500000,161.409,161.413,161.409,161.413
1781806560000,161.411,161.415,161.411,161.414
1781806620000,161.414,161.427,161.414,161.421
1781806680000,161.423,161.424,161.412,161.413
1781806740000,161.41,161.412,161.405,161.412
1781806800000,161.413,161.423,161.411,161.423
1781806860000,161.422,161.423,161.411,161.414
1781806920000,161.414,161.416,161.411,161.416
1781806980000,161.416,161.428,161.415,161.42
1781807040000,161.421,161.427,161.42,161.427
1781807100000,161.427,161.427,161.411,161.411
1781807160000,161.412,161.426,161.412,161.426
1781807220000,161.427,161.436,161.423,161.424
1781807280000,161.425,161.44,161.425,161.438
1781807340000,161.436,161.44,161.435,161.438
1781807400000,161.44,161.454,161.44,161.45
1781807460000,161.449,161.453,161.449,161.452
1781807520000,161.453,161.475,161.452,161.475
1781807580000,161.474,161.479,161.469,161.474
1781807640000,161.473,161.473,161.467,161.469
1781807700000,161.468,161.47,161.466,161.469
1781807760000,161.469,161.487,161.469,161.485
1781807820000,161.486,161.486,161.476,161.478
1781807880000,161.477,161.489,161.477,161.489
1781807940000,161.49,161.49,161.486,161.488
1781808000000,161.488,161.49,161.486,161.487
1781808060000,161.487,161.487,161.475,161.476
1781808120000,161.476,161.48,161.473,161.478
1781808180000,161.48,161.481,161.475,161.475
1781808240000,161.475,161.475,161.472,161.473
1781808300000,161.473,161.473,161.464,161.465
1781808360000,161.464,161.482,161.464,161.479
1781808420000,161.48,161.482,161.478,161.48
1781808480000,161.481,161.591,161.479,161.585
1781808540000,161.586,161.661,161.586,161.591
1781808600000,161.591,161.628,161.588,161.618
1781808660000,161.618,161.644,161.604,161.622
1781808720000,161.622,161.623,161.581,161.605
1781808780000,161.599,161.607,161.594,161.598
1781808840000,161.603,161.626,161.599,161.625
1781808900000,161.631,161.637,161.619,161.634
1781808960000,161.636,161.648,161.619,161.623
1781809020000,161.622,161.656,161.62,161.647
1781809080000,161.646,161.655,161.642,161.645
1781809140000,161.646,161.685,161.633,161.677
1781809200000,161.674,161.732,161.674,161.716
1781809260000,161.716,161.785,161.709,161.782
1781809320000,161.782,161.802,161.763,161.802
1781809380000,161.802,161.807,161.754,161.766
1781809440000,161.765,161.777,161.764,161.772
1781809500000,161.773,161.778,161.749,161.777
1781809560000,161.777,161.796,161.754,161.754
1781809620000,161.751,161.756,161.734,161.751
1781809680000,161.751,161.751,161.735,161.738
1781809740000,161.739,161.739,161.723,161.723
1781809800000,161.725,161.744,161.725,161.744
1781809860000,161.741,161.754,161.739,161.754
1781809920000,161.761,161.766,161.752,161.752
1781809980000,161.751,161.753,161.732,161.732
1781810040000,161.731,161.731,161.712,161.724
1781810100000,161.723,161.757,161.723,161.756
1781810160000,161.756,161.775,161.749,161.767
1781810220000,161.765,161.773,161.756,161.762
1781810280000,161.76,161.788,161.755,161.769
1781810340000,161.769,161.769,161.723,161.724
1781810400000,161.723,161.734,161.717,161.727
1781810460000,161.727,161.749,161.724,161.742
1781810520000,161.742,161.742,161.735,161.737
1781810580000,161.737,161.779,161.736,161.777
1781810640000,161.778,161.78,161.766,161.774
1781810700000,161.775,161.778,161.764,161.773
1781810760000,161.773,161.791,161.768,161.79
1781810820000,161.79,161.79,161.785,161.788
1781810880000,161.786,161.791,161.784,161.791
1781810940000,161.791,161.791,161.742,161.744
1781811000000,161.746,161.746,160.928,161.393
1781811060000,161.392,161.547,161.375,161.532
1781811120000,161.529,161.573,161.517,161.572
1781811180000,161.571,161.612,161.557,161.586
1781811240000,161.586,161.627,161.577,161.577
1781811300000,161.576,161.588,161.554,161.575
1781811360000,161.576,161.58,161.553,161.56
1781811420000,161.558,161.57,161.53,161.539
1781811480000,161.539,161.563,161.513,161.53
1781811540000,161.529,161.538,161.419,161.449
1781811600000,161.457,161.469,161.237,161.321
1781811660000,161.321,161.363,161.253,161.33
1781811720000,161.33,161.411,161.329,161.403
1781811780000,161.402,161.423,161.358,161.385
1781811840000,161.386,161.43,161.381,161.43
1781811900000,161.431,161.431,161.344,161.382
1781811960000,161.384,161.388,161.331,161.363
1781812020000,161.366,161.39,161.366,161.388
1781812080000,161.388,161.392,161.347,161.349
1781812140000,161.345,161.345,161.316,161.331
1781812200000,161.329,161.35,161.315,161.347
1781812260000,161.348,161.365,161.347,161.363
1781812320000,161.36,161.365,161.296,161.299
1781812380000,161.298,161.325,161.283,161.311
1781812440000,161.311,161.351,161.311,161.338
1781812500000,161.338,161.366,161.324,161.362
1781812560000,161.361,161.402,161.344,161.402
1781812620000,161.404,161.414,161.388,161.414
1781812680000,161.414,161.417,161.402,161.41
1781812740000,161.409,161.438,161.394,161.431
1781812800000,161.428,161.46,161.426,161.451
1781812860000,161.454,161.455,161.435,161.442
1781812920000,161.44,161.443,161.425,161.428
1781812980000,161.426,161.429,161.424,161.425
1781813040000,161.423,161.423,161.373,161.374
1781813100000,161.375,161.398,161.374,161.395
1781813160000,161.395,161.397,161.381,161.386
1781813220000,161.386,161.391,161.385,161.388
1781813280000,161.388,161.389,161.385,161.388
1781813340000,161.389,161.389,161.359,161.36
1781813400000,161.358,161.358,161.336,161.337
1781813460000,161.34,161.342,161.331,161.333
1781813520000,161.335,161.367,161.335,161.359
1781813580000,161.358,161.358,161.327,161.349
1781813640000,161.35,161.357,161.35,161.35
1781813700000,161.35,161.362,161.35,161.36
1781813760000,161.361,161.361,161.35,161.354
1781813820000,161.354,161.354,161.349,161.351
1781813880000,161.355,161.355,161.348,161.349
1781813940000,161.353,161.38,161.353,161.354
1781814000000,161.356,161.387,161.35,161.387
1781814060000,161.387,161.387,161.359,161.366
1781814120000,161.366,161.379,161.363,161.373
1781814180000,161.374,161.379,161.374,161.376
1781814240000,161.384,161.4,161.383,161.4
1781814300000,161.397,161.405,161.391,161.402
1781814360000,161.4,161.404,161.391,161.392
1781814420000,161.391,161.393,161.39,161.393
1781814480000,161.392,161.392,161.379,161.381
1781814540000,161.381,161.381,161.368,161.368
1781814600000,161.368,161.375,161.365,161.375
1781814660000,161.376,161.382,161.364,161.38
1781814720000,161.381,161.381,161.378,161.381
1781814780000,161.385,161.39,161.384,161.39
1781814840000,161.39,161.391,161.376,161.384
1781814900000,161.383,161.402,161.383,161.401
1781814960000,161.401,161.402,161.399,161.402
1781815020000,161.401,161.408,161.391,161.405
1781815080000,161.406,161.412,161.404,161.404
1781815140000,161.403,161.407,161.402,161.406
1781815200000,161.407,161.407,161.401,161.401
1781815260000,161.401,161.405,161.401,161.405
1781815320000,161.406,161.406,161.39,161.394
1781815380000,161.39,161.393,161.38,161.38
1781815440000,161.38,161.407,161.38,161.406
1781815500000,161.405,161.41,161.405,161.407
1781815560000,161.407,161.41,161.407,161.407
1781815620000,161.407,161.407,161.406,161.407
1781815680000,161.408,161.411,161.406,161.406
1781815740000,161.407,161.408,161.395,161.395
1781815800000,161.395,161.398,161.39,161.393
1781815860000,161.393,161.409,161.392,161.398
1781815920000,161.398,161.403,161.39,161.395
1781815980000,161.402,161.408,161.401,161.407
1781816040000,161.408,161.408,161.404,161.407
1781816100000,161.403,161.403,161.384,161.386
1781816160000,161.39,161.394,161.385,161.389
1781816220000,161.388,161.398,161.388,161.393
1781816280000,161.393,161.402,161.388,161.398
1781816340000,161.398,161.401,161.36,161.36
1781816400000,161.339,161.339,161.32,161.32
1781816460000,161.291,161.31,161.291,161.31
1781816520000,161.31,161.311,161.309,161.309
1781816580000,161.306,161.338,161.306,161.337
1781816640000,161.338,161.338,161.337,161.337
1781816700000,161.334,161.347,161.334,161.347
1781816760000,161.347,161.347,161.334,161.334
1781816820000,161.335,161.348,161.334,161.335
1781816880000,161.335,161.335,161.334,161.335
1781816940000,161.336,161.336,161.336,161.336
1781817000000,161.336,161.336,161.336,161.336
1781817060000,161.333,161.334,161.333,161.334
1781817120000,161.334,161.334,161.334,161.334
1781817180000,161.334,161.342,161.334,161.342
1781817240000,161.343,161.343,161.34,161.341
1781817300000,161.341,161.352,161.34,161.352
1781817360000,161.352,161.353,161.349,161.352
1781817420000,161.356,161.356,161.353,161.353
1781817480000,161.353,161.357,161.353,161.357
1781817540000,161.357,161.357,161.357,161.357
1781817600000,161.357,161.358,161.357,161.358
1781817660000,161.379,161.386,161.365,161.383
1781817720000,161.383,161.384,161.382,161.382
1781817780000,161.384,161.386,161.384,161.386
1781817840000,161.385,161.385,161.385,161.385
1781817900000,161.385,161.39,161.385,161.39
1781817960000,161.39,161.401,161.383,161.401
1781818020000,161.402,161.402,161.387,161.397
1781818080000,161.398,161.398,161.38,161.38
1781818140000,161.381,161.4,161.364,161.387
1781818200000,161.384,161.385,161.384,161.385
1781818260000,161.386,161.386,161.361,161.361
1781818320000,161.365,161.375,161.362,161.363
1781818380000,161.363,161.363,161.361,161.362
1781818440000,161.364,161.364,161.364,161.364
1781818500000,161.358,161.366,161.332,161.332
1781818560000,161.332,161.334,161.331,161.334
1781818620000,161.335,161.335,161.333,161.333
1781818680000,161.333,161.334,161.331,161.333
1781818740000,161.333,161.333,161.333,161.333
1781818800000,161.33,161.333,161.329,161.329
1781818860000,161.331,161.335,161.331,161.334
1781818920000,161.336,161.337,161.335,161.337
1781818980000,161.338,161.338,161.337,161.338
1781819040000,161.338,161.344,161.338,161.344
1781819100000,161.344,161.344,161.336,161.336
1781819160000,161.347,161.353,161.347,161.353
1781819220000,161.355,161.355,161.355,161.355
1781819280000,161.356,161.356,161.354,161.356
1781819340000,161.355,161.355,161.355,161.355
1781819400000,161.355,161.356,161.354,161.354
1781819460000,161.355,161.356,161.355,161.356
1781819520000,161.353,161.354,161.353,161.354
1781819580000,161.353,161.354,161.353,161.354
1781819640000,161.353,161.353,161.352,161.352
1781819700000,161.353,161.353,161.352,161.352
1781819760000,161.353,161.353,161.353,161.353
1781819820000,161.354,161.354,161.308,161.312
1781819880000,161.316,161.319,161.314,161.316
1781819940000,161.317,161.34,161.305,161.322
1781820000000,161.32,161.385,161.319,161.373
1781820060000,161.376,161.413,161.375,161.406
1781820120000,161.408,161.42,161.404,161.413
1781820180000,161.412,161.417,161.409,161.413
1781820240000,161.412,161.413,161.404,161.408
1781820300000,161.407,161.41,161.407,161.408
1781820360000,161.407,161.407,161.395,161.406
1781820420000,161.406,161.406,161.374,161.385
1781820480000,161.385,161.391,161.379,161.386
1781820540000,161.387,161.387,161.387,161.387
1781820600000,161.384,161.384,161.355,161.36
1781820660000,161.359,161.373,161.359,161.372
1781820720000,161.368,161.368,161.326,161.326
1781820780000,161.326,161.338,161.315,161.335
1781820840000,161.336,161.336,161.336,161.336
1781820900000,161.337,161.352,161.337,161.352
1781820960000,161.352,161.352,161.349,161.349
1781821020000,161.352,161.367,161.351,161.366
1781821080000,161.376,161.377,161.363,161.363
1781821140000,161.364,161.365,161.35,161.364
1781821200000,161.363,161.363,161.348,161.349
1781821260000,161.35,161.355,161.349,161.354
1781821320000,161.359,161.369,161.359,161.365
1781821380000,161.367,161.378,161.367,161.369
1781821440000,161.368,161.368,161.352,161.353
1781821500000,161.35,161.354,161.348,161.349
1781821560000,161.351,161.364,161.351,161.354
1781821620000,161.361,161.366,161.353,161.353
1781821680000,161.354,161.363,161.354,161.355
1781821740000,161.353,161.354,161.345,161.354
1781821800000,161.354,161.354,161.353,161.354
1781821860000,161.355,161.355,161.348,161.348
1781821920000,161.349,161.354,161.349,161.351
1781821980000,161.35,161.353,161.343,161.35
1781822040000,161.351,161.354,161.351,161.354
1781822100000,161.353,161.354,161.35,161.35
1781822160000,161.351,161.352,161.348,161.352
1781822220000,161.351,161.351,161.348,161.348
1781822280000,161.348,161.352,161.343,161.346
1781822340000,161.347,161.347,161.337,161.341
1781822400000,161.341,161.341,161.312,161.324
1781822460000,161.324,161.324,161.314,161.314
1781822520000,161.316,161.316,161.313,161.314
1781822580000,161.311,161.313,161.311,161.312
1781822640000,161.31,161.31,161.296,161.298
1781822700000,161.299,161.3,161.27,161.271
1781822760000,161.27,161.27,161.174,161.209
1781822820000,161.209,161.235,161.209,161.234
1781822880000,161.233,161.234,161.208,161.22
1781822940000,161.22,161.227,161.195,161.2
1781823000000,161.202,161.241,161.202,161.225
1781823060000,161.224,161.225,161.196,161.211
1781823120000,161.212,161.255,161.212,161.251
1781823180000,161.251,161.254,161.236,161.237
1781823240000,161.237,161.251,161.237,161.251
1781823300000,161.251,161.252,161.249,161.249
1781823360000,161.25,161.256,161.249,161.25
1781823420000,161.25,161.25,161.235,161.241
1781823480000,161.242,161.267,161.242,161.252
1781823540000,161.252,161.276,161.249,161.276
1781823600000,161.267,161.288,161.249,161.281
1781823660000,161.284,161.301,161.284,161.301
1781823720000,161.3,161.314,161.298,161.314
1781823780000,161.313,161.313,161.276,161.277
1781823840000,161.278,161.292,161.277,161.292
1781823900000,161.292,161.292,161.286,161.286
1781823960000,161.287,161.311,161.287,161.308
1781824020000,161.307,161.314,161.303,161.314
1781824080000,161.313,161.318,161.313,161.316
1781824140000,161.316,161.331,161.315,161.318
1781824200000,161.317,161.318,161.314,161.315
1781824260000,161.314,161.315,161.314,161.315
1781824320000,161.315,161.316,161.29,161.291
1781824380000,161.288,161.293,161.285,161.29
1781824440000,161.29,161.316,161.29,161.306
1781824500000,161.304,161.305,161.289,161.305
1781824560000,161.305,161.32,161.305,161.319
1781824620000,161.32,161.333,161.316,161.333
1781824680000,161.331,161.343,161.33,161.342
1781824740000,161.342,161.345,161.332,161.334
1781824800000,161.334,161.343,161.331,161.341
1781824860000,161.342,161.356,161.342,161.356
1781824920000,161.357,161.358,161.345,161.345
1781824980000,161.342,161.342,161.33,161.331
1781825040000,161.331,161.332,161.331,161.332
1781825100000,161.331,161.331,161.329,161.331
1781825160000,161.329,161.329,161.317,161.318
1781825220000,161.318,161.32,161.315,161.32
1781825280000,161.326,161.331,161.326,161.331
1781825340000,161.33,161.33,161.317,161.327
1781825400000,161.326,161.331,161.326,161.331
1781825460000,161.333,161.333,161.332,161.333
1781825520000,161.333,161.335,161.333,161.334
1781825580000,161.333,161.342,161.327,161.332
1781825640000,161.333,161.347,161.333,161.345
1781825700000,161.351,161.355,161.341,161.341
1781825760000,161.337,161.344,161.332,161.332
1781825820000,161.332,161.342,161.33,161.332
1781825880000,161.333,161.334,161.331,161.332
1781825940000,161.332,161.333,161.327,161.333
1781826000000,161.332,161.332,161.317,161.317
1781826060000,161.315,161.315,161.301,161.301
1781826120000,161.302,161.302,161.29,161.291
1781826180000,161.29,161.292,161.29,161.291
1781826240000,161.291,161.291,161.281,161.282
1781826300000,161.281,161.297,161.268,161.268
1781826360000,161.269,161.281,161.267,161.28
1781826420000,161.28,161.281,161.278,161.279
1781826480000,161.28,161.282,161.277,161.278
1781826540000,161.278,161.278,161.273,161.273
1781826600000,161.273,161.277,161.262,161.269
1781826660000,161.272,161.292,161.268,161.292
1781826720000,161.291,161.306,161.288,161.302
1781826780000,161.302,161.307,161.301,161.307
1781826840000,161.306,161.318,161.306,161.318
1781826900000,161.317,161.32,161.312,161.312
1781826960000,161.312,161.344,161.312,161.327
1781827020000,161.326,161.333,161.326,161.332
1781827080000,161.332,161.332,161.313,161.313
1781827140000,161.311,161.314,161.293,161.296
1782518400000,161.692,161.692,161.692,161.692
1782518460000,161.692,161.692,161.692,161.692
1782518520000,161.692,161.692,161.692,161.692
1782518580000,161.692,161.692,161.692,161.692
1782518640000,161.692,161.692,161.692,161.692
1782518700000,161.692,161.692,161.692,161.692
1782518760000,161.692,161.692,161.692,161.692
1782518820000,161.692,161.692,161.692,161.692
1782518880000,161.692,161.692,161.692,161.692
1782518940000,161.692,161.692,161.692,161.692
1782519000000,161.692,161.692,161.692,161.692
1782519060000,161.692,161.692,161.692,161.692
1782519120000,161.692,161.692,161.692,161.692
1782519180000,161.692,161.692,161.692,161.692
1782519240000,161.692,161.692,161.692,161.692
1782519300000,161.692,161.692,161.692,161.692
1782519360000,161.692,161.692,161.692,161.692
1782519420000,161.692,161.692,161.692,161.692
1782519480000,161.692,161.692,161.692,161.692
1782519540000,161.692,161.692,161.692,161.692
1782519600000,161.692,161.692,161.692,161.692
1782519660000,161.692,161.692,161.692,161.692
1782519720000,161.692,161.692,161.692,161.692
1782519780000,161.692,161.692,161.692,161.692
1782519840000,161.692,161.692,161.692,161.692
1782519900000,161.692,161.692,161.692,161.692
1782519960000,161.692,161.692,161.692,161.692
1782520020000,161.692,161.692,161.692,161.692
1782520080000,161.692,161.692,161.692,161.692
1782520140000,161.692,161.692,161.692,161.692
1782520200000,161.692,161.692,161.692,161.692
1782520260000,161.692,161.692,161.692,161.692
1782520320000,161.692,161.692,161.692,161.692
1782520380000,161.692,161.692,161.692,161.692
1782520440000,161.692,161.692,161.692,161.692
1782520500000,161.692,161.692,161.692,161.692
1782520560000,161.692,161.692,161.692,161.692
1782520620000,161.692,161.692,161.692,161.692
1782520680000,161.692,161.692,161.692,161.692
1782520740000,161.692,161.692,161.692,161.692
1782520800000,161.692,161.692,161.692,161.692
1782520860000,161.692,161.692,161.692,161.692
1782520920000,161.692,161.692,161.692,161.692
1782520980000,161.692,161.692,161.692,161.692
1782521040000,161.692,161.692,161.692,161.692
1782521100000,161.692,161.692,161.692,161.692
1782521160000,161.692,161.692,161.692,161.692
1782521220000,161.692,161.692,161.692,161.692
1782521280000,161.692,161.692,161.692,161.692
1782521340000,161.692,161.692,161.692,161.692
1782521400000,161.692,161.692,161.692,161.692
1782521460000,161.692,161.692,161.692,161.692
1782521520000,161.692,161.692,161.692,161.692
1782521580000,161.692,161.692,161.692,161.692
1782521640000,161.692,161.692,161.692,161.692
1782521700000,161.692,161.692,161.692,161.692
1782521760000,161.692,161.692,161.692,161.692
1782521820000,161.692,161.692,161.692,161.692
1782521880000,161.692,161.692,161.692,161.692
1782521940000,161.692,161.692,161.692,161.692
1782522000000,161.692,161.692,161.692,161.692
1782522060000,161.692,161.692,161.692,161.692
1782522120000,161.692,161.692,161.692,161.692
1782522180000,161.692,161.692,161.692,161.692
1782522240000,161.692,161.692,161.692,161.692
1782522300000,161.692,161.692,161.692,161.692
1782522360000,161.692,161.692,161.692,161.692
1782522420000,161.692,161.692,161.692,161.692
1782522480000,161.692,161.692,161.692,161.692
1782522540000,161.692,161.692,161.692,161.692
1782522600000,161.692,161.692,161.692,161.692
1782522660000,161.692,161.692,161.692,161.692
1782522720000,161.692,161.692,161.692,161.692
1782522780000,161.692,161.692,161.692,161.692
1782522840000,161.692,161.692,161.692,161.692
1782522900000,161.692,161.692,161.692,161.692
1782522960000,161.692,161.692,161.692,161.692
1782523020000,161.692,161.692,161.692,161.692
1782523080000,161.692,161.692,161.692,161.692
1782523140000,161.692,161.692,161.692,161.692
1782523200000,161.692,161.692,161.692,161.692
1782523260000,161.692,161.692,161.692,161.692
1782523320000,161.692,161.692,161.692,161.692
1782523380000,161.692,161.692,161.692,161.692
1782523440000,161.692,161.692,161.692,161.692
1782523500000,161.692,161.692,161.692,161.692
1782523560000,161.692,161.692,161.692,161.692
1782523620000,161.692,161.692,161.692,161.692
1782523680000,161.692,161.692,161.692,161.692
1782523740000,161.692,161.692,161.692,161.692
1782523800000,161.692,161.692,161.692,161.692
1782523860000,161.692,161.692,161.692,161.692
1782523920000,161.692,161.692,161.692,161.692
1782523980000,161.692,161.692,161.692,161.692
1782524040000,161.692,161.692,161.692,161.692
1782524100000,161.692,161.692,161.692,161.692
1782524160000,161.692,161.692,161.692,161.692
1782524220000,161.692,161.692,161.692,161.692
1782524280000,161.692,161.692,161.692,161.692
1782524340000,161.692,161.692,161.692,161.692
1782524400000,161.692,161.692,161.692,161.692
1782524460000,161.692,161.692,161.692,161.692
1782524520000,161.692,161.692,161.692,161.692
1782524580000,161.692,161.692,161.692,161.692
1782524640000,161.692,161.692,161.692,161.692
1782524700000,161.692,161.692,161.692,161.692
1782524760000,161.692,161.692,161.692,161.692
1782524820000,161.692,161.692,161.692,161.692
1782524880000,161.692,161.692,161.692,161.692
1782524940000,161.692,161.692,161.692,161.692
1782525000000,161.692,161.692,161.692,161.692
1782525060000,161.692,161.692,161.692,161.692
1782525120000,161.692,161.692,161.692,161.692
1782525180000,161.692,161.692,161.692,161.692
1782525240000,161.692,161.692,161.692,161.692
1782525300000,161.692,161.692,161.692,161.692
1782525360000,161.692,161.692,161.692,161.692
1782525420000,161.692,161.692,161.692,161.692
1782525480000,161.692,161.692,161.692,161.692
1782525540000,161.692,161.692,161.692,161.692
1782525600000,161.692,161.692,161.692,161.692
1782525660000,161.692,161.692,161.692,161.692
1782525720000,161.692,161.692,161.692,161.692
1782525780000,161.692,161.692,161.692,161.692
1782525840000,161.692,161.692,161.692,161.692
1782525900000,161.692,161.692,161.692,161.692
1782525960000,161.692,161.692,161.692,161.692
1782526020000,161.692,161.692,161.692,161.692
1782526080000,161.692,161.692,161.692,161.692
1782526140000,161.692,161.692,161.692,161.692
1782526200000,161.692,161.692,161.692,161.692
1782526260000,161.692,161.692,161.692,161.692
1782526320000,161.692,161.692,161.692,161.692
1782526380000,161.692,161.692,161.692,161.692
1782526440000,161.692,161.692,161.692,161.692
1782526500000,161.692,161.692,161.692,161.692
1782526560000,161.692,161.692,161.692,161.692
1782526620000,161.692,161.692,161.692,161.692
1782526680000,161.692,161.692,161.692,161.692
1782526740000,161.692,161.692,161.692,161.692
1782526800000,161.692,161.692,161.692,161.692
1782526860000,161.692,161.692,161.692,161.692
1782526920000,161.692,161.692,161.692,161.692
1782526980000,161.692,161.692,161.692,161.692
1782527040000,161.692,161.692,161.692,161.692
1782527100000,161.692,161.692,161.692,161.692
1782527160000,161.692,161.692,161.692,161.692
1782527220000,161.692,161.692,161.692,161.692
1782527280000,161.692,161.692,161.692,161.692
1782527340000,161.692,161.692,161.692,161.692
1782527400000,161.692,161.692,161.692,161.692
1782527460000,161.692,161.692,161.692,161.692
1782527520000,161.692,161.692,161.692,161.692
1782527580000,161.692,161.692,161.692,161.692
1782527640000,161.692,161.692,161.692,161.692
1782527700000,161.692,161.692,161.692,161.692
1782527760000,161.692,161.692,161.692,161.692
1782527820000,161.692,161.692,161.692,161.692
1782527880000,161.692,161.692,161.692,161.692
1782527940000,161.692,161.692,161.692,161.692
1782528000000,161.692,161.692,161.692,161.692
1782528060000,161.692,161.692,161.692,161.692
1782528120000,161.692,161.692,161.692,161.692
1782528180000,161.692,161.692,161.692,161.692
1782528240000,161.692,161.692,161.692,161.692
1782528300000,161.692,161.692,161.692,161.692
1782528360000,161.692,161.692,161.692,161.692
1782528420000,161.692,161.692,161.692,161.692
1782528480000,161.692,161.692,161.692,161.692
1782528540000,161.692,161.692,161.692,161.692
1782528600000,161.692,161.692,161.692,161.692
1782528660000,161.692,161.692,161.692,161.692
1782528720000,161.692,161.692,161.692,161.692
1782528780000,161.692,161.692,161.692,161.692
1782528840000,161.692,161.692,161.692,161.692
1782528900000,161.692,161.692,161.692,161.692
1782528960000,161.692,161.692,161.692,161.692
1782529020000,161.692,161.692,161.692,161.692
1782529080000,161.692,161.692,161.692,161.692
1782529140000,161.692,161.692,161.692,161.692
1782529200000,161.692,161.692,161.692,161.692
1782529260000,161.692,161.692,161.692,161.692
1782529320000,161.692,161.692,161.692,161.692
1782529380000,161.692,161.692,161.692,161.692
1782529440000,161.692,161.692,161.692,161.692
1782529500000,161.692,161.692,161.692,161.692
1782529560000,161.692,161.692,161.692,161.692
1782529620000,161.692,161.692,161.692,161.692
1782529680000,161.692,161.692,161.692,161.692
1782529740000,161.692,161.692,161.692,161.692
1782529800000,161.692,161.692,161.692,161.692
1782529860000,161.692,161.692,161.692,161.692
1782529920000,161.692,161.692,161.692,161.692
1782529980000,161.692,161.692,161.692,161.692
1782530040000,161.692,161.692,161.692,161.692
1782530100000,161.692,161.692,161.692,161.692
1782530160000,161.692,161.692,161.692,161.692
1782530220000,161.692,161.692,161.692,161.692
1782530280000,161.692,161.692,161.692,161.692
1782530340000,161.692,161.692,161.692,161.692
1782530400000,161.692,161.692,161.692,161.692
1782530460000,161.692,161.692,161.692,161.692
1782530520000,161.692,161.692,161.692,161.692
1782530580000,161.692,161.692,161.692,161.692
1782530640000,161.692,161.692,161.692,161.692
1782530700000,161.692,161.692,161.692,161.692
1782530760000,161.692,161.692,161.692,161.692
1782530820000,161.692,161.692,161.692,161.692
1782530880000,161.692,161.692,161.692,161.692
1782530940000,161.692,161.692,161.692,161.692
1782531000000,161.692,161.692,161.692,161.692
1782531060000,161.692,161.692,161.692,161.692
1782531120000,161.692,161.692,161.692,161.692
1782531180000,161.692,161.692,161.692,161.692
1782531240000,161.692,161.692,161.692,161.692
1782531300000,161.692,161.692,161.692,161.692
1782531360000,161.692,161.692,161.692,161.692
1782531420000,161.692,161.692,161.692,161.692
1782531480000,161.692,161.692,161.692,161.692
1782531540000,161.692,161.692,161.692,161.692
1782531600000,161.692,161.692,161.692,161.692
1782531660000,161.692,161.692,161.692,161.692
1782531720000,161.692,161.692,161.692,161.692
1782531780000,161.692,161.692,161.692,161.692
1782531840000,161.692,161.692,161.692,161.692
1782531900000,161.692,161.692,161.692,161.692
1782531960000,161.692,161.692,161.692,161.692
1782532020000,161.692,161.692,161.692,161.692
1782532080000,161.692,161.692,161.692,161.692
1782532140000,161.692,161.692,161.692,161.692
1782532200000,161.692,161.692,161.692,161.692
1782532260000,161.692,161.692,161.692,161.692
1782532320000,161.692,161.692,161.692,161.692
1782532380000,161.692,161.692,161.692,161.692
1782532440000,161.692,161.692,161.692,161.692
1782532500000,161.692,161.692,161.692,161.692
1782532560000,161.692,161.692,161.692,161.692
1782532620000,161.692,161.692,161.692,161.692
1782532680000,161.692,161.692,161.692,161.692
1782532740000,161.692,161.692,161.692,161.692
1782532800000,161.692,161.692,161.692,161.692
1782532860000,161.692,161.692,161.692,161.692
1782532920000,161.692,161.692,161.692,161.692
1782532980000,161.692,161.692,161.692,161.692
1782533040000,161.692,161.692,161.692,161.692
1782533100000,161.692,161.692,161.692,161.692
1782533160000,161.692,161.692,161.692,161.692
1782533220000,161.692,161.692,161.692,161.692
1782533280000,161.692,161.692,161.692,161.692
1782533340000,161.692,161.692,161.692,161.692
1782533400000,161.692,161.692,161.692,161.692
1782533460000,161.692,161.692,161.692,161.692
1782533520000,161.692,161.692,161.692,161.692
1782533580000,161.692,161.692,161.692,161.692
1782533640000,161.692,161.692,161.692,161.692
1782533700000,161.692,161.692,161.692,161.692
1782533760000,161.692,161.692,161.692,161.692
1782533820000,161.692,161.692,161.692,161.692
1782533880000,161.692,161.692,161.692,161.692
1782533940000,161.692,161.692,161.692,161.692
1782534000000,161.692,161.692,161.692,161.692
1782534060000,161.692,161.692,161.692,161.692
1782534120000,161.692,161.692,161.692,161.692
1782534180000,161.692,161.692,161.692,161.692
1782534240000,161.692,161.692,161.692,161.692
1782534300000,161.692,161.692,161.692,161.692
1782534360000,161.692,161.692,161.692,161.692
1782534420000,161.692,161.692,161.692,161.692
1782534480000,161.692,161.692,161.692,161.692
1782534540000,161.692,161.692,161.692,161.692
1782534600000,161.692,161.692,161.692,161.692
1782534660000,161.692,161.692,161.692,161.692
1782534720000,161.692,161.692,161.692,161.692
1782534780000,161.692,161.692,161.692,161.692
1782534840000,161.692,161.692,161.692,161.692
1782534900000,161.692,161.692,161.692,161.692
1782534960000,161.692,161.692,161.692,161.692
1782535020000,161.692,161.692,161.692,161.692
1782535080000,161.692,161.692,161.692,161.692
1782535140000,161.692,161.692,161.692,161.692
1782535200000,161.692,161.692,161.692,161.692
1782535260000,161.692,161.692,161.692,161.692
1782535320000,161.692,161.692,161.692,161.692
1782535380000,161.692,161.692,161.692,161.692
1782535440000,161.692,161.692,161.692,161.692
1782535500000,161.692,161.692,161.692,161.692
1782535560000,161.692,161.692,161.692,161.692
1782535620000,161.692,161.692,161.692,161.692
1782535680000,161.692,161.692,161.692,161.692
1782535740000,161.692,161.692,161.692,161.692
1782535800000,161.692,161.692,161.692,161.692
1782535860000,161.692,161.692,161.692,161.692
1782535920000,161.692,161.692,161.692,161.692
1782535980000,161.692,161.692,161.692,161.692
1782536040000,161.692,161.692,161.692,161.692
1782536100000,161.692,161.692,161.692,161.692
1782536160000,161.692,161.692,161.692,161.692
1782536220000,161.692,161.692,161.692,161.692
1782536280000,161.692,161.692,161.692,161.692
1782536340000,161.692,161.692,161.692,161.692
1782536400000,161.692,161.692,161.692,161.692
1782536460000,161.692,161.692,161.692,161.692
1782536520000,161.692,161.692,161.692,161.692
1782536580000,161.692,161.692,161.692,161.692
1782536640000,161.692,161.692,161.692,161.692
1782536700000,161.692,161.692,161.692,161.692
1782536760000,161.692,161.692,161.692,161.692
1782536820000,161.692,161.692,161.692,161.692
1782536880000,161.692,161.692,161.692,161.692
1782536940000,161.692,161.692,161.692,161.692
1782537000000,161.692,161.692,161.692,161.692
1782537060000,161.692,161.692,161.692,161.692
1782537120000,161.692,161.692,161.692,161.692
1782537180000,161.692,161.692,161.692,161.692
1782537240000,161.692,161.692,161.692,161.692
1782537300000,161.692,161.692,161.692,161.692
1782537360000,161.692,161.692,161.692,161.692
1782537420000,161.692,161.692,161.692,161.692
1782537480000,161.692,161.692,161.692,161.692
1782537540000,161.692,161.692,161.692,161.692
1782537600000,161.692,161.692,161.692,161.692
1782537660000,161.692,161.692,161.692,161.692
1782537720000,161.692,161.692,161.692,161.692
1782537780000,161.692,161.692,161.692,161.692
1782537840000,161.692,161.692,161.692,161.692
1782537900000,161.692,161.692,161.692,161.692
1782537960000,161.692,161.692,161.692,161.692
1782538020000,161.692,161.692,161.692,161.692
1782538080000,161.692,161.692,161.692,161.692
1782538140000,161.692,161.692,161.692,161.692
1782538200000,161.692,161.692,161.692,161.692
1782538260000,161.692,161.692,161.692,161.692
1782538320000,161.692,161.692,161.692,161.692
1782538380000,161.692,161.692,161.692,161.692
1782538440000,161.692,161.692,161.692,161.692
1782538500000,161.692,161.692,161.692,161.692
1782538560000,161.692,161.692,161.692,161.692
1782538620000,161.692,161.692,161.692,161.692
1782538680000,161.692,161.692,161.692,161.692
1782538740000,161.692,161.692,161.692,161.692
1782538800000,161.692,161.692,161.692,161.692
1782538860000,161.692,161.692,161.692,161.692
1782538920000,161.692,161.692,161.692,161.692
1782538980000,161.692,161.692,161.692,161.692
1782539040000,161.692,161.692,161.692,161.692
1782539100000,161.692,161.692,161.692,161.692
1782539160000,161.692,161.692,161.692,161.692
1782539220000,161.692,161.692,161.692,161.692
1782539280000,161.692,161.692,161.692,161.692
1782539340000,161.692,161.692,161.692,161.692
1782539400000,161.692,161.692,161.692,161.692
1782539460000,161.692,161.692,161.692,161.692
1782539520000,161.692,161.692,161.692,161.692
1782539580000,161.692,161.692,161.692,161.692
1782539640000,161.692,161.692,161.692,161.692
1782539700000,161.692,161.692,161.692,161.692
1782539760000,161.692,161.692,161.692,161.692
1782539820000,161.692,161.692,161.692,161.692
1782539880000,161.692,161.692,161.692,161.692
1782539940000,161.692,161.692,161.692,161.692
1782540000000,161.692,161.692,161.692,161.692
1782540060000,161.692,161.692,161.692,161.692
1782540120000,161.692,161.692,161.692,161.692
1782540180000,161.692,161.692,161.692,161.692
1782540240000,161.692,161.692,161.692,161.692
1782540300000,161.692,161.692,161.692,161.692
1782540360000,161.692,161.692,161.692,161.692
1782540420000,161.692,161.692,161.692,161.692
1782540480000,161.692,161.692,161.692,161.692
1782540540000,161.692,161.692,161.692,161.692
1782540600000,161.692,161.692,161.692,161.692
1782540660000,161.692,161.692,161.692,161.692
1782540720000,161.692,161.692,161.692,161.692
1782540780000,161.692,161.692,161.692,161.692
1782540840000,161.692,161.692,161.692,161.692
1782540900000,161.692,161.692,161.692,161.692
1782540960000,161.692,161.692,161.692,161.692
1782541020000,161.692,161.692,161.692,161.692
1782541080000,161.692,161.692,161.692,161.692
1782541140000,161.692,161.692,161.692,161.692
1782541200000,161.692,161.692,161.692,161.692
1782541260000,161.692,161.692,161.692,161.692
1782541320000,161.692,161.692,161.692,161.692
1782541380000,161.692,161.692,161.692,161.692
1782541440000,161.692,161.692,161.692,161.692
1782541500000,161.692,161.692,161.692,161.692
1782541560000,161.692,161.692,161.692,161.692
1782541620000,161.692,161.692,161.692,161.692
1782541680000,161.692,161.692,161.692,161.692
1782541740000,161.692,161.692,161.692,161.692
1782541800000,161.692,161.692,161.692,161.692
1782541860000,161.692,161.692,161.692,161.692
1782541920000,161.692,161.692,161.692,161.692
1782541980000,161.692,161.692,161.692,161.692
1782542040000,161.692,161.692,161.692,161.692
1782542100000,161.692,161.692,161.692,161.692
1782542160000,161.692,161.692,161.692,161.692
1782542220000,161.692,161.692,161.692,161.692
1782542280000,161.692,161.692,161.692,161.692
1782542340000,161.692,161.692,161.692,161.692
1782542400000,161.692,161.692,161.692,161.692
1782542460000,161.692,161.692,161.692,161.692
1782542520000,161.692,161.692,161.692,161.692
1782542580000,161.692,161.692,161.692,161.692
1782542640000,161.692,161.692,161.692,161.692
1782542700000,161.692,161.692,161.692,161.692
1782542760000,161.692,161.692,161.692,161.692
1782542820000,161.692,161.692,161.692,161.692
1782542880000,161.692,161.692,161.692,161.692
1782542940000,161.692,161.692,161.692,161.692
1782543000000,161.692,161.692,161.692,161.692
1782543060000,161.692,161.692,161.692,161.692
1782543120000,161.692,161.692,161.692,161.692
1782543180000,161.692,161.692,161.692,161.692
1782543240000,161.692,161.692,161.692,161.692
1782543300000,161.692,161.692,161.692,161.692
1782543360000,161.692,161.692,161.692,161.692
1782543420000,161.692,161.692,161.692,161.692
1782543480000,161.692,161.692,161.692,161.692
1782543540000,161.692,161.692,161.692,161.692
1782543600000,161.692,161.692,161.692,161.692
1782543660000,161.692,161.692,161.692,161.692
1782543720000,161.692,161.692,161.692,161.692
1782543780000,161.692,161.692,161.692,161.692
1782543840000,161.692,161.692,161.692,161.692
1782543900000,161.692,161.692,161.692,161.692
1782543960000,161.692,161.692,161.692,161.692
1782544020000,161.692,161.692,161.692,161.692
1782544080000,161.692,161.692,161.692,161.692
1782544140000,161.692,161.692,161.692,161.692
1782544200000,161.692,161.692,161.692,161.692
1782544260000,161.692,161.692,161.692,161.692
1782544320000,161.692,161.692,161.692,161.692
1782544380000,161.692,161.692,161.692,161.692
1782544440000,161.692,161.692,161.692,161.692
1782544500000,161.692,161.692,161.692,161.692
1782544560000,161.692,161.692,161.692,161.692
1782544620000,161.692,161.692,161.692,161.692
1782544680000,161.692,161.692,161.692,161.692
1782544740000,161.692,161.692,161.692,161.692
1782544800000,161.692,161.692,161.692,161.692
1782544860000,161.692,161.692,161.692,161.692
1782544920000,161.692,161.692,161.692,161.692
1782544980000,161.692,161.692,161.692,161.692
1782545040000,161.692,161.692,161.692,161.692
1782545100000,161.692,161.692,161.692,161.692
1782545160000,161.692,161.692,161.692,161.692
1782545220000,161.692,161.692,161.692,161.692
1782545280000,161.692,161.692,161.692,161.692
1782545340000,161.692,161.692,161.692,161.692
1782545400000,161.692,161.692,161.692,161.692
1782545460000,161.692,161.692,161.692,161.692
1782545520000,161.692,161.692,161.692,161.692
1782545580000,161.692,161.692,161.692,161.692
1782545640000,161.692,161.692,161.692,161.692
1782545700000,161.692,161.692,161.692,161.692
1782545760000,161.692,161.692,161.692,161.692
1782545820000,161.692,161.692,161.692,161.692
1782545880000,161.692,161.692,161.692,161.692
1782545940000,161.692,161.692,161.692,161.692
1782546000000,161.692,161.692,161.692,161.692
1782546060000,161.692,161.692,161.692,161.692
1782546120000,161.692,161.692,161.692,161.692
1782546180000,161.692,161.692,161.692,161.692
1782546240000,161.692,161.692,161.692,161.692
1782546300000,161.692,161.692,161.692,161.692
1782546360000,161.692,161.692,161.692,161.692
1782546420000,161.692,161.692,161.692,161.692
1782546480000,161.692,161.692,161.692,161.692
1782546540000,161.692,161.692,161.692,161.692
1782546600000,161.692,161.692,161.692,161.692
1782546660000,161.692,161.692,161.692,161.692
1782546720000,161.692,161.692,161.692,161.692
1782546780000,161.692,161.692,161.692,161.692
1782546840000,161.692,161.692,161.692,161.692
1782546900000,161.692,161.692,161.692,161.692
1782546960000,161.692,161.692,161.692,161.692
1782547020000,161.692,161.692,161.692,161.692
1782547080000,161.692,161.692,161.692,161.692
1782547140000,161.692,161.692,161.692,161.692
1782547200000,161.692,161.692,161.692,161.692
1782547260000,161.692,161.692,161.692,161.692
1782547320000,161.692,161.692,161.692,161.692
1782547380000,161.692,161.692,161.692,161.692
1782547440000,161.692,161.692,161.692,161.692
1782547500000,161.692,161.692,161.692,161.692
1782547560000,161.692,161.692,161.692,161.692
1782547620000,161.692,161.692,161.692,161.692
1782547680000,161.692,161.692,161.692,161.692
1782547740000,161.692,161.692,161.692,161.692
1782547800000,161.692,161.692,161.692,161.692
1782547860000,161.692,161.692,161.692,161.692
1782547920000,161.692,161.692,161.692,161.692
1782547980000,161.692,161.692,161.692,161.692
1782548040000,161.692,161.692,161.692,161.692
1782548100000,161.692,161.692,161.692,161.692
1782548160000,161.692,161.692,161.692,161.692
1782548220000,161.692,161.692,161.692,161.692
1782548280000,161.692,161.692,161.692,161.692
1782548340000,161.692,161.692,161.692,161.692
1782548400000,161.692,161.692,161.692,161.692
1782548460000,161.692,161.692,161.692,161.692
1782548520000,161.692,161.692,161.692,161.692
1782548580000,161.692,161.692,161.692,161.692
1782548640000,161.692,161.692,161.692,161.692
1782548700000,161.692,161.692,161.692,161.692
1782548760000,161.692,161.692,161.692,161.692
1782548820000,161.692,161.692,161.692,161.692
1782548880000,161.692,161.692,161.692,161.692
1782548940000,161.692,161.692,161.692,161.692
1782549000000,161.692,161.692,161.692,161.692
1782549060000,161.692,161.692,161.692,161.692
1782549120000,161.692,161.692,161.692,161.692
1782549180000,161.692,161.692,161.692,161.692
1782549240000,161.692,161.692,161.692,161.692
1782549300000,161.692,161.692,161.692,161.692
1782549360000,161.692,161.692,161.692,161.692
1782549420000,161.692,161.692,161.692,161.692
1782549480000,161.692,161.692,161.692,161.692
1782549540000,161.692,161.692,161.692,161.692
1782549600000,161.692,161.692,161.692,161.692
1782549660000,161.692,161.692,161.692,161.692
1782549720000,161.692,161.692,161.692,161.692
1782549780000,161.692,161.692,161.692,161.692
1782549840000,161.692,161.692,161.692,161.692
1782549900000,161.692,161.692,161.692,161.692
1782549960000,161.692,161.692,161.692,161.692
1782550020000,161.692,161.692,161.692,161.692
1782550080000,161.692,161.692,161.692,161.692
1782550140000,161.692,161.692,161.692,161.692
1782550200000,161.692,161.692,161.692,161.692
1782550260000,161.692,161.692,161.692,161.692
1782550320000,161.692,161.692,161.692,161.692
1782550380000,161.692,161.692,161.692,161.692
1782550440000,161.692,161.692,161.692,161.692
1782550500000,161.692,161.692,161.692,161.692
1782550560000,161.692,161.692,161.692,161.692
1782550620000,161.692,161.692,161.692,161.692
1782550680000,161.692,161.692,161.692,161.692
1782550740000,161.692,161.692,161.692,161.692
1782550800000,161.692,161.692,161.692,161.692
1782550860000,161.692,161.692,161.692,161.692
1782550920000,161.692,161.692,161.692,161.692
1782550980000,161.692,161.692,161.692,161.692
1782551040000,161.692,161.692,161.692,161.692
1782551100000,161.692,161.692,161.692,161.692
1782551160000,161.692,161.692,161.692,161.692
1782551220000,161.692,161.692,161.692,161.692
1782551280000,161.692,161.692,161.692,161.692
1782551340000,161.692,161.692,161.692,161.692
1782551400000,161.692,161.692,161.692,161.692
1782551460000,161.692,161.692,161.692,161.692
1782551520000,161.692,161.692,161.692,161.692
1782551580000,161.692,161.692,161.692,161.692
1782551640000,161.692,161.692,161.692,161.692
1782551700000,161.692,161.692,161.692,161.692
1782551760000,161.692,161.692,161.692,161.692
1782551820000,161.692,161.692,161.692,161.692
1782551880000,161.692,161.692,161.692,161.692
1782551940000,161.692,161.692,161.692,161.692
1782552000000,161.692,161.692,161.692,161.692
1782552060000,161.692,161.692,161.692,161.692
1782552120000,161.692,161.692,161.692,161.692
1782552180000,161.692,161.692,161.692,161.692
1782552240000,161.692,161.692,161.692,161.692
1782552300000,161.692,161.692,161.692,161.692
1782552360000,161.692,161.692,161.692,161.692
1782552420000,161.692,161.692,161.692,161.692
1782552480000,161.692,161.692,161.692,161.692
1782552540000,161.692,161.692,161.692,161.692
1782552600000,161.692,161.692,161.692,161.692
1782552660000,161.692,161.692,161.692,161.692
1782552720000,161.692,161.692,161.692,161.692
1782552780000,161.692,161.692,161.692,161.692
1782552840000,161.692,161.692,161.692,161.692
1782552900000,161.692,161.692,161.692,161.692
1782552960000,161.692,161.692,161.692,161.692
1782553020000,161.692,161.692,161.692,161.692
1782553080000,161.692,161.692,161.692,161.692
1782553140000,161.692,161.692,161.692,161.692
1782553200000,161.692,161.692,161.692,161.692
1782553260000,161.692,161.692,161.692,161.692
1782553320000,161.692,161.692,161.692,161.692
1782553380000,161.692,161.692,161.692,161.692
1782553440000,161.692,161.692,161.692,161.692
1782553500000,161.692,161.692,161.692,161.692
1782553560000,161.692,161.692,161.692,161.692
1782553620000,161.692,161.692,161.692,161.692
1782553680000,161.692,161.692,161.692,161.692
1782553740000,161.692,161.692,161.692,161.692
1782553800000,161.692,161.692,161.692,161.692
1782553860000,161.692,161.692,161.692,161.692
1782553920000,161.692,161.692,161.692,161.692
1782553980000,161.692,161.692,161.692,161.692
1782554040000,161.692,161.692,161.692,161.692
1782554100000,161.692,161.692,161.692,161.692
1782554160000,161.692,161.692,161.692,161.692
1782554220000,161.692,161.692,161.692,161.692
1782554280000,161.692,161.692,161.692,161.692
1782554340000,161.692,161.692,161.692,161.692
1782554400000,161.692,161.692,161.692,161.692
1782554460000,161.692,161.692,161.692,161.692
1782554520000,161.692,161.692,161.692,161.692
1782554580000,161.692,161.692,161.692,161.692
1782554640000,161.692,161.692,161.692,161.692
1782554700000,161.692,161.692,161.692,161.692
1782554760000,161.692,161.692,161.692,161.692
1782554820000,161.692,161.692,161.692,161.692
1782554880000,161.692,161.692,161.692,161.692
1782554940000,161.692,161.692,161.692,161.692
1782555000000,161.692,161.692,161.692,161.692
1782555060000,161.692,161.692,161.692,161.692
1782555120000,161.692,161.692,161.692,161.692
1782555180000,161.692,161.692,161.692,161.692
1782555240000,161.692,161.692,161.692,161.692
1782555300000,161.692,161.692,161.692,161.692
1782555360000,161.692,161.692,161.692,161.692
1782555420000,161.692,161.692,161.692,161.692
1782555480000,161.692,161.692,161.692,161.692
1782555540000,161.692,161.692,161.692,161.692
1782555600000,161.692,161.692,161.692,161.692
1782555660000,161.692,161.692,161.692,161.692
1782555720000,161.692,161.692,161.692,161.692
1782555780000,161.692,161.692,161.692,161.692
1782555840000,161.692,161.692,161.692,161.692
1782555900000,161.692,161.692,161.692,161.692
1782555960000,161.692,161.692,161.692,161.692
1782556020000,161.692,161.692,161.692,161.692
1782556080000,161.692,161.692,161.692,161.692
1782556140000,161.692,161.692,161.692,161.692
1782556200000,161.692,161.692,161.692,161.692
1782556260000,161.692,161.692,161.692,161.692
1782556320000,161.692,161.692,161.692,161.692
1782556380000,161.692,161.692,161.692,161.692
1782556440000,161.692,161.692,161.692,161.692
1782556500000,161.692,161.692,161.692,161.692
1782556560000,161.692,161.692,161.692,161.692
1782556620000,161.692,161.692,161.692,161.692
1782556680000,161.692,161.692,161.692,161.692
1782556740000,161.692,161.692,161.692,161.692
1782556800000,161.692,161.692,161.692,161.692
1782556860000,161.692,161.692,161.692,161.692
1782556920000,161.692,161.692,161.692,161.692
1782556980000,161.692,161.692,161.692,161.692
1782557040000,161.692,161.692,161.692,161.692
1782557100000,161.692,161.692,161.692,161.692
1782557160000,161.692,161.692,161.692,161.692
1782557220000,161.692,161.692,161.692,161.692
1782557280000,161.692,161.692,161.692,161.692
1782557340000,161.692,161.692,161.692,161.692
1782557400000,161.692,161.692,161.692,161.692
1782557460000,161.692,161.692,161.692,161.692
1782557520000,161.692,161.692,161.692,161.692
1782557580000,161.692,161.692,161.692,161.692
1782557640000,161.692,161.692,161.692,161.692
1782557700000,161.692,161.692,161.692,161.692
1782557760000,161.692,161.692,161.692,161.692
1782557820000,161.692,161.692,161.692,161.692
1782557880000,161.692,161.692,161.692,161.692
1782557940000,161.692,161.692,161.692,161.692
1782558000000,161.692,161.692,161.692,161.692
1782558060000,161.692,161.692,161.692,161.692
1782558120000,161.692,161.692,161.692,161.692
1782558180000,161.692,161.692,161.692,161.692
1782558240000,161.692,161.692,161.692,161.692
1782558300000,161.692,161.692,161.692,161.692
1782558360000,161.692,161.692,161.692,161.692
1782558420000,161.692,161.692,161.692,161.692
1782558480000,161.692,161.692,161.692,161.692
1782558540000,161.692,161.692,161.692,161.692
1782558600000,161.692,161.692,161.692,161.692
1782558660000,161.692,161.692,161.692,161.692
1782558720000,161.692,161.692,161.692,161.692
1782558780000,161.692,161.692,161.692,161.692
1782558840000,161.692,161.692,161.692,161.692
1782558900000,161.692,161.692,161.692,161.692
1782558960000,161.692,161.692,161.692,161.692
1782559020000,161.692,161.692,161.692,161.692
1782559080000,161.692,161.692,161.692,161.692
1782559140000,161.692,161.692,161.692,161.692
1782559200000,161.692,161.692,161.692,161.692
1782559260000,161.692,161.692,161.692,161.692
1782559320000,161.692,161.692,161.692,161.692
1782559380000,161.692,161.692,161.692,161.692
1782559440000,161.692,161.692,161.692,161.692
1782559500000,161.692,161.692,161.692,161.692
1782559560000,161.692,161.692,161.692,161.692
1782559620000,161.692,161.692,161.692,161.692
1782559680000,161.692,161.692,161.692,161.692
1782559740000,161.692,161.692,161.692,161.692
1782559800000,161.692,161.692,161.692,161.692
1782559860000,161.692,161.692,161.692,161.692
1782559920000,161.692,161.692,161.692,161.692
1782559980000,161.692,161.692,161.692,161.692
1782560040000,161.692,161.692,161.692,161.692
1782560100000,161.692,161.692,161.692,161.692
1782560160000,161.692,161.692,161.692,161.692
1782560220000,161.692,161.692,161.692,161.692
1782560280000,161.692,161.692,161.692,161.692
1782560340000,161.692,161.692,161.692,161.692
1782560400000,161.692,161.692,161.692,161.692
1782560460000,161.692,161.692,161.692,161.692
1782560520000,161.692,161.692,161.692,161.692
1782560580000,161.692,161.692,161.692,161.692
1782560640000,161.692,161.692,161.692,161.692
1782560700000,161.692,161.692,161.692,161.692
1782560760000,161.692,161.692,161.692,161.692
1782560820000,161.692,161.692,161.692,161.692
1782560880000,161.692,161.692,161.692,161.692
1782560940000,161.692,161.692,161.692,161.692
1782561000000,161.692,161.692,161.692,161.692
1782561060000,161.692,161.692,161.692,161.692
1782561120000,161.692,161.692,161.692,161.692
1782561180000,161.692,161.692,161.692,161.692
1782561240000,161.692,161.692,161.692,161.692
1782561300000,161.692,161.692,161.692,161.692
1782561360000,161.692,161.692,161.692,161.692
1782561420000,161.692,161.692,161.692,161.692
1782561480000,161.692,161.692,161.692,161.692
1782561540000,161.692,161.692,161.692,161.692
1782561600000,161.692,161.692,161.692,161.692
1782561660000,161.692,161.692,161.692,161.692
1782561720000,161.692,161.692,161.692,161.692
1782561780000,161.692,161.692,161.692,161.692
1782561840000,161.692,161.692,161.692,161.692
1782561900000,161.692,161.692,161.692,161.692
1782561960000,161.692,161.692,161.692,161.692
1782562020000,161.692,161.692,161.692,161.692
1782562080000,161.692,161.692,161.692,161.692
1782562140000,161.692,161.692,161.692,161.692
1782562200000,161.692,161.692,161.692,161.692
1782562260000,161.692,161.692,161.692,161.692
1782562320000,161.692,161.692,161.692,161.692
1782562380000,161.692,161.692,161.692,161.692
1782562440000,161.692,161.692,161.692,161.692
1782562500000,161.692,161.692,161.692,161.692
1782562560000,161.692,161.692,161.692,161.692
1782562620000,161.692,161.692,161.692,161.692
1782562680000,161.692,161.692,161.692,161.692
1782562740000,161.692,161.692,161.692,161.692
1782562800000,161.692,161.692,161.692,161.692
1782562860000,161.692,161.692,161.692,161.692
1782562920000,161.692,161.692,161.692,161.692
1782562980000,161.692,161.692,161.692,161.692
1782563040000,161.692,161.692,161.692,161.692
1782563100000,161.692,161.692,161.692,161.692
1782563160000,161.692,161.692,161.692,161.692
1782563220000,161.692,161.692,161.692,161.692
1782563280000,161.692,161.692,161.692,161.692
1782563340000,161.692,161.692,161.692,161.692
1782563400000,161.692,161.692,161.692,161.692
1782563460000,161.692,161.692,161.692,161.692
1782563520000,161.692,161.692,161.692,161.692
1782563580000,161.692,161.692,161.692,161.692
1782563640000,161.692,161.692,161.692,161.692
1782563700000,161.692,161.692,161.692,161.692
1782563760000,161.692,161.692,161.692,161.692
1782563820000,161.692,161.692,161.692,161.692
1782563880000,161.692,161.692,161.692,161.692
1782563940000,161.692,161.692,161.692,161.692
1782564000000,161.692,161.692,161.692,161.692
1782564060000,161.692,161.692,161.692,161.692
1782564120000,161.692,161.692,161.692,161.692
1782564180000,161.692,161.692,161.692,161.692
1782564240000,161.692,161.692,161.692,161.692
1782564300000,161.692,161.692,161.692,161.692
1782564360000,161.692,161.692,161.692,161.692
1782564420000,161.692,161.692,161.692,161.692
1782564480000,161.692,161.692,161.692,161.692
1782564540000,161.692,161.692,161.692,161.692
1782564600000,161.692,161.692,161.692,161.692
1782564660000,161.692,161.692,161.692,161.692
1782564720000,161.692,161.692,161.692,161.692
1782564780000,161.692,161.692,161.692,161.692
1782564840000,161.692,161.692,161.692,161.692
1782564900000,161.692,161.692,161.692,161.692
1782564960000,161.692,161.692,161.692,161.692
1782565020000,161.692,161.692,161.692,161.692
1782565080000,161.692,161.692,161.692,161.692
1782565140000,161.692,161.692,161.692,161.692
1782565200000,161.692,161.692,161.692,161.692
1782565260000,161.692,161.692,161.692,161.692
1782565320000,161.692,161.692,161.692,161.692
1782565380000,161.692,161.692,161.692,161.692
1782565440000,161.692,161.692,161.692,161.692
1782565500000,161.692,161.692,161.692,161.692
1782565560000,161.692,161.692,161.692,161.692
1782565620000,161.692,161.692,161.692,161.692
1782565680000,161.692,161.692,161.692,161.692
1782565740000,161.692,161.692,161.692,161.692
1782565800000,161.692,161.692,161.692,161.692
1782565860000,161.692,161.692,161.692,161.692
1782565920000,161.692,161.692,161.692,161.692
1782565980000,161.692,161.692,161.692,161.692
1782566040000,161.692,161.692,161.692,161.692
1782566100000,161.692,161.692,161.692,161.692
1782566160000,161.692,161.692,161.692,161.692
1782566220000,161.692,161.692,161.692,161.692
1782566280000,161.692,161.692,161.692,161.692
1782566340000,161.692,161.692,161.692,161.692
1782566400000,161.692,161.692,161.692,161.692
1782566460000,161.692,161.692,161.692,161.692
1782566520000,161.692,161.692,161.692,161.692
1782566580000,161.692,161.692,161.692,161.692
1782566640000,161.692,161.692,161.692,161.692
1782566700000,161.692,161.692,161.692,161.692
1782566760000,161.692,161.692,161.692,161.692
1782566820000,161.692,161.692,161.692,161.692
1782566880000,161.692,161.692,161.692,161.692
1782566940000,161.692,161.692,161.692,161.692
1782567000000,161.692,161.692,161.692,161.692
1782567060000,161.692,161.692,161.692,161.692
1782567120000,161.692,161.692,161.692,161.692
1782567180000,161.692,161.692,161.692,161.692
1782567240000,161.692,161.692,161.692,161.692
1782567300000,161.692,161.692,161.692,161.692
1782567360000,161.692,161.692,161.692,161.692
1782567420000,161.692,161.692,161.692,161.692
1782567480000,161.692,161.692,161.692,161.692
1782567540000,161.692,161.692,161.692,161.692
1782567600000,161.692,161.692,161.692,161.692
1782567660000,161.692,161.692,161.692,161.692
1782567720000,161.692,161.692,161.692,161.692
1782567780000,161.692,161.692,161.692,161.692
1782567840000,161.692,161.692,161.692,161.692
1782567900000,161.692,161.692,161.692,161.692
1782567960000,161.692,161.692,161.692,161.692
1782568020000,161.692,161.692,161.692,161.692
1782568080000,161.692,161.692,161.692,161.692
1782568140000,161.692,161.692,161.692,161.692
1782568200000,161.692,161.692,161.692,161.692
1782568260000,161.692,161.692,161.692,161.692
1782568320000,161.692,161.692,161.692,161.692
1782568380000,161.692,161.692,161.692,161.692
1782568440000,161.692,161.692,161.692,161.692
1782568500000,161.692,161.692,161.692,161.692
1782568560000,161.692,161.692,161.692,161.692
1782568620000,161.692,161.692,161.692,161.692
1782568680000,161.692,161.692,161.692,161.692
1782568740000,161.692,161.692,161.692,161.692
1782568800000,161.692,161.692,161.692,161.692
1782568860000,161.692,161.692,161.692,161.692
1782568920000,161.692,161.692,161.692,161.692
1782568980000,161.692,161.692,161.692,161.692
1782569040000,161.692,161.692,161.692,161.692
1782569100000,161.692,161.692,161.692,161.692
1782569160000,161.692,161.692,161.692,161.692
1782569220000,161.692,161.692,161.692,161.692
1782569280000,161.692,161.692,161.692,161.692
1782569340000,161.692,161.692,161.692,161.692
1782569400000,161.692,161.692,161.692,161.692
1782569460000,161.692,161.692,161.692,161.692
1782569520000,161.692,161.692,161.692,161.692
1782569580000,161.692,161.692,161.692,161.692
1782569640000,161.692,161.692,161.692,161.692
1782569700000,161.692,161.692,161.692,161.692
1782569760000,161.692,161.692,161.692,161.692
1782569820000,161.692,161.692,161.692,161.692
1782569880000,161.692,161.692,161.692,161.692
1782569940000,161.692,161.692,161.692,161.692
1782570000000,161.692,161.692,161.692,161.692
1782570060000,161.692,161.692,161.692,161.692
1782570120000,161.692,161.692,161.692,161.692
1782570180000,161.692,161.692,161.692,161.692
1782570240000,161.692,161.692,161.692,161.692
1782570300000,161.692,161.692,161.692,161.692
1782570360000,161.692,161.692,161.692,161.692
1782570420000,161.692,161.692,161.692,161.692
1782570480000,161.692,161.692,161.692,161.692
1782570540000,161.692,161.692,161.692,161.692
1782570600000,161.692,161.692,161.692,161.692
1782570660000,161.692,161.692,161.692,161.692
1782570720000,161.692,161.692,161.692,161.692
1782570780000,161.692,161.692,161.692,161.692
1782570840000,161.692,161.692,161.692,161.692
1782570900000,161.692,161.692,161.692,161.692
1782570960000,161.692,161.692,161.692,161.692
1782571020000,161.692,161.692,161.692,161.692
1782571080000,161.692,161.692,161.692,161.692
1782571140000,161.692,161.692,161.692,161.692
1782571200000,161.692,161.692,161.692,161.692
1782571260000,161.692,161.692,161.692,161.692
1782571320000,161.692,161.692,161.692,161.692
1782571380000,161.692,161.692,161.692,161.692
1782571440000,161.692,161.692,161.692,161.692
1782571500000,161.692,161.692,161.692,161.692
1782571560000,161.692,161.692,161.692,161.692
1782571620000,161.692,161.692,161.692,161.692
1782571680000,161.692,161.692,161.692,161.692
1782571740000,161.692,161.692,161.692,161.692
1782571800000,161.692,161.692,161.692,161.692
1782571860000,161.692,161.692,161.692,161.692
1782571920000,161.692,161.692,161.692,161.692
1782571980000,161.692,161.692,161.692,161.692
1782572040000,161.692,161.692,161.692,161.692
1782572100000,161.692,161.692,161.692,161.692
1782572160000,161.692,161.692,161.692,161.692
1782572220000,161.692,161.692,161.692,161.692
1782572280000,161.692,161.692,161.692,161.692
1782572340000,161.692,161.692,161.692,161.692
1782572400000,161.692,161.692,161.692,161.692
1782572460000,161.692,161.692,161.692,161.692
1782572520000,161.692,161.692,161.692,161.692
1782572580000,161.692,161.692,161.692,161.692
1782572640000,161.692,161.692,161.692,161.692
1782572700000,161.692,161.692,161.692,161.692
1782572760000,161.692,161.692,161.692,161.692
1782572820000,161.692,161.692,161.692,161.692
1782572880000,161.692,161.692,161.692,161.692
1782572940000,161.692,161.692,161.692,161.692
1782573000000,161.692,161.692,161.692,161.692
1782573060000,161.692,161.692,161.692,161.692
1782573120000,161.692,161.692,161.692,161.692
1782573180000,161.692,161.692,161.692,161.692
1782573240000,161.692,161.692,161.692,161.692
1782573300000,161.692,161.692,161.692,161.692
1782573360000,161.692,161.692,161.692,161.692
1782573420000,161.692,161.692,161.692,161.692
1782573480000,161.692,161.692,161.692,161.692
1782573540000,161.692,161.692,161.692,161.692
1782573600000,161.692,161.692,161.692,161.692
1782573660000,161.692,161.692,161.692,161.692
1782573720000,161.692,161.692,161.692,161.692
1782573780000,161.692,161.692,161.692,161.692
1782573840000,161.692,161.692,161.692,161.692
1782573900000,161.692,161.692,161.692,161.692
1782573960000,161.692,161.692,161.692,161.692
1782574020000,161.692,161.692,161.692,161.692
1782574080000,161.692,161.692,161.692,161.692
1782574140000,161.692,161.692,161.692,161.692
1782574200000,161.692,161.692,161.692,161.692
1782574260000,161.692,161.692,161.692,161.692
1782574320000,161.692,161.692,161.692,161.692
1782574380000,161.692,161.692,161.692,161.692
1782574440000,161.692,161.692,161.692,161.692
1782574500000,161.692,161.692,161.692,161.692
1782574560000,161.692,161.692,161.692,161.692
1782574620000,161.692,161.692,161.692,161.692
1782574680000,161.692,161.692,161.692,161.692
1782574740000,161.692,161.692,161.692,161.692
1782574800000,161.692,161.692,161.692,161.692
1782574860000,161.692,161.692,161.692,161.692
1782574920000,161.692,161.692,161.692,161.692
1782574980000,161.692,161.692,161.692,161.692
1782575040000,161.692,161.692,161.692,161.692
1782575100000,161.692,161.692,161.692,161.692
1782575160000,161.692,161.692,161.692,161.692
1782575220000,161.692,161.692,161.692,161.692
1782575280000,161.692,161.692,161.692,161.692
1782575340000,161.692,161.692,161.692,161.692
1782575400000,161.692,161.692,161.692,161.692
1782575460000,161.692,161.692,161.692,161.692
1782575520000,161.692,161.692,161.692,161.692
1782575580000,161.692,161.692,161.692,161.692
1782575640000,161.692,161.692,161.692,161.692
1782575700000,161.692,161.692,161.692,161.692
1782575760000,161.692,161.692,161.692,161.692
1782575820000,161.692,161.692,161.692,161.692
1782575880000,161.692,161.692,161.692,161.692
1782575940000,161.692,161.692,161.692,161.692
1782576000000,161.692,161.692,161.692,161.692
1782576060000,161.692,161.692,161.692,161.692
1782576120000,161.692,161.692,161.692,161.692
1782576180000,161.692,161.692,161.692,161.692
1782576240000,161.692,161.692,161.692,161.692
1782576300000,161.692,161.692,161.692,161.692
1782576360000,161.692,161.692,161.692,161.692
1782576420000,161.692,161.692,161.692,161.692
1782576480000,161.692,161.692,161.692,161.692
1782576540000,161.692,161.692,161.692,161.692
1782576600000,161.692,161.692,161.692,161.692
1782576660000,161.692,161.692,161.692,161.692
1782576720000,161.692,161.692,161.692,161.692
1782576780000,161.692,161.692,161.692,161.692
1782576840000,161.692,161.692,161.692,161.692
1782576900000,161.692,161.692,161.692,161.692
1782576960000,161.692,161.692,161.692,161.692
1782577020000,161.692,161.692,161.692,161.692
1782577080000,161.692,161.692,161.692,161.692
1782577140000,161.692,161.692,161.692,161.692
1782577200000,161.692,161.692,161.692,161.692
1782577260000,161.692,161.692,161.692,161.692
1782577320000,161.692,161.692,161.692,161.692
1782577380000,161.692,161.692,161.692,161.692
1782577440000,161.692,161.692,161.692,161.692
1782577500000,161.692,161.692,161.692,161.692
1782577560000,161.692,161.692,161.692,161.692
1782577620000,161.692,161.692,161.692,161.692
1782577680000,161.692,161.692,161.692,161.692
1782577740000,161.692,161.692,161.692,161.692
1782577800000,161.692,161.692,161.692,161.692
1782577860000,161.692,161.692,161.692,161.692
1782577920000,161.692,161.692,161.692,161.692
1782577980000,161.692,161.692,161.692,161.692
1782578040000,161.692,161.692,161.692,161.692
1782578100000,161.692,161.692,161.692,161.692
1782578160000,161.692,161.692,161.692,161.692
1782578220000,161.692,161.692,161.692,161.692
1782578280000,161.692,161.692,161.692,161.692
1782578340000,161.692,161.692,161.692,161.692
1782578400000,161.692,161.692,161.692,161.692
1782578460000,161.692,161.692,161.692,161.692
1782578520000,161.692,161.692,161.692,161.692
1782578580000,161.692,161.692,161.692,161.692
1782578640000,161.692,161.692,161.692,161.692
1782578700000,161.692,161.692,161.692,161.692
1782578760000,161.692,161.692,161.692,161.692
1782578820000,161.692,161.692,161.692,161.692
1782578880000,161.692,161.692,161.692,161.692
1782578940000,161.692,161.692,161.692,161.692
1782579000000,161.692,161.692,161.692,161.692
1782579060000,161.692,161.692,161.692,161.692
1782579120000,161.692,161.692,161.692,161.692
1782579180000,161.692,161.692,161.692,161.692
1782579240000,161.692,161.692,161.692,161.692
1782579300000,161.692,161.692,161.692,161.692
1782579360000,161.692,161.692,161.692,161.692
1782579420000,161.692,161.692,161.692,161.692
1782579480000,161.692,161.692,161.692,161.692
1782579540000,161.692,161.692,161.692,161.692
1782579600000,161.692,161.692,161.692,161.692
1782579660000,161.692,161.692,161.692,161.692
1782579720000,161.692,161.692,161.692,161.692
1782579780000,161.692,161.692,161.692,161.692
1782579840000,161.692,161.692,161.692,161.692
1782579900000,161.692,161.692,161.692,161.692
1782579960000,161.692,161.692,161.692,161.692
1782580020000,161.692,161.692,161.692,161.692
1782580080000,161.692,161.692,161.692,161.692
1782580140000,161.692,161.692,161.692,161.692
1782580200000,161.692,161.692,161.692,161.692
1782580260000,161.692,161.692,161.692,161.692
1782580320000,161.692,161.692,161.692,161.692
1782580380000,161.692,161.692,161.692,161.692
1782580440000,161.692,161.692,161.692,161.692
1782580500000,161.692,161.692,161.692,161.692
1782580560000,161.692,161.692,161.692,161.692
1782580620000,161.692,161.692,161.692,161.692
1782580680000,161.692,161.692,161.692,161.692
1782580740000,161.692,161.692,161.692,161.692
1782580800000,161.692,161.692,161.692,161.692
1782580860000,161.692,161.692,161.692,161.692
1782580920000,161.692,161.692,161.692,161.692
1782580980000,161.692,161.692,161.692,161.692
1782581040000,161.692,161.692,161.692,161.692
1782581100000,161.692,161.692,161.692,161.692
1782581160000,161.692,161.692,161.692,161.692
1782581220000,161.692,161.692,161.692,161.692
1782581280000,161.692,161.692,161.692,161.692
1782581340000,161.692,161.692,161.692,161.692
1782581400000,161.692,161.692,161.692,161.692
1782581460000,161.692,161.692,161.692,161.692
1782581520000,161.692,161.692,161.692,161.692
1782581580000,161.692,161.692,161.692,161.692
1782581640000,161.692,161.692,161.692,161.692
1782581700000,161.692,161.692,161.692,161.692
1782581760000,161.692,161.692,161.692,161.692
1782581820000,161.692,161.692,161.692,161.692
1782581880000,161.692,161.692,161.692,161.692
1782581940000,161.692,161.692,161.692,161.692
1782582000000,161.692,161.692,161.692,161.692
1782582060000,161.692,161.692,161.692,161.692
1782582120000,161.692,161.692,161.692,161.692
1782582180000,161.692,161.692,161.692,161.692
1782582240000,161.692,161.692,161.692,161.692
1782582300000,161.692,161.692,161.692,161.692
1782582360000,161.692,161.692,161.692,161.692
1782582420000,161.692,161.692,161.692,161.692
1782582480000,161.692,161.692,161.692,161.692
1782582540000,161.692,161.692,161.692,161.692
1782582600000,161.692,161.692,161.692,161.692
1782582660000,161.692,161.692,161.692,161.692
1782582720000,161.692,161.692,161.692,161.692
1782582780000,161.692,161.692,161.692,161.692
1782582840000,161.692,161.692,161.692,161.692
1782582900000,161.692,161.692,161.692,161.692
1782582960000,161.692,161.692,161.692,161.692
1782583020000,161.692,161.692,161.692,161.692
1782583080000,161.692,161.692,161.692,161.692
1782583140000,161.692,161.692,161.692,161.692
1782583200000,161.692,161.692,161.692,161.692
1782583260000,161.692,161.692,161.692,161.692
1782583320000,161.692,161.692,161.692,161.692
1782583380000,161.692,161.692,161.692,161.692
1782583440000,161.692,161.692,161.692,161.692
1782583500000,161.692,161.692,161.692,161.692
1782583560000,161.692,161.692,161.692,161.692
1782583620000,161.692,161.692,161.692,161.692
1782583680000,161.692,161.692,161.692,161.692
1782583740000,161.692,161.692,161.692,161.692
1782583800000,161.692,161.692,161.692,161.692
1782583860000,161.692,161.692,161.692,161.692
1782583920000,161.692,161.692,161.692,161.692
1782583980000,161.692,161.692,161.692,161.692
1782584040000,161.692,161.692,161.692,161.692
1782584100000,161.692,161.692,161.692,161.692
1782584160000,161.692,161.692,161.692,161.692
1782584220000,161.692,161.692,161.692,161.692
1782584280000,161.692,161.692,161.692,161.692
1782584340000,161.692,161.692,161.692,161.692
1782584400000,161.692,161.692,161.692,161.692
1782584460000,161.692,161.692,161.692,161.692
1782584520000,161.692,161.692,161.692,161.692
1782584580000,161.692,161.692,161.692,161.692
1782584640000,161.692,161.692,161.692,161.692
1782584700000,161.692,161.692,161.692,161.692
1782584760000,161.692,161.692,161.692,161.692
1782584820000,161.692,161.692,161.692,161.692
1782584880000,161.692,161.692,161.692,161.692
1782584940000,161.692,161.692,161.692,161.692
1782585000000,161.692,161.692,161.692,161.692
1782585060000,161.692,161.692,161.692,161.692
1782585120000,161.692,161.692,161.692,161.692
1782585180000,161.692,161.692,161.692,161.692
1782585240000,161.692,161.692,161.692,161.692
1782585300000,161.692,161.692,161.692,161.692
1782585360000,161.692,161.692,161.692,161.692
1782585420000,161.692,161.692,161.692,161.692
1782585480000,161.692,161.692,161.692,161.692
1782585540000,161.692,161.692,161.692,161.692
1782585600000,161.692,161.692,161.692,161.692
1782585660000,161.692,161.692,161.692,161.692
1782585720000,161.692,161.692,161.692,161.692
1782585780000,161.692,161.692,161.692,161.692
1782585840000,161.692,161.692,161.692,161.692
1782585900000,161.692,161.692,161.692,161.692
1782585960000,161.692,161.692,161.692,161.692
1782586020000,161.692,161.692,161.692,161.692
1782586080000,161.692,161.692,161.692,161.692
1782586140000,161.692,161.692,161.692,161.692
1782586200000,161.692,161.692,161.692,161.692
1782586260000,161.692,161.692,161.692,161.692
1782586320000,161.692,161.692,161.692,161.692
1782586380000,161.692,161.692,161.692,161.692
1782586440000,161.692,161.692,161.692,161.692
1782586500000,161.692,161.692,161.692,161.692
1782586560000,161.692,161.692,161.692,161.692
1782586620000,161.692,161.692,161.692,161.692
1782586680000,161.692,161.692,161.692,161.692
1782586740000,161.692,161.692,161.692,161.692
1782586800000,161.692,161.692,161.692,161.692
1782586860000,161.692,161.692,161.692,161.692
1782586920000,161.692,161.692,161.692,161.692
1782586980000,161.692,161.692,161.692,161.692
1782587040000,161.692,161.692,161.692,161.692
1782587100000,161.692,161.692,161.692,161.692
1782587160000,161.692,161.692,161.692,161.692
1782587220000,161.692,161.692,161.692,161.692
1782587280000,161.692,161.692,161.692,161.692
1782587340000,161.692,161.692,161.692,161.692
1782587400000,161.692,161.692,161.692,161.692
1782587460000,161.692,161.692,161.692,161.692
1782587520000,161.692,161.692,161.692,161.692
1782587580000,161.692,161.692,161.692,161.692
1782587640000,161.692,161.692,161.692,161.692
1782587700000,161.692,161.692,161.692,161.692
1782587760000,161.692,161.692,161.692,161.692
1782587820000,161.692,161.692,161.692,161.692
1782587880000,161.692,161.692,161.692,161.692
1782587940000,161.692,161.692,161.692,161.692
1782588000000,161.692,161.692,161.692,161.692
1782588060000,161.692,161.692,161.692,161.692
1782588120000,161.692,161.692,161.692,161.692
1782588180000,161.692,161.692,161.692,161.692
1782588240000,161.692,161.692,161.692,161.692
1782588300000,161.692,161.692,161.692,161.692
1782588360000,161.692,161.692,161.692,161.692
1782588420000,161.692,161.692,161.692,161.692
1782588480000,161.692,161.692,161.692,161.692
1782588540000,161.692,161.692,161.692,161.692
1782588600000,161.692,161.692,161.692,161.692
1782588660000,161.692,161.692,161.692,161.692
1782588720000,161.692,161.692,161.692,161.692
1782588780000,161.692,161.692,161.692,161.692
1782588840000,161.692,161.692,161.692,161.692
1782588900000,161.692,161.692,161.692,161.692
1782588960000,161.692,161.692,161.692,161.692
1782589020000,161.692,161.692,161.692,161.692
1782589080000,161.692,161.692,161.692,161.692
1782589140000,161.692,161.692,161.692,161.692
1782589200000,161.692,161.692,161.692,161.692
1782589260000,161.692,161.692,161.692,161.692
1782589320000,161.692,161.692,161.692,161.692
1782589380000,161.692,161.692,161.692,161.692
1782589440000,161.692,161.692,161.692,161.692
1782589500000,161.692,161.692,161.692,161.692
1782589560000,161.692,161.692,161.692,161.692
1782589620000,161.692,161.692,161.692,161.692
1782589680000,161.692,161.692,161.692,161.692
1782589740000,161.692,161.692,161.692,161.692
1782589800000,161.692,161.692,161.692,161.692
1782589860000,161.692,161.692,161.692,161.692
1782589920000,161.692,161.692,161.692,161.692
1782589980000,161.692,161.692,161.692,161.692
1782590040000,161.692,161.692,161.692,161.692
1782590100000,161.692,161.692,161.692,161.692
1782590160000,161.692,161.692,161.692,161.692
1782590220000,161.692,161.692,161.692,161.692
1782590280000,161.692,161.692,161.692,161.692
1782590340000,161.692,161.692,161.692,161.692
1782590400000,161.692,161.692,161.692,161.692
1782590460000,161.692,161.692,161.692,161.692
1782590520000,161.692,161.692,161.692,161.692
1782590580000,161.692,161.692,161.692,161.692
1782590640000,161.692,161.692,161.692,161.692
1782590700000,161.692,161.692,161.692,161.692
1782590760000,161.692,161.692,161.692,161.692
1782590820000,161.692,161.692,161.692,161.692
1782590880000,161.692,161.692,161.692,161.692
1782590940000,161.692,161.692,161.692,161.692
1782591000000,161.692,161.692,161.692,161.692
1782591060000,161.692,161.692,161.692,161.692
1782591120000,161.692,161.692,161.692,161.692
1782591180000,161.692,161.692,161.692,161.692
1782591240000,161.692,161.692,161.692,161.692
1782591300000,161.692,161.692,161.692,161.692
1782591360000,161.692,161.692,161.692,161.692
1782591420000,161.692,161.692,161.692,161.692
1782591480000,161.692,161.692,161.692,161.692
1782591540000,161.692,161.692,161.692,161.692
1782591600000,161.692,161.692,161.692,161.692
1782591660000,161.692,161.692,161.692,161.692
1782591720000,161.692,161.692,161.692,161.692
1782591780000,161.692,161.692,161.692,161.692
1782591840000,161.692,161.692,161.692,161.692
1782591900000,161.692,161.692,161.692,161.692
1782591960000,161.692,161.692,161.692,161.692
1782592020000,161.692,161.692,161.692,161.692
1782592080000,161.692,161.692,161.692,161.692
1782592140000,161.692,161.692,161.692,161.692
1782592200000,161.692,161.692,161.692,161.692
1782592260000,161.692,161.692,161.692,161.692
1782592320000,161.692,161.692,161.692,161.692
1782592380000,161.692,161.692,161.692,161.692
1782592440000,161.692,161.692,161.692,161.692
1782592500000,161.692,161.692,161.692,161.692
1782592560000,161.692,161.692,161.692,161.692
1782592620000,161.692,161.692,161.692,161.692
1782592680000,161.692,161.692,161.692,161.692
1782592740000,161.692,161.692,161.692,161.692
1782592800000,161.692,161.692,161.692,161.692
1782592860000,161.692,161.692,161.692,161.692
1782592920000,161.692,161.692,161.692,161.692
1782592980000,161.692,161.692,161.692,161.692
1782593040000,161.692,161.692,161.692,161.692
1782593100000,161.692,161.692,161.692,161.692
1782593160000,161.692,161.692,161.692,161.692
1782593220000,161.692,161.692,161.692,161.692
1782593280000,161.692,161.692,161.692,161.692
1782593340000,161.692,161.692,161.692,161.692
1782593400000,161.692,161.692,161.692,161.692
1782593460000,161.692,161.692,161.692,161.692
1782593520000,161.692,161.692,161.692,161.692
1782593580000,161.692,161.692,161.692,161.692
1782593640000,161.692,161.692,161.692,161.692
1782593700000,161.692,161.692,161.692,161.692
1782593760000,161.692,161.692,161.692,161.692
1782593820000,161.692,161.692,161.692,161.692
1782593880000,161.692,161.692,161.692,161.692
1782593940000,161.692,161.692,161.692,161.692
1782594000000,161.692,161.692,161.692,161.692
1782594060000,161.692,161.692,161.692,161.692
1782594120000,161.692,161.692,161.692,161.692
1782594180000,161.692,161.692,161.692,161.692
1782594240000,161.692,161.692,161.692,161.692
1782594300000,161.692,161.692,161.692,161.692
1782594360000,161.692,161.692,161.692,161.692
1782594420000,161.692,161.692,161.692,161.692
1782594480000,161.692,161.692,161.692,161.692
1782594540000,161.692,161.692,161.692,161.692
1782594600000,161.692,161.692,161.692,161.692
1782594660000,161.692,161.692,161.692,161.692
1782594720000,161.692,161.692,161.692,161.692
1782594780000,161.692,161.692,161.692,161.692
1782594840000,161.692,161.692,161.692,161.692
1782594900000,161.692,161.692,161.692,161.692
1782594960000,161.692,161.692,161.692,161.692
1782595020000,161.692,161.692,161.692,161.692
1782595080000,161.692,161.692,161.692,161.692
1782595140000,161.692,161.692,161.692,161.692
1782595200000,161.692,161.692,161.692,161.692
1782595260000,161.692,161.692,161.692,161.692
1782595320000,161.692,161.692,161.692,161.692
1782595380000,161.692,161.692,161.692,161.692
1782595440000,161.692,161.692,161.692,161.692
1782595500000,161.692,161.692,161.692,161.692
1782595560000,161.692,161.692,161.692,161.692
1782595620000,161.692,161.692,161.692,161.692
1782595680000,161.692,161.692,161.692,161.692
1782595740000,161.692,161.692,161.692,161.692
1782595800000,161.692,161.692,161.692,161.692
1782595860000,161.692,161.692,161.692,161.692
1782595920000,161.692,161.692,161.692,161.692
1782595980000,161.692,161.692,161.692,161.692
1782596040000,161.692,161.692,161.692,161.692
1782596100000,161.692,161.692,161.692,161.692
1782596160000,161.692,161.692,161.692,161.692
1782596220000,161.692,161.692,161.692,161.692
1782596280000,161.692,161.692,161.692,161.692
1782596340000,161.692,161.692,161.692,161.692
1782596400000,161.692,161.692,161.692,161.692
1782596460000,161.692,161.692,161.692,161.692
1782596520000,161.692,161.692,161.692,161.692
1782596580000,161.692,161.692,161.692,161.692
1782596640000,161.692,161.692,161.692,161.692
1782596700000,161.692,161.692,161.692,161.692
1782596760000,161.692,161.692,161.692,161.692
1782596820000,161.692,161.692,161.692,161.692
1782596880000,161.692,161.692,161.692,161.692
1782596940000,161.692,161.692,161.692,161.692
1782597000000,161.692,161.692,161.692,161.692
1782597060000,161.692,161.692,161.692,161.692
1782597120000,161.692,161.692,161.692,161.692
1782597180000,161.692,161.692,161.692,161.692
1782597240000,161.692,161.692,161.692,161.692
1782597300000,161.692,161.692,161.692,161.692
1782597360000,161.692,161.692,161.692,161.692
1782597420000,161.692,161.692,161.692,161.692
1782597480000,161.692,161.692,161.692,161.692
1782597540000,161.692,161.692,161.692,161.692
1782597600000,161.692,161.692,161.692,161.692
1782597660000,161.692,161.692,161.692,161.692
1782597720000,161.692,161.692,161.692,161.692
1782597780000,161.692,161.692,161.692,161.692
1782597840000,161.692,161.692,161.692,161.692
1782597900000,161.692,161.692,161.692,161.692
1782597960000,161.692,161.692,161.692,161.692
1782598020000,161.692,161.692,161.692,161.692
1782598080000,161.692,161.692,161.692,161.692
1782598140000,161.692,161.692,161.692,161.692
1782598200000,161.692,161.692,161.692,161.692
1782598260000,161.692,161.692,161.692,161.692
1782598320000,161.692,161.692,161.692,161.692
1782598380000,161.692,161.692,161.692,161.692
1782598440000,161.692,161.692,161.692,161.692
1782598500000,161.692,161.692,161.692,161.692
1782598560000,161.692,161.692,161.692,161.692
1782598620000,161.692,161.692,161.692,161.692
1782598680000,161.692,161.692,161.692,161.692
1782598740000,161.692,161.692,161.692,161.692
1782598800000,161.692,161.692,161.692,161.692
1782598860000,161.692,161.692,161.692,161.692
1782598920000,161.692,161.692,161.692,161.692
1782598980000,161.692,161.692,161.692,161.692
1782599040000,161.692,161.692,161.692,161.692
1782599100000,161.692,161.692,161.692,161.692
1782599160000,161.692,161.692,161.692,161.692
1782599220000,161.692,161.692,161.692,161.692
1782599280000,161.692,161.692,161.692,161.692
1782599340000,161.692,161.692,161.692,161.692
1782599400000,161.692,161.692,161.692,161.692
1782599460000,161.692,161.692,161.692,161.692
1782599520000,161.692,161.692,161.692,161.692
1782599580000,161.692,161.692,161.692,161.692
1782599640000,161.692,161.692,161.692,161.692
1782599700000,161.692,161.692,161.692,161.692
1782599760000,161.692,161.692,161.692,161.692
1782599820000,161.692,161.692,161.692,161.692
1782599880000,161.692,161.692,161.692,161.692
1782599940000,161.692,161.692,161.692,161.692
1782600000000,161.692,161.692,161.692,161.692
1782600060000,161.692,161.692,161.692,161.692
1782600120000,161.692,161.692,161.692,161.692
1782600180000,161.692,161.692,161.692,161.692
1782600240000,161.692,161.692,161.692,161.692
1782600300000,161.692,161.692,161.692,161.692
1782600360000,161.692,161.692,161.692,161.692
1782600420000,161.692,161.692,161.692,161.692
1782600480000,161.692,161.692,161.692,161.692
1782600540000,161.692,161.692,161.692,161.692
1782600600000,161.692,161.692,161.692,161.692
1782600660000,161.692,161.692,161.692,161.692
1782600720000,161.692,161.692,161.692,161.692
1782600780000,161.692,161.692,161.692,161.692
1782600840000,161.692,161.692,161.692,161.692
1782600900000,161.692,161.692,161.692,161.692
1782600960000,161.692,161.692,161.692,161.692
1782601020000,161.692,161.692,161.692,161.692
1782601080000,161.692,161.692,161.692,161.692
1782601140000,161.692,161.692,161.692,161.692
1782601200000,161.692,161.692,161.692,161.692
1782601260000,161.692,161.692,161.692,161.692
1782601320000,161.692,161.692,161.692,161.692
1782601380000,161.692,161.692,161.692,161.692
1782601440000,161.692,161.692,161.692,161.692
1782601500000,161.692,161.692,161.692,161.692
1782601560000,161.692,161.692,161.692,161.692
1782601620000,161.692,161.692,161.692,161.692
1782601680000,161.692,161.692,161.692,161.692
1782601740000,161.692,161.692,161.692,161.692
1782601800000,161.692,161.692,161.692,161.692
1782601860000,161.692,161.692,161.692,161.692
1782601920000,161.692,161.692,161.692,161.692
1782601980000,161.692,161.692,161.692,161.692
1782602040000,161.692,161.692,161.692,161.692
1782602100000,161.692,161.692,161.692,161.692
1782602160000,161.692,161.692,161.692,161.692
1782602220000,161.692,161.692,161.692,161.692
1782602280000,161.692,161.692,161.692,161.692
1782602340000,161.692,161.692,161.692,161.692
1782602400000,161.692,161.692,161.692,161.692
1782602460000,161.692,161.692,161.692,161.692
1782602520000,161.692,161.692,161.692,161.692
1782602580000,161.692,161.692,161.692,161.692
1782602640000,161.692,161.692,161.692,161.692
1782602700000,161.692,161.692,161.692,161.692
1782602760000,161.692,161.692,161.692,161.692
1782602820000,161.692,161.692,161.692,161.692
1782602880000,161.692,161.692,161.692,161.692
1782602940000,161.692,161.692,161.692,161.692
1782603000000,161.692,161.692,161.692,161.692
1782603060000,161.692,161.692,161.692,161.692
1782603120000,161.692,161.692,161.692,161.692
1782603180000,161.692,161.692,161.692,161.692
1782603240000,161.692,161.692,161.692,161.692
1782603300000,161.692,161.692,161.692,161.692
1782603360000,161.692,161.692,161.692,161.692
1782603420000,161.692,161.692,161.692,161.692
1782603480000,161.692,161.692,161.692,161.692
1782603540000,161.692,161.692,161.692,161.692
1782603600000,161.692,161.692,161.692,161.692
1782603660000,161.692,161.692,161.692,161.692
1782603720000,161.692,161.692,161.692,161.692
1782603780000,161.692,161.692,161.692,161.692
1782603840000,161.692,161.692,161.692,161.692
1782603900000,161.692,161.692,161.692,161.692
1782603960000,161.692,161.692,161.692,161.692
1782604020000,161.692,161.692,161.692,161.692
1782604080000,161.692,161.692,161.692,161.692
1782604140000,161.692,161.692,161.692,161.692
1782604200000,161.692,161.692,161.692,161.692
1782604260000,161.692,161.692,161.692,161.692
1782604320000,161.692,161.692,161.692,161.692
1782604380000,161.692,161.692,161.692,161.692
1782604440000,161.692,161.692,161.692,161.692
1782604500000,161.692,161.692,161.692,161.692
1782604560000,161.692,161.692,161.692,161.692
1782604620000,161.692,161.692,161.692,161.692
1782604680000,161.692,161.692,161.692,161.692
1782604740000,161.692,161.692,161.692,161.692
1783036800000,161.456,161.456,161.404,161.412
1783036860000,161.413,161.42,161.393,161.401
1783036920000,161.402,161.415,161.4,161.406
1783036980000,161.405,161.429,161.394,161.419
1783037040000,161.418,161.431,161.415,161.43
1783037100000,161.431,161.469,161.431,161.448
1783037160000,161.449,161.461,161.448,161.452
1783037220000,161.455,161.46,161.442,161.443
1783037280000,161.444,161.447,161.442,161.446
1783037340000,161.445,161.459,161.445,161.459
1783037400000,161.46,161.46,161.447,161.449
1783037460000,161.449,161.457,161.443,161.455
1783037520000,161.456,161.456,161.429,161.431
1783037580000,161.431,161.444,161.43,161.444
1783037640000,161.444,161.521,161.444,161.492
1783037700000,161.492,161.496,161.467,161.469
1783037760000,161.472,161.491,161.471,161.481
1783037820000,161.481,161.482,161.473,161.475
1783037880000,161.475,161.48,161.46,161.46
1783037940000,161.462,161.469,161.45,161.45
1783038000000,161.449,161.454,161.443,161.451
1783038060000,161.45,161.488,161.449,161.474
1783038120000,161.474,161.485,161.474,161.48
1783038180000,161.482,161.482,161.464,161.466
1783038240000,161.469,161.471,161.452,161.455
1783038300000,161.454,161.455,161.44,161.446
1783038360000,161.446,161.446,161.432,161.445
1783038420000,161.448,161.449,161.437,161.446
1783038480000,161.446,161.455,161.445,161.447
1783038540000,161.447,161.459,161.442,161.442
1783038600000,161.445,161.449,161.442,161.447
1783038660000,161.448,161.449,161.442,161.447
1783038720000,161.449,161.455,161.443,161.443
1783038780000,161.445,161.446,161.418,161.42
1783038840000,161.422,161.436,161.418,161.435
1783038900000,161.433,161.435,161.409,161.409
1783038960000,161.411,161.419,161.4,161.408
1783039020000,161.411,161.426,161.411,161.421
1783039080000,161.423,161.43,161.417,161.419
1783039140000,161.419,161.421,161.4,161.404
1783039200000,161.406,161.409,161.405,161.406
1783039260000,161.408,161.432,161.408,161.431
1783039320000,161.433,161.433,161.415,161.419
1783039380000,161.422,161.438,161.419,161.437
1783039440000,161.438,161.438,161.39,161.394
1783039500000,161.393,161.394,161.378,161.394
1783039560000,161.393,161.393,161.373,161.378
1783039620000,161.378,161.384,161.376,161.376
1783039680000,161.377,161.377,161.363,161.365
1783039740000,161.365,161.383,161.361,161.381
1783039800000,161.38,161.396,161.377,161.379
1783039860000,161.379,161.382,161.366,161.38
1783039920000,161.379,161.396,161.379,161.395
1783039980000,161.394,161.395,161.323,161.327
1783040040000,161.324,161.326,161.218,161.218
1783040100000,161.22,161.302,161.217,161.294
1783040160000,161.293,161.299,161.267,161.276
1783040220000,161.275,161.28,161.234,161.24
1783040280000,161.244,161.254,161.218,161.22
1783040340000,161.219,161.219,161.185,161.19
1783040400000,161.19,161.205,161.18,161.198
1783040460000,161.198,161.223,161.197,161.201
1783040520000,161.2,161.223,161.182,161.214
1783040580000,161.214,161.221,161.197,161.2
1783040640000,161.201,161.236,161.198,161.233
1783040700000,161.232,161.242,161.229,161.236
1783040760000,161.234,161.266,161.23,161.253
1783040820000,161.252,161.272,161.247,161.25
1783040880000,161.248,161.253,161.239,161.244
1783040940000,161.242,161.245,161.225,161.229
1783041000000,161.23,161.25,161.228,161.236
1783041060000,161.235,161.235,161.168,161.188
1783041120000,161.188,161.202,161.184,161.187
1783041180000,161.187,161.191,161.167,161.173
1783041240000,161.173,161.181,161.082,161.083
1783041300000,161.083,161.096,161.055,161.072
1783041360000,161.071,161.096,161.068,161.092
1783041420000,161.092,161.094,161.066,161.069
1783041480000,161.067,161.069,161.039,161.056
1783041540000,161.057,161.061,160.953,160.957
1783041600000,160.964,161.004,160.918,160.932
1783041660000,160.934,160.984,160.929,160.979
1783041720000,160.98,160.986,160.955,160.981
1783041780000,160.982,161.04,160.982,161.032
1783041840000,161.032,161.033,161.006,161.019
1783041900000,161.019,161.028,161.007,161.026
1783041960000,161.035,161.08,161.031,161.08
1783042020000,161.077,161.1,161.073,161.097
1783042080000,161.095,161.099,161.072,161.086
1783042140000,161.087,161.104,161.086,161.103
1783042200000,161.103,161.133,161.075,161.132
1783042260000,161.132,161.154,161.124,161.146
1783042320000,161.144,161.145,161.114,161.121
1783042380000,161.121,161.134,161.114,161.115
1783042440000,161.114,161.122,161.082,161.082
1783042500000,161.081,161.121,161.078,161.121
1783042560000,161.122,161.162,161.121,161.162
1783042620000,161.16,161.172,161.159,161.166
1783042680000,161.167,161.186,161.167,161.182
1783042740000,161.184,161.186,161.17,161.175
1783042800000,161.175,161.186,161.17,161.182
1783042860000,161.182,161.186,161.159,161.173
1783042920000,161.174,161.176,161.169,161.172
1783042980000,161.171,161.172,161.148,161.157
1783043040000,161.158,161.161,161.133,161.149
1783043100000,161.15,161.19,161.148,161.19
1783043160000,161.192,161.199,161.189,161.199
1783043220000,161.2,161.221,161.195,161.221
1783043280000,161.221,161.236,161.219,161.22
1783043340000,161.22,161.222,161.212,161.212
1783043400000,161.214,161.237,161.214,161.225
1783043460000,161.226,161.25,161.223,161.244
1783043520000,161.244,161.258,161.24,161.246
1783043580000,161.247,161.253,161.246,161.249
1783043640000,161.249,161.253,161.246,161.246
1783043700000,161.246,161.246,161.222,161.227
1783043760000,161.226,161.232,161.22,161.223
1783043820000,161.224,161.252,161.224,161.245
1783043880000,161.245,161.251,161.231,161.236
1783043940000,161.235,161.238,161.233,161.235
1783044000000,161.235,161.24,161.223,161.225
1783044060000,161.226,161.246,161.221,161.223
1783044120000,161.222,161.235,161.222,161.235
1783044180000,161.235,161.235,161.196,161.198
1783044240000,161.201,161.211,161.184,161.2
1783044300000,161.201,161.201,161.183,161.187
1783044360000,161.187,161.187,161.168,161.169
1783044420000,161.168,161.173,161.144,161.161
1783044480000,161.162,161.173,161.145,161.173
1783044540000,161.172,161.175,161.146,161.146
1783044600000,161.145,161.162,161.135,161.161
1783044660000,161.162,161.162,161.145,161.15
1783044720000,161.151,161.17,161.151,161.17
1783044780000,161.167,161.173,161.157,161.157
1783044840000,161.157,161.165,161.157,161.162
1783044900000,161.168,161.175,161.168,161.175
1783044960000,161.174,161.175,161.161,161.162
1783045020000,161.161,161.161,161.157,161.157
1783045080000,161.157,161.159,161.122,161.122
1783045140000,161.122,161.138,161.122,161.135
1783045200000,161.135,161.144,161.133,161.136
1783045260000,161.135,161.148,161.134,161.145
1783045320000,161.144,161.147,161.13,161.131
1783045380000,161.13,161.131,161.121,161.126
1783045440000,161.125,161.147,161.125,161.146
1783045500000,161.145,161.163,161.143,161.162
1783045560000,161.163,161.17,161.162,161.163
1783045620000,161.163,161.171,161.158,161.161
1783045680000,161.16,161.164,161.144,161.156
1783045740000,161.157,161.162,161.148,161.148
1783045800000,161.15,161.163,161.147,161.162
1783045860000,161.161,161.19,161.159,161.188
1783045920000,161.188,161.212,161.186,161.211
1783045980000,161.212,161.215,161.2,161.202
1783046040000,161.2,161.216,161.2,161.215
1783046100000,161.216,161.216,161.209,161.214
1783046160000,161.213,161.227,161.213,161.221
1783046220000,161.222,161.227,161.217,161.223
1783046280000,161.222,161.225,161.202,161.202
1783046340000,161.199,161.202,161.195,161.196
1783046400000,161.198,161.2,161.186,161.187
1783046460000,161.185,161.185,161.131,161.132
1783046520000,161.133,161.162,161.123,161.161
1783046580000,161.162,161.172,161.16,161.17
1783046640000,161.17,161.18,161.167,161.171
1783046700000,161.169,161.173,161.159,161.161
1783046760000,161.161,161.172,161.158,161.172
1783046820000,161.17,161.171,161.146,161.146
1783046880000,161.147,161.159,161.147,161.158
1783046940000,161.157,161.169,161.157,161.163
1783047000000,161.16,161.161,161.145,161.147
1783047060000,161.149,161.15,161.141,161.147
1783047120000,161.146,161.159,161.144,161.146
1783047180000,161.145,161.149,161.134,161.138
1783047240000,161.137,161.146,161.134,161.143
1783047300000,161.138,161.157,161.131,161.157
1783047360000,161.157,161.162,161.157,161.161
1783047420000,161.16,161.173,161.16,161.173
1783047480000,161.173,161.195,161.172,161.19
1783047540000,161.189,161.193,161.169,161.171
1783047600000,161.172,161.175,161.166,161.17
1783047660000,161.169,161.172,161.16,161.16
1783047720000,161.161,161.171,161.146,161.156
1783047780000,161.156,161.171,161.153,161.17
1783047840000,161.17,161.176,161.169,161.171
1783047900000,161.172,161.182,161.171,161.181
1783047960000,161.18,161.18,161.167,161.172
1783048020000,161.174,161.188,161.174,161.184
1783048080000,161.187,161.207,161.185,161.201
1783048140000,161.2,161.204,161.197,161.197
1783048200000,161.198,161.22,161.198,161.212
1783048260000,161.212,161.213,161.209,161.213
1783048320000,161.212,161.212,161.207,161.212
1783048380000,161.211,161.211,161.208,161.209
1783048440000,161.207,161.21,161.181,161.182
1783048500000,161.182,161.188,161.181,161.188
1783048560000,161.188,161.189,161.182,161.187
1783048620000,161.19,161.202,161.19,161.199
1783048680000,161.199,161.202,161.196,161.196
1783048740000,161.197,161.198,161.193,161.198
1783048800000,161.197,161.198,161.195,161.198
1783048860000,161.197,161.198,161.182,161.196
1783048920000,161.197,161.21,161.196,161.209
1783048980000,161.21,161.215,161.21,161.211
1783049040000,161.212,161.212,161.207,161.207
1783049100000,161.206,161.21,161.2,161.207
1783049160000,161.206,161.214,161.197,161.211
1783049220000,161.211,161.211,161.2,161.2
1783049280000,161.201,161.202,161.195,161.196
1783049340000,161.196,161.198,161.193,161.196
1783049400000,161.194,161.207,161.193,161.195
1783049460000,161.196,161.211,161.196,161.208
1783049520000,161.207,161.211,161.206,161.207
1783049580000,161.208,161.208,161.185,161.186
1783049640000,161.186,161.197,161.183,161.196
1783049700000,161.197,161.198,161.184,161.187
1783049760000,161.188,161.188,161.184,161.185
1783049820000,161.185,161.185,161.169,161.174
1783049880000,161.175,161.194,161.173,161.188
1783049940000,161.192,161.197,161.186,161.192
1783050000000,161.193,161.199,161.184,161.187
1783050060000,161.189,161.192,161.186,161.188
1783050120000,161.188,161.189,161.182,161.184
1783050180000,161.185,161.197,161.184,161.197
1783050240000,161.196,161.197,161.195,161.195
1783050300000,161.196,161.196,161.187,161.191
1783050360000,161.191,161.194,161.185,161.192
1783050420000,161.193,161.197,161.183,161.183
1783050480000,161.183,161.186,161.17,161.174
1783050540000,161.173,161.181,161.165,161.17
1783050600000,161.169,161.171,161.168,161.169
1783050660000,161.169,161.169,161.149,161.157
1783050720000,161.157,161.158,161.142,161.145
1783050780000,161.144,161.146,161.144,161.144
1783050840000,161.144,161.161,161.143,161.16
1783050900000,161.161,161.163,161.155,161.157
1783050960000,161.158,161.179,161.158,161.175
1783051020000,161.175,161.176,161.17,161.173
1783051080000,161.174,161.174,161.17,161.171
1783051140000,161.17,161.172,161.168,161.171
1783051200000,161.172,161.176,161.168,161.169
1783051260000,161.168,161.171,161.168,161.17
1783051320000,161.17,161.182,161.17,161.182
1783051380000,161.181,161.187,161.181,161.185
1783051440000,161.185,161.186,161.173,161.182
1783051500000,161.182,161.185,161.182,161.185
1783051560000,161.184,161.186,161.181,161.181
1783051620000,161.18,161.181,161.174,161.175
1783051680000,161.175,161.175,161.174,161.175
1783051740000,161.175,161.209,161.175,161.199
1783051800000,161.199,161.199,161.176,161.179
1783051860000,161.181,161.184,161.178,161.184
1783051920000,161.185,161.186,161.181,161.185
1783051980000,161.184,161.188,161.182,161.187
1783052040000,161.187,161.192,161.174,161.18
1783052100000,161.181,161.185,161.174,161.182
1783052160000,161.182,161.197,161.182,161.197
1783052220000,161.197,161.199,161.182,161.186
1783052280000,161.188,161.199,161.187,161.189
1783052340000,161.188,161.189,161.182,161.187
1783052400000,161.186,161.198,161.186,161.194
1783052460000,161.196,161.197,161.193,161.197
1783052520000,161.196,161.197,161.186,161.187
1783052580000,161.186,161.187,161.178,161.182
1783052640000,161.184,161.187,161.182,161.187
1783052700000,161.186,161.187,161.171,161.172
1783052760000,161.173,161.175,161.171,161.175
1783052820000,161.18,161.181,161.162,161.171
1783052880000,161.173,161.192,161.171,161.176
1783052940000,161.175,161.177,161.173,161.174
1783053000000,161.174,161.183,161.17,161.182
1783053060000,161.182,161.189,161.174,161.188
1783053120000,161.187,161.203,161.187,161.198
1783053180000,161.197,161.207,161.194,161.194
1783053240000,161.194,161.196,161.193,161.193
1783053300000,161.195,161.197,161.193,161.193
1783053360000,161.193,161.198,161.185,161.187
1783053420000,161.187,161.195,161.18,161.18
1783053480000,161.181,161.194,161.18,161.193
1783053540000,161.194,161.199,161.194,161.195
1783053600000,161.194,161.194,161.184,161.186
1783053660000,161.186,161.196,161.181,161.185
1783053720000,161.181,161.185,161.178,161.178
1783053780000,161.177,161.183,161.172,161.18
1783053840000,161.179,161.185,161.173,161.182
1783053900000,161.183,161.188,161.171,161.175
1783053960000,161.176,161.176,161.173,161.175
1783054020000,161.174,161.177,161.169,161.176
1783054080000,161.175,161.186,161.168,161.183
1783054140000,161.184,161.191,161.173,161.185
1783054200000,161.186,161.194,161.159,161.161
1783054260000,161.163,161.173,161.163,161.171
1783054320000,161.172,161.172,161.168,161.17
1783054380000,161.169,161.176,161.169,161.174
1783054440000,161.173,161.191,161.169,161.191
1783054500000,161.19,161.194,161.172,161.175
1783054560000,161.174,161.18,161.174,161.175
1783054620000,161.176,161.178,161.159,161.165
1783054680000,161.166,161.17,161.154,161.155
1783054740000,161.151,161.152,161.126,161.127
1783054800000,161.128,161.128,161.082,161.104
1783054860000,161.103,161.107,161.091,161.102
1783054920000,161.103,161.103,161.092,161.095
1783054980000,161.094,161.098,161.064,161.065
1783055040000,161.067,161.067,161.055,161.066
1783055100000,161.066,161.07,161.058,161.065
1783055160000,161.064,161.064,161.038,161.039
1783055220000,161.039,161.04,161.014,161.014
1783055280000,161.014,161.03,160.98,160.993
1783055340000,160.993,161.021,160.98,161.019
1783055400000,161.019,161.062,161.019,161.057
1783055460000,161.057,161.074,161.056,161.073
1783055520000,161.072,161.087,161.072,161.085
1783055580000,161.084,161.088,161.067,161.069
1783055640000,161.069,161.07,161.053,161.057
1783055700000,161.058,161.06,161.034,161.037
1783055760000,161.037,161.037,161.001,161.016
1783055820000,161.016,161.038,161.016,161.035
1783055880000,161.035,161.058,161.035,161.056
1783055940000,161.057,161.06,161.056,161.057
1783056000000,161.058,161.08,161.055,161.079
1783056060000,161.081,161.082,161.071,161.08
1783056120000,161.08,161.085,161.074,161.074
1783056180000,161.074,161.079,161.072,161.074
1783056240000,161.077,161.081,161.065,161.069
1783056300000,161.068,161.071,161.06,161.061
1783056360000,161.06,161.067,161.054,161.059
1783056420000,161.059,161.074,161.056,161.072
1783056480000,161.072,161.073,161.066,161.067
1783056540000,161.069,161.079,161.066,161.066
1783056600000,161.067,161.067,161.043,161.055
1783056660000,161.054,161.069,161.054,161.06
1783056720000,161.061,161.073,161.056,161.06
1783056780000,161.06,161.06,161.054,161.056
1783056840000,161.057,161.067,161.055,161.067
1783056900000,161.067,161.076,161.058,161.072
1783056960000,161.073,161.083,161.072,161.079
1783057020000,161.081,161.082,161.06,161.07
1783057080000,161.07,161.097,161.07,161.096
1783057140000,161.095,161.099,161.094,161.094
1783057200000,161.093,161.1,161.086,161.099
1783057260000,161.1,161.11,161.1,161.11
1783057320000,161.113,161.136,161.111,161.135
1783057380000,161.136,161.15,161.134,161.143
1783057440000,161.142,161.142,161.127,161.128
1783057500000,161.128,161.135,161.125,161.131
1783057560000,161.132,161.136,161.122,161.132
1783057620000,161.132,161.132,161.123,161.126
1783057680000,161.127,161.137,161.127,161.136
1783057740000,161.136,161.136,161.127,161.136
1783057800000,161.137,161.142,161.134,161.142
1783057860000,161.145,161.149,161.138,161.138
1783057920000,161.138,161.143,161.127,161.131
1783057980000,161.13,161.132,161.125,161.13
1783058040000,161.128,161.143,161.128,161.137
1783058100000,161.14,161.175,161.14,161.174
1783058160000,161.173,161.18,161.171,161.172
1783058220000,161.173,161.175,161.164,161.165
1783058280000,161.165,161.176,161.159,161.176
1783058340000,161.177,161.177,161.163,161.163
1783058400000,161.162,161.163,161.135,161.137
1783058460000,161.138,161.148,161.132,161.146
1783058520000,161.139,161.141,161.131,161.14
1783058580000,161.141,161.143,161.125,161.133
1783058640000,161.126,161.126,161.095,161.097
1783058700000,161.097,161.098,161.041,161.05
1783058760000,161.051,161.061,161.038,161.06
1783058820000,161.059,161.079,161.053,161.065
1783058880000,161.066,161.069,161.054,161.056
1783058940000,161.056,161.059,161.046,161.047
1783059000000,161.048,161.072,161.048,161.071
1783059060000,161.075,161.087,161.072,161.08
1783059120000,161.08,161.091,161.08,161.08
1783059180000,161.08,161.081,161.057,161.057
1783059240000,161.056,161.06,161.05,161.05
1783059300000,161.05,161.055,161.002,161.011
1783059360000,161.01,161.01,160.969,160.97
1783059420000,160.97,160.972,160.951,160.972
1783059480000,160.971,160.999,160.965,160.998
1783059540000,160.998,160.998,160.972,160.996
1783059600000,160.995,161.024,160.994,161.024
1783059660000,161.025,161.026,161.007,161.011
1783059720000,161.012,161.021,161.008,161.011
1783059780000,161.012,161.046,161.012,161.021
1783059840000,161.021,161.046,161.019,161.046
1783059900000,161.046,161.046,161.031,161.037
1783059960000,161.036,161.037,161,161.003
1783060020000,161.003,161.003,160.98,160.984
1783060080000,160.983,160.983,160.968,160.982
1783060140000,160.981,161.01,160.976,160.986
1783060200000,160.986,160.997,160.982,160.983
1783060260000,160.983,160.995,160.981,160.994
1783060320000,160.994,161.012,160.994,161.011
1783060380000,161.011,161.013,160.842,160.855
1783060440000,160.855,160.86,160.479,160.634
1783060500000,160.634,160.826,160.634,160.788
1783060560000,160.788,160.869,160.786,160.85
1783060620000,160.849,160.851,160.784,160.79
1783060680000,160.793,160.808,160.72,160.723
1783060740000,160.723,160.78,160.704,160.76
1783060800000,160.762,160.817,160.753,160.811
1783060860000,160.812,160.816,160.75,160.761
1783060920000,160.76,160.784,160.731,160.738
1783060980000,160.736,160.773,160.736,160.762
1783061040000,160.763,160.802,160.758,160.758
1783061100000,160.759,160.787,160.719,160.723
1783061160000,160.723,160.732,160.64,160.682
1783061220000,160.683,160.728,160.682,160.715
1783061280000,160.714,160.735,160.682,160.682
1783061340000,160.686,160.725,160.66,160.707
1783061400000,160.706,160.738,160.704,160.71
1783061460000,160.711,160.735,160.71,160.726
1783061520000,160.725,160.757,160.721,160.751
1783061580000,160.75,160.799,160.749,160.797
1783061640000,160.798,160.804,160.776,160.778
1783061700000,160.776,160.791,160.766,160.791
1783061760000,160.79,160.817,160.786,160.817
1783061820000,160.817,160.85,160.814,160.844
1783061880000,160.843,160.882,160.841,160.878
1783061940000,160.878,160.884,160.871,160.871
1783062000000,160.873,160.917,160.84,160.917
1783062060000,160.918,160.921,160.873,160.883
1783062120000,160.884,160.899,160.866,160.891
1783062180000,160.89,160.89,160.826,160.826
1783062240000,160.827,160.865,160.816,160.849
1783062300000,160.849,160.877,160.849,160.853
1783062360000,160.854,160.869,160.85,160.853
1783062420000,160.852,160.864,160.836,160.854
1783062480000,160.855,160.867,160.848,160.851
1783062540000,160.85,160.851,160.811,160.812
1783062600000,160.811,160.828,160.787,160.798
1783062660000,160.793,160.803,160.773,160.775
1783062720000,160.773,160.789,160.762,160.774
1783062780000,160.776,160.791,160.733,160.733
1783062840000,160.73,160.753,160.73,160.739
1783062900000,160.742,160.776,160.739,160.771
1783062960000,160.773,160.797,160.772,160.789
1783063020000,160.789,160.811,160.785,160.809
1783063080000,160.81,160.815,160.784,160.799
1783063140000,160.8,160.819,160.773,160.819
1783063200000,160.821,160.827,160.815,160.818
1783063260000,160.819,160.842,160.818,160.84
1783063320000,160.841,160.857,160.839,160.854
1783063380000,160.852,160.869,160.842,160.842
1783063440000,160.841,160.847,160.816,160.817
1783063500000,160.821,160.83,160.774,160.776
1783063560000,160.775,160.78,160.75,160.755
1783063620000,160.756,160.762,160.724,160.728
1783063680000,160.728,160.752,160.714,160.726
1783063740000,160.727,160.764,160.722,160.744
1783063800000,160.747,160.816,160.739,160.809
1783063860000,160.807,160.869,160.807,160.867
1783063920000,160.868,160.876,160.845,160.845
1783063980000,160.843,160.867,160.843,160.867
1783064040000,160.867,160.901,160.864,160.89
1783064100000,160.892,160.901,160.875,160.891
1783064160000,160.891,160.92,160.888,160.911
1783064220000,160.912,160.934,160.9,160.934
1783064280000,160.938,160.983,160.938,160.98
1783064340000,160.981,160.983,160.966,160.983
1783064400000,160.982,160.996,160.972,160.974
1783064460000,160.975,160.976,160.94,160.942
1783064520000,160.944,160.951,160.927,160.927
1783064580000,160.927,160.927,160.892,160.898
1783064640000,160.904,160.921,160.896,160.913
1783064700000,160.913,160.945,160.912,160.945
1783064760000,160.947,160.948,160.931,160.941
1783064820000,160.942,160.947,160.927,160.93
1783064880000,160.927,160.934,160.915,160.917
1783064940000,160.916,160.922,160.904,160.918
1783065000000,160.919,160.919,160.874,160.881
1783065060000,160.884,160.894,160.876,160.894
1783065120000,160.891,160.891,160.815,160.817
1783065180000,160.819,160.851,160.757,160.79
1783065240000,160.792,160.806,160.751,160.776
1783065300000,160.775,160.811,160.752,160.787
1783065360000,160.789,160.809,160.753,160.787
1783065420000,160.788,160.8,160.761,160.788
1783065480000,160.788,160.803,160.787,160.803
1783065540000,160.801,160.804,160.761,160.8
1783065600000,160.801,160.807,160.773,160.807
1783065660000,160.806,160.81,160.799,160.8
1783065720000,160.801,160.855,160.801,160.817
1783065780000,160.821,160.845,160.821,160.841
1783065840000,160.841,160.868,160.84,160.861
1783065900000,160.86,160.87,160.859,160.868
1783065960000,160.868,160.869,160.838,160.841
1783066020000,160.841,160.852,160.822,160.83
1783066080000,160.83,160.851,160.827,160.841
1783066140000,160.84,160.854,160.836,160.849
1783066200000,160.85,160.882,160.85,160.882
1783066260000,160.881,160.904,160.878,160.878
1783066320000,160.879,160.89,160.867,160.868
1783066380000,160.868,160.892,160.868,160.876
1783066440000,160.876,160.879,160.854,160.86
1783066500000,160.857,160.889,160.857,160.885
1783066560000,160.886,160.892,160.879,160.889
1783066620000,160.889,160.892,160.871,160.873
1783066680000,160.871,160.876,160.867,160.867
1783066740000,160.869,160.891,160.869,160.891
1783066800000,160.893,160.893,160.87,160.872
1783066860000,160.873,160.882,160.866,160.88
1783066920000,160.88,160.896,160.877,160.889
1783066980000,160.887,160.893,160.879,160.882
1783067040000,160.883,160.891,160.878,160.89
1783067100000,160.892,160.892,160.883,160.883
1783067160000,160.881,160.894,160.875,160.875
1783067220000,160.873,160.873,160.859,160.865
1783067280000,160.864,160.87,160.822,160.87
1783067340000,160.87,160.87,160.858,160.862
1783067400000,160.865,160.914,160.865,160.912
1783067460000,160.913,160.934,160.908,160.931
1783067520000,160.93,160.932,160.907,160.907
1783067580000,160.903,160.912,160.895,160.895
1783067640000,160.893,160.907,160.893,160.9
1783067700000,160.9,160.9,160.893,160.895
1783067760000,160.895,160.895,160.866,160.88
1783067820000,160.881,160.896,160.879,160.896
1783067880000,160.893,160.918,160.893,160.916
1783067940000,160.915,160.934,160.915,160.934
1783068000000,160.934,160.94,160.914,160.914
1783068060000,160.914,160.925,160.914,160.92
1783068120000,160.921,160.922,160.915,160.917
1783068180000,160.915,160.915,160.908,160.913
1783068240000,160.916,160.935,160.915,160.923
1783068300000,160.922,160.931,160.921,160.93
1783068360000,160.934,160.955,160.932,160.951
1783068420000,160.951,160.954,160.939,160.95
1783068480000,160.953,160.954,160.944,160.945
1783068540000,160.946,160.954,160.944,160.953
1783068600000,160.953,160.976,160.953,160.974
1783068660000,160.975,160.999,160.975,160.997
1783068720000,160.995,160.995,160.972,160.973
1783068780000,160.971,160.983,160.971,160.983
1783068840000,160.982,160.989,160.981,160.985
1783068900000,160.984,160.991,160.983,160.983
1783068960000,160.984,160.995,160.982,160.988
1783069020000,160.989,161.024,160.989,161.021
1783069080000,161.02,161.024,161.02,161.023
1783069140000,161.024,161.037,161.023,161.035
1783069200000,161.034,161.066,161.034,161.048
1783069260000,161.049,161.067,161.045,161.064
1783069320000,161.064,161.064,161.037,161.037
1783069380000,161.036,161.036,161.024,161.036
1783069440000,161.037,161.052,161.036,161.052
1783069500000,161.051,161.057,161.032,161.034
1783069560000,161.036,161.043,161.035,161.037
1783069620000,161.037,161.043,161.027,161.03
1783069680000,161.029,161.029,161.003,161.01
1783069740000,161.011,161.021,160.998,161.018
1783069800000,161.018,161.025,161.014,161.014
1783069860000,161.007,161.008,161.004,161.005
1783069920000,161.004,161.012,161.003,161.006
1783069980000,161.005,161.005,160.993,160.994
1783070040000,160.994,160.997,160.965,160.967
1783070100000,160.967,160.98,160.967,160.968
1783070160000,160.968,160.979,160.964,160.977
1783070220000,160.979,160.979,160.966,160.966
1783070280000,160.967,160.981,160.967,160.981
1783070340000,160.982,160.993,160.979,160.98
1783070400000,160.981,160.992,160.978,160.992
1783070460000,160.994,160.994,160.981,160.986
1783070520000,160.988,161.004,160.988,161.004
1783070580000,161.005,161.009,161.004,161.008
1783070640000,161.006,161.01,161.004,161.007
1783070700000,161.014,161.037,161.009,161.037
1783070760000,161.035,161.035,161.022,161.029
1783070820000,161.03,161.04,161.028,161.035
1783070880000,161.035,161.052,161.034,161.052
1783070940000,161.052,161.061,161.046,161.047
1783071000000,161.046,161.046,161.036,161.045
1783071060000,161.046,161.047,161.043,161.046
1783071120000,161.047,161.047,161.037,161.037
1783071180000,161.038,161.038,161.036,161.036
1783071240000,161.037,161.038,161.034,161.034
1783071300000,161.034,161.037,161.025,161.037
1783071360000,161.036,161.036,161.029,161.032
1783071420000,161.031,161.031,161.021,161.03
1783071480000,161.034,161.034,161.02,161.02
1783071540000,161.021,161.031,161.02,161.021
1783071600000,161.022,161.022,161.017,161.019
1783071660000,161.021,161.026,161.021,161.026
1783071720000,161.028,161.037,161.026,161.035
1783071780000,161.035,161.035,161.031,161.031
1783071840000,161.032,161.035,161.031,161.034
1783071900000,161.034,161.053,161.034,161.048
1783071960000,161.048,161.048,161.046,161.046
1783072020000,161.044,161.044,161.032,161.036
1783072080000,161.036,161.047,161.036,161.043
1783072140000,161.045,161.049,161.043,161.049
1783072200000,161.048,161.084,161.047,161.083
1783072260000,161.083,161.084,161.069,161.071
1783072320000,161.072,161.084,161.068,161.081
1783072380000,161.082,161.084,161.077,161.081
1783072440000,161.082,161.086,161.08,161.08
1783072500000,161.081,161.081,161.07,161.075
1783072560000,161.077,161.101,161.073,161.096
1783072620000,161.097,161.121,161.096,161.12
1783072680000,161.121,161.122,161.11,161.12
1783072740000,161.119,161.127,161.117,161.124
1783072800000,161.125,161.132,161.121,161.127
1783072860000,161.127,161.13,161.12,161.127
1783072920000,161.125,161.138,161.125,161.138
1783072980000,161.137,161.16,161.133,161.152
1783073040000,161.152,161.166,161.143,161.154
1783073100000,161.155,161.155,161.145,161.146
1783073160000,161.149,161.161,161.14,161.155
1783073220000,161.16,161.165,161.158,161.163
1783073280000,161.161,161.165,161.143,161.143
1783073340000,161.141,161.141,161.111,161.119
1783073400000,161.12,161.12,161.106,161.108
1783073460000,161.109,161.117,161.108,161.114
1783073520000,161.115,161.131,161.109,161.127
1783073580000,161.126,161.129,161.125,161.127
1783073640000,161.128,161.13,161.125,161.127
1783073700000,161.123,161.134,161.115,161.131
1783073760000,161.129,161.135,161.125,161.134
1783073820000,161.133,161.135,161.13,161.132
1783073880000,161.131,161.136,161.126,161.134
1783073940000,161.135,161.137,161.13,161.134
1783074000000,161.133,161.134,161.126,161.127
1783074060000,161.129,161.129,161.109,161.112
1783074120000,161.113,161.124,161.111,161.112
1783074180000,161.114,161.122,161.114,161.122
1783074240000,161.124,161.126,161.122,161.122
1783074300000,161.123,161.137,161.123,161.132
1783074360000,161.13,161.138,161.13,161.138
1783074420000,161.136,161.136,161.127,161.133
1783074480000,161.135,161.137,161.122,161.122
1783074540000,161.123,161.127,161.123,161.126
1783074600000,161.131,161.143,161.131,161.136
1783074660000,161.134,161.139,161.132,161.133
1783074720000,161.134,161.136,161.133,161.134
1783074780000,161.136,161.137,161.131,161.137
1783074840000,161.137,161.139,161.126,161.135
1783074900000,161.135,161.136,161.132,161.134
1783074960000,161.133,161.139,161.118,161.137
1783075020000,161.137,161.151,161.137,161.15
1783075080000,161.15,161.156,161.145,161.146
1783075140000,161.147,161.147,161.125,161.126
1783075200000,161.126,161.134,161.124,161.134
1783075260000,161.135,161.142,161.132,161.14
1783075320000,161.141,161.141,161.134,161.134
1783075380000,161.134,161.134,161.121,161.124
1783075440000,161.126,161.139,161.125,161.136
1783075500000,161.134,161.134,161.12,161.121
1783075560000,161.121,161.124,161.12,161.121
1783075620000,161.122,161.123,161.119,161.123
1783075680000,161.123,161.123,161.12,161.12
1783075740000,161.12,161.121,161.105,161.105
1783075800000,161.106,161.109,161.106,161.108
1783075860000,161.106,161.114,161.106,161.107
1783075920000,161.105,161.113,161.102,161.11
1783075980000,161.11,161.119,161.098,161.098
1783076040000,161.099,161.104,161.093,161.098
1783076100000,161.099,161.1,161.084,161.086
1783076160000,161.086,161.099,161.086,161.098
1783076220000,161.097,161.098,161.095,161.096
1783076280000,161.094,161.094,161.081,161.081
1783076340000,161.08,161.095,161.073,161.095
1783076400000,161.109,161.129,161.106,161.107
1783076460000,161.106,161.107,161.091,161.093
1783076520000,161.096,161.115,161.093,161.109
1783076580000,161.109,161.127,161.109,161.114
1783076640000,161.115,161.123,161.107,161.109
1783076700000,161.109,161.109,161.099,161.1
1783076760000,161.099,161.105,161.087,161.094
1783076820000,161.095,161.106,161.095,161.098
1783076880000,161.098,161.099,161.097,161.097
1783076940000,161.097,161.097,161.084,161.084
1783077000000,161.086,161.09,161.069,161.073
1783077060000,161.073,161.074,161.072,161.073
1783077120000,161.073,161.073,161.057,161.057
1783077180000,161.056,161.068,161.056,161.062
1783077240000,161.068,161.081,161.065,161.068
1783077300000,161.069,161.08,161.068,161.075
1783077360000,161.076,161.083,161.074,161.083
1783077420000,161.081,161.082,161.071,161.072
1783077480000,161.073,161.088,161.073,161.084
1783077540000,161.085,161.087,161.071,161.071
1783077600000,161.07,161.078,161.07,161.074
1783077660000,161.074,161.082,161.074,161.081
1783077720000,161.082,161.082,161.07,161.073
1783077780000,161.072,161.074,161.072,161.073
1783077840000,161.072,161.073,161.06,161.069
1783077900000,161.07,161.077,161.07,161.074
1783077960000,161.074,161.09,161.074,161.087
1783078020000,161.088,161.099,161.088,161.099
1783078080000,161.098,161.099,161.087,161.094
1783078140000,161.093,161.102,161.093,161.1
1783078200000,161.101,161.111,161.1,161.111
1783078260000,161.118,161.13,161.118,161.12
1783078320000,161.121,161.124,161.12,161.124
1783078380000,161.124,161.132,161.124,161.129
1783078440000,161.128,161.137,161.128,161.135
1783078500000,161.133,161.136,161.132,161.136
1783078560000,161.136,161.139,161.132,161.133
1783078620000,161.135,161.135,161.122,161.123
1783078680000,161.124,161.125,161.121,161.124
1783078740000,161.124,161.124,161.106,161.123
1783078800000,161.124,161.134,161.123,161.132
1783078860000,161.133,161.135,161.13,161.132
1783078920000,161.132,161.135,161.131,161.135
1783078980000,161.134,161.134,161.131,161.134
1783079040000,161.134,161.142,161.132,161.133
1783079100000,161.132,161.148,161.123,161.136
1783079160000,161.136,161.144,161.135,161.144
1783079220000,161.147,161.158,161.145,161.157
1783079280000,161.158,161.158,161.147,161.15
1783079340000,161.15,161.15,161.139,161.146
1783079400000,161.145,161.145,161.132,161.134
1783079460000,161.134,161.14,161.134,161.138
1783079520000,161.14,161.151,161.137,161.148
1783079580000,161.148,161.148,161.142,161.145
1783079640000,161.144,161.148,161.122,161.128
1783079700000,161.128,161.128,161.108,161.123
1783079760000,161.124,161.14,161.123,161.137
1783079820000,161.135,161.149,161.132,161.138
1783079880000,161.138,161.143,161.13,161.134
1783079940000,161.136,161.136,161.117,161.118
1783080000000,161.117,161.132,161.103,161.132
1783080060000,161.134,161.135,161.12,161.12
1783080120000,161.121,161.126,161.113,161.125
1783080180000,161.125,161.137,161.123,161.137
1783080240000,161.135,161.135,161.126,161.134
1783080300000,161.135,161.149,161.13,161.147
1783080360000,161.147,161.147,161.125,161.126
1783080420000,161.132,161.133,161.121,161.121
1783080480000,161.122,161.13,161.122,161.13
1783080540000,161.128,161.143,161.126,161.141
1783080600000,161.143,161.146,161.125,161.127
1783080660000,161.128,161.142,161.128,161.14
1783080720000,161.139,161.139,161.128,161.134
1783080780000,161.133,161.133,161.125,161.127
1783080840000,161.127,161.137,161.127,161.137
1783080900000,161.135,161.139,161.132,161.132
1783080960000,161.133,161.137,161.132,161.135
1783081020000,161.134,161.145,161.134,161.137
1783081080000,161.138,161.144,161.136,161.139
1783081140000,161.139,161.146,161.136,161.146
1783081200000,161.146,161.147,161.138,161.145
1783081260000,161.146,161.151,161.144,161.149
1783081320000,161.149,161.15,161.144,161.146
1783081380000,161.147,161.148,161.139,161.146
1783081440000,161.146,161.148,161.146,161.147
1783081500000,161.147,161.15,161.142,161.144
1783081560000,161.144,161.145,161.13,161.133
1783081620000,161.133,161.134,161.132,161.134
1783081680000,161.136,161.142,161.133,161.136
1783081740000,161.135,161.135,161.127,161.129
1783081800000,161.128,161.132,161.12,161.122
1783081860000,161.121,161.132,161.121,161.131
1783081920000,161.131,161.139,161.129,161.138
1783081980000,161.142,161.143,161.133,161.133
1783082040000,161.132,161.133,161.122,161.129
1783082100000,161.129,161.138,161.129,161.133
1783082160000,161.133,161.138,161.132,161.136
1783082220000,161.136,161.136,161.131,161.133
1783082280000,161.132,161.134,161.124,161.125
1783082340000,161.125,161.126,161.118,161.118
1783082400000,161.119,161.12,161.109,161.117
1783082460000,161.117,161.122,161.115,161.117
1783082520000,161.117,161.13,161.115,161.13
1783082580000,161.131,161.134,161.129,161.131
1783082640000,161.133,161.134,161.132,161.132
1783082700000,161.132,161.135,161.13,161.131
1783082760000,161.131,161.133,161.11,161.11
1783082820000,161.11,161.123,161.11,161.123
1783082880000,161.125,161.13,161.123,161.127
1783082940000,161.127,161.133,161.125,161.126
1783083000000,161.125,161.126,161.122,161.125
1783083060000,161.126,161.127,161.125,161.126
1783083120000,161.124,161.129,161.124,161.129
1783083180000,161.131,161.139,161.131,161.132
1783083240000,161.134,161.135,161.125,161.126
1783083300000,161.127,161.136,161.127,161.135
1783083360000,161.136,161.147,161.136,161.137
1783083420000,161.136,161.15,161.136,161.148
1783083480000,161.148,161.163,161.148,161.162
1783083540000,161.162,161.17,161.158,161.169
1783083600000,161.169,161.197,161.167,161.194
1783083660000,161.195,161.195,161.189,161.191
1783083720000,161.19,161.192,161.179,161.18
1783083780000,161.181,161.187,161.175,161.187
1783083840000,161.186,161.195,161.185,161.195
1783083900000,161.194,161.212,161.194,161.201
1783083960000,161.206,161.238,161.206,161.229
1783084020000,161.229,161.238,161.229,161.229
1783084080000,161.228,161.228,161.216,161.226
1783084140000,161.225,161.23,161.223,161.229
1783084200000,161.229,161.24,161.229,161.232
1783084260000,161.232,161.244,161.232,161.242
1783084320000,161.241,161.273,161.241,161.26
1783084380000,161.26,161.26,161.242,161.243
1783084440000,161.242,161.25,161.235,161.249
1783084500000,161.25,161.257,161.243,161.245
1783084560000,161.245,161.251,161.24,161.241
1783084620000,161.24,161.254,161.238,161.252
1783084680000,161.252,161.254,161.242,161.25
1783084740000,161.249,161.255,161.241,161.241
1783084800000,161.24,161.241,161.227,161.228
1783084860000,161.229,161.235,161.225,161.233
1783084920000,161.232,161.239,161.225,161.235
1783084980000,161.235,161.254,161.23,161.24
1783085040000,161.241,161.245,161.234,161.234
1783085100000,161.235,161.238,161.215,161.216
1783085160000,161.215,161.221,161.21,161.215
1783085220000,161.215,161.215,161.197,161.198
1783085280000,161.193,161.212,161.193,161.211
1783085340000,161.21,161.211,161.201,161.208
1783085400000,161.209,161.248,161.209,161.246
1783085460000,161.25,161.25,161.235,161.241
1783085520000,161.24,161.249,161.24,161.245
1783085580000,161.246,161.253,161.245,161.247
1783085640000,161.247,161.248,161.236,161.241
1783085700000,161.239,161.239,161.236,161.236
1783085760000,161.235,161.235,161.227,161.235
1783085820000,161.235,161.238,161.23,161.237
1783085880000,161.236,161.24,161.233,161.24
1783085940000,161.238,161.247,161.236,161.243
1783086000000,161.243,161.243,161.237,161.24
1783086060000,161.241,161.253,161.241,161.249
1783086120000,161.249,161.253,161.244,161.246
1783086180000,161.247,161.252,161.242,161.249
1783086240000,161.248,161.248,161.238,161.248
1783086300000,161.249,161.251,161.244,161.249
1783086360000,161.249,161.252,161.244,161.244
1783086420000,161.244,161.249,161.238,161.243
1783086480000,161.243,161.246,161.24,161.244
1783086540000,161.244,161.244,161.242,161.244
1783086600000,161.245,161.248,161.244,161.245
1783086660000,161.246,161.247,161.235,161.24
1783086720000,161.24,161.245,161.232,161.244
1783086780000,161.243,161.252,161.242,161.251
1783086840000,161.251,161.269,161.25,161.267
1783086900000,161.267,161.267,161.245,161.254
1783086960000,161.254,161.255,161.248,161.249
1783087020000,161.249,161.265,161.247,161.265
1783087080000,161.265,161.267,161.26,161.261
1783087140000,161.26,161.264,161.252,161.253
1783087200000,161.252,161.267,161.252,161.261
1783087260000,161.261,161.269,161.256,161.267
1783087320000,161.266,161.273,161.265,161.267
1783087380000,161.271,161.276,161.266,161.268
1783087440000,161.269,161.277,161.262,161.27
1783087500000,161.268,161.268,161.253,161.26
1783087560000,161.261,161.265,161.256,161.262
1783087620000,161.259,161.264,161.252,161.26
1783087680000,161.26,161.261,161.253,161.255
1783087740000,161.258,161.258,161.245,161.246
1783087800000,161.246,161.246,161.238,161.243
1783087860000,161.241,161.241,161.231,161.231
1783087920000,161.233,161.244,161.233,161.238
1783087980000,161.237,161.252,161.236,161.25
1783088040000,161.25,161.254,161.244,161.244
1783088100000,161.245,161.249,161.239,161.241
1783088160000,161.241,161.244,161.239,161.242
1783088220000,161.241,161.242,161.23,161.23
1783088280000,161.23,161.235,161.229,161.231
1783088340000,161.23,161.239,161.23,161.237
1783088400000,161.239,161.242,161.232,161.232
1783088460000,161.233,161.233,161.221,161.221
1783088520000,161.22,161.228,161.214,161.227
1783088580000,161.227,161.24,161.226,161.228
1783088640000,161.229,161.234,161.225,161.228
1783088700000,161.229,161.23,161.224,161.224
1783088760000,161.225,161.228,161.218,161.218
1783088820000,161.218,161.224,161.212,161.212
1783088880000,161.211,161.22,161.209,161.22
1783088940000,161.22,161.22,161.216,161.219
1783089000000,161.217,161.219,161.205,161.219
1783089060000,161.22,161.229,161.219,161.227
1783089120000,161.225,161.227,161.224,161.224
1783089180000,161.224,161.226,161.214,161.225
1783089240000,161.226,161.227,161.22,161.223
1783089300000,161.224,161.226,161.222,161.225
1783089360000,161.224,161.226,161.221,161.225
1783089420000,161.224,161.24,161.224,161.239
1783089480000,161.24,161.243,161.238,161.241
1783089540000,161.24,161.242,161.235,161.236
1783089600000,161.237,161.239,161.231,161.231
1783089660000,161.231,161.232,161.23,161.231
1783089720000,161.232,161.247,161.231,161.242
1783089780000,161.243,161.243,161.23,161.232
1783089840000,161.23,161.24,161.23,161.24
1783089900000,161.24,161.241,161.236,161.236
1783089960000,161.232,161.238,161.229,161.237
1783090020000,161.236,161.237,161.227,161.229
1783090080000,161.229,161.229,161.222,161.229
1783090140000,161.228,161.23,161.226,161.229
1783090200000,161.23,161.233,161.227,161.232
1783090260000,161.231,161.237,161.229,161.237
1783090320000,161.238,161.239,161.235,161.238
1783090380000,161.236,161.239,161.225,161.238
1783090440000,161.236,161.238,161.234,161.236
1783090500000,161.237,161.244,161.237,161.243
1783090560000,161.244,161.249,161.238,161.248
1783090620000,161.249,161.28,161.249,161.276
1783090680000,161.275,161.281,161.269,161.269
1783090740000,161.269,161.291,161.269,161.29
1783090800000,161.291,161.293,161.28,161.283
1783090860000,161.284,161.289,161.275,161.275
1783090920000,161.275,161.293,161.274,161.292
1783090980000,161.294,161.318,161.292,161.312
1783091040000,161.313,161.342,161.313,161.336
1783091100000,161.335,161.338,161.326,161.338
1783091160000,161.339,161.339,161.315,161.315
1783091220000,161.314,161.331,161.312,161.314
1783091280000,161.315,161.315,161.306,161.308
1783091340000,161.31,161.31,161.292,161.299
1783091400000,161.299,161.302,161.284,161.286
1783091460000,161.288,161.293,161.285,161.288
1783091520000,161.289,161.305,161.288,161.299
1783091580000,161.3,161.301,161.293,161.295
1783091640000,161.295,161.296,161.293,161.293
1783091700000,161.294,161.302,161.282,161.282
1783091760000,161.284,161.29,161.278,161.288
1783091820000,161.289,161.289,161.269,161.275
1783091880000,161.274,161.291,161.274,161.291
1783091940000,161.293,161.3,161.29,161.3
1783092000000,161.299,161.316,161.299,161.312
1783092060000,161.313,161.314,161.312,161.314
1783092120000,161.312,161.315,161.311,161.314
1783092180000,161.313,161.314,161.312,161.312
1783092240000,161.313,161.316,161.303,161.305
1783092300000,161.306,161.316,161.304,161.315
1783092360000,161.315,161.315,161.302,161.305
1783092420000,161.303,161.304,161.285,161.3
1783092480000,161.299,161.3,161.288,161.289
1783092540000,161.289,161.289,161.277,161.279
1783092600000,161.278,161.283,161.276,161.28
1783092660000,161.278,161.287,161.278,161.281
1783092720000,161.284,161.304,161.284,161.297
1783092780000,161.293,161.306,161.289,161.303
1783092840000,161.302,161.302,161.3,161.301
1783092900000,161.302,161.302,161.292,161.292
1783092960000,161.291,161.292,161.288,161.288
1783093020000,161.288,161.299,161.288,161.298
1783093080000,161.294,161.3,161.293,161.3
1783093140000,161.301,161.303,161.299,161.303
1783093200000,161.303,161.303,161.299,161.302
1783093260000,161.302,161.302,161.298,161.299
1783093320000,161.295,161.295,161.287,161.287
1783093380000,161.287,161.298,161.287,161.293
1783093440000,161.298,161.302,161.297,161.302
1783093500000,161.302,161.302,161.297,161.298
1783093560000,161.296,161.3,161.289,161.289
1783093620000,161.289,161.29,161.289,161.29
1783093680000,161.289,161.299,161.289,161.293
1783093740000,161.292,161.297,161.292,161.292
1783093800000,161.294,161.299,161.294,161.299
1783093860000,161.299,161.3,161.293,161.299
1783093920000,161.3,161.308,161.3,161.305
1783093980000,161.305,161.305,161.303,161.303
1783094040000,161.303,161.306,161.3,161.301
1783094100000,161.302,161.319,161.302,161.318
1783094160000,161.317,161.329,161.317,161.325
1783094220000,161.326,161.328,161.315,161.319
1783094280000,161.318,161.326,161.318,161.324
1783094340000,161.325,161.325,161.314,161.318
1783094400000,161.318,161.319,161.314,161.315
1783094460000,161.314,161.314,161.303,161.311
1783094520000,161.311,161.313,161.306,161.312
1783094580000,161.314,161.328,161.306,161.327
1783094640000,161.326,161.328,161.32,161.324
1783094700000,161.325,161.33,161.325,161.33
1783094760000,161.331,161.337,161.329,161.329
1783094820000,161.328,161.329,161.325,161.327
1783094880000,161.326,161.328,161.324,161.327
1783094940000,161.327,161.333,161.313,161.315
1783095000000,161.315,161.316,161.312,161.312
1783095060000,161.313,161.327,161.313,161.326
1783095120000,161.326,161.326,161.324,161.326
1783095180000,161.326,161.338,161.326,161.338
1783095240000,161.338,161.338,161.332,161.338
1783095300000,161.337,161.337,161.337,161.337
1783095360000,161.338,161.339,161.336,161.339
1783095420000,161.34,161.346,161.34,161.345
1783095480000,161.346,161.364,161.345,161.346
1783095540000,161.345,161.345,161.343,161.344
1783095600000,161.344,161.344,161.34,161.342
1783095660000,161.343,161.354,161.341,161.354
1783095720000,161.353,161.354,161.346,161.354
1783095780000,161.353,161.353,161.343,161.344
1783095840000,161.343,161.355,161.342,161.355
1783095900000,161.355,161.356,161.354,161.354
1783095960000,161.359,161.359,161.355,161.356
1783096020000,161.355,161.357,161.352,161.356
1783096080000,161.355,161.36,161.355,161.358
1783096140000,161.362,161.363,161.352,161.358
1783096200000,161.358,161.366,161.357,161.366
1783096260000,161.366,161.366,161.356,161.363
1783096320000,161.362,161.37,161.361,161.369
1783096380000,161.367,161.37,161.366,161.367
1783096440000,161.368,161.373,161.367,161.368
1783096500000,161.369,161.379,161.368,161.373
1783096560000,161.372,161.392,161.372,161.391
1783096620000,161.391,161.392,161.386,161.386
1783096680000,161.389,161.39,161.379,161.381
1783096740000,161.382,161.383,161.38,161.38
1783096800000,161.379,161.381,161.379,161.38
1783096860000,161.381,161.381,161.378,161.379
1783096920000,161.378,161.385,161.378,161.38
1783096980000,161.379,161.385,161.379,161.385
1783097040000,161.388,161.39,161.385,161.387
1783097100000,161.388,161.388,161.38,161.38
1783097160000,161.381,161.381,161.377,161.377
1783097220000,161.377,161.377,161.37,161.372
1783097280000,161.372,161.372,161.364,161.364
1783097340000,161.366,161.368,161.364,161.366
1783097400000,161.366,161.366,161.357,161.365
1783097460000,161.364,161.368,161.363,161.365
1783097520000,161.363,161.366,161.355,161.357
1783097580000,161.357,161.364,161.353,161.354
1783097640000,161.354,161.356,161.353,161.354
1783097700000,161.355,161.357,161.354,161.355
1783097760000,161.353,161.354,161.345,161.349
1783097820000,161.348,161.351,161.342,161.342
1783097880000,161.341,161.352,161.341,161.35
1783097940000,161.351,161.351,161.342,161.346
1783098000000,161.347,161.348,161.298,161.319
1783098060000,161.319,161.337,161.315,161.334
1783098120000,161.334,161.335,161.326,161.331
1783098180000,161.331,161.336,161.329,161.336
1783098240000,161.338,161.34,161.336,161.34
1783098300000,161.339,161.339,161.334,161.336
1783098360000,161.336,161.338,161.327,161.33
1783098420000,161.33,161.338,161.33,161.334
1783098480000,161.335,161.339,161.332,161.339
1783098540000,161.34,161.352,161.339,161.348
1783098600000,161.348,161.352,161.345,161.35
1783098660000,161.349,161.356,161.348,161.355
1783098720000,161.354,161.355,161.35,161.353
1783098780000,161.353,161.354,161.337,161.34
1783098840000,161.341,161.341,161.335,161.338
1783098900000,161.337,161.345,161.333,161.334
1783098960000,161.334,161.34,161.328,161.328
1783099020000,161.329,161.329,161.32,161.322
1783099080000,161.323,161.323,161.312,161.319
1783099140000,161.319,161.324,161.317,161.32
1783099200000,161.319,161.329,161.319,161.328
1783099260000,161.327,161.333,161.327,161.33
1783099320000,161.329,161.332,161.325,161.327
1783099380000,161.328,161.33,161.326,161.33
1783099440000,161.329,161.332,161.324,161.33
1783099500000,161.33,161.332,161.326,161.328
1783099560000,161.326,161.33,161.312,161.32
1783099620000,161.318,161.321,161.316,161.321
1783099680000,161.322,161.322,161.317,161.318
1783099740000,161.319,161.323,161.314,161.316
1783099800000,161.316,161.321,161.313,161.319
1783099860000,161.32,161.329,161.317,161.328
1783099920000,161.329,161.333,161.324,161.33
1783099980000,161.33,161.331,161.325,161.327
1783100040000,161.327,161.327,161.321,161.324
1783100100000,161.324,161.325,161.319,161.321
1783100160000,161.321,161.329,161.321,161.329
1783100220000,161.328,161.329,161.293,161.294
1783100280000,161.296,161.296,161.279,161.284
1783100340000,161.283,161.292,161.283,161.292
1783100400000,161.293,161.301,161.289,161.301
1783100460000,161.301,161.303,161.299,161.3
1783100520000,161.3,161.306,161.3,161.303
1783100580000,161.304,161.305,161.3,161.304
1783100640000,161.303,161.306,161.302,161.305
1783100700000,161.306,161.307,161.299,161.3
1783100760000,161.3,161.3,161.29,161.293
1783100820000,161.292,161.295,161.283,161.288
1783100880000,161.288,161.3,161.286,161.293
1783100940000,161.291,161.295,161.29,161.291
1783101000000,161.291,161.299,161.289,161.292
1783101060000,161.293,161.296,161.29,161.293
1783101120000,161.295,161.299,161.291,161.293
1783101180000,161.293,161.294,161.287,161.291
1783101240000,161.292,161.293,161.289,161.293
1783101300000,161.292,161.294,161.281,161.286
1783101360000,161.286,161.298,161.284,161.297
1783101420000,161.297,161.305,161.295,161.305
1783101480000,161.305,161.306,161.302,161.302
1783101540000,161.304,161.306,161.3,161.305
1783101600000,161.301,161.305,161.291,161.294
1783101660000,161.294,161.297,161.289,161.295
1783101720000,161.295,161.306,161.293,161.304
1783101780000,161.304,161.308,161.304,161.307
1783101840000,161.307,161.313,161.305,161.312
1783101900000,161.313,161.328,161.312,161.324
1783101960000,161.324,161.326,161.316,161.318
1783102020000,161.32,161.321,161.317,161.32
1783102080000,161.321,161.328,161.319,161.323
1783102140000,161.324,161.326,161.32,161.324
1783102200000,161.325,161.329,161.325,161.328
1783102260000,161.327,161.328,161.321,161.323
1783102320000,161.324,161.337,161.324,161.329
1783102380000,161.328,161.329,161.321,161.324
1783102440000,161.324,161.325,161.322,161.323
1783102500000,161.322,161.329,161.321,161.327
1783102560000,161.327,161.331,161.326,161.328
1783102620000,161.328,161.336,161.326,161.332
1783102680000,161.333,161.334,161.329,161.334
1783102740000,161.335,161.336,161.327,161.33
1783102800000,161.329,161.329,161.314,161.322
1783102860000,161.322,161.33,161.322,161.328
1783102920000,161.327,161.328,161.326,161.326
1783102980000,161.326,161.327,161.326,161.326
1783103040000,161.327,161.327,161.325,161.326
1783103100000,161.325,161.328,161.325,161.327
1783103160000,161.326,161.328,161.323,161.323
1783103220000,161.323,161.324,161.318,161.322
1783103280000,161.321,161.323,161.321,161.323
1783103340000,161.324,161.325,161.322,161.325
1783103400000,161.324,161.327,161.321,161.323
1783103460000,161.322,161.325,161.32,161.322
1783103520000,161.322,161.326,161.321,161.325
1783103580000,161.326,161.326,161.322,161.323
1783103640000,161.324,161.324,161.32,161.322
1783103700000,161.321,161.323,161.318,161.318
1783103760000,161.321,161.324,161.319,161.322
1783103820000,161.322,161.324,161.317,161.319
1783103880000,161.32,161.326,161.319,161.322
1783103940000,161.323,161.323,161.32,161.322
1783104000000,161.322,161.327,161.321,161.327
1783104060000,161.325,161.33,161.323,161.326
1783104120000,161.327,161.331,161.325,161.331
1783104180000,161.333,161.334,161.325,161.329
1783104240000,161.329,161.33,161.324,161.328
1783104300000,161.329,161.336,161.327,161.334
1783104360000,161.337,161.339,161.333,161.339
1783104420000,161.337,161.341,161.337,161.341
1783104480000,161.339,161.341,161.336,161.341
1783104540000,161.339,161.343,161.339,161.341
1783104600000,161.342,161.342,161.341,161.342
1783104660000,161.342,161.349,161.341,161.345
1783104720000,161.346,161.346,161.346,161.346
1783104780000,161.347,161.347,161.344,161.345
1783104840000,161.344,161.345,161.343,161.344
1783104900000,161.344,161.346,161.343,161.344
1783104960000,161.343,161.345,161.343,161.345
1783105020000,161.345,161.348,161.336,161.345
1783105080000,161.346,161.347,161.341,161.343
1783105140000,161.345,161.357,161.345,161.353
1783105200000,161.354,161.361,161.354,161.357
1783105260000,161.358,161.358,161.346,161.347
1783105320000,161.347,161.35,161.342,161.343
1783105380000,161.342,161.343,161.342,161.343
1783105440000,161.343,161.343,161.341,161.342
1783105500000,161.343,161.344,161.338,161.341
1783105560000,161.341,161.345,161.339,161.343
1783105620000,161.344,161.35,161.343,161.349
1783105680000,161.349,161.355,161.348,161.355
1783105740000,161.354,161.355,161.336,161.341
1783105800000,161.341,161.347,161.341,161.346
1783105860000,161.346,161.346,161.346,161.346
1783105920000,161.347,161.347,161.343,161.345
1783105980000,161.346,161.346,161.344,161.346
1783106040000,161.345,161.354,161.345,161.352
1783106100000,161.352,161.352,161.35,161.351
1783106160000,161.352,161.352,161.35,161.351
1783106220000,161.352,161.355,161.348,161.35
1783106280000,161.351,161.353,161.349,161.352
1783106340000,161.353,161.354,161.352,161.353
1783106400000,161.354,161.354,161.351,161.352
1783106460000,161.353,161.354,161.351,161.351
1783106520000,161.353,161.354,161.352,161.354
1783106580000,161.355,161.358,161.353,161.357
1783106640000,161.355,161.356,161.352,161.353
1783106700000,161.354,161.357,161.352,161.352
1783106760000,161.351,161.355,161.349,161.351
1783106820000,161.352,161.352,161.351,161.352
1783106880000,161.353,161.355,161.353,161.355
1783106940000,161.356,161.356,161.354,161.355
1783107000000,161.355,161.363,161.353,161.358
1783107060000,161.358,161.359,161.354,161.355
1783107120000,161.354,161.358,161.354,161.355
1783107180000,161.357,161.357,161.352,161.353
1783107240000,161.354,161.359,161.352,161.359
1783107300000,161.358,161.36,161.356,161.359
1783107360000,161.358,161.36,161.357,161.359
1783107420000,161.36,161.36,161.359,161.359
1783107480000,161.358,161.367,161.358,161.367
1783107540000,161.366,161.377,161.365,161.375
1783107600000,161.374,161.377,161.373,161.375
1783107660000,161.376,161.376,161.371,161.374
1783107720000,161.374,161.375,161.369,161.372
1783107780000,161.373,161.373,161.372,161.372
1783107840000,161.372,161.372,161.371,161.372
1783107900000,161.371,161.372,161.353,161.355
1783107960000,161.355,161.355,161.351,161.352
1783108020000,161.352,161.355,161.349,161.35
1783108080000,161.35,161.351,161.35,161.35
1783108140000,161.351,161.354,161.351,161.354
1783108200000,161.353,161.357,161.353,161.356
1783108260000,161.357,161.358,161.355,161.355
1783108320000,161.356,161.362,161.356,161.361
1783108380000,161.361,161.362,161.357,161.36
1783108440000,161.361,161.366,161.361,161.364
1783108500000,161.366,161.37,161.361,161.361
1783108560000,161.361,161.363,161.356,161.361
1783108620000,161.36,161.364,161.359,161.363
1783108680000,161.362,161.367,161.358,161.361
1783108740000,161.361,161.362,161.359,161.361
1783108800000,161.361,161.368,161.36,161.367
1783108860000,161.368,161.377,161.367,161.373
1783108920000,161.372,161.381,161.371,161.377
1783108980000,161.377,161.379,161.374,161.374
1783109040000,161.375,161.382,161.374,161.381
1783109100000,161.382,161.383,161.377,161.378
1783109160000,161.377,161.38,161.377,161.378
1783109220000,161.38,161.38,161.37,161.377
1783109280000,161.376,161.377,161.362,161.367
1783109340000,161.366,161.366,161.357,161.366
1783109400000,161.366,161.368,161.361,161.365
1783109460000,161.366,161.368,161.363,161.363
1783109520000,161.365,161.368,161.365,161.366
1783109580000,161.366,161.376,161.365,161.374
1783109640000,161.372,161.375,161.367,161.375
1783109700000,161.376,161.376,161.371,161.374
1783109760000,161.374,161.376,161.367,161.368
1783109820000,161.369,161.37,161.367,161.37
1783109880000,161.37,161.378,161.37,161.377
1783109940000,161.375,161.378,161.366,161.367
1783110000000,161.367,161.376,161.367,161.375
1783110060000,161.376,161.376,161.37,161.373
1783110120000,161.373,161.375,161.366,161.372
1783110180000,161.372,161.372,161.361,161.372
1783110240000,161.373,161.373,161.369,161.37
1783110300000,161.37,161.371,161.368,161.371
1783110360000,161.371,161.381,161.365,161.381
1783110420000,161.381,161.383,161.38,161.382
1783110480000,161.383,161.386,161.381,161.386
1783110540000,161.385,161.385,161.383,161.384
1783110600000,161.383,161.384,161.335,161.339
1783110660000,161.338,161.348,161.338,161.346
1783110720000,161.346,161.353,161.328,161.338
1783110780000,161.338,161.349,161.338,161.347
1783110840000,161.346,161.353,161.345,161.351
1783110900000,161.352,161.359,161.342,161.354
1783110960000,161.354,161.371,161.352,161.365
1783111020000,161.363,161.371,161.362,161.37
1783111080000,161.37,161.372,161.368,161.369
1783111140000,161.369,161.371,161.361,161.363
1783111200000,161.362,161.37,161.361,161.369
1783111260000,161.369,161.371,161.351,161.354
1783111320000,161.354,161.358,161.352,161.357
1783111380000,161.357,161.394,161.356,161.384
1783111440000,161.383,161.387,161.367,161.38
1783111500000,161.38,161.392,161.374,161.39
1783111560000,161.389,161.438,161.387,161.411
1783111620000,161.41,161.416,161.375,161.394
1783111680000,161.392,161.4,161.367,161.383
1783111740000,161.383,161.395,161.365,161.374
1783111800000,161.372,161.378,161.368,161.373
1783111860000,161.371,161.377,161.37,161.372
1783111920000,161.371,161.402,161.369,161.394
1783111980000,161.394,161.394,161.389,161.39
1783112040000,161.391,161.396,161.376,161.381
1783112100000,161.38,161.38,161.348,161.358
1783112160000,161.359,161.371,161.347,161.355
1783112220000,161.352,161.365,161.348,161.365
1783112280000,161.349,161.354,161.345,161.345
1783112340000,161.33,161.365,161.33,161.347
1783112400000,161.347,161.347,161.347,161.347
1783112460000,161.347,161.347,161.347,161.347
1783112520000,161.347,161.347,161.347,161.347
1783112580000,161.347,161.347,161.347,161.347
1783112640000,161.347,161.347,161.347,161.347
1783112700000,161.347,161.347,161.347,161.347
1783112760000,161.347,161.347,161.347,161.347
1783112820000,161.347,161.347,161.347,161.347
1783112880000,161.347,161.347,161.347,161.347
1783112940000,161.347,161.347,161.347,161.347
1783113000000,161.347,161.347,161.347,161.347
1783113060000,161.347,161.347,161.347,161.347
1783113120000,161.347,161.347,161.347,161.347
1783113180000,161.347,161.347,161.347,161.347
1783113240000,161.347,161.347,161.347,161.347
1783113300000,161.347,161.347,161.347,161.347
1783113360000,161.347,161.347,161.347,161.347
1783113420000,161.347,161.347,161.347,161.347
1783113480000,161.347,161.347,161.347,161.347
1783113540000,161.347,161.347,161.347,161.347
1783113600000,161.347,161.347,161.347,161.347
1783113660000,161.347,161.347,161.347,161.347
1783113720000,161.347,161.347,161.347,161.347
1783113780000,161.347,161.347,161.347,161.347
1783113840000,161.347,161.347,161.347,161.347
1783113900000,161.347,161.347,161.347,161.347
1783113960000,161.347,161.347,161.347,161.347
1783114020000,161.347,161.347,161.347,161.347
1783114080000,161.347,161.347,161.347,161.347
1783114140000,161.347,161.347,161.347,161.347
1783114200000,161.347,161.347,161.347,161.347
1783114260000,161.347,161.347,161.347,161.347
1783114320000,161.347,161.347,161.347,161.347
1783114380000,161.347,161.347,161.347,161.347
1783114440000,161.347,161.347,161.347,161.347
1783114500000,161.347,161.347,161.347,161.347
1783114560000,161.347,161.347,161.347,161.347
1783114620000,161.347,161.347,161.347,161.347
1783114680000,161.347,161.347,161.347,161.347
1783114740000,161.347,161.347,161.347,161.347
1783114800000,161.347,161.347,161.347,161.347
1783114860000,161.347,161.347,161.347,161.347
1783114920000,161.347,161.347,161.347,161.347
1783114980000,161.347,161.347,161.347,161.347
1783115040000,161.347,161.347,161.347,161.347
1783115100000,161.347,161.347,161.347,161.347
1783115160000,161.347,161.347,161.347,161.347
1783115220000,161.347,161.347,161.347,161.347
1783115280000,161.347,161.347,161.347,161.347
1783115340000,161.347,161.347,161.347,161.347
1783115400000,161.347,161.347,161.347,161.347
1783115460000,161.347,161.347,161.347,161.347
1783115520000,161.347,161.347,161.347,161.347
1783115580000,161.347,161.347,161.347,161.347
1783115640000,161.347,161.347,161.347,161.347
1783115700000,161.347,161.347,161.347,161.347
1783115760000,161.347,161.347,161.347,161.347
1783115820000,161.347,161.347,161.347,161.347
1783115880000,161.347,161.347,161.347,161.347
1783115940000,161.347,161.347,161.347,161.347
1783116000000,161.347,161.347,161.347,161.347
1783116060000,161.347,161.347,161.347,161.347
1783116120000,161.347,161.347,161.347,161.347
1783116180000,161.347,161.347,161.347,161.347
1783116240000,161.347,161.347,161.347,161.347
1783116300000,161.347,161.347,161.347,161.347
1783116360000,161.347,161.347,161.347,161.347
1783116420000,161.347,161.347,161.347,161.347
1783116480000,161.347,161.347,161.347,161.347
1783116540000,161.347,161.347,161.347,161.347
1783116600000,161.347,161.347,161.347,161.347
1783116660000,161.347,161.347,161.347,161.347
1783116720000,161.347,161.347,161.347,161.347
1783116780000,161.347,161.347,161.347,161.347
1783116840000,161.347,161.347,161.347,161.347
1783116900000,161.347,161.347,161.347,161.347
1783116960000,161.347,161.347,161.347,161.347
1783117020000,161.347,161.347,161.347,161.347
1783117080000,161.347,161.347,161.347,161.347
1783117140000,161.347,161.347,161.347,161.347
1783117200000,161.347,161.347,161.347,161.347
1783117260000,161.347,161.347,161.347,161.347
1783117320000,161.347,161.347,161.347,161.347
1783117380000,161.347,161.347,161.347,161.347
1783117440000,161.347,161.347,161.347,161.347
1783117500000,161.347,161.347,161.347,161.347
1783117560000,161.347,161.347,161.347,161.347
1783117620000,161.347,161.347,161.347,161.347
1783117680000,161.347,161.347,161.347,161.347
1783117740000,161.347,161.347,161.347,161.347
1783117800000,161.347,161.347,161.347,161.347
1783117860000,161.347,161.347,161.347,161.347
1783117920000,161.347,161.347,161.347,161.347
1783117980000,161.347,161.347,161.347,161.347
1783118040000,161.347,161.347,161.347,161.347
1783118100000,161.347,161.347,161.347,161.347
1783118160000,161.347,161.347,161.347,161.347
1783118220000,161.347,161.347,161.347,161.347
1783118280000,161.347,161.347,161.347,161.347
1783118340000,161.347,161.347,161.347,161.347
1783118400000,161.347,161.347,161.347,161.347
1783118460000,161.347,161.347,161.347,161.347
1783118520000,161.347,161.347,161.347,161.347
1783118580000,161.347,161.347,161.347,161.347
1783118640000,161.347,161.347,161.347,161.347
1783118700000,161.347,161.347,161.347,161.347
1783118760000,161.347,161.347,161.347,161.347
1783118820000,161.347,161.347,161.347,161.347
1783118880000,161.347,161.347,161.347,161.347
1783118940000,161.347,161.347,161.347,161.347
1783119000000,161.347,161.347,161.347,161.347
1783119060000,161.347,161.347,161.347,161.347
1783119120000,161.347,161.347,161.347,161.347
1783119180000,161.347,161.347,161.347,161.347
1783119240000,161.347,161.347,161.347,161.347
1783119300000,161.347,161.347,161.347,161.347
1783119360000,161.347,161.347,161.347,161.347
1783119420000,161.347,161.347,161.347,161.347
1783119480000,161.347,161.347,161.347,161.347
1783119540000,161.347,161.347,161.347,161.347
1783119600000,161.347,161.347,161.347,161.347
1783119660000,161.347,161.347,161.347,161.347
1783119720000,161.347,161.347,161.347,161.347
1783119780000,161.347,161.347,161.347,161.347
1783119840000,161.347,161.347,161.347,161.347
1783119900000,161.347,161.347,161.347,161.347
1783119960000,161.347,161.347,161.347,161.347
1783120020000,161.347,161.347,161.347,161.347
1783120080000,161.347,161.347,161.347,161.347
1783120140000,161.347,161.347,161.347,161.347
1783120200000,161.347,161.347,161.347,161.347
1783120260000,161.347,161.347,161.347,161.347
1783120320000,161.347,161.347,161.347,161.347
1783120380000,161.347,161.347,161.347,161.347
1783120440000,161.347,161.347,161.347,161.347
1783120500000,161.347,161.347,161.347,161.347
1783120560000,161.347,161.347,161.347,161.347
1783120620000,161.347,161.347,161.347,161.347
1783120680000,161.347,161.347,161.347,161.347
1783120740000,161.347,161.347,161.347,161.347
1783120800000,161.347,161.347,161.347,161.347
1783120860000,161.347,161.347,161.347,161.347
1783120920000,161.347,161.347,161.347,161.347
1783120980000,161.347,161.347,161.347,161.347
1783121040000,161.347,161.347,161.347,161.347
1783121100000,161.347,161.347,161.347,161.347
1783121160000,161.347,161.347,161.347,161.347
1783121220000,161.347,161.347,161.347,161.347
1783121280000,161.347,161.347,161.347,161.347
1783121340000,161.347,161.347,161.347,161.347
1783121400000,161.347,161.347,161.347,161.347
1783121460000,161.347,161.347,161.347,161.347
1783121520000,161.347,161.347,161.347,161.347
1783121580000,161.347,161.347,161.347,161.347
1783121640000,161.347,161.347,161.347,161.347
1783121700000,161.347,161.347,161.347,161.347
1783121760000,161.347,161.347,161.347,161.347
1783121820000,161.347,161.347,161.347,161.347
1783121880000,161.347,161.347,161.347,161.347
1783121940000,161.347,161.347,161.347,161.347
1783122000000,161.347,161.347,161.347,161.347
1783122060000,161.347,161.347,161.347,161.347
1783122120000,161.347,161.347,161.347,161.347
1783122180000,161.347,161.347,161.347,161.347
1783122240000,161.347,161.347,161.347,161.347
1783122300000,161.347,161.347,161.347,161.347
1783122360000,161.347,161.347,161.347,161.347
1783122420000,161.347,161.347,161.347,161.347
1783122480000,161.347,161.347,161.347,161.347
1783122540000,161.347,161.347,161.347,161.347
1783122600000,161.347,161.347,161.347,161.347
1783122660000,161.347,161.347,161.347,161.347
1783122720000,161.347,161.347,161.347,161.347
1783122780000,161.347,161.347,161.347,161.347
1783122840000,161.347,161.347,161.347,161.347
1783122900000,161.347,161.347,161.347,161.347
1783122960000,161.347,161.347,161.347,161.347
1783123020000,161.347,161.347,161.347,161.347
1783123080000,161.347,161.347,161.347,161.347
1783123140000,161.347,161.347,161.347,161.347
1783296000000,161.458,161.494,161.458,161.489
1783296060000,161.488,161.488,161.461,161.471
1783296120000,161.471,161.486,161.459,161.484
1783296180000,161.485,161.506,161.481,161.495
1783296240000,161.494,161.534,161.493,161.532
1783296300000,161.533,161.551,161.523,161.55
1783296360000,161.55,161.551,161.537,161.545
1783296420000,161.544,161.55,161.538,161.55
1783296480000,161.549,161.55,161.545,161.545
1783296540000,161.546,161.587,161.545,161.585
1783296600000,161.585,161.585,161.56,161.562
1783296660000,161.562,161.564,161.549,161.55
1783296720000,161.55,161.563,161.547,161.55
1783296780000,161.551,161.554,161.546,161.546
1783296840000,161.545,161.548,161.536,161.536
1783296900000,161.536,161.538,161.521,161.533
1783296960000,161.534,161.536,161.485,161.485
1783297020000,161.484,161.484,161.456,161.482
1783297080000,161.483,161.512,161.483,161.511
1783297140000,161.511,161.515,161.497,161.508
1783297200000,161.51,161.51,161.498,161.502
1783297260000,161.503,161.504,161.492,161.501
1783297320000,161.498,161.503,161.498,161.5
1783297380000,161.501,161.518,161.501,161.515
1783297440000,161.515,161.541,161.515,161.528
1783297500000,161.528,161.528,161.521,161.528
1783297560000,161.527,161.54,161.524,161.538
1783297620000,161.536,161.536,161.509,161.517
1783297680000,161.516,161.516,161.51,161.514
1783297740000,161.513,161.517,161.498,161.498
1783297800000,161.5,161.501,161.475,161.49
1783297860000,161.488,161.504,161.487,161.502
1783297920000,161.503,161.503,161.484,161.485
1783297980000,161.483,161.494,161.477,161.492
1783298040000,161.492,161.511,161.49,161.506
1783298100000,161.506,161.527,161.506,161.515
1783298160000,161.519,161.529,161.514,161.516
1783298220000,161.515,161.516,161.504,161.512
1783298280000,161.512,161.543,161.512,161.541
1783298340000,161.54,161.54,161.525,161.536
1783298400000,161.537,161.543,161.529,161.529
1783298460000,161.53,161.53,161.52,161.525
1783298520000,161.524,161.543,161.521,161.538
1783298580000,161.539,161.541,161.528,161.538
1783298640000,161.538,161.538,161.515,161.524
1783298700000,161.524,161.536,161.523,161.536
1783298760000,161.536,161.536,161.515,161.524
1783298820000,161.524,161.555,161.524,161.554
1783298880000,161.555,161.577,161.547,161.577
1783298940000,161.578,161.604,161.574,161.575
1783299000000,161.575,161.602,161.575,161.596
1783299060000,161.595,161.596,161.581,161.595
1783299120000,161.6,161.602,161.577,161.579
1783299180000,161.578,161.582,161.557,161.566
1783299240000,161.565,161.597,161.539,161.54
1783299300000,161.535,161.563,161.469,161.502
1783299360000,161.502,161.522,161.485,161.515
1783299420000,161.516,161.531,161.487,161.494
1783299480000,161.494,161.517,161.493,161.511
1783299540000,161.509,161.532,161.498,161.531
1783303200000,161.812,161.814,161.795,161.795
1783303260000,161.795,161.816,161.795,161.81
1783303320000,161.809,161.809,161.779,161.781
1783303380000,161.78,161.794,161.779,161.793
1783303440000,161.793,161.794,161.784,161.793
1783303500000,161.794,161.796,161.788,161.791
1783303560000,161.792,161.806,161.792,161.806
1783303620000,161.807,161.833,161.807,161.82
1783303680000,161.821,161.822,161.816,161.818
1783303740000,161.817,161.839,161.817,161.832
1783303800000,161.832,161.836,161.832,161.835
1783303860000,161.836,161.836,161.82,161.835
1783303920000,161.836,161.849,161.824,161.847
1783303980000,161.848,161.849,161.833,161.833
1783304040000,161.832,161.833,161.825,161.829
1783304100000,161.829,161.834,161.823,161.823
1783304160000,161.824,161.835,161.824,161.833
1783304220000,161.833,161.837,161.811,161.812
1783304280000,161.812,161.814,161.793,161.798
1783304340000,161.795,161.799,161.784,161.799
1783304400000,161.799,161.799,161.789,161.791
1783304460000,161.79,161.805,161.789,161.801
1783304520000,161.8,161.8,161.797,161.797
1783304580000,161.797,161.799,161.793,161.795
1783304640000,161.795,161.807,161.795,161.807
1783304700000,161.807,161.809,161.796,161.796
1783304760000,161.795,161.801,161.794,161.8
1783304820000,161.801,161.809,161.8,161.806
1783304880000,161.801,161.801,161.789,161.795
1783304940000,161.795,161.797,161.792,161.797
1783305000000,161.796,161.807,161.796,161.807
1783305060000,161.806,161.809,161.804,161.807
1783305120000,161.804,161.806,161.793,161.801
1783305180000,161.8,161.8,161.797,161.798
1783305240000,161.799,161.802,161.797,161.798
1783305300000,161.798,161.822,161.796,161.822
1783305360000,161.822,161.825,161.811,161.811
1783305420000,161.809,161.819,161.805,161.813
1783305480000,161.811,161.811,161.807,161.807
1783305540000,161.807,161.807,161.798,161.801
1783305600000,161.801,161.819,161.798,161.802
1783305660000,161.806,161.807,161.804,161.804
1783305720000,161.805,161.81,161.799,161.803
1783305780000,161.804,161.807,161.804,161.806
1783305840000,161.807,161.808,161.796,161.799
1783305900000,161.797,161.805,161.793,161.798
1783305960000,161.799,161.802,161.797,161.797
1783306020000,161.796,161.796,161.792,161.794
1783306080000,161.796,161.796,161.78,161.786
1783306140000,161.785,161.787,161.781,161.783
1783306200000,161.784,161.798,161.784,161.798
1783306260000,161.798,161.798,161.782,161.786
1783306320000,161.787,161.788,161.782,161.782
1783306380000,161.783,161.785,161.753,161.756
1783306440000,161.756,161.767,161.748,161.765
1783306500000,161.765,161.771,161.757,161.767
1783306560000,161.766,161.768,161.762,161.766
1783306620000,161.764,161.768,161.756,161.759
1783306680000,161.758,161.762,161.758,161.759
1783306740000,161.759,161.773,161.759,161.773
