timestamp,open,high,low,close
1782432000000,161.803,161.804,161.791,161.793
1782432060000,161.795,161.807,161.792,161.806
1782432120000,161.804,161.807,161.799,161.799
1782432180000,161.8,161.813,161.797,161.809
1782432240000,161.809,161.812,161.805,161.807
1782432300000,161.808,161.808,161.802,161.804
1782432360000,161.803,161.805,161.8,161.8
1782432420000,161.801,161.809,161.801,161.809
1782432480000,161.809,161.817,161.809,161.814
1782432540000,161.815,161.816,161.814,161.814
1782432600000,161.815,161.827,161.813,161.815
1782432660000,161.814,161.814,161.812,161.813
1782432720000,161.812,161.816,161.806,161.815
1782432780000,161.816,161.816,161.813,161.813
1782432840000,161.813,161.815,161.803,161.805
1782432900000,161.805,161.806,161.795,161.805
1782432960000,161.805,161.812,161.804,161.812
1782433020000,161.813,161.813,161.811,161.812
1782433080000,161.812,161.818,161.812,161.818
1782433140000,161.816,161.817,161.816,161.817
1782433200000,161.816,161.818,161.814,161.817
1782433260000,161.817,161.817,161.815,161.815
1782433320000,161.815,161.82,161.815,161.819
1782433380000,161.819,161.82,161.817,161.819
1782433440000,161.817,161.817,161.814,161.814
1782433500000,161.813,161.821,161.813,161.82
1782433560000,161.821,161.822,161.815,161.816
1782433620000,161.815,161.821,161.814,161.821
1782433680000,161.82,161.823,161.816,161.821
1782433740000,161.821,161.822,161.816,161.818
1782433800000,161.818,161.828,161.814,161.825
1782433860000,161.825,161.83,161.821,161.826
1782433920000,161.825,161.828,161.824,161.826
1782433980000,161.827,161.83,161.825,161.828
1782434040000,161.827,161.829,161.824,161.825
1782434100000,161.824,161.826,161.823,161.824
1782434160000,161.825,161.827,161.815,161.817
1782434220000,161.818,161.824,161.818,161.824
1782434280000,161.825,161.825,161.814,161.816
1782434340000,161.816,161.816,161.796,161.801
1782434400000,161.801,161.813,161.8,161.804
1782434460000,161.805,161.813,161.802,161.807
1782434520000,161.807,161.811,161.801,161.803
1782434580000,161.801,161.805,161.801,161.803
1782434640000,161.801,161.806,161.801,161.804
1782434700000,161.805,161.81,161.801,161.809
1782434760000,161.809,161.814,161.802,161.813
1782434820000,161.812,161.828,161.811,161.819
1782434880000,161.818,161.825,161.818,161.825
1782434940000,161.826,161.829,161.826,161.828
1782435000000,161.828,161.829,161.826,161.829
1782435060000,161.827,161.832,161.827,161.832
1782435120000,161.832,161.839,161.823,161.823
1782435180000,161.827,161.828,161.819,161.82
1782435240000,161.82,161.839,161.816,161.837
1782435300000,161.84,161.84,161.809,161.822
1782435360000,161.821,161.825,161.82,161.822
1782435420000,161.821,161.823,161.821,161.822
1782435480000,161.82,161.822,161.819,161.822
1782435540000,161.822,161.832,161.821,161.83
1782435600000,161.829,161.835,161.829,161.835
1782435660000,161.833,161.84,161.83,161.832
1782435720000,161.832,161.832,161.82,161.821
1782435780000,161.822,161.828,161.821,161.822
1782435840000,161.82,161.834,161.819,161.833
1782435900000,161.831,161.833,161.831,161.833
1782435960000,161.833,161.833,161.829,161.831
1782436020000,161.83,161.832,161.828,161.828
1782436080000,161.825,161.828,161.823,161.825
1782436140000,161.824,161.826,161.819,161.821
1782436200000,161.819,161.821,161.815,161.816
1782436260000,161.816,161.822,161.81,161.822
1782436320000,161.821,161.821,161.81,161.81
1782436380000,161.812,161.817,161.809,161.817
1782436440000,161.82,161.821,161.815,161.815
1782436500000,161.816,161.818,161.812,161.812
1782436560000,161.814,161.821,161.812,161.814
1782436620000,161.815,161.826,161.815,161.824
1782436680000,161.822,161.823,161.822,161.823
1782436740000,161.824,161.832,161.824,161.831
1782436800000,161.832,161.832,161.824,161.825
1782436860000,161.827,161.833,161.827,161.833
1782436920000,161.833,161.833,161.832,161.832
1782436980000,161.832,161.832,161.831,161.832
1782437040000,161.832,161.832,161.829,161.83
1782437100000,161.831,161.832,161.83,161.832
1782437160000,161.833,161.835,161.83,161.835
1782437220000,161.836,161.842,161.836,161.842
1782437280000,161.842,161.843,161.841,161.841
1782437340000,161.842,161.842,161.842,161.842
1782437400000,161.842,161.843,161.833,161.84
1782437460000,161.841,161.844,161.84,161.844
1782437520000,161.843,161.844,161.841,161.843
1782437580000,161.839,161.839,161.825,161.83
1782437640000,161.835,161.84,161.832,161.839
1782437700000,161.84,161.845,161.84,161.842
1782437760000,161.843,161.843,161.84,161.84
1782437820000,161.841,161.847,161.841,161.843
1782437880000,161.842,161.844,161.841,161.841
1782437940000,161.842,161.842,161.826,161.827
1782438000000,161.828,161.829,161.822,161.823
1782438060000,161.825,161.832,161.825,161.83
1782438120000,161.83,161.832,161.829,161.829
1782438180000,161.828,161.828,161.826,161.827
1782438240000,161.827,161.842,161.825,161.841
1782438300000,161.842,161.842,161.832,161.832
1782438360000,161.834,161.838,161.832,161.832
1782438420000,161.831,161.833,161.829,161.832
1782438480000,161.838,161.84,161.835,161.839
1782438540000,161.84,161.84,161.839,161.839
1782438600000,161.839,161.839,161.838,161.838
1782438660000,161.839,161.839,161.838,161.839
1782438720000,161.839,161.842,161.838,161.839
1782438780000,161.838,161.838,161.831,161.831
1782438840000,161.831,161.833,161.827,161.831
1782438900000,161.832,161.832,161.824,161.827
1782438960000,161.824,161.824,161.79,161.818
1782439020000,161.817,161.819,161.803,161.804
1782439080000,161.804,161.808,161.798,161.802
1782439140000,161.803,161.804,161.802,161.803
1782439200000,161.804,161.806,161.801,161.803
1782439260000,161.801,161.803,161.8,161.802
1782439320000,161.801,161.801,161.794,161.797
1782439380000,161.795,161.796,161.793,161.793
1782439440000,161.792,161.795,161.791,161.794
1782439500000,161.793,161.794,161.782,161.794
1782439560000,161.795,161.809,161.795,161.803
1782439620000,161.802,161.803,161.794,161.8
1782439680000,161.799,161.799,161.792,161.793
1782439740000,161.793,161.804,161.793,161.804
1782439800000,161.804,161.804,161.796,161.803
1782439860000,161.803,161.805,161.794,161.801
1782439920000,161.8,161.801,161.791,161.792
1782439980000,161.793,161.794,161.792,161.793
1782440040000,161.794,161.795,161.79,161.79
1782440100000,161.792,161.8,161.79,161.799
1782440160000,161.798,161.798,161.788,161.792
1782440220000,161.791,161.792,161.79,161.791
1782440280000,161.792,161.796,161.789,161.795
1782440340000,161.793,161.803,161.79,161.803
1782440400000,161.801,161.809,161.794,161.804
1782440460000,161.805,161.805,161.803,161.805
1782440520000,161.804,161.814,161.804,161.813
1782440580000,161.813,161.814,161.806,161.809
1782440640000,161.809,161.809,161.802,161.806
1782440700000,161.809,161.81,161.803,161.803
1782440760000,161.804,161.807,161.803,161.805
1782440820000,161.806,161.814,161.806,161.809
1782440880000,161.808,161.808,161.804,161.804
1782440940000,161.802,161.808,161.802,161.808
1782441000000,161.807,161.807,161.803,161.803
1782441060000,161.802,161.804,161.793,161.804
1782441120000,161.804,161.807,161.795,161.795
1782441180000,161.795,161.797,161.795,161.797
1782441240000,161.794,161.795,161.793,161.794
1782441300000,161.794,161.795,161.788,161.791
1782441360000,161.79,161.79,161.781,161.789
1782441420000,161.79,161.792,161.79,161.791
1782441480000,161.792,161.793,161.791,161.791
1782441540000,161.792,161.793,161.789,161.789
1782441600000,161.79,161.798,161.79,161.797
1782441660000,161.798,161.798,161.794,161.796
1782441720000,161.798,161.798,161.793,161.794
1782441780000,161.796,161.796,161.794,161.794
1782441840000,161.794,161.796,161.792,161.792
1782441900000,161.793,161.802,161.791,161.798
1782441960000,161.799,161.799,161.787,161.787
1782442020000,161.785,161.789,161.776,161.785
1782442080000,161.782,161.784,161.777,161.778
1782442140000,161.779,161.794,161.777,161.794
1782442200000,161.794,161.794,161.777,161.781
1782442260000,161.786,161.788,161.78,161.78
1782442320000,161.781,161.79,161.78,161.789
1782442380000,161.791,161.791,161.788,161.789
1782442440000,161.788,161.788,161.779,161.78
1782442500000,161.779,161.784,161.778,161.778
1782442560000,161.778,161.778,161.77,161.773
1782442620000,161.773,161.777,161.771,161.776
1782442680000,161.78,161.784,161.78,161.781
1782442740000,161.779,161.779,161.771,161.775
1782442800000,161.776,161.777,161.763,161.767
1782442860000,161.767,161.771,161.766,161.766
1782442920000,161.766,161.766,161.749,161.752
1782442980000,161.756,161.757,161.753,161.756
1782443040000,161.751,161.751,161.736,161.744
1782443100000,161.742,161.744,161.739,161.744
1782443160000,161.745,161.745,161.734,161.74
1782443220000,161.739,161.743,161.738,161.741
1782443280000,161.744,161.751,161.744,161.75
1782443340000,161.75,161.754,161.749,161.753
1782443400000,161.752,161.756,161.742,161.743
1782443460000,161.742,161.742,161.726,161.728
1782443520000,161.729,161.729,161.725,161.728
1782443580000,161.728,161.735,161.728,161.734
1782443640000,161.735,161.743,161.735,161.743
1782443700000,161.742,161.753,161.742,161.751
1782443760000,161.752,161.755,161.744,161.745
1782443820000,161.742,161.743,161.741,161.741
1782443880000,161.741,161.743,161.741,161.741
1782443940000,161.741,161.741,161.735,161.735
1782444000000,161.736,161.743,161.736,161.743
1782444060000,161.743,161.744,161.743,161.743
1782444120000,161.742,161.743,161.741,161.742
1782444180000,161.741,161.741,161.732,161.733
1782444240000,161.734,161.734,161.732,161.732
1782444300000,161.732,161.732,161.73,161.73
1782444360000,161.729,161.732,161.725,161.731
1782444420000,161.733,161.735,161.731,161.732
1782444480000,161.732,161.732,161.727,161.727
1782444540000,161.727,161.731,161.726,161.728
1782444600000,161.728,161.728,161.725,161.726
1782444660000,161.726,161.726,161.726,161.726
1782444720000,161.726,161.73,161.726,161.73
1782444780000,161.729,161.734,161.726,161.731
1782444840000,161.731,161.734,161.729,161.729
1782444900000,161.729,161.731,161.728,161.731
1782444960000,161.732,161.732,161.724,161.726
1782445020000,161.725,161.725,161.702,161.702
1782445080000,161.702,161.707,161.692,161.704
1782445140000,161.703,161.713,161.703,161.713
1782445200000,161.712,161.712,161.702,161.708
1782445260000,161.708,161.708,161.702,161.705
1782445320000,161.703,161.703,161.689,161.689
1782445380000,161.684,161.684,161.66,161.662
1782445440000,161.663,161.671,161.652,161.652
1782445500000,161.651,161.66,161.648,161.66
1782445560000,161.659,161.66,161.649,161.649
1782445620000,161.65,161.65,161.629,161.632
1782445680000,161.631,161.637,161.621,161.637
1782445740000,161.636,161.648,161.636,161.647
1782445800000,161.649,161.651,161.635,161.643
1782445860000,161.643,161.666,161.64,161.655
1782445920000,161.654,161.674,161.654,161.671
1782445980000,161.669,161.673,161.659,161.661
1782446040000,161.66,161.661,161.649,161.654
1782446100000,161.654,161.654,161.627,161.635
1782446160000,161.633,161.642,161.624,161.642
1782446220000,161.641,161.652,161.636,161.65
1782446280000,161.65,161.666,161.65,161.664
1782446340000,161.665,161.669,161.648,161.649
1782446400000,161.651,161.667,161.648,161.666
1782446460000,161.666,161.666,161.651,161.659
1782446520000,161.66,161.682,161.66,161.667
1782446580000,161.666,161.668,161.663,161.667
1782446640000,161.668,161.674,161.668,161.668
1782446700000,161.668,161.678,161.668,161.677
1782446760000,161.676,161.68,161.676,161.678
1782446820000,161.678,161.679,161.675,161.677
1782446880000,161.678,161.68,161.671,161.674
1782446940000,161.674,161.676,161.638,161.643
1782447000000,161.644,161.654,161.625,161.631
1782447060000,161.632,161.636,161.616,161.616
1782447120000,161.618,161.619,161.602,161.605
1782447180000,161.605,161.609,161.594,161.609
1782447240000,161.608,161.637,161.607,161.637
1782447300000,161.636,161.642,161.63,161.636
1782447360000,161.636,161.637,161.633,161.636
1782447420000,161.636,161.637,161.626,161.627
1782447480000,161.628,161.64,161.628,161.635
1782447540000,161.636,161.65,161.636,161.649
1782447600000,161.649,161.652,161.649,161.652
1782447660000,161.651,161.651,161.649,161.65
1782447720000,161.65,161.652,161.649,161.65
1782447780000,161.65,161.65,161.635,161.636
1782447840000,161.637,161.64,161.633,161.634
1782447900000,161.634,161.634,161.623,161.625
1782447960000,161.626,161.626,161.611,161.611
1782448020000,161.611,161.611,161.587,161.588
1782448080000,161.588,161.588,161.565,161.582
1782448140000,161.582,161.602,161.582,161.599
1782448200000,161.598,161.606,161.597,161.606
1782448260000,161.607,161.617,161.603,161.603
1782448320000,161.601,161.611,161.6,161.61
1782448380000,161.612,161.612,161.599,161.6
1782448440000,161.599,161.601,161.598,161.598
1782448500000,161.598,161.599,161.575,161.582
1782448560000,161.58,161.596,161.574,161.592
1782448620000,161.593,161.601,161.589,161.6
1782448680000,161.599,161.602,161.599,161.601
1782448740000,161.6,161.604,161.599,161.604
1782448800000,161.602,161.602,161.588,161.588
1782448860000,161.588,161.607,161.588,161.607
1782448920000,161.608,161.627,161.608,161.616
1782448980000,161.617,161.621,161.608,161.608
1782449040000,161.608,161.614,161.602,161.614
1782449100000,161.613,161.627,161.613,161.627
1782449160000,161.625,161.634,161.625,161.63
1782449220000,161.63,161.635,161.627,161.635
1782449280000,161.635,161.638,161.63,161.638
1782449340000,161.639,161.65,161.638,161.648
1782449400000,161.646,161.65,161.639,161.65
1782449460000,161.651,161.653,161.648,161.651
1782449520000,161.652,161.654,161.648,161.653
1782449580000,161.651,161.652,161.65,161.651
1782449640000,161.651,161.652,161.637,161.639
1782449700000,161.639,161.64,161.634,161.639
1782449760000,161.639,161.639,161.634,161.639
1782449820000,161.638,161.638,161.626,161.627
1782449880000,161.626,161.628,161.626,161.627
1782449940000,161.627,161.635,161.627,161.627
1782450000000,161.627,161.634,161.622,161.622
1782450060000,161.623,161.624,161.622,161.622
1782450120000,161.624,161.625,161.617,161.622
1782450180000,161.623,161.624,161.622,161.624
1782450240000,161.627,161.631,161.626,161.627
1782450300000,161.628,161.642,161.628,161.637
1782450360000,161.64,161.64,161.634,161.636
1782450420000,161.637,161.637,161.625,161.625
1782450480000,161.628,161.628,161.626,161.628
1782450540000,161.626,161.626,161.615,161.622
1782450600000,161.622,161.63,161.621,161.63
1782450660000,161.629,161.637,161.624,161.625
1782450720000,161.627,161.627,161.621,161.622
1782450780000,161.623,161.631,161.622,161.631
1782450840000,161.631,161.631,161.627,161.627
1782450900000,161.627,161.627,161.619,161.622
1782450960000,161.621,161.622,161.613,161.617
1782451020000,161.618,161.635,161.618,161.633
1782451080000,161.635,161.637,161.624,161.624
1782451140000,161.624,161.626,161.62,161.622
1782451200000,161.623,161.627,161.621,161.626
1782451260000,161.627,161.627,161.623,161.627
1782451320000,161.632,161.635,161.625,161.626
1782451380000,161.626,161.626,161.625,161.626
1782451440000,161.625,161.634,161.622,161.633
1782451500000,161.634,161.634,161.622,161.623
1782451560000,161.621,161.621,161.597,161.605
1782451620000,161.604,161.614,161.604,161.614
1782451680000,161.613,161.615,161.597,161.603
1782451740000,161.599,161.605,161.594,161.602
1782451800000,161.607,161.616,161.604,161.61
1782451860000,161.611,161.613,161.608,161.611
1782451920000,161.61,161.611,161.606,161.606
1782451980000,161.607,161.611,161.606,161.611
1782452040000,161.612,161.622,161.611,161.621
1782452100000,161.62,161.623,161.62,161.622
1782452160000,161.622,161.624,161.618,161.622
1782452220000,161.62,161.621,161.618,161.62
1782452280000,161.62,161.621,161.612,161.612
1782452340000,161.611,161.614,161.611,161.612
1782452400000,161.612,161.612,161.596,161.599
1782452460000,161.598,161.604,161.584,161.584
1782452520000,161.587,161.588,161.571,161.571
1782452580000,161.57,161.57,161.563,161.567
1782452640000,161.568,161.573,161.567,161.568
1782452700000,161.57,161.574,161.55,161.553
1782452760000,161.553,161.568,161.541,161.568
1782452820000,161.568,161.574,161.568,161.57
1782452880000,161.57,161.572,161.562,161.567
1782452940000,161.569,161.584,161.565,161.584
1782453000000,161.584,161.587,161.581,161.583
1782453060000,161.583,161.584,161.57,161.583
1782453120000,161.586,161.593,161.581,161.586
1782453180000,161.583,161.585,161.569,161.569
1782453240000,161.568,161.569,161.556,161.556
1782453300000,161.557,161.557,161.54,161.543
1782453360000,161.542,161.551,161.539,161.545
1782453420000,161.549,161.558,161.548,161.558
1782453480000,161.556,161.558,161.542,161.543
1782453540000,161.544,161.547,161.538,161.541
1782453600000,161.543,161.591,161.531,161.585
1782453660000,161.584,161.591,161.577,161.591
1782453720000,161.591,161.6,161.589,161.598
1782453780000,161.597,161.61,161.595,161.607
1782453840000,161.608,161.619,161.595,161.616
1782453900000,161.617,161.635,161.617,161.634
1782453960000,161.635,161.639,161.619,161.622
1782454020000,161.621,161.628,161.619,161.623
1782454080000,161.622,161.629,161.619,161.625
1782454140000,161.625,161.625,161.619,161.619
1782454200000,161.618,161.624,161.613,161.616
1782454260000,161.618,161.618,161.603,161.608
1782454320000,161.606,161.611,161.604,161.608
1782454380000,161.61,161.613,161.596,161.605
1782454440000,161.607,161.614,161.607,161.609
1782454500000,161.609,161.628,161.606,161.628
1782454560000,161.63,161.64,161.628,161.633
1782454620000,161.634,161.639,161.633,161.635
1782454680000,161.637,161.649,161.636,161.637
1782454740000,161.638,161.638,161.63,161.635
1782454800000,161.634,161.634,161.623,161.624
1782454860000,161.623,161.627,161.622,161.626
1782454920000,161.626,161.628,161.623,161.628
1782454980000,161.628,161.657,161.628,161.657
1782455040000,161.655,161.669,161.655,161.662
1782455100000,161.662,161.666,161.655,161.656
1782455160000,161.655,161.666,161.653,161.665
1782455220000,161.667,161.675,161.663,161.668
1782455280000,161.669,161.674,161.666,161.674
1782455340000,161.674,161.684,161.667,161.673
1782455400000,161.673,161.675,161.642,161.642
1782455460000,161.641,161.641,161.625,161.626
1782455520000,161.627,161.639,161.626,161.634
1782455580000,161.636,161.641,161.627,161.641
1782455640000,161.64,161.665,161.64,161.662
1782455700000,161.663,161.685,161.663,161.679
1782455760000,161.678,161.692,161.678,161.69
1782455820000,161.689,161.694,161.684,161.692
1782455880000,161.694,161.695,161.684,161.692
1782455940000,161.691,161.701,161.683,161.696
1782456000000,161.695,161.697,161.687,161.69
1782456060000,161.69,161.692,161.683,161.689
1782456120000,161.689,161.693,161.687,161.692
1782456180000,161.694,161.698,161.691,161.695
1782456240000,161.694,161.698,161.692,161.698
1782456300000,161.696,161.703,161.695,161.699
1782456360000,161.701,161.707,161.696,161.706
1782456420000,161.708,161.728,161.707,161.727
1782456480000,161.726,161.728,161.714,161.722
1782456540000,161.72,161.724,161.717,161.724
1782456600000,161.726,161.738,161.725,161.728
1782456660000,161.728,161.735,161.725,161.727
1782456720000,161.727,161.727,161.711,161.711
1782456780000,161.71,161.711,161.701,161.708
1782456840000,161.708,161.714,161.698,161.711
1782456900000,161.717,161.747,161.717,161.739
1782456960000,161.737,161.739,161.735,161.736
1782457020000,161.736,161.739,161.72,161.721
1782457080000,161.72,161.722,161.708,161.713
1782457140000,161.713,161.72,161.709,161.715
1782457200000,161.715,161.723,161.704,161.714
1782457260000,161.716,161.725,161.715,161.723
1782457320000,161.722,161.723,161.71,161.721
1782457380000,161.717,161.72,161.711,161.711
1782457440000,161.712,161.722,161.712,161.721
1782457500000,161.72,161.721,161.718,161.72
1782457560000,161.72,161.721,161.704,161.704
1782457620000,161.702,161.702,161.68,161.684
1782457680000,161.682,161.685,161.672,161.683
1782457740000,161.683,161.685,161.675,161.675
1782457800000,161.675,161.676,161.66,161.662
1782457860000,161.662,161.662,161.64,161.646
1782457920000,161.646,161.652,161.643,161.652
1782457980000,161.65,161.664,161.65,161.662
1782458040000,161.662,161.663,161.657,161.658
1782458100000,161.659,161.676,161.652,161.671
1782458160000,161.672,161.672,161.659,161.662
1782458220000,161.663,161.668,161.662,161.663
1782458280000,161.663,161.673,161.662,161.662
1782458340000,161.662,161.665,161.655,161.659
1782458400000,161.661,161.673,161.661,161.673
1782458460000,161.675,161.684,161.674,161.677
1782458520000,161.676,161.681,161.672,161.676
1782458580000,161.677,161.679,161.673,161.673
1782458640000,161.674,161.691,161.674,161.691
1782458700000,161.689,161.707,161.686,161.706
1782458760000,161.704,161.704,161.699,161.704
1782458820000,161.703,161.706,161.686,161.689
1782458880000,161.688,161.699,161.687,161.694
1782458940000,161.696,161.696,161.69,161.69
1782459000000,161.691,161.701,161.691,161.693
1782459060000,161.697,161.703,161.691,161.691
1782459120000,161.69,161.69,161.645,161.657
1782459180000,161.656,161.667,161.651,161.664
1782459240000,161.665,161.665,161.659,161.664
1782459300000,161.664,161.666,161.661,161.665
1782459360000,161.665,161.665,161.656,161.66
1782459420000,161.657,161.661,161.644,161.646
1782459480000,161.645,161.649,161.636,161.649
1782459540000,161.649,161.65,161.621,161.621
1782459600000,161.623,161.634,161.619,161.63
1782459660000,161.631,161.631,161.622,161.623
1782459720000,161.625,161.637,161.625,161.634
1782459780000,161.634,161.635,161.628,161.633
1782459840000,161.635,161.653,161.635,161.647
1782459900000,161.649,161.651,161.642,161.645
1782459960000,161.647,161.651,161.643,161.65
1782460020000,161.649,161.663,161.648,161.658
1782460080000,161.657,161.66,161.652,161.653
1782460140000,161.653,161.655,161.645,161.645
1782460200000,161.647,161.647,161.636,161.636
1782460260000,161.635,161.646,161.629,161.636
1782460320000,161.637,161.655,161.637,161.654
1782460380000,161.653,161.654,161.641,161.641
1782460440000,161.64,161.642,161.634,161.638
1782460500000,161.637,161.637,161.627,161.628
1782460560000,161.627,161.638,161.622,161.638
1782460620000,161.637,161.64,161.627,161.628
1782460680000,161.629,161.635,161.626,161.631
1782460740000,161.631,161.631,161.621,161.625
1782460800000,161.625,161.629,161.609,161.619
1782460860000,161.621,161.624,161.609,161.616
1782460920000,161.616,161.622,161.61,161.621
1782460980000,161.622,161.627,161.617,161.621
1782461040000,161.62,161.628,161.616,161.621
1782461100000,161.622,161.635,161.622,161.622
1782461160000,161.622,161.627,161.616,161.62
1782461220000,161.619,161.619,161.609,161.611
1782461280000,161.611,161.612,161.579,161.579
1782461340000,161.576,161.578,161.535,161.554
1782461400000,161.555,161.593,161.554,161.592
1782461460000,161.591,161.601,161.563,161.569
1782461520000,161.57,161.575,161.561,161.572
1782461580000,161.572,161.574,161.567,161.569
1782461640000,161.571,161.584,161.571,161.571
1782461700000,161.572,161.592,161.57,161.575
1782461760000,161.577,161.589,161.576,161.576
1782461820000,161.576,161.593,161.575,161.586
1782461880000,161.587,161.589,161.571,161.577
1782461940000,161.578,161.587,161.576,161.579
1782462000000,161.582,161.593,161.58,161.583
1782462060000,161.583,161.588,161.575,161.588
1782462120000,161.588,161.599,161.588,161.597
1782462180000,161.598,161.598,161.571,161.575
1782462240000,161.575,161.582,161.572,161.575
1782462300000,161.575,161.582,161.561,161.578
1782462360000,161.576,161.583,161.561,161.566
1782462420000,161.565,161.575,161.558,161.571
1782462480000,161.571,161.585,161.571,161.584
1782462540000,161.584,161.595,161.583,161.584
1782462600000,161.585,161.641,161.584,161.639
1782462660000,161.64,161.647,161.629,161.646
1782462720000,161.644,161.655,161.644,161.651
1782462780000,161.649,161.65,161.636,161.637
1782462840000,161.638,161.642,161.633,161.637
1782462900000,161.636,161.639,161.633,161.633
1782462960000,161.634,161.635,161.624,161.634
1782463020000,161.632,161.632,161.625,161.626
1782463080000,161.626,161.633,161.623,161.623
1782463140000,161.626,161.636,161.625,161.632
1782463200000,161.632,161.642,161.632,161.64
1782463260000,161.641,161.645,161.637,161.64
1782463320000,161.639,161.64,161.634,161.635
1782463380000,161.633,161.633,161.624,161.624
1782463440000,161.624,161.624,161.606,161.612
1782463500000,161.613,161.613,161.59,161.599
1782463560000,161.598,161.609,161.598,161.604
1782463620000,161.604,161.626,161.604,161.625
1782463680000,161.626,161.64,161.625,161.636
1782463740000,161.636,161.64,161.626,161.626
1782463800000,161.625,161.625,161.605,161.606
1782463860000,161.606,161.608,161.572,161.573
1782463920000,161.574,161.583,161.567,161.574
1782463980000,161.573,161.584,161.565,161.579
1782464040000,161.58,161.586,161.579,161.581
1782464100000,161.582,161.596,161.582,161.593
1782464160000,161.592,161.594,161.589,161.593
1782464220000,161.596,161.603,161.593,161.597
1782464280000,161.595,161.598,161.592,161.594
1782464340000,161.594,161.597,161.585,161.587
1782464400000,161.586,161.596,161.586,161.594
1782464460000,161.594,161.594,161.588,161.592
1782464520000,161.59,161.593,161.59,161.593
1782464580000,161.593,161.593,161.578,161.578
1782464640000,161.573,161.575,161.568,161.571
1782464700000,161.572,161.58,161.57,161.579
1782464760000,161.58,161.58,161.552,161.571
1782464820000,161.571,161.572,161.555,161.556
1782464880000,161.557,161.559,161.549,161.553
1782464940000,161.553,161.568,161.543,161.562
1782465000000,161.562,161.563,161.555,161.559
1782465060000,161.561,161.565,161.557,161.562
1782465120000,161.563,161.567,161.556,161.557
1782465180000,161.557,161.557,161.546,161.554
1782465240000,161.554,161.568,161.554,161.567
1782465300000,161.567,161.568,161.559,161.561
1782465360000,161.562,161.562,161.548,161.55
1782465420000,161.553,161.57,161.553,161.565
1782465480000,161.563,161.584,161.563,161.576
1782465540000,161.578,161.591,161.577,161.586
1782465600000,161.585,161.598,161.585,161.589
1782465660000,161.592,161.623,161.59,161.619
1782465720000,161.618,161.618,161.601,161.604
1782465780000,161.604,161.608,161.599,161.602
1782465840000,161.603,161.603,161.595,161.603
1782465900000,161.604,161.623,161.603,161.619
1782465960000,161.618,161.618,161.596,161.596
1782466020000,161.596,161.603,161.591,161.596
1782466080000,161.597,161.609,161.596,161.6
1782466140000,161.599,161.599,161.59,161.591
1782466200000,161.591,161.595,161.588,161.595
1782466260000,161.594,161.623,161.587,161.623
1782466320000,161.621,161.621,161.602,161.605
1782466380000,161.606,161.607,161.593,161.594
1782466440000,161.594,161.596,161.592,161.593
1782466500000,161.594,161.594,161.592,161.593
1782466560000,161.595,161.595,161.592,161.594
1782466620000,161.595,161.595,161.593,161.593
1782466680000,161.594,161.594,161.591,161.592
1782466740000,161.592,161.592,161.582,161.591
1782466800000,161.592,161.592,161.57,161.57
1782466860000,161.57,161.575,161.567,161.57
1782466920000,161.57,161.578,161.564,161.578
1782466980000,161.578,161.582,161.577,161.581
1782467040000,161.58,161.58,161.574,161.579
1782467100000,161.578,161.587,161.573,161.586
1782467160000,161.585,161.585,161.578,161.583
1782467220000,161.583,161.584,161.567,161.572
1782467280000,161.571,161.573,161.542,161.542
1782467340000,161.544,161.554,161.531,161.554
1782467400000,161.552,161.554,161.537,161.548
1782467460000,161.549,161.559,161.54,161.556
1782467520000,161.555,161.559,161.553,161.559
1782467580000,161.557,161.567,161.555,161.567
1782467640000,161.567,161.58,161.567,161.577
1782467700000,161.578,161.605,161.578,161.591
1782467760000,161.592,161.592,161.577,161.581
1782467820000,161.579,161.589,161.576,161.589
1782467880000,161.59,161.594,161.579,161.591
1782467940000,161.592,161.608,161.588,161.606
1782468000000,161.608,161.61,161.597,161.604
1782468060000,161.603,161.603,161.598,161.603
1782468120000,161.602,161.61,161.596,161.597
1782468180000,161.597,161.605,161.593,161.593
1782468240000,161.593,161.597,161.59,161.594
1782468300000,161.596,161.599,161.595,161.597
1782468360000,161.596,161.596,161.573,161.573
1782468420000,161.572,161.58,161.569,161.58
1782468480000,161.583,161.583,161.574,161.582
1782468540000,161.583,161.587,161.58,161.581
1782468600000,161.582,161.598,161.581,161.598
1782468660000,161.598,161.607,161.598,161.603
1782468720000,161.606,161.606,161.598,161.598
1782468780000,161.597,161.597,161.594,161.595
1782468840000,161.595,161.598,161.592,161.594
1782468900000,161.595,161.599,161.595,161.597
1782468960000,161.599,161.6,161.597,161.598
1782469020000,161.598,161.599,161.595,161.599
1782469080000,161.598,161.619,161.597,161.614
1782469140000,161.617,161.625,161.617,161.623
1782469200000,161.624,161.626,161.62,161.626
1782469260000,161.625,161.626,161.617,161.62
1782469320000,161.62,161.636,161.62,161.636
1782469380000,161.637,161.641,161.633,161.636
1782469440000,161.634,161.635,161.626,161.626
1782469500000,161.626,161.627,161.624,161.625
1782469560000,161.623,161.623,161.619,161.619
1782469620000,161.62,161.622,161.618,161.619
1782469680000,161.619,161.622,161.619,161.621
1782469740000,161.619,161.62,161.605,161.605
1782469800000,161.604,161.607,161.599,161.605
1782469860000,161.606,161.606,161.589,161.594
1782469920000,161.592,161.592,161.586,161.59
1782469980000,161.593,161.596,161.587,161.592
1782470040000,161.591,161.598,161.588,161.595
1782470100000,161.596,161.606,161.596,161.599
1782470160000,161.6,161.602,161.597,161.599
1782470220000,161.598,161.601,161.596,161.6
1782470280000,161.6,161.603,161.597,161.602
1782470340000,161.6,161.601,161.595,161.598
1782470400000,161.599,161.602,161.595,161.598
1782470460000,161.599,161.61,161.599,161.61
1782470520000,161.609,161.615,161.609,161.61
1782470580000,161.611,161.613,161.609,161.611
1782470640000,161.612,161.615,161.61,161.613
1782470700000,161.614,161.622,161.614,161.617
1782470760000,161.619,161.621,161.616,161.62
1782470820000,161.62,161.623,161.619,161.621
1782470880000,161.623,161.631,161.621,161.627
1782470940000,161.627,161.627,161.622,161.624
1782471000000,161.624,161.628,161.624,161.626
1782471060000,161.628,161.628,161.624,161.625
1782471120000,161.626,161.626,161.613,161.615
1782471180000,161.615,161.615,161.61,161.612
1782471240000,161.612,161.621,161.612,161.62
1782471300000,161.621,161.623,161.619,161.62
1782471360000,161.621,161.626,161.619,161.62
1782471420000,161.62,161.626,161.619,161.62
1782471480000,161.62,161.625,161.62,161.625
1782471540000,161.625,161.625,161.617,161.618
1782471600000,161.617,161.618,161.606,161.609
1782471660000,161.611,161.621,161.609,161.621
1782471720000,161.621,161.631,161.621,161.625
1782471780000,161.628,161.634,161.627,161.631
1782471840000,161.631,161.637,161.631,161.635
1782471900000,161.633,161.633,161.623,161.624
1782471960000,161.627,161.63,161.624,161.625
1782472020000,161.627,161.631,161.623,161.629
1782472080000,161.63,161.633,161.628,161.631
1782472140000,161.632,161.634,161.631,161.632
1782472200000,161.633,161.635,161.631,161.635
1782472260000,161.642,161.645,161.632,161.635
1782472320000,161.636,161.645,161.632,161.645
1782472380000,161.645,161.646,161.632,161.632
1782472440000,161.632,161.636,161.622,161.629
1782472500000,161.63,161.637,161.62,161.621
1782472560000,161.623,161.63,161.621,161.628
1782472620000,161.627,161.633,161.625,161.63
1782472680000,161.631,161.631,161.621,161.622
1782472740000,161.622,161.622,161.616,161.621
1782472800000,161.622,161.622,161.615,161.615
1782472860000,161.614,161.619,161.611,161.617
1782472920000,161.618,161.619,161.615,161.619
1782472980000,161.619,161.631,161.619,161.621
1782473040000,161.621,161.624,161.62,161.623
1782473100000,161.624,161.632,161.62,161.631
1782473160000,161.631,161.631,161.613,161.619
1782473220000,161.62,161.623,161.619,161.62
1782473280000,161.619,161.623,161.617,161.623
1782473340000,161.622,161.623,161.618,161.618
1782473400000,161.619,161.62,161.617,161.618
1782473460000,161.619,161.623,161.619,161.621
1782473520000,161.623,161.624,161.62,161.623
1782473580000,161.622,161.623,161.617,161.623
1782473640000,161.622,161.623,161.622,161.623
1782473700000,161.623,161.633,161.623,161.631
1782473760000,161.632,161.632,161.629,161.63
1782473820000,161.63,161.647,161.63,161.645
1782473880000,161.643,161.644,161.633,161.639
1782473940000,161.639,161.643,161.635,161.639
1782474000000,161.64,161.64,161.633,161.633
1782474060000,161.633,161.636,161.631,161.633
1782474120000,161.634,161.636,161.634,161.635
1782474180000,161.635,161.641,161.635,161.638
1782474240000,161.641,161.643,161.637,161.637
1782474300000,161.636,161.661,161.636,161.65
1782474360000,161.649,161.657,161.649,161.65
1782474420000,161.648,161.657,161.646,161.657
1782474480000,161.656,161.661,161.652,161.661
1782474540000,161.662,161.669,161.659,161.669
1782474600000,161.67,161.675,161.663,161.671
1782474660000,161.673,161.676,161.671,161.673
1782474720000,161.672,161.68,161.669,161.679
1782474780000,161.678,161.678,161.669,161.669
1782474840000,161.669,161.673,161.668,161.669
1782474900000,161.668,161.678,161.663,161.668
1782474960000,161.667,161.673,161.66,161.672
1782475020000,161.674,161.674,161.668,161.672
1782475080000,161.671,161.675,161.665,161.668
1782475140000,161.667,161.668,161.662,161.662
1782475200000,161.662,161.667,161.647,161.649
1782475260000,161.65,161.661,161.647,161.655
1782475320000,161.656,161.663,161.653,161.655
1782475380000,161.655,161.655,161.645,161.646
1782475440000,161.645,161.65,161.645,161.649
1782475500000,161.65,161.655,161.645,161.646
1782475560000,161.647,161.649,161.645,161.646
1782475620000,161.647,161.651,161.646,161.65
1782475680000,161.65,161.654,161.648,161.649
1782475740000,161.649,161.661,161.641,161.646
1782475800000,161.647,161.65,161.645,161.645
1782475860000,161.646,161.648,161.642,161.646
1782475920000,161.646,161.646,161.637,161.64
1782475980000,161.641,161.658,161.638,161.658
1782476040000,161.658,161.66,161.652,161.657
1782476100000,161.655,161.657,161.641,161.641
1782476160000,161.642,161.647,161.639,161.647
1782476220000,161.648,161.65,161.644,161.65
1782476280000,161.65,161.65,161.646,161.65
1782476340000,161.65,161.654,161.649,161.649
1782476400000,161.648,161.67,161.648,161.658
1782476460000,161.659,161.679,161.658,161.673
1782476520000,161.673,161.674,161.665,161.667
1782476580000,161.668,161.675,161.66,161.675
1782476640000,161.675,161.676,161.672,161.673
1782476700000,161.673,161.677,161.667,161.677
1782476760000,161.676,161.679,161.674,161.677
1782476820000,161.677,161.677,161.663,161.663
1782476880000,161.664,161.672,161.663,161.67
1782476940000,161.668,161.673,161.668,161.67
1782477000000,161.672,161.675,161.663,161.671
1782477060000,161.672,161.672,161.668,161.67
1782477120000,161.67,161.674,161.668,161.674
1782477180000,161.674,161.682,161.674,161.68
1782477240000,161.679,161.689,161.673,161.683
1782477300000,161.683,161.686,161.683,161.685
1782477360000,161.684,161.688,161.683,161.683
1782477420000,161.684,161.687,161.683,161.685
1782477480000,161.687,161.688,161.683,161.687
1782477540000,161.686,161.689,161.683,161.687
1782477600000,161.688,161.693,161.686,161.688
1782477660000,161.688,161.691,161.688,161.689
1782477720000,161.689,161.703,161.689,161.697
1782477780000,161.698,161.701,161.698,161.698
1782477840000,161.699,161.699,161.694,161.698
1782477900000,161.698,161.7,161.697,161.699
1782477960000,161.699,161.7,161.684,161.685
1782478020000,161.687,161.691,161.686,161.686
1782478080000,161.687,161.698,161.687,161.697
1782478140000,161.698,161.699,161.694,161.695
1782478200000,161.697,161.697,161.687,161.687
1782478260000,161.686,161.687,161.675,161.675
1782478320000,161.675,161.694,161.674,161.693
1782478380000,161.691,161.691,161.684,161.685
1782478440000,161.686,161.695,161.685,161.693
1782478500000,161.693,161.693,161.687,161.688
1782478560000,161.689,161.689,161.675,161.683
1782478620000,161.684,161.684,161.66,161.664
1782478680000,161.664,161.678,161.647,161.648
1782478740000,161.648,161.662,161.646,161.656
1782478800000,161.656,161.663,161.648,161.659
1782478860000,161.661,161.681,161.658,161.674
1782478920000,161.674,161.674,161.657,161.663
1782478980000,161.663,161.671,161.658,161.671
1782479040000,161.67,161.671,161.646,161.646
1782479100000,161.647,161.657,161.645,161.649
1782479160000,161.651,161.652,161.636,161.644
1782479220000,161.645,161.648,161.632,161.643
1782479280000,161.644,161.652,161.643,161.649
1782479340000,161.649,161.665,161.646,161.662
1782479400000,161.662,161.665,161.651,161.662
1782479460000,161.663,161.665,161.65,161.651
1782479520000,161.65,161.662,161.65,161.66
1782479580000,161.659,161.663,161.658,161.662
1782479640000,161.663,161.67,161.66,161.662
1782479700000,161.663,161.671,161.662,161.665
1782479760000,161.666,161.671,161.666,161.67
1782479820000,161.67,161.671,161.662,161.662
1782479880000,161.663,161.721,161.663,161.711
1782479940000,161.713,161.718,161.698,161.701
1782480000000,161.702,161.704,161.686,161.69
1782480060000,161.69,161.691,161.655,161.656
1782480120000,161.656,161.671,161.65,161.664
1782480180000,161.666,161.671,161.66,161.66
1782480240000,161.66,161.666,161.66,161.662
1782480300000,161.663,161.674,161.661,161.664
1782480360000,161.664,161.673,161.661,161.664
1782480420000,161.664,161.673,161.663,161.668
1782480480000,161.669,161.674,161.666,161.67
1782480540000,161.669,161.67,161.639,161.654
1782480600000,161.654,161.664,161.647,161.657
1782480660000,161.656,161.67,161.646,161.647
1782480720000,161.646,161.657,161.646,161.65
1782480780000,161.649,161.653,161.645,161.653
1782480840000,161.653,161.656,161.638,161.643
1782480900000,161.644,161.654,161.644,161.648
1782480960000,161.648,161.65,161.636,161.643
1782481020000,161.642,161.65,161.64,161.649
1782481080000,161.649,161.651,161.646,161.647
1782481140000,161.648,161.649,161.639,161.646
1782481200000,161.647,161.649,161.62,161.632
1782481260000,161.632,161.643,161.632,161.638
1782481320000,161.637,161.637,161.629,161.629
1782481380000,161.629,161.638,161.629,161.636
1782481440000,161.638,161.641,161.621,161.629
1782481500000,161.63,161.644,161.63,161.635
1782481560000,161.635,161.638,161.623,161.634
1782481620000,161.633,161.645,161.629,161.644
1782481680000,161.644,161.645,161.635,161.642
1782481740000,161.642,161.657,161.64,161.655
1782481800000,161.656,161.659,161.655,161.659
1782481860000,161.659,161.669,161.642,161.656
1782481920000,161.657,161.687,161.654,161.673
1782481980000,161.674,161.674,161.663,161.674
1782482040000,161.674,161.675,161.661,161.661
1782482100000,161.659,161.67,161.657,161.662
1782482160000,161.662,161.662,161.657,161.657
1782482220000,161.655,161.655,161.643,161.645
1782482280000,161.644,161.645,161.629,161.632
1782482340000,161.633,161.633,161.623,161.627
1782482400000,161.627,161.639,161.617,161.637
1782482460000,161.637,161.638,161.622,161.628
1782482520000,161.629,161.644,161.629,161.633
1782482580000,161.633,161.643,161.631,161.636
1782482640000,161.636,161.638,161.629,161.632
1782482700000,161.633,161.635,161.62,161.62
1782482760000,161.621,161.621,161.614,161.614
1782482820000,161.615,161.621,161.604,161.62
1782482880000,161.621,161.625,161.619,161.622
1782482940000,161.624,161.633,161.622,161.623
1782483000000,161.622,161.627,161.618,161.623
1782483060000,161.623,161.632,161.621,161.625
1782483120000,161.626,161.627,161.623,161.625
1782483180000,161.626,161.627,161.614,161.614
1782483240000,161.616,161.625,161.61,161.625
1782483300000,161.626,161.627,161.621,161.621
1782483360000,161.622,161.622,161.588,161.597
1782483420000,161.596,161.613,161.596,161.611
1782483480000,161.61,161.61,161.598,161.598
1782483540000,161.599,161.602,161.598,161.6
1782483600000,161.6,161.6,161.595,161.596
1782483660000,161.596,161.596,161.577,161.587
1782483720000,161.585,161.587,161.584,161.586
1782483780000,161.584,161.596,161.584,161.594
1782483840000,161.594,161.597,161.586,161.595
1782483900000,161.595,161.596,161.583,161.594
1782483960000,161.595,161.609,161.595,161.607
1782484020000,161.608,161.611,161.596,161.606
1782484080000,161.607,161.61,161.599,161.606
1782484140000,161.605,161.62,161.604,161.614
1782484200000,161.614,161.621,161.606,161.611
1782484260000,161.611,161.611,161.607,161.61
1782484320000,161.609,161.615,161.606,161.606
1782484380000,161.607,161.61,161.606,161.607
1782484440000,161.607,161.622,161.605,161.619
1782484500000,161.621,161.621,161.609,161.609
1782484560000,161.609,161.611,161.607,161.611
1782484620000,161.609,161.609,161.601,161.609
1782484680000,161.608,161.613,161.607,161.611
1782484740000,161.611,161.617,161.609,161.609
1782484800000,161.61,161.63,161.607,161.625
1782484860000,161.624,161.639,161.623,161.632
1782484920000,161.633,161.636,161.622,161.622
1782484980000,161.621,161.624,161.609,161.611
1782485040000,161.608,161.613,161.608,161.61
1782485100000,161.611,161.612,161.61,161.612
1782485160000,161.613,161.613,161.609,161.611
1782485220000,161.612,161.617,161.61,161.612
1782485280000,161.613,161.626,161.611,161.611
1782485340000,161.61,161.627,161.593,161.613
1782485400000,161.613,161.632,161.612,161.619
1782485460000,161.62,161.626,161.62,161.624
1782485520000,161.625,161.641,161.624,161.639
1782485580000,161.641,161.641,161.631,161.637
1782485640000,161.636,161.652,161.635,161.651
1782485700000,161.651,161.675,161.651,161.673
1782485760000,161.673,161.683,161.671,161.683
1782485820000,161.683,161.728,161.683,161.72
1782485880000,161.717,161.74,161.714,161.74
1782485940000,161.74,161.74,161.714,161.726
1782486000000,161.723,161.74,161.721,161.74
1782486060000,161.739,161.746,161.728,161.74
1782486120000,161.74,161.74,161.713,161.723
1782486180000,161.724,161.724,161.71,161.711
1782486240000,161.711,161.714,161.697,161.709
1782486300000,161.709,161.711,161.697,161.699
1782486360000,161.7,161.711,161.698,161.698
1782486420000,161.697,161.698,161.687,161.695
1782486480000,161.695,161.707,161.69,161.69
1782486540000,161.689,161.69,161.674,161.683
1782486600000,161.684,161.686,161.67,161.671
1782486660000,161.671,161.675,161.664,161.666
1782486720000,161.663,161.666,161.651,161.653
1782486780000,161.654,161.657,161.643,161.643
1782486840000,161.644,161.656,161.638,161.655
1782486900000,161.655,161.657,161.651,161.655
1782486960000,161.656,161.659,161.655,161.657
1782487020000,161.657,161.661,161.655,161.657
1782487080000,161.658,161.677,161.656,161.676
1782487140000,161.678,161.678,161.67,161.673
1782487200000,161.673,161.676,161.67,161.674
1782487260000,161.674,161.675,161.664,161.666
1782487320000,161.666,161.666,161.645,161.646
1782487380000,161.645,161.652,161.644,161.651
1782487440000,161.65,161.651,161.644,161.645
1782487500000,161.647,161.651,161.645,161.649
1782487560000,161.649,161.657,161.649,161.657
1782487620000,161.655,161.666,161.655,161.664
1782487680000,161.665,161.666,161.659,161.66
1782487740000,161.66,161.661,161.656,161.659
1782487800000,161.659,161.662,161.647,161.648
1782487860000,161.648,161.659,161.645,161.657
1782487920000,161.658,161.673,161.658,161.669
1782487980000,161.67,161.673,161.665,161.668
1782488040000,161.668,161.671,161.668,161.671
1782488100000,161.671,161.671,161.659,161.669
1782488160000,161.668,161.671,161.664,161.669
1782488220000,161.668,161.67,161.661,161.664
1782488280000,161.663,161.665,161.656,161.659
1782488340000,161.658,161.658,161.65,161.657
1782488400000,161.655,161.661,161.655,161.659
1782488460000,161.658,161.658,161.646,161.647
1782488520000,161.648,161.659,161.648,161.659
1782488580000,161.657,161.657,161.648,161.649
1782488640000,161.648,161.654,161.645,161.651
1782488700000,161.651,161.655,161.647,161.649
1782488760000,161.649,161.651,161.645,161.645
1782488820000,161.645,161.645,161.633,161.634
1782488880000,161.635,161.642,161.634,161.642
1782488940000,161.641,161.648,161.639,161.647
1782489000000,161.646,161.673,161.646,161.669
1782489060000,161.671,161.721,161.668,161.712
1782489120000,161.711,161.724,161.709,161.714
1782489180000,161.714,161.714,161.69,161.699
1782489240000,161.698,161.702,161.693,161.698
1782489300000,161.699,161.702,161.695,161.699
1782489360000,161.698,161.7,161.685,161.689
1782489420000,161.688,161.689,161.676,161.681
1782489480000,161.681,161.688,161.677,161.677
1782489540000,161.677,161.681,161.668,161.67
1782489600000,161.669,161.679,161.661,161.676
1782489660000,161.676,161.686,161.674,161.679
1782489720000,161.68,161.68,161.671,161.672
1782489780000,161.671,161.671,161.661,161.668
1782489840000,161.668,161.671,161.662,161.662
1782489900000,161.664,161.676,161.663,161.676
1782489960000,161.675,161.676,161.663,161.663
1782490020000,161.663,161.665,161.66,161.665
1782490080000,161.665,161.675,161.663,161.675
1782490140000,161.675,161.687,161.672,161.686
1782490200000,161.687,161.697,161.687,161.689
1782490260000,161.69,161.699,161.69,161.698
1782490320000,161.698,161.699,161.691,161.692
1782490380000,161.692,161.697,161.691,161.697
1782490440000,161.695,161.698,161.689,161.698
1782490500000,161.698,161.698,161.691,161.691
1782490560000,161.692,161.694,161.69,161.692
1782490620000,161.694,161.702,161.69,161.694
1782490680000,161.694,161.699,161.692,161.696
1782490740000,161.697,161.698,161.695,161.697
1782490800000,161.696,161.704,161.69,161.699
1782490860000,161.698,161.73,161.696,161.723
1782490920000,161.722,161.726,161.72,161.726
1782490980000,161.725,161.74,161.725,161.736
1782491040000,161.737,161.741,161.737,161.739
1782491100000,161.738,161.745,161.737,161.745
1782491160000,161.744,161.745,161.734,161.737
1782491220000,161.737,161.738,161.735,161.736
1782491280000,161.736,161.736,161.73,161.734
1782491340000,161.735,161.736,161.734,161.735
1782491400000,161.736,161.736,161.72,161.721
1782491460000,161.722,161.724,161.714,161.722
1782491520000,161.722,161.724,161.716,161.724
1782491580000,161.724,161.736,161.724,161.735
1782491640000,161.735,161.749,161.734,161.747
1782491700000,161.746,161.753,161.746,161.749
1782491760000,161.753,161.77,161.753,161.764
1782491820000,161.765,161.77,161.753,161.77
1782491880000,161.768,161.768,161.754,161.755
1782491940000,161.755,161.755,161.746,161.746
1782492000000,161.747,161.747,161.724,161.73
1782492060000,161.732,161.737,161.732,161.736
1782492120000,161.735,161.736,161.734,161.734
1782492180000,161.734,161.735,161.724,161.73
1782492240000,161.728,161.74,161.723,161.737
1782492300000,161.737,161.738,161.734,161.736
1782492360000,161.736,161.738,161.736,161.738
1782492420000,161.737,161.74,161.736,161.738
1782492480000,161.739,161.741,161.735,161.739
1782492540000,161.739,161.741,161.739,161.74
1782492600000,161.743,161.75,161.74,161.748
1782492660000,161.749,161.751,161.742,161.749
1782492720000,161.75,161.751,161.748,161.749
1782492780000,161.749,161.75,161.744,161.749
1782492840000,161.749,161.755,161.747,161.753
1782492900000,161.754,161.758,161.752,161.758
1782492960000,161.755,161.757,161.74,161.743
1782493020000,161.743,161.758,161.743,161.756
1782493080000,161.757,161.766,161.753,161.756
1782493140000,161.757,161.757,161.753,161.754
1782493200000,161.753,161.765,161.753,161.757
1782493260000,161.758,161.765,161.752,161.765
1782493320000,161.766,161.767,161.75,161.751
1782493380000,161.751,161.751,161.741,161.744
1782493440000,161.745,161.748,161.743,161.747
1782493500000,161.747,161.75,161.742,161.75
1782493560000,161.749,161.749,161.745,161.748
1782493620000,161.749,161.751,161.748,161.75
1782493680000,161.75,161.75,161.73,161.733
1782493740000,161.734,161.739,161.734,161.737
1782493800000,161.738,161.74,161.735,161.736
1782493860000,161.738,161.741,161.736,161.74
1782493920000,161.74,161.748,161.737,161.738
1782493980000,161.739,161.743,161.738,161.743
1782494040000,161.741,161.75,161.741,161.746
1782494100000,161.746,161.748,161.741,161.745
1782494160000,161.745,161.745,161.736,161.738
1782494220000,161.739,161.748,161.737,161.743
1782494280000,161.744,161.748,161.743,161.748
1782494340000,161.75,161.75,161.744,161.748
1782494400000,161.748,161.75,161.747,161.748
1782494460000,161.75,161.75,161.735,161.736
1782494520000,161.735,161.74,161.733,161.74
1782494580000,161.74,161.742,161.738,161.739
1782494640000,161.74,161.74,161.734,161.734
1782494700000,161.736,161.746,161.734,161.74
1782494760000,161.739,161.75,161.739,161.742
1782494820000,161.742,161.742,161.732,161.736
1782494880000,161.734,161.738,161.734,161.736
1782494940000,161.737,161.749,161.735,161.742
1782495000000,161.742,161.742,161.737,161.742
1782495060000,161.743,161.763,161.742,161.762
1782495120000,161.76,161.761,161.751,161.752
1782495180000,161.753,161.755,161.749,161.751
1782495240000,161.752,161.756,161.752,161.754
1782495300000,161.753,161.754,161.748,161.754
1782495360000,161.756,161.757,161.753,161.756
1782495420000,161.756,161.762,161.754,161.761
1782495480000,161.762,161.762,161.753,161.757
1782495540000,161.759,161.759,161.752,161.753
1782495600000,161.753,161.761,161.753,161.761
1782495660000,161.76,161.761,161.756,161.757
1782495720000,161.757,161.757,161.749,161.752
1782495780000,161.753,161.755,161.739,161.745
1782495840000,161.745,161.747,161.741,161.745
1782495900000,161.744,161.748,161.742,161.747
1782495960000,161.748,161.752,161.747,161.752
1782496020000,161.751,161.751,161.75,161.751
1782496080000,161.75,161.751,161.749,161.749
1782496140000,161.75,161.751,161.748,161.75
1782496200000,161.749,161.75,161.743,161.747
1782496260000,161.746,161.748,161.74,161.741
1782496320000,161.741,161.744,161.74,161.744
1782496380000,161.745,161.748,161.745,161.748
1782496440000,161.749,161.761,161.749,161.76
1782496500000,161.759,161.76,161.752,161.758
1782496560000,161.76,161.765,161.755,161.763
1782496620000,161.763,161.767,161.761,161.765
1782496680000,161.767,161.776,161.764,161.773
1782496740000,161.774,161.774,161.765,161.77
1782496800000,161.77,161.775,161.769,161.772
1782496860000,161.773,161.775,161.772,161.775
1782496920000,161.774,161.775,161.763,161.764
1782496980000,161.763,161.764,161.748,161.75
1782497040000,161.749,161.75,161.747,161.748
1782497100000,161.75,161.755,161.748,161.752
1782497160000,161.751,161.752,161.748,161.748
1782497220000,161.748,161.753,161.748,161.753
1782497280000,161.753,161.758,161.751,161.753
1782497340000,161.754,161.755,161.751,161.754
1782497400000,161.754,161.755,161.753,161.753
1782497460000,161.752,161.753,161.751,161.752
1782497520000,161.753,161.753,161.744,161.75
1782497580000,161.751,161.755,161.748,161.755
1782497640000,161.756,161.761,161.754,161.758
1782497700000,161.759,161.762,161.756,161.761
1782497760000,161.759,161.766,161.757,161.765
1782497820000,161.766,161.767,161.755,161.757
1782497880000,161.757,161.757,161.751,161.754
1782497940000,161.754,161.758,161.753,161.755
1782498000000,161.755,161.755,161.752,161.754
1782498060000,161.754,161.754,161.75,161.752
1782498120000,161.752,161.753,161.746,161.753
1782498180000,161.753,161.755,161.753,161.753
1782498240000,161.754,161.755,161.753,161.754
1782498300000,161.754,161.754,161.748,161.75
1782498360000,161.749,161.749,161.741,161.742
1782498420000,161.742,161.742,161.74,161.742
1782498480000,161.742,161.743,161.739,161.743
1782498540000,161.743,161.743,161.731,161.736
1782498600000,161.735,161.735,161.727,161.728
1782498660000,161.727,161.728,161.724,161.726
1782498720000,161.727,161.729,161.725,161.727
1782498780000,161.726,161.728,161.717,161.726
1782498840000,161.725,161.725,161.72,161.724
1782498900000,161.723,161.727,161.722,161.726
1782498960000,161.727,161.729,161.727,161.729
1782499020000,161.729,161.73,161.729,161.729
1782499080000,161.73,161.73,161.727,161.729
1782499140000,161.729,161.729,161.727,161.729
1782499200000,161.729,161.74,161.727,161.739
1782499260000,161.74,161.74,161.738,161.739
1782499320000,161.739,161.739,161.726,161.728
1782499380000,161.729,161.729,161.727,161.729
1782499440000,161.729,161.729,161.729,161.729
1782499500000,161.731,161.739,161.731,161.738
1782499560000,161.738,161.747,161.738,161.744
1782499620000,161.744,161.747,161.743,161.745
1782499680000,161.745,161.745,161.724,161.725
1782499740000,161.725,161.727,161.723,161.727
1782499800000,161.727,161.729,161.727,161.728
1782499860000,161.727,161.729,161.727,161.729
1782499920000,161.728,161.729,161.725,161.726
1782499980000,161.724,161.727,161.724,161.726
1782500040000,161.726,161.727,161.717,161.726
1782500100000,161.725,161.725,161.723,161.723
1782500160000,161.721,161.722,161.711,161.712
1782500220000,161.711,161.73,161.71,161.724
1782500280000,161.724,161.728,161.723,161.726
1782500340000,161.725,161.739,161.725,161.735
1782500400000,161.739,161.745,161.726,161.726
1782500460000,161.726,161.73,161.724,161.727
1782500520000,161.726,161.729,161.725,161.726
1782500580000,161.727,161.727,161.724,161.724
1782500640000,161.725,161.729,161.724,161.727
1782500700000,161.729,161.73,161.726,161.727
1782500760000,161.727,161.728,161.724,161.725
1782500820000,161.724,161.727,161.723,161.726
1782500880000,161.725,161.725,161.716,161.716
1782500940000,161.716,161.717,161.715,161.717
1782501000000,161.717,161.717,161.717,161.717
1782501060000,161.719,161.729,161.719,161.727
1782501120000,161.727,161.729,161.726,161.729
1782501180000,161.728,161.73,161.727,161.728
1782501240000,161.728,161.728,161.723,161.723
1782501300000,161.726,161.731,161.724,161.729
1782501360000,161.728,161.73,161.727,161.728
1782501420000,161.729,161.729,161.725,161.727
1782501480000,161.726,161.727,161.724,161.727
1782501540000,161.728,161.731,161.727,161.729
1782501600000,161.73,161.732,161.727,161.727
1782501660000,161.726,161.728,161.725,161.728
1782501720000,161.728,161.731,161.728,161.73
1782501780000,161.73,161.732,161.728,161.73
1782501840000,161.731,161.732,161.73,161.732
1782501900000,161.733,161.733,161.729,161.729
1782501960000,161.73,161.731,161.73,161.731
1782502020000,161.731,161.731,161.73,161.731
1782502080000,161.73,161.732,161.73,161.731
1782502140000,161.732,161.74,161.732,161.74
1782502200000,161.739,161.743,161.739,161.742
1782502260000,161.741,161.742,161.74,161.742
1782502320000,161.741,161.742,161.738,161.738
1782502380000,161.737,161.738,161.731,161.731
1782502440000,161.733,161.739,161.73,161.737
1782502500000,161.735,161.738,161.735,161.738
1782502560000,161.738,161.738,161.729,161.732
1782502620000,161.734,161.738,161.734,161.736
1782502680000,161.737,161.737,161.736,161.737
1782502740000,161.736,161.75,161.736,161.749
1782502800000,161.749,161.754,161.748,161.754
1782502860000,161.754,161.756,161.754,161.755
1782502920000,161.756,161.756,161.754,161.755
1782502980000,161.755,161.756,161.754,161.756
1782503040000,161.757,161.757,161.751,161.753
1782503100000,161.752,161.754,161.751,161.754
1782503160000,161.754,161.754,161.742,161.742
1782503220000,161.742,161.742,161.74,161.741
1782503280000,161.74,161.741,161.736,161.738
1782503340000,161.736,161.739,161.736,161.737
1782503400000,161.737,161.737,161.731,161.732
1782503460000,161.733,161.733,161.725,161.725
1782503520000,161.725,161.725,161.711,161.714
1782503580000,161.715,161.719,161.71,161.71
1782503640000,161.71,161.714,161.71,161.714
1782503700000,161.715,161.741,161.715,161.741
1782503760000,161.742,161.744,161.738,161.74
1782503820000,161.739,161.752,161.731,161.752
1782503880000,161.75,161.76,161.749,161.756
1782503940000,161.757,161.762,161.754,161.755
1782504000000,161.755,161.763,161.755,161.763
1782504060000,161.763,161.765,161.759,161.764
1782504120000,161.764,161.765,161.755,161.755
1782504180000,161.755,161.756,161.755,161.756
1782504240000,161.756,161.759,161.751,161.755
1782504300000,161.755,161.755,161.743,161.746
1782504360000,161.748,161.753,161.744,161.752
1782504420000,161.751,161.754,161.75,161.752
1782504480000,161.751,161.752,161.745,161.75
1782504540000,161.75,161.751,161.749,161.75
1782504600000,161.748,161.752,161.746,161.75
1782504660000,161.75,161.75,161.749,161.75
1782504720000,161.75,161.752,161.749,161.75
1782504780000,161.748,161.75,161.748,161.75
1782504840000,161.75,161.75,161.75,161.75
1782504900000,161.75,161.751,161.747,161.749
1782504960000,161.75,161.776,161.748,161.771
1782505020000,161.77,161.77,161.759,161.762
1782505080000,161.763,161.764,161.754,161.755
1782505140000,161.755,161.755,161.754,161.755
1782505200000,161.756,161.756,161.752,161.754
1782505260000,161.754,161.754,161.75,161.752
1782505320000,161.75,161.75,161.748,161.748
1782505380000,161.749,161.752,161.748,161.75
1782505440000,161.749,161.751,161.748,161.749
1782505500000,161.749,161.752,161.748,161.749
1782505560000,161.749,161.75,161.733,161.741
1782505620000,161.741,161.742,161.734,161.735
1782505680000,161.734,161.739,161.728,161.737
1782505740000,161.736,161.764,161.736,161.741
1782505800000,161.74,161.74,161.728,161.73
1782505860000,161.729,161.758,161.729,161.751
1782505920000,161.752,161.755,161.749,161.755
1782505980000,161.754,161.764,161.752,161.761
1782506040000,161.761,161.761,161.753,161.758
1782506100000,161.758,161.759,161.753,161.753
1782506160000,161.756,161.775,161.754,161.765
1782506220000,161.766,161.768,161.759,161.763
1782506280000,161.763,161.765,161.758,161.759
1782506340000,161.759,161.762,161.758,161.762
1782506400000,161.761,161.771,161.759,161.769
1782506460000,161.768,161.77,161.761,161.762
1782506520000,161.762,161.763,161.759,161.759
1782506580000,161.766,161.768,161.752,161.752
1782506640000,161.752,161.752,161.738,161.744
1782506700000,161.744,161.745,161.733,161.736
1782506760000,161.736,161.747,161.732,161.732
1782506820000,161.734,161.744,161.732,161.744
1782506880000,161.745,161.745,161.742,161.744
1782506940000,161.744,161.746,161.738,161.741
1782507000000,161.741,161.754,161.738,161.741
1782507060000,161.742,161.742,161.74,161.742
1782507120000,161.741,161.746,161.741,161.744
1782507180000,161.746,161.758,161.746,161.747
1782507240000,161.747,161.762,161.746,161.762
1782507300000,161.76,161.769,161.759,161.768
1782507360000,161.768,161.77,161.744,161.745
1782507420000,161.742,161.75,161.737,161.737
1782507480000,161.74,161.742,161.727,161.736
1782507540000,161.736,161.753,161.691,161.692
1782507600000,161.692,161.692,161.692,161.692
1782507660000,161.692,161.692,161.692,161.692
1782507720000,161.692,161.692,161.692,161.692
1782507780000,161.692,161.692,161.692,161.692
1782507840000,161.692,161.692,161.692,161.692
1782507900000,161.692,161.692,161.692,161.692
1782507960000,161.692,161.692,161.692,161.692
1782508020000,161.692,161.692,161.692,161.692
1782508080000,161.692,161.692,161.692,161.692
1782508140000,161.692,161.692,161.692,161.692
1782508200000,161.692,161.692,161.692,161.692
1782508260000,161.692,161.692,161.692,161.692
1782508320000,161.692,161.692,161.692,161.692
1782508380000,161.692,161.692,161.692,161.692
1782508440000,161.692,161.692,161.692,161.692
1782508500000,161.692,161.692,161.692,161.692
1782508560000,161.692,161.692,161.692,161.692
1782508620000,161.692,161.692,161.692,161.692
1782508680000,161.692,161.692,161.692,161.692
1782508740000,161.692,161.692,161.692,161.692
1782508800000,161.692,161.692,161.692,161.692
1782508860000,161.692,161.692,161.692,161.692
1782508920000,161.692,161.692,161.692,161.692
1782508980000,161.692,161.692,161.692,161.692
1782509040000,161.692,161.692,161.692,161.692
1782509100000,161.692,161.692,161.692,161.692
1782509160000,161.692,161.692,161.692,161.692
1782509220000,161.692,161.692,161.692,161.692
1782509280000,161.692,161.692,161.692,161.692
1782509340000,161.692,161.692,161.692,161.692
1782509400000,161.692,161.692,161.692,161.692
1782509460000,161.692,161.692,161.692,161.692
1782509520000,161.692,161.692,161.692,161.692
1782509580000,161.692,161.692,161.692,161.692
1782509640000,161.692,161.692,161.692,161.692
1782509700000,161.692,161.692,161.692,161.692
1782509760000,161.692,161.692,161.692,161.692
1782509820000,161.692,161.692,161.692,161.692
1782509880000,161.692,161.692,161.692,161.692
1782509940000,161.692,161.692,161.692,161.692
1782510000000,161.692,161.692,161.692,161.692
1782510060000,161.692,161.692,161.692,161.692
1782510120000,161.692,161.692,161.692,161.692
1782510180000,161.692,161.692,161.692,161.692
1782510240000,161.692,161.692,161.692,161.692
1782510300000,161.692,161.692,161.692,161.692
1782510360000,161.692,161.692,161.692,161.692
1782510420000,161.692,161.692,161.692,161.692
1782510480000,161.692,161.692,161.692,161.692
1782510540000,161.692,161.692,161.692,161.692
1782510600000,161.692,161.692,161.692,161.692
1782510660000,161.692,161.692,161.692,161.692
1782510720000,161.692,161.692,161.692,161.692
1782510780000,161.692,161.692,161.692,161.692
1782510840000,161.692,161.692,161.692,161.692
1782510900000,161.692,161.692,161.692,161.692
1782510960000,161.692,161.692,161.692,161.692
1782511020000,161.692,161.692,161.692,161.692
1782511080000,161.692,161.692,161.692,161.692
1782511140000,161.692,161.692,161.692,161.692
1782511200000,161.692,161.692,161.692,161.692
1782511260000,161.692,161.692,161.692,161.692
1782511320000,161.692,161.692,161.692,161.692
1782511380000,161.692,161.692,161.692,161.692
1782511440000,161.692,161.692,161.692,161.692
1782511500000,161.692,161.692,161.692,161.692
1782511560000,161.692,161.692,161.692,161.692
1782511620000,161.692,161.692,161.692,161.692
1782511680000,161.692,161.692,161.692,161.692
1782511740000,161.692,161.692,161.692,161.692
1782511800000,161.692,161.692,161.692,161.692
1782511860000,161.692,161.692,161.692,161.692
1782511920000,161.692,161.692,161.692,161.692
1782511980000,161.692,161.692,161.692,161.692
1782512040000,161.692,161.692,161.692,161.692
1782512100000,161.692,161.692,161.692,161.692
1782512160000,161.692,161.692,161.692,161.692
1782512220000,161.692,161.692,161.692,161.692
1782512280000,161.692,161.692,161.692,161.692
1782512340000,161.692,161.692,161.692,161.692
1782512400000,161.692,161.692,161.692,161.692
1782512460000,161.692,161.692,161.692,161.692
1782512520000,161.692,161.692,161.692,161.692
1782512580000,161.692,161.692,161.692,161.692
1782512640000,161.692,161.692,161.692,161.692
1782512700000,161.692,161.692,161.692,161.692
1782512760000,161.692,161.692,161.692,161.692
1782512820000,161.692,161.692,161.692,161.692
1782512880000,161.692,161.692,161.692,161.692
1782512940000,161.692,161.692,161.692,161.692
1782513000000,161.692,161.692,161.692,161.692
1782513060000,161.692,161.692,161.692,161.692
1782513120000,161.692,161.692,161.692,161.692
1782513180000,161.692,161.692,161.692,161.692
1782513240000,161.692,161.692,161.692,161.692
1782513300000,161.692,161.692,161.692,161.692
1782513360000,161.692,161.692,161.692,161.692
1782513420000,161.692,161.692,161.692,161.692
1782513480000,161.692,161.692,161.692,161.692
1782513540000,161.692,161.692,161.692,161.692
1782513600000,161.692,161.692,161.692,161.692
1782513660000,161.692,161.692,161.692,161.692
1782513720000,161.692,161.692,161.692,161.692
1782513780000,161.692,161.692,161.692,161.692
1782513840000,161.692,161.692,161.692,161.692
1782513900000,161.692,161.692,161.692,161.692
1782513960000,161.692,161.692,161.692,161.692
1782514020000,161.692,161.692,161.692,161.692
1782514080000,161.692,161.692,161.692,161.692
1782514140000,161.692,161.692,161.692,161.692
1782514200000,161.692,161.692,161.692,161.692
1782514260000,161.692,161.692,161.692,161.692
1782514320000,161.692,161.692,161.692,161.692
1782514380000,161.692,161.692,161.692,161.692
1782514440000,161.692,161.692,161.692,161.692
1782514500000,161.692,161.692,161.692,161.692
1782514560000,161.692,161.692,161.692,161.692
1782514620000,161.692,161.692,161.692,161.692
1782514680000,161.692,161.692,161.692,161.692
1782514740000,161.692,161.692,161.692,161.692
1782514800000,161.692,161.692,161.692,161.692
1782514860000,161.692,161.692,161.692,161.692
1782514920000,161.692,161.692,161.692,161.692
1782514980000,161.692,161.692,161.692,161.692
1782515040000,161.692,161.692,161.692,161.692
1782515100000,161.692,161.692,161.692,161.692
1782515160000,161.692,161.692,161.692,161.692
1782515220000,161.692,161.692,161.692,161.692
1782515280000,161.692,161.692,161.692,161.692
1782515340000,161.692,161.692,161.692,161.692
1782515400000,161.692,161.692,161.692,161.692
1782515460000,161.692,161.692,161.692,161.692
1782515520000,161.692,161.692,161.692,161.692
1782515580000,161.692,161.692,161.692,161.692
1782515640000,161.692,161.692,161.692,161.692
1782515700000,161.692,161.692,161.692,161.692
1782515760000,161.692,161.692,161.692,161.692
1782515820000,161.692,161.692,161.692,161.692
1782515880000,161.692,161.692,161.692,161.692
1782515940000,161.692,161.692,161.692,161.692
1782516000000,161.692,161.692,161.692,161.692
1782516060000,161.692,161.692,161.692,161.692
1782516120000,161.692,161.692,161.692,161.692
1782516180000,161.692,161.692,161.692,161.692
1782516240000,161.692,161.692,161.692,161.692
1782516300000,161.692,161.692,161.692,161.692
1782516360000,161.692,161.692,161.692,161.692
1782516420000,161.692,161.692,161.692,161.692
1782516480000,161.692,161.692,161.692,161.692
1782516540000,161.692,161.692,161.692,161.692
1782516600000,161.692,161.692,161.692,161.692
1782516660000,161.692,161.692,161.692,161.692
1782516720000,161.692,161.692,161.692,161.692
1782516780000,161.692,161.692,161.692,161.692
1782516840000,161.692,161.692,161.692,161.692
1782516900000,161.692,161.692,161.692,161.692
1782516960000,161.692,161.692,161.692,161.692
1782517020000,161.692,161.692,161.692,161.692
1782517080000,161.692,161.692,161.692,161.692
1782517140000,161.692,161.692,161.692,161.692
1782517200000,161.692,161.692,161.692,161.692
1782517260000,161.692,161.692,161.692,161.692
1782517320000,161.692,161.692,161.692,161.692
1782517380000,161.692,161.692,161.692,161.692
1782517440000,161.692,161.692,161.692,161.692
1782517500000,161.692,161.692,161.692,161.692
1782517560000,161.692,161.692,161.692,161.692
1782517620000,161.692,161.692,161.692,161.692
1782517680000,161.692,161.692,161.692,161.692
1782517740000,161.692,161.692,161.692,161.692
1782517800000,161.692,161.692,161.692,161.692
1782517860000,161.692,161.692,161.692,161.692
1782517920000,161.692,161.692,161.692,161.692
1782517980000,161.692,161.692,161.692,161.692
1782518040000,161.692,161.692,161.692,161.692
1782518100000,161.692,161.692,161.692,161.692
1782518160000,161.692,161.692,161.692,161.692
1782518220000,161.692,161.692,161.692,161.692
1782518280000,161.692,161.692,161.692,161.692
1782518340000,161.692,161.692,161.692,161.692
1782518400000,161.692,161.692,161.692,161.692
1782518460000,161.692,161.692,161.692,161.692
1782518520000,161.692,161.692,161.692,161.692
1782518580000,161.692,161.692,161.692,161.692
1782518640000,161.692,161.692,161.692,161.692
1782518700000,161.692,161.692,161.692,161.692
1782518760000,161.692,161.692,161.692,161.692
1782518820000,161.692,161.692,161.692,161.692
1782518880000,161.692,161.692,161.692,161.692
1782518940000,161.692,161.692,161.692,161.692
1782519000000,161.692,161.692,161.692,161.692
1782519060000,161.692,161.692,161.692,161.692
1782519120000,161.692,161.692,161.692,161.692
1782519180000,161.692,161.692,161.692,161.692
1782519240000,161.692,161.692,161.692,161.692
1782519300000,161.692,161.692,161.692,161.692
1782519360000,161.692,161.692,161.692,161.692
1782519420000,161.692,161.692,161.692,161.692
1782519480000,161.692,161.692,161.692,161.692
1782519540000,161.692,161.692,161.692,161.692
1782519600000,161.692,161.692,161.692,161.692
1782519660000,161.692,161.692,161.692,161.692
1782519720000,161.692,161.692,161.692,161.692
1782519780000,161.692,161.692,161.692,161.692
1782519840000,161.692,161.692,161.692,161.692
1782519900000,161.692,161.692,161.692,161.692
1782519960000,161.692,161.692,161.692,161.692
1782520020000,161.692,161.692,161.692,161.692
1782520080000,161.692,161.692,161.692,161.692
1782520140000,161.692,161.692,161.692,161.692
1782520200000,161.692,161.692,161.692,161.692
1782520260000,161.692,161.692,161.692,161.692
1782520320000,161.692,161.692,161.692,161.692
1782520380000,161.692,161.692,161.692,161.692
1782520440000,161.692,161.692,161.692,161.692
1782520500000,161.692,161.692,161.692,161.692
1782520560000,161.692,161.692,161.692,161.692
1782520620000,161.692,161.692,161.692,161.692
1782520680000,161.692,161.692,161.692,161.692
1782520740000,161.692,161.692,161.692,161.692
1782520800000,161.692,161.692,161.692,161.692
1782520860000,161.692,161.692,161.692,161.692
1782520920000,161.692,161.692,161.692,161.692
1782520980000,161.692,161.692,161.692,161.692
1782521040000,161.692,161.692,161.692,161.692
1782521100000,161.692,161.692,161.692,161.692
1782521160000,161.692,161.692,161.692,161.692
1782521220000,161.692,161.692,161.692,161.692
1782521280000,161.692,161.692,161.692,161.692
1782521340000,161.692,161.692,161.692,161.692
1782521400000,161.692,161.692,161.692,161.692
1782521460000,161.692,161.692,161.692,161.692
1782521520000,161.692,161.692,161.692,161.692
1782521580000,161.692,161.692,161.692,161.692
1782521640000,161.692,161.692,161.692,161.692
1782521700000,161.692,161.692,161.692,161.692
1782521760000,161.692,161.692,161.692,161.692
1782521820000,161.692,161.692,161.692,161.692
1782521880000,161.692,161.692,161.692,161.692
1782521940000,161.692,161.692,161.692,161.692
1782522000000,161.692,161.692,161.692,161.692
1782522060000,161.692,161.692,161.692,161.692
1782522120000,161.692,161.692,161.692,161.692
1782522180000,161.692,161.692,161.692,161.692
1782522240000,161.692,161.692,161.692,161.692
1782522300000,161.692,161.692,161.692,161.692
1782522360000,161.692,161.692,161.692,161.692
1782522420000,161.692,161.692,161.692,161.692
1782522480000,161.692,161.692,161.692,161.692
1782522540000,161.692,161.692,161.692,161.692
1782522600000,161.692,161.692,161.692,161.692
1782522660000,161.692,161.692,161.692,161.692
1782522720000,161.692,161.692,161.692,161.692
1782522780000,161.692,161.692,161.692,161.692
1782522840000,161.692,161.692,161.692,161.692
1782522900000,161.692,161.692,161.692,161.692
1782522960000,161.692,161.692,161.692,161.692
1782523020000,161.692,161.692,161.692,161.692
1782523080000,161.692,161.692,161.692,161.692
1782523140000,161.692,161.692,161.692,161.692
1782523200000,161.692,161.692,161.692,161.692
1782523260000,161.692,161.692,161.692,161.692
1782523320000,161.692,161.692,161.692,161.692
1782523380000,161.692,161.692,161.692,161.692
1782523440000,161.692,161.692,161.692,161.692
1782523500000,161.692,161.692,161.692,161.692
1782523560000,161.692,161.692,161.692,161.692
1782523620000,161.692,161.692,161.692,161.692
1782523680000,161.692,161.692,161.692,161.692
1782523740000,161.692,161.692,161.692,161.692
1782523800000,161.692,161.692,161.692,161.692
1782523860000,161.692,161.692,161.692,161.692
1782523920000,161.692,161.692,161.692,161.692
1782523980000,161.692,161.692,161.692,161.692
1782524040000,161.692,161.692,161.692,161.692
1782524100000,161.692,161.692,161.692,161.692
1782524160000,161.692,161.692,161.692,161.692
1782524220000,161.692,161.692,161.692,161.692
1782524280000,161.692,161.692,161.692,161.692
1782524340000,161.692,161.692,161.692,161.692
1782524400000,161.692,161.692,161.692,161.692
1782524460000,161.692,161.692,161.692,161.692
1782524520000,161.692,161.692,161.692,161.692
1782524580000,161.692,161.692,161.692,161.692
1782524640000,161.692,161.692,161.692,161.692
1782524700000,161.692,161.692,161.692,161.692
1782524760000,161.692,161.692,161.692,161.692
1782524820000,161.692,161.692,161.692,161.692
1782524880000,161.692,161.692,161.692,161.692
1782524940000,161.692,161.692,161.692,161.692
1782525000000,161.692,161.692,161.692,161.692
1782525060000,161.692,161.692,161.692,161.692
1782525120000,161.692,161.692,161.692,161.692
1782525180000,161.692,161.692,161.692,161.692
1782525240000,161.692,161.692,161.692,161.692
1782525300000,161.692,161.692,161.692,161.692
1782525360000,161.692,161.692,161.692,161.692
1782525420000,161.692,161.692,161.692,161.692
1782525480000,161.692,161.692,161.692,161.692
1782525540000,161.692,161.692,161.692,161.692
1782525600000,161.692,161.692,161.692,161.692
1782525660000,161.692,161.692,161.692,161.692
1782525720000,161.692,161.692,161.692,161.692
1782525780000,161.692,161.692,161.692,161.692
1782525840000,161.692,161.692,161.692,161.692
1782525900000,161.692,161.692,161.692,161.692
1782525960000,161.692,161.692,161.692,161.692
1782526020000,161.692,161.692,161.692,161.692
1782526080000,161.692,161.692,161.692,161.692
1782526140000,161.692,161.692,161.692,161.692
1782526200000,161.692,161.692,161.692,161.692
1782526260000,161.692,161.692,161.692,161.692
1782526320000,161.692,161.692,161.692,161.692
1782526380000,161.692,161.692,161.692,161.692
1782526440000,161.692,161.692,161.692,161.692
1782526500000,161.692,161.692,161.692,161.692
1782526560000,161.692,161.692,161.692,161.692
1782526620000,161.692,161.692,161.692,161.692
1782526680000,161.692,161.692,161.692,161.692
1782526740000,161.692,161.692,161.692,161.692
1782526800000,161.692,161.692,161.692,161.692
1782526860000,161.692,161.692,161.692,161.692
1782526920000,161.692,161.692,161.692,161.692
1782526980000,161.692,161.692,161.692,161.692
1782527040000,161.692,161.692,161.692,161.692
1782527100000,161.692,161.692,161.692,161.692
1782527160000,161.692,161.692,161.692,161.692
1782527220000,161.692,161.692,161.692,161.692
1782527280000,161.692,161.692,161.692,161.692
1782527340000,161.692,161.692,161.692,161.692
1782527400000,161.692,161.692,161.692,161.692
1782527460000,161.692,161.692,161.692,161.692
1782527520000,161.692,161.692,161.692,161.692
1782527580000,161.692,161.692,161.692,161.692
1782527640000,161.692,161.692,161.692,161.692
1782527700000,161.692,161.692,161.692,161.692
1782527760000,161.692,161.692,161.692,161.692
1782527820000,161.692,161.692,161.692,161.692
1782527880000,161.692,161.692,161.692,161.692
1782527940000,161.692,161.692,161.692,161.692
1782528000000,161.692,161.692,161.692,161.692
1782528060000,161.692,161.692,161.692,161.692
1782528120000,161.692,161.692,161.692,161.692
1782528180000,161.692,161.692,161.692,161.692
1782528240000,161.692,161.692,161.692,161.692
1782528300000,161.692,161.692,161.692,161.692
1782528360000,161.692,161.692,161.692,161.692
1782528420000,161.692,161.692,161.692,161.692
1782528480000,161.692,161.692,161.692,161.692
1782528540000,161.692,161.692,161.692,161.692
1782528600000,161.692,161.692,161.692,161.692
1782528660000,161.692,161.692,161.692,161.692
1782528720000,161.692,161.692,161.692,161.692
1782528780000,161.692,161.692,161.692,161.692
1782528840000,161.692,161.692,161.692,161.692
1782528900000,161.692,161.692,161.692,161.692
1782528960000,161.692,161.692,161.692,161.692
1782529020000,161.692,161.692,161.692,161.692
1782529080000,161.692,161.692,161.692,161.692
1782529140000,161.692,161.692,161.692,161.692
1782529200000,161.692,161.692,161.692,161.692
1782529260000,161.692,161.692,161.692,161.692
1782529320000,161.692,161.692,161.692,161.692
1782529380000,161.692,161.692,161.692,161.692
1782529440000,161.692,161.692,161.692,161.692
1782529500000,161.692,161.692,161.692,161.692
1782529560000,161.692,161.692,161.692,161.692
1782529620000,161.692,161.692,161.692,161.692
1782529680000,161.692,161.692,161.692,161.692
1782529740000,161.692,161.692,161.692,161.692
1782529800000,161.692,161.692,161.692,161.692
1782529860000,161.692,161.692,161.692,161.692
1782529920000,161.692,161.692,161.692,161.692
1782529980000,161.692,161.692,161.692,161.692
1782530040000,161.692,161.692,161.692,161.692
1782530100000,161.692,161.692,161.692,161.692
1782530160000,161.692,161.692,161.692,161.692
1782530220000,161.692,161.692,161.692,161.692
1782530280000,161.692,161.692,161.692,161.692
1782530340000,161.692,161.692,161.692,161.692
1782530400000,161.692,161.692,161.692,161.692
1782530460000,161.692,161.692,161.692,161.692
1782530520000,161.692,161.692,161.692,161.692
1782530580000,161.692,161.692,161.692,161.692
1782530640000,161.692,161.692,161.692,161.692
1782530700000,161.692,161.692,161.692,161.692
1782530760000,161.692,161.692,161.692,161.692
1782530820000,161.692,161.692,161.692,161.692
1782530880000,161.692,161.692,161.692,161.692
1782530940000,161.692,161.692,161.692,161.692
1782531000000,161.692,161.692,161.692,161.692
1782531060000,161.692,161.692,161.692,161.692
1782531120000,161.692,161.692,161.692,161.692
1782531180000,161.692,161.692,161.692,161.692
1782531240000,161.692,161.692,161.692,161.692
1782531300000,161.692,161.692,161.692,161.692
1782531360000,161.692,161.692,161.692,161.692
1782531420000,161.692,161.692,161.692,161.692
1782531480000,161.692,161.692,161.692,161.692
1782531540000,161.692,161.692,161.692,161.692
1782531600000,161.692,161.692,161.692,161.692
1782531660000,161.692,161.692,161.692,161.692
1782531720000,161.692,161.692,161.692,161.692
1782531780000,161.692,161.692,161.692,161.692
1782531840000,161.692,161.692,161.692,161.692
1782531900000,161.692,161.692,161.692,161.692
1782531960000,161.692,161.692,161.692,161.692
1782532020000,161.692,161.692,161.692,161.692
1782532080000,161.692,161.692,161.692,161.692
1782532140000,161.692,161.692,161.692,161.692
1782532200000,161.692,161.692,161.692,161.692
1782532260000,161.692,161.692,161.692,161.692
1782532320000,161.692,161.692,161.692,161.692
1782532380000,161.692,161.692,161.692,161.692
1782532440000,161.692,161.692,161.692,161.692
1782532500000,161.692,161.692,161.692,161.692
1782532560000,161.692,161.692,161.692,161.692
1782532620000,161.692,161.692,161.692,161.692
1782532680000,161.692,161.692,161.692,161.692
1782532740000,161.692,161.692,161.692,161.692
1782532800000,161.692,161.692,161.692,161.692
1782532860000,161.692,161.692,161.692,161.692
1782532920000,161.692,161.692,161.692,161.692
1782532980000,161.692,161.692,161.692,161.692
1782533040000,161.692,161.692,161.692,161.692
1782533100000,161.692,161.692,161.692,161.692
1782533160000,161.692,161.692,161.692,161.692
1782533220000,161.692,161.692,161.692,161.692
1782533280000,161.692,161.692,161.692,161.692
1782533340000,161.692,161.692,161.692,161.692
1782533400000,161.692,161.692,161.692,161.692
1782533460000,161.692,161.692,161.692,161.692
1782533520000,161.692,161.692,161.692,161.692
1782533580000,161.692,161.692,161.692,161.692
1782533640000,161.692,161.692,161.692,161.692
1782533700000,161.692,161.692,161.692,161.692
1782533760000,161.692,161.692,161.692,161.692
1782533820000,161.692,161.692,161.692,161.692
1782533880000,161.692,161.692,161.692,161.692
1782533940000,161.692,161.692,161.692,161.692
1782534000000,161.692,161.692,161.692,161.692
1782534060000,161.692,161.692,161.692,161.692
1782534120000,161.692,161.692,161.692,161.692
1782534180000,161.692,161.692,161.692,161.692
1782534240000,161.692,161.692,161.692,161.692
1782534300000,161.692,161.692,161.692,161.692
1782534360000,161.692,161.692,161.692,161.692
1782534420000,161.692,161.692,161.692,161.692
1782534480000,161.692,161.692,161.692,161.692
1782534540000,161.692,161.692,161.692,161.692
1782534600000,161.692,161.692,161.692,161.692
1782534660000,161.692,161.692,161.692,161.692
1782534720000,161.692,161.692,161.692,161.692
1782534780000,161.692,161.692,161.692,161.692
1782534840000,161.692,161.692,161.692,161.692
1782534900000,161.692,161.692,161.692,161.692
1782534960000,161.692,161.692,161.692,161.692
1782535020000,161.692,161.692,161.692,161.692
1782535080000,161.692,161.692,161.692,161.692
1782535140000,161.692,161.692,161.692,161.692
1782535200000,161.692,161.692,161.692,161.692
1782535260000,161.692,161.692,161.692,161.692
1782535320000,161.692,161.692,161.692,161.692
1782535380000,161.692,161.692,161.692,161.692
1782535440000,161.692,161.692,161.692,161.692
1782535500000,161.692,161.692,161.692,161.692
1782535560000,161.692,161.692,161.692,161.692
1782535620000,161.692,161.692,161.692,161.692
1782535680000,161.692,161.692,161.692,161.692
1782535740000,161.692,161.692,161.692,161.692
1782535800000,161.692,161.692,161.692,161.692
1782535860000,161.692,161.692,161.692,161.692
1782535920000,161.692,161.692,161.692,161.692
1782535980000,161.692,161.692,161.692,161.692
1782536040000,161.692,161.692,161.692,161.692
1782536100000,161.692,161.692,161.692,161.692
1782536160000,161.692,161.692,161.692,161.692
1782536220000,161.692,161.692,161.692,161.692
1782536280000,161.692,161.692,161.692,161.692
1782536340000,161.692,161.692,161.692,161.692
1782536400000,161.692,161.692,161.692,161.692
1782536460000,161.692,161.692,161.692,161.692
1782536520000,161.692,161.692,161.692,161.692
1782536580000,161.692,161.692,161.692,161.692
1782536640000,161.692,161.692,161.692,161.692
1782536700000,161.692,161.692,161.692,161.692
1782536760000,161.692,161.692,161.692,161.692
1782536820000,161.692,161.692,161.692,161.692
1782536880000,161.692,161.692,161.692,161.692
1782536940000,161.692,161.692,161.692,161.692
1782537000000,161.692,161.692,161.692,161.692
1782537060000,161.692,161.692,161.692,161.692
1782537120000,161.692,161.692,161.692,161.692
1782537180000,161.692,161.692,161.692,161.692
1782537240000,161.692,161.692,161.692,161.692
1782537300000,161.692,161.692,161.692,161.692
1782537360000,161.692,161.692,161.692,161.692
1782537420000,161.692,161.692,161.692,161.692
1782537480000,161.692,161.692,161.692,161.692
1782537540000,161.692,161.692,161.692,161.692
1782537600000,161.692,161.692,161.692,161.692
1782537660000,161.692,161.692,161.692,161.692
1782537720000,161.692,161.692,161.692,161.692
1782537780000,161.692,161.692,161.692,161.692
1782537840000,161.692,161.692,161.692,161.692
1782537900000,161.692,161.692,161.692,161.692
1782537960000,161.692,161.692,161.692,161.692
1782538020000,161.692,161.692,161.692,161.692
1782538080000,161.692,161.692,161.692,161.692
1782538140000,161.692,161.692,161.692,161.692
1782538200000,161.692,161.692,161.692,161.692
1782538260000,161.692,161.692,161.692,161.692
1782538320000,161.692,161.692,161.692,161.692
1782538380000,161.692,161.692,161.692,161.692
1782538440000,161.692,161.692,161.692,161.692
1782538500000,161.692,161.692,161.692,161.692
1782538560000,161.692,161.692,161.692,161.692
1782538620000,161.692,161.692,161.692,161.692
1782538680000,161.692,161.692,161.692,161.692
1782538740000,161.692,161.692,161.692,161.692
1782538800000,161.692,161.692,161.692,161.692
1782538860000,161.692,161.692,161.692,161.692
1782538920000,161.692,161.692,161.692,161.692
1782538980000,161.692,161.692,161.692,161.692
1782539040000,161.692,161.692,161.692,161.692
1782539100000,161.692,161.692,161.692,161.692
1782539160000,161.692,161.692,161.692,161.692
1782539220000,161.692,161.692,161.692,161.692
1782539280000,161.692,161.692,161.692,161.692
1782539340000,161.692,161.692,161.692,161.692
1782539400000,161.692,161.692,161.692,161.692
1782539460000,161.692,161.692,161.692,161.692
1782539520000,161.692,161.692,161.692,161.692
1782539580000,161.692,161.692,161.692,161.692
1782539640000,161.692,161.692,161.692,161.692
1782539700000,161.692,161.692,161.692,161.692
1782539760000,161.692,161.692,161.692,161.692
1782539820000,161.692,161.692,161.692,161.692
1782539880000,161.692,161.692,161.692,161.692
1782539940000,161.692,161.692,161.692,161.692
1782540000000,161.692,161.692,161.692,161.692
1782540060000,161.692,161.692,161.692,161.692
1782540120000,161.692,161.692,161.692,161.692
1782540180000,161.692,161.692,161.692,161.692
1782540240000,161.692,161.692,161.692,161.692
1782540300000,161.692,161.692,161.692,161.692
1782540360000,161.692,161.692,161.692,161.692
1782540420000,161.692,161.692,161.692,161.692
1782540480000,161.692,161.692,161.692,161.692
1782540540000,161.692,161.692,161.692,161.692
1782540600000,161.692,161.692,161.692,161.692
1782540660000,161.692,161.692,161.692,161.692
1782540720000,161.692,161.692,161.692,161.692
1782540780000,161.692,161.692,161.692,161.692
1782540840000,161.692,161.692,161.692,161.692
1782540900000,161.692,161.692,161.692,161.692
1782540960000,161.692,161.692,161.692,161.692
1782541020000,161.692,161.692,161.692,161.692
1782541080000,161.692,161.692,161.692,161.692
1782541140000,161.692,161.692,161.692,161.692
1782541200000,161.692,161.692,161.692,161.692
1782541260000,161.692,161.692,161.692,161.692
1782541320000,161.692,161.692,161.692,161.692
1782541380000,161.692,161.692,161.692,161.692
1782541440000,161.692,161.692,161.692,161.692
1782541500000,161.692,161.692,161.692,161.692
1782541560000,161.692,161.692,161.692,161.692
1782541620000,161.692,161.692,161.692,161.692
1782541680000,161.692,161.692,161.692,161.692
1782541740000,161.692,161.692,161.692,161.692
1782541800000,161.692,161.692,161.692,161.692
1782541860000,161.692,161.692,161.692,161.692
1782541920000,161.692,161.692,161.692,161.692
1782541980000,161.692,161.692,161.692,161.692
1782542040000,161.692,161.692,161.692,161.692
1782542100000,161.692,161.692,161.692,161.692
1782542160000,161.692,161.692,161.692,161.692
1782542220000,161.692,161.692,161.692,161.692
1782542280000,161.692,161.692,161.692,161.692
1782542340000,161.692,161.692,161.692,161.692
1782542400000,161.692,161.692,161.692,161.692
1782542460000,161.692,161.692,161.692,161.692
1782542520000,161.692,161.692,161.692,161.692
1782542580000,161.692,161.692,161.692,161.692
1782542640000,161.692,161.692,161.692,161.692
1782542700000,161.692,161.692,161.692,161.692
1782542760000,161.692,161.692,161.692,161.692
1782542820000,161.692,161.692,161.692,161.692
1782542880000,161.692,161.692,161.692,161.692
1782542940000,161.692,161.692,161.692,161.692
1782543000000,161.692,161.692,161.692,161.692
1782543060000,161.692,161.692,161.692,161.692
1782543120000,161.692,161.692,161.692,161.692
1782543180000,161.692,161.692,161.692,161.692
1782543240000,161.692,161.692,161.692,161.692
1782543300000,161.692,161.692,161.692,161.692
1782543360000,161.692,161.692,161.692,161.692
1782543420000,161.692,161.692,161.692,161.692
1782543480000,161.692,161.692,161.692,161.692
1782543540000,161.692,161.692,161.692,161.692
1782543600000,161.692,161.692,161.692,161.692
1782543660000,161.692,161.692,161.692,161.692
1782543720000,161.692,161.692,161.692,161.692
1782543780000,161.692,161.692,161.692,161.692
1782543840000,161.692,161.692,161.692,161.692
1782543900000,161.692,161.692,161.692,161.692
1782543960000,161.692,161.692,161.692,161.692
1782544020000,161.692,161.692,161.692,161.692
1782544080000,161.692,161.692,161.692,161.692
1782544140000,161.692,161.692,161.692,161.692
1782544200000,161.692,161.692,161.692,161.692
1782544260000,161.692,161.692,161.692,161.692
1782544320000,161.692,161.692,161.692,161.692
1782544380000,161.692,161.692,161.692,161.692
1782544440000,161.692,161.692,161.692,161.692
1782544500000,161.692,161.692,161.692,161.692
1782544560000,161.692,161.692,161.692,161.692
1782544620000,161.692,161.692,161.692,161.692
1782544680000,161.692,161.692,161.692,161.692
1782544740000,161.692,161.692,161.692,161.692
1782544800000,161.692,161.692,161.692,161.692
1782544860000,161.692,161.692,161.692,161.692
1782544920000,161.692,161.692,161.692,161.692
1782544980000,161.692,161.692,161.692,161.692
1782545040000,161.692,161.692,161.692,161.692
1782545100000,161.692,161.692,161.692,161.692
1782545160000,161.692,161.692,161.692,161.692
1782545220000,161.692,161.692,161.692,161.692
1782545280000,161.692,161.692,161.692,161.692
1782545340000,161.692,161.692,161.692,161.692
1782545400000,161.692,161.692,161.692,161.692
1782545460000,161.692,161.692,161.692,161.692
1782545520000,161.692,161.692,161.692,161.692
1782545580000,161.692,161.692,161.692,161.692
1782545640000,161.692,161.692,161.692,161.692
1782545700000,161.692,161.692,161.692,161.692
1782545760000,161.692,161.692,161.692,161.692
1782545820000,161.692,161.692,161.692,161.692
1782545880000,161.692,161.692,161.692,161.692
1782545940000,161.692,161.692,161.692,161.692
1782546000000,161.692,161.692,161.692,161.692
1782546060000,161.692,161.692,161.692,161.692
1782546120000,161.692,161.692,161.692,161.692
1782546180000,161.692,161.692,161.692,161.692
1782546240000,161.692,161.692,161.692,161.692
1782546300000,161.692,161.692,161.692,161.692
1782546360000,161.692,161.692,161.692,161.692
1782546420000,161.692,161.692,161.692,161.692
1782546480000,161.692,161.692,161.692,161.692
1782546540000,161.692,161.692,161.692,161.692
1782546600000,161.692,161.692,161.692,161.692
1782546660000,161.692,161.692,161.692,161.692
1782546720000,161.692,161.692,161.692,161.692
1782546780000,161.692,161.692,161.692,161.692
1782546840000,161.692,161.692,161.692,161.692
1782546900000,161.692,161.692,161.692,161.692
1782546960000,161.692,161.692,161.692,161.692
1782547020000,161.692,161.692,161.692,161.692
1782547080000,161.692,161.692,161.692,161.692
1782547140000,161.692,161.692,161.692,161.692
1782547200000,161.692,161.692,161.692,161.692
1782547260000,161.692,161.692,161.692,161.692
1782547320000,161.692,161.692,161.692,161.692
1782547380000,161.692,161.692,161.692,161.692
1782547440000,161.692,161.692,161.692,161.692
1782547500000,161.692,161.692,161.692,161.692
1782547560000,161.692,161.692,161.692,161.692
1782547620000,161.692,161.692,161.692,161.692
1782547680000,161.692,161.692,161.692,161.692
1782547740000,161.692,161.692,161.692,161.692
1782547800000,161.692,161.692,161.692,161.692
1782547860000,161.692,161.692,161.692,161.692
1782547920000,161.692,161.692,161.692,161.692
1782547980000,161.692,161.692,161.692,161.692
1782548040000,161.692,161.692,161.692,161.692
1782548100000,161.692,161.692,161.692,161.692
1782548160000,161.692,161.692,161.692,161.692
1782548220000,161.692,161.692,161.692,161.692
1782548280000,161.692,161.692,161.692,161.692
1782548340000,161.692,161.692,161.692,161.692
1782548400000,161.692,161.692,161.692,161.692
1782548460000,161.692,161.692,161.692,161.692
1782548520000,161.692,161.692,161.692,161.692
1782548580000,161.692,161.692,161.692,161.692
1782548640000,161.692,161.692,161.692,161.692
1782548700000,161.692,161.692,161.692,161.692
1782548760000,161.692,161.692,161.692,161.692
1782548820000,161.692,161.692,161.692,161.692
1782548880000,161.692,161.692,161.692,161.692
1782548940000,161.692,161.692,161.692,161.692
1782549000000,161.692,161.692,161.692,161.692
1782549060000,161.692,161.692,161.692,161.692
1782549120000,161.692,161.692,161.692,161.692
1782549180000,161.692,161.692,161.692,161.692
1782549240000,161.692,161.692,161.692,161.692
1782549300000,161.692,161.692,161.692,161.692
1782549360000,161.692,161.692,161.692,161.692
1782549420000,161.692,161.692,161.692,161.692
1782549480000,161.692,161.692,161.692,161.692
1782549540000,161.692,161.692,161.692,161.692
1782549600000,161.692,161.692,161.692,161.692
1782549660000,161.692,161.692,161.692,161.692
1782549720000,161.692,161.692,161.692,161.692
1782549780000,161.692,161.692,161.692,161.692
1782549840000,161.692,161.692,161.692,161.692
1782549900000,161.692,161.692,161.692,161.692
1782549960000,161.692,161.692,161.692,161.692
1782550020000,161.692,161.692,161.692,161.692
1782550080000,161.692,161.692,161.692,161.692
1782550140000,161.692,161.692,161.692,161.692
1782550200000,161.692,161.692,161.692,161.692
1782550260000,161.692,161.692,161.692,161.692
1782550320000,161.692,161.692,161.692,161.692
1782550380000,161.692,161.692,161.692,161.692
1782550440000,161.692,161.692,161.692,161.692
1782550500000,161.692,161.692,161.692,161.692
1782550560000,161.692,161.692,161.692,161.692
1782550620000,161.692,161.692,161.692,161.692
1782550680000,161.692,161.692,161.692,161.692
1782550740000,161.692,161.692,161.692,161.692
1782550800000,161.692,161.692,161.692,161.692
1782550860000,161.692,161.692,161.692,161.692
1782550920000,161.692,161.692,161.692,161.692
1782550980000,161.692,161.692,161.692,161.692
1782551040000,161.692,161.692,161.692,161.692
1782551100000,161.692,161.692,161.692,161.692
1782551160000,161.692,161.692,161.692,161.692
1782551220000,161.692,161.692,161.692,161.692
1782551280000,161.692,161.692,161.692,161.692
1782551340000,161.692,161.692,161.692,161.692
1782551400000,161.692,161.692,161.692,161.692
1782551460000,161.692,161.692,161.692,161.692
1782551520000,161.692,161.692,161.692,161.692
1782551580000,161.692,161.692,161.692,161.692
1782551640000,161.692,161.692,161.692,161.692
1782551700000,161.692,161.692,161.692,161.692
1782551760000,161.692,161.692,161.692,161.692
1782551820000,161.692,161.692,161.692,161.692
1782551880000,161.692,161.692,161.692,161.692
1782551940000,161.692,161.692,161.692,161.692
1782552000000,161.692,161.692,161.692,161.692
1782552060000,161.692,161.692,161.692,161.692
1782552120000,161.692,161.692,161.692,161.692
1782552180000,161.692,161.692,161.692,161.692
1782552240000,161.692,161.692,161.692,161.692
1782552300000,161.692,161.692,161.692,161.692
1782552360000,161.692,161.692,161.692,161.692
1782552420000,161.692,161.692,161.692,161.692
1782552480000,161.692,161.692,161.692,161.692
1782552540000,161.692,161.692,161.692,161.692
1782552600000,161.692,161.692,161.692,161.692
1782552660000,161.692,161.692,161.692,161.692
1782552720000,161.692,161.692,161.692,161.692
1782552780000,161.692,161.692,161.692,161.692
1782552840000,161.692,161.692,161.692,161.692
1782552900000,161.692,161.692,161.692,161.692
1782552960000,161.692,161.692,161.692,161.692
1782553020000,161.692,161.692,161.692,161.692
1782553080000,161.692,161.692,161.692,161.692
1782553140000,161.692,161.692,161.692,161.692
1782553200000,161.692,161.692,161.692,161.692
1782553260000,161.692,161.692,161.692,161.692
1782553320000,161.692,161.692,161.692,161.692
1782553380000,161.692,161.692,161.692,161.692
1782553440000,161.692,161.692,161.692,161.692
1782553500000,161.692,161.692,161.692,161.692
1782553560000,161.692,161.692,161.692,161.692
1782553620000,161.692,161.692,161.692,161.692
1782553680000,161.692,161.692,161.692,161.692
1782553740000,161.692,161.692,161.692,161.692
1782553800000,161.692,161.692,161.692,161.692
1782553860000,161.692,161.692,161.692,161.692
1782553920000,161.692,161.692,161.692,161.692
1782553980000,161.692,161.692,161.692,161.692
1782554040000,161.692,161.692,161.692,161.692
1782554100000,161.692,161.692,161.692,161.692
1782554160000,161.692,161.692,161.692,161.692
1782554220000,161.692,161.692,161.692,161.692
1782554280000,161.692,161.692,161.692,161.692
1782554340000,161.692,161.692,161.692,161.692
1782554400000,161.692,161.692,161.692,161.692
1782554460000,161.692,161.692,161.692,161.692
1782554520000,161.692,161.692,161.692,161.692
1782554580000,161.692,161.692,161.692,161.692
1782554640000,161.692,161.692,161.692,161.692
1782554700000,161.692,161.692,161.692,161.692
1782554760000,161.692,161.692,161.692,161.692
1782554820000,161.692,161.692,161.692,161.692
1782554880000,161.692,161.692,161.692,161.692
1782554940000,161.692,161.692,161.692,161.692
1782555000000,161.692,161.692,161.692,161.692
1782555060000,161.692,161.692,161.692,161.692
1782555120000,161.692,161.692,161.692,161.692
1782555180000,161.692,161.692,161.692,161.692
1782555240000,161.692,161.692,161.692,161.692
1782555300000,161.692,161.692,161.692,161.692
1782555360000,161.692,161.692,161.692,161.692
1782555420000,161.692,161.692,161.692,161.692
1782555480000,161.692,161.692,161.692,161.692
1782555540000,161.692,161.692,161.692,161.692
1782555600000,161.692,161.692,161.692,161.692
1782555660000,161.692,161.692,161.692,161.692
1782555720000,161.692,161.692,161.692,161.692
1782555780000,161.692,161.692,161.692,161.692
1782555840000,161.692,161.692,161.692,161.692
1782555900000,161.692,161.692,161.692,161.692
1782555960000,161.692,161.692,161.692,161.692
1782556020000,161.692,161.692,161.692,161.692
1782556080000,161.692,161.692,161.692,161.692
1782556140000,161.692,161.692,161.692,161.692
1782556200000,161.692,161.692,161.692,161.692
1782556260000,161.692,161.692,161.692,161.692
1782556320000,161.692,161.692,161.692,161.692
1782556380000,161.692,161.692,161.692,161.692
1782556440000,161.692,161.692,161.692,161.692
1782556500000,161.692,161.692,161.692,161.692
1782556560000,161.692,161.692,161.692,161.692
1782556620000,161.692,161.692,161.692,161.692
1782556680000,161.692,161.692,161.692,161.692
1782556740000,161.692,161.692,161.692,161.692
1782556800000,161.692,161.692,161.692,161.692
1782556860000,161.692,161.692,161.692,161.692
1782556920000,161.692,161.692,161.692,161.692
1782556980000,161.692,161.692,161.692,161.692
1782557040000,161.692,161.692,161.692,161.692
1782557100000,161.692,161.692,161.692,161.692
1782557160000,161.692,161.692,161.692,161.692
1782557220000,161.692,161.692,161.692,161.692
1782557280000,161.692,161.692,161.692,161.692
1782557340000,161.692,161.692,161.692,161.692
1782557400000,161.692,161.692,161.692,161.692
1782557460000,161.692,161.692,161.692,161.692
1782557520000,161.692,161.692,161.692,161.692
1782557580000,161.692,161.692,161.692,161.692
1782557640000,161.692,161.692,161.692,161.692
1782557700000,161.692,161.692,161.692,161.692
1782557760000,161.692,161.692,161.692,161.692
1782557820000,161.692,161.692,161.692,161.692
1782557880000,161.692,161.692,161.692,161.692
1782557940000,161.692,161.692,161.692,161.692
1782558000000,161.692,161.692,161.692,161.692
1782558060000,161.692,161.692,161.692,161.692
1782558120000,161.692,161.692,161.692,161.692
1782558180000,161.692,161.692,161.692,161.692
1782558240000,161.692,161.692,161.692,161.692
1782558300000,161.692,161.692,161.692,161.692
1782558360000,161.692,161.692,161.692,161.692
1782558420000,161.692,161.692,161.692,161.692
1782558480000,161.692,161.692,161.692,161.692
1782558540000,161.692,161.692,161.692,161.692
1782558600000,161.692,161.692,161.692,161.692
1782558660000,161.692,161.692,161.692,161.692
1782558720000,161.692,161.692,161.692,161.692
1782558780000,161.692,161.692,161.692,161.692
1782558840000,161.692,161.692,161.692,161.692
1782558900000,161.692,161.692,161.692,161.692
1782558960000,161.692,161.692,161.692,161.692
1782559020000,161.692,161.692,161.692,161.692
1782559080000,161.692,161.692,161.692,161.692
1782559140000,161.692,161.692,161.692,161.692
1782559200000,161.692,161.692,161.692,161.692
1782559260000,161.692,161.692,161.692,161.692
1782559320000,161.692,161.692,161.692,161.692
1782559380000,161.692,161.692,161.692,161.692
1782559440000,161.692,161.692,161.692,161.692
1782559500000,161.692,161.692,161.692,161.692
1782559560000,161.692,161.692,161.692,161.692
1782559620000,161.692,161.692,161.692,161.692
1782559680000,161.692,161.692,161.692,161.692
1782559740000,161.692,161.692,161.692,161.692
1782559800000,161.692,161.692,161.692,161.692
1782559860000,161.692,161.692,161.692,161.692
1782559920000,161.692,161.692,161.692,161.692
1782559980000,161.692,161.692,161.692,161.692
1782560040000,161.692,161.692,161.692,161.692
1782560100000,161.692,161.692,161.692,161.692
1782560160000,161.692,161.692,161.692,161.692
1782560220000,161.692,161.692,161.692,161.692
1782560280000,161.692,161.692,161.692,161.692
1782560340000,161.692,161.692,161.692,161.692
1782560400000,161.692,161.692,161.692,161.692
1782560460000,161.692,161.692,161.692,161.692
1782560520000,161.692,161.692,161.692,161.692
1782560580000,161.692,161.692,161.692,161.692
1782560640000,161.692,161.692,161.692,161.692
1782560700000,161.692,161.692,161.692,161.692
1782560760000,161.692,161.692,161.692,161.692
1782560820000,161.692,161.692,161.692,161.692
1782560880000,161.692,161.692,161.692,161.692
1782560940000,161.692,161.692,161.692,161.692
1782561000000,161.692,161.692,161.692,161.692
1782561060000,161.692,161.692,161.692,161.692
1782561120000,161.692,161.692,161.692,161.692
1782561180000,161.692,161.692,161.692,161.692
1782561240000,161.692,161.692,161.692,161.692
1782561300000,161.692,161.692,161.692,161.692
1782561360000,161.692,161.692,161.692,161.692
1782561420000,161.692,161.692,161.692,161.692
1782561480000,161.692,161.692,161.692,161.692
1782561540000,161.692,161.692,161.692,161.692
1782561600000,161.692,161.692,161.692,161.692
1782561660000,161.692,161.692,161.692,161.692
1782561720000,161.692,161.692,161.692,161.692
1782561780000,161.692,161.692,161.692,161.692
1782561840000,161.692,161.692,161.692,161.692
1782561900000,161.692,161.692,161.692,161.692
1782561960000,161.692,161.692,161.692,161.692
1782562020000,161.692,161.692,161.692,161.692
1782562080000,161.692,161.692,161.692,161.692
1782562140000,161.692,161.692,161.692,161.692
1782562200000,161.692,161.692,161.692,161.692
1782562260000,161.692,161.692,161.692,161.692
1782562320000,161.692,161.692,161.692,161.692
1782562380000,161.692,161.692,161.692,161.692
1782562440000,161.692,161.692,161.692,161.692
1782562500000,161.692,161.692,161.692,161.692
1782562560000,161.692,161.692,161.692,161.692
1782562620000,161.692,161.692,161.692,161.692
1782562680000,161.692,161.692,161.692,161.692
1782562740000,161.692,161.692,161.692,161.692
1782562800000,161.692,161.692,161.692,161.692
1782562860000,161.692,161.692,161.692,161.692
1782562920000,161.692,161.692,161.692,161.692
1782562980000,161.692,161.692,161.692,161.692
1782563040000,161.692,161.692,161.692,161.692
1782563100000,161.692,161.692,161.692,161.692
1782563160000,161.692,161.692,161.692,161.692
1782563220000,161.692,161.692,161.692,161.692
1782563280000,161.692,161.692,161.692,161.692
1782563340000,161.692,161.692,161.692,161.692
1782563400000,161.692,161.692,161.692,161.692
1782563460000,161.692,161.692,161.692,161.692
1782563520000,161.692,161.692,161.692,161.692
1782563580000,161.692,161.692,161.692,161.692
1782563640000,161.692,161.692,161.692,161.692
1782563700000,161.692,161.692,161.692,161.692
1782563760000,161.692,161.692,161.692,161.692
1782563820000,161.692,161.692,161.692,161.692
1782563880000,161.692,161.692,161.692,161.692
1782563940000,161.692,161.692,161.692,161.692
1782564000000,161.692,161.692,161.692,161.692
1782564060000,161.692,161.692,161.692,161.692
1782564120000,161.692,161.692,161.692,161.692
1782564180000,161.692,161.692,161.692,161.692
1782564240000,161.692,161.692,161.692,161.692
1782564300000,161.692,161.692,161.692,161.692
1782564360000,161.692,161.692,161.692,161.692
1782564420000,161.692,161.692,161.692,161.692
1782564480000,161.692,161.692,161.692,161.692
1782564540000,161.692,161.692,161.692,161.692
1782564600000,161.692,161.692,161.692,161.692
1782564660000,161.692,161.692,161.692,161.692
1782564720000,161.692,161.692,161.692,161.692
1782564780000,161.692,161.692,161.692,161.692
1782564840000,161.692,161.692,161.692,161.692
1782564900000,161.692,161.692,161.692,161.692
1782564960000,161.692,161.692,161.692,161.692
1782565020000,161.692,161.692,161.692,161.692
1782565080000,161.692,161.692,161.692,161.692
1782565140000,161.692,161.692,161.692,161.692
1782565200000,161.692,161.692,161.692,161.692
1782565260000,161.692,161.692,161.692,161.692
1782565320000,161.692,161.692,161.692,161.692
1782565380000,161.692,161.692,161.692,161.692
1782565440000,161.692,161.692,161.692,161.692
1782565500000,161.692,161.692,161.692,161.692
1782565560000,161.692,161.692,161.692,161.692
1782565620000,161.692,161.692,161.692,161.692
1782565680000,161.692,161.692,161.692,161.692
1782565740000,161.692,161.692,161.692,161.692
1782565800000,161.692,161.692,161.692,161.692
1782565860000,161.692,161.692,161.692,161.692
1782565920000,161.692,161.692,161.692,161.692
1782565980000,161.692,161.692,161.692,161.692
1782566040000,161.692,161.692,161.692,161.692
1782566100000,161.692,161.692,161.692,161.692
1782566160000,161.692,161.692,161.692,161.692
1782566220000,161.692,161.692,161.692,161.692
1782566280000,161.692,161.692,161.692,161.692
1782566340000,161.692,161.692,161.692,161.692
1782566400000,161.692,161.692,161.692,161.692
1782566460000,161.692,161.692,161.692,161.692
1782566520000,161.692,161.692,161.692,161.692
1782566580000,161.692,161.692,161.692,161.692
1782566640000,161.692,161.692,161.692,161.692
1782566700000,161.692,161.692,161.692,161.692
1782566760000,161.692,161.692,161.692,161.692
1782566820000,161.692,161.692,161.692,161.692
1782566880000,161.692,161.692,161.692,161.692
1782566940000,161.692,161.692,161.692,161.692
1782567000000,161.692,161.692,161.692,161.692
1782567060000,161.692,161.692,161.692,161.692
1782567120000,161.692,161.692,161.692,161.692
1782567180000,161.692,161.692,161.692,161.692
1782567240000,161.692,161.692,161.692,161.692
1782567300000,161.692,161.692,161.692,161.692
1782567360000,161.692,161.692,161.692,161.692
1782567420000,161.692,161.692,161.692,161.692
1782567480000,161.692,161.692,161.692,161.692
1782567540000,161.692,161.692,161.692,161.692
1782567600000,161.692,161.692,161.692,161.692
1782567660000,161.692,161.692,161.692,161.692
1782567720000,161.692,161.692,161.692,161.692
1782567780000,161.692,161.692,161.692,161.692
1782567840000,161.692,161.692,161.692,161.692
1782567900000,161.692,161.692,161.692,161.692
1782567960000,161.692,161.692,161.692,161.692
1782568020000,161.692,161.692,161.692,161.692
1782568080000,161.692,161.692,161.692,161.692
1782568140000,161.692,161.692,161.692,161.692
1782568200000,161.692,161.692,161.692,161.692
1782568260000,161.692,161.692,161.692,161.692
1782568320000,161.692,161.692,161.692,161.692
1782568380000,161.692,161.692,161.692,161.692
1782568440000,161.692,161.692,161.692,161.692
1782568500000,161.692,161.692,161.692,161.692
1782568560000,161.692,161.692,161.692,161.692
1782568620000,161.692,161.692,161.692,161.692
1782568680000,161.692,161.692,161.692,161.692
1782568740000,161.692,161.692,161.692,161.692
1782568800000,161.692,161.692,161.692,161.692
1782568860000,161.692,161.692,161.692,161.692
1782568920000,161.692,161.692,161.692,161.692
1782568980000,161.692,161.692,161.692,161.692
1782569040000,161.692,161.692,161.692,161.692
1782569100000,161.692,161.692,161.692,161.692
1782569160000,161.692,161.692,161.692,161.692
1782569220000,161.692,161.692,161.692,161.692
1782569280000,161.692,161.692,161.692,161.692
1782569340000,161.692,161.692,161.692,161.692
1782569400000,161.692,161.692,161.692,161.692
1782569460000,161.692,161.692,161.692,161.692
1782569520000,161.692,161.692,161.692,161.692
1782569580000,161.692,161.692,161.692,161.692
1782569640000,161.692,161.692,161.692,161.692
1782569700000,161.692,161.692,161.692,161.692
1782569760000,161.692,161.692,161.692,161.692
1782569820000,161.692,161.692,161.692,161.692
1782569880000,161.692,161.692,161.692,161.692
1782569940000,161.692,161.692,161.692,161.692
1782570000000,161.692,161.692,161.692,161.692
1782570060000,161.692,161.692,161.692,161.692
1782570120000,161.692,161.692,161.692,161.692
1782570180000,161.692,161.692,161.692,161.692
1782570240000,161.692,161.692,161.692,161.692
1782570300000,161.692,161.692,161.692,161.692
1782570360000,161.692,161.692,161.692,161.692
1782570420000,161.692,161.692,161.692,161.692
1782570480000,161.692,161.692,161.692,161.692
1782570540000,161.692,161.692,161.692,161.692
1782570600000,161.692,161.692,161.692,161.692
1782570660000,161.692,161.692,161.692,161.692
1782570720000,161.692,161.692,161.692,161.692
1782570780000,161.692,161.692,161.692,161.692
1782570840000,161.692,161.692,161.692,161.692
1782570900000,161.692,161.692,161.692,161.692
1782570960000,161.692,161.692,161.692,161.692
1782571020000,161.692,161.692,161.692,161.692
1782571080000,161.692,161.692,161.692,161.692
1782571140000,161.692,161.692,161.692,161.692
1782571200000,161.692,161.692,161.692,161.692
1782571260000,161.692,161.692,161.692,161.692
1782571320000,161.692,161.692,161.692,161.692
1782571380000,161.692,161.692,161.692,161.692
1782571440000,161.692,161.692,161.692,161.692
1782571500000,161.692,161.692,161.692,161.692
1782571560000,161.692,161.692,161.692,161.692
1782571620000,161.692,161.692,161.692,161.692
1782571680000,161.692,161.692,161.692,161.692
1782571740000,161.692,161.692,161.692,161.692
1782571800000,161.692,161.692,161.692,161.692
1782571860000,161.692,161.692,161.692,161.692
1782571920000,161.692,161.692,161.692,161.692
1782571980000,161.692,161.692,161.692,161.692
1782572040000,161.692,161.692,161.692,161.692
1782572100000,161.692,161.692,161.692,161.692
1782572160000,161.692,161.692,161.692,161.692
1782572220000,161.692,161.692,161.692,161.692
1782572280000,161.692,161.692,161.692,161.692
1782572340000,161.692,161.692,161.692,161.692
1782572400000,161.692,161.692,161.692,161.692
1782572460000,161.692,161.692,161.692,161.692
1782572520000,161.692,161.692,161.692,161.692
1782572580000,161.692,161.692,161.692,161.692
1782572640000,161.692,161.692,161.692,161.692
1782572700000,161.692,161.692,161.692,161.692
1782572760000,161.692,161.692,161.692,161.692
1782572820000,161.692,161.692,161.692,161.692
1782572880000,161.692,161.692,161.692,161.692
1782572940000,161.692,161.692,161.692,161.692
1782573000000,161.692,161.692,161.692,161.692
1782573060000,161.692,161.692,161.692,161.692
1782573120000,161.692,161.692,161.692,161.692
1782573180000,161.692,161.692,161.692,161.692
1782573240000,161.692,161.692,161.692,161.692
1782573300000,161.692,161.692,161.692,161.692
1782573360000,161.692,161.692,161.692,161.692
1782573420000,161.692,161.692,161.692,161.692
1782573480000,161.692,161.692,161.692,161.692
1782573540000,161.692,161.692,161.692,161.692
1782573600000,161.692,161.692,161.692,161.692
1782573660000,161.692,161.692,161.692,161.692
1782573720000,161.692,161.692,161.692,161.692
1782573780000,161.692,161.692,161.692,161.692
1782573840000,161.692,161.692,161.692,161.692
1782573900000,161.692,161.692,161.692,161.692
1782573960000,161.692,161.692,161.692,161.692
1782574020000,161.692,161.692,161.692,161.692
1782574080000,161.692,161.692,161.692,161.692
1782574140000,161.692,161.692,161.692,161.692
1782574200000,161.692,161.692,161.692,161.692
1782574260000,161.692,161.692,161.692,161.692
1782574320000,161.692,161.692,161.692,161.692
1782574380000,161.692,161.692,161.692,161.692
1782574440000,161.692,161.692,161.692,161.692
1782574500000,161.692,161.692,161.692,161.692
1782574560000,161.692,161.692,161.692,161.692
1782574620000,161.692,161.692,161.692,161.692
1782574680000,161.692,161.692,161.692,161.692
1782574740000,161.692,161.692,161.692,161.692
1782574800000,161.692,161.692,161.692,161.692
1782574860000,161.692,161.692,161.692,161.692
1782574920000,161.692,161.692,161.692,161.692
1782574980000,161.692,161.692,161.692,161.692
1782575040000,161.692,161.692,161.692,161.692
1782575100000,161.692,161.692,161.692,161.692
1782575160000,161.692,161.692,161.692,161.692
1782575220000,161.692,161.692,161.692,161.692
1782575280000,161.692,161.692,161.692,161.692
1782575340000,161.692,161.692,161.692,161.692
1782575400000,161.692,161.692,161.692,161.692
1782575460000,161.692,161.692,161.692,161.692
1782575520000,161.692,161.692,161.692,161.692
1782575580000,161.692,161.692,161.692,161.692
1782575640000,161.692,161.692,161.692,161.692
1782575700000,161.692,161.692,161.692,161.692
1782575760000,161.692,161.692,161.692,161.692
1782575820000,161.692,161.692,161.692,161.692
1782575880000,161.692,161.692,161.692,161.692
1782575940000,161.692,161.692,161.692,161.692
1782576000000,161.692,161.692,161.692,161.692
1782576060000,161.692,161.692,161.692,161.692
1782576120000,161.692,161.692,161.692,161.692
1782576180000,161.692,161.692,161.692,161.692
1782576240000,161.692,161.692,161.692,161.692
1782576300000,161.692,161.692,161.692,161.692
1782576360000,161.692,161.692,161.692,161.692
1782576420000,161.692,161.692,161.692,161.692
1782576480000,161.692,161.692,161.692,161.692
1782576540000,161.692,161.692,161.692,161.692
1782576600000,161.692,161.692,161.692,161.692
1782576660000,161.692,161.692,161.692,161.692
1782576720000,161.692,161.692,161.692,161.692
1782576780000,161.692,161.692,161.692,161.692
1782576840000,161.692,161.692,161.692,161.692
1782576900000,161.692,161.692,161.692,161.692
1782576960000,161.692,161.692,161.692,161.692
1782577020000,161.692,161.692,161.692,161.692
1782577080000,161.692,161.692,161.692,161.692
1782577140000,161.692,161.692,161.692,161.692
1782577200000,161.692,161.692,161.692,161.692
1782577260000,161.692,161.692,161.692,161.692
1782577320000,161.692,161.692,161.692,161.692
1782577380000,161.692,161.692,161.692,161.692
1782577440000,161.692,161.692,161.692,161.692
1782577500000,161.692,161.692,161.692,161.692
1782577560000,161.692,161.692,161.692,161.692
1782577620000,161.692,161.692,161.692,161.692
1782577680000,161.692,161.692,161.692,161.692
1782577740000,161.692,161.692,161.692,161.692
1782577800000,161.692,161.692,161.692,161.692
1782577860000,161.692,161.692,161.692,161.692
1782577920000,161.692,161.692,161.692,161.692
1782577980000,161.692,161.692,161.692,161.692
1782578040000,161.692,161.692,161.692,161.692
1782578100000,161.692,161.692,161.692,161.692
1782578160000,161.692,161.692,161.692,161.692
1782578220000,161.692,161.692,161.692,161.692
1782578280000,161.692,161.692,161.692,161.692
1782578340000,161.692,161.692,161.692,161.692
1782578400000,161.692,161.692,161.692,161.692
1782578460000,161.692,161.692,161.692,161.692
1782578520000,161.692,161.692,161.692,161.692
1782578580000,161.692,161.692,161.692,161.692
1782578640000,161.692,161.692,161.692,161.692
1782578700000,161.692,161.692,161.692,161.692
1782578760000,161.692,161.692,161.692,161.692
1782578820000,161.692,161.692,161.692,161.692
1782578880000,161.692,161.692,161.692,161.692
1782578940000,161.692,161.692,161.692,161.692
1782579000000,161.692,161.692,161.692,161.692
1782579060000,161.692,161.692,161.692,161.692
1782579120000,161.692,161.692,161.692,161.692
1782579180000,161.692,161.692,161.692,161.692
1782579240000,161.692,161.692,161.692,161.692
1782579300000,161.692,161.692,161.692,161.692
1782579360000,161.692,161.692,161.692,161.692
1782579420000,161.692,161.692,161.692,161.692
1782579480000,161.692,161.692,161.692,161.692
1782579540000,161.692,161.692,161.692,161.692
1782579600000,161.692,161.692,161.692,161.692
1782579660000,161.692,161.692,161.692,161.692
1782579720000,161.692,161.692,161.692,161.692
1782579780000,161.692,161.692,161.692,161.692
1782579840000,161.692,161.692,161.692,161.692
1782579900000,161.692,161.692,161.692,161.692
1782579960000,161.692,161.692,161.692,161.692
1782580020000,161.692,161.692,161.692,161.692
1782580080000,161.692,161.692,161.692,161.692
1782580140000,161.692,161.692,161.692,161.692
1782580200000,161.692,161.692,161.692,161.692
1782580260000,161.692,161.692,161.692,161.692
1782580320000,161.692,161.692,161.692,161.692
1782580380000,161.692,161.692,161.692,161.692
1782580440000,161.692,161.692,161.692,161.692
1782580500000,161.692,161.692,161.692,161.692
1782580560000,161.692,161.692,161.692,161.692
1782580620000,161.692,161.692,161.692,161.692
1782580680000,161.692,161.692,161.692,161.692
1782580740000,161.692,161.692,161.692,161.692
1782580800000,161.692,161.692,161.692,161.692
1782580860000,161.692,161.692,161.692,161.692
1782580920000,161.692,161.692,161.692,161.692
1782580980000,161.692,161.692,161.692,161.692
1782581040000,161.692,161.692,161.692,161.692
1782581100000,161.692,161.692,161.692,161.692
1782581160000,161.692,161.692,161.692,161.692
1782581220000,161.692,161.692,161.692,161.692
1782581280000,161.692,161.692,161.692,161.692
1782581340000,161.692,161.692,161.692,161.692
1782581400000,161.692,161.692,161.692,161.692
1782581460000,161.692,161.692,161.692,161.692
1782581520000,161.692,161.692,161.692,161.692
1782581580000,161.692,161.692,161.692,161.692
1782581640000,161.692,161.692,161.692,161.692
1782581700000,161.692,161.692,161.692,161.692
1782581760000,161.692,161.692,161.692,161.692
1782581820000,161.692,161.692,161.692,161.692
1782581880000,161.692,161.692,161.692,161.692
1782581940000,161.692,161.692,161.692,161.692
1782582000000,161.692,161.692,161.692,161.692
1782582060000,161.692,161.692,161.692,161.692
1782582120000,161.692,161.692,161.692,161.692
1782582180000,161.692,161.692,161.692,161.692
1782582240000,161.692,161.692,161.692,161.692
1782582300000,161.692,161.692,161.692,161.692
1782582360000,161.692,161.692,161.692,161.692
1782582420000,161.692,161.692,161.692,161.692
1782582480000,161.692,161.692,161.692,161.692
1782582540000,161.692,161.692,161.692,161.692
1782582600000,161.692,161.692,161.692,161.692
1782582660000,161.692,161.692,161.692,161.692
1782582720000,161.692,161.692,161.692,161.692
1782582780000,161.692,161.692,161.692,161.692
1782582840000,161.692,161.692,161.692,161.692
1782582900000,161.692,161.692,161.692,161.692
1782582960000,161.692,161.692,161.692,161.692
1782583020000,161.692,161.692,161.692,161.692
1782583080000,161.692,161.692,161.692,161.692
1782583140000,161.692,161.692,161.692,161.692
1782583200000,161.692,161.692,161.692,161.692
1782583260000,161.692,161.692,161.692,161.692
1782583320000,161.692,161.692,161.692,161.692
1782583380000,161.692,161.692,161.692,161.692
1782583440000,161.692,161.692,161.692,161.692
1782583500000,161.692,161.692,161.692,161.692
1782583560000,161.692,161.692,161.692,161.692
1782583620000,161.692,161.692,161.692,161.692
1782583680000,161.692,161.692,161.692,161.692
1782583740000,161.692,161.692,161.692,161.692
1782583800000,161.692,161.692,161.692,161.692
1782583860000,161.692,161.692,161.692,161.692
1782583920000,161.692,161.692,161.692,161.692
1782583980000,161.692,161.692,161.692,161.692
1782584040000,161.692,161.692,161.692,161.692
1782584100000,161.692,161.692,161.692,161.692
1782584160000,161.692,161.692,161.692,161.692
1782584220000,161.692,161.692,161.692,161.692
1782584280000,161.692,161.692,161.692,161.692
1782584340000,161.692,161.692,161.692,161.692
1782584400000,161.692,161.692,161.692,161.692
1782584460000,161.692,161.692,161.692,161.692
1782584520000,161.692,161.692,161.692,161.692
1782584580000,161.692,161.692,161.692,161.692
1782584640000,161.692,161.692,161.692,161.692
1782584700000,161.692,161.692,161.692,161.692
1782584760000,161.692,161.692,161.692,161.692
1782584820000,161.692,161.692,161.692,161.692
1782584880000,161.692,161.692,161.692,161.692
1782584940000,161.692,161.692,161.692,161.692
1782585000000,161.692,161.692,161.692,161.692
1782585060000,161.692,161.692,161.692,161.692
1782585120000,161.692,161.692,161.692,161.692
1782585180000,161.692,161.692,161.692,161.692
1782585240000,161.692,161.692,161.692,161.692
1782585300000,161.692,161.692,161.692,161.692
1782585360000,161.692,161.692,161.692,161.692
1782585420000,161.692,161.692,161.692,161.692
1782585480000,161.692,161.692,161.692,161.692
1782585540000,161.692,161.692,161.692,161.692
1782585600000,161.692,161.692,161.692,161.692
1782585660000,161.692,161.692,161.692,161.692
1782585720000,161.692,161.692,161.692,161.692
1782585780000,161.692,161.692,161.692,161.692
1782585840000,161.692,161.692,161.692,161.692
1782585900000,161.692,161.692,161.692,161.692
1782585960000,161.692,161.692,161.692,161.692
1782586020000,161.692,161.692,161.692,161.692
1782586080000,161.692,161.692,161.692,161.692
1782586140000,161.692,161.692,161.692,161.692
1782586200000,161.692,161.692,161.692,161.692
1782586260000,161.692,161.692,161.692,161.692
1782586320000,161.692,161.692,161.692,161.692
1782586380000,161.692,161.692,161.692,161.692
1782586440000,161.692,161.692,161.692,161.692
1782586500000,161.692,161.692,161.692,161.692
1782586560000,161.692,161.692,161.692,161.692
1782586620000,161.692,161.692,161.692,161.692
1782586680000,161.692,161.692,161.692,161.692
1782586740000,161.692,161.692,161.692,161.692
1782586800000,161.692,161.692,161.692,161.692
1782586860000,161.692,161.692,161.692,161.692
1782586920000,161.692,161.692,161.692,161.692
1782586980000,161.692,161.692,161.692,161.692
1782587040000,161.692,161.692,161.692,161.692
1782587100000,161.692,161.692,161.692,161.692
1782587160000,161.692,161.692,161.692,161.692
1782587220000,161.692,161.692,161.692,161.692
1782587280000,161.692,161.692,161.692,161.692
1782587340000,161.692,161.692,161.692,161.692
1782587400000,161.692,161.692,161.692,161.692
1782587460000,161.692,161.692,161.692,161.692
1782587520000,161.692,161.692,161.692,161.692
1782587580000,161.692,161.692,161.692,161.692
1782587640000,161.692,161.692,161.692,161.692
1782587700000,161.692,161.692,161.692,161.692
1782587760000,161.692,161.692,161.692,161.692
1782587820000,161.692,161.692,161.692,161.692
1782587880000,161.692,161.692,161.692,161.692
1782587940000,161.692,161.692,161.692,161.692
1782588000000,161.692,161.692,161.692,161.692
1782588060000,161.692,161.692,161.692,161.692
1782588120000,161.692,161.692,161.692,161.692
1782588180000,161.692,161.692,161.692,161.692
1782588240000,161.692,161.692,161.692,161.692
1782588300000,161.692,161.692,161.692,161.692
1782588360000,161.692,161.692,161.692,161.692
1782588420000,161.692,161.692,161.692,161.692
1782588480000,161.692,161.692,161.692,161.692
1782588540000,161.692,161.692,161.692,161.692
1782588600000,161.692,161.692,161.692,161.692
1782588660000,161.692,161.692,161.692,161.692
1782588720000,161.692,161.692,161.692,161.692
1782588780000,161.692,161.692,161.692,161.692
1782588840000,161.692,161.692,161.692,161.692
1782588900000,161.692,161.692,161.692,161.692
1782588960000,161.692,161.692,161.692,161.692
1782589020000,161.692,161.692,161.692,161.692
1782589080000,161.692,161.692,161.692,161.692
1782589140000,161.692,161.692,161.692,161.692
1782589200000,161.692,161.692,161.692,161.692
1782589260000,161.692,161.692,161.692,161.692
1782589320000,161.692,161.692,161.692,161.692
1782589380000,161.692,161.692,161.692,161.692
1782589440000,161.692,161.692,161.692,161.692
1782589500000,161.692,161.692,161.692,161.692
1782589560000,161.692,161.692,161.692,161.692
1782589620000,161.692,161.692,161.692,161.692
1782589680000,161.692,161.692,161.692,161.692
1782589740000,161.692,161.692,161.692,161.692
1782589800000,161.692,161.692,161.692,161.692
1782589860000,161.692,161.692,161.692,161.692
1782589920000,161.692,161.692,161.692,161.692
1782589980000,161.692,161.692,161.692,161.692
1782590040000,161.692,161.692,161.692,161.692
1782590100000,161.692,161.692,161.692,161.692
1782590160000,161.692,161.692,161.692,161.692
1782590220000,161.692,161.692,161.692,161.692
1782590280000,161.692,161.692,161.692,161.692
1782590340000,161.692,161.692,161.692,161.692
1782590400000,161.692,161.692,161.692,161.692
1782590460000,161.692,161.692,161.692,161.692
1782590520000,161.692,161.692,161.692,161.692
1782590580000,161.692,161.692,161.692,161.692
1782590640000,161.692,161.692,161.692,161.692
1782590700000,161.692,161.692,161.692,161.692
1782590760000,161.692,161.692,161.692,161.692
1782590820000,161.692,161.692,161.692,161.692
1782590880000,161.692,161.692,161.692,161.692
1782590940000,161.692,161.692,161.692,161.692
1782591000000,161.692,161.692,161.692,161.692
1782591060000,161.692,161.692,161.692,161.692
1782591120000,161.692,161.692,161.692,161.692
1782591180000,161.692,161.692,161.692,161.692
1782591240000,161.692,161.692,161.692,161.692
1782591300000,161.692,161.692,161.692,161.692
1782591360000,161.692,161.692,161.692,161.692
1782591420000,161.692,161.692,161.692,161.692
1782591480000,161.692,161.692,161.692,161.692
1782591540000,161.692,161.692,161.692,161.692
1782591600000,161.692,161.692,161.692,161.692
1782591660000,161.692,161.692,161.692,161.692
1782591720000,161.692,161.692,161.692,161.692
1782591780000,161.692,161.692,161.692,161.692
1782591840000,161.692,161.692,161.692,161.692
1782591900000,161.692,161.692,161.692,161.692
1782591960000,161.692,161.692,161.692,161.692
1782592020000,161.692,161.692,161.692,161.692
1782592080000,161.692,161.692,161.692,161.692
1782592140000,161.692,161.692,161.692,161.692
1782592200000,161.692,161.692,161.692,161.692
1782592260000,161.692,161.692,161.692,161.692
1782592320000,161.692,161.692,161.692,161.692
1782592380000,161.692,161.692,161.692,161.692
1782592440000,161.692,161.692,161.692,161.692
1782592500000,161.692,161.692,161.692,161.692
1782592560000,161.692,161.692,161.692,161.692
1782592620000,161.692,161.692,161.692,161.692
1782592680000,161.692,161.692,161.692,161.692
1782592740000,161.692,161.692,161.692,161.692
1782592800000,161.692,161.692,161.692,161.692
1782592860000,161.692,161.692,161.692,161.692
1782592920000,161.692,161.692,161.692,161.692
1782592980000,161.692,161.692,161.692,161.692
1782593040000,161.692,161.692,161.692,161.692
1782593100000,161.692,161.692,161.692,161.692
1782593160000,161.692,161.692,161.692,161.692
1782593220000,161.692,161.692,161.692,161.692
1782593280000,161.692,161.692,161.692,161.692
1782593340000,161.692,161.692,161.692,161.692
1782593400000,161.692,161.692,161.692,161.692
1782593460000,161.692,161.692,161.692,161.692
1782593520000,161.692,161.692,161.692,161.692
1782593580000,161.692,161.692,161.692,161.692
1782593640000,161.692,161.692,161.692,161.692
1782593700000,161.692,161.692,161.692,161.692
1782593760000,161.692,161.692,161.692,161.692
1782593820000,161.692,161.692,161.692,161.692
1782593880000,161.692,161.692,161.692,161.692
1782593940000,161.692,161.692,161.692,161.692
1782594000000,161.692,161.692,161.692,161.692
1782594060000,161.692,161.692,161.692,161.692
1782594120000,161.692,161.692,161.692,161.692
1782594180000,161.692,161.692,161.692,161.692
1782594240000,161.692,161.692,161.692,161.692
1782594300000,161.692,161.692,161.692,161.692
1782594360000,161.692,161.692,161.692,161.692
1782594420000,161.692,161.692,161.692,161.692
1782594480000,161.692,161.692,161.692,161.692
1782594540000,161.692,161.692,161.692,161.692
1782594600000,161.692,161.692,161.692,161.692
1782594660000,161.692,161.692,161.692,161.692
1782594720000,161.692,161.692,161.692,161.692
1782594780000,161.692,161.692,161.692,161.692
1782594840000,161.692,161.692,161.692,161.692
1782594900000,161.692,161.692,161.692,161.692
1782594960000,161.692,161.692,161.692,161.692
1782595020000,161.692,161.692,161.692,161.692
1782595080000,161.692,161.692,161.692,161.692
1782595140000,161.692,161.692,161.692,161.692
1782595200000,161.692,161.692,161.692,161.692
1782595260000,161.692,161.692,161.692,161.692
1782595320000,161.692,161.692,161.692,161.692
1782595380000,161.692,161.692,161.692,161.692
1782595440000,161.692,161.692,161.692,161.692
1782595500000,161.692,161.692,161.692,161.692
1782595560000,161.692,161.692,161.692,161.692
1782595620000,161.692,161.692,161.692,161.692
1782595680000,161.692,161.692,161.692,161.692
1782595740000,161.692,161.692,161.692,161.692
1782595800000,161.692,161.692,161.692,161.692
1782595860000,161.692,161.692,161.692,161.692
1782595920000,161.692,161.692,161.692,161.692
1782595980000,161.692,161.692,161.692,161.692
1782596040000,161.692,161.692,161.692,161.692
1782596100000,161.692,161.692,161.692,161.692
1782596160000,161.692,161.692,161.692,161.692
1782596220000,161.692,161.692,161.692,161.692
1782596280000,161.692,161.692,161.692,161.692
1782596340000,161.692,161.692,161.692,161.692
1782596400000,161.692,161.692,161.692,161.692
1782596460000,161.692,161.692,161.692,161.692
1782596520000,161.692,161.692,161.692,161.692
1782596580000,161.692,161.692,161.692,161.692
1782596640000,161.692,161.692,161.692,161.692
1782596700000,161.692,161.692,161.692,161.692
1782596760000,161.692,161.692,161.692,161.692
1782596820000,161.692,161.692,161.692,161.692
1782596880000,161.692,161.692,161.692,161.692
1782596940000,161.692,161.692,161.692,161.692
1782597000000,161.692,161.692,161.692,161.692
1782597060000,161.692,161.692,161.692,161.692
1782597120000,161.692,161.692,161.692,161.692
1782597180000,161.692,161.692,161.692,161.692
1782597240000,161.692,161.692,161.692,161.692
1782597300000,161.692,161.692,161.692,161.692
1782597360000,161.692,161.692,161.692,161.692
1782597420000,161.692,161.692,161.692,161.692
1782597480000,161.692,161.692,161.692,161.692
1782597540000,161.692,161.692,161.692,161.692
1782597600000,161.692,161.692,161.692,161.692
1782597660000,161.692,161.692,161.692,161.692
1782597720000,161.692,161.692,161.692,161.692
1782597780000,161.692,161.692,161.692,161.692
1782597840000,161.692,161.692,161.692,161.692
1782597900000,161.692,161.692,161.692,161.692
1782597960000,161.692,161.692,161.692,161.692
1782598020000,161.692,161.692,161.692,161.692
1782598080000,161.692,161.692,161.692,161.692
1782598140000,161.692,161.692,161.692,161.692
1782598200000,161.692,161.692,161.692,161.692
1782598260000,161.692,161.692,161.692,161.692
1782598320000,161.692,161.692,161.692,161.692
1782598380000,161.692,161.692,161.692,161.692
1782598440000,161.692,161.692,161.692,161.692
1782598500000,161.692,161.692,161.692,161.692
1782598560000,161.692,161.692,161.692,161.692
1782598620000,161.692,161.692,161.692,161.692
1782598680000,161.692,161.692,161.692,161.692
1782598740000,161.692,161.692,161.692,161.692
1782598800000,161.692,161.692,161.692,161.692
1782598860000,161.692,161.692,161.692,161.692
1782598920000,161.692,161.692,161.692,161.692
1782598980000,161.692,161.692,161.692,161.692
1782599040000,161.692,161.692,161.692,161.692
1782599100000,161.692,161.692,161.692,161.692
1782599160000,161.692,161.692,161.692,161.692
1782599220000,161.692,161.692,161.692,161.692
1782599280000,161.692,161.692,161.692,161.692
1782599340000,161.692,161.692,161.692,161.692
1782599400000,161.692,161.692,161.692,161.692
1782599460000,161.692,161.692,161.692,161.692
1782599520000,161.692,161.692,161.692,161.692
1782599580000,161.692,161.692,161.692,161.692
1782599640000,161.692,161.692,161.692,161.692
1782599700000,161.692,161.692,161.692,161.692
1782599760000,161.692,161.692,161.692,161.692
1782599820000,161.692,161.692,161.692,161.692
1782599880000,161.692,161.692,161.692,161.692
1782599940000,161.692,161.692,161.692,161.692
1782600000000,161.692,161.692,161.692,161.692
1782600060000,161.692,161.692,161.692,161.692
1782600120000,161.692,161.692,161.692,161.692
1782600180000,161.692,161.692,161.692,161.692
1782600240000,161.692,161.692,161.692,161.692
1782600300000,161.692,161.692,161.692,161.692
1782600360000,161.692,161.692,161.692,161.692
1782600420000,161.692,161.692,161.692,161.692
1782600480000,161.692,161.692,161.692,161.692
1782600540000,161.692,161.692,161.692,161.692
1782600600000,161.692,161.692,161.692,161.692
1782600660000,161.692,161.692,161.692,161.692
1782600720000,161.692,161.692,161.692,161.692
1782600780000,161.692,161.692,161.692,161.692
1782600840000,161.692,161.692,161.692,161.692
1782600900000,161.692,161.692,161.692,161.692
1782600960000,161.692,161.692,161.692,161.692
1782601020000,161.692,161.692,161.692,161.692
1782601080000,161.692,161.692,161.692,161.692
1782601140000,161.692,161.692,161.692,161.692
1782601200000,161.692,161.692,161.692,161.692
1782601260000,161.692,161.692,161.692,161.692
1782601320000,161.692,161.692,161.692,161.692
1782601380000,161.692,161.692,161.692,161.692
1782601440000,161.692,161.692,161.692,161.692
1782601500000,161.692,161.692,161.692,161.692
1782601560000,161.692,161.692,161.692,161.692
1782601620000,161.692,161.692,161.692,161.692
1782601680000,161.692,161.692,161.692,161.692
1782601740000,161.692,161.692,161.692,161.692
1782601800000,161.692,161.692,161.692,161.692
1782601860000,161.692,161.692,161.692,161.692
1782601920000,161.692,161.692,161.692,161.692
1782601980000,161.692,161.692,161.692,161.692
1782602040000,161.692,161.692,161.692,161.692
1782602100000,161.692,161.692,161.692,161.692
1782602160000,161.692,161.692,161.692,161.692
1782602220000,161.692,161.692,161.692,161.692
1782602280000,161.692,161.692,161.692,161.692
1782602340000,161.692,161.692,161.692,161.692
1782602400000,161.692,161.692,161.692,161.692
1782602460000,161.692,161.692,161.692,161.692
1782602520000,161.692,161.692,161.692,161.692
1782602580000,161.692,161.692,161.692,161.692
1782602640000,161.692,161.692,161.692,161.692
1782602700000,161.692,161.692,161.692,161.692
1782602760000,161.692,161.692,161.692,161.692
1782602820000,161.692,161.692,161.692,161.692
1782602880000,161.692,161.692,161.692,161.692
1782602940000,161.692,161.692,161.692,161.692
1782603000000,161.692,161.692,161.692,161.692
1782603060000,161.692,161.692,161.692,161.692
1782603120000,161.692,161.692,161.692,161.692
1782603180000,161.692,161.692,161.692,161.692
1782603240000,161.692,161.692,161.692,161.692
1782603300000,161.692,161.692,161.692,161.692
1782603360000,161.692,161.692,161.692,161.692
1782603420000,161.692,161.692,161.692,161.692
1782603480000,161.692,161.692,161.692,161.692
1782603540000,161.692,161.692,161.692,161.692
1782603600000,161.692,161.692,161.692,161.692
1782603660000,161.692,161.692,161.692,161.692
1782603720000,161.692,161.692,161.692,161.692
1782603780000,161.692,161.692,161.692,161.692
1782603840000,161.692,161.692,161.692,161.692
1782603900000,161.692,161.692,161.692,161.692
1782603960000,161.692,161.692,161.692,161.692
1782604020000,161.692,161.692,161.692,161.692
1782604080000,161.692,161.692,161.692,161.692
1782604140000,161.692,161.692,161.692,161.692
1782604200000,161.692,161.692,161.692,161.692
1782604260000,161.692,161.692,161.692,161.692
1782604320000,161.692,161.692,161.692,161.692
1782604380000,161.692,161.692,161.692,161.692
1782604440000,161.692,161.692,161.692,161.692
1782604500000,161.692,161.692,161.692,161.692
1782604560000,161.692,161.692,161.692,161.692
1782604620000,161.692,161.692,161.692,161.692
1782604680000,161.692,161.692,161.692,161.692
1782604740000,161.692,161.692,161.692,161.692
1782604800000,161.692,161.692,161.692,161.692
1782604860000,161.692,161.692,161.692,161.692
1782604920000,161.692,161.692,161.692,161.692
1782604980000,161.692,161.692,161.692,161.692
1782605040000,161.692,161.692,161.692,161.692
1782605100000,161.692,161.692,161.692,161.692
1782605160000,161.692,161.692,161.692,161.692
1782605220000,161.692,161.692,161.692,161.692
1782605280000,161.692,161.692,161.692,161.692
1782605340000,161.692,161.692,161.692,161.692
1782605400000,161.692,161.692,161.692,161.692
1782605460000,161.692,161.692,161.692,161.692
1782605520000,161.692,161.692,161.692,161.692
1782605580000,161.692,161.692,161.692,161.692
1782605640000,161.692,161.692,161.692,161.692
1782605700000,161.692,161.692,161.692,161.692
1782605760000,161.692,161.692,161.692,161.692
1782605820000,161.692,161.692,161.692,161.692
1782605880000,161.692,161.692,161.692,161.692
1782605940000,161.692,161.692,161.692,161.692
1782606000000,161.692,161.692,161.692,161.692
1782606060000,161.692,161.692,161.692,161.692
1782606120000,161.692,161.692,161.692,161.692
1782606180000,161.692,161.692,161.692,161.692
1782606240000,161.692,161.692,161.692,161.692
1782606300000,161.692,161.692,161.692,161.692
1782606360000,161.692,161.692,161.692,161.692
1782606420000,161.692,161.692,161.692,161.692
1782606480000,161.692,161.692,161.692,161.692
1782606540000,161.692,161.692,161.692,161.692
1782606600000,161.692,161.692,161.692,161.692
1782606660000,161.692,161.692,161.692,161.692
1782606720000,161.692,161.692,161.692,161.692
1782606780000,161.692,161.692,161.692,161.692
1782606840000,161.692,161.692,161.692,161.692
1782606900000,161.692,161.692,161.692,161.692
1782606960000,161.692,161.692,161.692,161.692
1782607020000,161.692,161.692,161.692,161.692
1782607080000,161.692,161.692,161.692,161.692
1782607140000,161.692,161.692,161.692,161.692
1782607200000,161.692,161.692,161.692,161.692
1782607260000,161.692,161.692,161.692,161.692
1782607320000,161.692,161.692,161.692,161.692
1782607380000,161.692,161.692,161.692,161.692
1782607440000,161.692,161.692,161.692,161.692
1782607500000,161.692,161.692,161.692,161.692
1782607560000,161.692,161.692,161.692,161.692
1782607620000,161.692,161.692,161.692,161.692
1782607680000,161.692,161.692,161.692,161.692
1782607740000,161.692,161.692,161.692,161.692
1782607800000,161.692,161.692,161.692,161.692
1782607860000,161.692,161.692,161.692,161.692
1782607920000,161.692,161.692,161.692,161.692
1782607980000,161.692,161.692,161.692,161.692
1782608040000,161.692,161.692,161.692,161.692
1782608100000,161.692,161.692,161.692,161.692
1782608160000,161.692,161.692,161.692,161.692
1782608220000,161.692,161.692,161.692,161.692
1782608280000,161.692,161.692,161.692,161.692
1782608340000,161.692,161.692,161.692,161.692
1782608400000,161.692,161.692,161.692,161.692
1782608460000,161.692,161.692,161.692,161.692
1782608520000,161.692,161.692,161.692,161.692
1782608580000,161.692,161.692,161.692,161.692
1782608640000,161.692,161.692,161.692,161.692
1782608700000,161.692,161.692,161.692,161.692
1782608760000,161.692,161.692,161.692,161.692
1782608820000,161.692,161.692,161.692,161.692
1782608880000,161.692,161.692,161.692,161.692
1782608940000,161.692,161.692,161.692,161.692
1782609000000,161.692,161.692,161.692,161.692
1782609060000,161.692,161.692,161.692,161.692
1782609120000,161.692,161.692,161.692,161.692
1782609180000,161.692,161.692,161.692,161.692
1782609240000,161.692,161.692,161.692,161.692
1782609300000,161.692,161.692,161.692,161.692
1782609360000,161.692,161.692,161.692,161.692
1782609420000,161.692,161.692,161.692,161.692
1782609480000,161.692,161.692,161.692,161.692
1782609540000,161.692,161.692,161.692,161.692
1782609600000,161.692,161.692,161.692,161.692
1782609660000,161.692,161.692,161.692,161.692
1782609720000,161.692,161.692,161.692,161.692
1782609780000,161.692,161.692,161.692,161.692
1782609840000,161.692,161.692,161.692,161.692
1782609900000,161.692,161.692,161.692,161.692
1782609960000,161.692,161.692,161.692,161.692
1782610020000,161.692,161.692,161.692,161.692
1782610080000,161.692,161.692,161.692,161.692
1782610140000,161.692,161.692,161.692,161.692
1782610200000,161.692,161.692,161.692,161.692
1782610260000,161.692,161.692,161.692,161.692
1782610320000,161.692,161.692,161.692,161.692
1782610380000,161.692,161.692,161.692,161.692
1782610440000,161.692,161.692,161.692,161.692
1782610500000,161.692,161.692,161.692,161.692
1782610560000,161.692,161.692,161.692,161.692
1782610620000,161.692,161.692,161.692,161.692
1782610680000,161.692,161.692,161.692,161.692
1782610740000,161.692,161.692,161.692,161.692
1782610800000,161.692,161.692,161.692,161.692
1782610860000,161.692,161.692,161.692,161.692
1782610920000,161.692,161.692,161.692,161.692
1782610980000,161.692,161.692,161.692,161.692
1782611040000,161.692,161.692,161.692,161.692
1782611100000,161.692,161.692,161.692,161.692
1782611160000,161.692,161.692,161.692,161.692
1782611220000,161.692,161.692,161.692,161.692
1782611280000,161.692,161.692,161.692,161.692
1782611340000,161.692,161.692,161.692,161.692
1782611400000,161.692,161.692,161.692,161.692
1782611460000,161.692,161.692,161.692,161.692
1782611520000,161.692,161.692,161.692,161.692
1782611580000,161.692,161.692,161.692,161.692
1782611640000,161.692,161.692,161.692,161.692
1782611700000,161.692,161.692,161.692,161.692
1782611760000,161.692,161.692,161.692,161.692
1782611820000,161.692,161.692,161.692,161.692
1782611880000,161.692,161.692,161.692,161.692
1782611940000,161.692,161.692,161.692,161.692
1782612000000,161.692,161.692,161.692,161.692
1782612060000,161.692,161.692,161.692,161.692
1782612120000,161.692,161.692,161.692,161.692
1782612180000,161.692,161.692,161.692,161.692
1782612240000,161.692,161.692,161.692,161.692
1782612300000,161.692,161.692,161.692,161.692
1782612360000,161.692,161.692,161.692,161.692
1782612420000,161.692,161.692,161.692,161.692
1782612480000,161.692,161.692,161.692,161.692
1782612540000,161.692,161.692,161.692,161.692
1782612600000,161.692,161.692,161.692,161.692
1782612660000,161.692,161.692,161.692,161.692
1782612720000,161.692,161.692,161.692,161.692
1782612780000,161.692,161.692,161.692,161.692
1782612840000,161.692,161.692,161.692,161.692
1782612900000,161.692,161.692,161.692,161.692
1782612960000,161.692,161.692,161.692,161.692
1782613020000,161.692,161.692,161.692,161.692
1782613080000,161.692,161.692,161.692,161.692
1782613140000,161.692,161.692,161.692,161.692
1782613200000,161.692,161.692,161.692,161.692
1782613260000,161.692,161.692,161.692,161.692
1782613320000,161.692,161.692,161.692,161.692
1782613380000,161.692,161.692,161.692,161.692
1782613440000,161.692,161.692,161.692,161.692
1782613500000,161.692,161.692,161.692,161.692
1782613560000,161.692,161.692,161.692,161.692
1782613620000,161.692,161.692,161.692,161.692
1782613680000,161.692,161.692,161.692,161.692
1782613740000,161.692,161.692,161.692,161.692
1782613800000,161.692,161.692,161.692,161.692
1782613860000,161.692,161.692,161.692,161.692
1782613920000,161.692,161.692,161.692,161.692
1782613980000,161.692,161.692,161.692,161.692
1782614040000,161.692,161.692,161.692,161.692
1782614100000,161.692,161.692,161.692,161.692
1782614160000,161.692,161.692,161.692,161.692
1782614220000,161.692,161.692,161.692,161.692
1782614280000,161.692,161.692,161.692,161.692
1782614340000,161.692,161.692,161.692,161.692
1782614400000,161.692,161.692,161.692,161.692
1782614460000,161.692,161.692,161.692,161.692
1782614520000,161.692,161.692,161.692,161.692
1782614580000,161.692,161.692,161.692,161.692
1782614640000,161.692,161.692,161.692,161.692
1782614700000,161.692,161.692,161.692,161.692
1782614760000,161.692,161.692,161.692,161.692
1782614820000,161.692,161.692,161.692,161.692
1782614880000,161.692,161.692,161.692,161.692
1782614940000,161.692,161.692,161.692,161.692
1782615000000,161.692,161.692,161.692,161.692
1782615060000,161.692,161.692,161.692,161.692
1782615120000,161.692,161.692,161.692,161.692
1782615180000,161.692,161.692,161.692,161.692
1782615240000,161.692,161.692,161.692,161.692
1782615300000,161.692,161.692,161.692,161.692
1782615360000,161.692,161.692,161.692,161.692
1782615420000,161.692,161.692,161.692,161.692
1782615480000,161.692,161.692,161.692,161.692
1782615540000,161.692,161.692,161.692,161.692
1782615600000,161.692,161.692,161.692,161.692
1782615660000,161.692,161.692,161.692,161.692
1782615720000,161.692,161.692,161.692,161.692
1782615780000,161.692,161.692,161.692,161.692
1782615840000,161.692,161.692,161.692,161.692
1782615900000,161.692,161.692,161.692,161.692
1782615960000,161.692,161.692,161.692,161.692
1782616020000,161.692,161.692,161.692,161.692
1782616080000,161.692,161.692,161.692,161.692
1782616140000,161.692,161.692,161.692,161.692
1782616200000,161.692,161.692,161.692,161.692
1782616260000,161.692,161.692,161.692,161.692
1782616320000,161.692,161.692,161.692,161.692
1782616380000,161.692,161.692,161.692,161.692
1782616440000,161.692,161.692,161.692,161.692
1782616500000,161.692,161.692,161.692,161.692
1782616560000,161.692,161.692,161.692,161.692
1782616620000,161.692,161.692,161.692,161.692
1782616680000,161.692,161.692,161.692,161.692
1782616740000,161.692,161.692,161.692,161.692
1782616800000,161.692,161.692,161.692,161.692
1782616860000,161.692,161.692,161.692,161.692
1782616920000,161.692,161.692,161.692,161.692
1782616980000,161.692,161.692,161.692,161.692
1782617040000,161.692,161.692,161.692,161.692
1782617100000,161.692,161.692,161.692,161.692
1782617160000,161.692,161.692,161.692,161.692
1782617220000,161.692,161.692,161.692,161.692
1782617280000,161.692,161.692,161.692,161.692
1782617340000,161.692,161.692,161.692,161.692
1782617400000,161.692,161.692,161.692,161.692
1782617460000,161.692,161.692,161.692,161.692
1782617520000,161.692,161.692,161.692,161.692
1782617580000,161.692,161.692,161.692,161.692
1782617640000,161.692,161.692,161.692,161.692
1782617700000,161.692,161.692,161.692,161.692
1782617760000,161.692,161.692,161.692,161.692
1782617820000,161.692,161.692,161.692,161.692
1782617880000,161.692,161.692,161.692,161.692
1782617940000,161.692,161.692,161.692,161.692
1782618000000,161.692,161.692,161.692,161.692
1782618060000,161.692,161.692,161.692,161.692
1782618120000,161.692,161.692,161.692,161.692
1782618180000,161.692,161.692,161.692,161.692
1782618240000,161.692,161.692,161.692,161.692
1782618300000,161.692,161.692,161.692,161.692
1782618360000,161.692,161.692,161.692,161.692
1782618420000,161.692,161.692,161.692,161.692
1782618480000,161.692,161.692,161.692,161.692
1782618540000,161.692,161.692,161.692,161.692
1782618600000,161.692,161.692,161.692,161.692
1782618660000,161.692,161.692,161.692,161.692
1782618720000,161.692,161.692,161.692,161.692
1782618780000,161.692,161.692,161.692,161.692
1782618840000,161.692,161.692,161.692,161.692
1782618900000,161.692,161.692,161.692,161.692
1782618960000,161.692,161.692,161.692,161.692
1782619020000,161.692,161.692,161.692,161.692
1782619080000,161.692,161.692,161.692,161.692
1782619140000,161.692,161.692,161.692,161.692
1782619200000,161.692,161.692,161.692,161.692
1782619260000,161.692,161.692,161.692,161.692
1782619320000,161.692,161.692,161.692,161.692
1782619380000,161.692,161.692,161.692,161.692
1782619440000,161.692,161.692,161.692,161.692
1782619500000,161.692,161.692,161.692,161.692
1782619560000,161.692,161.692,161.692,161.692
1782619620000,161.692,161.692,161.692,161.692
1782619680000,161.692,161.692,161.692,161.692
1782619740000,161.692,161.692,161.692,161.692
1782619800000,161.692,161.692,161.692,161.692
1782619860000,161.692,161.692,161.692,161.692
1782619920000,161.692,161.692,161.692,161.692
1782619980000,161.692,161.692,161.692,161.692
1782620040000,161.692,161.692,161.692,161.692
1782620100000,161.692,161.692,161.692,161.692
1782620160000,161.692,161.692,161.692,161.692
1782620220000,161.692,161.692,161.692,161.692
1782620280000,161.692,161.692,161.692,161.692
1782620340000,161.692,161.692,161.692,161.692
1782620400000,161.692,161.692,161.692,161.692
1782620460000,161.692,161.692,161.692,161.692
1782620520000,161.692,161.692,161.692,161.692
1782620580000,161.692,161.692,161.692,161.692
1782620640000,161.692,161.692,161.692,161.692
1782620700000,161.692,161.692,161.692,161.692
1782620760000,161.692,161.692,161.692,161.692
1782620820000,161.692,161.692,161.692,161.692
1782620880000,161.692,161.692,161.692,161.692
1782620940000,161.692,161.692,161.692,161.692
1782621000000,161.692,161.692,161.692,161.692
1782621060000,161.692,161.692,161.692,161.692
1782621120000,161.692,161.692,161.692,161.692
1782621180000,161.692,161.692,161.692,161.692
1782621240000,161.692,161.692,161.692,161.692
1782621300000,161.692,161.692,161.692,161.692
1782621360000,161.692,161.692,161.692,161.692
1782621420000,161.692,161.692,161.692,161.692
1782621480000,161.692,161.692,161.692,161.692
1782621540000,161.692,161.692,161.692,161.692
1782621600000,161.692,161.692,161.692,161.692
1782621660000,161.692,161.692,161.692,161.692
1782621720000,161.692,161.692,161.692,161.692
1782621780000,161.692,161.692,161.692,161.692
1782621840000,161.692,161.692,161.692,161.692
1782621900000,161.692,161.692,161.692,161.692
1782621960000,161.692,161.692,161.692,161.692
1782622020000,161.692,161.692,161.692,161.692
1782622080000,161.692,161.692,161.692,161.692
1782622140000,161.692,161.692,161.692,161.692
1782622200000,161.692,161.692,161.692,161.692
1782622260000,161.692,161.692,161.692,161.692
1782622320000,161.692,161.692,161.692,161.692
1782622380000,161.692,161.692,161.692,161.692
1782622440000,161.692,161.692,161.692,161.692
1782622500000,161.692,161.692,161.692,161.692
1782622560000,161.692,161.692,161.692,161.692
1782622620000,161.692,161.692,161.692,161.692
1782622680000,161.692,161.692,161.692,161.692
1782622740000,161.692,161.692,161.692,161.692
1782622800000,161.692,161.692,161.692,161.692
1782622860000,161.692,161.692,161.692,161.692
1782622920000,161.692,161.692,161.692,161.692
1782622980000,161.692,161.692,161.692,161.692
1782623040000,161.692,161.692,161.692,161.692
1782623100000,161.692,161.692,161.692,161.692
1782623160000,161.692,161.692,161.692,161.692
1782623220000,161.692,161.692,161.692,161.692
1782623280000,161.692,161.692,161.692,161.692
1782623340000,161.692,161.692,161.692,161.692
1782623400000,161.692,161.692,161.692,161.692
1782623460000,161.692,161.692,161.692,161.692
1782623520000,161.692,161.692,161.692,161.692
1782623580000,161.692,161.692,161.692,161.692
1782623640000,161.692,161.692,161.692,161.692
1782623700000,161.692,161.692,161.692,161.692
1782623760000,161.692,161.692,161.692,161.692
1782623820000,161.692,161.692,161.692,161.692
1782623880000,161.692,161.692,161.692,161.692
1782623940000,161.692,161.692,161.692,161.692
1782624000000,161.692,161.692,161.692,161.692
1782624060000,161.692,161.692,161.692,161.692
1782624120000,161.692,161.692,161.692,161.692
1782624180000,161.692,161.692,161.692,161.692
1782624240000,161.692,161.692,161.692,161.692
1782624300000,161.692,161.692,161.692,161.692
1782624360000,161.692,161.692,161.692,161.692
1782624420000,161.692,161.692,161.692,161.692
1782624480000,161.692,161.692,161.692,161.692
1782624540000,161.692,161.692,161.692,161.692
1782624600000,161.692,161.692,161.692,161.692
1782624660000,161.692,161.692,161.692,161.692
1782624720000,161.692,161.692,161.692,161.692
1782624780000,161.692,161.692,161.692,161.692
1782624840000,161.692,161.692,161.692,161.692
1782624900000,161.692,161.692,161.692,161.692
1782624960000,161.692,161.692,161.692,161.692
1782625020000,161.692,161.692,161.692,161.692
1782625080000,161.692,161.692,161.692,161.692
1782625140000,161.692,161.692,161.692,161.692
1782625200000,161.692,161.692,161.692,161.692
1782625260000,161.692,161.692,161.692,161.692
1782625320000,161.692,161.692,161.692,161.692
1782625380000,161.692,161.692,161.692,161.692
1782625440000,161.692,161.692,161.692,161.692
1782625500000,161.692,161.692,161.692,161.692
1782625560000,161.692,161.692,161.692,161.692
1782625620000,161.692,161.692,161.692,161.692
1782625680000,161.692,161.692,161.692,161.692
1782625740000,161.692,161.692,161.692,161.692
1782625800000,161.692,161.692,161.692,161.692
1782625860000,161.692,161.692,161.692,161.692
1782625920000,161.692,161.692,161.692,161.692
1782625980000,161.692,161.692,161.692,161.692
1782626040000,161.692,161.692,161.692,161.692
1782626100000,161.692,161.692,161.692,161.692
1782626160000,161.692,161.692,161.692,161.692
1782626220000,161.692,161.692,161.692,161.692
1782626280000,161.692,161.692,161.692,161.692
1782626340000,161.692,161.692,161.692,161.692
1782626400000,161.692,161.692,161.692,161.692
1782626460000,161.692,161.692,161.692,161.692
1782626520000,161.692,161.692,161.692,161.692
1782626580000,161.692,161.692,161.692,161.692
1782626640000,161.692,161.692,161.692,161.692
1782626700000,161.692,161.692,161.692,161.692
1782626760000,161.692,161.692,161.692,161.692
1782626820000,161.692,161.692,161.692,161.692
1782626880000,161.692,161.692,161.692,161.692
1782626940000,161.692,161.692,161.692,161.692
1782627000000,161.692,161.692,161.692,161.692
1782627060000,161.692,161.692,161.692,161.692
1782627120000,161.692,161.692,161.692,161.692
1782627180000,161.692,161.692,161.692,161.692
1782627240000,161.692,161.692,161.692,161.692
1782627300000,161.692,161.692,161.692,161.692
1782627360000,161.692,161.692,161.692,161.692
1782627420000,161.692,161.692,161.692,161.692
1782627480000,161.692,161.692,161.692,161.692
1782627540000,161.692,161.692,161.692,161.692
1782627600000,161.692,161.692,161.692,161.692
1782627660000,161.692,161.692,161.692,161.692
1782627720000,161.692,161.692,161.692,161.692
1782627780000,161.692,161.692,161.692,161.692
1782627840000,161.692,161.692,161.692,161.692
1782627900000,161.692,161.692,161.692,161.692
1782627960000,161.692,161.692,161.692,161.692
1782628020000,161.692,161.692,161.692,161.692
1782628080000,161.692,161.692,161.692,161.692
1782628140000,161.692,161.692,161.692,161.692
1782628200000,161.692,161.692,161.692,161.692
1782628260000,161.692,161.692,161.692,161.692
1782628320000,161.692,161.692,161.692,161.692
1782628380000,161.692,161.692,161.692,161.692
1782628440000,161.692,161.692,161.692,161.692
1782628500000,161.692,161.692,161.692,161.692
1782628560000,161.692,161.692,161.692,161.692
1782628620000,161.692,161.692,161.692,161.692
1782628680000,161.692,161.692,161.692,161.692
1782628740000,161.692,161.692,161.692,161.692
1782628800000,161.692,161.692,161.692,161.692
1782628860000,161.692,161.692,161.692,161.692
1782628920000,161.692,161.692,161.692,161.692
1782628980000,161.692,161.692,161.692,161.692
1782629040000,161.692,161.692,161.692,161.692
1782629100000,161.692,161.692,161.692,161.692
1782629160000,161.692,161.692,161.692,161.692
1782629220000,161.692,161.692,161.692,161.692
1782629280000,161.692,161.692,161.692,161.692
1782629340000,161.692,161.692,161.692,161.692
1782629400000,161.692,161.692,161.692,161.692
1782629460000,161.692,161.692,161.692,161.692
1782629520000,161.692,161.692,161.692,161.692
1782629580000,161.692,161.692,161.692,161.692
1782629640000,161.692,161.692,161.692,161.692
1782629700000,161.692,161.692,161.692,161.692
1782629760000,161.692,161.692,161.692,161.692
1782629820000,161.692,161.692,161.692,161.692
1782629880000,161.692,161.692,161.692,161.692
1782629940000,161.692,161.692,161.692,161.692
1782630000000,161.692,161.692,161.692,161.692
1782630060000,161.692,161.692,161.692,161.692
1782630120000,161.692,161.692,161.692,161.692
1782630180000,161.692,161.692,161.692,161.692
1782630240000,161.692,161.692,161.692,161.692
1782630300000,161.692,161.692,161.692,161.692
1782630360000,161.692,161.692,161.692,161.692
1782630420000,161.692,161.692,161.692,161.692
1782630480000,161.692,161.692,161.692,161.692
1782630540000,161.692,161.692,161.692,161.692
1782630600000,161.692,161.692,161.692,161.692
1782630660000,161.692,161.692,161.692,161.692
1782630720000,161.692,161.692,161.692,161.692
1782630780000,161.692,161.692,161.692,161.692
1782630840000,161.692,161.692,161.692,161.692
1782630900000,161.692,161.692,161.692,161.692
1782630960000,161.692,161.692,161.692,161.692
1782631020000,161.692,161.692,161.692,161.692
1782631080000,161.692,161.692,161.692,161.692
1782631140000,161.692,161.692,161.692,161.692
1782631200000,161.692,161.692,161.692,161.692
1782631260000,161.692,161.692,161.692,161.692
1782631320000,161.692,161.692,161.692,161.692
1782631380000,161.692,161.692,161.692,161.692
1782631440000,161.692,161.692,161.692,161.692
1782631500000,161.692,161.692,161.692,161.692
1782631560000,161.692,161.692,161.692,161.692
1782631620000,161.692,161.692,161.692,161.692
1782631680000,161.692,161.692,161.692,161.692
1782631740000,161.692,161.692,161.692,161.692
1782631800000,161.692,161.692,161.692,161.692
1782631860000,161.692,161.692,161.692,161.692
1782631920000,161.692,161.692,161.692,161.692
1782631980000,161.692,161.692,161.692,161.692
1782632040000,161.692,161.692,161.692,161.692
1782632100000,161.692,161.692,161.692,161.692
1782632160000,161.692,161.692,161.692,161.692
1782632220000,161.692,161.692,161.692,161.692
1782632280000,161.692,161.692,161.692,161.692
1782632340000,161.692,161.692,161.692,161.692
1782632400000,161.692,161.692,161.692,161.692
1782632460000,161.692,161.692,161.692,161.692
1782632520000,161.692,161.692,161.692,161.692
1782632580000,161.692,161.692,161.692,161.692
1782632640000,161.692,161.692,161.692,161.692
1782632700000,161.692,161.692,161.692,161.692
1782632760000,161.692,161.692,161.692,161.692
1782632820000,161.692,161.692,161.692,161.692
1782632880000,161.692,161.692,161.692,161.692
1782632940000,161.692,161.692,161.692,161.692
1782633000000,161.692,161.692,161.692,161.692
1782633060000,161.692,161.692,161.692,161.692
1782633120000,161.692,161.692,161.692,161.692
1782633180000,161.692,161.692,161.692,161.692
1782633240000,161.692,161.692,161.692,161.692
1782633300000,161.692,161.692,161.692,161.692
1782633360000,161.692,161.692,161.692,161.692
1782633420000,161.692,161.692,161.692,161.692
1782633480000,161.692,161.692,161.692,161.692
1782633540000,161.692,161.692,161.692,161.692
1782633600000,161.692,161.692,161.692,161.692
1782633660000,161.692,161.692,161.692,161.692
1782633720000,161.692,161.692,161.692,161.692
1782633780000,161.692,161.692,161.692,161.692
1782633840000,161.692,161.692,161.692,161.692
1782633900000,161.692,161.692,161.692,161.692
1782633960000,161.692,161.692,161.692,161.692
1782634020000,161.692,161.692,161.692,161.692
1782634080000,161.692,161.692,161.692,161.692
1782634140000,161.692,161.692,161.692,161.692
1782634200000,161.692,161.692,161.692,161.692
1782634260000,161.692,161.692,161.692,161.692
1782634320000,161.692,161.692,161.692,161.692
1782634380000,161.692,161.692,161.692,161.692
1782634440000,161.692,161.692,161.692,161.692
1782634500000,161.692,161.692,161.692,161.692
1782634560000,161.692,161.692,161.692,161.692
1782634620000,161.692,161.692,161.692,161.692
1782634680000,161.692,161.692,161.692,161.692
1782634740000,161.692,161.692,161.692,161.692
1782634800000,161.692,161.692,161.692,161.692
1782634860000,161.692,161.692,161.692,161.692
1782634920000,161.692,161.692,161.692,161.692
1782634980000,161.692,161.692,161.692,161.692
1782635040000,161.692,161.692,161.692,161.692
1782635100000,161.692,161.692,161.692,161.692
1782635160000,161.692,161.692,161.692,161.692
1782635220000,161.692,161.692,161.692,161.692
1782635280000,161.692,161.692,161.692,161.692
1782635340000,161.692,161.692,161.692,161.692
1782635400000,161.692,161.692,161.692,161.692
1782635460000,161.692,161.692,161.692,161.692
1782635520000,161.692,161.692,161.692,161.692
1782635580000,161.692,161.692,161.692,161.692
1782635640000,161.692,161.692,161.692,161.692
1782635700000,161.692,161.692,161.692,161.692
1782635760000,161.692,161.692,161.692,161.692
1782635820000,161.692,161.692,161.692,161.692
1782635880000,161.692,161.692,161.692,161.692
1782635940000,161.692,161.692,161.692,161.692
1782636000000,161.692,161.692,161.692,161.692
1782636060000,161.692,161.692,161.692,161.692
1782636120000,161.692,161.692,161.692,161.692
1782636180000,161.692,161.692,161.692,161.692
1782636240000,161.692,161.692,161.692,161.692
1782636300000,161.692,161.692,161.692,161.692
1782636360000,161.692,161.692,161.692,161.692
1782636420000,161.692,161.692,161.692,161.692
1782636480000,161.692,161.692,161.692,161.692
1782636540000,161.692,161.692,161.692,161.692
1782636600000,161.692,161.692,161.692,161.692
1782636660000,161.692,161.692,161.692,161.692
1782636720000,161.692,161.692,161.692,161.692
1782636780000,161.692,161.692,161.692,161.692
1782636840000,161.692,161.692,161.692,161.692
1782636900000,161.692,161.692,161.692,161.692
1782636960000,161.692,161.692,161.692,161.692
1782637020000,161.692,161.692,161.692,161.692
1782637080000,161.692,161.692,161.692,161.692
1782637140000,161.692,161.692,161.692,161.692
1782637200000,161.692,161.692,161.692,161.692
1782637260000,161.692,161.692,161.692,161.692
1782637320000,161.692,161.692,161.692,161.692
1782637380000,161.692,161.692,161.692,161.692
1782637440000,161.692,161.692,161.692,161.692
1782637500000,161.692,161.692,161.692,161.692
1782637560000,161.692,161.692,161.692,161.692
1782637620000,161.692,161.692,161.692,161.692
1782637680000,161.692,161.692,161.692,161.692
1782637740000,161.692,161.692,161.692,161.692
1782637800000,161.692,161.692,161.692,161.692
1782637860000,161.692,161.692,161.692,161.692
1782637920000,161.692,161.692,161.692,161.692
1782637980000,161.692,161.692,161.692,161.692
1782638040000,161.692,161.692,161.692,161.692
1782638100000,161.692,161.692,161.692,161.692
1782638160000,161.692,161.692,161.692,161.692
1782638220000,161.692,161.692,161.692,161.692
1782638280000,161.692,161.692,161.692,161.692
1782638340000,161.692,161.692,161.692,161.692
1782638400000,161.692,161.692,161.692,161.692
1782638460000,161.692,161.692,161.692,161.692
1782638520000,161.692,161.692,161.692,161.692
1782638580000,161.692,161.692,161.692,161.692
1782638640000,161.692,161.692,161.692,161.692
1782638700000,161.692,161.692,161.692,161.692
1782638760000,161.692,161.692,161.692,161.692
1782638820000,161.692,161.692,161.692,161.692
1782638880000,161.692,161.692,161.692,161.692
1782638940000,161.692,161.692,161.692,161.692
1782639000000,161.692,161.692,161.692,161.692
1782639060000,161.692,161.692,161.692,161.692
1782639120000,161.692,161.692,161.692,161.692
1782639180000,161.692,161.692,161.692,161.692
1782639240000,161.692,161.692,161.692,161.692
1782639300000,161.692,161.692,161.692,161.692
1782639360000,161.692,161.692,161.692,161.692
1782639420000,161.692,161.692,161.692,161.692
1782639480000,161.692,161.692,161.692,161.692
1782639540000,161.692,161.692,161.692,161.692
1782639600000,161.692,161.692,161.692,161.692
1782639660000,161.692,161.692,161.692,161.692
1782639720000,161.692,161.692,161.692,161.692
1782639780000,161.692,161.692,161.692,161.692
1782639840000,161.692,161.692,161.692,161.692
1782639900000,161.692,161.692,161.692,161.692
1782639960000,161.692,161.692,161.692,161.692
1782640020000,161.692,161.692,161.692,161.692
1782640080000,161.692,161.692,161.692,161.692
1782640140000,161.692,161.692,161.692,161.692
1782640200000,161.692,161.692,161.692,161.692
1782640260000,161.692,161.692,161.692,161.692
1782640320000,161.692,161.692,161.692,161.692
1782640380000,161.692,161.692,161.692,161.692
1782640440000,161.692,161.692,161.692,161.692
1782640500000,161.692,161.692,161.692,161.692
1782640560000,161.692,161.692,161.692,161.692
1782640620000,161.692,161.692,161.692,161.692
1782640680000,161.692,161.692,161.692,161.692
1782640740000,161.692,161.692,161.692,161.692
1782640800000,161.692,161.692,161.692,161.692
1782640860000,161.692,161.692,161.692,161.692
1782640920000,161.692,161.692,161.692,161.692
1782640980000,161.692,161.692,161.692,161.692
1782641040000,161.692,161.692,161.692,161.692
1782641100000,161.692,161.692,161.692,161.692
1782641160000,161.692,161.692,161.692,161.692
1782641220000,161.692,161.692,161.692,161.692
1782641280000,161.692,161.692,161.692,161.692
1782641340000,161.692,161.692,161.692,161.692
1782641400000,161.692,161.692,161.692,161.692
1782641460000,161.692,161.692,161.692,161.692
1782641520000,161.692,161.692,161.692,161.692
1782641580000,161.692,161.692,161.692,161.692
1782641640000,161.692,161.692,161.692,161.692
1782641700000,161.692,161.692,161.692,161.692
1782641760000,161.692,161.692,161.692,161.692
1782641820000,161.692,161.692,161.692,161.692
1782641880000,161.692,161.692,161.692,161.692
1782641940000,161.692,161.692,161.692,161.692
1782642000000,161.692,161.692,161.692,161.692
1782642060000,161.692,161.692,161.692,161.692
1782642120000,161.692,161.692,161.692,161.692
1782642180000,161.692,161.692,161.692,161.692
1782642240000,161.692,161.692,161.692,161.692
1782642300000,161.692,161.692,161.692,161.692
1782642360000,161.692,161.692,161.692,161.692
1782642420000,161.692,161.692,161.692,161.692
1782642480000,161.692,161.692,161.692,161.692
1782642540000,161.692,161.692,161.692,161.692
1782642600000,161.692,161.692,161.692,161.692
1782642660000,161.692,161.692,161.692,161.692
1782642720000,161.692,161.692,161.692,161.692
1782642780000,161.692,161.692,161.692,161.692
1782642840000,161.692,161.692,161.692,161.692
1782642900000,161.692,161.692,161.692,161.692
1782642960000,161.692,161.692,161.692,161.692
1782643020000,161.692,161.692,161.692,161.692
1782643080000,161.692,161.692,161.692,161.692
1782643140000,161.692,161.692,161.692,161.692
1782643200000,161.692,161.692,161.692,161.692
1782643260000,161.692,161.692,161.692,161.692
1782643320000,161.692,161.692,161.692,161.692
1782643380000,161.692,161.692,161.692,161.692
1782643440000,161.692,161.692,161.692,161.692
1782643500000,161.692,161.692,161.692,161.692
1782643560000,161.692,161.692,161.692,161.692
1782643620000,161.692,161.692,161.692,161.692
1782643680000,161.692,161.692,161.692,161.692
1782643740000,161.692,161.692,161.692,161.692
1782643800000,161.692,161.692,161.692,161.692
1782643860000,161.692,161.692,161.692,161.692
1782643920000,161.692,161.692,161.692,161.692
1782643980000,161.692,161.692,161.692,161.692
1782644040000,161.692,161.692,161.692,161.692
1782644100000,161.692,161.692,161.692,161.692
1782644160000,161.692,161.692,161.692,161.692
1782644220000,161.692,161.692,161.692,161.692
1782644280000,161.692,161.692,161.692,161.692
1782644340000,161.692,161.692,161.692,161.692
1782644400000,161.692,161.692,161.692,161.692
1782644460000,161.692,161.692,161.692,161.692
1782644520000,161.692,161.692,161.692,161.692
1782644580000,161.692,161.692,161.692,161.692
1782644640000,161.692,161.692,161.692,161.692
1782644700000,161.692,161.692,161.692,161.692
1782644760000,161.692,161.692,161.692,161.692
1782644820000,161.692,161.692,161.692,161.692
1782644880000,161.692,161.692,161.692,161.692
1782644940000,161.692,161.692,161.692,161.692
1782645000000,161.692,161.692,161.692,161.692
1782645060000,161.692,161.692,161.692,161.692
1782645120000,161.692,161.692,161.692,161.692
1782645180000,161.692,161.692,161.692,161.692
1782645240000,161.692,161.692,161.692,161.692
1782645300000,161.692,161.692,161.692,161.692
1782645360000,161.692,161.692,161.692,161.692
1782645420000,161.692,161.692,161.692,161.692
1782645480000,161.692,161.692,161.692,161.692
1782645540000,161.692,161.692,161.692,161.692
1782645600000,161.692,161.692,161.692,161.692
1782645660000,161.692,161.692,161.692,161.692
1782645720000,161.692,161.692,161.692,161.692
1782645780000,161.692,161.692,161.692,161.692
1782645840000,161.692,161.692,161.692,161.692
1782645900000,161.692,161.692,161.692,161.692
1782645960000,161.692,161.692,161.692,161.692
1782646020000,161.692,161.692,161.692,161.692
1782646080000,161.692,161.692,161.692,161.692
1782646140000,161.692,161.692,161.692,161.692
1782646200000,161.692,161.692,161.692,161.692
1782646260000,161.692,161.692,161.692,161.692
1782646320000,161.692,161.692,161.692,161.692
1782646380000,161.692,161.692,161.692,161.692
1782646440000,161.692,161.692,161.692,161.692
1782646500000,161.692,161.692,161.692,161.692
1782646560000,161.692,161.692,161.692,161.692
1782646620000,161.692,161.692,161.692,161.692
1782646680000,161.692,161.692,161.692,161.692
1782646740000,161.692,161.692,161.692,161.692
1782646800000,161.692,161.692,161.692,161.692
1782646860000,161.692,161.692,161.692,161.692
1782646920000,161.692,161.692,161.692,161.692
1782646980000,161.692,161.692,161.692,161.692
1782647040000,161.692,161.692,161.692,161.692
1782647100000,161.692,161.692,161.692,161.692
1782647160000,161.692,161.692,161.692,161.692
1782647220000,161.692,161.692,161.692,161.692
1782647280000,161.692,161.692,161.692,161.692
1782647340000,161.692,161.692,161.692,161.692
1782647400000,161.692,161.692,161.692,161.692
1782647460000,161.692,161.692,161.692,161.692
1782647520000,161.692,161.692,161.692,161.692
1782647580000,161.692,161.692,161.692,161.692
1782647640000,161.692,161.692,161.692,161.692
1782647700000,161.692,161.692,161.692,161.692
1782647760000,161.692,161.692,161.692,161.692
1782647820000,161.692,161.692,161.692,161.692
1782647880000,161.692,161.692,161.692,161.692
1782647940000,161.692,161.692,161.692,161.692
1782648000000,161.692,161.692,161.692,161.692
1782648060000,161.692,161.692,161.692,161.692
1782648120000,161.692,161.692,161.692,161.692
1782648180000,161.692,161.692,161.692,161.692
1782648240000,161.692,161.692,161.692,161.692
1782648300000,161.692,161.692,161.692,161.692
1782648360000,161.692,161.692,161.692,161.692
1782648420000,161.692,161.692,161.692,161.692
1782648480000,161.692,161.692,161.692,161.692
1782648540000,161.692,161.692,161.692,161.692
1782648600000,161.692,161.692,161.692,161.692
1782648660000,161.692,161.692,161.692,161.692
1782648720000,161.692,161.692,161.692,161.692
1782648780000,161.692,161.692,161.692,161.692
1782648840000,161.692,161.692,161.692,161.692
1782648900000,161.692,161.692,161.692,161.692
1782648960000,161.692,161.692,161.692,161.692
1782649020000,161.692,161.692,161.692,161.692
1782649080000,161.692,161.692,161.692,161.692
1782649140000,161.692,161.692,161.692,161.692
1782649200000,161.692,161.692,161.692,161.692
1782649260000,161.692,161.692,161.692,161.692
1782649320000,161.692,161.692,161.692,161.692
1782649380000,161.692,161.692,161.692,161.692
1782649440000,161.692,161.692,161.692,161.692
1782649500000,161.692,161.692,161.692,161.692
1782649560000,161.692,161.692,161.692,161.692
1782649620000,161.692,161.692,161.692,161.692
1782649680000,161.692,161.692,161.692,161.692
1782649740000,161.692,161.692,161.692,161.692
1782649800000,161.692,161.692,161.692,161.692
1782649860000,161.692,161.692,161.692,161.692
1782649920000,161.692,161.692,161.692,161.692
1782649980000,161.692,161.692,161.692,161.692
1782650040000,161.692,161.692,161.692,161.692
1782650100000,161.692,161.692,161.692,161.692
1782650160000,161.692,161.692,161.692,161.692
1782650220000,161.692,161.692,161.692,161.692
1782650280000,161.692,161.692,161.692,161.692
1782650340000,161.692,161.692,161.692,161.692
1782650400000,161.692,161.692,161.692,161.692
1782650460000,161.692,161.692,161.692,161.692
1782650520000,161.692,161.692,161.692,161.692
1782650580000,161.692,161.692,161.692,161.692
1782650640000,161.692,161.692,161.692,161.692
1782650700000,161.692,161.692,161.692,161.692
1782650760000,161.692,161.692,161.692,161.692
1782650820000,161.692,161.692,161.692,161.692
1782650880000,161.692,161.692,161.692,161.692
1782650940000,161.692,161.692,161.692,161.692
1782651000000,161.692,161.692,161.692,161.692
1782651060000,161.692,161.692,161.692,161.692
1782651120000,161.692,161.692,161.692,161.692
1782651180000,161.692,161.692,161.692,161.692
1782651240000,161.692,161.692,161.692,161.692
1782651300000,161.692,161.692,161.692,161.692
1782651360000,161.692,161.692,161.692,161.692
1782651420000,161.692,161.692,161.692,161.692
1782651480000,161.692,161.692,161.692,161.692
1782651540000,161.692,161.692,161.692,161.692
1782651600000,161.692,161.692,161.692,161.692
1782651660000,161.692,161.692,161.692,161.692
1782651720000,161.692,161.692,161.692,161.692
1782651780000,161.692,161.692,161.692,161.692
1782651840000,161.692,161.692,161.692,161.692
1782651900000,161.692,161.692,161.692,161.692
1782651960000,161.692,161.692,161.692,161.692
1782652020000,161.692,161.692,161.692,161.692
1782652080000,161.692,161.692,161.692,161.692
1782652140000,161.692,161.692,161.692,161.692
1782652200000,161.692,161.692,161.692,161.692
1782652260000,161.692,161.692,161.692,161.692
1782652320000,161.692,161.692,161.692,161.692
1782652380000,161.692,161.692,161.692,161.692
1782652440000,161.692,161.692,161.692,161.692
1782652500000,161.692,161.692,161.692,161.692
1782652560000,161.692,161.692,161.692,161.692
1782652620000,161.692,161.692,161.692,161.692
1782652680000,161.692,161.692,161.692,161.692
1782652740000,161.692,161.692,161.692,161.692
1782652800000,161.692,161.692,161.692,161.692
1782652860000,161.692,161.692,161.692,161.692
1782652920000,161.692,161.692,161.692,161.692
1782652980000,161.692,161.692,161.692,161.692
1782653040000,161.692,161.692,161.692,161.692
1782653100000,161.692,161.692,161.692,161.692
1782653160000,161.692,161.692,161.692,161.692
1782653220000,161.692,161.692,161.692,161.692
1782653280000,161.692,161.692,161.692,161.692
1782653340000,161.692,161.692,161.692,161.692
1782653400000,161.692,161.692,161.692,161.692
1782653460000,161.692,161.692,161.692,161.692
1782653520000,161.692,161.692,161.692,161.692
1782653580000,161.692,161.692,161.692,161.692
1782653640000,161.692,161.692,161.692,161.692
1782653700000,161.692,161.692,161.692,161.692
1782653760000,161.692,161.692,161.692,161.692
1782653820000,161.692,161.692,161.692,161.692
1782653880000,161.692,161.692,161.692,161.692
1782653940000,161.692,161.692,161.692,161.692
1782654000000,161.692,161.692,161.692,161.692
1782654060000,161.692,161.692,161.692,161.692
1782654120000,161.692,161.692,161.692,161.692
1782654180000,161.692,161.692,161.692,161.692
1782654240000,161.692,161.692,161.692,161.692
1782654300000,161.692,161.692,161.692,161.692
1782654360000,161.692,161.692,161.692,161.692
1782654420000,161.692,161.692,161.692,161.692
1782654480000,161.692,161.692,161.692,161.692
1782654540000,161.692,161.692,161.692,161.692
1782654600000,161.692,161.692,161.692,161.692
1782654660000,161.692,161.692,161.692,161.692
1782654720000,161.692,161.692,161.692,161.692
1782654780000,161.692,161.692,161.692,161.692
1782654840000,161.692,161.692,161.692,161.692
1782654900000,161.692,161.692,161.692,161.692
1782654960000,161.692,161.692,161.692,161.692
1782655020000,161.692,161.692,161.692,161.692
1782655080000,161.692,161.692,161.692,161.692
1782655140000,161.692,161.692,161.692,161.692
1782655200000,161.692,161.692,161.692,161.692
1782655260000,161.692,161.692,161.692,161.692
1782655320000,161.692,161.692,161.692,161.692
1782655380000,161.692,161.692,161.692,161.692
1782655440000,161.692,161.692,161.692,161.692
1782655500000,161.692,161.692,161.692,161.692
1782655560000,161.692,161.692,161.692,161.692
1782655620000,161.692,161.692,161.692,161.692
1782655680000,161.692,161.692,161.692,161.692
1782655740000,161.692,161.692,161.692,161.692
1782655800000,161.692,161.692,161.692,161.692
1782655860000,161.692,161.692,161.692,161.692
1782655920000,161.692,161.692,161.692,161.692
1782655980000,161.692,161.692,161.692,161.692
1782656040000,161.692,161.692,161.692,161.692
1782656100000,161.692,161.692,161.692,161.692
1782656160000,161.692,161.692,161.692,161.692
1782656220000,161.692,161.692,161.692,161.692
1782656280000,161.692,161.692,161.692,161.692
1782656340000,161.692,161.692,161.692,161.692
1782656400000,161.692,161.692,161.692,161.692
1782656460000,161.692,161.692,161.692,161.692
1782656520000,161.692,161.692,161.692,161.692
1782656580000,161.692,161.692,161.692,161.692
1782656640000,161.692,161.692,161.692,161.692
1782656700000,161.692,161.692,161.692,161.692
1782656760000,161.692,161.692,161.692,161.692
1782656820000,161.692,161.692,161.692,161.692
1782656880000,161.692,161.692,161.692,161.692
1782656940000,161.692,161.692,161.692,161.692
1782657000000,161.692,161.692,161.692,161.692
1782657060000,161.692,161.692,161.692,161.692
1782657120000,161.692,161.692,161.692,161.692
1782657180000,161.692,161.692,161.692,161.692
1782657240000,161.692,161.692,161.692,161.692
1782657300000,161.692,161.692,161.692,161.692
1782657360000,161.692,161.692,161.692,161.692
1782657420000,161.692,161.692,161.692,161.692
1782657480000,161.692,161.692,161.692,161.692
1782657540000,161.692,161.692,161.692,161.692
1782657600000,161.692,161.692,161.692,161.692
1782657660000,161.692,161.692,161.692,161.692
1782657720000,161.692,161.692,161.692,161.692
1782657780000,161.692,161.692,161.692,161.692
1782657840000,161.692,161.692,161.692,161.692
1782657900000,161.692,161.692,161.692,161.692
1782657960000,161.692,161.692,161.692,161.692
1782658020000,161.692,161.692,161.692,161.692
1782658080000,161.692,161.692,161.692,161.692
1782658140000,161.692,161.692,161.692,161.692
1782658200000,161.692,161.692,161.692,161.692
1782658260000,161.692,161.692,161.692,161.692
1782658320000,161.692,161.692,161.692,161.692
1782658380000,161.692,161.692,161.692,161.692
1782658440000,161.692,161.692,161.692,161.692
1782658500000,161.692,161.692,161.692,161.692
1782658560000,161.692,161.692,161.692,161.692
1782658620000,161.692,161.692,161.692,161.692
1782658680000,161.692,161.692,161.692,161.692
1782658740000,161.692,161.692,161.692,161.692
1782658800000,161.692,161.692,161.692,161.692
1782658860000,161.692,161.692,161.692,161.692
1782658920000,161.692,161.692,161.692,161.692
1782658980000,161.692,161.692,161.692,161.692
1782659040000,161.692,161.692,161.692,161.692
1782659100000,161.692,161.692,161.692,161.692
1782659160000,161.692,161.692,161.692,161.692
1782659220000,161.692,161.692,161.692,161.692
1782659280000,161.692,161.692,161.692,161.692
1782659340000,161.692,161.692,161.692,161.692
1782659400000,161.692,161.692,161.692,161.692
1782659460000,161.692,161.692,161.692,161.692
1782659520000,161.692,161.692,161.692,161.692
1782659580000,161.692,161.692,161.692,161.692
1782659640000,161.692,161.692,161.692,161.692
1782659700000,161.692,161.692,161.692,161.692
1782659760000,161.692,161.692,161.692,161.692
1782659820000,161.692,161.692,161.692,161.692
1782659880000,161.692,161.692,161.692,161.692
1782659940000,161.692,161.692,161.692,161.692
1782660000000,161.692,161.692,161.692,161.692
1782660060000,161.692,161.692,161.692,161.692
1782660120000,161.692,161.692,161.692,161.692
1782660180000,161.692,161.692,161.692,161.692
1782660240000,161.692,161.692,161.692,161.692
1782660300000,161.692,161.692,161.692,161.692
1782660360000,161.692,161.692,161.692,161.692
1782660420000,161.692,161.692,161.692,161.692
1782660480000,161.692,161.692,161.692,161.692
1782660540000,161.692,161.692,161.692,161.692
1782660600000,161.692,161.692,161.692,161.692
1782660660000,161.692,161.692,161.692,161.692
1782660720000,161.692,161.692,161.692,161.692
1782660780000,161.692,161.692,161.692,161.692
1782660840000,161.692,161.692,161.692,161.692
1782660900000,161.692,161.692,161.692,161.692
1782660960000,161.692,161.692,161.692,161.692
1782661020000,161.692,161.692,161.692,161.692
1782661080000,161.692,161.692,161.692,161.692
1782661140000,161.692,161.692,161.692,161.692
1782661200000,161.692,161.692,161.692,161.692
1782661260000,161.692,161.692,161.692,161.692
1782661320000,161.692,161.692,161.692,161.692
1782661380000,161.692,161.692,161.692,161.692
1782661440000,161.692,161.692,161.692,161.692
1782661500000,161.692,161.692,161.692,161.692
1782661560000,161.692,161.692,161.692,161.692
1782661620000,161.692,161.692,161.692,161.692
1782661680000,161.692,161.692,161.692,161.692
1782661740000,161.692,161.692,161.692,161.692
1782661800000,161.692,161.692,161.692,161.692
1782661860000,161.692,161.692,161.692,161.692
1782661920000,161.692,161.692,161.692,161.692
1782661980000,161.692,161.692,161.692,161.692
1782662040000,161.692,161.692,161.692,161.692
1782662100000,161.692,161.692,161.692,161.692
1782662160000,161.692,161.692,161.692,161.692
1782662220000,161.692,161.692,161.692,161.692
1782662280000,161.692,161.692,161.692,161.692
1782662340000,161.692,161.692,161.692,161.692
1782662400000,161.692,161.692,161.692,161.692
1782662460000,161.692,161.692,161.692,161.692
1782662520000,161.692,161.692,161.692,161.692
1782662580000,161.692,161.692,161.692,161.692
1782662640000,161.692,161.692,161.692,161.692
1782662700000,161.692,161.692,161.692,161.692
1782662760000,161.692,161.692,161.692,161.692
1782662820000,161.692,161.692,161.692,161.692
1782662880000,161.692,161.692,161.692,161.692
1782662940000,161.692,161.692,161.692,161.692
1782663000000,161.692,161.692,161.692,161.692
1782663060000,161.692,161.692,161.692,161.692
1782663120000,161.692,161.692,161.692,161.692
1782663180000,161.692,161.692,161.692,161.692
1782663240000,161.692,161.692,161.692,161.692
1782663300000,161.692,161.692,161.692,161.692
1782663360000,161.692,161.692,161.692,161.692
1782663420000,161.692,161.692,161.692,161.692
1782663480000,161.692,161.692,161.692,161.692
1782663540000,161.692,161.692,161.692,161.692
1782663600000,161.692,161.692,161.692,161.692
1782663660000,161.692,161.692,161.692,161.692
1782663720000,161.692,161.692,161.692,161.692
1782663780000,161.692,161.692,161.692,161.692
1782663840000,161.692,161.692,161.692,161.692
1782663900000,161.692,161.692,161.692,161.692
1782663960000,161.692,161.692,161.692,161.692
1782664020000,161.692,161.692,161.692,161.692
1782664080000,161.692,161.692,161.692,161.692
1782664140000,161.692,161.692,161.692,161.692
1782664200000,161.692,161.692,161.692,161.692
1782664260000,161.692,161.692,161.692,161.692
1782664320000,161.692,161.692,161.692,161.692
1782664380000,161.692,161.692,161.692,161.692
1782664440000,161.692,161.692,161.692,161.692
1782664500000,161.692,161.692,161.692,161.692
1782664560000,161.692,161.692,161.692,161.692
1782664620000,161.692,161.692,161.692,161.692
1782664680000,161.692,161.692,161.692,161.692
1782664740000,161.692,161.692,161.692,161.692
1782664800000,161.692,161.692,161.692,161.692
1782664860000,161.692,161.692,161.692,161.692
1782664920000,161.692,161.692,161.692,161.692
1782664980000,161.692,161.692,161.692,161.692
1782665040000,161.692,161.692,161.692,161.692
1782665100000,161.692,161.692,161.692,161.692
1782665160000,161.692,161.692,161.692,161.692
1782665220000,161.692,161.692,161.692,161.692
1782665280000,161.692,161.692,161.692,161.692
1782665340000,161.692,161.692,161.692,161.692
1782665400000,161.692,161.692,161.692,161.692
1782665460000,161.692,161.692,161.692,161.692
1782665520000,161.692,161.692,161.692,161.692
1782665580000,161.692,161.692,161.692,161.692
1782665640000,161.692,161.692,161.692,161.692
1782665700000,161.692,161.692,161.692,161.692
1782665760000,161.692,161.692,161.692,161.692
1782665820000,161.692,161.692,161.692,161.692
1782665880000,161.692,161.692,161.692,161.692
1782665940000,161.692,161.692,161.692,161.692
1782666000000,161.692,161.692,161.692,161.692
1782666060000,161.692,161.692,161.692,161.692
1782666120000,161.692,161.692,161.692,161.692
1782666180000,161.692,161.692,161.692,161.692
1782666240000,161.692,161.692,161.692,161.692
1782666300000,161.692,161.692,161.692,161.692
1782666360000,161.692,161.692,161.692,161.692
1782666420000,161.692,161.692,161.692,161.692
1782666480000,161.692,161.692,161.692,161.692
1782666540000,161.692,161.692,161.692,161.692
1782666600000,161.692,161.692,161.692,161.692
1782666660000,161.692,161.692,161.692,161.692
1782666720000,161.692,161.692,161.692,161.692
1782666780000,161.692,161.692,161.692,161.692
1782666840000,161.692,161.692,161.692,161.692
1782666900000,161.692,161.692,161.692,161.692
1782666960000,161.692,161.692,161.692,161.692
1782667020000,161.692,161.692,161.692,161.692
1782667080000,161.692,161.692,161.692,161.692
1782667140000,161.692,161.692,161.692,161.692
1782667200000,161.692,161.692,161.692,161.692
1782667260000,161.692,161.692,161.692,161.692
1782667320000,161.692,161.692,161.692,161.692
1782667380000,161.692,161.692,161.692,161.692
1782667440000,161.692,161.692,161.692,161.692
1782667500000,161.692,161.692,161.692,161.692
1782667560000,161.692,161.692,161.692,161.692
1782667620000,161.692,161.692,161.692,161.692
1782667680000,161.692,161.692,161.692,161.692
1782667740000,161.692,161.692,161.692,161.692
1782667800000,161.692,161.692,161.692,161.692
1782667860000,161.692,161.692,161.692,161.692
1782667920000,161.692,161.692,161.692,161.692
1782667980000,161.692,161.692,161.692,161.692
1782668040000,161.692,161.692,161.692,161.692
1782668100000,161.692,161.692,161.692,161.692
1782668160000,161.692,161.692,161.692,161.692
1782668220000,161.692,161.692,161.692,161.692
1782668280000,161.692,161.692,161.692,161.692
1782668340000,161.692,161.692,161.692,161.692
1782668400000,161.692,161.692,161.692,161.692
1782668460000,161.692,161.692,161.692,161.692
1782668520000,161.692,161.692,161.692,161.692
1782668580000,161.692,161.692,161.692,161.692
1782668640000,161.692,161.692,161.692,161.692
1782668700000,161.692,161.692,161.692,161.692
1782668760000,161.692,161.692,161.692,161.692
1782668820000,161.692,161.692,161.692,161.692
1782668880000,161.692,161.692,161.692,161.692
1782668940000,161.692,161.692,161.692,161.692
1782669000000,161.692,161.692,161.692,161.692
1782669060000,161.692,161.692,161.692,161.692
1782669120000,161.692,161.692,161.692,161.692
1782669180000,161.692,161.692,161.692,161.692
1782669240000,161.692,161.692,161.692,161.692
1782669300000,161.692,161.692,161.692,161.692
1782669360000,161.692,161.692,161.692,161.692
1782669420000,161.692,161.692,161.692,161.692
1782669480000,161.692,161.692,161.692,161.692
1782669540000,161.692,161.692,161.692,161.692
1782669600000,161.692,161.692,161.692,161.692
1782669660000,161.692,161.692,161.692,161.692
1782669720000,161.692,161.692,161.692,161.692
1782669780000,161.692,161.692,161.692,161.692
1782669840000,161.692,161.692,161.692,161.692
1782669900000,161.692,161.692,161.692,161.692
1782669960000,161.692,161.692,161.692,161.692
1782670020000,161.692,161.692,161.692,161.692
1782670080000,161.692,161.692,161.692,161.692
1782670140000,161.692,161.692,161.692,161.692
1782670200000,161.692,161.692,161.692,161.692
1782670260000,161.692,161.692,161.692,161.692
1782670320000,161.692,161.692,161.692,161.692
1782670380000,161.692,161.692,161.692,161.692
1782670440000,161.692,161.692,161.692,161.692
1782670500000,161.692,161.692,161.692,161.692
1782670560000,161.692,161.692,161.692,161.692
1782670620000,161.692,161.692,161.692,161.692
1782670680000,161.692,161.692,161.692,161.692
1782670740000,161.692,161.692,161.692,161.692
1782670800000,161.692,161.692,161.692,161.692
1782670860000,161.692,161.692,161.692,161.692
1782670920000,161.692,161.692,161.692,161.692
1782670980000,161.692,161.692,161.692,161.692
1782671040000,161.692,161.692,161.692,161.692
1782671100000,161.692,161.692,161.692,161.692
1782671160000,161.692,161.692,161.692,161.692
1782671220000,161.692,161.692,161.692,161.692
1782671280000,161.692,161.692,161.692,161.692
1782671340000,161.692,161.692,161.692,161.692
1782671400000,161.692,161.692,161.692,161.692
1782671460000,161.692,161.692,161.692,161.692
1782671520000,161.692,161.692,161.692,161.692
1782671580000,161.692,161.692,161.692,161.692
1782671640000,161.692,161.692,161.692,161.692
1782671700000,161.692,161.692,161.692,161.692
1782671760000,161.692,161.692,161.692,161.692
1782671820000,161.692,161.692,161.692,161.692
1782671880000,161.692,161.692,161.692,161.692
1782671940000,161.692,161.692,161.692,161.692
1782672000000,161.692,161.692,161.692,161.692
1782672060000,161.692,161.692,161.692,161.692
1782672120000,161.692,161.692,161.692,161.692
1782672180000,161.692,161.692,161.692,161.692
1782672240000,161.692,161.692,161.692,161.692
1782672300000,161.692,161.692,161.692,161.692
1782672360000,161.692,161.692,161.692,161.692
1782672420000,161.692,161.692,161.692,161.692
1782672480000,161.692,161.692,161.692,161.692
1782672540000,161.692,161.692,161.692,161.692
1782672600000,161.692,161.692,161.692,161.692
1782672660000,161.692,161.692,161.692,161.692
1782672720000,161.692,161.692,161.692,161.692
1782672780000,161.692,161.692,161.692,161.692
1782672840000,161.692,161.692,161.692,161.692
1782672900000,161.692,161.692,161.692,161.692
1782672960000,161.692,161.692,161.692,161.692
1782673020000,161.692,161.692,161.692,161.692
1782673080000,161.692,161.692,161.692,161.692
1782673140000,161.692,161.692,161.692,161.692
1782673200000,161.692,161.692,161.692,161.692
1782673260000,161.692,161.692,161.692,161.692
1782673320000,161.692,161.692,161.692,161.692
1782673380000,161.692,161.692,161.692,161.692
1782673440000,161.692,161.692,161.692,161.692
1782673500000,161.692,161.692,161.692,161.692
1782673560000,161.692,161.692,161.692,161.692
1782673620000,161.692,161.692,161.692,161.692
1782673680000,161.692,161.692,161.692,161.692
1782673740000,161.692,161.692,161.692,161.692
1782673800000,161.692,161.692,161.692,161.692
1782673860000,161.692,161.692,161.692,161.692
1782673920000,161.692,161.692,161.692,161.692
1782673980000,161.692,161.692,161.692,161.692
1782674040000,161.692,161.692,161.692,161.692
1782674100000,161.692,161.692,161.692,161.692
1782674160000,161.692,161.692,161.692,161.692
1782674220000,161.692,161.692,161.692,161.692
1782674280000,161.692,161.692,161.692,161.692
1782674340000,161.692,161.692,161.692,161.692
1782674400000,161.692,161.692,161.692,161.692
1782674460000,161.692,161.692,161.692,161.692
1782674520000,161.692,161.692,161.692,161.692
1782674580000,161.692,161.692,161.692,161.692
1782674640000,161.692,161.692,161.692,161.692
1782674700000,161.692,161.692,161.692,161.692
1782674760000,161.692,161.692,161.692,161.692
1782674820000,161.692,161.692,161.692,161.692
1782674880000,161.692,161.692,161.692,161.692
1782674940000,161.692,161.692,161.692,161.692
1782675000000,161.692,161.692,161.692,161.692
1782675060000,161.692,161.692,161.692,161.692
1782675120000,161.692,161.692,161.692,161.692
1782675180000,161.692,161.692,161.692,161.692
1782675240000,161.692,161.692,161.692,161.692
1782675300000,161.692,161.692,161.692,161.692
1782675360000,161.692,161.692,161.692,161.692
1782675420000,161.692,161.692,161.692,161.692
1782675480000,161.692,161.692,161.692,161.692
1782675540000,161.692,161.692,161.692,161.692
1782675600000,161.692,161.692,161.692,161.692
1782675660000,161.692,161.692,161.692,161.692
1782675720000,161.692,161.692,161.692,161.692
1782675780000,161.692,161.692,161.692,161.692
1782675840000,161.692,161.692,161.692,161.692
1782675900000,161.692,161.692,161.692,161.692
1782675960000,161.692,161.692,161.692,161.692
1782676020000,161.692,161.692,161.692,161.692
1782676080000,161.692,161.692,161.692,161.692
1782676140000,161.692,161.692,161.692,161.692
1782676200000,161.692,161.692,161.692,161.692
1782676260000,161.692,161.692,161.692,161.692
1782676320000,161.692,161.692,161.692,161.692
1782676380000,161.692,161.692,161.692,161.692
1782676440000,161.692,161.692,161.692,161.692
1782676500000,161.692,161.692,161.692,161.692
1782676560000,161.692,161.692,161.692,161.692
1782676620000,161.692,161.692,161.692,161.692
1782676680000,161.692,161.692,161.692,161.692
1782676740000,161.692,161.692,161.692,161.692
1782676800000,161.692,161.692,161.692,161.692
1782676860000,161.692,161.692,161.692,161.692
1782676920000,161.692,161.692,161.692,161.692
1782676980000,161.692,161.692,161.692,161.692
1782677040000,161.692,161.692,161.692,161.692
1782677100000,161.692,161.692,161.692,161.692
1782677160000,161.692,161.692,161.692,161.692
1782677220000,161.692,161.692,161.692,161.692
1782677280000,161.692,161.692,161.692,161.692
1782677340000,161.692,161.692,161.692,161.692
1782677400000,161.692,161.692,161.692,161.692
1782677460000,161.692,161.692,161.692,161.692
1782677520000,161.692,161.692,161.692,161.692
1782677580000,161.692,161.692,161.692,161.692
1782677640000,161.692,161.692,161.692,161.692
1782677700000,161.692,161.692,161.692,161.692
1782677760000,161.692,161.692,161.692,161.692
1782677820000,161.692,161.692,161.692,161.692
1782677880000,161.692,161.692,161.692,161.692
1782677940000,161.692,161.692,161.692,161.692
1782678000000,161.692,161.692,161.692,161.692
1782678060000,161.692,161.692,161.692,161.692
1782678120000,161.692,161.692,161.692,161.692
1782678180000,161.692,161.692,161.692,161.692
1782678240000,161.692,161.692,161.692,161.692
1782678300000,161.692,161.692,161.692,161.692
1782678360000,161.692,161.692,161.692,161.692
1782678420000,161.692,161.692,161.692,161.692
1782678480000,161.692,161.692,161.692,161.692
1782678540000,161.692,161.692,161.692,161.692
1782678600000,161.692,161.692,161.692,161.692
1782678660000,161.692,161.692,161.692,161.692
1782678720000,161.692,161.692,161.692,161.692
1782678780000,161.692,161.692,161.692,161.692
1782678840000,161.692,161.692,161.692,161.692
1782678900000,161.692,161.692,161.692,161.692
1782678960000,161.692,161.692,161.692,161.692
1782679020000,161.692,161.692,161.692,161.692
1782679080000,161.692,161.692,161.692,161.692
1782679140000,161.692,161.692,161.692,161.692
1782679200000,161.692,161.692,161.692,161.692
1782679260000,161.692,161.692,161.692,161.692
1782679320000,161.692,161.692,161.692,161.692
1782679380000,161.692,161.692,161.692,161.692
1782679440000,161.692,161.692,161.692,161.692
1782679500000,161.692,161.692,161.692,161.692
1782679560000,161.692,161.692,161.692,161.692
1782679620000,161.692,161.692,161.692,161.692
1782679680000,161.692,161.692,161.692,161.692
1782679740000,161.692,161.692,161.692,161.692
1782679800000,161.692,161.692,161.692,161.692
1782679860000,161.692,161.692,161.692,161.692
1782679920000,161.692,161.692,161.692,161.692
1782679980000,161.692,161.692,161.692,161.692
1782680040000,161.692,161.692,161.692,161.692
1782680100000,161.692,161.692,161.692,161.692
1782680160000,161.692,161.692,161.692,161.692
1782680220000,161.692,161.692,161.692,161.692
1782680280000,161.692,161.692,161.692,161.692
1782680340000,161.692,161.692,161.692,161.692
1782680400000,161.676,161.723,161.675,161.723
1782680460000,161.723,161.723,161.723,161.723
1782680520000,161.723,161.723,161.723,161.723
1782680580000,161.723,161.723,161.723,161.723
1782680640000,161.723,161.723,161.723,161.723
1782680700000,161.718,161.719,161.717,161.717
1782680760000,161.721,161.721,161.721,161.721
1782680820000,161.721,161.721,161.721,161.721
1782680880000,161.72,161.72,161.72,161.72
1782680940000,161.72,161.72,161.72,161.72
1782681000000,161.722,161.723,161.721,161.721
1782681060000,161.722,161.723,161.722,161.723
1782681120000,161.718,161.724,161.718,161.724
1782681180000,161.718,161.725,161.718,161.725
1782681240000,161.723,161.723,161.723,161.723
1782681300000,161.723,161.729,161.723,161.724
1782681360000,161.716,161.716,161.715,161.715
1782681420000,161.718,161.723,161.718,161.718
1782681480000,161.718,161.729,161.718,161.729
1782681540000,161.728,161.728,161.728,161.728
1782681600000,161.722,161.722,161.722,161.722
1782681660000,161.729,161.729,161.728,161.728
1782681720000,161.722,161.727,161.722,161.727
1782681780000,161.728,161.728,161.728,161.728
1782681840000,161.723,161.723,161.723,161.723
1782681900000,161.722,161.729,161.722,161.729
1782681960000,161.729,161.729,161.729,161.729
1782682020000,161.728,161.728,161.722,161.722
1782682080000,161.722,161.722,161.722,161.722
1782682140000,161.722,161.722,161.722,161.722
1782682200000,161.722,161.728,161.722,161.728
1782682260000,161.722,161.722,161.722,161.722
1782682320000,161.721,161.793,161.712,161.793
1782682380000,161.793,161.794,161.728,161.744
1782682440000,161.745,161.745,161.721,161.722
1782682500000,161.722,161.748,161.722,161.728
1782682560000,161.727,161.727,161.723,161.723
1782682620000,161.72,161.72,161.713,161.714
1782682680000,161.719,161.719,161.715,161.715
1782682740000,161.719,161.72,161.718,161.719
1782682800000,161.715,161.716,161.715,161.716
1782682860000,161.716,161.716,161.716,161.716
1782682920000,161.716,161.716,161.715,161.715
1782682980000,161.716,161.716,161.715,161.716
1782683040000,161.716,161.716,161.716,161.716
1782683100000,161.718,161.732,161.718,161.731
1782683160000,161.736,161.774,161.736,161.742
1782683220000,161.741,161.741,161.733,161.734
1782683280000,161.792,161.793,161.733,161.733
1782683340000,161.734,161.734,161.734,161.734
1782683400000,161.734,161.734,161.734,161.734
1782683460000,161.734,161.735,161.733,161.734
1782683520000,161.734,161.734,161.734,161.734
1782683580000,161.735,161.735,161.735,161.735
1782683640000,161.733,161.793,161.733,161.793
1782683700000,161.794,161.794,161.793,161.794
1782683760000,161.796,161.796,161.796,161.796
1782683820000,161.796,161.796,161.796,161.796
1782683880000,161.795,161.797,161.795,161.797
1782683940000,161.797,161.797,161.797,161.797
1782684000000,161.828,161.874,161.769,161.789
1782684060000,161.789,161.825,161.78,161.8
1782684120000,161.8,161.8,161.777,161.784
1782684180000,161.788,161.788,161.762,161.762
1782684240000,161.763,161.775,161.76,161.769
1782684300000,161.768,161.769,161.748,161.762
1782684360000,161.763,161.763,161.762,161.762
1782684420000,161.757,161.763,161.757,161.762
1782684480000,161.757,161.757,161.747,161.748
1782684540000,161.75,161.759,161.748,161.758
1782684600000,161.76,161.761,161.758,161.758
1782684660000,161.76,161.775,161.758,161.775
1782684720000,161.776,161.78,161.775,161.776
1782684780000,161.777,161.781,161.775,161.78
1782684840000,161.781,161.781,161.771,161.774
1782684900000,161.774,161.775,161.771,161.774
1782684960000,161.774,161.774,161.772,161.773
1782685020000,161.774,161.776,161.772,161.774
1782685080000,161.774,161.793,161.774,161.79
1782685140000,161.792,161.792,161.789,161.79
1782685200000,161.79,161.79,161.788,161.79
1782685260000,161.79,161.79,161.778,161.778
1782685320000,161.78,161.792,161.778,161.792
1782685380000,161.79,161.793,161.79,161.793
1782685440000,161.792,161.801,161.791,161.793
1782685500000,161.792,161.8,161.792,161.799
1782685560000,161.799,161.8,161.799,161.799
1782685620000,161.798,161.798,161.79,161.792
1782685680000,161.79,161.79,161.787,161.79
1782685740000,161.786,161.79,161.786,161.79
1782685800000,161.788,161.79,161.778,161.778
1782685860000,161.78,161.789,161.78,161.788
1782685920000,161.79,161.798,161.787,161.787
1782685980000,161.785,161.788,161.785,161.788
1782686040000,161.787,161.793,161.787,161.79
1782686100000,161.789,161.801,161.789,161.8
1782686160000,161.801,161.802,161.8,161.8
1782686220000,161.801,161.801,161.792,161.792
1782686280000,161.793,161.801,161.793,161.797
1782686340000,161.798,161.802,161.798,161.801
1782686400000,161.806,161.807,161.795,161.795
1782686460000,161.797,161.802,161.792,161.794
1782686520000,161.795,161.806,161.795,161.802
1782686580000,161.802,161.802,161.79,161.791
1782686640000,161.79,161.79,161.787,161.79
1782686700000,161.79,161.79,161.788,161.788
1782686760000,161.788,161.788,161.788,161.788
1782686820000,161.789,161.789,161.787,161.787
1782686880000,161.787,161.789,161.785,161.788
1782686940000,161.788,161.789,161.778,161.78
1782687000000,161.779,161.781,161.778,161.78
1782687060000,161.778,161.78,161.778,161.78
1782687120000,161.781,161.788,161.781,161.787
1782687180000,161.787,161.788,161.787,161.787
1782687240000,161.788,161.79,161.786,161.79
1782687300000,161.79,161.794,161.79,161.792
1782687360000,161.792,161.806,161.791,161.805
1782687420000,161.804,161.804,161.797,161.799
1782687480000,161.798,161.799,161.793,161.793
1782687540000,161.794,161.794,161.787,161.789
1782687600000,161.787,161.79,161.774,161.789
1782687660000,161.788,161.79,161.777,161.777
1782687720000,161.776,161.781,161.776,161.78
1782687780000,161.78,161.785,161.78,161.781
1782687840000,161.78,161.781,161.777,161.78
1782687900000,161.779,161.781,161.779,161.781
1782687960000,161.78,161.793,161.78,161.789
1782688020000,161.788,161.792,161.782,161.783
1782688080000,161.784,161.786,161.782,161.783
1782688140000,161.783,161.783,161.783,161.783
1782688200000,161.788,161.792,161.788,161.79
1782688260000,161.791,161.793,161.78,161.782
1782688320000,161.781,161.784,161.781,161.782
1782688380000,161.782,161.783,161.78,161.782
1782688440000,161.781,161.795,161.781,161.794
1782688500000,161.794,161.795,161.793,161.793
1782688560000,161.792,161.793,161.79,161.79
1782688620000,161.79,161.793,161.79,161.792
1782688680000,161.79,161.795,161.79,161.795
1782688740000,161.795,161.795,161.794,161.794
1782688800000,161.793,161.793,161.79,161.79
1782688860000,161.792,161.795,161.792,161.794
1782688920000,161.793,161.796,161.791,161.793
1782688980000,161.792,161.794,161.792,161.794
1782689040000,161.795,161.796,161.793,161.793
1782689100000,161.793,161.793,161.789,161.79
1782689160000,161.793,161.793,161.79,161.79
1782689220000,161.792,161.792,161.788,161.789
1782689280000,161.791,161.793,161.788,161.793
1782689340000,161.794,161.794,161.79,161.791
1782689400000,161.793,161.795,161.791,161.793
1782689460000,161.794,161.802,161.789,161.789
1782689520000,161.788,161.79,161.788,161.789
1782689580000,161.79,161.794,161.79,161.794
1782689640000,161.795,161.796,161.792,161.792
1782689700000,161.792,161.793,161.784,161.791
1782689760000,161.79,161.793,161.79,161.791
1782689820000,161.79,161.794,161.79,161.793
1782689880000,161.795,161.798,161.795,161.796
1782689940000,161.798,161.806,161.793,161.805
1782690000000,161.806,161.806,161.803,161.806
1782690060000,161.806,161.807,161.805,161.806
1782690120000,161.807,161.807,161.797,161.799
1782690180000,161.798,161.799,161.797,161.797
1782690240000,161.798,161.798,161.791,161.791
1782690300000,161.79,161.792,161.777,161.783
1782690360000,161.782,161.792,161.779,161.789
1782690420000,161.792,161.793,161.788,161.788
1782690480000,161.789,161.791,161.788,161.791
1782690540000,161.793,161.793,161.789,161.79
1782690600000,161.79,161.804,161.79,161.794
1782690660000,161.796,161.796,161.794,161.794
1782690720000,161.793,161.794,161.789,161.79
1782690780000,161.79,161.793,161.79,161.792
1782690840000,161.792,161.796,161.792,161.794
1782690900000,161.794,161.805,161.793,161.798
1782690960000,161.796,161.797,161.794,161.795
1782691020000,161.795,161.803,161.793,161.802
1782691080000,161.804,161.805,161.796,161.8
1782691140000,161.799,161.799,161.794,161.794
1782777600000,161.923,161.936,161.923,161.934
1782777660000,161.936,161.938,161.929,161.929
1782777720000,161.929,161.943,161.929,161.94
1782777780000,161.941,161.946,161.939,161.944
1782777840000,161.943,161.946,161.942,161.943
1782777900000,161.944,161.948,161.944,161.946
1782777960000,161.945,161.948,161.942,161.945
1782778020000,161.946,161.952,161.94,161.95
1782778080000,161.95,161.953,161.948,161.949
1782778140000,161.95,161.951,161.948,161.95
1782778200000,161.952,161.952,161.943,161.947
1782778260000,161.946,161.955,161.946,161.949
1782778320000,161.949,161.953,161.945,161.949
1782778380000,161.949,161.95,161.948,161.948
1782778440000,161.948,161.952,161.946,161.952
1782778500000,161.949,161.95,161.947,161.95
1782778560000,161.949,161.95,161.948,161.948
1782778620000,161.949,161.958,161.949,161.95
1782778680000,161.949,161.951,161.949,161.95
1782778740000,161.949,161.95,161.942,161.943
1782778800000,161.945,161.945,161.94,161.94
1782778860000,161.942,161.942,161.938,161.941
1782778920000,161.941,161.943,161.937,161.941
1782778980000,161.94,161.953,161.939,161.952
1782779040000,161.951,161.962,161.951,161.953
1782779100000,161.952,161.953,161.949,161.951
1782779160000,161.951,161.952,161.947,161.951
1782779220000,161.951,161.958,161.95,161.956
1782779280000,161.955,161.96,161.953,161.953
1782779340000,161.953,161.955,161.95,161.953
1782779400000,161.952,161.96,161.951,161.96
1782779460000,161.959,161.96,161.953,161.953
1782779520000,161.953,161.954,161.947,161.951
1782779580000,161.951,161.967,161.95,161.965
1782779640000,161.966,161.969,161.961,161.965
1782779700000,161.966,161.967,161.958,161.96
1782779760000,161.96,161.969,161.959,161.968
1782779820000,161.967,161.967,161.964,161.964
1782779880000,161.965,161.965,161.96,161.963
1782779940000,161.964,161.966,161.963,161.963
1782780000000,161.963,161.964,161.959,161.962
1782780060000,161.961,161.962,161.953,161.953
1782780120000,161.953,161.96,161.952,161.958
1782780180000,161.958,161.97,161.958,161.966
1782780240000,161.966,161.969,161.965,161.969
1782780300000,161.968,161.97,161.965,161.967
1782780360000,161.968,161.971,161.966,161.966
1782780420000,161.967,161.97,161.965,161.967
1782780480000,161.967,161.968,161.965,161.968
1782780540000,161.968,161.97,161.965,161.968
1782780600000,161.969,161.977,161.969,161.974
1782780660000,161.973,161.989,161.973,161.989
1782780720000,161.988,162.24,161.988,162.2
1782780780000,162.2,162.221,162.154,162.209
1782780840000,162.209,162.351,162.196,162.344
1782780900000,162.347,162.401,162.165,162.181
1782780960000,162.181,162.223,162.175,162.189
1782781020000,162.191,162.201,162.054,162.119
1782781080000,162.12,162.149,162.118,162.134
1782781140000,162.139,162.162,162.126,162.135
1782781200000,162.134,162.15,162.105,162.13
1782781260000,162.131,162.142,162.109,162.135
1782781320000,162.136,162.145,162.107,162.107
1782781380000,162.107,162.113,162.103,162.109
1782781440000,162.108,162.159,162.108,162.15
1782781500000,162.15,162.178,162.149,162.174
1782781560000,162.174,162.202,162.174,162.202
1782781620000,162.206,162.225,162.19,162.225
1782781680000,162.228,162.248,162.213,162.245
1782781740000,162.246,162.28,162.242,162.254
1782781800000,162.253,162.254,162.195,162.235
1782781860000,162.236,162.283,162.233,162.281
1782781920000,162.281,162.303,162.26,162.27
1782781980000,162.27,162.303,162.236,162.277
1782782040000,162.276,162.278,162.247,162.264
1782782100000,162.265,162.265,162.206,162.208
1782782160000,162.208,162.229,162.129,162.182
1782782220000,162.184,162.184,162.155,162.156
1782782280000,162.158,162.17,162.154,162.168
1782782340000,162.168,162.187,162.142,162.149
1782782400000,162.148,162.16,162.092,162.137
1782782460000,162.144,162.151,162.131,162.131
1782782520000,162.132,162.15,162.119,162.131
1782782580000,162.129,162.14,162.116,162.122
1782782640000,162.124,162.132,162.075,162.081
1782782700000,162.082,162.118,162.062,162.118
1782782760000,162.122,162.147,162.119,162.142
1782782820000,162.143,162.153,162.117,162.118
1782782880000,162.122,162.137,162.122,162.136
1782782940000,162.136,162.139,162.124,162.124
1782783000000,162.125,162.129,162.092,162.098
1782783060000,162.097,162.107,162.077,162.1
1782783120000,162.099,162.099,162.074,162.076
1782783180000,162.075,162.08,162.052,162.072
1782783240000,162.073,162.087,162.068,162.078
1782783300000,162.079,162.079,162.053,162.068
1782783360000,162.068,162.093,162.064,162.073
1782783420000,162.073,162.084,162.068,162.084
1782783480000,162.083,162.106,162.079,162.098
1782783540000,162.099,162.118,162.095,162.118
1782783600000,162.118,162.137,162.097,162.134
1782783660000,162.133,162.147,162.132,162.14
1782783720000,162.146,162.167,162.135,162.167
1782783780000,162.168,162.191,162.166,162.175
1782783840000,162.174,162.189,162.173,162.187
1782783900000,162.188,162.19,162.164,162.164
1782783960000,162.164,162.175,162.157,162.175
1782784020000,162.173,162.19,162.171,162.188
1782784080000,162.187,162.187,162.168,162.17
1782784140000,162.17,162.185,162.169,162.181
1782784200000,162.18,162.181,162.165,162.168
1782784260000,162.168,162.171,162.154,162.164
1782784320000,162.163,162.163,162.144,162.156
1782784380000,162.155,162.158,162.147,162.15
1782784440000,162.15,162.171,162.15,162.161
1782784500000,162.16,162.16,162.152,162.156
1782784560000,162.155,162.157,162.143,162.156
1782784620000,162.155,162.163,162.153,162.158
1782784680000,162.16,162.184,162.16,162.182
1782784740000,162.182,162.204,162.174,162.181
1782784800000,162.183,162.192,162.162,162.163
1782784860000,162.162,162.163,162.156,162.162
1782784920000,162.163,162.172,162.16,162.168
1782784980000,162.167,162.171,162.156,162.156
1782785040000,162.157,162.162,162.151,162.158
1782785100000,162.161,162.196,162.161,162.188
1782785160000,162.189,162.189,162.168,162.175
1782785220000,162.174,162.174,162.131,162.143
1782785280000,162.144,162.145,162.132,162.132
1782785340000,162.134,162.154,162.134,162.145
1782785400000,162.146,162.148,162.142,162.144
1782785460000,162.141,162.144,162.133,162.133
1782785520000,162.135,162.158,162.124,162.148
1782785580000,162.147,162.147,162.141,162.143
1782785640000,162.142,162.142,162.129,162.131
1782785700000,162.132,162.138,162.131,162.132
1782785760000,162.133,162.162,162.131,162.162
1782785820000,162.16,162.172,162.141,162.159
1782785880000,162.159,162.159,162.123,162.15
1782785940000,162.151,162.155,162.145,162.147
1782786000000,162.146,162.147,162.129,162.132
1782786060000,162.132,162.138,162.12,162.124
1782786120000,162.125,162.125,162.108,162.111
1782786180000,162.112,162.132,162.108,162.132
1782786240000,162.131,162.139,162.127,162.136
1782786300000,162.134,162.139,162.131,162.139
1782786360000,162.146,162.149,162.13,162.132
1782786420000,162.133,162.15,162.131,162.15
1782786480000,162.151,162.152,162.149,162.15
1782786540000,162.15,162.15,162.145,162.145
1782786600000,162.147,162.15,162.137,162.142
1782786660000,162.141,162.142,162.127,162.131
1782786720000,162.132,162.135,162.122,162.122
1782786780000,162.122,162.134,162.122,162.133
1782786840000,162.133,162.133,162.116,162.119
1782786900000,162.116,162.124,162.114,162.123
1782786960000,162.122,162.124,162.116,162.121
1782787020000,162.122,162.122,162.116,162.118
1782787080000,162.119,162.122,162.118,162.121
1782787140000,162.12,162.12,162.117,162.118
1782787200000,162.119,162.123,162.118,162.123
1782787260000,162.123,162.123,162.121,162.121
1782787320000,162.122,162.133,162.122,162.132
1782787380000,162.133,162.141,162.132,162.137
1782787440000,162.136,162.136,162.129,162.13
1782787500000,162.128,162.14,162.121,162.14
1782787560000,162.14,162.14,162.135,162.137
1782787620000,162.138,162.153,162.137,162.151
1782787680000,162.149,162.152,162.138,162.139
1782787740000,162.139,162.147,162.139,162.139
1782787800000,162.139,162.144,162.133,162.133
1782787860000,162.133,162.153,162.132,162.152
1782787920000,162.153,162.165,162.149,162.16
1782787980000,162.159,162.167,162.157,162.162
1782788040000,162.163,162.186,162.161,162.182
1782788100000,162.181,162.186,162.151,162.165
1782788160000,162.169,162.178,162.155,162.156
1782788220000,162.156,162.178,162.155,162.178
1782788280000,162.177,162.177,162.155,162.161
1782788340000,162.163,162.163,162.145,162.146
1782788400000,162.145,162.145,162.131,162.143
1782788460000,162.143,162.162,162.143,162.147
1782788520000,162.148,162.163,162.148,162.161
1782788580000,162.162,162.162,162.148,162.148
1782788640000,162.151,162.164,162.15,162.158
1782788700000,162.157,162.163,162.157,162.157
1782788760000,162.158,162.162,162.156,162.159
1782788820000,162.158,162.163,162.158,162.162
1782788880000,162.162,162.173,162.16,162.172
1782788940000,162.173,162.18,162.17,162.171
1782789000000,162.171,162.175,162.17,162.173
1782789060000,162.174,162.2,162.174,162.198
1782789120000,162.199,162.199,162.186,162.188
1782789180000,162.189,162.196,162.189,162.194
1782789240000,162.193,162.202,162.192,162.202
1782789300000,162.202,162.205,162.201,162.202
1782789360000,162.202,162.216,162.202,162.212
1782789420000,162.213,162.215,162.201,162.203
1782789480000,162.203,162.206,162.201,162.206
1782789540000,162.207,162.223,162.207,162.216
1782789600000,162.219,162.225,162.218,162.225
1782789660000,162.223,162.223,162.216,162.217
1782789720000,162.217,162.221,162.217,162.22
1782789780000,162.22,162.232,162.217,162.232
1782789840000,162.23,162.232,162.222,162.224
1782789900000,162.227,162.229,162.223,162.223
1782789960000,162.225,162.244,162.139,162.171
1782790020000,162.172,162.176,162.042,162.091
1782790080000,162.093,162.138,162.091,162.137
1782790140000,162.136,162.148,162.13,162.148
1782790200000,162.148,162.15,162.14,162.144
1782790260000,162.145,162.146,162.127,162.145
1782790320000,162.146,162.146,162.133,162.14
1782790380000,162.142,162.143,162.13,162.143
1782790440000,162.143,162.145,162.123,162.128
1782790500000,162.129,162.135,162.117,162.133
1782790560000,162.135,162.142,162.131,162.134
1782790620000,162.135,162.163,162.133,162.162
1782790680000,162.161,162.17,162.157,162.168
1782790740000,162.169,162.169,162.146,162.149
1782790800000,162.154,162.161,162.152,162.16
1782790860000,162.158,162.167,162.156,162.162
1782790920000,162.162,162.17,162.159,162.17
1782790980000,162.17,162.171,162.166,162.166
1782791040000,162.165,162.171,162.164,162.169
1782791100000,162.169,162.173,162.163,162.164
1782791160000,162.164,162.177,162.164,162.176
1782791220000,162.176,162.177,162.17,162.173
1782791280000,162.172,162.174,162.17,162.172
1782791340000,162.171,162.171,162.167,162.17
1782791400000,162.171,162.171,162.166,162.169
1782791460000,162.169,162.174,162.167,162.173
1782791520000,162.174,162.175,162.17,162.17
1782791580000,162.17,162.17,162.169,162.17
1782791640000,162.169,162.173,162.166,162.172
1782791700000,162.173,162.178,162.171,162.174
1782791760000,162.176,162.176,162.172,162.173
1782791820000,162.178,162.178,162.169,162.169
1782791880000,162.168,162.173,162.166,162.171
1782791940000,162.17,162.174,162.17,162.172
1782792000000,162.173,162.183,162.172,162.181
1782792060000,162.181,162.185,162.181,162.182
1782792120000,162.184,162.195,162.184,162.187
1782792180000,162.187,162.187,162.176,162.176
1782792240000,162.174,162.174,162.168,162.17
1782792300000,162.169,162.171,162.165,162.17
1782792360000,162.17,162.182,162.168,162.169
1782792420000,162.167,162.167,162.161,162.167
1782792480000,162.168,162.168,162.162,162.167
1782792540000,162.167,162.172,162.165,162.169
1782792600000,162.168,162.169,162.168,162.168
1782792660000,162.17,162.179,162.166,162.179
1782792720000,162.182,162.182,162.182,162.182
1782792780000,162.18,162.186,162.179,162.184
1782792840000,162.182,162.182,162.18,162.181
1782792900000,162.182,162.182,162.179,162.179
1782792960000,162.182,162.188,162.181,162.186
1782793020000,162.185,162.186,162.175,162.175
1782793080000,162.176,162.186,162.176,162.183
1782793140000,162.184,162.186,162.182,162.183
1782793200000,162.182,162.182,162.167,162.17
1782793260000,162.17,162.173,162.164,162.164
1782793320000,162.166,162.173,162.164,162.169
1782793380000,162.169,162.173,162.167,162.169
1782793440000,162.168,162.171,162.168,162.171
1782793500000,162.172,162.18,162.172,162.18
1782793560000,162.177,162.182,162.172,162.182
1782793620000,162.181,162.181,162.169,162.169
1782793680000,162.17,162.17,162.165,162.165
1782793740000,162.167,162.173,162.167,162.173
1782793800000,162.174,162.182,162.174,162.177
1782793860000,162.179,162.185,162.179,162.182
1782793920000,162.182,162.185,162.174,162.176
1782793980000,162.175,162.182,162.175,162.181
1782794040000,162.181,162.188,162.181,162.182
1782794100000,162.183,162.183,162.15,162.176
1782794160000,162.175,162.176,162.164,162.167
1782794220000,162.171,162.173,162.17,162.173
1782794280000,162.173,162.177,162.171,162.172
1782794340000,162.173,162.174,162.169,162.17
1782794400000,162.174,162.191,162.174,162.186
1782794460000,162.185,162.185,162.175,162.182
1782794520000,162.184,162.189,162.184,162.186
1782794580000,162.186,162.186,162.172,162.175
1782794640000,162.179,162.185,162.178,162.18
1782794700000,162.18,162.186,162.178,162.186
1782794760000,162.186,162.188,162.184,162.187
1782794820000,162.187,162.189,162.186,162.187
1782794880000,162.187,162.189,162.181,162.185
1782794940000,162.185,162.185,162.173,162.179
1782795000000,162.175,162.19,162.175,162.185
1782795060000,162.185,162.189,162.171,162.173
1782795120000,162.173,162.186,162.173,162.181
1782795180000,162.182,162.183,162.177,162.177
1782795240000,162.176,162.18,162.169,162.176
1782795300000,162.176,162.186,162.171,162.185
1782795360000,162.184,162.192,162.175,162.186
1782795420000,162.186,162.195,162.185,162.188
1782795480000,162.189,162.196,162.189,162.192
1782795540000,162.19,162.201,162.19,162.201
1782795600000,162.206,162.206,162.181,162.182
1782795660000,162.181,162.183,162.174,162.182
1782795720000,162.183,162.193,162.183,162.185
1782795780000,162.184,162.188,162.179,162.181
1782795840000,162.18,162.18,162.17,162.17
1782795900000,162.17,162.18,162.17,162.175
1782795960000,162.173,162.177,162.173,162.175
1782796020000,162.176,162.177,162.173,162.173
1782796080000,162.172,162.173,162.16,162.165
1782796140000,162.164,162.173,162.153,162.172
1782796200000,162.172,162.198,162.172,162.196
1782796260000,162.195,162.224,162.195,162.221
1782796320000,162.221,162.221,162.21,162.215
1782796380000,162.215,162.224,162.212,162.221
1782796440000,162.221,162.221,162.208,162.211
1782796500000,162.21,162.213,162.193,162.196
1782796560000,162.195,162.196,162.188,162.194
1782796620000,162.195,162.198,162.194,162.194
1782796680000,162.193,162.196,162.176,162.178
1782796740000,162.178,162.188,162.174,162.187
1782796800000,162.186,162.194,162.186,162.192
1782796860000,162.191,162.192,162.189,162.192
1782796920000,162.192,162.192,162.178,162.179
1782796980000,162.184,162.194,162.184,162.192
1782797040000,162.191,162.194,162.185,162.194
1782797100000,162.197,162.213,162.195,162.211
1782797160000,162.21,162.21,162.204,162.208
1782797220000,162.206,162.208,162.199,162.204
1782797280000,162.203,162.207,162.202,162.205
1782797340000,162.204,162.205,162.198,162.2
1782797400000,162.2,162.2,162.197,162.198
1782797460000,162.199,162.202,162.199,162.2
1782797520000,162.201,162.205,162.199,162.205
1782797580000,162.204,162.21,162.202,162.207
1782797640000,162.209,162.215,162.207,162.215
1782797700000,162.213,162.22,162.213,162.218
1782797760000,162.218,162.22,162.207,162.207
1782797820000,162.208,162.213,162.206,162.213
1782797880000,162.211,162.212,162.204,162.206
1782797940000,162.207,162.213,162.207,162.213
1782798000000,162.216,162.218,162.206,162.208
1782798060000,162.207,162.213,162.207,162.212
1782798120000,162.211,162.22,162.211,162.218
1782798180000,162.219,162.229,162.219,162.227
1782798240000,162.227,162.232,162.222,162.222
1782798300000,162.223,162.241,162.221,162.241
1782798360000,162.241,162.25,162.241,162.245
1782798420000,162.247,162.251,162.246,162.249
1782798480000,162.25,162.253,162.245,162.247
1782798540000,162.247,162.249,162.239,162.239
1782798600000,162.244,162.247,162.242,162.242
1782798660000,162.243,162.253,162.243,162.251
1782798720000,162.251,162.252,162.243,162.247
1782798780000,162.248,162.257,162.247,162.255
1782798840000,162.255,162.259,162.249,162.259
1782798900000,162.259,162.27,162.259,162.268
1782798960000,162.266,162.27,162.265,162.268
1782799020000,162.268,162.286,162.266,162.281
1782799080000,162.28,162.286,162.275,162.285
1782799140000,162.283,162.288,162.282,162.288
1782799200000,162.289,162.326,162.285,162.319
1782799260000,162.318,162.331,162.318,162.327
1782799320000,162.329,162.333,162.312,162.312
1782799380000,162.309,162.34,162.307,162.339
1782799440000,162.34,162.353,162.339,162.35
1782799500000,162.351,162.379,162.346,162.37
1782799560000,162.371,162.371,162.302,162.351
1782799620000,162.351,162.352,162.327,162.332
1782799680000,162.331,162.348,162.322,162.335
1782799740000,162.334,162.358,162.329,162.353
1782799800000,162.354,162.412,162.354,162.402
1782799860000,162.401,162.401,162.346,162.377
1782799920000,162.376,162.379,162.254,162.322
1782799980000,162.322,162.34,162.312,162.313
1782800040000,162.313,162.337,162.309,162.323
1782800100000,162.323,162.334,162.285,162.301
1782800160000,162.302,162.305,162.272,162.289
1782800220000,162.288,162.303,162.285,162.302
1782800280000,162.301,162.307,162.264,162.265
1782800340000,162.266,162.272,162.254,162.272
1782800400000,162.272,162.286,162.266,162.274
1782800460000,162.272,162.278,162.262,162.263
1782800520000,162.263,162.266,162.234,162.263
1782800580000,162.264,162.267,162.247,162.266
1782800640000,162.266,162.266,162.242,162.255
1782800700000,162.256,162.267,162.254,162.262
1782800760000,162.262,162.265,162.247,162.258
1782800820000,162.257,162.265,162.254,162.261
1782800880000,162.262,162.262,162.237,162.239
1782800940000,162.238,162.254,162.238,162.243
1782801000000,162.246,162.276,162.246,162.274
1782801060000,162.274,162.279,162.251,162.279
1782801120000,162.279,162.307,162.277,162.296
1782801180000,162.297,162.317,162.294,162.304
1782801240000,162.304,162.305,162.27,162.273
1782801300000,162.274,162.279,162.247,162.261
1782801360000,162.262,162.264,162.251,162.261
1782801420000,162.26,162.277,162.259,162.265
1782801480000,162.265,162.283,162.261,162.279
1782801540000,162.279,162.286,162.273,162.274
1782801600000,162.274,162.275,162.255,162.261
1782801660000,162.262,162.265,162.259,162.262
1782801720000,162.263,162.275,162.261,162.264
1782801780000,162.265,162.266,162.253,162.26
1782801840000,162.26,162.266,162.257,162.264
1782801900000,162.263,162.285,162.262,162.284
1782801960000,162.283,162.291,162.279,162.284
1782802020000,162.284,162.284,162.262,162.271
1782802080000,162.271,162.276,162.271,162.272
1782802140000,162.272,162.282,162.254,162.256
1782802200000,162.257,162.261,162.247,162.26
1782802260000,162.261,162.282,162.26,162.27
1782802320000,162.269,162.28,162.268,162.278
1782802380000,162.276,162.281,162.268,162.277
1782802440000,162.277,162.281,162.247,162.255
1782802500000,162.253,162.253,162.237,162.253
1782802560000,162.253,162.255,162.24,162.251
1782802620000,162.251,162.256,162.249,162.254
1782802680000,162.255,162.255,162.214,162.215
1782802740000,162.214,162.222,162.203,162.204
1782802800000,162.204,162.222,162.182,162.207
1782802860000,162.209,162.235,162.209,162.235
1782802920000,162.234,162.237,162.21,162.215
1782802980000,162.216,162.228,162.208,162.212
1782803040000,162.212,162.226,162.212,162.22
1782803100000,162.221,162.221,162.207,162.21
1782803160000,162.213,162.221,162.202,162.207
1782803220000,162.206,162.212,162.201,162.209
1782803280000,162.209,162.209,162.191,162.199
1782803340000,162.199,162.215,162.199,162.212
1782803400000,162.213,162.216,162.202,162.205
1782803460000,162.206,162.208,162.189,162.196
1782803520000,162.194,162.208,162.193,162.207
1782803580000,162.207,162.212,162.204,162.212
1782803640000,162.214,162.224,162.214,162.22
1782803700000,162.22,162.229,162.215,162.217
1782803760000,162.217,162.231,162.216,162.22
1782803820000,162.221,162.224,162.216,162.224
1782803880000,162.225,162.225,162.208,162.211
1782803940000,162.212,162.212,162.207,162.21
1782804000000,162.21,162.211,162.181,162.182
1782804060000,162.183,162.194,162.18,162.188
1782804120000,162.188,162.189,162.181,162.187
1782804180000,162.186,162.188,162.181,162.183
1782804240000,162.184,162.184,162.17,162.173
1782804300000,162.174,162.174,162.154,162.161
1782804360000,162.162,162.17,162.157,162.166
1782804420000,162.167,162.173,162.167,162.172
1782804480000,162.171,162.173,162.168,162.173
1782804540000,162.174,162.176,162.167,162.167
1782804600000,162.166,162.169,162.153,162.169
1782804660000,162.165,162.17,162.165,162.169
1782804720000,162.169,162.171,162.143,162.144
1782804780000,162.144,162.151,162.144,162.149
1782804840000,162.15,162.162,162.149,162.158
1782804900000,162.158,162.16,162.157,162.157
1782804960000,162.158,162.159,162.135,162.135
1782805020000,162.135,162.136,162.122,162.13
1782805080000,162.131,162.133,162.118,162.131
1782805140000,162.13,162.141,162.123,162.138
1782805200000,162.137,162.152,162.137,162.152
1782805260000,162.152,162.164,162.147,162.163
1782805320000,162.164,162.164,162.152,162.154
1782805380000,162.153,162.161,162.153,162.159
1782805440000,162.159,162.176,162.154,162.176
1782805500000,162.174,162.194,162.165,162.192
1782805560000,162.192,162.192,162.178,162.184
1782805620000,162.184,162.201,162.18,162.194
1782805680000,162.192,162.206,162.192,162.201
1782805740000,162.202,162.238,162.202,162.236
1782805800000,162.238,162.252,162.236,162.239
1782805860000,162.24,162.24,162.23,162.237
1782805920000,162.238,162.252,162.238,162.248
1782805980000,162.247,162.252,162.238,162.252
1782806040000,162.251,162.252,162.222,162.227
1782806100000,162.228,162.247,162.228,162.243
1782806160000,162.244,162.259,162.244,162.257
1782806220000,162.257,162.265,162.256,162.261
1782806280000,162.262,162.267,162.256,162.257
1782806340000,162.258,162.264,162.248,162.256
1782806400000,162.258,162.258,162.238,162.244
1782806460000,162.243,162.262,162.239,162.253
1782806520000,162.255,162.265,162.247,162.252
1782806580000,162.253,162.253,162.236,162.243
1782806640000,162.244,162.262,162.244,162.252
1782806700000,162.253,162.255,162.224,162.236
1782806760000,162.236,162.254,162.235,162.246
1782806820000,162.246,162.262,162.246,162.262
1782806880000,162.261,162.266,162.245,162.265
1782806940000,162.265,162.293,162.265,162.283
1782807000000,162.283,162.287,162.277,162.281
1782807060000,162.282,162.301,162.282,162.296
1782807120000,162.294,162.306,162.287,162.292
1782807180000,162.291,162.312,162.286,162.305
1782807240000,162.304,162.325,162.304,162.325
1782807300000,162.325,162.334,162.324,162.326
1782807360000,162.328,162.329,162.309,162.317
1782807420000,162.318,162.327,162.318,162.322
1782807480000,162.324,162.335,162.318,162.332
1782807540000,162.335,162.337,162.324,162.324
1782807600000,162.324,162.334,162.312,162.321
1782807660000,162.323,162.323,162.294,162.295
1782807720000,162.297,162.309,162.296,162.304
1782807780000,162.305,162.312,162.301,162.309
1782807840000,162.308,162.323,162.307,162.323
1782807900000,162.322,162.326,162.311,162.311
1782807960000,162.312,162.312,162.308,162.309
1782808020000,162.308,162.311,162.29,162.293
1782808080000,162.292,162.313,162.291,162.312
1782808140000,162.312,162.322,162.306,162.309
1782808200000,162.31,162.321,162.3,162.319
1782808260000,162.317,162.321,162.307,162.309
1782808320000,162.31,162.32,162.306,162.319
1782808380000,162.319,162.326,162.319,162.323
1782808440000,162.324,162.327,162.322,162.323
1782808500000,162.323,162.327,162.322,162.324
1782808560000,162.323,162.337,162.322,162.336
1782808620000,162.337,162.353,162.337,162.353
1782808680000,162.353,162.358,162.346,162.357
1782808740000,162.359,162.364,162.351,162.363
1782808800000,162.365,162.376,162.363,162.374
1782808860000,162.375,162.375,162.362,162.364
1782808920000,162.364,162.387,162.364,162.386
1782808980000,162.386,162.387,162.379,162.381
1782809040000,162.38,162.386,162.378,162.381
1782809100000,162.382,162.4,162.379,162.399
1782809160000,162.398,162.402,162.363,162.373
1782809220000,162.373,162.399,162.37,162.398
1782809280000,162.399,162.413,162.36,162.36
1782809340000,162.361,162.362,162.346,162.357
1782809400000,162.357,162.373,162.355,162.369
1782809460000,162.368,162.379,162.362,162.377
1782809520000,162.376,162.389,162.371,162.389
1782809580000,162.388,162.4,162.388,162.393
1782809640000,162.399,162.408,162.392,162.392
1782809700000,162.392,162.392,162.357,162.358
1782809760000,162.355,162.359,162.319,162.335
1782809820000,162.335,162.346,162.33,162.344
1782809880000,162.343,162.344,162.314,162.318
1782809940000,162.318,162.32,162.308,162.317
1782810000000,162.316,162.333,162.316,162.324
1782810060000,162.324,162.332,162.321,162.33
1782810120000,162.329,162.348,162.328,162.333
1782810180000,162.332,162.334,162.316,162.316
1782810240000,162.316,162.326,162.316,162.323
1782810300000,162.323,162.336,162.323,162.333
1782810360000,162.332,162.334,162.33,162.332
1782810420000,162.331,162.335,162.313,162.315
1782810480000,162.317,162.325,162.317,162.32
1782810540000,162.318,162.318,162.306,162.309
1782810600000,162.308,162.311,162.29,162.298
1782810660000,162.296,162.298,162.289,162.296
1782810720000,162.298,162.311,162.268,162.275
1782810780000,162.274,162.296,162.267,162.296
1782810840000,162.296,162.296,162.283,162.294
1782810900000,162.294,162.297,162.275,162.28
1782810960000,162.281,162.287,162.275,162.285
1782811020000,162.285,162.298,162.283,162.296
1782811080000,162.296,162.306,162.291,162.298
1782811140000,162.299,162.314,162.297,162.313
1782811200000,162.313,162.322,162.31,162.313
1782811260000,162.312,162.321,162.311,162.316
1782811320000,162.317,162.326,162.316,162.324
1782811380000,162.323,162.325,162.317,162.323
1782811440000,162.324,162.325,162.314,162.318
1782811500000,162.318,162.318,162.3,162.301
1782811560000,162.301,162.302,162.288,162.292
1782811620000,162.291,162.301,162.286,162.3
1782811680000,162.301,162.302,162.295,162.301
1782811740000,162.301,162.309,162.298,162.302
1782811800000,162.301,162.303,162.289,162.301
1782811860000,162.303,162.317,162.3,162.313
1782811920000,162.313,162.315,162.311,162.313
1782811980000,162.313,162.318,162.31,162.312
1782812040000,162.311,162.312,162.299,162.301
1782812100000,162.302,162.313,162.3,162.312
1782812160000,162.311,162.314,162.306,162.306
1782812220000,162.306,162.309,162.304,162.308
1782812280000,162.31,162.312,162.305,162.311
1782812340000,162.312,162.32,162.309,162.316
1782812400000,162.316,162.319,162.312,162.317
1782812460000,162.316,162.319,162.303,162.305
1782812520000,162.304,162.306,162.3,162.304
1782812580000,162.303,162.307,162.292,162.306
1782812640000,162.305,162.313,162.304,162.305
1782812700000,162.304,162.305,162.293,162.294
1782812760000,162.294,162.297,162.286,162.286
1782812820000,162.287,162.301,162.287,162.3
1782812880000,162.299,162.3,162.288,162.291
1782812940000,162.291,162.3,162.29,162.3
1782813000000,162.301,162.315,162.301,162.304
1782813060000,162.304,162.304,162.293,162.301
1782813120000,162.302,162.307,162.291,162.296
1782813180000,162.295,162.296,162.272,162.287
1782813240000,162.288,162.291,162.28,162.285
1782813300000,162.287,162.305,162.285,162.303
1782813360000,162.301,162.303,162.29,162.291
1782813420000,162.291,162.301,162.286,162.292
1782813480000,162.291,162.295,162.289,162.291
1782813540000,162.29,162.293,162.288,162.292
1782813600000,162.291,162.31,162.291,162.295
1782813660000,162.295,162.304,162.291,162.302
1782813720000,162.301,162.303,162.294,162.295
1782813780000,162.295,162.301,162.294,162.301
1782813840000,162.298,162.306,162.297,162.3
1782813900000,162.299,162.3,162.293,162.297
1782813960000,162.298,162.315,162.296,162.315
1782814020000,162.314,162.316,162.305,162.305
1782814080000,162.305,162.31,162.303,162.305
1782814140000,162.306,162.313,162.305,162.307
1782814200000,162.309,162.316,162.304,162.315
1782814260000,162.315,162.316,162.307,162.309
1782814320000,162.311,162.327,162.308,162.324
1782814380000,162.325,162.327,162.323,162.325
1782814440000,162.326,162.329,162.324,162.325
1782814500000,162.326,162.326,162.318,162.318
1782814560000,162.319,162.319,162.304,162.305
1782814620000,162.305,162.318,162.305,162.312
1782814680000,162.315,162.316,162.31,162.314
1782814740000,162.314,162.32,162.314,162.319
1782814800000,162.321,162.326,162.318,162.324
1782814860000,162.324,162.324,162.318,162.319
1782814920000,162.317,162.328,162.312,162.328
1782814980000,162.327,162.335,162.327,162.329
1782815040000,162.331,162.333,162.329,162.33
1782815100000,162.33,162.331,162.325,162.325
1782815160000,162.325,162.33,162.325,162.327
1782815220000,162.329,162.333,162.328,162.33
1782815280000,162.331,162.331,162.325,162.326
1782815340000,162.325,162.333,162.325,162.333
1782815400000,162.332,162.342,162.332,162.339
1782815460000,162.339,162.34,162.338,162.338
1782815520000,162.337,162.34,162.337,162.339
1782815580000,162.339,162.341,162.337,162.34
1782815640000,162.341,162.341,162.327,162.338
1782815700000,162.338,162.34,162.334,162.338
1782815760000,162.338,162.338,162.328,162.329
1782815820000,162.33,162.337,162.33,162.331
1782815880000,162.33,162.332,162.328,162.329
1782815940000,162.328,162.329,162.324,162.328
1782816000000,162.327,162.339,162.327,162.333
1782816060000,162.334,162.344,162.334,162.343
1782816120000,162.343,162.349,162.341,162.346
1782816180000,162.346,162.354,162.343,162.344
1782816240000,162.344,162.35,162.344,162.349
1782816300000,162.348,162.352,162.348,162.349
1782816360000,162.35,162.352,162.349,162.349
1782816420000,162.349,162.35,162.34,162.342
1782816480000,162.342,162.345,162.338,162.341
1782816540000,162.34,162.355,162.34,162.351
1782816600000,162.35,162.352,162.347,162.35
1782816660000,162.35,162.354,162.348,162.349
1782816720000,162.349,162.349,162.34,162.34
1782816780000,162.34,162.34,162.332,162.332
1782816840000,162.331,162.335,162.33,162.335
1782816900000,162.335,162.335,162.324,162.324
1782816960000,162.324,162.325,162.316,162.324
1782817020000,162.324,162.324,162.314,162.319
1782817080000,162.32,162.32,162.313,162.314
1782817140000,162.312,162.316,162.312,162.315
1782817200000,162.315,162.335,162.314,162.332
1782817260000,162.331,162.332,162.315,162.319
1782817320000,162.321,162.327,162.321,162.326
1782817380000,162.326,162.329,162.319,162.328
1782817440000,162.326,162.332,162.326,162.329
1782817500000,162.328,162.33,162.324,162.327
1782817560000,162.326,162.336,162.326,162.335
1782817620000,162.336,162.337,162.334,162.335
1782817680000,162.337,162.337,162.333,162.335
1782817740000,162.334,162.337,162.333,162.337
1782817800000,162.339,162.35,162.339,162.35
1782817860000,162.349,162.352,162.342,162.348
1782817920000,162.349,162.352,162.342,162.342
1782817980000,162.343,162.351,162.343,162.346
1782818040000,162.347,162.351,162.345,162.347
1782818100000,162.346,162.351,162.345,162.35
1782818160000,162.351,162.356,162.346,162.356
1782818220000,162.354,162.365,162.354,162.363
1782818280000,162.364,162.365,162.358,162.361
1782818340000,162.36,162.36,162.349,162.351
1782818400000,162.352,162.368,162.351,162.366
1782818460000,162.363,162.373,162.36,162.367
1782818520000,162.368,162.371,162.365,162.366
1782818580000,162.367,162.382,162.365,162.379
1782818640000,162.38,162.392,162.379,162.387
1782818700000,162.387,162.393,162.382,162.386
1782818760000,162.385,162.391,162.384,162.389
1782818820000,162.39,162.39,162.385,162.386
1782818880000,162.387,162.387,162.373,162.375
1782818940000,162.375,162.384,162.375,162.381
1782819000000,162.38,162.38,162.375,162.377
1782819060000,162.377,162.381,162.373,162.377
1782819120000,162.378,162.389,162.375,162.389
1782819180000,162.388,162.39,162.385,162.387
1782819240000,162.387,162.39,162.384,162.39
1782819300000,162.389,162.404,162.386,162.399
1782819360000,162.4,162.405,162.398,162.401
1782819420000,162.402,162.402,162.396,162.401
1782819480000,162.399,162.414,162.396,162.401
1782819540000,162.401,162.406,162.401,162.403
1782819600000,162.404,162.414,162.404,162.411
1782819660000,162.411,162.426,162.406,162.407
1782819720000,162.407,162.408,162.39,162.397
1782819780000,162.397,162.399,162.378,162.387
1782819840000,162.387,162.401,162.385,162.391
1782819900000,162.39,162.4,162.39,162.396
1782819960000,162.397,162.397,162.39,162.39
1782820020000,162.391,162.393,162.387,162.392
1782820080000,162.392,162.392,162.385,162.391
1782820140000,162.392,162.401,162.39,162.392
1782820200000,162.393,162.402,162.392,162.396
1782820260000,162.396,162.399,162.387,162.39
1782820320000,162.39,162.395,162.389,162.392
1782820380000,162.393,162.402,162.392,162.4
1782820440000,162.401,162.408,162.4,162.405
1782820500000,162.409,162.421,162.407,162.418
1782820560000,162.417,162.419,162.416,162.418
1782820620000,162.417,162.419,162.415,162.417
1782820680000,162.417,162.418,162.406,162.415
1782820740000,162.416,162.416,162.412,162.414
1782820800000,162.414,162.414,162.403,162.412
1782820860000,162.413,162.415,162.404,162.412
1782820920000,162.414,162.418,162.412,162.413
1782820980000,162.411,162.448,162.411,162.441
1782821040000,162.44,162.441,162.428,162.429
1782821100000,162.428,162.447,162.428,162.439
1782821160000,162.438,162.44,162.428,162.431
1782821220000,162.431,162.432,162.427,162.428
1782821280000,162.427,162.439,162.427,162.431
1782821340000,162.431,162.44,162.425,162.44
1782821400000,162.439,162.445,162.437,162.439
1782821460000,162.438,162.441,162.432,162.438
1782821520000,162.438,162.444,162.436,162.442
1782821580000,162.441,162.444,162.427,162.427
1782821640000,162.427,162.427,162.417,162.419
1782821700000,162.42,162.433,162.419,162.433
1782821760000,162.432,162.439,162.43,162.436
1782821820000,162.435,162.438,162.425,162.427
1782821880000,162.426,162.431,162.426,162.427
1782821940000,162.428,162.431,162.417,162.429
1782822000000,162.43,162.45,162.428,162.445
1782822060000,162.446,162.45,162.441,162.444
1782822120000,162.445,162.452,162.445,162.45
1782822180000,162.45,162.492,162.448,162.484
1782822240000,162.485,162.497,162.482,162.491
1782822300000,162.492,162.492,162.461,162.467
1782822360000,162.465,162.467,162.45,162.454
1782822420000,162.454,162.469,162.452,162.466
1782822480000,162.467,162.467,162.456,162.465
1782822540000,162.466,162.479,162.465,162.477
1782822600000,162.478,162.495,162.469,162.488
1782822660000,162.487,162.51,162.146,162.167
1782822720000,162.18,162.39,162.027,162.365
1782822780000,162.366,162.375,162.326,162.366
1782822840000,162.367,162.384,162.336,162.356
1782822900000,162.355,162.365,162.339,162.339
1782822960000,162.34,162.37,162.329,162.364
1782823020000,162.365,162.38,162.361,162.375
1782823080000,162.377,162.379,162.348,162.374
1782823140000,162.375,162.404,162.375,162.403
1782823200000,162.403,162.45,162.403,162.407
1782823260000,162.407,162.421,162.405,162.419
1782823320000,162.419,162.429,162.396,162.408
1782823380000,162.407,162.408,162.398,162.401
1782823440000,162.402,162.41,162.382,162.408
1782823500000,162.408,162.438,162.408,162.438
1782823560000,162.436,162.436,162.419,162.435
1782823620000,162.434,162.439,162.427,162.428
1782823680000,162.429,162.437,162.424,162.433
1782823740000,162.435,162.437,162.418,162.433
1782823800000,162.431,162.434,162.408,162.413
1782823860000,162.413,162.416,162.407,162.409
1782823920000,162.405,162.408,162.4,162.408
1782823980000,162.408,162.419,162.383,162.383
1782824040000,162.386,162.394,162.379,162.386
1782824100000,162.387,162.396,162.38,162.387
1782824160000,162.389,162.401,162.389,162.399
1782824220000,162.399,162.404,162.39,162.394
1782824280000,162.395,162.405,162.391,162.402
1782824340000,162.402,162.408,162.388,162.403
1782824400000,162.401,162.412,162.401,162.405
1782824460000,162.407,162.417,162.401,162.404
1782824520000,162.405,162.413,162.396,162.4
1782824580000,162.401,162.407,162.392,162.407
1782824640000,162.407,162.407,162.4,162.403
1782824700000,162.402,162.404,162.385,162.385
1782824760000,162.385,162.388,162.375,162.38
1782824820000,162.382,162.388,162.374,162.378
1782824880000,162.377,162.388,162.376,162.386
1782824940000,162.383,162.383,162.365,162.368
1782825000000,162.366,162.372,162.349,162.364
1782825060000,162.364,162.366,162.36,162.362
1782825120000,162.36,162.375,162.359,162.375
1782825180000,162.373,162.389,162.373,162.386
1782825240000,162.385,162.385,162.375,162.377
1782825300000,162.376,162.376,162.355,162.36
1782825360000,162.362,162.364,162.338,162.35
1782825420000,162.349,162.351,162.339,162.339
1782825480000,162.34,162.348,162.335,162.345
1782825540000,162.344,162.35,162.337,162.346
1782825600000,162.346,162.347,162.337,162.344
1782825660000,162.345,162.345,162.338,162.34
1782825720000,162.34,162.361,162.339,162.352
1782825780000,162.351,162.373,162.346,162.366
1782825840000,162.367,162.377,162.366,162.374
1782825900000,162.374,162.38,162.372,162.38
1782825960000,162.381,162.383,162.347,162.348
1782826020000,162.348,162.351,162.319,162.32
1782826080000,162.319,162.347,162.315,162.34
1782826140000,162.341,162.347,162.33,162.336
1782826200000,162.335,162.355,162.325,162.354
1782826260000,162.354,162.375,162.351,162.374
1782826320000,162.373,162.375,162.366,162.369
1782826380000,162.368,162.389,162.367,162.385
1782826440000,162.386,162.387,162.378,162.384
1782826500000,162.385,162.389,162.375,162.389
1782826560000,162.388,162.407,162.388,162.407
1782826620000,162.407,162.423,162.401,162.401
1782826680000,162.403,162.412,162.402,162.407
1782826740000,162.407,162.409,162.4,162.409
1782826800000,162.407,162.411,162.4,162.4
1782826860000,162.4,162.402,162.387,162.39
1782826920000,162.392,162.405,162.392,162.398
1782826980000,162.399,162.403,162.398,162.401
1782827040000,162.403,162.403,162.392,162.396
1782827100000,162.397,162.416,162.397,162.413
1782827160000,162.415,162.426,162.413,162.414
1782827220000,162.412,162.421,162.4,162.418
1782827280000,162.419,162.426,162.418,162.421
1782827340000,162.42,162.442,162.419,162.442
1782827400000,162.442,162.443,162.435,162.443
1782827460000,162.445,162.446,162.429,162.434
1782827520000,162.434,162.44,162.42,162.421
1782827580000,162.423,162.453,162.422,162.446
1782827640000,162.446,162.451,162.444,162.446
1782827700000,162.446,162.457,162.446,162.454
1782827760000,162.453,162.455,162.451,162.454
1782827820000,162.453,162.455,162.443,162.454
1782827880000,162.454,162.476,162.454,162.476
1782827940000,162.475,162.476,162.463,162.467
1782828000000,162.469,162.505,162.433,162.485
1782828060000,162.484,162.504,162.473,162.473
1782828120000,162.472,162.483,162.448,162.469
1782828180000,162.469,162.473,162.425,162.448
1782828240000,162.447,162.458,162.443,162.445
1782828300000,162.446,162.447,162.416,162.43
1782828360000,162.432,162.452,162.431,162.443
1782828420000,162.443,162.463,162.443,162.462
1782828480000,162.462,162.472,162.46,162.462
1782828540000,162.463,162.465,162.448,162.451
1782828600000,162.45,162.452,162.43,162.441
1782828660000,162.442,162.449,162.432,162.448
1782828720000,162.448,162.469,162.446,162.462
1782828780000,162.462,162.476,162.458,162.466
1782828840000,162.465,162.479,162.45,162.452
1782828900000,162.45,162.457,162.388,162.427
1782828960000,162.428,162.435,162.421,162.424
1782829020000,162.424,162.444,162.423,162.438
1782829080000,162.438,162.45,162.437,162.449
1782829140000,162.448,162.453,162.441,162.442
1782829200000,162.441,162.443,162.424,162.424
1782829260000,162.425,162.431,162.418,162.42
1782829320000,162.422,162.425,162.408,162.409
1782829380000,162.409,162.409,162.396,162.409
1782829440000,162.408,162.42,162.405,162.417
1782829500000,162.416,162.421,162.408,162.419
1782829560000,162.42,162.42,162.402,162.409
1782829620000,162.409,162.41,162.392,162.396
1782829680000,162.397,162.413,162.395,162.399
1782829740000,162.399,162.407,162.394,162.407
1782829800000,162.406,162.421,162.402,162.415
1782829860000,162.417,162.421,162.403,162.415
1782829920000,162.415,162.421,162.404,162.42
1782829980000,162.419,162.419,162.406,162.408
1782830040000,162.407,162.419,162.403,162.406
1782830100000,162.407,162.414,162.404,162.41
1782830160000,162.412,162.418,162.402,162.404
1782830220000,162.403,162.421,162.402,162.421
1782830280000,162.419,162.428,162.418,162.426
1782830340000,162.427,162.429,162.419,162.421
1782830400000,162.42,162.421,162.41,162.418
1782830460000,162.419,162.432,162.417,162.422
1782830520000,162.421,162.428,162.417,162.42
1782830580000,162.419,162.422,162.407,162.408
1782830640000,162.408,162.414,162.406,162.41
1782830700000,162.41,162.446,162.405,162.444
1782830760000,162.446,162.46,162.443,162.45
1782830820000,162.449,162.449,162.422,162.423
1782830880000,162.423,162.441,162.415,162.435
1782830940000,162.436,162.449,162.434,162.447
1782831000000,162.446,162.446,162.393,162.408
1782831060000,162.408,162.414,162.355,162.369
1782831120000,162.37,162.392,162.364,162.38
1782831180000,162.379,162.443,162.379,162.439
1782831240000,162.442,162.486,162.441,162.482
1782831300000,162.481,162.502,162.472,162.495
1782831360000,162.495,162.549,162.44,162.529
1782831420000,162.53,162.538,162.506,162.513
1782831480000,162.513,162.531,162.501,162.516
1782831540000,162.517,162.518,162.484,162.515
1782831600000,162.515,162.538,162.502,162.537
1782831660000,162.537,162.542,162.508,162.53
1782831720000,162.531,162.531,162.487,162.499
1782831780000,162.498,162.529,162.497,162.521
1782831840000,162.521,162.536,162.517,162.531
1782831900000,162.531,162.531,162.478,162.493
1782831960000,162.494,162.497,162.482,162.491
1782832020000,162.49,162.495,162.485,162.486
1782832080000,162.486,162.496,162.47,162.496
1782832140000,162.495,162.497,162.478,162.482
1782832200000,162.481,162.495,162.481,162.494
1782832260000,162.496,162.507,162.494,162.5
1782832320000,162.501,162.501,162.482,162.492
1782832380000,162.493,162.495,162.476,162.481
1782832440000,162.481,162.51,162.48,162.509
1782832500000,162.51,162.529,162.508,162.522
1782832560000,162.521,162.525,162.513,162.52
1782832620000,162.52,162.538,162.514,162.536
1782832680000,162.538,162.545,162.533,162.536
1782832740000,162.536,162.546,162.534,162.54
1782832800000,162.54,162.546,162.536,162.537
1782832860000,162.538,162.543,162.535,162.541
1782832920000,162.542,162.546,162.535,162.538
1782832980000,162.539,162.545,162.535,162.544
1782833040000,162.544,162.546,162.538,162.544
1782833100000,162.545,162.545,162.534,162.536
1782833160000,162.536,162.544,162.525,162.531
1782833220000,162.532,162.538,162.53,162.533
1782833280000,162.532,162.539,162.531,162.537
1782833340000,162.538,162.544,162.533,162.544
1782833400000,162.544,162.546,162.53,162.535
1782833460000,162.536,162.545,162.531,162.544
1782833520000,162.544,162.544,162.529,162.53
1782833580000,162.532,162.544,162.531,162.538
1782833640000,162.539,162.549,162.537,162.548
1782833700000,162.547,162.552,162.545,162.546
1782833760000,162.546,162.557,162.546,162.556
1782833820000,162.556,162.586,162.551,162.557
1782833880000,162.558,162.578,162.558,162.577
1782833940000,162.58,162.627,162.579,162.623
1782834000000,162.623,162.627,162.612,162.617
1782834060000,162.617,162.621,162.607,162.613
1782834120000,162.613,162.621,162.61,162.616
1782834180000,162.616,162.618,162.599,162.616
1782834240000,162.615,162.662,162.612,162.657
1782834300000,162.657,162.657,162.622,162.622
1782834360000,162.623,162.647,162.621,162.637
1782834420000,162.635,162.639,162.627,162.627
1782834480000,162.628,162.631,162.615,162.627
1782834540000,162.628,162.633,162.615,162.625
1782834600000,162.626,162.626,162.61,162.622
1782834660000,162.621,162.624,162.608,162.609
1782834720000,162.609,162.615,162.599,162.6
1782834780000,162.6,162.611,162.593,162.595
1782834840000,162.596,162.597,162.586,162.589
1782834900000,162.588,162.604,162.585,162.602
1782834960000,162.603,162.603,162.585,162.586
1782835020000,162.586,162.597,162.583,162.597
1782835080000,162.596,162.606,162.595,162.598
1782835140000,162.598,162.615,162.595,162.612
1782835200000,162.614,162.635,162.611,162.633
1782835260000,162.633,162.633,162.616,162.62
1782835320000,162.62,162.637,162.62,162.626
1782835380000,162.626,162.643,162.625,162.642
1782835440000,162.642,162.654,162.639,162.654
1782835500000,162.653,162.666,162.652,162.652
1782835560000,162.651,162.653,162.648,162.648
1782835620000,162.646,162.651,162.633,162.65
1782835680000,162.652,162.652,162.642,162.644
1782835740000,162.641,162.649,162.637,162.637
1782835800000,162.637,162.639,162.634,162.637
1782835860000,162.637,162.644,162.635,162.642
1782835920000,162.642,162.651,162.642,162.65
1782835980000,162.651,162.664,162.65,162.66
1782836040000,162.661,162.663,162.653,162.656
1782836100000,162.656,162.667,162.656,162.662
1782836160000,162.662,162.667,162.662,162.664
1782836220000,162.663,162.67,162.657,162.668
1782836280000,162.667,162.668,162.66,162.665
1782836340000,162.664,162.665,162.66,162.662
1782836400000,162.66,162.662,162.655,162.656
1782836460000,162.657,162.659,162.646,162.651
1782836520000,162.65,162.661,162.65,162.652
1782836580000,162.653,162.655,162.649,162.649
1782836640000,162.65,162.654,162.642,162.653
1782836700000,162.654,162.654,162.649,162.651
1782836760000,162.651,162.651,162.635,162.637
1782836820000,162.638,162.648,162.637,162.644
1782836880000,162.645,162.645,162.636,162.636
1782836940000,162.632,162.632,162.617,162.623
1782837000000,162.622,162.624,162.617,162.617
1782837060000,162.617,162.623,162.617,162.622
1782837120000,162.623,162.627,162.623,162.625
1782837180000,162.624,162.634,162.617,162.618
1782837240000,162.617,162.621,162.611,162.615
1782837300000,162.615,162.623,162.615,162.621
1782837360000,162.622,162.629,162.612,162.613
1782837420000,162.614,162.622,162.613,162.618
1782837480000,162.618,162.621,162.612,162.613
1782837540000,162.613,162.619,162.613,162.615
1782837600000,162.616,162.618,162.609,162.613
1782837660000,162.614,162.615,162.603,162.612
1782837720000,162.613,162.614,162.601,162.604
1782837780000,162.604,162.614,162.603,162.613
1782837840000,162.613,162.617,162.611,162.613
1782837900000,162.614,162.614,162.61,162.611
1782837960000,162.614,162.614,162.611,162.611
1782838020000,162.611,162.613,162.609,162.611
1782838080000,162.611,162.612,162.61,162.611
1782838140000,162.611,162.616,162.611,162.614
1782838200000,162.614,162.615,162.6,162.604
1782838260000,162.604,162.612,162.601,162.612
1782838320000,162.612,162.615,162.61,162.612
1782838380000,162.611,162.638,162.611,162.638
1782838440000,162.638,162.646,162.638,162.644
1782838500000,162.645,162.648,162.642,162.645
1782838560000,162.645,162.654,162.64,162.64
1782838620000,162.642,162.656,162.642,162.656
1782838680000,162.656,162.656,162.648,162.648
1782838740000,162.649,162.649,162.643,162.647
1782838800000,162.647,162.648,162.629,162.634
1782838860000,162.635,162.638,162.631,162.632
1782838920000,162.63,162.631,162.623,162.625
1782838980000,162.624,162.625,162.618,162.618
1782839040000,162.618,162.623,162.611,162.621
1782839100000,162.622,162.625,162.622,162.624
1782839160000,162.624,162.629,162.624,162.627
1782839220000,162.627,162.628,162.626,162.628
1782839280000,162.628,162.63,162.628,162.629
1782839340000,162.629,162.634,162.624,162.626
1782839400000,162.625,162.628,162.623,162.625
1782839460000,162.625,162.634,162.624,162.629
1782839520000,162.63,162.631,162.627,162.629
1782839580000,162.63,162.631,162.623,162.625
1782839640000,162.623,162.63,162.623,162.629
1782839700000,162.63,162.63,162.625,162.628
1782839760000,162.629,162.629,162.617,162.617
1782839820000,162.617,162.617,162.611,162.615
1782839880000,162.616,162.616,162.611,162.616
1782839940000,162.615,162.616,162.614,162.615
1782840000000,162.614,162.623,162.614,162.62
1782840060000,162.62,162.623,162.615,162.616
1782840120000,162.617,162.618,162.613,162.616
1782840180000,162.615,162.616,162.608,162.61
1782840240000,162.609,162.613,162.598,162.6
1782840300000,162.602,162.604,162.595,162.596
1782840360000,162.597,162.597,162.582,162.584
1782840420000,162.583,162.595,162.583,162.589
1782840480000,162.588,162.59,162.586,162.586
1782840540000,162.587,162.59,162.587,162.589
1782840600000,162.589,162.601,162.588,162.595
1782840660000,162.595,162.596,162.589,162.595
1782840720000,162.592,162.598,162.592,162.594
1782840780000,162.595,162.598,162.588,162.59
1782840840000,162.59,162.601,162.588,162.601
1782840900000,162.599,162.599,162.594,162.599
1782840960000,162.599,162.604,162.599,162.604
1782841020000,162.603,162.607,162.603,162.605
1782841080000,162.605,162.606,162.603,162.604
1782841140000,162.604,162.605,162.6,162.605
1782841200000,162.605,162.609,162.605,162.608
1782841260000,162.607,162.61,162.606,162.606
1782841320000,162.605,162.608,162.6,162.6
1782841380000,162.599,162.603,162.599,162.601
1782841440000,162.601,162.603,162.598,162.599
1782841500000,162.601,162.602,162.598,162.602
1782841560000,162.602,162.602,162.588,162.59
1782841620000,162.589,162.589,162.585,162.588
1782841680000,162.589,162.589,162.574,162.575
1782841740000,162.573,162.575,162.566,162.566
1782841800000,162.565,162.566,162.557,162.564
1782841860000,162.565,162.566,162.561,162.561
1782841920000,162.562,162.563,162.556,162.563
1782841980000,162.561,162.576,162.558,162.574
1782842040000,162.576,162.58,162.574,162.579
1782842100000,162.579,162.589,162.578,162.588
1782842160000,162.588,162.589,162.582,162.583
1782842220000,162.584,162.587,162.582,162.586
1782842280000,162.585,162.585,162.578,162.581
1782842340000,162.581,162.586,162.581,162.584
1782842400000,162.584,162.589,162.581,162.586
1782842460000,162.585,162.585,162.579,162.582
1782842520000,162.583,162.59,162.583,162.59
1782842580000,162.59,162.596,162.586,162.595
1782842640000,162.596,162.596,162.583,162.583
1782842700000,162.584,162.584,162.565,162.573
1782842760000,162.574,162.576,162.569,162.57
1782842820000,162.571,162.574,162.569,162.574
1782842880000,162.575,162.585,162.575,162.585
1782842940000,162.586,162.587,162.579,162.584
1782843000000,162.586,162.589,162.585,162.589
1782843060000,162.59,162.597,162.586,162.594
1782843120000,162.594,162.605,162.591,162.598
1782843180000,162.599,162.604,162.592,162.592
1782843240000,162.591,162.596,162.59,162.593
1782843300000,162.594,162.607,162.593,162.605
1782843360000,162.604,162.606,162.602,162.606
1782843420000,162.605,162.606,162.602,162.604
1782843480000,162.603,162.604,162.599,162.601
1782843540000,162.602,162.604,162.601,162.603
1782843600000,162.603,162.603,162.592,162.592
1782843660000,162.59,162.591,162.587,162.588
1782843720000,162.587,162.589,162.583,162.588
1782843780000,162.587,162.594,162.587,162.594
1782843840000,162.593,162.594,162.587,162.589
1782843900000,162.588,162.589,162.585,162.588
1782843960000,162.587,162.588,162.585,162.587
1782844020000,162.586,162.586,162.581,162.586
1782844080000,162.586,162.587,162.58,162.584
1782844140000,162.583,162.586,162.577,162.585
1782844200000,162.585,162.593,162.585,162.592
1782844260000,162.59,162.59,162.582,162.582
1782844320000,162.583,162.589,162.579,162.589
1782844380000,162.589,162.597,162.587,162.587
1782844440000,162.584,162.588,162.584,162.587
1782844500000,162.588,162.59,162.585,162.586
1782844560000,162.586,162.587,162.583,162.587
1782844620000,162.589,162.593,162.586,162.592
1782844680000,162.593,162.594,162.592,162.593
1782844740000,162.593,162.599,162.593,162.598
1782844800000,162.599,162.599,162.598,162.598
1782844860000,162.599,162.607,162.599,162.606
1782844920000,162.606,162.61,162.603,162.604
1782844980000,162.605,162.608,162.603,162.604
1782845040000,162.603,162.614,162.602,162.612
1782845100000,162.613,162.613,162.6,162.601
1782845160000,162.601,162.604,162.601,162.603
1782845220000,162.603,162.604,162.595,162.598
1782845280000,162.598,162.598,162.586,162.587
1782845340000,162.589,162.589,162.584,162.586
1782845400000,162.585,162.585,162.567,162.571
1782845460000,162.573,162.573,162.563,162.565
1782845520000,162.565,162.577,162.559,162.576
1782845580000,162.575,162.576,162.566,162.567
1782845640000,162.567,162.577,162.567,162.577
1782845700000,162.577,162.593,162.577,162.593
1782845760000,162.593,162.598,162.592,162.597
1782845820000,162.598,162.61,162.595,162.607
1782845880000,162.606,162.608,162.602,162.602
1782845940000,162.602,162.62,162.6,162.617
1782846000000,162.62,162.62,162.588,162.595
1782846060000,162.596,162.602,162.592,162.6
1782846120000,162.6,162.6,162.577,162.579
1782846180000,162.579,162.582,162.573,162.579
1782846240000,162.579,162.579,162.574,162.578
1782846300000,162.579,162.579,162.574,162.578
1782846360000,162.577,162.588,162.577,162.585
1782846420000,162.586,162.589,162.58,162.589
1782846480000,162.59,162.59,162.586,162.588
1782846540000,162.588,162.59,162.585,162.585
1782846600000,162.584,162.585,162.583,162.585
1782846660000,162.589,162.589,162.586,162.587
1782846720000,162.588,162.588,162.581,162.583
1782846780000,162.581,162.592,162.581,162.592
1782846840000,162.59,162.594,162.589,162.591
1782846900000,162.592,162.592,162.579,162.58
1782846960000,162.581,162.587,162.579,162.585
1782847020000,162.586,162.59,162.581,162.589
1782847080000,162.588,162.59,162.586,162.589
1782847140000,162.59,162.596,162.59,162.594
1782847200000,162.593,162.598,162.592,162.595
1782847260000,162.594,162.605,162.594,162.605
1782847320000,162.605,162.616,162.605,162.614
1782847380000,162.615,162.62,162.613,162.618
1782847440000,162.617,162.621,162.615,162.619
1782847500000,162.618,162.625,162.618,162.625
1782847560000,162.623,162.63,162.622,162.628
1782847620000,162.628,162.628,162.619,162.62
1782847680000,162.62,162.624,162.619,162.622
1782847740000,162.623,162.625,162.621,162.624
1782847800000,162.625,162.63,162.611,162.618
1782847860000,162.617,162.619,162.609,162.618
1782847920000,162.616,162.619,162.595,162.595
1782847980000,162.595,162.606,162.594,162.606
1782848040000,162.605,162.606,162.602,162.604
1782848100000,162.603,162.607,162.603,162.605
1782848160000,162.606,162.607,162.599,162.602
1782848220000,162.602,162.602,162.594,162.594
1782848280000,162.592,162.602,162.592,162.599
1782848340000,162.598,162.605,162.595,162.604
1782848400000,162.606,162.614,162.605,162.614
1782848460000,162.611,162.618,162.611,162.616
1782848520000,162.617,162.617,162.605,162.607
1782848580000,162.605,162.611,162.605,162.607
1782848640000,162.605,162.612,162.604,162.608
1782848700000,162.61,162.613,162.607,162.608
1782848760000,162.609,162.609,162.606,162.606
1782848820000,162.606,162.606,162.605,162.605
1782848880000,162.606,162.606,162.603,162.603
1782848940000,162.604,162.606,162.604,162.604
1782849000000,162.605,162.619,162.604,162.616
1782849060000,162.617,162.618,162.613,162.615
1782849120000,162.615,162.616,162.607,162.608
1782849180000,162.608,162.614,162.607,162.613
1782849240000,162.612,162.616,162.611,162.614
1782849300000,162.614,162.62,162.607,162.618
1782849360000,162.618,162.621,162.616,162.617
1782849420000,162.618,162.62,162.602,162.604
1782849480000,162.605,162.608,162.59,162.593
1782849540000,162.594,162.596,162.581,162.581
1782849600000,162.581,162.594,162.577,162.59
1782849660000,162.591,162.592,162.572,162.579
1782849720000,162.58,162.589,162.576,162.579
1782849780000,162.58,162.589,162.58,162.584
1782849840000,162.582,162.587,162.581,162.581
1782849900000,162.582,162.586,162.581,162.584
1782849960000,162.585,162.586,162.578,162.578
1782850020000,162.579,162.582,162.578,162.579
1782850080000,162.58,162.585,162.579,162.584
1782850140000,162.584,162.586,162.582,162.585
1782850200000,162.584,162.585,162.579,162.579
1782850260000,162.579,162.58,162.577,162.578
1782850320000,162.578,162.579,162.571,162.572
1782850380000,162.573,162.579,162.57,162.577
1782850440000,162.576,162.579,162.575,162.577
1782850500000,162.577,162.585,162.576,162.584
1782850560000,162.583,162.584,162.566,162.566
1782850620000,162.567,162.572,162.565,162.572
1782850680000,162.572,162.573,162.566,162.567
1782850740000,162.568,162.57,162.56,162.565
1782850800000,162.566,162.567,162.562,162.566
1782850860000,162.567,162.568,162.563,162.566
1782850920000,162.565,162.567,162.562,162.562
1782850980000,162.564,162.564,162.551,162.554
1782851040000,162.555,162.555,162.554,162.555
1782851100000,162.556,162.567,162.556,162.567
1782851160000,162.566,162.567,162.562,162.563
1782851220000,162.564,162.567,162.563,162.566
1782851280000,162.567,162.568,162.567,162.568
1782851340000,162.568,162.579,162.563,162.579
1782851400000,162.582,162.582,162.576,162.579
1782851460000,162.58,162.581,162.579,162.58
1782851520000,162.582,162.594,162.582,162.592
1782851580000,162.593,162.594,162.591,162.592
1782851640000,162.591,162.592,162.59,162.59
1782851700000,162.589,162.594,162.589,162.591
1782851760000,162.594,162.603,162.592,162.603
1782851820000,162.603,162.605,162.601,162.605
1782851880000,162.606,162.61,162.605,162.61
1782851940000,162.609,162.611,162.604,162.605
1782852000000,162.605,162.605,162.6,162.602
1782852060000,162.601,162.601,162.596,162.596
1782852120000,162.596,162.598,162.585,162.586
1782852180000,162.587,162.588,162.578,162.578
1782852240000,162.578,162.578,162.572,162.573
1782852300000,162.574,162.583,162.572,162.576
1782852360000,162.576,162.579,162.575,162.578
1782852420000,162.579,162.579,162.569,162.577
1782852480000,162.577,162.582,162.575,162.581
1782852540000,162.58,162.58,162.563,162.569
1782852600000,162.568,162.568,162.549,162.567
1782852660000,162.568,162.569,162.552,162.565
1782852720000,162.564,162.567,162.56,162.566
1782852780000,162.569,162.574,162.566,162.572
1782852840000,162.572,162.582,162.572,162.58
1782852900000,162.576,162.577,162.574,162.577
1782852960000,162.576,162.588,162.574,162.587
1782853020000,162.585,162.588,162.58,162.582
1782853080000,162.582,162.585,162.57,162.578
1782853140000,162.578,162.579,162.527,162.528
1782853200000,162.505,162.513,162.476,162.513
1782853260000,162.517,162.517,162.513,162.517
1782853320000,162.522,162.522,162.522,162.522
1782853380000,162.522,162.522,162.522,162.522
1782853440000,162.523,162.523,162.509,162.523
1782853500000,162.524,162.525,162.524,162.525
1782853560000,162.524,162.524,162.513,162.516
1782853620000,162.513,162.527,162.513,162.527
1782853680000,162.518,162.55,162.517,162.55
1782853740000,162.549,162.552,162.549,162.552
1782853800000,162.551,162.552,162.551,162.551
1782853860000,162.552,162.56,162.551,162.559
1782853920000,162.56,162.576,162.56,162.575
1782853980000,162.576,162.619,162.575,162.619
1782854040000,162.62,162.62,162.609,162.61
1782854100000,162.607,162.609,162.592,162.601
1782854160000,162.601,162.602,162.594,162.601
1782854220000,162.6,162.601,162.595,162.597
1782854280000,162.597,162.599,162.595,162.598
1782854340000,162.601,162.602,162.598,162.599
1782854400000,162.601,162.602,162.598,162.601
1782854460000,162.599,162.602,162.598,162.598
1782854520000,162.601,162.611,162.601,162.61
1782854580000,162.61,162.61,162.608,162.61
1782854640000,162.609,162.611,162.609,162.611
1782854700000,162.61,162.611,162.609,162.61
1782854760000,162.61,162.61,162.608,162.609
1782854820000,162.609,162.611,162.606,162.61
1782854880000,162.61,162.61,162.609,162.609
1782854940000,162.609,162.613,162.607,162.613
1782855000000,162.611,162.611,162.605,162.605
1782855060000,162.605,162.607,162.603,162.604
1782855120000,162.605,162.607,162.602,162.607
1782855180000,162.604,162.61,162.602,162.605
1782855240000,162.607,162.611,162.597,162.601
1782855300000,162.601,162.605,162.569,162.578
1782855360000,162.579,162.581,162.566,162.567
1782855420000,162.569,162.574,162.568,162.574
1782855480000,162.575,162.582,162.574,162.577
1782855540000,162.576,162.585,162.575,162.578
1782855600000,162.579,162.585,162.577,162.582
1782855660000,162.581,162.581,162.569,162.574
1782855720000,162.569,162.569,162.554,162.561
1782855780000,162.565,162.565,162.563,162.563
1782855840000,162.562,162.576,162.537,162.546
1782855900000,162.546,162.556,162.544,162.555
1782855960000,162.556,162.56,162.553,162.56
1782856020000,162.558,162.564,162.556,162.558
1782856080000,162.56,162.56,162.549,162.552
1782856140000,162.554,162.562,162.552,162.554
1782856200000,162.552,162.562,162.531,162.556
1782856260000,162.555,162.562,162.552,162.554
1782856320000,162.555,162.562,162.553,162.56
1782856380000,162.562,162.566,162.558,162.563
1782856440000,162.563,162.563,162.561,162.561
1782856500000,162.557,162.557,162.543,162.543
1782856560000,162.546,162.549,162.536,162.542
1782856620000,162.542,162.545,162.535,162.538
1782856680000,162.537,162.562,162.531,162.546
1782856740000,162.543,162.552,162.543,162.552
1782856800000,162.552,162.616,162.552,162.609
1782856860000,162.612,162.614,162.592,162.593
1782856920000,162.593,162.602,162.593,162.602
1782856980000,162.603,162.603,162.602,162.602
1782857040000,162.601,162.602,162.601,162.602
1782857100000,162.602,162.603,162.602,162.602
1782857160000,162.602,162.604,162.602,162.602
1782857220000,162.602,162.602,162.602,162.602
1782857280000,162.604,162.604,162.603,162.603
1782857340000,162.601,162.602,162.593,162.602
1782857400000,162.603,162.603,162.6,162.603
1782857460000,162.604,162.604,162.602,162.602
1782857520000,162.603,162.604,162.602,162.604
1782857580000,162.603,162.605,162.599,162.604
1782857640000,162.609,162.617,162.603,162.617
1782857700000,162.617,162.617,162.606,162.61
1782857760000,162.611,162.615,162.605,162.614
1782857820000,162.613,162.614,162.612,162.612
1782857880000,162.607,162.616,162.604,162.616
1782857940000,162.615,162.615,162.607,162.607
1782858000000,162.612,162.617,162.604,162.604
1782858060000,162.605,162.606,162.604,162.604
1782858120000,162.605,162.615,162.605,162.615
1782858180000,162.615,162.617,162.613,162.617
1782858240000,162.617,162.621,162.616,162.62
1782858300000,162.62,162.62,162.62,162.62
1782858360000,162.62,162.62,162.619,162.619
1782858420000,162.62,162.622,162.615,162.615
1782858480000,162.615,162.62,162.613,162.619
1782858540000,162.62,162.622,162.619,162.619
1782858600000,162.62,162.622,162.619,162.622
1782858660000,162.621,162.621,162.619,162.62
1782858720000,162.62,162.622,162.62,162.621
1782858780000,162.623,162.624,162.619,162.621
1782858840000,162.619,162.621,162.619,162.621
1782858900000,162.621,162.621,162.619,162.62
1782858960000,162.621,162.621,162.621,162.621
1782859020000,162.621,162.621,162.619,162.619
1782859080000,162.62,162.621,162.62,162.62
1782859140000,162.619,162.621,162.619,162.621
1782859200000,162.622,162.622,162.62,162.621
1782859260000,162.62,162.621,162.619,162.619
1782859320000,162.62,162.62,162.605,162.605
1782859380000,162.607,162.609,162.604,162.609
1782859440000,162.608,162.609,162.607,162.607
1782859500000,162.608,162.616,162.603,162.615
1782859560000,162.614,162.615,162.604,162.608
1782859620000,162.609,162.609,162.607,162.608
1782859680000,162.611,162.614,162.608,162.613
1782859740000,162.613,162.614,162.613,162.613
1782859800000,162.612,162.619,162.609,162.618
1782859860000,162.618,162.618,162.614,162.615
1782859920000,162.614,162.616,162.614,162.615
1782859980000,162.616,162.616,162.615,162.616
1782860040000,162.616,162.617,162.615,162.615
1782860100000,162.613,162.615,162.613,162.614
1782860160000,162.615,162.615,162.612,162.614
1782860220000,162.614,162.614,162.604,162.604
1782860280000,162.607,162.607,162.605,162.605
1782860340000,162.607,162.607,162.603,162.603
1782860400000,162.604,162.604,162.598,162.602
1782860460000,162.602,162.604,162.601,162.604
1782860520000,162.603,162.604,162.6,162.6
1782860580000,162.6,162.602,162.598,162.6
1782860640000,162.6,162.601,162.599,162.601
1782860700000,162.6,162.601,162.599,162.601
1782860760000,162.6,162.606,162.6,162.605
1782860820000,162.605,162.605,162.604,162.605
1782860880000,162.605,162.607,162.605,162.605
1782860940000,162.605,162.605,162.603,162.605
1782861000000,162.604,162.605,162.604,162.605
1782861060000,162.604,162.607,162.604,162.605
1782861120000,162.605,162.607,162.603,162.604
1782861180000,162.604,162.605,162.604,162.604
1782861240000,162.604,162.604,162.588,162.588
1782861300000,162.588,162.591,162.562,162.562
1782861360000,162.563,162.575,162.563,162.567
1782861420000,162.566,162.571,162.564,162.565
1782861480000,162.566,162.566,162.564,162.565
1782861540000,162.564,162.566,162.564,162.566
1782861600000,162.567,162.572,162.543,162.548
1782861660000,162.55,162.55,162.527,162.532
1782861720000,162.531,162.546,162.53,162.545
1782861780000,162.545,162.546,162.544,162.545
1782861840000,162.545,162.546,162.545,162.546
1782861900000,162.545,162.552,162.545,162.55
1782861960000,162.552,162.554,162.552,162.553
1782862020000,162.553,162.565,162.553,162.565
1782862080000,162.564,162.57,162.564,162.57
1782862140000,162.569,162.576,162.569,162.572
1782862200000,162.572,162.579,162.571,162.579
1782862260000,162.578,162.58,162.576,162.578
1782862320000,162.577,162.578,162.568,162.57
1782862380000,162.57,162.57,162.558,162.558
1782862440000,162.56,162.56,162.549,162.553
1782862500000,162.551,162.566,162.55,162.566
1782862560000,162.566,162.567,162.562,162.567
1782862620000,162.568,162.568,162.564,162.568
1782862680000,162.569,162.569,162.569,162.569
1782862740000,162.574,162.577,162.574,162.576
1782862800000,162.576,162.579,162.576,162.579
1782862860000,162.579,162.579,162.576,162.579
1782862920000,162.579,162.579,162.576,162.576
1782862980000,162.577,162.579,162.576,162.578
1782863040000,162.579,162.587,162.579,162.584
1782863100000,162.585,162.594,162.582,162.594
1782863160000,162.598,162.606,162.598,162.603
1782863220000,162.603,162.603,162.593,162.596
1782863280000,162.596,162.605,162.596,162.599
1782863340000,162.6,162.61,162.599,162.609
1782863400000,162.608,162.621,162.606,162.618
1782863460000,162.619,162.619,162.611,162.616
1782863520000,162.616,162.62,162.615,162.62
1782863580000,162.62,162.627,162.619,162.62
1782863640000,162.62,162.63,162.62,162.63
1782863700000,162.631,162.631,162.627,162.629
1782863760000,162.63,162.631,162.628,162.63
1782863820000,162.63,162.644,162.63,162.641
1782863880000,162.641,162.646,162.631,162.631
1782863940000,162.632,162.636,162.63,162.634
1782864000000,162.633,162.665,162.633,162.663
1782864060000,162.662,162.667,162.655,162.655
1782864120000,162.655,162.666,162.651,162.653
1782864180000,162.652,162.654,162.652,162.652
1782864240000,162.651,162.651,162.643,162.644
1782864300000,162.643,162.647,162.642,162.647
1782864360000,162.647,162.647,162.644,162.644
1782864420000,162.644,162.647,162.643,162.647
1782864480000,162.646,162.661,162.646,162.66
1782864540000,162.658,162.662,162.656,162.656
1782864600000,162.656,162.658,162.655,162.656
1782864660000,162.657,162.659,162.656,162.658
1782864720000,162.658,162.659,162.655,162.656
1782864780000,162.658,162.666,162.657,162.665
1782864840000,162.666,162.686,162.666,162.681
1782864900000,162.682,162.691,162.677,162.691
1782864960000,162.692,162.696,162.667,162.673
1782865020000,162.675,162.676,162.662,162.676
1782865080000,162.676,162.678,162.657,162.664
1782865140000,162.663,162.685,162.662,162.682
1782865200000,162.681,162.681,162.669,162.672
1782865260000,162.672,162.678,162.667,162.673
1782865320000,162.673,162.68,162.673,162.677
1782865380000,162.678,162.679,162.665,162.666
1782865440000,162.666,162.669,162.656,162.663
1782865500000,162.663,162.663,162.652,162.653
1782865560000,162.654,162.654,162.65,162.653
1782865620000,162.652,162.652,162.643,162.644
1782865680000,162.645,162.649,162.642,162.645
1782865740000,162.648,162.649,162.634,162.641
1782865800000,162.641,162.661,162.641,162.658
1782865860000,162.658,162.66,162.652,162.654
1782865920000,162.653,162.66,162.653,162.659
1782865980000,162.658,162.659,162.65,162.654
1782866040000,162.655,162.679,162.653,162.678
1782866100000,162.68,162.69,162.677,162.688
1782866160000,162.69,162.692,162.679,162.69
1782866220000,162.691,162.708,162.691,162.7
1782866280000,162.702,162.715,162.696,162.697
1782866340000,162.695,162.697,162.679,162.695
1782866400000,162.695,162.704,162.694,162.703
1782866460000,162.704,162.707,162.695,162.706
1782866520000,162.706,162.718,162.706,162.717
1782866580000,162.717,162.728,162.715,162.719
1782866640000,162.718,162.73,162.717,162.73
1782866700000,162.73,162.73,162.716,162.718
1782866760000,162.718,162.733,162.717,162.732
1782866820000,162.732,162.736,162.727,162.733
1782866880000,162.731,162.743,162.731,162.742
1782866940000,162.743,162.776,162.742,162.754
1782867000000,162.754,162.755,162.747,162.75
1782867060000,162.75,162.75,162.731,162.739
1782867120000,162.74,162.74,162.703,162.703
1782867180000,162.704,162.705,162.657,162.689
1782867240000,162.691,162.7,162.667,162.686
1782867300000,162.685,162.692,162.671,162.682
1782867360000,162.681,162.687,162.668,162.67
1782867420000,162.669,162.684,162.666,162.68
1782867480000,162.681,162.684,162.674,162.681
1782867540000,162.681,162.684,162.668,162.684
1782867600000,162.687,162.701,162.685,162.694
1782867660000,162.694,162.698,162.68,162.68
1782867720000,162.683,162.7,162.678,162.695
1782867780000,162.695,162.695,162.684,162.693
1782867840000,162.694,162.694,162.656,162.665
1782867900000,162.664,162.673,162.661,162.67
1782867960000,162.669,162.682,162.664,162.665
1782868020000,162.666,162.676,162.663,162.665
1782868080000,162.667,162.673,162.653,162.654
1782868140000,162.655,162.68,162.654,162.679
1782868200000,162.679,162.684,162.677,162.678
1782868260000,162.681,162.694,162.681,162.684
1782868320000,162.685,162.697,162.683,162.696
1782868380000,162.696,162.716,162.694,162.712
1782868440000,162.712,162.732,162.711,162.73
1782868500000,162.731,162.731,162.707,162.714
1782868560000,162.715,162.73,162.709,162.709
1782868620000,162.709,162.716,162.699,162.716
1782868680000,162.716,162.716,162.691,162.691
1782868740000,162.691,162.694,162.681,162.686
1782868800000,162.687,162.687,162.663,162.67
1782868860000,162.669,162.67,162.652,162.654
1782868920000,162.653,162.653,162.638,162.642
1782868980000,162.642,162.651,162.637,162.649
1782869040000,162.649,162.656,162.643,162.655
1782869100000,162.654,162.668,162.654,162.668
1782869160000,162.669,162.673,162.653,162.66
1782869220000,162.661,162.669,162.658,162.665
1782869280000,162.665,162.666,162.659,162.665
1782869340000,162.664,162.677,162.663,162.673
1782869400000,162.673,162.673,162.657,162.665
1782869460000,162.664,162.667,162.654,162.664
1782869520000,162.664,162.667,162.652,162.653
1782869580000,162.653,162.658,162.651,162.652
1782869640000,162.652,162.665,162.652,162.665
1782869700000,162.665,162.666,162.664,162.664
1782869760000,162.663,162.663,162.656,162.656
1782869820000,162.654,162.657,162.644,162.646
1782869880000,162.645,162.646,162.589,162.599
1782869940000,162.598,162.636,162.598,162.636
1782870000000,162.637,162.644,162.631,162.639
1782870060000,162.64,162.644,162.617,162.626
1782870120000,162.624,162.625,162.624,162.625
1782870180000,162.625,162.627,162.624,162.626
1782870240000,162.626,162.639,162.623,162.631
1782870300000,162.632,162.638,162.627,162.627
1782870360000,162.626,162.626,162.611,162.614
1782870420000,162.614,162.623,162.604,162.62
1782870480000,162.62,162.632,162.619,162.626
1782870540000,162.625,162.639,162.619,162.639
1782870600000,162.638,162.641,162.631,162.639
1782870660000,162.639,162.651,162.639,162.647
1782870720000,162.647,162.651,162.647,162.65
1782870780000,162.65,162.65,162.64,162.641
1782870840000,162.642,162.658,162.642,162.658
1782870900000,162.657,162.667,162.657,162.662
1782870960000,162.662,162.666,162.658,162.666
1782871020000,162.666,162.678,162.666,162.677
1782871080000,162.678,162.684,162.675,162.682
1782871140000,162.681,162.686,162.68,162.684
1782871200000,162.684,162.687,162.675,162.686
1782871260000,162.686,162.699,162.686,162.69
1782871320000,162.689,162.692,162.664,162.676
1782871380000,162.676,162.686,162.674,162.686
1782871440000,162.685,162.69,162.676,162.69
1782871500000,162.69,162.7,162.688,162.699
1782871560000,162.7,162.7,162.698,162.699
1782871620000,162.699,162.699,162.682,162.684
1782871680000,162.685,162.69,162.683,162.686
1782871740000,162.685,162.688,162.684,162.687
1782871800000,162.688,162.7,162.688,162.695
1782871860000,162.695,162.7,162.693,162.7
1782871920000,162.699,162.702,162.699,162.701
1782871980000,162.701,162.701,162.697,162.698
1782872040000,162.698,162.698,162.667,162.67
1782872100000,162.669,162.672,162.66,162.67
1782872160000,162.671,162.673,162.667,162.669
1782872220000,162.67,162.671,162.665,162.67
1782872280000,162.672,162.676,162.667,162.668
1782872340000,162.669,162.673,162.668,162.671
1782872400000,162.671,162.671,162.667,162.668
1782872460000,162.667,162.674,162.663,162.674
1782872520000,162.673,162.674,162.665,162.67
1782872580000,162.671,162.671,162.668,162.67
1782872640000,162.669,162.67,162.662,162.665
1782872700000,162.666,162.69,162.665,162.686
1782872760000,162.685,162.685,162.68,162.68
1782872820000,162.68,162.686,162.68,162.686
1782872880000,162.687,162.688,162.685,162.686
1782872940000,162.687,162.694,162.685,162.688
1782873000000,162.691,162.695,162.687,162.693
1782873060000,162.693,162.694,162.686,162.689
1782873120000,162.689,162.696,162.687,162.696
1782873180000,162.696,162.697,162.696,162.696
1782873240000,162.697,162.717,162.689,162.716
1782873300000,162.716,162.716,162.709,162.71
1782873360000,162.711,162.712,162.704,162.711
1782873420000,162.711,162.713,162.705,162.71
1782873480000,162.709,162.711,162.706,162.709
1782873540000,162.709,162.711,162.705,162.706
1782873600000,162.708,162.721,162.708,162.718
1782873660000,162.719,162.72,162.718,162.719
1782873720000,162.718,162.718,162.706,162.716
1782873780000,162.716,162.723,162.713,162.719
1782873840000,162.721,162.736,162.721,162.736
1782873900000,162.735,162.736,162.73,162.731
1782873960000,162.731,162.733,162.723,162.723
1782874020000,162.723,162.724,162.719,162.722
1782874080000,162.722,162.733,162.72,162.733
1782874140000,162.732,162.736,162.731,162.734
1782874200000,162.735,162.738,162.735,162.736
1782874260000,162.736,162.736,162.728,162.728
1782874320000,162.729,162.741,162.728,162.738
1782874380000,162.738,162.755,162.737,162.754
1782874440000,162.752,162.787,162.751,162.767
1782874500000,162.764,162.77,162.757,162.764
1782874560000,162.766,162.789,162.766,162.777
1782874620000,162.776,162.785,162.771,162.783
1782874680000,162.781,162.787,162.769,162.769
1782874740000,162.769,162.77,162.746,162.749
1782874800000,162.749,162.768,162.741,162.765
1782874860000,162.765,162.765,162.755,162.763
1782874920000,162.763,162.764,162.758,162.763
1782874980000,162.763,162.765,162.758,162.76
1782875040000,162.759,162.762,162.75,162.757
1782875100000,162.757,162.757,162.746,162.756
1782875160000,162.757,162.757,162.735,162.735
1782875220000,162.736,162.745,162.732,162.743
1782875280000,162.741,162.743,162.736,162.743
1782875340000,162.744,162.744,162.739,162.744
1782875400000,162.744,162.746,162.743,162.746
1782875460000,162.745,162.745,162.736,162.745
1782875520000,162.743,162.747,162.743,162.743
1782875580000,162.745,162.759,162.744,162.757
1782875640000,162.757,162.77,162.753,162.768
1782875700000,162.767,162.79,162.765,162.782
1782875760000,162.783,162.801,162.782,162.786
1782875820000,162.785,162.787,162.784,162.784
1782875880000,162.783,162.789,162.776,162.776
1782875940000,162.776,162.784,162.775,162.784
1782876000000,162.784,162.785,162.782,162.782
1782876060000,162.781,162.794,162.777,162.786
1782876120000,162.786,162.786,162.781,162.781
1782876180000,162.784,162.795,162.784,162.795
1782876240000,162.794,162.795,162.785,162.785
1782876300000,162.786,162.787,162.781,162.787
1782876360000,162.788,162.805,162.787,162.795
1782876420000,162.798,162.798,162.789,162.794
1782876480000,162.795,162.8,162.791,162.799
1782876540000,162.8,162.805,162.799,162.805
1782876600000,162.803,162.807,162.796,162.803
1782876660000,162.803,162.815,162.803,162.809
1782876720000,162.81,162.818,162.807,162.811
1782876780000,162.812,162.821,162.811,162.821
1782876840000,162.822,162.836,162.815,162.833
1782876900000,162.834,162.836,162.824,162.829
1782876960000,162.828,162.84,162.825,162.837
1782877020000,162.836,162.836,162.831,162.832
1782877080000,162.833,162.833,162.823,162.823
1782877140000,162.822,162.825,162.822,162.825
1782877200000,162.823,162.827,162.822,162.824
1782877260000,162.823,162.823,162.796,162.804
1782877320000,162.804,162.832,162.804,162.83
1782877380000,162.829,162.835,162.829,162.833
1782877440000,162.833,162.836,162.832,162.832
1782877500000,162.834,162.835,162.832,162.834
1782877560000,162.833,162.834,162.828,162.832
1782877620000,162.834,162.834,162.832,162.834
1782877680000,162.835,162.836,162.829,162.832
1782877740000,162.834,162.835,162.831,162.833
1782877800000,162.834,162.834,162.811,162.812
1782877860000,162.81,162.821,162.808,162.819
1782877920000,162.819,162.822,162.818,162.82
1782877980000,162.821,162.822,162.808,162.808
1782878040000,162.808,162.809,162.806,162.808
1782878100000,162.81,162.81,162.807,162.807
1782878160000,162.808,162.808,162.803,162.807
1782878220000,162.808,162.811,162.793,162.795
1782878280000,162.795,162.801,162.794,162.8
1782878340000,162.799,162.8,162.795,162.796
1782878400000,162.796,162.801,162.795,162.796
1782878460000,162.797,162.798,162.789,162.793
1782878520000,162.792,162.801,162.792,162.799
1782878580000,162.797,162.8,162.794,162.796
1782878640000,162.796,162.8,162.796,162.798
1782878700000,162.797,162.81,162.796,162.809
1782878760000,162.806,162.81,162.806,162.81
1782878820000,162.809,162.809,162.806,162.806
1782878880000,162.808,162.809,162.807,162.808
1782878940000,162.808,162.811,162.807,162.81
1782879000000,162.809,162.81,162.807,162.809
1782879060000,162.809,162.809,162.798,162.803
1782879120000,162.803,162.803,162.799,162.799
1782879180000,162.8,162.801,162.788,162.789
1782879240000,162.787,162.787,162.783,162.783
1782879300000,162.784,162.789,162.781,162.788
1782879360000,162.788,162.788,162.784,162.786
1782879420000,162.788,162.798,162.787,162.788
1782879480000,162.79,162.791,162.789,162.789
1782879540000,162.79,162.791,162.786,162.789
1782879600000,162.787,162.789,162.785,162.787
1782879660000,162.786,162.788,162.783,162.784
1782879720000,162.784,162.786,162.783,162.784
1782879780000,162.785,162.787,162.782,162.786
1782879840000,162.785,162.786,162.776,162.777
1782879900000,162.776,162.782,162.776,162.782
1782879960000,162.781,162.782,162.777,162.78
1782880020000,162.78,162.782,162.778,162.778
1782880080000,162.778,162.781,162.778,162.781
1782880140000,162.782,162.79,162.782,162.788
1782880200000,162.788,162.788,162.564,162.707
1782880260000,162.707,162.709,162.617,162.706
1782880320000,162.705,162.725,162.692,162.723
1782880380000,162.723,162.727,162.705,162.721
1782880440000,162.721,162.721,162.705,162.708
1782880500000,162.708,162.721,162.68,162.699
1782880560000,162.697,162.698,162.678,162.678
1782880620000,162.679,162.693,162.651,162.672
1782880680000,162.671,162.704,162.669,162.695
1782880740000,162.695,162.699,162.68,162.687
1782880800000,162.686,162.692,162.684,162.687
1782880860000,162.686,162.697,162.674,162.697
1782880920000,162.698,162.707,162.696,162.701
1782880980000,162.7,162.709,162.694,162.698
1782881040000,162.699,162.699,162.687,162.696
1782881100000,162.696,162.7,162.687,162.688
1782881160000,162.687,162.701,162.684,162.695
1782881220000,162.695,162.695,162.684,162.685
1782881280000,162.685,162.686,162.682,162.685
1782881340000,162.684,162.721,162.684,162.713
1782881400000,162.713,162.713,162.697,162.698
1782881460000,162.699,162.701,162.674,162.686
1782881520000,162.688,162.688,162.686,162.686
1782881580000,162.686,162.69,162.685,162.688
1782881640000,162.689,162.709,162.689,162.709
1782881700000,162.71,162.714,162.703,162.711
1782881760000,162.709,162.712,162.709,162.709
1782881820000,162.708,162.71,162.696,162.704
1782881880000,162.705,162.715,162.702,162.71
1782881940000,162.71,162.727,162.71,162.727
1782882000000,162.729,162.732,162.724,162.726
1782882060000,162.725,162.73,162.714,162.729
1782882120000,162.731,162.757,162.731,162.754
1782882180000,162.755,162.756,162.749,162.752
1782882240000,162.753,162.757,162.741,162.756
1782882300000,162.755,162.757,162.754,162.757
1782882360000,162.76,162.76,162.74,162.744
1782882420000,162.743,162.748,162.743,162.748
1782882480000,162.75,162.75,162.736,162.736
1782882540000,162.737,162.74,162.726,162.728
1782882600000,162.732,162.74,162.732,162.739
1782882660000,162.739,162.739,162.726,162.726
1782882720000,162.727,162.733,162.721,162.725
1782882780000,162.724,162.724,162.718,162.718
1782882840000,162.719,162.724,162.71,162.718
1782882900000,162.72,162.726,162.719,162.723
1782882960000,162.723,162.725,162.71,162.716
1782883020000,162.715,162.715,162.705,162.708
1782883080000,162.706,162.707,162.697,162.697
1782883140000,162.696,162.699,162.694,162.698
1782883200000,162.699,162.72,162.694,162.72
1782883260000,162.72,162.73,162.72,162.727
1782883320000,162.727,162.727,162.716,162.722
1782883380000,162.721,162.721,162.709,162.714
1782883440000,162.715,162.724,162.714,162.724
1782883500000,162.725,162.739,162.725,162.735
1782883560000,162.734,162.739,162.733,162.737
1782883620000,162.735,162.735,162.726,162.726
1782883680000,162.727,162.728,162.727,162.727
1782883740000,162.727,162.73,162.726,162.73
1782883800000,162.729,162.729,162.719,162.722
1782883860000,162.723,162.726,162.721,162.723
1782883920000,162.727,162.736,162.725,162.735
1782883980000,162.738,162.741,162.738,162.741
1782884040000,162.74,162.741,162.728,162.729
1782884100000,162.73,162.732,162.726,162.731
1782884160000,162.729,162.73,162.726,162.727
1782884220000,162.725,162.727,162.713,162.716
1782884280000,162.718,162.721,162.715,162.717
1782884340000,162.716,162.725,162.715,162.724
1782884400000,162.725,162.727,162.719,162.722
1782884460000,162.722,162.722,162.707,162.711
1782884520000,162.709,162.71,162.693,162.708
1782884580000,162.71,162.713,162.697,162.698
1782884640000,162.698,162.698,162.693,162.696
1782884700000,162.699,162.7,162.691,162.696
1782884760000,162.695,162.699,162.695,162.695
1782884820000,162.693,162.7,162.689,162.7
1782884880000,162.701,162.708,162.7,162.705
1782884940000,162.707,162.709,162.706,162.708
1782885000000,162.707,162.708,162.701,162.701
1782885060000,162.702,162.702,162.692,162.694
1782885120000,162.696,162.697,162.687,162.69
1782885180000,162.688,162.69,162.687,162.69
1782885240000,162.69,162.705,162.69,162.702
1782885300000,162.702,162.704,162.696,162.7
1782885360000,162.701,162.701,162.687,162.69
1782885420000,162.691,162.7,162.689,162.699
1782885480000,162.699,162.703,162.693,162.701
1782885540000,162.699,162.709,162.699,162.708
1782885600000,162.71,162.725,162.701,162.714
1782885660000,162.716,162.727,162.715,162.722
1782885720000,162.723,162.733,162.716,162.729
1782885780000,162.73,162.733,162.722,162.724
1782885840000,162.727,162.731,162.722,162.731
1782885900000,162.734,162.749,162.733,162.74
1782885960000,162.741,162.746,162.738,162.743
1782886020000,162.742,162.752,162.741,162.742
1782886080000,162.743,162.748,162.742,162.744
1782886140000,162.743,162.752,162.743,162.748
1782886200000,162.749,162.751,162.743,162.747
1782886260000,162.747,162.752,162.743,162.751
1782886320000,162.751,162.755,162.743,162.746
1782886380000,162.745,162.751,162.744,162.748
1782886440000,162.747,162.749,162.736,162.739
1782886500000,162.738,162.739,162.726,162.726
1782886560000,162.725,162.729,162.716,162.718
1782886620000,162.719,162.72,162.706,162.711
1782886680000,162.713,162.719,162.711,162.717
1782886740000,162.717,162.717,162.704,162.704
1782886800000,162.704,162.716,162.704,162.715
1782886860000,162.714,162.725,162.714,162.723
1782886920000,162.722,162.723,162.705,162.705
1782886980000,162.705,162.707,162.697,162.698
1782887040000,162.698,162.713,162.693,162.712
1782887100000,162.712,162.736,162.712,162.736
1782887160000,162.735,162.736,162.715,162.716
1782887220000,162.717,162.72,162.709,162.709
1782887280000,162.71,162.71,162.703,162.707
1782887340000,162.706,162.708,162.704,162.708
1782887400000,162.707,162.719,162.705,162.719
1782887460000,162.72,162.724,162.712,162.717
1782887520000,162.717,162.726,162.717,162.719
1782887580000,162.719,162.722,162.711,162.719
1782887640000,162.719,162.722,162.707,162.71
1782887700000,162.711,162.712,162.694,162.694
1782887760000,162.695,162.705,162.689,162.703
1782887820000,162.703,162.705,162.7,162.703
1782887880000,162.706,162.707,162.679,162.684
1782887940000,162.683,162.693,162.677,162.689
1782888000000,162.69,162.699,162.68,162.699
1782888060000,162.704,162.71,162.703,162.707
1782888120000,162.707,162.712,162.706,162.712
1782888180000,162.711,162.712,162.691,162.696
1782888240000,162.696,162.705,162.691,162.691
1782888300000,162.692,162.694,162.669,162.669
1782888360000,162.669,162.681,162.667,162.67
1782888420000,162.67,162.671,162.659,162.664
1782888480000,162.664,162.671,162.656,162.663
1782888540000,162.663,162.668,162.663,162.665
1782888600000,162.666,162.671,162.662,162.67
1782888660000,162.671,162.678,162.67,162.675
1782888720000,162.675,162.68,162.675,162.68
1782888780000,162.68,162.684,162.679,162.683
1782888840000,162.683,162.699,162.681,162.686
1782888900000,162.688,162.691,162.688,162.689
1782888960000,162.688,162.689,162.68,162.687
1782889020000,162.686,162.687,162.668,162.671
1782889080000,162.67,162.671,162.666,162.671
1782889140000,162.672,162.68,162.672,162.677
1782889200000,162.677,162.678,162.666,162.674
1782889260000,162.672,162.68,162.671,162.68
1782889320000,162.681,162.687,162.649,162.661
1782889380000,162.662,162.662,162.651,162.658
1782889440000,162.659,162.671,162.652,162.66
1782889500000,162.659,162.66,162.651,162.652
1782889560000,162.654,162.657,162.65,162.651
1782889620000,162.651,162.652,162.644,162.651
1782889680000,162.649,162.664,162.646,162.655
1782889740000,162.654,162.659,162.635,162.647
1782889800000,162.648,162.65,162.634,162.635
1782889860000,162.637,162.638,162.623,162.638
1782889920000,162.64,162.643,162.621,162.622
1782889980000,162.622,162.626,162.611,162.62
1782890040000,162.62,162.635,162.616,162.635
1782890100000,162.637,162.641,162.635,162.641
1782890160000,162.641,162.66,162.641,162.657
1782890220000,162.651,162.656,162.645,162.656
1782890280000,162.657,162.659,162.65,162.651
1782890340000,162.651,162.657,162.651,162.657
1782890400000,162.659,162.664,162.659,162.662
1782890460000,162.662,162.662,162.649,162.659
1782890520000,162.658,162.672,162.658,162.669
1782890580000,162.668,162.695,162.668,162.692
1782890640000,162.692,162.698,162.687,162.697
1782890700000,162.697,162.7,162.695,162.697
1782890760000,162.697,162.72,162.697,162.712
1782890820000,162.712,162.716,162.704,162.707
1782890880000,162.705,162.707,162.702,162.702
1782890940000,162.702,162.703,162.698,162.699
1782891000000,162.699,162.7,162.697,162.7
1782891060000,162.699,162.7,162.698,162.699
1782891120000,162.699,162.699,162.675,162.683
1782891180000,162.683,162.684,162.662,162.662
1782891240000,162.662,162.668,162.659,162.661
1782891300000,162.663,162.663,162.645,162.647
1782891360000,162.647,162.647,162.63,162.635
1782891420000,162.635,162.645,162.634,162.635
1782891480000,162.637,162.638,162.633,162.633
1782891540000,162.633,162.635,162.618,162.627
1782891600000,162.628,162.639,162.62,162.624
1782891660000,162.622,162.638,162.619,162.638
1782891720000,162.637,162.659,162.635,162.659
1782891780000,162.659,162.661,162.651,162.657
1782891840000,162.656,162.66,162.649,162.66
1782891900000,162.659,162.661,162.658,162.66
1782891960000,162.66,162.666,162.647,162.647
1782892020000,162.647,162.647,162.634,162.641
1782892080000,162.642,162.644,162.634,162.644
1782892140000,162.643,162.659,162.643,162.657
1782892200000,162.656,162.659,162.642,162.644
1782892260000,162.644,162.656,162.641,162.652
1782892320000,162.652,162.653,162.649,162.651
1782892380000,162.651,162.659,162.651,162.658
1782892440000,162.658,162.661,162.656,162.658
1782892500000,162.657,162.669,162.655,162.669
1782892560000,162.668,162.676,162.668,162.674
1782892620000,162.674,162.68,162.666,162.675
1782892680000,162.675,162.675,162.669,162.675
1782892740000,162.674,162.676,162.667,162.671
1782892800000,162.671,162.678,162.662,162.665
1782892860000,162.666,162.677,162.666,162.676
1782892920000,162.677,162.677,162.668,162.67
1782892980000,162.67,162.682,162.668,162.68
1782893040000,162.68,162.688,162.677,162.686
1782893100000,162.686,162.687,162.681,162.683
1782893160000,162.683,162.683,162.68,162.682
1782893220000,162.682,162.693,162.681,162.692
1782893280000,162.691,162.701,162.687,162.701
1782893340000,162.699,162.701,162.696,162.699
1782893400000,162.697,162.699,162.688,162.692
1782893460000,162.693,162.696,162.685,162.695
1782893520000,162.696,162.699,162.693,162.698
1782893580000,162.697,162.697,162.686,162.686
1782893640000,162.686,162.686,162.678,162.681
1782893700000,162.68,162.68,162.67,162.672
1782893760000,162.672,162.672,162.656,162.656
1782893820000,162.656,162.659,162.655,162.658
1782893880000,162.658,162.664,162.658,162.664
1782893940000,162.663,162.667,162.663,162.665
1782894000000,162.666,162.667,162.655,162.657
1782894060000,162.657,162.658,162.655,162.656
1782894120000,162.656,162.684,162.655,162.681
1782894180000,162.681,162.681,162.674,162.677
1782894240000,162.677,162.679,162.668,162.669
1782894300000,162.667,162.668,162.655,162.659
1782894360000,162.657,162.661,162.653,162.661
1782894420000,162.661,162.665,162.661,162.662
1782894480000,162.661,162.665,162.661,162.664
1782894540000,162.664,162.664,162.645,162.647
1782894600000,162.647,162.659,162.646,162.648
1782894660000,162.648,162.649,162.647,162.647
1782894720000,162.648,162.65,162.643,162.648
1782894780000,162.648,162.648,162.638,162.645
1782894840000,162.645,162.645,162.642,162.644
1782894900000,162.643,162.651,162.637,162.638
1782894960000,162.637,162.637,162.633,162.637
1782895020000,162.638,162.648,162.636,162.644
1782895080000,162.644,162.653,162.644,162.648
1782895140000,162.648,162.658,162.647,162.657
1782895200000,162.657,162.659,162.649,162.65
1782895260000,162.65,162.65,162.646,162.649
1782895320000,162.649,162.651,162.645,162.645
1782895380000,162.647,162.648,162.635,162.637
1782895440000,162.636,162.645,162.635,162.641
1782895500000,162.641,162.643,162.637,162.638
1782895560000,162.638,162.647,162.638,162.644
1782895620000,162.644,162.646,162.643,162.644
1782895680000,162.645,162.651,162.643,162.644
1782895740000,162.643,162.654,162.643,162.65
1782895800000,162.65,162.658,162.647,162.649
1782895860000,162.65,162.65,162.645,162.648
1782895920000,162.648,162.651,162.645,162.651
1782895980000,162.648,162.653,162.648,162.649
1782896040000,162.648,162.649,162.648,162.649
1782896100000,162.647,162.648,162.637,162.648
1782896160000,162.648,162.648,162.633,162.64
1782896220000,162.642,162.656,162.638,162.654
1782896280000,162.655,162.666,162.654,162.666
1782896340000,162.663,162.665,162.657,162.664
1782896400000,162.663,162.681,162.663,162.668
1782896460000,162.664,162.669,162.663,162.663
1782896520000,162.664,162.664,162.649,162.661
1782896580000,162.661,162.671,162.659,162.668
1782896640000,162.668,162.674,162.666,162.672
1782896700000,162.672,162.678,162.669,162.676
1782896760000,162.678,162.678,162.663,162.664
1782896820000,162.665,162.672,162.663,162.672
1782896880000,162.673,162.682,162.673,162.682
1782896940000,162.681,162.689,162.68,162.681
1782897000000,162.681,162.686,162.676,162.685
1782897060000,162.684,162.686,162.678,162.679
1782897120000,162.679,162.68,162.675,162.679
1782897180000,162.678,162.683,162.677,162.681
1782897240000,162.682,162.682,162.676,162.678
1782897300000,162.677,162.688,162.676,162.688
1782897360000,162.687,162.697,162.686,162.697
1782897420000,162.697,162.699,162.694,162.696
1782897480000,162.696,162.702,162.696,162.701
1782897540000,162.702,162.707,162.699,162.705
1782897600000,162.704,162.705,162.7,162.702
1782897660000,162.702,162.708,162.702,162.707
1782897720000,162.707,162.716,162.706,162.713
1782897780000,162.713,162.713,162.707,162.707
1782897840000,162.709,162.71,162.707,162.709
1782897900000,162.709,162.712,162.694,162.696
1782897960000,162.697,162.698,162.682,162.682
1782898020000,162.681,162.687,162.68,162.683
1782898080000,162.682,162.691,162.682,162.689
1782898140000,162.688,162.693,162.663,162.668
1782898200000,162.667,162.68,162.663,162.678
1782898260000,162.678,162.681,162.676,162.677
1782898320000,162.678,162.682,162.672,162.682
1782898380000,162.681,162.685,162.68,162.685
1782898440000,162.684,162.687,162.684,162.687
1782898500000,162.685,162.69,162.681,162.684
1782898560000,162.683,162.683,162.678,162.682
1782898620000,162.682,162.682,162.67,162.67
1782898680000,162.67,162.673,162.667,162.672
1782898740000,162.672,162.68,162.67,162.68
1782898800000,162.681,162.691,162.677,162.689
1782898860000,162.69,162.697,162.688,162.695
1782898920000,162.696,162.696,162.693,162.694
1782898980000,162.695,162.697,162.688,162.69
1782899040000,162.69,162.692,162.687,162.688
1782899100000,162.688,162.689,162.685,162.685
1782899160000,162.686,162.694,162.686,162.692
1782899220000,162.694,162.694,162.688,162.688
1782899280000,162.689,162.69,162.685,162.689
1782899340000,162.689,162.713,162.689,162.712
1782899400000,162.712,162.712,162.708,162.71
1782899460000,162.711,162.712,162.707,162.707
1782899520000,162.709,162.714,162.702,162.71
1782899580000,162.711,162.716,162.708,162.713
1782899640000,162.714,162.715,162.711,162.715
1782899700000,162.713,162.731,162.713,162.72
1782899760000,162.721,162.723,162.72,162.723
1782899820000,162.721,162.724,162.72,162.723
1782899880000,162.723,162.739,162.722,162.739
1782899940000,162.739,162.742,162.733,162.733
1782900000000,162.733,162.745,162.731,162.735
1782900060000,162.739,162.74,162.73,162.733
1782900120000,162.732,162.732,162.724,162.73
1782900180000,162.731,162.731,162.722,162.728
1782900240000,162.729,162.729,162.721,162.723
1782900300000,162.723,162.724,162.705,162.707
1782900360000,162.706,162.711,162.705,162.709
1782900420000,162.709,162.709,162.705,162.705
1782900480000,162.706,162.708,162.694,162.7
1782900540000,162.7,162.706,162.698,162.705
1782900600000,162.706,162.706,162.697,162.703
1782900660000,162.702,162.705,162.697,162.698
1782900720000,162.699,162.699,162.687,162.688
1782900780000,162.688,162.697,162.688,162.694
1782900840000,162.695,162.696,162.692,162.693
1782900900000,162.694,162.701,162.692,162.701
1782900960000,162.701,162.704,162.68,162.683
1782901020000,162.683,162.686,162.679,162.679
1782901080000,162.678,162.686,162.677,162.686
1782901140000,162.685,162.685,162.676,162.678
1782901200000,162.678,162.684,162.674,162.683
1782901260000,162.683,162.684,162.678,162.683
1782901320000,162.684,162.686,162.682,162.684
1782901380000,162.684,162.699,162.684,162.698
1782901440000,162.699,162.699,162.688,162.696
1782901500000,162.693,162.695,162.687,162.687
1782901560000,162.686,162.686,162.683,162.685
1782901620000,162.686,162.688,162.684,162.687
1782901680000,162.686,162.687,162.681,162.687
1782901740000,162.688,162.688,162.686,162.688
1782901800000,162.688,162.695,162.687,162.687
1782901860000,162.687,162.689,162.684,162.688
1782901920000,162.688,162.695,162.688,162.688
1782901980000,162.688,162.689,162.684,162.685
1782902040000,162.684,162.685,162.676,162.681
1782902100000,162.682,162.685,162.682,162.684
1782902160000,162.687,162.697,162.687,162.697
1782902220000,162.697,162.7,162.691,162.697
1782902280000,162.696,162.697,162.688,162.69
1782902340000,162.69,162.697,162.689,162.691
1782902400000,162.691,162.694,162.691,162.693
1782902460000,162.693,162.699,162.693,162.693
1782902520000,162.693,162.698,162.693,162.696
1782902580000,162.696,162.701,162.694,162.699
1782902640000,162.699,162.699,162.69,162.694
1782902700000,162.693,162.696,162.693,162.695
1782902760000,162.694,162.695,162.689,162.69
1782902820000,162.691,162.691,162.681,162.683
1782902880000,162.684,162.685,162.683,162.683
1782902940000,162.684,162.688,162.683,162.688
1782903000000,162.688,162.688,162.682,162.683
1782903060000,162.683,162.683,162.676,162.676
1782903120000,162.675,162.68,162.675,162.679
1782903180000,162.68,162.685,162.68,162.683
1782903240000,162.684,162.685,162.682,162.682
1782903300000,162.681,162.681,162.677,162.678
1782903360000,162.681,162.682,162.678,162.678
1782903420000,162.678,162.684,162.678,162.684
1782903480000,162.688,162.699,162.688,162.697
1782903540000,162.695,162.698,162.687,162.688
1782903600000,162.688,162.688,162.683,162.687
1782903660000,162.687,162.695,162.685,162.695
1782903720000,162.696,162.697,162.688,162.688
1782903780000,162.688,162.689,162.682,162.688
1782903840000,162.689,162.701,162.689,162.694
1782903900000,162.695,162.706,162.694,162.702
1782903960000,162.703,162.703,162.696,162.697
1782904020000,162.697,162.7,162.696,162.697
1782904080000,162.698,162.7,162.697,162.699
1782904140000,162.698,162.702,162.698,162.699
1782904200000,162.7,162.702,162.698,162.702
1782904260000,162.702,162.702,162.696,162.702
1782904320000,162.702,162.712,162.702,162.707
1782904380000,162.707,162.72,162.707,162.709
1782904440000,162.71,162.71,162.707,162.707
1782904500000,162.705,162.709,162.704,162.705
1782904560000,162.705,162.706,162.699,162.7
1782904620000,162.699,162.701,162.695,162.7
1782904680000,162.702,162.705,162.696,162.701
1782904740000,162.7,162.701,162.697,162.701
1782904800000,162.702,162.708,162.701,162.707
1782904860000,162.707,162.708,162.706,162.707
1782904920000,162.707,162.707,162.704,162.704
1782904980000,162.704,162.706,162.701,162.702
1782905040000,162.703,162.705,162.7,162.705
1782905100000,162.705,162.708,162.705,162.707
1782905160000,162.706,162.707,162.704,162.706
1782905220000,162.705,162.708,162.705,162.705
1782905280000,162.706,162.707,162.705,162.705
1782905340000,162.704,162.704,162.694,162.694
1782905400000,162.693,162.704,162.692,162.704
1782905460000,162.705,162.734,162.705,162.717
1782905520000,162.716,162.717,162.698,162.699
1782905580000,162.7,162.704,162.697,162.699
1782905640000,162.699,162.705,162.693,162.699
1782905700000,162.7,162.703,162.695,162.697
1782905760000,162.695,162.705,162.693,162.697
1782905820000,162.696,162.698,162.689,162.693
1782905880000,162.692,162.693,162.69,162.691
1782905940000,162.692,162.694,162.691,162.693
1782906000000,162.694,162.695,162.691,162.695
1782906060000,162.696,162.705,162.695,162.698
1782906120000,162.698,162.705,162.696,162.697
1782906180000,162.699,162.7,162.694,162.695
1782906240000,162.695,162.695,162.692,162.694
1782906300000,162.695,162.7,162.695,162.697
1782906360000,162.696,162.696,162.694,162.695
1782906420000,162.694,162.695,162.693,162.694
1782906480000,162.695,162.699,162.694,162.697
1782906540000,162.697,162.712,162.697,162.711
1782906600000,162.71,162.711,162.701,162.702
1782906660000,162.702,162.702,162.693,162.701
1782906720000,162.702,162.704,162.697,162.702
1782906780000,162.7,162.703,162.696,162.696
1782906840000,162.697,162.711,162.694,162.71
1782906900000,162.711,162.713,162.705,162.705
1782906960000,162.706,162.706,162.696,162.697
1782907020000,162.697,162.701,162.695,162.695
1782907080000,162.696,162.7,162.694,162.695
1782907140000,162.695,162.696,162.693,162.695
1782907200000,162.695,162.704,162.688,162.695
1782907260000,162.696,162.708,162.695,162.707
1782907320000,162.707,162.711,162.694,162.702
1782907380000,162.704,162.707,162.696,162.696
1782907440000,162.695,162.7,162.695,162.697
1782907500000,162.698,162.705,162.693,162.703
1782907560000,162.702,162.705,162.7,162.701
1782907620000,162.7,162.701,162.693,162.699
1782907680000,162.7,162.7,162.696,162.699
1782907740000,162.699,162.711,162.699,162.707
1782907800000,162.707,162.711,162.698,162.698
1782907860000,162.699,162.711,162.697,162.704
1782907920000,162.704,162.708,162.703,162.704
1782907980000,162.705,162.707,162.697,162.698
1782908040000,162.7,162.704,162.697,162.7
1782908100000,162.698,162.698,162.672,162.684
1782908160000,162.683,162.69,162.683,162.687
1782908220000,162.688,162.695,162.687,162.694
1782908280000,162.694,162.698,162.687,162.688
1782908340000,162.688,162.7,162.688,162.695
1782908400000,162.694,162.696,162.693,162.696
1782908460000,162.695,162.707,162.694,162.707
1782908520000,162.707,162.708,162.695,162.697
1782908580000,162.696,162.696,162.681,162.687
1782908640000,162.687,162.694,162.685,162.693
1782908700000,162.694,162.702,162.691,162.698
1782908760000,162.695,162.695,162.684,162.686
1782908820000,162.687,162.692,162.685,162.688
1782908880000,162.689,162.696,162.687,162.696
1782908940000,162.697,162.697,162.694,162.695
1782909000000,162.695,162.695,162.687,162.688
1782909060000,162.688,162.689,162.687,162.688
1782909120000,162.688,162.691,162.686,162.689
1782909180000,162.69,162.702,162.69,162.698
1782909240000,162.699,162.703,162.697,162.703
1782909300000,162.703,162.717,162.702,162.714
1782909360000,162.714,162.731,162.714,162.728
1782909420000,162.729,162.729,162.718,162.72
1782909480000,162.721,162.722,162.716,162.72
1782909540000,162.721,162.736,162.721,162.735
1782909600000,162.736,162.747,162.733,162.743
1782909660000,162.744,162.745,162.733,162.733
1782909720000,162.734,162.754,162.733,162.754
1782909780000,162.753,162.758,162.741,162.748
1782909840000,162.748,162.751,162.745,162.746
1782909900000,162.744,162.745,162.733,162.734
1782909960000,162.734,162.742,162.731,162.735
1782910020000,162.735,162.764,162.735,162.751
1782910080000,162.75,162.759,162.75,162.753
1782910140000,162.753,162.754,162.733,162.737
1782910200000,162.738,162.744,162.734,162.743
1782910260000,162.744,162.746,162.726,162.728
1782910320000,162.729,162.731,162.721,162.721
1782910380000,162.722,162.726,162.719,162.725
1782910440000,162.725,162.725,162.696,162.703
1782910500000,162.704,162.714,162.701,162.705
1782910560000,162.705,162.711,162.686,162.697
1782910620000,162.697,162.709,162.697,162.705
1782910680000,162.706,162.709,162.694,162.703
1782910740000,162.703,162.703,162.698,162.698
1782910800000,162.698,162.701,162.688,162.688
1782910860000,162.688,162.712,162.688,162.711
1782910920000,162.712,162.712,162.701,162.702
1782910980000,162.7,162.703,162.688,162.689
1782911040000,162.69,162.695,162.687,162.691
1782911100000,162.691,162.707,162.691,162.701
1782911160000,162.699,162.699,162.677,162.688
1782911220000,162.689,162.7,162.686,162.697
1782911280000,162.698,162.7,162.686,162.696
1782911340000,162.696,162.7,162.689,162.691
1782911400000,162.692,162.719,162.692,162.717
1782911460000,162.717,162.732,162.712,162.726
1782911520000,162.727,162.734,162.722,162.73
1782911580000,162.73,162.732,162.722,162.729
1782911640000,162.729,162.73,162.715,162.723
1782911700000,162.721,162.722,162.709,162.711
1782911760000,162.711,162.716,162.697,162.699
1782911820000,162.698,162.699,162.664,162.674
1782911880000,162.675,162.682,162.663,162.671
1782911940000,162.675,162.682,162.667,162.675
1782912000000,162.674,162.674,162.616,162.623
1782912060000,162.624,162.65,162.622,162.627
1782912120000,162.627,162.627,162.557,162.574
1782912180000,162.575,162.61,162.572,162.604
1782912240000,162.604,162.604,162.575,162.595
1782912300000,162.595,162.616,162.583,162.611
1782912360000,162.611,162.611,162.586,162.593
1782912420000,162.594,162.594,162.573,162.582
1782912480000,162.582,162.584,162.566,162.584
1782912540000,162.585,162.623,162.548,162.562
1782912600000,162.564,162.565,162.512,162.551
1782912660000,162.551,162.552,162.484,162.509
1782912720000,162.509,162.537,162.509,162.527
1782912780000,162.527,162.54,162.505,162.524
1782912840000,162.524,162.528,162.517,162.524
1782912900000,162.524,162.528,162.501,162.515
1782912960000,162.516,162.516,162.483,162.489
1782913020000,162.489,162.551,162.488,162.532
1782913080000,162.531,162.536,162.487,162.487
1782913140000,162.488,162.527,162.488,162.527
1782913200000,162.526,162.544,162.491,162.502
1782913260000,162.502,162.505,162.38,162.423
1782913320000,162.423,162.456,162.411,162.455
1782913380000,162.454,162.455,162.423,162.425
1782913440000,162.425,162.448,162.393,162.395
1782913500000,162.395,162.397,162.296,162.303
1782913560000,162.304,162.332,162.302,162.312
1782913620000,162.312,162.364,162.301,162.36
1782913680000,162.359,162.372,162.332,162.35
1782913740000,162.349,162.357,162.336,162.35
1782913800000,162.357,162.417,162.356,162.411
1782913860000,162.411,162.441,162.403,162.426
1782913920000,162.423,162.441,162.413,162.439
1782913980000,162.437,162.44,162.424,162.439
1782914040000,162.44,162.463,162.438,162.454
1782914100000,162.454,162.463,162.442,162.45
1782914160000,162.449,162.45,162.42,162.439
1782914220000,162.438,162.441,162.414,162.42
1782914280000,162.421,162.452,162.417,162.439
1782914340000,162.44,162.447,162.404,162.407
1782914400000,162.408,162.408,162.344,162.373
1782914460000,162.373,162.414,162.373,162.414
1782914520000,162.414,162.44,162.414,162.44
1782914580000,162.439,162.441,162.425,162.435
1782914640000,162.434,162.436,162.41,162.423
1782914700000,162.424,162.429,162.405,162.409
1782914760000,162.409,162.411,162.372,162.378
1782914820000,162.379,162.394,162.372,162.394
1782914880000,162.394,162.395,162.381,162.383
1782914940000,162.383,162.383,162.357,162.363
1782915000000,162.363,162.37,162.337,162.34
1782915060000,162.341,162.364,162.34,162.361
1782915120000,162.361,162.371,162.345,162.367
1782915180000,162.369,162.381,162.365,162.373
1782915240000,162.373,162.38,162.366,162.38
1782915300000,162.378,162.397,162.377,162.385
1782915360000,162.387,162.392,162.341,162.349
1782915420000,162.348,162.358,162.324,162.354
1782915480000,162.354,162.358,162.326,162.344
1782915540000,162.344,162.366,162.342,162.362
1782915600000,162.361,162.365,162.322,162.325
1782915660000,162.325,162.337,162.308,162.324
1782915720000,162.324,162.34,162.318,162.331
1782915780000,162.332,162.358,162.331,162.356
1782915840000,162.355,162.395,162.337,162.395
1782915900000,162.393,162.412,162.39,162.408
1782915960000,162.409,162.423,162.409,162.423
1782916020000,162.423,162.425,162.405,162.406
1782916080000,162.407,162.437,162.407,162.43
1782916140000,162.431,162.449,162.425,162.448
1782916200000,162.448,162.45,162.425,162.429
1782916260000,162.43,162.43,162.375,162.375
1782916320000,162.375,162.39,162.375,162.388
1782916380000,162.387,162.387,162.346,162.357
1782916440000,162.358,162.371,162.325,162.325
1782916500000,162.326,162.354,162.318,162.344
1782916560000,162.343,162.356,162.332,162.356
1782916620000,162.355,162.359,162.34,162.346
1782916680000,162.347,162.367,162.343,162.363
1782916740000,162.362,162.364,162.346,162.351
1782916800000,162.353,162.353,162.33,162.339
1782916860000,162.34,162.347,162.33,162.345
1782916920000,162.347,162.347,162.331,162.342
1782916980000,162.342,162.36,162.341,162.359
1782917040000,162.36,162.371,162.354,162.366
1782917100000,162.363,162.388,162.357,162.384
1782917160000,162.384,162.385,162.369,162.383
1782917220000,162.381,162.385,162.369,162.384
1782917280000,162.385,162.402,162.382,162.402
1782917340000,162.403,162.407,162.391,162.397
1782917400000,162.401,162.436,162.401,162.432
1782917460000,162.433,162.433,162.41,162.427
1782917520000,162.426,162.438,162.423,162.425
1782917580000,162.424,162.433,162.408,162.42
1782917640000,162.419,162.435,162.41,162.434
1782917700000,162.435,162.444,162.426,162.434
1782917760000,162.434,162.438,162.429,162.437
1782917820000,162.436,162.449,162.42,162.437
1782917880000,162.436,162.447,162.426,162.431
1782917940000,162.432,162.432,162.395,162.395
1782918000000,162.395,162.4,162.377,162.378
1782918060000,162.378,162.396,162.375,162.385
1782918120000,162.386,162.398,162.373,162.398
1782918180000,162.398,162.421,162.396,162.416
1782918240000,162.417,162.445,162.413,162.434
1782918300000,162.433,162.433,162.421,162.421
1782918360000,162.421,162.427,162.418,162.421
1782918420000,162.421,162.448,162.399,162.44
1782918480000,162.44,162.456,162.437,162.451
1782918540000,162.452,162.455,162.437,162.437
1782918600000,162.437,162.437,162.416,162.428
1782918660000,162.429,162.432,162.417,162.418
1782918720000,162.418,162.421,162.403,162.407
1782918780000,162.406,162.435,162.406,162.433
1782918840000,162.432,162.432,162.416,162.417
1782918900000,162.418,162.427,162.417,162.427
1782918960000,162.43,162.432,162.413,162.417
1782919020000,162.416,162.418,162.404,162.405
1782919080000,162.407,162.419,162.398,162.404
1782919140000,162.406,162.425,162.406,162.42
1782919200000,162.42,162.428,162.415,162.427
1782919260000,162.426,162.438,162.415,162.435
1782919320000,162.434,162.462,162.429,162.462
1782919380000,162.463,162.467,162.451,162.466
1782919440000,162.467,162.474,162.457,162.457
1782919500000,162.457,162.457,162.418,162.43
1782919560000,162.43,162.434,162.422,162.428
1782919620000,162.427,162.434,162.42,162.421
1782919680000,162.422,162.422,162.406,162.408
1782919740000,162.408,162.417,162.407,162.412
1782919800000,162.414,162.43,162.409,162.409
1782919860000,162.411,162.411,162.393,162.397
1782919920000,162.397,162.401,162.391,162.398
1782919980000,162.399,162.432,162.397,162.432
1782920040000,162.432,162.439,162.424,162.425
1782920100000,162.427,162.433,162.409,162.418
1782920160000,162.419,162.436,162.406,162.435
1782920220000,162.435,162.449,162.432,162.433
1782920280000,162.434,162.439,162.433,162.438
1782920340000,162.438,162.438,162.422,162.423
1782920400000,162.423,162.427,162.421,162.421
1782920460000,162.424,162.446,162.424,162.446
1782920520000,162.445,162.453,162.443,162.451
1782920580000,162.451,162.451,162.44,162.45
1782920640000,162.45,162.464,162.447,162.455
1782920700000,162.456,162.459,162.436,162.438
1782920760000,162.439,162.449,162.432,162.449
1782920820000,162.449,162.46,162.443,162.456
1782920880000,162.453,162.453,162.447,162.452
1782920940000,162.452,162.457,162.434,162.436
1782921000000,162.437,162.437,162.42,162.427
1782921060000,162.427,162.427,162.421,162.424
1782921120000,162.422,162.426,162.413,162.413
1782921180000,162.413,162.414,162.396,162.41
1782921240000,162.409,162.421,162.409,162.419
1782921300000,162.42,162.424,162.411,162.417
1782921360000,162.417,162.419,162.409,162.411
1782921420000,162.411,162.421,162.411,162.418
1782921480000,162.419,162.426,162.414,162.424
1782921540000,162.425,162.431,162.409,162.413
1782921600000,162.413,162.413,162.397,162.401
1782921660000,162.4,162.401,162.387,162.398
1782921720000,162.399,162.399,162.378,162.385
1782921780000,162.383,162.389,162.367,162.371
1782921840000,162.37,162.381,162.362,162.362
1782921900000,162.363,162.373,162.358,162.368
1782921960000,162.369,162.37,162.358,162.359
1782922020000,162.36,162.373,162.36,162.371
1782922080000,162.372,162.38,162.371,162.378
1782922140000,162.378,162.386,162.374,162.385
1782922200000,162.385,162.386,162.38,162.386
1782922260000,162.386,162.386,162.371,162.372
1782922320000,162.372,162.373,162.364,162.368
1782922380000,162.368,162.378,162.368,162.373
1782922440000,162.374,162.396,162.372,162.394
1782922500000,162.394,162.411,162.393,162.409
1782922560000,162.411,162.419,162.408,162.409
1782922620000,162.41,162.411,162.397,162.41
1782922680000,162.414,162.419,162.41,162.416
1782922740000,162.415,162.418,162.41,162.412
1782922800000,162.411,162.412,162.385,162.396
1782922860000,162.396,162.4,162.387,162.395
1782922920000,162.394,162.398,162.386,162.393
1782922980000,162.392,162.399,162.385,162.396
1782923040000,162.399,162.407,162.395,162.397
1782923100000,162.398,162.4,162.382,162.383
1782923160000,162.385,162.388,162.38,162.383
1782923220000,162.383,162.385,162.373,162.378
1782923280000,162.378,162.385,162.374,162.383
1782923340000,162.384,162.397,162.382,162.391
1782923400000,162.391,162.392,162.382,162.383
1782923460000,162.384,162.398,162.383,162.397
1782923520000,162.397,162.409,162.395,162.405
1782923580000,162.407,162.409,162.4,162.402
1782923640000,162.403,162.411,162.402,162.408
1782923700000,162.408,162.419,162.408,162.419
1782923760000,162.42,162.427,162.418,162.426
1782923820000,162.425,162.427,162.421,162.425
1782923880000,162.425,162.431,162.42,162.431
1782923940000,162.431,162.441,162.429,162.44
1782924000000,162.44,162.449,162.438,162.447
1782924060000,162.448,162.46,162.445,162.451
1782924120000,162.452,162.452,162.44,162.44
1782924180000,162.439,162.453,162.439,162.45
1782924240000,162.449,162.452,162.447,162.449
1782924300000,162.45,162.45,162.433,162.434
1782924360000,162.435,162.435,162.426,162.429
1782924420000,162.428,162.429,162.415,162.419
1782924480000,162.42,162.423,162.417,162.423
1782924540000,162.423,162.43,162.42,162.425
1782924600000,162.426,162.435,162.425,162.434
1782924660000,162.434,162.435,162.43,162.434
1782924720000,162.435,162.442,162.434,162.439
1782924780000,162.439,162.439,162.427,162.432
1782924840000,162.431,162.435,162.429,162.434
1782924900000,162.434,162.437,162.433,162.435
1782924960000,162.434,162.449,162.434,162.448
1782925020000,162.448,162.448,162.438,162.447
1782925080000,162.446,162.453,162.439,162.453
1782925140000,162.453,162.461,162.45,162.457
1782925200000,162.456,162.474,162.448,162.448
1782925260000,162.448,162.45,162.438,162.439
1782925320000,162.438,162.441,162.436,162.44
1782925380000,162.441,162.451,162.439,162.45
1782925440000,162.45,162.45,162.423,162.433
1782925500000,162.434,162.438,162.432,162.433
1782925560000,162.432,162.438,162.431,162.438
1782925620000,162.439,162.445,162.437,162.438
1782925680000,162.438,162.462,162.438,162.461
1782925740000,162.462,162.467,162.452,162.452
1782925800000,162.453,162.476,162.446,162.472
1782925860000,162.471,162.479,162.467,162.479
1782925920000,162.479,162.482,162.466,162.478
1782925980000,162.478,162.487,162.477,162.482
1782926040000,162.483,162.484,162.478,162.482
1782926100000,162.486,162.491,162.472,162.472
1782926160000,162.473,162.474,162.463,162.463
1782926220000,162.464,162.477,162.464,162.474
1782926280000,162.475,162.485,162.475,162.481
1782926340000,162.481,162.484,162.477,162.479
1782926400000,162.486,162.491,162.483,162.487
1782926460000,162.488,162.49,162.484,162.49
1782926520000,162.49,162.491,162.489,162.491
1782926580000,162.491,162.495,162.481,162.489
1782926640000,162.488,162.489,162.476,162.485
1782926700000,162.483,162.486,162.483,162.484
1782926760000,162.484,162.486,162.48,162.486
1782926820000,162.485,162.485,162.483,162.484
1782926880000,162.485,162.485,162.471,162.484
1782926940000,162.483,162.486,162.482,162.485
1782927000000,162.487,162.49,162.485,162.489
1782927060000,162.49,162.491,162.48,162.486
1782927120000,162.488,162.49,162.486,162.488
1782927180000,162.489,162.49,162.487,162.489
1782927240000,162.49,162.491,162.489,162.491
1782927300000,162.493,162.501,162.493,162.5
1782927360000,162.502,162.508,162.499,162.501
1782927420000,162.502,162.515,162.5,162.514
1782927480000,162.515,162.517,162.513,162.515
1782927540000,162.516,162.537,162.515,162.525
1782927600000,162.527,162.527,162.513,162.513
1782927660000,162.513,162.525,162.506,162.523
1782927720000,162.524,162.524,162.514,162.518
1782927780000,162.518,162.519,162.515,162.518
1782927840000,162.521,162.526,162.519,162.523
1782927900000,162.523,162.524,162.508,162.509
1782927960000,162.512,162.512,162.502,162.504
1782928020000,162.505,162.514,162.503,162.504
1782928080000,162.506,162.507,162.504,162.506
1782928140000,162.506,162.507,162.505,162.505
1782928200000,162.506,162.506,162.505,162.505
1782928260000,162.506,162.517,162.505,162.517
1782928320000,162.517,162.52,162.515,162.517
1782928380000,162.517,162.519,162.516,162.518
1782928440000,162.518,162.525,162.517,162.523
1782928500000,162.524,162.524,162.519,162.522
1782928560000,162.523,162.529,162.522,162.523
1782928620000,162.524,162.543,162.524,162.541
1782928680000,162.542,162.545,162.539,162.542
1782928740000,162.543,162.543,162.528,162.532
1782928800000,162.531,162.537,162.528,162.53
1782928860000,162.531,162.531,162.524,162.527
1782928920000,162.528,162.534,162.525,162.526
1782928980000,162.525,162.525,162.516,162.524
1782929040000,162.524,162.528,162.517,162.518
1782929100000,162.519,162.529,162.518,162.526
1782929160000,162.527,162.53,162.522,162.522
1782929220000,162.523,162.527,162.523,162.527
1782929280000,162.528,162.536,162.526,162.533
1782929340000,162.533,162.537,162.532,162.537
1782929400000,162.536,162.537,162.534,162.536
1782929460000,162.535,162.543,162.534,162.541
1782929520000,162.542,162.548,162.541,162.545
1782929580000,162.543,162.544,162.54,162.541
1782929640000,162.539,162.541,162.537,162.541
1782929700000,162.54,162.545,162.54,162.543
1782929760000,162.544,162.546,162.542,162.546
1782929820000,162.546,162.556,162.544,162.554
1782929880000,162.553,162.556,162.551,162.555
1782929940000,162.556,162.565,162.551,162.553
1782930000000,162.554,162.563,162.553,162.563
1782930060000,162.562,162.574,162.56,162.574
1782930120000,162.573,162.574,162.559,162.565
1782930180000,162.564,162.577,162.564,162.576
1782930240000,162.577,162.58,162.571,162.572
1782930300000,162.572,162.573,162.564,162.572
1782930360000,162.572,162.575,162.57,162.575
1782930420000,162.575,162.575,162.572,162.573
1782930480000,162.574,162.577,162.573,162.575
1782930540000,162.575,162.578,162.572,162.574
1782930600000,162.573,162.577,162.571,162.575
1782930660000,162.576,162.576,162.561,162.564
1782930720000,162.565,162.565,162.56,162.56
1782930780000,162.562,162.562,162.548,162.55
1782930840000,162.549,162.554,162.547,162.553
1782930900000,162.553,162.554,162.549,162.553
1782930960000,162.554,162.555,162.55,162.552
1782931020000,162.553,162.553,162.547,162.548
1782931080000,162.549,162.55,162.547,162.548
1782931140000,162.549,162.55,162.547,162.55
1782931200000,162.549,162.552,162.548,162.548
1782931260000,162.549,162.552,162.539,162.552
1782931320000,162.551,162.552,162.548,162.549
1782931380000,162.55,162.55,162.54,162.542
1782931440000,162.54,162.549,162.54,162.543
1782931500000,162.542,162.548,162.542,162.546
1782931560000,162.546,162.547,162.541,162.542
1782931620000,162.542,162.542,162.538,162.541
1782931680000,162.54,162.542,162.533,162.533
1782931740000,162.534,162.535,162.532,162.535
1782931800000,162.536,162.539,162.535,162.538
1782931860000,162.537,162.537,162.526,162.534
1782931920000,162.535,162.535,162.526,162.526
1782931980000,162.526,162.528,162.522,162.522
1782932040000,162.522,162.525,162.522,162.524
1782932100000,162.523,162.523,162.52,162.52
1782932160000,162.522,162.524,162.514,162.518
1782932220000,162.519,162.526,162.511,162.525
1782932280000,162.523,162.534,162.523,162.533
1782932340000,162.533,162.534,162.515,162.522
1782932400000,162.522,162.522,162.509,162.515
1782932460000,162.515,162.522,162.511,162.521
1782932520000,162.523,162.527,162.508,162.508
1782932580000,162.51,162.515,162.51,162.514
1782932640000,162.513,162.518,162.512,162.515
1782932700000,162.515,162.516,162.513,162.513
1782932760000,162.513,162.524,162.513,162.524
1782932820000,162.525,162.527,162.524,162.525
1782932880000,162.524,162.524,162.52,162.52
1782932940000,162.521,162.522,162.513,162.521
1782933000000,162.521,162.522,162.513,162.514
1782933060000,162.515,162.528,162.515,162.528
1782933120000,162.526,162.527,162.523,162.525
1782933180000,162.526,162.527,162.524,162.525
1782933240000,162.524,162.525,162.523,162.525
1782933300000,162.524,162.524,162.522,162.522
1782933360000,162.523,162.527,162.522,162.527
1782933420000,162.527,162.547,162.527,162.545
1782933480000,162.544,162.546,162.544,162.545
1782933540000,162.547,162.547,162.545,162.546
1782933600000,162.546,162.546,162.537,162.537
1782933660000,162.54,162.54,162.535,162.536
1782933720000,162.536,162.538,162.533,162.533
1782933780000,162.533,162.537,162.532,162.537
1782933840000,162.537,162.537,162.534,162.535
1782933900000,162.535,162.538,162.534,162.538
1782933960000,162.537,162.538,162.534,162.534
1782934020000,162.535,162.537,162.534,162.535
1782934080000,162.536,162.536,162.523,162.523
1782934140000,162.523,162.523,162.519,162.521
1782934200000,162.519,162.522,162.519,162.52
1782934260000,162.522,162.523,162.521,162.522
1782934320000,162.521,162.524,162.519,162.52
1782934380000,162.519,162.52,162.507,162.509
1782934440000,162.508,162.52,162.508,162.514
1782934500000,162.513,162.516,162.513,162.515
1782934560000,162.514,162.52,162.514,162.515
1782934620000,162.513,162.517,162.512,162.514
1782934680000,162.513,162.514,162.508,162.51
1782934740000,162.511,162.521,162.511,162.52
1782934800000,162.522,162.526,162.519,162.524
1782934860000,162.525,162.525,162.521,162.525
1782934920000,162.524,162.526,162.521,162.524
1782934980000,162.525,162.525,162.52,162.52
1782935040000,162.52,162.522,162.52,162.52
1782935100000,162.521,162.527,162.52,162.525
1782935160000,162.524,162.526,162.523,162.525
1782935220000,162.524,162.524,162.519,162.522
1782935280000,162.52,162.525,162.52,162.525
1782935340000,162.525,162.539,162.525,162.538
1782935400000,162.537,162.553,162.537,162.553
1782935460000,162.554,162.563,162.551,162.563
1782935520000,162.564,162.581,162.564,162.578
1782935580000,162.576,162.579,162.559,162.561
1782935640000,162.56,162.562,162.551,162.56
1782935700000,162.561,162.562,162.551,162.553
1782935760000,162.553,162.555,162.546,162.548
1782935820000,162.55,162.561,162.549,162.551
1782935880000,162.553,162.565,162.553,162.563
1782935940000,162.562,162.572,162.561,162.57
1782936000000,162.571,162.571,162.554,162.56
1782936060000,162.561,162.567,162.558,162.566
1782936120000,162.565,162.571,162.561,162.567
1782936180000,162.568,162.568,162.557,162.562
1782936240000,162.563,162.566,162.561,162.563
1782936300000,162.562,162.578,162.562,162.577
1782936360000,162.576,162.578,162.573,162.576
1782936420000,162.575,162.577,162.572,162.576
1782936480000,162.575,162.581,162.575,162.577
1782936540000,162.576,162.577,162.567,162.572
1782936600000,162.572,162.572,162.55,162.55
1782936660000,162.551,162.567,162.55,162.566
1782936720000,162.565,162.572,162.564,162.572
1782936780000,162.573,162.573,162.566,162.567
1782936840000,162.568,162.569,162.563,162.569
1782936900000,162.57,162.579,162.57,162.579
1782936960000,162.58,162.596,162.579,162.579
1782937020000,162.58,162.584,162.58,162.58
1782937080000,162.582,162.582,162.58,162.58
1782937140000,162.58,162.583,162.58,162.583
1782937200000,162.583,162.589,162.582,162.582
1782937260000,162.581,162.587,162.579,162.587
1782937320000,162.589,162.601,162.587,162.593
1782937380000,162.592,162.597,162.589,162.597
1782937440000,162.596,162.596,162.59,162.59
1782937500000,162.59,162.59,162.584,162.586
1782937560000,162.586,162.586,162.584,162.584
1782937620000,162.585,162.587,162.584,162.587
1782937680000,162.589,162.595,162.589,162.594
1782937740000,162.593,162.6,162.593,162.6
1782937800000,162.599,162.606,162.598,162.603
1782937860000,162.601,162.603,162.601,162.601
1782937920000,162.597,162.604,162.593,162.602
1782937980000,162.601,162.606,162.601,162.606
1782938040000,162.605,162.608,162.604,162.606
1782938100000,162.606,162.607,162.603,162.606
1782938160000,162.607,162.609,162.606,162.608
1782938220000,162.607,162.608,162.602,162.602
1782938280000,162.604,162.604,162.592,162.594
1782938340000,162.595,162.595,162.591,162.593
1782938400000,162.593,162.603,162.592,162.603
1782938460000,162.604,162.605,162.602,162.604
1782938520000,162.604,162.604,162.6,162.602
1782938580000,162.603,162.603,162.601,162.601
1782938640000,162.602,162.606,162.601,162.604
1782938700000,162.603,162.607,162.603,162.605
1782938760000,162.605,162.614,162.602,162.603
1782938820000,162.604,162.607,162.603,162.607
1782938880000,162.608,162.61,162.606,162.61
1782938940000,162.609,162.615,162.609,162.614
1782939000000,162.613,162.613,162.607,162.61
1782939060000,162.614,162.616,162.603,162.608
1782939120000,162.605,162.607,162.603,162.606
1782939180000,162.612,162.613,162.604,162.605
1782939240000,162.605,162.606,162.604,162.606
1782939300000,162.602,162.604,162.6,162.6
1782939360000,162.6,162.6,162.598,162.599
1782939420000,162.598,162.6,162.591,162.598
1782939480000,162.601,162.601,162.592,162.596
1782939540000,162.598,162.604,162.567,162.567
1782939600000,162.562,162.566,162.512,162.566
1782939660000,162.566,162.566,162.566,162.566
1782939720000,162.522,162.522,162.522,162.522
1782939780000,162.533,162.561,162.533,162.561
1782939840000,162.562,162.562,162.561,162.562
1782939900000,162.562,162.563,162.553,162.553
1782939960000,162.537,162.537,162.533,162.533
1782940020000,162.553,162.553,162.533,162.534
1782940080000,162.553,162.554,162.534,162.537
1782940140000,162.535,162.541,162.535,162.541
1782940200000,162.541,162.541,162.541,162.541
1782940260000,162.543,162.543,162.539,162.543
1782940320000,162.543,162.543,162.543,162.543
1782940380000,162.543,162.543,162.543,162.543
1782940440000,162.538,162.538,162.538,162.538
1782940500000,162.539,162.545,162.536,162.542
1782940560000,162.543,162.545,162.539,162.539
1782940620000,162.539,162.539,162.539,162.539
1782940680000,162.539,162.539,162.538,162.539
1782940740000,162.538,162.538,162.538,162.538
1782940800000,162.54,162.545,162.537,162.537
1782940860000,162.538,162.538,162.535,162.536
1782940920000,162.538,162.538,162.536,162.538
1782940980000,162.538,162.538,162.534,162.536
1782941040000,162.534,162.539,162.534,162.537
1782941100000,162.537,162.537,162.536,162.536
1782941160000,162.537,162.537,162.536,162.536
1782941220000,162.536,162.537,162.536,162.537
1782941280000,162.538,162.538,162.537,162.537
1782941340000,162.536,162.538,162.536,162.537
1782941400000,162.536,162.54,162.536,162.537
1782941460000,162.537,162.537,162.536,162.537
1782941520000,162.537,162.537,162.537,162.537
1782941580000,162.538,162.54,162.536,162.538
1782941640000,162.539,162.54,162.535,162.538
1782941700000,162.54,162.54,162.537,162.537
1782941760000,162.538,162.538,162.537,162.538
1782941820000,162.538,162.54,162.538,162.539
1782941880000,162.538,162.538,162.538,162.538
1782941940000,162.538,162.539,162.537,162.538
1782942000000,162.539,162.54,162.536,162.539
1782942060000,162.539,162.539,162.538,162.538
1782942120000,162.538,162.538,162.536,162.536
1782942180000,162.536,162.54,162.535,162.54
1782942240000,162.538,162.54,162.537,162.538
1782942300000,162.536,162.539,162.536,162.538
1782942360000,162.544,162.544,162.538,162.54
1782942420000,162.54,162.54,162.537,162.537
1782942480000,162.537,162.538,162.537,162.538
1782942540000,162.537,162.538,162.537,162.537
1782942600000,162.536,162.536,162.535,162.535
1782942660000,162.535,162.537,162.535,162.536
1782942720000,162.536,162.538,162.533,162.536
1782942780000,162.536,162.536,162.534,162.536
1782942840000,162.534,162.537,162.534,162.536
1782942900000,162.535,162.536,162.535,162.536
1782942960000,162.536,162.538,162.536,162.538
1782943020000,162.538,162.538,162.536,162.536
1782943080000,162.537,162.537,162.536,162.536
1782943140000,162.535,162.541,162.534,162.537
1782943200000,162.535,162.57,162.535,162.538
1782943260000,162.542,162.55,162.542,162.55
1782943320000,162.551,162.566,162.551,162.556
1782943380000,162.563,162.569,162.563,162.565
1782943440000,162.565,162.565,162.564,162.564
1782943500000,162.565,162.565,162.564,162.564
1782943560000,162.566,162.566,162.564,162.566
1782943620000,162.565,162.566,162.565,162.565
1782943680000,162.562,162.562,162.551,162.551
1782943740000,162.547,162.55,162.544,162.548
1782943800000,162.551,162.565,162.551,162.556
1782943860000,162.556,162.557,162.554,162.556
1782943920000,162.556,162.557,162.555,162.556
1782943980000,162.555,162.556,162.553,162.556
1782944040000,162.556,162.556,162.554,162.554
1782944100000,162.554,162.555,162.553,162.554
1782944160000,162.554,162.555,162.553,162.555
1782944220000,162.554,162.554,162.554,162.554
1782944280000,162.554,162.554,162.553,162.554
1782944340000,162.554,162.554,162.55,162.55
1782944400000,162.551,162.552,162.551,162.552
1782944460000,162.552,162.552,162.551,162.552
1782944520000,162.553,162.553,162.551,162.553
1782944580000,162.552,162.553,162.551,162.552
1782944640000,162.551,162.551,162.55,162.55
1782944700000,162.55,162.551,162.55,162.551
1782944760000,162.552,162.552,162.551,162.551
1782944820000,162.552,162.552,162.55,162.551
1782944880000,162.551,162.551,162.551,162.551
1782944940000,162.551,162.551,162.551,162.551
1782945000000,162.551,162.552,162.55,162.551
1782945060000,162.551,162.552,162.551,162.552
1782945120000,162.55,162.551,162.55,162.55
1782945180000,162.55,162.551,162.55,162.551
1782945240000,162.55,162.551,162.55,162.551
1782945300000,162.55,162.552,162.55,162.551
1782945360000,162.551,162.551,162.55,162.55
1782945420000,162.551,162.551,162.539,162.539
1782945480000,162.539,162.54,162.539,162.539
1782945540000,162.539,162.539,162.538,162.538
1782945600000,162.538,162.538,162.538,162.538
1782945660000,162.538,162.538,162.538,162.538
1782945720000,162.539,162.539,162.539,162.539
1782945780000,162.538,162.54,162.538,162.539
1782945840000,162.539,162.539,162.539,162.539
1782945900000,162.539,162.54,162.539,162.539
1782945960000,162.54,162.54,162.539,162.539
1782946020000,162.539,162.539,162.536,162.537
1782946080000,162.537,162.537,162.536,162.536
1782946140000,162.536,162.538,162.536,162.537
1782946200000,162.537,162.541,162.536,162.54
1782946260000,162.54,162.541,162.539,162.539
1782946320000,162.54,162.54,162.54,162.54
1782946380000,162.54,162.54,162.54,162.54
1782946440000,162.54,162.54,162.54,162.54
1782946500000,162.54,162.54,162.54,162.54
1782946560000,162.54,162.54,162.54,162.54
1782946620000,162.54,162.54,162.54,162.54
1782946680000,162.54,162.54,162.54,162.54
1782946740000,162.539,162.539,162.539,162.539
1782946800000,162.542,162.542,162.539,162.539
1782946860000,162.541,162.541,162.541,162.541
1782946920000,162.541,162.541,162.541,162.541
1782946980000,162.541,162.541,162.54,162.54
1782947040000,162.539,162.541,162.539,162.541
1782947100000,162.541,162.541,162.541,162.541
1782947160000,162.541,162.542,162.539,162.539
1782947220000,162.54,162.542,162.54,162.541
1782947280000,162.541,162.541,162.539,162.539
1782947340000,162.541,162.543,162.541,162.542
1782947400000,162.543,162.552,162.531,162.543
1782947460000,162.544,162.551,162.541,162.541
1782947520000,162.542,162.548,162.537,162.548
1782947580000,162.547,162.552,162.544,162.551
1782947640000,162.552,162.553,162.551,162.552
1782947700000,162.553,162.557,162.552,162.556
1782947760000,162.555,162.556,162.555,162.555
1782947820000,162.554,162.557,162.554,162.556
1782947880000,162.555,162.555,162.552,162.555
1782947940000,162.556,162.557,162.556,162.557
1782948000000,162.557,162.557,162.557,162.557
1782948060000,162.557,162.557,162.557,162.557
1782948120000,162.559,162.565,162.558,162.559
1782948180000,162.559,162.563,162.557,162.563
1782948240000,162.561,162.571,162.56,162.571
1782948300000,162.572,162.572,162.571,162.571
1782948360000,162.572,162.573,162.571,162.572
1782948420000,162.571,162.573,162.569,162.569
1782948480000,162.571,162.573,162.57,162.572
1782948540000,162.572,162.572,162.569,162.572
1782948600000,162.571,162.58,162.569,162.578
1782948660000,162.578,162.585,162.578,162.582
1782948720000,162.583,162.584,162.573,162.574
1782948780000,162.575,162.575,162.573,162.573
1782948840000,162.573,162.576,162.572,162.575
1782948900000,162.574,162.575,162.566,162.567
1782948960000,162.567,162.567,162.553,162.558
1782949020000,162.558,162.558,162.557,162.558
1782949080000,162.558,162.559,162.558,162.559
1782949140000,162.558,162.56,162.557,162.559
1782949200000,162.56,162.56,162.556,162.556
1782949260000,162.556,162.556,162.556,162.556
1782949320000,162.555,162.559,162.555,162.559
1782949380000,162.559,162.572,162.559,162.572
1782949440000,162.574,162.574,162.568,162.569
1782949500000,162.569,162.569,162.557,162.559
1782949560000,162.557,162.559,162.55,162.553
1782949620000,162.552,162.553,162.542,162.542
1782949680000,162.542,162.542,162.531,162.531
1782949740000,162.531,162.537,162.516,162.516
1782949800000,162.516,162.531,162.516,162.53
1782949860000,162.53,162.535,162.53,162.533
1782949920000,162.537,162.545,162.537,162.543
1782949980000,162.542,162.545,162.541,162.544
1782950040000,162.544,162.545,162.543,162.545
1782950100000,162.544,162.554,162.531,162.531
1782950160000,162.531,162.541,162.531,162.541
1782950220000,162.542,162.542,162.539,162.541
1782950280000,162.542,162.546,162.541,162.546
1782950340000,162.546,162.557,162.546,162.546
1783296000000,161.458,161.494,161.458,161.489
1783296060000,161.488,161.488,161.461,161.471
1783296120000,161.471,161.486,161.459,161.484
1783296180000,161.485,161.506,161.481,161.495
1783296240000,161.494,161.534,161.493,161.532
1783296300000,161.533,161.551,161.523,161.55
1783296360000,161.55,161.551,161.537,161.545
1783296420000,161.544,161.55,161.538,161.55
1783296480000,161.549,161.55,161.545,161.545
1783296540000,161.546,161.587,161.545,161.585
1783296600000,161.585,161.585,161.56,161.562
1783296660000,161.562,161.564,161.549,161.55
1783296720000,161.55,161.563,161.547,161.55
1783296780000,161.551,161.554,161.546,161.546
1783296840000,161.545,161.548,161.536,161.536
1783296900000,161.536,161.538,161.521,161.533
1783296960000,161.534,161.536,161.485,161.485
1783297020000,161.484,161.484,161.456,161.482
1783297080000,161.483,161.512,161.483,161.511
1783297140000,161.511,161.515,161.497,161.508
1783297200000,161.51,161.51,161.498,161.502
1783297260000,161.503,161.504,161.492,161.501
1783297320000,161.498,161.503,161.498,161.5
1783297380000,161.501,161.518,161.501,161.515
1783297440000,161.515,161.541,161.515,161.528
1783297500000,161.528,161.528,161.521,161.528
1783297560000,161.527,161.54,161.524,161.538
1783297620000,161.536,161.536,161.509,161.517
1783297680000,161.516,161.516,161.51,161.514
1783297740000,161.513,161.517,161.498,161.498
1783297800000,161.5,161.501,161.475,161.49
1783297860000,161.488,161.504,161.487,161.502
1783297920000,161.503,161.503,161.484,161.485
1783297980000,161.483,161.494,161.477,161.492
1783298040000,161.492,161.511,161.49,161.506
1783298100000,161.506,161.527,161.506,161.515
1783298160000,161.519,161.529,161.514,161.516
1783298220000,161.515,161.516,161.504,161.512
1783298280000,161.512,161.543,161.512,161.541
1783298340000,161.54,161.54,161.525,161.536
1783298400000,161.537,161.543,161.529,161.529
1783298460000,161.53,161.53,161.52,161.525
1783298520000,161.524,161.543,161.521,161.538
1783298580000,161.539,161.541,161.528,161.538
1783298640000,161.538,161.538,161.515,161.524
1783298700000,161.524,161.536,161.523,161.536
1783298760000,161.536,161.536,161.515,161.524
1783298820000,161.524,161.555,161.524,161.554
1783298880000,161.555,161.577,161.547,161.577
1783298940000,161.578,161.604,161.574,161.575
1783299000000,161.575,161.602,161.575,161.596
1783299060000,161.595,161.596,161.581,161.595
1783299120000,161.6,161.602,161.577,161.579
1783299180000,161.578,161.582,161.557,161.566
1783299240000,161.565,161.597,161.539,161.54
1783299300000,161.535,161.563,161.469,161.502
1783299360000,161.502,161.522,161.485,161.515
1783299420000,161.516,161.531,161.487,161.494
1783299480000,161.494,161.517,161.493,161.511
1783299540000,161.509,161.532,161.498,161.531
1783299600000,161.538,161.556,161.529,161.556
1783299660000,161.558,161.558,161.538,161.548
1783299720000,161.547,161.55,161.533,161.539
1783299780000,161.54,161.568,161.54,161.568
1783299840000,161.567,161.576,161.56,161.568
1783299900000,161.568,161.58,161.562,161.578
1783299960000,161.579,161.579,161.561,161.564
1783300020000,161.564,161.573,161.563,161.569
1783300080000,161.571,161.571,161.538,161.556
1783300140000,161.557,161.578,161.557,161.563
1783300200000,161.563,161.565,161.536,161.542
1783300260000,161.542,161.556,161.541,161.556
1783300320000,161.556,161.619,161.554,161.603
1783300380000,161.603,161.606,161.586,161.593
1783300440000,161.59,161.601,161.59,161.598
1783300500000,161.599,161.619,161.599,161.617
1783300560000,161.619,161.643,161.612,161.643
1783300620000,161.644,161.645,161.638,161.644
1783300680000,161.643,161.646,161.639,161.641
1783300740000,161.642,161.651,161.638,161.648
1783300800000,161.646,161.671,161.645,161.669
1783300860000,161.667,161.711,161.662,161.7
1783300920000,161.7,161.721,161.699,161.72
1783300980000,161.72,161.726,161.71,161.724
1783301040000,161.723,161.726,161.717,161.717
1783301100000,161.718,161.733,161.713,161.733
1783301160000,161.733,161.772,161.733,161.751
1783301220000,161.751,161.756,161.739,161.756
1783301280000,161.758,161.763,161.745,161.751
1783301340000,161.752,161.772,161.75,161.769
1783301400000,161.769,161.772,161.747,161.753
1783301460000,161.755,161.756,161.71,161.71
1783301520000,161.71,161.724,161.706,161.724
1783301580000,161.725,161.734,161.725,161.731
1783301640000,161.732,161.736,161.73,161.735
1783301700000,161.734,161.735,161.723,161.731
1783301760000,161.731,161.731,161.715,161.722
1783301820000,161.721,161.73,161.703,161.703
1783301880000,161.703,161.716,161.699,161.714
1783301940000,161.715,161.72,161.704,161.705
1783302000000,161.704,161.723,161.704,161.72
1783302060000,161.72,161.721,161.711,161.711
1783302120000,161.716,161.719,161.716,161.716
1783302180000,161.717,161.721,161.716,161.716
1783302240000,161.716,161.716,161.7,161.704
1783302300000,161.704,161.719,161.703,161.717
1783302360000,161.718,161.721,161.714,161.721
1783302420000,161.721,161.721,161.702,161.705
1783302480000,161.704,161.73,161.704,161.73
1783302540000,161.73,161.756,161.729,161.754
1783302600000,161.754,161.756,161.742,161.75
1783302660000,161.748,161.77,161.748,161.764
1783302720000,161.763,161.771,161.762,161.768
1783302780000,161.768,161.77,161.754,161.755
1783302840000,161.756,161.76,161.742,161.758
1783302900000,161.759,161.782,161.758,161.782
1783302960000,161.782,161.786,161.774,161.775
1783303020000,161.776,161.793,161.776,161.789
1783303080000,161.788,161.813,161.787,161.805
1783303140000,161.803,161.813,161.799,161.81
