timestamp,open,high,low,close
1781654400000,4330.765,4332.405,4328.435,4329.025
1781654460000,4329.065,4331.745,4328.775,4331.695
1781654520000,4331.775,4333.085,4331.535,4331.795
1781654580000,4331.825,4335.275,4331.615,4334.355
1781654640000,4334.225,4335.305,4333.915,4334.185
1781654700000,4334.225,4335.805,4333.425,4333.425
1781654760000,4333.495,4336.835,4333.375,4335.465
1781654820000,4335.485,4337.865,4334.985,4337.475
1781654880000,4337.505,4338.185,4336.975,4337.335
1781654940000,4337.285,4338.895,4337.145,4337.935
1781655000000,4337.945,4339.475,4337.775,4339.065
1781655060000,4339.245,4339.875,4339.045,4339.175
1781655120000,4339.135,4339.155,4337.725,4337.835
1781655180000,4337.855,4338.665,4337.245,4338.635
1781655240000,4338.615,4338.645,4337.155,4337.425
1781655300000,4337.445,4339.475,4337.445,4339.245
1781655360000,4339.285,4341.135,4338.455,4340.565
1781655420000,4340.605,4340.735,4339.795,4340.315
1781655480000,4340.285,4341.235,4339.435,4340.065
1781655540000,4340.015,4341.545,4339.435,4339.435
1781655600000,4339.455,4339.865,4337.545,4338.225
1781655660000,4338.195,4339.615,4337.278,4339.525
1781655720000,4339.555,4339.555,4338.235,4338.585
1781655780000,4338.565,4338.695,4337.775,4337.895
1781655840000,4337.875,4338.845,4337.325,4338.005
1781655900000,4337.935,4338.835,4337.755,4338.425
1781655960000,4338.465,4338.785,4337.455,4338.035
1781656020000,4338.005,4338.225,4337.265,4337.415
1781656080000,4337.355,4337.805,4336.355,4337.495
1781656140000,4337.505,4338.035,4336.735,4337.075
1781656200000,4336.995,4337.745,4336.085,4337.495
1781656260000,4337.465,4338.505,4336.745,4337.605
1781656320000,4337.465,4337.465,4336.365,4336.875
1781656380000,4336.835,4336.955,4336.475,4336.835
1781656440000,4336.865,4338.235,4336.395,4337.765
1781656500000,4337.795,4338.665,4337.525,4338.295
1781656560000,4338.245,4338.305,4337.025,4337.035
1781656620000,4337.015,4338.145,4336.538,4337.735
1781656680000,4337.755,4337.755,4335.825,4336.015
1781656740000,4335.975,4335.985,4334.575,4334.645
1781656800000,4334.675,4335.785,4334.495,4335.515
1781656860000,4335.605,4335.605,4334.735,4335.195
1781656920000,4335.265,4335.615,4335.095,4335.565
1781656980000,4335.625,4336.475,4335.545,4335.985
1781657040000,4336.055,4336.175,4334.895,4335.055
1781657100000,4335.085,4335.215,4333.615,4333.895
1781657160000,4333.935,4334.335,4331.935,4334.085
1781657220000,4334.085,4335.025,4333.975,4334.625
1781657280000,4334.655,4334.825,4333.745,4333.815
1781657340000,4333.775,4334.485,4333.475,4333.665
1781657400000,4333.485,4333.615,4332.755,4332.995
1781657460000,4333.025,4335.455,4332.845,4334.575
1781657520000,4334.675,4337.625,4334.565,4337.325
1781657580000,4337.305,4337.675,4336.695,4337.205
1781657640000,4337.385,4337.645,4335.085,4335.265
1781657700000,4335.245,4335.635,4334.765,4335.055
1781657760000,4335.085,4336.675,4334.975,4336.525
1781657820000,4336.505,4336.815,4335.695,4335.715
1781657880000,4335.885,4336.395,4335.765,4336.195
1781657940000,4336.145,4337.215,4335.905,4336.895
1781658000000,4336.855,4340.605,4334.185,4338.885
1781658060000,4338.695,4340.715,4338.155,4338.335
1781658120000,4338.335,4342.225,4337.865,4341.115
1781658180000,4341.145,4343.085,4340.395,4342.105
1781658240000,4341.935,4343.455,4341.255,4341.505
1781658300000,4341.545,4345.575,4340.415,4345.095
1781658360000,4345.085,4347.555,4344.465,4347.505
1781658420000,4347.465,4349.415,4347.125,4349.095
1781658480000,4349.125,4349.125,4347.505,4347.955
1781658540000,4347.915,4349.015,4347.335,4347.385
1781658600000,4347.415,4348.965,4346.295,4348.775
1781658660000,4348.845,4349.385,4347.645,4348.355
1781658720000,4348.415,4348.795,4347.495,4348.105
1781658780000,4348.055,4348.125,4346.028,4347.395
1781658840000,4347.345,4348.255,4346.765,4347.395
1781658900000,4347.495,4347.595,4344.315,4345.295
1781658960000,4345.255,4345.405,4344.175,4345.265
1781659020000,4345.225,4346.095,4343.445,4344.265
1781659080000,4344.265,4344.498,4342.915,4342.955
1781659140000,4342.975,4343.025,4341.365,4342.498
1781659200000,4342.188,4342.188,4338.845,4340.815
1781659260000,4340.715,4341.225,4339.738,4340.805
1781659320000,4340.755,4341.945,4340.105,4341.725
1781659380000,4341.705,4342.415,4341.315,4342.135
1781659440000,4342.275,4342.565,4339.385,4340.625
1781659500000,4340.595,4341.015,4339.665,4340.655
1781659560000,4340.635,4340.765,4339.385,4340.465
1781659620000,4340.595,4341.945,4340.148,4341.165
1781659680000,4341.145,4342.545,4340.585,4342.415
1781659740000,4342.395,4343.285,4341.935,4343.185
1781659800000,4343.125,4343.975,4341.365,4341.555
1781659860000,4341.575,4341.605,4339.265,4340.135
1781659920000,4340.175,4340.225,4338.185,4338.345
1781659980000,4338.305,4339.045,4338.035,4338.075
1781660040000,4338.055,4339.025,4337.965,4338.935
1781660100000,4338.895,4340.375,4338.895,4339.985
1781660160000,4340.035,4340.865,4339.135,4339.755
1781660220000,4339.705,4340.225,4338.445,4338.485
1781660280000,4338.455,4339.725,4338.415,4339.725
1781660340000,4339.705,4341.265,4339.705,4340.075
1781660400000,4340.098,4340.138,4338.865,4339.055
1781660460000,4339.075,4339.805,4338.845,4339.565
1781660520000,4339.555,4341.505,4339.455,4341.285
1781660580000,4341.225,4341.365,4339.365,4339.435
1781660640000,4339.085,4339.505,4337.578,4339.325
1781660700000,4339.215,4340.315,4338.445,4339.475
1781660760000,4339.455,4339.455,4336.575,4337.655
1781660820000,4337.635,4339.865,4337.485,4339.055
1781660880000,4339.085,4339.105,4337.515,4338.135
1781660940000,4338.105,4338.355,4336.775,4336.965
1781661000000,4337.305,4340.355,4337.305,4339.695
1781661060000,4339.765,4339.978,4338.485,4339.315
1781661120000,4339.335,4340.525,4338.745,4338.805
1781661180000,4338.805,4339.215,4338.135,4338.825
1781661240000,4338.825,4339.615,4338.658,4339.565
1781661300000,4339.565,4343.465,4339.565,4342.905
1781661360000,4342.925,4342.985,4341.965,4342.195
1781661420000,4342.075,4342.545,4340.835,4340.955
1781661480000,4340.915,4341.395,4340.165,4341.055
1781661540000,4341.025,4341.075,4340.245,4340.675
1781661600000,4340.635,4341.165,4339.925,4341.055
1781661660000,4341.075,4342.355,4340.685,4341.735
1781661720000,4341.745,4342.505,4341.185,4341.925
1781661780000,4341.975,4342.005,4340.045,4340.315
1781661840000,4340.285,4340.845,4340.045,4340.595
1781661900000,4340.615,4342.515,4340.305,4341.615
1781661960000,4341.615,4342.395,4341.325,4341.425
1781662020000,4341.445,4342.025,4341.165,4341.185
1781662080000,4341.225,4342.125,4340.02,4341.345
1781662140000,4341.405,4341.625,4340.725,4341.595
1781662200000,4341.575,4341.725,4340.335,4340.735
1781662260000,4340.775,4343.175,4340.735,4342.695
1781662320000,4342.685,4343.535,4342.445,4342.845
1781662380000,4342.875,4343.945,4342.815,4343.675
1781662440000,4343.835,4343.935,4341.885,4341.885
1781662500000,4341.915,4342.165,4340.995,4342.035
1781662560000,4342.085,4343.295,4342.085,4343.295
1781662620000,4343.425,4344.335,4342.585,4342.595
1781662680000,4342.605,4342.795,4342.215,4342.415
1781662740000,4342.485,4342.625,4342.145,4342.205
1781662800000,4342.135,4342.855,4341.505,4342.385
1781662860000,4342.415,4343.785,4341.785,4341.805
1781662920000,4341.785,4341.955,4339.645,4341.325
1781662980000,4341.285,4341.305,4340.275,4340.605
1781663040000,4340.595,4341.005,4340.415,4340.485
1781663100000,4340.415,4341.215,4340.205,4340.385
1781663160000,4340.315,4340.315,4339.575,4339.675
1781663220000,4339.575,4340.515,4339.485,4340.345
1781663280000,4340.335,4340.885,4340.165,4340.755
1781663340000,4340.605,4340.665,4339.435,4340.425
1781663400000,4340.455,4341.695,4339.875,4340.455
1781663460000,4340.395,4342.655,4340.295,4342.655
1781663520000,4342.645,4342.645,4341.965,4342.225
1781663580000,4342.255,4343.585,4341.675,4342.355
1781663640000,4342.335,4342.395,4339.978,4340.155
1781663700000,4340.185,4341.055,4339.978,4340.185
1781663760000,4340.145,4340.825,4339.978,4339.978
1781663820000,4339.978,4340.195,4338.938,4339.695
1781663880000,4339.675,4339.695,4337.565,4338.915
1781663940000,4339.005,4339.485,4338.565,4339.115
1781664000000,4339.135,4340.055,4339.135,4339.935
1781664060000,4339.975,4340.965,4339.485,4340.255
1781664120000,4340.255,4340.695,4340.005,4340.195
1781664180000,4340.265,4340.585,4339.145,4339.425
1781664240000,4339.435,4339.515,4338.405,4338.615
1781664300000,4338.445,4338.755,4335.225,4335.385
1781664360000,4335.355,4335.975,4333.755,4334.935
1781664420000,4335.075,4335.365,4332.585,4332.725
1781664480000,4332.775,4333.315,4331.555,4332.745
1781664540000,4332.975,4334.525,4332.455,4334.465
1781664600000,4334.505,4335.885,4334.225,4334.975
1781664660000,4334.865,4335.255,4334.205,4334.645
1781664720000,4334.705,4335.845,4334.315,4335.745
1781664780000,4335.845,4335.855,4332.615,4333.505
1781664840000,4333.485,4333.485,4329.565,4329.855
1781664900000,4330.015,4331.795,4330.005,4331.255
1781664960000,4331.385,4333.168,4330.795,4332.835
1781665020000,4332.855,4333.755,4332.635,4333.245
1781665080000,4333.235,4333.235,4332.235,4332.855
1781665140000,4332.885,4332.885,4331.015,4331.475
1781665200000,4331.345,4332.075,4330.695,4332.075
1781665260000,4332.105,4333.895,4331.975,4333.085
1781665320000,4333.075,4333.545,4331.725,4331.815
1781665380000,4331.755,4332.925,4331.475,4332.685
1781665440000,4332.715,4332.715,4331.365,4331.505
1781665500000,4331.585,4332.245,4330.555,4332.245
1781665560000,4332.285,4333.825,4332.285,4333.795
1781665620000,4333.855,4333.955,4332.775,4332.925
1781665680000,4333.015,4333.255,4332.485,4332.825
1781665740000,4332.785,4332.975,4332.255,4332.415
1781665800000,4332.455,4332.555,4330.655,4330.705
1781665860000,4330.705,4332.335,4330.675,4332.095
1781665920000,4332.155,4332.465,4331.055,4331.185
1781665980000,4331.175,4331.205,4329.305,4329.365
1781666040000,4329.325,4330.315,4329.305,4330.305
1781666100000,4330.325,4330.995,4328.725,4330.535
1781666160000,4330.655,4331.045,4329.505,4330.625
1781666220000,4330.815,4331.445,4330.015,4330.265
1781666280000,4330.355,4330.545,4328.555,4330.545
1781666340000,4330.525,4331.805,4330.395,4331.155
1781666400000,4331.185,4331.835,4330.665,4330.885
1781666460000,4330.885,4331.925,4330.665,4331.105
1781666520000,4331.275,4331.385,4329.995,4330.485
1781666580000,4330.425,4330.615,4329.315,4329.765
1781666640000,4329.635,4330.275,4329.525,4330.045
1781666700000,4329.955,4331.875,4328.975,4331.855
1781666760000,4331.695,4331.755,4330.595,4330.855
1781666820000,4330.995,4332.325,4330.695,4331.895
1781666880000,4331.885,4331.885,4330.975,4331.115
1781666940000,4331.095,4331.605,4330.575,4331.485
1781667000000,4331.575,4332.475,4331.005,4332.355
1781667060000,4332.325,4332.485,4331.515,4331.895
1781667120000,4331.955,4332.705,4331.838,4332.045
1781667180000,4332.065,4332.465,4331.845,4332.325
1781667240000,4332.325,4332.735,4331.925,4332.475
1781667300000,4332.435,4332.765,4332.085,4332.115
1781667360000,4332.095,4332.285,4331.345,4332.035
1781667420000,4332.015,4332.985,4331.975,4332.095
1781667480000,4332.095,4332.155,4330.575,4330.865
1781667540000,4330.845,4331.215,4330.165,4330.485
1781667600000,4330.495,4330.905,4330.345,4330.805
1781667660000,4330.715,4331.855,4330.485,4331.805
1781667720000,4331.755,4332.865,4331.755,4332.385
1781667780000,4332.415,4333.125,4332.055,4333.125
1781667840000,4333.165,4333.315,4332.805,4333.065
1781667900000,4333.065,4333.468,4332.705,4333.315
1781667960000,4333.385,4333.435,4333.045,4333.125
1781668020000,4333.065,4333.095,4332.385,4332.715
1781668080000,4332.465,4333.025,4332.325,4332.915
1781668140000,4332.955,4332.975,4332.435,4332.625
1781668200000,4332.555,4332.685,4331.285,4331.925
1781668260000,4332.045,4332.725,4331.995,4332.455
1781668320000,4332.455,4332.625,4332.155,4332.275
1781668380000,4332.285,4333.705,4332.285,4333.285
1781668440000,4333.175,4333.335,4332.255,4332.665
1781668500000,4332.655,4332.875,4330.465,4330.605
1781668560000,4330.595,4331.435,4330.335,4331.355
1781668620000,4331.305,4331.695,4331.225,4331.305
1781668680000,4331.335,4331.635,4330.565,4331.575
1781668740000,4331.695,4332.285,4331.695,4332.055
1781668800000,4331.935,4332.155,4331.185,4331.565
1781668860000,4331.475,4331.495,4328.465,4329.155
1781668920000,4328.955,4330.125,4328.795,4330.025
1781668980000,4329.955,4330.005,4329.335,4329.805
1781669040000,4329.835,4331.025,4329.795,4329.995
1781669100000,4329.955,4330.075,4329.225,4329.225
1781669160000,4329.195,4330.315,4329.065,4330.115
1781669220000,4330.215,4331.195,4329.875,4331.065
1781669280000,4331.025,4331.095,4330.865,4330.965
1781669340000,4330.955,4330.974,4329.795,4330.825
1781669400000,4330.825,4331.235,4330.735,4331.085
1781669460000,4331.205,4332.035,4331.005,4331.775
1781669520000,4331.835,4332.095,4331.555,4331.865
1781669580000,4331.795,4331.825,4330.215,4330.225
1781669640000,4330.395,4330.765,4330.115,4330.655
1781669700000,4330.685,4330.685,4329.435,4329.965
1781669760000,4329.995,4331.205,4329.685,4331.145
1781669820000,4331.075,4332.505,4331.075,4331.835
1781669880000,4331.835,4333.615,4331.725,4333.585
1781669940000,4333.585,4333.965,4330.735,4331.845
1781670000000,4331.745,4331.945,4331.605,4331.835
1781670060000,4331.835,4331.875,4329.915,4330.105
1781670120000,4330.045,4330.155,4329.515,4329.635
1781670180000,4329.615,4329.625,4327.755,4328.305
1781670240000,4328.305,4329.605,4328.175,4329.295
1781670300000,4329.265,4329.285,4328.695,4328.835
1781670360000,4328.835,4329.065,4327.665,4329.065
1781670420000,4329.125,4329.335,4326.685,4326.885
1781670480000,4326.945,4327.455,4326.095,4326.155
1781670540000,4326.215,4326.245,4323.895,4324.415
1781670600000,4324.385,4325.425,4323.555,4324.185
1781670660000,4324.185,4325.035,4324.065,4324.625
1781670720000,4324.535,4325.605,4324.465,4325.285
1781670780000,4325.265,4325.285,4323.965,4324.195
1781670840000,4324.205,4324.225,4317.415,4317.905
1781670900000,4318.085,4321.325,4318.085,4320.965
1781670960000,4320.985,4321.655,4320.305,4321.425
1781671020000,4321.495,4322.865,4320.905,4322.415
1781671080000,4322.475,4325.075,4322.475,4324.705
1781671140000,4324.775,4325.015,4323.485,4323.515
1781671200000,4323.585,4324.195,4323.185,4324.085
1781671260000,4324.025,4324.025,4322.505,4322.735
1781671320000,4322.685,4323.765,4322.315,4322.365
1781671380000,4322.385,4323.755,4321.605,4323.435
1781671440000,4323.485,4323.905,4322.745,4323.025
1781671500000,4322.995,4323.555,4322.495,4322.525
1781671560000,4322.505,4323.765,4322.285,4323.285
1781671620000,4323.295,4323.695,4323.265,4323.485
1781671680000,4323.465,4323.535,4322.715,4323.005
1781671740000,4322.945,4323.615,4322.905,4323.175
1781671800000,4323.185,4323.455,4322.135,4322.205
1781671860000,4322.275,4324.835,4322.275,4324.745
1781671920000,4324.735,4325.285,4324.435,4324.605
1781671980000,4324.645,4325.215,4324.395,4325.165
1781672040000,4325.165,4325.335,4324.945,4325.185
1781672100000,4325.155,4325.355,4324.855,4325.005
1781672160000,4324.935,4325.215,4324.715,4324.815
1781672220000,4324.695,4324.815,4324.055,4324.065
1781672280000,4324.115,4325.315,4323.775,4325.315
1781672340000,4325.295,4326.625,4324.985,4326.625
1781672400000,4326.705,4326.765,4325.845,4326.195
1781672460000,4326.185,4327.455,4325.505,4327.455
1781672520000,4327.435,4327.735,4326.645,4327.335
1781672580000,4327.435,4327.445,4326.085,4326.175
1781672640000,4326.145,4326.245,4325.085,4325.435
1781672700000,4325.605,4325.605,4324.295,4324.405
1781672760000,4324.445,4324.945,4323.985,4324.515
1781672820000,4324.525,4325.585,4324.485,4325.055
1781672880000,4325.025,4327.045,4324.705,4326.325
1781672940000,4326.375,4326.375,4323.955,4324.365
1781673000000,4324.395,4324.415,4323.425,4323.995
1781673060000,4324.005,4324.465,4323.175,4323.235
1781673120000,4323.285,4323.545,4322.135,4322.445
1781673180000,4322.435,4323.185,4322.415,4322.665
1781673240000,4322.695,4323.225,4321.225,4322.325
1781673300000,4322.565,4322.805,4321.275,4321.415
1781673360000,4321.425,4322.365,4321.025,4321.425
1781673420000,4321.585,4324.585,4321.415,4324.235
1781673480000,4324.235,4327.385,4324.195,4326.705
1781673540000,4326.695,4326.885,4325.865,4325.915
1781673600000,4326.005,4326.445,4325.645,4326.275
1781673660000,4326.295,4326.345,4325.385,4326.085
1781673720000,4326.075,4326.355,4325.185,4325.905
1781673780000,4325.785,4325.785,4324.665,4324.885
1781673840000,4324.925,4325.065,4324.555,4324.735
1781673900000,4324.745,4324.995,4324.125,4324.155
1781673960000,4324.105,4326.365,4324.095,4326.275
1781674020000,4326.345,4326.925,4325.975,4325.975
1781674080000,4326.015,4326.075,4324.785,4325.895
1781674140000,4325.895,4327.375,4325.845,4327.035
1781674200000,4327.005,4332.935,4326.905,4331.695
1781674260000,4331.675,4331.895,4329.435,4329.435
1781674320000,4329.505,4330.985,4328.165,4328.305
1781674380000,4328.305,4329.985,4327.275,4329.435
1781674440000,4329.325,4330.055,4328.435,4329.675
1781674500000,4329.675,4329.965,4328.585,4328.615
1781674560000,4328.585,4328.585,4327.045,4327.985
1781674620000,4327.955,4328.385,4327.245,4328.385
1781674680000,4328.425,4329.295,4327.575,4328.885
1781674740000,4328.905,4328.905,4327.985,4328.225
1781674800000,4328.235,4328.605,4327.205,4327.565
1781674860000,4327.595,4328.875,4326.995,4328.705
1781674920000,4328.555,4328.635,4326.715,4328.175
1781674980000,4328.275,4329.475,4328.275,4329.365
1781675040000,4329.345,4329.865,4328.835,4329.535
1781675100000,4329.515,4329.965,4328.895,4329.395
1781675160000,4329.395,4331.005,4329.015,4330.635
1781675220000,4330.625,4332.185,4330.605,4331.875
1781675280000,4331.855,4332.845,4331.445,4332.845
1781675340000,4332.775,4334.105,4331.635,4331.635
1781675400000,4331.325,4332.805,4331.215,4331.755
1781675460000,4331.775,4332.755,4331.635,4331.635
1781675520000,4331.655,4331.655,4330.345,4331.045
1781675580000,4331.105,4331.915,4330.715,4331.755
1781675640000,4331.705,4331.925,4329.945,4329.955
1781675700000,4329.935,4330.445,4327.025,4327.025
1781675760000,4326.995,4327.635,4324.255,4325.105
1781675820000,4325.165,4326.265,4325.165,4325.405
1781675880000,4325.435,4326.785,4324.625,4326.695
1781675940000,4326.695,4326.975,4326.025,4326.325
1781676000000,4326.385,4327.485,4324.175,4326.675
1781676060000,4326.925,4327.695,4326.625,4326.945
1781676120000,4326.925,4327.695,4325.075,4326.005
1781676180000,4326.005,4326.625,4325.045,4325.495
1781676240000,4325.515,4327.815,4325.515,4327.755
1781676300000,4327.695,4328.985,4327.605,4328.455
1781676360000,4328.415,4329.225,4327.465,4329.075
1781676420000,4329.105,4329.875,4328.615,4328.675
1781676480000,4328.625,4329.205,4327.775,4328.725
1781676540000,4328.995,4329.365,4327.075,4327.425
1781676600000,4327.435,4329.025,4327.435,4327.785
1781676660000,4327.735,4328.165,4326.565,4327.785
1781676720000,4327.785,4328.495,4327.115,4328.345
1781676780000,4328.275,4328.945,4327.175,4327.925
1781676840000,4327.895,4329.755,4327.635,4329.315
1781676900000,4329.025,4329.265,4327.645,4327.805
1781676960000,4327.825,4327.865,4325.165,4326.385
1781677020000,4326.505,4326.505,4324.405,4324.695
1781677080000,4324.695,4324.935,4323.075,4324.605
1781677140000,4324.645,4324.765,4323.265,4323.685
1781677200000,4323.635,4325.545,4323.265,4325.025
1781677260000,4324.985,4325.045,4321.845,4322.175
1781677320000,4322.245,4323.405,4320.315,4323.325
1781677380000,4323.245,4323.275,4322.545,4322.605
1781677440000,4322.815,4323.995,4322.675,4323.955
1781677500000,4323.935,4325.115,4322.825,4324.845
1781677560000,4324.735,4325.335,4322.275,4325.335
1781677620000,4325.335,4327.135,4325.275,4327.035
1781677680000,4327.035,4327.105,4325.165,4325.165
1781677740000,4325.135,4325.575,4324.175,4324.175
1781677800000,4324.145,4325.365,4323.865,4325.115
1781677860000,4325.175,4325.735,4324.078,4324.855
1781677920000,4324.895,4325.005,4322.335,4322.985
1781677980000,4323.035,4325.055,4323.025,4324.775
1781678040000,4324.785,4326.265,4324.775,4325.955
1781678100000,4326.025,4326.745,4324.625,4325.355
1781678160000,4325.315,4326.415,4325.115,4325.845
1781678220000,4325.845,4325.935,4324.955,4325.405
1781678280000,4325.405,4325.585,4324.785,4325.215
1781678340000,4325.245,4325.985,4323.645,4325.695
1781678400000,4325.745,4327.035,4325.715,4326.925
1781678460000,4326.925,4327.405,4325.235,4326.555
1781678520000,4326.615,4328.915,4326.565,4328.175
1781678580000,4328.235,4328.545,4327.545,4327.545
1781678640000,4327.525,4327.695,4326.285,4327.478
1781678700000,4327.425,4327.685,4327.035,4327.085
1781678760000,4327.065,4327.855,4326.455,4327.295
1781678820000,4327.325,4328.025,4327.005,4327.975
1781678880000,4327.985,4329.395,4327.935,4329.075
1781678940000,4329.155,4329.155,4327.885,4329.055
1781679000000,4329.025,4329.095,4328.025,4328.145
1781679060000,4328.115,4328.485,4327.645,4328.485
1781679120000,4328.505,4328.985,4328.395,4328.585
1781679180000,4328.585,4330.175,4328.435,4329.555
1781679240000,4329.575,4329.765,4328.825,4329.315
1781679300000,4329.375,4330.885,4328.465,4330.815
1781679360000,4330.865,4331.085,4329.735,4329.865
1781679420000,4329.905,4330.555,4329.395,4330.275
1781679480000,4330.375,4331.315,4330.115,4330.805
1781679540000,4330.825,4331.695,4330.435,4331.575
1781679600000,4331.595,4331.865,4330.165,4330.615
1781679660000,4330.645,4331.145,4329.975,4330.245
1781679720000,4330.305,4332.465,4330.305,4332.095
1781679780000,4332.355,4332.735,4331.135,4331.885
1781679840000,4331.935,4331.935,4330.245,4330.465
1781679900000,4330.505,4330.575,4328.755,4330.305
1781679960000,4330.355,4330.605,4329.735,4330.235
1781680020000,4330.025,4330.405,4329.135,4330.405
1781680080000,4330.375,4332.415,4330.175,4330.175
1781680140000,4330.145,4331.205,4329.945,4330.495
1781680200000,4330.565,4330.655,4329.895,4330.005
1781680260000,4330.105,4331.895,4329.515,4331.225
1781680320000,4331.205,4331.435,4328.715,4328.805
1781680380000,4328.965,4329.045,4327.965,4328.325
1781680440000,4328.375,4328.425,4326.865,4327.045
1781680500000,4327.205,4332.475,4327.205,4332.025
1781680560000,4332.005,4332.485,4331.105,4332.375
1781680620000,4332.445,4332.635,4331.535,4331.675
1781680680000,4331.695,4331.695,4328.905,4329.065
1781680740000,4329.015,4329.315,4326.515,4327.345
1781680800000,4327.255,4328.415,4327.065,4328.175
1781680860000,4328.135,4328.785,4327.795,4327.995
1781680920000,4328.025,4330.035,4327.805,4329.875
1781680980000,4329.905,4330.065,4328.655,4328.765
1781681040000,4328.685,4329.005,4328.365,4328.915
1781681100000,4328.815,4329.015,4327.315,4327.425
1781681160000,4327.485,4328.605,4327.285,4327.795
1781681220000,4327.765,4328.605,4327.655,4327.755
1781681280000,4327.745,4328.465,4327.088,4327.635
1781681340000,4327.645,4329.005,4327.035,4329.005
1781681400000,4328.965,4329.815,4327.615,4329.585
1781681460000,4329.645,4330.055,4327.705,4327.705
1781681520000,4327.625,4328.745,4327.605,4328.195
1781681580000,4328.135,4328.135,4326.095,4326.715
1781681640000,4326.665,4326.695,4325.515,4325.585
1781681700000,4325.435,4327.395,4325.315,4326.845
1781681760000,4326.705,4327.165,4326.245,4326.705
1781681820000,4326.745,4326.745,4325.385,4326.695
1781681880000,4326.715,4328.825,4326.385,4328.825
1781681940000,4328.915,4331.275,4328.915,4330.865
1781682000000,4330.915,4331.605,4330.285,4330.285
1781682060000,4330.285,4330.495,4328.815,4329.085
1781682120000,4329.145,4329.465,4328.785,4328.915
1781682180000,4328.955,4330.145,4328.455,4329.955
1781682240000,4329.935,4329.965,4328.745,4328.795
1781682300000,4328.895,4329.135,4328.545,4328.955
1781682360000,4329.015,4329.205,4328.455,4329.185
1781682420000,4329.205,4329.375,4328.895,4329.035
1781682480000,4329.105,4329.115,4327.655,4328.095
1781682540000,4328.085,4328.985,4326.345,4326.345
1781682600000,4326.405,4327.765,4326.155,4327.655
1781682660000,4327.615,4328.455,4326.935,4327.275
1781682720000,4327.365,4327.855,4326.585,4327.795
1781682780000,4327.785,4328.195,4327.195,4327.645
1781682840000,4327.805,4327.865,4325.075,4325.185
1781682900000,4325.145,4326.755,4325.085,4326.575
1781682960000,4326.555,4328.135,4326.475,4327.205
1781683020000,4327.195,4327.195,4324.855,4325.065
1781683080000,4325.085,4325.775,4324.545,4325.465
1781683140000,4325.465,4325.545,4324.525,4325.045
1781683200000,4325.075,4325.285,4323.755,4324.155
1781683260000,4324.155,4326.625,4324.055,4326.495
1781683320000,4326.225,4326.695,4325.315,4326.605
1781683380000,4326.585,4326.585,4325.615,4325.725
1781683440000,4325.705,4326.195,4325.345,4325.865
1781683500000,4325.845,4326.965,4325.598,4326.485
1781683560000,4326.455,4326.895,4325.875,4325.905
1781683620000,4325.885,4326.165,4325.075,4326.085
1781683680000,4326.065,4327.795,4326.055,4327.645
1781683740000,4327.585,4327.605,4326.845,4327.045
1781683800000,4326.985,4326.985,4324.115,4324.115
1781683860000,4324.115,4326.075,4323.915,4326.025
1781683920000,4326.005,4326.005,4324.055,4324.055
1781683980000,4324.005,4324.005,4322.015,4323.585
1781684040000,4323.545,4324.105,4322.755,4322.755
1781684100000,4322.785,4323.505,4320.695,4322.545
1781684160000,4322.615,4323.075,4319.455,4320.665
1781684220000,4320.665,4322.115,4319.905,4321.925
1781684280000,4321.965,4323.575,4321.555,4322.355
1781684340000,4322.315,4323.135,4321.955,4322.875
1781684400000,4322.785,4323.945,4321.535,4322.885
1781684460000,4322.915,4323.175,4322.375,4322.655
1781684520000,4322.655,4322.675,4320.655,4322.025
1781684580000,4322.065,4322.875,4321.855,4322.435
1781684640000,4322.445,4323.985,4322.065,4323.775
1781684700000,4323.845,4324.125,4322.605,4322.965
1781684760000,4323.015,4323.625,4322.075,4323.415
1781684820000,4323.445,4324.815,4322.975,4324.815
1781684880000,4324.705,4324.735,4323.545,4324.275
1781684940000,4324.245,4324.585,4323.325,4323.495
1781685000000,4323.465,4324.125,4323.175,4323.655
1781685060000,4323.635,4323.635,4319.755,4320.295
1781685120000,4320.325,4321.615,4319.785,4321.615
1781685180000,4321.685,4323.245,4321.285,4323.215
1781685240000,4323.175,4324.245,4323.175,4323.665
1781685300000,4323.585,4324.035,4323.225,4323.225
1781685360000,4323.245,4323.255,4321.475,4321.825
1781685420000,4321.865,4322.605,4321.845,4322.115
1781685480000,4322.135,4322.815,4322.065,4322.215
1781685540000,4322.255,4322.348,4320.025,4320.065
1781685600000,4320.045,4320.295,4319.595,4320.175
1781685660000,4320.155,4321.095,4319.895,4319.895
1781685720000,4319.735,4320.955,4319.285,4320.285
1781685780000,4320.305,4321.695,4320.305,4320.735
1781685840000,4320.735,4321.005,4319.015,4319.895
1781685900000,4319.835,4320.025,4316.965,4318.625
1781685960000,4318.665,4319.518,4318.265,4318.485
1781686020000,4318.465,4319.215,4318.175,4319.075
1781686080000,4319.065,4319.815,4317.995,4318.485
1781686140000,4318.495,4320.105,4318.415,4319.235
1781686200000,4319.225,4321.495,4318.225,4321.155
1781686260000,4321.225,4323.055,4320.915,4322.955
1781686320000,4322.955,4323.675,4322.255,4322.255
1781686380000,4322.255,4323.115,4321.755,4322.855
1781686440000,4322.905,4324.745,4322.725,4324.365
1781686500000,4324.365,4324.775,4323.235,4323.705
1781686560000,4323.735,4324.035,4323.055,4323.985
1781686620000,4323.925,4325.205,4323.835,4324.765
1781686680000,4324.805,4325.275,4324.455,4325.215
1781686740000,4325.215,4325.275,4324.195,4324.485
1781686800000,4324.445,4324.755,4322.825,4323.105
1781686860000,4323.125,4323.935,4322.475,4323.898
1781686920000,4323.898,4324.055,4322.255,4322.415
1781686980000,4322.505,4322.925,4321.045,4322.585
1781687040000,4322.605,4324.275,4322.605,4323.245
1781687100000,4323.195,4323.985,4322.955,4323.205
1781687160000,4323.165,4323.165,4322.275,4322.345
1781687220000,4322.325,4324.025,4322.325,4323.805
1781687280000,4323.765,4323.835,4322.008,4322.328
1781687340000,4322.285,4322.285,4321.565,4321.735
1781687400000,4321.695,4322.135,4321.195,4321.465
1781687460000,4321.485,4323.605,4321.425,4323.185
1781687520000,4323.155,4324.295,4323.125,4323.835
1781687580000,4323.855,4325.605,4323.065,4325.065
1781687640000,4325.065,4325.265,4323.885,4325.045
1781687700000,4325.105,4326.515,4325.005,4326.325
1781687760000,4326.165,4326.515,4325.775,4326.285
1781687820000,4326.245,4326.595,4325.395,4326.595
1781687880000,4326.595,4327.055,4326.165,4326.315
1781687940000,4326.335,4327.455,4326.245,4326.555
1781688000000,4326.535,4326.835,4325.585,4325.755
1781688060000,4325.775,4326.805,4325.755,4326.045
1781688120000,4326.005,4326.955,4325.915,4326.875
1781688180000,4326.905,4327.435,4326.355,4327.115
1781688240000,4327.145,4328.235,4326.485,4327.085
1781688300000,4327.195,4330.095,4327.195,4329.045
1781688360000,4329.095,4333.035,4328.605,4331.375
1781688420000,4331.475,4331.825,4330.405,4330.795
1781688480000,4330.815,4331.265,4329.995,4330.125
1781688540000,4330.135,4331.875,4329.885,4331.815
1781688600000,4331.885,4335.445,4331.405,4331.595
1781688660000,4331.088,4332.245,4329.718,4329.835
1781688720000,4329.785,4330.115,4328.165,4329.355
1781688780000,4329.305,4329.885,4329.155,4329.745
1781688840000,4329.725,4329.725,4328.555,4329.275
1781688900000,4329.275,4331.025,4329.275,4329.605
1781688960000,4329.605,4329.705,4328.895,4329.415
1781689020000,4329.375,4330.115,4329.075,4329.855
1781689080000,4329.855,4329.875,4328.625,4328.685
1781689140000,4328.685,4329.375,4328.615,4328.775
1781689200000,4328.705,4329.275,4328.525,4329.015
1781689260000,4329.015,4329.085,4328.015,4329.085
1781689320000,4329.095,4330.625,4328.985,4330.555
1781689380000,4330.535,4330.695,4329.655,4329.705
1781689440000,4329.725,4329.945,4328.265,4328.355
1781689500000,4328.335,4328.935,4327.805,4328.548
1781689560000,4328.525,4328.695,4328.065,4328.315
1781689620000,4328.355,4328.485,4327.325,4327.325
1781689680000,4327.355,4327.485,4326.945,4327.345
1781689740000,4327.405,4327.445,4326.435,4326.815
1781689800000,4326.825,4327.035,4326.668,4326.735
1781689860000,4326.735,4326.985,4325.425,4326.535
1781689920000,4326.555,4327.875,4326.535,4327.495
1781689980000,4327.475,4327.475,4326.385,4326.445
1781690040000,4326.415,4326.835,4326.038,4326.595
1781690100000,4326.625,4327.355,4326.275,4326.765
1781690160000,4326.745,4328.025,4326.605,4327.975
1781690220000,4327.935,4328.905,4327.775,4328.635
1781690280000,4328.595,4329.245,4328.275,4329.225
1781690340000,4329.455,4329.515,4329.055,4329.375
1781690400000,4329.345,4329.975,4328.465,4329.165
1781690460000,4329.125,4329.165,4328.105,4328.685
1781690520000,4328.665,4328.705,4327.925,4327.925
1781690580000,4327.945,4328.785,4327.945,4328.255
1781690640000,4328.305,4328.885,4328.005,4328.505
1781690700000,4328.485,4328.715,4327.655,4327.695
1781690760000,4327.795,4328.985,4327.655,4328.985
1781690820000,4329.025,4329.155,4327.895,4328.675
1781690880000,4328.705,4329.975,4328.315,4329.375
1781690940000,4329.405,4329.785,4329.175,4329.235
1781691000000,4329.275,4330.295,4329.155,4329.315
1781691060000,4329.305,4329.355,4328.095,4328.095
1781691120000,4328.035,4328.805,4327.485,4328.678
1781691180000,4328.668,4330.075,4328.465,4329.875
1781691240000,4329.875,4330.845,4329.765,4330.635
1781691300000,4330.665,4330.805,4328.745,4328.875
1781691360000,4328.935,4329.485,4328.555,4329.265
1781691420000,4329.305,4329.455,4328.415,4328.415
1781691480000,4328.585,4329.095,4328.238,4328.795
1781691540000,4328.805,4328.855,4327.725,4327.865
1781691600000,4327.755,4328.285,4326.915,4328.245
1781691660000,4328.345,4328.425,4327.895,4328.225
1781691720000,4328.265,4328.265,4327.465,4327.945
1781691780000,4327.985,4328.515,4327.435,4328.235
1781691840000,4328.225,4328.605,4328.018,4328.315
1781691900000,4328.325,4328.565,4326.938,4327.205
1781691960000,4327.085,4327.625,4326.495,4327.335
1781692020000,4327.365,4328.828,4327.275,4328.395
1781692080000,4328.355,4328.975,4328.125,4328.335
1781692140000,4328.305,4329.055,4328.235,4328.835
1781692200000,4328.835,4329.455,4328.755,4328.925
1781692260000,4328.965,4329.655,4328.695,4329.155
1781692320000,4329.155,4330.225,4329.065,4329.305
1781692380000,4329.345,4330.015,4328.135,4328.215
1781692440000,4328.245,4328.355,4326.995,4327.395
1781692500000,4327.395,4327.825,4327.065,4327.715
1781692560000,4327.785,4329.595,4327.755,4329.445
1781692620000,4329.495,4330.125,4329.375,4330.095
1781692680000,4330.015,4330.395,4328.925,4328.928
1781692740000,4328.975,4329.795,4328.905,4329.425
1781692800000,4329.395,4329.575,4328.725,4328.945
1781692860000,4328.935,4329.065,4328.475,4328.585
1781692920000,4328.605,4329.235,4328.605,4329.145
1781692980000,4328.965,4328.965,4327.985,4328.815
1781693040000,4328.815,4331.005,4328.805,4330.725
1781693100000,4330.695,4331.565,4330.665,4331.525
1781693160000,4331.525,4332.775,4331.425,4332.285
1781693220000,4332.285,4333.965,4332.208,4333.615
1781693280000,4333.735,4334.075,4332.425,4332.525
1781693340000,4332.535,4333.195,4331.725,4332.355
1781693400000,4332.355,4334.615,4332.345,4334.405
1781693460000,4334.425,4335.035,4333.175,4333.445
1781693520000,4333.335,4333.365,4332.485,4332.518
1781693580000,4332.518,4332.745,4331.445,4331.775
1781693640000,4331.695,4332.385,4330.945,4331.165
1781693700000,4331.165,4332.075,4330.658,4332.035
1781693760000,4332.115,4332.885,4332.035,4332.535
1781693820000,4332.555,4332.755,4331.935,4332.155
1781693880000,4332.195,4332.375,4330.725,4330.925
1781693940000,4331.155,4331.435,4330.945,4331.305
1781694000000,4331.305,4331.745,4330.735,4331.105
1781694060000,4331.105,4331.705,4330.658,4331.125
1781694120000,4331.085,4331.085,4330.095,4330.175
1781694180000,4330.175,4330.175,4328.955,4329.975
1781694240000,4329.975,4330.065,4328.075,4328.125
1781694300000,4328.095,4329.015,4327.675,4329.015
1781694360000,4329.015,4330.625,4328.258,4329.408
1781694420000,4329.418,4329.735,4328.595,4329.265
1781694480000,4329.225,4329.605,4328.735,4329.395
1781694540000,4329.395,4329.665,4327.855,4328.155
1781694600000,4328.305,4328.905,4327.715,4328.518
1781694660000,4328.515,4329.465,4328.238,4329.388
1781694720000,4329.415,4329.805,4328.078,4328.325
1781694780000,4328.305,4328.975,4327.685,4328.725
1781694840000,4328.675,4328.998,4327.935,4328.885
1781694900000,4328.808,4329.915,4328.265,4329.555
1781694960000,4329.555,4330.825,4329.495,4330.825
1781695020000,4330.785,4331.605,4330.135,4330.225
1781695080000,4330.245,4330.445,4329.795,4329.885
1781695140000,4330.005,4330.255,4329.745,4330.075
1781695200000,4330.115,4330.115,4328.945,4329.285
1781695260000,4329.335,4330.155,4329.335,4329.965
1781695320000,4330.005,4330.235,4329.325,4329.915
1781695380000,4329.915,4330.105,4329.465,4329.585
1781695440000,4329.565,4329.675,4328.675,4328.765
1781695500000,4328.815,4328.885,4328.025,4328.375
1781695560000,4328.378,4329.858,4328.035,4329.535
1781695620000,4329.595,4329.625,4329.195,4329.225
1781695680000,4329.205,4329.375,4328.295,4328.805
1781695740000,4328.785,4328.825,4327.815,4328.635
1781695800000,4328.865,4328.865,4326.928,4326.928
1781695860000,4326.928,4327.365,4326.025,4327.145
1781695920000,4327.195,4327.195,4325.775,4326.795
1781695980000,4326.795,4328.295,4326.458,4326.875
1781696040000,4326.975,4327.335,4325.375,4325.485
1781696100000,4325.535,4326.415,4324.805,4326.195
1781696160000,4326.165,4326.165,4325.455,4325.785
1781696220000,4325.855,4325.988,4325.335,4325.555
1781696280000,4325.488,4325.855,4325.205,4325.505
1781696340000,4325.475,4326.685,4324.895,4326.495
1781696400000,4326.595,4326.595,4325.935,4325.935
1781696460000,4325.965,4327.025,4325.145,4325.185
1781696520000,4325.245,4325.395,4324.755,4325.045
1781696580000,4325.075,4325.305,4324.645,4324.965
1781696640000,4324.965,4325.745,4324.105,4325.705
1781696700000,4325.705,4327.155,4325.615,4326.495
1781696760000,4326.525,4326.955,4325.005,4325.025
1781696820000,4324.975,4325.515,4323.965,4324.815
1781696880000,4324.915,4324.915,4323.385,4323.985
1781696940000,4323.995,4325.035,4323.805,4324.968
1781697000000,4324.968,4325.255,4324.465,4324.735
1781697060000,4324.685,4324.775,4323.528,4324.595
1781697120000,4324.588,4325.415,4324.475,4325.225
1781697180000,4325.275,4325.795,4325.045,4325.095
1781697240000,4325.125,4326.245,4325.025,4326.165
1781697300000,4326.145,4326.145,4323.855,4323.875
1781697360000,4323.905,4323.905,4320.835,4321.715
1781697420000,4321.708,4322.055,4320.785,4321.615
1781697480000,4321.575,4322.785,4321.575,4322.635
1781697540000,4322.645,4323.305,4322.298,4322.975
1781697600000,4322.985,4324.685,4322.905,4323.685
1781697660000,4323.735,4324.475,4322.055,4322.575
1781697720000,4322.735,4322.755,4322.175,4322.355
1781697780000,4322.375,4323.045,4322.325,4322.515
1781697840000,4322.595,4323.185,4321.245,4321.745
1781697900000,4321.715,4323.595,4321.325,4323.035
1781697960000,4323.035,4324.055,4322.428,4322.885
1781698020000,4322.875,4324.475,4321.295,4322.665
1781698080000,4322.685,4323.075,4320.025,4320.765
1781698140000,4320.725,4322.975,4320.625,4322.815
1781698200000,4322.975,4324.765,4322.748,4324.265
1781698260000,4324.205,4324.405,4322.355,4323.448
1781698320000,4323.495,4323.625,4319.665,4320.315
1781698380000,4320.315,4321.365,4319.735,4320.185
1781698440000,4320.158,4323.395,4320.015,4323.335
1781698500000,4323.235,4323.855,4322.865,4323.255
1781698560000,4323.255,4323.275,4321.625,4322.115
1781698620000,4322.175,4322.755,4321.955,4321.955
1781698680000,4321.955,4322.995,4321.715,4322.745
1781698740000,4322.815,4324.095,4322.655,4323.485
1781698800000,4323.595,4326.025,4323.595,4324.305
1781698860000,4324.345,4324.615,4322.735,4323.285
1781698920000,4323.255,4325.705,4323.135,4324.575
1781698980000,4324.655,4325.945,4324.445,4325.708
1781699040000,4325.708,4327.485,4325.515,4326.645
1781699100000,4326.645,4327.015,4324.565,4325.498
1781699160000,4325.555,4326.125,4325.178,4325.445
1781699220000,4325.425,4325.665,4324.725,4325.158
1781699280000,4325.175,4326.365,4323.825,4326.365
1781699340000,4326.415,4326.905,4324.025,4324.025
1781699400000,4324.135,4327.855,4323.388,4327.405
1781699460000,4327.375,4329.145,4327.115,4328.835
1781699520000,4328.865,4329.185,4326.555,4327.035
1781699580000,4327.035,4328.505,4327.015,4328.465
1781699640000,4328.485,4330.415,4328.485,4328.765
1781699700000,4328.765,4329.645,4327.985,4328.245
1781699760000,4328.245,4331.715,4327.955,4330.725
1781699820000,4330.745,4331.425,4330.165,4330.265
1781699880000,4330.295,4332.055,4330.295,4331.385
1781699940000,4331.435,4331.545,4330.085,4330.355
1781700000000,4330.335,4331.045,4329.525,4330.425
1781700060000,4330.405,4331.385,4330.025,4330.065
1781700120000,4330.135,4330.175,4329.465,4329.625
1781700180000,4329.635,4331.495,4329.495,4331.375
1781700240000,4331.405,4331.825,4331.145,4331.415
1781700300000,4331.465,4332.385,4331.465,4331.935
1781700360000,4332.015,4334.255,4330.915,4334.105
1781700420000,4334.295,4334.745,4333.735,4334.735
1781700480000,4334.765,4334.765,4333.305,4333.865
1781700540000,4333.835,4334.585,4333.185,4333.335
1781700600000,4333.375,4334.405,4332.945,4334.335
1781700660000,4334.425,4335.415,4333.215,4333.545
1781700720000,4333.555,4333.555,4332.855,4333.435
1781700780000,4333.415,4333.475,4332.205,4332.225
1781700840000,4332.205,4332.795,4332.155,4332.335
1781700900000,4332.395,4332.785,4332.065,4332.555
1781700960000,4332.545,4333.815,4332.035,4333.025
1781701020000,4333.205,4333.455,4332.635,4332.945
1781701080000,4332.905,4333.925,4332.485,4333.905
1781701140000,4333.945,4335.205,4333.115,4333.475
1781701200000,4333.455,4334.125,4332.175,4332.845
1781701260000,4332.935,4333.315,4330.595,4330.775
1781701320000,4330.755,4331.755,4328.805,4330.405
1781701380000,4330.425,4330.425,4328.585,4328.895
1781701440000,4329.105,4330.215,4328.345,4329.475
1781701500000,4329.595,4330.675,4326.915,4326.915
1781701560000,4326.858,4326.955,4325.058,4325.465
1781701620000,4325.328,4325.705,4323.895,4325.615
1781701680000,4325.505,4328.495,4325.505,4326.015
1781701740000,4326.045,4327.638,4326.015,4327.385
1781701800000,4327.325,4328.725,4327.215,4328.635
1781701860000,4328.695,4331.155,4328.435,4331.155
1781701920000,4331.155,4332.215,4330.525,4330.795
1781701980000,4330.765,4334.095,4330.765,4331.685
1781702040000,4331.67,4331.925,4330.095,4331.735
1781702100000,4331.705,4332.385,4331.225,4331.475
1781702160000,4331.445,4331.645,4330.775,4331.395
1781702220000,4331.415,4332.895,4331.295,4332.805
1781702280000,4332.755,4333.505,4332.165,4332.305
1781702340000,4332.395,4332.495,4331.365,4331.775
1781702400000,4331.805,4332.125,4331.035,4331.845
1781702460000,4331.825,4333.535,4331.825,4332.405
1781702520000,4332.505,4337.925,4332.405,4337.895
1781702580000,4337.895,4338.135,4335.785,4335.825
1781702640000,4335.885,4336.255,4335.005,4336.115
1781702700000,4336.115,4336.265,4334.778,4335.135
1781702760000,4335.055,4336.785,4334.875,4335.735
1781702820000,4335.665,4335.925,4334.515,4335.185
1781702880000,4335.305,4335.635,4333.755,4335.615
1781702940000,4335.585,4336.475,4334.895,4335.255
1781703000000,4335.295,4336.515,4334.605,4335.485
1781703060000,4335.535,4335.845,4332.475,4334.445
1781703120000,4334.395,4335.425,4332.765,4335.365
1781703180000,4335.275,4337.245,4334.935,4336.605
1781703240000,4336.605,4337.115,4333.995,4334.775
1781703300000,4334.775,4336.145,4333.775,4335.555
1781703360000,4335.585,4338.555,4335.205,4338.555
1781703420000,4338.525,4340.645,4337.495,4339.385
1781703480000,4339.425,4339.535,4336.508,4336.508
1781703540000,4336.508,4339.385,4336.425,4337.445
1781703600000,4337.465,4338.685,4336.605,4336.985
1781703660000,4337.035,4340.815,4336.895,4339.985
1781703720000,4340.015,4340.055,4337.035,4339.075
1781703780000,4338.985,4341.595,4338.938,4340.935
1781703840000,4341.025,4341.845,4340.485,4341.725
1781703900000,4341.375,4344.095,4340.885,4341.428
1781703960000,4341.438,4342.955,4340.685,4341.645
1781704020000,4341.755,4341.755,4340.155,4341.575
1781704080000,4341.625,4344.085,4341.555,4344.001
1781704140000,4344.075,4344.105,4341.055,4341.575
1781704200000,4341.555,4344.165,4341.555,4342.835
1781704260000,4342.865,4344.035,4341.768,4343.395
1781704320000,4343.375,4345.185,4341.645,4341.905
1781704380000,4341.935,4342.745,4340.975,4341.875
1781704440000,4341.838,4341.855,4339.415,4340.215
1781704500000,4340.215,4342.275,4339.945,4342.245
1781704560000,4342.358,4342.385,4340.525,4340.965
1781704620000,4340.965,4341.735,4339.795,4340.385
1781704680000,4340.495,4341.955,4340.285,4341.335
1781704740000,4341.385,4341.385,4339.055,4339.568
1781704800000,4339.555,4339.665,4337.275,4338.085
1781704860000,4338.325,4340.585,4337.365,4338.535
1781704920000,4338.545,4339.045,4335.495,4336.245
1781704980000,4336.328,4339.785,4335.965,4339.625
1781705040000,4339.575,4340.998,4338.615,4340.355
1781705100000,4340.355,4341.185,4339.455,4339.988
1781705160000,4339.988,4343.865,4339.765,4342.978
1781705220000,4342.978,4345.838,4342.905,4345.215
1781705280000,4345.435,4345.555,4342.968,4342.998
1781705340000,4343.008,4344.215,4342.065,4342.385
1781705400000,4342.425,4343.915,4342.425,4342.995
1781705460000,4342.965,4343.005,4341.005,4341.455
1781705520000,4341.475,4344.275,4341.455,4342.458
1781705580000,4342.475,4342.925,4339.905,4340.348
1781705640000,4340.328,4342.675,4339.925,4342.125
1781705700000,4342.165,4343.305,4341.395,4341.975
1781705760000,4341.985,4342.795,4341.455,4341.618
1781705820000,4341.618,4341.785,4340.835,4341.495
1781705880000,4341.425,4342.705,4341.035,4341.545
1781705940000,4341.575,4342.315,4340.875,4341.435
1781706000000,4341.415,4342.925,4340.755,4342.715
1781706060000,4342.755,4344.805,4342.615,4344.795
1781706120000,4344.815,4346.605,4344.365,4346.235
1781706180000,4346.235,4353.805,4346.105,4353.535
1781706240000,4353.475,4362.055,4353.475,4358.125
1781706300000,4358.055,4360.125,4355.055,4355.615
1781706360000,4355.695,4358.065,4355.015,4357.578
1781706420000,4357.588,4359.565,4355.465,4358.675
1781706480000,4358.775,4360.445,4356.905,4359.755
1781706540000,4359.775,4360.585,4358.375,4360.078
1781706600000,4360.085,4363.875,4359.715,4361.865
1781706660000,4361.855,4362.955,4357.885,4359.255
1781706720000,4359.205,4363.525,4358.355,4362.285
1781706780000,4362.265,4362.305,4359.858,4360.215
1781706840000,4360.195,4361.475,4359.195,4360.375
1781706900000,4360.405,4361.015,4358.695,4358.795
1781706960000,4358.755,4358.915,4355.785,4355.785
1781707020000,4356.145,4356.145,4351.515,4351.975
1781707080000,4352.035,4352.628,4350.395,4351.505
1781707140000,4351.475,4353.345,4350.738,4351.975
1781707200000,4351.975,4352.125,4348.975,4350.215
1781707260000,4350.155,4350.325,4347.115,4348.435
1781707320000,4348.545,4349.775,4348.215,4348.855
1781707380000,4348.885,4353.265,4348.555,4353.265
1781707440000,4353.295,4353.295,4351.785,4351.815
1781707500000,4351.815,4352.985,4351.285,4352.975
1781707560000,4352.975,4355.205,4352.605,4353.695
1781707620000,4353.695,4354.745,4330.615,4336.345
1781707680000,4336.455,4346.555,4336.455,4345.975
1781707740000,4346.025,4346.325,4343.105,4345.635
1781707800000,4345.715,4346.735,4343.745,4345.915
1781707860000,4345.965,4349.245,4345.915,4346.915
1781707920000,4346.885,4351.635,4346.815,4349.995
1781707980000,4350.255,4350.255,4345.125,4346.165
1781708040000,4346.235,4348.055,4346.185,4346.725
1781708100000,4346.745,4348.075,4345.615,4346.495
1781708160000,4346.555,4348.115,4345.435,4345.435
1781708220000,4345.465,4346.165,4343.465,4345.035
1781708280000,4345.035,4345.305,4343.195,4343.195
1781708340000,4343.295,4345.965,4343.215,4344.205
1781708400000,4344.158,4347.365,4344.158,4346.825
1781708460000,4346.845,4347.135,4343.868,4343.955
1781708520000,4343.995,4345.995,4343.595,4344.375
1781708580000,4344.385,4347.945,4344.365,4347.945
1781708640000,4347.995,4348.065,4345.965,4346.725
1781708700000,4346.725,4347.175,4344.535,4345.155
1781708760000,4345.225,4348.105,4344.885,4348.085
1781708820000,4348.115,4348.155,4346.725,4347.255
1781708880000,4347.285,4347.805,4346.505,4346.725
1781708940000,4346.745,4346.805,4343.665,4344.745
1781709000000,4344.705,4345.685,4343.555,4344.715
1781709060000,4344.745,4346.485,4344.425,4346.145
1781709120000,4346.185,4347.625,4345.415,4346.215
1781709180000,4346.235,4348.025,4345.555,4347.925
1781709240000,4347.905,4348.275,4347.515,4347.905
1781709300000,4347.875,4351.235,4346.775,4350.845
1781709360000,4350.875,4353.395,4350.445,4352.735
1781709420000,4352.715,4352.795,4349.465,4351.185
1781709480000,4351.218,4354.185,4351.128,4352.885
1781709540000,4352.915,4353.785,4351.955,4353.605
1781709600000,4353.695,4356.315,4352.988,4355.145
1781709660000,4355.135,4356.825,4354.815,4356.065
1781709720000,4356.125,4357.235,4355.205,4356.595
1781709780000,4356.555,4358.595,4356.185,4358.045
1781709840000,4357.885,4359.445,4357.545,4358.795
1781709900000,4358.815,4359.785,4357.585,4357.725
1781709960000,4357.735,4358.205,4355.485,4356.335
1781710020000,4356.325,4358.185,4356.255,4357.728
1781710080000,4357.715,4357.735,4354.418,4355.205
1781710140000,4355.315,4355.508,4354.208,4355.255
1781710200000,4355.035,4356.695,4354.225,4356.575
1781710260000,4356.655,4356.985,4354.965,4355.785
1781710320000,4355.945,4358.155,4355.875,4358.155
1781710380000,4358.245,4359.215,4357.755,4358.715
1781710440000,4358.735,4361.015,4357.945,4358.678
1781710500000,4358.678,4358.678,4357.455,4358.385
1781710560000,4358.405,4358.515,4356.748,4357.715
1781710620000,4357.775,4357.775,4356.095,4356.615
1781710680000,4356.685,4358.885,4356.398,4358.045
1781710740000,4358.085,4359.708,4358.085,4359.398
1781710800000,4359.408,4359.408,4356.485,4357.378
1781710860000,4357.405,4357.675,4356.408,4357.088
1781710920000,4356.988,4358.425,4356.928,4357.595
1781710980000,4357.598,4357.795,4356.778,4356.788
1781711040000,4356.788,4358.038,4355.738,4358.038
1781711100000,4358.038,4359.618,4357.625,4359.068
1781711160000,4359.078,4359.845,4358.458,4358.548
1781711220000,4358.548,4359.685,4358.375,4359.358
1781711280000,4359.258,4359.648,4358.445,4358.818
1781711340000,4358.818,4359.038,4357.938,4358.745
1781711400000,4358.705,4360.368,4358.058,4359.045
1781711460000,4358.878,4359.725,4358.115,4358.375
1781711520000,4358.405,4359.225,4357.145,4358.475
1781711580000,4358.445,4358.765,4357.745,4358.045
1781711640000,4358.085,4358.685,4357.785,4358.625
1781711700000,4358.595,4361.535,4358.595,4361.495
1781711760000,4361.505,4362.655,4360.695,4362.595
1781711820000,4362.825,4363.725,4361.775,4361.895
1781711880000,4361.915,4363.525,4361.665,4362.855
1781711940000,4362.875,4364.665,4362.115,4363.465
1781712000000,4363.445,4365.365,4363.228,4364.325
1781712060000,4364.148,4364.585,4362.665,4363.695
1781712120000,4363.715,4365.525,4363.515,4363.615
1781712180000,4363.695,4364.045,4362.395,4362.575
1781712240000,4362.625,4364.535,4362.175,4362.625
1781712300000,4362.535,4363.725,4361.665,4363.195
1781712360000,4363.225,4363.885,4362.858,4363.535
1781712420000,4363.555,4363.935,4362.968,4363.065
1781712480000,4363.025,4363.405,4362.265,4363.375
1781712540000,4363.408,4364.128,4362.355,4362.445
1781712600000,4362.505,4362.505,4361.178,4361.515
1781712660000,4361.475,4362.835,4361.065,4361.215
1781712720000,4361.235,4362.638,4361.215,4362.415
1781712780000,4362.355,4362.505,4361.075,4361.105
1781712840000,4361.075,4362.025,4360.415,4362.008
1781712900000,4362.005,4362.735,4361.635,4362.695
1781712960000,4362.675,4363.115,4360.375,4361.255
1781713020000,4361.275,4361.795,4361.148,4361.235
1781713080000,4361.275,4364.375,4361.275,4364.365
1781713140000,4364.325,4365.255,4364.125,4365.178
1781713200000,4365.125,4365.548,4364.595,4364.955
1781713260000,4364.975,4364.975,4363.265,4363.345
1781713320000,4363.365,4366.355,4363.245,4365.655
1781713380000,4365.695,4366.165,4364.975,4365.785
1781713440000,4365.835,4366.345,4364.995,4365.025
1781713500000,4365.045,4365.065,4364.065,4364.635
1781713560000,4364.925,4365.705,4364.165,4364.395
1781713620000,4364.425,4364.485,4363.518,4364.135
1781713680000,4364.228,4365.635,4364.225,4365.315
1781713740000,4365.265,4365.385,4364.475,4365.095
1781713800000,4364.855,4365.035,4363.795,4363.885
1781713860000,4363.845,4364.648,4363.255,4363.335
1781713920000,4363.295,4364.055,4362.995,4363.108
1781713980000,4363.165,4363.225,4361.705,4361.825
1781714040000,4361.858,4362.128,4361.308,4361.455
1781714100000,4361.485,4361.825,4360.968,4361.188
1781714160000,4361.158,4361.278,4360.388,4360.455
1781714220000,4360.438,4361.478,4360.428,4360.515
1781714280000,4360.485,4360.495,4359.178,4359.625
1781714340000,4359.548,4360.355,4358.985,4359.495
1781714400000,4359.465,4359.658,4357.888,4358.148
1781714460000,4357.855,4358.375,4356.708,4356.708
1781714520000,4356.708,4356.905,4355.188,4355.645
1781714580000,4355.615,4356.495,4354.895,4356.385
1781714640000,4356.355,4357.935,4356.335,4357.355
1781714700000,4357.315,4357.598,4355.858,4357.435
1781714760000,4357.395,4357.735,4356.745,4356.965
1781714820000,4357.045,4358.275,4356.975,4357.978
1781714880000,4357.978,4358.125,4356.435,4356.555
1781714940000,4356.535,4357.385,4356.295,4356.615
1781715000000,4356.695,4357.275,4356.175,4356.705
1781715060000,4356.735,4357.275,4356.078,4356.175
1781715120000,4356.205,4358.425,4355.925,4357.655
1781715180000,4357.625,4357.725,4357.125,4357.608
1781715240000,4357.608,4357.755,4356.605,4356.995
1781715300000,4357.048,4358.605,4357.008,4357.555
1781715360000,4357.595,4357.655,4356.495,4357.135
1781715420000,4357.155,4357.945,4357.095,4357.798
1781715480000,4357.828,4358.278,4357.615,4358.125
1781715540000,4358.155,4359.418,4357.945,4359.278
1781715600000,4359.278,4359.278,4358.145,4358.285
1781715660000,4358.265,4358.565,4356.235,4356.485
1781715720000,4356.405,4356.855,4355.025,4356.475
1781715780000,4356.415,4356.575,4355.315,4355.485
1781715840000,4355.515,4357.715,4355.215,4356.185
1781715900000,4356.155,4358.845,4355.925,4358.775
1781715960000,4358.775,4359.405,4358.115,4358.905
1781716020000,4358.855,4359.155,4356.785,4356.875
1781716080000,4356.825,4359.465,4355.525,4359.125
1781716140000,4359.195,4359.485,4358.505,4359.125
1781716200000,4359.095,4360.875,4359.065,4360.285
1781716260000,4360.295,4360.295,4357.275,4357.725
1781716320000,4357.755,4358.265,4357.275,4357.805
1781716380000,4357.855,4359.495,4357.855,4358.995
1781716440000,4358.945,4359.515,4358.505,4358.825
1781716500000,4358.755,4358.815,4357.835,4357.935
1781716560000,4357.945,4359.155,4357.815,4358.295
1781716620000,4358.335,4358.995,4357.765,4358.825
1781716680000,4358.795,4360.385,4358.408,4360.365
1781716740000,4360.365,4362.985,4360.245,4362.175
1781716800000,4362.175,4363.275,4361.575,4363.275
1781716860000,4363.255,4363.385,4361.645,4362.345
1781716920000,4362.345,4362.865,4361.368,4362.265
1781716980000,4362.135,4362.595,4361.275,4361.985
1781717040000,4361.745,4362.515,4360.918,4362.145
1781717100000,4362.135,4362.705,4361.468,4362.475
1781717160000,4362.515,4363.775,4362.475,4363.405
1781717220000,4363.408,4363.475,4361.505,4362.075
1781717280000,4362.108,4362.145,4361.025,4361.875
1781717340000,4361.985,4362.778,4360.148,4361.098
1781717400000,4361.098,4362.945,4360.555,4362.868
1781717460000,4362.868,4362.868,4361.845,4362.548
1781717520000,4362.665,4363.575,4362.475,4363.385
1781717580000,4363.425,4382.125,4363.385,4381.945
1781717640000,4381.685,4381.685,4375.655,4377.395
1781717700000,4377.465,4378.128,4370.585,4371.835
1781717760000,4371.675,4371.785,4370.065,4370.705
1781717820000,4370.695,4373.685,4370.475,4372.275
1781717880000,4372.355,4374.025,4372.298,4373.968
1781717940000,4373.978,4374.918,4373.215,4374.235
1781718000000,4374.435,4381.465,4374.065,4380.385
1781718060000,4380.355,4380.385,4376.905,4378.068
1781718120000,4378.095,4379.798,4377.208,4379.798
1781718180000,4380.078,4381.235,4375.835,4376.145
1781718240000,4376.158,4376.595,4375.355,4376.278
1781718300000,4376.278,4378.415,4375.305,4375.498
1781718360000,4375.498,4376.098,4375.045,4376.098
1781718420000,4376.098,4376.558,4374.195,4374.518
1781718480000,4374.518,4374.815,4373.985,4374.608
1781718540000,4374.615,4376.315,4373.868,4375.935
1781718600000,4375.995,4376.525,4374.905,4375.995
1781718660000,4375.975,4376.575,4375.035,4376.265
1781718720000,4376.195,4376.975,4375.155,4376.605
1781718780000,4376.615,4381.875,4376.265,4381.585
1781718840000,4381.575,4381.875,4377.525,4377.748
1781718900000,4377.758,4378.595,4376.675,4377.195
1781718960000,4377.095,4381.145,4377.065,4380.695
1781719020000,4380.585,4381.175,4378.025,4378.088
1781719080000,4378.015,4379.415,4377.935,4379.415
1781719140000,4379.345,4379.875,4378.055,4379.575
1781719200000,4379.575,4379.575,4336.775,4348.085
1781719260000,4347.315,4354.705,4341.195,4345.435
1781719320000,4345.635,4348.595,4332.255,4332.255
1781719380000,4332.375,4335.723,4325.165,4329.745
1781719440000,4329.775,4331.415,4316.145,4316.145
1781719500000,4316.315,4318.845,4300.825,4303.435
1781719560000,4303.555,4312.415,4301.225,4302.285
1781719620000,4302.345,4308.725,4300.695,4300.885
1781719680000,4300.835,4305.465,4287.225,4288.105
1781719740000,4288.435,4298.445,4285.515,4294.655
1781719800000,4294.565,4297.425,4285.695,4286.915
1781719860000,4286.825,4294.495,4286.265,4286.265
1781719920000,4285.805,4292.735,4284.015,4292.605
1781719980000,4292.555,4292.755,4276.895,4281.685
1781720040000,4281.665,4288.575,4281.665,4284.195
1781720100000,4284.285,4297.025,4282.825,4296.535
1781720160000,4296.465,4302.095,4289.375,4300.825
1781720220000,4300.455,4304.265,4296.925,4300.835
1781720280000,4300.935,4304.426,4298.185,4303.965
1781720340000,4303.935,4308.225,4301.518,4306.375
1781720400000,4306.355,4307.945,4299.165,4299.715
1781720460000,4299.775,4306.895,4299.775,4305.775
1781720520000,4305.645,4305.665,4298.265,4298.265
1781720580000,4298.295,4301.335,4298.205,4299.745
1781720640000,4299.745,4299.765,4290.795,4292.255
1781720700000,4292.295,4292.625,4284.815,4290.305
1781720760000,4290.255,4294.195,4289.485,4289.895
1781720820000,4289.925,4289.975,4284.685,4288.028
1781720880000,4288.085,4292.315,4287.115,4288.815
1781720940000,4288.095,4293.155,4286.875,4292.435
1781721000000,4292.395,4295.335,4285.135,4286.565
1781721060000,4286.595,4306.145,4285.505,4305.995
1781721120000,4305.075,4313.285,4286.125,4298.065
1781721180000,4297.995,4298.895,4272.155,4279.145
1781721240000,4280.165,4287.425,4269.015,4270.695
1781721300000,4270.575,4284.276,4270.455,4279.225
1781721360000,4279.285,4297.625,4278.485,4295.355
1781721420000,4295.865,4305.205,4292.448,4292.448
1781721480000,4292.575,4302.055,4291.455,4301.735
1781721540000,4301.575,4311.165,4299.105,4302.095
1781721600000,4302.368,4305.475,4296.925,4301.255
1781721660000,4301.325,4312.275,4295.625,4307.625
1781721720000,4307.625,4314.721,4303.925,4313.555
1781721780000,4313.255,4319.245,4308.905,4317.835
1781721840000,4317.955,4326.485,4316.445,4323.075
1781721900000,4323.075,4325.035,4314.455,4318.105
1781721960000,4317.825,4323.145,4314.015,4315.455
1781722020000,4315.498,4332.265,4314.225,4327.815
1781722080000,4327.555,4327.675,4315.685,4317.765
1781722140000,4317.765,4323.135,4317.735,4318.445
1781722200000,4318.405,4318.505,4315.115,4315.925
1781722260000,4315.845,4319.715,4314.685,4317.755
1781722320000,4317.935,4324.375,4314.635,4318.735
1781722380000,4318.705,4319.215,4311.485,4314.005
1781722440000,4313.935,4315.655,4309.825,4310.755
1781722500000,4310.835,4311.375,4296.195,4296.605
1781722560000,4296.505,4300.995,4293.605,4295.115
1781722620000,4295.285,4296.405,4285.965,4289.395
1781722680000,4289.555,4290.715,4278.495,4279.055
1781722740000,4279.055,4288.115,4278.225,4285.985
1781722800000,4285.505,4293.495,4281.465,4292.975
1781722860000,4292.945,4295.115,4283.595,4283.775
1781722920000,4283.735,4293.945,4276.725,4276.815
1781722980000,4277.815,4282.235,4273.165,4278.645
1781723040000,4278.725,4280.795,4271.295,4271.325
1781723100000,4271.405,4274.945,4269.885,4273.145
1781723160000,4272.985,4278.945,4268.366,4269.005
1781723220000,4268.975,4271.945,4263.145,4267.465
1781723280000,4267.595,4276.935,4266.695,4275.035
1781723340000,4275.015,4276.855,4268.235,4268.575
1781723400000,4268.565,4269.715,4262.245,4263.515
1781723460000,4263.435,4265.615,4259.465,4262.205
1781723520000,4262.675,4266.965,4261.395,4264.255
1781723580000,4264.175,4274.425,4259.865,4271.075
1781723640000,4270.735,4270.735,4263.455,4264.485
1781723700000,4264.455,4265.155,4252.575,4254.615
1781723760000,4254.745,4258.275,4253.275,4255.015
1781723820000,4254.985,4256.495,4241.685,4243.015
1781723880000,4243.175,4245.185,4240.395,4243.855
1781723940000,4243.835,4247.785,4243.365,4243.595
1781724000000,4243.535,4243.915,4239.545,4242.775
1781724060000,4242.755,4243.015,4239.175,4242.665
1781724120000,4242.785,4245.915,4239.735,4239.805
1781724180000,4239.725,4243.605,4237.175,4242.865
1781724240000,4242.905,4243.315,4235.965,4235.965
1781724300000,4236.025,4242.045,4235.175,4240.445
1781724360000,4240.645,4244.715,4239.685,4240.925
1781724420000,4240.725,4242.275,4234.085,4234.675
1781724480000,4234.655,4238.065,4229.305,4231.045
1781724540000,4230.975,4233.525,4226.255,4226.765
1781724600000,4226.795,4226.915,4220.265,4221.305
1781724660000,4221.325,4232.345,4221.285,4227.005
1781724720000,4227.015,4229.875,4221.065,4228.085
1781724780000,4228.055,4235.455,4224.325,4234.575
1781724840000,4234.435,4234.875,4226.525,4226.525
1781724900000,4226.638,4231.135,4223.985,4227.485
1781724960000,4227.515,4231.095,4224.035,4227.015
1781725020000,4226.875,4230.845,4226.465,4227.175
1781725080000,4227.295,4228.965,4218.805,4219.745
1781725140000,4219.655,4224.735,4219.155,4221.655
1781725200000,4221.655,4230.695,4218.825,4225.965
1781725260000,4225.935,4232.175,4225.595,4230.405
1781725320000,4230.435,4235.525,4229.005,4232.135
1781725380000,4232.045,4232.115,4227.685,4230.915
1781725440000,4230.895,4231.505,4225.705,4230.635
1781725500000,4230.525,4237.825,4229.595,4233.705
1781725560000,4233.825,4239.375,4231.835,4236.045
1781725620000,4236.045,4242.635,4235.305,4241.765
1781725680000,4241.885,4243.085,4237.825,4239.155
1781725740000,4239.145,4241.875,4236.015,4238.345
1781725800000,4237.945,4244.255,4233.985,4239.305
1781725860000,4239.305,4246.795,4239.195,4245.865
1781725920000,4245.555,4245.555,4239.145,4240.965
1781725980000,4241.065,4243.225,4238.215,4238.215
1781726040000,4238.585,4239.305,4236.645,4237.885
1781726100000,4237.745,4243.455,4237.445,4241.865
1781726160000,4241.815,4242.605,4239.375,4240.465
1781726220000,4240.515,4240.965,4236.355,4237.195
1781726280000,4237.185,4239.415,4236.715,4237.275
1781726340000,4237.245,4238.695,4234.975,4235.585
1781726400000,4235.515,4245.705,4234.775,4244.165
1781726460000,4244.125,4245.695,4242.705,4243.495
1781726520000,4243.465,4245.625,4242.275,4244.465
1781726580000,4244.265,4244.525,4240.955,4242.525
1781726640000,4242.655,4243.475,4239.025,4240.148
1781726700000,4240.148,4247.808,4240.148,4247.555
1781726760000,4247.515,4252.165,4245.215,4250.335
1781726820000,4250.245,4251.595,4248.425,4251.065
1781726880000,4251.085,4251.155,4248.175,4251.155
1781726940000,4251.325,4254.175,4251.325,4253.945
1781727000000,4253.925,4256.535,4252.625,4254.325
1781727060000,4254.345,4256.895,4252.855,4253.915
1781727120000,4253.935,4258.855,4253.505,4258.025
1781727180000,4258.055,4259.535,4255.975,4258.235
1781727240000,4258.215,4259.785,4257.285,4257.325
1781727300000,4257.435,4257.885,4253.725,4254.205
1781727360000,4254.385,4259.265,4253.725,4258.575
1781727420000,4258.495,4260.395,4257.685,4258.095
1781727480000,4258.135,4264.875,4257.625,4263.585
1781727540000,4263.605,4267.118,4263.485,4267.015
1781727600000,4266.785,4269.695,4263.615,4267.835
1781727660000,4267.705,4268.735,4265.438,4265.765
1781727720000,4265.875,4265.935,4263.785,4264.675
1781727780000,4264.705,4265.035,4258.455,4258.685
1781727840000,4258.305,4260.485,4258.285,4259.515
1781727900000,4259.535,4261.495,4258.315,4260.355
1781727960000,4260.335,4262.955,4260.295,4261.775
1781728020000,4261.838,4261.965,4260.805,4261.135
1781728080000,4261.135,4261.895,4259.965,4260.325
1781728140000,4260.345,4260.345,4257.745,4257.798
1781728200000,4257.825,4259.625,4257.785,4259.045
1781728260000,4259.085,4262.005,4258.935,4261.885
1781728320000,4261.935,4262.695,4260.685,4261.475
1781728380000,4261.435,4262.435,4260.715,4260.715
1781728440000,4260.748,4262.795,4258.795,4259.625
1781728500000,4259.695,4259.775,4258.565,4259.085
1781728560000,4259.178,4263.715,4259.178,4263.335
1781728620000,4263.285,4263.365,4259.745,4260.745
1781728680000,4260.725,4264.715,4260.715,4264.695
1781728740000,4264.915,4265.135,4263.485,4263.895
1781728800000,4264.245,4264.435,4262.265,4263.415
1781728860000,4263.435,4264.055,4262.465,4263.145
1781728920000,4263.158,4263.985,4262.115,4262.615
1781728980000,4262.565,4262.795,4260.885,4260.885
1781729040000,4260.855,4261.935,4259.255,4259.725
1781729100000,4259.755,4262.025,4259.755,4261.705
1781729160000,4261.785,4262.035,4260.345,4261.045
1781729220000,4260.965,4261.225,4260.085,4260.525
1781729280000,4260.495,4260.805,4259.195,4259.375
1781729340000,4259.445,4259.605,4258.195,4258.285
1781729400000,4258.875,4259.975,4256.705,4256.715
1781729460000,4256.745,4257.045,4255.785,4256.855
1781729520000,4256.915,4258.245,4256.655,4257.595
1781729580000,4257.615,4258.745,4257.555,4258.355
1781729640000,4257.945,4258.505,4257.405,4257.755
1781729700000,4257.785,4258.245,4257.545,4257.875
1781729760000,4257.905,4258.355,4256.825,4257.675
1781729820000,4257.585,4257.585,4256.005,4257.205
1781729880000,4257.245,4258.255,4257.048,4257.485
1781729940000,4257.525,4257.525,4255.625,4256.855
1781730000000,4256.855,4256.855,4256.855,4256.855
1781730060000,4256.855,4256.855,4256.855,4256.855
1781730120000,4256.855,4256.855,4256.855,4256.855
1781730180000,4256.855,4256.855,4256.855,4256.855
1781730240000,4256.855,4256.855,4256.855,4256.855
1781730300000,4256.855,4256.855,4256.855,4256.855
1781730360000,4256.855,4256.855,4256.855,4256.855
1781730420000,4256.855,4256.855,4256.855,4256.855
1781730480000,4256.855,4256.855,4256.855,4256.855
1781730540000,4256.855,4256.855,4256.855,4256.855
1781730600000,4256.855,4256.855,4256.855,4256.855
1781730660000,4256.855,4256.855,4256.855,4256.855
1781730720000,4256.855,4256.855,4256.855,4256.855
1781730780000,4256.855,4256.855,4256.855,4256.855
1781730840000,4256.855,4256.855,4256.855,4256.855
1781730900000,4256.855,4256.855,4256.855,4256.855
1781730960000,4256.855,4256.855,4256.855,4256.855
1781731020000,4256.855,4256.855,4256.855,4256.855
1781731080000,4256.855,4256.855,4256.855,4256.855
1781731140000,4256.855,4256.855,4256.855,4256.855
1781731200000,4256.855,4256.855,4256.855,4256.855
1781731260000,4256.855,4256.855,4256.855,4256.855
1781731320000,4256.855,4256.855,4256.855,4256.855
1781731380000,4256.855,4256.855,4256.855,4256.855
1781731440000,4256.855,4256.855,4256.855,4256.855
1781731500000,4256.855,4256.855,4256.855,4256.855
1781731560000,4256.855,4256.855,4256.855,4256.855
1781731620000,4256.855,4256.855,4256.855,4256.855
1781731680000,4256.855,4256.855,4256.855,4256.855
1781731740000,4256.855,4256.855,4256.855,4256.855
1781731800000,4256.855,4256.855,4256.855,4256.855
1781731860000,4256.855,4256.855,4256.855,4256.855
1781731920000,4256.855,4256.855,4256.855,4256.855
1781731980000,4256.855,4256.855,4256.855,4256.855
1781732040000,4256.855,4256.855,4256.855,4256.855
1781732100000,4256.855,4256.855,4256.855,4256.855
1781732160000,4256.855,4256.855,4256.855,4256.855
1781732220000,4256.855,4256.855,4256.855,4256.855
1781732280000,4256.855,4256.855,4256.855,4256.855
1781732340000,4256.855,4256.855,4256.855,4256.855
1781732400000,4256.855,4256.855,4256.855,4256.855
1781732460000,4256.855,4256.855,4256.855,4256.855
1781732520000,4256.855,4256.855,4256.855,4256.855
1781732580000,4256.855,4256.855,4256.855,4256.855
1781732640000,4256.855,4256.855,4256.855,4256.855
1781732700000,4256.855,4256.855,4256.855,4256.855
1781732760000,4256.855,4256.855,4256.855,4256.855
1781732820000,4256.855,4256.855,4256.855,4256.855
1781732880000,4256.855,4256.855,4256.855,4256.855
1781732940000,4256.855,4256.855,4256.855,4256.855
1781733000000,4256.855,4256.855,4256.855,4256.855
1781733060000,4256.855,4256.855,4256.855,4256.855
1781733120000,4256.855,4256.855,4256.855,4256.855
1781733180000,4256.855,4256.855,4256.855,4256.855
1781733240000,4256.855,4256.855,4256.855,4256.855
1781733300000,4256.855,4256.855,4256.855,4256.855
1781733360000,4256.855,4256.855,4256.855,4256.855
1781733420000,4256.855,4256.855,4256.855,4256.855
1781733480000,4256.855,4256.855,4256.855,4256.855
1781733540000,4256.855,4256.855,4256.855,4256.855
1781733600000,4254.435,4258.725,4252.898,4256.685
1781733660000,4256.635,4258.425,4255.845,4256.225
1781733720000,4256.175,4257.305,4254.145,4256.555
1781733780000,4256.585,4256.665,4255.425,4255.535
1781733840000,4256.125,4258.355,4256.095,4257.965
1781733900000,4258.005,4260.945,4258.005,4260.285
1781733960000,4260.235,4265.285,4258.955,4264.125
1781734020000,4264.095,4264.095,4263.035,4263.485
1781734080000,4263.485,4266.375,4263.395,4265.445
1781734140000,4265.485,4268.165,4264.515,4266.275
1781734200000,4266.215,4266.285,4265.075,4265.595
1781734260000,4265.715,4265.985,4264.945,4265.105
1781734320000,4265.165,4267.715,4264.055,4266.535
1781734380000,4266.565,4267.025,4265.075,4265.265
1781734440000,4265.235,4265.625,4261.455,4265.625
1781734500000,4265.685,4266.395,4264.615,4265.685
1781734560000,4265.685,4267.015,4265.335,4266.755
1781734620000,4266.655,4268.215,4266.655,4267.805
1781734680000,4267.725,4268.735,4266.225,4266.505
1781734740000,4266.565,4269.565,4264.925,4268.025
1781734800000,4267.995,4270.265,4267.515,4270.135
1781734860000,4270.075,4270.925,4268.665,4269.975
1781734920000,4269.955,4269.955,4268.445,4268.475
1781734980000,4268.425,4269.295,4267.835,4269.175
1781735040000,4269.135,4269.215,4268.055,4268.745
1781735100000,4268.695,4268.695,4265.785,4266.305
1781735160000,4266.235,4269.775,4260.531,4267.855
1781735220000,4267.815,4268.325,4264.875,4267.185
1781735280000,4267.405,4268.515,4266.565,4268.155
1781735340000,4267.725,4268.765,4266.615,4266.665
1781735400000,4266.705,4266.705,4264.965,4266.405
1781735460000,4266.485,4267.415,4265.895,4267.205
1781735520000,4267.185,4268.605,4266.665,4266.955
1781735580000,4267.005,4267.805,4266.945,4267.435
1781735640000,4267.485,4267.595,4265.105,4265.325
1781735700000,4265.295,4265.755,4264.665,4265.755
1781735760000,4265.725,4265.775,4265.045,4265.195
1781735820000,4265.115,4266.055,4263.605,4263.705
1781735880000,4263.695,4265.685,4263.295,4265.295
1781735940000,4265.265,4267.245,4265.225,4266.705
1781736000000,4266.995,4267.145,4266.295,4266.465
1781736060000,4266.425,4266.555,4265.765,4265.765
1781736120000,4265.735,4266.555,4265.635,4266.555
1781736180000,4266.425,4266.425,4264.315,4264.345
1781736240000,4264.295,4264.295,4263.415,4263.525
1781736300000,4263.545,4264.815,4263.405,4264.815
1781736360000,4264.905,4264.905,4262.555,4262.745
1781736420000,4262.765,4263.235,4262.145,4262.285
1781736480000,4262.305,4262.535,4260.265,4262.025
1781736540000,4262.045,4264.135,4261.415,4263.825
1781736600000,4263.795,4267.175,4263.098,4266.185
1781736660000,4266.165,4266.895,4265.875,4266.285
1781736720000,4266.235,4266.965,4265.205,4265.575
1781736780000,4265.615,4266.725,4264.085,4266.185
1781736840000,4266.035,4268.325,4265.555,4267.565
1781736900000,4267.615,4270.585,4267.495,4269.035
1781736960000,4269.015,4269.285,4268.105,4268.395
1781737020000,4268.425,4268.465,4266.935,4267.705
1781737080000,4267.428,4267.428,4266.358,4266.438
1781737140000,4266.378,4266.568,4265.848,4266.238
1781737200000,4266.128,4266.678,4263.808,4264.988
1781737260000,4264.958,4264.958,4263.648,4263.958
1781737320000,4263.938,4264.808,4263.748,4264.048
1781737380000,4264.098,4264.868,4263.728,4264.418
1781737440000,4264.458,4264.728,4264.048,4264.328
1781737500000,4264.338,4266.268,4263.948,4265.308
1781737560000,4265.298,4266.728,4265.228,4266.528
1781737620000,4266.365,4268.118,4266.365,4267.648
1781737680000,4267.458,4270.848,4267.248,4270.748
1781737740000,4270.658,4273.728,4270.658,4273.468
1781737800000,4273.448,4274.245,4272.958,4274.155
1781737860000,4274.125,4277.395,4274.125,4276.755
1781737920000,4276.735,4278.095,4276.365,4278.095
1781737980000,4278.065,4279.745,4278.065,4279.745
1781738040000,4279.565,4282.035,4279.415,4281.585
1781738100000,4281.705,4282.755,4278.985,4279.225
1781738160000,4279.255,4279.485,4277.535,4277.675
1781738220000,4277.695,4278.675,4276.555,4278.135
1781738280000,4278.115,4278.115,4275.385,4276.265
1781738340000,4276.288,4276.525,4275.375,4276.465
1781738400000,4276.485,4280.425,4276.278,4280.335
1781738460000,4280.365,4281.255,4278.685,4280.145
1781738520000,4280.215,4282.475,4280.145,4281.835
1781738580000,4281.785,4283.445,4281.265,4281.265
1781738640000,4281.235,4281.395,4277.795,4277.975
1781738700000,4277.995,4279.935,4277.415,4279.735
1781738760000,4279.765,4282.835,4279.225,4282.545
1781738820000,4282.565,4283.795,4280.245,4281.705
1781738880000,4281.745,4281.905,4279.945,4279.995
1781738940000,4280.505,4280.505,4279.205,4279.715
1781739000000,4279.735,4280.295,4278.865,4280.015
1781739060000,4280.235,4282.495,4279.675,4282.045
1781739120000,4282.065,4282.175,4279.845,4279.965
1781739180000,4280.005,4280.625,4277.325,4278.535
1781739240000,4278.565,4281.205,4277.895,4280.345
1781739300000,4280.385,4280.595,4279.095,4279.155
1781739360000,4279.135,4279.155,4277.615,4277.675
1781739420000,4277.655,4278.045,4275.235,4275.395
1781739480000,4275.745,4276.175,4275.265,4276.145
1781739540000,4276.075,4276.215,4274.328,4274.328
1781739600000,4274.335,4274.375,4271.065,4271.765
1781739660000,4271.815,4272.015,4271.165,4271.545
1781739720000,4271.505,4271.515,4267.735,4268.325
1781739780000,4268.335,4273.755,4268.335,4273.625
1781739840000,4273.645,4276.135,4272.575,4275.905
1781739900000,4275.895,4278.025,4274.475,4277.885
1781739960000,4277.975,4279.205,4277.195,4277.935
1781740020000,4277.905,4277.905,4274.695,4275.945
1781740080000,4275.925,4275.925,4273.685,4274.165
1781740140000,4274.278,4275.055,4273.065,4273.485
1781740200000,4273.535,4273.925,4272.025,4272.355
1781740260000,4272.335,4273.985,4272.275,4273.875
1781740320000,4273.845,4275.615,4273.245,4275.585
1781740380000,4275.625,4276.775,4274.305,4274.765
1781740440000,4274.705,4275.685,4274.215,4275.605
1781740500000,4275.585,4275.605,4273.238,4273.238
1781740560000,4273.238,4273.765,4273.065,4273.605
1781740620000,4273.655,4274.555,4273.238,4274.235
1781740680000,4274.265,4276.685,4273.685,4275.505
1781740740000,4275.535,4278.005,4274.895,4277.665
1781827200000,4187.998,4193.585,4187.998,4193.005
1781827260000,4192.955,4197.945,4192.245,4194.845
1781827320000,4194.785,4194.995,4192.115,4193.895
1781827380000,4194.285,4194.305,4191.255,4191.335
1781827440000,4191.315,4191.525,4189.035,4190.785
1781827500000,4190.695,4193.735,4189.688,4190.315
1781827560000,4190.145,4190.425,4184.965,4185.145
1781827620000,4185.278,4187.075,4184.245,4184.695
1781827680000,4184.765,4185.875,4184.435,4184.975
1781827740000,4184.975,4186.005,4184.875,4185.835
1781827800000,4185.885,4189.515,4185.825,4187.815
1781827860000,4187.865,4188.405,4185.745,4187.205
1781827920000,4187.185,4187.465,4184.605,4185.075
1781827980000,4185.125,4185.665,4184.335,4184.825
1781828040000,4184.865,4185.505,4184.188,4185.215
1781828100000,4185.265,4186.615,4184.875,4186.525
1781828160000,4186.435,4186.435,4184.445,4184.825
1781828220000,4184.855,4184.855,4184.088,4184.228
1781828280000,4184.325,4185.635,4183.738,4185.145
1781828340000,4185.048,4187.608,4184.745,4184.845
1781828400000,4184.898,4186.155,4184.178,4184.865
1781828460000,4184.795,4185.238,4183.805,4184.228
1781828520000,4184.228,4185.395,4184.228,4184.948
1781828580000,4185.028,4186.478,4184.735,4185.715
1781828640000,4185.885,4187.665,4185.818,4187.665
1781828700000,4187.645,4188.448,4185.365,4185.365
1781828760000,4185.535,4186.505,4184.658,4184.935
1781828820000,4184.965,4185.245,4184.405,4184.665
1781828880000,4185.028,4186.085,4184.625,4185.445
1781828940000,4185.275,4185.305,4184.228,4184.855
1781829000000,4185.065,4186.995,4184.218,4186.905
1781829060000,4186.975,4189.345,4186.385,4187.818
1781829120000,4187.865,4188.678,4187.525,4188.435
1781829180000,4188.255,4188.645,4186.975,4187.495
1781829240000,4187.525,4189.855,4187.525,4189.555
1781829300000,4189.595,4191.055,4189.205,4190.325
1781829360000,4190.395,4191.085,4189.385,4190.855
1781829420000,4190.865,4190.945,4187.195,4188.875
1781829480000,4188.698,4190.275,4188.698,4189.598
1781829540000,4189.848,4190.905,4186.295,4186.585
1781829600000,4186.615,4187.055,4186.355,4186.895
1781829660000,4186.915,4188.385,4186.865,4188.055
1781829720000,4188.035,4188.185,4187.155,4187.825
1781829780000,4187.845,4189.765,4187.795,4188.695
1781829840000,4188.645,4188.895,4188.105,4188.275
1781829900000,4188.235,4188.995,4187.315,4188.885
1781829960000,4188.855,4189.675,4188.405,4189.675
1781830020000,4189.535,4190.325,4189.255,4189.405
1781830080000,4189.035,4189.585,4188.745,4189.515
1781830140000,4189.535,4191.085,4189.115,4190.225
1781830200000,4190.205,4191.445,4189.765,4191.035
1781830260000,4191.175,4191.335,4189.525,4189.795
1781830320000,4189.755,4192.185,4189.405,4191.325
1781830380000,4191.315,4191.365,4188.495,4188.855
1781830440000,4188.885,4190.665,4188.885,4190.305
1781830500000,4190.255,4190.255,4187.915,4188.785
1781830560000,4188.755,4189.085,4187.495,4189.085
1781830620000,4188.965,4190.505,4188.755,4190.135
1781830680000,4190.145,4190.675,4189.785,4189.785
1781830740000,4189.835,4190.615,4189.095,4190.125
1781830800000,4190.075,4192.275,4189.655,4190.865
1781830860000,4190.825,4193.415,4188.945,4191.475
1781830920000,4191.375,4193.065,4190.525,4192.795
1781830980000,4192.725,4194.145,4191.815,4194.145
1781831040000,4193.835,4194.335,4190.145,4190.415
1781831100000,4190.385,4190.505,4184.118,4186.275
1781831160000,4186.185,4186.585,4184.365,4185.295
1781831220000,4185.285,4185.965,4184.275,4185.095
1781831280000,4185.145,4186.965,4184.475,4184.605
1781831340000,4184.655,4184.955,4184.055,4184.825
1781831400000,4184.755,4186.475,4184.585,4186.175
1781831460000,4186.205,4186.365,4184.435,4185.665
1781831520000,4185.705,4186.385,4184.565,4185.175
1781831580000,4185.205,4187.225,4185.125,4185.405
1781831640000,4185.365,4186.325,4185.365,4186.175
1781831700000,4186.155,4188.115,4185.745,4187.035
1781831760000,4186.995,4187.225,4186.195,4186.225
1781831820000,4186.205,4186.475,4184.285,4184.318
1781831880000,4184.255,4184.955,4184.008,4184.775
1781831940000,4184.715,4185.215,4184.305,4184.985
1781832000000,4184.875,4185.145,4183.495,4184.715
1781832060000,4184.735,4186.905,4183.985,4186.675
1781832120000,4186.645,4187.305,4186.045,4187.305
1781832180000,4187.335,4188.125,4186.945,4187.095
1781832240000,4186.775,4187.215,4185.535,4186.905
1781832300000,4186.925,4188.505,4186.505,4188.435
1781832360000,4188.355,4189.505,4187.695,4188.705
1781832420000,4188.625,4190.465,4188.515,4188.745
1781832480000,4188.775,4190.375,4188.745,4189.995
1781832540000,4189.965,4191.338,4189.775,4190.565
1781832600000,4190.615,4190.615,4186.785,4187.725
1781832660000,4187.835,4188.565,4187.445,4187.745
1781832720000,4187.695,4188.025,4186.615,4187.185
1781832780000,4187.135,4187.485,4186.735,4187.345
1781832840000,4187.235,4187.865,4187.125,4187.645
1781832900000,4187.755,4189.095,4187.255,4188.725
1781832960000,4188.725,4188.725,4185.925,4186.885
1781833020000,4186.865,4186.865,4185.545,4185.625
1781833080000,4185.475,4185.625,4184.435,4185.305
1781833140000,4185.325,4186.065,4184.775,4185.035
1781833200000,4185.105,4185.475,4184.315,4185.055
1781833260000,4184.935,4186.015,4184.815,4186.005
1781833320000,4186.045,4186.545,4185.065,4185.135
1781833380000,4185.065,4186.065,4184.238,4186.005
1781833440000,4185.935,4186.165,4184.785,4185.485
1781833500000,4185.405,4185.655,4184.555,4184.635
1781833560000,4184.685,4187.165,4184.065,4186.855
1781833620000,4186.855,4187.055,4185.625,4185.665
1781833680000,4185.675,4186.295,4184.228,4184.415
1781833740000,4184.365,4184.975,4184.325,4184.575
1781833800000,4184.595,4184.805,4184.125,4184.395
1781833860000,4184.415,4184.935,4183.835,4184.765
1781833920000,4184.805,4184.915,4184.145,4184.425
1781833980000,4184.425,4185.485,4183.878,4184.088
1781834040000,4183.988,4185.195,4183.765,4184.695
1781834100000,4184.755,4185.185,4184.385,4184.565
1781834160000,4184.595,4185.555,4184.545,4185.415
1781834220000,4185.375,4186.235,4184.785,4184.975
1781834280000,4184.945,4184.945,4184.258,4184.725
1781834340000,4184.665,4185.135,4183.885,4184.725
1781834400000,4184.675,4186.105,4184.665,4185.005
1781834460000,4184.915,4185.295,4184.415,4184.765
1781834520000,4184.765,4185.245,4183.795,4184.408
1781834580000,4184.275,4185.585,4184.275,4185.275
1781834640000,4185.275,4185.995,4184.795,4185.215
1781834700000,4185.235,4185.405,4184.228,4184.325
1781834760000,4183.965,4186.145,4181.915,4184.615
1781834820000,4184.615,4184.725,4179.955,4184.035
1781834880000,4184.205,4184.445,4178.855,4179.715
1781834940000,4179.425,4184.145,4179.425,4184.145
1781835000000,4184.145,4184.415,4181.745,4183.045
1781835060000,4183.045,4184.815,4181.645,4182.735
1781835120000,4182.635,4183.805,4182.545,4182.785
1781835180000,4182.805,4182.895,4180.965,4181.375
1781835240000,4181.405,4181.425,4178.375,4179.535
1781835300000,4179.575,4179.835,4175.545,4175.775
1781835360000,4175.495,4178.305,4175.365,4177.145
1781835420000,4177.195,4177.265,4174.925,4175.955
1781835480000,4175.915,4177.465,4175.755,4175.815
1781835540000,4175.985,4177.335,4175.035,4175.555
1781835600000,4175.535,4178.045,4175.535,4177.105
1781835660000,4177.045,4177.485,4176.235,4177.345
1781835720000,4177.275,4178.785,4176.475,4178.415
1781835780000,4178.465,4179.285,4177.828,4178.245
1781835840000,4178.245,4178.735,4177.665,4177.945
1781835900000,4177.915,4179.208,4176.808,4177.455
1781835960000,4177.425,4178.565,4177.235,4178.325
1781836020000,4178.305,4178.305,4177.155,4177.675
1781836080000,4177.915,4179.815,4177.915,4179.405
1781836140000,4179.435,4179.465,4178.755,4179.215
1781836200000,4179.235,4179.735,4178.865,4179.115
1781836260000,4179.135,4179.215,4177.185,4178.095
1781836320000,4178.115,4178.585,4177.125,4177.565
1781836380000,4177.555,4177.935,4176.835,4177.935
1781836440000,4177.995,4179.745,4177.975,4179.745
1781836500000,4179.708,4182.965,4179.705,4182.115
1781836560000,4182.325,4182.325,4180.505,4180.835
1781836620000,4180.775,4180.845,4177.925,4179.465
1781836680000,4179.485,4180.445,4179.475,4179.585
1781836740000,4179.505,4179.855,4178.335,4179.375
1781836800000,4179.375,4181.165,4178.915,4181.165
1781836860000,4181.065,4183.185,4180.805,4183.035
1781836920000,4182.955,4183.635,4180.848,4181.045
1781836980000,4181.125,4181.265,4179.915,4180.155
1781837040000,4180.135,4180.615,4179.465,4179.615
1781837100000,4179.625,4180.465,4177.915,4178.395
1781837160000,4178.315,4178.405,4175.805,4175.855
1781837220000,4175.885,4176.695,4175.395,4176.595
1781837280000,4176.535,4176.925,4176.135,4176.185
1781837340000,4176.205,4176.825,4175.755,4175.965
1781837400000,4175.935,4176.055,4173.945,4174.525
1781837460000,4174.675,4175.325,4171.565,4173.095
1781837520000,4172.985,4173.675,4172.315,4172.975
1781837580000,4172.975,4174.625,4172.365,4174.055
1781837640000,4174.175,4176.595,4174.175,4176.475
1781837700000,4176.495,4176.905,4176.005,4176.595
1781837760000,4176.455,4176.535,4175.245,4175.645
1781837820000,4175.675,4176.635,4174.875,4176.455
1781837880000,4176.505,4176.688,4175.435,4176.435
1781837940000,4176.465,4176.975,4175.655,4176.025
1781838000000,4175.995,4177.065,4175.525,4176.065
1781838060000,4176.035,4176.125,4173.435,4173.815
1781838120000,4173.825,4174.465,4171.585,4172.055
1781838180000,4172.075,4172.868,4170.995,4171.415
1781838240000,4171.515,4171.515,4169.275,4169.435
1781838300000,4169.395,4169.655,4166.465,4166.475
1781838360000,4166.565,4168.715,4166.255,4168.415
1781838420000,4168.435,4169.155,4167.445,4168.845
1781838480000,4168.845,4168.845,4166.605,4166.655
1781838540000,4166.585,4167.925,4166.055,4167.405
1781838600000,4167.495,4168.395,4166.375,4167.415
1781838660000,4167.415,4168.315,4167.165,4167.365
1781838720000,4167.365,4168.805,4167.055,4168.765
1781838780000,4168.735,4169.735,4168.325,4168.875
1781838840000,4168.905,4169.335,4165.935,4165.935
1781838900000,4165.975,4166.945,4165.755,4166.255
1781838960000,4166.235,4168.215,4164.895,4166.975
1781839020000,4167.215,4167.845,4165.745,4166.575
1781839080000,4166.545,4168.955,4166.435,4167.705
1781839140000,4167.635,4167.985,4167.275,4167.825
1781839200000,4167.845,4169.775,4167.845,4168.775
1781839260000,4168.765,4170.215,4168.355,4169.965
1781839320000,4169.965,4170.575,4168.325,4168.465
1781839380000,4168.515,4169.105,4167.835,4169.005
1781839440000,4169.005,4169.445,4167.825,4168.435
1781839500000,4168.425,4168.625,4167.705,4167.785
1781839560000,4167.835,4168.145,4167.285,4167.555
1781839620000,4167.765,4168.928,4167.445,4167.855
1781839680000,4167.825,4168.255,4166.175,4166.585
1781839740000,4166.585,4167.455,4166.485,4167.055
1781839800000,4167.045,4167.468,4166.075,4166.995
1781839860000,4167.015,4167.015,4161.485,4162.085
1781839920000,4162.105,4163.835,4161.515,4163.555
1781839980000,4163.555,4163.735,4161.485,4161.865
1781840040000,4161.795,4165.095,4161.795,4164.485
1781840100000,4164.455,4164.655,4163.285,4163.335
1781840160000,4163.365,4165.235,4163.345,4165.105
1781840220000,4165.045,4165.455,4164.035,4164.685
1781840280000,4164.665,4164.665,4162.125,4162.125
1781840340000,4162.125,4163.345,4162.045,4162.955
1781840400000,4162.925,4164.105,4162.065,4162.105
1781840460000,4162.075,4162.105,4160.835,4161.945
1781840520000,4161.965,4162.015,4158.185,4158.275
1781840580000,4158.275,4161.785,4157.635,4161.595
1781840640000,4161.505,4162.485,4161.095,4162.005
1781840700000,4162.025,4162.095,4159.365,4159.865
1781840760000,4159.965,4161.205,4159.875,4161.205
1781840820000,4160.995,4161.545,4159.025,4159.115
1781840880000,4159.175,4160.705,4159.075,4159.155
1781840940000,4159.055,4159.615,4157.675,4158.705
1781841000000,4158.705,4158.895,4157.515,4158.735
1781841060000,4158.795,4159.305,4157.905,4158.785
1781841120000,4158.765,4160.645,4158.765,4160.495
1781841180000,4160.465,4160.465,4158.355,4159.225
1781841240000,4159.185,4159.235,4157.495,4158.555
1781841300000,4158.595,4159.225,4158.345,4158.825
1781841360000,4158.795,4159.545,4158.365,4158.905
1781841420000,4158.945,4158.995,4157.035,4157.365
1781841480000,4157.345,4157.345,4145.345,4150.005
1781841540000,4149.965,4153.555,4147.405,4153.555
1781841600000,4153.265,4155.065,4152.181,4152.615
1781841660000,4152.595,4152.685,4143.555,4145.765
1781841720000,4145.885,4148.155,4143.855,4148.035
1781841780000,4148.385,4148.705,4144.925,4145.435
1781841840000,4145.385,4145.745,4142.905,4144.055
1781841900000,4144.025,4145.275,4143.665,4145.165
1781841960000,4145.215,4147.515,4145.135,4147.405
1781842020000,4147.365,4147.625,4143.525,4145.145
1781842080000,4145.185,4146.025,4144.205,4144.945
1781842140000,4144.905,4144.945,4143.325,4143.635
1781842200000,4143.585,4146.865,4143.585,4145.905
1781842260000,4145.875,4146.335,4144.255,4145.315
1781842320000,4145.355,4146.515,4145.065,4145.978
1781842380000,4145.955,4146.325,4144.565,4144.565
1781842440000,4144.555,4145.385,4143.405,4145.245
1781842500000,4145.225,4145.475,4141.155,4141.845
1781842560000,4141.815,4145.845,4141.665,4145.175
1781842620000,4145.245,4147.775,4143.635,4147.745
1781842680000,4147.715,4149.405,4146.775,4146.975
1781842740000,4146.975,4149.135,4146.615,4147.575
1781842800000,4147.545,4148.588,4147.035,4147.975
1781842860000,4147.985,4149.695,4147.965,4148.465
1781842920000,4148.435,4149.205,4147.965,4148.105
1781842980000,4148.125,4149.185,4147.855,4148.855
1781843040000,4148.895,4149.138,4147.955,4148.775
1781843100000,4148.805,4148.905,4147.048,4147.575
1781843160000,4147.555,4147.555,4146.315,4146.465
1781843220000,4146.565,4147.645,4145.715,4145.915
1781843280000,4145.845,4147.965,4144.965,4147.725
1781843340000,4147.708,4147.708,4144.025,4146.325
1781843400000,4146.265,4147.125,4145.015,4145.465
1781843460000,4145.405,4145.455,4143.495,4144.615
1781843520000,4144.585,4146.875,4144.085,4145.395
1781843580000,4145.425,4145.535,4143.335,4144.645
1781843640000,4144.475,4144.505,4142.655,4142.985
1781843700000,4142.925,4143.045,4139.635,4141.225
1781843760000,4141.225,4141.235,4137.435,4138.715
1781843820000,4138.758,4140.245,4137.785,4139.135
1781843880000,4139.155,4139.665,4138.285,4139.285
1781843940000,4139.205,4141.565,4139.205,4141.405
1781844000000,4141.375,4141.425,4137.088,4137.345
1781844060000,4137.285,4137.735,4133.935,4135.965
1781844120000,4135.795,4136.965,4134.495,4135.755
1781844180000,4135.725,4135.955,4134.035,4134.365
1781844240000,4134.438,4135.775,4133.145,4135.085
1781844300000,4135.085,4135.688,4134.065,4135.495
1781844360000,4135.518,4135.625,4134.155,4134.685
1781844420000,4134.925,4135.835,4133.735,4134.125
1781844480000,4134.175,4136.285,4133.795,4135.335
1781844540000,4135.375,4136.445,4134.555,4135.585
1781844600000,4135.425,4135.965,4132.895,4133.885
1781844660000,4133.985,4135.045,4132.175,4132.275
1781844720000,4132.325,4133.355,4132.305,4132.465
1781844780000,4132.455,4133.398,4131.955,4132.105
1781844840000,4132.045,4132.188,4125.015,4128.025
1781844900000,4127.805,4128.825,4126.185,4126.225
1781844960000,4126.205,4126.985,4124.858,4126.095
1781845020000,4126.115,4127.805,4124.805,4125.565
1781845080000,4125.565,4126.485,4124.955,4126.225
1781845140000,4126.225,4127.495,4125.165,4125.495
1781845200000,4125.915,4125.915,4122.755,4124.665
1781845260000,4124.695,4126.075,4122.885,4126.075
1781845320000,4126.115,4126.925,4123.415,4124.105
1781845380000,4124.195,4126.415,4122.595,4122.985
1781845440000,4122.945,4126.625,4122.805,4124.475
1781845500000,4124.435,4125.125,4121.825,4124.155
1781845560000,4124.265,4124.375,4122.975,4123.025
1781845620000,4122.865,4123.885,4121.438,4122.025
1781845680000,4122.025,4123.455,4121.555,4123.095
1781845740000,4123.065,4124.505,4123.005,4124.175
1781845800000,4124.155,4127.555,4123.915,4126.065
1781845860000,4126.115,4130.105,4125.725,4130.095
1781845920000,4130.015,4130.085,4126.995,4127.995
1781845980000,4127.965,4129.915,4127.965,4129.585
1781846040000,4129.605,4131.345,4129.185,4130.115
1781846100000,4130.235,4130.375,4128.715,4128.995
1781846160000,4129.035,4129.965,4128.645,4128.855
1781846220000,4128.905,4130.125,4127.775,4127.915
1781846280000,4128.025,4128.425,4126.335,4127.435
1781846340000,4127.485,4127.865,4125.505,4127.765
1781846400000,4127.725,4128.585,4125.925,4126.215
1781846460000,4126.245,4129.145,4126.245,4129.145
1781846520000,4129.145,4131.285,4128.895,4129.415
1781846580000,4129.345,4131.375,4129.345,4131.095
1781846640000,4131.165,4131.285,4128.635,4128.915
1781846700000,4128.845,4131.395,4128.845,4131.355
1781846760000,4131.355,4134.485,4129.145,4133.745
1781846820000,4133.595,4133.595,4132.235,4132.745
1781846880000,4132.725,4133.505,4131.545,4132.295
1781846940000,4132.275,4133.605,4131.975,4133.405
1781847000000,4133.335,4138.465,4133.175,4138.425
1781847060000,4138.425,4139.235,4137.315,4138.965
1781847120000,4138.895,4138.895,4136.025,4136.495
1781847180000,4136.465,4136.535,4133.425,4133.505
1781847240000,4133.525,4133.745,4130.605,4132.295
1781847300000,4131.925,4135.505,4131.855,4134.825
1781847360000,4134.795,4134.815,4132.115,4132.235
1781847420000,4132.285,4133.775,4130.365,4130.445
1781847480000,4130.275,4132.565,4130.275,4132.425
1781847540000,4132.535,4133.365,4131.115,4131.315
1781847600000,4131.175,4132.525,4130.825,4132.175
1781847660000,4132.225,4133.535,4131.185,4133.075
1781847720000,4132.955,4132.995,4130.795,4131.685
1781847780000,4131.665,4133.625,4131.275,4133.155
1781847840000,4133.215,4134.855,4133.155,4134.825
1781847900000,4134.825,4135.825,4134.415,4135.375
1781847960000,4135.335,4136.695,4134.595,4136.345
1781848020000,4136.515,4138.155,4136.265,4137.715
1781848080000,4137.745,4138.155,4136.415,4137.855
1781848140000,4137.765,4138.645,4137.215,4137.395
1781848200000,4137.395,4137.415,4134.935,4135.775
1781848260000,4135.805,4137.145,4135.415,4136.815
1781848320000,4136.815,4136.815,4134.265,4134.315
1781848380000,4134.405,4135.855,4132.695,4135.625
1781848440000,4135.655,4138.805,4135.655,4138.755
1781848500000,4138.745,4141.215,4138.145,4140.365
1781848560000,4140.325,4140.345,4137.535,4137.585
1781848620000,4137.545,4137.985,4136.965,4137.855
1781848680000,4137.835,4139.605,4137.465,4139.185
1781848740000,4139.185,4139.565,4138.715,4139.275
1781848800000,4139.395,4140.045,4136.855,4137.765
1781848860000,4137.805,4137.975,4135.155,4135.725
1781848920000,4135.735,4136.225,4133.465,4133.925
1781848980000,4133.905,4137.005,4133.705,4135.945
1781849040000,4135.975,4139.215,4135.975,4137.875
1781849100000,4137.885,4140.285,4137.615,4139.105
1781849160000,4139.305,4140.085,4138.295,4139.755
1781849220000,4139.735,4139.795,4135.885,4137.215
1781849280000,4137.195,4138.195,4136.685,4137.495
1781849340000,4137.445,4143.245,4137.315,4143.245
1781849400000,4143.215,4144.055,4139.805,4140.265
1781849460000,4140.285,4143.745,4139.795,4143.425
1781849520000,4143.395,4144.935,4143.395,4144.825
1781849580000,4144.825,4146.125,4144.165,4145.865
1781849640000,4145.835,4147.955,4145.555,4147.035
1781849700000,4147.025,4147.345,4141.765,4141.795
1781849760000,4141.815,4141.955,4140.345,4141.555
1781849820000,4141.715,4143.875,4141.325,4142.415
1781849880000,4142.395,4143.175,4140.765,4141.015
1781849940000,4141.005,4142.315,4139.825,4141.495
1781850000000,4141.525,4143.285,4140.605,4140.625
1781850060000,4140.198,4142.475,4139.545,4142.325
1781850120000,4142.345,4142.995,4140.895,4140.925
1781850180000,4140.695,4141.385,4139.085,4140.955
1781850240000,4141.025,4144.325,4140.915,4143.035
1781850300000,4143.035,4144.755,4143.035,4144.105
1781850360000,4143.955,4143.955,4141.665,4142.225
1781850420000,4142.185,4142.215,4140.845,4141.555
1781850480000,4141.605,4142.245,4140.875,4141.635
1781850540000,4141.655,4143.445,4141.465,4141.645
1781850600000,4141.875,4145.285,4141.875,4143.045
1781850660000,4143.025,4143.315,4138.815,4139.535
1781850720000,4139.535,4139.915,4138.075,4138.785
1781850780000,4138.845,4139.205,4136.015,4136.465
1781850840000,4136.485,4138.715,4135.375,4138.525
1781850900000,4138.555,4138.915,4137.065,4137.725
1781850960000,4137.755,4137.865,4134.215,4134.855
1781851020000,4134.815,4135.305,4133.235,4133.235
1781851080000,4133.265,4134.705,4132.635,4134.605
1781851140000,4134.665,4135.545,4133.155,4133.545
1781851200000,4133.485,4136.105,4133.485,4135.955
1781851260000,4135.915,4135.915,4133.535,4135.275
1781851320000,4135.245,4136.315,4134.625,4136.165
1781851380000,4136.235,4136.595,4135.435,4135.735
1781851440000,4135.865,4135.995,4134.475,4135.885
1781851500000,4135.835,4135.885,4134.375,4135.495
1781851560000,4135.535,4136.765,4135.345,4136.355
1781851620000,4136.315,4138.905,4135.605,4138.785
1781851680000,4138.825,4142.975,4138.125,4141.935
1781851740000,4141.875,4145.255,4141.465,4145.245
1781851800000,4145.205,4145.565,4142.865,4143.295
1781851860000,4143.255,4144.035,4142.085,4143.965
1781851920000,4143.965,4145.365,4142.685,4145.365
1781851980000,4145.325,4146.415,4144.805,4145.845
1781852040000,4145.815,4145.945,4144.705,4145.575
1781852100000,4145.555,4145.885,4144.195,4145.325
1781852160000,4145.265,4148.765,4144.875,4148.395
1781852220000,4148.375,4150.465,4147.815,4150.305
1781852280000,4150.195,4150.275,4147.595,4147.845
1781852340000,4147.855,4148.755,4147.405,4147.495
1781852400000,4147.865,4150.745,4147.655,4148.815
1781852460000,4148.825,4151.105,4148.715,4149.345
1781852520000,4149.315,4151.935,4147.945,4151.875
1781852580000,4151.845,4152.835,4150.825,4152.585
1781852640000,4152.575,4156.095,4151.915,4156.015
1781852700000,4155.935,4156.355,4153.958,4155.105
1781852760000,4155.185,4156.605,4154.835,4156.515
1781852820000,4156.485,4156.485,4155.035,4156.475
1781852880000,4156.558,4158.255,4156.558,4156.665
1781852940000,4156.695,4159.635,4156.665,4158.935
1781853000000,4158.915,4159.115,4156.165,4156.165
1781853060000,4156.185,4156.855,4155.445,4156.135
1781853120000,4156.265,4156.765,4154.735,4155.795
1781853180000,4155.885,4155.925,4153.725,4153.795
1781853240000,4153.935,4157.245,4153.935,4157.055
1781853300000,4157.055,4158.385,4154.335,4158.385
1781853360000,4158.335,4159.905,4156.025,4156.195
1781853420000,4156.255,4156.275,4155.195,4155.295
1781853480000,4155.275,4156.685,4155.185,4155.625
1781853540000,4155.625,4155.935,4154.555,4155.135
1781853600000,4155.135,4156.795,4154.925,4156.355
1781853660000,4156.305,4156.555,4154.665,4155.725
1781853720000,4155.705,4157.485,4155.045,4155.465
1781853780000,4155.495,4155.755,4154.215,4155.745
1781853840000,4155.775,4156.325,4154.865,4155.685
1781853900000,4155.705,4155.755,4152.605,4152.755
1781853960000,4152.785,4153.385,4151.795,4152.295
1781854020000,4152.445,4154.045,4152.445,4152.535
1781854080000,4152.525,4153.095,4151.945,4152.455
1781854140000,4152.525,4153.135,4151.798,4152.195
1781854200000,4152.315,4153.535,4151.698,4153.475
1781854260000,4153.505,4154.615,4152.535,4153.045
1781854320000,4153.135,4153.355,4151.925,4152.315
1781854380000,4152.355,4153.055,4152.215,4152.725
1781854440000,4152.695,4153.515,4152.345,4153.245
1781854500000,4153.205,4153.215,4151.025,4151.065
1781854560000,4151.148,4153.055,4151.125,4153.055
1781854620000,4153.005,4157.155,4152.985,4156.595
1781854680000,4156.675,4157.295,4156.185,4157.175
1781854740000,4157.145,4157.145,4155.415,4156.935
1781854800000,4156.965,4157.065,4154.255,4155.455
1781854860000,4155.425,4155.995,4155.095,4155.225
1781854920000,4155.175,4155.575,4153.325,4155.375
1781854980000,4155.465,4156.495,4155.065,4156.035
1781855040000,4156.125,4156.125,4153.245,4153.775
1781855100000,4154.395,4154.865,4153.195,4153.275
1781855160000,4153.285,4153.745,4153.025,4153.705
1781855220000,4153.765,4153.965,4153.285,4153.515
1781855280000,4153.465,4153.465,4151.745,4151.905
1781855340000,4151.875,4152.965,4151.625,4152.375
1781855400000,4152.405,4152.705,4151.355,4152.675
1781855460000,4152.705,4155.745,4152.445,4155.115
1781855520000,4155.305,4156.605,4153.935,4154.345
1781855580000,4154.345,4155.255,4153.855,4154.325
1781855640000,4154.275,4155.565,4153.765,4154.785
1781855700000,4154.795,4155.475,4154.365,4154.895
1781855760000,4154.898,4156.165,4153.905,4155.865
1781855820000,4155.905,4162.895,4155.835,4161.165
1781855880000,4161.155,4161.155,4158.635,4158.955
1781855940000,4159.495,4159.515,4157.398,4157.765
1781856000000,4157.785,4159.035,4156.945,4158.425
1781856060000,4158.585,4159.385,4157.335,4158.685
1781856120000,4158.665,4158.845,4154.975,4155.555
1781856180000,4155.535,4156.755,4155.335,4156.205
1781856240000,4156.205,4160.545,4156.205,4159.575
1781856300000,4159.555,4159.795,4157.495,4158.425
1781856360000,4158.385,4159.975,4158.385,4159.145
1781856420000,4159.115,4160.505,4158.015,4160.095
1781856480000,4160.015,4161.645,4159.825,4160.575
1781856540000,4160.575,4164.075,4160.255,4163.898
1781856600000,4163.835,4166.598,4163.785,4166.265
1781856660000,4166.315,4166.965,4164.455,4165.705
1781856720000,4165.695,4166.748,4164.205,4166.395
1781856780000,4166.475,4166.945,4164.845,4165.055
1781856840000,4165.048,4166.395,4164.495,4165.395
1781856900000,4165.325,4168.035,4164.975,4166.905
1781856960000,4166.845,4167.985,4166.155,4167.985
1781857020000,4168.215,4168.215,4166.185,4167.105
1781857080000,4167.145,4167.145,4165.565,4166.395
1781857140000,4166.355,4170.685,4166.345,4169.848
1781857200000,4169.845,4170.625,4168.898,4169.245
1781857260000,4169.145,4171.385,4167.865,4170.785
1781857320000,4170.755,4172.545,4170.465,4171.828
1781857380000,4171.895,4175.545,4171.895,4175.175
1781857440000,4175.155,4176.868,4173.825,4175.035
1781857500000,4175.015,4177.285,4175.005,4177.235
1781857560000,4177.485,4177.485,4174.748,4174.748
1781857620000,4174.748,4174.905,4173.798,4173.835
1781857680000,4173.805,4174.815,4173.535,4174.465
1781857740000,4174.455,4176.685,4174.455,4175.651
1781857800000,4176.045,4178.345,4174.795,4177.945
1781857860000,4177.795,4178.135,4176.875,4177.455
1781857920000,4177.485,4177.775,4173.848,4173.945
1781857980000,4173.995,4174.205,4173.645,4174.145
1781858040000,4174.145,4175.265,4174.085,4174.915
1781858100000,4174.945,4175.305,4174.145,4174.405
1781858160000,4174.415,4174.625,4173.595,4173.815
1781858220000,4173.845,4174.295,4171.235,4171.585
1781858280000,4171.475,4171.845,4168.698,4168.698
1781858340000,4168.698,4169.745,4168.365,4168.655
1781858400000,4168.595,4169.345,4166.975,4167.415
1781858460000,4167.385,4169.048,4166.398,4168.848
1781858520000,4168.848,4170.455,4168.848,4169.555
1781858580000,4169.495,4171.785,4169.075,4170.155
1781858640000,4170.115,4170.205,4168.695,4168.695
1781858700000,4168.645,4169.255,4167.465,4168.295
1781858760000,4168.315,4168.588,4166.858,4166.928
1781858820000,4166.878,4167.605,4166.065,4167.445
1781858880000,4167.448,4168.865,4167.305,4167.755
1781858940000,4167.755,4168.548,4166.648,4167.825
1781859000000,4167.795,4168.148,4165.645,4165.645
1781859060000,4165.585,4166.275,4164.275,4165.075
1781859120000,4165.285,4166.685,4164.815,4166.505
1781859180000,4166.525,4166.965,4164.845,4165.065
1781859240000,4165.045,4165.545,4164.885,4165.285
1781859300000,4165.275,4166.175,4164.795,4165.815
1781859360000,4165.835,4168.035,4165.755,4167.245
1781859420000,4166.985,4167.855,4166.365,4166.395
1781859480000,4166.375,4166.398,4165.365,4166.175
1781859540000,4166.175,4168.875,4165.935,4168.795
1781859600000,4168.795,4170.635,4168.355,4169.935
1781859660000,4169.898,4169.998,4166.265,4166.565
1781859720000,4166.645,4167.965,4166.475,4166.825
1781859780000,4166.855,4167.605,4165.485,4165.485
1781859840000,4165.485,4166.585,4164.925,4165.235
1781859900000,4165.215,4165.265,4164.005,4164.995
1781859960000,4164.995,4166.705,4164.765,4166.505
1781860020000,4166.555,4167.235,4165.095,4165.335
1781860080000,4165.415,4166.435,4165.405,4165.455
1781860140000,4165.485,4166.155,4164.955,4164.955
1781860200000,4164.975,4166.505,4164.975,4166.505
1781860260000,4166.455,4166.455,4164.175,4164.465
1781860320000,4164.565,4166.825,4164.455,4166.375
1781860380000,4166.405,4166.685,4164.005,4164.135
1781860440000,4164.135,4164.475,4163.325,4163.805
1781860500000,4163.795,4164.605,4162.965,4163.065
1781860560000,4163.405,4165.435,4162.975,4164.995
1781860620000,4165.055,4165.055,4163.885,4163.965
1781860680000,4163.955,4165.705,4163.465,4165.485
1781860740000,4165.505,4165.985,4164.395,4164.415
1781860800000,4164.435,4165.005,4164.315,4164.865
1781860860000,4164.885,4165.945,4163.635,4163.725
1781860920000,4163.755,4163.975,4162.435,4163.165
1781860980000,4163.285,4168.035,4163.285,4167.335
1781861040000,4167.305,4167.685,4166.685,4167.098
1781861100000,4167.098,4167.205,4166.055,4166.905
1781861160000,4166.765,4167.235,4166.375,4166.855
1781861220000,4166.865,4166.915,4164.285,4164.915
1781861280000,4164.945,4164.955,4162.005,4162.625
1781861340000,4162.645,4163.065,4161.755,4162.415
1781861400000,4162.485,4164.598,4162.345,4163.525
1781861460000,4163.625,4165.595,4163.065,4164.745
1781861520000,4164.635,4165.705,4163.545,4165.395
1781861580000,4165.425,4165.515,4163.105,4164.565
1781861640000,4164.655,4165.785,4164.555,4165.455
1781861700000,4165.385,4165.455,4164.375,4164.695
1781861760000,4164.675,4164.935,4163.755,4163.975
1781861820000,4163.975,4164.835,4163.925,4164.735
1781861880000,4164.775,4165.015,4163.725,4164.075
1781861940000,4163.565,4164.265,4162.905,4163.585
1781862000000,4163.575,4165.145,4163.525,4164.885
1781862060000,4164.765,4165.535,4163.935,4164.035
1781862120000,4164.165,4164.165,4162.785,4162.975
1781862180000,4162.965,4164.715,4162.775,4164.685
1781862240000,4164.685,4164.685,4162.175,4162.365
1781862300000,4162.525,4163.475,4162.405,4162.825
1781862360000,4162.855,4164.905,4162.555,4164.905
1781862420000,4165.205,4167.095,4165.205,4166.805
1781862480000,4166.695,4166.695,4164.935,4164.935
1781862540000,4164.905,4164.945,4162.855,4162.955
1781862600000,4163.085,4164.565,4162.955,4164.445
1781862660000,4164.455,4164.675,4163.005,4163.105
1781862720000,4163.085,4164.015,4163.025,4163.915
1781862780000,4163.885,4165.215,4163.655,4164.865
1781862840000,4164.755,4164.835,4163.485,4164.195
1781862900000,4164.095,4164.525,4163.635,4164.165
1781862960000,4164.105,4164.775,4163.795,4163.985
1781863020000,4164.075,4164.075,4162.715,4163.095
1781863080000,4163.035,4163.485,4161.705,4162.095
1781863140000,4162.245,4162.825,4160.645,4162.725
1781863200000,4162.765,4162.845,4161.525,4162.435
1781863260000,4162.445,4162.445,4159.605,4159.755
1781863320000,4159.845,4159.885,4157.335,4159.135
1781863380000,4159.175,4159.275,4156.775,4157.215
1781863440000,4157.125,4158.545,4157.125,4157.655
1781863500000,4157.775,4158.675,4157.145,4157.145
1781863560000,4157.105,4157.315,4155.515,4155.705
1781863620000,4155.705,4155.925,4155.045,4155.425
1781863680000,4155.445,4155.495,4152.695,4154.385
1781863740000,4154.665,4158.145,4154.665,4156.585
1781863800000,4156.895,4157.505,4156.435,4156.615
1781863860000,4156.645,4156.645,4153.845,4155.475
1781863920000,4155.325,4155.405,4154.155,4154.565
1781863980000,4154.445,4156.135,4154.175,4155.715
1781864040000,4155.735,4157.035,4155.135,4155.185
1781864100000,4155.005,4155.135,4153.215,4154.865
1781864160000,4155.055,4156.425,4155.025,4155.565
1781864220000,4155.575,4158.065,4155.525,4156.815
1781864280000,4156.855,4158.025,4156.585,4157.265
1781864340000,4157.185,4157.735,4155.545,4155.895
1781864400000,4155.985,4155.985,4155.065,4155.585
1781864460000,4155.555,4155.905,4154.085,4155.395
1781864520000,4155.405,4155.835,4153.765,4154.125
1781864580000,4154.025,4154.095,4152.925,4153.615
1781864640000,4153.585,4155.465,4153.585,4155.195
1781864700000,4155.235,4155.755,4153.025,4153.955
1781864760000,4153.965,4154.165,4153.365,4153.395
1781864820000,4153.495,4153.685,4152.525,4153.555
1781864880000,4153.585,4154.035,4152.805,4153.975
1781864940000,4153.995,4155.555,4153.545,4153.545
1781865000000,4153.595,4153.805,4151.495,4152.155
1781865060000,4152.115,4152.815,4151.108,4151.675
1781865120000,4151.655,4153.005,4151.195,4153.005
1781865180000,4153.025,4153.045,4151.875,4152.435
1781865240000,4152.435,4154.715,4152.435,4154.575
1781865300000,4154.645,4155.105,4152.355,4152.355
1781865360000,4152.305,4152.465,4151.215,4151.765
1781865420000,4151.745,4152.215,4150.075,4150.105
1781865480000,4150.145,4153.335,4150.145,4152.975
1781865540000,4153.015,4153.375,4150.485,4150.555
1781865600000,4150.575,4152.225,4150.555,4150.645
1781865660000,4150.585,4152.815,4150.585,4152.045
1781865720000,4151.975,4151.985,4150.405,4150.435
1781865780000,4150.495,4151.935,4150.105,4151.595
1781865840000,4151.425,4151.925,4150.785,4151.005
1781865900000,4151.005,4153.185,4150.945,4153.185
1781865960000,4153.085,4153.085,4151.115,4152.085
1781866020000,4152.175,4153.645,4150.345,4150.725
1781866080000,4150.705,4151.435,4150.295,4151.005
1781866140000,4150.965,4151.905,4150.925,4151.475
1781866200000,4151.445,4153.925,4151.005,4152.755
1781866260000,4152.675,4152.885,4151.395,4151.395
1781866320000,4151.375,4154.405,4151.375,4153.465
1781866380000,4153.435,4153.525,4152.305,4152.445
1781866440000,4152.605,4152.605,4149.485,4149.585
1781866500000,4149.655,4151.175,4149.625,4150.945
1781866560000,4150.955,4151.865,4149.965,4151.835
1781866620000,4151.915,4152.435,4147.955,4148.825
1781866680000,4148.925,4150.805,4148.605,4150.395
1781866740000,4150.085,4150.285,4149.345,4149.505
1781866800000,4149.445,4150.015,4146.805,4147.285
1781866860000,4147.315,4148.335,4145.045,4145.475
1781866920000,4145.455,4148.975,4145.105,4148.065
1781866980000,4148.165,4148.415,4146.995,4148.335
1781867040000,4148.235,4149.505,4147.955,4148.175
1781867100000,4148.445,4149.325,4146.335,4146.485
1781867160000,4146.515,4147.325,4144.895,4144.975
1781867220000,4145.095,4146.615,4144.095,4144.105
1781867280000,4144.125,4146.225,4142.425,4145.755
1781867340000,4145.755,4147.665,4145.505,4147.325
1781867400000,4147.345,4148.105,4145.925,4147.635
1781867460000,4147.665,4148.275,4146.975,4147.865
1781867520000,4147.995,4148.445,4146.105,4146.425
1781867580000,4146.375,4146.735,4145.538,4146.075
1781867640000,4146.125,4147.265,4145.935,4146.625
1781867700000,4146.605,4147.355,4146.375,4146.975
1781867760000,4146.955,4147.195,4145.745,4145.775
1781867820000,4145.895,4146.125,4144.125,4144.345
1781867880000,4144.305,4146.305,4144.085,4145.315
1781867940000,4145.495,4147.185,4145.475,4147.005
1781868000000,4146.875,4146.985,4145.925,4146.985
1781868060000,4147.035,4148.455,4146.125,4148.385
1781868120000,4148.315,4148.315,4146.865,4147.955
1781868180000,4147.895,4148.735,4147.215,4147.675
1781868240000,4147.595,4148.505,4146.945,4147.795
1781868300000,4147.745,4148.485,4145.485,4145.535
1781868360000,4145.505,4145.925,4144.745,4144.755
1781868420000,4144.865,4145.095,4143.865,4144.405
1781868480000,4144.395,4144.715,4143.755,4144.225
1781868540000,4144.225,4144.595,4143.035,4143.995
1781868600000,4143.945,4145.125,4142.605,4144.965
1781868660000,4145.015,4145.185,4143.055,4143.475
1781868720000,4143.825,4145.125,4142.435,4142.745
1781868780000,4142.805,4143.035,4141.695,4142.135
1781868840000,4142.225,4144.125,4141.855,4144.125
1781868900000,4144.175,4146.875,4144.035,4145.495
1781868960000,4145.475,4145.555,4144.315,4144.385
1781869020000,4144.445,4144.855,4143.005,4143.485
1781869080000,4143.525,4146.575,4143.525,4146.515
1781869140000,4146.535,4148.245,4146.125,4147.375
1781869200000,4147.315,4150.185,4147.315,4149.905
1781869260000,4149.815,4150.355,4148.755,4149.655
1781869320000,4149.645,4149.985,4148.055,4148.055
1781869380000,4148.075,4150.035,4148.035,4149.845
1781869440000,4149.825,4150.335,4149.275,4149.875
1781869500000,4149.855,4151.185,4149.855,4150.655
1781869560000,4150.655,4151.235,4150.235,4150.745
1781869620000,4150.785,4153.255,4150.725,4153.115
1781869680000,4153.155,4154.835,4152.565,4152.665
1781869740000,4152.645,4152.895,4152.065,4152.875
1781869800000,4152.895,4153.115,4152.085,4152.115
1781869860000,4151.665,4152.135,4150.835,4150.915
1781869920000,4150.945,4152.315,4150.265,4151.495
1781869980000,4151.505,4151.505,4149.935,4151.035
1781870040000,4150.945,4151.065,4149.345,4149.635
1781870100000,4149.685,4150.185,4148.415,4150.125
1781870160000,4150.185,4151.195,4149.845,4151.195
1781870220000,4151.025,4152.665,4150.955,4152.105
1781870280000,4152.105,4152.775,4151.325,4151.735
1781870340000,4151.695,4152.705,4151.085,4152.385
1781870400000,4152.395,4155.865,4152.105,4155.755
1781870460000,4155.695,4158.505,4155.255,4157.945
1781870520000,4157.875,4157.955,4156.225,4156.735
1781870580000,4156.675,4157.955,4156.445,4157.485
1781870640000,4157.415,4157.715,4156.725,4157.355
1781870700000,4157.275,4157.705,4153.425,4153.815
1781870760000,4153.775,4154.075,4152.605,4153.625
1781870820000,4153.745,4154.865,4153.415,4154.365
1781870880000,4154.495,4156.345,4154.495,4156.325
1781870940000,4156.365,4158.645,4156.175,4158.315
1781871000000,4158.285,4160.155,4158.075,4158.095
1781871060000,4158.055,4158.695,4157.715,4158.315
1781871120000,4158.065,4158.085,4156.808,4157.655
1781871180000,4157.515,4158.375,4157.505,4158.015
1781871240000,4157.995,4158.015,4155.505,4155.555
1781871300000,4155.675,4155.875,4154.215,4154.505
1781871360000,4154.835,4155.075,4153.955,4154.695
1781871420000,4154.685,4155.615,4154.315,4155.155
1781871480000,4155.145,4155.145,4152.505,4153.895
1781871540000,4153.955,4155.405,4153.835,4155.305
1781871600000,4155.215,4155.995,4153.405,4154.015
1781871660000,4154.065,4155.735,4153.895,4155.585
1781871720000,4155.495,4155.905,4154.325,4154.495
1781871780000,4154.495,4154.705,4152.855,4154.005
1781871840000,4154.015,4155.025,4153.415,4153.535
1781871900000,4153.515,4155.605,4153.285,4155.575
1781871960000,4155.525,4155.805,4153.495,4153.775
1781872020000,4153.725,4154.235,4151.095,4151.525
1781872080000,4151.515,4152.555,4151.485,4151.865
1781872140000,4152.185,4152.215,4151.115,4151.695
1781872200000,4151.595,4152.115,4149.165,4150.015
1781872260000,4150.195,4152.215,4150.195,4151.885
1781872320000,4151.915,4153.135,4151.515,4152.005
1781872380000,4152.125,4152.845,4150.865,4152.305
1781872440000,4152.265,4152.595,4151.905,4152.125
1781872500000,4152.185,4152.365,4150.375,4152.035
1781872560000,4152.115,4152.435,4151.345,4151.355
1781872620000,4151.345,4151.885,4147.995,4149.855
1781872680000,4149.705,4151.035,4149.085,4150.415
1781872740000,4150.465,4151.085,4148.665,4150.695
1781872800000,4150.755,4150.975,4149.035,4149.065
1781872860000,4149.085,4153.155,4148.635,4152.015
1781872920000,4152.015,4152.135,4150.805,4152.015
1781872980000,4152.045,4152.455,4150.575,4152.235
1781873040000,4152.185,4154.485,4151.955,4152.095
1781873100000,4152.095,4152.175,4151.205,4151.455
1781873160000,4151.525,4152.075,4150.945,4151.505
1781873220000,4151.465,4151.945,4147.895,4148.175
1781873280000,4148.395,4149.725,4147.025,4149.725
1781873340000,4149.705,4149.705,4148.655,4148.655
1781873400000,4148.725,4158.335,4148.715,4158.195
1781873460000,4157.985,4171.585,4157.765,4168.355
1781873520000,4168.345,4171.325,4164.805,4170.325
1781873580000,4170.425,4173.825,4169.095,4171.025
1781873640000,4171.095,4174.535,4170.765,4172.735
1781873700000,4172.695,4173.435,4169.375,4169.375
1781873760000,4169.525,4177.365,4169.465,4176.045
1781873820000,4175.955,4177.665,4174.765,4175.245
1781873880000,4175.285,4176.325,4173.515,4174.835
1781873940000,4174.835,4179.795,4174.835,4178.815
1781874000000,4178.815,4181.255,4177.855,4178.495
1781874060000,4178.365,4180.985,4175.665,4176.285
1781874120000,4176.315,4176.665,4172.355,4172.475
1781874180000,4172.505,4172.505,4164.115,4165.955
1781874240000,4166.005,4169.195,4164.675,4169.065
1781874300000,4168.905,4172.565,4168.398,4169.485
1781874360000,4169.515,4171.705,4168.735,4169.505
1781874420000,4169.535,4173.355,4169.195,4173.145
1781874480000,4173.105,4178.365,4173.105,4175.245
1781874540000,4175.305,4182.285,4175.265,4182.285
1781874600000,4182.215,4182.825,4177.815,4177.915
1781874660000,4177.865,4178.685,4173.365,4173.395
1781874720000,4173.435,4173.555,4170.485,4171.315
1781874780000,4171.205,4174.335,4171.045,4172.515
1781874840000,4172.515,4172.515,4169.535,4169.655
1781874900000,4169.655,4171.845,4166.845,4166.955
1781874960000,4167.035,4169.585,4167.035,4167.275
1781875020000,4167.305,4167.785,4164.495,4165.975
1781875080000,4165.945,4166.695,4165.665,4165.855
1781875140000,4165.785,4166.275,4163.315,4164.375
1781875200000,4164.455,4165.635,4163.725,4163.765
1781875260000,4163.755,4165.945,4161.655,4165.255
1781875320000,4165.005,4166.335,4164.195,4165.305
1781875380000,4165.275,4165.865,4164.095,4164.885
1781875440000,4164.895,4166.225,4164.805,4165.955
1781875500000,4165.695,4165.945,4163.785,4163.965
1781875560000,4163.845,4166.485,4163.745,4166.195
1781875620000,4166.105,4166.225,4162.255,4165.285
1781875680000,4165.275,4166.245,4163.475,4163.545
1781875740000,4164.028,4164.495,4163.105,4163.725
1781875800000,4163.675,4168.055,4163.675,4165.845
1781875860000,4166.265,4166.275,4163.805,4164.105
1781875920000,4164.125,4165.535,4163.495,4163.905
1781875980000,4163.965,4164.135,4162.315,4162.835
1781876040000,4162.895,4164.13,4162.545,4162.655
1781876100000,4162.785,4164.885,4161.685,4163.365
1781876160000,4163.355,4163.385,4161.395,4161.515
1781876220000,4161.495,4162.135,4159.875,4160.075
1781876280000,4160.095,4163.485,4159.575,4162.515
1781876340000,4162.515,4163.555,4161.415,4162.885
1781876400000,4162.785,4164.335,4161.235,4162.535
1781876460000,4162.395,4162.925,4160.625,4161.555
1781876520000,4161.565,4162.155,4159.825,4160.945
1781876580000,4160.965,4161.685,4159.915,4159.945
1781876640000,4160.105,4160.335,4157.565,4158.355
1781876700000,4158.245,4158.625,4157.295,4157.775
1781876760000,4157.875,4160.345,4157.875,4160.295
1781876820000,4160.245,4160.765,4158.618,4159.175
1781876880000,4159.135,4159.135,4154.475,4154.725
1781876940000,4154.845,4156.725,4154.845,4156.625
1781877000000,4156.655,4158.025,4155.488,4157.895
1781877060000,4157.915,4159.135,4157.705,4158.035
1781877120000,4157.985,4158.175,4156.535,4157.245
1781877180000,4157.245,4158.665,4156.525,4158.635
1781877240000,4158.675,4159.375,4157.715,4157.965
1781877300000,4157.935,4158.235,4156.815,4157.635
1781877360000,4157.595,4159.865,4155.845,4156.725
1781877420000,4156.625,4157.475,4155.115,4155.695
1781877480000,4155.685,4155.685,4153.345,4153.805
1781877540000,4153.815,4153.985,4150.305,4151.195
1781877600000,4151.165,4151.955,4147.815,4148.665
1781877660000,4148.635,4151.655,4148.495,4151.485
1781877720000,4151.495,4153.285,4151.115,4153.115
1781877780000,4153.035,4154.365,4150.155,4151.435
1781877840000,4151.525,4153.015,4150.645,4152.475
1781877900000,4152.555,4152.805,4150.785,4152.575
1781877960000,4152.535,4152.535,4150.305,4150.535
1781878020000,4150.465,4150.885,4148.975,4149.265
1781878080000,4149.315,4150.465,4148.475,4149.665
1781878140000,4149.465,4150.675,4149.175,4150.015
1781878200000,4150.045,4150.115,4147.985,4147.995
1781878260000,4148.125,4149.155,4148.125,4148.985
1781878320000,4148.965,4149.685,4148.765,4149.295
1781878380000,4149.275,4150.065,4148.125,4148.225
1781878440000,4148.235,4149.195,4147.548,4149.105
1781878500000,4149.185,4149.895,4147.265,4147.345
1781878560000,4147.355,4147.375,4145.345,4146.715
1781878620000,4146.705,4146.865,4145.195,4145.355
1781878680000,4145.325,4146.665,4143.825,4146.545
1781878740000,4146.525,4147.595,4145.435,4147.235
1781878800000,4147.235,4148.395,4145.995,4146.135
1781878860000,4146.235,4147.715,4145.045,4145.175
1781878920000,4145.195,4145.755,4143.995,4145.345
1781878980000,4145.385,4145.495,4144.015,4144.415
1781879040000,4144.355,4145.205,4143.475,4145.205
1781879100000,4145.375,4146.365,4145.345,4145.835
1781879160000,4145.805,4148.915,4145.805,4148.435
1781879220000,4148.315,4150.065,4148.155,4149.135
1781879280000,4149.055,4149.125,4147.695,4148.825
1781879340000,4148.745,4149.345,4147.645,4149.005
1781879400000,4148.955,4149.765,4147.578,4149.765
1781879460000,4149.765,4150.348,4147.875,4148.095
1781879520000,4148.115,4149.025,4146.825,4147.035
1781879580000,4146.935,4148.125,4146.935,4147.115
1781879640000,4147.045,4147.165,4145.635,4146.115
1781879700000,4146.165,4147.725,4145.795,4147.455
1781879760000,4147.535,4148.445,4146.845,4147.575
1781879820000,4147.445,4147.925,4146.235,4147.925
1781879880000,4147.985,4148.705,4147.355,4148.515
1781879940000,4148.485,4150.175,4147.845,4147.955
1781880000000,4147.975,4149.045,4147.245,4147.715
1781880060000,4147.195,4147.735,4145.545,4147.075
1781880120000,4147.215,4147.295,4145.735,4145.795
1781880180000,4145.785,4146.745,4144.615,4144.615
1781880240000,4144.585,4145.135,4142.905,4144.225
1781880300000,4144.305,4144.925,4143.375,4144.265
1781880360000,4144.335,4145.035,4142.455,4144.475
1781880420000,4144.425,4147.705,4143.705,4147.205
1781880480000,4147.195,4147.305,4145.275,4145.885
1781880540000,4145.715,4146.235,4144.915,4145.145
1781880600000,4145.105,4145.455,4144.005,4144.825
1781880660000,4144.805,4146.275,4144.705,4145.215
1781880720000,4145.305,4147.865,4144.955,4147.845
1781880780000,4147.865,4148.455,4145.765,4145.815
1781880840000,4145.735,4149.945,4145.365,4149.775
1781880900000,4149.685,4150.495,4147.995,4150.065
1781880960000,4149.955,4150.215,4149.065,4149.385
1781881020000,4149.255,4151.075,4148.625,4150.675
1781881080000,4150.445,4150.895,4148.198,4148.615
1781881140000,4148.555,4149.295,4147.715,4149.055
1781881200000,4149.195,4151.115,4147.825,4150.935
1781881260000,4150.835,4152.705,4150.125,4152.635
1781881320000,4152.535,4153.165,4149.775,4149.775
1781881380000,4149.658,4150.745,4149.205,4149.795
1781881440000,4149.755,4149.975,4148.435,4148.765
1781881500000,4148.765,4150.195,4147.895,4149.635
1781881560000,4149.785,4149.935,4148.625,4148.895
1781881620000,4148.925,4150.355,4148.785,4150.105
1781881680000,4150.135,4151.475,4149.775,4151.135
1781881740000,4150.965,4153.115,4150.935,4151.965
1781881800000,4152.035,4152.655,4151.025,4152.335
1781881860000,4152.325,4152.825,4149.455,4150.245
1781881920000,4150.275,4150.705,4149.335,4149.345
1781881980000,4149.535,4149.695,4148.325,4149.235
1781882040000,4149.475,4151.265,4149.425,4151.255
1781882100000,4151.255,4151.255,4149.498,4150.155
1781882160000,4150.225,4150.655,4149.545,4150.315
1781882220000,4150.265,4151.515,4150.265,4151.405
1781882280000,4151.395,4151.625,4150.405,4150.635
1781882340000,4150.595,4151.235,4149.675,4151.085
1781882400000,4151.165,4153.525,4151.025,4153.035
1781882460000,4152.965,4153.145,4152.035,4152.375
1781882520000,4152.415,4153.865,4152.115,4153.255
1781882580000,4153.325,4153.825,4152.195,4152.235
1781882640000,4152.275,4153.165,4152.275,4153.075
1781882700000,4153.055,4153.105,4151.655,4152.355
1781882760000,4152.265,4152.585,4151.515,4152.345
1781882820000,4152.285,4152.345,4151.565,4152.065
1781882880000,4152.015,4152.565,4151.535,4152.325
1781882940000,4152.345,4152.915,4150.505,4151.235
1781883000000,4151.355,4151.545,4149.745,4150.125
1781883060000,4151.225,4152.085,4149.745,4151.995
1781883120000,4152.045,4152.565,4151.625,4151.755
1781883180000,4151.735,4152.665,4151.275,4152.175
1781883240000,4152.145,4152.395,4150.705,4151.465
1781883300000,4151.435,4152.305,4151.025,4151.675
1781883360000,4151.675,4152.205,4151.085,4152.205
1781883420000,4152.255,4152.885,4150.245,4150.245
1781883480000,4150.205,4150.245,4148.635,4148.855
1781883540000,4148.895,4149.915,4148.565,4149.605
1781883600000,4149.665,4150.385,4148.845,4149.825
1781883660000,4149.745,4149.925,4149.205,4149.895
1781883720000,4149.945,4149.945,4147.835,4148.035
1781883780000,4148.015,4148.145,4147.465,4147.765
1781883840000,4147.835,4148.345,4147.455,4147.885
1781883900000,4147.895,4149.765,4147.895,4149.425
1781883960000,4149.465,4149.965,4149.225,4149.405
1781884020000,4149.295,4150.515,4149.285,4150.445
1781884080000,4150.525,4151.985,4149.895,4151.985
1781884140000,4152.055,4152.825,4151.425,4151.435
1781884200000,4151.375,4151.715,4150.945,4151.015
1781884260000,4150.975,4151.085,4150.575,4151.085
1781884320000,4151.115,4153.365,4151.115,4153.075
1781884380000,4153.105,4153.315,4152.215,4152.405
1781884440000,4152.315,4152.315,4149.505,4150.335
1781884500000,4150.355,4151.005,4150.105,4150.145
1781884560000,4149.885,4150.685,4149.505,4150.655
1781884620000,4150.805,4150.805,4150.025,4150.155
1781884680000,4150.185,4150.225,4149.925,4149.925
1781884740000,4150.165,4150.935,4150.165,4150.855
1781884800000,4150.845,4150.845,4148.745,4149.315
1781884860000,4149.275,4149.315,4148.295,4148.515
1781884920000,4148.445,4148.675,4146.895,4147.225
1781884980000,4147.275,4148.095,4146.875,4147.975
1781885040000,4147.975,4148.745,4146.525,4146.995
1781885100000,4147.035,4148.795,4147.035,4148.415
1781885160000,4148.445,4148.925,4148.285,4148.575
1781885220000,4148.785,4149.375,4147.985,4148.005
1781885280000,4148.145,4148.265,4146.925,4146.965
1781885340000,4146.935,4147.495,4145.645,4145.835
1781885400000,4145.855,4146.425,4145.325,4146.315
1781885460000,4146.345,4146.555,4145.205,4145.825
1781885520000,4145.855,4146.045,4144.565,4144.725
1781885580000,4144.815,4144.995,4144.335,4144.635
1781885640000,4144.655,4145.845,4144.655,4145.025
1781885700000,4145.065,4145.435,4144.555,4144.995
1781885760000,4144.965,4145.145,4144.675,4145.035
1781885820000,4145.035,4146.005,4144.785,4144.855
1781885880000,4144.885,4145.945,4144.495,4145.045
1781885940000,4145.095,4145.105,4144.615,4144.735
1781886000000,4144.765,4146.195,4144.078,4146.125
1781886060000,4146.085,4147.455,4145.715,4147.455
1781886120000,4147.455,4147.455,4146.975,4147.335
1781886180000,4147.565,4147.735,4146.445,4147.625
1781886240000,4147.655,4147.705,4146.095,4146.595
1781886300000,4146.635,4146.845,4146.475,4146.495
1781886360000,4146.565,4148.555,4146.485,4148.435
1781886420000,4148.455,4148.665,4148.195,4148.585
1781886480000,4148.575,4148.765,4148.265,4148.305
1781886540000,4148.305,4148.305,4146.745,4146.905
1781886600000,4146.875,4147.345,4146.875,4147.075
1781886660000,4147.045,4147.505,4147.025,4147.425
1781886720000,4147.475,4148.725,4147.475,4148.025
1781886780000,4147.985,4147.985,4147.145,4147.355
1781886840000,4147.315,4149.475,4147.225,4149.405
1781886900000,4149.475,4150.385,4149.178,4149.445
1781886960000,4149.375,4149.405,4148.295,4148.615
1781887020000,4148.715,4148.715,4147.515,4147.955
1781887080000,4148.045,4151.055,4147.995,4150.955
1781887140000,4150.925,4151.595,4150.425,4151.555
1781887200000,4151.385,4153.425,4151.335,4152.965
1781887260000,4152.885,4153.115,4151.425,4151.775
1781887320000,4151.815,4151.815,4150.445,4150.555
1781887380000,4150.575,4151.615,4150.575,4151.045
1781887440000,4151.075,4151.815,4151.075,4151.425
1781887500000,4151.595,4153.015,4151.055,4152.215
1781887560000,4151.985,4152.865,4151.605,4152.625
1781887620000,4152.655,4154.335,4152.475,4154.335
1781887680000,4154.255,4156.905,4153.805,4156.295
1781887740000,4156.275,4156.975,4155.875,4156.805
1781887800000,4156.865,4157.625,4156.175,4157.485
1781887860000,4157.435,4157.585,4156.395,4156.655
1781887920000,4156.675,4156.675,4153.005,4153.615
1781887980000,4153.585,4153.725,4151.845,4152.045
1781888040000,4152.205,4152.375,4150.985,4151.325
1781888100000,4151.375,4153.185,4150.945,4152.675
1781888160000,4152.705,4154.965,4151.745,4154.345
1781888220000,4154.315,4155.255,4153.755,4154.955
1781888280000,4154.955,4155.285,4153.515,4154.335
1781888340000,4154.335,4154.335,4154.335,4154.335
1781888400000,4154.335,4154.335,4154.335,4154.335
1781888460000,4154.335,4154.335,4154.335,4154.335
1781888520000,4154.335,4154.335,4154.335,4154.335
1781888580000,4154.335,4154.335,4154.335,4154.335
1781888640000,4154.335,4154.335,4154.335,4154.335
1781888700000,4154.335,4154.335,4154.335,4154.335
1781888760000,4154.335,4154.335,4154.335,4154.335
1781888820000,4154.335,4154.335,4154.335,4154.335
1781888880000,4154.335,4154.335,4154.335,4154.335
1781888940000,4154.335,4154.335,4154.335,4154.335
1781889000000,4154.335,4154.335,4154.335,4154.335
1781889060000,4154.335,4154.335,4154.335,4154.335
1781889120000,4154.335,4154.335,4154.335,4154.335
1781889180000,4154.335,4154.335,4154.335,4154.335
1781889240000,4154.335,4154.335,4154.335,4154.335
1781889300000,4154.335,4154.335,4154.335,4154.335
1781889360000,4154.335,4154.335,4154.335,4154.335
1781889420000,4154.335,4154.335,4154.335,4154.335
1781889480000,4154.335,4154.335,4154.335,4154.335
1781889540000,4154.335,4154.335,4154.335,4154.335
1781889600000,4154.335,4154.335,4154.335,4154.335
1781889660000,4154.335,4154.335,4154.335,4154.335
1781889720000,4154.335,4154.335,4154.335,4154.335
1781889780000,4154.335,4154.335,4154.335,4154.335
1781889840000,4154.335,4154.335,4154.335,4154.335
1781889900000,4154.335,4154.335,4154.335,4154.335
1781889960000,4154.335,4154.335,4154.335,4154.335
1781890020000,4154.335,4154.335,4154.335,4154.335
1781890080000,4154.335,4154.335,4154.335,4154.335
1781890140000,4154.335,4154.335,4154.335,4154.335
1781890200000,4154.335,4154.335,4154.335,4154.335
1781890260000,4154.335,4154.335,4154.335,4154.335
1781890320000,4154.335,4154.335,4154.335,4154.335
1781890380000,4154.335,4154.335,4154.335,4154.335
1781890440000,4154.335,4154.335,4154.335,4154.335
1781890500000,4154.335,4154.335,4154.335,4154.335
1781890560000,4154.335,4154.335,4154.335,4154.335
1781890620000,4154.335,4154.335,4154.335,4154.335
1781890680000,4154.335,4154.335,4154.335,4154.335
1781890740000,4154.335,4154.335,4154.335,4154.335
1781890800000,4154.335,4154.335,4154.335,4154.335
1781890860000,4154.335,4154.335,4154.335,4154.335
1781890920000,4154.335,4154.335,4154.335,4154.335
1781890980000,4154.335,4154.335,4154.335,4154.335
1781891040000,4154.335,4154.335,4154.335,4154.335
1781891100000,4154.335,4154.335,4154.335,4154.335
1781891160000,4154.335,4154.335,4154.335,4154.335
1781891220000,4154.335,4154.335,4154.335,4154.335
1781891280000,4154.335,4154.335,4154.335,4154.335
1781891340000,4154.335,4154.335,4154.335,4154.335
1781891400000,4154.335,4154.335,4154.335,4154.335
1781891460000,4154.335,4154.335,4154.335,4154.335
1781891520000,4154.335,4154.335,4154.335,4154.335
1781891580000,4154.335,4154.335,4154.335,4154.335
1781891640000,4154.335,4154.335,4154.335,4154.335
1781891700000,4154.335,4154.335,4154.335,4154.335
1781891760000,4154.335,4154.335,4154.335,4154.335
1781891820000,4154.335,4154.335,4154.335,4154.335
1781891880000,4154.335,4154.335,4154.335,4154.335
1781891940000,4154.335,4154.335,4154.335,4154.335
1781892000000,4154.335,4154.335,4154.335,4154.335
1781892060000,4154.335,4154.335,4154.335,4154.335
1781892120000,4154.335,4154.335,4154.335,4154.335
1781892180000,4154.335,4154.335,4154.335,4154.335
1781892240000,4154.335,4154.335,4154.335,4154.335
1781892300000,4154.335,4154.335,4154.335,4154.335
1781892360000,4154.335,4154.335,4154.335,4154.335
1781892420000,4154.335,4154.335,4154.335,4154.335
1781892480000,4154.335,4154.335,4154.335,4154.335
1781892540000,4154.335,4154.335,4154.335,4154.335
1781892600000,4154.335,4154.335,4154.335,4154.335
1781892660000,4154.335,4154.335,4154.335,4154.335
1781892720000,4154.335,4154.335,4154.335,4154.335
1781892780000,4154.335,4154.335,4154.335,4154.335
1781892840000,4154.335,4154.335,4154.335,4154.335
1781892900000,4154.335,4154.335,4154.335,4154.335
1781892960000,4154.335,4154.335,4154.335,4154.335
1781893020000,4154.335,4154.335,4154.335,4154.335
1781893080000,4154.335,4154.335,4154.335,4154.335
1781893140000,4154.335,4154.335,4154.335,4154.335
1781893200000,4154.335,4154.335,4154.335,4154.335
1781893260000,4154.335,4154.335,4154.335,4154.335
1781893320000,4154.335,4154.335,4154.335,4154.335
1781893380000,4154.335,4154.335,4154.335,4154.335
1781893440000,4154.335,4154.335,4154.335,4154.335
1781893500000,4154.335,4154.335,4154.335,4154.335
1781893560000,4154.335,4154.335,4154.335,4154.335
1781893620000,4154.335,4154.335,4154.335,4154.335
1781893680000,4154.335,4154.335,4154.335,4154.335
1781893740000,4154.335,4154.335,4154.335,4154.335
1781893800000,4154.335,4154.335,4154.335,4154.335
1781893860000,4154.335,4154.335,4154.335,4154.335
1781893920000,4154.335,4154.335,4154.335,4154.335
1781893980000,4154.335,4154.335,4154.335,4154.335
1781894040000,4154.335,4154.335,4154.335,4154.335
1781894100000,4154.335,4154.335,4154.335,4154.335
1781894160000,4154.335,4154.335,4154.335,4154.335
1781894220000,4154.335,4154.335,4154.335,4154.335
1781894280000,4154.335,4154.335,4154.335,4154.335
1781894340000,4154.335,4154.335,4154.335,4154.335
1781894400000,4154.335,4154.335,4154.335,4154.335
1781894460000,4154.335,4154.335,4154.335,4154.335
1781894520000,4154.335,4154.335,4154.335,4154.335
1781894580000,4154.335,4154.335,4154.335,4154.335
1781894640000,4154.335,4154.335,4154.335,4154.335
1781894700000,4154.335,4154.335,4154.335,4154.335
1781894760000,4154.335,4154.335,4154.335,4154.335
1781894820000,4154.335,4154.335,4154.335,4154.335
1781894880000,4154.335,4154.335,4154.335,4154.335
1781894940000,4154.335,4154.335,4154.335,4154.335
1781895000000,4154.335,4154.335,4154.335,4154.335
1781895060000,4154.335,4154.335,4154.335,4154.335
1781895120000,4154.335,4154.335,4154.335,4154.335
1781895180000,4154.335,4154.335,4154.335,4154.335
1781895240000,4154.335,4154.335,4154.335,4154.335
1781895300000,4154.335,4154.335,4154.335,4154.335
1781895360000,4154.335,4154.335,4154.335,4154.335
1781895420000,4154.335,4154.335,4154.335,4154.335
1781895480000,4154.335,4154.335,4154.335,4154.335
1781895540000,4154.335,4154.335,4154.335,4154.335
1781895600000,4154.335,4154.335,4154.335,4154.335
1781895660000,4154.335,4154.335,4154.335,4154.335
1781895720000,4154.335,4154.335,4154.335,4154.335
1781895780000,4154.335,4154.335,4154.335,4154.335
1781895840000,4154.335,4154.335,4154.335,4154.335
1781895900000,4154.335,4154.335,4154.335,4154.335
1781895960000,4154.335,4154.335,4154.335,4154.335
1781896020000,4154.335,4154.335,4154.335,4154.335
1781896080000,4154.335,4154.335,4154.335,4154.335
1781896140000,4154.335,4154.335,4154.335,4154.335
1781896200000,4154.335,4154.335,4154.335,4154.335
1781896260000,4154.335,4154.335,4154.335,4154.335
1781896320000,4154.335,4154.335,4154.335,4154.335
1781896380000,4154.335,4154.335,4154.335,4154.335
1781896440000,4154.335,4154.335,4154.335,4154.335
1781896500000,4154.335,4154.335,4154.335,4154.335
1781896560000,4154.335,4154.335,4154.335,4154.335
1781896620000,4154.335,4154.335,4154.335,4154.335
1781896680000,4154.335,4154.335,4154.335,4154.335
1781896740000,4154.335,4154.335,4154.335,4154.335
1781896800000,4154.335,4154.335,4154.335,4154.335
1781896860000,4154.335,4154.335,4154.335,4154.335
1781896920000,4154.335,4154.335,4154.335,4154.335
1781896980000,4154.335,4154.335,4154.335,4154.335
1781897040000,4154.335,4154.335,4154.335,4154.335
1781897100000,4154.335,4154.335,4154.335,4154.335
1781897160000,4154.335,4154.335,4154.335,4154.335
1781897220000,4154.335,4154.335,4154.335,4154.335
1781897280000,4154.335,4154.335,4154.335,4154.335
1781897340000,4154.335,4154.335,4154.335,4154.335
1781897400000,4154.335,4154.335,4154.335,4154.335
1781897460000,4154.335,4154.335,4154.335,4154.335
1781897520000,4154.335,4154.335,4154.335,4154.335
1781897580000,4154.335,4154.335,4154.335,4154.335
1781897640000,4154.335,4154.335,4154.335,4154.335
1781897700000,4154.335,4154.335,4154.335,4154.335
1781897760000,4154.335,4154.335,4154.335,4154.335
1781897820000,4154.335,4154.335,4154.335,4154.335
1781897880000,4154.335,4154.335,4154.335,4154.335
1781897940000,4154.335,4154.335,4154.335,4154.335
1781898000000,4154.335,4154.335,4154.335,4154.335
1781898060000,4154.335,4154.335,4154.335,4154.335
1781898120000,4154.335,4154.335,4154.335,4154.335
1781898180000,4154.335,4154.335,4154.335,4154.335
1781898240000,4154.335,4154.335,4154.335,4154.335
1781898300000,4154.335,4154.335,4154.335,4154.335
1781898360000,4154.335,4154.335,4154.335,4154.335
1781898420000,4154.335,4154.335,4154.335,4154.335
1781898480000,4154.335,4154.335,4154.335,4154.335
1781898540000,4154.335,4154.335,4154.335,4154.335
1781898600000,4154.335,4154.335,4154.335,4154.335
1781898660000,4154.335,4154.335,4154.335,4154.335
1781898720000,4154.335,4154.335,4154.335,4154.335
1781898780000,4154.335,4154.335,4154.335,4154.335
1781898840000,4154.335,4154.335,4154.335,4154.335
1781898900000,4154.335,4154.335,4154.335,4154.335
1781898960000,4154.335,4154.335,4154.335,4154.335
1781899020000,4154.335,4154.335,4154.335,4154.335
1781899080000,4154.335,4154.335,4154.335,4154.335
1781899140000,4154.335,4154.335,4154.335,4154.335
1781899200000,4154.335,4154.335,4154.335,4154.335
1781899260000,4154.335,4154.335,4154.335,4154.335
1781899320000,4154.335,4154.335,4154.335,4154.335
1781899380000,4154.335,4154.335,4154.335,4154.335
1781899440000,4154.335,4154.335,4154.335,4154.335
1781899500000,4154.335,4154.335,4154.335,4154.335
1781899560000,4154.335,4154.335,4154.335,4154.335
1781899620000,4154.335,4154.335,4154.335,4154.335
1781899680000,4154.335,4154.335,4154.335,4154.335
1781899740000,4154.335,4154.335,4154.335,4154.335
1781899800000,4154.335,4154.335,4154.335,4154.335
1781899860000,4154.335,4154.335,4154.335,4154.335
1781899920000,4154.335,4154.335,4154.335,4154.335
1781899980000,4154.335,4154.335,4154.335,4154.335
1781900040000,4154.335,4154.335,4154.335,4154.335
1781900100000,4154.335,4154.335,4154.335,4154.335
1781900160000,4154.335,4154.335,4154.335,4154.335
1781900220000,4154.335,4154.335,4154.335,4154.335
1781900280000,4154.335,4154.335,4154.335,4154.335
1781900340000,4154.335,4154.335,4154.335,4154.335
1781900400000,4154.335,4154.335,4154.335,4154.335
1781900460000,4154.335,4154.335,4154.335,4154.335
1781900520000,4154.335,4154.335,4154.335,4154.335
1781900580000,4154.335,4154.335,4154.335,4154.335
1781900640000,4154.335,4154.335,4154.335,4154.335
1781900700000,4154.335,4154.335,4154.335,4154.335
1781900760000,4154.335,4154.335,4154.335,4154.335
1781900820000,4154.335,4154.335,4154.335,4154.335
1781900880000,4154.335,4154.335,4154.335,4154.335
1781900940000,4154.335,4154.335,4154.335,4154.335
1781901000000,4154.335,4154.335,4154.335,4154.335
1781901060000,4154.335,4154.335,4154.335,4154.335
1781901120000,4154.335,4154.335,4154.335,4154.335
1781901180000,4154.335,4154.335,4154.335,4154.335
1781901240000,4154.335,4154.335,4154.335,4154.335
1781901300000,4154.335,4154.335,4154.335,4154.335
1781901360000,4154.335,4154.335,4154.335,4154.335
1781901420000,4154.335,4154.335,4154.335,4154.335
1781901480000,4154.335,4154.335,4154.335,4154.335
1781901540000,4154.335,4154.335,4154.335,4154.335
1781901600000,4154.335,4154.335,4154.335,4154.335
1781901660000,4154.335,4154.335,4154.335,4154.335
1781901720000,4154.335,4154.335,4154.335,4154.335
1781901780000,4154.335,4154.335,4154.335,4154.335
1781901840000,4154.335,4154.335,4154.335,4154.335
1781901900000,4154.335,4154.335,4154.335,4154.335
1781901960000,4154.335,4154.335,4154.335,4154.335
1781902020000,4154.335,4154.335,4154.335,4154.335
1781902080000,4154.335,4154.335,4154.335,4154.335
1781902140000,4154.335,4154.335,4154.335,4154.335
1781902200000,4154.335,4154.335,4154.335,4154.335
1781902260000,4154.335,4154.335,4154.335,4154.335
1781902320000,4154.335,4154.335,4154.335,4154.335
1781902380000,4154.335,4154.335,4154.335,4154.335
1781902440000,4154.335,4154.335,4154.335,4154.335
1781902500000,4154.335,4154.335,4154.335,4154.335
1781902560000,4154.335,4154.335,4154.335,4154.335
1781902620000,4154.335,4154.335,4154.335,4154.335
1781902680000,4154.335,4154.335,4154.335,4154.335
1781902740000,4154.335,4154.335,4154.335,4154.335
1781902800000,4154.335,4154.335,4154.335,4154.335
1781902860000,4154.335,4154.335,4154.335,4154.335
1781902920000,4154.335,4154.335,4154.335,4154.335
1781902980000,4154.335,4154.335,4154.335,4154.335
1781903040000,4154.335,4154.335,4154.335,4154.335
1781903100000,4154.335,4154.335,4154.335,4154.335
1781903160000,4154.335,4154.335,4154.335,4154.335
1781903220000,4154.335,4154.335,4154.335,4154.335
1781903280000,4154.335,4154.335,4154.335,4154.335
1781903340000,4154.335,4154.335,4154.335,4154.335
1781903400000,4154.335,4154.335,4154.335,4154.335
1781903460000,4154.335,4154.335,4154.335,4154.335
1781903520000,4154.335,4154.335,4154.335,4154.335
1781903580000,4154.335,4154.335,4154.335,4154.335
1781903640000,4154.335,4154.335,4154.335,4154.335
1781903700000,4154.335,4154.335,4154.335,4154.335
1781903760000,4154.335,4154.335,4154.335,4154.335
1781903820000,4154.335,4154.335,4154.335,4154.335
1781903880000,4154.335,4154.335,4154.335,4154.335
1781903940000,4154.335,4154.335,4154.335,4154.335
1781904000000,4154.335,4154.335,4154.335,4154.335
1781904060000,4154.335,4154.335,4154.335,4154.335
1781904120000,4154.335,4154.335,4154.335,4154.335
1781904180000,4154.335,4154.335,4154.335,4154.335
1781904240000,4154.335,4154.335,4154.335,4154.335
1781904300000,4154.335,4154.335,4154.335,4154.335
1781904360000,4154.335,4154.335,4154.335,4154.335
1781904420000,4154.335,4154.335,4154.335,4154.335
1781904480000,4154.335,4154.335,4154.335,4154.335
1781904540000,4154.335,4154.335,4154.335,4154.335
1781904600000,4154.335,4154.335,4154.335,4154.335
1781904660000,4154.335,4154.335,4154.335,4154.335
1781904720000,4154.335,4154.335,4154.335,4154.335
1781904780000,4154.335,4154.335,4154.335,4154.335
1781904840000,4154.335,4154.335,4154.335,4154.335
1781904900000,4154.335,4154.335,4154.335,4154.335
1781904960000,4154.335,4154.335,4154.335,4154.335
1781905020000,4154.335,4154.335,4154.335,4154.335
1781905080000,4154.335,4154.335,4154.335,4154.335
1781905140000,4154.335,4154.335,4154.335,4154.335
1781905200000,4154.335,4154.335,4154.335,4154.335
1781905260000,4154.335,4154.335,4154.335,4154.335
1781905320000,4154.335,4154.335,4154.335,4154.335
1781905380000,4154.335,4154.335,4154.335,4154.335
1781905440000,4154.335,4154.335,4154.335,4154.335
1781905500000,4154.335,4154.335,4154.335,4154.335
1781905560000,4154.335,4154.335,4154.335,4154.335
1781905620000,4154.335,4154.335,4154.335,4154.335
1781905680000,4154.335,4154.335,4154.335,4154.335
1781905740000,4154.335,4154.335,4154.335,4154.335
1781905800000,4154.335,4154.335,4154.335,4154.335
1781905860000,4154.335,4154.335,4154.335,4154.335
1781905920000,4154.335,4154.335,4154.335,4154.335
1781905980000,4154.335,4154.335,4154.335,4154.335
1781906040000,4154.335,4154.335,4154.335,4154.335
1781906100000,4154.335,4154.335,4154.335,4154.335
1781906160000,4154.335,4154.335,4154.335,4154.335
1781906220000,4154.335,4154.335,4154.335,4154.335
1781906280000,4154.335,4154.335,4154.335,4154.335
1781906340000,4154.335,4154.335,4154.335,4154.335
1781906400000,4154.335,4154.335,4154.335,4154.335
1781906460000,4154.335,4154.335,4154.335,4154.335
1781906520000,4154.335,4154.335,4154.335,4154.335
1781906580000,4154.335,4154.335,4154.335,4154.335
1781906640000,4154.335,4154.335,4154.335,4154.335
1781906700000,4154.335,4154.335,4154.335,4154.335
1781906760000,4154.335,4154.335,4154.335,4154.335
1781906820000,4154.335,4154.335,4154.335,4154.335
1781906880000,4154.335,4154.335,4154.335,4154.335
1781906940000,4154.335,4154.335,4154.335,4154.335
1781907000000,4154.335,4154.335,4154.335,4154.335
1781907060000,4154.335,4154.335,4154.335,4154.335
1781907120000,4154.335,4154.335,4154.335,4154.335
1781907180000,4154.335,4154.335,4154.335,4154.335
1781907240000,4154.335,4154.335,4154.335,4154.335
1781907300000,4154.335,4154.335,4154.335,4154.335
1781907360000,4154.335,4154.335,4154.335,4154.335
1781907420000,4154.335,4154.335,4154.335,4154.335
1781907480000,4154.335,4154.335,4154.335,4154.335
1781907540000,4154.335,4154.335,4154.335,4154.335
1781907600000,4154.335,4154.335,4154.335,4154.335
1781907660000,4154.335,4154.335,4154.335,4154.335
1781907720000,4154.335,4154.335,4154.335,4154.335
1781907780000,4154.335,4154.335,4154.335,4154.335
1781907840000,4154.335,4154.335,4154.335,4154.335
1781907900000,4154.335,4154.335,4154.335,4154.335
1781907960000,4154.335,4154.335,4154.335,4154.335
1781908020000,4154.335,4154.335,4154.335,4154.335
1781908080000,4154.335,4154.335,4154.335,4154.335
1781908140000,4154.335,4154.335,4154.335,4154.335
1781908200000,4154.335,4154.335,4154.335,4154.335
1781908260000,4154.335,4154.335,4154.335,4154.335
1781908320000,4154.335,4154.335,4154.335,4154.335
1781908380000,4154.335,4154.335,4154.335,4154.335
1781908440000,4154.335,4154.335,4154.335,4154.335
1781908500000,4154.335,4154.335,4154.335,4154.335
1781908560000,4154.335,4154.335,4154.335,4154.335
1781908620000,4154.335,4154.335,4154.335,4154.335
1781908680000,4154.335,4154.335,4154.335,4154.335
1781908740000,4154.335,4154.335,4154.335,4154.335
1781908800000,4154.335,4154.335,4154.335,4154.335
1781908860000,4154.335,4154.335,4154.335,4154.335
1781908920000,4154.335,4154.335,4154.335,4154.335
1781908980000,4154.335,4154.335,4154.335,4154.335
1781909040000,4154.335,4154.335,4154.335,4154.335
1781909100000,4154.335,4154.335,4154.335,4154.335
1781909160000,4154.335,4154.335,4154.335,4154.335
1781909220000,4154.335,4154.335,4154.335,4154.335
1781909280000,4154.335,4154.335,4154.335,4154.335
1781909340000,4154.335,4154.335,4154.335,4154.335
1781909400000,4154.335,4154.335,4154.335,4154.335
1781909460000,4154.335,4154.335,4154.335,4154.335
1781909520000,4154.335,4154.335,4154.335,4154.335
1781909580000,4154.335,4154.335,4154.335,4154.335
1781909640000,4154.335,4154.335,4154.335,4154.335
1781909700000,4154.335,4154.335,4154.335,4154.335
1781909760000,4154.335,4154.335,4154.335,4154.335
1781909820000,4154.335,4154.335,4154.335,4154.335
1781909880000,4154.335,4154.335,4154.335,4154.335
1781909940000,4154.335,4154.335,4154.335,4154.335
1781910000000,4154.335,4154.335,4154.335,4154.335
1781910060000,4154.335,4154.335,4154.335,4154.335
1781910120000,4154.335,4154.335,4154.335,4154.335
1781910180000,4154.335,4154.335,4154.335,4154.335
1781910240000,4154.335,4154.335,4154.335,4154.335
1781910300000,4154.335,4154.335,4154.335,4154.335
1781910360000,4154.335,4154.335,4154.335,4154.335
1781910420000,4154.335,4154.335,4154.335,4154.335
1781910480000,4154.335,4154.335,4154.335,4154.335
1781910540000,4154.335,4154.335,4154.335,4154.335
1781910600000,4154.335,4154.335,4154.335,4154.335
1781910660000,4154.335,4154.335,4154.335,4154.335
1781910720000,4154.335,4154.335,4154.335,4154.335
1781910780000,4154.335,4154.335,4154.335,4154.335
1781910840000,4154.335,4154.335,4154.335,4154.335
1781910900000,4154.335,4154.335,4154.335,4154.335
1781910960000,4154.335,4154.335,4154.335,4154.335
1781911020000,4154.335,4154.335,4154.335,4154.335
1781911080000,4154.335,4154.335,4154.335,4154.335
1781911140000,4154.335,4154.335,4154.335,4154.335
1781911200000,4154.335,4154.335,4154.335,4154.335
1781911260000,4154.335,4154.335,4154.335,4154.335
1781911320000,4154.335,4154.335,4154.335,4154.335
1781911380000,4154.335,4154.335,4154.335,4154.335
1781911440000,4154.335,4154.335,4154.335,4154.335
1781911500000,4154.335,4154.335,4154.335,4154.335
1781911560000,4154.335,4154.335,4154.335,4154.335
1781911620000,4154.335,4154.335,4154.335,4154.335
1781911680000,4154.335,4154.335,4154.335,4154.335
1781911740000,4154.335,4154.335,4154.335,4154.335
1781911800000,4154.335,4154.335,4154.335,4154.335
1781911860000,4154.335,4154.335,4154.335,4154.335
1781911920000,4154.335,4154.335,4154.335,4154.335
1781911980000,4154.335,4154.335,4154.335,4154.335
1781912040000,4154.335,4154.335,4154.335,4154.335
1781912100000,4154.335,4154.335,4154.335,4154.335
1781912160000,4154.335,4154.335,4154.335,4154.335
1781912220000,4154.335,4154.335,4154.335,4154.335
1781912280000,4154.335,4154.335,4154.335,4154.335
1781912340000,4154.335,4154.335,4154.335,4154.335
1781912400000,4154.335,4154.335,4154.335,4154.335
1781912460000,4154.335,4154.335,4154.335,4154.335
1781912520000,4154.335,4154.335,4154.335,4154.335
1781912580000,4154.335,4154.335,4154.335,4154.335
1781912640000,4154.335,4154.335,4154.335,4154.335
1781912700000,4154.335,4154.335,4154.335,4154.335
1781912760000,4154.335,4154.335,4154.335,4154.335
1781912820000,4154.335,4154.335,4154.335,4154.335
1781912880000,4154.335,4154.335,4154.335,4154.335
1781912940000,4154.335,4154.335,4154.335,4154.335
1781913000000,4154.335,4154.335,4154.335,4154.335
1781913060000,4154.335,4154.335,4154.335,4154.335
1781913120000,4154.335,4154.335,4154.335,4154.335
1781913180000,4154.335,4154.335,4154.335,4154.335
1781913240000,4154.335,4154.335,4154.335,4154.335
1781913300000,4154.335,4154.335,4154.335,4154.335
1781913360000,4154.335,4154.335,4154.335,4154.335
1781913420000,4154.335,4154.335,4154.335,4154.335
1781913480000,4154.335,4154.335,4154.335,4154.335
1781913540000,4154.335,4154.335,4154.335,4154.335
1782259200000,4098.955,4099.555,4094.135,4099.365
1782259260000,4099.285,4104.555,4097.105,4103.665
1782259320000,4103.635,4104.885,4101.925,4101.925
1782259380000,4101.945,4103.145,4100.688,4102.895
1782259440000,4102.935,4104.345,4101.325,4102.115
1782259500000,4102.175,4103.475,4100.825,4101.005
1782259560000,4100.975,4105.335,4100.895,4105.095
1782259620000,4105.075,4110.135,4103.735,4109.615
1782259680000,4109.655,4111.965,4108.895,4109.345
1782259740000,4109.285,4111.615,4108.495,4109.965
1782259800000,4110.615,4111.265,4109.445,4110.465
1782259860000,4110.415,4110.475,4107.885,4109.745
1782259920000,4109.765,4110.755,4107.995,4109.135
1782259980000,4109.215,4109.265,4105.615,4105.615
1782260040000,4105.595,4107.165,4104.365,4107.005
1782260100000,4106.918,4109.205,4106.755,4108.265
1782260160000,4108.135,4109.045,4106.475,4107.395
1782260220000,4107.455,4108.805,4104.455,4105.195
1782260280000,4105.265,4107.615,4103.795,4105.285
1782260340000,4105.215,4105.215,4103.005,4103.585
1782260400000,4103.605,4104.235,4101.345,4103.385
1782260460000,4103.345,4104.155,4101.535,4101.555
1782260520000,4101.605,4103.105,4100.575,4101.305
1782260580000,4101.335,4102.795,4100.775,4100.975
1782260640000,4100.845,4101.165,4095.965,4096.045
1782260700000,4096.255,4096.295,4093.375,4094.485
1782260760000,4094.085,4096.515,4093.475,4096.115
1782260820000,4095.865,4097.705,4095.035,4095.605
1782260880000,4095.685,4097.595,4093.615,4097.465
1782260940000,4097.445,4100.025,4097.185,4099.475
1782261000000,4099.385,4100.075,4097.785,4098.395
1782261060000,4098.365,4099.165,4096.805,4098.975
1782261120000,4098.825,4100.005,4098.205,4098.225
1782261180000,4098.125,4098.855,4096.535,4096.815
1782261240000,4096.835,4097.005,4094.495,4096.655
1782261300000,4096.635,4097.275,4095.945,4097.105
1782261360000,4097.075,4097.845,4096.695,4097.038
1782261420000,4096.995,4097.085,4094.318,4095.515
1782261480000,4095.645,4096.435,4094.105,4095.695
1782261540000,4095.945,4097.495,4095.215,4096.595
1782261600000,4096.545,4096.595,4095.085,4095.975
1782261660000,4095.955,4095.985,4094.125,4094.185
1782261720000,4094.125,4095.585,4093.655,4095.065
1782261780000,4095.035,4096.705,4095.015,4095.835
1782261840000,4095.765,4096.515,4094.765,4094.965
1782261900000,4094.945,4096.465,4094.315,4095.325
1782261960000,4095.355,4099.345,4095.275,4098.795
1782262020000,4098.855,4099.595,4097.495,4097.665
1782262080000,4097.645,4099.565,4097.085,4099.395
1782262140000,4099.365,4099.635,4098.305,4098.435
1782262200000,4098.405,4098.415,4096.355,4098.185
1782262260000,4098.115,4099.715,4096.815,4098.085
1782262320000,4098.115,4098.115,4095.905,4095.975
1782262380000,4096.015,4096.915,4095.485,4096.875
1782262440000,4096.815,4097.385,4094.168,4095.795
1782262500000,4095.745,4096.845,4094.185,4096.225
1782262560000,4096.258,4096.915,4094.665,4094.675
1782262620000,4094.725,4096.515,4093.928,4096.185
1782262680000,4096.165,4096.355,4094.265,4094.675
1782262740000,4094.655,4098.755,4094.655,4097.055
1782262800000,4097.075,4097.635,4090.135,4091.245
1782262860000,4091.335,4092.175,4085.825,4086.055
1782262920000,4086.035,4086.435,4082.105,4085.695
1782262980000,4085.705,4086.075,4071.655,4072.458
1782263040000,4072.475,4075.445,4069.015,4073.315
1782263100000,4073.285,4075.695,4069.495,4069.675
1782263160000,4069.545,4070.475,4068.255,4069.035
1782263220000,4069.015,4079.095,4069.015,4078.885
1782263280000,4078.975,4082.805,4078.755,4078.755
1782263340000,4078.715,4080.795,4075.445,4077.015
1782263400000,4077.035,4081.555,4076.925,4080.285
1782263460000,4080.265,4084.005,4078.865,4082.815
1782263520000,4082.785,4091.595,4082.785,4090.275
1782263580000,4090.535,4090.535,4087.055,4088.558
1782263640000,4088.568,4090.985,4086.496,4089.425
1782263700000,4089.455,4090.765,4087.245,4089.375
1782263760000,4089.355,4089.595,4085.845,4086.478
1782263820000,4086.485,4088.908,4084.728,4086.305
1782263880000,4086.475,4087.978,4084.665,4084.855
1782263940000,4084.925,4088.468,4084.925,4088.135
1782264000000,4088.295,4090.095,4085.975,4087.805
1782264060000,4087.775,4089.805,4087.515,4088.545
1782264120000,4088.505,4089.625,4083.245,4084.295
1782264180000,4084.235,4086.505,4083.775,4083.895
1782264240000,4083.935,4088.035,4083.825,4087.955
1782264300000,4087.935,4100.765,4087.935,4095.325
1782264360000,4095.325,4096.525,4093.265,4095.335
1782264420000,4095.265,4095.265,4091.818,4093.735
1782264480000,4093.765,4096.825,4092.635,4096.655
1782264540000,4096.425,4098.235,4094.055,4098.165
1782264600000,4098.115,4102.015,4096.185,4100.075
1782264660000,4099.945,4099.985,4093.125,4094.795
1782264720000,4094.645,4098.075,4093.745,4098.005
1782264780000,4098.005,4100.335,4096.825,4098.365
1782264840000,4098.345,4099.165,4097.195,4098.125
1782264900000,4097.995,4099.065,4094.625,4096.345
1782264960000,4096.345,4097.365,4095.025,4095.485
1782265020000,4095.545,4097.038,4094.445,4094.925
1782265080000,4094.995,4094.995,4092.605,4094.175
1782265140000,4094.305,4095.285,4093.788,4094.885
1782265200000,4094.908,4096.655,4091.725,4091.935
1782265260000,4091.965,4095.825,4091.665,4095.755
1782265320000,4095.785,4096.148,4093.585,4096.148
1782265380000,4096.148,4098.335,4092.775,4093.095
1782265440000,4093.015,4094.235,4091.605,4092.595
1782265500000,4092.645,4092.865,4089.445,4090.725
1782265560000,4090.725,4091.455,4087.935,4088.135
1782265620000,4088.215,4088.705,4085.515,4088.335
1782265680000,4088.408,4089.875,4087.425,4087.665
1782265740000,4087.635,4089.178,4085.765,4085.805
1782265800000,4085.805,4086.715,4083.365,4086.705
1782265860000,4087.205,4087.645,4082.875,4083.065
1782265920000,4083.065,4084.975,4082.088,4082.985
1782265980000,4082.985,4085.445,4082.545,4084.945
1782266040000,4084.945,4086.065,4084.095,4085.555
1782266100000,4085.445,4085.885,4084.305,4085.185
1782266160000,4085.175,4088.045,4084.745,4085.255
1782266220000,4085.165,4086.965,4084.975,4086.275
1782266280000,4086.508,4090.025,4086.508,4088.775
1782266340000,4088.775,4089.845,4087.978,4088.798
1782266400000,4088.605,4092.395,4086.895,4092.245
1782266460000,4092.165,4095.815,4091.435,4095.095
1782266520000,4095.215,4095.355,4088.635,4088.865
1782266580000,4088.745,4088.945,4086.565,4087.125
1782266640000,4087.055,4087.875,4086.045,4087.135
1782266700000,4087.135,4087.445,4084.025,4084.025
1782266760000,4084.055,4086.485,4083.265,4083.625
1782266820000,4083.545,4084.135,4081.405,4081.505
1782266880000,4081.535,4081.575,4079.885,4080.975
1782266940000,4080.945,4082.235,4080.085,4080.825
1782267000000,4080.795,4082.465,4080.405,4081.835
1782267060000,4081.945,4082.345,4080.895,4081.325
1782267120000,4081.455,4084.275,4081.445,4083.995
1782267180000,4083.975,4084.145,4082.065,4082.905
1782267240000,4082.885,4082.885,4079.445,4079.875
1782267300000,4079.875,4080.815,4079.365,4079.825
1782267360000,4080.095,4080.255,4077.125,4079.015
1782267420000,4078.845,4079.195,4075.945,4076.155
1782267480000,4076.155,4076.325,4072.748,4074.745
1782267540000,4074.975,4076.695,4073.988,4074.065
1782267600000,4074.065,4075.695,4074.065,4075.295
1782267660000,4075.305,4075.305,4072.855,4073.595
1782267720000,4073.625,4074.245,4072.515,4073.915
1782267780000,4073.975,4076.195,4073.425,4075.175
1782267840000,4075.175,4076.355,4074.605,4075.535
1782267900000,4075.605,4076.545,4073.375,4074.455
1782267960000,4074.485,4074.745,4072.375,4073.095
1782268020000,4072.905,4073.815,4071.425,4073.115
1782268080000,4073.285,4074.545,4071.265,4071.435
1782268140000,4071.415,4073.795,4071.345,4073.395
1782268200000,4073.395,4076.755,4066.725,4067.205
1782268260000,4067.145,4069.195,4063.215,4068.735
1782268320000,4068.695,4069.045,4065.785,4066.825
1782268380000,4066.865,4068.535,4066.235,4068.035
1782268440000,4068.085,4071.635,4067.515,4068.685
1782268500000,4068.625,4070.685,4065.608,4067.035
1782268560000,4067.005,4067.725,4065.805,4065.845
1782268620000,4065.925,4066.375,4062.655,4065.275
1782268680000,4065.295,4066.135,4061.325,4062.305
1782268740000,4062.295,4062.745,4059.555,4060.675
1782268800000,4060.595,4061.845,4060.385,4060.385
1782268860000,4060.395,4060.455,4057.505,4057.795
1782268920000,4057.865,4058.145,4054.795,4055.985
1782268980000,4055.945,4056.475,4051.935,4055.005
1782269040000,4055.075,4059.095,4055.035,4057.005
1782269100000,4057.025,4058.035,4055.855,4057.975
1782269160000,4057.975,4058.125,4056.255,4057.195
1782269220000,4057.245,4058.655,4054.795,4058.045
1782269280000,4058.155,4061.305,4057.805,4060.945
1782269340000,4060.985,4060.985,4057.305,4058.435
1782269400000,4058.555,4060.545,4056.845,4056.905
1782269460000,4056.895,4060.855,4056.415,4060.805
1782269520000,4061.025,4063.975,4060.895,4063.365
1782269580000,4063.375,4064.155,4061.815,4061.975
1782269640000,4061.865,4065.325,4061.835,4064.995
1782269700000,4064.975,4067.305,4064.125,4067.235
1782269760000,4067.325,4069.445,4066.875,4068.385
1782269820000,4068.405,4068.725,4064.345,4065.115
1782269880000,4064.975,4066.285,4064.415,4065.595
1782269940000,4065.635,4065.905,4060.845,4060.905
1782270000000,4061.155,4065.165,4060.775,4061.565
1782270060000,4061.615,4061.905,4059.745,4060.665
1782270120000,4060.755,4062.315,4060.605,4061.545
1782270180000,4061.515,4061.955,4060.745,4061.775
1782270240000,4061.925,4062.365,4055.725,4055.855
1782270300000,4055.855,4058.035,4055.175,4055.475
1782270360000,4055.525,4056.025,4052.555,4053.165
1782270420000,4053.385,4054.885,4053.075,4053.975
1782270480000,4054.095,4056.375,4053.545,4055.225
1782270540000,4055.355,4058.635,4055.045,4058.225
1782270600000,4058.295,4059.705,4057.195,4058.375
1782270660000,4058.515,4059.335,4057.165,4059.115
1782270720000,4059.115,4059.755,4056.235,4058.555
1782270780000,4058.575,4059.445,4057.625,4058.765
1782270840000,4058.765,4060.555,4057.285,4057.535
1782270900000,4057.555,4058.805,4056.045,4058.495
1782270960000,4057.965,4058.365,4054.085,4054.115
1782271020000,4054.125,4054.345,4051.295,4051.315
1782271080000,4051.485,4052.395,4050.185,4051.545
1782271140000,4051.545,4054.378,4051.115,4052.435
1782271200000,4052.415,4054.575,4051.985,4053.515
1782271260000,4053.485,4054.845,4052.895,4054.565
1782271320000,4054.805,4056.145,4054.225,4055.305
1782271380000,4055.335,4055.985,4051.795,4052.065
1782271440000,4051.985,4053.075,4051.455,4052.935
1782271500000,4052.895,4056.815,4052.895,4056.795
1782271560000,4056.795,4056.905,4053.045,4053.055
1782271620000,4053.295,4054.575,4051.985,4054.015
1782271680000,4054.025,4056.065,4053.315,4053.755
1782271740000,4053.848,4056.395,4051.095,4056.165
1782271800000,4056.238,4060.495,4056.045,4058.945
1782271860000,4058.945,4058.945,4056.805,4058.295
1782271920000,4058.495,4059.545,4057.615,4057.615
1782271980000,4057.585,4057.585,4055.345,4056.348
1782272040000,4056.275,4060.205,4056.275,4060.085
1782272100000,4060.085,4061.985,4059.535,4060.215
1782272160000,4060.255,4061.375,4059.445,4061.375
1782272220000,4061.345,4061.745,4060.085,4060.565
1782272280000,4060.565,4061.148,4059.585,4061.148
1782272340000,4061.325,4062.245,4060.885,4061.835
1782272400000,4061.785,4062.955,4061.125,4062.955
1782272460000,4062.915,4066.645,4062.895,4065.015
1782272520000,4065.015,4069.375,4064.365,4068.465
1782272580000,4067.965,4068.325,4067.085,4067.705
1782272640000,4067.725,4069.325,4066.048,4068.438
1782272700000,4068.748,4070.555,4068.018,4068.335
1782272760000,4068.305,4069.095,4067.225,4067.325
1782272820000,4067.355,4068.595,4066.915,4067.145
1782272880000,4067.215,4068.715,4065.995,4065.995
1782272940000,4066.015,4066.575,4063.765,4066.505
1782273000000,4066.345,4067.725,4064.695,4065.025
1782273060000,4065.165,4065.175,4063.675,4064.895
1782273120000,4064.925,4066.108,4064.695,4066.015
1782273180000,4066.265,4067.145,4063.225,4063.305
1782273240000,4063.335,4063.735,4062.465,4063.225
1782273300000,4063.235,4063.455,4062.235,4062.305
1782273360000,4062.355,4063.365,4061.975,4062.975
1782273420000,4062.875,4062.875,4061.725,4062.085
1782273480000,4062.155,4062.485,4061.845,4062.025
1782273540000,4061.985,4062.975,4061.985,4062.455
1782273600000,4062.525,4063.235,4061.345,4063.045
1782273660000,4063.085,4063.595,4059.445,4059.495
1782273720000,4059.655,4059.995,4058.115,4059.795
1782273780000,4059.895,4061.635,4059.405,4060.355
1782273840000,4060.425,4060.425,4058.665,4058.755
1782273900000,4058.755,4059.445,4055.985,4056.805
1782273960000,4056.725,4057.895,4056.295,4056.905
1782274020000,4057.085,4059.645,4056.985,4058.375
1782274080000,4058.325,4061.015,4058.085,4059.155
1782274140000,4059.105,4059.185,4056.285,4058.275
1782274200000,4058.205,4058.525,4056.635,4057.065
1782274260000,4057.075,4057.265,4055.585,4056.665
1782274320000,4056.725,4057.625,4056.085,4056.125
1782274380000,4056.145,4057.425,4055.775,4057.245
1782274440000,4057.205,4058.675,4056.425,4058.575
1782274500000,4058.555,4059.755,4057.595,4059.175
1782274560000,4059.115,4060.055,4057.405,4057.755
1782274620000,4057.695,4058.005,4056.055,4056.425
1782274680000,4056.475,4056.475,4055.035,4055.695
1782274740000,4055.635,4056.405,4054.835,4055.325
1782274800000,4055.425,4057.305,4054.815,4056.995
1782274860000,4057.075,4059.285,4055.695,4059.095
1782274920000,4059.125,4061.435,4058.455,4060.915
1782274980000,4060.985,4062.645,4059.505,4060.125
1782275040000,4059.975,4061.495,4059.975,4060.965
1782275100000,4061.005,4063.225,4060.875,4062.515
1782275160000,4062.475,4063.215,4062.195,4062.525
1782275220000,4062.565,4067.085,4062.215,4066.145
1782275280000,4066.095,4066.095,4064.595,4064.595
1782275340000,4064.595,4065.535,4062.885,4062.975
1782275400000,4063.025,4064.905,4063.025,4064.195
1782275460000,4064.405,4065.495,4063.775,4064.635
1782275520000,4064.665,4065.485,4064.375,4064.915
1782275580000,4064.905,4065.415,4063.965,4065.255
1782275640000,4065.255,4065.755,4064.055,4064.985
1782275700000,4064.985,4064.985,4062.425,4062.745
1782275760000,4062.725,4065.955,4062.665,4065.105
1782275820000,4065.095,4065.675,4063.995,4065.495
1782275880000,4065.495,4066.025,4064.855,4064.865
1782275940000,4064.855,4066.035,4064.465,4064.635
1782276000000,4064.635,4066.565,4064.635,4065.565
1782276060000,4065.545,4065.895,4064.165,4064.165
1782276120000,4064.125,4064.995,4063.895,4064.875
1782276180000,4064.815,4065.375,4063.955,4064.445
1782276240000,4064.365,4064.785,4063.005,4063.435
1782276300000,4063.375,4064.035,4062.795,4064.035
1782276360000,4064.055,4064.705,4063.425,4064.545
1782276420000,4064.575,4065.875,4064.295,4064.895
1782276480000,4064.895,4064.895,4062.315,4062.475
1782276540000,4062.465,4063.775,4062.195,4063.365
1782276600000,4063.405,4063.635,4061.695,4062.645
1782276660000,4062.685,4063.405,4062.105,4062.215
1782276720000,4062.185,4062.855,4061.735,4062.595
1782276780000,4062.555,4063.505,4062.235,4062.265
1782276840000,4062.285,4063.795,4062.265,4063.125
1782276900000,4063.215,4063.395,4062.685,4062.735
1782276960000,4062.685,4065.305,4062.465,4065.085
1782277020000,4065.065,4066.165,4064.485,4066.165
1782277080000,4066.375,4066.825,4064.375,4064.625
1782277140000,4064.435,4065.365,4063.908,4064.195
1782277200000,4064.225,4064.575,4063.005,4063.855
1782277260000,4063.895,4064.915,4063.595,4063.625
1782277320000,4063.725,4063.755,4061.375,4062.845
1782277380000,4062.845,4062.935,4061.485,4061.615
1782277440000,4061.525,4062.325,4060.895,4061.745
1782277500000,4061.765,4062.105,4061.025,4061.975
1782277560000,4062.075,4062.105,4060.535,4061.825
1782277620000,4061.805,4064.475,4061.445,4062.895
1782277680000,4062.805,4065.605,4062.785,4064.445
1782277740000,4064.445,4069.875,4064.345,4069.165
1782277800000,4069.195,4069.675,4066.305,4066.535
1782277860000,4066.445,4068.125,4065.895,4067.405
1782277920000,4067.425,4068.085,4066.475,4066.715
1782277980000,4066.745,4069.065,4066.485,4066.565
1782278040000,4066.565,4067.905,4066.155,4067.535
1782278100000,4067.445,4068.535,4065.955,4067.925
1782278160000,4067.925,4068.675,4065.375,4067.165
1782278220000,4067.165,4068.365,4066.185,4066.455
1782278280000,4066.338,4066.825,4065.735,4066.365
1782278340000,4066.385,4066.385,4065.255,4065.335
1782278400000,4065.305,4068.048,4065.305,4066.785
1782278460000,4066.775,4070.855,4066.695,4070.555
1782278520000,4070.835,4072.405,4069.725,4072.005
1782278580000,4071.945,4072.115,4068.455,4069.585
1782278640000,4069.615,4071.765,4069.175,4070.605
1782278700000,4070.605,4072.795,4070.185,4070.215
1782278760000,4070.185,4071.585,4070.155,4071.125
1782278820000,4071.095,4072.495,4071.075,4072.465
1782278880000,4072.445,4073.825,4071.305,4073.785
1782278940000,4074.175,4074.325,4072.465,4073.225
1782279000000,4073.255,4078.105,4071.945,4076.725
1782279060000,4076.485,4079.075,4075.785,4077.555
1782279120000,4077.455,4083.105,4077.085,4081.815
1782279180000,4081.505,4085.965,4080.745,4085.325
1782279240000,4085.125,4085.805,4080.345,4081.735
1782279300000,4081.725,4082.165,4079.935,4080.285
1782279360000,4080.095,4080.855,4078.915,4080.485
1782279420000,4080.465,4080.685,4077.135,4077.305
1782279480000,4077.385,4077.855,4075.625,4076.205
1782279540000,4076.235,4078.915,4076.045,4077.165
1782279600000,4077.085,4077.085,4074.335,4074.365
1782279660000,4074.325,4075.105,4073.135,4073.295
1782279720000,4073.115,4073.955,4072.055,4073.395
1782279780000,4073.415,4076.045,4073.355,4075.255
1782279840000,4075.145,4077.475,4075.095,4077.015
1782279900000,4076.985,4077.765,4075.485,4077.765
1782279960000,4077.765,4079.795,4076.425,4076.425
1782280020000,4075.975,4077.395,4075.645,4077.275
1782280080000,4077.195,4077.195,4075.225,4075.355
1782280140000,4075.585,4075.765,4073.685,4074.535
1782280200000,4074.395,4074.405,4073.395,4073.585
1782280260000,4073.555,4075.865,4073.405,4074.565
1782280320000,4074.405,4074.465,4072.485,4072.745
1782280380000,4072.755,4073.715,4071.015,4073.195
1782280440000,4073.245,4073.385,4071.975,4073.095
1782280500000,4073.125,4074.275,4072.255,4073.935
1782280560000,4073.585,4075.655,4072.955,4074.785
1782280620000,4074.705,4075.925,4074.055,4075.925
1782280680000,4076.015,4076.795,4074.225,4074.685
1782280740000,4074.775,4075.995,4073.805,4075.725
1782280800000,4075.555,4078.395,4074.805,4078.285
1782280860000,4077.895,4080.025,4077.325,4079.685
1782280920000,4079.705,4080.155,4077.625,4078.015
1782280980000,4078.065,4080.685,4078.065,4078.385
1782281040000,4078.435,4079.525,4076.165,4077.585
1782281100000,4077.585,4080.625,4077.195,4078.845
1782281160000,4078.565,4085.435,4078.465,4084.625
1782281220000,4084.635,4090.395,4084.155,4088.995
1782281280000,4089.435,4091.055,4086.515,4089.375
1782281340000,4089.455,4091.495,4088.345,4090.345
1782281400000,4090.255,4094.235,4088.625,4094.155
1782281460000,4094.185,4095.185,4093.125,4095.035
1782281520000,4094.935,4096.375,4093.505,4095.905
1782281580000,4095.695,4096.865,4094.275,4095.105
1782281640000,4095.125,4096.705,4093.235,4095.705
1782281700000,4096.055,4097.335,4093.115,4093.455
1782281760000,4093.415,4094.135,4089.955,4090.345
1782281820000,4090.195,4090.975,4088.575,4089.055
1782281880000,4089.095,4089.115,4084.165,4086.275
1782281940000,4085.895,4087.235,4085.765,4087.005
1782282000000,4086.975,4087.465,4085.755,4086.065
1782282060000,4086.015,4087.325,4085.685,4085.865
1782282120000,4085.335,4088.215,4085.335,4088.095
1782282180000,4088.135,4089.275,4087.188,4087.745
1782282240000,4087.725,4089.265,4087.255,4088.395
1782282300000,4088.105,4090.005,4088.105,4089.135
1782282360000,4088.985,4090.095,4088.015,4088.505
1782282420000,4087.675,4090.375,4087.675,4088.595
1782282480000,4088.545,4088.665,4083.135,4084.405
1782282540000,4084.785,4087.395,4083.655,4087.335
1782282600000,4087.205,4087.205,4084.175,4084.655
1782282660000,4084.695,4087.735,4084.355,4085.965
1782282720000,4085.965,4086.855,4085.435,4086.325
1782282780000,4086.285,4086.365,4084.655,4085.695
1782282840000,4085.595,4088.005,4085.595,4087.485
1782282900000,4087.755,4090.035,4087.445,4089.915
1782282960000,4089.765,4091.605,4087.715,4088.685
1782283020000,4088.695,4089.555,4088.015,4089.545
1782283080000,4089.275,4089.765,4087.565,4087.735
1782283140000,4087.725,4089.085,4087.425,4088.925
1782283200000,4088.865,4091.345,4088.585,4091.125
1782283260000,4091.125,4093.485,4090.795,4092.825
1782283320000,4092.655,4093.215,4091.215,4091.245
1782283380000,4091.365,4093.715,4091.325,4092.375
1782283440000,4092.235,4093.195,4091.565,4091.595
1782283500000,4091.495,4091.805,4089.785,4091.355
1782283560000,4091.305,4094.005,4090.175,4093.915
1782283620000,4093.985,4094.295,4092.035,4092.675
1782283680000,4092.285,4092.285,4089.735,4090.065
1782283740000,4090.065,4092.115,4088.735,4088.775
1782283800000,4088.755,4088.785,4084.205,4084.725
1782283860000,4084.945,4089.295,4084.945,4088.195
1782283920000,4088.245,4090.455,4087.615,4089.785
1782283980000,4089.805,4091.215,4089.235,4090.815
1782284040000,4090.775,4090.865,4089.285,4089.285
1782284100000,4089.715,4090.565,4089.405,4089.635
1782284160000,4089.575,4090.475,4088.925,4089.405
1782284220000,4089.355,4089.355,4086.295,4086.725
1782284280000,4086.695,4087.335,4084.285,4084.325
1782284340000,4084.255,4086.835,4084.255,4086.635
1782284400000,4086.525,4087.265,4084.915,4086.865
1782284460000,4086.865,4089.745,4086.715,4089.195
1782284520000,4089.215,4089.375,4085.205,4085.595
1782284580000,4085.575,4087.485,4085.365,4086.855
1782284640000,4086.895,4088.865,4086.235,4088.865
1782284700000,4088.645,4088.645,4086.655,4087.425
1782284760000,4087.435,4089.515,4087.195,4089.155
1782284820000,4089.195,4089.675,4087.538,4088.195
1782284880000,4088.255,4090.665,4088.255,4088.695
1782284940000,4088.765,4088.865,4087.395,4088.115
1782285000000,4088.155,4088.825,4086.735,4086.815
1782285060000,4086.755,4088.065,4086.435,4088.065
1782285120000,4088.155,4088.285,4086.678,4087.755
1782285180000,4087.705,4087.885,4086.015,4086.725
1782285240000,4086.775,4087.065,4085.985,4086.055
1782285300000,4086.295,4087.025,4085.105,4086.985
1782285360000,4086.965,4087.595,4084.455,4084.465
1782285420000,4084.535,4086.365,4084.465,4086.355
1782285480000,4086.325,4087.385,4085.935,4087.385
1782285540000,4087.325,4087.355,4085.525,4086.095
1782285600000,4086.065,4086.405,4084.905,4085.085
1782285660000,4084.865,4085.905,4084.325,4085.905
1782285720000,4085.975,4086.705,4085.565,4085.665
1782285780000,4085.725,4086.295,4083.335,4083.485
1782285840000,4083.428,4084.915,4083.405,4084.815
1782285900000,4084.745,4085.425,4083.805,4085.005
1782285960000,4085.045,4085.925,4084.725,4085.645
1782286020000,4085.685,4085.895,4084.325,4084.385
1782286080000,4084.375,4085.035,4083.528,4083.815
1782286140000,4083.765,4084.795,4083.105,4084.235
1782286200000,4084.105,4085.225,4083.275,4084.295
1782286260000,4084.345,4084.345,4081.625,4081.755
1782286320000,4081.715,4082.445,4081.135,4082.255
1782286380000,4082.395,4082.875,4080.565,4081.025
1782286440000,4081.055,4081.225,4080.375,4080.485
1782286500000,4080.515,4080.895,4077.065,4078.315
1782286560000,4078.585,4079.005,4076.625,4077.245
1782286620000,4077.205,4077.375,4075.915,4076.915
1782286680000,4076.965,4078.295,4076.165,4077.395
1782286740000,4077.445,4078.665,4075.855,4078.665
1782286800000,4078.635,4079.805,4076.925,4078.205
1782286860000,4078.265,4079.145,4076.525,4078.355
1782286920000,4078.305,4081.155,4077.345,4081.095
1782286980000,4081.115,4082.185,4080.525,4081.405
1782287040000,4081.355,4083.435,4081.355,4082.315
1782287100000,4082.305,4082.355,4080.745,4081.455
1782287160000,4081.555,4082.425,4080.625,4082.305
1782287220000,4082.345,4084.055,4082.095,4083.095
1782287280000,4083.035,4086.005,4082.865,4084.875
1782287340000,4085.065,4085.415,4084.155,4084.505
1782287400000,4084.195,4085.405,4082.998,4083.255
1782287460000,4083.225,4083.225,4080.625,4081.255
1782287520000,4081.365,4081.525,4078.035,4078.525
1782287580000,4078.395,4079.005,4075.775,4076.315
1782287640000,4076.385,4078.745,4076.365,4078.645
1782287700000,4078.585,4079.135,4077.715,4077.795
1782287760000,4077.815,4078.425,4075.075,4075.505
1782287820000,4075.435,4075.605,4074.145,4075.195
1782287880000,4075.075,4075.485,4074.435,4075.095
1782287940000,4075.125,4075.485,4073.525,4074.715
1782288000000,4074.665,4077.995,4073.755,4076.685
1782288060000,4076.565,4076.865,4074.595,4076.565
1782288120000,4076.605,4076.915,4075.215,4076.525
1782288180000,4076.515,4077.895,4075.175,4075.985
1782288240000,4076.015,4077.575,4075.775,4077.445
1782288300000,4077.415,4077.415,4075.415,4076.295
1782288360000,4076.145,4077.565,4075.395,4075.695
1782288420000,4075.545,4076.855,4075.435,4076.325
1782288480000,4076.375,4077.085,4075.695,4076.435
1782288540000,4076.675,4076.795,4074.965,4075.265
1782288600000,4075.595,4076.785,4075.278,4076.345
1782288660000,4076.295,4076.445,4075.485,4075.695
1782288720000,4075.695,4075.895,4073.045,4073.865
1782288780000,4073.985,4074.975,4073.435,4074.645
1782288840000,4074.345,4075.075,4072.935,4073.825
1782288900000,4073.725,4075.265,4073.425,4075.265
1782288960000,4075.255,4076.235,4073.838,4073.838
1782289020000,4073.848,4075.645,4073.285,4075.335
1782289080000,4075.305,4076.755,4075.125,4075.285
1782289140000,4075.145,4075.435,4073.055,4073.515
1782289200000,4073.395,4075.575,4073.345,4074.625
1782289260000,4074.455,4075.695,4073.365,4075.345
1782289320000,4075.435,4075.985,4074.615,4075.885
1782289380000,4075.655,4075.885,4073.965,4074.965
1782289440000,4075.015,4077.655,4074.725,4076.875
1782289500000,4076.835,4080.085,4076.195,4079.975
1782289560000,4079.835,4080.505,4078.895,4079.275
1782289620000,4079.265,4079.905,4077.515,4078.445
1782289680000,4078.495,4079.335,4078.205,4079.335
1782289740000,4079.055,4080.395,4078.525,4080.395
1782289800000,4080.355,4083.615,4079.825,4083.555
1782289860000,4083.285,4087.385,4082.855,4087.095
1782289920000,4086.885,4087.445,4085.735,4086.605
1782289980000,4086.675,4086.865,4084.975,4085.075
1782290040000,4085.115,4086.205,4083.528,4084.105
1782290100000,4083.885,4085.275,4083.055,4083.055
1782290160000,4083.075,4083.125,4080.155,4080.285
1782290220000,4080.365,4081.695,4079.975,4080.585
1782290280000,4080.445,4081.005,4079.845,4080.225
1782290340000,4080.255,4082.105,4078.535,4082.105
1782290400000,4082.065,4083.625,4081.835,4082.525
1782290460000,4082.525,4084.845,4081.595,4082.105
1782290520000,4082.215,4082.275,4081.265,4081.815
1782290580000,4081.895,4082.835,4081.525,4082.535
1782290640000,4082.328,4083.725,4082.165,4082.905
1782290700000,4083.005,4083.245,4080.675,4080.985
1782290760000,4080.975,4080.975,4079.175,4079.515
1782290820000,4079.495,4080.285,4077.275,4077.755
1782290880000,4077.785,4079.515,4077.405,4079.335
1782290940000,4079.325,4079.765,4078.525,4078.695
1782291000000,4078.645,4080.245,4078.645,4079.895
1782291060000,4079.835,4079.985,4078.735,4078.735
1782291120000,4078.765,4079.345,4078.265,4078.855
1782291180000,4078.895,4079.175,4077.865,4077.995
1782291240000,4077.945,4078.405,4075.975,4076.545
1782291300000,4077.065,4078.125,4076.425,4076.715
1782291360000,4076.755,4077.165,4076.315,4077.165
1782291420000,4077.065,4077.615,4076.695,4077.195
1782291480000,4077.185,4077.395,4076.295,4076.575
1782291540000,4076.945,4077.435,4075.375,4076.065
1782291600000,4076.275,4078.045,4075.855,4077.555
1782291660000,4077.605,4078.255,4076.845,4076.885
1782291720000,4076.965,4077.345,4073.865,4074.555
1782291780000,4074.535,4076.435,4074.005,4075.825
1782291840000,4075.785,4075.915,4074.175,4074.415
1782291900000,4074.555,4075.175,4073.875,4075.085
1782291960000,4075.165,4075.385,4073.765,4073.865
1782292020000,4073.835,4073.885,4071.645,4072.705
1782292080000,4072.605,4073.515,4071.965,4072.065
1782292140000,4072.105,4072.755,4069.655,4069.735
1782292200000,4069.935,4071.385,4069.795,4070.835
1782292260000,4070.845,4073.295,4070.495,4071.715
1782292320000,4071.665,4075.825,4071.665,4075.825
1782292380000,4075.765,4076.815,4075.638,4076.065
1782292440000,4076.075,4076.625,4075.205,4076.145
1782292500000,4075.825,4077.325,4075.825,4076.215
1782292560000,4076.245,4077.115,4075.048,4077.065
1782292620000,4077.445,4077.505,4076.325,4076.845
1782292680000,4076.965,4078.895,4076.965,4077.998
1782292740000,4078.155,4079.015,4077.785,4078.235
1782292800000,4078.315,4078.445,4075.815,4076.895
1782292860000,4076.805,4076.865,4074.315,4074.415
1782292920000,4074.475,4075.295,4074.475,4074.725
1782292980000,4074.775,4075.295,4073.895,4074.265
1782293040000,4074.305,4074.335,4073.245,4074.305
1782293100000,4074.215,4074.415,4072.955,4073.245
1782293160000,4073.155,4073.175,4071.785,4071.825
1782293220000,4071.885,4072.645,4070.465,4071.655
1782293280000,4071.665,4072.565,4071.295,4071.875
1782293340000,4071.915,4071.915,4068.225,4069.205
1782293400000,4069.125,4072.025,4068.725,4069.745
1782293460000,4069.885,4070.325,4069.205,4069.755
1782293520000,4069.785,4070.295,4068.555,4069.885
1782293580000,4069.865,4072.025,4069.865,4070.335
1782293640000,4070.175,4070.695,4069.835,4070.315
1782293700000,4070.425,4071.005,4069.645,4069.825
1782293760000,4069.675,4069.685,4066.955,4068.748
1782293820000,4068.875,4069.775,4068.765,4068.965
1782293880000,4069.015,4069.245,4067.725,4067.725
1782293940000,4067.755,4068.855,4067.035,4068.055
1782294000000,4068.075,4068.165,4065.465,4066.005
1782294060000,4065.945,4067.735,4065.485,4066.675
1782294120000,4066.665,4066.665,4065.475,4065.505
1782294180000,4065.495,4066.735,4065.315,4066.535
1782294240000,4066.565,4069.445,4066.565,4068.145
1782294300000,4068.175,4068.435,4067.315,4068.085
1782294360000,4068.065,4068.185,4065.408,4066.475
1782294420000,4066.375,4067.605,4066.375,4066.985
1782294480000,4066.985,4068.275,4066.685,4067.455
1782294540000,4067.495,4070.095,4067.495,4069.005
1782294600000,4068.645,4069.405,4068.065,4068.805
1782294660000,4068.635,4069.615,4068.105,4069.515
1782294720000,4069.385,4070.145,4068.725,4069.775
1782294780000,4069.765,4070.905,4069.135,4069.875
1782294840000,4069.835,4069.835,4067.805,4068.485
1782294900000,4068.495,4068.635,4067.265,4067.265
1782294960000,4067.305,4067.545,4066.695,4067.015
1782295020000,4066.985,4066.985,4064.415,4065.295
1782295080000,4065.315,4065.955,4064.425,4064.805
1782295140000,4064.855,4064.965,4064.035,4064.395
1782295200000,4064.385,4066.145,4061.515,4062.855
1782295260000,4062.975,4063.045,4060.665,4060.665
1782295320000,4060.645,4061.415,4059.405,4060.065
1782295380000,4059.925,4062.345,4059.535,4062.345
1782295440000,4062.045,4062.045,4060.608,4061.925
1782295500000,4061.935,4062.425,4061.035,4061.875
1782295560000,4061.795,4062.035,4060.415,4061.535
1782295620000,4061.625,4061.885,4060.315,4060.375
1782295680000,4060.295,4061.575,4059.505,4060.755
1782295740000,4060.935,4061.335,4059.385,4059.735
1782295800000,4059.705,4061.335,4058.875,4061.075
1782295860000,4061.175,4061.725,4060.705,4061.545
1782295920000,4061.495,4062.035,4060.475,4061.735
1782295980000,4061.795,4062.225,4061.198,4061.475
1782296040000,4061.435,4061.875,4060.545,4060.915
1782296100000,4060.555,4060.815,4058.565,4058.865
1782296160000,4058.915,4059.065,4056.135,4056.295
1782296220000,4056.325,4057.725,4055.055,4056.635
1782296280000,4056.565,4060.355,4056.565,4059.915
1782296340000,4059.845,4059.875,4057.275,4058.865
1782296400000,4058.875,4060.285,4058.725,4058.855
1782296460000,4058.905,4060.475,4058.445,4059.265
1782296520000,4059.315,4059.625,4057.735,4058.455
1782296580000,4058.405,4059.395,4056.395,4056.555
1782296640000,4056.515,4058.335,4056.125,4057.735
1782296700000,4057.645,4058.255,4057.085,4058.255
1782296760000,4058.325,4059.545,4057.895,4059.185
1782296820000,4059.165,4059.175,4057.805,4058.075
1782296880000,4058.045,4059.315,4057.855,4058.285
1782296940000,4058.275,4060.735,4058.215,4060.695
1782297000000,4060.725,4062.375,4060.695,4062.015
1782297060000,4062.045,4062.735,4060.975,4062.555
1782297120000,4062.355,4062.955,4061.435,4062.445
1782297180000,4062.505,4062.865,4061.905,4062.125
1782297240000,4062.035,4062.975,4061.445,4061.755
1782297300000,4061.665,4061.895,4059.915,4060.915
1782297360000,4060.885,4060.885,4058.685,4058.905
1782297420000,4058.955,4059.285,4057.405,4058.455
1782297480000,4058.555,4058.675,4056.755,4056.965
1782297540000,4056.875,4059.035,4056.445,4057.935
1782297600000,4057.955,4061.415,4057.675,4061.285
1782297660000,4061.165,4063.515,4060.975,4063.185
1782297720000,4063.145,4064.305,4062.555,4064.285
1782297780000,4064.245,4066.775,4062.875,4066.695
1782297840000,4066.585,4066.755,4064.305,4064.685
1782297900000,4064.775,4065.565,4064.425,4065.215
1782297960000,4065.175,4065.405,4064.025,4064.075
1782298020000,4064.135,4064.655,4061.685,4062.795
1782298080000,4062.755,4063.385,4061.915,4062.875
1782298140000,4062.825,4063.405,4062.665,4063.255
1782298200000,4062.995,4063.315,4062.285,4062.335
1782298260000,4062.115,4062.235,4059.555,4059.775
1782298320000,4059.645,4061.025,4059.295,4060.685
1782298380000,4060.685,4060.685,4056.735,4057.565
1782298440000,4057.525,4058.585,4057.415,4058.555
1782298500000,4058.485,4058.485,4055.615,4055.945
1782298560000,4055.925,4056.495,4054.895,4056.295
1782298620000,4056.385,4057.845,4056.185,4057.265
1782298680000,4057.175,4057.805,4054.975,4054.975
1782298740000,4054.715,4056.165,4054.515,4055.495
1782298800000,4055.355,4056.725,4054.885,4056.365
1782298860000,4056.275,4058.445,4056.205,4057.835
1782298920000,4057.805,4058.105,4056.395,4056.485
1782298980000,4056.415,4056.465,4054.375,4055.265
1782299040000,4055.215,4055.625,4050.795,4051.905
1782299100000,4051.775,4052.795,4051.215,4051.295
1782299160000,4051.235,4052.075,4047.735,4050.975
1782299220000,4050.975,4052.275,4050.155,4052.275
1782299280000,4052.155,4053.465,4051.445,4052.415
1782299340000,4052.385,4052.655,4048.935,4049.095
1782299400000,4049.095,4050.635,4048.305,4050.155
1782299460000,4050.155,4053.485,4050.045,4052.675
1782299520000,4052.615,4052.925,4051.195,4051.595
1782299580000,4051.545,4052.335,4047.435,4047.575
1782299640000,4047.675,4048.695,4044.595,4045.625
1782299700000,4045.785,4046.635,4040.385,4040.755
1782299760000,4040.965,4041.915,4037.555,4039.395
1782299820000,4039.485,4041.665,4037.305,4040.725
1782299880000,4040.755,4041.495,4039.065,4040.005
1782299940000,4040.015,4042.905,4040.015,4041.765
1782300000000,4041.995,4043.125,4039.735,4041.675
1782300060000,4041.585,4043.945,4041.445,4043.755
1782300120000,4043.705,4045.155,4041.965,4042.765
1782300180000,4042.725,4044.035,4041.825,4042.465
1782300240000,4042.465,4046.445,4042.225,4046.335
1782300300000,4046.335,4046.685,4039.325,4040.745
1782300360000,4040.745,4040.785,4038.495,4039.755
1782300420000,4039.465,4044.795,4039.465,4044.145
1782300480000,4044.175,4045.425,4042.755,4045.375
1782300540000,4045.495,4045.575,4043.205,4044.195
1782300600000,4044.055,4046.785,4044.055,4046.035
1782300660000,4046.115,4048.005,4045.075,4047.785
1782300720000,4047.785,4047.825,4045.445,4046.445
1782300780000,4046.425,4047.305,4045.855,4046.815
1782300840000,4046.815,4046.815,4043.505,4044.125
1782300900000,4044.065,4045.625,4043.325,4045.505
1782300960000,4045.525,4046.435,4044.085,4044.895
1782301020000,4044.845,4049.075,4044.105,4048.345
1782301080000,4048.305,4051.395,4048.095,4050.675
1782301140000,4050.645,4051.095,4049.555,4049.905
1782301200000,4049.885,4051.405,4047.655,4047.865
1782301260000,4047.885,4048.635,4047.285,4047.515
1782301320000,4047.535,4050.445,4047.535,4049.515
1782301380000,4049.735,4050.055,4047.665,4048.105
1782301440000,4048.055,4048.055,4045.555,4045.845
1782301500000,4045.785,4046.405,4042.605,4043.005
1782301560000,4042.875,4043.985,4041.965,4043.285
1782301620000,4043.215,4044.025,4040.385,4040.785
1782301680000,4040.835,4043.965,4039.005,4041.315
1782301740000,4041.295,4045.335,4040.815,4044.775
1782301800000,4044.618,4047.455,4044.315,4047.055
1782301860000,4047.665,4050.365,4046.875,4050.165
1782301920000,4050.175,4056.095,4049.995,4054.765
1782301980000,4054.615,4055.105,4052.905,4053.965
1782302040000,4053.935,4055.305,4053.235,4054.465
1782302100000,4054.465,4054.495,4049.945,4050.945
1782302160000,4051.165,4051.435,4049.505,4050.515
1782302220000,4050.475,4051.595,4049.135,4049.485
1782302280000,4049.645,4049.865,4046.405,4047.925
1782302340000,4047.965,4048.495,4045.345,4046.495
1782302400000,4046.515,4047.695,4044.835,4046.065
1782302460000,4046.035,4047.725,4042.135,4046.925
1782302520000,4046.965,4048.665,4046.575,4046.925
1782302580000,4046.955,4047.715,4045.435,4046.555
1782302640000,4046.395,4047.505,4044.255,4044.485
1782302700000,4044.605,4045.695,4042.535,4043.005
1782302760000,4043.165,4043.235,4039.125,4039.625
1782302820000,4039.945,4041.485,4036.195,4036.785
1782302880000,4036.765,4040.515,4035.045,4038.575
1782302940000,4038.735,4040.905,4037.675,4040.485
1782303000000,4040.665,4043.955,4037.925,4039.885
1782303060000,4039.835,4044.765,4039.695,4042.385
1782303120000,4042.415,4043.195,4040.085,4040.555
1782303180000,4040.515,4040.885,4038.825,4039.095
1782303240000,4039.065,4041.495,4037.965,4038.005
1782303300000,4037.985,4040.095,4036.445,4036.795
1782303360000,4036.765,4037.525,4035.165,4035.855
1782303420000,4035.875,4039.575,4035.875,4039.185
1782303480000,4039.215,4041.875,4039.005,4040.025
1782303540000,4040.055,4041.445,4038.235,4040.975
1782303600000,4040.955,4041.105,4036.225,4036.665
1782303660000,4036.375,4039.195,4035.415,4037.975
1782303720000,4038.025,4038.935,4035.015,4036.945
1782303780000,4036.815,4037.255,4034.575,4036.335
1782303840000,4036.295,4036.725,4032.345,4032.738
1782303900000,4032.738,4033.145,4007.935,4008.685
1782303960000,4008.755,4015.785,4006.635,4015.785
1782304020000,4015.805,4019.035,4015.555,4015.835
1782304080000,4015.835,4020.445,4012.695,4020.275
1782304140000,4020.255,4020.255,4013.665,4014.985
1782304200000,4015.415,4016.785,4010.765,4011.915
1782304260000,4011.955,4015.025,4010.755,4011.965
1782304320000,4011.985,4016.475,4008.975,4015.745
1782304380000,4015.765,4020.645,4015.605,4018.765
1782304440000,4018.785,4019.525,4015.435,4019.075
1782304500000,4019.165,4019.165,4011.755,4012.345
1782304560000,4012.335,4016.355,4011.165,4012.065
1782304620000,4012.385,4013.505,4011.358,4012.045
1782304680000,4011.738,4012.345,4009.805,4011.155
1782304740000,4011.155,4011.695,4007.005,4011.435
1782304800000,4011.455,4013.305,4009.755,4011.325
1782304860000,4011.425,4013.025,4007.235,4007.495
1782304920000,4007.595,4009.845,4007.595,4008.425
1782304980000,4008.485,4013.345,4008.095,4012.408
1782305040000,4012.505,4014.895,4012.285,4013.285
1782305100000,4013.375,4017.385,4012.115,4013.095
1782305160000,4013.075,4013.605,4008.425,4012.105
1782305220000,4011.955,4012.085,4008.755,4009.865
1782305280000,4009.885,4011.925,4008.415,4010.855
1782305340000,4010.845,4010.905,4002.825,4004.005
1782305400000,4004.155,4006.725,4001.905,4002.095
1782305460000,4002.135,4003.705,3999.745,4000.055
1782305520000,4000.055,4003.418,3999.565,4001.895
1782305580000,4001.955,4008.005,4001.895,4007.085
1782305640000,4006.995,4007.045,4003.235,4003.705
1782305700000,4003.685,4004.175,4000.105,4000.105
1782305760000,4000.095,4000.955,3996.105,3996.288
1782305820000,3996.298,4001.005,3996.165,3998.225
1782305880000,3997.865,3998.215,3992.285,3993.328
1782305940000,3993.328,3993.328,3987.365,3987.495
1782306000000,3987.535,3989.256,3978.685,3980.735
1782306060000,3980.585,3982.935,3971.455,3972.405
1782306120000,3972.505,3979.855,3971.675,3978.925
1782306180000,3978.965,3995.535,3978.485,3994.165
1782306240000,3994.125,3994.215,3979.365,3979.655
1782306300000,3980.315,3986.725,3979.225,3984.165
1782306360000,3984.065,3984.895,3977.175,3981.425
1782306420000,3981.245,3981.965,3973.345,3975.635
1782306480000,3975.635,3979.545,3971.575,3974.285
1782306540000,3974.945,3977.505,3973.505,3977.085
1782306600000,3977.475,3978.655,3973.655,3975.468
1782306660000,3975.498,3975.995,3966.728,3968.055
1782306720000,3968.135,3971.615,3966.855,3971.165
1782306780000,3971.268,3974.145,3966.615,3972.798
1782306840000,3972.915,3975.065,3970.635,3971.315
1782306900000,3971.365,3975.205,3966.555,3968.605
1782306960000,3968.525,3970.095,3964.875,3970.095
1782307020000,3969.945,3973.975,3966.605,3973.655
1782307080000,3973.715,3974.225,3969.295,3973.515
1782307140000,3973.565,3976.865,3972.435,3976.155
1782307200000,3976.115,3976.115,3966.455,3968.565
1782307260000,3968.248,3970.355,3964.305,3966.935
1782307320000,3966.895,3969.195,3964.305,3967.605
1782307380000,3967.605,3970.785,3964.385,3964.585
1782307440000,3964.705,3974.125,3964.458,3973.595
1782307500000,3973.995,3975.845,3972.575,3974.615
1782307560000,3974.595,3975.965,3969.478,3975.725
1782307620000,3975.665,3975.845,3971.135,3972.145
1782307680000,3972.185,3974.575,3971.205,3971.238
1782307740000,3971.238,3976.065,3971.215,3975.305
1782307800000,3975.325,3981.375,3973.635,3979.395
1782307860000,3979.435,3987.665,3978.805,3986.985
1782307920000,3986.905,3992.985,3986.095,3990.895
1782307980000,3990.875,3995.935,3990.725,3991.665
1782308040000,3991.705,3992.465,3984.505,3986.248
1782308100000,3986.415,3993.685,3985.345,3993.278
1782308160000,3993.248,3995.668,3991.665,3992.475
1782308220000,3992.705,3996.315,3991.298,3995.425
1782308280000,3995.855,3998.795,3994.768,3998.215
1782308340000,3998.308,4006.885,3997.805,4004.965
1782308400000,4004.965,4005.325,4000.525,4003.528
1782308460000,4003.655,4008.398,4003.225,4007.835
1782308520000,4007.855,4017.765,4007.598,4009.425
1782308580000,4009.485,4011.615,4007.805,4009.455
1782308640000,4009.815,4015.745,4008.405,4015.365
1782308700000,4015.205,4019.455,4013.175,4013.995
1782308760000,4014.278,4014.278,4009.105,4011.925
1782308820000,4011.955,4017.145,4009.815,4015.755
1782308880000,4015.715,4019.115,4015.115,4016.985
1782308940000,4016.965,4020.415,4013.375,4019.535
1782309000000,4019.485,4025.785,4018.255,4022.315
1782309060000,4022.065,4033.535,4021.755,4030.975
1782309120000,4030.815,4032.905,4027.705,4028.995
1782309180000,4028.965,4030.265,4025.215,4028.665
1782309240000,4028.645,4033.725,4028.135,4028.798
1782309300000,4028.825,4030.915,4023.438,4024.335
1782309360000,4024.245,4032.075,4024.245,4031.415
1782309420000,4031.588,4041.905,4031.485,4034.235
1782309480000,4034.165,4037.058,4031.525,4036.528
1782309540000,4036.518,4038.175,4034.445,4037.975
1782309600000,4037.945,4040.758,4030.865,4032.655
1782309660000,4032.605,4034.105,4030.595,4031.375
1782309720000,4031.365,4032.268,4027.045,4027.575
1782309780000,4028.355,4031.578,4023.275,4024.278
1782309840000,4024.308,4024.958,4021.315,4024.255
1782309900000,4023.955,4026.485,4021.428,4023.515
1782309960000,4023.595,4028.725,4023.145,4027.465
1782310020000,4027.465,4029.815,4024.415,4025.735
1782310080000,4025.635,4030.338,4025.635,4029.265
1782310140000,4029.105,4030.615,4026.875,4027.555
1782310200000,4027.525,4031.055,4026.898,4030.525
1782310260000,4030.505,4031.355,4021.405,4023.365
1782310320000,4023.318,4026.525,4020.755,4024.315
1782310380000,4024.425,4024.625,4019.095,4021.775
1782310440000,4021.745,4022.265,4018.695,4019.555
1782310500000,4019.645,4021.055,4016.518,4016.575
1782310560000,4016.558,4020.455,4014.765,4018.835
1782310620000,4018.775,4019.075,4015.485,4017.265
1782310680000,4017.215,4018.755,4015.445,4016.805
1782310740000,4016.855,4019.185,4015.215,4017.935
1782310800000,4017.905,4018.225,4014.115,4016.625
1782310860000,4016.625,4019.335,4014.515,4019.275
1782310920000,4019.285,4023.805,4018.925,4022.568
1782310980000,4022.688,4024.325,4019.405,4020.875
1782311040000,4020.895,4024.945,4020.665,4023.605
1782311100000,4023.525,4026.065,4022.905,4025.325
1782311160000,4025.395,4027.585,4025.075,4026.358
1782311220000,4026.435,4027.365,4023.758,4026.455
1782311280000,4026.435,4027.845,4024.575,4024.815
1782311340000,4024.795,4025.025,4020.875,4023.525
1782311400000,4023.575,4029.265,4023.195,4027.715
1782311460000,4027.835,4028.165,4025.185,4026.495
1782311520000,4026.465,4028.168,4026.065,4027.205
1782311580000,4027.175,4029.965,4026.495,4027.295
1782311640000,4027.325,4034.335,4027.245,4030.705
1782311700000,4030.675,4032.115,4029.588,4029.968
1782311760000,4029.968,4029.968,4025.535,4026.558
1782311820000,4026.558,4027.628,4025.498,4027.168
1782311880000,4027.225,4027.555,4021.855,4022.215
1782311940000,4022.235,4022.515,4018.375,4019.465
1782312000000,4019.425,4021.605,4018.355,4019.375
1782312060000,4019.355,4020.605,4016.608,4016.995
1782312120000,4016.955,4017.475,4014.705,4015.565
1782312180000,4015.608,4016.368,4010.928,4012.018
1782312240000,4012.025,4015.685,4011.865,4015.635
1782312300000,4015.615,4015.615,4011.435,4011.475
1782312360000,4011.428,4012.428,4009.848,4011.388
1782312420000,4011.388,4015.435,4011.388,4014.925
1782312480000,4014.545,4015.305,4011.425,4012.078
1782312540000,4012.005,4013.315,4009.318,4010.885
1782312600000,4010.858,4012.895,4009.305,4009.325
1782312660000,4009.295,4010.705,4007.965,4008.998
1782312720000,4009.045,4009.288,4006.198,4007.468
1782312780000,4007.538,4008.348,4006.478,4007.508
1782312840000,4007.355,4007.695,4005.408,4005.875
1782312900000,4005.975,4006.215,4002.915,4003.108
1782312960000,4003.158,4004.798,4002.698,4003.668
1782313020000,4003.615,4008.128,4003.575,4007.278
1782313080000,4007.278,4007.278,4004.548,4005.405
1782313140000,4005.365,4007.875,4005.358,4007.825
1782313200000,4007.875,4009.845,4004.865,4005.605
1782313260000,4005.615,4008.675,4005.138,4007.758
1782313320000,4007.775,4008.885,4004.115,4004.688
1782313380000,4004.698,4006.725,4003.985,4004.965
1782313440000,4004.965,4004.985,4000.725,4003.668
1782313500000,4003.668,4004.045,4001.575,4002.605
1782313560000,4002.605,4003.005,3997.215,3998.828
1782313620000,3998.795,4001.425,3998.355,3999.818
1782313680000,3999.795,3999.835,3998.505,3998.955
1782313740000,3998.935,4000.335,3997.015,3999.545
1782313800000,3999.575,4000.635,3997.545,4000.265
1782313860000,4000.345,4003.135,3998.918,3999.935
1782313920000,4000.005,4001.195,3999.445,4000.445
1782313980000,4000.488,4001.175,3998.755,4001.025
1782314040000,4001.125,4003.765,4000.385,4001.605
1782314100000,4001.565,4001.915,3999.285,4000.345
1782314160000,4000.345,4005.185,4000.245,4004.555
1782314220000,4004.155,4004.755,4002.575,4003.315
1782314280000,4003.315,4007.735,4002.345,4007.315
1782314340000,4007.295,4010.868,4006.935,4010.805
1782314400000,4010.805,4014.495,4010.805,4013.345
1782314460000,4013.015,4014.405,4011.355,4011.485
1782314520000,4011.535,4014.375,4011.145,4012.505
1782314580000,4012.475,4013.215,4010.455,4011.585
1782314640000,4011.825,4011.925,4007.655,4008.745
1782314700000,4008.835,4008.835,4003.858,4004.025
1782314760000,4004.125,4008.345,4003.858,4008.065
1782314820000,4007.955,4013.705,4007.155,4011.235
1782314880000,4011.265,4012.695,4009.725,4011.535
1782314940000,4011.505,4014.835,4011.335,4014.655
1782315000000,4014.755,4015.195,4011.445,4012.275
1782315060000,4012.245,4012.655,4008.645,4008.725
1782315120000,4008.755,4010.095,4008.385,4009.915
1782315180000,4010.005,4010.175,4006.155,4006.495
1782315240000,4006.495,4009.905,4006.355,4008.805
1782315300000,4008.805,4009.055,4007.315,4008.225
1782315360000,4008.225,4010.305,4007.525,4008.135
1782315420000,4008.068,4009.395,4007.125,4009.275
1782315480000,4009.215,4010.015,4008.068,4008.755
1782315540000,4008.795,4008.805,4006.295,4006.668
1782315600000,4006.668,4006.895,4004.505,4004.895
1782315660000,4004.895,4006.285,4003.488,4003.815
1782315720000,4003.795,4004.705,4002.115,4002.258
1782315780000,4002.258,4004.285,4001.188,4002.335
1782315840000,4002.375,4006.425,4002.375,4006.165
1782315900000,4005.865,4008.305,4003.895,4008.295
1782315960000,4008.265,4008.535,4005.445,4006.765
1782316020000,4006.805,4008.685,4005.315,4008.635
1782316080000,4008.375,4014.585,4008.075,4014.145
1782316140000,4014.115,4014.415,4011.305,4012.935
1782316200000,4012.875,4016.725,4012.295,4013.155
1782316260000,4013.115,4015.245,4012.165,4014.005
1782316320000,4013.955,4014.125,4010.345,4011.145
1782316380000,4011.105,4011.655,4007.058,4007.058
1782316440000,4007.058,4007.118,4002.785,4004.835
1782316500000,4004.855,4005.545,4003.105,4004.865
1782316560000,4004.905,4005.185,4002.085,4003.295
1782316620000,4003.305,4004.015,4002.185,4002.985
1782316680000,4003.035,4003.155,4000.245,4000.455
1782316740000,4000.485,4002.675,3999.875,4002.335
1782316800000,4002.405,4003.235,4000.335,4001.205
1782316860000,4001.195,4001.685,3999.645,3999.735
1782316920000,3999.765,4003.635,3999.465,4003.435
1782316980000,4003.415,4005.455,4001.675,4003.105
1782317040000,4003.085,4004.845,4001.545,4001.765
1782317100000,4001.785,4004.225,4001.785,4003.975
1782317160000,4003.895,4006.545,4001.465,4001.795
1782317220000,4001.805,4002.975,4000.595,4001.095
1782317280000,4001.155,4001.335,3996.845,3997.785
1782317340000,3997.835,4000.395,3995.215,4000.255
1782317400000,4000.285,4002.695,3999.325,4002.675
1782317460000,4002.615,4004.065,4001.685,4002.055
1782317520000,4002.095,4003.975,4001.465,4003.745
1782317580000,4003.585,4003.585,4000.855,4002.315
1782317640000,4002.285,4003.995,4001.755,4002.515
1782317700000,4002.665,4004.935,4001.685,4004.745
1782317760000,4004.835,4005.285,4003.585,4004.615
1782317820000,4004.945,4005.775,4002.465,4003.005
1782317880000,4002.955,4004.935,4001.365,4003.085
1782317940000,4003.105,4004.165,4001.335,4002.445
1782318000000,4002.415,4004.415,4002.315,4003.935
1782318060000,4003.965,4008.635,4003.375,4008.475
1782318120000,4008.495,4010.005,4007.195,4009.365
1782318180000,4009.355,4012.955,4008.755,4011.195
1782318240000,4011.265,4011.845,4009.135,4010.755
1782318300000,4010.725,4012.175,4009.645,4010.835
1782318360000,4010.805,4014.705,4010.265,4014.235
1782318420000,4014.185,4014.185,4012.795,4013.065
1782318480000,4013.045,4015.845,4012.755,4015.475
1782318540000,4015.445,4016.905,4015.155,4015.945
1782318600000,4015.985,4016.295,4014.025,4016.295
1782318660000,4016.245,4018.965,4016.165,4017.655
1782318720000,4017.835,4019.175,4016.105,4016.755
1782318780000,4016.735,4018.735,4015.045,4015.715
1782318840000,4015.745,4016.015,4012.805,4014.515
1782318900000,4014.535,4020.005,4014.535,4019.325
1782318960000,4019.095,4020.815,4017.175,4018.215
1782319020000,4018.345,4021.845,4017.715,4021.445
1782319080000,4021.405,4022.065,4020.165,4020.955
1782319140000,4020.985,4021.535,4018.068,4018.068
1782319200000,4018.068,4019.605,4017.055,4018.405
1782319260000,4018.365,4018.745,4013.205,4015.535
1782319320000,4015.535,4015.875,4011.675,4013.245
1782319380000,4013.325,4014.155,4009.555,4009.745
1782319440000,4009.775,4011.875,4009.175,4011.365
1782319500000,4011.395,4012.015,4010.335,4011.045
1782319560000,4011.045,4011.075,4009.015,4009.445
1782319620000,4009.415,4011.235,4009.035,4009.305
1782319680000,4009.265,4009.465,4007.925,4008.845
1782319740000,4008.785,4009.105,4007.175,4007.185
1782319800000,4007.225,4010.915,4007.025,4010.795
1782319860000,4010.745,4010.745,4008.585,4008.585
1782319920000,4008.495,4009.415,4007.645,4008.955
1782319980000,4008.975,4010.115,4008.455,4008.835
1782320040000,4008.865,4009.405,4007.285,4007.375
1782320100000,4007.345,4008.535,4006.285,4007.625
1782320160000,4007.725,4008.768,4007.245,4008.035
1782320220000,4008.085,4008.835,4007.385,4007.465
1782320280000,4007.505,4007.975,4006.535,4006.748
1782320340000,4006.728,4007.338,4006.208,4006.348
1782320400000,4006.348,4007.895,4005.335,4007.815
1782320460000,4007.735,4009.415,4007.645,4009.285
1782320520000,4009.275,4011.015,4005.925,4010.225
1782320580000,4010.205,4011.085,4009.485,4010.365
1782320640000,4010.355,4010.535,4009.028,4009.325
1782320700000,4009.365,4010.545,4007.245,4008.655
1782320760000,4008.645,4009.365,4007.625,4007.765
1782320820000,4007.735,4008.125,4004.275,4005.815
1782320880000,4005.825,4006.605,4004.455,4006.605
1782320940000,4006.585,4006.815,4005.605,4006.625
1782321000000,4006.805,4008.665,4005.195,4008.305
1782321060000,4008.185,4009.375,4007.885,4008.205
1782321120000,4008.285,4009.185,4007.348,4008.395
1782321180000,4008.425,4008.425,4006.558,4007.085
1782321240000,4007.085,4008.605,4005.325,4005.605
1782321300000,4005.585,4007.005,4004.778,4005.115
1782321360000,4005.065,4005.115,4002.788,4003.098
1782321420000,4003.188,4004.268,4002.985,4003.355
1782321480000,4003.325,4003.975,4000.785,4000.928
1782321540000,4000.928,4001.545,3999.535,3999.825
1782321600000,3999.695,4001.005,3996.695,3997.075
1782321660000,3997.185,3998.885,3996.868,3997.595
1782321720000,3997.625,3998.655,3993.945,3994.485
1782321780000,3994.775,3996.515,3993.905,3994.558
1782321840000,3994.668,3997.435,3992.755,3992.755
1782321900000,3992.795,3993.465,3989.955,3992.565
1782321960000,3992.535,3993.525,3990.295,3990.475
1782322020000,3990.665,3992.785,3990.335,3990.525
1782322080000,3990.455,3996.115,3990.245,3991.708
1782322140000,3991.708,3994.208,3990.165,3990.208
1782322200000,3990.315,3990.715,3986.755,3987.675
1782322260000,3987.645,3988.655,3986.165,3987.558
1782322320000,3987.568,3988.505,3984.005,3985.795
1782322380000,3985.725,3987.675,3983.455,3984.768
1782322440000,3984.665,3987.115,3983.705,3985.875
1782322500000,3985.905,3987.835,3985.185,3985.895
1782322560000,3985.875,3986.895,3982.875,3983.915
1782322620000,3983.875,3984.625,3982.958,3982.995
1782322680000,3983.125,3985.035,3982.885,3984.485
1782322740000,3984.515,3986.955,3983.065,3985.745
1782322800000,3985.725,3986.285,3983.208,3983.218
1782322860000,3983.218,3986.485,3983.218,3986.025
1782322920000,3985.965,3986.225,3984.275,3985.348
1782322980000,3985.275,3985.825,3983.275,3984.535
1782323040000,3984.595,3984.715,3982.845,3984.175
1782323100000,3984.085,3985.055,3982.655,3982.855
1782323160000,3982.778,3985.768,3981.865,3985.028
1782323220000,3985.028,3986.605,3983.875,3983.935
1782323280000,3983.878,3984.785,3979.888,3980.898
1782323340000,3980.865,3982.165,3979.895,3980.015
1782323400000,3979.975,3981.555,3976.435,3978.985
1782323460000,3979.015,3980.275,3978.285,3979.525
1782323520000,3979.565,3980.705,3977.655,3978.025
1782323580000,3978.085,3980.745,3977.868,3979.455
1782323640000,3979.495,3980.635,3978.325,3979.755
1782323700000,3979.715,3982.005,3978.835,3981.255
1782323760000,3981.238,3981.975,3978.225,3980.625
1782323820000,3980.655,3980.655,3976.945,3977.335
1782323880000,3977.305,3977.305,3973.468,3975.515
1782323940000,3975.455,3975.635,3972.495,3972.808
1782324000000,3972.865,3974.795,3970.005,3972.295
1782324060000,3972.335,3975.255,3969.075,3972.725
1782324120000,3972.665,3973.095,3967.158,3967.955
1782324180000,3967.885,3968.435,3960.125,3961.035
1782324240000,3961.095,3967.418,3958.695,3966.405
1782324300000,3966.375,3975.585,3966.375,3974.355
1782324360000,3974.195,3977.695,3973.915,3975.735
1782324420000,3975.805,3977.675,3973.585,3977.315
1782324480000,3977.295,3978.725,3976.168,3978.395
1782324540000,3978.375,3984.015,3978.375,3983.915
1782324600000,3983.945,3989.295,3980.885,3988.915
1782324660000,3988.935,3992.565,3988.215,3989.655
1782324720000,3989.685,3991.405,3986.775,3988.775
1782324780000,3988.915,3990.735,3987.195,3989.535
1782324840000,3989.605,3989.605,3987.085,3988.685
1782324900000,3988.725,3992.175,3987.805,3990.965
1782324960000,3990.935,3990.945,3988.765,3990.065
1782325020000,3989.885,3991.885,3987.805,3988.955
1782325080000,3988.935,3989.478,3986.105,3987.785
1782325140000,3987.805,3988.785,3986.175,3986.985
1782325200000,3986.965,3987.195,3982.855,3983.555
1782325260000,3983.585,3983.665,3979.225,3980.425
1782325320000,3980.528,3982.975,3980.325,3982.678
1782325380000,3983.155,3987.425,3983.075,3986.565
1782325440000,3986.595,3987.375,3984.665,3986.795
1782325500000,3986.725,3989.665,3986.675,3988.595
1782325560000,3988.595,3988.595,3986.225,3987.985
1782325620000,3987.945,3990.105,3987.315,3988.655
1782325680000,3988.625,3991.365,3988.355,3991.225
1782325740000,3991.225,3991.765,3989.725,3990.035
1782325800000,3990.055,3993.935,3990.045,3993.905
1782325860000,3993.995,3993.995,3990.895,3991.175
1782325920000,3991.135,3991.375,3989.245,3989.445
1782325980000,3989.475,3990.475,3986.435,3987.335
1782326040000,3987.505,3990.165,3987.505,3988.515
1782326100000,3988.405,3989.255,3985.855,3986.595
1782326160000,3986.635,3988.085,3985.098,3987.055
1782326220000,3986.865,3988.105,3984.955,3985.045
1782326280000,3985.025,3985.025,3983.058,3983.625
1782326340000,3983.715,3985.305,3983.675,3984.385
1782326400000,3984.385,3985.255,3981.385,3981.835
1782326460000,3981.855,3984.355,3981.735,3983.625
1782326520000,3983.595,3984.175,3982.145,3983.045
1782326580000,3983.075,3983.545,3982.035,3983.135
1782326640000,3983.125,3983.615,3981.265,3983.265
1782326700000,3983.265,3983.265,3981.125,3982.355
1782326760000,3982.355,3982.755,3980.745,3981.185
1782326820000,3981.265,3981.595,3980.205,3980.855
1782326880000,3980.875,3981.205,3978.275,3978.425
1782326940000,3978.395,3979.215,3977.135,3979.015
1782327000000,3979.065,3979.645,3976.665,3978.335
1782327060000,3978.305,3979.895,3977.265,3979.655
1782327120000,3979.685,3981.115,3978.525,3979.005
1782327180000,3978.975,3980.705,3978.125,3980.615
1782327240000,3980.615,3982.005,3980.565,3981.515
1782327300000,3981.515,3983.405,3981.135,3982.215
1782327360000,3982.265,3983.415,3981.785,3982.195
1782327420000,3982.155,3984.095,3981.365,3981.645
1782327480000,3981.755,3981.755,3979.925,3981.415
1782327540000,3981.485,3981.605,3980.325,3981.215
1782327600000,3981.571,3981.825,3977.695,3979.305
1782327660000,3979.445,3980.465,3978.195,3978.195
1782327720000,3978.235,3981.435,3978.235,3980.255
1782327780000,3980.195,3984.905,3980.155,3983.705
1782327840000,3983.635,3984.225,3982.155,3982.415
1782327900000,3982.415,3983.325,3980.955,3981.845
1782327960000,3981.815,3981.965,3979.765,3979.765
1782328020000,3979.785,3980.325,3976.405,3977.745
1782328080000,3977.605,3978.235,3976.305,3976.795
1782328140000,3976.775,3977.875,3976.605,3976.645
1782328200000,3976.645,3977.045,3974.585,3975.835
1782328260000,3975.805,3975.805,3973.225,3975.065
1782328320000,3975.095,3976.065,3974.815,3975.465
1782328380000,3975.495,3976.605,3974.895,3975.635
1782328440000,3975.565,3977.125,3975.565,3976.185
1782328500000,3976.065,3976.095,3974.075,3974.945
1782328560000,3974.965,3975.595,3973.745,3975.195
1782328620000,3975.255,3976.705,3975.255,3976.675
1782328680000,3976.735,3977.305,3975.235,3977.305
1782328740000,3977.275,3977.395,3976.228,3977.335
1782328800000,3977.275,3978.015,3976.875,3977.745
1782328860000,3977.865,3978.865,3976.445,3977.785
1782328920000,3977.745,3978.465,3977.065,3977.935
1782328980000,3977.955,3979.755,3977.748,3977.795
1782329040000,3977.775,3979.475,3977.575,3978.715
1782329100000,3978.685,3979.575,3978.315,3978.605
1782329160000,3978.605,3981.405,3978.365,3981.085
1782329220000,3981.055,3981.635,3979.935,3981.635
1782329280000,3981.595,3984.285,3981.185,3983.365
1782329340000,3983.405,3984.095,3982.345,3983.825
1782329400000,3983.855,3988.555,3983.855,3987.565
1782329460000,3987.505,3987.505,3983.785,3984.995
1782329520000,3984.955,3985.665,3983.605,3984.385
1782329580000,3984.325,3985.885,3984.185,3984.975
1782329640000,3984.935,3985.665,3983.985,3985.385
1782329700000,3985.415,3985.655,3983.915,3984.335
1782329760000,3984.365,3985.285,3983.975,3985.265
1782329820000,3985.235,3985.235,3981.435,3981.435
1782329880000,3981.505,3982.205,3981.235,3981.765
1782329940000,3981.835,3983.745,3980.745,3982.515
1782330000000,3982.545,3983.485,3981.545,3982.195
1782330060000,3982.165,3982.915,3980.815,3980.875
1782330120000,3980.838,3980.895,3979.238,3980.555
1782330180000,3980.605,3982.295,3979.855,3982.295
1782330240000,3982.255,3983.135,3981.725,3982.435
1782330300000,3982.535,3984.115,3981.465,3983.605
1782330360000,3983.525,3984.565,3982.745,3983.275
1782330420000,3983.255,3984.365,3982.335,3982.425
1782330480000,3982.455,3982.875,3980.875,3982.325
1782330540000,3982.525,3982.935,3981.385,3981.585
1782330600000,3981.605,3983.328,3981.035,3981.995
1782330660000,3982.015,3985.145,3980.695,3984.335
1782330720000,3984.355,3986.405,3984.355,3985.475
1782330780000,3985.435,3988.545,3985.035,3987.255
1782330840000,3987.235,3990.615,3986.095,3990.398
1782330900000,3990.345,3990.345,3985.905,3987.165
1782330960000,3987.225,3988.925,3986.835,3988.175
1782331020000,3988.145,3988.175,3984.405,3987.195
1782331080000,3987.075,3988.085,3986.525,3986.645
1782331140000,3986.675,3988.645,3986.675,3987.755
1782331200000,3987.698,3988.005,3984.485,3987.585
1782331260000,3987.425,3992.415,3986.945,3991.655
1782331320000,3991.635,3991.635,3989.155,3991.165
1782331380000,3991.135,3996.315,3990.045,3996.085
1782331440000,3995.885,3998.165,3995.165,3997.105
1782331500000,3997.135,4001.775,3996.705,4001.075
1782331560000,4001.005,4002.685,3997.975,3997.985
1782331620000,3998.135,4000.205,3998.055,3999.735
1782331680000,3999.555,4000.785,3998.815,4000.265
1782331740000,4000.285,4000.645,3998.235,3998.715
1782331800000,3998.685,4000.855,3998.285,3999.135
1782331860000,3999.165,3999.165,3996.985,3997.605
1782331920000,3997.675,3997.745,3994.895,3995.355
1782331980000,3995.325,3996.325,3994.475,3996.085
1782332040000,3996.175,3996.175,3995.025,3995.045
1782332100000,3995.085,3995.615,3993.155,3993.658
1782332160000,3994.015,3994.145,3992.655,3992.905
1782332220000,3992.935,3993.655,3992.045,3992.825
1782332280000,3992.895,3993.675,3992.585,3993.565
1782332340000,3993.708,3994.485,3992.675,3992.755
1782332400000,3992.775,3995.135,3992.505,3994.195
1782332460000,3994.255,3995.075,3993.285,3993.975
1782332520000,3993.935,3994.935,3993.205,3993.415
1782332580000,3993.445,3994.155,3992.835,3994.075
1782332640000,3994.085,3999.005,3994.055,3998.155
1782332700000,3998.305,3999.125,3997.305,3998.655
1782332760000,3998.605,3999.555,3998.605,3999.175
1782332820000,3999.155,3999.155,3996.805,3997.315
1782332880000,3997.225,4000.055,3997.225,3999.455
1782332940000,3999.435,4000.715,3998.575,3999.875
1782333000000,3999.845,3999.965,3998.135,3998.625
1782333060000,3998.685,4000.545,3997.445,4000.085
1782333120000,4000.135,4001.025,3999.875,4000.425
1782333180000,4000.385,4000.435,3998.365,3998.805
1782333240000,3998.785,3999.315,3998.135,3998.335
1782333300000,3998.355,4001.095,3998.325,4000.145
1782333360000,4000.105,4001.015,3999.565,4000.065
1782333420000,4000.025,4000.635,3998.175,3998.475
1782333480000,3998.515,3998.535,3996.055,3996.085
1782333540000,3996.055,3996.185,3995.535,3995.765
1782333600000,3995.935,3997.545,3995.935,3997.425
1782333660000,3997.345,3998.825,3997.175,3998.475
1782333720000,3998.455,3998.715,3997.868,3998.715
1782333780000,3998.745,3998.865,3997.765,3998.525
1782333840000,3998.495,3999.055,3998.345,3998.645
1782333900000,3998.695,3998.825,3997.355,3997.355
1782333960000,3997.345,3998.785,3997.345,3998.705
1782334020000,3998.735,3999.895,3998.685,3999.645
1782334080000,3999.615,4000.215,3998.835,3998.975
1782334140000,3999.185,3999.215,3996.995,3997.065
1782334200000,3997.095,3998.185,3996.955,3997.315
1782334260000,3997.295,3997.775,3996.395,3997.675
1782334320000,3997.675,3999.225,3997.615,3998.935
1782334380000,3999.005,3999.655,3998.615,3999.135
1782334440000,3999.115,3999.225,3998.595,3999.175
1782334500000,3999.155,3999.355,3998.345,3999.305
1782334560000,3999.285,3999.335,3998.185,3998.605
1782334620000,3998.705,4001.055,3998.545,4000.995
1782334680000,4000.945,4001.035,3998.975,3998.995
1782334740000,3999.135,3999.295,3997.515,3997.605
1782334800000,3997.605,3997.605,3997.605,3997.605
1782334860000,3997.605,3997.605,3997.605,3997.605
1782334920000,3997.605,3997.605,3997.605,3997.605
1782334980000,3997.605,3997.605,3997.605,3997.605
1782335040000,3997.605,3997.605,3997.605,3997.605
1782335100000,3997.605,3997.605,3997.605,3997.605
1782335160000,3997.605,3997.605,3997.605,3997.605
1782335220000,3997.605,3997.605,3997.605,3997.605
1782335280000,3997.605,3997.605,3997.605,3997.605
1782335340000,3997.605,3997.605,3997.605,3997.605
1782335400000,3997.605,3997.605,3997.605,3997.605
1782335460000,3997.605,3997.605,3997.605,3997.605
1782335520000,3997.605,3997.605,3997.605,3997.605
1782335580000,3997.605,3997.605,3997.605,3997.605
1782335640000,3997.605,3997.605,3997.605,3997.605
1782335700000,3997.605,3997.605,3997.605,3997.605
1782335760000,3997.605,3997.605,3997.605,3997.605
1782335820000,3997.605,3997.605,3997.605,3997.605
1782335880000,3997.605,3997.605,3997.605,3997.605
1782335940000,3997.605,3997.605,3997.605,3997.605
1782336000000,3997.605,3997.605,3997.605,3997.605
1782336060000,3997.605,3997.605,3997.605,3997.605
1782336120000,3997.605,3997.605,3997.605,3997.605
1782336180000,3997.605,3997.605,3997.605,3997.605
1782336240000,3997.605,3997.605,3997.605,3997.605
1782336300000,3997.605,3997.605,3997.605,3997.605
1782336360000,3997.605,3997.605,3997.605,3997.605
1782336420000,3997.605,3997.605,3997.605,3997.605
1782336480000,3997.605,3997.605,3997.605,3997.605
1782336540000,3997.605,3997.605,3997.605,3997.605
1782336600000,3997.605,3997.605,3997.605,3997.605
1782336660000,3997.605,3997.605,3997.605,3997.605
1782336720000,3997.605,3997.605,3997.605,3997.605
1782336780000,3997.605,3997.605,3997.605,3997.605
1782336840000,3997.605,3997.605,3997.605,3997.605
1782336900000,3997.605,3997.605,3997.605,3997.605
1782336960000,3997.605,3997.605,3997.605,3997.605
1782337020000,3997.605,3997.605,3997.605,3997.605
1782337080000,3997.605,3997.605,3997.605,3997.605
1782337140000,3997.605,3997.605,3997.605,3997.605
1782337200000,3997.605,3997.605,3997.605,3997.605
1782337260000,3997.605,3997.605,3997.605,3997.605
1782337320000,3997.605,3997.605,3997.605,3997.605
1782337380000,3997.605,3997.605,3997.605,3997.605
1782337440000,3997.605,3997.605,3997.605,3997.605
1782337500000,3997.605,3997.605,3997.605,3997.605
1782337560000,3997.605,3997.605,3997.605,3997.605
1782337620000,3997.605,3997.605,3997.605,3997.605
1782337680000,3997.605,3997.605,3997.605,3997.605
1782337740000,3997.605,3997.605,3997.605,3997.605
1782337800000,3997.605,3997.605,3997.605,3997.605
1782337860000,3997.605,3997.605,3997.605,3997.605
1782337920000,3997.605,3997.605,3997.605,3997.605
1782337980000,3997.605,3997.605,3997.605,3997.605
1782338040000,3997.605,3997.605,3997.605,3997.605
1782338100000,3997.605,3997.605,3997.605,3997.605
1782338160000,3997.605,3997.605,3997.605,3997.605
1782338220000,3997.605,3997.605,3997.605,3997.605
1782338280000,3997.605,3997.605,3997.605,3997.605
1782338340000,3997.605,3997.605,3997.605,3997.605
1782338400000,4003.035,4007.515,4003.035,4006.965
1782338460000,4006.745,4008.365,4006.095,4008.365
1782338520000,4008.315,4008.545,4006.148,4007.805
1782338580000,4007.835,4008.375,4006.835,4007.075
1782338640000,4007.035,4008.375,4006.485,4007.325
1782338700000,4007.325,4007.325,4004.455,4005.185
1782338760000,4005.155,4006.015,4000.875,4002.025
1782338820000,4002.095,4002.635,4001.165,4002.445
1782338880000,4002.425,4004.175,4002.425,4003.415
1782338940000,4003.435,4003.555,4002.645,4003.555
1782339000000,4003.065,4004.165,4002.575,4003.345
1782339060000,4003.225,4003.355,4002.845,4002.995
1782339120000,4002.945,4004.775,4002.945,4004.465
1782339180000,4004.495,4004.495,4001.475,4001.595
1782339240000,4001.535,4001.928,4000.615,4001.345
1782339300000,4001.435,4001.715,4000.345,4000.485
1782339360000,4000.605,4001.735,4000.458,4001.385
1782339420000,4001.315,4001.595,4000.158,4001.105
1782339480000,4001.165,4001.495,4000.685,4001.025
1782339540000,4001.045,4001.045,4000.225,4000.645
1782339600000,4000.755,4002.035,4000.478,4001.225
1782339660000,4001.185,4001.475,4000.335,4000.965
1782339720000,4001.065,4002.175,4001.065,4001.745
1782339780000,4001.795,4002.015,4001.285,4001.405
1782339840000,4001.465,4001.725,4001.465,4001.585
1782339900000,4001.565,4001.945,4000.215,4001.765
1782339960000,4001.805,4001.985,4001.015,4001.025
1782340020000,4000.995,4002.515,4000.995,4001.915
1782340080000,4001.965,4002.615,4001.575,4001.595
1782340140000,4001.635,4002.475,4001.315,4001.665
1782340200000,4002.185,4002.765,3999.215,3999.705
1782340260000,3999.835,4002.395,3999.835,4002.265
1782340320000,4002.285,4003.335,4001.765,4002.335
1782340380000,4002.415,4003.365,4001.845,4002.405
1782340440000,4002.505,4004.438,4002.335,4003.815
1782340500000,4003.845,4005.525,4003.775,4005.495
1782340560000,4005.435,4006.525,4004.205,4004.655
1782340620000,4004.625,4006.285,4004.175,4004.915
1782340680000,4004.855,4005.045,4003.925,4004.275
1782340740000,4004.295,4004.295,4001.675,4002.425
1782340800000,4002.495,4002.675,4001.405,4002.435
1782340860000,4002.465,4003.425,4001.525,4002.075
1782340920000,4002.055,4003.715,4001.795,4002.725
1782340980000,4002.695,4003.655,4002.305,4003.045
1782341040000,4003.078,4003.388,4001.575,4001.688
1782341100000,4001.928,4002.088,4000.735,4001.135
1782341160000,4001.215,4001.615,3999.985,4000.668
1782341220000,4000.668,4000.785,4000.075,4000.375
1782341280000,4000.405,4000.805,3999.075,3999.225
1782341340000,3999.185,3999.265,3997.535,3997.595
1782341400000,3997.515,3998.275,3997.065,3997.065
1782341460000,3997.125,3998.825,3997.125,3998.475
1782341520000,3998.525,3998.555,3997.415,3998.145
1782341580000,3998.225,3998.345,3994.438,3994.508
1782341640000,3994.848,3996.238,3994.265,3994.748
1782341700000,3994.845,3995.815,3992.535,3995.785
1782341760000,3995.835,3996.735,3995.805,3996.575
1782341820000,3996.565,3996.915,3996.135,3996.685
1782341880000,3996.398,3996.398,3995.728,3995.828
1782341940000,3995.828,3995.998,3995.628,3995.898
1782342000000,3995.705,3997.848,3995.698,3997.288
1782342060000,3997.288,3998.098,3995.018,3996.938
1782342120000,3996.895,3997.028,3993.778,3994.518
1782342180000,3994.598,3995.698,3993.318,3994.178
1782342240000,3994.188,3996.348,3994.168,3994.948
1782342300000,3994.948,3994.948,3991.718,3992.788
1782342360000,3992.818,3993.218,3990.228,3992.538
1782342420000,3992.558,3993.338,3991.138,3991.478
1782342480000,3991.478,3991.728,3991.108,3991.458
1782342540000,3991.468,3993.318,3991.208,3993.318
1782342600000,3993.338,3994.385,3992.928,3994.105
1782342660000,3994.135,3995.035,3994.065,3994.785
1782342720000,3994.815,3995.095,3992.035,3992.445
1782342780000,3992.485,3994.445,3991.735,3993.535
1782342840000,3993.205,3995.015,3993.125,3994.785
1782342900000,3994.925,3997.555,3994.835,3997.455
1782342960000,3997.475,3998.285,3997.355,3998.205
1782343020000,3998.235,3998.435,3996.085,3996.715
1782343080000,3996.755,3998.705,3996.355,3997.885
1782343140000,3997.835,3998.605,3997.515,3997.545
1782343200000,3997.685,3998.205,3997.225,3998.035
1782343260000,3998.065,3998.475,3997.885,3998.315
1782343320000,3998.215,3998.455,3997.475,3997.795
1782343380000,3997.775,3999.245,3997.775,3999.165
1782343440000,3999.185,3999.865,3998.425,3999.535
1782343500000,3999.735,4000.455,3999.535,4000.235
1782343560000,4000.285,4000.295,3998.855,3999.375
1782343620000,3999.395,3999.685,3997.725,3997.735
1782343680000,3997.705,3998.525,3996.775,3997.855
1782343740000,3997.875,3998.605,3997.835,3997.965
1782343800000,3997.975,3999.435,3997.855,3999.385
1782343860000,3999.515,4000.185,3999.185,3999.375
1782343920000,3999.305,4000.745,3999.305,4000.615
1782343980000,4000.645,4006.075,3999.685,4005.585
1782344040000,4005.575,4008.585,4005.415,4008.585
1782344100000,4008.555,4014.565,4007.825,4013.285
1782344160000,4013.205,4014.635,4011.825,4013.085
1782344220000,4012.775,4013.455,4011.435,4013.235
1782344280000,4013.205,4018.385,4013.175,4018.325
1782344340000,4018.035,4018.115,4015.395,4015.615
1782344400000,4015.595,4016.495,4014.705,4015.945
1782344460000,4015.895,4016.005,4012.525,4013.055
1782344520000,4013.025,4013.025,4010.435,4010.815
1782344580000,4010.835,4013.585,4010.755,4012.685
1782344640000,4012.575,4015.045,4012.195,4014.235
1782344700000,4014.265,4017.485,4013.835,4016.685
1782344760000,4016.705,4017.085,4014.315,4014.735
1782344820000,4014.705,4014.705,4009.815,4010.715
1782344880000,4010.685,4011.765,4010.545,4010.545
1782344940000,4010.495,4011.875,4009.905,4010.605
1782345000000,4010.565,4013.305,4010.565,4012.745
1782345060000,4012.705,4012.885,4010.495,4010.705
1782345120000,4010.765,4011.105,4009.765,4011.075
1782345180000,4010.975,4011.105,4010.455,4010.885
1782345240000,4010.835,4011.185,4009.905,4010.405
1782345300000,4010.425,4010.975,4009.305,4010.785
1782345360000,4010.785,4011.405,4010.055,4011.305
1782345420000,4011.415,4012.955,4011.415,4011.855
1782345480000,4011.415,4011.415,4009.388,4009.845
1782345540000,4009.875,4013.305,4009.555,4012.205
1782518400000,4087.915,4087.915,4087.915,4087.915
1782518460000,4087.915,4087.915,4087.915,4087.915
1782518520000,4087.915,4087.915,4087.915,4087.915
1782518580000,4087.915,4087.915,4087.915,4087.915
1782518640000,4087.915,4087.915,4087.915,4087.915
1782518700000,4087.915,4087.915,4087.915,4087.915
1782518760000,4087.915,4087.915,4087.915,4087.915
1782518820000,4087.915,4087.915,4087.915,4087.915
1782518880000,4087.915,4087.915,4087.915,4087.915
1782518940000,4087.915,4087.915,4087.915,4087.915
1782519000000,4087.915,4087.915,4087.915,4087.915
1782519060000,4087.915,4087.915,4087.915,4087.915
1782519120000,4087.915,4087.915,4087.915,4087.915
1782519180000,4087.915,4087.915,4087.915,4087.915
1782519240000,4087.915,4087.915,4087.915,4087.915
1782519300000,4087.915,4087.915,4087.915,4087.915
1782519360000,4087.915,4087.915,4087.915,4087.915
1782519420000,4087.915,4087.915,4087.915,4087.915
1782519480000,4087.915,4087.915,4087.915,4087.915
1782519540000,4087.915,4087.915,4087.915,4087.915
1782519600000,4087.915,4087.915,4087.915,4087.915
1782519660000,4087.915,4087.915,4087.915,4087.915
1782519720000,4087.915,4087.915,4087.915,4087.915
1782519780000,4087.915,4087.915,4087.915,4087.915
1782519840000,4087.915,4087.915,4087.915,4087.915
1782519900000,4087.915,4087.915,4087.915,4087.915
1782519960000,4087.915,4087.915,4087.915,4087.915
1782520020000,4087.915,4087.915,4087.915,4087.915
1782520080000,4087.915,4087.915,4087.915,4087.915
1782520140000,4087.915,4087.915,4087.915,4087.915
1782520200000,4087.915,4087.915,4087.915,4087.915
1782520260000,4087.915,4087.915,4087.915,4087.915
1782520320000,4087.915,4087.915,4087.915,4087.915
1782520380000,4087.915,4087.915,4087.915,4087.915
1782520440000,4087.915,4087.915,4087.915,4087.915
1782520500000,4087.915,4087.915,4087.915,4087.915
1782520560000,4087.915,4087.915,4087.915,4087.915
1782520620000,4087.915,4087.915,4087.915,4087.915
1782520680000,4087.915,4087.915,4087.915,4087.915
1782520740000,4087.915,4087.915,4087.915,4087.915
1782520800000,4087.915,4087.915,4087.915,4087.915
1782520860000,4087.915,4087.915,4087.915,4087.915
1782520920000,4087.915,4087.915,4087.915,4087.915
1782520980000,4087.915,4087.915,4087.915,4087.915
1782521040000,4087.915,4087.915,4087.915,4087.915
1782521100000,4087.915,4087.915,4087.915,4087.915
1782521160000,4087.915,4087.915,4087.915,4087.915
1782521220000,4087.915,4087.915,4087.915,4087.915
1782521280000,4087.915,4087.915,4087.915,4087.915
1782521340000,4087.915,4087.915,4087.915,4087.915
1782521400000,4087.915,4087.915,4087.915,4087.915
1782521460000,4087.915,4087.915,4087.915,4087.915
1782521520000,4087.915,4087.915,4087.915,4087.915
1782521580000,4087.915,4087.915,4087.915,4087.915
1782521640000,4087.915,4087.915,4087.915,4087.915
1782521700000,4087.915,4087.915,4087.915,4087.915
1782521760000,4087.915,4087.915,4087.915,4087.915
1782521820000,4087.915,4087.915,4087.915,4087.915
1782521880000,4087.915,4087.915,4087.915,4087.915
1782521940000,4087.915,4087.915,4087.915,4087.915
1782522000000,4087.915,4087.915,4087.915,4087.915
1782522060000,4087.915,4087.915,4087.915,4087.915
1782522120000,4087.915,4087.915,4087.915,4087.915
1782522180000,4087.915,4087.915,4087.915,4087.915
1782522240000,4087.915,4087.915,4087.915,4087.915
1782522300000,4087.915,4087.915,4087.915,4087.915
1782522360000,4087.915,4087.915,4087.915,4087.915
1782522420000,4087.915,4087.915,4087.915,4087.915
1782522480000,4087.915,4087.915,4087.915,4087.915
1782522540000,4087.915,4087.915,4087.915,4087.915
1782522600000,4087.915,4087.915,4087.915,4087.915
1782522660000,4087.915,4087.915,4087.915,4087.915
1782522720000,4087.915,4087.915,4087.915,4087.915
1782522780000,4087.915,4087.915,4087.915,4087.915
1782522840000,4087.915,4087.915,4087.915,4087.915
1782522900000,4087.915,4087.915,4087.915,4087.915
1782522960000,4087.915,4087.915,4087.915,4087.915
1782523020000,4087.915,4087.915,4087.915,4087.915
1782523080000,4087.915,4087.915,4087.915,4087.915
1782523140000,4087.915,4087.915,4087.915,4087.915
1782523200000,4087.915,4087.915,4087.915,4087.915
1782523260000,4087.915,4087.915,4087.915,4087.915
1782523320000,4087.915,4087.915,4087.915,4087.915
1782523380000,4087.915,4087.915,4087.915,4087.915
1782523440000,4087.915,4087.915,4087.915,4087.915
1782523500000,4087.915,4087.915,4087.915,4087.915
1782523560000,4087.915,4087.915,4087.915,4087.915
1782523620000,4087.915,4087.915,4087.915,4087.915
1782523680000,4087.915,4087.915,4087.915,4087.915
1782523740000,4087.915,4087.915,4087.915,4087.915
1782523800000,4087.915,4087.915,4087.915,4087.915
1782523860000,4087.915,4087.915,4087.915,4087.915
1782523920000,4087.915,4087.915,4087.915,4087.915
1782523980000,4087.915,4087.915,4087.915,4087.915
1782524040000,4087.915,4087.915,4087.915,4087.915
1782524100000,4087.915,4087.915,4087.915,4087.915
1782524160000,4087.915,4087.915,4087.915,4087.915
1782524220000,4087.915,4087.915,4087.915,4087.915
1782524280000,4087.915,4087.915,4087.915,4087.915
1782524340000,4087.915,4087.915,4087.915,4087.915
1782524400000,4087.915,4087.915,4087.915,4087.915
1782524460000,4087.915,4087.915,4087.915,4087.915
1782524520000,4087.915,4087.915,4087.915,4087.915
1782524580000,4087.915,4087.915,4087.915,4087.915
1782524640000,4087.915,4087.915,4087.915,4087.915
1782524700000,4087.915,4087.915,4087.915,4087.915
1782524760000,4087.915,4087.915,4087.915,4087.915
1782524820000,4087.915,4087.915,4087.915,4087.915
1782524880000,4087.915,4087.915,4087.915,4087.915
1782524940000,4087.915,4087.915,4087.915,4087.915
1782525000000,4087.915,4087.915,4087.915,4087.915
1782525060000,4087.915,4087.915,4087.915,4087.915
1782525120000,4087.915,4087.915,4087.915,4087.915
1782525180000,4087.915,4087.915,4087.915,4087.915
1782525240000,4087.915,4087.915,4087.915,4087.915
1782525300000,4087.915,4087.915,4087.915,4087.915
1782525360000,4087.915,4087.915,4087.915,4087.915
1782525420000,4087.915,4087.915,4087.915,4087.915
1782525480000,4087.915,4087.915,4087.915,4087.915
1782525540000,4087.915,4087.915,4087.915,4087.915
1782525600000,4087.915,4087.915,4087.915,4087.915
1782525660000,4087.915,4087.915,4087.915,4087.915
1782525720000,4087.915,4087.915,4087.915,4087.915
1782525780000,4087.915,4087.915,4087.915,4087.915
1782525840000,4087.915,4087.915,4087.915,4087.915
1782525900000,4087.915,4087.915,4087.915,4087.915
1782525960000,4087.915,4087.915,4087.915,4087.915
1782526020000,4087.915,4087.915,4087.915,4087.915
1782526080000,4087.915,4087.915,4087.915,4087.915
1782526140000,4087.915,4087.915,4087.915,4087.915
1782526200000,4087.915,4087.915,4087.915,4087.915
1782526260000,4087.915,4087.915,4087.915,4087.915
1782526320000,4087.915,4087.915,4087.915,4087.915
1782526380000,4087.915,4087.915,4087.915,4087.915
1782526440000,4087.915,4087.915,4087.915,4087.915
1782526500000,4087.915,4087.915,4087.915,4087.915
1782526560000,4087.915,4087.915,4087.915,4087.915
1782526620000,4087.915,4087.915,4087.915,4087.915
1782526680000,4087.915,4087.915,4087.915,4087.915
1782526740000,4087.915,4087.915,4087.915,4087.915
1782526800000,4087.915,4087.915,4087.915,4087.915
1782526860000,4087.915,4087.915,4087.915,4087.915
1782526920000,4087.915,4087.915,4087.915,4087.915
1782526980000,4087.915,4087.915,4087.915,4087.915
1782527040000,4087.915,4087.915,4087.915,4087.915
1782527100000,4087.915,4087.915,4087.915,4087.915
1782527160000,4087.915,4087.915,4087.915,4087.915
1782527220000,4087.915,4087.915,4087.915,4087.915
1782527280000,4087.915,4087.915,4087.915,4087.915
1782527340000,4087.915,4087.915,4087.915,4087.915
1782527400000,4087.915,4087.915,4087.915,4087.915
1782527460000,4087.915,4087.915,4087.915,4087.915
1782527520000,4087.915,4087.915,4087.915,4087.915
1782527580000,4087.915,4087.915,4087.915,4087.915
1782527640000,4087.915,4087.915,4087.915,4087.915
1782527700000,4087.915,4087.915,4087.915,4087.915
1782527760000,4087.915,4087.915,4087.915,4087.915
1782527820000,4087.915,4087.915,4087.915,4087.915
1782527880000,4087.915,4087.915,4087.915,4087.915
1782527940000,4087.915,4087.915,4087.915,4087.915
1782528000000,4087.915,4087.915,4087.915,4087.915
1782528060000,4087.915,4087.915,4087.915,4087.915
1782528120000,4087.915,4087.915,4087.915,4087.915
1782528180000,4087.915,4087.915,4087.915,4087.915
1782528240000,4087.915,4087.915,4087.915,4087.915
1782528300000,4087.915,4087.915,4087.915,4087.915
1782528360000,4087.915,4087.915,4087.915,4087.915
1782528420000,4087.915,4087.915,4087.915,4087.915
1782528480000,4087.915,4087.915,4087.915,4087.915
1782528540000,4087.915,4087.915,4087.915,4087.915
1782528600000,4087.915,4087.915,4087.915,4087.915
1782528660000,4087.915,4087.915,4087.915,4087.915
1782528720000,4087.915,4087.915,4087.915,4087.915
1782528780000,4087.915,4087.915,4087.915,4087.915
1782528840000,4087.915,4087.915,4087.915,4087.915
1782528900000,4087.915,4087.915,4087.915,4087.915
1782528960000,4087.915,4087.915,4087.915,4087.915
1782529020000,4087.915,4087.915,4087.915,4087.915
1782529080000,4087.915,4087.915,4087.915,4087.915
1782529140000,4087.915,4087.915,4087.915,4087.915
1782529200000,4087.915,4087.915,4087.915,4087.915
1782529260000,4087.915,4087.915,4087.915,4087.915
1782529320000,4087.915,4087.915,4087.915,4087.915
1782529380000,4087.915,4087.915,4087.915,4087.915
1782529440000,4087.915,4087.915,4087.915,4087.915
1782529500000,4087.915,4087.915,4087.915,4087.915
1782529560000,4087.915,4087.915,4087.915,4087.915
1782529620000,4087.915,4087.915,4087.915,4087.915
1782529680000,4087.915,4087.915,4087.915,4087.915
1782529740000,4087.915,4087.915,4087.915,4087.915
1782529800000,4087.915,4087.915,4087.915,4087.915
1782529860000,4087.915,4087.915,4087.915,4087.915
1782529920000,4087.915,4087.915,4087.915,4087.915
1782529980000,4087.915,4087.915,4087.915,4087.915
1782530040000,4087.915,4087.915,4087.915,4087.915
1782530100000,4087.915,4087.915,4087.915,4087.915
1782530160000,4087.915,4087.915,4087.915,4087.915
1782530220000,4087.915,4087.915,4087.915,4087.915
1782530280000,4087.915,4087.915,4087.915,4087.915
1782530340000,4087.915,4087.915,4087.915,4087.915
1782530400000,4087.915,4087.915,4087.915,4087.915
1782530460000,4087.915,4087.915,4087.915,4087.915
1782530520000,4087.915,4087.915,4087.915,4087.915
1782530580000,4087.915,4087.915,4087.915,4087.915
1782530640000,4087.915,4087.915,4087.915,4087.915
1782530700000,4087.915,4087.915,4087.915,4087.915
1782530760000,4087.915,4087.915,4087.915,4087.915
1782530820000,4087.915,4087.915,4087.915,4087.915
1782530880000,4087.915,4087.915,4087.915,4087.915
1782530940000,4087.915,4087.915,4087.915,4087.915
1782531000000,4087.915,4087.915,4087.915,4087.915
1782531060000,4087.915,4087.915,4087.915,4087.915
1782531120000,4087.915,4087.915,4087.915,4087.915
1782531180000,4087.915,4087.915,4087.915,4087.915
1782531240000,4087.915,4087.915,4087.915,4087.915
1782531300000,4087.915,4087.915,4087.915,4087.915
1782531360000,4087.915,4087.915,4087.915,4087.915
1782531420000,4087.915,4087.915,4087.915,4087.915
1782531480000,4087.915,4087.915,4087.915,4087.915
1782531540000,4087.915,4087.915,4087.915,4087.915
1782531600000,4087.915,4087.915,4087.915,4087.915
1782531660000,4087.915,4087.915,4087.915,4087.915
1782531720000,4087.915,4087.915,4087.915,4087.915
1782531780000,4087.915,4087.915,4087.915,4087.915
1782531840000,4087.915,4087.915,4087.915,4087.915
1782531900000,4087.915,4087.915,4087.915,4087.915
1782531960000,4087.915,4087.915,4087.915,4087.915
1782532020000,4087.915,4087.915,4087.915,4087.915
1782532080000,4087.915,4087.915,4087.915,4087.915
1782532140000,4087.915,4087.915,4087.915,4087.915
1782532200000,4087.915,4087.915,4087.915,4087.915
1782532260000,4087.915,4087.915,4087.915,4087.915
1782532320000,4087.915,4087.915,4087.915,4087.915
1782532380000,4087.915,4087.915,4087.915,4087.915
1782532440000,4087.915,4087.915,4087.915,4087.915
1782532500000,4087.915,4087.915,4087.915,4087.915
1782532560000,4087.915,4087.915,4087.915,4087.915
1782532620000,4087.915,4087.915,4087.915,4087.915
1782532680000,4087.915,4087.915,4087.915,4087.915
1782532740000,4087.915,4087.915,4087.915,4087.915
1782532800000,4087.915,4087.915,4087.915,4087.915
1782532860000,4087.915,4087.915,4087.915,4087.915
1782532920000,4087.915,4087.915,4087.915,4087.915
1782532980000,4087.915,4087.915,4087.915,4087.915
1782533040000,4087.915,4087.915,4087.915,4087.915
1782533100000,4087.915,4087.915,4087.915,4087.915
1782533160000,4087.915,4087.915,4087.915,4087.915
1782533220000,4087.915,4087.915,4087.915,4087.915
1782533280000,4087.915,4087.915,4087.915,4087.915
1782533340000,4087.915,4087.915,4087.915,4087.915
1782533400000,4087.915,4087.915,4087.915,4087.915
1782533460000,4087.915,4087.915,4087.915,4087.915
1782533520000,4087.915,4087.915,4087.915,4087.915
1782533580000,4087.915,4087.915,4087.915,4087.915
1782533640000,4087.915,4087.915,4087.915,4087.915
1782533700000,4087.915,4087.915,4087.915,4087.915
1782533760000,4087.915,4087.915,4087.915,4087.915
1782533820000,4087.915,4087.915,4087.915,4087.915
1782533880000,4087.915,4087.915,4087.915,4087.915
1782533940000,4087.915,4087.915,4087.915,4087.915
1782534000000,4087.915,4087.915,4087.915,4087.915
1782534060000,4087.915,4087.915,4087.915,4087.915
1782534120000,4087.915,4087.915,4087.915,4087.915
1782534180000,4087.915,4087.915,4087.915,4087.915
1782534240000,4087.915,4087.915,4087.915,4087.915
1782534300000,4087.915,4087.915,4087.915,4087.915
1782534360000,4087.915,4087.915,4087.915,4087.915
1782534420000,4087.915,4087.915,4087.915,4087.915
1782534480000,4087.915,4087.915,4087.915,4087.915
1782534540000,4087.915,4087.915,4087.915,4087.915
1782534600000,4087.915,4087.915,4087.915,4087.915
1782534660000,4087.915,4087.915,4087.915,4087.915
1782534720000,4087.915,4087.915,4087.915,4087.915
1782534780000,4087.915,4087.915,4087.915,4087.915
1782534840000,4087.915,4087.915,4087.915,4087.915
1782534900000,4087.915,4087.915,4087.915,4087.915
1782534960000,4087.915,4087.915,4087.915,4087.915
1782535020000,4087.915,4087.915,4087.915,4087.915
1782535080000,4087.915,4087.915,4087.915,4087.915
1782535140000,4087.915,4087.915,4087.915,4087.915
1782535200000,4087.915,4087.915,4087.915,4087.915
1782535260000,4087.915,4087.915,4087.915,4087.915
1782535320000,4087.915,4087.915,4087.915,4087.915
1782535380000,4087.915,4087.915,4087.915,4087.915
1782535440000,4087.915,4087.915,4087.915,4087.915
1782535500000,4087.915,4087.915,4087.915,4087.915
1782535560000,4087.915,4087.915,4087.915,4087.915
1782535620000,4087.915,4087.915,4087.915,4087.915
1782535680000,4087.915,4087.915,4087.915,4087.915
1782535740000,4087.915,4087.915,4087.915,4087.915
1782535800000,4087.915,4087.915,4087.915,4087.915
1782535860000,4087.915,4087.915,4087.915,4087.915
1782535920000,4087.915,4087.915,4087.915,4087.915
1782535980000,4087.915,4087.915,4087.915,4087.915
1782536040000,4087.915,4087.915,4087.915,4087.915
1782536100000,4087.915,4087.915,4087.915,4087.915
1782536160000,4087.915,4087.915,4087.915,4087.915
1782536220000,4087.915,4087.915,4087.915,4087.915
1782536280000,4087.915,4087.915,4087.915,4087.915
1782536340000,4087.915,4087.915,4087.915,4087.915
1782536400000,4087.915,4087.915,4087.915,4087.915
1782536460000,4087.915,4087.915,4087.915,4087.915
1782536520000,4087.915,4087.915,4087.915,4087.915
1782536580000,4087.915,4087.915,4087.915,4087.915
1782536640000,4087.915,4087.915,4087.915,4087.915
1782536700000,4087.915,4087.915,4087.915,4087.915
1782536760000,4087.915,4087.915,4087.915,4087.915
1782536820000,4087.915,4087.915,4087.915,4087.915
1782536880000,4087.915,4087.915,4087.915,4087.915
1782536940000,4087.915,4087.915,4087.915,4087.915
1782537000000,4087.915,4087.915,4087.915,4087.915
1782537060000,4087.915,4087.915,4087.915,4087.915
1782537120000,4087.915,4087.915,4087.915,4087.915
1782537180000,4087.915,4087.915,4087.915,4087.915
1782537240000,4087.915,4087.915,4087.915,4087.915
1782537300000,4087.915,4087.915,4087.915,4087.915
1782537360000,4087.915,4087.915,4087.915,4087.915
1782537420000,4087.915,4087.915,4087.915,4087.915
1782537480000,4087.915,4087.915,4087.915,4087.915
1782537540000,4087.915,4087.915,4087.915,4087.915
1782537600000,4087.915,4087.915,4087.915,4087.915
1782537660000,4087.915,4087.915,4087.915,4087.915
1782537720000,4087.915,4087.915,4087.915,4087.915
1782537780000,4087.915,4087.915,4087.915,4087.915
1782537840000,4087.915,4087.915,4087.915,4087.915
1782537900000,4087.915,4087.915,4087.915,4087.915
1782537960000,4087.915,4087.915,4087.915,4087.915
1782538020000,4087.915,4087.915,4087.915,4087.915
1782538080000,4087.915,4087.915,4087.915,4087.915
1782538140000,4087.915,4087.915,4087.915,4087.915
1782538200000,4087.915,4087.915,4087.915,4087.915
1782538260000,4087.915,4087.915,4087.915,4087.915
1782538320000,4087.915,4087.915,4087.915,4087.915
1782538380000,4087.915,4087.915,4087.915,4087.915
1782538440000,4087.915,4087.915,4087.915,4087.915
1782538500000,4087.915,4087.915,4087.915,4087.915
1782538560000,4087.915,4087.915,4087.915,4087.915
1782538620000,4087.915,4087.915,4087.915,4087.915
1782538680000,4087.915,4087.915,4087.915,4087.915
1782538740000,4087.915,4087.915,4087.915,4087.915
1782538800000,4087.915,4087.915,4087.915,4087.915
1782538860000,4087.915,4087.915,4087.915,4087.915
1782538920000,4087.915,4087.915,4087.915,4087.915
1782538980000,4087.915,4087.915,4087.915,4087.915
1782539040000,4087.915,4087.915,4087.915,4087.915
1782539100000,4087.915,4087.915,4087.915,4087.915
1782539160000,4087.915,4087.915,4087.915,4087.915
1782539220000,4087.915,4087.915,4087.915,4087.915
1782539280000,4087.915,4087.915,4087.915,4087.915
1782539340000,4087.915,4087.915,4087.915,4087.915
1782539400000,4087.915,4087.915,4087.915,4087.915
1782539460000,4087.915,4087.915,4087.915,4087.915
1782539520000,4087.915,4087.915,4087.915,4087.915
1782539580000,4087.915,4087.915,4087.915,4087.915
1782539640000,4087.915,4087.915,4087.915,4087.915
1782539700000,4087.915,4087.915,4087.915,4087.915
1782539760000,4087.915,4087.915,4087.915,4087.915
1782539820000,4087.915,4087.915,4087.915,4087.915
1782539880000,4087.915,4087.915,4087.915,4087.915
1782539940000,4087.915,4087.915,4087.915,4087.915
1782540000000,4087.915,4087.915,4087.915,4087.915
1782540060000,4087.915,4087.915,4087.915,4087.915
1782540120000,4087.915,4087.915,4087.915,4087.915
1782540180000,4087.915,4087.915,4087.915,4087.915
1782540240000,4087.915,4087.915,4087.915,4087.915
1782540300000,4087.915,4087.915,4087.915,4087.915
1782540360000,4087.915,4087.915,4087.915,4087.915
1782540420000,4087.915,4087.915,4087.915,4087.915
1782540480000,4087.915,4087.915,4087.915,4087.915
1782540540000,4087.915,4087.915,4087.915,4087.915
1782540600000,4087.915,4087.915,4087.915,4087.915
1782540660000,4087.915,4087.915,4087.915,4087.915
1782540720000,4087.915,4087.915,4087.915,4087.915
1782540780000,4087.915,4087.915,4087.915,4087.915
1782540840000,4087.915,4087.915,4087.915,4087.915
1782540900000,4087.915,4087.915,4087.915,4087.915
1782540960000,4087.915,4087.915,4087.915,4087.915
1782541020000,4087.915,4087.915,4087.915,4087.915
1782541080000,4087.915,4087.915,4087.915,4087.915
1782541140000,4087.915,4087.915,4087.915,4087.915
1782541200000,4087.915,4087.915,4087.915,4087.915
1782541260000,4087.915,4087.915,4087.915,4087.915
1782541320000,4087.915,4087.915,4087.915,4087.915
1782541380000,4087.915,4087.915,4087.915,4087.915
1782541440000,4087.915,4087.915,4087.915,4087.915
1782541500000,4087.915,4087.915,4087.915,4087.915
1782541560000,4087.915,4087.915,4087.915,4087.915
1782541620000,4087.915,4087.915,4087.915,4087.915
1782541680000,4087.915,4087.915,4087.915,4087.915
1782541740000,4087.915,4087.915,4087.915,4087.915
1782541800000,4087.915,4087.915,4087.915,4087.915
1782541860000,4087.915,4087.915,4087.915,4087.915
1782541920000,4087.915,4087.915,4087.915,4087.915
1782541980000,4087.915,4087.915,4087.915,4087.915
1782542040000,4087.915,4087.915,4087.915,4087.915
1782542100000,4087.915,4087.915,4087.915,4087.915
1782542160000,4087.915,4087.915,4087.915,4087.915
1782542220000,4087.915,4087.915,4087.915,4087.915
1782542280000,4087.915,4087.915,4087.915,4087.915
1782542340000,4087.915,4087.915,4087.915,4087.915
1782542400000,4087.915,4087.915,4087.915,4087.915
1782542460000,4087.915,4087.915,4087.915,4087.915
1782542520000,4087.915,4087.915,4087.915,4087.915
1782542580000,4087.915,4087.915,4087.915,4087.915
1782542640000,4087.915,4087.915,4087.915,4087.915
1782542700000,4087.915,4087.915,4087.915,4087.915
1782542760000,4087.915,4087.915,4087.915,4087.915
1782542820000,4087.915,4087.915,4087.915,4087.915
1782542880000,4087.915,4087.915,4087.915,4087.915
1782542940000,4087.915,4087.915,4087.915,4087.915
1782543000000,4087.915,4087.915,4087.915,4087.915
1782543060000,4087.915,4087.915,4087.915,4087.915
1782543120000,4087.915,4087.915,4087.915,4087.915
1782543180000,4087.915,4087.915,4087.915,4087.915
1782543240000,4087.915,4087.915,4087.915,4087.915
1782543300000,4087.915,4087.915,4087.915,4087.915
1782543360000,4087.915,4087.915,4087.915,4087.915
1782543420000,4087.915,4087.915,4087.915,4087.915
1782543480000,4087.915,4087.915,4087.915,4087.915
1782543540000,4087.915,4087.915,4087.915,4087.915
1782543600000,4087.915,4087.915,4087.915,4087.915
1782543660000,4087.915,4087.915,4087.915,4087.915
1782543720000,4087.915,4087.915,4087.915,4087.915
1782543780000,4087.915,4087.915,4087.915,4087.915
1782543840000,4087.915,4087.915,4087.915,4087.915
1782543900000,4087.915,4087.915,4087.915,4087.915
1782543960000,4087.915,4087.915,4087.915,4087.915
1782544020000,4087.915,4087.915,4087.915,4087.915
1782544080000,4087.915,4087.915,4087.915,4087.915
1782544140000,4087.915,4087.915,4087.915,4087.915
1782544200000,4087.915,4087.915,4087.915,4087.915
1782544260000,4087.915,4087.915,4087.915,4087.915
1782544320000,4087.915,4087.915,4087.915,4087.915
1782544380000,4087.915,4087.915,4087.915,4087.915
1782544440000,4087.915,4087.915,4087.915,4087.915
1782544500000,4087.915,4087.915,4087.915,4087.915
1782544560000,4087.915,4087.915,4087.915,4087.915
1782544620000,4087.915,4087.915,4087.915,4087.915
1782544680000,4087.915,4087.915,4087.915,4087.915
1782544740000,4087.915,4087.915,4087.915,4087.915
1782544800000,4087.915,4087.915,4087.915,4087.915
1782544860000,4087.915,4087.915,4087.915,4087.915
1782544920000,4087.915,4087.915,4087.915,4087.915
1782544980000,4087.915,4087.915,4087.915,4087.915
1782545040000,4087.915,4087.915,4087.915,4087.915
1782545100000,4087.915,4087.915,4087.915,4087.915
1782545160000,4087.915,4087.915,4087.915,4087.915
1782545220000,4087.915,4087.915,4087.915,4087.915
1782545280000,4087.915,4087.915,4087.915,4087.915
1782545340000,4087.915,4087.915,4087.915,4087.915
1782545400000,4087.915,4087.915,4087.915,4087.915
1782545460000,4087.915,4087.915,4087.915,4087.915
1782545520000,4087.915,4087.915,4087.915,4087.915
1782545580000,4087.915,4087.915,4087.915,4087.915
1782545640000,4087.915,4087.915,4087.915,4087.915
1782545700000,4087.915,4087.915,4087.915,4087.915
1782545760000,4087.915,4087.915,4087.915,4087.915
1782545820000,4087.915,4087.915,4087.915,4087.915
1782545880000,4087.915,4087.915,4087.915,4087.915
1782545940000,4087.915,4087.915,4087.915,4087.915
1782546000000,4087.915,4087.915,4087.915,4087.915
1782546060000,4087.915,4087.915,4087.915,4087.915
1782546120000,4087.915,4087.915,4087.915,4087.915
1782546180000,4087.915,4087.915,4087.915,4087.915
1782546240000,4087.915,4087.915,4087.915,4087.915
1782546300000,4087.915,4087.915,4087.915,4087.915
1782546360000,4087.915,4087.915,4087.915,4087.915
1782546420000,4087.915,4087.915,4087.915,4087.915
1782546480000,4087.915,4087.915,4087.915,4087.915
1782546540000,4087.915,4087.915,4087.915,4087.915
1782546600000,4087.915,4087.915,4087.915,4087.915
1782546660000,4087.915,4087.915,4087.915,4087.915
1782546720000,4087.915,4087.915,4087.915,4087.915
1782546780000,4087.915,4087.915,4087.915,4087.915
1782546840000,4087.915,4087.915,4087.915,4087.915
1782546900000,4087.915,4087.915,4087.915,4087.915
1782546960000,4087.915,4087.915,4087.915,4087.915
1782547020000,4087.915,4087.915,4087.915,4087.915
1782547080000,4087.915,4087.915,4087.915,4087.915
1782547140000,4087.915,4087.915,4087.915,4087.915
1782547200000,4087.915,4087.915,4087.915,4087.915
1782547260000,4087.915,4087.915,4087.915,4087.915
1782547320000,4087.915,4087.915,4087.915,4087.915
1782547380000,4087.915,4087.915,4087.915,4087.915
1782547440000,4087.915,4087.915,4087.915,4087.915
1782547500000,4087.915,4087.915,4087.915,4087.915
1782547560000,4087.915,4087.915,4087.915,4087.915
1782547620000,4087.915,4087.915,4087.915,4087.915
1782547680000,4087.915,4087.915,4087.915,4087.915
1782547740000,4087.915,4087.915,4087.915,4087.915
1782547800000,4087.915,4087.915,4087.915,4087.915
1782547860000,4087.915,4087.915,4087.915,4087.915
1782547920000,4087.915,4087.915,4087.915,4087.915
1782547980000,4087.915,4087.915,4087.915,4087.915
1782548040000,4087.915,4087.915,4087.915,4087.915
1782548100000,4087.915,4087.915,4087.915,4087.915
1782548160000,4087.915,4087.915,4087.915,4087.915
1782548220000,4087.915,4087.915,4087.915,4087.915
1782548280000,4087.915,4087.915,4087.915,4087.915
1782548340000,4087.915,4087.915,4087.915,4087.915
1782548400000,4087.915,4087.915,4087.915,4087.915
1782548460000,4087.915,4087.915,4087.915,4087.915
1782548520000,4087.915,4087.915,4087.915,4087.915
1782548580000,4087.915,4087.915,4087.915,4087.915
1782548640000,4087.915,4087.915,4087.915,4087.915
1782548700000,4087.915,4087.915,4087.915,4087.915
1782548760000,4087.915,4087.915,4087.915,4087.915
1782548820000,4087.915,4087.915,4087.915,4087.915
1782548880000,4087.915,4087.915,4087.915,4087.915
1782548940000,4087.915,4087.915,4087.915,4087.915
1782549000000,4087.915,4087.915,4087.915,4087.915
1782549060000,4087.915,4087.915,4087.915,4087.915
1782549120000,4087.915,4087.915,4087.915,4087.915
1782549180000,4087.915,4087.915,4087.915,4087.915
1782549240000,4087.915,4087.915,4087.915,4087.915
1782549300000,4087.915,4087.915,4087.915,4087.915
1782549360000,4087.915,4087.915,4087.915,4087.915
1782549420000,4087.915,4087.915,4087.915,4087.915
1782549480000,4087.915,4087.915,4087.915,4087.915
1782549540000,4087.915,4087.915,4087.915,4087.915
1782549600000,4087.915,4087.915,4087.915,4087.915
1782549660000,4087.915,4087.915,4087.915,4087.915
1782549720000,4087.915,4087.915,4087.915,4087.915
1782549780000,4087.915,4087.915,4087.915,4087.915
1782549840000,4087.915,4087.915,4087.915,4087.915
1782549900000,4087.915,4087.915,4087.915,4087.915
1782549960000,4087.915,4087.915,4087.915,4087.915
1782550020000,4087.915,4087.915,4087.915,4087.915
1782550080000,4087.915,4087.915,4087.915,4087.915
1782550140000,4087.915,4087.915,4087.915,4087.915
1782550200000,4087.915,4087.915,4087.915,4087.915
1782550260000,4087.915,4087.915,4087.915,4087.915
1782550320000,4087.915,4087.915,4087.915,4087.915
1782550380000,4087.915,4087.915,4087.915,4087.915
1782550440000,4087.915,4087.915,4087.915,4087.915
1782550500000,4087.915,4087.915,4087.915,4087.915
1782550560000,4087.915,4087.915,4087.915,4087.915
1782550620000,4087.915,4087.915,4087.915,4087.915
1782550680000,4087.915,4087.915,4087.915,4087.915
1782550740000,4087.915,4087.915,4087.915,4087.915
1782550800000,4087.915,4087.915,4087.915,4087.915
1782550860000,4087.915,4087.915,4087.915,4087.915
1782550920000,4087.915,4087.915,4087.915,4087.915
1782550980000,4087.915,4087.915,4087.915,4087.915
1782551040000,4087.915,4087.915,4087.915,4087.915
1782551100000,4087.915,4087.915,4087.915,4087.915
1782551160000,4087.915,4087.915,4087.915,4087.915
1782551220000,4087.915,4087.915,4087.915,4087.915
1782551280000,4087.915,4087.915,4087.915,4087.915
1782551340000,4087.915,4087.915,4087.915,4087.915
1782551400000,4087.915,4087.915,4087.915,4087.915
1782551460000,4087.915,4087.915,4087.915,4087.915
1782551520000,4087.915,4087.915,4087.915,4087.915
1782551580000,4087.915,4087.915,4087.915,4087.915
1782551640000,4087.915,4087.915,4087.915,4087.915
1782551700000,4087.915,4087.915,4087.915,4087.915
1782551760000,4087.915,4087.915,4087.915,4087.915
1782551820000,4087.915,4087.915,4087.915,4087.915
1782551880000,4087.915,4087.915,4087.915,4087.915
1782551940000,4087.915,4087.915,4087.915,4087.915
1782552000000,4087.915,4087.915,4087.915,4087.915
1782552060000,4087.915,4087.915,4087.915,4087.915
1782552120000,4087.915,4087.915,4087.915,4087.915
1782552180000,4087.915,4087.915,4087.915,4087.915
1782552240000,4087.915,4087.915,4087.915,4087.915
1782552300000,4087.915,4087.915,4087.915,4087.915
1782552360000,4087.915,4087.915,4087.915,4087.915
1782552420000,4087.915,4087.915,4087.915,4087.915
1782552480000,4087.915,4087.915,4087.915,4087.915
1782552540000,4087.915,4087.915,4087.915,4087.915
1782552600000,4087.915,4087.915,4087.915,4087.915
1782552660000,4087.915,4087.915,4087.915,4087.915
1782552720000,4087.915,4087.915,4087.915,4087.915
1782552780000,4087.915,4087.915,4087.915,4087.915
1782552840000,4087.915,4087.915,4087.915,4087.915
1782552900000,4087.915,4087.915,4087.915,4087.915
1782552960000,4087.915,4087.915,4087.915,4087.915
1782553020000,4087.915,4087.915,4087.915,4087.915
1782553080000,4087.915,4087.915,4087.915,4087.915
1782553140000,4087.915,4087.915,4087.915,4087.915
1782553200000,4087.915,4087.915,4087.915,4087.915
1782553260000,4087.915,4087.915,4087.915,4087.915
1782553320000,4087.915,4087.915,4087.915,4087.915
1782553380000,4087.915,4087.915,4087.915,4087.915
1782553440000,4087.915,4087.915,4087.915,4087.915
1782553500000,4087.915,4087.915,4087.915,4087.915
1782553560000,4087.915,4087.915,4087.915,4087.915
1782553620000,4087.915,4087.915,4087.915,4087.915
1782553680000,4087.915,4087.915,4087.915,4087.915
1782553740000,4087.915,4087.915,4087.915,4087.915
1782553800000,4087.915,4087.915,4087.915,4087.915
1782553860000,4087.915,4087.915,4087.915,4087.915
1782553920000,4087.915,4087.915,4087.915,4087.915
1782553980000,4087.915,4087.915,4087.915,4087.915
1782554040000,4087.915,4087.915,4087.915,4087.915
1782554100000,4087.915,4087.915,4087.915,4087.915
1782554160000,4087.915,4087.915,4087.915,4087.915
1782554220000,4087.915,4087.915,4087.915,4087.915
1782554280000,4087.915,4087.915,4087.915,4087.915
1782554340000,4087.915,4087.915,4087.915,4087.915
1782554400000,4087.915,4087.915,4087.915,4087.915
1782554460000,4087.915,4087.915,4087.915,4087.915
1782554520000,4087.915,4087.915,4087.915,4087.915
1782554580000,4087.915,4087.915,4087.915,4087.915
1782554640000,4087.915,4087.915,4087.915,4087.915
1782554700000,4087.915,4087.915,4087.915,4087.915
1782554760000,4087.915,4087.915,4087.915,4087.915
1782554820000,4087.915,4087.915,4087.915,4087.915
1782554880000,4087.915,4087.915,4087.915,4087.915
1782554940000,4087.915,4087.915,4087.915,4087.915
1782555000000,4087.915,4087.915,4087.915,4087.915
1782555060000,4087.915,4087.915,4087.915,4087.915
1782555120000,4087.915,4087.915,4087.915,4087.915
1782555180000,4087.915,4087.915,4087.915,4087.915
1782555240000,4087.915,4087.915,4087.915,4087.915
1782555300000,4087.915,4087.915,4087.915,4087.915
1782555360000,4087.915,4087.915,4087.915,4087.915
1782555420000,4087.915,4087.915,4087.915,4087.915
1782555480000,4087.915,4087.915,4087.915,4087.915
1782555540000,4087.915,4087.915,4087.915,4087.915
1782555600000,4087.915,4087.915,4087.915,4087.915
1782555660000,4087.915,4087.915,4087.915,4087.915
1782555720000,4087.915,4087.915,4087.915,4087.915
1782555780000,4087.915,4087.915,4087.915,4087.915
1782555840000,4087.915,4087.915,4087.915,4087.915
1782555900000,4087.915,4087.915,4087.915,4087.915
1782555960000,4087.915,4087.915,4087.915,4087.915
1782556020000,4087.915,4087.915,4087.915,4087.915
1782556080000,4087.915,4087.915,4087.915,4087.915
1782556140000,4087.915,4087.915,4087.915,4087.915
1782556200000,4087.915,4087.915,4087.915,4087.915
1782556260000,4087.915,4087.915,4087.915,4087.915
1782556320000,4087.915,4087.915,4087.915,4087.915
1782556380000,4087.915,4087.915,4087.915,4087.915
1782556440000,4087.915,4087.915,4087.915,4087.915
1782556500000,4087.915,4087.915,4087.915,4087.915
1782556560000,4087.915,4087.915,4087.915,4087.915
1782556620000,4087.915,4087.915,4087.915,4087.915
1782556680000,4087.915,4087.915,4087.915,4087.915
1782556740000,4087.915,4087.915,4087.915,4087.915
1782556800000,4087.915,4087.915,4087.915,4087.915
1782556860000,4087.915,4087.915,4087.915,4087.915
1782556920000,4087.915,4087.915,4087.915,4087.915
1782556980000,4087.915,4087.915,4087.915,4087.915
1782557040000,4087.915,4087.915,4087.915,4087.915
1782557100000,4087.915,4087.915,4087.915,4087.915
1782557160000,4087.915,4087.915,4087.915,4087.915
1782557220000,4087.915,4087.915,4087.915,4087.915
1782557280000,4087.915,4087.915,4087.915,4087.915
1782557340000,4087.915,4087.915,4087.915,4087.915
1782557400000,4087.915,4087.915,4087.915,4087.915
1782557460000,4087.915,4087.915,4087.915,4087.915
1782557520000,4087.915,4087.915,4087.915,4087.915
1782557580000,4087.915,4087.915,4087.915,4087.915
1782557640000,4087.915,4087.915,4087.915,4087.915
1782557700000,4087.915,4087.915,4087.915,4087.915
1782557760000,4087.915,4087.915,4087.915,4087.915
1782557820000,4087.915,4087.915,4087.915,4087.915
1782557880000,4087.915,4087.915,4087.915,4087.915
1782557940000,4087.915,4087.915,4087.915,4087.915
1782558000000,4087.915,4087.915,4087.915,4087.915
1782558060000,4087.915,4087.915,4087.915,4087.915
1782558120000,4087.915,4087.915,4087.915,4087.915
1782558180000,4087.915,4087.915,4087.915,4087.915
1782558240000,4087.915,4087.915,4087.915,4087.915
1782558300000,4087.915,4087.915,4087.915,4087.915
1782558360000,4087.915,4087.915,4087.915,4087.915
1782558420000,4087.915,4087.915,4087.915,4087.915
1782558480000,4087.915,4087.915,4087.915,4087.915
1782558540000,4087.915,4087.915,4087.915,4087.915
1782558600000,4087.915,4087.915,4087.915,4087.915
1782558660000,4087.915,4087.915,4087.915,4087.915
1782558720000,4087.915,4087.915,4087.915,4087.915
1782558780000,4087.915,4087.915,4087.915,4087.915
1782558840000,4087.915,4087.915,4087.915,4087.915
1782558900000,4087.915,4087.915,4087.915,4087.915
1782558960000,4087.915,4087.915,4087.915,4087.915
1782559020000,4087.915,4087.915,4087.915,4087.915
1782559080000,4087.915,4087.915,4087.915,4087.915
1782559140000,4087.915,4087.915,4087.915,4087.915
1782559200000,4087.915,4087.915,4087.915,4087.915
1782559260000,4087.915,4087.915,4087.915,4087.915
1782559320000,4087.915,4087.915,4087.915,4087.915
1782559380000,4087.915,4087.915,4087.915,4087.915
1782559440000,4087.915,4087.915,4087.915,4087.915
1782559500000,4087.915,4087.915,4087.915,4087.915
1782559560000,4087.915,4087.915,4087.915,4087.915
1782559620000,4087.915,4087.915,4087.915,4087.915
1782559680000,4087.915,4087.915,4087.915,4087.915
1782559740000,4087.915,4087.915,4087.915,4087.915
1782559800000,4087.915,4087.915,4087.915,4087.915
1782559860000,4087.915,4087.915,4087.915,4087.915
1782559920000,4087.915,4087.915,4087.915,4087.915
1782559980000,4087.915,4087.915,4087.915,4087.915
1782560040000,4087.915,4087.915,4087.915,4087.915
1782560100000,4087.915,4087.915,4087.915,4087.915
1782560160000,4087.915,4087.915,4087.915,4087.915
1782560220000,4087.915,4087.915,4087.915,4087.915
1782560280000,4087.915,4087.915,4087.915,4087.915
1782560340000,4087.915,4087.915,4087.915,4087.915
1782560400000,4087.915,4087.915,4087.915,4087.915
1782560460000,4087.915,4087.915,4087.915,4087.915
1782560520000,4087.915,4087.915,4087.915,4087.915
1782560580000,4087.915,4087.915,4087.915,4087.915
1782560640000,4087.915,4087.915,4087.915,4087.915
1782560700000,4087.915,4087.915,4087.915,4087.915
1782560760000,4087.915,4087.915,4087.915,4087.915
1782560820000,4087.915,4087.915,4087.915,4087.915
1782560880000,4087.915,4087.915,4087.915,4087.915
1782560940000,4087.915,4087.915,4087.915,4087.915
1782561000000,4087.915,4087.915,4087.915,4087.915
1782561060000,4087.915,4087.915,4087.915,4087.915
1782561120000,4087.915,4087.915,4087.915,4087.915
1782561180000,4087.915,4087.915,4087.915,4087.915
1782561240000,4087.915,4087.915,4087.915,4087.915
1782561300000,4087.915,4087.915,4087.915,4087.915
1782561360000,4087.915,4087.915,4087.915,4087.915
1782561420000,4087.915,4087.915,4087.915,4087.915
1782561480000,4087.915,4087.915,4087.915,4087.915
1782561540000,4087.915,4087.915,4087.915,4087.915
1782561600000,4087.915,4087.915,4087.915,4087.915
1782561660000,4087.915,4087.915,4087.915,4087.915
1782561720000,4087.915,4087.915,4087.915,4087.915
1782561780000,4087.915,4087.915,4087.915,4087.915
1782561840000,4087.915,4087.915,4087.915,4087.915
1782561900000,4087.915,4087.915,4087.915,4087.915
1782561960000,4087.915,4087.915,4087.915,4087.915
1782562020000,4087.915,4087.915,4087.915,4087.915
1782562080000,4087.915,4087.915,4087.915,4087.915
1782562140000,4087.915,4087.915,4087.915,4087.915
1782562200000,4087.915,4087.915,4087.915,4087.915
1782562260000,4087.915,4087.915,4087.915,4087.915
1782562320000,4087.915,4087.915,4087.915,4087.915
1782562380000,4087.915,4087.915,4087.915,4087.915
1782562440000,4087.915,4087.915,4087.915,4087.915
1782562500000,4087.915,4087.915,4087.915,4087.915
1782562560000,4087.915,4087.915,4087.915,4087.915
1782562620000,4087.915,4087.915,4087.915,4087.915
1782562680000,4087.915,4087.915,4087.915,4087.915
1782562740000,4087.915,4087.915,4087.915,4087.915
1782562800000,4087.915,4087.915,4087.915,4087.915
1782562860000,4087.915,4087.915,4087.915,4087.915
1782562920000,4087.915,4087.915,4087.915,4087.915
1782562980000,4087.915,4087.915,4087.915,4087.915
1782563040000,4087.915,4087.915,4087.915,4087.915
1782563100000,4087.915,4087.915,4087.915,4087.915
1782563160000,4087.915,4087.915,4087.915,4087.915
1782563220000,4087.915,4087.915,4087.915,4087.915
1782563280000,4087.915,4087.915,4087.915,4087.915
1782563340000,4087.915,4087.915,4087.915,4087.915
1782563400000,4087.915,4087.915,4087.915,4087.915
1782563460000,4087.915,4087.915,4087.915,4087.915
1782563520000,4087.915,4087.915,4087.915,4087.915
1782563580000,4087.915,4087.915,4087.915,4087.915
1782563640000,4087.915,4087.915,4087.915,4087.915
1782563700000,4087.915,4087.915,4087.915,4087.915
1782563760000,4087.915,4087.915,4087.915,4087.915
1782563820000,4087.915,4087.915,4087.915,4087.915
1782563880000,4087.915,4087.915,4087.915,4087.915
1782563940000,4087.915,4087.915,4087.915,4087.915
1782564000000,4087.915,4087.915,4087.915,4087.915
1782564060000,4087.915,4087.915,4087.915,4087.915
1782564120000,4087.915,4087.915,4087.915,4087.915
1782564180000,4087.915,4087.915,4087.915,4087.915
1782564240000,4087.915,4087.915,4087.915,4087.915
1782564300000,4087.915,4087.915,4087.915,4087.915
1782564360000,4087.915,4087.915,4087.915,4087.915
1782564420000,4087.915,4087.915,4087.915,4087.915
1782564480000,4087.915,4087.915,4087.915,4087.915
1782564540000,4087.915,4087.915,4087.915,4087.915
1782564600000,4087.915,4087.915,4087.915,4087.915
1782564660000,4087.915,4087.915,4087.915,4087.915
1782564720000,4087.915,4087.915,4087.915,4087.915
1782564780000,4087.915,4087.915,4087.915,4087.915
1782564840000,4087.915,4087.915,4087.915,4087.915
1782564900000,4087.915,4087.915,4087.915,4087.915
1782564960000,4087.915,4087.915,4087.915,4087.915
1782565020000,4087.915,4087.915,4087.915,4087.915
1782565080000,4087.915,4087.915,4087.915,4087.915
1782565140000,4087.915,4087.915,4087.915,4087.915
1782565200000,4087.915,4087.915,4087.915,4087.915
1782565260000,4087.915,4087.915,4087.915,4087.915
1782565320000,4087.915,4087.915,4087.915,4087.915
1782565380000,4087.915,4087.915,4087.915,4087.915
1782565440000,4087.915,4087.915,4087.915,4087.915
1782565500000,4087.915,4087.915,4087.915,4087.915
1782565560000,4087.915,4087.915,4087.915,4087.915
1782565620000,4087.915,4087.915,4087.915,4087.915
1782565680000,4087.915,4087.915,4087.915,4087.915
1782565740000,4087.915,4087.915,4087.915,4087.915
1782565800000,4087.915,4087.915,4087.915,4087.915
1782565860000,4087.915,4087.915,4087.915,4087.915
1782565920000,4087.915,4087.915,4087.915,4087.915
1782565980000,4087.915,4087.915,4087.915,4087.915
1782566040000,4087.915,4087.915,4087.915,4087.915
1782566100000,4087.915,4087.915,4087.915,4087.915
1782566160000,4087.915,4087.915,4087.915,4087.915
1782566220000,4087.915,4087.915,4087.915,4087.915
1782566280000,4087.915,4087.915,4087.915,4087.915
1782566340000,4087.915,4087.915,4087.915,4087.915
1782566400000,4087.915,4087.915,4087.915,4087.915
1782566460000,4087.915,4087.915,4087.915,4087.915
1782566520000,4087.915,4087.915,4087.915,4087.915
1782566580000,4087.915,4087.915,4087.915,4087.915
1782566640000,4087.915,4087.915,4087.915,4087.915
1782566700000,4087.915,4087.915,4087.915,4087.915
1782566760000,4087.915,4087.915,4087.915,4087.915
1782566820000,4087.915,4087.915,4087.915,4087.915
1782566880000,4087.915,4087.915,4087.915,4087.915
1782566940000,4087.915,4087.915,4087.915,4087.915
1782567000000,4087.915,4087.915,4087.915,4087.915
1782567060000,4087.915,4087.915,4087.915,4087.915
1782567120000,4087.915,4087.915,4087.915,4087.915
1782567180000,4087.915,4087.915,4087.915,4087.915
1782567240000,4087.915,4087.915,4087.915,4087.915
1782567300000,4087.915,4087.915,4087.915,4087.915
1782567360000,4087.915,4087.915,4087.915,4087.915
1782567420000,4087.915,4087.915,4087.915,4087.915
1782567480000,4087.915,4087.915,4087.915,4087.915
1782567540000,4087.915,4087.915,4087.915,4087.915
1782567600000,4087.915,4087.915,4087.915,4087.915
1782567660000,4087.915,4087.915,4087.915,4087.915
1782567720000,4087.915,4087.915,4087.915,4087.915
1782567780000,4087.915,4087.915,4087.915,4087.915
1782567840000,4087.915,4087.915,4087.915,4087.915
1782567900000,4087.915,4087.915,4087.915,4087.915
1782567960000,4087.915,4087.915,4087.915,4087.915
1782568020000,4087.915,4087.915,4087.915,4087.915
1782568080000,4087.915,4087.915,4087.915,4087.915
1782568140000,4087.915,4087.915,4087.915,4087.915
1782568200000,4087.915,4087.915,4087.915,4087.915
1782568260000,4087.915,4087.915,4087.915,4087.915
1782568320000,4087.915,4087.915,4087.915,4087.915
1782568380000,4087.915,4087.915,4087.915,4087.915
1782568440000,4087.915,4087.915,4087.915,4087.915
1782568500000,4087.915,4087.915,4087.915,4087.915
1782568560000,4087.915,4087.915,4087.915,4087.915
1782568620000,4087.915,4087.915,4087.915,4087.915
1782568680000,4087.915,4087.915,4087.915,4087.915
1782568740000,4087.915,4087.915,4087.915,4087.915
1782568800000,4087.915,4087.915,4087.915,4087.915
1782568860000,4087.915,4087.915,4087.915,4087.915
1782568920000,4087.915,4087.915,4087.915,4087.915
1782568980000,4087.915,4087.915,4087.915,4087.915
1782569040000,4087.915,4087.915,4087.915,4087.915
1782569100000,4087.915,4087.915,4087.915,4087.915
1782569160000,4087.915,4087.915,4087.915,4087.915
1782569220000,4087.915,4087.915,4087.915,4087.915
1782569280000,4087.915,4087.915,4087.915,4087.915
1782569340000,4087.915,4087.915,4087.915,4087.915
1782569400000,4087.915,4087.915,4087.915,4087.915
1782569460000,4087.915,4087.915,4087.915,4087.915
1782569520000,4087.915,4087.915,4087.915,4087.915
1782569580000,4087.915,4087.915,4087.915,4087.915
1782569640000,4087.915,4087.915,4087.915,4087.915
1782569700000,4087.915,4087.915,4087.915,4087.915
1782569760000,4087.915,4087.915,4087.915,4087.915
1782569820000,4087.915,4087.915,4087.915,4087.915
1782569880000,4087.915,4087.915,4087.915,4087.915
1782569940000,4087.915,4087.915,4087.915,4087.915
1782570000000,4087.915,4087.915,4087.915,4087.915
1782570060000,4087.915,4087.915,4087.915,4087.915
1782570120000,4087.915,4087.915,4087.915,4087.915
1782570180000,4087.915,4087.915,4087.915,4087.915
1782570240000,4087.915,4087.915,4087.915,4087.915
1782570300000,4087.915,4087.915,4087.915,4087.915
1782570360000,4087.915,4087.915,4087.915,4087.915
1782570420000,4087.915,4087.915,4087.915,4087.915
1782570480000,4087.915,4087.915,4087.915,4087.915
1782570540000,4087.915,4087.915,4087.915,4087.915
1782570600000,4087.915,4087.915,4087.915,4087.915
1782570660000,4087.915,4087.915,4087.915,4087.915
1782570720000,4087.915,4087.915,4087.915,4087.915
1782570780000,4087.915,4087.915,4087.915,4087.915
1782570840000,4087.915,4087.915,4087.915,4087.915
1782570900000,4087.915,4087.915,4087.915,4087.915
1782570960000,4087.915,4087.915,4087.915,4087.915
1782571020000,4087.915,4087.915,4087.915,4087.915
1782571080000,4087.915,4087.915,4087.915,4087.915
1782571140000,4087.915,4087.915,4087.915,4087.915
1782571200000,4087.915,4087.915,4087.915,4087.915
1782571260000,4087.915,4087.915,4087.915,4087.915
1782571320000,4087.915,4087.915,4087.915,4087.915
1782571380000,4087.915,4087.915,4087.915,4087.915
1782571440000,4087.915,4087.915,4087.915,4087.915
1782571500000,4087.915,4087.915,4087.915,4087.915
1782571560000,4087.915,4087.915,4087.915,4087.915
1782571620000,4087.915,4087.915,4087.915,4087.915
1782571680000,4087.915,4087.915,4087.915,4087.915
1782571740000,4087.915,4087.915,4087.915,4087.915
1782571800000,4087.915,4087.915,4087.915,4087.915
1782571860000,4087.915,4087.915,4087.915,4087.915
1782571920000,4087.915,4087.915,4087.915,4087.915
1782571980000,4087.915,4087.915,4087.915,4087.915
1782572040000,4087.915,4087.915,4087.915,4087.915
1782572100000,4087.915,4087.915,4087.915,4087.915
1782572160000,4087.915,4087.915,4087.915,4087.915
1782572220000,4087.915,4087.915,4087.915,4087.915
1782572280000,4087.915,4087.915,4087.915,4087.915
1782572340000,4087.915,4087.915,4087.915,4087.915
1782572400000,4087.915,4087.915,4087.915,4087.915
1782572460000,4087.915,4087.915,4087.915,4087.915
1782572520000,4087.915,4087.915,4087.915,4087.915
1782572580000,4087.915,4087.915,4087.915,4087.915
1782572640000,4087.915,4087.915,4087.915,4087.915
1782572700000,4087.915,4087.915,4087.915,4087.915
1782572760000,4087.915,4087.915,4087.915,4087.915
1782572820000,4087.915,4087.915,4087.915,4087.915
1782572880000,4087.915,4087.915,4087.915,4087.915
1782572940000,4087.915,4087.915,4087.915,4087.915
1782573000000,4087.915,4087.915,4087.915,4087.915
1782573060000,4087.915,4087.915,4087.915,4087.915
1782573120000,4087.915,4087.915,4087.915,4087.915
1782573180000,4087.915,4087.915,4087.915,4087.915
1782573240000,4087.915,4087.915,4087.915,4087.915
1782573300000,4087.915,4087.915,4087.915,4087.915
1782573360000,4087.915,4087.915,4087.915,4087.915
1782573420000,4087.915,4087.915,4087.915,4087.915
1782573480000,4087.915,4087.915,4087.915,4087.915
1782573540000,4087.915,4087.915,4087.915,4087.915
1782573600000,4087.915,4087.915,4087.915,4087.915
1782573660000,4087.915,4087.915,4087.915,4087.915
1782573720000,4087.915,4087.915,4087.915,4087.915
1782573780000,4087.915,4087.915,4087.915,4087.915
1782573840000,4087.915,4087.915,4087.915,4087.915
1782573900000,4087.915,4087.915,4087.915,4087.915
1782573960000,4087.915,4087.915,4087.915,4087.915
1782574020000,4087.915,4087.915,4087.915,4087.915
1782574080000,4087.915,4087.915,4087.915,4087.915
1782574140000,4087.915,4087.915,4087.915,4087.915
1782574200000,4087.915,4087.915,4087.915,4087.915
1782574260000,4087.915,4087.915,4087.915,4087.915
1782574320000,4087.915,4087.915,4087.915,4087.915
1782574380000,4087.915,4087.915,4087.915,4087.915
1782574440000,4087.915,4087.915,4087.915,4087.915
1782574500000,4087.915,4087.915,4087.915,4087.915
1782574560000,4087.915,4087.915,4087.915,4087.915
1782574620000,4087.915,4087.915,4087.915,4087.915
1782574680000,4087.915,4087.915,4087.915,4087.915
1782574740000,4087.915,4087.915,4087.915,4087.915
1782574800000,4087.915,4087.915,4087.915,4087.915
1782574860000,4087.915,4087.915,4087.915,4087.915
1782574920000,4087.915,4087.915,4087.915,4087.915
1782574980000,4087.915,4087.915,4087.915,4087.915
1782575040000,4087.915,4087.915,4087.915,4087.915
1782575100000,4087.915,4087.915,4087.915,4087.915
1782575160000,4087.915,4087.915,4087.915,4087.915
1782575220000,4087.915,4087.915,4087.915,4087.915
1782575280000,4087.915,4087.915,4087.915,4087.915
1782575340000,4087.915,4087.915,4087.915,4087.915
1782575400000,4087.915,4087.915,4087.915,4087.915
1782575460000,4087.915,4087.915,4087.915,4087.915
1782575520000,4087.915,4087.915,4087.915,4087.915
1782575580000,4087.915,4087.915,4087.915,4087.915
1782575640000,4087.915,4087.915,4087.915,4087.915
1782575700000,4087.915,4087.915,4087.915,4087.915
1782575760000,4087.915,4087.915,4087.915,4087.915
1782575820000,4087.915,4087.915,4087.915,4087.915
1782575880000,4087.915,4087.915,4087.915,4087.915
1782575940000,4087.915,4087.915,4087.915,4087.915
1782576000000,4087.915,4087.915,4087.915,4087.915
1782576060000,4087.915,4087.915,4087.915,4087.915
1782576120000,4087.915,4087.915,4087.915,4087.915
1782576180000,4087.915,4087.915,4087.915,4087.915
1782576240000,4087.915,4087.915,4087.915,4087.915
1782576300000,4087.915,4087.915,4087.915,4087.915
1782576360000,4087.915,4087.915,4087.915,4087.915
1782576420000,4087.915,4087.915,4087.915,4087.915
1782576480000,4087.915,4087.915,4087.915,4087.915
1782576540000,4087.915,4087.915,4087.915,4087.915
1782576600000,4087.915,4087.915,4087.915,4087.915
1782576660000,4087.915,4087.915,4087.915,4087.915
1782576720000,4087.915,4087.915,4087.915,4087.915
1782576780000,4087.915,4087.915,4087.915,4087.915
1782576840000,4087.915,4087.915,4087.915,4087.915
1782576900000,4087.915,4087.915,4087.915,4087.915
1782576960000,4087.915,4087.915,4087.915,4087.915
1782577020000,4087.915,4087.915,4087.915,4087.915
1782577080000,4087.915,4087.915,4087.915,4087.915
1782577140000,4087.915,4087.915,4087.915,4087.915
1782577200000,4087.915,4087.915,4087.915,4087.915
1782577260000,4087.915,4087.915,4087.915,4087.915
1782577320000,4087.915,4087.915,4087.915,4087.915
1782577380000,4087.915,4087.915,4087.915,4087.915
1782577440000,4087.915,4087.915,4087.915,4087.915
1782577500000,4087.915,4087.915,4087.915,4087.915
1782577560000,4087.915,4087.915,4087.915,4087.915
1782577620000,4087.915,4087.915,4087.915,4087.915
1782577680000,4087.915,4087.915,4087.915,4087.915
1782577740000,4087.915,4087.915,4087.915,4087.915
1782577800000,4087.915,4087.915,4087.915,4087.915
1782577860000,4087.915,4087.915,4087.915,4087.915
1782577920000,4087.915,4087.915,4087.915,4087.915
1782577980000,4087.915,4087.915,4087.915,4087.915
1782578040000,4087.915,4087.915,4087.915,4087.915
1782578100000,4087.915,4087.915,4087.915,4087.915
1782578160000,4087.915,4087.915,4087.915,4087.915
1782578220000,4087.915,4087.915,4087.915,4087.915
1782578280000,4087.915,4087.915,4087.915,4087.915
1782578340000,4087.915,4087.915,4087.915,4087.915
1782578400000,4087.915,4087.915,4087.915,4087.915
1782578460000,4087.915,4087.915,4087.915,4087.915
1782578520000,4087.915,4087.915,4087.915,4087.915
1782578580000,4087.915,4087.915,4087.915,4087.915
1782578640000,4087.915,4087.915,4087.915,4087.915
1782578700000,4087.915,4087.915,4087.915,4087.915
1782578760000,4087.915,4087.915,4087.915,4087.915
1782578820000,4087.915,4087.915,4087.915,4087.915
1782578880000,4087.915,4087.915,4087.915,4087.915
1782578940000,4087.915,4087.915,4087.915,4087.915
1782579000000,4087.915,4087.915,4087.915,4087.915
1782579060000,4087.915,4087.915,4087.915,4087.915
1782579120000,4087.915,4087.915,4087.915,4087.915
1782579180000,4087.915,4087.915,4087.915,4087.915
1782579240000,4087.915,4087.915,4087.915,4087.915
1782579300000,4087.915,4087.915,4087.915,4087.915
1782579360000,4087.915,4087.915,4087.915,4087.915
1782579420000,4087.915,4087.915,4087.915,4087.915
1782579480000,4087.915,4087.915,4087.915,4087.915
1782579540000,4087.915,4087.915,4087.915,4087.915
1782579600000,4087.915,4087.915,4087.915,4087.915
1782579660000,4087.915,4087.915,4087.915,4087.915
1782579720000,4087.915,4087.915,4087.915,4087.915
1782579780000,4087.915,4087.915,4087.915,4087.915
1782579840000,4087.915,4087.915,4087.915,4087.915
1782579900000,4087.915,4087.915,4087.915,4087.915
1782579960000,4087.915,4087.915,4087.915,4087.915
1782580020000,4087.915,4087.915,4087.915,4087.915
1782580080000,4087.915,4087.915,4087.915,4087.915
1782580140000,4087.915,4087.915,4087.915,4087.915
1782580200000,4087.915,4087.915,4087.915,4087.915
1782580260000,4087.915,4087.915,4087.915,4087.915
1782580320000,4087.915,4087.915,4087.915,4087.915
1782580380000,4087.915,4087.915,4087.915,4087.915
1782580440000,4087.915,4087.915,4087.915,4087.915
1782580500000,4087.915,4087.915,4087.915,4087.915
1782580560000,4087.915,4087.915,4087.915,4087.915
1782580620000,4087.915,4087.915,4087.915,4087.915
1782580680000,4087.915,4087.915,4087.915,4087.915
1782580740000,4087.915,4087.915,4087.915,4087.915
1782580800000,4087.915,4087.915,4087.915,4087.915
1782580860000,4087.915,4087.915,4087.915,4087.915
1782580920000,4087.915,4087.915,4087.915,4087.915
1782580980000,4087.915,4087.915,4087.915,4087.915
1782581040000,4087.915,4087.915,4087.915,4087.915
1782581100000,4087.915,4087.915,4087.915,4087.915
1782581160000,4087.915,4087.915,4087.915,4087.915
1782581220000,4087.915,4087.915,4087.915,4087.915
1782581280000,4087.915,4087.915,4087.915,4087.915
1782581340000,4087.915,4087.915,4087.915,4087.915
1782581400000,4087.915,4087.915,4087.915,4087.915
1782581460000,4087.915,4087.915,4087.915,4087.915
1782581520000,4087.915,4087.915,4087.915,4087.915
1782581580000,4087.915,4087.915,4087.915,4087.915
1782581640000,4087.915,4087.915,4087.915,4087.915
1782581700000,4087.915,4087.915,4087.915,4087.915
1782581760000,4087.915,4087.915,4087.915,4087.915
1782581820000,4087.915,4087.915,4087.915,4087.915
1782581880000,4087.915,4087.915,4087.915,4087.915
1782581940000,4087.915,4087.915,4087.915,4087.915
1782582000000,4087.915,4087.915,4087.915,4087.915
1782582060000,4087.915,4087.915,4087.915,4087.915
1782582120000,4087.915,4087.915,4087.915,4087.915
1782582180000,4087.915,4087.915,4087.915,4087.915
1782582240000,4087.915,4087.915,4087.915,4087.915
1782582300000,4087.915,4087.915,4087.915,4087.915
1782582360000,4087.915,4087.915,4087.915,4087.915
1782582420000,4087.915,4087.915,4087.915,4087.915
1782582480000,4087.915,4087.915,4087.915,4087.915
1782582540000,4087.915,4087.915,4087.915,4087.915
1782582600000,4087.915,4087.915,4087.915,4087.915
1782582660000,4087.915,4087.915,4087.915,4087.915
1782582720000,4087.915,4087.915,4087.915,4087.915
1782582780000,4087.915,4087.915,4087.915,4087.915
1782582840000,4087.915,4087.915,4087.915,4087.915
1782582900000,4087.915,4087.915,4087.915,4087.915
1782582960000,4087.915,4087.915,4087.915,4087.915
1782583020000,4087.915,4087.915,4087.915,4087.915
1782583080000,4087.915,4087.915,4087.915,4087.915
1782583140000,4087.915,4087.915,4087.915,4087.915
1782583200000,4087.915,4087.915,4087.915,4087.915
1782583260000,4087.915,4087.915,4087.915,4087.915
1782583320000,4087.915,4087.915,4087.915,4087.915
1782583380000,4087.915,4087.915,4087.915,4087.915
1782583440000,4087.915,4087.915,4087.915,4087.915
1782583500000,4087.915,4087.915,4087.915,4087.915
1782583560000,4087.915,4087.915,4087.915,4087.915
1782583620000,4087.915,4087.915,4087.915,4087.915
1782583680000,4087.915,4087.915,4087.915,4087.915
1782583740000,4087.915,4087.915,4087.915,4087.915
1782583800000,4087.915,4087.915,4087.915,4087.915
1782583860000,4087.915,4087.915,4087.915,4087.915
1782583920000,4087.915,4087.915,4087.915,4087.915
1782583980000,4087.915,4087.915,4087.915,4087.915
1782584040000,4087.915,4087.915,4087.915,4087.915
1782584100000,4087.915,4087.915,4087.915,4087.915
1782584160000,4087.915,4087.915,4087.915,4087.915
1782584220000,4087.915,4087.915,4087.915,4087.915
1782584280000,4087.915,4087.915,4087.915,4087.915
1782584340000,4087.915,4087.915,4087.915,4087.915
1782584400000,4087.915,4087.915,4087.915,4087.915
1782584460000,4087.915,4087.915,4087.915,4087.915
1782584520000,4087.915,4087.915,4087.915,4087.915
1782584580000,4087.915,4087.915,4087.915,4087.915
1782584640000,4087.915,4087.915,4087.915,4087.915
1782584700000,4087.915,4087.915,4087.915,4087.915
1782584760000,4087.915,4087.915,4087.915,4087.915
1782584820000,4087.915,4087.915,4087.915,4087.915
1782584880000,4087.915,4087.915,4087.915,4087.915
1782584940000,4087.915,4087.915,4087.915,4087.915
1782585000000,4087.915,4087.915,4087.915,4087.915
1782585060000,4087.915,4087.915,4087.915,4087.915
1782585120000,4087.915,4087.915,4087.915,4087.915
1782585180000,4087.915,4087.915,4087.915,4087.915
1782585240000,4087.915,4087.915,4087.915,4087.915
1782585300000,4087.915,4087.915,4087.915,4087.915
1782585360000,4087.915,4087.915,4087.915,4087.915
1782585420000,4087.915,4087.915,4087.915,4087.915
1782585480000,4087.915,4087.915,4087.915,4087.915
1782585540000,4087.915,4087.915,4087.915,4087.915
1782585600000,4087.915,4087.915,4087.915,4087.915
1782585660000,4087.915,4087.915,4087.915,4087.915
1782585720000,4087.915,4087.915,4087.915,4087.915
1782585780000,4087.915,4087.915,4087.915,4087.915
1782585840000,4087.915,4087.915,4087.915,4087.915
1782585900000,4087.915,4087.915,4087.915,4087.915
1782585960000,4087.915,4087.915,4087.915,4087.915
1782586020000,4087.915,4087.915,4087.915,4087.915
1782586080000,4087.915,4087.915,4087.915,4087.915
1782586140000,4087.915,4087.915,4087.915,4087.915
1782586200000,4087.915,4087.915,4087.915,4087.915
1782586260000,4087.915,4087.915,4087.915,4087.915
1782586320000,4087.915,4087.915,4087.915,4087.915
1782586380000,4087.915,4087.915,4087.915,4087.915
1782586440000,4087.915,4087.915,4087.915,4087.915
1782586500000,4087.915,4087.915,4087.915,4087.915
1782586560000,4087.915,4087.915,4087.915,4087.915
1782586620000,4087.915,4087.915,4087.915,4087.915
1782586680000,4087.915,4087.915,4087.915,4087.915
1782586740000,4087.915,4087.915,4087.915,4087.915
1782586800000,4087.915,4087.915,4087.915,4087.915
1782586860000,4087.915,4087.915,4087.915,4087.915
1782586920000,4087.915,4087.915,4087.915,4087.915
1782586980000,4087.915,4087.915,4087.915,4087.915
1782587040000,4087.915,4087.915,4087.915,4087.915
1782587100000,4087.915,4087.915,4087.915,4087.915
1782587160000,4087.915,4087.915,4087.915,4087.915
1782587220000,4087.915,4087.915,4087.915,4087.915
1782587280000,4087.915,4087.915,4087.915,4087.915
1782587340000,4087.915,4087.915,4087.915,4087.915
1782587400000,4087.915,4087.915,4087.915,4087.915
1782587460000,4087.915,4087.915,4087.915,4087.915
1782587520000,4087.915,4087.915,4087.915,4087.915
1782587580000,4087.915,4087.915,4087.915,4087.915
1782587640000,4087.915,4087.915,4087.915,4087.915
1782587700000,4087.915,4087.915,4087.915,4087.915
1782587760000,4087.915,4087.915,4087.915,4087.915
1782587820000,4087.915,4087.915,4087.915,4087.915
1782587880000,4087.915,4087.915,4087.915,4087.915
1782587940000,4087.915,4087.915,4087.915,4087.915
1782588000000,4087.915,4087.915,4087.915,4087.915
1782588060000,4087.915,4087.915,4087.915,4087.915
1782588120000,4087.915,4087.915,4087.915,4087.915
1782588180000,4087.915,4087.915,4087.915,4087.915
1782588240000,4087.915,4087.915,4087.915,4087.915
1782588300000,4087.915,4087.915,4087.915,4087.915
1782588360000,4087.915,4087.915,4087.915,4087.915
1782588420000,4087.915,4087.915,4087.915,4087.915
1782588480000,4087.915,4087.915,4087.915,4087.915
1782588540000,4087.915,4087.915,4087.915,4087.915
1782588600000,4087.915,4087.915,4087.915,4087.915
1782588660000,4087.915,4087.915,4087.915,4087.915
1782588720000,4087.915,4087.915,4087.915,4087.915
1782588780000,4087.915,4087.915,4087.915,4087.915
1782588840000,4087.915,4087.915,4087.915,4087.915
1782588900000,4087.915,4087.915,4087.915,4087.915
1782588960000,4087.915,4087.915,4087.915,4087.915
1782589020000,4087.915,4087.915,4087.915,4087.915
1782589080000,4087.915,4087.915,4087.915,4087.915
1782589140000,4087.915,4087.915,4087.915,4087.915
1782589200000,4087.915,4087.915,4087.915,4087.915
1782589260000,4087.915,4087.915,4087.915,4087.915
1782589320000,4087.915,4087.915,4087.915,4087.915
1782589380000,4087.915,4087.915,4087.915,4087.915
1782589440000,4087.915,4087.915,4087.915,4087.915
1782589500000,4087.915,4087.915,4087.915,4087.915
1782589560000,4087.915,4087.915,4087.915,4087.915
1782589620000,4087.915,4087.915,4087.915,4087.915
1782589680000,4087.915,4087.915,4087.915,4087.915
1782589740000,4087.915,4087.915,4087.915,4087.915
1782589800000,4087.915,4087.915,4087.915,4087.915
1782589860000,4087.915,4087.915,4087.915,4087.915
1782589920000,4087.915,4087.915,4087.915,4087.915
1782589980000,4087.915,4087.915,4087.915,4087.915
1782590040000,4087.915,4087.915,4087.915,4087.915
1782590100000,4087.915,4087.915,4087.915,4087.915
1782590160000,4087.915,4087.915,4087.915,4087.915
1782590220000,4087.915,4087.915,4087.915,4087.915
1782590280000,4087.915,4087.915,4087.915,4087.915
1782590340000,4087.915,4087.915,4087.915,4087.915
1782590400000,4087.915,4087.915,4087.915,4087.915
1782590460000,4087.915,4087.915,4087.915,4087.915
1782590520000,4087.915,4087.915,4087.915,4087.915
1782590580000,4087.915,4087.915,4087.915,4087.915
1782590640000,4087.915,4087.915,4087.915,4087.915
1782590700000,4087.915,4087.915,4087.915,4087.915
1782590760000,4087.915,4087.915,4087.915,4087.915
1782590820000,4087.915,4087.915,4087.915,4087.915
1782590880000,4087.915,4087.915,4087.915,4087.915
1782590940000,4087.915,4087.915,4087.915,4087.915
1782591000000,4087.915,4087.915,4087.915,4087.915
1782591060000,4087.915,4087.915,4087.915,4087.915
1782591120000,4087.915,4087.915,4087.915,4087.915
1782591180000,4087.915,4087.915,4087.915,4087.915
1782591240000,4087.915,4087.915,4087.915,4087.915
1782591300000,4087.915,4087.915,4087.915,4087.915
1782591360000,4087.915,4087.915,4087.915,4087.915
1782591420000,4087.915,4087.915,4087.915,4087.915
1782591480000,4087.915,4087.915,4087.915,4087.915
1782591540000,4087.915,4087.915,4087.915,4087.915
1782591600000,4087.915,4087.915,4087.915,4087.915
1782591660000,4087.915,4087.915,4087.915,4087.915
1782591720000,4087.915,4087.915,4087.915,4087.915
1782591780000,4087.915,4087.915,4087.915,4087.915
1782591840000,4087.915,4087.915,4087.915,4087.915
1782591900000,4087.915,4087.915,4087.915,4087.915
1782591960000,4087.915,4087.915,4087.915,4087.915
1782592020000,4087.915,4087.915,4087.915,4087.915
1782592080000,4087.915,4087.915,4087.915,4087.915
1782592140000,4087.915,4087.915,4087.915,4087.915
1782592200000,4087.915,4087.915,4087.915,4087.915
1782592260000,4087.915,4087.915,4087.915,4087.915
1782592320000,4087.915,4087.915,4087.915,4087.915
1782592380000,4087.915,4087.915,4087.915,4087.915
1782592440000,4087.915,4087.915,4087.915,4087.915
1782592500000,4087.915,4087.915,4087.915,4087.915
1782592560000,4087.915,4087.915,4087.915,4087.915
1782592620000,4087.915,4087.915,4087.915,4087.915
1782592680000,4087.915,4087.915,4087.915,4087.915
1782592740000,4087.915,4087.915,4087.915,4087.915
1782592800000,4087.915,4087.915,4087.915,4087.915
1782592860000,4087.915,4087.915,4087.915,4087.915
1782592920000,4087.915,4087.915,4087.915,4087.915
1782592980000,4087.915,4087.915,4087.915,4087.915
1782593040000,4087.915,4087.915,4087.915,4087.915
1782593100000,4087.915,4087.915,4087.915,4087.915
1782593160000,4087.915,4087.915,4087.915,4087.915
1782593220000,4087.915,4087.915,4087.915,4087.915
1782593280000,4087.915,4087.915,4087.915,4087.915
1782593340000,4087.915,4087.915,4087.915,4087.915
1782593400000,4087.915,4087.915,4087.915,4087.915
1782593460000,4087.915,4087.915,4087.915,4087.915
1782593520000,4087.915,4087.915,4087.915,4087.915
1782593580000,4087.915,4087.915,4087.915,4087.915
1782593640000,4087.915,4087.915,4087.915,4087.915
1782593700000,4087.915,4087.915,4087.915,4087.915
1782593760000,4087.915,4087.915,4087.915,4087.915
1782593820000,4087.915,4087.915,4087.915,4087.915
1782593880000,4087.915,4087.915,4087.915,4087.915
1782593940000,4087.915,4087.915,4087.915,4087.915
1782594000000,4087.915,4087.915,4087.915,4087.915
1782594060000,4087.915,4087.915,4087.915,4087.915
1782594120000,4087.915,4087.915,4087.915,4087.915
1782594180000,4087.915,4087.915,4087.915,4087.915
1782594240000,4087.915,4087.915,4087.915,4087.915
1782594300000,4087.915,4087.915,4087.915,4087.915
1782594360000,4087.915,4087.915,4087.915,4087.915
1782594420000,4087.915,4087.915,4087.915,4087.915
1782594480000,4087.915,4087.915,4087.915,4087.915
1782594540000,4087.915,4087.915,4087.915,4087.915
1782594600000,4087.915,4087.915,4087.915,4087.915
1782594660000,4087.915,4087.915,4087.915,4087.915
1782594720000,4087.915,4087.915,4087.915,4087.915
1782594780000,4087.915,4087.915,4087.915,4087.915
1782594840000,4087.915,4087.915,4087.915,4087.915
1782594900000,4087.915,4087.915,4087.915,4087.915
1782594960000,4087.915,4087.915,4087.915,4087.915
1782595020000,4087.915,4087.915,4087.915,4087.915
1782595080000,4087.915,4087.915,4087.915,4087.915
1782595140000,4087.915,4087.915,4087.915,4087.915
1782595200000,4087.915,4087.915,4087.915,4087.915
1782595260000,4087.915,4087.915,4087.915,4087.915
1782595320000,4087.915,4087.915,4087.915,4087.915
1782595380000,4087.915,4087.915,4087.915,4087.915
1782595440000,4087.915,4087.915,4087.915,4087.915
1782595500000,4087.915,4087.915,4087.915,4087.915
1782595560000,4087.915,4087.915,4087.915,4087.915
1782595620000,4087.915,4087.915,4087.915,4087.915
1782595680000,4087.915,4087.915,4087.915,4087.915
1782595740000,4087.915,4087.915,4087.915,4087.915
1782595800000,4087.915,4087.915,4087.915,4087.915
1782595860000,4087.915,4087.915,4087.915,4087.915
1782595920000,4087.915,4087.915,4087.915,4087.915
1782595980000,4087.915,4087.915,4087.915,4087.915
1782596040000,4087.915,4087.915,4087.915,4087.915
1782596100000,4087.915,4087.915,4087.915,4087.915
1782596160000,4087.915,4087.915,4087.915,4087.915
1782596220000,4087.915,4087.915,4087.915,4087.915
1782596280000,4087.915,4087.915,4087.915,4087.915
1782596340000,4087.915,4087.915,4087.915,4087.915
1782596400000,4087.915,4087.915,4087.915,4087.915
1782596460000,4087.915,4087.915,4087.915,4087.915
1782596520000,4087.915,4087.915,4087.915,4087.915
1782596580000,4087.915,4087.915,4087.915,4087.915
1782596640000,4087.915,4087.915,4087.915,4087.915
1782596700000,4087.915,4087.915,4087.915,4087.915
1782596760000,4087.915,4087.915,4087.915,4087.915
1782596820000,4087.915,4087.915,4087.915,4087.915
1782596880000,4087.915,4087.915,4087.915,4087.915
1782596940000,4087.915,4087.915,4087.915,4087.915
1782597000000,4087.915,4087.915,4087.915,4087.915
1782597060000,4087.915,4087.915,4087.915,4087.915
1782597120000,4087.915,4087.915,4087.915,4087.915
1782597180000,4087.915,4087.915,4087.915,4087.915
1782597240000,4087.915,4087.915,4087.915,4087.915
1782597300000,4087.915,4087.915,4087.915,4087.915
1782597360000,4087.915,4087.915,4087.915,4087.915
1782597420000,4087.915,4087.915,4087.915,4087.915
1782597480000,4087.915,4087.915,4087.915,4087.915
1782597540000,4087.915,4087.915,4087.915,4087.915
1782597600000,4087.915,4087.915,4087.915,4087.915
1782597660000,4087.915,4087.915,4087.915,4087.915
1782597720000,4087.915,4087.915,4087.915,4087.915
1782597780000,4087.915,4087.915,4087.915,4087.915
1782597840000,4087.915,4087.915,4087.915,4087.915
1782597900000,4087.915,4087.915,4087.915,4087.915
1782597960000,4087.915,4087.915,4087.915,4087.915
1782598020000,4087.915,4087.915,4087.915,4087.915
1782598080000,4087.915,4087.915,4087.915,4087.915
1782598140000,4087.915,4087.915,4087.915,4087.915
1782598200000,4087.915,4087.915,4087.915,4087.915
1782598260000,4087.915,4087.915,4087.915,4087.915
1782598320000,4087.915,4087.915,4087.915,4087.915
1782598380000,4087.915,4087.915,4087.915,4087.915
1782598440000,4087.915,4087.915,4087.915,4087.915
1782598500000,4087.915,4087.915,4087.915,4087.915
1782598560000,4087.915,4087.915,4087.915,4087.915
1782598620000,4087.915,4087.915,4087.915,4087.915
1782598680000,4087.915,4087.915,4087.915,4087.915
1782598740000,4087.915,4087.915,4087.915,4087.915
1782598800000,4087.915,4087.915,4087.915,4087.915
1782598860000,4087.915,4087.915,4087.915,4087.915
1782598920000,4087.915,4087.915,4087.915,4087.915
1782598980000,4087.915,4087.915,4087.915,4087.915
1782599040000,4087.915,4087.915,4087.915,4087.915
1782599100000,4087.915,4087.915,4087.915,4087.915
1782599160000,4087.915,4087.915,4087.915,4087.915
1782599220000,4087.915,4087.915,4087.915,4087.915
1782599280000,4087.915,4087.915,4087.915,4087.915
1782599340000,4087.915,4087.915,4087.915,4087.915
1782599400000,4087.915,4087.915,4087.915,4087.915
1782599460000,4087.915,4087.915,4087.915,4087.915
1782599520000,4087.915,4087.915,4087.915,4087.915
1782599580000,4087.915,4087.915,4087.915,4087.915
1782599640000,4087.915,4087.915,4087.915,4087.915
1782599700000,4087.915,4087.915,4087.915,4087.915
1782599760000,4087.915,4087.915,4087.915,4087.915
1782599820000,4087.915,4087.915,4087.915,4087.915
1782599880000,4087.915,4087.915,4087.915,4087.915
1782599940000,4087.915,4087.915,4087.915,4087.915
1782600000000,4087.915,4087.915,4087.915,4087.915
1782600060000,4087.915,4087.915,4087.915,4087.915
1782600120000,4087.915,4087.915,4087.915,4087.915
1782600180000,4087.915,4087.915,4087.915,4087.915
1782600240000,4087.915,4087.915,4087.915,4087.915
1782600300000,4087.915,4087.915,4087.915,4087.915
1782600360000,4087.915,4087.915,4087.915,4087.915
1782600420000,4087.915,4087.915,4087.915,4087.915
1782600480000,4087.915,4087.915,4087.915,4087.915
1782600540000,4087.915,4087.915,4087.915,4087.915
1782600600000,4087.915,4087.915,4087.915,4087.915
1782600660000,4087.915,4087.915,4087.915,4087.915
1782600720000,4087.915,4087.915,4087.915,4087.915
1782600780000,4087.915,4087.915,4087.915,4087.915
1782600840000,4087.915,4087.915,4087.915,4087.915
1782600900000,4087.915,4087.915,4087.915,4087.915
1782600960000,4087.915,4087.915,4087.915,4087.915
1782601020000,4087.915,4087.915,4087.915,4087.915
1782601080000,4087.915,4087.915,4087.915,4087.915
1782601140000,4087.915,4087.915,4087.915,4087.915
1782601200000,4087.915,4087.915,4087.915,4087.915
1782601260000,4087.915,4087.915,4087.915,4087.915
1782601320000,4087.915,4087.915,4087.915,4087.915
1782601380000,4087.915,4087.915,4087.915,4087.915
1782601440000,4087.915,4087.915,4087.915,4087.915
1782601500000,4087.915,4087.915,4087.915,4087.915
1782601560000,4087.915,4087.915,4087.915,4087.915
1782601620000,4087.915,4087.915,4087.915,4087.915
1782601680000,4087.915,4087.915,4087.915,4087.915
1782601740000,4087.915,4087.915,4087.915,4087.915
1782601800000,4087.915,4087.915,4087.915,4087.915
1782601860000,4087.915,4087.915,4087.915,4087.915
1782601920000,4087.915,4087.915,4087.915,4087.915
1782601980000,4087.915,4087.915,4087.915,4087.915
1782602040000,4087.915,4087.915,4087.915,4087.915
1782602100000,4087.915,4087.915,4087.915,4087.915
1782602160000,4087.915,4087.915,4087.915,4087.915
1782602220000,4087.915,4087.915,4087.915,4087.915
1782602280000,4087.915,4087.915,4087.915,4087.915
1782602340000,4087.915,4087.915,4087.915,4087.915
1782602400000,4087.915,4087.915,4087.915,4087.915
1782602460000,4087.915,4087.915,4087.915,4087.915
1782602520000,4087.915,4087.915,4087.915,4087.915
1782602580000,4087.915,4087.915,4087.915,4087.915
1782602640000,4087.915,4087.915,4087.915,4087.915
1782602700000,4087.915,4087.915,4087.915,4087.915
1782602760000,4087.915,4087.915,4087.915,4087.915
1782602820000,4087.915,4087.915,4087.915,4087.915
1782602880000,4087.915,4087.915,4087.915,4087.915
1782602940000,4087.915,4087.915,4087.915,4087.915
1782603000000,4087.915,4087.915,4087.915,4087.915
1782603060000,4087.915,4087.915,4087.915,4087.915
1782603120000,4087.915,4087.915,4087.915,4087.915
1782603180000,4087.915,4087.915,4087.915,4087.915
1782603240000,4087.915,4087.915,4087.915,4087.915
1782603300000,4087.915,4087.915,4087.915,4087.915
1782603360000,4087.915,4087.915,4087.915,4087.915
1782603420000,4087.915,4087.915,4087.915,4087.915
1782603480000,4087.915,4087.915,4087.915,4087.915
1782603540000,4087.915,4087.915,4087.915,4087.915
1782603600000,4087.915,4087.915,4087.915,4087.915
1782603660000,4087.915,4087.915,4087.915,4087.915
1782603720000,4087.915,4087.915,4087.915,4087.915
1782603780000,4087.915,4087.915,4087.915,4087.915
1782603840000,4087.915,4087.915,4087.915,4087.915
1782603900000,4087.915,4087.915,4087.915,4087.915
1782603960000,4087.915,4087.915,4087.915,4087.915
1782604020000,4087.915,4087.915,4087.915,4087.915
1782604080000,4087.915,4087.915,4087.915,4087.915
1782604140000,4087.915,4087.915,4087.915,4087.915
1782604200000,4087.915,4087.915,4087.915,4087.915
1782604260000,4087.915,4087.915,4087.915,4087.915
1782604320000,4087.915,4087.915,4087.915,4087.915
1782604380000,4087.915,4087.915,4087.915,4087.915
1782604440000,4087.915,4087.915,4087.915,4087.915
1782604500000,4087.915,4087.915,4087.915,4087.915
1782604560000,4087.915,4087.915,4087.915,4087.915
1782604620000,4087.915,4087.915,4087.915,4087.915
1782604680000,4087.915,4087.915,4087.915,4087.915
1782604740000,4087.915,4087.915,4087.915,4087.915
1782604800000,4087.915,4087.915,4087.915,4087.915
1782604860000,4087.915,4087.915,4087.915,4087.915
1782604920000,4087.915,4087.915,4087.915,4087.915
1782604980000,4087.915,4087.915,4087.915,4087.915
1782605040000,4087.915,4087.915,4087.915,4087.915
1782605100000,4087.915,4087.915,4087.915,4087.915
1782605160000,4087.915,4087.915,4087.915,4087.915
1782605220000,4087.915,4087.915,4087.915,4087.915
1782605280000,4087.915,4087.915,4087.915,4087.915
1782605340000,4087.915,4087.915,4087.915,4087.915
1782605400000,4087.915,4087.915,4087.915,4087.915
1782605460000,4087.915,4087.915,4087.915,4087.915
1782605520000,4087.915,4087.915,4087.915,4087.915
1782605580000,4087.915,4087.915,4087.915,4087.915
1782605640000,4087.915,4087.915,4087.915,4087.915
1782605700000,4087.915,4087.915,4087.915,4087.915
1782605760000,4087.915,4087.915,4087.915,4087.915
1782605820000,4087.915,4087.915,4087.915,4087.915
1782605880000,4087.915,4087.915,4087.915,4087.915
1782605940000,4087.915,4087.915,4087.915,4087.915
1782606000000,4087.915,4087.915,4087.915,4087.915
1782606060000,4087.915,4087.915,4087.915,4087.915
1782606120000,4087.915,4087.915,4087.915,4087.915
1782606180000,4087.915,4087.915,4087.915,4087.915
1782606240000,4087.915,4087.915,4087.915,4087.915
1782606300000,4087.915,4087.915,4087.915,4087.915
1782606360000,4087.915,4087.915,4087.915,4087.915
1782606420000,4087.915,4087.915,4087.915,4087.915
1782606480000,4087.915,4087.915,4087.915,4087.915
1782606540000,4087.915,4087.915,4087.915,4087.915
1782606600000,4087.915,4087.915,4087.915,4087.915
1782606660000,4087.915,4087.915,4087.915,4087.915
1782606720000,4087.915,4087.915,4087.915,4087.915
1782606780000,4087.915,4087.915,4087.915,4087.915
1782606840000,4087.915,4087.915,4087.915,4087.915
1782606900000,4087.915,4087.915,4087.915,4087.915
1782606960000,4087.915,4087.915,4087.915,4087.915
1782607020000,4087.915,4087.915,4087.915,4087.915
1782607080000,4087.915,4087.915,4087.915,4087.915
1782607140000,4087.915,4087.915,4087.915,4087.915
1782607200000,4087.915,4087.915,4087.915,4087.915
1782607260000,4087.915,4087.915,4087.915,4087.915
1782607320000,4087.915,4087.915,4087.915,4087.915
1782607380000,4087.915,4087.915,4087.915,4087.915
1782607440000,4087.915,4087.915,4087.915,4087.915
1782607500000,4087.915,4087.915,4087.915,4087.915
1782607560000,4087.915,4087.915,4087.915,4087.915
1782607620000,4087.915,4087.915,4087.915,4087.915
1782607680000,4087.915,4087.915,4087.915,4087.915
1782607740000,4087.915,4087.915,4087.915,4087.915
1782607800000,4087.915,4087.915,4087.915,4087.915
1782607860000,4087.915,4087.915,4087.915,4087.915
1782607920000,4087.915,4087.915,4087.915,4087.915
1782607980000,4087.915,4087.915,4087.915,4087.915
1782608040000,4087.915,4087.915,4087.915,4087.915
1782608100000,4087.915,4087.915,4087.915,4087.915
1782608160000,4087.915,4087.915,4087.915,4087.915
1782608220000,4087.915,4087.915,4087.915,4087.915
1782608280000,4087.915,4087.915,4087.915,4087.915
1782608340000,4087.915,4087.915,4087.915,4087.915
1782608400000,4087.915,4087.915,4087.915,4087.915
1782608460000,4087.915,4087.915,4087.915,4087.915
1782608520000,4087.915,4087.915,4087.915,4087.915
1782608580000,4087.915,4087.915,4087.915,4087.915
1782608640000,4087.915,4087.915,4087.915,4087.915
1782608700000,4087.915,4087.915,4087.915,4087.915
1782608760000,4087.915,4087.915,4087.915,4087.915
1782608820000,4087.915,4087.915,4087.915,4087.915
1782608880000,4087.915,4087.915,4087.915,4087.915
1782608940000,4087.915,4087.915,4087.915,4087.915
1782609000000,4087.915,4087.915,4087.915,4087.915
1782609060000,4087.915,4087.915,4087.915,4087.915
1782609120000,4087.915,4087.915,4087.915,4087.915
1782609180000,4087.915,4087.915,4087.915,4087.915
1782609240000,4087.915,4087.915,4087.915,4087.915
1782609300000,4087.915,4087.915,4087.915,4087.915
1782609360000,4087.915,4087.915,4087.915,4087.915
1782609420000,4087.915,4087.915,4087.915,4087.915
1782609480000,4087.915,4087.915,4087.915,4087.915
1782609540000,4087.915,4087.915,4087.915,4087.915
1782609600000,4087.915,4087.915,4087.915,4087.915
1782609660000,4087.915,4087.915,4087.915,4087.915
1782609720000,4087.915,4087.915,4087.915,4087.915
1782609780000,4087.915,4087.915,4087.915,4087.915
1782609840000,4087.915,4087.915,4087.915,4087.915
1782609900000,4087.915,4087.915,4087.915,4087.915
1782609960000,4087.915,4087.915,4087.915,4087.915
1782610020000,4087.915,4087.915,4087.915,4087.915
1782610080000,4087.915,4087.915,4087.915,4087.915
1782610140000,4087.915,4087.915,4087.915,4087.915
1782610200000,4087.915,4087.915,4087.915,4087.915
1782610260000,4087.915,4087.915,4087.915,4087.915
1782610320000,4087.915,4087.915,4087.915,4087.915
1782610380000,4087.915,4087.915,4087.915,4087.915
1782610440000,4087.915,4087.915,4087.915,4087.915
1782610500000,4087.915,4087.915,4087.915,4087.915
1782610560000,4087.915,4087.915,4087.915,4087.915
1782610620000,4087.915,4087.915,4087.915,4087.915
1782610680000,4087.915,4087.915,4087.915,4087.915
1782610740000,4087.915,4087.915,4087.915,4087.915
1782610800000,4087.915,4087.915,4087.915,4087.915
1782610860000,4087.915,4087.915,4087.915,4087.915
1782610920000,4087.915,4087.915,4087.915,4087.915
1782610980000,4087.915,4087.915,4087.915,4087.915
1782611040000,4087.915,4087.915,4087.915,4087.915
1782611100000,4087.915,4087.915,4087.915,4087.915
1782611160000,4087.915,4087.915,4087.915,4087.915
1782611220000,4087.915,4087.915,4087.915,4087.915
1782611280000,4087.915,4087.915,4087.915,4087.915
1782611340000,4087.915,4087.915,4087.915,4087.915
1782611400000,4087.915,4087.915,4087.915,4087.915
1782611460000,4087.915,4087.915,4087.915,4087.915
1782611520000,4087.915,4087.915,4087.915,4087.915
1782611580000,4087.915,4087.915,4087.915,4087.915
1782611640000,4087.915,4087.915,4087.915,4087.915
1782611700000,4087.915,4087.915,4087.915,4087.915
1782611760000,4087.915,4087.915,4087.915,4087.915
1782611820000,4087.915,4087.915,4087.915,4087.915
1782611880000,4087.915,4087.915,4087.915,4087.915
1782611940000,4087.915,4087.915,4087.915,4087.915
1782612000000,4087.915,4087.915,4087.915,4087.915
1782612060000,4087.915,4087.915,4087.915,4087.915
1782612120000,4087.915,4087.915,4087.915,4087.915
1782612180000,4087.915,4087.915,4087.915,4087.915
1782612240000,4087.915,4087.915,4087.915,4087.915
1782612300000,4087.915,4087.915,4087.915,4087.915
1782612360000,4087.915,4087.915,4087.915,4087.915
1782612420000,4087.915,4087.915,4087.915,4087.915
1782612480000,4087.915,4087.915,4087.915,4087.915
1782612540000,4087.915,4087.915,4087.915,4087.915
1782612600000,4087.915,4087.915,4087.915,4087.915
1782612660000,4087.915,4087.915,4087.915,4087.915
1782612720000,4087.915,4087.915,4087.915,4087.915
1782612780000,4087.915,4087.915,4087.915,4087.915
1782612840000,4087.915,4087.915,4087.915,4087.915
1782612900000,4087.915,4087.915,4087.915,4087.915
1782612960000,4087.915,4087.915,4087.915,4087.915
1782613020000,4087.915,4087.915,4087.915,4087.915
1782613080000,4087.915,4087.915,4087.915,4087.915
1782613140000,4087.915,4087.915,4087.915,4087.915
1782613200000,4087.915,4087.915,4087.915,4087.915
1782613260000,4087.915,4087.915,4087.915,4087.915
1782613320000,4087.915,4087.915,4087.915,4087.915
1782613380000,4087.915,4087.915,4087.915,4087.915
1782613440000,4087.915,4087.915,4087.915,4087.915
1782613500000,4087.915,4087.915,4087.915,4087.915
1782613560000,4087.915,4087.915,4087.915,4087.915
1782613620000,4087.915,4087.915,4087.915,4087.915
1782613680000,4087.915,4087.915,4087.915,4087.915
1782613740000,4087.915,4087.915,4087.915,4087.915
1782613800000,4087.915,4087.915,4087.915,4087.915
1782613860000,4087.915,4087.915,4087.915,4087.915
1782613920000,4087.915,4087.915,4087.915,4087.915
1782613980000,4087.915,4087.915,4087.915,4087.915
1782614040000,4087.915,4087.915,4087.915,4087.915
1782614100000,4087.915,4087.915,4087.915,4087.915
1782614160000,4087.915,4087.915,4087.915,4087.915
1782614220000,4087.915,4087.915,4087.915,4087.915
1782614280000,4087.915,4087.915,4087.915,4087.915
1782614340000,4087.915,4087.915,4087.915,4087.915
1782614400000,4087.915,4087.915,4087.915,4087.915
1782614460000,4087.915,4087.915,4087.915,4087.915
1782614520000,4087.915,4087.915,4087.915,4087.915
1782614580000,4087.915,4087.915,4087.915,4087.915
1782614640000,4087.915,4087.915,4087.915,4087.915
1782614700000,4087.915,4087.915,4087.915,4087.915
1782614760000,4087.915,4087.915,4087.915,4087.915
1782614820000,4087.915,4087.915,4087.915,4087.915
1782614880000,4087.915,4087.915,4087.915,4087.915
1782614940000,4087.915,4087.915,4087.915,4087.915
1782615000000,4087.915,4087.915,4087.915,4087.915
1782615060000,4087.915,4087.915,4087.915,4087.915
1782615120000,4087.915,4087.915,4087.915,4087.915
1782615180000,4087.915,4087.915,4087.915,4087.915
1782615240000,4087.915,4087.915,4087.915,4087.915
1782615300000,4087.915,4087.915,4087.915,4087.915
1782615360000,4087.915,4087.915,4087.915,4087.915
1782615420000,4087.915,4087.915,4087.915,4087.915
1782615480000,4087.915,4087.915,4087.915,4087.915
1782615540000,4087.915,4087.915,4087.915,4087.915
1782615600000,4087.915,4087.915,4087.915,4087.915
1782615660000,4087.915,4087.915,4087.915,4087.915
1782615720000,4087.915,4087.915,4087.915,4087.915
1782615780000,4087.915,4087.915,4087.915,4087.915
1782615840000,4087.915,4087.915,4087.915,4087.915
1782615900000,4087.915,4087.915,4087.915,4087.915
1782615960000,4087.915,4087.915,4087.915,4087.915
1782616020000,4087.915,4087.915,4087.915,4087.915
1782616080000,4087.915,4087.915,4087.915,4087.915
1782616140000,4087.915,4087.915,4087.915,4087.915
1782616200000,4087.915,4087.915,4087.915,4087.915
1782616260000,4087.915,4087.915,4087.915,4087.915
1782616320000,4087.915,4087.915,4087.915,4087.915
1782616380000,4087.915,4087.915,4087.915,4087.915
1782616440000,4087.915,4087.915,4087.915,4087.915
1782616500000,4087.915,4087.915,4087.915,4087.915
1782616560000,4087.915,4087.915,4087.915,4087.915
1782616620000,4087.915,4087.915,4087.915,4087.915
1782616680000,4087.915,4087.915,4087.915,4087.915
1782616740000,4087.915,4087.915,4087.915,4087.915
1782616800000,4087.915,4087.915,4087.915,4087.915
1782616860000,4087.915,4087.915,4087.915,4087.915
1782616920000,4087.915,4087.915,4087.915,4087.915
1782616980000,4087.915,4087.915,4087.915,4087.915
1782617040000,4087.915,4087.915,4087.915,4087.915
1782617100000,4087.915,4087.915,4087.915,4087.915
1782617160000,4087.915,4087.915,4087.915,4087.915
1782617220000,4087.915,4087.915,4087.915,4087.915
1782617280000,4087.915,4087.915,4087.915,4087.915
1782617340000,4087.915,4087.915,4087.915,4087.915
1782617400000,4087.915,4087.915,4087.915,4087.915
1782617460000,4087.915,4087.915,4087.915,4087.915
1782617520000,4087.915,4087.915,4087.915,4087.915
1782617580000,4087.915,4087.915,4087.915,4087.915
1782617640000,4087.915,4087.915,4087.915,4087.915
1782617700000,4087.915,4087.915,4087.915,4087.915
1782617760000,4087.915,4087.915,4087.915,4087.915
1782617820000,4087.915,4087.915,4087.915,4087.915
1782617880000,4087.915,4087.915,4087.915,4087.915
1782617940000,4087.915,4087.915,4087.915,4087.915
1782618000000,4087.915,4087.915,4087.915,4087.915
1782618060000,4087.915,4087.915,4087.915,4087.915
1782618120000,4087.915,4087.915,4087.915,4087.915
1782618180000,4087.915,4087.915,4087.915,4087.915
1782618240000,4087.915,4087.915,4087.915,4087.915
1782618300000,4087.915,4087.915,4087.915,4087.915
1782618360000,4087.915,4087.915,4087.915,4087.915
1782618420000,4087.915,4087.915,4087.915,4087.915
1782618480000,4087.915,4087.915,4087.915,4087.915
1782618540000,4087.915,4087.915,4087.915,4087.915
1782618600000,4087.915,4087.915,4087.915,4087.915
1782618660000,4087.915,4087.915,4087.915,4087.915
1782618720000,4087.915,4087.915,4087.915,4087.915
1782618780000,4087.915,4087.915,4087.915,4087.915
1782618840000,4087.915,4087.915,4087.915,4087.915
1782618900000,4087.915,4087.915,4087.915,4087.915
1782618960000,4087.915,4087.915,4087.915,4087.915
1782619020000,4087.915,4087.915,4087.915,4087.915
1782619080000,4087.915,4087.915,4087.915,4087.915
1782619140000,4087.915,4087.915,4087.915,4087.915
1782619200000,4087.915,4087.915,4087.915,4087.915
1782619260000,4087.915,4087.915,4087.915,4087.915
1782619320000,4087.915,4087.915,4087.915,4087.915
1782619380000,4087.915,4087.915,4087.915,4087.915
1782619440000,4087.915,4087.915,4087.915,4087.915
1782619500000,4087.915,4087.915,4087.915,4087.915
1782619560000,4087.915,4087.915,4087.915,4087.915
1782619620000,4087.915,4087.915,4087.915,4087.915
1782619680000,4087.915,4087.915,4087.915,4087.915
1782619740000,4087.915,4087.915,4087.915,4087.915
1782619800000,4087.915,4087.915,4087.915,4087.915
1782619860000,4087.915,4087.915,4087.915,4087.915
1782619920000,4087.915,4087.915,4087.915,4087.915
1782619980000,4087.915,4087.915,4087.915,4087.915
1782620040000,4087.915,4087.915,4087.915,4087.915
1782620100000,4087.915,4087.915,4087.915,4087.915
1782620160000,4087.915,4087.915,4087.915,4087.915
1782620220000,4087.915,4087.915,4087.915,4087.915
1782620280000,4087.915,4087.915,4087.915,4087.915
1782620340000,4087.915,4087.915,4087.915,4087.915
1782620400000,4087.915,4087.915,4087.915,4087.915
1782620460000,4087.915,4087.915,4087.915,4087.915
1782620520000,4087.915,4087.915,4087.915,4087.915
1782620580000,4087.915,4087.915,4087.915,4087.915
1782620640000,4087.915,4087.915,4087.915,4087.915
1782620700000,4087.915,4087.915,4087.915,4087.915
1782620760000,4087.915,4087.915,4087.915,4087.915
1782620820000,4087.915,4087.915,4087.915,4087.915
1782620880000,4087.915,4087.915,4087.915,4087.915
1782620940000,4087.915,4087.915,4087.915,4087.915
1782621000000,4087.915,4087.915,4087.915,4087.915
1782621060000,4087.915,4087.915,4087.915,4087.915
1782621120000,4087.915,4087.915,4087.915,4087.915
1782621180000,4087.915,4087.915,4087.915,4087.915
1782621240000,4087.915,4087.915,4087.915,4087.915
1782621300000,4087.915,4087.915,4087.915,4087.915
1782621360000,4087.915,4087.915,4087.915,4087.915
1782621420000,4087.915,4087.915,4087.915,4087.915
1782621480000,4087.915,4087.915,4087.915,4087.915
1782621540000,4087.915,4087.915,4087.915,4087.915
1782621600000,4087.915,4087.915,4087.915,4087.915
1782621660000,4087.915,4087.915,4087.915,4087.915
1782621720000,4087.915,4087.915,4087.915,4087.915
1782621780000,4087.915,4087.915,4087.915,4087.915
1782621840000,4087.915,4087.915,4087.915,4087.915
1782621900000,4087.915,4087.915,4087.915,4087.915
1782621960000,4087.915,4087.915,4087.915,4087.915
1782622020000,4087.915,4087.915,4087.915,4087.915
1782622080000,4087.915,4087.915,4087.915,4087.915
1782622140000,4087.915,4087.915,4087.915,4087.915
1782622200000,4087.915,4087.915,4087.915,4087.915
1782622260000,4087.915,4087.915,4087.915,4087.915
1782622320000,4087.915,4087.915,4087.915,4087.915
1782622380000,4087.915,4087.915,4087.915,4087.915
1782622440000,4087.915,4087.915,4087.915,4087.915
1782622500000,4087.915,4087.915,4087.915,4087.915
1782622560000,4087.915,4087.915,4087.915,4087.915
1782622620000,4087.915,4087.915,4087.915,4087.915
1782622680000,4087.915,4087.915,4087.915,4087.915
1782622740000,4087.915,4087.915,4087.915,4087.915
1782622800000,4087.915,4087.915,4087.915,4087.915
1782622860000,4087.915,4087.915,4087.915,4087.915
1782622920000,4087.915,4087.915,4087.915,4087.915
1782622980000,4087.915,4087.915,4087.915,4087.915
1782623040000,4087.915,4087.915,4087.915,4087.915
1782623100000,4087.915,4087.915,4087.915,4087.915
1782623160000,4087.915,4087.915,4087.915,4087.915
1782623220000,4087.915,4087.915,4087.915,4087.915
1782623280000,4087.915,4087.915,4087.915,4087.915
1782623340000,4087.915,4087.915,4087.915,4087.915
1782623400000,4087.915,4087.915,4087.915,4087.915
1782623460000,4087.915,4087.915,4087.915,4087.915
1782623520000,4087.915,4087.915,4087.915,4087.915
1782623580000,4087.915,4087.915,4087.915,4087.915
1782623640000,4087.915,4087.915,4087.915,4087.915
1782623700000,4087.915,4087.915,4087.915,4087.915
1782623760000,4087.915,4087.915,4087.915,4087.915
1782623820000,4087.915,4087.915,4087.915,4087.915
1782623880000,4087.915,4087.915,4087.915,4087.915
1782623940000,4087.915,4087.915,4087.915,4087.915
1782624000000,4087.915,4087.915,4087.915,4087.915
1782624060000,4087.915,4087.915,4087.915,4087.915
1782624120000,4087.915,4087.915,4087.915,4087.915
1782624180000,4087.915,4087.915,4087.915,4087.915
1782624240000,4087.915,4087.915,4087.915,4087.915
1782624300000,4087.915,4087.915,4087.915,4087.915
1782624360000,4087.915,4087.915,4087.915,4087.915
1782624420000,4087.915,4087.915,4087.915,4087.915
1782624480000,4087.915,4087.915,4087.915,4087.915
1782624540000,4087.915,4087.915,4087.915,4087.915
1782624600000,4087.915,4087.915,4087.915,4087.915
1782624660000,4087.915,4087.915,4087.915,4087.915
1782624720000,4087.915,4087.915,4087.915,4087.915
1782624780000,4087.915,4087.915,4087.915,4087.915
1782624840000,4087.915,4087.915,4087.915,4087.915
1782624900000,4087.915,4087.915,4087.915,4087.915
1782624960000,4087.915,4087.915,4087.915,4087.915
1782625020000,4087.915,4087.915,4087.915,4087.915
1782625080000,4087.915,4087.915,4087.915,4087.915
1782625140000,4087.915,4087.915,4087.915,4087.915
1782625200000,4087.915,4087.915,4087.915,4087.915
1782625260000,4087.915,4087.915,4087.915,4087.915
1782625320000,4087.915,4087.915,4087.915,4087.915
1782625380000,4087.915,4087.915,4087.915,4087.915
1782625440000,4087.915,4087.915,4087.915,4087.915
1782625500000,4087.915,4087.915,4087.915,4087.915
1782625560000,4087.915,4087.915,4087.915,4087.915
1782625620000,4087.915,4087.915,4087.915,4087.915
1782625680000,4087.915,4087.915,4087.915,4087.915
1782625740000,4087.915,4087.915,4087.915,4087.915
1782625800000,4087.915,4087.915,4087.915,4087.915
1782625860000,4087.915,4087.915,4087.915,4087.915
1782625920000,4087.915,4087.915,4087.915,4087.915
1782625980000,4087.915,4087.915,4087.915,4087.915
1782626040000,4087.915,4087.915,4087.915,4087.915
1782626100000,4087.915,4087.915,4087.915,4087.915
1782626160000,4087.915,4087.915,4087.915,4087.915
1782626220000,4087.915,4087.915,4087.915,4087.915
1782626280000,4087.915,4087.915,4087.915,4087.915
1782626340000,4087.915,4087.915,4087.915,4087.915
1782626400000,4087.915,4087.915,4087.915,4087.915
1782626460000,4087.915,4087.915,4087.915,4087.915
1782626520000,4087.915,4087.915,4087.915,4087.915
1782626580000,4087.915,4087.915,4087.915,4087.915
1782626640000,4087.915,4087.915,4087.915,4087.915
1782626700000,4087.915,4087.915,4087.915,4087.915
1782626760000,4087.915,4087.915,4087.915,4087.915
1782626820000,4087.915,4087.915,4087.915,4087.915
1782626880000,4087.915,4087.915,4087.915,4087.915
1782626940000,4087.915,4087.915,4087.915,4087.915
1782627000000,4087.915,4087.915,4087.915,4087.915
1782627060000,4087.915,4087.915,4087.915,4087.915
1782627120000,4087.915,4087.915,4087.915,4087.915
1782627180000,4087.915,4087.915,4087.915,4087.915
1782627240000,4087.915,4087.915,4087.915,4087.915
1782627300000,4087.915,4087.915,4087.915,4087.915
1782627360000,4087.915,4087.915,4087.915,4087.915
1782627420000,4087.915,4087.915,4087.915,4087.915
1782627480000,4087.915,4087.915,4087.915,4087.915
1782627540000,4087.915,4087.915,4087.915,4087.915
1782627600000,4087.915,4087.915,4087.915,4087.915
1782627660000,4087.915,4087.915,4087.915,4087.915
1782627720000,4087.915,4087.915,4087.915,4087.915
1782627780000,4087.915,4087.915,4087.915,4087.915
1782627840000,4087.915,4087.915,4087.915,4087.915
1782627900000,4087.915,4087.915,4087.915,4087.915
1782627960000,4087.915,4087.915,4087.915,4087.915
1782628020000,4087.915,4087.915,4087.915,4087.915
1782628080000,4087.915,4087.915,4087.915,4087.915
1782628140000,4087.915,4087.915,4087.915,4087.915
1782628200000,4087.915,4087.915,4087.915,4087.915
1782628260000,4087.915,4087.915,4087.915,4087.915
1782628320000,4087.915,4087.915,4087.915,4087.915
1782628380000,4087.915,4087.915,4087.915,4087.915
1782628440000,4087.915,4087.915,4087.915,4087.915
1782628500000,4087.915,4087.915,4087.915,4087.915
1782628560000,4087.915,4087.915,4087.915,4087.915
1782628620000,4087.915,4087.915,4087.915,4087.915
1782628680000,4087.915,4087.915,4087.915,4087.915
1782628740000,4087.915,4087.915,4087.915,4087.915
1782628800000,4087.915,4087.915,4087.915,4087.915
1782628860000,4087.915,4087.915,4087.915,4087.915
1782628920000,4087.915,4087.915,4087.915,4087.915
1782628980000,4087.915,4087.915,4087.915,4087.915
1782629040000,4087.915,4087.915,4087.915,4087.915
1782629100000,4087.915,4087.915,4087.915,4087.915
1782629160000,4087.915,4087.915,4087.915,4087.915
1782629220000,4087.915,4087.915,4087.915,4087.915
1782629280000,4087.915,4087.915,4087.915,4087.915
1782629340000,4087.915,4087.915,4087.915,4087.915
1782629400000,4087.915,4087.915,4087.915,4087.915
1782629460000,4087.915,4087.915,4087.915,4087.915
1782629520000,4087.915,4087.915,4087.915,4087.915
1782629580000,4087.915,4087.915,4087.915,4087.915
1782629640000,4087.915,4087.915,4087.915,4087.915
1782629700000,4087.915,4087.915,4087.915,4087.915
1782629760000,4087.915,4087.915,4087.915,4087.915
1782629820000,4087.915,4087.915,4087.915,4087.915
1782629880000,4087.915,4087.915,4087.915,4087.915
1782629940000,4087.915,4087.915,4087.915,4087.915
1782630000000,4087.915,4087.915,4087.915,4087.915
1782630060000,4087.915,4087.915,4087.915,4087.915
1782630120000,4087.915,4087.915,4087.915,4087.915
1782630180000,4087.915,4087.915,4087.915,4087.915
1782630240000,4087.915,4087.915,4087.915,4087.915
1782630300000,4087.915,4087.915,4087.915,4087.915
1782630360000,4087.915,4087.915,4087.915,4087.915
1782630420000,4087.915,4087.915,4087.915,4087.915
1782630480000,4087.915,4087.915,4087.915,4087.915
1782630540000,4087.915,4087.915,4087.915,4087.915
1782630600000,4087.915,4087.915,4087.915,4087.915
1782630660000,4087.915,4087.915,4087.915,4087.915
1782630720000,4087.915,4087.915,4087.915,4087.915
1782630780000,4087.915,4087.915,4087.915,4087.915
1782630840000,4087.915,4087.915,4087.915,4087.915
1782630900000,4087.915,4087.915,4087.915,4087.915
1782630960000,4087.915,4087.915,4087.915,4087.915
1782631020000,4087.915,4087.915,4087.915,4087.915
1782631080000,4087.915,4087.915,4087.915,4087.915
1782631140000,4087.915,4087.915,4087.915,4087.915
1782631200000,4087.915,4087.915,4087.915,4087.915
1782631260000,4087.915,4087.915,4087.915,4087.915
1782631320000,4087.915,4087.915,4087.915,4087.915
1782631380000,4087.915,4087.915,4087.915,4087.915
1782631440000,4087.915,4087.915,4087.915,4087.915
1782631500000,4087.915,4087.915,4087.915,4087.915
1782631560000,4087.915,4087.915,4087.915,4087.915
1782631620000,4087.915,4087.915,4087.915,4087.915
1782631680000,4087.915,4087.915,4087.915,4087.915
1782631740000,4087.915,4087.915,4087.915,4087.915
1782631800000,4087.915,4087.915,4087.915,4087.915
1782631860000,4087.915,4087.915,4087.915,4087.915
1782631920000,4087.915,4087.915,4087.915,4087.915
1782631980000,4087.915,4087.915,4087.915,4087.915
1782632040000,4087.915,4087.915,4087.915,4087.915
1782632100000,4087.915,4087.915,4087.915,4087.915
1782632160000,4087.915,4087.915,4087.915,4087.915
1782632220000,4087.915,4087.915,4087.915,4087.915
1782632280000,4087.915,4087.915,4087.915,4087.915
1782632340000,4087.915,4087.915,4087.915,4087.915
1782632400000,4087.915,4087.915,4087.915,4087.915
1782632460000,4087.915,4087.915,4087.915,4087.915
1782632520000,4087.915,4087.915,4087.915,4087.915
1782632580000,4087.915,4087.915,4087.915,4087.915
1782632640000,4087.915,4087.915,4087.915,4087.915
1782632700000,4087.915,4087.915,4087.915,4087.915
1782632760000,4087.915,4087.915,4087.915,4087.915
1782632820000,4087.915,4087.915,4087.915,4087.915
1782632880000,4087.915,4087.915,4087.915,4087.915
1782632940000,4087.915,4087.915,4087.915,4087.915
1782633000000,4087.915,4087.915,4087.915,4087.915
1782633060000,4087.915,4087.915,4087.915,4087.915
1782633120000,4087.915,4087.915,4087.915,4087.915
1782633180000,4087.915,4087.915,4087.915,4087.915
1782633240000,4087.915,4087.915,4087.915,4087.915
1782633300000,4087.915,4087.915,4087.915,4087.915
1782633360000,4087.915,4087.915,4087.915,4087.915
1782633420000,4087.915,4087.915,4087.915,4087.915
1782633480000,4087.915,4087.915,4087.915,4087.915
1782633540000,4087.915,4087.915,4087.915,4087.915
1782633600000,4087.915,4087.915,4087.915,4087.915
1782633660000,4087.915,4087.915,4087.915,4087.915
1782633720000,4087.915,4087.915,4087.915,4087.915
1782633780000,4087.915,4087.915,4087.915,4087.915
1782633840000,4087.915,4087.915,4087.915,4087.915
1782633900000,4087.915,4087.915,4087.915,4087.915
1782633960000,4087.915,4087.915,4087.915,4087.915
1782634020000,4087.915,4087.915,4087.915,4087.915
1782634080000,4087.915,4087.915,4087.915,4087.915
1782634140000,4087.915,4087.915,4087.915,4087.915
1782634200000,4087.915,4087.915,4087.915,4087.915
1782634260000,4087.915,4087.915,4087.915,4087.915
1782634320000,4087.915,4087.915,4087.915,4087.915
1782634380000,4087.915,4087.915,4087.915,4087.915
1782634440000,4087.915,4087.915,4087.915,4087.915
1782634500000,4087.915,4087.915,4087.915,4087.915
1782634560000,4087.915,4087.915,4087.915,4087.915
1782634620000,4087.915,4087.915,4087.915,4087.915
1782634680000,4087.915,4087.915,4087.915,4087.915
1782634740000,4087.915,4087.915,4087.915,4087.915
1782634800000,4087.915,4087.915,4087.915,4087.915
1782634860000,4087.915,4087.915,4087.915,4087.915
1782634920000,4087.915,4087.915,4087.915,4087.915
1782634980000,4087.915,4087.915,4087.915,4087.915
1782635040000,4087.915,4087.915,4087.915,4087.915
1782635100000,4087.915,4087.915,4087.915,4087.915
1782635160000,4087.915,4087.915,4087.915,4087.915
1782635220000,4087.915,4087.915,4087.915,4087.915
1782635280000,4087.915,4087.915,4087.915,4087.915
1782635340000,4087.915,4087.915,4087.915,4087.915
1782635400000,4087.915,4087.915,4087.915,4087.915
1782635460000,4087.915,4087.915,4087.915,4087.915
1782635520000,4087.915,4087.915,4087.915,4087.915
1782635580000,4087.915,4087.915,4087.915,4087.915
1782635640000,4087.915,4087.915,4087.915,4087.915
1782635700000,4087.915,4087.915,4087.915,4087.915
1782635760000,4087.915,4087.915,4087.915,4087.915
1782635820000,4087.915,4087.915,4087.915,4087.915
1782635880000,4087.915,4087.915,4087.915,4087.915
1782635940000,4087.915,4087.915,4087.915,4087.915
1782636000000,4087.915,4087.915,4087.915,4087.915
1782636060000,4087.915,4087.915,4087.915,4087.915
1782636120000,4087.915,4087.915,4087.915,4087.915
1782636180000,4087.915,4087.915,4087.915,4087.915
1782636240000,4087.915,4087.915,4087.915,4087.915
1782636300000,4087.915,4087.915,4087.915,4087.915
1782636360000,4087.915,4087.915,4087.915,4087.915
1782636420000,4087.915,4087.915,4087.915,4087.915
1782636480000,4087.915,4087.915,4087.915,4087.915
1782636540000,4087.915,4087.915,4087.915,4087.915
1782636600000,4087.915,4087.915,4087.915,4087.915
1782636660000,4087.915,4087.915,4087.915,4087.915
1782636720000,4087.915,4087.915,4087.915,4087.915
1782636780000,4087.915,4087.915,4087.915,4087.915
1782636840000,4087.915,4087.915,4087.915,4087.915
1782636900000,4087.915,4087.915,4087.915,4087.915
1782636960000,4087.915,4087.915,4087.915,4087.915
1782637020000,4087.915,4087.915,4087.915,4087.915
1782637080000,4087.915,4087.915,4087.915,4087.915
1782637140000,4087.915,4087.915,4087.915,4087.915
1782637200000,4087.915,4087.915,4087.915,4087.915
1782637260000,4087.915,4087.915,4087.915,4087.915
1782637320000,4087.915,4087.915,4087.915,4087.915
1782637380000,4087.915,4087.915,4087.915,4087.915
1782637440000,4087.915,4087.915,4087.915,4087.915
1782637500000,4087.915,4087.915,4087.915,4087.915
1782637560000,4087.915,4087.915,4087.915,4087.915
1782637620000,4087.915,4087.915,4087.915,4087.915
1782637680000,4087.915,4087.915,4087.915,4087.915
1782637740000,4087.915,4087.915,4087.915,4087.915
1782637800000,4087.915,4087.915,4087.915,4087.915
1782637860000,4087.915,4087.915,4087.915,4087.915
1782637920000,4087.915,4087.915,4087.915,4087.915
1782637980000,4087.915,4087.915,4087.915,4087.915
1782638040000,4087.915,4087.915,4087.915,4087.915
1782638100000,4087.915,4087.915,4087.915,4087.915
1782638160000,4087.915,4087.915,4087.915,4087.915
1782638220000,4087.915,4087.915,4087.915,4087.915
1782638280000,4087.915,4087.915,4087.915,4087.915
1782638340000,4087.915,4087.915,4087.915,4087.915
1782638400000,4087.915,4087.915,4087.915,4087.915
1782638460000,4087.915,4087.915,4087.915,4087.915
1782638520000,4087.915,4087.915,4087.915,4087.915
1782638580000,4087.915,4087.915,4087.915,4087.915
1782638640000,4087.915,4087.915,4087.915,4087.915
1782638700000,4087.915,4087.915,4087.915,4087.915
1782638760000,4087.915,4087.915,4087.915,4087.915
1782638820000,4087.915,4087.915,4087.915,4087.915
1782638880000,4087.915,4087.915,4087.915,4087.915
1782638940000,4087.915,4087.915,4087.915,4087.915
1782639000000,4087.915,4087.915,4087.915,4087.915
1782639060000,4087.915,4087.915,4087.915,4087.915
1782639120000,4087.915,4087.915,4087.915,4087.915
1782639180000,4087.915,4087.915,4087.915,4087.915
1782639240000,4087.915,4087.915,4087.915,4087.915
1782639300000,4087.915,4087.915,4087.915,4087.915
1782639360000,4087.915,4087.915,4087.915,4087.915
1782639420000,4087.915,4087.915,4087.915,4087.915
1782639480000,4087.915,4087.915,4087.915,4087.915
1782639540000,4087.915,4087.915,4087.915,4087.915
1782639600000,4087.915,4087.915,4087.915,4087.915
1782639660000,4087.915,4087.915,4087.915,4087.915
1782639720000,4087.915,4087.915,4087.915,4087.915
1782639780000,4087.915,4087.915,4087.915,4087.915
1782639840000,4087.915,4087.915,4087.915,4087.915
1782639900000,4087.915,4087.915,4087.915,4087.915
1782639960000,4087.915,4087.915,4087.915,4087.915
1782640020000,4087.915,4087.915,4087.915,4087.915
1782640080000,4087.915,4087.915,4087.915,4087.915
1782640140000,4087.915,4087.915,4087.915,4087.915
1782640200000,4087.915,4087.915,4087.915,4087.915
1782640260000,4087.915,4087.915,4087.915,4087.915
1782640320000,4087.915,4087.915,4087.915,4087.915
1782640380000,4087.915,4087.915,4087.915,4087.915
1782640440000,4087.915,4087.915,4087.915,4087.915
1782640500000,4087.915,4087.915,4087.915,4087.915
1782640560000,4087.915,4087.915,4087.915,4087.915
1782640620000,4087.915,4087.915,4087.915,4087.915
1782640680000,4087.915,4087.915,4087.915,4087.915
1782640740000,4087.915,4087.915,4087.915,4087.915
1782640800000,4087.915,4087.915,4087.915,4087.915
1782640860000,4087.915,4087.915,4087.915,4087.915
1782640920000,4087.915,4087.915,4087.915,4087.915
1782640980000,4087.915,4087.915,4087.915,4087.915
1782641040000,4087.915,4087.915,4087.915,4087.915
1782641100000,4087.915,4087.915,4087.915,4087.915
1782641160000,4087.915,4087.915,4087.915,4087.915
1782641220000,4087.915,4087.915,4087.915,4087.915
1782641280000,4087.915,4087.915,4087.915,4087.915
1782641340000,4087.915,4087.915,4087.915,4087.915
1782641400000,4087.915,4087.915,4087.915,4087.915
1782641460000,4087.915,4087.915,4087.915,4087.915
1782641520000,4087.915,4087.915,4087.915,4087.915
1782641580000,4087.915,4087.915,4087.915,4087.915
1782641640000,4087.915,4087.915,4087.915,4087.915
1782641700000,4087.915,4087.915,4087.915,4087.915
1782641760000,4087.915,4087.915,4087.915,4087.915
1782641820000,4087.915,4087.915,4087.915,4087.915
1782641880000,4087.915,4087.915,4087.915,4087.915
1782641940000,4087.915,4087.915,4087.915,4087.915
1782642000000,4087.915,4087.915,4087.915,4087.915
1782642060000,4087.915,4087.915,4087.915,4087.915
1782642120000,4087.915,4087.915,4087.915,4087.915
1782642180000,4087.915,4087.915,4087.915,4087.915
1782642240000,4087.915,4087.915,4087.915,4087.915
1782642300000,4087.915,4087.915,4087.915,4087.915
1782642360000,4087.915,4087.915,4087.915,4087.915
1782642420000,4087.915,4087.915,4087.915,4087.915
1782642480000,4087.915,4087.915,4087.915,4087.915
1782642540000,4087.915,4087.915,4087.915,4087.915
1782642600000,4087.915,4087.915,4087.915,4087.915
1782642660000,4087.915,4087.915,4087.915,4087.915
1782642720000,4087.915,4087.915,4087.915,4087.915
1782642780000,4087.915,4087.915,4087.915,4087.915
1782642840000,4087.915,4087.915,4087.915,4087.915
1782642900000,4087.915,4087.915,4087.915,4087.915
1782642960000,4087.915,4087.915,4087.915,4087.915
1782643020000,4087.915,4087.915,4087.915,4087.915
1782643080000,4087.915,4087.915,4087.915,4087.915
1782643140000,4087.915,4087.915,4087.915,4087.915
1782643200000,4087.915,4087.915,4087.915,4087.915
1782643260000,4087.915,4087.915,4087.915,4087.915
1782643320000,4087.915,4087.915,4087.915,4087.915
1782643380000,4087.915,4087.915,4087.915,4087.915
1782643440000,4087.915,4087.915,4087.915,4087.915
1782643500000,4087.915,4087.915,4087.915,4087.915
1782643560000,4087.915,4087.915,4087.915,4087.915
1782643620000,4087.915,4087.915,4087.915,4087.915
1782643680000,4087.915,4087.915,4087.915,4087.915
1782643740000,4087.915,4087.915,4087.915,4087.915
1782643800000,4087.915,4087.915,4087.915,4087.915
1782643860000,4087.915,4087.915,4087.915,4087.915
1782643920000,4087.915,4087.915,4087.915,4087.915
1782643980000,4087.915,4087.915,4087.915,4087.915
1782644040000,4087.915,4087.915,4087.915,4087.915
1782644100000,4087.915,4087.915,4087.915,4087.915
1782644160000,4087.915,4087.915,4087.915,4087.915
1782644220000,4087.915,4087.915,4087.915,4087.915
1782644280000,4087.915,4087.915,4087.915,4087.915
1782644340000,4087.915,4087.915,4087.915,4087.915
1782644400000,4087.915,4087.915,4087.915,4087.915
1782644460000,4087.915,4087.915,4087.915,4087.915
1782644520000,4087.915,4087.915,4087.915,4087.915
1782644580000,4087.915,4087.915,4087.915,4087.915
1782644640000,4087.915,4087.915,4087.915,4087.915
1782644700000,4087.915,4087.915,4087.915,4087.915
1782644760000,4087.915,4087.915,4087.915,4087.915
1782644820000,4087.915,4087.915,4087.915,4087.915
1782644880000,4087.915,4087.915,4087.915,4087.915
1782644940000,4087.915,4087.915,4087.915,4087.915
1782645000000,4087.915,4087.915,4087.915,4087.915
1782645060000,4087.915,4087.915,4087.915,4087.915
1782645120000,4087.915,4087.915,4087.915,4087.915
1782645180000,4087.915,4087.915,4087.915,4087.915
1782645240000,4087.915,4087.915,4087.915,4087.915
1782645300000,4087.915,4087.915,4087.915,4087.915
1782645360000,4087.915,4087.915,4087.915,4087.915
1782645420000,4087.915,4087.915,4087.915,4087.915
1782645480000,4087.915,4087.915,4087.915,4087.915
1782645540000,4087.915,4087.915,4087.915,4087.915
1782645600000,4087.915,4087.915,4087.915,4087.915
1782645660000,4087.915,4087.915,4087.915,4087.915
1782645720000,4087.915,4087.915,4087.915,4087.915
1782645780000,4087.915,4087.915,4087.915,4087.915
1782645840000,4087.915,4087.915,4087.915,4087.915
1782645900000,4087.915,4087.915,4087.915,4087.915
1782645960000,4087.915,4087.915,4087.915,4087.915
1782646020000,4087.915,4087.915,4087.915,4087.915
1782646080000,4087.915,4087.915,4087.915,4087.915
1782646140000,4087.915,4087.915,4087.915,4087.915
1782646200000,4087.915,4087.915,4087.915,4087.915
1782646260000,4087.915,4087.915,4087.915,4087.915
1782646320000,4087.915,4087.915,4087.915,4087.915
1782646380000,4087.915,4087.915,4087.915,4087.915
1782646440000,4087.915,4087.915,4087.915,4087.915
1782646500000,4087.915,4087.915,4087.915,4087.915
1782646560000,4087.915,4087.915,4087.915,4087.915
1782646620000,4087.915,4087.915,4087.915,4087.915
1782646680000,4087.915,4087.915,4087.915,4087.915
1782646740000,4087.915,4087.915,4087.915,4087.915
1782646800000,4087.915,4087.915,4087.915,4087.915
1782646860000,4087.915,4087.915,4087.915,4087.915
1782646920000,4087.915,4087.915,4087.915,4087.915
1782646980000,4087.915,4087.915,4087.915,4087.915
1782647040000,4087.915,4087.915,4087.915,4087.915
1782647100000,4087.915,4087.915,4087.915,4087.915
1782647160000,4087.915,4087.915,4087.915,4087.915
1782647220000,4087.915,4087.915,4087.915,4087.915
1782647280000,4087.915,4087.915,4087.915,4087.915
1782647340000,4087.915,4087.915,4087.915,4087.915
1782647400000,4087.915,4087.915,4087.915,4087.915
1782647460000,4087.915,4087.915,4087.915,4087.915
1782647520000,4087.915,4087.915,4087.915,4087.915
1782647580000,4087.915,4087.915,4087.915,4087.915
1782647640000,4087.915,4087.915,4087.915,4087.915
1782647700000,4087.915,4087.915,4087.915,4087.915
1782647760000,4087.915,4087.915,4087.915,4087.915
1782647820000,4087.915,4087.915,4087.915,4087.915
1782647880000,4087.915,4087.915,4087.915,4087.915
1782647940000,4087.915,4087.915,4087.915,4087.915
1782648000000,4087.915,4087.915,4087.915,4087.915
1782648060000,4087.915,4087.915,4087.915,4087.915
1782648120000,4087.915,4087.915,4087.915,4087.915
1782648180000,4087.915,4087.915,4087.915,4087.915
1782648240000,4087.915,4087.915,4087.915,4087.915
1782648300000,4087.915,4087.915,4087.915,4087.915
1782648360000,4087.915,4087.915,4087.915,4087.915
1782648420000,4087.915,4087.915,4087.915,4087.915
1782648480000,4087.915,4087.915,4087.915,4087.915
1782648540000,4087.915,4087.915,4087.915,4087.915
1782648600000,4087.915,4087.915,4087.915,4087.915
1782648660000,4087.915,4087.915,4087.915,4087.915
1782648720000,4087.915,4087.915,4087.915,4087.915
1782648780000,4087.915,4087.915,4087.915,4087.915
1782648840000,4087.915,4087.915,4087.915,4087.915
1782648900000,4087.915,4087.915,4087.915,4087.915
1782648960000,4087.915,4087.915,4087.915,4087.915
1782649020000,4087.915,4087.915,4087.915,4087.915
1782649080000,4087.915,4087.915,4087.915,4087.915
1782649140000,4087.915,4087.915,4087.915,4087.915
1782649200000,4087.915,4087.915,4087.915,4087.915
1782649260000,4087.915,4087.915,4087.915,4087.915
1782649320000,4087.915,4087.915,4087.915,4087.915
1782649380000,4087.915,4087.915,4087.915,4087.915
1782649440000,4087.915,4087.915,4087.915,4087.915
1782649500000,4087.915,4087.915,4087.915,4087.915
1782649560000,4087.915,4087.915,4087.915,4087.915
1782649620000,4087.915,4087.915,4087.915,4087.915
1782649680000,4087.915,4087.915,4087.915,4087.915
1782649740000,4087.915,4087.915,4087.915,4087.915
1782649800000,4087.915,4087.915,4087.915,4087.915
1782649860000,4087.915,4087.915,4087.915,4087.915
1782649920000,4087.915,4087.915,4087.915,4087.915
1782649980000,4087.915,4087.915,4087.915,4087.915
1782650040000,4087.915,4087.915,4087.915,4087.915
1782650100000,4087.915,4087.915,4087.915,4087.915
1782650160000,4087.915,4087.915,4087.915,4087.915
1782650220000,4087.915,4087.915,4087.915,4087.915
1782650280000,4087.915,4087.915,4087.915,4087.915
1782650340000,4087.915,4087.915,4087.915,4087.915
1782650400000,4087.915,4087.915,4087.915,4087.915
1782650460000,4087.915,4087.915,4087.915,4087.915
1782650520000,4087.915,4087.915,4087.915,4087.915
1782650580000,4087.915,4087.915,4087.915,4087.915
1782650640000,4087.915,4087.915,4087.915,4087.915
1782650700000,4087.915,4087.915,4087.915,4087.915
1782650760000,4087.915,4087.915,4087.915,4087.915
1782650820000,4087.915,4087.915,4087.915,4087.915
1782650880000,4087.915,4087.915,4087.915,4087.915
1782650940000,4087.915,4087.915,4087.915,4087.915
1782651000000,4087.915,4087.915,4087.915,4087.915
1782651060000,4087.915,4087.915,4087.915,4087.915
1782651120000,4087.915,4087.915,4087.915,4087.915
1782651180000,4087.915,4087.915,4087.915,4087.915
1782651240000,4087.915,4087.915,4087.915,4087.915
1782651300000,4087.915,4087.915,4087.915,4087.915
1782651360000,4087.915,4087.915,4087.915,4087.915
1782651420000,4087.915,4087.915,4087.915,4087.915
1782651480000,4087.915,4087.915,4087.915,4087.915
1782651540000,4087.915,4087.915,4087.915,4087.915
1782651600000,4087.915,4087.915,4087.915,4087.915
1782651660000,4087.915,4087.915,4087.915,4087.915
1782651720000,4087.915,4087.915,4087.915,4087.915
1782651780000,4087.915,4087.915,4087.915,4087.915
1782651840000,4087.915,4087.915,4087.915,4087.915
1782651900000,4087.915,4087.915,4087.915,4087.915
1782651960000,4087.915,4087.915,4087.915,4087.915
1782652020000,4087.915,4087.915,4087.915,4087.915
1782652080000,4087.915,4087.915,4087.915,4087.915
1782652140000,4087.915,4087.915,4087.915,4087.915
1782652200000,4087.915,4087.915,4087.915,4087.915
1782652260000,4087.915,4087.915,4087.915,4087.915
1782652320000,4087.915,4087.915,4087.915,4087.915
1782652380000,4087.915,4087.915,4087.915,4087.915
1782652440000,4087.915,4087.915,4087.915,4087.915
1782652500000,4087.915,4087.915,4087.915,4087.915
1782652560000,4087.915,4087.915,4087.915,4087.915
1782652620000,4087.915,4087.915,4087.915,4087.915
1782652680000,4087.915,4087.915,4087.915,4087.915
1782652740000,4087.915,4087.915,4087.915,4087.915
1782652800000,4087.915,4087.915,4087.915,4087.915
1782652860000,4087.915,4087.915,4087.915,4087.915
1782652920000,4087.915,4087.915,4087.915,4087.915
1782652980000,4087.915,4087.915,4087.915,4087.915
1782653040000,4087.915,4087.915,4087.915,4087.915
1782653100000,4087.915,4087.915,4087.915,4087.915
1782653160000,4087.915,4087.915,4087.915,4087.915
1782653220000,4087.915,4087.915,4087.915,4087.915
1782653280000,4087.915,4087.915,4087.915,4087.915
1782653340000,4087.915,4087.915,4087.915,4087.915
1782653400000,4087.915,4087.915,4087.915,4087.915
1782653460000,4087.915,4087.915,4087.915,4087.915
1782653520000,4087.915,4087.915,4087.915,4087.915
1782653580000,4087.915,4087.915,4087.915,4087.915
1782653640000,4087.915,4087.915,4087.915,4087.915
1782653700000,4087.915,4087.915,4087.915,4087.915
1782653760000,4087.915,4087.915,4087.915,4087.915
1782653820000,4087.915,4087.915,4087.915,4087.915
1782653880000,4087.915,4087.915,4087.915,4087.915
1782653940000,4087.915,4087.915,4087.915,4087.915
1782654000000,4087.915,4087.915,4087.915,4087.915
1782654060000,4087.915,4087.915,4087.915,4087.915
1782654120000,4087.915,4087.915,4087.915,4087.915
1782654180000,4087.915,4087.915,4087.915,4087.915
1782654240000,4087.915,4087.915,4087.915,4087.915
1782654300000,4087.915,4087.915,4087.915,4087.915
1782654360000,4087.915,4087.915,4087.915,4087.915
1782654420000,4087.915,4087.915,4087.915,4087.915
1782654480000,4087.915,4087.915,4087.915,4087.915
1782654540000,4087.915,4087.915,4087.915,4087.915
1782654600000,4087.915,4087.915,4087.915,4087.915
1782654660000,4087.915,4087.915,4087.915,4087.915
1782654720000,4087.915,4087.915,4087.915,4087.915
1782654780000,4087.915,4087.915,4087.915,4087.915
1782654840000,4087.915,4087.915,4087.915,4087.915
1782654900000,4087.915,4087.915,4087.915,4087.915
1782654960000,4087.915,4087.915,4087.915,4087.915
1782655020000,4087.915,4087.915,4087.915,4087.915
1782655080000,4087.915,4087.915,4087.915,4087.915
1782655140000,4087.915,4087.915,4087.915,4087.915
1782655200000,4087.915,4087.915,4087.915,4087.915
1782655260000,4087.915,4087.915,4087.915,4087.915
1782655320000,4087.915,4087.915,4087.915,4087.915
1782655380000,4087.915,4087.915,4087.915,4087.915
1782655440000,4087.915,4087.915,4087.915,4087.915
1782655500000,4087.915,4087.915,4087.915,4087.915
1782655560000,4087.915,4087.915,4087.915,4087.915
1782655620000,4087.915,4087.915,4087.915,4087.915
1782655680000,4087.915,4087.915,4087.915,4087.915
1782655740000,4087.915,4087.915,4087.915,4087.915
1782655800000,4087.915,4087.915,4087.915,4087.915
1782655860000,4087.915,4087.915,4087.915,4087.915
1782655920000,4087.915,4087.915,4087.915,4087.915
1782655980000,4087.915,4087.915,4087.915,4087.915
1782656040000,4087.915,4087.915,4087.915,4087.915
1782656100000,4087.915,4087.915,4087.915,4087.915
1782656160000,4087.915,4087.915,4087.915,4087.915
1782656220000,4087.915,4087.915,4087.915,4087.915
1782656280000,4087.915,4087.915,4087.915,4087.915
1782656340000,4087.915,4087.915,4087.915,4087.915
1782656400000,4087.915,4087.915,4087.915,4087.915
1782656460000,4087.915,4087.915,4087.915,4087.915
1782656520000,4087.915,4087.915,4087.915,4087.915
1782656580000,4087.915,4087.915,4087.915,4087.915
1782656640000,4087.915,4087.915,4087.915,4087.915
1782656700000,4087.915,4087.915,4087.915,4087.915
1782656760000,4087.915,4087.915,4087.915,4087.915
1782656820000,4087.915,4087.915,4087.915,4087.915
1782656880000,4087.915,4087.915,4087.915,4087.915
1782656940000,4087.915,4087.915,4087.915,4087.915
1782657000000,4087.915,4087.915,4087.915,4087.915
1782657060000,4087.915,4087.915,4087.915,4087.915
1782657120000,4087.915,4087.915,4087.915,4087.915
1782657180000,4087.915,4087.915,4087.915,4087.915
1782657240000,4087.915,4087.915,4087.915,4087.915
1782657300000,4087.915,4087.915,4087.915,4087.915
1782657360000,4087.915,4087.915,4087.915,4087.915
1782657420000,4087.915,4087.915,4087.915,4087.915
1782657480000,4087.915,4087.915,4087.915,4087.915
1782657540000,4087.915,4087.915,4087.915,4087.915
1782657600000,4087.915,4087.915,4087.915,4087.915
1782657660000,4087.915,4087.915,4087.915,4087.915
1782657720000,4087.915,4087.915,4087.915,4087.915
1782657780000,4087.915,4087.915,4087.915,4087.915
1782657840000,4087.915,4087.915,4087.915,4087.915
1782657900000,4087.915,4087.915,4087.915,4087.915
1782657960000,4087.915,4087.915,4087.915,4087.915
1782658020000,4087.915,4087.915,4087.915,4087.915
1782658080000,4087.915,4087.915,4087.915,4087.915
1782658140000,4087.915,4087.915,4087.915,4087.915
1782658200000,4087.915,4087.915,4087.915,4087.915
1782658260000,4087.915,4087.915,4087.915,4087.915
1782658320000,4087.915,4087.915,4087.915,4087.915
1782658380000,4087.915,4087.915,4087.915,4087.915
1782658440000,4087.915,4087.915,4087.915,4087.915
1782658500000,4087.915,4087.915,4087.915,4087.915
1782658560000,4087.915,4087.915,4087.915,4087.915
1782658620000,4087.915,4087.915,4087.915,4087.915
1782658680000,4087.915,4087.915,4087.915,4087.915
1782658740000,4087.915,4087.915,4087.915,4087.915
1782658800000,4087.915,4087.915,4087.915,4087.915
1782658860000,4087.915,4087.915,4087.915,4087.915
1782658920000,4087.915,4087.915,4087.915,4087.915
1782658980000,4087.915,4087.915,4087.915,4087.915
1782659040000,4087.915,4087.915,4087.915,4087.915
1782659100000,4087.915,4087.915,4087.915,4087.915
1782659160000,4087.915,4087.915,4087.915,4087.915
1782659220000,4087.915,4087.915,4087.915,4087.915
1782659280000,4087.915,4087.915,4087.915,4087.915
1782659340000,4087.915,4087.915,4087.915,4087.915
1782659400000,4087.915,4087.915,4087.915,4087.915
1782659460000,4087.915,4087.915,4087.915,4087.915
1782659520000,4087.915,4087.915,4087.915,4087.915
1782659580000,4087.915,4087.915,4087.915,4087.915
1782659640000,4087.915,4087.915,4087.915,4087.915
1782659700000,4087.915,4087.915,4087.915,4087.915
1782659760000,4087.915,4087.915,4087.915,4087.915
1782659820000,4087.915,4087.915,4087.915,4087.915
1782659880000,4087.915,4087.915,4087.915,4087.915
1782659940000,4087.915,4087.915,4087.915,4087.915
1782660000000,4087.915,4087.915,4087.915,4087.915
1782660060000,4087.915,4087.915,4087.915,4087.915
1782660120000,4087.915,4087.915,4087.915,4087.915
1782660180000,4087.915,4087.915,4087.915,4087.915
1782660240000,4087.915,4087.915,4087.915,4087.915
1782660300000,4087.915,4087.915,4087.915,4087.915
1782660360000,4087.915,4087.915,4087.915,4087.915
1782660420000,4087.915,4087.915,4087.915,4087.915
1782660480000,4087.915,4087.915,4087.915,4087.915
1782660540000,4087.915,4087.915,4087.915,4087.915
1782660600000,4087.915,4087.915,4087.915,4087.915
1782660660000,4087.915,4087.915,4087.915,4087.915
1782660720000,4087.915,4087.915,4087.915,4087.915
1782660780000,4087.915,4087.915,4087.915,4087.915
1782660840000,4087.915,4087.915,4087.915,4087.915
1782660900000,4087.915,4087.915,4087.915,4087.915
1782660960000,4087.915,4087.915,4087.915,4087.915
1782661020000,4087.915,4087.915,4087.915,4087.915
1782661080000,4087.915,4087.915,4087.915,4087.915
1782661140000,4087.915,4087.915,4087.915,4087.915
1782661200000,4087.915,4087.915,4087.915,4087.915
1782661260000,4087.915,4087.915,4087.915,4087.915
1782661320000,4087.915,4087.915,4087.915,4087.915
1782661380000,4087.915,4087.915,4087.915,4087.915
1782661440000,4087.915,4087.915,4087.915,4087.915
1782661500000,4087.915,4087.915,4087.915,4087.915
1782661560000,4087.915,4087.915,4087.915,4087.915
1782661620000,4087.915,4087.915,4087.915,4087.915
1782661680000,4087.915,4087.915,4087.915,4087.915
1782661740000,4087.915,4087.915,4087.915,4087.915
1782661800000,4087.915,4087.915,4087.915,4087.915
1782661860000,4087.915,4087.915,4087.915,4087.915
1782661920000,4087.915,4087.915,4087.915,4087.915
1782661980000,4087.915,4087.915,4087.915,4087.915
1782662040000,4087.915,4087.915,4087.915,4087.915
1782662100000,4087.915,4087.915,4087.915,4087.915
1782662160000,4087.915,4087.915,4087.915,4087.915
1782662220000,4087.915,4087.915,4087.915,4087.915
1782662280000,4087.915,4087.915,4087.915,4087.915
1782662340000,4087.915,4087.915,4087.915,4087.915
1782662400000,4087.915,4087.915,4087.915,4087.915
1782662460000,4087.915,4087.915,4087.915,4087.915
1782662520000,4087.915,4087.915,4087.915,4087.915
1782662580000,4087.915,4087.915,4087.915,4087.915
1782662640000,4087.915,4087.915,4087.915,4087.915
1782662700000,4087.915,4087.915,4087.915,4087.915
1782662760000,4087.915,4087.915,4087.915,4087.915
1782662820000,4087.915,4087.915,4087.915,4087.915
1782662880000,4087.915,4087.915,4087.915,4087.915
1782662940000,4087.915,4087.915,4087.915,4087.915
1782663000000,4087.915,4087.915,4087.915,4087.915
1782663060000,4087.915,4087.915,4087.915,4087.915
1782663120000,4087.915,4087.915,4087.915,4087.915
1782663180000,4087.915,4087.915,4087.915,4087.915
1782663240000,4087.915,4087.915,4087.915,4087.915
1782663300000,4087.915,4087.915,4087.915,4087.915
1782663360000,4087.915,4087.915,4087.915,4087.915
1782663420000,4087.915,4087.915,4087.915,4087.915
1782663480000,4087.915,4087.915,4087.915,4087.915
1782663540000,4087.915,4087.915,4087.915,4087.915
1782663600000,4087.915,4087.915,4087.915,4087.915
1782663660000,4087.915,4087.915,4087.915,4087.915
1782663720000,4087.915,4087.915,4087.915,4087.915
1782663780000,4087.915,4087.915,4087.915,4087.915
1782663840000,4087.915,4087.915,4087.915,4087.915
1782663900000,4087.915,4087.915,4087.915,4087.915
1782663960000,4087.915,4087.915,4087.915,4087.915
1782664020000,4087.915,4087.915,4087.915,4087.915
1782664080000,4087.915,4087.915,4087.915,4087.915
1782664140000,4087.915,4087.915,4087.915,4087.915
1782664200000,4087.915,4087.915,4087.915,4087.915
1782664260000,4087.915,4087.915,4087.915,4087.915
1782664320000,4087.915,4087.915,4087.915,4087.915
1782664380000,4087.915,4087.915,4087.915,4087.915
1782664440000,4087.915,4087.915,4087.915,4087.915
1782664500000,4087.915,4087.915,4087.915,4087.915
1782664560000,4087.915,4087.915,4087.915,4087.915
1782664620000,4087.915,4087.915,4087.915,4087.915
1782664680000,4087.915,4087.915,4087.915,4087.915
1782664740000,4087.915,4087.915,4087.915,4087.915
1782664800000,4087.915,4087.915,4087.915,4087.915
1782664860000,4087.915,4087.915,4087.915,4087.915
1782664920000,4087.915,4087.915,4087.915,4087.915
1782664980000,4087.915,4087.915,4087.915,4087.915
1782665040000,4087.915,4087.915,4087.915,4087.915
1782665100000,4087.915,4087.915,4087.915,4087.915
1782665160000,4087.915,4087.915,4087.915,4087.915
1782665220000,4087.915,4087.915,4087.915,4087.915
1782665280000,4087.915,4087.915,4087.915,4087.915
1782665340000,4087.915,4087.915,4087.915,4087.915
1782665400000,4087.915,4087.915,4087.915,4087.915
1782665460000,4087.915,4087.915,4087.915,4087.915
1782665520000,4087.915,4087.915,4087.915,4087.915
1782665580000,4087.915,4087.915,4087.915,4087.915
1782665640000,4087.915,4087.915,4087.915,4087.915
1782665700000,4087.915,4087.915,4087.915,4087.915
1782665760000,4087.915,4087.915,4087.915,4087.915
1782665820000,4087.915,4087.915,4087.915,4087.915
1782665880000,4087.915,4087.915,4087.915,4087.915
1782665940000,4087.915,4087.915,4087.915,4087.915
1782666000000,4087.915,4087.915,4087.915,4087.915
1782666060000,4087.915,4087.915,4087.915,4087.915
1782666120000,4087.915,4087.915,4087.915,4087.915
1782666180000,4087.915,4087.915,4087.915,4087.915
1782666240000,4087.915,4087.915,4087.915,4087.915
1782666300000,4087.915,4087.915,4087.915,4087.915
1782666360000,4087.915,4087.915,4087.915,4087.915
1782666420000,4087.915,4087.915,4087.915,4087.915
1782666480000,4087.915,4087.915,4087.915,4087.915
1782666540000,4087.915,4087.915,4087.915,4087.915
1782666600000,4087.915,4087.915,4087.915,4087.915
1782666660000,4087.915,4087.915,4087.915,4087.915
1782666720000,4087.915,4087.915,4087.915,4087.915
1782666780000,4087.915,4087.915,4087.915,4087.915
1782666840000,4087.915,4087.915,4087.915,4087.915
1782666900000,4087.915,4087.915,4087.915,4087.915
1782666960000,4087.915,4087.915,4087.915,4087.915
1782667020000,4087.915,4087.915,4087.915,4087.915
1782667080000,4087.915,4087.915,4087.915,4087.915
1782667140000,4087.915,4087.915,4087.915,4087.915
1782667200000,4087.915,4087.915,4087.915,4087.915
1782667260000,4087.915,4087.915,4087.915,4087.915
1782667320000,4087.915,4087.915,4087.915,4087.915
1782667380000,4087.915,4087.915,4087.915,4087.915
1782667440000,4087.915,4087.915,4087.915,4087.915
1782667500000,4087.915,4087.915,4087.915,4087.915
1782667560000,4087.915,4087.915,4087.915,4087.915
1782667620000,4087.915,4087.915,4087.915,4087.915
1782667680000,4087.915,4087.915,4087.915,4087.915
1782667740000,4087.915,4087.915,4087.915,4087.915
1782667800000,4087.915,4087.915,4087.915,4087.915
1782667860000,4087.915,4087.915,4087.915,4087.915
1782667920000,4087.915,4087.915,4087.915,4087.915
1782667980000,4087.915,4087.915,4087.915,4087.915
1782668040000,4087.915,4087.915,4087.915,4087.915
1782668100000,4087.915,4087.915,4087.915,4087.915
1782668160000,4087.915,4087.915,4087.915,4087.915
1782668220000,4087.915,4087.915,4087.915,4087.915
1782668280000,4087.915,4087.915,4087.915,4087.915
1782668340000,4087.915,4087.915,4087.915,4087.915
1782668400000,4087.915,4087.915,4087.915,4087.915
1782668460000,4087.915,4087.915,4087.915,4087.915
1782668520000,4087.915,4087.915,4087.915,4087.915
1782668580000,4087.915,4087.915,4087.915,4087.915
1782668640000,4087.915,4087.915,4087.915,4087.915
1782668700000,4087.915,4087.915,4087.915,4087.915
1782668760000,4087.915,4087.915,4087.915,4087.915
1782668820000,4087.915,4087.915,4087.915,4087.915
1782668880000,4087.915,4087.915,4087.915,4087.915
1782668940000,4087.915,4087.915,4087.915,4087.915
1782669000000,4087.915,4087.915,4087.915,4087.915
1782669060000,4087.915,4087.915,4087.915,4087.915
1782669120000,4087.915,4087.915,4087.915,4087.915
1782669180000,4087.915,4087.915,4087.915,4087.915
1782669240000,4087.915,4087.915,4087.915,4087.915
1782669300000,4087.915,4087.915,4087.915,4087.915
1782669360000,4087.915,4087.915,4087.915,4087.915
1782669420000,4087.915,4087.915,4087.915,4087.915
1782669480000,4087.915,4087.915,4087.915,4087.915
1782669540000,4087.915,4087.915,4087.915,4087.915
1782669600000,4087.915,4087.915,4087.915,4087.915
1782669660000,4087.915,4087.915,4087.915,4087.915
1782669720000,4087.915,4087.915,4087.915,4087.915
1782669780000,4087.915,4087.915,4087.915,4087.915
1782669840000,4087.915,4087.915,4087.915,4087.915
1782669900000,4087.915,4087.915,4087.915,4087.915
1782669960000,4087.915,4087.915,4087.915,4087.915
1782670020000,4087.915,4087.915,4087.915,4087.915
1782670080000,4087.915,4087.915,4087.915,4087.915
1782670140000,4087.915,4087.915,4087.915,4087.915
1782670200000,4087.915,4087.915,4087.915,4087.915
1782670260000,4087.915,4087.915,4087.915,4087.915
1782670320000,4087.915,4087.915,4087.915,4087.915
1782670380000,4087.915,4087.915,4087.915,4087.915
1782670440000,4087.915,4087.915,4087.915,4087.915
1782670500000,4087.915,4087.915,4087.915,4087.915
1782670560000,4087.915,4087.915,4087.915,4087.915
1782670620000,4087.915,4087.915,4087.915,4087.915
1782670680000,4087.915,4087.915,4087.915,4087.915
1782670740000,4087.915,4087.915,4087.915,4087.915
1782670800000,4087.915,4087.915,4087.915,4087.915
1782670860000,4087.915,4087.915,4087.915,4087.915
1782670920000,4087.915,4087.915,4087.915,4087.915
1782670980000,4087.915,4087.915,4087.915,4087.915
1782671040000,4087.915,4087.915,4087.915,4087.915
1782671100000,4087.915,4087.915,4087.915,4087.915
1782671160000,4087.915,4087.915,4087.915,4087.915
1782671220000,4087.915,4087.915,4087.915,4087.915
1782671280000,4087.915,4087.915,4087.915,4087.915
1782671340000,4087.915,4087.915,4087.915,4087.915
1782671400000,4087.915,4087.915,4087.915,4087.915
1782671460000,4087.915,4087.915,4087.915,4087.915
1782671520000,4087.915,4087.915,4087.915,4087.915
1782671580000,4087.915,4087.915,4087.915,4087.915
1782671640000,4087.915,4087.915,4087.915,4087.915
1782671700000,4087.915,4087.915,4087.915,4087.915
1782671760000,4087.915,4087.915,4087.915,4087.915
1782671820000,4087.915,4087.915,4087.915,4087.915
1782671880000,4087.915,4087.915,4087.915,4087.915
1782671940000,4087.915,4087.915,4087.915,4087.915
1782672000000,4087.915,4087.915,4087.915,4087.915
1782672060000,4087.915,4087.915,4087.915,4087.915
1782672120000,4087.915,4087.915,4087.915,4087.915
1782672180000,4087.915,4087.915,4087.915,4087.915
1782672240000,4087.915,4087.915,4087.915,4087.915
1782672300000,4087.915,4087.915,4087.915,4087.915
1782672360000,4087.915,4087.915,4087.915,4087.915
1782672420000,4087.915,4087.915,4087.915,4087.915
1782672480000,4087.915,4087.915,4087.915,4087.915
1782672540000,4087.915,4087.915,4087.915,4087.915
1782672600000,4087.915,4087.915,4087.915,4087.915
1782672660000,4087.915,4087.915,4087.915,4087.915
1782672720000,4087.915,4087.915,4087.915,4087.915
1782672780000,4087.915,4087.915,4087.915,4087.915
1782672840000,4087.915,4087.915,4087.915,4087.915
1782672900000,4087.915,4087.915,4087.915,4087.915
1782672960000,4087.915,4087.915,4087.915,4087.915
1782673020000,4087.915,4087.915,4087.915,4087.915
1782673080000,4087.915,4087.915,4087.915,4087.915
1782673140000,4087.915,4087.915,4087.915,4087.915
1782673200000,4087.915,4087.915,4087.915,4087.915
1782673260000,4087.915,4087.915,4087.915,4087.915
1782673320000,4087.915,4087.915,4087.915,4087.915
1782673380000,4087.915,4087.915,4087.915,4087.915
1782673440000,4087.915,4087.915,4087.915,4087.915
1782673500000,4087.915,4087.915,4087.915,4087.915
1782673560000,4087.915,4087.915,4087.915,4087.915
1782673620000,4087.915,4087.915,4087.915,4087.915
1782673680000,4087.915,4087.915,4087.915,4087.915
1782673740000,4087.915,4087.915,4087.915,4087.915
1782673800000,4087.915,4087.915,4087.915,4087.915
1782673860000,4087.915,4087.915,4087.915,4087.915
1782673920000,4087.915,4087.915,4087.915,4087.915
1782673980000,4087.915,4087.915,4087.915,4087.915
1782674040000,4087.915,4087.915,4087.915,4087.915
1782674100000,4087.915,4087.915,4087.915,4087.915
1782674160000,4087.915,4087.915,4087.915,4087.915
1782674220000,4087.915,4087.915,4087.915,4087.915
1782674280000,4087.915,4087.915,4087.915,4087.915
1782674340000,4087.915,4087.915,4087.915,4087.915
1782674400000,4087.915,4087.915,4087.915,4087.915
1782674460000,4087.915,4087.915,4087.915,4087.915
1782674520000,4087.915,4087.915,4087.915,4087.915
1782674580000,4087.915,4087.915,4087.915,4087.915
1782674640000,4087.915,4087.915,4087.915,4087.915
1782674700000,4087.915,4087.915,4087.915,4087.915
1782674760000,4087.915,4087.915,4087.915,4087.915
1782674820000,4087.915,4087.915,4087.915,4087.915
1782674880000,4087.915,4087.915,4087.915,4087.915
1782674940000,4087.915,4087.915,4087.915,4087.915
1782675000000,4087.915,4087.915,4087.915,4087.915
1782675060000,4087.915,4087.915,4087.915,4087.915
1782675120000,4087.915,4087.915,4087.915,4087.915
1782675180000,4087.915,4087.915,4087.915,4087.915
1782675240000,4087.915,4087.915,4087.915,4087.915
1782675300000,4087.915,4087.915,4087.915,4087.915
1782675360000,4087.915,4087.915,4087.915,4087.915
1782675420000,4087.915,4087.915,4087.915,4087.915
1782675480000,4087.915,4087.915,4087.915,4087.915
1782675540000,4087.915,4087.915,4087.915,4087.915
1782675600000,4087.915,4087.915,4087.915,4087.915
1782675660000,4087.915,4087.915,4087.915,4087.915
1782675720000,4087.915,4087.915,4087.915,4087.915
1782675780000,4087.915,4087.915,4087.915,4087.915
1782675840000,4087.915,4087.915,4087.915,4087.915
1782675900000,4087.915,4087.915,4087.915,4087.915
1782675960000,4087.915,4087.915,4087.915,4087.915
1782676020000,4087.915,4087.915,4087.915,4087.915
1782676080000,4087.915,4087.915,4087.915,4087.915
1782676140000,4087.915,4087.915,4087.915,4087.915
1782676200000,4087.915,4087.915,4087.915,4087.915
1782676260000,4087.915,4087.915,4087.915,4087.915
1782676320000,4087.915,4087.915,4087.915,4087.915
1782676380000,4087.915,4087.915,4087.915,4087.915
1782676440000,4087.915,4087.915,4087.915,4087.915
1782676500000,4087.915,4087.915,4087.915,4087.915
1782676560000,4087.915,4087.915,4087.915,4087.915
1782676620000,4087.915,4087.915,4087.915,4087.915
1782676680000,4087.915,4087.915,4087.915,4087.915
1782676740000,4087.915,4087.915,4087.915,4087.915
1782676800000,4087.915,4087.915,4087.915,4087.915
1782676860000,4087.915,4087.915,4087.915,4087.915
1782676920000,4087.915,4087.915,4087.915,4087.915
1782676980000,4087.915,4087.915,4087.915,4087.915
1782677040000,4087.915,4087.915,4087.915,4087.915
1782677100000,4087.915,4087.915,4087.915,4087.915
1782677160000,4087.915,4087.915,4087.915,4087.915
1782677220000,4087.915,4087.915,4087.915,4087.915
1782677280000,4087.915,4087.915,4087.915,4087.915
1782677340000,4087.915,4087.915,4087.915,4087.915
1782677400000,4087.915,4087.915,4087.915,4087.915
1782677460000,4087.915,4087.915,4087.915,4087.915
1782677520000,4087.915,4087.915,4087.915,4087.915
1782677580000,4087.915,4087.915,4087.915,4087.915
1782677640000,4087.915,4087.915,4087.915,4087.915
1782677700000,4087.915,4087.915,4087.915,4087.915
1782677760000,4087.915,4087.915,4087.915,4087.915
1782677820000,4087.915,4087.915,4087.915,4087.915
1782677880000,4087.915,4087.915,4087.915,4087.915
1782677940000,4087.915,4087.915,4087.915,4087.915
1782678000000,4087.915,4087.915,4087.915,4087.915
1782678060000,4087.915,4087.915,4087.915,4087.915
1782678120000,4087.915,4087.915,4087.915,4087.915
1782678180000,4087.915,4087.915,4087.915,4087.915
1782678240000,4087.915,4087.915,4087.915,4087.915
1782678300000,4087.915,4087.915,4087.915,4087.915
1782678360000,4087.915,4087.915,4087.915,4087.915
1782678420000,4087.915,4087.915,4087.915,4087.915
1782678480000,4087.915,4087.915,4087.915,4087.915
1782678540000,4087.915,4087.915,4087.915,4087.915
1782678600000,4087.915,4087.915,4087.915,4087.915
1782678660000,4087.915,4087.915,4087.915,4087.915
1782678720000,4087.915,4087.915,4087.915,4087.915
1782678780000,4087.915,4087.915,4087.915,4087.915
1782678840000,4087.915,4087.915,4087.915,4087.915
1782678900000,4087.915,4087.915,4087.915,4087.915
1782678960000,4087.915,4087.915,4087.915,4087.915
1782679020000,4087.915,4087.915,4087.915,4087.915
1782679080000,4087.915,4087.915,4087.915,4087.915
1782679140000,4087.915,4087.915,4087.915,4087.915
1782679200000,4087.915,4087.915,4087.915,4087.915
1782679260000,4087.915,4087.915,4087.915,4087.915
1782679320000,4087.915,4087.915,4087.915,4087.915
1782679380000,4087.915,4087.915,4087.915,4087.915
1782679440000,4087.915,4087.915,4087.915,4087.915
1782679500000,4087.915,4087.915,4087.915,4087.915
1782679560000,4087.915,4087.915,4087.915,4087.915
1782679620000,4087.915,4087.915,4087.915,4087.915
1782679680000,4087.915,4087.915,4087.915,4087.915
1782679740000,4087.915,4087.915,4087.915,4087.915
1782679800000,4087.915,4087.915,4087.915,4087.915
1782679860000,4087.915,4087.915,4087.915,4087.915
1782679920000,4087.915,4087.915,4087.915,4087.915
1782679980000,4087.915,4087.915,4087.915,4087.915
1782680040000,4087.915,4087.915,4087.915,4087.915
1782680100000,4087.915,4087.915,4087.915,4087.915
1782680160000,4087.915,4087.915,4087.915,4087.915
1782680220000,4087.915,4087.915,4087.915,4087.915
1782680280000,4087.915,4087.915,4087.915,4087.915
1782680340000,4087.915,4087.915,4087.915,4087.915
1782680400000,4087.915,4087.915,4087.915,4087.915
1782680460000,4087.915,4087.915,4087.915,4087.915
1782680520000,4087.915,4087.915,4087.915,4087.915
1782680580000,4087.915,4087.915,4087.915,4087.915
1782680640000,4087.915,4087.915,4087.915,4087.915
1782680700000,4087.915,4087.915,4087.915,4087.915
1782680760000,4087.915,4087.915,4087.915,4087.915
1782680820000,4087.915,4087.915,4087.915,4087.915
1782680880000,4087.915,4087.915,4087.915,4087.915
1782680940000,4087.915,4087.915,4087.915,4087.915
1782681000000,4087.915,4087.915,4087.915,4087.915
1782681060000,4087.915,4087.915,4087.915,4087.915
1782681120000,4087.915,4087.915,4087.915,4087.915
1782681180000,4087.915,4087.915,4087.915,4087.915
1782681240000,4087.915,4087.915,4087.915,4087.915
1782681300000,4087.915,4087.915,4087.915,4087.915
1782681360000,4087.915,4087.915,4087.915,4087.915
1782681420000,4087.915,4087.915,4087.915,4087.915
1782681480000,4087.915,4087.915,4087.915,4087.915
1782681540000,4087.915,4087.915,4087.915,4087.915
1782681600000,4087.915,4087.915,4087.915,4087.915
1782681660000,4087.915,4087.915,4087.915,4087.915
1782681720000,4087.915,4087.915,4087.915,4087.915
1782681780000,4087.915,4087.915,4087.915,4087.915
1782681840000,4087.915,4087.915,4087.915,4087.915
1782681900000,4087.915,4087.915,4087.915,4087.915
1782681960000,4087.915,4087.915,4087.915,4087.915
1782682020000,4087.915,4087.915,4087.915,4087.915
1782682080000,4087.915,4087.915,4087.915,4087.915
1782682140000,4087.915,4087.915,4087.915,4087.915
1782682200000,4087.915,4087.915,4087.915,4087.915
1782682260000,4087.915,4087.915,4087.915,4087.915
1782682320000,4087.915,4087.915,4087.915,4087.915
1782682380000,4087.915,4087.915,4087.915,4087.915
1782682440000,4087.915,4087.915,4087.915,4087.915
1782682500000,4087.915,4087.915,4087.915,4087.915
1782682560000,4087.915,4087.915,4087.915,4087.915
1782682620000,4087.915,4087.915,4087.915,4087.915
1782682680000,4087.915,4087.915,4087.915,4087.915
1782682740000,4087.915,4087.915,4087.915,4087.915
1782682800000,4087.915,4087.915,4087.915,4087.915
1782682860000,4087.915,4087.915,4087.915,4087.915
1782682920000,4087.915,4087.915,4087.915,4087.915
1782682980000,4087.915,4087.915,4087.915,4087.915
1782683040000,4087.915,4087.915,4087.915,4087.915
1782683100000,4087.915,4087.915,4087.915,4087.915
1782683160000,4087.915,4087.915,4087.915,4087.915
1782683220000,4087.915,4087.915,4087.915,4087.915
1782683280000,4087.915,4087.915,4087.915,4087.915
1782683340000,4087.915,4087.915,4087.915,4087.915
1782683400000,4087.915,4087.915,4087.915,4087.915
1782683460000,4087.915,4087.915,4087.915,4087.915
1782683520000,4087.915,4087.915,4087.915,4087.915
1782683580000,4087.915,4087.915,4087.915,4087.915
1782683640000,4087.915,4087.915,4087.915,4087.915
1782683700000,4087.915,4087.915,4087.915,4087.915
1782683760000,4087.915,4087.915,4087.915,4087.915
1782683820000,4087.915,4087.915,4087.915,4087.915
1782683880000,4087.915,4087.915,4087.915,4087.915
1782683940000,4087.915,4087.915,4087.915,4087.915
1782684000000,4086.298,4086.298,4077.298,4079.635
1782684060000,4078.795,4079.355,4073.035,4074.035
1782684120000,4074.265,4083.395,4072.515,4083.135
1782684180000,4083.195,4085.745,4075.625,4078.375
1782684240000,4078.345,4079.295,4074.055,4075.575
1782684300000,4075.585,4076.455,4072.725,4074.605
1782684360000,4074.645,4079.815,4074.565,4078.885
1782684420000,4079.075,4083.485,4078.805,4082.595
1782684480000,4082.505,4082.545,4074.635,4077.085
1782684540000,4077.165,4080.325,4075.655,4075.675
1782684600000,4075.705,4078.205,4074.765,4077.135
1782684660000,4077.155,4077.155,4074.725,4075.125
1782684720000,4075.075,4075.745,4069.885,4071.385
1782684780000,4071.335,4074.625,4070.915,4071.145
1782684840000,4071.248,4073.405,4069.235,4069.498
1782684900000,4069.598,4069.798,4065.175,4065.525
1782684960000,4065.555,4067.625,4061.655,4062.435
1782685020000,4062.375,4064.325,4061.585,4062.235
1782685080000,4062.095,4063.515,4052.398,4054.465
1782685140000,4054.455,4060.215,4053.526,4059.905
1782685200000,4059.365,4062.325,4053.441,4058.605
1782685260000,4058.635,4062.305,4058.515,4059.498
1782685320000,4059.298,4062.515,4059.298,4061.165
1782685380000,4061.215,4062.185,4059.116,4059.455
1782685440000,4059.515,4060.165,4057.548,4059.205
1782685500000,4059.275,4060.985,4058.145,4060.295
1782685560000,4060.345,4061.255,4057.948,4057.965
1782685620000,4057.985,4058.335,4056.415,4057.235
1782685680000,4057.275,4060.195,4057.275,4058.395
1782685740000,4058.325,4058.565,4056.338,4056.915
1782685800000,4056.725,4060.145,4055.955,4058.795
1782685860000,4058.765,4059.445,4057.115,4057.245
1782685920000,4057.265,4062.635,4057.265,4061.595
1782685980000,4061.715,4061.945,4059.875,4060.305
1782686040000,4060.275,4060.655,4057.315,4057.315
1782686100000,4056.735,4057.715,4055.195,4057.245
1782686160000,4057.465,4060.725,4057.125,4060.645
1782686220000,4060.645,4060.645,4058.435,4059.575
1782686280000,4059.605,4061.285,4059.285,4061.155
1782686340000,4060.375,4061.985,4060.355,4061.055
1782686400000,4061.005,4063.785,4061.005,4063.775
1782686460000,4063.635,4063.845,4062.475,4063.735
1782686520000,4063.695,4063.795,4062.965,4063.685
1782686580000,4063.705,4065.235,4063.235,4064.425
1782686640000,4064.465,4064.535,4062.885,4063.135
1782686700000,4063.115,4064.755,4062.995,4064.625
1782686760000,4064.605,4064.685,4063.055,4064.005
1782686820000,4063.965,4065.385,4063.535,4065.345
1782686880000,4065.205,4068.555,4065.185,4067.955
1782686940000,4067.935,4069.075,4067.255,4068.845
1782687000000,4068.825,4068.825,4064.895,4065.885
1782687060000,4065.785,4066.185,4063.425,4063.665
1782687120000,4063.635,4063.635,4061.975,4062.955
1782687180000,4063.025,4064.575,4062.825,4064.445
1782687240000,4064.455,4064.695,4063.735,4064.285
1782687300000,4064.255,4066.865,4063.735,4066.385
1782687360000,4066.895,4068.585,4066.805,4068.455
1782687420000,4068.395,4069.215,4067.725,4068.205
1782687480000,4068.165,4068.165,4066.265,4066.935
1782687540000,4066.935,4066.935,4064.735,4065.798
1782687600000,4065.798,4066.615,4064.868,4065.898
1782687660000,4065.698,4068.538,4065.515,4067.568
1782687720000,4067.548,4068.148,4066.838,4067.238
1782687780000,4067.138,4068.828,4066.308,4068.828
1782687840000,4068.818,4069.688,4067.338,4067.358
1782687900000,4067.368,4068.758,4065.768,4066.168
1782687960000,4066.168,4068.368,4065.668,4068.078
1782688020000,4068.178,4069.868,4067.235,4069.168
1782688080000,4069.168,4069.478,4067.568,4068.078
1782688140000,4067.975,4070.278,4067.948,4069.908
1782688200000,4069.888,4069.898,4067.265,4067.895
1782688260000,4067.875,4068.375,4066.955,4067.705
1782688320000,4067.725,4068.405,4067.365,4067.365
1782688380000,4067.468,4067.955,4066.035,4066.305
1782688440000,4066.355,4066.355,4065.075,4065.345
1782688500000,4065.365,4065.425,4062.855,4062.855
1782688560000,4062.835,4062.985,4062.095,4062.685
1782688620000,4062.635,4062.695,4059.355,4059.425
1782688680000,4059.385,4062.305,4059.385,4061.645
1782688740000,4061.625,4061.785,4059.048,4059.815
1782688800000,4059.875,4060.595,4058.695,4059.445
1782688860000,4059.425,4059.665,4058.285,4058.995
1782688920000,4058.975,4059.245,4056.175,4057.445
1782688980000,4057.465,4058.225,4056.655,4056.655
1782689040000,4056.548,4057.625,4056.095,4057.385
1782689100000,4057.415,4057.875,4056.445,4057.805
1782689160000,4057.825,4058.905,4057.765,4058.795
1782689220000,4058.825,4058.845,4056.375,4056.915
1782689280000,4056.935,4057.125,4055.495,4055.945
1782689340000,4055.985,4057.255,4055.235,4056.735
1782689400000,4056.675,4057.295,4055.315,4056.105
1782689460000,4056.165,4056.375,4052.265,4052.655
1782689520000,4052.675,4053.655,4051.585,4053.655
1782689580000,4053.675,4054.885,4052.885,4054.305
1782689640000,4054.275,4056.575,4053.655,4056.145
1782689700000,4056.185,4057.345,4055.685,4056.695
1782689760000,4056.945,4057.165,4056.175,4056.985
1782689820000,4056.905,4057.485,4056.085,4057.335
1782689880000,4057.235,4059.535,4056.925,4059.515
1782689940000,4059.475,4062.065,4058.945,4060.375
1782690000000,4060.435,4061.865,4060.385,4060.695
1782690060000,4060.765,4061.385,4059.955,4060.215
1782690120000,4060.328,4061.265,4060.085,4061.165
1782690180000,4061.085,4061.815,4059.865,4060.475
1782690240000,4060.425,4062.535,4059.895,4062.465
1782690300000,4062.425,4065.325,4062.175,4063.845
1782690360000,4063.805,4064.935,4063.635,4064.935
1782690420000,4065.175,4065.175,4062.305,4063.255
1782690480000,4063.275,4063.585,4061.995,4062.425
1782690540000,4062.475,4063.755,4061.155,4061.525
1782690600000,4061.575,4062.595,4060.955,4061.465
1782690660000,4061.445,4064.125,4060.965,4063.905
1782690720000,4063.955,4066.075,4063.755,4064.665
1782690780000,4064.695,4065.045,4064.425,4064.815
1782690840000,4064.835,4064.895,4062.995,4064.145
1782690900000,4064.165,4064.875,4063.625,4064.375
1782690960000,4064.415,4064.825,4063.925,4064.325
1782691020000,4064.365,4064.885,4062.805,4064.415
1782691080000,4064.445,4064.865,4062.575,4062.865
1782691140000,4062.915,4064.185,4062.215,4062.585
1782691200000,4062.555,4062.625,4057.215,4059.185
1782691260000,4059.235,4061.265,4056.875,4060.345
1782691320000,4060.385,4062.775,4059.765,4062.255
1782691380000,4062.675,4064.295,4061.965,4064.295
1782691440000,4064.305,4064.615,4061.605,4061.835
1782691500000,4061.805,4062.225,4054.495,4055.525
1782691560000,4055.565,4057.275,4053.255,4055.655
1782691620000,4055.625,4056.755,4054.235,4055.235
1782691680000,4055.305,4057.478,4054.555,4057.478
1782691740000,4057.568,4058.065,4055.555,4057.835
1782691800000,4057.855,4058.725,4056.365,4057.345
1782691860000,4057.315,4059.185,4056.715,4058.955
1782691920000,4058.785,4060.595,4056.475,4059.605
1782691980000,4059.585,4060.485,4058.165,4059.215
1782692040000,4059.345,4059.875,4057.675,4058.665
1782692100000,4058.645,4061.415,4057.725,4058.415
1782692160000,4058.395,4060.565,4057.075,4058.905
1782692220000,4058.885,4060.735,4058.735,4059.865
1782692280000,4059.535,4061.285,4057.505,4061.245
1782692340000,4061.315,4061.865,4057.015,4057.255
1782692400000,4057.285,4057.845,4056.715,4056.865
1782692460000,4056.895,4057.345,4053.925,4055.005
1782692520000,4055.025,4056.855,4054.465,4055.275
1782692580000,4055.315,4055.925,4050.505,4051.315
1782692640000,4051.405,4053.585,4050.495,4052.365
1782692700000,4052.335,4052.615,4050.665,4051.305
1782692760000,4051.325,4052.005,4049.845,4051.075
1782692820000,4051.035,4052.735,4049.385,4049.825
1782692880000,4050.045,4052.305,4049.685,4051.155
1782692940000,4051.205,4051.745,4048.055,4048.075
1782693000000,4048.175,4050.828,4048.175,4049.905
1782693060000,4049.845,4051.035,4049.065,4049.535
1782693120000,4049.615,4052.525,4049.595,4052.485
1782693180000,4052.525,4053.735,4051.665,4053.465
1782693240000,4053.465,4055.235,4052.875,4053.965
1782693300000,4053.945,4060.285,4053.465,4058.805
1782693360000,4058.785,4061.065,4057.965,4059.835
1782693420000,4059.795,4061.015,4058.985,4060.255
1782693480000,4060.275,4061.075,4059.365,4060.495
1782693540000,4060.525,4061.335,4059.905,4060.375
1782693600000,4060.335,4064.485,4060.165,4064.025
1782693660000,4064.085,4065.675,4061.175,4062.045
1782693720000,4062.045,4066.595,4062.045,4066.435
1782693780000,4066.465,4068.135,4065.355,4065.775
1782693840000,4065.805,4069.585,4065.575,4069.285
1782693900000,4069.078,4069.085,4064.695,4066.775
1782693960000,4066.745,4067.225,4065.775,4066.715
1782694020000,4066.715,4067.325,4064.685,4064.895
1782694080000,4064.865,4065.485,4062.865,4064.845
1782694140000,4064.865,4066.255,4064.035,4066.195
1782694200000,4066.215,4068.125,4065.605,4065.655
1782694260000,4065.635,4066.465,4064.965,4065.465
1782694320000,4065.505,4066.338,4064.895,4064.935
1782694380000,4064.975,4067.065,4064.095,4067.045
1782694440000,4067.095,4069.325,4066.758,4069.325
1782694500000,4069.265,4069.935,4067.895,4069.565
1782694560000,4069.555,4073.205,4069.555,4073.125
1782694620000,4073.125,4073.475,4070.735,4070.735
1782694680000,4070.695,4072.635,4070.035,4072.205
1782694740000,4072.205,4073.955,4069.275,4069.305
1782694800000,4069.445,4069.835,4062.005,4063.825
1782694860000,4063.775,4065.005,4060.735,4063.615
1782694920000,4063.615,4063.825,4059.455,4060.655
1782694980000,4060.605,4062.505,4058.115,4061.885
1782695040000,4061.905,4064.575,4061.095,4064.335
1782695100000,4064.275,4070.245,4063.105,4068.735
1782695160000,4068.735,4073.905,4068.625,4073.355
1782695220000,4073.315,4074.295,4067.675,4067.995
1782695280000,4067.855,4068.705,4064.845,4065.505
1782695340000,4065.505,4065.505,4059.845,4061.535
1782695400000,4061.525,4064.395,4060.515,4063.475
1782695460000,4063.535,4064.035,4059.805,4061.245
1782695520000,4061.265,4062.705,4059.585,4060.275
1782695580000,4060.245,4060.725,4056.025,4056.975
1782695640000,4056.955,4057.505,4053.615,4054.615
1782695700000,4054.635,4058.345,4054.355,4057.665
1782695760000,4057.685,4058.785,4056.045,4057.055
1782695820000,4057.145,4059.045,4055.165,4058.045
1782695880000,4057.995,4059.635,4056.905,4058.685
1782695940000,4058.705,4060.285,4055.795,4058.175
1782696000000,4058.145,4059.715,4056.875,4059.665
1782696060000,4059.665,4061.105,4058.495,4059.395
1782696120000,4059.435,4060.045,4057.915,4060.005
1782696180000,4060.025,4062.725,4058.865,4062.715
1782696240000,4062.655,4063.145,4060.645,4060.905
1782696300000,4060.785,4064.975,4060.785,4063.485
1782696360000,4063.445,4065.835,4063.375,4064.455
1782696420000,4064.465,4065.295,4060.515,4061.175
1782696480000,4061.165,4062.855,4060.945,4061.925
1782696540000,4061.895,4061.955,4058.945,4059.075
1782696600000,4059.095,4059.575,4055.455,4057.615
1782696660000,4057.555,4058.615,4056.325,4058.035
1782696720000,4058.145,4059.885,4057.585,4059.545
1782696780000,4059.545,4060.195,4057.735,4058.375
1782696840000,4058.405,4060.445,4058.225,4059.545
1782696900000,4059.495,4062.925,4058.605,4062.645
1782696960000,4062.605,4063.825,4061.535,4063.165
1782697020000,4063.115,4064.515,4061.065,4061.065
1782697080000,4061.015,4062.695,4060.665,4062.645
1782697140000,4062.675,4064.045,4060.885,4061.595
1782697200000,4061.575,4063.175,4061.265,4062.525
1782697260000,4062.525,4066.445,4061.655,4066.415
1782697320000,4066.355,4066.355,4062.675,4063.595
1782697380000,4063.705,4065.795,4062.865,4063.045
1782697440000,4063.015,4063.365,4062.085,4063.345
1782697500000,4063.365,4063.595,4057.745,4058.345
1782697560000,4058.465,4059.255,4055.125,4055.385
1782697620000,4055.365,4057.905,4054.685,4057.905
1782697680000,4057.765,4061.915,4057.065,4061.915
1782697740000,4061.965,4061.995,4059.065,4059.905
1782697800000,4059.885,4060.465,4058.035,4059.065
1782697860000,4059.065,4059.155,4056.475,4057.895
1782697920000,4057.885,4059.535,4057.605,4058.675
1782697980000,4058.675,4060.655,4057.665,4058.845
1782698040000,4058.895,4061.705,4058.875,4061.705
1782698100000,4061.705,4061.795,4059.315,4060.165
1782698160000,4060.325,4062.895,4059.265,4061.805
1782698220000,4061.795,4061.895,4060.315,4061.325
1782698280000,4061.285,4061.825,4059.915,4061.375
1782698340000,4061.725,4061.815,4059.865,4061.155
1782698400000,4061.075,4063.905,4059.115,4063.225
1782698460000,4063.195,4066.965,4062.985,4066.965
1782698520000,4066.965,4067.405,4064.988,4066.625
1782698580000,4066.695,4070.515,4065.748,4065.748
1782698640000,4065.765,4067.305,4063.485,4065.725
1782698700000,4065.725,4067.075,4063.985,4066.435
1782698760000,4066.435,4066.715,4063.345,4063.665
1782698820000,4063.765,4065.105,4062.335,4063.095
1782698880000,4063.055,4063.055,4059.595,4060.365
1782698940000,4060.365,4061.705,4059.525,4061.695
1782699000000,4061.695,4065.175,4061.695,4064.945
1782699060000,4064.995,4066.455,4064.275,4065.165
1782699120000,4065.145,4065.445,4063.505,4064.135
1782699180000,4064.125,4064.125,4059.995,4061.515
1782699240000,4061.515,4063.355,4060.735,4060.765
1782699300000,4060.725,4062.345,4060.135,4062.185
1782699360000,4062.355,4066.515,4061.885,4066.345
1782699420000,4066.375,4068.455,4065.515,4067.845
1782699480000,4067.875,4068.848,4066.775,4068.595
1782699540000,4068.618,4068.915,4066.515,4067.285
1782699600000,4067.305,4068.585,4065.105,4065.685
1782699660000,4065.765,4067.405,4065.445,4066.995
1782699720000,4066.935,4069.375,4066.695,4069.345
1782699780000,4069.378,4070.085,4066.325,4066.745
1782699840000,4066.765,4067.675,4066.395,4067.555
1782699900000,4067.585,4067.975,4066.715,4067.685
1782699960000,4067.895,4068.335,4067.175,4067.615
1782700020000,4067.615,4070.065,4067.055,4069.645
1782700080000,4069.645,4070.335,4068.935,4070.275
1782700140000,4070.275,4070.465,4068.345,4068.635
1782700200000,4068.755,4071.555,4068.025,4070.925
1782700260000,4070.985,4070.985,4068.575,4069.995
1782700320000,4069.915,4071.195,4069.005,4070.625
1782700380000,4070.625,4071.235,4068.505,4068.535
1782700440000,4068.565,4068.735,4067.005,4068.525
1782700500000,4068.475,4068.515,4066.875,4066.965
1782700560000,4066.915,4066.925,4063.578,4063.805
1782700620000,4063.785,4064.165,4060.325,4061.055
1782700680000,4060.995,4061.945,4059.738,4060.415
1782700740000,4060.405,4061.735,4059.455,4060.135
1782700800000,4060.075,4062.095,4059.705,4060.945
1782700860000,4060.995,4062.625,4060.595,4061.345
1782700920000,4061.355,4062.958,4060.355,4060.435
1782700980000,4060.405,4061.165,4060.085,4060.265
1782701040000,4060.215,4061.975,4058.175,4060.355
1782701100000,4060.295,4061.305,4058.555,4059.995
1782701160000,4060.005,4066.775,4059.985,4065.905
1782701220000,4065.845,4069.245,4065.665,4068.195
1782701280000,4068.205,4069.115,4066.405,4067.075
1782701340000,4067.025,4067.415,4065.925,4067.245
1782701400000,4067.205,4067.265,4065.095,4065.095
1782701460000,4065.068,4066.695,4063.785,4064.765
1782701520000,4064.745,4066.785,4064.685,4066.175
1782701580000,4066.175,4067.795,4065.645,4066.195
1782701640000,4066.195,4069.195,4065.675,4067.105
1782701700000,4067.125,4067.645,4065.875,4066.898
1782701760000,4066.918,4067.615,4066.155,4067.185
1782701820000,4067.255,4068.455,4066.825,4067.055
1782701880000,4067.095,4067.395,4066.195,4067.125
1782701940000,4067.125,4067.385,4064.975,4066.105
1782702000000,4066.155,4066.155,4064.795,4065.725
1782702060000,4065.645,4067.085,4065.645,4066.235
1782702120000,4066.265,4066.845,4064.915,4065.785
1782702180000,4065.665,4066.485,4064.995,4065.835
1782702240000,4065.885,4066.975,4065.165,4065.675
1782702300000,4065.645,4066.965,4065.645,4066.415
1782702360000,4066.445,4066.975,4065.805,4066.195
1782702420000,4066.255,4067.415,4065.135,4066.985
1782702480000,4066.895,4068.495,4066.895,4067.805
1782702540000,4067.625,4070.085,4066.715,4069.645
1782702600000,4069.645,4069.735,4066.715,4066.925
1782702660000,4067.005,4067.285,4065.935,4066.305
1782702720000,4066.275,4067.855,4065.145,4067.485
1782702780000,4067.455,4070.165,4067.305,4068.765
1782702840000,4068.725,4070.795,4068.725,4068.845
1782702900000,4068.875,4070.005,4068.025,4069.945
1782702960000,4069.985,4070.885,4069.315,4070.765
1782703020000,4070.715,4071.355,4069.755,4069.955
1782703080000,4070.045,4071.365,4068.695,4069.295
1782703140000,4069.385,4069.395,4067.105,4069.145
1782703200000,4069.165,4071.515,4068.735,4071.515
1782703260000,4071.565,4072.985,4071.425,4072.135
1782703320000,4072.135,4075.515,4071.625,4074.175
1782703380000,4074.205,4074.585,4072.465,4072.855
1782703440000,4072.825,4073.515,4071.795,4073.205
1782703500000,4073.135,4073.138,4071.595,4071.675
1782703560000,4071.665,4072.795,4070.668,4071.465
1782703620000,4071.425,4072.185,4071.175,4072.075
1782703680000,4072.045,4072.525,4071.525,4071.855
1782703740000,4071.855,4072.595,4071.515,4071.968
1782703800000,4071.985,4073.195,4070.475,4070.835
1782703860000,4070.815,4071.445,4068.885,4068.935
1782703920000,4068.935,4069.275,4067.425,4068.625
1782703980000,4068.608,4069.545,4067.805,4068.545
1782704040000,4068.535,4069.555,4068.015,4069.555
1782704100000,4069.155,4069.305,4067.235,4067.385
1782704160000,4067.415,4068.135,4067.045,4067.955
1782704220000,4067.825,4068.765,4067.505,4068.305
1782704280000,4068.315,4068.965,4065.445,4066.115
1782704340000,4066.295,4067.085,4065.925,4066.965
1782704400000,4066.875,4068.055,4065.275,4068.035
1782704460000,4068.075,4069.615,4068.075,4069.465
1782704520000,4069.465,4071.585,4069.335,4070.345
1782704580000,4070.365,4071.275,4068.785,4069.315
1782704640000,4069.275,4069.275,4066.945,4067.545
1782704700000,4067.928,4067.928,4066.055,4066.785
1782704760000,4066.785,4067.445,4066.325,4067.195
1782704820000,4067.195,4067.755,4066.795,4067.755
1782704880000,4067.735,4067.935,4066.515,4066.655
1782704940000,4066.645,4067.705,4066.635,4067.325
1782705000000,4067.385,4067.915,4067.185,4067.185
1782705060000,4067.105,4069.815,4066.275,4069.575
1782705120000,4069.555,4071.665,4069.435,4070.785
1782705180000,4070.815,4071.425,4070.215,4070.465
1782705240000,4070.505,4070.555,4069.515,4069.785
1782705300000,4069.765,4069.765,4068.405,4068.765
1782705360000,4068.785,4068.955,4067.995,4068.075
1782705420000,4068.025,4068.495,4067.395,4068.495
1782705480000,4068.755,4068.895,4067.915,4068.265
1782705540000,4068.178,4068.825,4067.845,4068.645
1782705600000,4068.615,4068.765,4067.685,4068.105
1782705660000,4068.105,4068.465,4064.865,4065.438
1782705720000,4065.815,4066.445,4065.245,4066.125
1782705780000,4066.185,4067.345,4066.185,4066.795
1782705840000,4066.805,4067.335,4066.605,4067.055
1782705900000,4067.005,4067.205,4065.545,4067.175
1782705960000,4067.155,4067.545,4066.925,4067.485
1782706020000,4067.505,4067.935,4065.915,4065.915
1782706080000,4065.845,4066.065,4065.415,4065.655
1782706140000,4065.685,4066.505,4064.915,4065.985
1782706200000,4065.908,4066.555,4065.305,4065.435
1782706260000,4065.005,4065.285,4064.275,4064.515
1782706320000,4064.498,4065.315,4063.955,4065.185
1782706380000,4065.125,4066.595,4065.115,4065.945
1782706440000,4065.965,4066.115,4065.235,4065.445
1782706500000,4065.375,4065.375,4063.925,4064.085
1782706560000,4064.055,4064.785,4063.625,4064.345
1782706620000,4064.365,4065.105,4063.705,4063.705
1782706680000,4063.725,4063.755,4061.975,4063.705
1782706740000,4063.725,4064.655,4063.705,4064.385
1782706800000,4064.415,4064.545,4063.845,4063.915
1782706860000,4063.985,4064.235,4063.555,4063.625
1782706920000,4063.715,4063.745,4062.905,4063.288
1782706980000,4063.288,4063.288,4062.095,4062.645
1782707040000,4062.665,4064.305,4062.575,4063.515
1782707100000,4063.515,4064.555,4063.375,4064.555
1782707160000,4064.548,4064.735,4063.595,4064.155
1782707220000,4064.175,4065.945,4063.595,4065.685
1782707280000,4065.685,4066.395,4064.998,4065.045
1782707340000,4065.055,4065.405,4064.185,4064.845
1782707400000,4064.788,4065.265,4063.835,4064.355
1782707460000,4064.375,4065.065,4064.305,4064.745
1782707520000,4064.675,4064.745,4062.588,4062.965
1782707580000,4063.125,4063.215,4060.615,4061.545
1782707640000,4061.525,4061.525,4059.995,4060.835
1782707700000,4060.888,4061.335,4059.935,4059.985
1782707760000,4059.975,4060.355,4057.045,4059.135
1782707820000,4059.005,4059.335,4057.255,4058.225
1782707880000,4058.145,4058.235,4056.555,4057.725
1782707940000,4057.705,4057.715,4054.675,4054.675
1782708000000,4054.725,4055.165,4053.445,4054.115
1782708060000,4054.135,4054.275,4052.605,4053.975
1782708120000,4054.115,4054.615,4052.768,4054.445
1782708180000,4054.585,4056.305,4054.305,4055.905
1782708240000,4055.905,4057.495,4055.815,4056.915
1782708300000,4057.315,4057.345,4055.735,4055.835
1782708360000,4055.835,4056.835,4055.288,4056.835
1782708420000,4056.855,4057.735,4056.635,4056.795
1782708480000,4056.635,4057.325,4056.035,4056.585
1782708540000,4056.535,4057.305,4055.945,4056.995
1782708600000,4057.055,4057.465,4056.285,4056.415
1782708660000,4056.365,4056.795,4055.075,4055.435
1782708720000,4055.435,4055.885,4054.965,4055.595
1782708780000,4055.605,4056.195,4054.915,4055.675
1782708840000,4055.665,4055.785,4053.965,4054.005
1782708900000,4053.965,4053.965,4051.315,4051.315
1782708960000,4051.335,4052.725,4051.335,4051.945
1782709020000,4052.065,4052.505,4049.625,4049.995
1782709080000,4049.945,4050.498,4049.395,4049.395
1782709140000,4049.395,4052.045,4049.395,4052.015
1782709200000,4051.858,4052.475,4048.695,4049.085
1782709260000,4049.085,4050.875,4047.095,4050.845
1782709320000,4050.785,4050.945,4049.545,4049.965
1782709380000,4049.945,4053.635,4049.945,4053.415
1782709440000,4053.618,4054.465,4052.415,4054.395
1782709500000,4054.395,4056.095,4053.615,4055.995
1782709560000,4056.005,4057.235,4055.415,4055.955
1782709620000,4055.905,4056.275,4052.915,4053.005
1782709680000,4052.985,4053.245,4050.605,4051.525
1782709740000,4051.465,4052.855,4051.205,4052.365
1782709800000,4052.375,4054.355,4052.085,4052.205
1782709860000,4052.225,4053.365,4052.145,4052.895
1782709920000,4052.835,4054.515,4052.425,4052.805
1782709980000,4052.765,4055.205,4052.625,4055.085
1782710040000,4055.055,4055.955,4054.475,4055.725
1782710100000,4055.725,4056.655,4055.015,4056.585
1782710160000,4056.625,4056.625,4055.465,4055.955
1782710220000,4055.995,4056.905,4055.765,4056.295
1782710280000,4056.215,4057.195,4055.995,4056.835
1782710340000,4056.805,4056.845,4053.435,4054.185
1782710400000,4054.195,4056.125,4054.165,4055.725
1782710460000,4055.685,4056.445,4054.125,4055.045
1782710520000,4054.965,4055.675,4053.255,4053.315
1782710580000,4053.285,4053.495,4050.255,4050.255
1782710640000,4050.215,4051.235,4049.005,4050.365
1782710700000,4050.405,4052.335,4049.875,4052.335
1782710760000,4052.335,4052.365,4050.385,4050.425
1782710820000,4050.685,4051.655,4050.415,4050.895
1782710880000,4051.125,4051.905,4050.195,4050.535
1782710940000,4050.545,4050.565,4047.568,4048.925
1782711000000,4048.885,4049.978,4040.385,4043.305
1782711060000,4043.285,4045.515,4039.885,4045.125
1782711120000,4045.405,4046.745,4043.735,4045.085
1782711180000,4045.115,4046.245,4042.205,4042.205
1782711240000,4042.325,4045.735,4041.555,4045.075
1782711300000,4045.115,4045.745,4042.465,4042.515
1782711360000,4042.415,4042.905,4041.105,4041.305
1782711420000,4041.285,4042.035,4039.015,4041.725
1782711480000,4041.805,4043.695,4041.405,4043.325
1782711540000,4043.425,4044.115,4042.605,4043.765
1782711600000,4043.835,4045.825,4043.015,4044.055
1782711660000,4044.005,4045.038,4043.945,4044.285
1782711720000,4044.315,4049.445,4044.295,4049.375
1782711780000,4049.315,4049.935,4048.105,4049.815
1782711840000,4049.775,4051.375,4048.865,4050.235
1782711900000,4050.195,4050.905,4048.825,4049.625
1782711960000,4049.675,4052.188,4048.765,4051.885
1782712020000,4051.885,4051.915,4049.835,4051.625
1782712080000,4051.695,4053.055,4050.565,4051.485
1782712140000,4051.645,4052.005,4048.915,4049.435
1782712200000,4049.425,4050.655,4046.885,4048.705
1782712260000,4048.725,4049.965,4048.195,4049.885
1782712320000,4049.845,4052.215,4049.835,4051.365
1782712380000,4051.385,4052.195,4050.835,4051.415
1782712440000,4051.325,4055.115,4051.275,4053.145
1782712500000,4053.075,4054.295,4051.965,4053.715
1782712560000,4053.795,4054.775,4052.275,4054.005
1782712620000,4054.195,4056.165,4054.035,4055.815
1782712680000,4055.835,4056.675,4053.985,4054.035
1782712740000,4054.155,4055.525,4053.535,4054.175
1782712800000,4054.155,4056.435,4053.235,4054.955
1782712860000,4054.995,4057.865,4054.675,4056.835
1782712920000,4056.825,4058.295,4056.225,4056.365
1782712980000,4056.325,4060.105,4055.685,4058.925
1782713040000,4058.875,4058.875,4056.745,4058.525
1782713100000,4058.525,4059.155,4057.505,4058.645
1782713160000,4058.635,4061.195,4058.215,4059.845
1782713220000,4059.745,4061.425,4059.415,4060.545
1782713280000,4060.725,4064.005,4060.675,4062.705
1782713340000,4062.675,4063.445,4060.655,4061.475
1782713400000,4061.355,4062.235,4060.305,4060.615
1782713460000,4060.585,4061.055,4057.875,4058.415
1782713520000,4058.375,4060.815,4057.515,4060.425
1782713580000,4060.515,4060.895,4057.505,4057.945
1782713640000,4058.015,4059.705,4057.995,4059.475
1782713700000,4059.475,4059.935,4058.705,4058.905
1782713760000,4058.945,4059.065,4057.328,4057.915
1782713820000,4057.915,4058.815,4057.615,4058.195
1782713880000,4058.195,4058.865,4056.945,4058.335
1782713940000,4058.365,4059.775,4057.805,4059.465
1782714000000,4059.505,4059.505,4058.015,4058.585
1782714060000,4058.585,4059.985,4058.145,4058.485
1782714120000,4058.425,4059.388,4058.255,4058.425
1782714180000,4058.475,4058.555,4056.875,4058.095
1782714240000,4058.095,4058.095,4057.145,4058.085
1782714300000,4058.055,4058.815,4055.845,4058.435
1782714360000,4058.495,4062.675,4058.495,4060.855
1782714420000,4060.875,4061.865,4060.875,4061.105
1782714480000,4060.955,4061.905,4059.985,4061.815
1782714540000,4061.895,4063.005,4059.155,4060.555
1782714600000,4060.555,4060.635,4058.605,4059.715
1782714660000,4059.775,4060.925,4058.975,4059.605
1782714720000,4059.665,4059.685,4058.585,4059.275
1782714780000,4059.245,4059.365,4056.255,4056.295
1782714840000,4056.355,4056.715,4055.195,4056.655
1782714900000,4056.735,4057.405,4055.295,4055.685
1782714960000,4055.715,4058.535,4054.865,4058.005
1782715020000,4058.035,4058.505,4057.185,4057.625
1782715080000,4057.645,4057.715,4055.415,4056.755
1782715140000,4056.905,4059.515,4056.595,4059.515
1782715200000,4059.545,4060.195,4058.385,4060.075
1782715260000,4060.095,4060.635,4059.665,4059.915
1782715320000,4059.865,4060.325,4059.375,4059.575
1782715380000,4059.645,4060.545,4058.955,4060.045
1782715440000,4059.975,4061.735,4059.975,4060.995
1782715500000,4061.125,4061.215,4059.905,4060.375
1782715560000,4060.335,4061.585,4060.045,4061.065
1782715620000,4061.035,4061.805,4059.558,4061.395
1782715680000,4061.535,4064.275,4061.255,4064.225
1782715740000,4064.195,4064.855,4062.835,4062.985
1782715800000,4062.945,4064.185,4062.195,4063.985
1782715860000,4064.005,4064.408,4062.868,4063.835
1782715920000,4063.815,4063.815,4062.205,4062.805
1782715980000,4062.865,4063.555,4062.015,4063.385
1782716040000,4063.415,4063.765,4062.658,4063.015
1782716100000,4063.055,4064.085,4061.965,4062.225
1782716160000,4062.325,4062.525,4061.368,4062.005
1782716220000,4061.955,4063.145,4061.645,4062.065
1782716280000,4062.145,4062.515,4061.815,4062.245
1782716340000,4062.275,4063.075,4061.795,4062.175
1782716400000,4062.205,4062.635,4058.135,4058.665
1782716460000,4058.635,4061.085,4057.845,4060.705
1782716520000,4060.665,4061.035,4060.125,4060.815
1782716580000,4060.785,4060.965,4059.035,4060.345
1782716640000,4060.375,4061.455,4060.065,4060.685
1782716700000,4060.215,4060.445,4059.005,4059.228
1782716760000,4059.205,4059.795,4057.845,4059.155
1782716820000,4059.185,4059.875,4058.925,4059.475
1782716880000,4059.545,4060.065,4059.195,4059.895
1782716940000,4059.895,4059.945,4058.995,4059.465
1782717000000,4059.505,4061.025,4058.955,4060.205
1782717060000,4060.295,4060.295,4059.008,4059.008
1782717120000,4059.008,4059.755,4058.975,4059.305
1782717180000,4059.175,4059.175,4055.855,4057.055
1782717240000,4057.095,4059.385,4056.625,4059.075
1782717300000,4059.025,4062.585,4059.025,4060.865
1782717360000,4060.865,4061.015,4058.925,4058.948
1782717420000,4058.925,4059.875,4058.275,4058.315
1782717480000,4058.325,4059.155,4057.935,4058.855
1782717540000,4058.925,4060.435,4058.745,4060.315
1782717600000,4060.208,4060.965,4058.525,4058.575
1782717660000,4058.565,4060.155,4057.895,4059.255
1782717720000,4059.285,4059.485,4058.415,4059.005
1782717780000,4059.135,4061.135,4059.105,4060.955
1782717840000,4061.095,4062.875,4061.095,4062.535
1782717900000,4062.495,4062.975,4060.765,4060.855
1782717960000,4060.885,4061.865,4060.775,4061.075
1782718020000,4061.055,4063.065,4061.015,4062.155
1782718080000,4062.165,4063.835,4062.045,4063.275
1782718140000,4063.235,4066.285,4063.075,4065.965
1782718200000,4065.905,4066.245,4064.525,4064.715
1782718260000,4064.595,4064.995,4064.085,4064.125
1782718320000,4064.078,4064.345,4062.715,4064.065
1782718380000,4064.065,4064.485,4063.545,4063.625
1782718440000,4063.595,4063.595,4062.575,4062.895
1782718500000,4062.925,4063.075,4061.445,4062.075
1782718560000,4062.115,4062.718,4062.005,4062.585
1782718620000,4062.645,4062.965,4061.445,4062.365
1782718680000,4062.365,4063.535,4062.105,4062.595
1782718740000,4062.615,4063.195,4062.225,4062.885
1782718800000,4062.955,4063.235,4060.885,4061.455
1782718860000,4061.475,4062.955,4061.215,4061.915
1782718920000,4061.745,4064.945,4061.675,4064.345
1782718980000,4064.425,4064.925,4062.735,4062.965
1782719040000,4062.965,4063.255,4061.005,4062.485
1782719100000,4062.525,4062.525,4060.595,4061.715
1782719160000,4061.725,4062.625,4060.938,4062.125
1782719220000,4062.015,4063.855,4061.715,4062.645
1782719280000,4062.635,4064.235,4061.725,4063.165
1782719340000,4063.235,4063.465,4062.255,4063.415
1782719400000,4063.445,4065.125,4063.255,4064.535
1782719460000,4064.545,4067.945,4063.995,4067.765
1782719520000,4067.555,4068.455,4066.125,4066.475
1782719580000,4066.535,4067.235,4065.605,4065.705
1782719640000,4065.665,4065.925,4063.285,4064.385
1782719700000,4064.375,4066.285,4064.275,4065.105
1782719760000,4065.095,4066.305,4065.095,4065.315
1782719820000,4065.265,4065.265,4062.515,4062.775
1782719880000,4062.775,4063.475,4061.845,4061.845
1782719940000,4061.875,4061.975,4061.255,4061.495
1782720000000,4061.238,4063.965,4061.125,4062.935
1782720060000,4062.915,4062.915,4060.345,4061.335
1782720120000,4061.365,4063.945,4061.355,4063.315
1782720180000,4063.275,4064.315,4061.845,4062.295
1782720240000,4062.265,4062.925,4061.325,4062.715
1782720300000,4062.665,4065.155,4062.465,4064.455
1782720360000,4064.425,4064.985,4063.615,4064.955
1782720420000,4065.005,4065.965,4062.805,4062.895
1782720480000,4062.925,4063.185,4062.075,4062.455
1782720540000,4062.415,4064.275,4062.415,4063.735
1782720600000,4063.635,4063.735,4062.425,4063.145
1782720660000,4063.125,4064.245,4062.035,4064.035
1782720720000,4064.105,4064.455,4063.545,4064.015
1782720780000,4064.055,4064.435,4063.005,4063.195
1782720840000,4063.215,4064.425,4062.235,4063.835
1782720900000,4063.755,4064.415,4062.565,4062.805
1782720960000,4062.775,4064.225,4061.955,4064.105
1782721020000,4064.215,4064.985,4063.815,4064.195
1782721080000,4064.155,4065.555,4063.685,4064.185
1782721140000,4064.265,4064.355,4063.745,4063.845
1782721200000,4063.685,4064.185,4061.925,4062.375
1782721260000,4062.325,4063.405,4062.275,4063.065
1782721320000,4063.055,4063.055,4060.805,4060.935
1782721380000,4060.935,4063.055,4060.835,4061.915
1782721440000,4061.995,4062.515,4060.635,4062.475
1782721500000,4062.475,4063.905,4062.425,4062.425
1782721560000,4062.425,4062.605,4060.385,4061.095
1782721620000,4061.205,4062.885,4060.995,4062.385
1782721680000,4062.335,4062.505,4061.835,4062.225
1782721740000,4062.135,4062.135,4061.015,4061.015
1782721800000,4061.075,4065.235,4060.765,4064.835
1782721860000,4064.775,4066.555,4064.455,4064.915
1782721920000,4064.945,4065.585,4064.265,4065.515
1782721980000,4065.515,4066.205,4063.485,4063.735
1782722040000,4063.705,4063.835,4062.695,4063.555
1782722100000,4063.545,4063.665,4062.035,4062.875
1782722160000,4062.875,4063.885,4062.375,4062.375
1782722220000,4062.375,4062.515,4061.345,4061.935
1782722280000,4061.895,4062.515,4060.355,4060.665
1782722340000,4060.805,4062.385,4060.605,4062.345
1782722400000,4062.255,4062.535,4060.795,4061.675
1782722460000,4061.655,4062.145,4058.765,4059.465
1782722520000,4059.608,4060.275,4057.235,4057.895
1782722580000,4057.945,4058.855,4056.675,4056.675
1782722640000,4056.415,4056.905,4054.535,4055.555
1782722700000,4055.475,4056.585,4055.025,4055.525
1782722760000,4055.515,4056.145,4054.665,4055.335
1782722820000,4055.315,4056.705,4055.145,4056.705
1782722880000,4056.725,4057.195,4055.505,4057.075
1782722940000,4057.075,4057.085,4054.035,4055.205
1782723000000,4055.165,4055.445,4053.475,4053.525
1782723060000,4053.475,4054.765,4053.115,4053.665
1782723120000,4053.645,4054.855,4052.645,4053.025
1782723180000,4053.025,4053.845,4051.635,4053.485
1782723240000,4053.335,4053.375,4051.635,4051.815
1782723300000,4051.415,4052.165,4049.668,4049.915
1782723360000,4049.935,4050.385,4049.345,4049.785
1782723420000,4049.695,4050.355,4048.445,4048.595
1782723480000,4048.565,4048.615,4043.515,4044.835
1782723540000,4044.775,4048.545,4044.705,4046.925
1782723600000,4046.805,4048.485,4045.225,4048.295
1782723660000,4048.245,4049.245,4047.085,4047.355
1782723720000,4047.315,4048.635,4046.695,4048.635
1782723780000,4048.545,4049.535,4048.525,4048.735
1782723840000,4048.785,4050.335,4048.785,4049.535
1782723900000,4049.545,4051.505,4048.985,4050.545
1782723960000,4050.515,4052.045,4050.495,4051.795
1782724020000,4051.685,4053.315,4050.565,4052.445
1782724080000,4052.505,4055.115,4052.505,4053.765
1782724140000,4053.805,4053.995,4052.545,4052.885
1782724200000,4052.945,4053.285,4052.125,4053.115
1782724260000,4053.185,4053.685,4051.005,4051.275
1782724320000,4051.445,4051.635,4049.175,4049.775
1782724380000,4049.805,4050.285,4048.595,4049.145
1782724440000,4049.085,4050.385,4048.265,4050.025
1782724500000,4049.935,4050.675,4048.855,4049.525
1782724560000,4049.495,4051.265,4049.495,4051.245
1782724620000,4051.205,4053.265,4050.915,4052.965
1782724680000,4052.905,4053.285,4051.035,4051.095
1782724740000,4051.115,4051.615,4050.985,4051.495
1782724800000,4051.495,4051.595,4049.625,4049.865
1782724860000,4049.835,4050.865,4049.555,4049.785
1782724920000,4049.765,4049.765,4047.745,4047.875
1782724980000,4047.805,4049.605,4047.065,4048.885
1782725040000,4048.875,4049.165,4046.865,4047.945
1782725100000,4047.945,4047.965,4045.585,4045.885
1782725160000,4045.815,4047.415,4045.445,4046.705
1782725220000,4046.685,4048.785,4046.015,4048.485
1782725280000,4048.485,4048.485,4045.085,4047.088
1782725340000,4047.395,4048.455,4046.435,4047.215
1782725400000,4047.385,4050.615,4046.665,4047.055
1782725460000,4047.015,4047.435,4044.835,4044.895
1782725520000,4044.845,4045.075,4042.795,4043.895
1782725580000,4043.895,4045.405,4041.598,4043.145
1782725640000,4043.155,4045.755,4042.685,4045.535
1782725700000,4045.465,4045.645,4042.285,4042.615
1782725760000,4042.615,4044.035,4042.615,4043.945
1782725820000,4043.945,4044.045,4041.935,4041.935
1782725880000,4041.955,4043.755,4041.445,4042.995
1782725940000,4042.965,4043.755,4042.895,4043.105
1782726000000,4043.105,4043.405,4040.465,4041.915
1782726060000,4041.775,4043.715,4041.325,4043.465
1782726120000,4043.465,4043.495,4042.165,4042.505
1782726180000,4042.475,4044.115,4042.475,4043.705
1782726240000,4043.625,4043.695,4042.488,4043.515
1782726300000,4043.425,4043.455,4042.655,4043.025
1782726360000,4042.965,4043.955,4042.615,4043.465
1782726420000,4043.415,4043.885,4042.215,4042.265
1782726480000,4042.175,4042.175,4037.255,4038.205
1782726540000,4038.365,4040.935,4038.355,4040.205
1782726600000,4040.205,4040.205,4034.335,4035.845
1782726660000,4035.885,4037.125,4032.405,4033.735
1782726720000,4033.885,4035.045,4033.305,4034.755
1782726780000,4034.805,4035.515,4033.985,4034.665
1782726840000,4034.585,4035.125,4032.705,4034.295
1782726900000,4034.185,4035.045,4032.585,4034.165
1782726960000,4034.145,4036.605,4031.395,4032.665
1782727020000,4032.635,4032.805,4024.168,4027.455
1782727080000,4027.435,4028.625,4025.805,4028.355
1782727140000,4028.325,4031.895,4028.325,4031.465
1782727200000,4031.415,4033.265,4030.795,4032.135
1782727260000,4032.175,4032.365,4030.085,4032.125
1782727320000,4032.145,4032.595,4029.325,4029.865
1782727380000,4030.175,4030.765,4027.285,4028.595
1782727440000,4028.615,4029.775,4028.195,4029.595
1782727500000,4029.585,4032.025,4029.065,4030.965
1782727560000,4030.935,4031.435,4030.265,4030.705
1782727620000,4030.695,4031.605,4030.345,4031.185
1782727680000,4031.165,4031.995,4030.795,4031.665
1782727740000,4031.675,4032.195,4030.975,4031.835
1782727800000,4031.785,4035.525,4031.785,4035.415
1782727860000,4035.395,4035.655,4034.145,4034.375
1782727920000,4034.425,4038.195,4034.335,4038.055
1782727980000,4038.035,4039.655,4037.255,4037.865
1782728040000,4037.865,4038.985,4037.865,4038.315
1782728100000,4038.215,4038.365,4034.168,4034.365
1782728160000,4034.255,4034.865,4032.685,4033.028
1782728220000,4032.905,4035.095,4032.525,4034.865
1782728280000,4034.895,4035.285,4032.755,4034.175
1782728340000,4034.255,4036.425,4034.115,4035.265
1782728400000,4035.235,4036.125,4034.385,4035.485
1782728460000,4035.215,4037.515,4035.195,4036.295
1782728520000,4036.706,4037.145,4036.215,4036.745
1782728580000,4036.805,4037.675,4036.135,4036.775
1782728640000,4036.805,4038.015,4036.495,4037.195
1782728700000,4037.185,4038.005,4036.925,4037.515
1782728760000,4037.455,4038.005,4036.385,4037.705
1782728820000,4037.715,4038.585,4037.655,4038.165
1782728880000,4038.165,4038.345,4037.375,4038.165
1782728940000,4038.265,4038.395,4037.075,4037.235
1782729000000,4037.195,4037.875,4036.465,4037.875
1782729060000,4037.835,4038.095,4037.425,4037.425
1782729120000,4037.485,4038.265,4033.965,4034.015
1782729180000,4034.065,4034.305,4031.745,4033.205
1782729240000,4032.855,4033.915,4032.345,4033.355
1782729300000,4033.455,4033.475,4031.735,4033.165
1782729360000,4033.725,4035.935,4033.715,4035.935
1782729420000,4035.905,4037.885,4035.645,4037.115
1782729480000,4037.135,4038.095,4036.455,4037.805
1782729540000,4037.765,4038.565,4037.085,4038.215
1782729600000,4038.135,4038.555,4036.215,4036.605
1782729660000,4036.725,4037.075,4034.315,4034.405
1782729720000,4034.375,4035.335,4033.395,4034.795
1782729780000,4034.765,4035.585,4033.495,4035.235
1782729840000,4035.185,4035.355,4034.365,4034.435
1782729900000,4034.385,4034.905,4033.885,4034.005
1782729960000,4033.925,4034.895,4033.775,4034.505
1782730020000,4034.495,4034.965,4032.515,4034.505
1782730080000,4034.455,4034.545,4033.175,4034.315
1782730140000,4034.345,4034.835,4034.035,4034.645
1782730200000,4034.335,4034.768,4033.825,4034.485
1782730260000,4034.415,4036.585,4034.305,4036.555
1782730320000,4036.515,4038.105,4036.395,4037.535
1782730380000,4037.465,4037.545,4036.015,4036.585
1782730440000,4036.535,4038.155,4036.505,4037.745
1782730500000,4037.705,4038.075,4036.445,4036.465
1782730560000,4036.555,4037.945,4035.645,4035.665
1782730620000,4035.755,4036.235,4035.205,4036.195
1782730680000,4036.155,4037.405,4035.535,4037.315
1782730740000,4037.245,4037.375,4036.685,4036.755
1782730800000,4036.775,4038.515,4036.395,4036.735
1782730860000,4036.755,4037.085,4035.305,4035.625
1782730920000,4035.665,4036.705,4035.585,4035.975
1782730980000,4035.975,4036.505,4035.525,4036.245
1782731040000,4036.255,4036.455,4035.545,4036.215
1782731100000,4036.255,4036.845,4035.255,4035.895
1782731160000,4035.865,4036.335,4035.235,4036.225
1782731220000,4036.275,4036.775,4035.795,4036.455
1782731280000,4036.425,4036.785,4035.985,4036.785
1782731340000,4036.785,4037.665,4036.515,4036.515
1782731400000,4036.485,4036.635,4035.245,4035.375
1782731460000,4035.345,4035.945,4034.855,4035.005
1782731520000,4035.005,4035.645,4034.965,4035.375
1782731580000,4035.355,4036.185,4034.405,4034.765
1782731640000,4034.785,4034.785,4032.205,4034.145
1782731700000,4034.235,4035.925,4034.235,4034.815
1782731760000,4034.795,4035.195,4034.455,4034.805
1782731820000,4034.825,4035.175,4033.215,4033.505
1782731880000,4033.525,4034.825,4033.075,4034.115
1782731940000,4034.085,4034.405,4033.265,4033.345
1782732000000,4033.265,4033.765,4032.765,4033.535
1782732060000,4033.515,4034.605,4032.815,4033.105
1782732120000,4033.135,4033.295,4031.815,4032.175
1782732180000,4032.245,4032.295,4029.535,4030.615
1782732240000,4030.645,4030.685,4028.975,4028.975
1782732300000,4028.995,4030.435,4028.605,4028.645
1782732360000,4028.665,4029.615,4027.085,4028.295
1782732420000,4028.515,4030.025,4027.715,4028.635
1782732480000,4028.645,4028.645,4027.485,4027.625
1782732540000,4027.675,4032.235,4027.675,4031.935
1782732600000,4031.865,4032.815,4029.765,4031.775
1782732660000,4031.775,4038.345,4030.795,4035.655
1782732720000,4035.585,4036.035,4033.335,4033.685
1782732780000,4033.615,4033.805,4032.805,4033.585
1782732840000,4033.515,4035.405,4033.165,4035.405
1782732900000,4035.285,4035.725,4033.395,4033.605
1782732960000,4033.515,4034.115,4032.215,4032.235
1782733020000,4032.175,4032.765,4032.175,4032.705
1782733080000,4032.675,4033.995,4032.365,4033.235
1782733140000,4033.175,4033.855,4031.795,4032.055
1782733200000,4032.035,4034.245,4031.855,4034.245
1782733260000,4034.235,4036.155,4034.195,4036.105
1782733320000,4036.065,4036.685,4035.105,4036.495
1782733380000,4036.435,4036.525,4035.075,4035.255
1782733440000,4035.225,4035.635,4035.028,4035.185
1782733500000,4035.115,4036.745,4035.095,4036.335
1782733560000,4036.375,4036.575,4035.015,4036.185
1782733620000,4036.005,4036.225,4035.085,4035.725
1782733680000,4035.805,4037.895,4035.785,4036.965
1782733740000,4036.945,4036.985,4034.635,4035.005
1782733800000,4035.085,4038.365,4035.085,4038.315
1782733860000,4038.305,4038.305,4036.825,4037.655
1782733920000,4037.635,4038.235,4036.945,4037.045
1782733980000,4037.045,4037.295,4036.205,4036.975
1782734040000,4036.995,4037.915,4036.975,4037.645
1782734100000,4037.605,4039.745,4036.825,4039.715
1782734160000,4039.755,4042.125,4039.205,4041.535
1782734220000,4041.485,4041.485,4039.715,4039.715
1782734280000,4039.695,4040.495,4039.185,4040.365
1782734340000,4040.475,4040.655,4039.095,4039.095
1782734400000,4039.285,4040.535,4037.775,4040.375
1782734460000,4040.345,4041.675,4040.055,4040.745
1782734520000,4040.715,4044.735,4040.575,4044.265
1782734580000,4044.255,4047.915,4043.055,4047.325
1782734640000,4047.158,4047.158,4044.975,4045.495
1782734700000,4045.455,4047.615,4045.435,4045.605
1782734760000,4045.525,4045.995,4043.588,4045.915
1782734820000,4045.955,4047.365,4045.165,4047.215
1782734880000,4047.305,4048.085,4046.105,4046.165
1782734940000,4046.195,4048.105,4046.195,4047.815
1782735000000,4047.945,4051.105,4047.925,4049.975
1782735060000,4049.945,4051.625,4049.605,4050.725
1782735120000,4050.745,4052.385,4049.935,4051.985
1782735180000,4051.525,4051.925,4050.815,4051.205
1782735240000,4051.305,4051.605,4047.185,4047.425
1782735300000,4047.455,4049.605,4047.325,4047.455
1782735360000,4047.495,4047.975,4045.515,4045.515
1782735420000,4045.495,4046.155,4044.695,4045.435
1782735480000,4045.465,4047.735,4045.295,4045.765
1782735540000,4045.725,4045.855,4043.425,4043.425
1782735600000,4043.455,4045.195,4043.315,4044.095
1782735660000,4044.145,4045.815,4043.555,4044.265
1782735720000,4044.305,4044.355,4041.585,4042.645
1782735780000,4042.625,4043.105,4039.045,4039.065
1782735840000,4039.185,4040.145,4037.715,4039.695
1782735900000,4039.695,4041.285,4039.315,4039.745
1782735960000,4039.665,4039.685,4037.585,4038.785
1782736020000,4039.085,4039.595,4038.005,4038.655
1782736080000,4038.485,4040.115,4037.665,4039.605
1782736140000,4039.665,4039.665,4037.635,4038.215
1782736200000,4038.275,4040.345,4037.398,4040.175
1782736260000,4039.995,4041.885,4039.535,4040.745
1782736320000,4040.925,4041.955,4040.785,4041.295
1782736380000,4041.325,4043.645,4041.225,4043.425
1782736440000,4043.385,4044.085,4042.375,4043.195
1782736500000,4043.265,4046.055,4043.215,4045.335
1782736560000,4045.705,4047.035,4045.705,4046.595
1782736620000,4046.645,4046.805,4043.885,4043.885
1782736680000,4043.735,4045.425,4043.025,4045.405
1782736740000,4045.425,4045.445,4044.018,4044.915
1782736800000,4044.905,4046.445,4043.755,4043.835
1782736860000,4043.775,4043.775,4041.325,4041.745
1782736920000,4041.755,4042.715,4041.625,4042.625
1782736980000,4042.755,4043.395,4042.165,4042.645
1782737040000,4042.685,4045.065,4042.685,4044.735
1782737100000,4044.655,4046.755,4044.545,4045.465
1782737160000,4045.405,4045.495,4044.075,4045.025
1782737220000,4045.265,4045.668,4044.145,4044.545
1782737280000,4044.555,4045.365,4043.295,4043.425
1782737340000,4043.475,4043.475,4042.345,4043.125
1782737400000,4043.305,4046.855,4043.225,4046.705
1782737460000,4046.685,4046.705,4044.645,4045.125
1782737520000,4045.035,4046.495,4044.515,4045.935
1782737580000,4046.065,4046.345,4045.325,4046.165
1782737640000,4046.185,4047.665,4044.055,4044.285
1782737700000,4044.315,4044.385,4043.595,4043.665
1782737760000,4043.715,4045.045,4042.998,4043.945
1782737820000,4044.035,4044.285,4042.335,4043.325
1782737880000,4043.395,4044.385,4043.395,4044.135
1782737940000,4044.225,4044.225,4042.415,4043.455
1782738000000,4043.485,4050.035,4043.125,4049.045
1782738060000,4049.035,4051.195,4048.875,4049.135
1782738120000,4049.165,4049.205,4046.205,4047.355
1782738180000,4047.245,4049.125,4046.685,4049.125
1782738240000,4049.105,4051.615,4048.475,4050.445
1782738300000,4050.535,4051.575,4048.865,4049.425
1782738360000,4049.255,4050.665,4047.045,4047.405
1782738420000,4047.395,4048.595,4047.065,4048.425
1782738480000,4048.595,4048.835,4046.925,4047.615
1782738540000,4047.655,4047.685,4045.765,4045.975
1782738600000,4045.965,4046.765,4045.295,4046.115
1782738660000,4046.145,4046.545,4044.335,4046.215
1782738720000,4046.175,4049.635,4046.115,4049.105
1782738780000,4049.135,4049.135,4047.165,4047.325
1782738840000,4047.265,4047.805,4046.295,4047.095
1782738900000,4047.045,4049.065,4046.725,4047.245
1782738960000,4047.265,4048.195,4046.998,4047.215
1782739020000,4047.265,4047.645,4045.895,4046.745
1782739080000,4046.695,4048.065,4046.635,4047.985
1782739140000,4047.965,4049.615,4047.818,4048.995
1782739200000,4048.965,4049.125,4046.088,4047.715
1782739260000,4047.705,4047.765,4043.138,4043.685
1782739320000,4043.705,4045.405,4043.705,4045.405
1782739380000,4045.385,4045.465,4043.158,4043.985
1782739440000,4043.805,4045.095,4043.355,4043.515
1782739500000,4043.475,4043.525,4040.485,4041.655
1782739560000,4041.765,4041.985,4039.835,4040.655
1782739620000,4040.625,4041.285,4038.835,4040.475
1782739680000,4040.705,4040.985,4039.378,4039.445
1782739740000,4039.525,4040.395,4037.408,4037.408
1782739800000,4037.735,4040.928,4036.458,4040.565
1782739860000,4040.665,4043.275,4039.885,4040.905
1782739920000,4040.815,4042.225,4039.975,4041.865
1782739980000,4041.785,4041.785,4038.835,4040.765
1782740040000,4040.765,4044.445,4040.635,4043.335
1782740100000,4043.255,4043.905,4041.418,4042.275
1782740160000,4042.255,4042.255,4038.655,4038.705
1782740220000,4038.785,4039.595,4033.535,4035.605
1782740280000,4035.675,4037.405,4034.795,4036.585
1782740340000,4036.645,4037.955,4035.428,4036.025
1782740400000,4036.045,4038.675,4035.315,4038.235
1782740460000,4038.215,4039.955,4037.168,4039.825
1782740520000,4039.905,4041.835,4038.995,4041.495
1782740580000,4041.595,4041.725,4038.038,4038.675
1782740640000,4038.705,4040.085,4037.855,4038.395
1782740700000,4038.205,4040.395,4037.935,4038.975
1782740760000,4038.985,4038.985,4034.758,4036.655
1782740820000,4036.615,4036.975,4034.635,4034.695
1782740880000,4034.725,4035.505,4033.235,4033.635
1782740940000,4033.685,4035.095,4033.175,4035.095
1782741000000,4035.075,4035.505,4033.245,4034.865
1782741060000,4034.835,4035.535,4033.675,4035.445
1782741120000,4035.445,4036.155,4033.805,4035.575
1782741180000,4035.545,4035.875,4033.275,4033.275
1782741240000,4033.255,4033.325,4030.035,4031.795
1782741300000,4031.765,4032.415,4029.675,4030.065
1782741360000,4030.095,4032.435,4028.125,4031.395
1782741420000,4031.355,4032.535,4029.705,4030.035
1782741480000,4030.045,4033.325,4030.045,4032.045
1782741540000,4032.105,4032.295,4029.618,4032.175
1782741600000,4032.325,4033.445,4029.845,4033.315
1782741660000,4033.295,4035.225,4031.188,4031.405
1782741720000,4031.385,4032.535,4028.925,4030.725
1782741780000,4030.685,4031.845,4022.375,4026.095
1782741840000,4026.285,4028.175,4024.965,4026.955
1782741900000,4026.965,4027.995,4021.985,4022.535
1782741960000,4022.495,4024.225,4014.548,4016.645
1782742020000,4016.665,4018.625,4015.945,4017.435
1782742080000,4016.855,4018.945,4015.358,4018.165
1782742140000,4018.265,4019.725,4015.005,4015.258
1782742200000,4015.258,4017.608,4014.545,4015.785
1782742260000,4015.735,4015.995,4010.025,4012.165
1782742320000,4012.125,4012.838,4009.785,4011.375
1782742380000,4011.375,4016.045,4007.468,4014.535
1782742440000,4014.635,4014.875,4008.315,4008.685
1782742500000,4008.535,4008.935,3999.918,4001.625
1782742560000,4002.015,4010.915,4001.745,4007.845
1782742620000,4007.685,4014.555,4005.755,4013.215
1782742680000,4013.225,4017.785,4012.425,4015.485
1782742740000,4015.515,4018.275,4013.615,4017.335
1782742800000,4017.175,4018.355,4015.215,4017.805
1782742860000,4017.855,4019.685,4016.675,4017.585
1782742920000,4017.625,4020.545,4017.165,4019.275
1782742980000,4019.285,4020.295,4017.035,4017.935
1782743040000,4017.995,4020.425,4016.735,4020.315
1782743100000,4020.335,4024.445,4019.845,4023.785
1782743160000,4023.745,4027.475,4023.275,4026.485
1782743220000,4026.545,4028.035,4024.575,4025.305
1782743280000,4025.505,4028.265,4025.385,4026.215
1782743340000,4026.305,4026.475,4022.375,4024.615
1782743400000,4024.555,4027.345,4024.215,4026.055
1782743460000,4026.025,4026.305,4024.215,4024.875
1782743520000,4024.875,4026.005,4023.495,4023.898
1782743580000,4023.875,4026.805,4023.315,4026.805
1782743640000,4026.858,4027.898,4025.925,4026.125
1782743700000,4026.125,4027.215,4025.285,4026.325
1782743760000,4026.285,4027.595,4025.428,4026.055
1782743820000,4026.215,4026.975,4024.255,4025.148
1782743880000,4025.158,4025.608,4022.598,4022.905
1782743940000,4022.955,4024.248,4021.255,4023.285
1782744000000,4023.285,4023.565,4021.995,4022.945
1782744060000,4022.945,4024.105,4022.455,4022.775
1782744120000,4022.775,4023.695,4021.485,4022.485
1782744180000,4022.485,4023.375,4021.295,4023.025
1782744240000,4023.025,4023.255,4019.805,4020.715
1782744300000,4020.715,4023.195,4020.545,4020.785
1782744360000,4020.788,4021.805,4019.268,4019.558
1782744420000,4019.558,4020.435,4018.215,4018.215
1782744480000,4018.178,4019.655,4017.795,4018.225
1782744540000,4018.185,4020.335,4017.645,4019.345
1782744600000,4019.318,4022.995,4018.705,4022.818
1782744660000,4022.818,4023.205,4020.745,4022.668
1782744720000,4022.668,4025.378,4021.688,4024.068
1782744780000,4024.048,4024.758,4022.785,4023.438
1782744840000,4023.325,4026.715,4023.325,4025.905
1782744900000,4025.898,4028.885,4025.755,4028.678
1782744960000,4028.658,4030.045,4027.295,4027.355
1782745020000,4027.575,4028.105,4026.065,4026.075
1782745080000,4026.075,4026.875,4025.055,4025.155
1782745140000,4025.195,4025.435,4023.718,4025.355
1782745200000,4025.365,4026.045,4023.565,4023.605
1782745260000,4023.565,4025.458,4022.955,4025.178
1782745320000,4025.178,4025.198,4022.318,4022.355
1782745380000,4022.355,4023.118,4020.855,4021.988
1782745440000,4021.785,4022.398,4020.925,4020.978
1782745500000,4020.965,4023.555,4020.565,4023.158
1782745560000,4023.158,4024.638,4022.035,4023.278
1782745620000,4023.268,4023.358,4021.965,4023.138
1782745680000,4023.158,4023.198,4021.538,4022.138
1782745740000,4022.158,4022.878,4021.875,4022.818
1782745800000,4022.838,4024.238,4022.565,4023.038
1782745860000,4023.018,4023.018,4020.318,4021.728
1782745920000,4021.735,4022.478,4020.685,4021.355
1782745980000,4021.385,4021.898,4018.948,4019.638
1782746040000,4019.655,4021.998,4019.345,4021.538
1782746100000,4021.578,4026.618,4020.965,4025.638
1782746160000,4025.638,4026.578,4024.415,4026.398
1782746220000,4026.335,4026.688,4025.658,4026.038
1782746280000,4026.058,4027.398,4025.605,4027.098
1782746340000,4027.138,4027.138,4021.598,4021.778
1782746400000,4021.765,4022.338,4020.745,4020.958
1782746460000,4020.958,4021.378,4019.258,4020.838
1782746520000,4020.838,4021.458,4018.598,4019.738
1782746580000,4019.718,4020.518,4016.758,4017.258
1782746640000,4017.258,4018.518,4016.398,4017.838
1782746700000,4017.838,4020.285,4017.458,4020.245
1782746760000,4020.205,4020.318,4018.105,4018.105
1782746820000,4018.145,4019.608,4018.138,4018.975
1782746880000,4018.858,4021.658,4018.675,4021.358
1782746940000,4021.378,4024.445,4021.175,4024.145
1782747000000,4024.145,4025.855,4022.765,4025.428
1782747060000,4025.428,4025.625,4024.328,4024.755
1782747120000,4024.775,4026.215,4024.325,4024.595
1782747180000,4024.635,4025.188,4022.835,4023.645
1782747240000,4023.645,4025.105,4022.748,4023.025
1782747300000,4022.908,4022.908,4020.518,4020.945
1782747360000,4020.945,4020.955,4019.225,4020.365
1782747420000,4020.415,4020.505,4018.215,4018.575
1782747480000,4018.395,4021.125,4017.255,4020.358
1782747540000,4020.378,4024.565,4020.358,4022.508
1782747600000,4022.505,4022.835,4021.905,4022.285
1782747660000,4022.365,4023.038,4021.958,4022.798
1782747720000,4022.818,4023.158,4021.235,4021.978
1782747780000,4022.015,4022.238,4021.155,4021.478
1782747840000,4021.478,4022.638,4021.478,4022.338
1782747900000,4022.338,4022.898,4021.875,4022.558
1782747960000,4022.475,4023.598,4021.895,4022.878
1782748020000,4022.858,4026.135,4022.838,4024.175
1782748080000,4024.175,4027.275,4024.175,4026.835
1782748140000,4026.895,4027.525,4025.595,4026.555
1782748200000,4026.448,4027.015,4025.285,4026.975
1782748260000,4026.975,4027.615,4026.195,4026.195
1782748320000,4026.165,4027.315,4025.885,4027.075
1782748380000,4027.295,4029.305,4027.295,4028.265
1782748440000,4028.345,4029.075,4027.675,4027.965
1782748500000,4027.965,4030.148,4027.055,4028.695
1782748560000,4028.498,4029.048,4027.365,4027.385
1782748620000,4027.385,4027.595,4026.525,4026.525
1782748680000,4026.525,4027.665,4026.525,4026.795
1782748740000,4026.798,4027.545,4026.448,4026.755
1782748800000,4026.895,4026.915,4025.125,4026.335
1782748860000,4026.305,4027.615,4025.685,4026.345
1782748920000,4026.315,4027.895,4025.465,4027.638
1782748980000,4027.655,4028.445,4026.128,4026.238
1782749040000,4026.198,4026.565,4025.478,4026.055
1782749100000,4026.055,4026.095,4024.108,4024.155
1782749160000,4024.208,4024.825,4024.078,4024.498
1782749220000,4024.465,4026.445,4024.318,4026.025
1782749280000,4026.065,4026.348,4025.525,4025.595
1782749340000,4025.655,4027.405,4025.635,4027.135
1782749400000,4027.065,4027.165,4026.525,4026.595
1782749460000,4026.765,4027.615,4025.938,4026.048
1782749520000,4026.048,4026.535,4025.685,4026.465
1782749580000,4026.445,4026.515,4025.715,4025.855
1782749640000,4025.915,4026.125,4023.325,4023.365
1782749700000,4023.555,4024.465,4021.718,4022.038
1782749760000,4022.048,4023.685,4021.578,4023.655
1782749820000,4023.675,4024.005,4022.775,4023.538
1782749880000,4023.565,4023.895,4023.058,4023.058
1782749940000,4023.058,4025.478,4023.048,4025.418
1782750000000,4025.398,4025.678,4024.945,4024.955
1782750060000,4024.955,4025.208,4024.525,4024.805
1782750120000,4024.858,4025.398,4024.778,4024.898
1782750180000,4024.865,4026.085,4024.865,4025.638
1782750240000,4025.665,4026.238,4025.358,4025.378
1782750300000,4025.345,4025.478,4024.588,4024.918
1782750360000,4024.938,4025.358,4024.395,4024.495
1782750420000,4024.535,4024.535,4023.305,4023.845
1782750480000,4023.945,4024.185,4023.508,4023.528
1782750540000,4023.438,4023.995,4023.298,4023.398
1782750600000,4023.465,4024.098,4022.638,4022.698
1782750660000,4022.638,4022.678,4021.905,4022.298
1782750720000,4022.295,4022.505,4018.628,4018.748
1782750780000,4018.885,4019.855,4018.705,4018.718
1782750840000,4018.718,4019.535,4018.405,4019.165
1782750900000,4019.135,4021.115,4019.058,4020.935
1782750960000,4020.918,4020.978,4019.625,4020.178
1782751020000,4020.238,4020.758,4019.458,4020.708
1782751080000,4020.758,4021.255,4020.298,4020.805
1782751140000,4020.825,4021.438,4020.655,4020.868
1782751200000,4020.868,4021.635,4020.488,4021.618
1782751260000,4021.618,4021.658,4020.625,4020.818
1782751320000,4020.775,4022.058,4020.775,4021.678
1782751380000,4021.665,4021.695,4019.195,4019.578
1782751440000,4019.685,4021.105,4019.535,4021.105
1782751500000,4021.175,4021.175,4020.378,4020.855
1782751560000,4020.975,4021.658,4020.595,4021.618
1782751620000,4021.585,4024.415,4021.585,4023.985
1782751680000,4023.885,4024.155,4023.175,4023.318
1782751740000,4023.338,4026.105,4023.338,4025.825
1782751800000,4025.825,4028.065,4025.825,4026.818
1782751860000,4026.798,4027.195,4025.778,4025.838
1782751920000,4025.858,4026.598,4025.618,4026.598
1782751980000,4026.598,4026.878,4025.498,4026.258
1782752040000,4026.278,4026.298,4025.318,4025.718
1782752100000,4025.678,4025.985,4024.625,4024.998
1782752160000,4024.955,4026.418,4024.955,4025.395
1782752220000,4025.308,4026.318,4025.298,4026.075
1782752280000,4026.075,4026.178,4023.518,4023.898
1782752340000,4023.918,4024.458,4023.535,4023.565
1782752400000,4023.645,4024.685,4023.355,4024.425
1782752460000,4024.425,4024.938,4023.685,4023.718
1782752520000,4023.705,4024.718,4023.558,4024.015
1782752580000,4024.018,4024.118,4023.005,4024.038
1782752640000,4024.065,4025.658,4023.798,4025.015
1782752700000,4025.018,4027.798,4024.945,4027.755
1782752760000,4027.905,4028.738,4027.655,4027.898
1782752820000,4027.898,4028.898,4027.775,4028.705
1782752880000,4028.705,4031.145,4028.498,4030.178
1782752940000,4030.355,4031.415,4029.955,4030.095
1782753000000,4030.145,4030.145,4029.135,4029.355
1782753060000,4029.355,4031.315,4029.355,4031.315
1782753120000,4031.285,4031.848,4029.585,4030.045
1782753180000,4030.145,4030.335,4029.475,4030.185
1782753240000,4030.185,4030.775,4027.598,4028.705
1782753300000,4028.765,4028.905,4028.255,4028.748
1782753360000,4028.748,4029.248,4028.018,4028.448
1782753420000,4028.448,4029.525,4028.178,4028.898
1782753480000,4028.905,4029.218,4028.438,4028.635
1782753540000,4028.645,4030.478,4028.645,4030.168
1782753600000,4030.178,4030.178,4028.408,4029.278
1782753660000,4029.278,4029.978,4028.755,4028.818
1782753720000,4028.618,4029.528,4027.738,4027.758
1782753780000,4027.675,4027.878,4026.538,4027.098
1782753840000,4027.138,4027.358,4025.998,4026.578
1782753900000,4026.538,4026.618,4024.278,4024.435
1782753960000,4024.475,4024.538,4022.898,4023.445
1782754020000,4023.635,4025.748,4023.625,4025.558
1782754080000,4025.578,4026.818,4025.478,4026.318
1782754140000,4026.328,4026.438,4022.138,4023.618
1782754200000,4023.618,4023.838,4022.458,4023.138
1782754260000,4023.108,4023.208,4021.398,4021.698
1782754320000,4021.685,4021.838,4020.478,4021.478
1782754380000,4021.475,4022.978,4021.395,4022.558
1782754440000,4022.515,4023.538,4022.458,4023.398
1782754500000,4023.378,4023.418,4022.298,4022.318
1782754560000,4022.398,4023.598,4022.178,4023.538
1782754620000,4023.518,4023.558,4023.038,4023.418
1782754680000,4023.478,4024.178,4022.425,4023.718
1782754740000,4023.698,4024.118,4023.138,4023.555
1782754800000,4023.555,4023.555,4022.585,4023.518
1782754860000,4023.528,4023.798,4022.738,4022.738
1782754920000,4022.718,4024.248,4022.438,4024.058
1782754980000,4024.075,4024.158,4022.898,4023.198
1782755040000,4023.158,4023.208,4021.605,4021.618
1782755100000,4021.678,4022.298,4021.178,4021.338
1782755160000,4021.318,4021.768,4020.725,4021.068
1782755220000,4021.068,4021.198,4020.578,4020.858
1782755280000,4020.878,4021.638,4020.675,4021.618
1782755340000,4021.598,4021.598,4020.378,4021.078
1782755400000,4021.098,4022.098,4020.095,4020.215
1782755460000,4020.215,4020.558,4019.838,4020.098
1782755520000,4020.098,4021.028,4019.245,4020.688
1782755580000,4020.688,4021.655,4020.445,4021.405
1782755640000,4021.405,4022.265,4020.935,4020.955
1782755700000,4020.918,4021.058,4020.335,4020.968
1782755760000,4020.958,4021.368,4020.555,4020.678
1782755820000,4020.678,4021.828,4020.665,4020.718
1782755880000,4020.898,4021.018,4019.025,4019.928
1782755940000,4019.998,4020.688,4019.598,4020.678
1782756000000,4020.678,4021.588,4020.078,4020.838
1782756060000,4020.838,4022.348,4020.625,4021.968
1782756120000,4021.968,4021.968,4020.455,4020.535
1782756180000,4020.525,4021.688,4020.498,4021.468
1782756240000,4021.498,4023.758,4021.428,4023.328
1782756300000,4023.318,4023.368,4022.118,4022.328
1782756360000,4022.328,4022.658,4022.008,4022.448
1782756420000,4022.448,4022.778,4022.048,4022.158
1782756480000,4021.935,4022.955,4021.338,4022.795
1782756540000,4022.775,4022.775,4022.118,4022.238
1782756600000,4022.238,4023.128,4022.225,4023.118
1782756660000,4023.118,4023.138,4022.528,4022.588
1782756720000,4022.598,4022.728,4022.508,4022.668
1782756780000,4022.698,4024.048,4022.698,4023.768
1782756840000,4023.768,4023.888,4023.048,4023.678
1782756900000,4023.665,4023.748,4022.548,4022.958
1782756960000,4022.915,4023.365,4022.455,4022.548
1782757020000,4022.548,4023.648,4022.548,4023.648
1782757080000,4023.648,4024.948,4023.648,4024.448
1782757140000,4024.448,4024.885,4024.088,4024.115
1782757200000,4024.155,4024.398,4023.845,4024.305
1782757260000,4024.298,4024.298,4023.235,4023.458
1782757320000,4023.438,4024.158,4023.428,4023.598
1782757380000,4023.555,4024.485,4023.548,4024.418
1782757440000,4024.358,4024.855,4023.655,4023.965
1782757500000,4023.965,4023.978,4023.358,4023.488
1782757560000,4023.498,4023.918,4022.968,4023.165
1782757620000,4023.205,4023.298,4022.025,4022.025
1782757680000,4022.025,4022.108,4020.475,4020.545
1782757740000,4020.515,4020.768,4019.958,4020.748
1782757800000,4020.768,4021.195,4019.645,4020.098
1782757860000,4020.098,4020.678,4019.608,4020.658
1782757920000,4020.615,4021.268,4020.558,4021.068
1782757980000,4021.078,4021.118,4020.045,4020.188
1782758040000,4020.188,4020.308,4019.965,4020.205
1782758100000,4020.235,4020.755,4020.125,4020.445
1782758160000,4020.555,4020.588,4019.748,4020.108
1782758220000,4020.128,4020.355,4019.798,4020.018
1782758280000,4020.028,4020.668,4019.468,4019.478
1782758340000,4019.478,4020.485,4019.438,4020.478
1782758400000,4020.478,4020.958,4020.368,4020.958
1782758460000,4020.958,4021.038,4020.265,4020.508
1782758520000,4020.548,4020.668,4020.115,4020.188
1782758580000,4020.178,4020.188,4019.195,4019.778
1782758640000,4019.798,4020.588,4019.798,4020.475
1782758700000,4020.535,4020.768,4019.298,4019.395
1782758760000,4019.465,4019.775,4018.665,4018.665
1782758820000,4018.665,4018.985,4017.095,4017.195
1782758880000,4017.155,4017.355,4016.245,4016.615
1782758940000,4016.585,4016.825,4015.605,4015.755
1782759000000,4015.795,4017.255,4015.525,4016.955
1782759060000,4016.935,4017.055,4016.018,4016.595
1782759120000,4016.575,4017.205,4016.215,4016.465
1782759180000,4016.548,4017.845,4016.425,4017.515
1782759240000,4017.485,4017.755,4017.118,4017.318
1782759300000,4017.315,4017.315,4013.785,4014.025
1782759360000,4013.995,4014.365,4011.885,4011.925
1782759420000,4011.895,4012.715,4011.725,4012.235
1782759480000,4012.285,4013.325,4012.085,4012.755
1782759540000,4012.715,4013.335,4012.465,4013.165
1782759600000,4013.175,4013.845,4012.335,4013.085
1782759660000,4013.115,4014.445,4012.815,4013.425
1782759720000,4013.455,4013.495,4011.975,4012.395
1782759780000,4012.365,4012.365,4009.935,4010.355
1782759840000,4010.518,4010.875,4009.595,4009.605
1782759900000,4009.595,4011.305,4009.535,4009.985
1782759960000,4010.015,4010.605,4009.795,4009.925
1782760020000,4009.965,4011.555,4009.698,4010.635
1782760080000,4010.595,4011.575,4010.175,4011.355
1782760140000,4011.385,4011.865,4010.905,4011.485
1782760200000,4011.535,4012.015,4010.855,4011.815
1782760260000,4011.775,4012.085,4010.825,4010.955
1782760320000,4010.925,4011.275,4010.245,4010.245
1782760380000,4010.245,4010.705,4008.105,4009.145
1782760440000,4009.135,4009.845,4007.855,4007.855
1782760500000,4007.875,4008.285,4007.478,4007.985
1782760560000,4008.015,4008.985,4007.955,4008.045
1782760620000,4008.155,4008.275,4006.275,4006.925
1782760680000,4006.965,4007.485,4005.155,4006.545
1782760740000,4006.525,4009.075,4006.525,4008.815
1782760800000,4008.785,4010.105,4008.485,4009.815
1782760860000,4009.835,4011.625,4009.655,4010.425
1782760920000,4010.385,4011.535,4010.345,4011.315
1782760980000,4011.315,4012.515,4011.195,4012.425
1782761040000,4012.445,4012.445,4011.495,4011.545
1782761100000,4011.565,4013.095,4011.335,4012.745
1782761160000,4012.715,4015.465,4012.715,4014.835
1782761220000,4014.865,4015.715,4014.865,4015.595
1782761280000,4015.458,4015.825,4014.858,4015.675
1782761340000,4015.645,4017.005,4015.578,4016.895
1782761400000,4016.925,4019.315,4016.905,4018.295
1782761460000,4018.325,4018.735,4017.805,4018.655
1782761520000,4018.695,4018.735,4016.505,4017.165
1782761580000,4017.145,4017.775,4016.775,4017.415
1782761640000,4017.445,4017.875,4016.895,4017.245
1782761700000,4017.265,4017.695,4016.905,4017.055
1782761760000,4017.095,4017.915,4017.045,4017.835
1782761820000,4017.865,4018.485,4017.415,4017.905
1782761880000,4017.985,4018.215,4017.635,4018.065
1782761940000,4018.105,4018.678,4016.595,4017.065
1782762000000,4017.105,4017.215,4015.955,4016.835
1782762060000,4016.805,4017.115,4016.225,4017.035
1782762120000,4016.995,4017.035,4016.265,4016.875
1782762180000,4017.028,4017.285,4016.665,4017.215
1782762240000,4017.245,4017.985,4016.795,4017.725
1782762300000,4017.705,4018.215,4017.235,4017.335
1782762360000,4017.315,4017.455,4016.405,4016.755
1782762420000,4016.815,4017.185,4016.445,4016.815
1782762480000,4016.855,4017.345,4015.895,4015.895
1782762540000,4015.925,4016.105,4014.325,4014.625
1782762600000,4014.585,4014.998,4013.375,4013.665
1782762660000,4014.115,4014.175,4013.435,4013.695
1782762720000,4013.715,4014.435,4013.525,4014.255
1782762780000,4014.255,4014.335,4013.165,4013.298
1782762840000,4013.285,4013.725,4012.798,4013.505
1782762900000,4013.575,4014.665,4012.295,4014.665
1782762960000,4014.695,4014.775,4013.178,4013.475
1782763020000,4013.445,4014.355,4013.405,4014.355
1782763080000,4014.325,4015.795,4013.375,4015.775
1782763140000,4015.755,4016.875,4015.545,4015.595
1782763200000,4015.575,4015.955,4014.035,4015.135
1782763260000,4015.215,4015.545,4014.655,4014.958
1782763320000,4014.968,4015.365,4014.665,4015.365
1782763380000,4015.425,4015.425,4014.855,4015.065
1782763440000,4015.055,4015.345,4014.895,4014.975
1782763500000,4015.025,4015.415,4014.545,4014.555
1782763560000,4014.465,4014.465,4012.955,4013.205
1782763620000,4013.198,4013.385,4012.505,4012.855
1782763680000,4012.825,4013.305,4012.665,4013.245
1782763740000,4013.275,4013.905,4013.035,4013.785
1782763800000,4014.105,4014.495,4013.885,4014.395
1782763860000,4014.375,4014.405,4013.905,4014.035
1782763920000,4014.075,4014.225,4013.295,4013.805
1782763980000,4013.785,4013.895,4013.385,4013.595
1782764040000,4013.615,4014.135,4013.605,4014.075
1782764100000,4014.045,4015.765,4014.045,4015.705
1782764160000,4015.765,4016.105,4015.345,4015.875
1782764220000,4015.855,4015.885,4015.025,4015.595
1782764280000,4015.575,4015.655,4015.365,4015.625
1782764340000,4015.985,4016.645,4015.985,4016.595
1782764400000,4016.515,4016.795,4016.255,4016.385
1782764460000,4016.355,4016.505,4016.255,4016.425
1782764520000,4016.355,4016.475,4016.038,4016.325
1782764580000,4016.295,4016.295,4015.975,4016.165
1782764640000,4016.255,4016.435,4016.185,4016.415
1782764700000,4016.365,4016.365,4015.885,4015.945
1782764760000,4015.965,4016.575,4015.965,4016.495
1782764820000,4016.455,4017.035,4016.255,4017.035
1782764880000,4017.065,4017.735,4017.065,4017.465
1782764940000,4017.425,4017.845,4017.195,4017.625
1782765000000,4017.655,4017.735,4016.615,4016.745
1782765060000,4016.615,4016.755,4015.905,4016.135
1782765120000,4016.205,4017.135,4016.125,4016.995
1782765180000,4016.875,4016.975,4016.715,4016.755
1782765240000,4016.685,4016.815,4016.485,4016.755
1782765300000,4016.715,4016.815,4015.455,4015.545
1782765360000,4015.575,4015.675,4015.055,4015.075
1782765420000,4015.155,4015.485,4015.065,4015.435
1782765480000,4015.465,4015.465,4015.125,4015.145
1782765540000,4015.105,4015.205,4014.345,4014.695
1782765600000,4014.555,4014.935,4014.535,4014.795
1782765660000,4014.538,4014.935,4014.275,4014.915
1782765720000,4014.965,4015.065,4014.905,4015.065
1782765780000,4015.145,4015.495,4015.145,4015.245
1782765840000,4015.205,4015.565,4015.105,4015.565
1782765900000,4015.495,4015.795,4015.295,4015.645
1782765960000,4015.615,4015.635,4015.165,4015.175
1782766020000,4014.885,4014.915,4014.435,4014.865
1782766080000,4014.795,4015.265,4014.795,4015.085
1782766140000,4014.855,4014.855,4014.415,4014.485
1782766200000,4014.585,4015.495,4014.565,4015.475
1782766260000,4015.505,4015.565,4014.805,4015.185
1782766320000,4015.135,4016.535,4014.885,4016.435
1782766380000,4016.405,4016.805,4016.395,4016.805
1782766440000,4016.825,4017.005,4016.575,4016.675
1782766500000,4016.655,4016.885,4016.435,4016.575
1782766560000,4016.545,4016.945,4016.275,4016.695
1782766620000,4016.715,4016.715,4013.51,4014.948
1782766680000,4015.14,4016.435,4015.14,4016.355
1782766740000,4016.205,4016.655,4015.705,4015.925
1782766800000,4015.925,4015.925,4015.925,4015.925
1782766860000,4015.925,4015.925,4015.925,4015.925
1782766920000,4015.925,4015.925,4015.925,4015.925
1782766980000,4015.925,4015.925,4015.925,4015.925
1782767040000,4015.925,4015.925,4015.925,4015.925
1782767100000,4015.925,4015.925,4015.925,4015.925
1782767160000,4015.925,4015.925,4015.925,4015.925
1782767220000,4015.925,4015.925,4015.925,4015.925
1782767280000,4015.925,4015.925,4015.925,4015.925
1782767340000,4015.925,4015.925,4015.925,4015.925
1782767400000,4015.925,4015.925,4015.925,4015.925
1782767460000,4015.925,4015.925,4015.925,4015.925
1782767520000,4015.925,4015.925,4015.925,4015.925
1782767580000,4015.925,4015.925,4015.925,4015.925
1782767640000,4015.925,4015.925,4015.925,4015.925
1782767700000,4015.925,4015.925,4015.925,4015.925
1782767760000,4015.925,4015.925,4015.925,4015.925
1782767820000,4015.925,4015.925,4015.925,4015.925
1782767880000,4015.925,4015.925,4015.925,4015.925
1782767940000,4015.925,4015.925,4015.925,4015.925
1782768000000,4015.925,4015.925,4015.925,4015.925
1782768060000,4015.925,4015.925,4015.925,4015.925
1782768120000,4015.925,4015.925,4015.925,4015.925
1782768180000,4015.925,4015.925,4015.925,4015.925
1782768240000,4015.925,4015.925,4015.925,4015.925
1782768300000,4015.925,4015.925,4015.925,4015.925
1782768360000,4015.925,4015.925,4015.925,4015.925
1782768420000,4015.925,4015.925,4015.925,4015.925
1782768480000,4015.925,4015.925,4015.925,4015.925
1782768540000,4015.925,4015.925,4015.925,4015.925
1782768600000,4015.925,4015.925,4015.925,4015.925
1782768660000,4015.925,4015.925,4015.925,4015.925
1782768720000,4015.925,4015.925,4015.925,4015.925
1782768780000,4015.925,4015.925,4015.925,4015.925
1782768840000,4015.925,4015.925,4015.925,4015.925
1782768900000,4015.925,4015.925,4015.925,4015.925
1782768960000,4015.925,4015.925,4015.925,4015.925
1782769020000,4015.925,4015.925,4015.925,4015.925
1782769080000,4015.925,4015.925,4015.925,4015.925
1782769140000,4015.925,4015.925,4015.925,4015.925
1782769200000,4015.925,4015.925,4015.925,4015.925
1782769260000,4015.925,4015.925,4015.925,4015.925
1782769320000,4015.925,4015.925,4015.925,4015.925
1782769380000,4015.925,4015.925,4015.925,4015.925
1782769440000,4015.925,4015.925,4015.925,4015.925
1782769500000,4015.925,4015.925,4015.925,4015.925
1782769560000,4015.925,4015.925,4015.925,4015.925
1782769620000,4015.925,4015.925,4015.925,4015.925
1782769680000,4015.925,4015.925,4015.925,4015.925
1782769740000,4015.925,4015.925,4015.925,4015.925
1782769800000,4015.925,4015.925,4015.925,4015.925
1782769860000,4015.925,4015.925,4015.925,4015.925
1782769920000,4015.925,4015.925,4015.925,4015.925
1782769980000,4015.925,4015.925,4015.925,4015.925
1782770040000,4015.925,4015.925,4015.925,4015.925
1782770100000,4015.925,4015.925,4015.925,4015.925
1782770160000,4015.925,4015.925,4015.925,4015.925
1782770220000,4015.925,4015.925,4015.925,4015.925
1782770280000,4015.925,4015.925,4015.925,4015.925
1782770340000,4015.925,4015.925,4015.925,4015.925
1782770400000,4015.898,4018.605,4015.898,4018.365
1782770460000,4018.305,4020.425,4017.495,4020.255
1782770520000,4020.215,4020.215,4017.905,4017.935
1782770580000,4017.915,4019.145,4016.855,4018.035
1782770640000,4017.955,4018.445,4017.155,4018.275
1782770700000,4018.355,4018.965,4017.165,4018.325
1782770760000,4018.225,4018.395,4016.735,4017.705
1782770820000,4017.745,4018.735,4017.705,4018.345
1782770880000,4018.465,4020.015,4018.465,4019.865
1782770940000,4019.805,4021.315,4019.675,4020.635
1782771000000,4020.655,4022.145,4020.355,4020.395
1782771060000,4020.375,4020.465,4020.005,4020.095
1782771120000,4020.065,4020.065,4018.025,4018.215
1782771180000,4018.148,4018.975,4017.748,4018.838
1782771240000,4018.838,4018.838,4017.515,4018.148
1782771300000,4018.148,4019.765,4017.678,4019.385
1782771360000,4019.535,4019.595,4018.205,4019.205
1782771420000,4019.225,4019.915,4018.255,4018.435
1782771480000,4018.405,4019.125,4017.658,4019.125
1782771540000,4019.095,4019.715,4018.475,4019.585
1782771600000,4019.878,4020.415,4019.058,4020.265
1782771660000,4020.215,4020.215,4017.975,4018.125
1782771720000,4018.285,4018.285,4017.275,4017.968
1782771780000,4017.558,4017.668,4016.968,4017.258
1782771840000,4017.258,4018.285,4017.165,4017.165
1782771900000,4017.258,4017.285,4016.135,4016.855
1782771960000,4016.885,4016.935,4016.125,4016.255
1782772020000,4016.375,4016.955,4015.485,4016.538
1782772080000,4016.475,4016.515,4015.508,4016.305
1782772140000,4016.195,4016.375,4014.965,4015.675
1782772200000,4015.548,4015.548,4014.318,4014.635
1782772260000,4014.535,4014.645,4013.175,4013.945
1782772320000,4013.975,4014.385,4013.785,4013.975
1782772380000,4014.005,4014.135,4013.568,4013.895
1782772440000,4013.935,4014.055,4013.085,4013.525
1782772500000,4013.525,4013.625,4013.065,4013.415
1782772560000,4013.415,4013.465,4012.805,4013.185
1782772620000,4013.205,4013.505,4012.958,4012.958
1782772680000,4012.958,4013.355,4012.888,4013.335
1782772740000,4013.355,4014.038,4012.028,4012.468
1782772800000,4012.468,4012.615,4011.465,4011.945
1782772860000,4012.015,4012.335,4011.615,4011.785
1782772920000,4011.835,4014.195,4011.835,4013.075
1782772980000,4013.045,4014.605,4012.465,4013.495
1782773040000,4013.565,4014.095,4010.195,4010.195
1782773100000,4010.175,4012.155,4010.045,4010.985
1782773160000,4010.958,4012.525,4009.298,4012.275
1782773220000,4012.315,4013.485,4012.095,4013.185
1782773280000,4013.155,4013.315,4012.605,4013.265
1782773340000,4013.245,4013.895,4012.665,4013.895
1782773400000,4013.965,4013.985,4012.955,4013.575
1782773460000,4013.655,4014.465,4013.625,4014.035
1782773520000,4013.828,4014.795,4012.935,4014.635
1782773580000,4014.585,4014.865,4013.625,4014.495
1782773640000,4014.465,4016.545,4014.435,4015.165
1782773700000,4015.255,4015.565,4013.835,4014.015
1782773760000,4013.895,4015.738,4012.465,4014.945
1782773820000,4015.975,4016.785,4015.055,4015.425
1782773880000,4015.425,4015.645,4013.448,4014.078
1782773940000,4014.078,4014.238,4013.108,4013.628
1782774000000,4014.138,4016.618,4013.568,4016.398
1782774060000,4016.438,4016.918,4014.998,4016.498
1782774120000,4016.498,4016.498,4015.338,4016.118
1782774180000,4016.118,4017.128,4016.028,4016.998
1782774240000,4016.938,4018.038,4016.428,4017.288
1782774300000,4017.288,4018.648,4017.288,4018.558
1782774360000,4018.558,4019.758,4018.558,4019.208
1782774420000,4019.258,4020.098,4019.058,4019.958
1782774480000,4019.958,4020.918,4019.948,4020.268
1782774540000,4020.268,4020.268,4018.778,4018.928
1782774600000,4018.928,4020.605,4018.928,4020.555
1782774660000,4020.585,4020.585,4019.725,4019.815
1782774720000,4019.795,4020.505,4019.695,4020.295
1782774780000,4020.335,4021.085,4020.135,4020.815
1782774840000,4020.765,4021.045,4020.305,4020.505
1782774900000,4020.485,4020.635,4020.225,4020.505
1782774960000,4020.435,4020.625,4020.275,4020.625
1782775020000,4020.585,4021.075,4020.385,4021.035
1782775080000,4020.935,4021.365,4020.195,4021.325
1782775140000,4021.355,4022.128,4020.245,4020.925
1782775200000,4021.045,4021.185,4018.555,4019.695
1782775260000,4019.725,4020.475,4019.555,4019.555
1782775320000,4019.575,4019.905,4019.385,4019.775
1782775380000,4019.755,4020.025,4018.725,4018.795
1782775440000,4018.735,4019.305,4018.015,4018.285
1782775500000,4018.305,4018.335,4016.485,4017.475
1782775560000,4017.435,4017.475,4016.205,4016.205
1782775620000,4016.265,4016.975,4015.575,4016.705
1782775680000,4017.135,4017.215,4015.705,4015.935
1782775740000,4015.905,4016.615,4015.645,4016.455
1782775800000,4016.405,4017.465,4015.105,4016.845
1782775860000,4016.785,4020.295,4016.445,4020.105
1782775920000,4019.805,4021.615,4017.915,4017.945
1782775980000,4017.855,4018.275,4017.735,4018.275
1782776040000,4018.255,4018.985,4018.255,4018.985
1782776100000,4018.945,4018.955,4017.865,4018.505
1782776160000,4018.475,4018.475,4018.125,4018.315
1782776220000,4018.275,4019.185,4018.168,4018.195
1782776280000,4018.705,4019.365,4018.395,4019.325
1782776340000,4019.275,4019.415,4018.148,4018.305
1782776400000,4018.355,4018.355,4015.625,4015.945
1782776460000,4015.975,4016.945,4015.175,4015.705
1782776520000,4015.655,4015.655,4013.135,4013.365
1782776580000,4013.458,4016.235,4013.458,4015.185
1782776640000,4015.235,4015.235,4014.395,4014.935
1782776700000,4014.845,4014.875,4013.385,4013.465
1782776760000,4013.535,4014.385,4013.295,4013.975
1782776820000,4013.935,4015.635,4013.935,4015.325
1782776880000,4015.155,4016.975,4015.155,4015.785
1782776940000,4015.745,4016.465,4015.455,4016.455
1782777000000,4016.515,4017.815,4016.275,4017.655
1782777060000,4017.615,4017.615,4016.065,4016.065
1782777120000,4015.965,4016.075,4014.925,4015.025
1782777180000,4015.055,4015.815,4014.495,4014.825
1782777240000,4014.795,4015.465,4014.575,4015.265
1782777300000,4015.275,4015.295,4014.055,4014.685
1782777360000,4014.655,4014.655,4013.665,4014.045
1782777420000,4014.025,4015.295,4013.915,4015.155
1782777480000,4015.025,4015.485,4014.295,4015.235
1782777540000,4015.265,4015.375,4014.545,4014.645
1783299600000,4178.915,4180.345,4172.325,4177.095
1783299660000,4177.195,4182.655,4176.755,4180.185
1783299720000,4179.985,4185.515,4178.925,4185.295
1783299780000,4185.315,4190.765,4184.215,4190.315
1783299840000,4190.275,4192.355,4186.625,4187.035
1783299900000,4187.015,4187.035,4182.505,4184.975
1783299960000,4184.675,4185.305,4180.285,4180.485
1783300020000,4180.425,4180.595,4175.925,4177.215
1783300080000,4177.215,4180.875,4177.025,4180.175
1783300140000,4180.125,4181.435,4178.985,4180.875
1783300200000,4180.875,4183.795,4180.135,4180.935
1783300260000,4180.905,4181.635,4179.965,4180.275
1783300320000,4180.295,4185.625,4180.295,4183.895
1783300380000,4183.945,4187.595,4183.745,4187.315
1783300440000,4187.315,4189.145,4186.895,4188.555
1783300500000,4188.565,4191.215,4188.285,4189.925
1783300560000,4189.885,4192.555,4189.885,4190.465
1783300620000,4190.405,4190.975,4185.745,4186.745
1783300680000,4186.855,4187.295,4184.025,4185.765
1783300740000,4185.635,4188.785,4185.635,4188.485
1783300800000,4188.525,4190.325,4187.005,4187.175
1783300860000,4187.175,4187.685,4182.895,4184.725
1783300920000,4184.755,4184.905,4181.375,4181.515
1783300980000,4181.195,4183.335,4180.375,4182.285
1783301040000,4182.425,4185.005,4182.015,4184.165
1783301100000,4184.135,4185.455,4183.195,4184.935
1783301160000,4184.895,4186.935,4184.145,4184.965
1783301220000,4184.945,4188.085,4184.515,4187.705
1783301280000,4187.675,4189.435,4185.735,4187.395
1783301340000,4187.435,4189.425,4186.875,4189.285
1783301400000,4189.305,4191.235,4187.265,4188.395
1783301460000,4188.365,4190.295,4187.735,4190.295
1783301520000,4190.365,4193.895,4189.065,4191.805
1783301580000,4191.875,4193.025,4190.825,4192.555
1783301640000,4192.555,4197.615,4191.595,4197.615
1783301700000,4197.575,4197.985,4193.085,4193.315
1783301760000,4193.215,4195.445,4191.555,4195.445
1783301820000,4195.515,4200.135,4194.735,4199.455
1783301880000,4199.455,4199.535,4196.515,4196.515
1783301940000,4196.545,4197.205,4195.415,4196.085
1783302000000,4196.085,4197.405,4194.725,4195.985
1783302060000,4195.945,4197.905,4195.535,4196.435
1783302120000,4196.465,4199.405,4195.725,4199.405
1783302180000,4199.265,4200.435,4198.625,4199.385
1783302240000,4199.305,4199.895,4197.455,4197.945
1783302300000,4197.795,4200.305,4196.835,4199.415
1783302360000,4199.415,4199.415,4197.385,4197.835
1783302420000,4197.835,4200.755,4197.745,4199.945
1783302480000,4199.925,4202.905,4198.725,4199.465
1783302540000,4199.455,4199.675,4193.835,4194.185
1783302600000,4194.325,4195.075,4191.035,4192.425
1783302660000,4192.425,4194.575,4191.425,4192.815
1783302720000,4192.835,4193.105,4191.535,4192.625
1783302780000,4192.715,4193.935,4191.845,4192.245
1783302840000,4192.185,4192.855,4190.055,4190.725
1783302900000,4190.705,4194.185,4189.635,4192.385
1783302960000,4192.455,4194.075,4192.065,4192.405
1783303020000,4192.395,4192.675,4190.555,4191.455
1783303080000,4191.375,4191.655,4186.765,4187.505
1783303140000,4187.135,4187.765,4184.825,4185.735
1783306800000,4173.885,4176.115,4173.695,4174.615
1783306860000,4174.615,4175.465,4172.655,4172.655
1783306920000,4172.675,4172.755,4167.155,4167.405
1783306980000,4167.075,4169.505,4166.295,4169.305
1783307040000,4169.255,4170.815,4169.035,4170.435
1783307100000,4170.505,4170.905,4169.005,4169.595
1783307160000,4169.625,4169.955,4166.255,4167.175
1783307220000,4167.175,4168.885,4166.405,4166.955
1783307280000,4166.975,4167.685,4165.985,4167.575
1783307340000,4167.535,4168.955,4167.125,4167.165
1783307400000,4167.165,4169.805,4167.105,4169.635
1783307460000,4169.675,4171.525,4169.615,4170.945
1783307520000,4170.955,4171.135,4169.105,4169.155
1783307580000,4169.185,4169.215,4166.255,4166.345
1783307640000,4166.365,4166.715,4165.265,4166.275
1783307700000,4166.265,4166.335,4165.065,4165.545
1783307760000,4165.625,4166.215,4164.765,4166.165
1783307820000,4166.195,4167.615,4166.045,4166.845
1783307880000,4166.785,4166.795,4165.605,4166.125
1783307940000,4166.125,4166.205,4164.455,4165.375
1783308000000,4165.435,4165.525,4163.735,4165.315
1783308060000,4165.435,4165.875,4164.515,4164.515
1783308120000,4164.545,4164.715,4162.875,4164.465
1783308180000,4164.625,4166.185,4164.625,4164.975
1783308240000,4164.955,4165.535,4162.695,4162.725
1783308300000,4162.755,4164.575,4162.595,4164.425
1783308360000,4164.455,4164.785,4163.045,4163.225
1783308420000,4163.155,4164.435,4162.385,4164.395
1783308480000,4164.505,4165.365,4163.865,4165.105
1783308540000,4165.185,4166.535,4165.095,4165.675
1783308600000,4165.375,4167.275,4165.225,4166.105
1783308660000,4166.055,4166.175,4165.345,4165.415
1783308720000,4165.385,4166.325,4164.325,4166.185
1783308780000,4166.275,4166.575,4165.275,4165.635
1783308840000,4165.635,4165.785,4164.685,4165.745
1783308900000,4165.795,4167.245,4165.655,4167.205
1783308960000,4167.285,4168.925,4167.255,4168.865
1783309020000,4168.845,4168.915,4166.725,4166.765
1783309080000,4166.745,4166.805,4164.985,4165.855
1783309140000,4165.795,4166.335,4165.255,4165.485
1783309200000,4165.485,4166.145,4164.905,4166.145
1783309260000,4166.165,4166.285,4163.745,4164.565
1783309320000,4164.385,4164.845,4162.195,4163.505
1783309380000,4163.415,4163.425,4161.555,4161.885
1783309440000,4161.815,4162.905,4161.355,4162.565
1783309500000,4162.595,4163.805,4162.565,4163.745
1783309560000,4163.775,4164.285,4163.395,4163.905
1783309620000,4163.875,4164.375,4163.495,4164.065
1783309680000,4164.055,4164.945,4163.605,4164.335
1783309740000,4164.325,4164.795,4162.705,4162.965
1783309800000,4162.715,4164.065,4161.895,4163.525
1783309860000,4163.275,4164.085,4163.195,4163.425
1783309920000,4163.485,4163.575,4161.265,4161.435
1783309980000,4161.345,4162.575,4161.215,4162.115
1783310040000,4162.145,4162.605,4160.725,4162.435
1783310100000,4162.495,4165.655,4162.125,4165.615
1783310160000,4165.615,4166.535,4165.515,4165.835
1783310220000,4165.855,4166.115,4164.675,4164.945
1783310280000,4164.945,4165.555,4164.815,4164.835
1783310340000,4164.755,4165.435,4164.305,4164.985
1783317600000,4147.805,4150.825,4147.655,4148.015
1783317660000,4147.755,4148.515,4146.355,4147.345
1783317720000,4147.435,4148.885,4147.185,4148.595
1783317780000,4148.655,4149.295,4146.825,4146.875
1783317840000,4146.805,4147.305,4145.515,4146.475
1783317900000,4146.525,4148.035,4145.765,4147.695
1783317960000,4147.675,4148.615,4146.485,4147.345
1783318020000,4147.375,4148.545,4147.285,4148.485
1783318080000,4148.505,4150.005,4148.185,4148.565
1783318140000,4148.885,4151.705,4148.415,4151.115
1783318200000,4151.075,4151.525,4149.475,4150.075
1783318260000,4149.945,4150.485,4149.335,4150.265
1783318320000,4150.295,4151.505,4149.735,4151.155
1783318380000,4151.095,4151.145,4150.085,4150.355
1783318440000,4150.325,4152.025,4150.295,4151.745
1783318500000,4151.845,4151.885,4148.545,4148.615
1783318560000,4148.665,4149.465,4147.695,4148.255
1783318620000,4148.295,4150.325,4148.275,4150.325
1783318680000,4150.375,4150.565,4148.805,4149.515
1783318740000,4149.575,4149.645,4147.935,4148.945
1783318800000,4148.925,4149.585,4148.105,4149.505
1783318860000,4149.215,4151.435,4149.215,4150.885
1783318920000,4150.785,4150.955,4150.025,4150.555
1783318980000,4150.565,4151.355,4149.355,4149.655
1783319040000,4149.725,4152.355,4149.665,4152.355
1783319100000,4152.315,4154.705,4152.015,4154.215
1783319160000,4154.185,4155.005,4153.895,4154.695
1783319220000,4154.545,4156.525,4154.495,4156.445
1783319280000,4156.385,4156.385,4155.055,4156.245
1783319340000,4156.395,4156.525,4154.305,4156.285
1783319400000,4155.955,4157.915,4155.355,4157.625
1783319460000,4157.565,4157.995,4156.115,4157.585
1783319520000,4157.905,4158.675,4157.215,4157.355
1783319580000,4157.445,4159.215,4157.025,4157.135
1783319640000,4157.135,4157.815,4156.795,4156.885
1783319700000,4156.865,4158.715,4156.435,4158.455
1783319760000,4158.505,4158.605,4157.045,4157.695
1783319820000,4157.715,4159.425,4157.645,4158.095
1783319880000,4158.005,4158.755,4156.345,4156.795
1783319940000,4156.685,4156.715,4154.425,4155.735
1783320000000,4155.715,4157.465,4155.645,4156.215
1783320060000,4156.195,4156.905,4154.905,4154.965
1783320120000,4154.965,4155.655,4154.485,4154.995
1783320180000,4155.035,4155.475,4153.085,4154.895
1783320240000,4155.025,4155.705,4154.615,4155.655
1783320300000,4155.605,4156.155,4154.435,4155.385
1783320360000,4155.365,4155.415,4154.205,4154.875
1783320420000,4154.835,4155.135,4153.875,4153.945
1783320480000,4153.825,4155.365,4153.825,4154.435
1783320540000,4154.415,4156.645,4154.045,4155.525
1783320600000,4155.475,4155.935,4154.785,4155.445
1783320660000,4155.395,4155.635,4154.455,4154.575
1783320720000,4154.685,4154.955,4153.375,4153.525
1783320780000,4153.565,4153.975,4152.125,4152.545
1783320840000,4152.565,4152.655,4150.585,4151.535
1783320900000,4151.595,4152.405,4150.975,4151.005
1783320960000,4151.035,4151.035,4149.155,4149.715
1783321020000,4149.745,4150.335,4148.865,4148.965
1783321080000,4149.315,4150.485,4148.935,4149.945
1783321140000,4149.895,4151.035,4149.875,4150.055
1783332000000,4143.045,4144.165,4143.025,4144.035
1783332060000,4144.015,4144.835,4143.725,4143.905
1783332120000,4143.935,4144.165,4141.915,4142.215
1783332180000,4142.205,4142.765,4142.085,4142.625
1783332240000,4142.695,4143.655,4142.695,4143.615
1783332300000,4143.585,4143.585,4142.265,4142.925
1783332360000,4142.875,4143.405,4142.105,4143.225
1783332420000,4143.245,4144.025,4142.555,4143.165
1783332480000,4143.135,4143.875,4142.985,4143.775
1783332540000,4143.815,4144.525,4143.815,4144.345
1783332600000,4143.985,4144.465,4143.695,4144.465
1783332660000,4144.775,4145.595,4144.585,4145.565
1783332720000,4145.585,4146.645,4145.355,4146.445
1783332780000,4146.345,4146.485,4146.065,4146.375
1783332840000,4146.335,4148.535,4146.335,4148.275
1783332900000,4148.205,4148.205,4147.425,4147.685
1783332960000,4147.705,4148.725,4147.675,4148.645
1783333020000,4148.785,4149.005,4147.845,4148.505
1783333080000,4148.545,4150.095,4148.045,4150.055
1783333140000,4150.085,4150.555,4149.185,4149.385
1783333200000,4149.615,4149.665,4148.555,4149.665
1783333260000,4149.665,4149.775,4148.685,4148.855
1783333320000,4148.685,4149.685,4148.625,4149.455
1783333380000,4149.395,4149.595,4149.075,4149.585
1783333440000,4149.605,4150.565,4149.605,4150.045
1783333500000,4150.095,4150.565,4149.535,4149.895
1783333560000,4149.875,4149.925,4148.365,4148.595
1783333620000,4148.595,4149.945,4148.525,4148.935
1783333680000,4148.985,4150.085,4148.645,4149.035
1783333740000,4148.995,4149.035,4148.375,4148.715
1783333800000,4148.715,4150.725,4148.555,4150.455
1783333860000,4150.475,4150.785,4149.605,4150.675
1783333920000,4150.715,4151.075,4149.875,4150.375
1783333980000,4150.435,4152.625,4150.435,4152.625
1783334040000,4152.595,4154.245,4152.475,4154.135
1783334100000,4154.145,4154.275,4152.215,4152.615
1783334160000,4152.655,4154.705,4152.655,4154.385
1783334220000,4154.495,4154.545,4153.215,4153.285
1783334280000,4153.655,4153.805,4153.015,4153.205
1783334340000,4153.235,4153.415,4152.525,4152.945
1783334400000,4152.855,4153.325,4152.735,4152.755
1783334460000,4152.725,4154.205,4152.725,4153.515
1783334520000,4153.525,4154.645,4153.235,4154.345
1783334580000,4154.455,4155.455,4154.265,4154.305
1783334640000,4154.375,4154.615,4154.005,4154.205
1783334700000,4154.185,4154.385,4153.065,4153.225
1783334760000,4153.285,4154.095,4153.005,4154.095
1783334820000,4154.075,4154.485,4153.285,4153.795
1783334880000,4153.825,4154.895,4153.685,4153.755
1783334940000,4153.775,4154.185,4153.175,4153.515
1783335000000,4153.585,4154.245,4153.185,4154.135
1783335060000,4154.175,4154.335,4153.595,4154.065
1783335120000,4154.015,4155.255,4154.015,4155.025
1783335180000,4155.055,4155.635,4153.225,4153.395
1783335240000,4153.425,4153.575,4152.385,4153.285
1783335300000,4153.145,4153.335,4152.465,4152.525
1783335360000,4152.525,4154.295,4152.285,4153.895
1783335420000,4153.915,4154.455,4153.795,4154.245
1783335480000,4154.285,4154.845,4154.165,4154.485
1783335540000,4154.505,4154.885,4153.655,4154.685
1783335600000,4154.755,4156.195,4153.795,4155.645
1783335660000,4155.625,4155.675,4152.455,4152.535
1783335720000,4152.535,4153.535,4152.425,4152.695
1783335780000,4152.695,4153.135,4151.685,4152.555
1783335840000,4152.585,4153.085,4152.175,4152.205
1783335900000,4152.135,4153.825,4152.125,4153.635
1783335960000,4153.565,4153.705,4152.765,4153.705
1783336020000,4153.765,4154.005,4152.805,4152.945
1783336080000,4152.945,4153.185,4151.675,4152.085
1783336140000,4151.995,4152.695,4151.995,4152.285
1783336200000,4152.415,4152.495,4151.815,4151.875
1783336260000,4151.885,4152.865,4151.745,4151.975
1783336320000,4152.135,4152.735,4151.285,4152.735
1783336380000,4152.815,4154.105,4152.815,4154.055
1783336440000,4153.935,4154.915,4153.605,4154.635
1783336500000,4154.735,4155.015,4153.545,4154.385
1783336560000,4154.365,4154.725,4153.795,4154.275
1783336620000,4154.275,4156.825,4153.975,4156.265
1783336680000,4156.265,4158.285,4156.255,4157.835
1783336740000,4157.855,4158.155,4157.135,4157.375
1783336800000,4157.285,4157.305,4155.775,4155.935
1783336860000,4155.955,4156.045,4155.345,4155.605
1783336920000,4155.515,4156.535,4155.405,4156.355
1783336980000,4156.355,4156.955,4156.025,4156.925
1783337040000,4156.825,4157.215,4156.275,4156.465
1783337100000,4156.545,4158.745,4156.435,4158.375
1783337160000,4158.365,4159.005,4157.915,4158.945
1783337220000,4158.915,4159.365,4156.745,4156.745
1783337280000,4156.745,4156.955,4155.895,4156.015
1783337340000,4155.935,4156.035,4154.765,4154.815
1783337400000,4154.815,4155.675,4154.775,4155.355
1783337460000,4155.315,4156.855,4155.015,4156.795
1783337520000,4156.765,4157.985,4156.265,4157.935
1783337580000,4157.955,4158.585,4157.185,4157.415
1783337640000,4157.475,4157.635,4157.135,4157.315
1783337700000,4157.415,4157.455,4156.075,4156.355
1783337760000,4156.325,4156.345,4154.585,4154.845
1783337820000,4154.895,4155.485,4154.355,4154.645
1783337880000,4154.635,4155.245,4154.375,4154.785
1783337940000,4154.785,4155.275,4154.275,4155.045
1783338000000,4155.095,4155.885,4154.645,4154.735
1783338060000,4154.745,4155.395,4154.685,4155.205
1783338120000,4155.165,4155.165,4153.505,4153.885
1783338180000,4153.835,4154.675,4153.835,4154.355
1783338240000,4154.325,4154.325,4152.375,4153.415
1783338300000,4153.455,4155.075,4153.455,4154.095
1783338360000,4154.055,4154.345,4153.275,4153.515
1783338420000,4153.545,4153.725,4152.865,4152.915
1783338480000,4153.025,4153.355,4152.155,4153.205
1783338540000,4153.245,4153.365,4152.515,4152.595
1783338600000,4152.635,4152.945,4151.705,4152.375
1783338660000,4152.505,4153.775,4152.035,4153.775
1783338720000,4153.735,4153.815,4152.125,4152.335
1783338780000,4152.375,4154.185,4152.375,4153.915
1783338840000,4153.885,4154.975,4153.695,4154.975
1783338900000,4154.975,4155.585,4154.545,4155.355
1783338960000,4155.405,4155.405,4154.125,4154.125
1783339020000,4154.195,4155.715,4153.995,4154.535
1783339080000,4154.465,4154.735,4153.645,4154.275
1783339140000,4154.315,4155.715,4154.135,4155.055
1783339200000,4155.005,4156.125,4153.775,4155.965
1783339260000,4155.935,4156.875,4155.065,4156.805
1783339320000,4156.805,4157.345,4155.375,4157.285
1783339380000,4157.325,4158.215,4156.735,4157.975
1783339440000,4157.895,4158.175,4155.995,4156.225
1783339500000,4156.225,4156.895,4156.075,4156.585
1783339560000,4156.535,4158.235,4156.365,4157.975
1783339620000,4158.045,4158.045,4156.855,4157.155
1783339680000,4157.105,4157.335,4155.935,4156.825
1783339740000,4156.885,4157.805,4156.135,4156.215
1783339800000,4156.105,4156.925,4154.525,4154.735
1783339860000,4154.735,4155.695,4154.485,4154.945
1783339920000,4154.985,4155.395,4154.075,4154.945
1783339980000,4154.865,4155.245,4154.395,4155.045
1783340040000,4154.955,4156.385,4153.585,4155.915
1783340100000,4155.915,4156.295,4155.115,4155.835
1783340160000,4155.805,4156.245,4155.315,4155.895
1783340220000,4155.885,4156.805,4154.865,4155.175
1783340280000,4155.135,4156.505,4155.005,4155.855
1783340340000,4155.915,4156.475,4155.285,4155.485
1783340400000,4155.415,4157.365,4152.625,4153.095
1783340460000,4153.095,4153.595,4148.975,4149.565
1783340520000,4149.625,4150.365,4148.265,4148.315
1783340580000,4148.365,4148.515,4146.655,4148.225
1783340640000,4148.215,4148.525,4146.585,4146.975
1783340700000,4147.015,4148.655,4146.325,4147.975
1783340760000,4148.035,4149.655,4147.315,4148.535
1783340820000,4148.565,4148.645,4145.325,4145.675
1783340880000,4145.645,4146.235,4145.375,4145.555
1783340940000,4145.585,4146.235,4144.915,4145.585
1783341000000,4145.565,4146.085,4143.845,4144.145
1783341060000,4144.215,4144.535,4143.415,4143.655
1783341120000,4143.615,4144.195,4142.465,4143.955
1783341180000,4143.905,4145.065,4142.985,4144.375
1783341240000,4144.375,4144.995,4143.015,4143.585
1783341300000,4143.565,4143.845,4141.665,4141.875
1783341360000,4141.875,4142.245,4139.535,4140.855
1783341420000,4140.745,4141.745,4139.865,4141.535
1783341480000,4141.505,4141.505,4140.185,4140.425
1783341540000,4140.405,4140.435,4138.325,4139.555
1783341600000,4139.525,4139.905,4138.415,4139.785
1783341660000,4139.685,4139.695,4134.065,4134.585
1783341720000,4134.615,4134.615,4132.015,4132.985
1783341780000,4132.945,4133.245,4131.285,4133.185
1783341840000,4132.825,4133.865,4132.355,4133.235
1783341900000,4133.235,4137.545,4132.985,4136.915
1783341960000,4136.925,4140.655,4136.325,4138.835
1783342020000,4138.835,4138.835,4137.105,4137.505
1783342080000,4137.565,4137.795,4135.305,4135.635
1783342140000,4135.595,4135.815,4133.795,4135.025
1783342200000,4135.125,4137.125,4134.265,4136.845
1783342260000,4136.805,4138.185,4136.545,4137.155
1783342320000,4137.175,4139.575,4137.105,4138.535
1783342380000,4138.535,4139.685,4137.165,4138.675
1783342440000,4138.755,4139.925,4138.575,4139.205
1783342500000,4139.365,4140.975,4138.995,4140.975
1783342560000,4140.885,4141.995,4140.595,4141.325
1783342620000,4141.135,4142.555,4140.185,4140.255
1783342680000,4140.255,4142.065,4140.115,4142.065
1783342740000,4142.035,4142.035,4139.145,4139.395
