2026-06-13 19:53:39,661 - API - INFO - ForexAI API Starting up...
2026-06-13 19:53:39,933 - API - INFO - All background workers launched.
2026-06-13 19:53:39,935 - LiveEngine - INFO - --- Starting Live Cycle: EURUSD H1 ---
2026-06-13 19:53:39,953 - LearnerScheduler - INFO - Continuous Learner Scheduler started.
2026-06-13 19:54:13,596 - API - INFO - ForexAI API Starting up...
2026-06-13 19:54:13,975 - API - INFO - All background workers launched.
2026-06-13 19:54:13,980 - LiveEngine - INFO - --- Starting Live Cycle: EURUSD H1 ---
2026-06-13 19:54:13,999 - LearnerScheduler - INFO - Continuous Learner Scheduler started.
2026-06-13 19:54:19,879 - API - INFO - GET /system/status - 200 (0.11s)
2026-06-13 19:54:24,958 - API - INFO - GET /market/signals/all - 200 (0.01s)
2026-06-13 19:54:25,381 - httpx - INFO - HTTP Request: GET https://datafeed.dukascopy.com/datafeed/EURUSD/2026/05/13/22h_ticks.bi5 "HTTP/1.1 503 Service Unavailable"
2026-06-13 19:54:25,385 - httpx - INFO - HTTP Request: GET https://datafeed.dukascopy.com/datafeed/EURUSD/2026/05/13/06h_ticks.bi5 "HTTP/1.1 503 Service Unavailable"
2026-06-13 19:54:25,388 - httpx - INFO - HTTP Request: GET https://datafeed.dukascopy.com/datafeed/EURUSD/2026/05/13/11h_ticks.bi5 "HTTP/1.1 503 Service Unavailable"
2026-06-13 19:54:25,392 - httpx - INFO - HTTP Request: GET https://datafeed.dukascopy.com/datafeed/EURUSD/2026/05/13/07h_ticks.bi5 "HTTP/1.1 503 Service Unavailable"
2026-06-13 19:54:25,393 - httpx - INFO - HTTP Request: GET https://datafeed.dukascopy.com/datafeed/EURUSD/2026/05/13/00h_ticks.bi5 "HTTP/1.1 503 Service Unavailable"
2026-06-13 19:54:25,396 - httpx - INFO - HTTP Request: GET https://datafeed.dukascopy.com/datafeed/EURUSD/2026/05/13/21h_ticks.bi5 "HTTP/1.1 503 Service Unavailable"
2026-06-13 19:54:25,398 - httpx - INFO - HTTP Request: GET https://datafeed.dukascopy.com/datafeed/EURUSD/2026/05/13/09h_ticks.bi5 "HTTP/1.1 503 Service Unavailable"
2026-06-13 19:54:28,639 - API - INFO - GET /system/status - 401 (0.00s)
2026-06-13 19:54:36,747 - LiveFeedWS - ERROR - WebSocket error for EURUSD: PubSub.get_message() got an unexpected keyword argument 'ignore_subscribe_crap'
2026-06-13 19:54:40,787 - API - INFO - GET /market/news/EURUSD - 200 (0.01s)
2026-06-13 21:13:58,054 - API - INFO - ForexAI API Starting up...
2026-06-13 21:13:58,421 - API - INFO - All background workers launched.
2026-06-13 21:13:58,449 - LiveEngine - INFO - --- Starting Live Cycle: EURUSD H1 ---
2026-06-13 21:13:58,469 - LearnerScheduler - INFO - Continuous Learner Scheduler started.
2026-06-13 21:13:58,692 - API - INFO - ForexAI API Shutting down...
2026-06-13 21:14:05,176 - API - INFO - ForexAI API Starting up...
2026-06-13 21:14:05,453 - API - INFO - All background workers launched.
2026-06-13 21:14:05,456 - LiveEngine - INFO - --- Starting Live Cycle: EURUSD H1 ---
2026-06-13 21:14:05,533 - LearnerScheduler - INFO - Continuous Learner Scheduler started.
2026-06-13 21:14:05,726 - API - INFO - ForexAI API Shutting down...
2026-06-13 21:15:44,796 - API - INFO - ForexAI API Starting up...
2026-06-13 21:15:45,176 - API - INFO - All background workers launched.
2026-06-13 21:15:45,194 - LiveEngine - INFO - --- Starting Live Cycle: EURUSD H1 ---
2026-06-13 21:15:45,214 - LearnerScheduler - INFO - Continuous Learner Scheduler started.
2026-06-13 21:15:45,415 - API - INFO - ForexAI API Shutting down...
2026-06-13 21:16:21,368 - API - INFO - ForexAI API Starting up...
2026-06-13 21:16:21,634 - API - INFO - All background workers launched.
2026-06-13 21:16:21,646 - LiveEngine - INFO - --- Starting Live Cycle: EURUSD H1 ---
2026-06-13 21:16:21,666 - LearnerScheduler - INFO - Continuous Learner Scheduler started.
2026-06-13 21:16:49,751 - API - INFO - GET /system/status - 200 (0.17s)
2026-06-13 21:16:58,350 - API - INFO - ForexAI API Starting up...
2026-06-13 21:16:58,625 - API - INFO - All background workers launched.
2026-06-13 21:16:58,626 - LiveEngine - INFO - --- Starting Live Cycle: EURUSD H1 ---
2026-06-13 21:16:58,646 - LearnerScheduler - INFO - Continuous Learner Scheduler started.
2026-06-13 21:16:58,828 - API - INFO - ForexAI API Shutting down...
2026-06-13 21:17:25,269 - httpx - INFO - HTTP Request: GET https://datafeed.dukascopy.com/datafeed/EURUSD/2026/05/09/00h_ticks.bi5 "HTTP/1.1 200 OK"
2026-06-13 21:17:25,349 - httpx - INFO - HTTP Request: GET https://datafeed.dukascopy.com/datafeed/EURUSD/2026/05/09/04h_ticks.bi5 "HTTP/1.1 200 OK"
2026-06-13 21:17:25,359 - httpx - INFO - HTTP Request: GET https://datafeed.dukascopy.com/datafeed/EURUSD/2026/05/09/19h_ticks.bi5 "HTTP/1.1 503 Service Temporarily Unavailable"
2026-06-13 21:17:25,361 - httpx - INFO - HTTP Request: GET https://datafeed.dukascopy.com/datafeed/EURUSD/2026/05/09/16h_ticks.bi5 "HTTP/1.1 503 Service Temporarily Unavailable"
2026-06-13 21:17:25,364 - httpx - INFO - HTTP Request: GET https://datafeed.dukascopy.com/datafeed/EURUSD/2026/05/09/17h_ticks.bi5 "HTTP/1.1 503 Service Temporarily Unavailable"
2026-06-13 21:17:25,368 - httpx - INFO - HTTP Request: GET https://datafeed.dukascopy.com/datafeed/EURUSD/2026/05/09/12h_ticks.bi5 "HTTP/1.1 503 Service Temporarily Unavailable"
2026-06-13 21:17:25,370 - httpx - INFO - HTTP Request: GET https://datafeed.dukascopy.com/datafeed/EURUSD/2026/05/09/23h_ticks.bi5 "HTTP/1.1 503 Service Temporarily Unavailable"
2026-06-13 21:17:25,372 - httpx - INFO - HTTP Request: GET https://datafeed.dukascopy.com/datafeed/EURUSD/2026/05/09/09h_ticks.bi5 "HTTP/1.1 503 Service Temporarily Unavailable"
2026-06-13 21:17:25,374 - httpx - INFO - HTTP Request: GET https://datafeed.dukascopy.com/datafeed/EURUSD/2026/05/09/15h_ticks.bi5 "HTTP/1.1 503 Service Temporarily Unavailable"
2026-06-13 21:17:25,555 - httpx - INFO - HTTP Request: GET https://datafeed.dukascopy.com/datafeed/EURUSD/2026/05/09/01h_ticks.bi5 "HTTP/1.1 200 OK"
2026-06-13 21:17:25,750 - httpx - INFO - HTTP Request: GET https://datafeed.dukascopy.com/datafeed/EURUSD/2026/05/09/03h_ticks.bi5 "HTTP/1.1 200 OK"
2026-06-13 21:17:25,945 - httpx - INFO - HTTP Request: GET https://datafeed.dukascopy.com/datafeed/EURUSD/2026/05/09/05h_ticks.bi5 "HTTP/1.1 200 OK"
2026-06-13 21:17:26,222 - httpx - INFO - HTTP Request: GET https://datafeed.dukascopy.com/datafeed/EURUSD/2026/05/09/13h_ticks.bi5 "HTTP/1.1 200 OK"
2026-06-13 21:17:26,416 - httpx - INFO - HTTP Request: GET https://datafeed.dukascopy.com/datafeed/EURUSD/2026/05/09/08h_ticks.bi5 "HTTP/1.1 200 OK"
2026-06-13 21:17:26,550 - httpx - INFO - HTTP Request: GET https://datafeed.dukascopy.com/datafeed/EURUSD/2026/05/09/07h_ticks.bi5 "HTTP/1.1 200 OK"
2026-06-13 21:17:26,744 - httpx - INFO - HTTP Request: GET https://datafeed.dukascopy.com/datafeed/EURUSD/2026/05/09/20h_ticks.bi5 "HTTP/1.1 200 OK"
2026-06-13 21:17:26,946 - httpx - INFO - HTTP Request: GET https://datafeed.dukascopy.com/datafeed/EURUSD/2026/05/09/02h_ticks.bi5 "HTTP/1.1 200 OK"
2026-06-13 21:17:27,149 - httpx - INFO - HTTP Request: GET https://datafeed.dukascopy.com/datafeed/EURUSD/2026/05/09/06h_ticks.bi5 "HTTP/1.1 200 OK"
2026-06-13 21:17:27,423 - httpx - INFO - HTTP Request: GET https://datafeed.dukascopy.com/datafeed/EURUSD/2026/05/09/14h_ticks.bi5 "HTTP/1.1 200 OK"
2026-06-13 21:17:27,549 - httpx - INFO - HTTP Request: GET https://datafeed.dukascopy.com/datafeed/EURUSD/2026/05/09/10h_ticks.bi5 "HTTP/1.1 200 OK"
2026-06-13 21:17:27,749 - httpx - INFO - HTTP Request: GET https://datafeed.dukascopy.com/datafeed/EURUSD/2026/05/09/22h_ticks.bi5 "HTTP/1.1 200 OK"
2026-06-13 21:17:27,943 - httpx - INFO - HTTP Request: GET https://datafeed.dukascopy.com/datafeed/EURUSD/2026/05/09/21h_ticks.bi5 "HTTP/1.1 200 OK"
2026-06-13 21:17:28,145 - httpx - INFO - HTTP Request: GET https://datafeed.dukascopy.com/datafeed/EURUSD/2026/05/09/11h_ticks.bi5 "HTTP/1.1 200 OK"
2026-06-13 21:17:28,419 - httpx - INFO - HTTP Request: GET https://datafeed.dukascopy.com/datafeed/EURUSD/2026/05/09/18h_ticks.bi5 "HTTP/1.1 200 OK"
2026-06-13 21:17:28,627 - httpx - INFO - HTTP Request: GET https://datafeed.dukascopy.com/datafeed/EURUSD/2026/05/08/00h_ticks.bi5 "HTTP/1.1 200 OK"
2026-06-13 21:17:28,833 - httpx - INFO - HTTP Request: GET https://datafeed.dukascopy.com/datafeed/EURUSD/2026/05/08/08h_ticks.bi5 "HTTP/1.1 503 Service Temporarily Unavailable"
2026-06-13 21:17:28,861 - httpx - INFO - HTTP Request: GET https://datafeed.dukascopy.com/datafeed/EURUSD/2026/05/08/05h_ticks.bi5 "HTTP/1.1 503 Service Temporarily Unavailable"
2026-06-13 21:17:28,864 - httpx - INFO - HTTP Request: GET https://datafeed.dukascopy.com/datafeed/EURUSD/2026/05/08/18h_ticks.bi5 "HTTP/1.1 503 Service Temporarily Unavailable"
2026-06-13 21:17:28,866 - httpx - INFO - HTTP Request: GET https://datafeed.dukascopy.com/datafeed/EURUSD/2026/05/08/19h_ticks.bi5 "HTTP/1.1 503 Service Temporarily Unavailable"
2026-06-13 21:17:28,878 - httpx - INFO - HTTP Request: GET https://datafeed.dukascopy.com/datafeed/EURUSD/2026/05/08/01h_ticks.bi5 "HTTP/1.1 200 OK"
2026-06-13 21:17:29,004 - httpx - INFO - HTTP Request: GET https://datafeed.dukascopy.com/datafeed/EURUSD/2026/05/08/04h_ticks.bi5 "HTTP/1.1 200 OK"
2026-06-13 21:17:29,061 - httpx - INFO - HTTP Request: GET https://datafeed.dukascopy.com/datafeed/EURUSD/2026/05/08/16h_ticks.bi5 "HTTP/1.1 503 Service Temporarily Unavailable"
2026-06-13 21:17:29,071 - httpx - INFO - HTTP Request: GET https://datafeed.dukascopy.com/datafeed/EURUSD/2026/05/08/11h_ticks.bi5 "HTTP/1.1 503 Service Temporarily Unavailable"
2026-06-13 21:17:29,290 - httpx - INFO - HTTP Request: GET https://datafeed.dukascopy.com/datafeed/EURUSD/2026/05/08/07h_ticks.bi5 "HTTP/1.1 200 OK"
2026-06-13 21:17:29,405 - httpx - INFO - HTTP Request: GET https://datafeed.dukascopy.com/datafeed/EURUSD/2026/05/08/03h_ticks.bi5 "HTTP/1.1 200 OK"
2026-06-13 21:17:29,676 - httpx - INFO - HTTP Request: GET https://datafeed.dukascopy.com/datafeed/EURUSD/2026/05/08/12h_ticks.bi5 "HTTP/1.1 200 OK"
2026-06-13 21:17:29,877 - httpx - INFO - HTTP Request: GET https://datafeed.dukascopy.com/datafeed/EURUSD/2026/05/08/06h_ticks.bi5 "HTTP/1.1 200 OK"
2026-06-13 21:17:30,007 - httpx - INFO - HTTP Request: GET https://datafeed.dukascopy.com/datafeed/EURUSD/2026/05/08/17h_ticks.bi5 "HTTP/1.1 200 OK"
2026-06-13 21:17:30,206 - httpx - INFO - HTTP Request: GET https://datafeed.dukascopy.com/datafeed/EURUSD/2026/05/08/02h_ticks.bi5 "HTTP/1.1 200 OK"
2026-06-13 21:17:30,404 - httpx - INFO - HTTP Request: GET https://datafeed.dukascopy.com/datafeed/EURUSD/2026/05/08/22h_ticks.bi5 "HTTP/1.1 200 OK"
2026-06-13 21:17:30,676 - httpx - INFO - HTTP Request: GET https://datafeed.dukascopy.com/datafeed/EURUSD/2026/05/08/10h_ticks.bi5 "HTTP/1.1 200 OK"
2026-06-13 21:17:30,807 - httpx - INFO - HTTP Request: GET https://datafeed.dukascopy.com/datafeed/EURUSD/2026/05/08/23h_ticks.bi5 "HTTP/1.1 200 OK"
2026-06-13 21:17:31,005 - httpx - INFO - HTTP Request: GET https://datafeed.dukascopy.com/datafeed/EURUSD/2026/05/08/20h_ticks.bi5 "HTTP/1.1 200 OK"
2026-06-13 21:17:31,283 - httpx - INFO - HTTP Request: GET https://datafeed.dukascopy.com/datafeed/EURUSD/2026/05/08/15h_ticks.bi5 "HTTP/1.1 200 OK"
2026-06-13 21:17:31,486 - httpx - INFO - HTTP Request: GET https://datafeed.dukascopy.com/datafeed/EURUSD/2026/05/08/09h_ticks.bi5 "HTTP/1.1 200 OK"
2026-06-13 21:17:31,679 - httpx - INFO - HTTP Request: GET https://datafeed.dukascopy.com/datafeed/EURUSD/2026/05/08/13h_ticks.bi5 "HTTP/1.1 200 OK"
2026-06-13 21:17:31,881 - httpx - INFO - HTTP Request: GET https://datafeed.dukascopy.com/datafeed/EURUSD/2026/05/08/14h_ticks.bi5 "HTTP/1.1 200 OK"
2026-06-13 21:17:32,003 - httpx - INFO - HTTP Request: GET https://datafeed.dukascopy.com/datafeed/EURUSD/2026/05/08/21h_ticks.bi5 "HTTP/1.1 200 OK"
2026-06-13 21:17:32,216 - httpx - INFO - HTTP Request: GET https://datafeed.dukascopy.com/datafeed/EURUSD/2026/05/07/00h_ticks.bi5 "HTTP/1.1 200 OK"
2026-06-13 21:17:32,349 - httpx - INFO - HTTP Request: GET https://datafeed.dukascopy.com/datafeed/EURUSD/2026/05/07/09h_ticks.bi5 "HTTP/1.1 503 Service Temporarily Unavailable"
2026-06-13 21:17:32,371 - httpx - INFO - HTTP Request: GET https://datafeed.dukascopy.com/datafeed/EURUSD/2026/05/07/13h_ticks.bi5 "HTTP/1.1 503 Service Temporarily Unavailable"
2026-06-13 21:17:32,373 - httpx - INFO - HTTP Request: GET https://datafeed.dukascopy.com/datafeed/EURUSD/2026/05/07/22h_ticks.bi5 "HTTP/1.1 503 Service Temporarily Unavailable"
2026-06-13 21:17:32,381 - httpx - INFO - HTTP Request: GET https://datafeed.dukascopy.com/datafeed/EURUSD/2026/05/07/15h_ticks.bi5 "HTTP/1.1 503 Service Temporarily Unavailable"
2026-06-13 21:17:32,384 - httpx - INFO - HTTP Request: GET https://datafeed.dukascopy.com/datafeed/EURUSD/2026/05/07/08h_ticks.bi5 "HTTP/1.1 503 Service Temporarily Unavailable"
2026-06-13 21:17:32,404 - httpx - INFO - HTTP Request: GET https://datafeed.dukascopy.com/datafeed/EURUSD/2026/05/07/01h_ticks.bi5 "HTTP/1.1 200 OK"
2026-06-13 21:17:32,548 - httpx - INFO - HTTP Request: GET https://datafeed.dukascopy.com/datafeed/EURUSD/2026/05/07/20h_ticks.bi5 "HTTP/1.1 503 Service Temporarily Unavailable"
2026-06-13 21:17:32,570 - httpx - INFO - HTTP Request: GET https://datafeed.dukascopy.com/datafeed/EURUSD/2026/05/07/11h_ticks.bi5 "HTTP/1.1 503 Service Temporarily Unavailable"
2026-06-13 21:17:32,603 - httpx - INFO - HTTP Request: GET https://datafeed.dukascopy.com/datafeed/EURUSD/2026/05/07/04h_ticks.bi5 "HTTP/1.1 200 OK"
2026-06-13 21:17:32,801 - httpx - INFO - HTTP Request: GET https://datafeed.dukascopy.com/datafeed/EURUSD/2026/05/07/07h_ticks.bi5 "HTTP/1.1 200 OK"
2026-06-13 21:17:33,002 - httpx - INFO - HTTP Request: GET https://datafeed.dukascopy.com/datafeed/EURUSD/2026/05/07/03h_ticks.bi5 "HTTP/1.1 200 OK"
2026-06-13 21:17:33,210 - httpx - INFO - HTTP Request: GET https://datafeed.dukascopy.com/datafeed/EURUSD/2026/05/07/12h_ticks.bi5 "HTTP/1.1 200 OK"
2026-06-13 21:17:33,402 - httpx - INFO - HTTP Request: GET https://datafeed.dukascopy.com/datafeed/EURUSD/2026/05/07/06h_ticks.bi5 "HTTP/1.1 200 OK"
2026-06-13 21:17:33,604 - httpx - INFO - HTTP Request: GET https://datafeed.dukascopy.com/datafeed/EURUSD/2026/05/07/17h_ticks.bi5 "HTTP/1.1 200 OK"
2026-06-13 21:17:33,810 - httpx - INFO - HTTP Request: GET https://datafeed.dukascopy.com/datafeed/EURUSD/2026/05/07/02h_ticks.bi5 "HTTP/1.1 200 OK"
2026-06-13 21:17:34,002 - httpx - INFO - HTTP Request: GET https://datafeed.dukascopy.com/datafeed/EURUSD/2026/05/07/10h_ticks.bi5 "HTTP/1.1 200 OK"
2026-06-13 21:17:34,203 - httpx - INFO - HTTP Request: GET https://datafeed.dukascopy.com/datafeed/EURUSD/2026/05/07/05h_ticks.bi5 "HTTP/1.1 200 OK"
2026-06-13 21:17:34,404 - httpx - INFO - HTTP Request: GET https://datafeed.dukascopy.com/datafeed/EURUSD/2026/05/07/16h_ticks.bi5 "HTTP/1.1 200 OK"
2026-06-13 21:17:34,605 - httpx - INFO - HTTP Request: GET https://datafeed.dukascopy.com/datafeed/EURUSD/2026/05/07/23h_ticks.bi5 "HTTP/1.1 200 OK"
2026-06-13 21:17:34,803 - httpx - INFO - HTTP Request: GET https://datafeed.dukascopy.com/datafeed/EURUSD/2026/05/07/19h_ticks.bi5 "HTTP/1.1 200 OK"
2026-06-13 21:17:35,007 - httpx - INFO - HTTP Request: GET https://datafeed.dukascopy.com/datafeed/EURUSD/2026/05/07/21h_ticks.bi5 "HTTP/1.1 200 OK"
2026-06-13 21:17:35,202 - httpx - INFO - HTTP Request: GET https://datafeed.dukascopy.com/datafeed/EURUSD/2026/05/07/14h_ticks.bi5 "HTTP/1.1 200 OK"
2026-06-13 21:17:35,403 - httpx - INFO - HTTP Request: GET https://datafeed.dukascopy.com/datafeed/EURUSD/2026/05/07/18h_ticks.bi5 "HTTP/1.1 200 OK"
2026-06-13 21:17:35,614 - httpx - INFO - HTTP Request: GET https://datafeed.dukascopy.com/datafeed/EURUSD/2026/05/06/00h_ticks.bi5 "HTTP/1.1 200 OK"
2026-06-13 21:17:35,758 - httpx - INFO - HTTP Request: GET https://datafeed.dukascopy.com/datafeed/EURUSD/2026/05/06/14h_ticks.bi5 "HTTP/1.1 503 Service Temporarily Unavailable"
2026-06-13 21:17:35,784 - httpx - INFO - HTTP Request: GET https://datafeed.dukascopy.com/datafeed/EURUSD/2026/05/06/20h_ticks.bi5 "HTTP/1.1 503 Service Temporarily Unavailable"
2026-06-13 21:17:35,786 - httpx - INFO - HTTP Request: GET https://datafeed.dukascopy.com/datafeed/EURUSD/2026/05/06/19h_ticks.bi5 "HTTP/1.1 503 Service Temporarily Unavailable"
2026-06-13 21:17:35,788 - httpx - INFO - HTTP Request: GET https://datafeed.dukascopy.com/datafeed/EURUSD/2026/05/06/23h_ticks.bi5 "HTTP/1.1 503 Service Temporarily Unavailable"
2026-06-13 21:17:35,794 - httpx - INFO - HTTP Request: GET https://datafeed.dukascopy.com/datafeed/EURUSD/2026/05/06/15h_ticks.bi5 "HTTP/1.1 503 Service Temporarily Unavailable"
2026-06-13 21:17:35,802 - httpx - INFO - HTTP Request: GET https://datafeed.dukascopy.com/datafeed/EURUSD/2026/05/06/01h_ticks.bi5 "HTTP/1.1 200 OK"
2026-06-13 21:17:35,959 - httpx - INFO - HTTP Request: GET https://datafeed.dukascopy.com/datafeed/EURUSD/2026/05/06/18h_ticks.bi5 "HTTP/1.1 503 Service Temporarily Unavailable"
2026-06-13 21:17:35,965 - httpx - INFO - HTTP Request: GET https://datafeed.dukascopy.com/datafeed/EURUSD/2026/05/06/09h_ticks.bi5 "HTTP/1.1 503 Service Temporarily Unavailable"
2026-06-13 21:17:36,003 - httpx - INFO - HTTP Request: GET https://datafeed.dukascopy.com/datafeed/EURUSD/2026/05/06/04h_ticks.bi5 "HTTP/1.1 200 OK"
2026-06-13 21:17:36,201 - httpx - INFO - HTTP Request: GET https://datafeed.dukascopy.com/datafeed/EURUSD/2026/05/06/07h_ticks.bi5 "HTTP/1.1 200 OK"
2026-06-13 21:17:36,402 - httpx - INFO - HTTP Request: GET https://datafeed.dukascopy.com/datafeed/EURUSD/2026/05/06/03h_ticks.bi5 "HTTP/1.1 200 OK"
2026-06-13 21:17:36,630 - httpx - INFO - HTTP Request: GET https://datafeed.dukascopy.com/datafeed/EURUSD/2026/05/06/12h_ticks.bi5 "HTTP/1.1 200 OK"
2026-06-13 21:17:36,801 - httpx - INFO - HTTP Request: GET https://datafeed.dukascopy.com/datafeed/EURUSD/2026/05/06/06h_ticks.bi5 "HTTP/1.1 200 OK"
2026-06-13 21:17:37,003 - httpx - INFO - HTTP Request: GET https://datafeed.dukascopy.com/datafeed/EURUSD/2026/05/06/17h_ticks.bi5 "HTTP/1.1 200 OK"
2026-06-13 21:17:37,202 - httpx - INFO - HTTP Request: GET https://datafeed.dukascopy.com/datafeed/EURUSD/2026/05/06/02h_ticks.bi5 "HTTP/1.1 200 OK"
2026-06-13 21:17:37,402 - httpx - INFO - HTTP Request: GET https://datafeed.dukascopy.com/datafeed/EURUSD/2026/05/06/10h_ticks.bi5 "HTTP/1.1 200 OK"
2026-06-13 21:17:37,602 - httpx - INFO - HTTP Request: GET https://datafeed.dukascopy.com/datafeed/EURUSD/2026/05/06/05h_ticks.bi5 "HTTP/1.1 200 OK"
2026-06-13 21:17:37,801 - httpx - INFO - HTTP Request: GET https://datafeed.dukascopy.com/datafeed/EURUSD/2026/05/06/16h_ticks.bi5 "HTTP/1.1 200 OK"
2026-06-13 21:17:38,003 - httpx - INFO - HTTP Request: GET https://datafeed.dukascopy.com/datafeed/EURUSD/2026/05/06/13h_ticks.bi5 "HTTP/1.1 200 OK"
2026-06-13 21:17:38,202 - httpx - INFO - HTTP Request: GET https://datafeed.dukascopy.com/datafeed/EURUSD/2026/05/06/11h_ticks.bi5 "HTTP/1.1 200 OK"
2026-06-13 21:17:38,403 - httpx - INFO - HTTP Request: GET https://datafeed.dukascopy.com/datafeed/EURUSD/2026/05/06/22h_ticks.bi5 "HTTP/1.1 200 OK"
2026-06-13 21:17:38,603 - httpx - INFO - HTTP Request: GET https://datafeed.dukascopy.com/datafeed/EURUSD/2026/05/06/21h_ticks.bi5 "HTTP/1.1 200 OK"
2026-06-13 21:17:38,803 - httpx - INFO - HTTP Request: GET https://datafeed.dukascopy.com/datafeed/EURUSD/2026/05/06/08h_ticks.bi5 "HTTP/1.1 200 OK"
2026-06-13 21:17:39,021 - httpx - INFO - HTTP Request: GET https://datafeed.dukascopy.com/datafeed/EURUSD/2026/05/05/00h_ticks.bi5 "HTTP/1.1 200 OK"
2026-06-13 21:17:39,172 - httpx - INFO - HTTP Request: GET https://datafeed.dukascopy.com/datafeed/EURUSD/2026/05/05/09h_ticks.bi5 "HTTP/1.1 503 Service Temporarily Unavailable"
2026-06-13 21:17:39,179 - httpx - INFO - HTTP Request: GET https://datafeed.dukascopy.com/datafeed/EURUSD/2026/05/05/13h_ticks.bi5 "HTTP/1.1 503 Service Temporarily Unavailable"
2026-06-13 21:17:39,182 - httpx - INFO - HTTP Request: GET https://datafeed.dukascopy.com/datafeed/EURUSD/2026/05/05/11h_ticks.bi5 "HTTP/1.1 503 Service Temporarily Unavailable"
2026-06-13 21:17:39,196 - httpx - INFO - HTTP Request: GET https://datafeed.dukascopy.com/datafeed/EURUSD/2026/05/05/21h_ticks.bi5 "HTTP/1.1 503 Service Temporarily Unavailable"
2026-06-13 21:17:39,246 - httpx - INFO - HTTP Request: GET https://datafeed.dukascopy.com/datafeed/EURUSD/2026/05/05/22h_ticks.bi5 "HTTP/1.1 503 Service Temporarily Unavailable"
2026-06-13 21:17:39,249 - httpx - INFO - HTTP Request: GET https://datafeed.dukascopy.com/datafeed/EURUSD/2026/05/05/01h_ticks.bi5 "HTTP/1.1 200 OK"
2026-06-13 21:17:39,405 - httpx - INFO - HTTP Request: GET https://datafeed.dukascopy.com/datafeed/EURUSD/2026/05/05/04h_ticks.bi5 "HTTP/1.1 200 OK"
2026-06-13 21:17:39,442 - httpx - INFO - HTTP Request: GET https://datafeed.dukascopy.com/datafeed/EURUSD/2026/05/05/19h_ticks.bi5 "HTTP/1.1 503 Service Temporarily Unavailable"
2026-06-13 21:17:39,620 - httpx - INFO - HTTP Request: GET https://datafeed.dukascopy.com/datafeed/EURUSD/2026/05/05/07h_ticks.bi5 "HTTP/1.1 200 OK"
2026-06-13 21:17:39,808 - httpx - INFO - HTTP Request: GET https://datafeed.dukascopy.com/datafeed/EURUSD/2026/05/05/03h_ticks.bi5 "HTTP/1.1 200 OK"
2026-06-13 21:17:40,083 - httpx - INFO - HTTP Request: GET https://datafeed.dukascopy.com/datafeed/EURUSD/2026/05/05/12h_ticks.bi5 "HTTP/1.1 200 OK"
2026-06-13 21:17:40,205 - httpx - INFO - HTTP Request: GET https://datafeed.dukascopy.com/datafeed/EURUSD/2026/05/05/06h_ticks.bi5 "HTTP/1.1 200 OK"
2026-06-13 21:17:40,481 - httpx - INFO - HTTP Request: GET https://datafeed.dukascopy.com/datafeed/EURUSD/2026/05/05/17h_ticks.bi5 "HTTP/1.1 200 OK"
2026-06-13 21:17:40,608 - httpx - INFO - HTTP Request: GET https://datafeed.dukascopy.com/datafeed/EURUSD/2026/05/05/02h_ticks.bi5 "HTTP/1.1 200 OK"
2026-06-13 21:17:40,805 - httpx - INFO - HTTP Request: GET https://datafeed.dukascopy.com/datafeed/EURUSD/2026/05/05/10h_ticks.bi5 "HTTP/1.1 200 OK"
2026-06-13 21:17:41,016 - httpx - INFO - HTTP Request: GET https://datafeed.dukascopy.com/datafeed/EURUSD/2026/05/05/05h_ticks.bi5 "HTTP/1.1 200 OK"
2026-06-13 21:17:41,310 - httpx - INFO - HTTP Request: GET https://datafeed.dukascopy.com/datafeed/EURUSD/2026/05/05/16h_ticks.bi5 "HTTP/1.1 200 OK"
2026-06-13 21:17:41,401 - httpx - INFO - HTTP Request: GET https://datafeed.dukascopy.com/datafeed/EURUSD/2026/05/05/23h_ticks.bi5 "HTTP/1.1 200 OK"
2026-06-13 21:17:41,737 - httpx - INFO - HTTP Request: GET https://datafeed.dukascopy.com/datafeed/EURUSD/2026/05/05/18h_ticks.bi5 "HTTP/1.1 200 OK"
2026-06-13 21:17:41,810 - httpx - INFO - HTTP Request: GET https://datafeed.dukascopy.com/datafeed/EURUSD/2026/05/05/08h_ticks.bi5 "HTTP/1.1 200 OK"
2026-06-13 21:17:42,091 - httpx - INFO - HTTP Request: GET https://datafeed.dukascopy.com/datafeed/EURUSD/2026/05/05/14h_ticks.bi5 "HTTP/1.1 200 OK"
2026-06-13 21:17:42,290 - httpx - INFO - HTTP Request: GET https://datafeed.dukascopy.com/datafeed/EURUSD/2026/05/05/15h_ticks.bi5 "HTTP/1.1 200 OK"
2026-06-13 21:17:42,405 - httpx - INFO - HTTP Request: GET https://datafeed.dukascopy.com/datafeed/EURUSD/2026/05/05/20h_ticks.bi5 "HTTP/1.1 200 OK"
2026-06-13 21:17:42,631 - httpx - INFO - HTTP Request: GET https://datafeed.dukascopy.com/datafeed/EURUSD/2026/05/04/00h_ticks.bi5 "HTTP/1.1 200 OK"
2026-06-13 21:17:42,810 - httpx - INFO - HTTP Request: GET https://datafeed.dukascopy.com/datafeed/EURUSD/2026/05/04/01h_ticks.bi5 "HTTP/1.1 200 OK"
2026-06-13 21:17:42,861 - httpx - INFO - HTTP Request: GET https://datafeed.dukascopy.com/datafeed/EURUSD/2026/05/04/08h_ticks.bi5 "HTTP/1.1 503 Service Temporarily Unavailable"
2026-06-13 21:17:42,888 - httpx - INFO - HTTP Request: GET https://datafeed.dukascopy.com/datafeed/EURUSD/2026/05/04/05h_ticks.bi5 "HTTP/1.1 503 Service Temporarily Unavailable"
2026-06-13 21:17:42,892 - httpx - INFO - HTTP Request: GET https://datafeed.dukascopy.com/datafeed/EURUSD/2026/05/04/18h_ticks.bi5 "HTTP/1.1 503 Service Temporarily Unavailable"
2026-06-13 21:17:42,894 - httpx - INFO - HTTP Request: GET https://datafeed.dukascopy.com/datafeed/EURUSD/2026/05/04/19h_ticks.bi5 "HTTP/1.1 503 Service Temporarily Unavailable"
2026-06-13 21:17:43,006 - httpx - INFO - HTTP Request: GET https://datafeed.dukascopy.com/datafeed/EURUSD/2026/05/04/04h_ticks.bi5 "HTTP/1.1 200 OK"
2026-06-13 21:17:43,071 - httpx - INFO - HTTP Request: GET https://datafeed.dukascopy.com/datafeed/EURUSD/2026/05/04/11h_ticks.bi5 "HTTP/1.1 503 Service Temporarily Unavailable"
2026-06-13 21:17:43,094 - httpx - INFO - HTTP Request: GET https://datafeed.dukascopy.com/datafeed/EURUSD/2026/05/04/21h_ticks.bi5 "HTTP/1.1 503 Service Temporarily Unavailable"
2026-06-13 21:17:43,208 - httpx - INFO - HTTP Request: GET https://datafeed.dukascopy.com/datafeed/EURUSD/2026/05/04/07h_ticks.bi5 "HTTP/1.1 200 OK"
2026-06-13 21:17:43,406 - httpx - INFO - HTTP Request: GET https://datafeed.dukascopy.com/datafeed/EURUSD/2026/05/04/03h_ticks.bi5 "HTTP/1.1 200 OK"
2026-06-13 21:17:43,678 - httpx - INFO - HTTP Request: GET https://datafeed.dukascopy.com/datafeed/EURUSD/2026/05/04/12h_ticks.bi5 "HTTP/1.1 200 OK"
2026-06-13 21:17:43,809 - httpx - INFO - HTTP Request: GET https://datafeed.dukascopy.com/datafeed/EURUSD/2026/05/04/06h_ticks.bi5 "HTTP/1.1 200 OK"
2026-06-13 21:17:44,011 - httpx - INFO - HTTP Request: GET https://datafeed.dukascopy.com/datafeed/EURUSD/2026/05/04/17h_ticks.bi5 "HTTP/1.1 200 OK"
2026-06-13 21:17:44,210 - httpx - INFO - HTTP Request: GET https://datafeed.dukascopy.com/datafeed/EURUSD/2026/05/04/02h_ticks.bi5 "HTTP/1.1 200 OK"
2026-06-13 21:17:44,406 - httpx - INFO - HTTP Request: GET https://datafeed.dukascopy.com/datafeed/EURUSD/2026/05/04/22h_ticks.bi5 "HTTP/1.1 200 OK"
2026-06-13 21:17:44,625 - httpx - INFO - HTTP Request: GET https://datafeed.dukascopy.com/datafeed/EURUSD/2026/05/04/10h_ticks.bi5 "HTTP/1.1 200 OK"
2026-06-13 21:17:44,808 - httpx - INFO - HTTP Request: GET https://datafeed.dukascopy.com/datafeed/EURUSD/2026/05/04/23h_ticks.bi5 "HTTP/1.1 200 OK"
2026-06-13 21:17:45,009 - httpx - INFO - HTTP Request: GET https://datafeed.dukascopy.com/datafeed/EURUSD/2026/05/04/20h_ticks.bi5 "HTTP/1.1 200 OK"
2026-06-13 21:17:45,233 - httpx - INFO - HTTP Request: GET https://datafeed.dukascopy.com/datafeed/EURUSD/2026/05/04/15h_ticks.bi5 "HTTP/1.1 200 OK"
2026-06-13 21:17:45,483 - httpx - INFO - HTTP Request: GET https://datafeed.dukascopy.com/datafeed/EURUSD/2026/05/04/09h_ticks.bi5 "HTTP/1.1 200 OK"
2026-06-13 21:17:45,685 - httpx - INFO - HTTP Request: GET https://datafeed.dukascopy.com/datafeed/EURUSD/2026/05/04/13h_ticks.bi5 "HTTP/1.1 200 OK"
2026-06-13 21:17:45,881 - httpx - INFO - HTTP Request: GET https://datafeed.dukascopy.com/datafeed/EURUSD/2026/05/04/14h_ticks.bi5 "HTTP/1.1 200 OK"
2026-06-13 21:17:46,007 - httpx - INFO - HTTP Request: GET https://datafeed.dukascopy.com/datafeed/EURUSD/2026/05/04/16h_ticks.bi5 "HTTP/1.1 200 OK"
2026-06-13 21:17:46,452 - httpx - INFO - HTTP Request: GET https://datafeed.dukascopy.com/datafeed/EURUSD/2026/05/03/01h_ticks.bi5 "HTTP/1.1 200 OK"
2026-06-13 21:17:46,603 - httpx - INFO - HTTP Request: GET https://datafeed.dukascopy.com/datafeed/EURUSD/2026/05/03/15h_ticks.bi5 "HTTP/1.1 503 Service Temporarily Unavailable"
2026-06-13 21:17:46,633 - httpx - INFO - HTTP Request: GET https://datafeed.dukascopy.com/datafeed/EURUSD/2026/05/03/11h_ticks.bi5 "HTTP/1.1 503 Service Temporarily Unavailable"
2026-06-13 21:17:46,637 - httpx - INFO - HTTP Request: GET https://datafeed.dukascopy.com/datafeed/EURUSD/2026/05/03/04h_ticks.bi5 "HTTP/1.1 200 OK"
2026-06-13 21:17:46,653 - httpx - INFO - HTTP Request: GET https://datafeed.dukascopy.com/datafeed/EURUSD/2026/05/03/14h_ticks.bi5 "HTTP/1.1 503 Service Temporarily Unavailable"
2026-06-13 21:17:46,840 - httpx - INFO - HTTP Request: GET https://datafeed.dukascopy.com/datafeed/EURUSD/2026/05/03/00h_ticks.bi5 "HTTP/1.1 200 OK"
2026-06-13 21:17:46,864 - httpx - INFO - HTTP Request: GET https://datafeed.dukascopy.com/datafeed/EURUSD/2026/05/03/09h_ticks.bi5 "HTTP/1.1 503 Service Temporarily Unavailable"
2026-06-13 21:17:46,890 - httpx - INFO - HTTP Request: GET https://datafeed.dukascopy.com/datafeed/EURUSD/2026/05/03/21h_ticks.bi5 "HTTP/1.1 503 Service Temporarily Unavailable"
2026-06-13 21:17:46,896 - httpx - INFO - HTTP Request: GET https://datafeed.dukascopy.com/datafeed/EURUSD/2026/05/03/07h_ticks.bi5 "HTTP/1.1 200 OK"
2026-06-13 21:17:47,022 - httpx - INFO - HTTP Request: GET https://datafeed.dukascopy.com/datafeed/EURUSD/2026/05/03/03h_ticks.bi5 "HTTP/1.1 200 OK"
2026-06-13 21:17:47,289 - httpx - INFO - HTTP Request: GET https://datafeed.dukascopy.com/datafeed/EURUSD/2026/05/03/12h_ticks.bi5 "HTTP/1.1 200 OK"
2026-06-13 21:17:47,423 - httpx - INFO - HTTP Request: GET https://datafeed.dukascopy.com/datafeed/EURUSD/2026/05/03/06h_ticks.bi5 "HTTP/1.1 200 OK"
2026-06-13 21:17:47,624 - httpx - INFO - HTTP Request: GET https://datafeed.dukascopy.com/datafeed/EURUSD/2026/05/03/17h_ticks.bi5 "HTTP/1.1 200 OK"
2026-06-13 21:17:47,822 - httpx - INFO - HTTP Request: GET https://datafeed.dukascopy.com/datafeed/EURUSD/2026/05/03/02h_ticks.bi5 "HTTP/1.1 200 OK"
2026-06-13 21:17:48,108 - httpx - INFO - HTTP Request: GET https://datafeed.dukascopy.com/datafeed/EURUSD/2026/05/03/10h_ticks.bi5 "HTTP/1.1 200 OK"
2026-06-13 21:17:48,219 - httpx - INFO - HTTP Request: GET https://datafeed.dukascopy.com/datafeed/EURUSD/2026/05/03/05h_ticks.bi5 "HTTP/1.1 200 OK"
2026-06-13 21:17:48,499 - httpx - INFO - HTTP Request: GET https://datafeed.dukascopy.com/datafeed/EURUSD/2026/05/03/16h_ticks.bi5 "HTTP/1.1 200 OK"
2026-06-13 21:17:48,629 - httpx - INFO - HTTP Request: GET https://datafeed.dukascopy.com/datafeed/EURUSD/2026/05/03/23h_ticks.bi5 "HTTP/1.1 200 OK"
2026-06-13 21:17:48,832 - httpx - INFO - HTTP Request: GET https://datafeed.dukascopy.com/datafeed/EURUSD/2026/05/03/18h_ticks.bi5 "HTTP/1.1 200 OK"
2026-06-13 21:17:49,023 - httpx - INFO - HTTP Request: GET https://datafeed.dukascopy.com/datafeed/EURUSD/2026/05/03/22h_ticks.bi5 "HTTP/1.1 200 OK"
2026-06-13 21:17:49,296 - httpx - INFO - HTTP Request: GET https://datafeed.dukascopy.com/datafeed/EURUSD/2026/05/03/13h_ticks.bi5 "HTTP/1.1 200 OK"
2026-06-13 21:17:49,492 - httpx - INFO - HTTP Request: GET https://datafeed.dukascopy.com/datafeed/EURUSD/2026/05/03/08h_ticks.bi5 "HTTP/1.1 200 OK"
2026-06-13 21:17:49,620 - httpx - INFO - HTTP Request: GET https://datafeed.dukascopy.com/datafeed/EURUSD/2026/05/03/20h_ticks.bi5 "HTTP/1.1 200 OK"
2026-06-13 21:17:49,823 - httpx - INFO - HTTP Request: GET https://datafeed.dukascopy.com/datafeed/EURUSD/2026/05/03/19h_ticks.bi5 "HTTP/1.1 200 OK"
2026-06-13 21:17:50,084 - httpx - INFO - HTTP Request: GET https://datafeed.dukascopy.com/datafeed/EURUSD/2026/05/02/00h_ticks.bi5 "HTTP/1.1 200 OK"
2026-06-13 21:17:50,280 - httpx - INFO - HTTP Request: GET https://datafeed.dukascopy.com/datafeed/EURUSD/2026/05/02/01h_ticks.bi5 "HTTP/1.1 200 OK"
2026-06-13 21:17:50,444 - httpx - INFO - HTTP Request: GET https://datafeed.dukascopy.com/datafeed/EURUSD/2026/05/02/04h_ticks.bi5 "HTTP/1.1 200 OK"
2026-06-13 21:17:50,465 - httpx - INFO - HTTP Request: GET https://datafeed.dukascopy.com/datafeed/EURUSD/2026/05/02/20h_ticks.bi5 "HTTP/1.1 503 Service Temporarily Unavailable"
2026-06-13 21:17:50,497 - httpx - INFO - HTTP Request: GET https://datafeed.dukascopy.com/datafeed/EURUSD/2026/05/02/15h_ticks.bi5 "HTTP/1.1 503 Service Temporarily Unavailable"
2026-06-13 21:17:50,501 - httpx - INFO - HTTP Request: GET https://datafeed.dukascopy.com/datafeed/EURUSD/2026/05/02/14h_ticks.bi5 "HTTP/1.1 503 Service Temporarily Unavailable"
2026-06-13 21:17:50,504 - httpx - INFO - HTTP Request: GET https://datafeed.dukascopy.com/datafeed/EURUSD/2026/05/02/10h_ticks.bi5 "HTTP/1.1 503 Service Temporarily Unavailable"
2026-06-13 21:17:50,646 - httpx - INFO - HTTP Request: GET https://datafeed.dukascopy.com/datafeed/EURUSD/2026/05/02/07h_ticks.bi5 "HTTP/1.1 200 OK"
2026-06-13 21:17:50,678 - httpx - INFO - HTTP Request: GET https://datafeed.dukascopy.com/datafeed/EURUSD/2026/05/02/11h_ticks.bi5 "HTTP/1.1 503 Service Temporarily Unavailable"
2026-06-13 21:17:50,844 - httpx - INFO - HTTP Request: GET https://datafeed.dukascopy.com/datafeed/EURUSD/2026/05/02/03h_ticks.bi5 "HTTP/1.1 200 OK"
2026-06-13 21:17:51,051 - httpx - INFO - HTTP Request: GET https://datafeed.dukascopy.com/datafeed/EURUSD/2026/05/02/12h_ticks.bi5 "HTTP/1.1 200 OK"
2026-06-13 21:17:51,254 - httpx - INFO - HTTP Request: GET https://datafeed.dukascopy.com/datafeed/EURUSD/2026/05/02/06h_ticks.bi5 "HTTP/1.1 200 OK"
2026-06-13 21:17:51,444 - httpx - INFO - HTTP Request: GET https://datafeed.dukascopy.com/datafeed/EURUSD/2026/05/02/17h_ticks.bi5 "HTTP/1.1 200 OK"
2026-06-13 21:17:51,645 - httpx - INFO - HTTP Request: GET https://datafeed.dukascopy.com/datafeed/EURUSD/2026/05/02/09h_ticks.bi5 "HTTP/1.1 200 OK"
2026-06-13 21:17:51,849 - httpx - INFO - HTTP Request: GET https://datafeed.dukascopy.com/datafeed/EURUSD/2026/05/02/16h_ticks.bi5 "HTTP/1.1 200 OK"
2026-06-13 21:17:52,043 - httpx - INFO - HTTP Request: GET https://datafeed.dukascopy.com/datafeed/EURUSD/2026/05/02/22h_ticks.bi5 "HTTP/1.1 200 OK"
2026-06-13 21:17:52,251 - httpx - INFO - HTTP Request: GET https://datafeed.dukascopy.com/datafeed/EURUSD/2026/05/02/19h_ticks.bi5 "HTTP/1.1 200 OK"
2026-06-13 21:17:52,450 - httpx - INFO - HTTP Request: GET https://datafeed.dukascopy.com/datafeed/EURUSD/2026/05/02/18h_ticks.bi5 "HTTP/1.1 200 OK"
2026-06-13 21:17:52,676 - httpx - INFO - HTTP Request: GET https://datafeed.dukascopy.com/datafeed/EURUSD/2026/05/02/05h_ticks.bi5 "HTTP/1.1 200 OK"
2026-06-13 21:17:53,001 - httpx - INFO - HTTP Request: GET https://datafeed.dukascopy.com/datafeed/EURUSD/2026/05/02/21h_ticks.bi5 "HTTP/1.1 200 OK"
2026-06-13 21:17:53,045 - httpx - INFO - HTTP Request: GET https://datafeed.dukascopy.com/datafeed/EURUSD/2026/05/02/23h_ticks.bi5 "HTTP/1.1 200 OK"
2026-06-13 21:17:53,245 - httpx - INFO - HTTP Request: GET https://datafeed.dukascopy.com/datafeed/EURUSD/2026/05/02/02h_ticks.bi5 "HTTP/1.1 200 OK"
2026-06-13 21:17:53,451 - httpx - INFO - HTTP Request: GET https://datafeed.dukascopy.com/datafeed/EURUSD/2026/05/02/08h_ticks.bi5 "HTTP/1.1 200 OK"
2026-06-13 21:17:53,717 - httpx - INFO - HTTP Request: GET https://datafeed.dukascopy.com/datafeed/EURUSD/2026/05/02/13h_ticks.bi5 "HTTP/1.1 200 OK"
2026-06-13 21:17:54,092 - httpx - INFO - HTTP Request: GET https://datafeed.dukascopy.com/datafeed/EURUSD/2026/05/01/00h_ticks.bi5 "HTTP/1.1 200 OK"
2026-06-13 21:17:54,338 - httpx - INFO - HTTP Request: GET https://datafeed.dukascopy.com/datafeed/EURUSD/2026/05/01/01h_ticks.bi5 "HTTP/1.1 200 OK"
2026-06-13 21:17:54,522 - httpx - INFO - HTTP Request: GET https://datafeed.dukascopy.com/datafeed/EURUSD/2026/05/01/04h_ticks.bi5 "HTTP/1.1 200 OK"
2026-06-13 21:17:54,607 - httpx - INFO - HTTP Request: GET https://datafeed.dukascopy.com/datafeed/EURUSD/2026/05/01/07h_ticks.bi5 "HTTP/1.1 200 OK"
2026-06-13 21:17:54,777 - httpx - INFO - HTTP Request: GET https://datafeed.dukascopy.com/datafeed/EURUSD/2026/05/01/03h_ticks.bi5 "HTTP/1.1 200 OK"
2026-06-13 21:17:54,895 - httpx - INFO - HTTP Request: GET https://datafeed.dukascopy.com/datafeed/EURUSD/2026/05/01/08h_ticks.bi5 "HTTP/1.1 503 Service Temporarily Unavailable"
2026-06-13 21:17:55,077 - httpx - INFO - HTTP Request: GET https://datafeed.dukascopy.com/datafeed/EURUSD/2026/05/01/12h_ticks.bi5 "HTTP/1.1 200 OK"
2026-06-13 21:17:55,401 - httpx - INFO - HTTP Request: GET https://datafeed.dukascopy.com/datafeed/EURUSD/2026/05/01/20h_ticks.bi5 "HTTP/1.1 503 Service Temporarily Unavailable"
2026-06-13 21:17:55,479 - httpx - INFO - HTTP Request: GET https://datafeed.dukascopy.com/datafeed/EURUSD/2026/05/01/06h_ticks.bi5 "HTTP/1.1 200 OK"
2026-06-13 21:17:55,616 - httpx - INFO - HTTP Request: GET https://datafeed.dukascopy.com/datafeed/EURUSD/2026/05/01/17h_ticks.bi5 "HTTP/1.1 200 OK"
2026-06-13 21:17:55,787 - httpx - INFO - HTTP Request: GET https://datafeed.dukascopy.com/datafeed/EURUSD/2026/05/01/02h_ticks.bi5 "HTTP/1.1 200 OK"
2026-06-13 21:17:55,927 - httpx - INFO - HTTP Request: GET https://datafeed.dukascopy.com/datafeed/EURUSD/2026/05/01/10h_ticks.bi5 "HTTP/1.1 200 OK"
2026-06-13 21:17:56,000 - httpx - INFO - HTTP Request: GET https://datafeed.dukascopy.com/datafeed/EURUSD/2026/05/01/05h_ticks.bi5 "HTTP/1.1 200 OK"
2026-06-13 21:17:56,161 - httpx - INFO - HTTP Request: GET https://datafeed.dukascopy.com/datafeed/EURUSD/2026/05/01/19h_ticks.bi5 "HTTP/1.1 200 OK"
2026-06-13 21:17:56,438 - httpx - INFO - HTTP Request: GET https://datafeed.dukascopy.com/datafeed/EURUSD/2026/05/01/13h_ticks.bi5 "HTTP/1.1 200 OK"
2026-06-13 21:17:56,647 - httpx - INFO - HTTP Request: GET https://datafeed.dukascopy.com/datafeed/EURUSD/2026/05/01/14h_ticks.bi5 "HTTP/1.1 200 OK"
2026-06-13 21:17:56,760 - httpx - INFO - HTTP Request: GET https://datafeed.dukascopy.com/datafeed/EURUSD/2026/05/01/21h_ticks.bi5 "HTTP/1.1 200 OK"
2026-06-13 21:17:56,958 - httpx - INFO - HTTP Request: GET https://datafeed.dukascopy.com/datafeed/EURUSD/2026/05/01/11h_ticks.bi5 "HTTP/1.1 200 OK"
2026-06-13 21:17:57,158 - httpx - INFO - HTTP Request: GET https://datafeed.dukascopy.com/datafeed/EURUSD/2026/05/01/23h_ticks.bi5 "HTTP/1.1 200 OK"
2026-06-13 21:17:57,358 - httpx - INFO - HTTP Request: GET https://datafeed.dukascopy.com/datafeed/EURUSD/2026/05/01/22h_ticks.bi5 "HTTP/1.1 200 OK"
2026-06-13 21:17:57,637 - httpx - INFO - HTTP Request: GET https://datafeed.dukascopy.com/datafeed/EURUSD/2026/05/01/16h_ticks.bi5 "HTTP/1.1 200 OK"
2026-06-13 21:17:57,760 - httpx - INFO - HTTP Request: GET https://datafeed.dukascopy.com/datafeed/EURUSD/2026/05/01/09h_ticks.bi5 "HTTP/1.1 200 OK"
2026-06-13 21:17:57,960 - httpx - INFO - HTTP Request: GET https://datafeed.dukascopy.com/datafeed/EURUSD/2026/05/01/18h_ticks.bi5 "HTTP/1.1 200 OK"
2026-06-13 21:17:58,239 - httpx - INFO - HTTP Request: GET https://datafeed.dukascopy.com/datafeed/EURUSD/2026/05/01/15h_ticks.bi5 "HTTP/1.1 200 OK"
2026-06-13 21:17:58,425 - httpx - INFO - HTTP Request: GET https://datafeed.dukascopy.com/datafeed/EURUSD/2026/04/31/00h_ticks.bi5 "HTTP/1.1 200 OK"
2026-06-13 21:17:58,589 - httpx - INFO - HTTP Request: GET https://datafeed.dukascopy.com/datafeed/EURUSD/2026/04/31/14h_ticks.bi5 "HTTP/1.1 503 Service Temporarily Unavailable"
2026-06-13 21:17:58,601 - httpx - INFO - HTTP Request: GET https://datafeed.dukascopy.com/datafeed/EURUSD/2026/04/31/05h_ticks.bi5 "HTTP/1.1 503 Service Temporarily Unavailable"
2026-06-13 21:17:58,640 - httpx - INFO - HTTP Request: GET https://datafeed.dukascopy.com/datafeed/EURUSD/2026/04/31/01h_ticks.bi5 "HTTP/1.1 200 OK"
2026-06-13 21:17:58,643 - httpx - INFO - HTTP Request: GET https://datafeed.dukascopy.com/datafeed/EURUSD/2026/04/31/08h_ticks.bi5 "HTTP/1.1 503 Service Temporarily Unavailable"
2026-06-13 21:17:58,807 - httpx - INFO - HTTP Request: GET https://datafeed.dukascopy.com/datafeed/EURUSD/2026/04/31/21h_ticks.bi5 "HTTP/1.1 503 Service Temporarily Unavailable"
2026-06-13 21:17:58,823 - httpx - INFO - HTTP Request: GET https://datafeed.dukascopy.com/datafeed/EURUSD/2026/04/31/04h_ticks.bi5 "HTTP/1.1 200 OK"
2026-06-13 21:17:58,827 - httpx - INFO - HTTP Request: GET https://datafeed.dukascopy.com/datafeed/EURUSD/2026/04/31/19h_ticks.bi5 "HTTP/1.1 503 Service Temporarily Unavailable"
2026-06-13 21:17:58,829 - httpx - INFO - HTTP Request: GET https://datafeed.dukascopy.com/datafeed/EURUSD/2026/04/31/11h_ticks.bi5 "HTTP/1.1 503 Service Temporarily Unavailable"
2026-06-13 21:17:59,011 - httpx - INFO - HTTP Request: GET https://datafeed.dukascopy.com/datafeed/EURUSD/2026/04/31/07h_ticks.bi5 "HTTP/1.1 200 OK"
2026-06-13 21:17:59,208 - httpx - INFO - HTTP Request: GET https://datafeed.dukascopy.com/datafeed/EURUSD/2026/04/31/03h_ticks.bi5 "HTTP/1.1 200 OK"
2026-06-13 21:17:59,407 - httpx - INFO - HTTP Request: GET https://datafeed.dukascopy.com/datafeed/EURUSD/2026/04/31/12h_ticks.bi5 "HTTP/1.1 200 OK"
2026-06-13 21:17:59,609 - httpx - INFO - HTTP Request: GET https://datafeed.dukascopy.com/datafeed/EURUSD/2026/04/31/06h_ticks.bi5 "HTTP/1.1 200 OK"
2026-06-13 21:17:59,807 - httpx - INFO - HTTP Request: GET https://datafeed.dukascopy.com/datafeed/EURUSD/2026/04/31/17h_ticks.bi5 "HTTP/1.1 200 OK"
2026-06-13 21:18:00,007 - httpx - INFO - HTTP Request: GET https://datafeed.dukascopy.com/datafeed/EURUSD/2026/04/31/02h_ticks.bi5 "HTTP/1.1 200 OK"
2026-06-13 21:18:00,263 - httpx - INFO - HTTP Request: GET https://datafeed.dukascopy.com/datafeed/EURUSD/2026/04/31/22h_ticks.bi5 "HTTP/1.1 200 OK"
2026-06-13 21:18:00,407 - httpx - INFO - HTTP Request: GET https://datafeed.dukascopy.com/datafeed/EURUSD/2026/04/31/10h_ticks.bi5 "HTTP/1.1 200 OK"
2026-06-13 21:18:00,612 - httpx - INFO - HTTP Request: GET https://datafeed.dukascopy.com/datafeed/EURUSD/2026/04/31/23h_ticks.bi5 "HTTP/1.1 200 OK"
2026-06-13 21:18:00,810 - httpx - INFO - HTTP Request: GET https://datafeed.dukascopy.com/datafeed/EURUSD/2026/04/31/20h_ticks.bi5 "HTTP/1.1 200 OK"
2026-06-13 21:18:01,010 - httpx - INFO - HTTP Request: GET https://datafeed.dukascopy.com/datafeed/EURUSD/2026/04/31/15h_ticks.bi5 "HTTP/1.1 200 OK"
2026-06-13 21:18:01,211 - httpx - INFO - HTTP Request: GET https://datafeed.dukascopy.com/datafeed/EURUSD/2026/04/31/09h_ticks.bi5 "HTTP/1.1 200 OK"
2026-06-13 21:18:01,409 - httpx - INFO - HTTP Request: GET https://datafeed.dukascopy.com/datafeed/EURUSD/2026/04/31/13h_ticks.bi5 "HTTP/1.1 200 OK"
2026-06-13 21:18:01,621 - httpx - INFO - HTTP Request: GET https://datafeed.dukascopy.com/datafeed/EURUSD/2026/04/31/18h_ticks.bi5 "HTTP/1.1 200 OK"
2026-06-13 21:18:01,808 - httpx - INFO - HTTP Request: GET https://datafeed.dukascopy.com/datafeed/EURUSD/2026/04/31/16h_ticks.bi5 "HTTP/1.1 200 OK"
2026-06-13 21:18:02,043 - httpx - INFO - HTTP Request: GET https://datafeed.dukascopy.com/datafeed/EURUSD/2026/04/30/00h_ticks.bi5 "HTTP/1.1 200 OK"
2026-06-13 21:18:02,242 - httpx - INFO - HTTP Request: GET https://datafeed.dukascopy.com/datafeed/EURUSD/2026/04/30/01h_ticks.bi5 "HTTP/1.1 200 OK"
2026-06-13 21:18:02,368 - httpx - INFO - HTTP Request: GET https://datafeed.dukascopy.com/datafeed/EURUSD/2026/04/30/08h_ticks.bi5 "HTTP/1.1 503 Service Temporarily Unavailable"
2026-06-13 21:18:02,397 - httpx - INFO - HTTP Request: GET https://datafeed.dukascopy.com/datafeed/EURUSD/2026/04/30/09h_ticks.bi5 "HTTP/1.1 503 Service Temporarily Unavailable"
2026-06-13 21:18:02,403 - httpx - INFO - HTTP Request: GET https://datafeed.dukascopy.com/datafeed/EURUSD/2026/04/30/14h_ticks.bi5 "HTTP/1.1 503 Service Temporarily Unavailable"
2026-06-13 21:18:02,410 - httpx - INFO - HTTP Request: GET https://datafeed.dukascopy.com/datafeed/EURUSD/2026/04/30/10h_ticks.bi5 "HTTP/1.1 503 Service Temporarily Unavailable"
2026-06-13 21:18:02,415 - httpx - INFO - HTTP Request: GET https://datafeed.dukascopy.com/datafeed/EURUSD/2026/04/30/13h_ticks.bi5 "HTTP/1.1 503 Service Temporarily Unavailable"
2026-06-13 21:18:02,421 - httpx - INFO - HTTP Request: GET https://datafeed.dukascopy.com/datafeed/EURUSD/2026/04/30/04h_ticks.bi5 "HTTP/1.1 200 OK"
2026-06-13 21:18:02,596 - httpx - INFO - HTTP Request: GET https://datafeed.dukascopy.com/datafeed/EURUSD/2026/04/30/17h_ticks.bi5 "HTTP/1.1 503 Service Temporarily Unavailable"
2026-06-13 21:18:02,620 - httpx - INFO - HTTP Request: GET https://datafeed.dukascopy.com/datafeed/EURUSD/2026/04/30/07h_ticks.bi5 "HTTP/1.1 200 OK"
2026-06-13 21:18:02,819 - httpx - INFO - HTTP Request: GET https://datafeed.dukascopy.com/datafeed/EURUSD/2026/04/30/03h_ticks.bi5 "HTTP/1.1 200 OK"
2026-06-13 21:18:03,019 - httpx - INFO - HTTP Request: GET https://datafeed.dukascopy.com/datafeed/EURUSD/2026/04/30/12h_ticks.bi5 "HTTP/1.1 200 OK"
2026-06-13 21:18:03,218 - httpx - INFO - HTTP Request: GET https://datafeed.dukascopy.com/datafeed/EURUSD/2026/04/30/15h_ticks.bi5 "HTTP/1.1 200 OK"
2026-06-13 21:18:03,423 - httpx - INFO - HTTP Request: GET https://datafeed.dukascopy.com/datafeed/EURUSD/2026/04/30/06h_ticks.bi5 "HTTP/1.1 200 OK"
2026-06-13 21:18:03,616 - httpx - INFO - HTTP Request: GET https://datafeed.dukascopy.com/datafeed/EURUSD/2026/04/30/16h_ticks.bi5 "HTTP/1.1 200 OK"
2026-06-13 21:18:03,818 - httpx - INFO - HTTP Request: GET https://datafeed.dukascopy.com/datafeed/EURUSD/2026/04/30/02h_ticks.bi5 "HTTP/1.1 200 OK"
2026-06-13 21:18:04,019 - httpx - INFO - HTTP Request: GET https://datafeed.dukascopy.com/datafeed/EURUSD/2026/04/30/21h_ticks.bi5 "HTTP/1.1 200 OK"
2026-06-13 21:18:04,218 - httpx - INFO - HTTP Request: GET https://datafeed.dukascopy.com/datafeed/EURUSD/2026/04/30/18h_ticks.bi5 "HTTP/1.1 200 OK"
2026-06-13 21:18:04,419 - httpx - INFO - HTTP Request: GET https://datafeed.dukascopy.com/datafeed/EURUSD/2026/04/30/20h_ticks.bi5 "HTTP/1.1 200 OK"
2026-06-13 21:18:04,619 - httpx - INFO - HTTP Request: GET https://datafeed.dukascopy.com/datafeed/EURUSD/2026/04/30/19h_ticks.bi5 "HTTP/1.1 200 OK"
2026-06-13 21:18:04,820 - httpx - INFO - HTTP Request: GET https://datafeed.dukascopy.com/datafeed/EURUSD/2026/04/30/11h_ticks.bi5 "HTTP/1.1 200 OK"
2026-06-13 21:18:05,019 - httpx - INFO - HTTP Request: GET https://datafeed.dukascopy.com/datafeed/EURUSD/2026/04/30/05h_ticks.bi5 "HTTP/1.1 200 OK"
2026-06-13 21:18:05,217 - httpx - INFO - HTTP Request: GET https://datafeed.dukascopy.com/datafeed/EURUSD/2026/04/30/23h_ticks.bi5 "HTTP/1.1 200 OK"
2026-06-13 21:18:05,420 - httpx - INFO - HTTP Request: GET https://datafeed.dukascopy.com/datafeed/EURUSD/2026/04/30/22h_ticks.bi5 "HTTP/1.1 200 OK"
2026-06-13 21:18:05,656 - httpx - INFO - HTTP Request: GET https://datafeed.dukascopy.com/datafeed/EURUSD/2026/04/29/00h_ticks.bi5 "HTTP/1.1 200 OK"
2026-06-13 21:18:05,851 - httpx - INFO - HTTP Request: GET https://datafeed.dukascopy.com/datafeed/EURUSD/2026/04/29/01h_ticks.bi5 "HTTP/1.1 200 OK"
2026-06-13 21:18:05,991 - httpx - INFO - HTTP Request: GET https://datafeed.dukascopy.com/datafeed/EURUSD/2026/04/29/22h_ticks.bi5 "HTTP/1.1 503 Service Temporarily Unavailable"
2026-06-13 21:18:06,005 - httpx - INFO - HTTP Request: GET https://datafeed.dukascopy.com/datafeed/EURUSD/2026/04/29/14h_ticks.bi5 "HTTP/1.1 503 Service Temporarily Unavailable"
2026-06-13 21:18:06,016 - httpx - INFO - HTTP Request: GET https://datafeed.dukascopy.com/datafeed/EURUSD/2026/04/29/15h_ticks.bi5 "HTTP/1.1 503 Service Temporarily Unavailable"
2026-06-13 21:18:06,022 - httpx - INFO - HTTP Request: GET https://datafeed.dukascopy.com/datafeed/EURUSD/2026/04/29/04h_ticks.bi5 "HTTP/1.1 200 OK"
2026-06-13 21:18:06,039 - httpx - INFO - HTTP Request: GET https://datafeed.dukascopy.com/datafeed/EURUSD/2026/04/29/13h_ticks.bi5 "HTTP/1.1 503 Service Temporarily Unavailable"
2026-06-13 21:18:06,237 - httpx - INFO - HTTP Request: GET https://datafeed.dukascopy.com/datafeed/EURUSD/2026/04/29/08h_ticks.bi5 "HTTP/1.1 503 Service Temporarily Unavailable"
2026-06-13 21:18:06,358 - httpx - INFO - HTTP Request: GET https://datafeed.dukascopy.com/datafeed/EURUSD/2026/04/29/07h_ticks.bi5 "HTTP/1.1 200 OK"
2026-06-13 21:18:06,421 - httpx - INFO - HTTP Request: GET https://datafeed.dukascopy.com/datafeed/EURUSD/2026/04/29/03h_ticks.bi5 "HTTP/1.1 200 OK"
2026-06-13 21:18:06,623 - httpx - INFO - HTTP Request: GET https://datafeed.dukascopy.com/datafeed/EURUSD/2026/04/29/12h_ticks.bi5 "HTTP/1.1 200 OK"
2026-06-13 21:18:06,822 - httpx - INFO - HTTP Request: GET https://datafeed.dukascopy.com/datafeed/EURUSD/2026/04/29/06h_ticks.bi5 "HTTP/1.1 200 OK"
2026-06-13 21:18:07,031 - httpx - INFO - HTTP Request: GET https://datafeed.dukascopy.com/datafeed/EURUSD/2026/04/29/18h_ticks.bi5 "HTTP/1.1 200 OK"
2026-06-13 21:18:07,222 - httpx - INFO - HTTP Request: GET https://datafeed.dukascopy.com/datafeed/EURUSD/2026/04/29/17h_ticks.bi5 "HTTP/1.1 200 OK"
2026-06-13 21:18:07,421 - httpx - INFO - HTTP Request: GET https://datafeed.dukascopy.com/datafeed/EURUSD/2026/04/29/02h_ticks.bi5 "HTTP/1.1 200 OK"
2026-06-13 21:18:07,625 - httpx - INFO - HTTP Request: GET https://datafeed.dukascopy.com/datafeed/EURUSD/2026/04/29/10h_ticks.bi5 "HTTP/1.1 200 OK"
2026-06-13 21:18:07,818 - httpx - INFO - HTTP Request: GET https://datafeed.dukascopy.com/datafeed/EURUSD/2026/04/29/23h_ticks.bi5 "HTTP/1.1 200 OK"
2026-06-13 21:18:08,091 - httpx - INFO - HTTP Request: GET https://datafeed.dukascopy.com/datafeed/EURUSD/2026/04/29/16h_ticks.bi5 "HTTP/1.1 200 OK"
2026-06-13 21:18:08,223 - httpx - INFO - HTTP Request: GET https://datafeed.dukascopy.com/datafeed/EURUSD/2026/04/29/19h_ticks.bi5 "HTTP/1.1 200 OK"
2026-06-13 21:18:08,565 - httpx - INFO - HTTP Request: GET https://datafeed.dukascopy.com/datafeed/EURUSD/2026/04/29/11h_ticks.bi5 "HTTP/1.1 200 OK"
2026-06-13 21:18:08,621 - httpx - INFO - HTTP Request: GET https://datafeed.dukascopy.com/datafeed/EURUSD/2026/04/29/21h_ticks.bi5 "HTTP/1.1 200 OK"
2026-06-13 21:18:08,821 - httpx - INFO - HTTP Request: GET https://datafeed.dukascopy.com/datafeed/EURUSD/2026/04/29/05h_ticks.bi5 "HTTP/1.1 200 OK"
2026-06-13 21:18:09,035 - httpx - INFO - HTTP Request: GET https://datafeed.dukascopy.com/datafeed/EURUSD/2026/04/29/09h_ticks.bi5 "HTTP/1.1 200 OK"
2026-06-13 21:18:09,222 - httpx - INFO - HTTP Request: GET https://datafeed.dukascopy.com/datafeed/EURUSD/2026/04/29/20h_ticks.bi5 "HTTP/1.1 200 OK"
2026-06-13 21:18:09,482 - httpx - INFO - HTTP Request: GET https://datafeed.dukascopy.com/datafeed/EURUSD/2026/04/28/00h_ticks.bi5 "HTTP/1.1 200 OK"
2026-06-13 21:18:09,675 - httpx - INFO - HTTP Request: GET https://datafeed.dukascopy.com/datafeed/EURUSD/2026/04/28/01h_ticks.bi5 "HTTP/1.1 200 OK"
2026-06-13 21:18:09,856 - httpx - INFO - HTTP Request: GET https://datafeed.dukascopy.com/datafeed/EURUSD/2026/04/28/04h_ticks.bi5 "HTTP/1.1 200 OK"
2026-06-13 21:18:09,922 - httpx - INFO - HTTP Request: GET https://datafeed.dukascopy.com/datafeed/EURUSD/2026/04/28/11h_ticks.bi5 "HTTP/1.1 503 Service Temporarily Unavailable"
2026-06-13 21:18:09,927 - httpx - INFO - HTTP Request: GET https://datafeed.dukascopy.com/datafeed/EURUSD/2026/04/28/08h_ticks.bi5 "HTTP/1.1 503 Service Temporarily Unavailable"
2026-06-13 21:18:09,935 - httpx - INFO - HTTP Request: GET https://datafeed.dukascopy.com/datafeed/EURUSD/2026/04/28/23h_ticks.bi5 "HTTP/1.1 503 Service Temporarily Unavailable"
2026-06-13 21:18:09,961 - httpx - INFO - HTTP Request: GET https://datafeed.dukascopy.com/datafeed/EURUSD/2026/04/28/20h_ticks.bi5 "HTTP/1.1 503 Service Temporarily Unavailable"
2026-06-13 21:18:10,049 - httpx - INFO - HTTP Request: GET https://datafeed.dukascopy.com/datafeed/EURUSD/2026/04/28/07h_ticks.bi5 "HTTP/1.1 200 OK"
2026-06-13 21:18:10,211 - httpx - INFO - HTTP Request: GET https://datafeed.dukascopy.com/datafeed/EURUSD/2026/04/28/15h_ticks.bi5 "HTTP/1.1 503 Service Temporarily Unavailable"
2026-06-13 21:18:10,244 - httpx - INFO - HTTP Request: GET https://datafeed.dukascopy.com/datafeed/EURUSD/2026/04/28/03h_ticks.bi5 "HTTP/1.1 200 OK"
2026-06-13 21:18:10,513 - httpx - INFO - HTTP Request: GET https://datafeed.dukascopy.com/datafeed/EURUSD/2026/04/28/12h_ticks.bi5 "HTTP/1.1 200 OK"
2026-06-13 21:18:10,641 - httpx - INFO - HTTP Request: GET https://datafeed.dukascopy.com/datafeed/EURUSD/2026/04/28/06h_ticks.bi5 "HTTP/1.1 200 OK"
2026-06-13 21:18:10,850 - httpx - INFO - HTTP Request: GET https://datafeed.dukascopy.com/datafeed/EURUSD/2026/04/28/17h_ticks.bi5 "HTTP/1.1 200 OK"
2026-06-13 21:18:11,043 - httpx - INFO - HTTP Request: GET https://datafeed.dukascopy.com/datafeed/EURUSD/2026/04/28/09h_ticks.bi5 "HTTP/1.1 200 OK"
2026-06-13 21:18:11,329 - httpx - INFO - HTTP Request: GET https://datafeed.dukascopy.com/datafeed/EURUSD/2026/04/28/16h_ticks.bi5 "HTTP/1.1 200 OK"
2026-06-13 21:18:11,443 - httpx - INFO - HTTP Request: GET https://datafeed.dukascopy.com/datafeed/EURUSD/2026/04/28/22h_ticks.bi5 "HTTP/1.1 200 OK"
2026-06-13 21:18:11,642 - httpx - INFO - HTTP Request: GET https://datafeed.dukascopy.com/datafeed/EURUSD/2026/04/28/19h_ticks.bi5 "HTTP/1.1 200 OK"
2026-06-13 21:18:11,842 - httpx - INFO - HTTP Request: GET https://datafeed.dukascopy.com/datafeed/EURUSD/2026/04/28/18h_ticks.bi5 "HTTP/1.1 200 OK"
2026-06-13 21:18:12,116 - httpx - INFO - HTTP Request: GET https://datafeed.dukascopy.com/datafeed/EURUSD/2026/04/28/05h_ticks.bi5 "HTTP/1.1 200 OK"
2026-06-13 21:18:12,312 - httpx - INFO - HTTP Request: GET https://datafeed.dukascopy.com/datafeed/EURUSD/2026/04/28/13h_ticks.bi5 "HTTP/1.1 200 OK"
2026-06-13 21:18:12,443 - httpx - INFO - HTTP Request: GET https://datafeed.dukascopy.com/datafeed/EURUSD/2026/04/28/02h_ticks.bi5 "HTTP/1.1 200 OK"
2026-06-13 21:18:12,641 - httpx - INFO - HTTP Request: GET https://datafeed.dukascopy.com/datafeed/EURUSD/2026/04/28/21h_ticks.bi5 "HTTP/1.1 200 OK"
2026-06-13 21:18:12,917 - httpx - INFO - HTTP Request: GET https://datafeed.dukascopy.com/datafeed/EURUSD/2026/04/28/14h_ticks.bi5 "HTTP/1.1 200 OK"
2026-06-13 21:18:13,092 - httpx - INFO - HTTP Request: GET https://datafeed.dukascopy.com/datafeed/EURUSD/2026/04/28/10h_ticks.bi5 "HTTP/1.1 200 OK"
2026-06-13 21:18:13,384 - httpx - INFO - HTTP Request: GET https://datafeed.dukascopy.com/datafeed/EURUSD/2026/04/27/00h_ticks.bi5 "HTTP/1.1 200 OK"
2026-06-13 21:18:13,568 - httpx - INFO - HTTP Request: GET https://datafeed.dukascopy.com/datafeed/EURUSD/2026/04/27/01h_ticks.bi5 "HTTP/1.1 200 OK"
2026-06-13 21:18:13,733 - httpx - INFO - HTTP Request: GET https://datafeed.dukascopy.com/datafeed/EURUSD/2026/04/27/04h_ticks.bi5 "HTTP/1.1 200 OK"
2026-06-13 21:18:13,760 - httpx - INFO - HTTP Request: GET https://datafeed.dukascopy.com/datafeed/EURUSD/2026/04/27/20h_ticks.bi5 "HTTP/1.1 503 Service Temporarily Unavailable"
2026-06-13 21:18:13,789 - httpx - INFO - HTTP Request: GET https://datafeed.dukascopy.com/datafeed/EURUSD/2026/04/27/22h_ticks.bi5 "HTTP/1.1 503 Service Temporarily Unavailable"
2026-06-13 21:18:13,793 - httpx - INFO - HTTP Request: GET https://datafeed.dukascopy.com/datafeed/EURUSD/2026/04/27/13h_ticks.bi5 "HTTP/1.1 503 Service Temporarily Unavailable"
2026-06-13 21:18:13,804 - httpx - INFO - HTTP Request: GET https://datafeed.dukascopy.com/datafeed/EURUSD/2026/04/27/08h_ticks.bi5 "HTTP/1.1 503 Service Temporarily Unavailable"
2026-06-13 21:18:13,933 - httpx - INFO - HTTP Request: GET https://datafeed.dukascopy.com/datafeed/EURUSD/2026/04/27/07h_ticks.bi5 "HTTP/1.1 200 OK"
2026-06-13 21:18:13,998 - httpx - INFO - HTTP Request: GET https://datafeed.dukascopy.com/datafeed/EURUSD/2026/04/27/14h_ticks.bi5 "HTTP/1.1 503 Service Temporarily Unavailable"
2026-06-13 21:18:14,132 - httpx - INFO - HTTP Request: GET https://datafeed.dukascopy.com/datafeed/EURUSD/2026/04/27/03h_ticks.bi5 "HTTP/1.1 200 OK"
2026-06-13 21:18:14,403 - httpx - INFO - HTTP Request: GET https://datafeed.dukascopy.com/datafeed/EURUSD/2026/04/27/12h_ticks.bi5 "HTTP/1.1 200 OK"
2026-06-13 21:18:14,539 - httpx - INFO - HTTP Request: GET https://datafeed.dukascopy.com/datafeed/EURUSD/2026/04/27/06h_ticks.bi5 "HTTP/1.1 200 OK"
2026-06-13 21:18:14,732 - httpx - INFO - HTTP Request: GET https://datafeed.dukascopy.com/datafeed/EURUSD/2026/04/27/18h_ticks.bi5 "HTTP/1.1 200 OK"
2026-06-13 21:18:14,934 - httpx - INFO - HTTP Request: GET https://datafeed.dukascopy.com/datafeed/EURUSD/2026/04/27/17h_ticks.bi5 "HTTP/1.1 200 OK"
2026-06-13 21:18:15,139 - httpx - INFO - HTTP Request: GET https://datafeed.dukascopy.com/datafeed/EURUSD/2026/04/27/02h_ticks.bi5 "HTTP/1.1 200 OK"
2026-06-13 21:18:15,340 - httpx - INFO - HTTP Request: GET https://datafeed.dukascopy.com/datafeed/EURUSD/2026/04/27/10h_ticks.bi5 "HTTP/1.1 200 OK"
2026-06-13 21:18:15,531 - httpx - INFO - HTTP Request: GET https://datafeed.dukascopy.com/datafeed/EURUSD/2026/04/27/23h_ticks.bi5 "HTTP/1.1 200 OK"
2026-06-13 21:18:15,804 - httpx - INFO - HTTP Request: GET https://datafeed.dukascopy.com/datafeed/EURUSD/2026/04/27/16h_ticks.bi5 "HTTP/1.1 200 OK"
2026-06-13 21:18:15,934 - httpx - INFO - HTTP Request: GET https://datafeed.dukascopy.com/datafeed/EURUSD/2026/04/27/19h_ticks.bi5 "HTTP/1.1 200 OK"
2026-06-13 21:18:16,138 - httpx - INFO - HTTP Request: GET https://datafeed.dukascopy.com/datafeed/EURUSD/2026/04/27/11h_ticks.bi5 "HTTP/1.1 200 OK"
2026-06-13 21:18:16,343 - httpx - INFO - HTTP Request: GET https://datafeed.dukascopy.com/datafeed/EURUSD/2026/04/27/21h_ticks.bi5 "HTTP/1.1 200 OK"
2026-06-13 21:18:16,534 - httpx - INFO - HTTP Request: GET https://datafeed.dukascopy.com/datafeed/EURUSD/2026/04/27/05h_ticks.bi5 "HTTP/1.1 200 OK"
2026-06-13 21:18:16,810 - httpx - INFO - HTTP Request: GET https://datafeed.dukascopy.com/datafeed/EURUSD/2026/04/27/15h_ticks.bi5 "HTTP/1.1 200 OK"
2026-06-13 21:18:16,957 - httpx - INFO - HTTP Request: GET https://datafeed.dukascopy.com/datafeed/EURUSD/2026/04/27/09h_ticks.bi5 "HTTP/1.1 200 OK"
2026-06-13 21:18:17,232 - httpx - INFO - HTTP Request: GET https://datafeed.dukascopy.com/datafeed/EURUSD/2026/04/26/00h_ticks.bi5 "HTTP/1.1 200 OK"
2026-06-13 21:18:17,427 - httpx - INFO - HTTP Request: GET https://datafeed.dukascopy.com/datafeed/EURUSD/2026/04/26/01h_ticks.bi5 "HTTP/1.1 200 OK"
2026-06-13 21:18:17,596 - httpx - INFO - HTTP Request: GET https://datafeed.dukascopy.com/datafeed/EURUSD/2026/04/26/04h_ticks.bi5 "HTTP/1.1 200 OK"
2026-06-13 21:18:17,649 - httpx - INFO - HTTP Request: GET https://datafeed.dukascopy.com/datafeed/EURUSD/2026/04/26/20h_ticks.bi5 "HTTP/1.1 503 Service Temporarily Unavailable"
2026-06-13 21:18:17,680 - httpx - INFO - HTTP Request: GET https://datafeed.dukascopy.com/datafeed/EURUSD/2026/04/26/15h_ticks.bi5 "HTTP/1.1 503 Service Temporarily Unavailable"
2026-06-13 21:18:17,687 - httpx - INFO - HTTP Request: GET https://datafeed.dukascopy.com/datafeed/EURUSD/2026/04/26/14h_ticks.bi5 "HTTP/1.1 503 Service Temporarily Unavailable"
2026-06-13 21:18:17,693 - httpx - INFO - HTTP Request: GET https://datafeed.dukascopy.com/datafeed/EURUSD/2026/04/26/10h_ticks.bi5 "HTTP/1.1 503 Service Temporarily Unavailable"
2026-06-13 21:18:17,857 - httpx - INFO - HTTP Request: GET https://datafeed.dukascopy.com/datafeed/EURUSD/2026/04/26/11h_ticks.bi5 "HTTP/1.1 503 Service Temporarily Unavailable"
2026-06-13 21:18:17,874 - httpx - INFO - HTTP Request: GET https://datafeed.dukascopy.com/datafeed/EURUSD/2026/04/26/07h_ticks.bi5 "HTTP/1.1 200 OK"
2026-06-13 21:18:17,992 - httpx - INFO - HTTP Request: GET https://datafeed.dukascopy.com/datafeed/EURUSD/2026/04/26/03h_ticks.bi5 "HTTP/1.1 200 OK"
2026-06-13 21:18:18,196 - httpx - INFO - HTTP Request: GET https://datafeed.dukascopy.com/datafeed/EURUSD/2026/04/26/12h_ticks.bi5 "HTTP/1.1 200 OK"
2026-06-13 21:18:18,396 - httpx - INFO - HTTP Request: GET https://datafeed.dukascopy.com/datafeed/EURUSD/2026/04/26/06h_ticks.bi5 "HTTP/1.1 200 OK"
2026-06-13 21:18:18,595 - httpx - INFO - HTTP Request: GET https://datafeed.dukascopy.com/datafeed/EURUSD/2026/04/26/17h_ticks.bi5 "HTTP/1.1 200 OK"
2026-06-13 21:18:18,802 - httpx - INFO - HTTP Request: GET https://datafeed.dukascopy.com/datafeed/EURUSD/2026/04/26/09h_ticks.bi5 "HTTP/1.1 200 OK"
2026-06-13 21:18:18,998 - httpx - INFO - HTTP Request: GET https://datafeed.dukascopy.com/datafeed/EURUSD/2026/04/26/16h_ticks.bi5 "HTTP/1.1 200 OK"
2026-06-13 21:18:19,195 - httpx - INFO - HTTP Request: GET https://datafeed.dukascopy.com/datafeed/EURUSD/2026/04/26/22h_ticks.bi5 "HTTP/1.1 200 OK"
2026-06-13 21:18:19,394 - httpx - INFO - HTTP Request: GET https://datafeed.dukascopy.com/datafeed/EURUSD/2026/04/26/19h_ticks.bi5 "HTTP/1.1 200 OK"
2026-06-13 21:18:19,619 - httpx - INFO - HTTP Request: GET https://datafeed.dukascopy.com/datafeed/EURUSD/2026/04/26/18h_ticks.bi5 "HTTP/1.1 200 OK"
2026-06-13 21:18:19,793 - httpx - INFO - HTTP Request: GET https://datafeed.dukascopy.com/datafeed/EURUSD/2026/04/26/05h_ticks.bi5 "HTTP/1.1 200 OK"
2026-06-13 21:18:19,994 - httpx - INFO - HTTP Request: GET https://datafeed.dukascopy.com/datafeed/EURUSD/2026/04/26/21h_ticks.bi5 "HTTP/1.1 200 OK"
2026-06-13 21:18:20,193 - httpx - INFO - HTTP Request: GET https://datafeed.dukascopy.com/datafeed/EURUSD/2026/04/26/23h_ticks.bi5 "HTTP/1.1 200 OK"
2026-06-13 21:18:20,395 - httpx - INFO - HTTP Request: GET https://datafeed.dukascopy.com/datafeed/EURUSD/2026/04/26/02h_ticks.bi5 "HTTP/1.1 200 OK"
2026-06-13 21:18:20,597 - httpx - INFO - HTTP Request: GET https://datafeed.dukascopy.com/datafeed/EURUSD/2026/04/26/08h_ticks.bi5 "HTTP/1.1 200 OK"
2026-06-13 21:18:20,868 - httpx - INFO - HTTP Request: GET https://datafeed.dukascopy.com/datafeed/EURUSD/2026/04/26/13h_ticks.bi5 "HTTP/1.1 200 OK"
2026-06-13 21:18:21,182 - httpx - INFO - HTTP Request: GET https://datafeed.dukascopy.com/datafeed/EURUSD/2026/04/25/00h_ticks.bi5 "HTTP/1.1 200 OK"
2026-06-13 21:18:21,389 - httpx - INFO - HTTP Request: GET https://datafeed.dukascopy.com/datafeed/EURUSD/2026/04/25/01h_ticks.bi5 "HTTP/1.1 200 OK"
2026-06-13 21:18:21,567 - httpx - INFO - HTTP Request: GET https://datafeed.dukascopy.com/datafeed/EURUSD/2026/04/25/04h_ticks.bi5 "HTTP/1.1 200 OK"
2026-06-13 21:18:21,640 - httpx - INFO - HTTP Request: GET https://datafeed.dukascopy.com/datafeed/EURUSD/2026/04/25/02h_ticks.bi5 "HTTP/1.1 503 Service Temporarily Unavailable"
2026-06-13 21:18:21,691 - httpx - INFO - HTTP Request: GET https://datafeed.dukascopy.com/datafeed/EURUSD/2026/04/25/15h_ticks.bi5 "HTTP/1.1 503 Service Temporarily Unavailable"
2026-06-13 21:18:21,701 - httpx - INFO - HTTP Request: GET https://datafeed.dukascopy.com/datafeed/EURUSD/2026/04/25/05h_ticks.bi5 "HTTP/1.1 503 Service Temporarily Unavailable"
2026-06-13 21:18:21,708 - httpx - INFO - HTTP Request: GET https://datafeed.dukascopy.com/datafeed/EURUSD/2026/04/25/22h_ticks.bi5 "HTTP/1.1 503 Service Temporarily Unavailable"
2026-06-13 21:18:21,714 - httpx - INFO - HTTP Request: GET https://datafeed.dukascopy.com/datafeed/EURUSD/2026/04/25/19h_ticks.bi5 "HTTP/1.1 503 Service Temporarily Unavailable"
2026-06-13 21:18:21,743 - httpx - INFO - HTTP Request: GET https://datafeed.dukascopy.com/datafeed/EURUSD/2026/04/25/07h_ticks.bi5 "HTTP/1.1 200 OK"
2026-06-13 21:18:21,942 - httpx - INFO - HTTP Request: GET https://datafeed.dukascopy.com/datafeed/EURUSD/2026/04/25/03h_ticks.bi5 "HTTP/1.1 200 OK"
2026-06-13 21:18:22,143 - httpx - INFO - HTTP Request: GET https://datafeed.dukascopy.com/datafeed/EURUSD/2026/04/25/12h_ticks.bi5 "HTTP/1.1 200 OK"
2026-06-13 21:18:22,343 - httpx - INFO - HTTP Request: GET https://datafeed.dukascopy.com/datafeed/EURUSD/2026/04/25/06h_ticks.bi5 "HTTP/1.1 200 OK"
2026-06-13 21:18:22,542 - httpx - INFO - HTTP Request: GET https://datafeed.dukascopy.com/datafeed/EURUSD/2026/04/25/16h_ticks.bi5 "HTTP/1.1 200 OK"
2026-06-13 21:18:22,741 - httpx - INFO - HTTP Request: GET https://datafeed.dukascopy.com/datafeed/EURUSD/2026/04/25/13h_ticks.bi5 "HTTP/1.1 200 OK"
2026-06-13 21:18:22,942 - httpx - INFO - HTTP Request: GET https://datafeed.dukascopy.com/datafeed/EURUSD/2026/04/25/11h_ticks.bi5 "HTTP/1.1 200 OK"
2026-06-13 21:18:23,142 - httpx - INFO - HTTP Request: GET https://datafeed.dukascopy.com/datafeed/EURUSD/2026/04/25/21h_ticks.bi5 "HTTP/1.1 200 OK"
2026-06-13 21:18:23,339 - httpx - INFO - HTTP Request: GET https://datafeed.dukascopy.com/datafeed/EURUSD/2026/04/25/18h_ticks.bi5 "HTTP/1.1 200 OK"
2026-06-13 21:18:23,540 - httpx - INFO - HTTP Request: GET https://datafeed.dukascopy.com/datafeed/EURUSD/2026/04/25/17h_ticks.bi5 "HTTP/1.1 200 OK"
2026-06-13 21:18:23,741 - httpx - INFO - HTTP Request: GET https://datafeed.dukascopy.com/datafeed/EURUSD/2026/04/25/14h_ticks.bi5 "HTTP/1.1 200 OK"
2026-06-13 21:18:23,941 - httpx - INFO - HTTP Request: GET https://datafeed.dukascopy.com/datafeed/EURUSD/2026/04/25/20h_ticks.bi5 "HTTP/1.1 200 OK"
2026-06-13 21:18:24,142 - httpx - INFO - HTTP Request: GET https://datafeed.dukascopy.com/datafeed/EURUSD/2026/04/25/23h_ticks.bi5 "HTTP/1.1 200 OK"
2026-06-13 21:18:24,341 - httpx - INFO - HTTP Request: GET https://datafeed.dukascopy.com/datafeed/EURUSD/2026/04/25/08h_ticks.bi5 "HTTP/1.1 200 OK"
2026-06-13 21:18:24,539 - httpx - INFO - HTTP Request: GET https://datafeed.dukascopy.com/datafeed/EURUSD/2026/04/25/09h_ticks.bi5 "HTTP/1.1 200 OK"
2026-06-13 21:18:24,750 - httpx - INFO - HTTP Request: GET https://datafeed.dukascopy.com/datafeed/EURUSD/2026/04/25/10h_ticks.bi5 "HTTP/1.1 200 OK"
2026-06-13 21:18:25,013 - httpx - INFO - HTTP Request: GET https://datafeed.dukascopy.com/datafeed/EURUSD/2026/04/24/00h_ticks.bi5 "HTTP/1.1 200 OK"
2026-06-13 21:18:25,205 - httpx - INFO - HTTP Request: GET https://datafeed.dukascopy.com/datafeed/EURUSD/2026/04/24/01h_ticks.bi5 "HTTP/1.1 200 OK"
2026-06-13 21:18:25,380 - httpx - INFO - HTTP Request: GET https://datafeed.dukascopy.com/datafeed/EURUSD/2026/04/24/22h_ticks.bi5 "HTTP/1.1 503 Service Temporarily Unavailable"
2026-06-13 21:18:25,445 - httpx - INFO - HTTP Request: GET https://datafeed.dukascopy.com/datafeed/EURUSD/2026/04/24/04h_ticks.bi5 "HTTP/1.1 200 OK"
2026-06-13 21:18:25,453 - httpx - INFO - HTTP Request: GET https://datafeed.dukascopy.com/datafeed/EURUSD/2026/04/24/08h_ticks.bi5 "HTTP/1.1 503 Service Temporarily Unavailable"
2026-06-13 21:18:25,457 - httpx - INFO - HTTP Request: GET https://datafeed.dukascopy.com/datafeed/EURUSD/2026/04/24/05h_ticks.bi5 "HTTP/1.1 503 Service Temporarily Unavailable"
2026-06-13 21:18:25,460 - httpx - INFO - HTTP Request: GET https://datafeed.dukascopy.com/datafeed/EURUSD/2026/04/24/10h_ticks.bi5 "HTTP/1.1 503 Service Temporarily Unavailable"
2026-06-13 21:18:25,588 - httpx - INFO - HTTP Request: GET https://datafeed.dukascopy.com/datafeed/EURUSD/2026/04/24/07h_ticks.bi5 "HTTP/1.1 200 OK"
2026-06-13 21:18:25,642 - httpx - INFO - HTTP Request: GET https://datafeed.dukascopy.com/datafeed/EURUSD/2026/04/24/14h_ticks.bi5 "HTTP/1.1 503 Service Temporarily Unavailable"
2026-06-13 21:18:25,783 - httpx - INFO - HTTP Request: GET https://datafeed.dukascopy.com/datafeed/EURUSD/2026/04/24/03h_ticks.bi5 "HTTP/1.1 200 OK"
2026-06-13 21:18:25,984 - httpx - INFO - HTTP Request: GET https://datafeed.dukascopy.com/datafeed/EURUSD/2026/04/24/12h_ticks.bi5 "HTTP/1.1 200 OK"
2026-06-13 21:18:26,182 - httpx - INFO - HTTP Request: GET https://datafeed.dukascopy.com/datafeed/EURUSD/2026/04/24/15h_ticks.bi5 "HTTP/1.1 200 OK"
2026-06-13 21:18:26,382 - httpx - INFO - HTTP Request: GET https://datafeed.dukascopy.com/datafeed/EURUSD/2026/04/24/06h_ticks.bi5 "HTTP/1.1 200 OK"
2026-06-13 21:18:26,780 - httpx - INFO - HTTP Request: GET https://datafeed.dukascopy.com/datafeed/EURUSD/2026/04/24/02h_ticks.bi5 "HTTP/1.1 200 OK"
2026-06-13 21:18:26,880 - httpx - INFO - HTTP Request: GET https://datafeed.dukascopy.com/datafeed/EURUSD/2026/04/24/16h_ticks.bi5 "HTTP/1.1 200 OK"
2026-06-13 21:18:26,986 - httpx - INFO - HTTP Request: GET https://datafeed.dukascopy.com/datafeed/EURUSD/2026/04/24/21h_ticks.bi5 "HTTP/1.1 200 OK"
2026-06-13 21:18:27,181 - httpx - INFO - HTTP Request: GET https://datafeed.dukascopy.com/datafeed/EURUSD/2026/04/24/18h_ticks.bi5 "HTTP/1.1 200 OK"
2026-06-13 21:18:27,382 - httpx - INFO - HTTP Request: GET https://datafeed.dukascopy.com/datafeed/EURUSD/2026/04/24/20h_ticks.bi5 "HTTP/1.1 200 OK"
2026-06-13 21:18:27,581 - httpx - INFO - HTTP Request: GET https://datafeed.dukascopy.com/datafeed/EURUSD/2026/04/24/19h_ticks.bi5 "HTTP/1.1 200 OK"
2026-06-13 21:18:27,781 - httpx - INFO - HTTP Request: GET https://datafeed.dukascopy.com/datafeed/EURUSD/2026/04/24/11h_ticks.bi5 "HTTP/1.1 200 OK"
2026-06-13 21:18:27,983 - httpx - INFO - HTTP Request: GET https://datafeed.dukascopy.com/datafeed/EURUSD/2026/04/24/09h_ticks.bi5 "HTTP/1.1 200 OK"
2026-06-13 21:18:28,181 - httpx - INFO - HTTP Request: GET https://datafeed.dukascopy.com/datafeed/EURUSD/2026/04/24/17h_ticks.bi5 "HTTP/1.1 200 OK"
2026-06-13 21:18:28,382 - httpx - INFO - HTTP Request: GET https://datafeed.dukascopy.com/datafeed/EURUSD/2026/04/24/13h_ticks.bi5 "HTTP/1.1 200 OK"
2026-06-13 21:18:28,586 - httpx - INFO - HTTP Request: GET https://datafeed.dukascopy.com/datafeed/EURUSD/2026/04/24/23h_ticks.bi5 "HTTP/1.1 200 OK"
2026-06-13 21:18:28,826 - httpx - INFO - HTTP Request: GET https://datafeed.dukascopy.com/datafeed/EURUSD/2026/04/23/00h_ticks.bi5 "HTTP/1.1 200 OK"
2026-06-13 21:18:29,025 - httpx - INFO - HTTP Request: GET https://datafeed.dukascopy.com/datafeed/EURUSD/2026/04/23/01h_ticks.bi5 "HTTP/1.1 200 OK"
2026-06-13 21:18:29,155 - httpx - INFO - HTTP Request: GET https://datafeed.dukascopy.com/datafeed/EURUSD/2026/04/23/10h_ticks.bi5 "HTTP/1.1 503 Service Temporarily Unavailable"
2026-06-13 21:18:29,182 - httpx - INFO - HTTP Request: GET https://datafeed.dukascopy.com/datafeed/EURUSD/2026/04/23/08h_ticks.bi5 "HTTP/1.1 503 Service Temporarily Unavailable"
2026-06-13 21:18:29,188 - httpx - INFO - HTTP Request: GET https://datafeed.dukascopy.com/datafeed/EURUSD/2026/04/23/22h_ticks.bi5 "HTTP/1.1 503 Service Temporarily Unavailable"
2026-06-13 21:18:29,194 - httpx - INFO - HTTP Request: GET https://datafeed.dukascopy.com/datafeed/EURUSD/2026/04/23/09h_ticks.bi5 "HTTP/1.1 503 Service Temporarily Unavailable"
2026-06-13 21:18:29,200 - httpx - INFO - HTTP Request: GET https://datafeed.dukascopy.com/datafeed/EURUSD/2026/04/23/23h_ticks.bi5 "HTTP/1.1 503 Service Temporarily Unavailable"
2026-06-13 21:18:29,207 - httpx - INFO - HTTP Request: GET https://datafeed.dukascopy.com/datafeed/EURUSD/2026/04/23/04h_ticks.bi5 "HTTP/1.1 200 OK"
2026-06-13 21:18:29,409 - httpx - INFO - HTTP Request: GET https://datafeed.dukascopy.com/datafeed/EURUSD/2026/04/23/07h_ticks.bi5 "HTTP/1.1 200 OK"
2026-06-13 21:18:29,607 - httpx - INFO - HTTP Request: GET https://datafeed.dukascopy.com/datafeed/EURUSD/2026/04/23/03h_ticks.bi5 "HTTP/1.1 200 OK"
2026-06-13 21:18:29,808 - httpx - INFO - HTTP Request: GET https://datafeed.dukascopy.com/datafeed/EURUSD/2026/04/23/12h_ticks.bi5 "HTTP/1.1 200 OK"
2026-06-13 21:18:30,004 - httpx - INFO - HTTP Request: GET https://datafeed.dukascopy.com/datafeed/EURUSD/2026/04/23/15h_ticks.bi5 "HTTP/1.1 200 OK"
2026-06-13 21:18:30,206 - httpx - INFO - HTTP Request: GET https://datafeed.dukascopy.com/datafeed/EURUSD/2026/04/23/06h_ticks.bi5 "HTTP/1.1 200 OK"
2026-06-13 21:18:30,404 - httpx - INFO - HTTP Request: GET https://datafeed.dukascopy.com/datafeed/EURUSD/2026/04/23/16h_ticks.bi5 "HTTP/1.1 200 OK"
2026-06-13 21:18:30,603 - httpx - INFO - HTTP Request: GET https://datafeed.dukascopy.com/datafeed/EURUSD/2026/04/23/02h_ticks.bi5 "HTTP/1.1 200 OK"
2026-06-13 21:18:30,822 - httpx - INFO - HTTP Request: GET https://datafeed.dukascopy.com/datafeed/EURUSD/2026/04/23/21h_ticks.bi5 "HTTP/1.1 200 OK"
2026-06-13 21:18:31,007 - httpx - INFO - HTTP Request: GET https://datafeed.dukascopy.com/datafeed/EURUSD/2026/04/23/20h_ticks.bi5 "HTTP/1.1 200 OK"
2026-06-13 21:18:31,205 - httpx - INFO - HTTP Request: GET https://datafeed.dukascopy.com/datafeed/EURUSD/2026/04/23/18h_ticks.bi5 "HTTP/1.1 200 OK"
2026-06-13 21:18:31,402 - httpx - INFO - HTTP Request: GET https://datafeed.dukascopy.com/datafeed/EURUSD/2026/04/23/19h_ticks.bi5 "HTTP/1.1 200 OK"
2026-06-13 21:18:31,602 - httpx - INFO - HTTP Request: GET https://datafeed.dukascopy.com/datafeed/EURUSD/2026/04/23/11h_ticks.bi5 "HTTP/1.1 200 OK"
2026-06-13 21:18:31,804 - httpx - INFO - HTTP Request: GET https://datafeed.dukascopy.com/datafeed/EURUSD/2026/04/23/05h_ticks.bi5 "HTTP/1.1 200 OK"
2026-06-13 21:18:32,003 - httpx - INFO - HTTP Request: GET https://datafeed.dukascopy.com/datafeed/EURUSD/2026/04/23/14h_ticks.bi5 "HTTP/1.1 200 OK"
2026-06-13 21:18:32,209 - httpx - INFO - HTTP Request: GET https://datafeed.dukascopy.com/datafeed/EURUSD/2026/04/23/13h_ticks.bi5 "HTTP/1.1 200 OK"
2026-06-13 21:18:32,407 - httpx - INFO - HTTP Request: GET https://datafeed.dukascopy.com/datafeed/EURUSD/2026/04/23/17h_ticks.bi5 "HTTP/1.1 200 OK"
2026-06-13 21:18:32,628 - httpx - INFO - HTTP Request: GET https://datafeed.dukascopy.com/datafeed/EURUSD/2026/04/22/00h_ticks.bi5 "HTTP/1.1 200 OK"
2026-06-13 21:18:32,791 - httpx - INFO - HTTP Request: GET https://datafeed.dukascopy.com/datafeed/EURUSD/2026/04/22/09h_ticks.bi5 "HTTP/1.1 503 Service Temporarily Unavailable"
2026-06-13 21:18:32,805 - httpx - INFO - HTTP Request: GET https://datafeed.dukascopy.com/datafeed/EURUSD/2026/04/22/13h_ticks.bi5 "HTTP/1.1 503 Service Temporarily Unavailable"
2026-06-13 21:18:32,807 - httpx - INFO - HTTP Request: GET https://datafeed.dukascopy.com/datafeed/EURUSD/2026/04/22/01h_ticks.bi5 "HTTP/1.1 200 OK"
2026-06-13 21:18:32,820 - httpx - INFO - HTTP Request: GET https://datafeed.dukascopy.com/datafeed/EURUSD/2026/04/22/08h_ticks.bi5 "HTTP/1.1 503 Service Temporarily Unavailable"
2026-06-13 21:18:32,857 - httpx - INFO - HTTP Request: GET https://datafeed.dukascopy.com/datafeed/EURUSD/2026/04/22/15h_ticks.bi5 "HTTP/1.1 503 Service Temporarily Unavailable"
2026-06-13 21:18:33,007 - httpx - INFO - HTTP Request: GET https://datafeed.dukascopy.com/datafeed/EURUSD/2026/04/22/04h_ticks.bi5 "HTTP/1.1 200 OK"
2026-06-13 21:18:33,052 - httpx - INFO - HTTP Request: GET https://datafeed.dukascopy.com/datafeed/EURUSD/2026/04/22/18h_ticks.bi5 "HTTP/1.1 503 Service Temporarily Unavailable"
2026-06-13 21:18:33,055 - httpx - INFO - HTTP Request: GET https://datafeed.dukascopy.com/datafeed/EURUSD/2026/04/22/20h_ticks.bi5 "HTTP/1.1 503 Service Temporarily Unavailable"
2026-06-13 21:18:33,222 - httpx - INFO - HTTP Request: GET https://datafeed.dukascopy.com/datafeed/EURUSD/2026/04/22/07h_ticks.bi5 "HTTP/1.1 200 OK"
2026-06-13 21:18:33,407 - httpx - INFO - HTTP Request: GET https://datafeed.dukascopy.com/datafeed/EURUSD/2026/04/22/03h_ticks.bi5 "HTTP/1.1 200 OK"
2026-06-13 21:18:33,689 - httpx - INFO - HTTP Request: GET https://datafeed.dukascopy.com/datafeed/EURUSD/2026/04/22/12h_ticks.bi5 "HTTP/1.1 200 OK"
2026-06-13 21:18:33,929 - httpx - INFO - HTTP Request: GET https://datafeed.dukascopy.com/datafeed/EURUSD/2026/04/22/06h_ticks.bi5 "HTTP/1.1 200 OK"
2026-06-13 21:18:34,081 - httpx - INFO - HTTP Request: GET https://datafeed.dukascopy.com/datafeed/EURUSD/2026/04/22/17h_ticks.bi5 "HTTP/1.1 200 OK"
2026-06-13 21:18:34,205 - httpx - INFO - HTTP Request: GET https://datafeed.dukascopy.com/datafeed/EURUSD/2026/04/22/02h_ticks.bi5 "HTTP/1.1 200 OK"
2026-06-13 21:18:34,406 - httpx - INFO - HTTP Request: GET https://datafeed.dukascopy.com/datafeed/EURUSD/2026/04/22/10h_ticks.bi5 "HTTP/1.1 200 OK"
2026-06-13 21:18:34,611 - httpx - INFO - HTTP Request: GET https://datafeed.dukascopy.com/datafeed/EURUSD/2026/04/22/05h_ticks.bi5 "HTTP/1.1 200 OK"
2026-06-13 21:18:34,813 - httpx - INFO - HTTP Request: GET https://datafeed.dukascopy.com/datafeed/EURUSD/2026/04/22/16h_ticks.bi5 "HTTP/1.1 200 OK"
2026-06-13 21:18:35,008 - httpx - INFO - HTTP Request: GET https://datafeed.dukascopy.com/datafeed/EURUSD/2026/04/22/23h_ticks.bi5 "HTTP/1.1 200 OK"
2026-06-13 21:18:35,208 - httpx - INFO - HTTP Request: GET https://datafeed.dukascopy.com/datafeed/EURUSD/2026/04/22/19h_ticks.bi5 "HTTP/1.1 200 OK"
2026-06-13 21:18:35,411 - httpx - INFO - HTTP Request: GET https://datafeed.dukascopy.com/datafeed/EURUSD/2026/04/22/21h_ticks.bi5 "HTTP/1.1 200 OK"
2026-06-13 21:18:35,688 - httpx - INFO - HTTP Request: GET https://datafeed.dukascopy.com/datafeed/EURUSD/2026/04/22/14h_ticks.bi5 "HTTP/1.1 200 OK"
2026-06-13 21:18:35,805 - httpx - INFO - HTTP Request: GET https://datafeed.dukascopy.com/datafeed/EURUSD/2026/04/22/22h_ticks.bi5 "HTTP/1.1 200 OK"
2026-06-13 21:18:36,010 - httpx - INFO - HTTP Request: GET https://datafeed.dukascopy.com/datafeed/EURUSD/2026/04/22/11h_ticks.bi5 "HTTP/1.1 200 OK"
2026-06-13 21:18:36,229 - httpx - INFO - HTTP Request: GET https://datafeed.dukascopy.com/datafeed/EURUSD/2026/04/21/00h_ticks.bi5 "HTTP/1.1 200 OK"
2026-06-13 21:18:36,414 - httpx - INFO - HTTP Request: GET https://datafeed.dukascopy.com/datafeed/EURUSD/2026/04/21/01h_ticks.bi5 "HTTP/1.1 200 OK"
2026-06-13 21:18:36,447 - httpx - INFO - HTTP Request: GET https://datafeed.dukascopy.com/datafeed/EURUSD/2026/04/21/20h_ticks.bi5 "HTTP/1.1 503 Service Temporarily Unavailable"
2026-06-13 21:18:36,501 - httpx - INFO - HTTP Request: GET https://datafeed.dukascopy.com/datafeed/EURUSD/2026/04/21/09h_ticks.bi5 "HTTP/1.1 503 Service Temporarily Unavailable"
2026-06-13 21:18:36,503 - httpx - INFO - HTTP Request: GET https://datafeed.dukascopy.com/datafeed/EURUSD/2026/04/21/14h_ticks.bi5 "HTTP/1.1 503 Service Temporarily Unavailable"
2026-06-13 21:18:36,509 - httpx - INFO - HTTP Request: GET https://datafeed.dukascopy.com/datafeed/EURUSD/2026/04/21/11h_ticks.bi5 "HTTP/1.1 503 Service Temporarily Unavailable"
2026-06-13 21:18:36,683 - httpx - INFO - HTTP Request: GET https://datafeed.dukascopy.com/datafeed/EURUSD/2026/04/21/04h_ticks.bi5 "HTTP/1.1 200 OK"
2026-06-13 21:18:36,765 - httpx - INFO - HTTP Request: GET https://datafeed.dukascopy.com/datafeed/EURUSD/2026/04/21/21h_ticks.bi5 "HTTP/1.1 503 Service Temporarily Unavailable"
2026-06-13 21:18:36,788 - httpx - INFO - HTTP Request: GET https://datafeed.dukascopy.com/datafeed/EURUSD/2026/04/21/08h_ticks.bi5 "HTTP/1.1 503 Service Temporarily Unavailable"
2026-06-13 21:18:36,908 - httpx - INFO - HTTP Request: GET https://datafeed.dukascopy.com/datafeed/EURUSD/2026/04/21/07h_ticks.bi5 "HTTP/1.1 200 OK"
2026-06-13 21:18:37,009 - httpx - INFO - HTTP Request: GET https://datafeed.dukascopy.com/datafeed/EURUSD/2026/04/21/03h_ticks.bi5 "HTTP/1.1 200 OK"
2026-06-13 21:18:37,282 - httpx - INFO - HTTP Request: GET https://datafeed.dukascopy.com/datafeed/EURUSD/2026/04/21/12h_ticks.bi5 "HTTP/1.1 200 OK"
2026-06-13 21:18:37,410 - httpx - INFO - HTTP Request: GET https://datafeed.dukascopy.com/datafeed/EURUSD/2026/04/21/06h_ticks.bi5 "HTTP/1.1 200 OK"
2026-06-13 21:18:37,684 - httpx - INFO - HTTP Request: GET https://datafeed.dukascopy.com/datafeed/EURUSD/2026/04/21/17h_ticks.bi5 "HTTP/1.1 200 OK"
2026-06-13 21:18:37,812 - httpx - INFO - HTTP Request: GET https://datafeed.dukascopy.com/datafeed/EURUSD/2026/04/21/02h_ticks.bi5 "HTTP/1.1 200 OK"
2026-06-13 21:18:38,078 - httpx - INFO - HTTP Request: GET https://datafeed.dukascopy.com/datafeed/EURUSD/2026/04/21/10h_ticks.bi5 "HTTP/1.1 200 OK"
2026-06-13 21:18:38,206 - httpx - INFO - HTTP Request: GET https://datafeed.dukascopy.com/datafeed/EURUSD/2026/04/21/05h_ticks.bi5 "HTTP/1.1 200 OK"
2026-06-13 21:18:38,485 - httpx - INFO - HTTP Request: GET https://datafeed.dukascopy.com/datafeed/EURUSD/2026/04/21/16h_ticks.bi5 "HTTP/1.1 200 OK"
2026-06-13 21:18:38,604 - httpx - INFO - HTTP Request: GET https://datafeed.dukascopy.com/datafeed/EURUSD/2026/04/21/23h_ticks.bi5 "HTTP/1.1 200 OK"
2026-06-13 21:18:38,887 - httpx - INFO - HTTP Request: GET https://datafeed.dukascopy.com/datafeed/EURUSD/2026/04/21/18h_ticks.bi5 "HTTP/1.1 200 OK"
2026-06-13 21:18:39,006 - httpx - INFO - HTTP Request: GET https://datafeed.dukascopy.com/datafeed/EURUSD/2026/04/21/22h_ticks.bi5 "HTTP/1.1 200 OK"
2026-06-13 21:18:39,323 - httpx - INFO - HTTP Request: GET https://datafeed.dukascopy.com/datafeed/EURUSD/2026/04/21/13h_ticks.bi5 "HTTP/1.1 200 OK"
2026-06-13 21:18:39,494 - httpx - INFO - HTTP Request: GET https://datafeed.dukascopy.com/datafeed/EURUSD/2026/04/21/15h_ticks.bi5 "HTTP/1.1 200 OK"
2026-06-13 21:18:39,689 - httpx - INFO - HTTP Request: GET https://datafeed.dukascopy.com/datafeed/EURUSD/2026/04/21/19h_ticks.bi5 "HTTP/1.1 200 OK"
2026-06-13 21:18:39,949 - httpx - INFO - HTTP Request: GET https://datafeed.dukascopy.com/datafeed/EURUSD/2026/04/20/00h_ticks.bi5 "HTTP/1.1 200 OK"
2026-06-13 21:18:40,093 - httpx - INFO - HTTP Request: GET https://datafeed.dukascopy.com/datafeed/EURUSD/2026/04/20/19h_ticks.bi5 "HTTP/1.1 503 Service Temporarily Unavailable"
2026-06-13 21:18:40,137 - httpx - INFO - HTTP Request: GET https://datafeed.dukascopy.com/datafeed/EURUSD/2026/04/20/13h_ticks.bi5 "HTTP/1.1 503 Service Temporarily Unavailable"
2026-06-13 21:18:40,156 - httpx - INFO - HTTP Request: GET https://datafeed.dukascopy.com/datafeed/EURUSD/2026/04/20/15h_ticks.bi5 "HTTP/1.1 503 Service Temporarily Unavailable"
2026-06-13 21:18:40,159 - httpx - INFO - HTTP Request: GET https://datafeed.dukascopy.com/datafeed/EURUSD/2026/04/20/11h_ticks.bi5 "HTTP/1.1 503 Service Temporarily Unavailable"
2026-06-13 21:18:40,166 - httpx - INFO - HTTP Request: GET https://datafeed.dukascopy.com/datafeed/EURUSD/2026/04/20/01h_ticks.bi5 "HTTP/1.1 200 OK"
2026-06-13 21:18:40,286 - httpx - INFO - HTTP Request: GET https://datafeed.dukascopy.com/datafeed/EURUSD/2026/04/20/04h_ticks.bi5 "HTTP/1.1 200 OK"
2026-06-13 21:18:40,361 - httpx - INFO - HTTP Request: GET https://datafeed.dukascopy.com/datafeed/EURUSD/2026/04/20/14h_ticks.bi5 "HTTP/1.1 503 Service Temporarily Unavailable"
2026-06-13 21:18:40,386 - httpx - INFO - HTTP Request: GET https://datafeed.dukascopy.com/datafeed/EURUSD/2026/04/20/08h_ticks.bi5 "HTTP/1.1 503 Service Temporarily Unavailable"
2026-06-13 21:18:40,496 - httpx - INFO - HTTP Request: GET https://datafeed.dukascopy.com/datafeed/EURUSD/2026/04/20/07h_ticks.bi5 "HTTP/1.1 200 OK"
2026-06-13 21:18:40,664 - httpx - INFO - HTTP Request: GET https://datafeed.dukascopy.com/datafeed/EURUSD/2026/04/20/03h_ticks.bi5 "HTTP/1.1 200 OK"
2026-06-13 21:18:40,879 - httpx - INFO - HTTP Request: GET https://datafeed.dukascopy.com/datafeed/EURUSD/2026/04/20/12h_ticks.bi5 "HTTP/1.1 200 OK"
2026-06-13 21:18:41,156 - httpx - INFO - HTTP Request: GET https://datafeed.dukascopy.com/datafeed/EURUSD/2026/04/20/06h_ticks.bi5 "HTTP/1.1 200 OK"
2026-06-13 21:18:41,393 - httpx - INFO - HTTP Request: GET https://datafeed.dukascopy.com/datafeed/EURUSD/2026/04/20/17h_ticks.bi5 "HTTP/1.1 200 OK"
2026-06-13 21:18:41,478 - httpx - INFO - HTTP Request: GET https://datafeed.dukascopy.com/datafeed/EURUSD/2026/04/20/02h_ticks.bi5 "HTTP/1.1 200 OK"
2026-06-13 21:18:41,668 - httpx - INFO - HTTP Request: GET https://datafeed.dukascopy.com/datafeed/EURUSD/2026/04/20/10h_ticks.bi5 "HTTP/1.1 200 OK"
2026-06-13 21:18:41,877 - httpx - INFO - HTTP Request: GET https://datafeed.dukascopy.com/datafeed/EURUSD/2026/04/20/05h_ticks.bi5 "HTTP/1.1 200 OK"
2026-06-13 21:18:42,141 - httpx - INFO - HTTP Request: GET https://datafeed.dukascopy.com/datafeed/EURUSD/2026/04/20/16h_ticks.bi5 "HTTP/1.1 200 OK"
2026-06-13 21:18:42,274 - httpx - INFO - HTTP Request: GET https://datafeed.dukascopy.com/datafeed/EURUSD/2026/04/20/23h_ticks.bi5 "HTTP/1.1 200 OK"
2026-06-13 21:18:42,534 - httpx - INFO - HTTP Request: GET https://datafeed.dukascopy.com/datafeed/EURUSD/2026/04/20/18h_ticks.bi5 "HTTP/1.1 200 OK"
2026-06-13 21:18:42,664 - httpx - INFO - HTTP Request: GET https://datafeed.dukascopy.com/datafeed/EURUSD/2026/04/20/21h_ticks.bi5 "HTTP/1.1 200 OK"
2026-06-13 21:18:42,866 - httpx - INFO - HTTP Request: GET https://datafeed.dukascopy.com/datafeed/EURUSD/2026/04/20/22h_ticks.bi5 "HTTP/1.1 200 OK"
2026-06-13 21:18:43,064 - httpx - INFO - HTTP Request: GET https://datafeed.dukascopy.com/datafeed/EURUSD/2026/04/20/09h_ticks.bi5 "HTTP/1.1 200 OK"
2026-06-13 21:18:43,951 - httpx - INFO - HTTP Request: GET https://datafeed.dukascopy.com/datafeed/EURUSD/2026/04/20/20h_ticks.bi5 "HTTP/1.1 200 OK"
2026-06-13 21:18:44,121 - httpx - INFO - HTTP Request: GET https://datafeed.dukascopy.com/datafeed/EURUSD/2026/04/19/00h_ticks.bi5 "HTTP/1.1 200 OK"
2026-06-13 21:18:44,303 - httpx - INFO - HTTP Request: GET https://datafeed.dukascopy.com/datafeed/EURUSD/2026/04/19/01h_ticks.bi5 "HTTP/1.1 200 OK"
2026-06-13 21:18:44,325 - httpx - INFO - HTTP Request: GET https://datafeed.dukascopy.com/datafeed/EURUSD/2026/04/19/08h_ticks.bi5 "HTTP/1.1 503 Service Temporarily Unavailable"
2026-06-13 21:18:44,450 - httpx - INFO - HTTP Request: GET https://datafeed.dukascopy.com/datafeed/EURUSD/2026/04/19/18h_ticks.bi5 "HTTP/1.1 503 Service Temporarily Unavailable"
2026-06-13 21:18:44,452 - httpx - INFO - HTTP Request: GET https://datafeed.dukascopy.com/datafeed/EURUSD/2026/04/19/05h_ticks.bi5 "HTTP/1.1 503 Service Temporarily Unavailable"
2026-06-13 21:18:44,456 - httpx - INFO - HTTP Request: GET https://datafeed.dukascopy.com/datafeed/EURUSD/2026/04/19/19h_ticks.bi5 "HTTP/1.1 503 Service Temporarily Unavailable"
2026-06-13 21:18:44,502 - httpx - INFO - HTTP Request: GET https://datafeed.dukascopy.com/datafeed/EURUSD/2026/04/19/04h_ticks.bi5 "HTTP/1.1 200 OK"
2026-06-13 21:18:44,637 - httpx - INFO - HTTP Request: GET https://datafeed.dukascopy.com/datafeed/EURUSD/2026/04/19/11h_ticks.bi5 "HTTP/1.1 503 Service Temporarily Unavailable"
2026-06-13 21:18:44,646 - httpx - INFO - HTTP Request: GET https://datafeed.dukascopy.com/datafeed/EURUSD/2026/04/19/21h_ticks.bi5 "HTTP/1.1 503 Service Temporarily Unavailable"
2026-06-13 21:18:44,782 - httpx - INFO - HTTP Request: GET https://datafeed.dukascopy.com/datafeed/EURUSD/2026/04/19/07h_ticks.bi5 "HTTP/1.1 200 OK"
2026-06-13 21:18:44,899 - httpx - INFO - HTTP Request: GET https://datafeed.dukascopy.com/datafeed/EURUSD/2026/04/19/03h_ticks.bi5 "HTTP/1.1 200 OK"
2026-06-13 21:18:45,171 - httpx - INFO - HTTP Request: GET https://datafeed.dukascopy.com/datafeed/EURUSD/2026/04/19/12h_ticks.bi5 "HTTP/1.1 200 OK"
2026-06-13 21:18:45,301 - httpx - INFO - HTTP Request: GET https://datafeed.dukascopy.com/datafeed/EURUSD/2026/04/19/06h_ticks.bi5 "HTTP/1.1 200 OK"
2026-06-13 21:18:45,502 - httpx - INFO - HTTP Request: GET https://datafeed.dukascopy.com/datafeed/EURUSD/2026/04/19/17h_ticks.bi5 "HTTP/1.1 200 OK"
2026-06-13 21:18:45,702 - httpx - INFO - HTTP Request: GET https://datafeed.dukascopy.com/datafeed/EURUSD/2026/04/19/02h_ticks.bi5 "HTTP/1.1 200 OK"
2026-06-13 21:18:45,900 - httpx - INFO - HTTP Request: GET https://datafeed.dukascopy.com/datafeed/EURUSD/2026/04/19/22h_ticks.bi5 "HTTP/1.1 200 OK"
2026-06-13 21:18:46,175 - httpx - INFO - HTTP Request: GET https://datafeed.dukascopy.com/datafeed/EURUSD/2026/04/19/10h_ticks.bi5 "HTTP/1.1 200 OK"
2026-06-13 21:18:46,299 - httpx - INFO - HTTP Request: GET https://datafeed.dukascopy.com/datafeed/EURUSD/2026/04/19/23h_ticks.bi5 "HTTP/1.1 200 OK"
2026-06-13 21:18:46,560 - httpx - INFO - HTTP Request: GET https://datafeed.dukascopy.com/datafeed/EURUSD/2026/04/19/20h_ticks.bi5 "HTTP/1.1 200 OK"
2026-06-13 21:18:46,773 - httpx - INFO - HTTP Request: GET https://datafeed.dukascopy.com/datafeed/EURUSD/2026/04/19/15h_ticks.bi5 "HTTP/1.1 200 OK"
2026-06-13 21:18:46,975 - httpx - INFO - HTTP Request: GET https://datafeed.dukascopy.com/datafeed/EURUSD/2026/04/19/09h_ticks.bi5 "HTTP/1.1 200 OK"
2026-06-13 21:18:47,187 - httpx - INFO - HTTP Request: GET https://datafeed.dukascopy.com/datafeed/EURUSD/2026/04/19/13h_ticks.bi5 "HTTP/1.1 200 OK"
2026-06-13 21:18:47,373 - httpx - INFO - HTTP Request: GET https://datafeed.dukascopy.com/datafeed/EURUSD/2026/04/19/14h_ticks.bi5 "HTTP/1.1 200 OK"
2026-06-13 21:18:47,575 - httpx - INFO - HTTP Request: GET https://datafeed.dukascopy.com/datafeed/EURUSD/2026/04/19/16h_ticks.bi5 "HTTP/1.1 200 OK"
2026-06-13 21:18:47,841 - httpx - INFO - HTTP Request: GET https://datafeed.dukascopy.com/datafeed/EURUSD/2026/04/18/00h_ticks.bi5 "HTTP/1.1 200 OK"
2026-06-13 21:18:48,018 - httpx - INFO - HTTP Request: GET https://datafeed.dukascopy.com/datafeed/EURUSD/2026/04/18/20h_ticks.bi5 "HTTP/1.1 503 Service Temporarily Unavailable"
2026-06-13 21:18:48,071 - httpx - INFO - HTTP Request: GET https://datafeed.dukascopy.com/datafeed/EURUSD/2026/04/18/01h_ticks.bi5 "HTTP/1.1 200 OK"
2026-06-13 21:18:48,074 - httpx - INFO - HTTP Request: GET https://datafeed.dukascopy.com/datafeed/EURUSD/2026/04/18/09h_ticks.bi5 "HTTP/1.1 503 Service Temporarily Unavailable"
2026-06-13 21:18:48,076 - httpx - INFO - HTTP Request: GET https://datafeed.dukascopy.com/datafeed/EURUSD/2026/04/18/14h_ticks.bi5 "HTTP/1.1 503 Service Temporarily Unavailable"
2026-06-13 21:18:48,078 - httpx - INFO - HTTP Request: GET https://datafeed.dukascopy.com/datafeed/EURUSD/2026/04/18/11h_ticks.bi5 "HTTP/1.1 503 Service Temporarily Unavailable"
2026-06-13 21:18:48,157 - httpx - INFO - HTTP Request: GET https://datafeed.dukascopy.com/datafeed/EURUSD/2026/04/18/04h_ticks.bi5 "HTTP/1.1 200 OK"
2026-06-13 21:18:48,269 - httpx - INFO - HTTP Request: GET https://datafeed.dukascopy.com/datafeed/EURUSD/2026/04/18/08h_ticks.bi5 "HTTP/1.1 503 Service Temporarily Unavailable"
2026-06-13 21:18:48,291 - httpx - INFO - HTTP Request: GET https://datafeed.dukascopy.com/datafeed/EURUSD/2026/04/18/21h_ticks.bi5 "HTTP/1.1 503 Service Temporarily Unavailable"
2026-06-13 21:18:48,428 - httpx - INFO - HTTP Request: GET https://datafeed.dukascopy.com/datafeed/EURUSD/2026/04/18/07h_ticks.bi5 "HTTP/1.1 200 OK"
2026-06-13 21:18:48,559 - httpx - INFO - HTTP Request: GET https://datafeed.dukascopy.com/datafeed/EURUSD/2026/04/18/03h_ticks.bi5 "HTTP/1.1 200 OK"
2026-06-13 21:18:48,830 - httpx - INFO - HTTP Request: GET https://datafeed.dukascopy.com/datafeed/EURUSD/2026/04/18/12h_ticks.bi5 "HTTP/1.1 200 OK"
2026-06-13 21:18:48,958 - httpx - INFO - HTTP Request: GET https://datafeed.dukascopy.com/datafeed/EURUSD/2026/04/18/06h_ticks.bi5 "HTTP/1.1 200 OK"
2026-06-13 21:18:49,356 - httpx - INFO - HTTP Request: GET https://datafeed.dukascopy.com/datafeed/EURUSD/2026/04/18/02h_ticks.bi5 "HTTP/1.1 200 OK"
2026-06-13 21:18:49,536 - httpx - INFO - HTTP Request: GET https://datafeed.dukascopy.com/datafeed/EURUSD/2026/04/18/17h_ticks.bi5 "HTTP/1.1 200 OK"
2026-06-13 21:18:49,558 - httpx - INFO - HTTP Request: GET https://datafeed.dukascopy.com/datafeed/EURUSD/2026/04/18/10h_ticks.bi5 "HTTP/1.1 200 OK"
2026-06-13 21:18:49,758 - httpx - INFO - HTTP Request: GET https://datafeed.dukascopy.com/datafeed/EURUSD/2026/04/18/05h_ticks.bi5 "HTTP/1.1 200 OK"
2026-06-13 21:18:50,035 - httpx - INFO - HTTP Request: GET https://datafeed.dukascopy.com/datafeed/EURUSD/2026/04/18/16h_ticks.bi5 "HTTP/1.1 200 OK"
2026-06-13 21:18:50,161 - httpx - INFO - HTTP Request: GET https://datafeed.dukascopy.com/datafeed/EURUSD/2026/04/18/23h_ticks.bi5 "HTTP/1.1 200 OK"
2026-06-13 21:18:50,442 - httpx - INFO - HTTP Request: GET https://datafeed.dukascopy.com/datafeed/EURUSD/2026/04/18/18h_ticks.bi5 "HTTP/1.1 200 OK"
2026-06-13 21:18:50,563 - httpx - INFO - HTTP Request: GET https://datafeed.dukascopy.com/datafeed/EURUSD/2026/04/18/22h_ticks.bi5 "HTTP/1.1 200 OK"
2026-06-13 21:18:50,827 - httpx - INFO - HTTP Request: GET https://datafeed.dukascopy.com/datafeed/EURUSD/2026/04/18/13h_ticks.bi5 "HTTP/1.1 200 OK"
2026-06-13 21:18:51,031 - httpx - INFO - HTTP Request: GET https://datafeed.dukascopy.com/datafeed/EURUSD/2026/04/18/15h_ticks.bi5 "HTTP/1.1 200 OK"
2026-06-13 21:18:51,237 - httpx - INFO - HTTP Request: GET https://datafeed.dukascopy.com/datafeed/EURUSD/2026/04/18/19h_ticks.bi5 "HTTP/1.1 200 OK"
2026-06-13 21:18:51,424 - httpx - INFO - HTTP Request: GET https://datafeed.dukascopy.com/datafeed/EURUSD/2026/04/17/00h_ticks.bi5 "HTTP/1.1 200 OK"
2026-06-13 21:18:51,609 - httpx - INFO - HTTP Request: GET https://datafeed.dukascopy.com/datafeed/EURUSD/2026/04/17/01h_ticks.bi5 "HTTP/1.1 200 OK"
2026-06-13 21:18:51,637 - httpx - INFO - HTTP Request: GET https://datafeed.dukascopy.com/datafeed/EURUSD/2026/04/17/23h_ticks.bi5 "HTTP/1.1 503 Service Temporarily Unavailable"
2026-06-13 21:18:51,638 - httpx - INFO - HTTP Request: GET https://datafeed.dukascopy.com/datafeed/EURUSD/2026/04/17/16h_ticks.bi5 "HTTP/1.1 503 Service Temporarily Unavailable"
2026-06-13 21:18:51,643 - httpx - INFO - HTTP Request: GET https://datafeed.dukascopy.com/datafeed/EURUSD/2026/04/17/08h_ticks.bi5 "HTTP/1.1 503 Service Temporarily Unavailable"
2026-06-13 21:18:51,646 - httpx - INFO - HTTP Request: GET https://datafeed.dukascopy.com/datafeed/EURUSD/2026/04/17/09h_ticks.bi5 "HTTP/1.1 503 Service Temporarily Unavailable"
2026-06-13 21:18:51,809 - httpx - INFO - HTTP Request: GET https://datafeed.dukascopy.com/datafeed/EURUSD/2026/04/17/04h_ticks.bi5 "HTTP/1.1 200 OK"
2026-06-13 21:18:51,844 - httpx - INFO - HTTP Request: GET https://datafeed.dukascopy.com/datafeed/EURUSD/2026/04/17/10h_ticks.bi5 "HTTP/1.1 503 Service Temporarily Unavailable"
2026-06-13 21:18:51,868 - httpx - INFO - HTTP Request: GET https://datafeed.dukascopy.com/datafeed/EURUSD/2026/04/17/15h_ticks.bi5 "HTTP/1.1 503 Service Temporarily Unavailable"
2026-06-13 21:18:52,010 - httpx - INFO - HTTP Request: GET https://datafeed.dukascopy.com/datafeed/EURUSD/2026/04/17/07h_ticks.bi5 "HTTP/1.1 200 OK"
2026-06-13 21:18:52,209 - httpx - INFO - HTTP Request: GET https://datafeed.dukascopy.com/datafeed/EURUSD/2026/04/17/03h_ticks.bi5 "HTTP/1.1 200 OK"
2026-06-13 21:18:52,410 - httpx - INFO - HTTP Request: GET https://datafeed.dukascopy.com/datafeed/EURUSD/2026/04/17/12h_ticks.bi5 "HTTP/1.1 200 OK"
2026-06-13 21:18:52,612 - httpx - INFO - HTTP Request: GET https://datafeed.dukascopy.com/datafeed/EURUSD/2026/04/17/06h_ticks.bi5 "HTTP/1.1 200 OK"
2026-06-13 21:18:52,809 - httpx - INFO - HTTP Request: GET https://datafeed.dukascopy.com/datafeed/EURUSD/2026/04/17/17h_ticks.bi5 "HTTP/1.1 200 OK"
2026-06-13 21:18:53,011 - httpx - INFO - HTTP Request: GET https://datafeed.dukascopy.com/datafeed/EURUSD/2026/04/17/02h_ticks.bi5 "HTTP/1.1 200 OK"
2026-06-13 21:18:53,211 - httpx - INFO - HTTP Request: GET https://datafeed.dukascopy.com/datafeed/EURUSD/2026/04/17/21h_ticks.bi5 "HTTP/1.1 200 OK"
2026-06-13 21:18:53,411 - httpx - INFO - HTTP Request: GET https://datafeed.dukascopy.com/datafeed/EURUSD/2026/04/17/18h_ticks.bi5 "HTTP/1.1 200 OK"
2026-06-13 21:18:53,609 - httpx - INFO - HTTP Request: GET https://datafeed.dukascopy.com/datafeed/EURUSD/2026/04/17/13h_ticks.bi5 "HTTP/1.1 200 OK"
2026-06-13 21:18:53,811 - httpx - INFO - HTTP Request: GET https://datafeed.dukascopy.com/datafeed/EURUSD/2026/04/17/22h_ticks.bi5 "HTTP/1.1 200 OK"
2026-06-13 21:18:54,010 - httpx - INFO - HTTP Request: GET https://datafeed.dukascopy.com/datafeed/EURUSD/2026/04/17/11h_ticks.bi5 "HTTP/1.1 200 OK"
2026-06-13 21:18:54,210 - httpx - INFO - HTTP Request: GET https://datafeed.dukascopy.com/datafeed/EURUSD/2026/04/17/19h_ticks.bi5 "HTTP/1.1 200 OK"
2026-06-13 21:18:54,409 - httpx - INFO - HTTP Request: GET https://datafeed.dukascopy.com/datafeed/EURUSD/2026/04/17/14h_ticks.bi5 "HTTP/1.1 200 OK"
2026-06-13 21:18:54,610 - httpx - INFO - HTTP Request: GET https://datafeed.dukascopy.com/datafeed/EURUSD/2026/04/17/20h_ticks.bi5 "HTTP/1.1 200 OK"
2026-06-13 21:18:54,809 - httpx - INFO - HTTP Request: GET https://datafeed.dukascopy.com/datafeed/EURUSD/2026/04/17/05h_ticks.bi5 "HTTP/1.1 200 OK"
2026-06-13 21:18:55,035 - httpx - INFO - HTTP Request: GET https://datafeed.dukascopy.com/datafeed/EURUSD/2026/04/16/00h_ticks.bi5 "HTTP/1.1 200 OK"
2026-06-13 21:18:55,229 - httpx - INFO - HTTP Request: GET https://datafeed.dukascopy.com/datafeed/EURUSD/2026/04/16/01h_ticks.bi5 "HTTP/1.1 200 OK"
2026-06-13 21:18:55,374 - httpx - INFO - HTTP Request: GET https://datafeed.dukascopy.com/datafeed/EURUSD/2026/04/16/05h_ticks.bi5 "HTTP/1.1 503 Service Temporarily Unavailable"
2026-06-13 21:18:55,441 - httpx - INFO - HTTP Request: GET https://datafeed.dukascopy.com/datafeed/EURUSD/2026/04/16/04h_ticks.bi5 "HTTP/1.1 200 OK"
2026-06-13 21:18:55,444 - httpx - INFO - HTTP Request: GET https://datafeed.dukascopy.com/datafeed/EURUSD/2026/04/16/19h_ticks.bi5 "HTTP/1.1 503 Service Temporarily Unavailable"
2026-06-13 21:18:55,447 - httpx - INFO - HTTP Request: GET https://datafeed.dukascopy.com/datafeed/EURUSD/2026/04/16/22h_ticks.bi5 "HTTP/1.1 503 Service Temporarily Unavailable"
2026-06-13 21:18:55,451 - httpx - INFO - HTTP Request: GET https://datafeed.dukascopy.com/datafeed/EURUSD/2026/04/16/09h_ticks.bi5 "HTTP/1.1 503 Service Temporarily Unavailable"
2026-06-13 21:18:55,609 - httpx - INFO - HTTP Request: GET https://datafeed.dukascopy.com/datafeed/EURUSD/2026/04/16/07h_ticks.bi5 "HTTP/1.1 200 OK"
2026-06-13 21:18:55,698 - httpx - INFO - HTTP Request: GET https://datafeed.dukascopy.com/datafeed/EURUSD/2026/04/16/08h_ticks.bi5 "HTTP/1.1 503 Service Temporarily Unavailable"
2026-06-13 21:18:55,722 - API - INFO - GET /system/status - 200 (0.03s)
2026-06-13 21:18:55,811 - httpx - INFO - HTTP Request: GET https://datafeed.dukascopy.com/datafeed/EURUSD/2026/04/16/03h_ticks.bi5 "HTTP/1.1 200 OK"
2026-06-13 21:18:56,009 - httpx - INFO - HTTP Request: GET https://datafeed.dukascopy.com/datafeed/EURUSD/2026/04/16/12h_ticks.bi5 "HTTP/1.1 200 OK"
2026-06-13 21:18:56,213 - httpx - INFO - HTTP Request: GET https://datafeed.dukascopy.com/datafeed/EURUSD/2026/04/16/06h_ticks.bi5 "HTTP/1.1 200 OK"
2026-06-13 21:18:56,410 - httpx - INFO - HTTP Request: GET https://datafeed.dukascopy.com/datafeed/EURUSD/2026/04/16/16h_ticks.bi5 "HTTP/1.1 200 OK"
2026-06-13 21:18:56,610 - httpx - INFO - HTTP Request: GET https://datafeed.dukascopy.com/datafeed/EURUSD/2026/04/16/13h_ticks.bi5 "HTTP/1.1 200 OK"
2026-06-13 21:18:56,825 - httpx - INFO - HTTP Request: GET https://datafeed.dukascopy.com/datafeed/EURUSD/2026/04/16/11h_ticks.bi5 "HTTP/1.1 200 OK"
2026-06-13 21:18:57,023 - httpx - INFO - HTTP Request: GET https://datafeed.dukascopy.com/datafeed/EURUSD/2026/04/16/21h_ticks.bi5 "HTTP/1.1 200 OK"
2026-06-13 21:18:57,208 - httpx - INFO - HTTP Request: GET https://datafeed.dukascopy.com/datafeed/EURUSD/2026/04/16/18h_ticks.bi5 "HTTP/1.1 200 OK"
2026-06-13 21:18:57,408 - httpx - INFO - HTTP Request: GET https://datafeed.dukascopy.com/datafeed/EURUSD/2026/04/16/17h_ticks.bi5 "HTTP/1.1 200 OK"
2026-06-13 21:18:57,608 - httpx - INFO - HTTP Request: GET https://datafeed.dukascopy.com/datafeed/EURUSD/2026/04/16/14h_ticks.bi5 "HTTP/1.1 200 OK"
2026-06-13 21:18:57,809 - httpx - INFO - HTTP Request: GET https://datafeed.dukascopy.com/datafeed/EURUSD/2026/04/16/20h_ticks.bi5 "HTTP/1.1 200 OK"
2026-06-13 21:18:58,011 - httpx - INFO - HTTP Request: GET https://datafeed.dukascopy.com/datafeed/EURUSD/2026/04/16/23h_ticks.bi5 "HTTP/1.1 200 OK"
2026-06-13 21:18:58,208 - httpx - INFO - HTTP Request: GET https://datafeed.dukascopy.com/datafeed/EURUSD/2026/04/16/02h_ticks.bi5 "HTTP/1.1 200 OK"
2026-06-13 21:18:58,408 - httpx - INFO - HTTP Request: GET https://datafeed.dukascopy.com/datafeed/EURUSD/2026/04/16/10h_ticks.bi5 "HTTP/1.1 200 OK"
2026-06-13 21:18:58,608 - httpx - INFO - HTTP Request: GET https://datafeed.dukascopy.com/datafeed/EURUSD/2026/04/16/15h_ticks.bi5 "HTTP/1.1 200 OK"
2026-06-13 21:18:58,829 - httpx - INFO - HTTP Request: GET https://datafeed.dukascopy.com/datafeed/EURUSD/2026/04/15/00h_ticks.bi5 "HTTP/1.1 200 OK"
2026-06-13 21:18:59,006 - httpx - INFO - HTTP Request: GET https://datafeed.dukascopy.com/datafeed/EURUSD/2026/04/15/18h_ticks.bi5 "HTTP/1.1 503 Service Temporarily Unavailable"
2026-06-13 21:18:59,244 - httpx - INFO - HTTP Request: GET https://datafeed.dukascopy.com/datafeed/EURUSD/2026/04/15/01h_ticks.bi5 "HTTP/1.1 200 OK"
2026-06-13 21:18:59,246 - httpx - INFO - HTTP Request: GET https://datafeed.dukascopy.com/datafeed/EURUSD/2026/04/15/09h_ticks.bi5 "HTTP/1.1 503 Service Temporarily Unavailable"
2026-06-13 21:18:59,248 - httpx - INFO - HTTP Request: GET https://datafeed.dukascopy.com/datafeed/EURUSD/2026/04/15/14h_ticks.bi5 "HTTP/1.1 503 Service Temporarily Unavailable"
2026-06-13 21:18:59,251 - httpx - INFO - HTTP Request: GET https://datafeed.dukascopy.com/datafeed/EURUSD/2026/04/15/11h_ticks.bi5 "HTTP/1.1 503 Service Temporarily Unavailable"
2026-06-13 21:18:59,367 - httpx - INFO - HTTP Request: GET https://datafeed.dukascopy.com/datafeed/EURUSD/2026/04/15/04h_ticks.bi5 "HTTP/1.1 200 OK"
2026-06-13 21:18:59,459 - httpx - INFO - HTTP Request: GET https://datafeed.dukascopy.com/datafeed/EURUSD/2026/04/15/08h_ticks.bi5 "HTTP/1.1 503 Service Temporarily Unavailable"
2026-06-13 21:18:59,505 - httpx - INFO - HTTP Request: GET https://datafeed.dukascopy.com/datafeed/EURUSD/2026/04/15/07h_ticks.bi5 "HTTP/1.1 200 OK"
2026-06-13 21:18:59,611 - httpx - INFO - HTTP Request: GET https://datafeed.dukascopy.com/datafeed/EURUSD/2026/04/15/03h_ticks.bi5 "HTTP/1.1 200 OK"
2026-06-13 21:18:59,883 - httpx - INFO - HTTP Request: GET https://datafeed.dukascopy.com/datafeed/EURUSD/2026/04/15/12h_ticks.bi5 "HTTP/1.1 200 OK"
2026-06-13 21:19:00,085 - httpx - INFO - HTTP Request: GET https://datafeed.dukascopy.com/datafeed/EURUSD/2026/04/15/06h_ticks.bi5 "HTTP/1.1 200 OK"
2026-06-13 21:19:00,216 - httpx - INFO - HTTP Request: GET https://datafeed.dukascopy.com/datafeed/EURUSD/2026/04/15/17h_ticks.bi5 "HTTP/1.1 200 OK"
2026-06-13 21:19:00,415 - httpx - INFO - HTTP Request: GET https://datafeed.dukascopy.com/datafeed/EURUSD/2026/04/15/02h_ticks.bi5 "HTTP/1.1 200 OK"
2026-06-13 21:19:00,692 - httpx - INFO - HTTP Request: GET https://datafeed.dukascopy.com/datafeed/EURUSD/2026/04/15/10h_ticks.bi5 "HTTP/1.1 200 OK"
2026-06-13 21:19:00,924 - httpx - INFO - HTTP Request: GET https://datafeed.dukascopy.com/datafeed/EURUSD/2026/04/15/05h_ticks.bi5 "HTTP/1.1 200 OK"
2026-06-13 21:19:01,019 - httpx - INFO - HTTP Request: GET https://datafeed.dukascopy.com/datafeed/EURUSD/2026/04/15/16h_ticks.bi5 "HTTP/1.1 200 OK"
2026-06-13 21:19:01,221 - httpx - INFO - HTTP Request: GET https://datafeed.dukascopy.com/datafeed/EURUSD/2026/04/15/22h_ticks.bi5 "HTTP/1.1 200 OK"
2026-06-13 21:19:01,506 - httpx - INFO - HTTP Request: GET https://datafeed.dukascopy.com/datafeed/EURUSD/2026/04/15/13h_ticks.bi5 "HTTP/1.1 200 OK"
2026-06-13 21:19:01,614 - httpx - INFO - HTTP Request: GET https://datafeed.dukascopy.com/datafeed/EURUSD/2026/04/15/19h_ticks.bi5 "HTTP/1.1 200 OK"
2026-06-13 21:19:01,888 - httpx - INFO - HTTP Request: GET https://datafeed.dukascopy.com/datafeed/EURUSD/2026/04/15/15h_ticks.bi5 "HTTP/1.1 200 OK"
2026-06-13 21:19:02,012 - httpx - INFO - HTTP Request: GET https://datafeed.dukascopy.com/datafeed/EURUSD/2026/04/15/21h_ticks.bi5 "HTTP/1.1 200 OK"
2026-06-13 21:19:02,208 - httpx - INFO - HTTP Request: GET https://datafeed.dukascopy.com/datafeed/EURUSD/2026/04/15/20h_ticks.bi5 "HTTP/1.1 200 OK"
2026-06-13 21:19:02,409 - httpx - INFO - HTTP Request: GET https://datafeed.dukascopy.com/datafeed/EURUSD/2026/04/15/23h_ticks.bi5 "HTTP/1.1 200 OK"
2026-06-13 21:19:07,854 - AnomalyDetector - INFO - Building anomaly profile for EURUSD...
2026-06-13 21:19:07,947 - AnomalyDetector - INFO - Anomaly profile built for EURUSD with 36 indicators.
2026-06-13 21:19:07,956 - AnomalyDetector - WARNING - ANOMALY DETECTED for EURUSD: ['ema_9', 'ema_21', 'ema_50', 'ema_200', 'bb_upper', 'bb_middle', 'bb_lower', 'tenkan', 'kijun', 'senkou_a', 'senkou_b', 'pivot', 'r1', 's1', 'r2', 's2', 'r3', 's3', 'vwap']
2026-06-13 21:19:08,061 - RiskManager - WARNING - Risk Check: R:R ratio too low for EURUSD. Trade blocked.
2026-06-13 21:19:08,081 - DecisionEngine - WARNING - Raising confidence threshold to 0.85 due to anomaly in EURUSD
2026-06-13 21:19:08,082 - DecisionEngine - ERROR - Error in Decision Pipeline for EURUSD: 3 validation errors for TradeDecision
stop_loss
  Input should be greater than 0 [type=greater_than, input_value=0.0, input_type=float]
    For further information visit https://errors.pydantic.dev/2.13/v/greater_than
take_profit
  Input should be greater than 0 [type=greater_than, input_value=0.0, input_type=float]
    For further information visit https://errors.pydantic.dev/2.13/v/greater_than
lot_size
  Input should be greater than 0 [type=greater_than, input_value=0.0, input_type=float]
    For further information visit https://errors.pydantic.dev/2.13/v/greater_than
Traceback (most recent call last):
  File "D:\prj\Intelli-Trader\backend\modules\decision\decision_engine.py", line 185, in run_pipeline
    trade_decision = TradeDecision(
                     ^^^^^^^^^^^^^^
  File "C:\Users\Me\AppData\Local\Programs\Python\Python312\Lib\site-packages\pydantic\main.py", line 263, in __init__
    validated_self = self.__pydantic_validator__.validate_python(data, self_instance=self)
                     ^^^^^^^^^^^^^^^^^^^^^^^^^^^^^^^^^^^^^^^^^^^^^^^^^^^^^^^^^^^^^^^^^^^^^
pydantic_core._pydantic_core.ValidationError: 3 validation errors for TradeDecision
stop_loss
  Input should be greater than 0 [type=greater_than, input_value=0.0, input_type=float]
    For further information visit https://errors.pydantic.dev/2.13/v/greater_than
take_profit
  Input should be greater than 0 [type=greater_than, input_value=0.0, input_type=float]
    For further information visit https://errors.pydantic.dev/2.13/v/greater_than
lot_size
  Input should be greater than 0 [type=greater_than, input_value=0.0, input_type=float]
    For further information visit https://errors.pydantic.dev/2.13/v/greater_than
2026-06-13 21:19:08,142 - LiveEngine - INFO - Signal for EURUSD: HOLD (Confidence: 0.0000)
2026-06-13 21:19:08,143 - LiveEngine - INFO - --- Starting Live Cycle: GBPUSD H1 ---
2026-06-13 21:19:08,965 - httpx - INFO - HTTP Request: GET https://datafeed.dukascopy.com/datafeed/EURUSD/2026/05/13/02h_ticks.bi5 "HTTP/1.1 200 OK"
2026-06-13 21:19:09,028 - httpx - INFO - HTTP Request: GET https://datafeed.dukascopy.com/datafeed/EURUSD/2026/05/13/15h_ticks.bi5 "HTTP/1.1 503 Service Temporarily Unavailable"
2026-06-13 21:19:09,032 - httpx - INFO - HTTP Request: GET https://datafeed.dukascopy.com/datafeed/EURUSD/2026/05/13/18h_ticks.bi5 "HTTP/1.1 503 Service Temporarily Unavailable"
2026-06-13 21:19:09,083 - httpx - INFO - HTTP Request: GET https://datafeed.dukascopy.com/datafeed/EURUSD/2026/05/13/07h_ticks.bi5 "HTTP/1.1 503 Service Temporarily Unavailable"
2026-06-13 21:19:09,110 - httpx - INFO - HTTP Request: GET https://datafeed.dukascopy.com/datafeed/EURUSD/2026/05/13/22h_ticks.bi5 "HTTP/1.1 503 Service Temporarily Unavailable"
2026-06-13 21:19:09,112 - httpx - INFO - HTTP Request: GET https://datafeed.dukascopy.com/datafeed/EURUSD/2026/05/13/21h_ticks.bi5 "HTTP/1.1 503 Service Temporarily Unavailable"
2026-06-13 21:19:09,115 - httpx - INFO - HTTP Request: GET https://datafeed.dukascopy.com/datafeed/EURUSD/2026/05/13/23h_ticks.bi5 "HTTP/1.1 503 Service Temporarily Unavailable"
2026-06-13 21:19:09,117 - httpx - INFO - HTTP Request: GET https://datafeed.dukascopy.com/datafeed/EURUSD/2026/05/13/10h_ticks.bi5 "HTTP/1.1 503 Service Temporarily Unavailable"
2026-06-13 21:19:09,120 - httpx - INFO - HTTP Request: GET https://datafeed.dukascopy.com/datafeed/EURUSD/2026/05/13/20h_ticks.bi5 "HTTP/1.1 503 Service Temporarily Unavailable"
2026-06-13 21:19:09,126 - httpx - INFO - HTTP Request: GET https://datafeed.dukascopy.com/datafeed/EURUSD/2026/05/13/04h_ticks.bi5 "HTTP/1.1 200 OK"
2026-06-13 21:19:09,319 - httpx - INFO - HTTP Request: GET https://datafeed.dukascopy.com/datafeed/EURUSD/2026/05/13/06h_ticks.bi5 "HTTP/1.1 200 OK"
2026-06-13 21:19:09,511 - httpx - INFO - HTTP Request: GET https://datafeed.dukascopy.com/datafeed/EURUSD/2026/05/13/01h_ticks.bi5 "HTTP/1.1 200 OK"
2026-06-13 21:19:09,713 - httpx - INFO - HTTP Request: GET https://datafeed.dukascopy.com/datafeed/EURUSD/2026/05/13/00h_ticks.bi5 "HTTP/1.1 200 OK"
2026-06-13 21:19:09,914 - httpx - INFO - HTTP Request: GET https://datafeed.dukascopy.com/datafeed/EURUSD/2026/05/13/03h_ticks.bi5 "HTTP/1.1 200 OK"
2026-06-13 21:19:10,112 - httpx - INFO - HTTP Request: GET https://datafeed.dukascopy.com/datafeed/EURUSD/2026/05/13/11h_ticks.bi5 "HTTP/1.1 200 OK"
2026-06-13 21:19:10,311 - httpx - INFO - HTTP Request: GET https://datafeed.dukascopy.com/datafeed/EURUSD/2026/05/13/17h_ticks.bi5 "HTTP/1.1 200 OK"
2026-06-13 21:19:10,511 - httpx - INFO - HTTP Request: GET https://datafeed.dukascopy.com/datafeed/EURUSD/2026/05/13/14h_ticks.bi5 "HTTP/1.1 200 OK"
2026-06-13 21:19:10,712 - httpx - INFO - HTTP Request: GET https://datafeed.dukascopy.com/datafeed/EURUSD/2026/05/13/05h_ticks.bi5 "HTTP/1.1 200 OK"
2026-06-13 21:19:10,914 - httpx - INFO - HTTP Request: GET https://datafeed.dukascopy.com/datafeed/EURUSD/2026/05/13/12h_ticks.bi5 "HTTP/1.1 200 OK"
2026-06-13 21:19:11,110 - httpx - INFO - HTTP Request: GET https://datafeed.dukascopy.com/datafeed/EURUSD/2026/05/13/16h_ticks.bi5 "HTTP/1.1 200 OK"
2026-06-13 21:19:11,309 - httpx - INFO - HTTP Request: GET https://datafeed.dukascopy.com/datafeed/EURUSD/2026/05/13/08h_ticks.bi5 "HTTP/1.1 200 OK"
2026-06-13 21:19:11,511 - httpx - INFO - HTTP Request: GET https://datafeed.dukascopy.com/datafeed/EURUSD/2026/05/13/09h_ticks.bi5 "HTTP/1.1 200 OK"
2026-06-13 21:19:11,710 - httpx - INFO - HTTP Request: GET https://datafeed.dukascopy.com/datafeed/EURUSD/2026/05/13/19h_ticks.bi5 "HTTP/1.1 404 Not Found"
2026-06-13 21:19:11,910 - httpx - INFO - HTTP Request: GET https://datafeed.dukascopy.com/datafeed/EURUSD/2026/05/13/13h_ticks.bi5 "HTTP/1.1 200 OK"
2026-06-13 21:19:12,187 - httpx - INFO - HTTP Request: GET https://datafeed.dukascopy.com/datafeed/EURUSD/2026/05/12/00h_ticks.bi5 "HTTP/1.1 200 OK"
2026-06-13 21:19:12,270 - httpx - INFO - HTTP Request: GET https://datafeed.dukascopy.com/datafeed/EURUSD/2026/05/12/15h_ticks.bi5 "HTTP/1.1 503 Service Temporarily Unavailable"
2026-06-13 21:19:12,329 - httpx - INFO - HTTP Request: GET https://datafeed.dukascopy.com/datafeed/EURUSD/2026/05/12/09h_ticks.bi5 "HTTP/1.1 503 Service Temporarily Unavailable"
2026-06-13 21:19:12,337 - httpx - INFO - HTTP Request: GET https://datafeed.dukascopy.com/datafeed/EURUSD/2026/05/12/14h_ticks.bi5 "HTTP/1.1 503 Service Temporarily Unavailable"
2026-06-13 21:19:12,360 - httpx - INFO - HTTP Request: GET https://datafeed.dukascopy.com/datafeed/EURUSD/2026/05/12/11h_ticks.bi5 "HTTP/1.1 503 Service Temporarily Unavailable"
2026-06-13 21:19:12,383 - httpx - INFO - HTTP Request: GET https://datafeed.dukascopy.com/datafeed/EURUSD/2026/05/12/01h_ticks.bi5 "HTTP/1.1 200 OK"
2026-06-13 21:19:12,512 - httpx - INFO - HTTP Request: GET https://datafeed.dukascopy.com/datafeed/EURUSD/2026/05/12/04h_ticks.bi5 "HTTP/1.1 200 OK"
2026-06-13 21:19:12,527 - httpx - INFO - HTTP Request: GET https://datafeed.dukascopy.com/datafeed/EURUSD/2026/05/12/08h_ticks.bi5 "HTTP/1.1 503 Service Temporarily Unavailable"
2026-06-13 21:19:12,550 - httpx - INFO - HTTP Request: GET https://datafeed.dukascopy.com/datafeed/EURUSD/2026/05/12/19h_ticks.bi5 "HTTP/1.1 503 Service Temporarily Unavailable"
2026-06-13 21:19:12,847 - httpx - INFO - HTTP Request: GET https://datafeed.dukascopy.com/datafeed/EURUSD/2026/05/12/07h_ticks.bi5 "HTTP/1.1 200 OK"
2026-06-13 21:19:12,894 - LiveFeedWS - ERROR - WebSocket error for eurusd: PubSub.get_message() got an unexpected keyword argument 'ignore_subscribe_crap'
2026-06-13 21:19:12,943 - httpx - INFO - HTTP Request: GET https://datafeed.dukascopy.com/datafeed/EURUSD/2026/05/12/03h_ticks.bi5 "HTTP/1.1 200 OK"
2026-06-13 21:19:12,988 - AlertsWS - ERROR - Alerts WebSocket error: PubSub.get_message() got an unexpected keyword argument 'ignore_subscribe_crap'
2026-06-13 21:19:13,181 - httpx - INFO - HTTP Request: GET https://datafeed.dukascopy.com/datafeed/EURUSD/2026/05/12/12h_ticks.bi5 "HTTP/1.1 200 OK"
2026-06-13 21:19:13,401 - httpx - INFO - HTTP Request: GET https://datafeed.dukascopy.com/datafeed/EURUSD/2026/05/12/06h_ticks.bi5 "HTTP/1.1 200 OK"
2026-06-13 21:19:13,584 - httpx - INFO - HTTP Request: GET https://datafeed.dukascopy.com/datafeed/EURUSD/2026/05/12/17h_ticks.bi5 "HTTP/1.1 200 OK"
2026-06-13 21:19:13,712 - httpx - INFO - HTTP Request: GET https://datafeed.dukascopy.com/datafeed/EURUSD/2026/05/12/02h_ticks.bi5 "HTTP/1.1 200 OK"
2026-06-13 21:19:13,995 - httpx - INFO - HTTP Request: GET https://datafeed.dukascopy.com/datafeed/EURUSD/2026/05/12/10h_ticks.bi5 "HTTP/1.1 200 OK"
2026-06-13 21:19:14,135 - httpx - INFO - HTTP Request: GET https://datafeed.dukascopy.com/datafeed/EURUSD/2026/05/12/05h_ticks.bi5 "HTTP/1.1 200 OK"
2026-06-13 21:19:14,391 - httpx - INFO - HTTP Request: GET https://datafeed.dukascopy.com/datafeed/EURUSD/2026/05/12/16h_ticks.bi5 "HTTP/1.1 200 OK"
2026-06-13 21:19:14,518 - httpx - INFO - HTTP Request: GET https://datafeed.dukascopy.com/datafeed/EURUSD/2026/05/12/23h_ticks.bi5 "HTTP/1.1 200 OK"
2026-06-13 21:19:14,714 - httpx - INFO - HTTP Request: GET https://datafeed.dukascopy.com/datafeed/EURUSD/2026/05/12/18h_ticks.bi5 "HTTP/1.1 200 OK"
2026-06-13 21:19:14,913 - httpx - INFO - HTTP Request: GET https://datafeed.dukascopy.com/datafeed/EURUSD/2026/05/12/22h_ticks.bi5 "HTTP/1.1 200 OK"
2026-06-13 21:19:15,058 - AlertsWS - ERROR - Alerts WebSocket error: PubSub.get_message() got an unexpected keyword argument 'ignore_subscribe_crap'
2026-06-13 21:19:15,061 - LiveFeedWS - ERROR - WebSocket error for eurusd: PubSub.get_message() got an unexpected keyword argument 'ignore_subscribe_crap'
2026-06-13 21:19:15,194 - httpx - INFO - HTTP Request: GET https://datafeed.dukascopy.com/datafeed/EURUSD/2026/05/12/13h_ticks.bi5 "HTTP/1.1 200 OK"
2026-06-13 21:19:15,314 - httpx - INFO - HTTP Request: GET https://datafeed.dukascopy.com/datafeed/EURUSD/2026/05/12/20h_ticks.bi5 "HTTP/1.1 200 OK"
2026-06-13 21:19:15,509 - httpx - INFO - HTTP Request: GET https://datafeed.dukascopy.com/datafeed/EURUSD/2026/05/12/21h_ticks.bi5 "HTTP/1.1 200 OK"
2026-06-13 21:19:15,799 - httpx - INFO - HTTP Request: GET https://datafeed.dukascopy.com/datafeed/EURUSD/2026/05/11/00h_ticks.bi5 "HTTP/1.1 200 OK"
2026-06-13 21:19:15,913 - httpx - INFO - HTTP Request: GET https://datafeed.dukascopy.com/datafeed/EURUSD/2026/05/11/01h_ticks.bi5 "HTTP/1.1 200 OK"
2026-06-13 21:19:15,971 - httpx - INFO - HTTP Request: GET https://datafeed.dukascopy.com/datafeed/EURUSD/2026/05/11/14h_ticks.bi5 "HTTP/1.1 503 Service Temporarily Unavailable"
2026-06-13 21:19:15,989 - httpx - INFO - HTTP Request: GET https://datafeed.dukascopy.com/datafeed/EURUSD/2026/05/11/08h_ticks.bi5 "HTTP/1.1 503 Service Temporarily Unavailable"
2026-06-13 21:19:15,990 - httpx - INFO - HTTP Request: GET https://datafeed.dukascopy.com/datafeed/EURUSD/2026/05/11/19h_ticks.bi5 "HTTP/1.1 503 Service Temporarily Unavailable"
2026-06-13 21:19:16,016 - httpx - INFO - HTTP Request: GET https://datafeed.dukascopy.com/datafeed/EURUSD/2026/05/11/09h_ticks.bi5 "HTTP/1.1 503 Service Temporarily Unavailable"
2026-06-13 21:19:16,117 - httpx - INFO - HTTP Request: GET https://datafeed.dukascopy.com/datafeed/EURUSD/2026/05/11/04h_ticks.bi5 "HTTP/1.1 200 OK"
2026-06-13 21:19:16,191 - httpx - INFO - HTTP Request: GET https://datafeed.dukascopy.com/datafeed/EURUSD/2026/05/11/21h_ticks.bi5 "HTTP/1.1 503 Service Temporarily Unavailable"
2026-06-13 21:19:16,194 - httpx - INFO - HTTP Request: GET https://datafeed.dukascopy.com/datafeed/EURUSD/2026/05/11/20h_ticks.bi5 "HTTP/1.1 503 Service Temporarily Unavailable"
2026-06-13 21:19:16,386 - httpx - INFO - HTTP Request: GET https://datafeed.dukascopy.com/datafeed/EURUSD/2026/05/11/07h_ticks.bi5 "HTTP/1.1 200 OK"
2026-06-13 21:19:16,549 - httpx - INFO - HTTP Request: GET https://datafeed.dukascopy.com/datafeed/EURUSD/2026/05/11/03h_ticks.bi5 "HTTP/1.1 200 OK"
2026-06-13 21:19:16,791 - httpx - INFO - HTTP Request: GET https://datafeed.dukascopy.com/datafeed/EURUSD/2026/05/11/12h_ticks.bi5 "HTTP/1.1 200 OK"
2026-06-13 21:19:16,913 - httpx - INFO - HTTP Request: GET https://datafeed.dukascopy.com/datafeed/EURUSD/2026/05/11/06h_ticks.bi5 "HTTP/1.1 200 OK"
2026-06-13 21:19:17,104 - LiveFeedWS - ERROR - WebSocket error for eurusd: PubSub.get_message() got an unexpected keyword argument 'ignore_subscribe_crap'
2026-06-13 21:19:17,106 - AlertsWS - ERROR - Alerts WebSocket error: PubSub.get_message() got an unexpected keyword argument 'ignore_subscribe_crap'
2026-06-13 21:19:17,192 - httpx - INFO - HTTP Request: GET https://datafeed.dukascopy.com/datafeed/EURUSD/2026/05/11/17h_ticks.bi5 "HTTP/1.1 200 OK"
2026-06-13 21:19:17,354 - httpx - INFO - HTTP Request: GET https://datafeed.dukascopy.com/datafeed/EURUSD/2026/05/11/02h_ticks.bi5 "HTTP/1.1 200 OK"
2026-06-13 21:19:17,513 - httpx - INFO - HTTP Request: GET https://datafeed.dukascopy.com/datafeed/EURUSD/2026/05/11/10h_ticks.bi5 "HTTP/1.1 200 OK"
2026-06-13 21:19:17,715 - httpx - INFO - HTTP Request: GET https://datafeed.dukascopy.com/datafeed/EURUSD/2026/05/11/05h_ticks.bi5 "HTTP/1.1 200 OK"
2026-06-13 21:19:17,990 - httpx - INFO - HTTP Request: GET https://datafeed.dukascopy.com/datafeed/EURUSD/2026/05/11/16h_ticks.bi5 "HTTP/1.1 200 OK"
2026-06-13 21:19:18,115 - httpx - INFO - HTTP Request: GET https://datafeed.dukascopy.com/datafeed/EURUSD/2026/05/11/23h_ticks.bi5 "HTTP/1.1 200 OK"
2026-06-13 21:19:18,381 - httpx - INFO - HTTP Request: GET https://datafeed.dukascopy.com/datafeed/EURUSD/2026/05/11/18h_ticks.bi5 "HTTP/1.1 200 OK"
2026-06-13 21:19:18,511 - httpx - INFO - HTTP Request: GET https://datafeed.dukascopy.com/datafeed/EURUSD/2026/05/11/22h_ticks.bi5 "HTTP/1.1 200 OK"
2026-06-13 21:19:18,787 - httpx - INFO - HTTP Request: GET https://datafeed.dukascopy.com/datafeed/EURUSD/2026/05/11/13h_ticks.bi5 "HTTP/1.1 200 OK"
2026-06-13 21:19:18,953 - httpx - INFO - HTTP Request: GET https://datafeed.dukascopy.com/datafeed/EURUSD/2026/05/11/11h_ticks.bi5 "HTTP/1.1 200 OK"
2026-06-13 21:19:19,200 - httpx - INFO - HTTP Request: GET https://datafeed.dukascopy.com/datafeed/EURUSD/2026/05/11/15h_ticks.bi5 "HTTP/1.1 200 OK"
2026-06-13 21:19:19,815 - AlertsWS - ERROR - Alerts WebSocket error: PubSub.get_message() got an unexpected keyword argument 'ignore_subscribe_crap'
2026-06-13 21:19:19,893 - LiveFeedWS - ERROR - WebSocket error for eurusd: PubSub.get_message() got an unexpected keyword argument 'ignore_subscribe_crap'
2026-06-13 21:19:20,080 - httpx - INFO - HTTP Request: GET https://datafeed.dukascopy.com/datafeed/EURUSD/2026/05/10/00h_ticks.bi5 "HTTP/1.1 200 OK"
2026-06-13 21:19:20,200 - httpx - INFO - HTTP Request: GET https://datafeed.dukascopy.com/datafeed/EURUSD/2026/05/10/01h_ticks.bi5 "HTTP/1.1 200 OK"
2026-06-13 21:19:20,345 - httpx - INFO - HTTP Request: GET https://datafeed.dukascopy.com/datafeed/EURUSD/2026/05/10/04h_ticks.bi5 "HTTP/1.1 200 OK"
2026-06-13 21:19:20,480 - httpx - INFO - HTTP Request: GET https://datafeed.dukascopy.com/datafeed/EURUSD/2026/05/10/07h_ticks.bi5 "HTTP/1.1 200 OK"
2026-06-13 21:19:20,632 - httpx - INFO - HTTP Request: GET https://datafeed.dukascopy.com/datafeed/EURUSD/2026/05/10/21h_ticks.bi5 "HTTP/1.1 503 Service Temporarily Unavailable"
2026-06-13 21:19:20,654 - httpx - INFO - HTTP Request: GET https://datafeed.dukascopy.com/datafeed/EURUSD/2026/05/10/08h_ticks.bi5 "HTTP/1.1 503 Service Temporarily Unavailable"
2026-06-13 21:19:20,656 - httpx - INFO - HTTP Request: GET https://datafeed.dukascopy.com/datafeed/EURUSD/2026/05/10/02h_ticks.bi5 "HTTP/1.1 503 Service Temporarily Unavailable"
2026-06-13 21:19:20,658 - httpx - INFO - HTTP Request: GET https://datafeed.dukascopy.com/datafeed/EURUSD/2026/05/10/10h_ticks.bi5 "HTTP/1.1 503 Service Temporarily Unavailable"
2026-06-13 21:19:20,660 - httpx - INFO - HTTP Request: GET https://datafeed.dukascopy.com/datafeed/EURUSD/2026/05/10/22h_ticks.bi5 "HTTP/1.1 503 Service Temporarily Unavailable"
2026-06-13 21:19:20,665 - httpx - INFO - HTTP Request: GET https://datafeed.dukascopy.com/datafeed/EURUSD/2026/05/10/03h_ticks.bi5 "HTTP/1.1 200 OK"
2026-06-13 21:19:20,936 - httpx - INFO - HTTP Request: GET https://datafeed.dukascopy.com/datafeed/EURUSD/2026/05/10/12h_ticks.bi5 "HTTP/1.1 200 OK"
2026-06-13 21:19:21,149 - httpx - INFO - HTTP Request: GET https://datafeed.dukascopy.com/datafeed/EURUSD/2026/05/10/16h_ticks.bi5 "HTTP/1.1 200 OK"
2026-06-13 21:19:21,259 - httpx - INFO - HTTP Request: GET https://datafeed.dukascopy.com/datafeed/EURUSD/2026/05/10/06h_ticks.bi5 "HTTP/1.1 200 OK"
2026-06-13 21:19:21,532 - httpx - INFO - HTTP Request: GET https://datafeed.dukascopy.com/datafeed/EURUSD/2026/05/10/13h_ticks.bi5 "HTTP/1.1 200 OK"
2026-06-13 21:19:21,733 - httpx - INFO - HTTP Request: GET https://datafeed.dukascopy.com/datafeed/EURUSD/2026/05/10/11h_ticks.bi5 "HTTP/1.1 200 OK"
2026-06-13 21:19:21,856 - httpx - INFO - HTTP Request: GET https://datafeed.dukascopy.com/datafeed/EURUSD/2026/05/10/20h_ticks.bi5 "HTTP/1.1 200 OK"
2026-06-13 21:19:22,014 - LiveFeedWS - ERROR - WebSocket error for eurusd: PubSub.get_message() got an unexpected keyword argument 'ignore_subscribe_crap'
2026-06-13 21:19:22,017 - AlertsWS - ERROR - Alerts WebSocket error: PubSub.get_message() got an unexpected keyword argument 'ignore_subscribe_crap'
2026-06-13 21:19:22,056 - httpx - INFO - HTTP Request: GET https://datafeed.dukascopy.com/datafeed/EURUSD/2026/05/10/05h_ticks.bi5 "HTTP/1.1 200 OK"
2026-06-13 21:19:22,335 - httpx - INFO - HTTP Request: GET https://datafeed.dukascopy.com/datafeed/EURUSD/2026/05/10/23h_ticks.bi5 "HTTP/1.1 200 OK"
2026-06-13 21:19:22,458 - httpx - INFO - HTTP Request: GET https://datafeed.dukascopy.com/datafeed/EURUSD/2026/05/10/09h_ticks.bi5 "HTTP/1.1 200 OK"
2026-06-13 21:19:22,731 - httpx - INFO - HTTP Request: GET https://datafeed.dukascopy.com/datafeed/EURUSD/2026/05/10/15h_ticks.bi5 "HTTP/1.1 200 OK"
2026-06-13 21:19:22,855 - httpx - INFO - HTTP Request: GET https://datafeed.dukascopy.com/datafeed/EURUSD/2026/05/10/19h_ticks.bi5 "HTTP/1.1 200 OK"
2026-06-13 21:19:23,130 - httpx - INFO - HTTP Request: GET https://datafeed.dukascopy.com/datafeed/EURUSD/2026/05/10/17h_ticks.bi5 "HTTP/1.1 200 OK"
2026-06-13 21:19:23,324 - httpx - INFO - HTTP Request: GET https://datafeed.dukascopy.com/datafeed/EURUSD/2026/05/10/18h_ticks.bi5 "HTTP/1.1 200 OK"
2026-06-13 21:19:23,533 - httpx - INFO - HTTP Request: GET https://datafeed.dukascopy.com/datafeed/EURUSD/2026/05/10/14h_ticks.bi5 "HTTP/1.1 200 OK"
2026-06-13 21:19:23,796 - httpx - INFO - HTTP Request: GET https://datafeed.dukascopy.com/datafeed/EURUSD/2026/05/09/00h_ticks.bi5 "HTTP/1.1 200 OK"
2026-06-13 21:19:23,972 - httpx - INFO - HTTP Request: GET https://datafeed.dukascopy.com/datafeed/EURUSD/2026/05/09/01h_ticks.bi5 "HTTP/1.1 200 OK"
2026-06-13 21:19:24,006 - httpx - INFO - HTTP Request: GET https://datafeed.dukascopy.com/datafeed/EURUSD/2026/05/09/22h_ticks.bi5 "HTTP/1.1 503 Service Temporarily Unavailable"
2026-06-13 21:19:24,064 - httpx - INFO - HTTP Request: GET https://datafeed.dukascopy.com/datafeed/EURUSD/2026/05/09/13h_ticks.bi5 "HTTP/1.1 503 Service Temporarily Unavailable"
2026-06-13 21:19:24,065 - httpx - INFO - HTTP Request: GET https://datafeed.dukascopy.com/datafeed/EURUSD/2026/05/09/21h_ticks.bi5 "HTTP/1.1 503 Service Temporarily Unavailable"
2026-06-13 21:19:24,068 - httpx - INFO - HTTP Request: GET https://datafeed.dukascopy.com/datafeed/EURUSD/2026/05/09/11h_ticks.bi5 "HTTP/1.1 503 Service Temporarily Unavailable"
2026-06-13 21:19:24,115 - LiveFeedWS - ERROR - WebSocket error for eurusd: PubSub.get_message() got an unexpected keyword argument 'ignore_subscribe_crap'
2026-06-13 21:19:24,120 - AlertsWS - ERROR - Alerts WebSocket error: PubSub.get_message() got an unexpected keyword argument 'ignore_subscribe_crap'
2026-06-13 21:19:24,179 - httpx - INFO - HTTP Request: GET https://datafeed.dukascopy.com/datafeed/EURUSD/2026/05/09/04h_ticks.bi5 "HTTP/1.1 200 OK"
2026-06-13 21:19:24,259 - httpx - INFO - HTTP Request: GET https://datafeed.dukascopy.com/datafeed/EURUSD/2026/05/09/19h_ticks.bi5 "HTTP/1.1 503 Service Temporarily Unavailable"
2026-06-13 21:19:24,277 - httpx - INFO - HTTP Request: GET https://datafeed.dukascopy.com/datafeed/EURUSD/2026/05/09/16h_ticks.bi5 "HTTP/1.1 503 Service Temporarily Unavailable"
2026-06-13 21:19:24,374 - httpx - INFO - HTTP Request: GET https://datafeed.dukascopy.com/datafeed/EURUSD/2026/05/09/07h_ticks.bi5 "HTTP/1.1 200 OK"
2026-06-13 21:19:24,571 - httpx - INFO - HTTP Request: GET https://datafeed.dukascopy.com/datafeed/EURUSD/2026/05/09/03h_ticks.bi5 "HTTP/1.1 200 OK"
2026-06-13 21:19:24,776 - httpx - INFO - HTTP Request: GET https://datafeed.dukascopy.com/datafeed/EURUSD/2026/05/09/12h_ticks.bi5 "HTTP/1.1 200 OK"
2026-06-13 21:19:24,980 - httpx - INFO - HTTP Request: GET https://datafeed.dukascopy.com/datafeed/EURUSD/2026/05/09/06h_ticks.bi5 "HTTP/1.1 200 OK"
2026-06-13 21:19:25,258 - httpx - INFO - HTTP Request: GET https://datafeed.dukascopy.com/datafeed/EURUSD/2026/05/09/17h_ticks.bi5 "HTTP/1.1 200 OK"
2026-06-13 21:19:25,375 - httpx - INFO - HTTP Request: GET https://datafeed.dukascopy.com/datafeed/EURUSD/2026/05/09/02h_ticks.bi5 "HTTP/1.1 200 OK"
2026-06-13 21:19:25,575 - httpx - INFO - HTTP Request: GET https://datafeed.dukascopy.com/datafeed/EURUSD/2026/05/09/10h_ticks.bi5 "HTTP/1.1 200 OK"
2026-06-13 21:19:25,773 - httpx - INFO - HTTP Request: GET https://datafeed.dukascopy.com/datafeed/EURUSD/2026/05/09/23h_ticks.bi5 "HTTP/1.1 200 OK"
2026-06-13 21:19:25,976 - httpx - INFO - HTTP Request: GET https://datafeed.dukascopy.com/datafeed/EURUSD/2026/05/09/05h_ticks.bi5 "HTTP/1.1 200 OK"
2026-06-13 21:19:26,171 - LiveFeedWS - ERROR - WebSocket error for eurusd: PubSub.get_message() got an unexpected keyword argument 'ignore_subscribe_crap'
2026-06-13 21:19:26,173 - httpx - INFO - HTTP Request: GET https://datafeed.dukascopy.com/datafeed/EURUSD/2026/05/09/20h_ticks.bi5 "HTTP/1.1 200 OK"
2026-06-13 21:19:26,208 - AlertsWS - ERROR - Alerts WebSocket error: PubSub.get_message() got an unexpected keyword argument 'ignore_subscribe_crap'
2026-06-13 21:19:26,443 - httpx - INFO - HTTP Request: GET https://datafeed.dukascopy.com/datafeed/EURUSD/2026/05/09/15h_ticks.bi5 "HTTP/1.1 200 OK"
2026-06-13 21:19:26,644 - httpx - INFO - HTTP Request: GET https://datafeed.dukascopy.com/datafeed/EURUSD/2026/05/09/14h_ticks.bi5 "HTTP/1.1 200 OK"
2026-06-13 21:19:26,840 - httpx - INFO - HTTP Request: GET https://datafeed.dukascopy.com/datafeed/EURUSD/2026/05/09/08h_ticks.bi5 "HTTP/1.1 200 OK"
2026-06-13 21:19:27,043 - httpx - INFO - HTTP Request: GET https://datafeed.dukascopy.com/datafeed/EURUSD/2026/05/09/18h_ticks.bi5 "HTTP/1.1 200 OK"
2026-06-13 21:19:27,172 - httpx - INFO - HTTP Request: GET https://datafeed.dukascopy.com/datafeed/EURUSD/2026/05/09/09h_ticks.bi5 "HTTP/1.1 200 OK"
2026-06-13 21:19:27,395 - httpx - INFO - HTTP Request: GET https://datafeed.dukascopy.com/datafeed/EURUSD/2026/05/08/00h_ticks.bi5 "HTTP/1.1 200 OK"
2026-06-13 21:19:27,592 - httpx - INFO - HTTP Request: GET https://datafeed.dukascopy.com/datafeed/EURUSD/2026/05/08/11h_ticks.bi5 "HTTP/1.1 503 Service Temporarily Unavailable"
2026-06-13 21:19:27,604 - httpx - INFO - HTTP Request: GET https://datafeed.dukascopy.com/datafeed/EURUSD/2026/05/08/16h_ticks.bi5 "HTTP/1.1 503 Service Temporarily Unavailable"
2026-06-13 21:19:27,607 - httpx - INFO - HTTP Request: GET https://datafeed.dukascopy.com/datafeed/EURUSD/2026/05/08/15h_ticks.bi5 "HTTP/1.1 503 Service Temporarily Unavailable"
2026-06-13 21:19:27,615 - httpx - INFO - HTTP Request: GET https://datafeed.dukascopy.com/datafeed/EURUSD/2026/05/08/18h_ticks.bi5 "HTTP/1.1 503 Service Temporarily Unavailable"
2026-06-13 21:19:27,644 - httpx - INFO - HTTP Request: GET https://datafeed.dukascopy.com/datafeed/EURUSD/2026/05/08/01h_ticks.bi5 "HTTP/1.1 200 OK"
2026-06-13 21:19:27,768 - httpx - INFO - HTTP Request: GET https://datafeed.dukascopy.com/datafeed/EURUSD/2026/05/08/04h_ticks.bi5 "HTTP/1.1 200 OK"
2026-06-13 21:19:27,780 - httpx - INFO - HTTP Request: GET https://datafeed.dukascopy.com/datafeed/EURUSD/2026/05/08/08h_ticks.bi5 "HTTP/1.1 503 Service Temporarily Unavailable"
2026-06-13 21:19:27,842 - httpx - INFO - HTTP Request: GET https://datafeed.dukascopy.com/datafeed/EURUSD/2026/05/08/22h_ticks.bi5 "HTTP/1.1 503 Service Temporarily Unavailable"
2026-06-13 21:19:28,061 - httpx - INFO - HTTP Request: GET https://datafeed.dukascopy.com/datafeed/EURUSD/2026/05/08/07h_ticks.bi5 "HTTP/1.1 200 OK"
2026-06-13 21:19:28,168 - httpx - INFO - HTTP Request: GET https://datafeed.dukascopy.com/datafeed/EURUSD/2026/05/08/03h_ticks.bi5 "HTTP/1.1 200 OK"
2026-06-13 21:19:28,831 - httpx - INFO - HTTP Request: GET https://datafeed.dukascopy.com/datafeed/EURUSD/2026/05/08/06h_ticks.bi5 "HTTP/1.1 200 OK"
2026-06-13 21:19:28,834 - httpx - INFO - HTTP Request: GET https://datafeed.dukascopy.com/datafeed/EURUSD/2026/05/08/17h_ticks.bi5 "HTTP/1.1 200 OK"
2026-06-13 21:19:28,873 - httpx - INFO - HTTP Request: GET https://datafeed.dukascopy.com/datafeed/EURUSD/2026/05/08/12h_ticks.bi5 "HTTP/1.1 200 OK"
2026-06-13 21:19:28,977 - httpx - INFO - HTTP Request: GET https://datafeed.dukascopy.com/datafeed/EURUSD/2026/05/08/02h_ticks.bi5 "HTTP/1.1 200 OK"
2026-06-13 21:19:29,244 - httpx - INFO - HTTP Request: GET https://datafeed.dukascopy.com/datafeed/EURUSD/2026/05/08/10h_ticks.bi5 "HTTP/1.1 200 OK"
2026-06-13 21:19:29,379 - httpx - INFO - HTTP Request: GET https://datafeed.dukascopy.com/datafeed/EURUSD/2026/05/08/05h_ticks.bi5 "HTTP/1.1 200 OK"
2026-06-13 21:19:29,581 - httpx - INFO - HTTP Request: GET https://datafeed.dukascopy.com/datafeed/EURUSD/2026/05/08/19h_ticks.bi5 "HTTP/1.1 200 OK"
2026-06-13 21:19:29,840 - httpx - INFO - HTTP Request: GET https://datafeed.dukascopy.com/datafeed/EURUSD/2026/05/08/13h_ticks.bi5 "HTTP/1.1 200 OK"
2026-06-13 21:19:30,065 - httpx - INFO - HTTP Request: GET https://datafeed.dukascopy.com/datafeed/EURUSD/2026/05/08/09h_ticks.bi5 "HTTP/1.1 200 OK"
2026-06-13 21:19:30,250 - httpx - INFO - HTTP Request: GET https://datafeed.dukascopy.com/datafeed/EURUSD/2026/05/08/14h_ticks.bi5 "HTTP/1.1 200 OK"
2026-06-13 21:19:30,372 - httpx - INFO - HTTP Request: GET https://datafeed.dukascopy.com/datafeed/EURUSD/2026/05/08/20h_ticks.bi5 "HTTP/1.1 200 OK"
2026-06-13 21:19:30,570 - httpx - INFO - HTTP Request: GET https://datafeed.dukascopy.com/datafeed/EURUSD/2026/05/08/21h_ticks.bi5 "HTTP/1.1 200 OK"
2026-06-13 21:19:30,769 - httpx - INFO - HTTP Request: GET https://datafeed.dukascopy.com/datafeed/EURUSD/2026/05/08/23h_ticks.bi5 "HTTP/1.1 200 OK"
2026-06-13 21:19:30,985 - httpx - INFO - HTTP Request: GET https://datafeed.dukascopy.com/datafeed/EURUSD/2026/05/07/00h_ticks.bi5 "HTTP/1.1 200 OK"
2026-06-13 21:19:31,149 - httpx - INFO - HTTP Request: GET https://datafeed.dukascopy.com/datafeed/EURUSD/2026/05/07/09h_ticks.bi5 "HTTP/1.1 503 Service Temporarily Unavailable"
2026-06-13 21:19:31,170 - httpx - INFO - HTTP Request: GET https://datafeed.dukascopy.com/datafeed/EURUSD/2026/05/07/13h_ticks.bi5 "HTTP/1.1 503 Service Temporarily Unavailable"
2026-06-13 21:19:31,217 - httpx - INFO - HTTP Request: GET https://datafeed.dukascopy.com/datafeed/EURUSD/2026/05/07/11h_ticks.bi5 "HTTP/1.1 503 Service Temporarily Unavailable"
2026-06-13 21:19:31,305 - httpx - INFO - HTTP Request: GET https://datafeed.dukascopy.com/datafeed/EURUSD/2026/05/07/01h_ticks.bi5 "HTTP/1.1 200 OK"
2026-06-13 21:19:31,308 - httpx - INFO - HTTP Request: GET https://datafeed.dukascopy.com/datafeed/EURUSD/2026/05/07/22h_ticks.bi5 "HTTP/1.1 503 Service Temporarily Unavailable"
2026-06-13 21:19:31,363 - httpx - INFO - HTTP Request: GET https://datafeed.dukascopy.com/datafeed/EURUSD/2026/05/07/04h_ticks.bi5 "HTTP/1.1 200 OK"
2026-06-13 21:19:31,536 - httpx - INFO - HTTP Request: GET https://datafeed.dukascopy.com/datafeed/EURUSD/2026/05/07/19h_ticks.bi5 "HTTP/1.1 503 Service Temporarily Unavailable"
2026-06-13 21:19:31,582 - httpx - INFO - HTTP Request: GET https://datafeed.dukascopy.com/datafeed/EURUSD/2026/05/07/20h_ticks.bi5 "HTTP/1.1 503 Service Temporarily Unavailable"
2026-06-13 21:19:31,766 - httpx - INFO - HTTP Request: GET https://datafeed.dukascopy.com/datafeed/EURUSD/2026/05/07/03h_ticks.bi5 "HTTP/1.1 200 OK"
2026-06-13 21:19:31,858 - httpx - INFO - HTTP Request: GET https://datafeed.dukascopy.com/datafeed/EURUSD/2026/05/07/07h_ticks.bi5 "HTTP/1.1 200 OK"
2026-06-13 21:19:31,988 - httpx - INFO - HTTP Request: GET https://datafeed.dukascopy.com/datafeed/EURUSD/2026/05/07/12h_ticks.bi5 "HTTP/1.1 200 OK"
2026-06-13 21:19:32,167 - httpx - INFO - HTTP Request: GET https://datafeed.dukascopy.com/datafeed/EURUSD/2026/05/07/06h_ticks.bi5 "HTTP/1.1 200 OK"
2026-06-13 21:19:32,367 - httpx - INFO - HTTP Request: GET https://datafeed.dukascopy.com/datafeed/EURUSD/2026/05/07/17h_ticks.bi5 "HTTP/1.1 200 OK"
2026-06-13 21:19:32,567 - httpx - INFO - HTTP Request: GET https://datafeed.dukascopy.com/datafeed/EURUSD/2026/05/07/02h_ticks.bi5 "HTTP/1.1 200 OK"
2026-06-13 21:19:32,768 - httpx - INFO - HTTP Request: GET https://datafeed.dukascopy.com/datafeed/EURUSD/2026/05/07/10h_ticks.bi5 "HTTP/1.1 200 OK"
2026-06-13 21:19:32,972 - httpx - INFO - HTTP Request: GET https://datafeed.dukascopy.com/datafeed/EURUSD/2026/05/07/05h_ticks.bi5 "HTTP/1.1 200 OK"
2026-06-13 21:19:33,167 - httpx - INFO - HTTP Request: GET https://datafeed.dukascopy.com/datafeed/EURUSD/2026/05/07/16h_ticks.bi5 "HTTP/1.1 200 OK"
2026-06-13 21:19:33,372 - httpx - INFO - HTTP Request: GET https://datafeed.dukascopy.com/datafeed/EURUSD/2026/05/07/23h_ticks.bi5 "HTTP/1.1 200 OK"
2026-06-13 21:19:33,575 - httpx - INFO - HTTP Request: GET https://datafeed.dukascopy.com/datafeed/EURUSD/2026/05/07/18h_ticks.bi5 "HTTP/1.1 200 OK"
2026-06-13 21:19:33,768 - httpx - INFO - HTTP Request: GET https://datafeed.dukascopy.com/datafeed/EURUSD/2026/05/07/08h_ticks.bi5 "HTTP/1.1 200 OK"
2026-06-13 21:19:33,968 - httpx - INFO - HTTP Request: GET https://datafeed.dukascopy.com/datafeed/EURUSD/2026/05/07/14h_ticks.bi5 "HTTP/1.1 200 OK"
2026-06-13 21:19:34,168 - httpx - INFO - HTTP Request: GET https://datafeed.dukascopy.com/datafeed/EURUSD/2026/05/07/21h_ticks.bi5 "HTTP/1.1 200 OK"
2026-06-13 21:19:34,370 - httpx - INFO - HTTP Request: GET https://datafeed.dukascopy.com/datafeed/EURUSD/2026/05/07/15h_ticks.bi5 "HTTP/1.1 200 OK"
2026-06-13 21:19:34,691 - httpx - INFO - HTTP Request: GET https://datafeed.dukascopy.com/datafeed/EURUSD/2026/05/06/00h_ticks.bi5 "HTTP/1.1 200 OK"
2026-06-13 21:19:34,888 - httpx - INFO - HTTP Request: GET https://datafeed.dukascopy.com/datafeed/EURUSD/2026/05/06/01h_ticks.bi5 "HTTP/1.1 200 OK"
2026-06-13 21:19:35,067 - httpx - INFO - HTTP Request: GET https://datafeed.dukascopy.com/datafeed/EURUSD/2026/05/06/04h_ticks.bi5 "HTTP/1.1 200 OK"
2026-06-13 21:19:35,101 - httpx - INFO - HTTP Request: GET https://datafeed.dukascopy.com/datafeed/EURUSD/2026/05/06/10h_ticks.bi5 "HTTP/1.1 503 Service Temporarily Unavailable"
2026-06-13 21:19:35,102 - httpx - INFO - HTTP Request: GET https://datafeed.dukascopy.com/datafeed/EURUSD/2026/05/06/05h_ticks.bi5 "HTTP/1.1 503 Service Temporarily Unavailable"
2026-06-13 21:19:35,117 - httpx - INFO - HTTP Request: GET https://datafeed.dukascopy.com/datafeed/EURUSD/2026/05/06/22h_ticks.bi5 "HTTP/1.1 503 Service Temporarily Unavailable"
2026-06-13 21:19:35,239 - httpx - INFO - HTTP Request: GET https://datafeed.dukascopy.com/datafeed/EURUSD/2026/05/06/08h_ticks.bi5 "HTTP/1.1 503 Service Temporarily Unavailable"
2026-06-13 21:19:35,268 - httpx - INFO - HTTP Request: GET https://datafeed.dukascopy.com/datafeed/EURUSD/2026/05/06/07h_ticks.bi5 "HTTP/1.1 200 OK"
2026-06-13 21:19:35,469 - httpx - INFO - HTTP Request: GET https://datafeed.dukascopy.com/datafeed/EURUSD/2026/05/06/03h_ticks.bi5 "HTTP/1.1 200 OK"
2026-06-13 21:19:35,663 - httpx - INFO - HTTP Request: GET https://datafeed.dukascopy.com/datafeed/EURUSD/2026/05/06/12h_ticks.bi5 "HTTP/1.1 200 OK"
2026-06-13 21:19:35,866 - httpx - INFO - HTTP Request: GET https://datafeed.dukascopy.com/datafeed/EURUSD/2026/05/06/06h_ticks.bi5 "HTTP/1.1 200 OK"
2026-06-13 21:19:36,067 - httpx - INFO - HTTP Request: GET https://datafeed.dukascopy.com/datafeed/EURUSD/2026/05/06/16h_ticks.bi5 "HTTP/1.1 200 OK"
2026-06-13 21:19:36,266 - httpx - INFO - HTTP Request: GET https://datafeed.dukascopy.com/datafeed/EURUSD/2026/05/06/13h_ticks.bi5 "HTTP/1.1 200 OK"
2026-06-13 21:19:36,466 - httpx - INFO - HTTP Request: GET https://datafeed.dukascopy.com/datafeed/EURUSD/2026/05/06/11h_ticks.bi5 "HTTP/1.1 200 OK"
2026-06-13 21:19:36,676 - httpx - INFO - HTTP Request: GET https://datafeed.dukascopy.com/datafeed/EURUSD/2026/05/06/21h_ticks.bi5 "HTTP/1.1 200 OK"
2026-06-13 21:19:36,874 - httpx - INFO - HTTP Request: GET https://datafeed.dukascopy.com/datafeed/EURUSD/2026/05/06/18h_ticks.bi5 "HTTP/1.1 200 OK"
2026-06-13 21:19:37,069 - httpx - INFO - HTTP Request: GET https://datafeed.dukascopy.com/datafeed/EURUSD/2026/05/06/17h_ticks.bi5 "HTTP/1.1 200 OK"
2026-06-13 21:19:37,267 - httpx - INFO - HTTP Request: GET https://datafeed.dukascopy.com/datafeed/EURUSD/2026/05/06/14h_ticks.bi5 "HTTP/1.1 200 OK"
2026-06-13 21:19:37,468 - httpx - INFO - HTTP Request: GET https://datafeed.dukascopy.com/datafeed/EURUSD/2026/05/06/23h_ticks.bi5 "HTTP/1.1 200 OK"
2026-06-13 21:19:37,688 - httpx - INFO - HTTP Request: GET https://datafeed.dukascopy.com/datafeed/EURUSD/2026/05/06/09h_ticks.bi5 "HTTP/1.1 200 OK"
2026-06-13 21:19:37,870 - httpx - INFO - HTTP Request: GET https://datafeed.dukascopy.com/datafeed/EURUSD/2026/05/06/20h_ticks.bi5 "HTTP/1.1 200 OK"
2026-06-13 21:19:38,067 - httpx - INFO - HTTP Request: GET https://datafeed.dukascopy.com/datafeed/EURUSD/2026/05/06/02h_ticks.bi5 "HTTP/1.1 200 OK"
2026-06-13 21:19:38,193 - API - INFO - GET /system/status - 200 (0.02s)
2026-06-13 21:19:38,303 - httpx - INFO - HTTP Request: GET https://datafeed.dukascopy.com/datafeed/EURUSD/2026/05/06/19h_ticks.bi5 "HTTP/1.1 200 OK"
2026-06-13 21:19:38,466 - httpx - INFO - HTTP Request: GET https://datafeed.dukascopy.com/datafeed/EURUSD/2026/05/06/15h_ticks.bi5 "HTTP/1.1 200 OK"
2026-06-13 21:19:38,689 - httpx - INFO - HTTP Request: GET https://datafeed.dukascopy.com/datafeed/EURUSD/2026/05/05/00h_ticks.bi5 "HTTP/1.1 200 OK"
2026-06-13 21:19:38,879 - httpx - INFO - HTTP Request: GET https://datafeed.dukascopy.com/datafeed/EURUSD/2026/05/05/01h_ticks.bi5 "HTTP/1.1 200 OK"
2026-06-13 21:19:38,937 - httpx - INFO - HTTP Request: GET https://datafeed.dukascopy.com/datafeed/EURUSD/2026/05/05/13h_ticks.bi5 "HTTP/1.1 503 Service Temporarily Unavailable"
2026-06-13 21:19:39,056 - httpx - INFO - HTTP Request: GET https://datafeed.dukascopy.com/datafeed/EURUSD/2026/05/05/11h_ticks.bi5 "HTTP/1.1 503 Service Temporarily Unavailable"
2026-06-13 21:19:39,059 - httpx - INFO - HTTP Request: GET https://datafeed.dukascopy.com/datafeed/EURUSD/2026/05/05/21h_ticks.bi5 "HTTP/1.1 503 Service Temporarily Unavailable"
2026-06-13 21:19:39,061 - httpx - INFO - HTTP Request: GET https://datafeed.dukascopy.com/datafeed/EURUSD/2026/05/05/22h_ticks.bi5 "HTTP/1.1 503 Service Temporarily Unavailable"
2026-06-13 21:19:39,068 - httpx - INFO - HTTP Request: GET https://datafeed.dukascopy.com/datafeed/EURUSD/2026/05/05/04h_ticks.bi5 "HTTP/1.1 200 OK"
2026-06-13 21:19:39,231 - httpx - INFO - HTTP Request: GET https://datafeed.dukascopy.com/datafeed/EURUSD/2026/05/05/20h_ticks.bi5 "HTTP/1.1 503 Service Temporarily Unavailable"
2026-06-13 21:19:39,454 - httpx - INFO - HTTP Request: GET https://datafeed.dukascopy.com/datafeed/EURUSD/2026/05/05/19h_ticks.bi5 "HTTP/1.1 503 Service Temporarily Unavailable"
2026-06-13 21:19:39,457 - httpx - INFO - HTTP Request: GET https://datafeed.dukascopy.com/datafeed/EURUSD/2026/05/05/07h_ticks.bi5 "HTTP/1.1 200 OK"
2026-06-13 21:19:39,474 - httpx - INFO - HTTP Request: GET https://datafeed.dukascopy.com/datafeed/EURUSD/2026/05/05/03h_ticks.bi5 "HTTP/1.1 200 OK"
2026-06-13 21:19:39,741 - httpx - INFO - HTTP Request: GET https://datafeed.dukascopy.com/datafeed/EURUSD/2026/05/05/12h_ticks.bi5 "HTTP/1.1 200 OK"
2026-06-13 21:19:39,897 - httpx - INFO - HTTP Request: GET https://datafeed.dukascopy.com/datafeed/EURUSD/2026/05/05/06h_ticks.bi5 "HTTP/1.1 200 OK"
2026-06-13 21:19:40,142 - httpx - INFO - HTTP Request: GET https://datafeed.dukascopy.com/datafeed/EURUSD/2026/05/05/17h_ticks.bi5 "HTTP/1.1 200 OK"
2026-06-13 21:19:40,277 - httpx - INFO - HTTP Request: GET https://datafeed.dukascopy.com/datafeed/EURUSD/2026/05/05/02h_ticks.bi5 "HTTP/1.1 200 OK"
2026-06-13 21:19:40,469 - httpx - INFO - HTTP Request: GET https://datafeed.dukascopy.com/datafeed/EURUSD/2026/05/05/10h_ticks.bi5 "HTTP/1.1 200 OK"
2026-06-13 21:19:40,664 - httpx - INFO - HTTP Request: GET https://datafeed.dukascopy.com/datafeed/EURUSD/2026/05/05/05h_ticks.bi5 "HTTP/1.1 200 OK"
2026-06-13 21:19:40,943 - httpx - INFO - HTTP Request: GET https://datafeed.dukascopy.com/datafeed/EURUSD/2026/05/05/16h_ticks.bi5 "HTTP/1.1 200 OK"
2026-06-13 21:19:41,071 - httpx - INFO - HTTP Request: GET https://datafeed.dukascopy.com/datafeed/EURUSD/2026/05/05/23h_ticks.bi5 "HTTP/1.1 200 OK"
2026-06-13 21:19:41,342 - httpx - INFO - HTTP Request: GET https://datafeed.dukascopy.com/datafeed/EURUSD/2026/05/05/18h_ticks.bi5 "HTTP/1.1 200 OK"
2026-06-13 21:19:41,473 - httpx - INFO - HTTP Request: GET https://datafeed.dukascopy.com/datafeed/EURUSD/2026/05/05/08h_ticks.bi5 "HTTP/1.1 200 OK"
2026-06-13 21:19:41,745 - httpx - INFO - HTTP Request: GET https://datafeed.dukascopy.com/datafeed/EURUSD/2026/05/05/14h_ticks.bi5 "HTTP/1.1 200 OK"
2026-06-13 21:19:41,912 - httpx - INFO - HTTP Request: GET https://datafeed.dukascopy.com/datafeed/EURUSD/2026/05/05/09h_ticks.bi5 "HTTP/1.1 200 OK"
2026-06-13 21:19:42,152 - httpx - INFO - HTTP Request: GET https://datafeed.dukascopy.com/datafeed/EURUSD/2026/05/05/15h_ticks.bi5 "HTTP/1.1 200 OK"
2026-06-13 21:19:42,349 - httpx - INFO - HTTP Request: GET https://datafeed.dukascopy.com/datafeed/EURUSD/2026/05/04/00h_ticks.bi5 "HTTP/1.1 200 OK"
2026-06-13 21:19:42,539 - httpx - INFO - HTTP Request: GET https://datafeed.dukascopy.com/datafeed/EURUSD/2026/05/04/01h_ticks.bi5 "HTTP/1.1 200 OK"
2026-06-13 21:19:42,608 - httpx - INFO - HTTP Request: GET https://datafeed.dukascopy.com/datafeed/EURUSD/2026/05/04/22h_ticks.bi5 "HTTP/1.1 503 Service Temporarily Unavailable"
2026-06-13 21:19:42,613 - httpx - INFO - HTTP Request: GET https://datafeed.dukascopy.com/datafeed/EURUSD/2026/05/04/13h_ticks.bi5 "HTTP/1.1 503 Service Temporarily Unavailable"
2026-06-13 21:19:42,620 - httpx - INFO - HTTP Request: GET https://datafeed.dukascopy.com/datafeed/EURUSD/2026/05/04/21h_ticks.bi5 "HTTP/1.1 503 Service Temporarily Unavailable"
2026-06-13 21:19:42,678 - httpx - INFO - HTTP Request: GET https://datafeed.dukascopy.com/datafeed/EURUSD/2026/05/04/11h_ticks.bi5 "HTTP/1.1 503 Service Temporarily Unavailable"
2026-06-13 21:19:42,750 - httpx - INFO - HTTP Request: GET https://datafeed.dukascopy.com/datafeed/EURUSD/2026/05/04/16h_ticks.bi5 "HTTP/1.1 503 Service Temporarily Unavailable"
2026-06-13 21:19:42,752 - httpx - INFO - HTTP Request: GET https://datafeed.dukascopy.com/datafeed/EURUSD/2026/05/04/04h_ticks.bi5 "HTTP/1.1 200 OK"
2026-06-13 21:19:42,996 - httpx - INFO - HTTP Request: GET https://datafeed.dukascopy.com/datafeed/EURUSD/2026/05/04/07h_ticks.bi5 "HTTP/1.1 200 OK"
2026-06-13 21:19:43,128 - httpx - INFO - HTTP Request: GET https://datafeed.dukascopy.com/datafeed/EURUSD/2026/05/04/03h_ticks.bi5 "HTTP/1.1 200 OK"
2026-06-13 21:19:43,399 - httpx - INFO - HTTP Request: GET https://datafeed.dukascopy.com/datafeed/EURUSD/2026/05/04/12h_ticks.bi5 "HTTP/1.1 200 OK"
2026-06-13 21:19:43,531 - httpx - INFO - HTTP Request: GET https://datafeed.dukascopy.com/datafeed/EURUSD/2026/05/04/06h_ticks.bi5 "HTTP/1.1 200 OK"
2026-06-13 21:19:43,723 - httpx - INFO - HTTP Request: GET https://datafeed.dukascopy.com/datafeed/EURUSD/2026/05/04/17h_ticks.bi5 "HTTP/1.1 200 OK"
2026-06-13 21:19:43,930 - httpx - INFO - HTTP Request: GET https://datafeed.dukascopy.com/datafeed/EURUSD/2026/05/04/02h_ticks.bi5 "HTTP/1.1 200 OK"
2026-06-13 21:19:44,149 - httpx - INFO - HTTP Request: GET https://datafeed.dukascopy.com/datafeed/EURUSD/2026/05/04/10h_ticks.bi5 "HTTP/1.1 200 OK"
2026-06-13 21:19:44,324 - httpx - INFO - HTTP Request: GET https://datafeed.dukascopy.com/datafeed/EURUSD/2026/05/04/23h_ticks.bi5 "HTTP/1.1 200 OK"
2026-06-13 21:19:44,532 - httpx - INFO - HTTP Request: GET https://datafeed.dukascopy.com/datafeed/EURUSD/2026/05/04/05h_ticks.bi5 "HTTP/1.1 200 OK"
2026-06-13 21:19:44,737 - httpx - INFO - HTTP Request: GET https://datafeed.dukascopy.com/datafeed/EURUSD/2026/05/04/20h_ticks.bi5 "HTTP/1.1 200 OK"
2026-06-13 21:19:44,927 - httpx - INFO - HTTP Request: GET https://datafeed.dukascopy.com/datafeed/EURUSD/2026/05/04/15h_ticks.bi5 "HTTP/1.1 200 OK"
2026-06-13 21:19:45,205 - httpx - INFO - HTTP Request: GET https://datafeed.dukascopy.com/datafeed/EURUSD/2026/05/04/14h_ticks.bi5 "HTTP/1.1 200 OK"
2026-06-13 21:19:45,341 - httpx - INFO - HTTP Request: GET https://datafeed.dukascopy.com/datafeed/EURUSD/2026/05/04/08h_ticks.bi5 "HTTP/1.1 200 OK"
2026-06-13 21:19:45,526 - httpx - INFO - HTTP Request: GET https://datafeed.dukascopy.com/datafeed/EURUSD/2026/05/04/18h_ticks.bi5 "HTTP/1.1 200 OK"
2026-06-13 21:19:45,726 - httpx - INFO - HTTP Request: GET https://datafeed.dukascopy.com/datafeed/EURUSD/2026/05/04/19h_ticks.bi5 "HTTP/1.1 200 OK"
2026-06-13 21:19:46,006 - httpx - INFO - HTTP Request: GET https://datafeed.dukascopy.com/datafeed/EURUSD/2026/05/04/09h_ticks.bi5 "HTTP/1.1 200 OK"
2026-06-13 21:19:46,301 - httpx - INFO - HTTP Request: GET https://datafeed.dukascopy.com/datafeed/EURUSD/2026/05/03/00h_ticks.bi5 "HTTP/1.1 200 OK"
2026-06-13 21:19:46,483 - httpx - INFO - HTTP Request: GET https://datafeed.dukascopy.com/datafeed/EURUSD/2026/05/03/01h_ticks.bi5 "HTTP/1.1 200 OK"
2026-06-13 21:19:46,610 - httpx - INFO - HTTP Request: GET https://datafeed.dukascopy.com/datafeed/EURUSD/2026/05/03/20h_ticks.bi5 "HTTP/1.1 503 Service Temporarily Unavailable"
2026-06-13 21:19:46,714 - httpx - INFO - HTTP Request: GET https://datafeed.dukascopy.com/datafeed/EURUSD/2026/05/03/09h_ticks.bi5 "HTTP/1.1 503 Service Temporarily Unavailable"
2026-06-13 21:19:46,717 - httpx - INFO - HTTP Request: GET https://datafeed.dukascopy.com/datafeed/EURUSD/2026/05/03/14h_ticks.bi5 "HTTP/1.1 503 Service Temporarily Unavailable"
2026-06-13 21:19:46,718 - httpx - INFO - HTTP Request: GET https://datafeed.dukascopy.com/datafeed/EURUSD/2026/05/03/11h_ticks.bi5 "HTTP/1.1 503 Service Temporarily Unavailable"
2026-06-13 21:19:46,720 - httpx - INFO - HTTP Request: GET https://datafeed.dukascopy.com/datafeed/EURUSD/2026/05/03/19h_ticks.bi5 "HTTP/1.1 503 Service Temporarily Unavailable"
2026-06-13 21:19:46,723 - httpx - INFO - HTTP Request: GET https://datafeed.dukascopy.com/datafeed/EURUSD/2026/05/03/04h_ticks.bi5 "HTTP/1.1 200 OK"
2026-06-13 21:19:46,942 - httpx - INFO - HTTP Request: GET https://datafeed.dukascopy.com/datafeed/EURUSD/2026/05/03/07h_ticks.bi5 "HTTP/1.1 200 OK"
2026-06-13 21:19:47,083 - httpx - INFO - HTTP Request: GET https://datafeed.dukascopy.com/datafeed/EURUSD/2026/05/03/03h_ticks.bi5 "HTTP/1.1 200 OK"
2026-06-13 21:19:47,356 - httpx - INFO - HTTP Request: GET https://datafeed.dukascopy.com/datafeed/EURUSD/2026/05/03/12h_ticks.bi5 "HTTP/1.1 200 OK"
2026-06-13 21:19:47,481 - httpx - INFO - HTTP Request: GET https://datafeed.dukascopy.com/datafeed/EURUSD/2026/05/03/06h_ticks.bi5 "HTTP/1.1 200 OK"
2026-06-13 21:19:47,668 - httpx - INFO - HTTP Request: GET https://datafeed.dukascopy.com/datafeed/EURUSD/2026/05/03/17h_ticks.bi5 "HTTP/1.1 200 OK"
2026-06-13 21:19:47,871 - httpx - INFO - HTTP Request: GET https://datafeed.dukascopy.com/datafeed/EURUSD/2026/05/03/02h_ticks.bi5 "HTTP/1.1 200 OK"
2026-06-13 21:19:48,137 - httpx - INFO - HTTP Request: GET https://datafeed.dukascopy.com/datafeed/EURUSD/2026/05/03/10h_ticks.bi5 "HTTP/1.1 200 OK"
2026-06-13 21:19:48,270 - httpx - INFO - HTTP Request: GET https://datafeed.dukascopy.com/datafeed/EURUSD/2026/05/03/05h_ticks.bi5 "HTTP/1.1 200 OK"
2026-06-13 21:19:48,539 - httpx - INFO - HTTP Request: GET https://datafeed.dukascopy.com/datafeed/EURUSD/2026/05/03/16h_ticks.bi5 "HTTP/1.1 200 OK"
2026-06-13 21:19:48,670 - httpx - INFO - HTTP Request: GET https://datafeed.dukascopy.com/datafeed/EURUSD/2026/05/03/23h_ticks.bi5 "HTTP/1.1 200 OK"
2026-06-13 21:19:48,869 - httpx - INFO - HTTP Request: GET https://datafeed.dukascopy.com/datafeed/EURUSD/2026/05/03/18h_ticks.bi5 "HTTP/1.1 200 OK"
2026-06-13 21:19:49,070 - httpx - INFO - HTTP Request: GET https://datafeed.dukascopy.com/datafeed/EURUSD/2026/05/03/22h_ticks.bi5 "HTTP/1.1 200 OK"
2026-06-13 21:19:49,348 - httpx - INFO - HTTP Request: GET https://datafeed.dukascopy.com/datafeed/EURUSD/2026/05/03/13h_ticks.bi5 "HTTP/1.1 200 OK"
2026-06-13 21:19:49,548 - httpx - INFO - HTTP Request: GET https://datafeed.dukascopy.com/datafeed/EURUSD/2026/05/03/15h_ticks.bi5 "HTTP/1.1 200 OK"
2026-06-13 21:19:49,677 - httpx - INFO - HTTP Request: GET https://datafeed.dukascopy.com/datafeed/EURUSD/2026/05/03/21h_ticks.bi5 "HTTP/1.1 200 OK"
2026-06-13 21:19:49,945 - httpx - INFO - HTTP Request: GET https://datafeed.dukascopy.com/datafeed/EURUSD/2026/05/03/08h_ticks.bi5 "HTTP/1.1 200 OK"
2026-06-13 21:19:50,238 - httpx - INFO - HTTP Request: GET https://datafeed.dukascopy.com/datafeed/EURUSD/2026/05/02/00h_ticks.bi5 "HTTP/1.1 200 OK"
2026-06-13 21:19:50,438 - httpx - INFO - HTTP Request: GET https://datafeed.dukascopy.com/datafeed/EURUSD/2026/05/02/01h_ticks.bi5 "HTTP/1.1 200 OK"
2026-06-13 21:19:50,594 - httpx - INFO - HTTP Request: GET https://datafeed.dukascopy.com/datafeed/EURUSD/2026/05/02/08h_ticks.bi5 "HTTP/1.1 503 Service Temporarily Unavailable"
2026-06-13 21:19:50,617 - httpx - INFO - HTTP Request: GET https://datafeed.dukascopy.com/datafeed/EURUSD/2026/05/02/05h_ticks.bi5 "HTTP/1.1 503 Service Temporarily Unavailable"
2026-06-13 21:19:50,618 - httpx - INFO - HTTP Request: GET https://datafeed.dukascopy.com/datafeed/EURUSD/2026/05/02/18h_ticks.bi5 "HTTP/1.1 503 Service Temporarily Unavailable"
2026-06-13 21:19:50,621 - httpx - INFO - HTTP Request: GET https://datafeed.dukascopy.com/datafeed/EURUSD/2026/05/02/19h_ticks.bi5 "HTTP/1.1 503 Service Temporarily Unavailable"
2026-06-13 21:19:50,623 - httpx - INFO - HTTP Request: GET https://datafeed.dukascopy.com/datafeed/EURUSD/2026/05/02/04h_ticks.bi5 "HTTP/1.1 200 OK"
2026-06-13 21:19:50,792 - httpx - INFO - HTTP Request: GET https://datafeed.dukascopy.com/datafeed/EURUSD/2026/05/02/11h_ticks.bi5 "HTTP/1.1 503 Service Temporarily Unavailable"
2026-06-13 21:19:50,889 - httpx - INFO - HTTP Request: GET https://datafeed.dukascopy.com/datafeed/EURUSD/2026/05/02/21h_ticks.bi5 "HTTP/1.1 503 Service Temporarily Unavailable"
2026-06-13 21:19:50,893 - httpx - INFO - HTTP Request: GET https://datafeed.dukascopy.com/datafeed/EURUSD/2026/05/02/07h_ticks.bi5 "HTTP/1.1 200 OK"
2026-06-13 21:19:51,015 - httpx - INFO - HTTP Request: GET https://datafeed.dukascopy.com/datafeed/EURUSD/2026/05/02/03h_ticks.bi5 "HTTP/1.1 200 OK"
2026-06-13 21:19:51,218 - httpx - INFO - HTTP Request: GET https://datafeed.dukascopy.com/datafeed/EURUSD/2026/05/02/12h_ticks.bi5 "HTTP/1.1 200 OK"
2026-06-13 21:19:51,434 - httpx - INFO - HTTP Request: GET https://datafeed.dukascopy.com/datafeed/EURUSD/2026/05/02/06h_ticks.bi5 "HTTP/1.1 200 OK"
2026-06-13 21:19:51,616 - httpx - INFO - HTTP Request: GET https://datafeed.dukascopy.com/datafeed/EURUSD/2026/05/02/17h_ticks.bi5 "HTTP/1.1 200 OK"
2026-06-13 21:19:51,814 - httpx - INFO - HTTP Request: GET https://datafeed.dukascopy.com/datafeed/EURUSD/2026/05/02/02h_ticks.bi5 "HTTP/1.1 200 OK"
2026-06-13 21:19:52,017 - httpx - INFO - HTTP Request: GET https://datafeed.dukascopy.com/datafeed/EURUSD/2026/05/02/22h_ticks.bi5 "HTTP/1.1 200 OK"
2026-06-13 21:19:52,216 - httpx - INFO - HTTP Request: GET https://datafeed.dukascopy.com/datafeed/EURUSD/2026/05/02/10h_ticks.bi5 "HTTP/1.1 200 OK"
2026-06-13 21:19:52,417 - httpx - INFO - HTTP Request: GET https://datafeed.dukascopy.com/datafeed/EURUSD/2026/05/02/23h_ticks.bi5 "HTTP/1.1 200 OK"
2026-06-13 21:19:52,632 - httpx - INFO - HTTP Request: GET https://datafeed.dukascopy.com/datafeed/EURUSD/2026/05/02/20h_ticks.bi5 "HTTP/1.1 200 OK"
2026-06-13 21:19:52,904 - httpx - INFO - HTTP Request: GET https://datafeed.dukascopy.com/datafeed/EURUSD/2026/05/02/15h_ticks.bi5 "HTTP/1.1 200 OK"
2026-06-13 21:19:53,039 - httpx - INFO - HTTP Request: GET https://datafeed.dukascopy.com/datafeed/EURUSD/2026/05/02/09h_ticks.bi5 "HTTP/1.1 200 OK"
2026-06-13 21:19:53,288 - httpx - INFO - HTTP Request: GET https://datafeed.dukascopy.com/datafeed/EURUSD/2026/05/02/13h_ticks.bi5 "HTTP/1.1 200 OK"
2026-06-13 21:19:53,496 - httpx - INFO - HTTP Request: GET https://datafeed.dukascopy.com/datafeed/EURUSD/2026/05/02/14h_ticks.bi5 "HTTP/1.1 200 OK"
2026-06-13 21:19:53,625 - httpx - INFO - HTTP Request: GET https://datafeed.dukascopy.com/datafeed/EURUSD/2026/05/02/16h_ticks.bi5 "HTTP/1.1 200 OK"
2026-06-13 21:19:53,968 - httpx - INFO - HTTP Request: GET https://datafeed.dukascopy.com/datafeed/EURUSD/2026/05/01/00h_ticks.bi5 "HTTP/1.1 200 OK"
2026-06-13 21:19:54,101 - httpx - INFO - HTTP Request: GET https://datafeed.dukascopy.com/datafeed/EURUSD/2026/05/01/01h_ticks.bi5 "HTTP/1.1 200 OK"
2026-06-13 21:19:54,152 - httpx - INFO - HTTP Request: GET https://datafeed.dukascopy.com/datafeed/EURUSD/2026/05/01/13h_ticks.bi5 "HTTP/1.1 503 Service Temporarily Unavailable"
2026-06-13 21:19:54,157 - httpx - INFO - HTTP Request: GET https://datafeed.dukascopy.com/datafeed/EURUSD/2026/05/01/11h_ticks.bi5 "HTTP/1.1 503 Service Temporarily Unavailable"
2026-06-13 21:19:54,161 - httpx - INFO - HTTP Request: GET https://datafeed.dukascopy.com/datafeed/EURUSD/2026/05/01/21h_ticks.bi5 "HTTP/1.1 503 Service Temporarily Unavailable"
2026-06-13 21:19:54,169 - httpx - INFO - HTTP Request: GET https://datafeed.dukascopy.com/datafeed/EURUSD/2026/05/01/22h_ticks.bi5 "HTTP/1.1 503 Service Temporarily Unavailable"
2026-06-13 21:19:54,280 - httpx - INFO - HTTP Request: GET https://datafeed.dukascopy.com/datafeed/EURUSD/2026/05/01/04h_ticks.bi5 "HTTP/1.1 200 OK"
2026-06-13 21:19:54,407 - httpx - INFO - HTTP Request: GET https://datafeed.dukascopy.com/datafeed/EURUSD/2026/05/01/20h_ticks.bi5 "HTTP/1.1 503 Service Temporarily Unavailable"
2026-06-13 21:19:54,494 - httpx - INFO - HTTP Request: GET https://datafeed.dukascopy.com/datafeed/EURUSD/2026/05/01/19h_ticks.bi5 "HTTP/1.1 503 Service Temporarily Unavailable"
2026-06-13 21:19:54,496 - httpx - INFO - HTTP Request: GET https://datafeed.dukascopy.com/datafeed/EURUSD/2026/05/01/07h_ticks.bi5 "HTTP/1.1 200 OK"
2026-06-13 21:19:54,683 - httpx - INFO - HTTP Request: GET https://datafeed.dukascopy.com/datafeed/EURUSD/2026/05/01/03h_ticks.bi5 "HTTP/1.1 200 OK"
2026-06-13 21:19:54,890 - httpx - INFO - HTTP Request: GET https://datafeed.dukascopy.com/datafeed/EURUSD/2026/05/01/12h_ticks.bi5 "HTTP/1.1 200 OK"
2026-06-13 21:19:55,151 - httpx - INFO - HTTP Request: GET https://datafeed.dukascopy.com/datafeed/EURUSD/2026/05/01/06h_ticks.bi5 "HTTP/1.1 200 OK"
2026-06-13 21:19:55,365 - httpx - INFO - HTTP Request: GET https://datafeed.dukascopy.com/datafeed/EURUSD/2026/05/01/17h_ticks.bi5 "HTTP/1.1 200 OK"
2026-06-13 21:19:55,482 - httpx - INFO - HTTP Request: GET https://datafeed.dukascopy.com/datafeed/EURUSD/2026/05/01/02h_ticks.bi5 "HTTP/1.1 200 OK"
2026-06-13 21:19:55,687 - httpx - INFO - HTTP Request: GET https://datafeed.dukascopy.com/datafeed/EURUSD/2026/05/01/10h_ticks.bi5 "HTTP/1.1 200 OK"
2026-06-13 21:19:55,888 - httpx - INFO - HTTP Request: GET https://datafeed.dukascopy.com/datafeed/EURUSD/2026/05/01/05h_ticks.bi5 "HTTP/1.1 200 OK"
2026-06-13 21:19:56,154 - httpx - INFO - HTTP Request: GET https://datafeed.dukascopy.com/datafeed/EURUSD/2026/05/01/16h_ticks.bi5 "HTTP/1.1 200 OK"
2026-06-13 21:19:56,282 - httpx - INFO - HTTP Request: GET https://datafeed.dukascopy.com/datafeed/EURUSD/2026/05/01/23h_ticks.bi5 "HTTP/1.1 200 OK"
2026-06-13 21:19:56,482 - httpx - INFO - HTTP Request: GET https://datafeed.dukascopy.com/datafeed/EURUSD/2026/05/01/18h_ticks.bi5 "HTTP/1.1 200 OK"
2026-06-13 21:19:56,696 - httpx - INFO - HTTP Request: GET https://datafeed.dukascopy.com/datafeed/EURUSD/2026/05/01/08h_ticks.bi5 "HTTP/1.1 200 OK"
2026-06-13 21:19:56,963 - httpx - INFO - HTTP Request: GET https://datafeed.dukascopy.com/datafeed/EURUSD/2026/05/01/14h_ticks.bi5 "HTTP/1.1 200 OK"
2026-06-13 21:19:57,103 - httpx - INFO - HTTP Request: GET https://datafeed.dukascopy.com/datafeed/EURUSD/2026/05/01/09h_ticks.bi5 "HTTP/1.1 200 OK"
2026-06-13 21:19:57,367 - httpx - INFO - HTTP Request: GET https://datafeed.dukascopy.com/datafeed/EURUSD/2026/05/01/15h_ticks.bi5 "HTTP/1.1 200 OK"
2026-06-13 21:19:57,577 - httpx - INFO - HTTP Request: GET https://datafeed.dukascopy.com/datafeed/EURUSD/2026/04/31/00h_ticks.bi5 "HTTP/1.1 200 OK"
2026-06-13 21:19:57,768 - httpx - INFO - HTTP Request: GET https://datafeed.dukascopy.com/datafeed/EURUSD/2026/04/31/01h_ticks.bi5 "HTTP/1.1 200 OK"
2026-06-13 21:19:58,120 - httpx - INFO - HTTP Request: GET https://datafeed.dukascopy.com/datafeed/EURUSD/2026/04/31/04h_ticks.bi5 "HTTP/1.1 200 OK"
2026-06-13 21:19:58,164 - httpx - INFO - HTTP Request: GET https://datafeed.dukascopy.com/datafeed/EURUSD/2026/04/31/07h_ticks.bi5 "HTTP/1.1 200 OK"
2026-06-13 21:19:58,220 - httpx - INFO - HTTP Request: GET https://datafeed.dukascopy.com/datafeed/EURUSD/2026/04/31/23h_ticks.bi5 "HTTP/1.1 503 Service Temporarily Unavailable"
2026-06-13 21:19:58,229 - httpx - INFO - HTTP Request: GET https://datafeed.dukascopy.com/datafeed/EURUSD/2026/04/31/08h_ticks.bi5 "HTTP/1.1 503 Service Temporarily Unavailable"
2026-06-13 21:19:58,238 - httpx - INFO - HTTP Request: GET https://datafeed.dukascopy.com/datafeed/EURUSD/2026/04/31/09h_ticks.bi5 "HTTP/1.1 503 Service Temporarily Unavailable"
2026-06-13 21:19:58,247 - httpx - INFO - HTTP Request: GET https://datafeed.dukascopy.com/datafeed/EURUSD/2026/04/31/15h_ticks.bi5 "HTTP/1.1 503 Service Temporarily Unavailable"
2026-06-13 21:19:58,365 - httpx - INFO - HTTP Request: GET https://datafeed.dukascopy.com/datafeed/EURUSD/2026/04/31/03h_ticks.bi5 "HTTP/1.1 200 OK"
2026-06-13 21:19:58,573 - httpx - INFO - HTTP Request: GET https://datafeed.dukascopy.com/datafeed/EURUSD/2026/04/31/12h_ticks.bi5 "HTTP/1.1 200 OK"
2026-06-13 21:19:58,767 - httpx - INFO - HTTP Request: GET https://datafeed.dukascopy.com/datafeed/EURUSD/2026/04/31/06h_ticks.bi5 "HTTP/1.1 200 OK"
2026-06-13 21:19:58,959 - httpx - INFO - HTTP Request: GET https://datafeed.dukascopy.com/datafeed/EURUSD/2026/04/31/17h_ticks.bi5 "HTTP/1.1 200 OK"
2026-06-13 21:19:59,140 - LiveFeedWS - ERROR - WebSocket error for EURUSD: PubSub.get_message() got an unexpected keyword argument 'ignore_subscribe_crap'
2026-06-13 21:19:59,146 - AlertsWS - ERROR - Alerts WebSocket error: PubSub.get_message() got an unexpected keyword argument 'ignore_subscribe_crap'
2026-06-13 21:19:59,162 - httpx - INFO - HTTP Request: GET https://datafeed.dukascopy.com/datafeed/EURUSD/2026/04/31/02h_ticks.bi5 "HTTP/1.1 200 OK"
2026-06-13 21:19:59,362 - httpx - INFO - HTTP Request: GET https://datafeed.dukascopy.com/datafeed/EURUSD/2026/04/31/21h_ticks.bi5 "HTTP/1.1 200 OK"
2026-06-13 21:19:59,562 - httpx - INFO - HTTP Request: GET https://datafeed.dukascopy.com/datafeed/EURUSD/2026/04/31/18h_ticks.bi5 "HTTP/1.1 200 OK"
2026-06-13 21:19:59,765 - httpx - INFO - HTTP Request: GET https://datafeed.dukascopy.com/datafeed/EURUSD/2026/04/31/13h_ticks.bi5 "HTTP/1.1 200 OK"
2026-06-13 21:19:59,995 - httpx - INFO - HTTP Request: GET https://datafeed.dukascopy.com/datafeed/EURUSD/2026/04/31/22h_ticks.bi5 "HTTP/1.1 200 OK"
2026-06-13 21:20:00,168 - httpx - INFO - HTTP Request: GET https://datafeed.dukascopy.com/datafeed/EURUSD/2026/04/31/11h_ticks.bi5 "HTTP/1.1 200 OK"
2026-06-13 21:20:00,359 - httpx - INFO - HTTP Request: GET https://datafeed.dukascopy.com/datafeed/EURUSD/2026/04/31/19h_ticks.bi5 "HTTP/1.1 200 OK"
2026-06-13 21:20:00,565 - httpx - INFO - HTTP Request: GET https://datafeed.dukascopy.com/datafeed/EURUSD/2026/04/31/14h_ticks.bi5 "HTTP/1.1 200 OK"
2026-06-13 21:20:00,759 - httpx - INFO - HTTP Request: GET https://datafeed.dukascopy.com/datafeed/EURUSD/2026/04/31/20h_ticks.bi5 "HTTP/1.1 200 OK"
2026-06-13 21:20:00,959 - httpx - INFO - HTTP Request: GET https://datafeed.dukascopy.com/datafeed/EURUSD/2026/04/31/16h_ticks.bi5 "HTTP/1.1 200 OK"
2026-06-13 21:20:01,244 - httpx - INFO - HTTP Request: GET https://datafeed.dukascopy.com/datafeed/EURUSD/2026/04/31/10h_ticks.bi5 "HTTP/1.1 200 OK"
2026-06-13 21:20:01,254 - LiveFeedWS - ERROR - WebSocket error for EURUSD: PubSub.get_message() got an unexpected keyword argument 'ignore_subscribe_crap'
2026-06-13 21:20:01,257 - AlertsWS - ERROR - Alerts WebSocket error: PubSub.get_message() got an unexpected keyword argument 'ignore_subscribe_crap'
2026-06-13 21:20:01,359 - httpx - INFO - HTTP Request: GET https://datafeed.dukascopy.com/datafeed/EURUSD/2026/04/31/05h_ticks.bi5 "HTTP/1.1 200 OK"
2026-06-13 21:20:01,598 - httpx - INFO - HTTP Request: GET https://datafeed.dukascopy.com/datafeed/EURUSD/2026/04/30/00h_ticks.bi5 "HTTP/1.1 200 OK"
2026-06-13 21:20:01,786 - httpx - INFO - HTTP Request: GET https://datafeed.dukascopy.com/datafeed/EURUSD/2026/04/30/01h_ticks.bi5 "HTTP/1.1 200 OK"
2026-06-13 21:20:01,887 - httpx - INFO - HTTP Request: GET https://datafeed.dukascopy.com/datafeed/EURUSD/2026/04/30/23h_ticks.bi5 "HTTP/1.1 503 Service Temporarily Unavailable"
2026-06-13 21:20:02,016 - httpx - INFO - HTTP Request: GET https://datafeed.dukascopy.com/datafeed/EURUSD/2026/04/30/16h_ticks.bi5 "HTTP/1.1 503 Service Temporarily Unavailable"
2026-06-13 21:20:02,018 - httpx - INFO - HTTP Request: GET https://datafeed.dukascopy.com/datafeed/EURUSD/2026/04/30/04h_ticks.bi5 "HTTP/1.1 200 OK"
2026-06-13 21:20:02,022 - httpx - INFO - HTTP Request: GET https://datafeed.dukascopy.com/datafeed/EURUSD/2026/04/30/09h_ticks.bi5 "HTTP/1.1 503 Service Temporarily Unavailable"
2026-06-13 21:20:02,024 - httpx - INFO - HTTP Request: GET https://datafeed.dukascopy.com/datafeed/EURUSD/2026/04/30/10h_ticks.bi5 "HTTP/1.1 503 Service Temporarily Unavailable"
2026-06-13 21:20:02,026 - httpx - INFO - HTTP Request: GET https://datafeed.dukascopy.com/datafeed/EURUSD/2026/04/30/08h_ticks.bi5 "HTTP/1.1 503 Service Temporarily Unavailable"
2026-06-13 21:20:02,182 - httpx - INFO - HTTP Request: GET https://datafeed.dukascopy.com/datafeed/EURUSD/2026/04/30/07h_ticks.bi5 "HTTP/1.1 200 OK"
2026-06-13 21:20:02,379 - httpx - INFO - HTTP Request: GET https://datafeed.dukascopy.com/datafeed/EURUSD/2026/04/30/03h_ticks.bi5 "HTTP/1.1 200 OK"
2026-06-13 21:20:02,582 - httpx - INFO - HTTP Request: GET https://datafeed.dukascopy.com/datafeed/EURUSD/2026/04/30/12h_ticks.bi5 "HTTP/1.1 200 OK"
2026-06-13 21:20:02,779 - httpx - INFO - HTTP Request: GET https://datafeed.dukascopy.com/datafeed/EURUSD/2026/04/30/06h_ticks.bi5 "HTTP/1.1 200 OK"
2026-06-13 21:20:02,981 - httpx - INFO - HTTP Request: GET https://datafeed.dukascopy.com/datafeed/EURUSD/2026/04/30/17h_ticks.bi5 "HTTP/1.1 200 OK"
2026-06-13 21:20:03,181 - httpx - INFO - HTTP Request: GET https://datafeed.dukascopy.com/datafeed/EURUSD/2026/04/30/02h_ticks.bi5 "HTTP/1.1 200 OK"
2026-06-13 21:20:03,281 - LiveFeedWS - ERROR - WebSocket error for EURUSD: PubSub.get_message() got an unexpected keyword argument 'ignore_subscribe_crap'
2026-06-13 21:20:03,286 - AlertsWS - ERROR - Alerts WebSocket error: PubSub.get_message() got an unexpected keyword argument 'ignore_subscribe_crap'
2026-06-13 21:20:03,382 - httpx - INFO - HTTP Request: GET https://datafeed.dukascopy.com/datafeed/EURUSD/2026/04/30/21h_ticks.bi5 "HTTP/1.1 200 OK"
2026-06-13 21:20:03,581 - httpx - INFO - HTTP Request: GET https://datafeed.dukascopy.com/datafeed/EURUSD/2026/04/30/18h_ticks.bi5 "HTTP/1.1 200 OK"
2026-06-13 21:20:03,780 - httpx - INFO - HTTP Request: GET https://datafeed.dukascopy.com/datafeed/EURUSD/2026/04/30/13h_ticks.bi5 "HTTP/1.1 200 OK"
2026-06-13 21:20:03,988 - httpx - INFO - HTTP Request: GET https://datafeed.dukascopy.com/datafeed/EURUSD/2026/04/30/22h_ticks.bi5 "HTTP/1.1 200 OK"
2026-06-13 21:20:04,182 - httpx - INFO - HTTP Request: GET https://datafeed.dukascopy.com/datafeed/EURUSD/2026/04/30/11h_ticks.bi5 "HTTP/1.1 200 OK"
2026-06-13 21:20:04,381 - httpx - INFO - HTTP Request: GET https://datafeed.dukascopy.com/datafeed/EURUSD/2026/04/30/19h_ticks.bi5 "HTTP/1.1 200 OK"
2026-06-13 21:20:04,579 - httpx - INFO - HTTP Request: GET https://datafeed.dukascopy.com/datafeed/EURUSD/2026/04/30/14h_ticks.bi5 "HTTP/1.1 200 OK"
2026-06-13 21:20:04,782 - httpx - INFO - HTTP Request: GET https://datafeed.dukascopy.com/datafeed/EURUSD/2026/04/30/20h_ticks.bi5 "HTTP/1.1 200 OK"
2026-06-13 21:20:04,981 - httpx - INFO - HTTP Request: GET https://datafeed.dukascopy.com/datafeed/EURUSD/2026/04/30/05h_ticks.bi5 "HTTP/1.1 200 OK"
2026-06-13 21:20:05,183 - httpx - INFO - HTTP Request: GET https://datafeed.dukascopy.com/datafeed/EURUSD/2026/04/30/15h_ticks.bi5 "HTTP/1.1 200 OK"
2026-06-13 21:20:05,401 - httpx - INFO - HTTP Request: GET https://datafeed.dukascopy.com/datafeed/EURUSD/2026/04/29/00h_ticks.bi5 "HTTP/1.1 200 OK"
2026-06-13 21:20:05,522 - AlertsWS - ERROR - Alerts WebSocket error: PubSub.get_message() got an unexpected keyword argument 'ignore_subscribe_crap'
2026-06-13 21:20:05,645 - LiveFeedWS - ERROR - WebSocket error for EURUSD: PubSub.get_message() got an unexpected keyword argument 'ignore_subscribe_crap'
2026-06-13 21:20:05,650 - httpx - INFO - HTTP Request: GET https://datafeed.dukascopy.com/datafeed/EURUSD/2026/04/29/01h_ticks.bi5 "HTTP/1.1 200 OK"
2026-06-13 21:20:05,940 - httpx - INFO - HTTP Request: GET https://datafeed.dukascopy.com/datafeed/EURUSD/2026/04/29/04h_ticks.bi5 "HTTP/1.1 200 OK"
2026-06-13 21:20:06,086 - httpx - INFO - HTTP Request: GET https://datafeed.dukascopy.com/datafeed/EURUSD/2026/04/29/07h_ticks.bi5 "HTTP/1.1 200 OK"
2026-06-13 21:20:06,233 - httpx - INFO - HTTP Request: GET https://datafeed.dukascopy.com/datafeed/EURUSD/2026/04/29/03h_ticks.bi5 "HTTP/1.1 200 OK"
2026-06-13 21:20:06,384 - httpx - INFO - HTTP Request: GET https://datafeed.dukascopy.com/datafeed/EURUSD/2026/04/29/12h_ticks.bi5 "HTTP/1.1 200 OK"
2026-06-13 21:20:06,504 - httpx - INFO - HTTP Request: GET https://datafeed.dukascopy.com/datafeed/EURUSD/2026/04/29/18h_ticks.bi5 "HTTP/1.1 503 Service Temporarily Unavailable"
2026-06-13 21:20:06,629 - httpx - INFO - HTTP Request: GET https://datafeed.dukascopy.com/datafeed/EURUSD/2026/04/29/22h_ticks.bi5 "HTTP/1.1 503 Service Temporarily Unavailable"
2026-06-13 21:20:06,631 - httpx - INFO - HTTP Request: GET https://datafeed.dukascopy.com/datafeed/EURUSD/2026/04/29/20h_ticks.bi5 "HTTP/1.1 503 Service Temporarily Unavailable"
2026-06-13 21:20:06,636 - httpx - INFO - HTTP Request: GET https://datafeed.dukascopy.com/datafeed/EURUSD/2026/04/29/06h_ticks.bi5 "HTTP/1.1 200 OK"
2026-06-13 21:20:06,788 - httpx - INFO - HTTP Request: GET https://datafeed.dukascopy.com/datafeed/EURUSD/2026/04/29/17h_ticks.bi5 "HTTP/1.1 200 OK"
2026-06-13 21:20:06,986 - httpx - INFO - HTTP Request: GET https://datafeed.dukascopy.com/datafeed/EURUSD/2026/04/29/02h_ticks.bi5 "HTTP/1.1 200 OK"
2026-06-13 21:20:07,183 - httpx - INFO - HTTP Request: GET https://datafeed.dukascopy.com/datafeed/EURUSD/2026/04/29/10h_ticks.bi5 "HTTP/1.1 200 OK"
2026-06-13 21:20:07,383 - httpx - INFO - HTTP Request: GET https://datafeed.dukascopy.com/datafeed/EURUSD/2026/04/29/05h_ticks.bi5 "HTTP/1.1 200 OK"
2026-06-13 21:20:07,653 - httpx - INFO - HTTP Request: GET https://datafeed.dukascopy.com/datafeed/EURUSD/2026/04/29/16h_ticks.bi5 "HTTP/1.1 200 OK"
2026-06-13 21:20:07,830 - httpx - INFO - HTTP Request: GET https://datafeed.dukascopy.com/datafeed/EURUSD/2026/04/29/19h_ticks.bi5 "HTTP/1.1 200 OK"
2026-06-13 21:20:07,847 - AlertsWS - ERROR - Alerts WebSocket error: PubSub.get_message() got an unexpected keyword argument 'ignore_subscribe_crap'
2026-06-13 21:20:07,975 - LiveFeedWS - ERROR - WebSocket error for EURUSD: PubSub.get_message() got an unexpected keyword argument 'ignore_subscribe_crap'
2026-06-13 21:20:07,979 - httpx - INFO - HTTP Request: GET https://datafeed.dukascopy.com/datafeed/EURUSD/2026/04/29/23h_ticks.bi5 "HTTP/1.1 200 OK"
2026-06-13 21:20:08,182 - httpx - INFO - HTTP Request: GET https://datafeed.dukascopy.com/datafeed/EURUSD/2026/04/29/21h_ticks.bi5 "HTTP/1.1 200 OK"
2026-06-13 21:20:08,464 - httpx - INFO - HTTP Request: GET https://datafeed.dukascopy.com/datafeed/EURUSD/2026/04/29/14h_ticks.bi5 "HTTP/1.1 200 OK"
2026-06-13 21:20:08,674 - httpx - INFO - HTTP Request: GET https://datafeed.dukascopy.com/datafeed/EURUSD/2026/04/29/13h_ticks.bi5 "HTTP/1.1 200 OK"
2026-06-13 21:20:08,858 - httpx - INFO - HTTP Request: GET https://datafeed.dukascopy.com/datafeed/EURUSD/2026/04/29/15h_ticks.bi5 "HTTP/1.1 200 OK"
2026-06-13 21:20:08,983 - httpx - INFO - HTTP Request: GET https://datafeed.dukascopy.com/datafeed/EURUSD/2026/04/29/09h_ticks.bi5 "HTTP/1.1 200 OK"
2026-06-13 21:20:09,192 - httpx - INFO - HTTP Request: GET https://datafeed.dukascopy.com/datafeed/EURUSD/2026/04/29/11h_ticks.bi5 "HTTP/1.1 200 OK"
2026-06-13 21:20:09,505 - httpx - INFO - HTTP Request: GET https://datafeed.dukascopy.com/datafeed/EURUSD/2026/04/29/08h_ticks.bi5 "HTTP/1.1 200 OK"
2026-06-13 21:20:09,713 - httpx - INFO - HTTP Request: GET https://datafeed.dukascopy.com/datafeed/EURUSD/2026/04/28/00h_ticks.bi5 "HTTP/1.1 200 OK"
2026-06-13 21:20:09,897 - httpx - INFO - HTTP Request: GET https://datafeed.dukascopy.com/datafeed/EURUSD/2026/04/28/01h_ticks.bi5 "HTTP/1.1 200 OK"
2026-06-13 21:20:10,098 - httpx - INFO - HTTP Request: GET https://datafeed.dukascopy.com/datafeed/EURUSD/2026/04/28/22h_ticks.bi5 "HTTP/1.1 503 Service Temporarily Unavailable"
2026-06-13 21:20:10,100 - httpx - INFO - HTTP Request: GET https://datafeed.dukascopy.com/datafeed/EURUSD/2026/04/28/09h_ticks.bi5 "HTTP/1.1 503 Service Temporarily Unavailable"
2026-06-13 21:20:10,103 - httpx - INFO - HTTP Request: GET https://datafeed.dukascopy.com/datafeed/EURUSD/2026/04/28/16h_ticks.bi5 "HTTP/1.1 503 Service Temporarily Unavailable"
2026-06-13 21:20:10,105 - httpx - INFO - HTTP Request: GET https://datafeed.dukascopy.com/datafeed/EURUSD/2026/04/28/19h_ticks.bi5 "HTTP/1.1 503 Service Temporarily Unavailable"
2026-06-13 21:20:10,106 - httpx - INFO - HTTP Request: GET https://datafeed.dukascopy.com/datafeed/EURUSD/2026/04/28/11h_ticks.bi5 "HTTP/1.1 503 Service Temporarily Unavailable"
2026-06-13 21:20:10,109 - httpx - INFO - HTTP Request: GET https://datafeed.dukascopy.com/datafeed/EURUSD/2026/04/28/04h_ticks.bi5 "HTTP/1.1 200 OK"
2026-06-13 21:20:10,131 - AlertsWS - ERROR - Alerts WebSocket error: PubSub.get_message() got an unexpected keyword argument 'ignore_subscribe_crap'
2026-06-13 21:20:10,250 - LiveFeedWS - ERROR - WebSocket error for EURUSD: PubSub.get_message() got an unexpected keyword argument 'ignore_subscribe_crap'
2026-06-13 21:20:10,291 - httpx - INFO - HTTP Request: GET https://datafeed.dukascopy.com/datafeed/EURUSD/2026/04/28/07h_ticks.bi5 "HTTP/1.1 200 OK"
2026-06-13 21:20:10,489 - httpx - INFO - HTTP Request: GET https://datafeed.dukascopy.com/datafeed/EURUSD/2026/04/28/03h_ticks.bi5 "HTTP/1.1 200 OK"
2026-06-13 21:20:10,772 - httpx - INFO - HTTP Request: GET https://datafeed.dukascopy.com/datafeed/EURUSD/2026/04/28/12h_ticks.bi5 "HTTP/1.1 200 OK"
2026-06-13 21:20:10,915 - httpx - INFO - HTTP Request: GET https://datafeed.dukascopy.com/datafeed/EURUSD/2026/04/28/06h_ticks.bi5 "HTTP/1.1 200 OK"
2026-06-13 21:20:11,090 - httpx - INFO - HTTP Request: GET https://datafeed.dukascopy.com/datafeed/EURUSD/2026/04/28/17h_ticks.bi5 "HTTP/1.1 200 OK"
2026-06-13 21:20:11,289 - httpx - INFO - HTTP Request: GET https://datafeed.dukascopy.com/datafeed/EURUSD/2026/04/28/02h_ticks.bi5 "HTTP/1.1 200 OK"
2026-06-13 21:20:11,489 - httpx - INFO - HTTP Request: GET https://datafeed.dukascopy.com/datafeed/EURUSD/2026/04/28/10h_ticks.bi5 "HTTP/1.1 200 OK"
2026-06-13 21:20:11,688 - httpx - INFO - HTTP Request: GET https://datafeed.dukascopy.com/datafeed/EURUSD/2026/04/28/23h_ticks.bi5 "HTTP/1.1 200 OK"
2026-06-13 21:20:11,892 - httpx - INFO - HTTP Request: GET https://datafeed.dukascopy.com/datafeed/EURUSD/2026/04/28/05h_ticks.bi5 "HTTP/1.1 200 OK"
2026-06-13 21:20:12,088 - httpx - INFO - HTTP Request: GET https://datafeed.dukascopy.com/datafeed/EURUSD/2026/04/28/20h_ticks.bi5 "HTTP/1.1 200 OK"
2026-06-13 21:20:12,366 - LiveFeedWS - ERROR - WebSocket error for EURUSD: PubSub.get_message() got an unexpected keyword argument 'ignore_subscribe_crap'
2026-06-13 21:20:12,368 - AlertsWS - ERROR - Alerts WebSocket error: PubSub.get_message() got an unexpected keyword argument 'ignore_subscribe_crap'
2026-06-13 21:20:12,371 - httpx - INFO - HTTP Request: GET https://datafeed.dukascopy.com/datafeed/EURUSD/2026/04/28/15h_ticks.bi5 "HTTP/1.1 200 OK"
2026-06-13 21:20:12,640 - httpx - INFO - HTTP Request: GET https://datafeed.dukascopy.com/datafeed/EURUSD/2026/04/28/14h_ticks.bi5 "HTTP/1.1 200 OK"
2026-06-13 21:20:12,707 - httpx - INFO - HTTP Request: GET https://datafeed.dukascopy.com/datafeed/EURUSD/2026/04/28/08h_ticks.bi5 "HTTP/1.1 200 OK"
2026-06-13 21:20:12,899 - httpx - INFO - HTTP Request: GET https://datafeed.dukascopy.com/datafeed/EURUSD/2026/04/28/18h_ticks.bi5 "HTTP/1.1 200 OK"
2026-06-13 21:20:13,094 - httpx - INFO - HTTP Request: GET https://datafeed.dukascopy.com/datafeed/EURUSD/2026/04/28/21h_ticks.bi5 "HTTP/1.1 200 OK"
2026-06-13 21:20:13,362 - httpx - INFO - HTTP Request: GET https://datafeed.dukascopy.com/datafeed/EURUSD/2026/04/28/13h_ticks.bi5 "HTTP/1.1 200 OK"
2026-06-13 21:20:13,545 - httpx - INFO - HTTP Request: GET https://datafeed.dukascopy.com/datafeed/EURUSD/2026/04/27/00h_ticks.bi5 "HTTP/1.1 200 OK"
2026-06-13 21:20:13,721 - httpx - INFO - HTTP Request: GET https://datafeed.dukascopy.com/datafeed/EURUSD/2026/04/27/01h_ticks.bi5 "HTTP/1.1 200 OK"
2026-06-13 21:20:13,735 - httpx - INFO - HTTP Request: GET https://datafeed.dukascopy.com/datafeed/EURUSD/2026/04/27/22h_ticks.bi5 "HTTP/1.1 503 Service Temporarily Unavailable"
2026-06-13 21:20:13,754 - httpx - INFO - HTTP Request: GET https://datafeed.dukascopy.com/datafeed/EURUSD/2026/04/27/13h_ticks.bi5 "HTTP/1.1 503 Service Temporarily Unavailable"
2026-06-13 21:20:13,756 - httpx - INFO - HTTP Request: GET https://datafeed.dukascopy.com/datafeed/EURUSD/2026/04/27/21h_ticks.bi5 "HTTP/1.1 503 Service Temporarily Unavailable"
2026-06-13 21:20:13,758 - httpx - INFO - HTTP Request: GET https://datafeed.dukascopy.com/datafeed/EURUSD/2026/04/27/11h_ticks.bi5 "HTTP/1.1 503 Service Temporarily Unavailable"
2026-06-13 21:20:13,927 - httpx - INFO - HTTP Request: GET https://datafeed.dukascopy.com/datafeed/EURUSD/2026/04/27/04h_ticks.bi5 "HTTP/1.1 200 OK"
2026-06-13 21:20:13,935 - httpx - INFO - HTTP Request: GET https://datafeed.dukascopy.com/datafeed/EURUSD/2026/04/27/16h_ticks.bi5 "HTTP/1.1 503 Service Temporarily Unavailable"
2026-06-13 21:20:13,938 - httpx - INFO - HTTP Request: GET https://datafeed.dukascopy.com/datafeed/EURUSD/2026/04/27/19h_ticks.bi5 "HTTP/1.1 503 Service Temporarily Unavailable"
2026-06-13 21:20:14,121 - httpx - INFO - HTTP Request: GET https://datafeed.dukascopy.com/datafeed/EURUSD/2026/04/27/07h_ticks.bi5 "HTTP/1.1 200 OK"
2026-06-13 21:20:14,319 - httpx - INFO - HTTP Request: GET https://datafeed.dukascopy.com/datafeed/EURUSD/2026/04/27/03h_ticks.bi5 "HTTP/1.1 200 OK"
2026-06-13 21:20:14,414 - LiveFeedWS - ERROR - WebSocket error for EURUSD: PubSub.get_message() got an unexpected keyword argument 'ignore_subscribe_crap'
2026-06-13 21:20:14,427 - AlertsWS - ERROR - Alerts WebSocket error: PubSub.get_message() got an unexpected keyword argument 'ignore_subscribe_crap'
2026-06-13 21:20:14,591 - httpx - INFO - HTTP Request: GET https://datafeed.dukascopy.com/datafeed/EURUSD/2026/04/27/12h_ticks.bi5 "HTTP/1.1 200 OK"
2026-06-13 21:20:14,720 - httpx - INFO - HTTP Request: GET https://datafeed.dukascopy.com/datafeed/EURUSD/2026/04/27/06h_ticks.bi5 "HTTP/1.1 200 OK"
2026-06-13 21:20:14,923 - httpx - INFO - HTTP Request: GET https://datafeed.dukascopy.com/datafeed/EURUSD/2026/04/27/17h_ticks.bi5 "HTTP/1.1 200 OK"
2026-06-13 21:20:15,118 - httpx - INFO - HTTP Request: GET https://datafeed.dukascopy.com/datafeed/EURUSD/2026/04/27/02h_ticks.bi5 "HTTP/1.1 200 OK"
2026-06-13 21:20:15,321 - httpx - INFO - HTTP Request: GET https://datafeed.dukascopy.com/datafeed/EURUSD/2026/04/27/10h_ticks.bi5 "HTTP/1.1 200 OK"
2026-06-13 21:20:15,520 - httpx - INFO - HTTP Request: GET https://datafeed.dukascopy.com/datafeed/EURUSD/2026/04/27/23h_ticks.bi5 "HTTP/1.1 200 OK"
2026-06-13 21:20:15,720 - httpx - INFO - HTTP Request: GET https://datafeed.dukascopy.com/datafeed/EURUSD/2026/04/27/05h_ticks.bi5 "HTTP/1.1 200 OK"
2026-06-13 21:20:15,989 - httpx - INFO - HTTP Request: GET https://datafeed.dukascopy.com/datafeed/EURUSD/2026/04/27/15h_ticks.bi5 "HTTP/1.1 200 OK"
2026-06-13 21:20:16,117 - httpx - INFO - HTTP Request: GET https://datafeed.dukascopy.com/datafeed/EURUSD/2026/04/27/20h_ticks.bi5 "HTTP/1.1 200 OK"
2026-06-13 21:20:16,398 - httpx - INFO - HTTP Request: GET https://datafeed.dukascopy.com/datafeed/EURUSD/2026/04/27/14h_ticks.bi5 "HTTP/1.1 200 OK"
2026-06-13 21:20:16,464 - LiveFeedWS - ERROR - WebSocket error for EURUSD: PubSub.get_message() got an unexpected keyword argument 'ignore_subscribe_crap'
2026-06-13 21:20:16,465 - AlertsWS - ERROR - Alerts WebSocket error: PubSub.get_message() got an unexpected keyword argument 'ignore_subscribe_crap'
2026-06-13 21:20:16,530 - httpx - INFO - HTTP Request: GET https://datafeed.dukascopy.com/datafeed/EURUSD/2026/04/27/08h_ticks.bi5 "HTTP/1.1 200 OK"
2026-06-13 21:20:16,718 - httpx - INFO - HTTP Request: GET https://datafeed.dukascopy.com/datafeed/EURUSD/2026/04/27/18h_ticks.bi5 "HTTP/1.1 200 OK"
2026-06-13 21:20:16,930 - httpx - INFO - HTTP Request: GET https://datafeed.dukascopy.com/datafeed/EURUSD/2026/04/27/09h_ticks.bi5 "HTTP/1.1 200 OK"
2026-06-13 21:20:17,137 - httpx - INFO - HTTP Request: GET https://datafeed.dukascopy.com/datafeed/EURUSD/2026/04/26/00h_ticks.bi5 "HTTP/1.1 200 OK"
2026-06-13 21:20:17,293 - httpx - INFO - HTTP Request: GET https://datafeed.dukascopy.com/datafeed/EURUSD/2026/04/26/09h_ticks.bi5 "HTTP/1.1 503 Service Temporarily Unavailable"
2026-06-13 21:20:17,306 - httpx - INFO - HTTP Request: GET https://datafeed.dukascopy.com/datafeed/EURUSD/2026/04/26/13h_ticks.bi5 "HTTP/1.1 503 Service Temporarily Unavailable"
2026-06-13 21:20:17,309 - httpx - INFO - HTTP Request: GET https://datafeed.dukascopy.com/datafeed/EURUSD/2026/04/26/22h_ticks.bi5 "HTTP/1.1 503 Service Temporarily Unavailable"
2026-06-13 21:20:17,314 - httpx - INFO - HTTP Request: GET https://datafeed.dukascopy.com/datafeed/EURUSD/2026/04/26/15h_ticks.bi5 "HTTP/1.1 503 Service Temporarily Unavailable"
2026-06-13 21:20:17,321 - httpx - INFO - HTTP Request: GET https://datafeed.dukascopy.com/datafeed/EURUSD/2026/04/26/01h_ticks.bi5 "HTTP/1.1 200 OK"
2026-06-13 21:20:17,497 - httpx - INFO - HTTP Request: GET https://datafeed.dukascopy.com/datafeed/EURUSD/2026/04/26/11h_ticks.bi5 "HTTP/1.1 503 Service Temporarily Unavailable"
2026-06-13 21:20:17,518 - httpx - INFO - HTTP Request: GET https://datafeed.dukascopy.com/datafeed/EURUSD/2026/04/26/18h_ticks.bi5 "HTTP/1.1 503 Service Temporarily Unavailable"
2026-06-13 21:20:17,521 - httpx - INFO - HTTP Request: GET https://datafeed.dukascopy.com/datafeed/EURUSD/2026/04/26/20h_ticks.bi5 "HTTP/1.1 503 Service Temporarily Unavailable"
2026-06-13 21:20:17,523 - httpx - INFO - HTTP Request: GET https://datafeed.dukascopy.com/datafeed/EURUSD/2026/04/26/04h_ticks.bi5 "HTTP/1.1 200 OK"
2026-06-13 21:20:17,793 - httpx - INFO - HTTP Request: GET https://datafeed.dukascopy.com/datafeed/EURUSD/2026/04/26/07h_ticks.bi5 "HTTP/1.1 200 OK"
2026-06-13 21:20:17,916 - httpx - INFO - HTTP Request: GET https://datafeed.dukascopy.com/datafeed/EURUSD/2026/04/26/03h_ticks.bi5 "HTTP/1.1 200 OK"
2026-06-13 21:20:18,124 - httpx - INFO - HTTP Request: GET https://datafeed.dukascopy.com/datafeed/EURUSD/2026/04/26/12h_ticks.bi5 "HTTP/1.1 200 OK"
2026-06-13 21:20:18,322 - httpx - INFO - HTTP Request: GET https://datafeed.dukascopy.com/datafeed/EURUSD/2026/04/26/06h_ticks.bi5 "HTTP/1.1 200 OK"
2026-06-13 21:20:18,505 - LiveFeedWS - ERROR - WebSocket error for EURUSD: PubSub.get_message() got an unexpected keyword argument 'ignore_subscribe_crap'
2026-06-13 21:20:18,508 - AlertsWS - ERROR - Alerts WebSocket error: PubSub.get_message() got an unexpected keyword argument 'ignore_subscribe_crap'
2026-06-13 21:20:18,527 - httpx - INFO - HTTP Request: GET https://datafeed.dukascopy.com/datafeed/EURUSD/2026/04/26/17h_ticks.bi5 "HTTP/1.1 200 OK"
2026-06-13 21:20:18,719 - httpx - INFO - HTTP Request: GET https://datafeed.dukascopy.com/datafeed/EURUSD/2026/04/26/02h_ticks.bi5 "HTTP/1.1 200 OK"
2026-06-13 21:20:18,920 - httpx - INFO - HTTP Request: GET https://datafeed.dukascopy.com/datafeed/EURUSD/2026/04/26/10h_ticks.bi5 "HTTP/1.1 200 OK"
2026-06-13 21:20:19,121 - httpx - INFO - HTTP Request: GET https://datafeed.dukascopy.com/datafeed/EURUSD/2026/04/26/05h_ticks.bi5 "HTTP/1.1 200 OK"
2026-06-13 21:20:19,320 - httpx - INFO - HTTP Request: GET https://datafeed.dukascopy.com/datafeed/EURUSD/2026/04/26/16h_ticks.bi5 "HTTP/1.1 200 OK"
2026-06-13 21:20:19,517 - httpx - INFO - HTTP Request: GET https://datafeed.dukascopy.com/datafeed/EURUSD/2026/04/26/23h_ticks.bi5 "HTTP/1.1 200 OK"
2026-06-13 21:20:19,720 - httpx - INFO - HTTP Request: GET https://datafeed.dukascopy.com/datafeed/EURUSD/2026/04/26/19h_ticks.bi5 "HTTP/1.1 200 OK"
2026-06-13 21:20:19,920 - httpx - INFO - HTTP Request: GET https://datafeed.dukascopy.com/datafeed/EURUSD/2026/04/26/21h_ticks.bi5 "HTTP/1.1 200 OK"
2026-06-13 21:20:20,194 - httpx - INFO - HTTP Request: GET https://datafeed.dukascopy.com/datafeed/EURUSD/2026/04/26/14h_ticks.bi5 "HTTP/1.1 200 OK"
2026-06-13 21:20:20,324 - httpx - INFO - HTTP Request: GET https://datafeed.dukascopy.com/datafeed/EURUSD/2026/04/26/08h_ticks.bi5 "HTTP/1.1 200 OK"
2026-06-13 21:20:20,652 - httpx - INFO - HTTP Request: GET https://datafeed.dukascopy.com/datafeed/EURUSD/2026/04/25/00h_ticks.bi5 "HTTP/1.1 200 OK"
2026-06-13 21:20:20,821 - httpx - INFO - HTTP Request: GET https://datafeed.dukascopy.com/datafeed/EURUSD/2026/04/25/18h_ticks.bi5 "HTTP/1.1 503 Service Temporarily Unavailable"
2026-06-13 21:20:20,878 - httpx - INFO - HTTP Request: GET https://datafeed.dukascopy.com/datafeed/EURUSD/2026/04/25/01h_ticks.bi5 "HTTP/1.1 200 OK"
2026-06-13 21:20:20,880 - httpx - INFO - HTTP Request: GET https://datafeed.dukascopy.com/datafeed/EURUSD/2026/04/25/13h_ticks.bi5 "HTTP/1.1 503 Service Temporarily Unavailable"
2026-06-13 21:20:20,882 - httpx - INFO - HTTP Request: GET https://datafeed.dukascopy.com/datafeed/EURUSD/2026/04/25/21h_ticks.bi5 "HTTP/1.1 503 Service Temporarily Unavailable"
2026-06-13 21:20:20,884 - httpx - INFO - HTTP Request: GET https://datafeed.dukascopy.com/datafeed/EURUSD/2026/04/25/11h_ticks.bi5 "HTTP/1.1 503 Service Temporarily Unavailable"
2026-06-13 21:20:21,028 - httpx - INFO - HTTP Request: GET https://datafeed.dukascopy.com/datafeed/EURUSD/2026/04/25/04h_ticks.bi5 "HTTP/1.1 200 OK"
2026-06-13 21:20:21,069 - httpx - INFO - HTTP Request: GET https://datafeed.dukascopy.com/datafeed/EURUSD/2026/04/25/19h_ticks.bi5 "HTTP/1.1 503 Service Temporarily Unavailable"
2026-06-13 21:20:21,073 - httpx - INFO - HTTP Request: GET https://datafeed.dukascopy.com/datafeed/EURUSD/2026/04/25/16h_ticks.bi5 "HTTP/1.1 503 Service Temporarily Unavailable"
2026-06-13 21:20:21,230 - httpx - INFO - HTTP Request: GET https://datafeed.dukascopy.com/datafeed/EURUSD/2026/04/25/07h_ticks.bi5 "HTTP/1.1 200 OK"
2026-06-13 21:20:21,430 - httpx - INFO - HTTP Request: GET https://datafeed.dukascopy.com/datafeed/EURUSD/2026/04/25/03h_ticks.bi5 "HTTP/1.1 200 OK"
2026-06-13 21:20:21,637 - httpx - INFO - HTTP Request: GET https://datafeed.dukascopy.com/datafeed/EURUSD/2026/04/25/12h_ticks.bi5 "HTTP/1.1 200 OK"
2026-06-13 21:20:21,832 - httpx - INFO - HTTP Request: GET https://datafeed.dukascopy.com/datafeed/EURUSD/2026/04/25/06h_ticks.bi5 "HTTP/1.1 200 OK"
2026-06-13 21:20:22,028 - httpx - INFO - HTTP Request: GET https://datafeed.dukascopy.com/datafeed/EURUSD/2026/04/25/17h_ticks.bi5 "HTTP/1.1 200 OK"
2026-06-13 21:20:22,227 - httpx - INFO - HTTP Request: GET https://datafeed.dukascopy.com/datafeed/EURUSD/2026/04/25/02h_ticks.bi5 "HTTP/1.1 200 OK"
2026-06-13 21:20:22,430 - httpx - INFO - HTTP Request: GET https://datafeed.dukascopy.com/datafeed/EURUSD/2026/04/25/23h_ticks.bi5 "HTTP/1.1 200 OK"
2026-06-13 21:20:22,627 - httpx - INFO - HTTP Request: GET https://datafeed.dukascopy.com/datafeed/EURUSD/2026/04/25/10h_ticks.bi5 "HTTP/1.1 200 OK"
2026-06-13 21:20:22,831 - httpx - INFO - HTTP Request: GET https://datafeed.dukascopy.com/datafeed/EURUSD/2026/04/25/05h_ticks.bi5 "HTTP/1.1 200 OK"
2026-06-13 21:20:23,036 - httpx - INFO - HTTP Request: GET https://datafeed.dukascopy.com/datafeed/EURUSD/2026/04/25/20h_ticks.bi5 "HTTP/1.1 200 OK"
2026-06-13 21:20:23,228 - httpx - INFO - HTTP Request: GET https://datafeed.dukascopy.com/datafeed/EURUSD/2026/04/25/15h_ticks.bi5 "HTTP/1.1 200 OK"
2026-06-13 21:20:23,431 - httpx - INFO - HTTP Request: GET https://datafeed.dukascopy.com/datafeed/EURUSD/2026/04/25/14h_ticks.bi5 "HTTP/1.1 200 OK"
2026-06-13 21:20:23,627 - httpx - INFO - HTTP Request: GET https://datafeed.dukascopy.com/datafeed/EURUSD/2026/04/25/08h_ticks.bi5 "HTTP/1.1 200 OK"
2026-06-13 21:20:23,829 - httpx - INFO - HTTP Request: GET https://datafeed.dukascopy.com/datafeed/EURUSD/2026/04/25/22h_ticks.bi5 "HTTP/1.1 200 OK"
2026-06-13 21:20:24,025 - httpx - INFO - HTTP Request: GET https://datafeed.dukascopy.com/datafeed/EURUSD/2026/04/25/09h_ticks.bi5 "HTTP/1.1 200 OK"
2026-06-13 21:20:24,241 - httpx - INFO - HTTP Request: GET https://datafeed.dukascopy.com/datafeed/EURUSD/2026/04/24/00h_ticks.bi5 "HTTP/1.1 200 OK"
2026-06-13 21:20:24,424 - httpx - INFO - HTTP Request: GET https://datafeed.dukascopy.com/datafeed/EURUSD/2026/04/24/01h_ticks.bi5 "HTTP/1.1 200 OK"
2026-06-13 21:20:24,509 - httpx - INFO - HTTP Request: GET https://datafeed.dukascopy.com/datafeed/EURUSD/2026/04/24/22h_ticks.bi5 "HTTP/1.1 503 Service Temporarily Unavailable"
2026-06-13 21:20:24,511 - httpx - INFO - HTTP Request: GET https://datafeed.dukascopy.com/datafeed/EURUSD/2026/04/24/13h_ticks.bi5 "HTTP/1.1 503 Service Temporarily Unavailable"
2026-06-13 21:20:24,513 - httpx - INFO - HTTP Request: GET https://datafeed.dukascopy.com/datafeed/EURUSD/2026/04/24/21h_ticks.bi5 "HTTP/1.1 503 Service Temporarily Unavailable"
2026-06-13 21:20:24,515 - httpx - INFO - HTTP Request: GET https://datafeed.dukascopy.com/datafeed/EURUSD/2026/04/24/11h_ticks.bi5 "HTTP/1.1 503 Service Temporarily Unavailable"
2026-06-13 21:20:24,625 - httpx - INFO - HTTP Request: GET https://datafeed.dukascopy.com/datafeed/EURUSD/2026/04/24/04h_ticks.bi5 "HTTP/1.1 200 OK"
2026-06-13 21:20:24,687 - httpx - INFO - HTTP Request: GET https://datafeed.dukascopy.com/datafeed/EURUSD/2026/04/24/16h_ticks.bi5 "HTTP/1.1 503 Service Temporarily Unavailable"
2026-06-13 21:20:24,788 - httpx - INFO - HTTP Request: GET https://datafeed.dukascopy.com/datafeed/EURUSD/2026/04/24/09h_ticks.bi5 "HTTP/1.1 503 Service Temporarily Unavailable"
2026-06-13 21:20:24,826 - httpx - INFO - HTTP Request: GET https://datafeed.dukascopy.com/datafeed/EURUSD/2026/04/24/07h_ticks.bi5 "HTTP/1.1 200 OK"
2026-06-13 21:20:25,042 - httpx - INFO - HTTP Request: GET https://datafeed.dukascopy.com/datafeed/EURUSD/2026/04/24/03h_ticks.bi5 "HTTP/1.1 200 OK"
2026-06-13 21:20:25,226 - httpx - INFO - HTTP Request: GET https://datafeed.dukascopy.com/datafeed/EURUSD/2026/04/24/12h_ticks.bi5 "HTTP/1.1 200 OK"
2026-06-13 21:20:25,425 - httpx - INFO - HTTP Request: GET https://datafeed.dukascopy.com/datafeed/EURUSD/2026/04/24/06h_ticks.bi5 "HTTP/1.1 200 OK"
2026-06-13 21:20:25,626 - httpx - INFO - HTTP Request: GET https://datafeed.dukascopy.com/datafeed/EURUSD/2026/04/24/17h_ticks.bi5 "HTTP/1.1 200 OK"
2026-06-13 21:20:25,828 - httpx - INFO - HTTP Request: GET https://datafeed.dukascopy.com/datafeed/EURUSD/2026/04/24/02h_ticks.bi5 "HTTP/1.1 200 OK"
2026-06-13 21:20:26,029 - httpx - INFO - HTTP Request: GET https://datafeed.dukascopy.com/datafeed/EURUSD/2026/04/24/23h_ticks.bi5 "HTTP/1.1 200 OK"
2026-06-13 21:20:26,223 - httpx - INFO - HTTP Request: GET https://datafeed.dukascopy.com/datafeed/EURUSD/2026/04/24/10h_ticks.bi5 "HTTP/1.1 200 OK"
2026-06-13 21:20:26,428 - httpx - INFO - HTTP Request: GET https://datafeed.dukascopy.com/datafeed/EURUSD/2026/04/24/05h_ticks.bi5 "HTTP/1.1 200 OK"
2026-06-13 21:20:26,661 - httpx - INFO - HTTP Request: GET https://datafeed.dukascopy.com/datafeed/EURUSD/2026/04/24/20h_ticks.bi5 "HTTP/1.1 200 OK"
2026-06-13 21:20:26,826 - httpx - INFO - HTTP Request: GET https://datafeed.dukascopy.com/datafeed/EURUSD/2026/04/24/15h_ticks.bi5 "HTTP/1.1 200 OK"
2026-06-13 21:20:27,032 - httpx - INFO - HTTP Request: GET https://datafeed.dukascopy.com/datafeed/EURUSD/2026/04/24/14h_ticks.bi5 "HTTP/1.1 200 OK"
2026-06-13 21:20:27,233 - httpx - INFO - HTTP Request: GET https://datafeed.dukascopy.com/datafeed/EURUSD/2026/04/24/08h_ticks.bi5 "HTTP/1.1 200 OK"
2026-06-13 21:20:27,424 - httpx - INFO - HTTP Request: GET https://datafeed.dukascopy.com/datafeed/EURUSD/2026/04/24/18h_ticks.bi5 "HTTP/1.1 200 OK"
2026-06-13 21:20:27,623 - httpx - INFO - HTTP Request: GET https://datafeed.dukascopy.com/datafeed/EURUSD/2026/04/24/19h_ticks.bi5 "HTTP/1.1 200 OK"
2026-06-13 21:20:27,844 - httpx - INFO - HTTP Request: GET https://datafeed.dukascopy.com/datafeed/EURUSD/2026/04/23/00h_ticks.bi5 "HTTP/1.1 200 OK"
2026-06-13 21:20:28,028 - httpx - INFO - HTTP Request: GET https://datafeed.dukascopy.com/datafeed/EURUSD/2026/04/23/01h_ticks.bi5 "HTTP/1.1 200 OK"
2026-06-13 21:20:28,092 - httpx - INFO - HTTP Request: GET https://datafeed.dukascopy.com/datafeed/EURUSD/2026/04/23/20h_ticks.bi5 "HTTP/1.1 503 Service Temporarily Unavailable"
2026-06-13 21:20:28,094 - httpx - INFO - HTTP Request: GET https://datafeed.dukascopy.com/datafeed/EURUSD/2026/04/23/09h_ticks.bi5 "HTTP/1.1 503 Service Temporarily Unavailable"
2026-06-13 21:20:28,097 - httpx - INFO - HTTP Request: GET https://datafeed.dukascopy.com/datafeed/EURUSD/2026/04/23/14h_ticks.bi5 "HTTP/1.1 503 Service Temporarily Unavailable"
2026-06-13 21:20:28,099 - httpx - INFO - HTTP Request: GET https://datafeed.dukascopy.com/datafeed/EURUSD/2026/04/23/11h_ticks.bi5 "HTTP/1.1 503 Service Temporarily Unavailable"
2026-06-13 21:20:28,225 - httpx - INFO - HTTP Request: GET https://datafeed.dukascopy.com/datafeed/EURUSD/2026/04/23/04h_ticks.bi5 "HTTP/1.1 200 OK"
2026-06-13 21:20:28,316 - httpx - INFO - HTTP Request: GET https://datafeed.dukascopy.com/datafeed/EURUSD/2026/04/23/21h_ticks.bi5 "HTTP/1.1 503 Service Temporarily Unavailable"
2026-06-13 21:20:28,318 - httpx - INFO - HTTP Request: GET https://datafeed.dukascopy.com/datafeed/EURUSD/2026/04/23/08h_ticks.bi5 "HTTP/1.1 503 Service Temporarily Unavailable"
2026-06-13 21:20:28,423 - httpx - INFO - HTTP Request: GET https://datafeed.dukascopy.com/datafeed/EURUSD/2026/04/23/07h_ticks.bi5 "HTTP/1.1 200 OK"
2026-06-13 21:20:28,626 - httpx - INFO - HTTP Request: GET https://datafeed.dukascopy.com/datafeed/EURUSD/2026/04/23/03h_ticks.bi5 "HTTP/1.1 200 OK"
2026-06-13 21:20:28,829 - httpx - INFO - HTTP Request: GET https://datafeed.dukascopy.com/datafeed/EURUSD/2026/04/23/12h_ticks.bi5 "HTTP/1.1 200 OK"
2026-06-13 21:20:29,030 - httpx - INFO - HTTP Request: GET https://datafeed.dukascopy.com/datafeed/EURUSD/2026/04/23/06h_ticks.bi5 "HTTP/1.1 200 OK"
2026-06-13 21:20:29,226 - httpx - INFO - HTTP Request: GET https://datafeed.dukascopy.com/datafeed/EURUSD/2026/04/23/17h_ticks.bi5 "HTTP/1.1 200 OK"
2026-06-13 21:20:29,423 - httpx - INFO - HTTP Request: GET https://datafeed.dukascopy.com/datafeed/EURUSD/2026/04/23/02h_ticks.bi5 "HTTP/1.1 200 OK"
2026-06-13 21:20:29,625 - httpx - INFO - HTTP Request: GET https://datafeed.dukascopy.com/datafeed/EURUSD/2026/04/23/10h_ticks.bi5 "HTTP/1.1 200 OK"
2026-06-13 21:20:29,829 - httpx - INFO - HTTP Request: GET https://datafeed.dukascopy.com/datafeed/EURUSD/2026/04/23/05h_ticks.bi5 "HTTP/1.1 200 OK"
2026-06-13 21:20:30,024 - httpx - INFO - HTTP Request: GET https://datafeed.dukascopy.com/datafeed/EURUSD/2026/04/23/16h_ticks.bi5 "HTTP/1.1 200 OK"
2026-06-13 21:20:30,224 - httpx - INFO - HTTP Request: GET https://datafeed.dukascopy.com/datafeed/EURUSD/2026/04/23/23h_ticks.bi5 "HTTP/1.1 200 OK"
2026-06-13 21:20:30,423 - httpx - INFO - HTTP Request: GET https://datafeed.dukascopy.com/datafeed/EURUSD/2026/04/23/18h_ticks.bi5 "HTTP/1.1 200 OK"
2026-06-13 21:20:30,625 - httpx - INFO - HTTP Request: GET https://datafeed.dukascopy.com/datafeed/EURUSD/2026/04/23/22h_ticks.bi5 "HTTP/1.1 200 OK"
2026-06-13 21:20:30,826 - httpx - INFO - HTTP Request: GET https://datafeed.dukascopy.com/datafeed/EURUSD/2026/04/23/13h_ticks.bi5 "HTTP/1.1 200 OK"
2026-06-13 21:20:31,025 - httpx - INFO - HTTP Request: GET https://datafeed.dukascopy.com/datafeed/EURUSD/2026/04/23/15h_ticks.bi5 "HTTP/1.1 200 OK"
2026-06-13 21:20:31,228 - httpx - INFO - HTTP Request: GET https://datafeed.dukascopy.com/datafeed/EURUSD/2026/04/23/19h_ticks.bi5 "HTTP/1.1 200 OK"
2026-06-13 21:20:31,453 - httpx - INFO - HTTP Request: GET https://datafeed.dukascopy.com/datafeed/EURUSD/2026/04/22/00h_ticks.bi5 "HTTP/1.1 200 OK"
2026-06-13 21:20:31,602 - httpx - INFO - HTTP Request: GET https://datafeed.dukascopy.com/datafeed/EURUSD/2026/04/22/14h_ticks.bi5 "HTTP/1.1 503 Service Temporarily Unavailable"
2026-06-13 21:20:31,630 - httpx - INFO - HTTP Request: GET https://datafeed.dukascopy.com/datafeed/EURUSD/2026/04/22/20h_ticks.bi5 "HTTP/1.1 503 Service Temporarily Unavailable"
2026-06-13 21:20:31,632 - httpx - INFO - HTTP Request: GET https://datafeed.dukascopy.com/datafeed/EURUSD/2026/04/22/23h_ticks.bi5 "HTTP/1.1 503 Service Temporarily Unavailable"
2026-06-13 21:20:31,636 - httpx - INFO - HTTP Request: GET https://datafeed.dukascopy.com/datafeed/EURUSD/2026/04/22/19h_ticks.bi5 "HTTP/1.1 503 Service Temporarily Unavailable"
2026-06-13 21:20:31,639 - httpx - INFO - HTTP Request: GET https://datafeed.dukascopy.com/datafeed/EURUSD/2026/04/22/01h_ticks.bi5 "HTTP/1.1 200 OK"
2026-06-13 21:20:31,817 - httpx - INFO - HTTP Request: GET https://datafeed.dukascopy.com/datafeed/EURUSD/2026/04/22/18h_ticks.bi5 "HTTP/1.1 503 Service Temporarily Unavailable"
2026-06-13 21:20:31,860 - httpx - INFO - HTTP Request: GET https://datafeed.dukascopy.com/datafeed/EURUSD/2026/04/22/08h_ticks.bi5 "HTTP/1.1 503 Service Temporarily Unavailable"
2026-06-13 21:20:31,862 - httpx - INFO - HTTP Request: GET https://datafeed.dukascopy.com/datafeed/EURUSD/2026/04/22/09h_ticks.bi5 "HTTP/1.1 503 Service Temporarily Unavailable"
2026-06-13 21:20:31,864 - httpx - INFO - HTTP Request: GET https://datafeed.dukascopy.com/datafeed/EURUSD/2026/04/22/04h_ticks.bi5 "HTTP/1.1 200 OK"
2026-06-13 21:20:32,028 - httpx - INFO - HTTP Request: GET https://datafeed.dukascopy.com/datafeed/EURUSD/2026/04/22/07h_ticks.bi5 "HTTP/1.1 200 OK"
2026-06-13 21:20:32,240 - httpx - INFO - HTTP Request: GET https://datafeed.dukascopy.com/datafeed/EURUSD/2026/04/22/03h_ticks.bi5 "HTTP/1.1 200 OK"
2026-06-13 21:20:32,513 - httpx - INFO - HTTP Request: GET https://datafeed.dukascopy.com/datafeed/EURUSD/2026/04/22/12h_ticks.bi5 "HTTP/1.1 200 OK"
2026-06-13 21:20:32,636 - httpx - INFO - HTTP Request: GET https://datafeed.dukascopy.com/datafeed/EURUSD/2026/04/22/06h_ticks.bi5 "HTTP/1.1 200 OK"
2026-06-13 21:20:32,901 - httpx - INFO - HTTP Request: GET https://datafeed.dukascopy.com/datafeed/EURUSD/2026/04/22/17h_ticks.bi5 "HTTP/1.1 200 OK"
2026-06-13 21:20:33,034 - httpx - INFO - HTTP Request: GET https://datafeed.dukascopy.com/datafeed/EURUSD/2026/04/22/02h_ticks.bi5 "HTTP/1.1 200 OK"
2026-06-13 21:20:33,226 - httpx - INFO - HTTP Request: GET https://datafeed.dukascopy.com/datafeed/EURUSD/2026/04/22/10h_ticks.bi5 "HTTP/1.1 200 OK"
2026-06-13 21:20:33,425 - httpx - INFO - HTTP Request: GET https://datafeed.dukascopy.com/datafeed/EURUSD/2026/04/22/05h_ticks.bi5 "HTTP/1.1 200 OK"
2026-06-13 21:20:33,631 - httpx - INFO - HTTP Request: GET https://datafeed.dukascopy.com/datafeed/EURUSD/2026/04/22/16h_ticks.bi5 "HTTP/1.1 200 OK"
2026-06-13 21:20:33,908 - httpx - INFO - HTTP Request: GET https://datafeed.dukascopy.com/datafeed/EURUSD/2026/04/22/13h_ticks.bi5 "HTTP/1.1 200 OK"
2026-06-13 21:20:34,031 - httpx - INFO - HTTP Request: GET https://datafeed.dukascopy.com/datafeed/EURUSD/2026/04/22/11h_ticks.bi5 "HTTP/1.1 200 OK"
2026-06-13 21:20:34,224 - httpx - INFO - HTTP Request: GET https://datafeed.dukascopy.com/datafeed/EURUSD/2026/04/22/22h_ticks.bi5 "HTTP/1.1 200 OK"
2026-06-13 21:20:34,427 - httpx - INFO - HTTP Request: GET https://datafeed.dukascopy.com/datafeed/EURUSD/2026/04/22/21h_ticks.bi5 "HTTP/1.1 200 OK"
2026-06-13 21:20:34,701 - httpx - INFO - HTTP Request: GET https://datafeed.dukascopy.com/datafeed/EURUSD/2026/04/22/15h_ticks.bi5 "HTTP/1.1 200 OK"
2026-06-13 21:20:34,974 - httpx - INFO - HTTP Request: GET https://datafeed.dukascopy.com/datafeed/EURUSD/2026/04/21/00h_ticks.bi5 "HTTP/1.1 200 OK"
2026-06-13 21:20:35,160 - httpx - INFO - HTTP Request: GET https://datafeed.dukascopy.com/datafeed/EURUSD/2026/04/21/01h_ticks.bi5 "HTTP/1.1 200 OK"
2026-06-13 21:20:35,256 - httpx - INFO - HTTP Request: GET https://datafeed.dukascopy.com/datafeed/EURUSD/2026/04/21/08h_ticks.bi5 "HTTP/1.1 503 Service Temporarily Unavailable"
2026-06-13 21:20:35,349 - httpx - INFO - HTTP Request: GET https://datafeed.dukascopy.com/datafeed/EURUSD/2026/04/21/05h_ticks.bi5 "HTTP/1.1 503 Service Temporarily Unavailable"
2026-06-13 21:20:35,351 - httpx - INFO - HTTP Request: GET https://datafeed.dukascopy.com/datafeed/EURUSD/2026/04/21/18h_ticks.bi5 "HTTP/1.1 503 Service Temporarily Unavailable"
2026-06-13 21:20:35,353 - httpx - INFO - HTTP Request: GET https://datafeed.dukascopy.com/datafeed/EURUSD/2026/04/21/19h_ticks.bi5 "HTTP/1.1 503 Service Temporarily Unavailable"
2026-06-13 21:20:35,412 - httpx - INFO - HTTP Request: GET https://datafeed.dukascopy.com/datafeed/EURUSD/2026/04/21/04h_ticks.bi5 "HTTP/1.1 200 OK"
2026-06-13 21:20:35,580 - httpx - INFO - HTTP Request: GET https://datafeed.dukascopy.com/datafeed/EURUSD/2026/04/21/16h_ticks.bi5 "HTTP/1.1 503 Service Temporarily Unavailable"
2026-06-13 21:20:35,633 - httpx - INFO - HTTP Request: GET https://datafeed.dukascopy.com/datafeed/EURUSD/2026/04/21/07h_ticks.bi5 "HTTP/1.1 200 OK"
2026-06-13 21:20:35,751 - httpx - INFO - HTTP Request: GET https://datafeed.dukascopy.com/datafeed/EURUSD/2026/04/21/03h_ticks.bi5 "HTTP/1.1 200 OK"
2026-06-13 21:20:36,028 - httpx - INFO - HTTP Request: GET https://datafeed.dukascopy.com/datafeed/EURUSD/2026/04/21/12h_ticks.bi5 "HTTP/1.1 200 OK"
2026-06-13 21:20:36,157 - httpx - INFO - HTTP Request: GET https://datafeed.dukascopy.com/datafeed/EURUSD/2026/04/21/06h_ticks.bi5 "HTTP/1.1 200 OK"
2026-06-13 21:20:36,458 - httpx - INFO - HTTP Request: GET https://datafeed.dukascopy.com/datafeed/EURUSD/2026/04/21/17h_ticks.bi5 "HTTP/1.1 200 OK"
2026-06-13 21:20:36,553 - httpx - INFO - HTTP Request: GET https://datafeed.dukascopy.com/datafeed/EURUSD/2026/04/21/02h_ticks.bi5 "HTTP/1.1 200 OK"
2026-06-13 21:20:36,757 - httpx - INFO - HTTP Request: GET https://datafeed.dukascopy.com/datafeed/EURUSD/2026/04/21/22h_ticks.bi5 "HTTP/1.1 200 OK"
2026-06-13 21:20:37,019 - httpx - INFO - HTTP Request: GET https://datafeed.dukascopy.com/datafeed/EURUSD/2026/04/21/10h_ticks.bi5 "HTTP/1.1 200 OK"
2026-06-13 21:20:37,152 - httpx - INFO - HTTP Request: GET https://datafeed.dukascopy.com/datafeed/EURUSD/2026/04/21/23h_ticks.bi5 "HTTP/1.1 200 OK"
2026-06-13 21:20:37,351 - httpx - INFO - HTTP Request: GET https://datafeed.dukascopy.com/datafeed/EURUSD/2026/04/21/20h_ticks.bi5 "HTTP/1.1 200 OK"
2026-06-13 21:20:37,631 - httpx - INFO - HTTP Request: GET https://datafeed.dukascopy.com/datafeed/EURUSD/2026/04/21/15h_ticks.bi5 "HTTP/1.1 200 OK"
2026-06-13 21:20:37,760 - httpx - INFO - HTTP Request: GET https://datafeed.dukascopy.com/datafeed/EURUSD/2026/04/21/09h_ticks.bi5 "HTTP/1.1 200 OK"
2026-06-13 21:20:38,089 - httpx - INFO - HTTP Request: GET https://datafeed.dukascopy.com/datafeed/EURUSD/2026/04/21/13h_ticks.bi5 "HTTP/1.1 200 OK"
2026-06-13 21:20:38,228 - httpx - INFO - HTTP Request: GET https://datafeed.dukascopy.com/datafeed/EURUSD/2026/04/21/14h_ticks.bi5 "HTTP/1.1 200 OK"
2026-06-13 21:20:38,428 - httpx - INFO - HTTP Request: GET https://datafeed.dukascopy.com/datafeed/EURUSD/2026/04/21/11h_ticks.bi5 "HTTP/1.1 200 OK"
2026-06-13 21:20:38,549 - httpx - INFO - HTTP Request: GET https://datafeed.dukascopy.com/datafeed/EURUSD/2026/04/21/21h_ticks.bi5 "HTTP/1.1 200 OK"
2026-06-13 21:20:38,835 - httpx - INFO - HTTP Request: GET https://datafeed.dukascopy.com/datafeed/EURUSD/2026/04/20/00h_ticks.bi5 "HTTP/1.1 200 OK"
2026-06-13 21:20:39,011 - httpx - INFO - HTTP Request: GET https://datafeed.dukascopy.com/datafeed/EURUSD/2026/04/20/19h_ticks.bi5 "HTTP/1.1 503 Service Temporarily Unavailable"
2026-06-13 21:20:39,071 - httpx - INFO - HTTP Request: GET https://datafeed.dukascopy.com/datafeed/EURUSD/2026/04/20/01h_ticks.bi5 "HTTP/1.1 200 OK"
2026-06-13 21:20:39,073 - httpx - INFO - HTTP Request: GET https://datafeed.dukascopy.com/datafeed/EURUSD/2026/04/20/14h_ticks.bi5 "HTTP/1.1 503 Service Temporarily Unavailable"
2026-06-13 21:20:39,076 - httpx - INFO - HTTP Request: GET https://datafeed.dukascopy.com/datafeed/EURUSD/2026/04/20/11h_ticks.bi5 "HTTP/1.1 503 Service Temporarily Unavailable"
2026-06-13 21:20:39,079 - httpx - INFO - HTTP Request: GET https://datafeed.dukascopy.com/datafeed/EURUSD/2026/04/20/09h_ticks.bi5 "HTTP/1.1 503 Service Temporarily Unavailable"
2026-06-13 21:20:39,162 - httpx - INFO - HTTP Request: GET https://datafeed.dukascopy.com/datafeed/EURUSD/2026/04/20/04h_ticks.bi5 "HTTP/1.1 200 OK"
2026-06-13 21:20:39,271 - httpx - INFO - HTTP Request: GET https://datafeed.dukascopy.com/datafeed/EURUSD/2026/04/20/08h_ticks.bi5 "HTTP/1.1 503 Service Temporarily Unavailable"
2026-06-13 21:20:39,337 - httpx - INFO - HTTP Request: GET https://datafeed.dukascopy.com/datafeed/EURUSD/2026/04/20/20h_ticks.bi5 "HTTP/1.1 503 Service Temporarily Unavailable"
2026-06-13 21:20:39,353 - httpx - INFO - HTTP Request: GET https://datafeed.dukascopy.com/datafeed/EURUSD/2026/04/20/07h_ticks.bi5 "HTTP/1.1 200 OK"
2026-06-13 21:20:39,558 - httpx - INFO - HTTP Request: GET https://datafeed.dukascopy.com/datafeed/EURUSD/2026/04/20/03h_ticks.bi5 "HTTP/1.1 200 OK"
2026-06-13 21:20:39,759 - httpx - INFO - HTTP Request: GET https://datafeed.dukascopy.com/datafeed/EURUSD/2026/04/20/12h_ticks.bi5 "HTTP/1.1 200 OK"
2026-06-13 21:20:40,034 - httpx - INFO - HTTP Request: GET https://datafeed.dukascopy.com/datafeed/EURUSD/2026/04/20/06h_ticks.bi5 "HTTP/1.1 200 OK"
2026-06-13 21:20:40,223 - httpx - INFO - HTTP Request: GET https://datafeed.dukascopy.com/datafeed/EURUSD/2026/04/20/17h_ticks.bi5 "HTTP/1.1 200 OK"
2026-06-13 21:20:40,355 - httpx - INFO - HTTP Request: GET https://datafeed.dukascopy.com/datafeed/EURUSD/2026/04/20/02h_ticks.bi5 "HTTP/1.1 200 OK"
2026-06-13 21:20:40,558 - httpx - INFO - HTTP Request: GET https://datafeed.dukascopy.com/datafeed/EURUSD/2026/04/20/10h_ticks.bi5 "HTTP/1.1 200 OK"
2026-06-13 21:20:40,755 - httpx - INFO - HTTP Request: GET https://datafeed.dukascopy.com/datafeed/EURUSD/2026/04/20/05h_ticks.bi5 "HTTP/1.1 200 OK"
2026-06-13 21:20:41,059 - httpx - INFO - HTTP Request: GET https://datafeed.dukascopy.com/datafeed/EURUSD/2026/04/20/16h_ticks.bi5 "HTTP/1.1 200 OK"
2026-06-13 21:20:41,158 - httpx - INFO - HTTP Request: GET https://datafeed.dukascopy.com/datafeed/EURUSD/2026/04/20/23h_ticks.bi5 "HTTP/1.1 200 OK"
2026-06-13 21:20:41,426 - httpx - INFO - HTTP Request: GET https://datafeed.dukascopy.com/datafeed/EURUSD/2026/04/20/18h_ticks.bi5 "HTTP/1.1 200 OK"
2026-06-13 21:20:41,552 - httpx - INFO - HTTP Request: GET https://datafeed.dukascopy.com/datafeed/EURUSD/2026/04/20/22h_ticks.bi5 "HTTP/1.1 200 OK"
2026-06-13 21:20:41,824 - httpx - INFO - HTTP Request: GET https://datafeed.dukascopy.com/datafeed/EURUSD/2026/04/20/13h_ticks.bi5 "HTTP/1.1 200 OK"
2026-06-13 21:20:42,056 - httpx - INFO - HTTP Request: GET https://datafeed.dukascopy.com/datafeed/EURUSD/2026/04/20/15h_ticks.bi5 "HTTP/1.1 200 OK"
2026-06-13 21:20:42,195 - httpx - INFO - HTTP Request: GET https://datafeed.dukascopy.com/datafeed/EURUSD/2026/04/20/21h_ticks.bi5 "HTTP/1.1 200 OK"
2026-06-13 21:20:42,390 - httpx - INFO - HTTP Request: GET https://datafeed.dukascopy.com/datafeed/EURUSD/2026/04/19/00h_ticks.bi5 "HTTP/1.1 200 OK"
2026-06-13 21:20:42,568 - httpx - INFO - HTTP Request: GET https://datafeed.dukascopy.com/datafeed/EURUSD/2026/04/19/01h_ticks.bi5 "HTTP/1.1 200 OK"
2026-06-13 21:20:42,641 - httpx - INFO - HTTP Request: GET https://datafeed.dukascopy.com/datafeed/EURUSD/2026/04/19/16h_ticks.bi5 "HTTP/1.1 503 Service Temporarily Unavailable"
2026-06-13 21:20:42,720 - httpx - INFO - HTTP Request: GET https://datafeed.dukascopy.com/datafeed/EURUSD/2026/04/19/11h_ticks.bi5 "HTTP/1.1 503 Service Temporarily Unavailable"
2026-06-13 21:20:42,722 - httpx - INFO - HTTP Request: GET https://datafeed.dukascopy.com/datafeed/EURUSD/2026/04/19/15h_ticks.bi5 "HTTP/1.1 503 Service Temporarily Unavailable"
2026-06-13 21:20:42,725 - httpx - INFO - HTTP Request: GET https://datafeed.dukascopy.com/datafeed/EURUSD/2026/04/19/18h_ticks.bi5 "HTTP/1.1 503 Service Temporarily Unavailable"
2026-06-13 21:20:42,776 - httpx - INFO - HTTP Request: GET https://datafeed.dukascopy.com/datafeed/EURUSD/2026/04/19/04h_ticks.bi5 "HTTP/1.1 200 OK"
2026-06-13 21:20:42,932 - httpx - INFO - HTTP Request: GET https://datafeed.dukascopy.com/datafeed/EURUSD/2026/04/19/08h_ticks.bi5 "HTTP/1.1 503 Service Temporarily Unavailable"
2026-06-13 21:20:43,003 - httpx - INFO - HTTP Request: GET https://datafeed.dukascopy.com/datafeed/EURUSD/2026/04/19/23h_ticks.bi5 "HTTP/1.1 503 Service Temporarily Unavailable"
2026-06-13 21:20:43,036 - httpx - INFO - HTTP Request: GET https://datafeed.dukascopy.com/datafeed/EURUSD/2026/04/19/07h_ticks.bi5 "HTTP/1.1 200 OK"
2026-06-13 21:20:43,153 - httpx - INFO - HTTP Request: GET https://datafeed.dukascopy.com/datafeed/EURUSD/2026/04/19/03h_ticks.bi5 "HTTP/1.1 200 OK"
2026-06-13 21:20:43,427 - httpx - INFO - HTTP Request: GET https://datafeed.dukascopy.com/datafeed/EURUSD/2026/04/19/12h_ticks.bi5 "HTTP/1.1 200 OK"
2026-06-13 21:20:43,564 - httpx - INFO - HTTP Request: GET https://datafeed.dukascopy.com/datafeed/EURUSD/2026/04/19/06h_ticks.bi5 "HTTP/1.1 200 OK"
2026-06-13 21:20:43,753 - httpx - INFO - HTTP Request: GET https://datafeed.dukascopy.com/datafeed/EURUSD/2026/04/19/17h_ticks.bi5 "HTTP/1.1 200 OK"
2026-06-13 21:20:43,953 - httpx - INFO - HTTP Request: GET https://datafeed.dukascopy.com/datafeed/EURUSD/2026/04/19/02h_ticks.bi5 "HTTP/1.1 200 OK"
2026-06-13 21:20:44,232 - httpx - INFO - HTTP Request: GET https://datafeed.dukascopy.com/datafeed/EURUSD/2026/04/19/10h_ticks.bi5 "HTTP/1.1 200 OK"
2026-06-13 21:20:44,358 - httpx - INFO - HTTP Request: GET https://datafeed.dukascopy.com/datafeed/EURUSD/2026/04/19/19h_ticks.bi5 "HTTP/1.1 200 OK"
2026-06-13 21:20:44,554 - httpx - INFO - HTTP Request: GET https://datafeed.dukascopy.com/datafeed/EURUSD/2026/04/19/05h_ticks.bi5 "HTTP/1.1 200 OK"
2026-06-13 21:20:44,826 - httpx - INFO - HTTP Request: GET https://datafeed.dukascopy.com/datafeed/EURUSD/2026/04/19/13h_ticks.bi5 "HTTP/1.1 200 OK"
2026-06-13 21:20:45,029 - httpx - INFO - HTTP Request: GET https://datafeed.dukascopy.com/datafeed/EURUSD/2026/04/19/09h_ticks.bi5 "HTTP/1.1 200 OK"
2026-06-13 21:20:45,233 - httpx - INFO - HTTP Request: GET https://datafeed.dukascopy.com/datafeed/EURUSD/2026/04/19/14h_ticks.bi5 "HTTP/1.1 200 OK"
2026-06-13 21:20:45,354 - httpx - INFO - HTTP Request: GET https://datafeed.dukascopy.com/datafeed/EURUSD/2026/04/19/20h_ticks.bi5 "HTTP/1.1 200 OK"
2026-06-13 21:20:45,556 - httpx - INFO - HTTP Request: GET https://datafeed.dukascopy.com/datafeed/EURUSD/2026/04/19/21h_ticks.bi5 "HTTP/1.1 200 OK"
2026-06-13 21:20:45,751 - httpx - INFO - HTTP Request: GET https://datafeed.dukascopy.com/datafeed/EURUSD/2026/04/19/22h_ticks.bi5 "HTTP/1.1 200 OK"
2026-06-13 21:20:46,061 - httpx - INFO - HTTP Request: GET https://datafeed.dukascopy.com/datafeed/EURUSD/2026/04/18/00h_ticks.bi5 "HTTP/1.1 200 OK"
2026-06-13 21:20:46,236 - httpx - INFO - HTTP Request: GET https://datafeed.dukascopy.com/datafeed/EURUSD/2026/04/18/09h_ticks.bi5 "HTTP/1.1 503 Service Temporarily Unavailable"
2026-06-13 21:20:46,277 - httpx - INFO - HTTP Request: GET https://datafeed.dukascopy.com/datafeed/EURUSD/2026/04/18/01h_ticks.bi5 "HTTP/1.1 200 OK"
2026-06-13 21:20:46,279 - httpx - INFO - HTTP Request: GET https://datafeed.dukascopy.com/datafeed/EURUSD/2026/04/18/08h_ticks.bi5 "HTTP/1.1 503 Service Temporarily Unavailable"
2026-06-13 21:20:46,281 - httpx - INFO - HTTP Request: GET https://datafeed.dukascopy.com/datafeed/EURUSD/2026/04/18/15h_ticks.bi5 "HTTP/1.1 503 Service Temporarily Unavailable"
2026-06-13 21:20:46,284 - httpx - INFO - HTTP Request: GET https://datafeed.dukascopy.com/datafeed/EURUSD/2026/04/18/20h_ticks.bi5 "HTTP/1.1 503 Service Temporarily Unavailable"
2026-06-13 21:20:46,370 - httpx - INFO - HTTP Request: GET https://datafeed.dukascopy.com/datafeed/EURUSD/2026/04/18/04h_ticks.bi5 "HTTP/1.1 200 OK"
2026-06-13 21:20:46,477 - httpx - INFO - HTTP Request: GET https://datafeed.dukascopy.com/datafeed/EURUSD/2026/04/18/11h_ticks.bi5 "HTTP/1.1 503 Service Temporarily Unavailable"
2026-06-13 21:20:46,561 - httpx - INFO - HTTP Request: GET https://datafeed.dukascopy.com/datafeed/EURUSD/2026/04/18/13h_ticks.bi5 "HTTP/1.1 503 Service Temporarily Unavailable"
2026-06-13 21:20:46,691 - httpx - INFO - HTTP Request: GET https://datafeed.dukascopy.com/datafeed/EURUSD/2026/04/18/07h_ticks.bi5 "HTTP/1.1 200 OK"
2026-06-13 21:20:46,770 - httpx - INFO - HTTP Request: GET https://datafeed.dukascopy.com/datafeed/EURUSD/2026/04/18/03h_ticks.bi5 "HTTP/1.1 200 OK"
2026-06-13 21:20:47,060 - httpx - INFO - HTTP Request: GET https://datafeed.dukascopy.com/datafeed/EURUSD/2026/04/18/12h_ticks.bi5 "HTTP/1.1 200 OK"
2026-06-13 21:20:47,171 - httpx - INFO - HTTP Request: GET https://datafeed.dukascopy.com/datafeed/EURUSD/2026/04/18/06h_ticks.bi5 "HTTP/1.1 200 OK"
2026-06-13 21:20:47,373 - httpx - INFO - HTTP Request: GET https://datafeed.dukascopy.com/datafeed/EURUSD/2026/04/18/17h_ticks.bi5 "HTTP/1.1 200 OK"
2026-06-13 21:20:47,579 - httpx - INFO - HTTP Request: GET https://datafeed.dukascopy.com/datafeed/EURUSD/2026/04/18/02h_ticks.bi5 "HTTP/1.1 200 OK"
2026-06-13 21:20:47,771 - httpx - INFO - HTTP Request: GET https://datafeed.dukascopy.com/datafeed/EURUSD/2026/04/18/10h_ticks.bi5 "HTTP/1.1 200 OK"
2026-06-13 21:20:47,971 - httpx - INFO - HTTP Request: GET https://datafeed.dukascopy.com/datafeed/EURUSD/2026/04/18/05h_ticks.bi5 "HTTP/1.1 200 OK"
2026-06-13 21:20:48,248 - httpx - INFO - HTTP Request: GET https://datafeed.dukascopy.com/datafeed/EURUSD/2026/04/18/16h_ticks.bi5 "HTTP/1.1 200 OK"
2026-06-13 21:20:48,370 - httpx - INFO - HTTP Request: GET https://datafeed.dukascopy.com/datafeed/EURUSD/2026/04/18/23h_ticks.bi5 "HTTP/1.1 200 OK"
2026-06-13 21:20:48,638 - httpx - INFO - HTTP Request: GET https://datafeed.dukascopy.com/datafeed/EURUSD/2026/04/18/18h_ticks.bi5 "HTTP/1.1 200 OK"
2026-06-13 21:20:48,769 - httpx - INFO - HTTP Request: GET https://datafeed.dukascopy.com/datafeed/EURUSD/2026/04/18/22h_ticks.bi5 "HTTP/1.1 200 OK"
2026-06-13 21:20:49,044 - httpx - INFO - HTTP Request: GET https://datafeed.dukascopy.com/datafeed/EURUSD/2026/04/18/19h_ticks.bi5 "HTTP/1.1 200 OK"
2026-06-13 21:20:49,169 - httpx - INFO - HTTP Request: GET https://datafeed.dukascopy.com/datafeed/EURUSD/2026/04/18/21h_ticks.bi5 "HTTP/1.1 200 OK"
2026-06-13 21:20:49,451 - httpx - INFO - HTTP Request: GET https://datafeed.dukascopy.com/datafeed/EURUSD/2026/04/18/14h_ticks.bi5 "HTTP/1.1 200 OK"
2026-06-13 21:20:49,644 - httpx - INFO - HTTP Request: GET https://datafeed.dukascopy.com/datafeed/EURUSD/2026/04/17/00h_ticks.bi5 "HTTP/1.1 200 OK"
2026-06-13 21:20:49,828 - httpx - INFO - HTTP Request: GET https://datafeed.dukascopy.com/datafeed/EURUSD/2026/04/17/01h_ticks.bi5 "HTTP/1.1 200 OK"
2026-06-13 21:20:49,945 - httpx - INFO - HTTP Request: GET https://datafeed.dukascopy.com/datafeed/EURUSD/2026/04/17/08h_ticks.bi5 "HTTP/1.1 503 Service Temporarily Unavailable"
2026-06-13 21:20:49,994 - httpx - INFO - HTTP Request: GET https://datafeed.dukascopy.com/datafeed/EURUSD/2026/04/17/22h_ticks.bi5 "HTTP/1.1 503 Service Temporarily Unavailable"
2026-06-13 21:20:49,996 - httpx - INFO - HTTP Request: GET https://datafeed.dukascopy.com/datafeed/EURUSD/2026/04/17/13h_ticks.bi5 "HTTP/1.1 503 Service Temporarily Unavailable"
2026-06-13 21:20:49,999 - httpx - INFO - HTTP Request: GET https://datafeed.dukascopy.com/datafeed/EURUSD/2026/04/17/20h_ticks.bi5 "HTTP/1.1 503 Service Temporarily Unavailable"
2026-06-13 21:20:50,001 - httpx - INFO - HTTP Request: GET https://datafeed.dukascopy.com/datafeed/EURUSD/2026/04/17/09h_ticks.bi5 "HTTP/1.1 503 Service Temporarily Unavailable"
2026-06-13 21:20:50,017 - httpx - INFO - HTTP Request: GET https://datafeed.dukascopy.com/datafeed/EURUSD/2026/04/17/04h_ticks.bi5 "HTTP/1.1 200 OK"
2026-06-13 21:20:50,218 - httpx - INFO - HTTP Request: GET https://datafeed.dukascopy.com/datafeed/EURUSD/2026/04/17/07h_ticks.bi5 "HTTP/1.1 200 OK"
2026-06-13 21:20:50,427 - httpx - INFO - HTTP Request: GET https://datafeed.dukascopy.com/datafeed/EURUSD/2026/04/17/03h_ticks.bi5 "HTTP/1.1 200 OK"
2026-06-13 21:20:50,620 - httpx - INFO - HTTP Request: GET https://datafeed.dukascopy.com/datafeed/EURUSD/2026/04/17/12h_ticks.bi5 "HTTP/1.1 200 OK"
2026-06-13 21:20:50,816 - httpx - INFO - HTTP Request: GET https://datafeed.dukascopy.com/datafeed/EURUSD/2026/04/17/06h_ticks.bi5 "HTTP/1.1 200 OK"
2026-06-13 21:20:51,017 - httpx - INFO - HTTP Request: GET https://datafeed.dukascopy.com/datafeed/EURUSD/2026/04/17/18h_ticks.bi5 "HTTP/1.1 200 OK"
2026-06-13 21:20:51,417 - httpx - INFO - HTTP Request: GET https://datafeed.dukascopy.com/datafeed/EURUSD/2026/04/17/02h_ticks.bi5 "HTTP/1.1 200 OK"
2026-06-13 21:20:51,515 - httpx - INFO - HTTP Request: GET https://datafeed.dukascopy.com/datafeed/EURUSD/2026/04/17/17h_ticks.bi5 "HTTP/1.1 200 OK"
2026-06-13 21:20:51,617 - httpx - INFO - HTTP Request: GET https://datafeed.dukascopy.com/datafeed/EURUSD/2026/04/17/10h_ticks.bi5 "HTTP/1.1 200 OK"
2026-06-13 21:20:51,828 - httpx - INFO - HTTP Request: GET https://datafeed.dukascopy.com/datafeed/EURUSD/2026/04/17/23h_ticks.bi5 "HTTP/1.1 200 OK"
2026-06-13 21:20:52,018 - httpx - INFO - HTTP Request: GET https://datafeed.dukascopy.com/datafeed/EURUSD/2026/04/17/16h_ticks.bi5 "HTTP/1.1 200 OK"
2026-06-13 21:20:52,218 - httpx - INFO - HTTP Request: GET https://datafeed.dukascopy.com/datafeed/EURUSD/2026/04/17/19h_ticks.bi5 "HTTP/1.1 200 OK"
2026-06-13 21:20:52,419 - httpx - INFO - HTTP Request: GET https://datafeed.dukascopy.com/datafeed/EURUSD/2026/04/17/11h_ticks.bi5 "HTTP/1.1 200 OK"
2026-06-13 21:20:52,625 - httpx - INFO - HTTP Request: GET https://datafeed.dukascopy.com/datafeed/EURUSD/2026/04/17/21h_ticks.bi5 "HTTP/1.1 200 OK"
2026-06-13 21:20:52,821 - httpx - INFO - HTTP Request: GET https://datafeed.dukascopy.com/datafeed/EURUSD/2026/04/17/05h_ticks.bi5 "HTTP/1.1 200 OK"
2026-06-13 21:20:52,976 - LiveFeedWS - ERROR - WebSocket error for EURUSD: PubSub.get_message() got an unexpected keyword argument 'ignore_subscribe_crap'
2026-06-13 21:20:53,018 - httpx - INFO - HTTP Request: GET https://datafeed.dukascopy.com/datafeed/EURUSD/2026/04/17/15h_ticks.bi5 "HTTP/1.1 200 OK"
2026-06-13 21:20:53,220 - httpx - INFO - HTTP Request: GET https://datafeed.dukascopy.com/datafeed/EURUSD/2026/04/17/14h_ticks.bi5 "HTTP/1.1 200 OK"
2026-06-13 21:20:53,438 - httpx - INFO - HTTP Request: GET https://datafeed.dukascopy.com/datafeed/EURUSD/2026/04/16/00h_ticks.bi5 "HTTP/1.1 200 OK"
2026-06-13 21:20:53,568 - httpx - INFO - HTTP Request: GET https://datafeed.dukascopy.com/datafeed/EURUSD/2026/04/16/15h_ticks.bi5 "HTTP/1.1 503 Service Temporarily Unavailable"
2026-06-13 21:20:53,579 - httpx - INFO - HTTP Request: GET https://datafeed.dukascopy.com/datafeed/EURUSD/2026/04/16/20h_ticks.bi5 "HTTP/1.1 503 Service Temporarily Unavailable"
2026-06-13 21:20:53,606 - httpx - INFO - HTTP Request: GET https://datafeed.dukascopy.com/datafeed/EURUSD/2026/04/16/09h_ticks.bi5 "HTTP/1.1 503 Service Temporarily Unavailable"
2026-06-13 21:20:53,619 - httpx - INFO - HTTP Request: GET https://datafeed.dukascopy.com/datafeed/EURUSD/2026/04/16/01h_ticks.bi5 "HTTP/1.1 200 OK"
2026-06-13 21:20:53,622 - httpx - INFO - HTTP Request: GET https://datafeed.dukascopy.com/datafeed/EURUSD/2026/04/16/14h_ticks.bi5 "HTTP/1.1 503 Service Temporarily Unavailable"
2026-06-13 21:20:53,624 - httpx - INFO - HTTP Request: GET https://datafeed.dukascopy.com/datafeed/EURUSD/2026/04/16/11h_ticks.bi5 "HTTP/1.1 503 Service Temporarily Unavailable"
2026-06-13 21:20:53,793 - httpx - INFO - HTTP Request: GET https://datafeed.dukascopy.com/datafeed/EURUSD/2026/04/16/21h_ticks.bi5 "HTTP/1.1 503 Service Temporarily Unavailable"
2026-06-13 21:20:53,796 - httpx - INFO - HTTP Request: GET https://datafeed.dukascopy.com/datafeed/EURUSD/2026/04/16/19h_ticks.bi5 "HTTP/1.1 503 Service Temporarily Unavailable"
2026-06-13 21:20:53,823 - httpx - INFO - HTTP Request: GET https://datafeed.dukascopy.com/datafeed/EURUSD/2026/04/16/04h_ticks.bi5 "HTTP/1.1 200 OK"
2026-06-13 21:20:54,016 - httpx - INFO - HTTP Request: GET https://datafeed.dukascopy.com/datafeed/EURUSD/2026/04/16/07h_ticks.bi5 "HTTP/1.1 200 OK"
2026-06-13 21:20:54,226 - httpx - INFO - HTTP Request: GET https://datafeed.dukascopy.com/datafeed/EURUSD/2026/04/16/03h_ticks.bi5 "HTTP/1.1 200 OK"
2026-06-13 21:20:54,416 - httpx - INFO - HTTP Request: GET https://datafeed.dukascopy.com/datafeed/EURUSD/2026/04/16/12h_ticks.bi5 "HTTP/1.1 200 OK"
2026-06-13 21:20:54,618 - httpx - INFO - HTTP Request: GET https://datafeed.dukascopy.com/datafeed/EURUSD/2026/04/16/06h_ticks.bi5 "HTTP/1.1 200 OK"
2026-06-13 21:20:54,818 - httpx - INFO - HTTP Request: GET https://datafeed.dukascopy.com/datafeed/EURUSD/2026/04/16/17h_ticks.bi5 "HTTP/1.1 200 OK"
2026-06-13 21:20:55,039 - httpx - INFO - HTTP Request: GET https://datafeed.dukascopy.com/datafeed/EURUSD/2026/04/16/02h_ticks.bi5 "HTTP/1.1 200 OK"
2026-06-13 21:20:55,231 - httpx - INFO - HTTP Request: GET https://datafeed.dukascopy.com/datafeed/EURUSD/2026/04/16/10h_ticks.bi5 "HTTP/1.1 200 OK"
2026-06-13 21:20:55,419 - httpx - INFO - HTTP Request: GET https://datafeed.dukascopy.com/datafeed/EURUSD/2026/04/16/05h_ticks.bi5 "HTTP/1.1 200 OK"
2026-06-13 21:20:55,615 - httpx - INFO - HTTP Request: GET https://datafeed.dukascopy.com/datafeed/EURUSD/2026/04/16/16h_ticks.bi5 "HTTP/1.1 200 OK"
2026-06-13 21:20:55,820 - httpx - INFO - HTTP Request: GET https://datafeed.dukascopy.com/datafeed/EURUSD/2026/04/16/23h_ticks.bi5 "HTTP/1.1 200 OK"
2026-06-13 21:20:56,019 - httpx - INFO - HTTP Request: GET https://datafeed.dukascopy.com/datafeed/EURUSD/2026/04/16/18h_ticks.bi5 "HTTP/1.1 200 OK"
2026-06-13 21:20:56,217 - httpx - INFO - HTTP Request: GET https://datafeed.dukascopy.com/datafeed/EURUSD/2026/04/16/22h_ticks.bi5 "HTTP/1.1 200 OK"
2026-06-13 21:20:56,418 - httpx - INFO - HTTP Request: GET https://datafeed.dukascopy.com/datafeed/EURUSD/2026/04/16/13h_ticks.bi5 "HTTP/1.1 200 OK"
2026-06-13 21:20:56,622 - httpx - INFO - HTTP Request: GET https://datafeed.dukascopy.com/datafeed/EURUSD/2026/04/16/08h_ticks.bi5 "HTTP/1.1 200 OK"
2026-06-13 21:20:56,858 - httpx - INFO - HTTP Request: GET https://datafeed.dukascopy.com/datafeed/EURUSD/2026/04/15/00h_ticks.bi5 "HTTP/1.1 200 OK"
2026-06-13 21:20:57,099 - httpx - INFO - HTTP Request: GET https://datafeed.dukascopy.com/datafeed/EURUSD/2026/04/15/22h_ticks.bi5 "HTTP/1.1 503 Service Temporarily Unavailable"
2026-06-13 21:20:57,139 - httpx - INFO - HTTP Request: GET https://datafeed.dukascopy.com/datafeed/EURUSD/2026/04/15/01h_ticks.bi5 "HTTP/1.1 200 OK"
2026-06-13 21:20:57,143 - httpx - INFO - HTTP Request: GET https://datafeed.dukascopy.com/datafeed/EURUSD/2026/04/15/13h_ticks.bi5 "HTTP/1.1 503 Service Temporarily Unavailable"
2026-06-13 21:20:57,145 - httpx - INFO - HTTP Request: GET https://datafeed.dukascopy.com/datafeed/EURUSD/2026/04/15/21h_ticks.bi5 "HTTP/1.1 503 Service Temporarily Unavailable"
2026-06-13 21:20:57,147 - httpx - INFO - HTTP Request: GET https://datafeed.dukascopy.com/datafeed/EURUSD/2026/04/15/11h_ticks.bi5 "HTTP/1.1 503 Service Temporarily Unavailable"
2026-06-13 21:20:57,230 - httpx - INFO - HTTP Request: GET https://datafeed.dukascopy.com/datafeed/EURUSD/2026/04/15/04h_ticks.bi5 "HTTP/1.1 200 OK"
2026-06-13 21:20:57,361 - httpx - INFO - HTTP Request: GET https://datafeed.dukascopy.com/datafeed/EURUSD/2026/04/15/19h_ticks.bi5 "HTTP/1.1 503 Service Temporarily Unavailable"
2026-06-13 21:20:57,420 - httpx - INFO - HTTP Request: GET https://datafeed.dukascopy.com/datafeed/EURUSD/2026/04/15/09h_ticks.bi5 "HTTP/1.1 503 Service Temporarily Unavailable"
2026-06-13 21:20:57,523 - httpx - INFO - HTTP Request: GET https://datafeed.dukascopy.com/datafeed/EURUSD/2026/04/15/07h_ticks.bi5 "HTTP/1.1 200 OK"
2026-06-13 21:20:57,629 - httpx - INFO - HTTP Request: GET https://datafeed.dukascopy.com/datafeed/EURUSD/2026/04/15/03h_ticks.bi5 "HTTP/1.1 200 OK"
2026-06-13 21:20:57,899 - httpx - INFO - HTTP Request: GET https://datafeed.dukascopy.com/datafeed/EURUSD/2026/04/15/12h_ticks.bi5 "HTTP/1.1 200 OK"
2026-06-13 21:20:58,109 - httpx - INFO - HTTP Request: GET https://datafeed.dukascopy.com/datafeed/EURUSD/2026/04/15/06h_ticks.bi5 "HTTP/1.1 200 OK"
2026-06-13 21:20:58,231 - httpx - INFO - HTTP Request: GET https://datafeed.dukascopy.com/datafeed/EURUSD/2026/04/15/17h_ticks.bi5 "HTTP/1.1 200 OK"
2026-06-13 21:20:58,430 - httpx - INFO - HTTP Request: GET https://datafeed.dukascopy.com/datafeed/EURUSD/2026/04/15/02h_ticks.bi5 "HTTP/1.1 200 OK"
2026-06-13 21:20:58,708 - httpx - INFO - HTTP Request: GET https://datafeed.dukascopy.com/datafeed/EURUSD/2026/04/15/10h_ticks.bi5 "HTTP/1.1 200 OK"
2026-06-13 21:20:58,833 - httpx - INFO - HTTP Request: GET https://datafeed.dukascopy.com/datafeed/EURUSD/2026/04/15/23h_ticks.bi5 "HTTP/1.1 200 OK"
2026-06-13 21:20:59,105 - httpx - INFO - HTTP Request: GET https://datafeed.dukascopy.com/datafeed/EURUSD/2026/04/15/05h_ticks.bi5 "HTTP/1.1 200 OK"
2026-06-13 21:20:59,232 - httpx - INFO - HTTP Request: GET https://datafeed.dukascopy.com/datafeed/EURUSD/2026/04/15/20h_ticks.bi5 "HTTP/1.1 200 OK"
2026-06-13 21:20:59,505 - httpx - INFO - HTTP Request: GET https://datafeed.dukascopy.com/datafeed/EURUSD/2026/04/15/15h_ticks.bi5 "HTTP/1.1 200 OK"
2026-06-13 21:20:59,704 - httpx - INFO - HTTP Request: GET https://datafeed.dukascopy.com/datafeed/EURUSD/2026/04/15/14h_ticks.bi5 "HTTP/1.1 200 OK"
2026-06-13 21:20:59,904 - httpx - INFO - HTTP Request: GET https://datafeed.dukascopy.com/datafeed/EURUSD/2026/04/15/08h_ticks.bi5 "HTTP/1.1 200 OK"
2026-06-13 21:21:00,104 - httpx - INFO - HTTP Request: GET https://datafeed.dukascopy.com/datafeed/EURUSD/2026/04/15/18h_ticks.bi5 "HTTP/1.1 200 OK"
2026-06-13 21:21:00,233 - httpx - INFO - HTTP Request: GET https://datafeed.dukascopy.com/datafeed/EURUSD/2026/04/15/16h_ticks.bi5 "HTTP/1.1 200 OK"
2026-06-13 21:21:06,645 - AnomalyDetector - WARNING - ANOMALY DETECTED for GBPUSD: ['ema_9', 'ema_21', 'ema_50', 'ema_200', 'bb_upper', 'bb_middle', 'bb_lower', 'tenkan', 'kijun', 'senkou_a', 'senkou_b', 'pivot', 'r1', 's1', 'r2', 's2', 'r3', 's3', 'vwap']
2026-06-13 21:21:06,849 - RiskManager - WARNING - Risk Check: R:R ratio too low for GBPUSD. Trade blocked.
2026-06-13 21:21:06,901 - DecisionEngine - WARNING - Raising confidence threshold to 0.85 due to anomaly in GBPUSD
2026-06-13 21:21:06,902 - DecisionEngine - ERROR - Error in Decision Pipeline for GBPUSD: 3 validation errors for TradeDecision
stop_loss
  Input should be greater than 0 [type=greater_than, input_value=0.0, input_type=float]
    For further information visit https://errors.pydantic.dev/2.13/v/greater_than
take_profit
  Input should be greater than 0 [type=greater_than, input_value=0.0, input_type=float]
    For further information visit https://errors.pydantic.dev/2.13/v/greater_than
lot_size
  Input should be greater than 0 [type=greater_than, input_value=0.0, input_type=float]
    For further information visit https://errors.pydantic.dev/2.13/v/greater_than
Traceback (most recent call last):
  File "D:\prj\Intelli-Trader\backend\modules\decision\decision_engine.py", line 185, in run_pipeline
    trade_decision = TradeDecision(
                     ^^^^^^^^^^^^^^
  File "C:\Users\Me\AppData\Local\Programs\Python\Python312\Lib\site-packages\pydantic\main.py", line 263, in __init__
    validated_self = self.__pydantic_validator__.validate_python(data, self_instance=self)
                     ^^^^^^^^^^^^^^^^^^^^^^^^^^^^^^^^^^^^^^^^^^^^^^^^^^^^^^^^^^^^^^^^^^^^^
pydantic_core._pydantic_core.ValidationError: 3 validation errors for TradeDecision
stop_loss
  Input should be greater than 0 [type=greater_than, input_value=0.0, input_type=float]
    For further information visit https://errors.pydantic.dev/2.13/v/greater_than
take_profit
  Input should be greater than 0 [type=greater_than, input_value=0.0, input_type=float]
    For further information visit https://errors.pydantic.dev/2.13/v/greater_than
lot_size
  Input should be greater than 0 [type=greater_than, input_value=0.0, input_type=float]
    For further information visit https://errors.pydantic.dev/2.13/v/greater_than
2026-06-13 21:21:06,904 - LiveEngine - INFO - Signal for GBPUSD: HOLD (Confidence: 0.0000)
2026-06-13 21:21:06,906 - LiveEngine - INFO - --- Starting Live Cycle: USDJPY H1 ---
2026-06-13 21:21:07,698 - httpx - INFO - HTTP Request: GET https://datafeed.dukascopy.com/datafeed/EURUSD/2026/05/13/03h_ticks.bi5 "HTTP/1.1 200 OK"
2026-06-13 21:21:07,768 - httpx - INFO - HTTP Request: GET https://datafeed.dukascopy.com/datafeed/EURUSD/2026/05/13/10h_ticks.bi5 "HTTP/1.1 503 Service Temporarily Unavailable"
2026-06-13 21:21:07,824 - httpx - INFO - HTTP Request: GET https://datafeed.dukascopy.com/datafeed/EURUSD/2026/05/13/14h_ticks.bi5 "HTTP/1.1 503 Service Temporarily Unavailable"
2026-06-13 21:21:07,827 - httpx - INFO - HTTP Request: GET https://datafeed.dukascopy.com/datafeed/EURUSD/2026/05/13/11h_ticks.bi5 "HTTP/1.1 503 Service Temporarily Unavailable"
2026-06-13 21:21:07,829 - httpx - INFO - HTTP Request: GET https://datafeed.dukascopy.com/datafeed/EURUSD/2026/05/13/20h_ticks.bi5 "HTTP/1.1 503 Service Temporarily Unavailable"
2026-06-13 21:21:07,831 - httpx - INFO - HTTP Request: GET https://datafeed.dukascopy.com/datafeed/EURUSD/2026/05/13/22h_ticks.bi5 "HTTP/1.1 503 Service Temporarily Unavailable"
2026-06-13 21:21:07,833 - httpx - INFO - HTTP Request: GET https://datafeed.dukascopy.com/datafeed/EURUSD/2026/05/13/18h_ticks.bi5 "HTTP/1.1 503 Service Temporarily Unavailable"
2026-06-13 21:21:07,835 - httpx - INFO - HTTP Request: GET https://datafeed.dukascopy.com/datafeed/EURUSD/2026/05/13/16h_ticks.bi5 "HTTP/1.1 503 Service Temporarily Unavailable"
2026-06-13 21:21:07,843 - httpx - INFO - HTTP Request: GET https://datafeed.dukascopy.com/datafeed/EURUSD/2026/05/13/04h_ticks.bi5 "HTTP/1.1 503 Service Temporarily Unavailable"
2026-06-13 21:21:07,847 - httpx - INFO - HTTP Request: GET https://datafeed.dukascopy.com/datafeed/EURUSD/2026/05/13/01h_ticks.bi5 "HTTP/1.1 200 OK"
2026-06-13 21:21:08,048 - httpx - INFO - HTTP Request: GET https://datafeed.dukascopy.com/datafeed/EURUSD/2026/05/13/07h_ticks.bi5 "HTTP/1.1 200 OK"
2026-06-13 21:21:08,248 - httpx - INFO - HTTP Request: GET https://datafeed.dukascopy.com/datafeed/EURUSD/2026/05/13/08h_ticks.bi5 "HTTP/1.1 200 OK"
2026-06-13 21:21:08,448 - httpx - INFO - HTTP Request: GET https://datafeed.dukascopy.com/datafeed/EURUSD/2026/05/13/00h_ticks.bi5 "HTTP/1.1 200 OK"
2026-06-13 21:21:08,652 - httpx - INFO - HTTP Request: GET https://datafeed.dukascopy.com/datafeed/EURUSD/2026/05/13/02h_ticks.bi5 "HTTP/1.1 200 OK"
2026-06-13 21:21:08,853 - httpx - INFO - HTTP Request: GET https://datafeed.dukascopy.com/datafeed/EURUSD/2026/05/13/05h_ticks.bi5 "HTTP/1.1 200 OK"
2026-06-13 21:21:09,046 - httpx - INFO - HTTP Request: GET https://datafeed.dukascopy.com/datafeed/EURUSD/2026/05/13/13h_ticks.bi5 "HTTP/1.1 200 OK"
2026-06-13 21:21:09,251 - httpx - INFO - HTTP Request: GET https://datafeed.dukascopy.com/datafeed/EURUSD/2026/05/13/17h_ticks.bi5 "HTTP/1.1 200 OK"
2026-06-13 21:21:09,458 - httpx - INFO - HTTP Request: GET https://datafeed.dukascopy.com/datafeed/EURUSD/2026/05/13/15h_ticks.bi5 "HTTP/1.1 200 OK"
2026-06-13 21:21:09,666 - httpx - INFO - HTTP Request: GET https://datafeed.dukascopy.com/datafeed/EURUSD/2026/05/13/12h_ticks.bi5 "HTTP/1.1 200 OK"
2026-06-13 21:21:09,867 - httpx - INFO - HTTP Request: GET https://datafeed.dukascopy.com/datafeed/EURUSD/2026/05/13/06h_ticks.bi5 "HTTP/1.1 200 OK"
2026-06-13 21:21:10,049 - httpx - INFO - HTTP Request: GET https://datafeed.dukascopy.com/datafeed/EURUSD/2026/05/13/21h_ticks.bi5 "HTTP/1.1 404 Not Found"
2026-06-13 21:21:10,251 - httpx - INFO - HTTP Request: GET https://datafeed.dukascopy.com/datafeed/EURUSD/2026/05/13/19h_ticks.bi5 "HTTP/1.1 404 Not Found"
2026-06-13 21:21:10,449 - httpx - INFO - HTTP Request: GET https://datafeed.dukascopy.com/datafeed/EURUSD/2026/05/13/09h_ticks.bi5 "HTTP/1.1 200 OK"
2026-06-13 21:21:10,650 - httpx - INFO - HTTP Request: GET https://datafeed.dukascopy.com/datafeed/EURUSD/2026/05/13/23h_ticks.bi5 "HTTP/1.1 404 Not Found"
2026-06-13 21:21:10,937 - httpx - INFO - HTTP Request: GET https://datafeed.dukascopy.com/datafeed/EURUSD/2026/05/12/00h_ticks.bi5 "HTTP/1.1 200 OK"
2026-06-13 21:21:11,005 - httpx - INFO - HTTP Request: GET https://datafeed.dukascopy.com/datafeed/EURUSD/2026/05/12/15h_ticks.bi5 "HTTP/1.1 503 Service Temporarily Unavailable"
2026-06-13 21:21:11,120 - httpx - INFO - HTTP Request: GET https://datafeed.dukascopy.com/datafeed/EURUSD/2026/05/12/20h_ticks.bi5 "HTTP/1.1 503 Service Temporarily Unavailable"
2026-06-13 21:21:11,125 - httpx - INFO - HTTP Request: GET https://datafeed.dukascopy.com/datafeed/EURUSD/2026/05/12/09h_ticks.bi5 "HTTP/1.1 503 Service Temporarily Unavailable"
2026-06-13 21:21:11,129 - httpx - INFO - HTTP Request: GET https://datafeed.dukascopy.com/datafeed/EURUSD/2026/05/12/14h_ticks.bi5 "HTTP/1.1 503 Service Temporarily Unavailable"
2026-06-13 21:21:11,134 - httpx - INFO - HTTP Request: GET https://datafeed.dukascopy.com/datafeed/EURUSD/2026/05/12/01h_ticks.bi5 "HTTP/1.1 200 OK"
2026-06-13 21:21:11,253 - httpx - INFO - HTTP Request: GET https://datafeed.dukascopy.com/datafeed/EURUSD/2026/05/12/04h_ticks.bi5 "HTTP/1.1 200 OK"
2026-06-13 21:21:11,315 - httpx - INFO - HTTP Request: GET https://datafeed.dukascopy.com/datafeed/EURUSD/2026/05/12/11h_ticks.bi5 "HTTP/1.1 503 Service Temporarily Unavailable"
2026-06-13 21:21:11,318 - httpx - INFO - HTTP Request: GET https://datafeed.dukascopy.com/datafeed/EURUSD/2026/05/12/19h_ticks.bi5 "HTTP/1.1 503 Service Temporarily Unavailable"
2026-06-13 21:21:11,651 - httpx - INFO - HTTP Request: GET https://datafeed.dukascopy.com/datafeed/EURUSD/2026/05/12/03h_ticks.bi5 "HTTP/1.1 200 OK"
2026-06-13 21:21:11,731 - httpx - INFO - HTTP Request: GET https://datafeed.dukascopy.com/datafeed/EURUSD/2026/05/12/07h_ticks.bi5 "HTTP/1.1 200 OK"
2026-06-13 21:21:11,929 - httpx - INFO - HTTP Request: GET https://datafeed.dukascopy.com/datafeed/EURUSD/2026/05/12/12h_ticks.bi5 "HTTP/1.1 200 OK"
2026-06-13 21:21:12,127 - httpx - INFO - HTTP Request: GET https://datafeed.dukascopy.com/datafeed/EURUSD/2026/05/12/06h_ticks.bi5 "HTTP/1.1 200 OK"
2026-06-13 21:21:12,327 - httpx - INFO - HTTP Request: GET https://datafeed.dukascopy.com/datafeed/EURUSD/2026/05/12/17h_ticks.bi5 "HTTP/1.1 200 OK"
2026-06-13 21:21:12,455 - httpx - INFO - HTTP Request: GET https://datafeed.dukascopy.com/datafeed/EURUSD/2026/05/12/02h_ticks.bi5 "HTTP/1.1 200 OK"
2026-06-13 21:21:12,851 - httpx - INFO - HTTP Request: GET https://datafeed.dukascopy.com/datafeed/EURUSD/2026/05/12/05h_ticks.bi5 "HTTP/1.1 200 OK"
2026-06-13 21:21:13,124 - httpx - INFO - HTTP Request: GET https://datafeed.dukascopy.com/datafeed/EURUSD/2026/05/12/16h_ticks.bi5 "HTTP/1.1 200 OK"
2026-06-13 21:21:13,178 - httpx - INFO - HTTP Request: GET https://datafeed.dukascopy.com/datafeed/EURUSD/2026/05/12/10h_ticks.bi5 "HTTP/1.1 200 OK"
2026-06-13 21:21:13,249 - httpx - INFO - HTTP Request: GET https://datafeed.dukascopy.com/datafeed/EURUSD/2026/05/12/23h_ticks.bi5 "HTTP/1.1 200 OK"
2026-06-13 21:21:13,451 - httpx - INFO - HTTP Request: GET https://datafeed.dukascopy.com/datafeed/EURUSD/2026/05/12/18h_ticks.bi5 "HTTP/1.1 200 OK"
2026-06-13 21:21:13,649 - httpx - INFO - HTTP Request: GET https://datafeed.dukascopy.com/datafeed/EURUSD/2026/05/12/22h_ticks.bi5 "HTTP/1.1 200 OK"
2026-06-13 21:21:13,924 - httpx - INFO - HTTP Request: GET https://datafeed.dukascopy.com/datafeed/EURUSD/2026/05/12/13h_ticks.bi5 "HTTP/1.1 200 OK"
2026-06-13 21:21:14,133 - httpx - INFO - HTTP Request: GET https://datafeed.dukascopy.com/datafeed/EURUSD/2026/05/12/08h_ticks.bi5 "HTTP/1.1 200 OK"
2026-06-13 21:21:14,248 - httpx - INFO - HTTP Request: GET https://datafeed.dukascopy.com/datafeed/EURUSD/2026/05/12/21h_ticks.bi5 "HTTP/1.1 200 OK"
2026-06-13 21:21:14,539 - httpx - INFO - HTTP Request: GET https://datafeed.dukascopy.com/datafeed/EURUSD/2026/05/11/00h_ticks.bi5 "HTTP/1.1 200 OK"
2026-06-13 21:21:14,662 - httpx - INFO - HTTP Request: GET https://datafeed.dukascopy.com/datafeed/EURUSD/2026/05/11/01h_ticks.bi5 "HTTP/1.1 200 OK"
2026-06-13 21:21:14,728 - httpx - INFO - HTTP Request: GET https://datafeed.dukascopy.com/datafeed/EURUSD/2026/05/11/08h_ticks.bi5 "HTTP/1.1 503 Service Temporarily Unavailable"
2026-06-13 21:21:14,764 - httpx - INFO - HTTP Request: GET https://datafeed.dukascopy.com/datafeed/EURUSD/2026/05/11/14h_ticks.bi5 "HTTP/1.1 503 Service Temporarily Unavailable"
2026-06-13 21:21:14,766 - httpx - INFO - HTTP Request: GET https://datafeed.dukascopy.com/datafeed/EURUSD/2026/05/11/19h_ticks.bi5 "HTTP/1.1 503 Service Temporarily Unavailable"
2026-06-13 21:21:14,786 - httpx - INFO - HTTP Request: GET https://datafeed.dukascopy.com/datafeed/EURUSD/2026/05/11/21h_ticks.bi5 "HTTP/1.1 503 Service Temporarily Unavailable"
2026-06-13 21:21:14,847 - httpx - INFO - HTTP Request: GET https://datafeed.dukascopy.com/datafeed/EURUSD/2026/05/11/09h_ticks.bi5 "HTTP/1.1 503 Service Temporarily Unavailable"
2026-06-13 21:21:14,853 - httpx - INFO - HTTP Request: GET https://datafeed.dukascopy.com/datafeed/EURUSD/2026/05/11/04h_ticks.bi5 "HTTP/1.1 200 OK"
2026-06-13 21:21:15,020 - httpx - INFO - HTTP Request: GET https://datafeed.dukascopy.com/datafeed/EURUSD/2026/05/11/15h_ticks.bi5 "HTTP/1.1 503 Service Temporarily Unavailable"
2026-06-13 21:21:15,129 - httpx - INFO - HTTP Request: GET https://datafeed.dukascopy.com/datafeed/EURUSD/2026/05/11/07h_ticks.bi5 "HTTP/1.1 200 OK"
2026-06-13 21:21:15,251 - httpx - INFO - HTTP Request: GET https://datafeed.dukascopy.com/datafeed/EURUSD/2026/05/11/03h_ticks.bi5 "HTTP/1.1 200 OK"
2026-06-13 21:21:15,519 - httpx - INFO - HTTP Request: GET https://datafeed.dukascopy.com/datafeed/EURUSD/2026/05/11/12h_ticks.bi5 "HTTP/1.1 200 OK"
2026-06-13 21:21:15,657 - httpx - INFO - HTTP Request: GET https://datafeed.dukascopy.com/datafeed/EURUSD/2026/05/11/06h_ticks.bi5 "HTTP/1.1 200 OK"
2026-06-13 21:21:15,963 - httpx - INFO - HTTP Request: GET https://datafeed.dukascopy.com/datafeed/EURUSD/2026/05/11/17h_ticks.bi5 "HTTP/1.1 200 OK"
2026-06-13 21:21:16,199 - httpx - INFO - HTTP Request: GET https://datafeed.dukascopy.com/datafeed/EURUSD/2026/05/11/02h_ticks.bi5 "HTTP/1.1 200 OK"
2026-06-13 21:21:16,249 - httpx - INFO - HTTP Request: GET https://datafeed.dukascopy.com/datafeed/EURUSD/2026/05/11/10h_ticks.bi5 "HTTP/1.1 200 OK"
2026-06-13 21:21:16,449 - httpx - INFO - HTTP Request: GET https://datafeed.dukascopy.com/datafeed/EURUSD/2026/05/11/05h_ticks.bi5 "HTTP/1.1 200 OK"
2026-06-13 21:21:16,788 - httpx - INFO - HTTP Request: GET https://datafeed.dukascopy.com/datafeed/EURUSD/2026/05/11/16h_ticks.bi5 "HTTP/1.1 200 OK"
2026-06-13 21:21:16,859 - httpx - INFO - HTTP Request: GET https://datafeed.dukascopy.com/datafeed/EURUSD/2026/05/11/23h_ticks.bi5 "HTTP/1.1 200 OK"
2026-06-13 21:21:17,126 - httpx - INFO - HTTP Request: GET https://datafeed.dukascopy.com/datafeed/EURUSD/2026/05/11/18h_ticks.bi5 "HTTP/1.1 200 OK"
2026-06-13 21:21:17,253 - httpx - INFO - HTTP Request: GET https://datafeed.dukascopy.com/datafeed/EURUSD/2026/05/11/22h_ticks.bi5 "HTTP/1.1 200 OK"
2026-06-13 21:21:17,532 - httpx - INFO - HTTP Request: GET https://datafeed.dukascopy.com/datafeed/EURUSD/2026/05/11/13h_ticks.bi5 "HTTP/1.1 200 OK"
2026-06-13 21:21:17,654 - httpx - INFO - HTTP Request: GET https://datafeed.dukascopy.com/datafeed/EURUSD/2026/05/11/11h_ticks.bi5 "HTTP/1.1 200 OK"
2026-06-13 21:21:17,852 - httpx - INFO - HTTP Request: GET https://datafeed.dukascopy.com/datafeed/EURUSD/2026/05/11/20h_ticks.bi5 "HTTP/1.1 200 OK"
2026-06-13 21:21:18,151 - httpx - INFO - HTTP Request: GET https://datafeed.dukascopy.com/datafeed/EURUSD/2026/05/10/00h_ticks.bi5 "HTTP/1.1 200 OK"
2026-06-13 21:21:18,297 - httpx - INFO - HTTP Request: GET https://datafeed.dukascopy.com/datafeed/EURUSD/2026/05/10/19h_ticks.bi5 "HTTP/1.1 503 Service Temporarily Unavailable"
2026-06-13 21:21:18,330 - httpx - INFO - HTTP Request: GET https://datafeed.dukascopy.com/datafeed/EURUSD/2026/05/10/15h_ticks.bi5 "HTTP/1.1 503 Service Temporarily Unavailable"
2026-06-13 21:21:18,340 - httpx - INFO - HTTP Request: GET https://datafeed.dukascopy.com/datafeed/EURUSD/2026/05/10/13h_ticks.bi5 "HTTP/1.1 503 Service Temporarily Unavailable"
2026-06-13 21:21:18,417 - httpx - INFO - HTTP Request: GET https://datafeed.dukascopy.com/datafeed/EURUSD/2026/05/10/01h_ticks.bi5 "HTTP/1.1 200 OK"
2026-06-13 21:21:18,419 - httpx - INFO - HTTP Request: GET https://datafeed.dukascopy.com/datafeed/EURUSD/2026/05/10/11h_ticks.bi5 "HTTP/1.1 503 Service Temporarily Unavailable"
2026-06-13 21:21:18,465 - httpx - INFO - HTTP Request: GET https://datafeed.dukascopy.com/datafeed/EURUSD/2026/05/10/04h_ticks.bi5 "HTTP/1.1 200 OK"
2026-06-13 21:21:18,614 - httpx - INFO - HTTP Request: GET https://datafeed.dukascopy.com/datafeed/EURUSD/2026/05/10/20h_ticks.bi5 "HTTP/1.1 503 Service Temporarily Unavailable"
2026-06-13 21:21:18,679 - httpx - INFO - HTTP Request: GET https://datafeed.dukascopy.com/datafeed/EURUSD/2026/05/10/14h_ticks.bi5 "HTTP/1.1 503 Service Temporarily Unavailable"
2026-06-13 21:21:18,682 - httpx - INFO - HTTP Request: GET https://datafeed.dukascopy.com/datafeed/EURUSD/2026/05/10/07h_ticks.bi5 "HTTP/1.1 200 OK"
2026-06-13 21:21:18,875 - httpx - INFO - HTTP Request: GET https://datafeed.dukascopy.com/datafeed/EURUSD/2026/05/10/03h_ticks.bi5 "HTTP/1.1 200 OK"
2026-06-13 21:21:19,174 - httpx - INFO - HTTP Request: GET https://datafeed.dukascopy.com/datafeed/EURUSD/2026/05/10/12h_ticks.bi5 "HTTP/1.1 200 OK"
2026-06-13 21:21:19,349 - httpx - INFO - HTTP Request: GET https://datafeed.dukascopy.com/datafeed/EURUSD/2026/05/10/06h_ticks.bi5 "HTTP/1.1 200 OK"
2026-06-13 21:21:19,557 - httpx - INFO - HTTP Request: GET https://datafeed.dukascopy.com/datafeed/EURUSD/2026/05/10/17h_ticks.bi5 "HTTP/1.1 200 OK"
2026-06-13 21:21:19,672 - httpx - INFO - HTTP Request: GET https://datafeed.dukascopy.com/datafeed/EURUSD/2026/05/10/02h_ticks.bi5 "HTTP/1.1 200 OK"
2026-06-13 21:21:19,882 - httpx - INFO - HTTP Request: GET https://datafeed.dukascopy.com/datafeed/EURUSD/2026/05/10/10h_ticks.bi5 "HTTP/1.1 200 OK"
2026-06-13 21:21:20,074 - httpx - INFO - HTTP Request: GET https://datafeed.dukascopy.com/datafeed/EURUSD/2026/05/10/05h_ticks.bi5 "HTTP/1.1 200 OK"
2026-06-13 21:21:20,340 - httpx - INFO - HTTP Request: GET https://datafeed.dukascopy.com/datafeed/EURUSD/2026/05/10/16h_ticks.bi5 "HTTP/1.1 200 OK"
2026-06-13 21:21:20,532 - httpx - INFO - HTTP Request: GET https://datafeed.dukascopy.com/datafeed/EURUSD/2026/05/10/23h_ticks.bi5 "HTTP/1.1 200 OK"
2026-06-13 21:21:20,749 - httpx - INFO - HTTP Request: GET https://datafeed.dukascopy.com/datafeed/EURUSD/2026/05/10/18h_ticks.bi5 "HTTP/1.1 200 OK"
2026-06-13 21:21:20,871 - httpx - INFO - HTTP Request: GET https://datafeed.dukascopy.com/datafeed/EURUSD/2026/05/10/22h_ticks.bi5 "HTTP/1.1 200 OK"
2026-06-13 21:21:21,071 - httpx - INFO - HTTP Request: GET https://datafeed.dukascopy.com/datafeed/EURUSD/2026/05/10/21h_ticks.bi5 "HTTP/1.1 200 OK"
2026-06-13 21:21:21,282 - httpx - INFO - HTTP Request: GET https://datafeed.dukascopy.com/datafeed/EURUSD/2026/05/10/09h_ticks.bi5 "HTTP/1.1 200 OK"
2026-06-13 21:21:21,539 - httpx - INFO - HTTP Request: GET https://datafeed.dukascopy.com/datafeed/EURUSD/2026/05/10/08h_ticks.bi5 "HTTP/1.1 200 OK"
2026-06-13 21:21:21,750 - httpx - INFO - HTTP Request: GET https://datafeed.dukascopy.com/datafeed/EURUSD/2026/05/09/00h_ticks.bi5 "HTTP/1.1 200 OK"
2026-06-13 21:21:21,954 - httpx - INFO - HTTP Request: GET https://datafeed.dukascopy.com/datafeed/EURUSD/2026/05/09/01h_ticks.bi5 "HTTP/1.1 200 OK"
2026-06-13 21:21:22,006 - httpx - INFO - HTTP Request: GET https://datafeed.dukascopy.com/datafeed/EURUSD/2026/05/09/11h_ticks.bi5 "HTTP/1.1 503 Service Temporarily Unavailable"
2026-06-13 21:21:22,042 - httpx - INFO - HTTP Request: GET https://datafeed.dukascopy.com/datafeed/EURUSD/2026/05/09/15h_ticks.bi5 "HTTP/1.1 503 Service Temporarily Unavailable"
2026-06-13 21:21:22,043 - httpx - INFO - HTTP Request: GET https://datafeed.dukascopy.com/datafeed/EURUSD/2026/05/09/16h_ticks.bi5 "HTTP/1.1 503 Service Temporarily Unavailable"
2026-06-13 21:21:22,045 - httpx - INFO - HTTP Request: GET https://datafeed.dukascopy.com/datafeed/EURUSD/2026/05/09/18h_ticks.bi5 "HTTP/1.1 503 Service Temporarily Unavailable"
2026-06-13 21:21:22,111 - httpx - INFO - HTTP Request: GET https://datafeed.dukascopy.com/datafeed/EURUSD/2026/05/09/04h_ticks.bi5 "HTTP/1.1 200 OK"
2026-06-13 21:21:22,304 - httpx - INFO - HTTP Request: GET https://datafeed.dukascopy.com/datafeed/EURUSD/2026/05/09/23h_ticks.bi5 "HTTP/1.1 503 Service Temporarily Unavailable"
2026-06-13 21:21:22,319 - httpx - INFO - HTTP Request: GET https://datafeed.dukascopy.com/datafeed/EURUSD/2026/05/09/08h_ticks.bi5 "HTTP/1.1 503 Service Temporarily Unavailable"
2026-06-13 21:21:22,321 - httpx - INFO - HTTP Request: GET https://datafeed.dukascopy.com/datafeed/EURUSD/2026/05/09/07h_ticks.bi5 "HTTP/1.1 200 OK"
2026-06-13 21:21:22,509 - httpx - INFO - HTTP Request: GET https://datafeed.dukascopy.com/datafeed/EURUSD/2026/05/09/03h_ticks.bi5 "HTTP/1.1 200 OK"
2026-06-13 21:21:22,735 - httpx - INFO - HTTP Request: GET https://datafeed.dukascopy.com/datafeed/EURUSD/2026/05/09/12h_ticks.bi5 "HTTP/1.1 200 OK"
2026-06-13 21:21:23,021 - httpx - INFO - HTTP Request: GET https://datafeed.dukascopy.com/datafeed/EURUSD/2026/05/09/06h_ticks.bi5 "HTTP/1.1 200 OK"
2026-06-13 21:21:23,194 - httpx - INFO - HTTP Request: GET https://datafeed.dukascopy.com/datafeed/EURUSD/2026/05/09/17h_ticks.bi5 "HTTP/1.1 200 OK"
2026-06-13 21:21:23,310 - httpx - INFO - HTTP Request: GET https://datafeed.dukascopy.com/datafeed/EURUSD/2026/05/09/02h_ticks.bi5 "HTTP/1.1 200 OK"
2026-06-13 21:21:23,515 - httpx - INFO - HTTP Request: GET https://datafeed.dukascopy.com/datafeed/EURUSD/2026/05/09/10h_ticks.bi5 "HTTP/1.1 200 OK"
2026-06-13 21:21:23,717 - httpx - INFO - HTTP Request: GET https://datafeed.dukascopy.com/datafeed/EURUSD/2026/05/09/19h_ticks.bi5 "HTTP/1.1 200 OK"
2026-06-13 21:21:23,910 - httpx - INFO - HTTP Request: GET https://datafeed.dukascopy.com/datafeed/EURUSD/2026/05/09/05h_ticks.bi5 "HTTP/1.1 200 OK"
2026-06-13 21:21:24,218 - httpx - INFO - HTTP Request: GET https://datafeed.dukascopy.com/datafeed/EURUSD/2026/05/09/13h_ticks.bi5 "HTTP/1.1 200 OK"
2026-06-13 21:21:24,314 - httpx - INFO - HTTP Request: GET https://datafeed.dukascopy.com/datafeed/EURUSD/2026/05/09/09h_ticks.bi5 "HTTP/1.1 200 OK"
2026-06-13 21:21:24,581 - httpx - INFO - HTTP Request: GET https://datafeed.dukascopy.com/datafeed/EURUSD/2026/05/09/14h_ticks.bi5 "HTTP/1.1 200 OK"
2026-06-13 21:21:24,710 - httpx - INFO - HTTP Request: GET https://datafeed.dukascopy.com/datafeed/EURUSD/2026/05/09/20h_ticks.bi5 "HTTP/1.1 200 OK"
2026-06-13 21:21:24,915 - httpx - INFO - HTTP Request: GET https://datafeed.dukascopy.com/datafeed/EURUSD/2026/05/09/21h_ticks.bi5 "HTTP/1.1 200 OK"
2026-06-13 21:21:25,111 - httpx - INFO - HTTP Request: GET https://datafeed.dukascopy.com/datafeed/EURUSD/2026/05/09/22h_ticks.bi5 "HTTP/1.1 200 OK"
2026-06-13 21:21:25,335 - httpx - INFO - HTTP Request: GET https://datafeed.dukascopy.com/datafeed/EURUSD/2026/05/08/00h_ticks.bi5 "HTTP/1.1 200 OK"
2026-06-13 21:21:25,558 - httpx - INFO - HTTP Request: GET https://datafeed.dukascopy.com/datafeed/EURUSD/2026/05/08/20h_ticks.bi5 "HTTP/1.1 503 Service Temporarily Unavailable"
2026-06-13 21:21:25,561 - httpx - INFO - HTTP Request: GET https://datafeed.dukascopy.com/datafeed/EURUSD/2026/05/08/14h_ticks.bi5 "HTTP/1.1 503 Service Temporarily Unavailable"
2026-06-13 21:21:25,564 - httpx - INFO - HTTP Request: GET https://datafeed.dukascopy.com/datafeed/EURUSD/2026/05/08/15h_ticks.bi5 "HTTP/1.1 503 Service Temporarily Unavailable"
2026-06-13 21:21:25,566 - httpx - INFO - HTTP Request: GET https://datafeed.dukascopy.com/datafeed/EURUSD/2026/05/08/11h_ticks.bi5 "HTTP/1.1 503 Service Temporarily Unavailable"
2026-06-13 21:21:25,637 - httpx - INFO - HTTP Request: GET https://datafeed.dukascopy.com/datafeed/EURUSD/2026/05/08/01h_ticks.bi5 "HTTP/1.1 200 OK"
2026-06-13 21:21:25,721 - httpx - INFO - HTTP Request: GET https://datafeed.dukascopy.com/datafeed/EURUSD/2026/05/08/04h_ticks.bi5 "HTTP/1.1 200 OK"
2026-06-13 21:21:25,760 - httpx - INFO - HTTP Request: GET https://datafeed.dukascopy.com/datafeed/EURUSD/2026/05/08/21h_ticks.bi5 "HTTP/1.1 503 Service Temporarily Unavailable"
2026-06-13 21:21:25,774 - httpx - INFO - HTTP Request: GET https://datafeed.dukascopy.com/datafeed/EURUSD/2026/05/08/08h_ticks.bi5 "HTTP/1.1 503 Service Temporarily Unavailable"
2026-06-13 21:21:25,998 - httpx - INFO - HTTP Request: GET https://datafeed.dukascopy.com/datafeed/EURUSD/2026/05/08/07h_ticks.bi5 "HTTP/1.1 200 OK"
2026-06-13 21:21:26,122 - httpx - INFO - HTTP Request: GET https://datafeed.dukascopy.com/datafeed/EURUSD/2026/05/08/03h_ticks.bi5 "HTTP/1.1 200 OK"
2026-06-13 21:21:26,426 - httpx - INFO - HTTP Request: GET https://datafeed.dukascopy.com/datafeed/EURUSD/2026/05/08/12h_ticks.bi5 "HTTP/1.1 200 OK"
2026-06-13 21:21:26,580 - httpx - INFO - HTTP Request: GET https://datafeed.dukascopy.com/datafeed/EURUSD/2026/05/08/06h_ticks.bi5 "HTTP/1.1 200 OK"
2026-06-13 21:21:26,714 - httpx - INFO - HTTP Request: GET https://datafeed.dukascopy.com/datafeed/EURUSD/2026/05/08/17h_ticks.bi5 "HTTP/1.1 200 OK"
2026-06-13 21:21:26,910 - httpx - INFO - HTTP Request: GET https://datafeed.dukascopy.com/datafeed/EURUSD/2026/05/08/02h_ticks.bi5 "HTTP/1.1 200 OK"
2026-06-13 21:21:27,270 - httpx - INFO - HTTP Request: GET https://datafeed.dukascopy.com/datafeed/EURUSD/2026/05/08/10h_ticks.bi5 "HTTP/1.1 200 OK"
2026-06-13 21:21:27,319 - httpx - INFO - HTTP Request: GET https://datafeed.dukascopy.com/datafeed/EURUSD/2026/05/08/05h_ticks.bi5 "HTTP/1.1 200 OK"
2026-06-13 21:21:27,508 - httpx - INFO - HTTP Request: GET https://datafeed.dukascopy.com/datafeed/EURUSD/2026/05/08/22h_ticks.bi5 "HTTP/1.1 200 OK"
2026-06-13 21:21:27,733 - httpx - INFO - HTTP Request: GET https://datafeed.dukascopy.com/datafeed/EURUSD/2026/05/08/18h_ticks.bi5 "HTTP/1.1 200 OK"
2026-06-13 21:21:27,912 - httpx - INFO - HTTP Request: GET https://datafeed.dukascopy.com/datafeed/EURUSD/2026/05/08/16h_ticks.bi5 "HTTP/1.1 200 OK"
2026-06-13 21:21:28,186 - httpx - INFO - HTTP Request: GET https://datafeed.dukascopy.com/datafeed/EURUSD/2026/05/08/13h_ticks.bi5 "HTTP/1.1 200 OK"
2026-06-13 21:21:28,379 - httpx - INFO - HTTP Request: GET https://datafeed.dukascopy.com/datafeed/EURUSD/2026/05/08/09h_ticks.bi5 "HTTP/1.1 200 OK"
2026-06-13 21:21:28,507 - httpx - INFO - HTTP Request: GET https://datafeed.dukascopy.com/datafeed/EURUSD/2026/05/08/23h_ticks.bi5 "HTTP/1.1 200 OK"
2026-06-13 21:21:28,707 - httpx - INFO - HTTP Request: GET https://datafeed.dukascopy.com/datafeed/EURUSD/2026/05/08/19h_ticks.bi5 "HTTP/1.1 200 OK"
2026-06-13 21:21:28,916 - httpx - INFO - HTTP Request: GET https://datafeed.dukascopy.com/datafeed/EURUSD/2026/05/07/00h_ticks.bi5 "HTTP/1.1 200 OK"
2026-06-13 21:21:29,074 - httpx - INFO - HTTP Request: GET https://datafeed.dukascopy.com/datafeed/EURUSD/2026/05/07/09h_ticks.bi5 "HTTP/1.1 503 Service Temporarily Unavailable"
2026-06-13 21:21:29,078 - httpx - INFO - HTTP Request: GET https://datafeed.dukascopy.com/datafeed/EURUSD/2026/05/07/13h_ticks.bi5 "HTTP/1.1 503 Service Temporarily Unavailable"
2026-06-13 21:21:29,081 - httpx - INFO - HTTP Request: GET https://datafeed.dukascopy.com/datafeed/EURUSD/2026/05/07/22h_ticks.bi5 "HTTP/1.1 503 Service Temporarily Unavailable"
2026-06-13 21:21:29,083 - httpx - INFO - HTTP Request: GET https://datafeed.dukascopy.com/datafeed/EURUSD/2026/05/07/15h_ticks.bi5 "HTTP/1.1 503 Service Temporarily Unavailable"
2026-06-13 21:21:29,094 - httpx - INFO - HTTP Request: GET https://datafeed.dukascopy.com/datafeed/EURUSD/2026/05/07/08h_ticks.bi5 "HTTP/1.1 503 Service Temporarily Unavailable"
2026-06-13 21:21:29,107 - httpx - INFO - HTTP Request: GET https://datafeed.dukascopy.com/datafeed/EURUSD/2026/05/07/01h_ticks.bi5 "HTTP/1.1 200 OK"
2026-06-13 21:21:29,258 - httpx - INFO - HTTP Request: GET https://datafeed.dukascopy.com/datafeed/EURUSD/2026/05/07/11h_ticks.bi5 "HTTP/1.1 503 Service Temporarily Unavailable"
2026-06-13 21:21:29,289 - httpx - INFO - HTTP Request: GET https://datafeed.dukascopy.com/datafeed/EURUSD/2026/05/07/20h_ticks.bi5 "HTTP/1.1 503 Service Temporarily Unavailable"
2026-06-13 21:21:29,304 - httpx - INFO - HTTP Request: GET https://datafeed.dukascopy.com/datafeed/EURUSD/2026/05/07/04h_ticks.bi5 "HTTP/1.1 200 OK"
2026-06-13 21:21:29,506 - httpx - INFO - HTTP Request: GET https://datafeed.dukascopy.com/datafeed/EURUSD/2026/05/07/07h_ticks.bi5 "HTTP/1.1 200 OK"
2026-06-13 21:21:29,712 - httpx - INFO - HTTP Request: GET https://datafeed.dukascopy.com/datafeed/EURUSD/2026/05/07/03h_ticks.bi5 "HTTP/1.1 200 OK"
2026-06-13 21:21:29,904 - httpx - INFO - HTTP Request: GET https://datafeed.dukascopy.com/datafeed/EURUSD/2026/05/07/12h_ticks.bi5 "HTTP/1.1 200 OK"
2026-06-13 21:21:30,109 - httpx - INFO - HTTP Request: GET https://datafeed.dukascopy.com/datafeed/EURUSD/2026/05/07/06h_ticks.bi5 "HTTP/1.1 200 OK"
2026-06-13 21:21:30,304 - httpx - INFO - HTTP Request: GET https://datafeed.dukascopy.com/datafeed/EURUSD/2026/05/07/17h_ticks.bi5 "HTTP/1.1 200 OK"
2026-06-13 21:21:30,503 - httpx - INFO - HTTP Request: GET https://datafeed.dukascopy.com/datafeed/EURUSD/2026/05/07/02h_ticks.bi5 "HTTP/1.1 200 OK"
2026-06-13 21:21:30,708 - httpx - INFO - HTTP Request: GET https://datafeed.dukascopy.com/datafeed/EURUSD/2026/05/07/10h_ticks.bi5 "HTTP/1.1 200 OK"
2026-06-13 21:21:30,924 - httpx - INFO - HTTP Request: GET https://datafeed.dukascopy.com/datafeed/EURUSD/2026/05/07/05h_ticks.bi5 "HTTP/1.1 200 OK"
2026-06-13 21:21:31,106 - httpx - INFO - HTTP Request: GET https://datafeed.dukascopy.com/datafeed/EURUSD/2026/05/07/16h_ticks.bi5 "HTTP/1.1 200 OK"
2026-06-13 21:21:31,312 - httpx - INFO - HTTP Request: GET https://datafeed.dukascopy.com/datafeed/EURUSD/2026/05/07/19h_ticks.bi5 "HTTP/1.1 200 OK"
2026-06-13 21:21:31,518 - httpx - INFO - HTTP Request: GET https://datafeed.dukascopy.com/datafeed/EURUSD/2026/05/07/23h_ticks.bi5 "HTTP/1.1 200 OK"
2026-06-13 21:21:31,815 - httpx - INFO - HTTP Request: GET https://datafeed.dukascopy.com/datafeed/EURUSD/2026/05/07/21h_ticks.bi5 "HTTP/1.1 200 OK"
2026-06-13 21:21:31,983 - httpx - INFO - HTTP Request: GET https://datafeed.dukascopy.com/datafeed/EURUSD/2026/05/07/14h_ticks.bi5 "HTTP/1.1 200 OK"
2026-06-13 21:21:32,109 - httpx - INFO - HTTP Request: GET https://datafeed.dukascopy.com/datafeed/EURUSD/2026/05/07/18h_ticks.bi5 "HTTP/1.1 200 OK"
2026-06-13 21:21:32,321 - httpx - INFO - HTTP Request: GET https://datafeed.dukascopy.com/datafeed/EURUSD/2026/05/06/00h_ticks.bi5 "HTTP/1.1 200 OK"
2026-06-13 21:21:32,438 - httpx - INFO - HTTP Request: GET https://datafeed.dukascopy.com/datafeed/EURUSD/2026/05/06/09h_ticks.bi5 "HTTP/1.1 503 Service Temporarily Unavailable"
2026-06-13 21:21:32,444 - httpx - INFO - HTTP Request: GET https://datafeed.dukascopy.com/datafeed/EURUSD/2026/05/06/13h_ticks.bi5 "HTTP/1.1 503 Service Temporarily Unavailable"
2026-06-13 21:21:32,451 - httpx - INFO - HTTP Request: GET https://datafeed.dukascopy.com/datafeed/EURUSD/2026/05/06/11h_ticks.bi5 "HTTP/1.1 503 Service Temporarily Unavailable"
2026-06-13 21:21:32,462 - httpx - INFO - HTTP Request: GET https://datafeed.dukascopy.com/datafeed/EURUSD/2026/05/06/21h_ticks.bi5 "HTTP/1.1 503 Service Temporarily Unavailable"
2026-06-13 21:21:32,473 - httpx - INFO - HTTP Request: GET https://datafeed.dukascopy.com/datafeed/EURUSD/2026/05/06/22h_ticks.bi5 "HTTP/1.1 503 Service Temporarily Unavailable"
2026-06-13 21:21:32,505 - httpx - INFO - HTTP Request: GET https://datafeed.dukascopy.com/datafeed/EURUSD/2026/05/06/01h_ticks.bi5 "HTTP/1.1 200 OK"
2026-06-13 21:21:32,643 - httpx - INFO - HTTP Request: GET https://datafeed.dukascopy.com/datafeed/EURUSD/2026/05/06/15h_ticks.bi5 "HTTP/1.1 503 Service Temporarily Unavailable"
2026-06-13 21:21:32,648 - httpx - INFO - HTTP Request: GET https://datafeed.dukascopy.com/datafeed/EURUSD/2026/05/06/20h_ticks.bi5 "HTTP/1.1 503 Service Temporarily Unavailable"
2026-06-13 21:21:32,706 - httpx - INFO - HTTP Request: GET https://datafeed.dukascopy.com/datafeed/EURUSD/2026/05/06/04h_ticks.bi5 "HTTP/1.1 200 OK"
2026-06-13 21:21:32,906 - httpx - INFO - HTTP Request: GET https://datafeed.dukascopy.com/datafeed/EURUSD/2026/05/06/07h_ticks.bi5 "HTTP/1.1 200 OK"
2026-06-13 21:21:33,104 - httpx - INFO - HTTP Request: GET https://datafeed.dukascopy.com/datafeed/EURUSD/2026/05/06/03h_ticks.bi5 "HTTP/1.1 200 OK"
2026-06-13 21:21:33,305 - httpx - INFO - HTTP Request: GET https://datafeed.dukascopy.com/datafeed/EURUSD/2026/05/06/12h_ticks.bi5 "HTTP/1.1 200 OK"
2026-06-13 21:21:33,504 - httpx - INFO - HTTP Request: GET https://datafeed.dukascopy.com/datafeed/EURUSD/2026/05/06/06h_ticks.bi5 "HTTP/1.1 200 OK"
2026-06-13 21:21:33,705 - httpx - INFO - HTTP Request: GET https://datafeed.dukascopy.com/datafeed/EURUSD/2026/05/06/17h_ticks.bi5 "HTTP/1.1 200 OK"
2026-06-13 21:21:33,904 - httpx - INFO - HTTP Request: GET https://datafeed.dukascopy.com/datafeed/EURUSD/2026/05/06/02h_ticks.bi5 "HTTP/1.1 200 OK"
2026-06-13 21:21:34,104 - httpx - INFO - HTTP Request: GET https://datafeed.dukascopy.com/datafeed/EURUSD/2026/05/06/10h_ticks.bi5 "HTTP/1.1 200 OK"
2026-06-13 21:21:34,304 - httpx - INFO - HTTP Request: GET https://datafeed.dukascopy.com/datafeed/EURUSD/2026/05/06/05h_ticks.bi5 "HTTP/1.1 200 OK"
2026-06-13 21:21:34,506 - httpx - INFO - HTTP Request: GET https://datafeed.dukascopy.com/datafeed/EURUSD/2026/05/06/16h_ticks.bi5 "HTTP/1.1 200 OK"
2026-06-13 21:21:34,711 - httpx - INFO - HTTP Request: GET https://datafeed.dukascopy.com/datafeed/EURUSD/2026/05/06/23h_ticks.bi5 "HTTP/1.1 200 OK"
2026-06-13 21:21:34,905 - httpx - INFO - HTTP Request: GET https://datafeed.dukascopy.com/datafeed/EURUSD/2026/05/06/18h_ticks.bi5 "HTTP/1.1 200 OK"
2026-06-13 21:21:35,103 - httpx - INFO - HTTP Request: GET https://datafeed.dukascopy.com/datafeed/EURUSD/2026/05/06/08h_ticks.bi5 "HTTP/1.1 200 OK"
2026-06-13 21:21:35,305 - httpx - INFO - HTTP Request: GET https://datafeed.dukascopy.com/datafeed/EURUSD/2026/05/06/14h_ticks.bi5 "HTTP/1.1 200 OK"
2026-06-13 21:21:35,504 - httpx - INFO - HTTP Request: GET https://datafeed.dukascopy.com/datafeed/EURUSD/2026/05/06/19h_ticks.bi5 "HTTP/1.1 200 OK"
2026-06-13 21:21:35,752 - httpx - INFO - HTTP Request: GET https://datafeed.dukascopy.com/datafeed/EURUSD/2026/05/05/00h_ticks.bi5 "HTTP/1.1 200 OK"
2026-06-13 21:21:35,911 - httpx - INFO - HTTP Request: GET https://datafeed.dukascopy.com/datafeed/EURUSD/2026/05/05/01h_ticks.bi5 "HTTP/1.1 200 OK"
2026-06-13 21:21:35,946 - httpx - INFO - HTTP Request: GET https://datafeed.dukascopy.com/datafeed/EURUSD/2026/05/05/20h_ticks.bi5 "HTTP/1.1 503 Service Temporarily Unavailable"
2026-06-13 21:21:35,952 - httpx - INFO - HTTP Request: GET https://datafeed.dukascopy.com/datafeed/EURUSD/2026/05/05/09h_ticks.bi5 "HTTP/1.1 503 Service Temporarily Unavailable"
2026-06-13 21:21:35,959 - httpx - INFO - HTTP Request: GET https://datafeed.dukascopy.com/datafeed/EURUSD/2026/05/05/14h_ticks.bi5 "HTTP/1.1 503 Service Temporarily Unavailable"
2026-06-13 21:21:35,973 - httpx - INFO - HTTP Request: GET https://datafeed.dukascopy.com/datafeed/EURUSD/2026/05/05/11h_ticks.bi5 "HTTP/1.1 503 Service Temporarily Unavailable"
2026-06-13 21:21:36,109 - httpx - INFO - HTTP Request: GET https://datafeed.dukascopy.com/datafeed/EURUSD/2026/05/05/04h_ticks.bi5 "HTTP/1.1 200 OK"
2026-06-13 21:21:36,174 - httpx - INFO - HTTP Request: GET https://datafeed.dukascopy.com/datafeed/EURUSD/2026/05/05/19h_ticks.bi5 "HTTP/1.1 503 Service Temporarily Unavailable"
2026-06-13 21:21:36,179 - httpx - INFO - HTTP Request: GET https://datafeed.dukascopy.com/datafeed/EURUSD/2026/05/05/08h_ticks.bi5 "HTTP/1.1 503 Service Temporarily Unavailable"
2026-06-13 21:21:36,309 - httpx - INFO - HTTP Request: GET https://datafeed.dukascopy.com/datafeed/EURUSD/2026/05/05/07h_ticks.bi5 "HTTP/1.1 200 OK"
2026-06-13 21:21:36,506 - httpx - INFO - HTTP Request: GET https://datafeed.dukascopy.com/datafeed/EURUSD/2026/05/05/03h_ticks.bi5 "HTTP/1.1 200 OK"
2026-06-13 21:21:36,778 - httpx - INFO - HTTP Request: GET https://datafeed.dukascopy.com/datafeed/EURUSD/2026/05/05/12h_ticks.bi5 "HTTP/1.1 200 OK"
2026-06-13 21:21:36,908 - httpx - INFO - HTTP Request: GET https://datafeed.dukascopy.com/datafeed/EURUSD/2026/05/05/06h_ticks.bi5 "HTTP/1.1 200 OK"
2026-06-13 21:21:37,181 - httpx - INFO - HTTP Request: GET https://datafeed.dukascopy.com/datafeed/EURUSD/2026/05/05/17h_ticks.bi5 "HTTP/1.1 200 OK"
2026-06-13 21:21:37,306 - httpx - INFO - HTTP Request: GET https://datafeed.dukascopy.com/datafeed/EURUSD/2026/05/05/02h_ticks.bi5 "HTTP/1.1 200 OK"
2026-06-13 21:21:37,509 - httpx - INFO - HTTP Request: GET https://datafeed.dukascopy.com/datafeed/EURUSD/2026/05/05/10h_ticks.bi5 "HTTP/1.1 200 OK"
2026-06-13 21:21:37,705 - httpx - INFO - HTTP Request: GET https://datafeed.dukascopy.com/datafeed/EURUSD/2026/05/05/05h_ticks.bi5 "HTTP/1.1 200 OK"
2026-06-13 21:21:37,984 - httpx - INFO - HTTP Request: GET https://datafeed.dukascopy.com/datafeed/EURUSD/2026/05/05/16h_ticks.bi5 "HTTP/1.1 200 OK"
2026-06-13 21:21:38,108 - httpx - INFO - HTTP Request: GET https://datafeed.dukascopy.com/datafeed/EURUSD/2026/05/05/23h_ticks.bi5 "HTTP/1.1 200 OK"
2026-06-13 21:21:38,425 - httpx - INFO - HTTP Request: GET https://datafeed.dukascopy.com/datafeed/EURUSD/2026/05/05/18h_ticks.bi5 "HTTP/1.1 200 OK"
2026-06-13 21:21:38,503 - httpx - INFO - HTTP Request: GET https://datafeed.dukascopy.com/datafeed/EURUSD/2026/05/05/22h_ticks.bi5 "HTTP/1.1 200 OK"
2026-06-13 21:21:38,791 - httpx - INFO - HTTP Request: GET https://datafeed.dukascopy.com/datafeed/EURUSD/2026/05/05/13h_ticks.bi5 "HTTP/1.1 200 OK"
2026-06-13 21:21:38,992 - httpx - INFO - HTTP Request: GET https://datafeed.dukascopy.com/datafeed/EURUSD/2026/05/05/15h_ticks.bi5 "HTTP/1.1 200 OK"
2026-06-13 21:21:39,116 - httpx - INFO - HTTP Request: GET https://datafeed.dukascopy.com/datafeed/EURUSD/2026/05/05/21h_ticks.bi5 "HTTP/1.1 200 OK"
2026-06-13 21:21:39,329 - httpx - INFO - HTTP Request: GET https://datafeed.dukascopy.com/datafeed/EURUSD/2026/05/04/00h_ticks.bi5 "HTTP/1.1 200 OK"
2026-06-13 21:21:39,472 - httpx - INFO - HTTP Request: GET https://datafeed.dukascopy.com/datafeed/EURUSD/2026/05/04/09h_ticks.bi5 "HTTP/1.1 503 Service Temporarily Unavailable"
2026-06-13 21:21:39,485 - httpx - INFO - HTTP Request: GET https://datafeed.dukascopy.com/datafeed/EURUSD/2026/05/04/13h_ticks.bi5 "HTTP/1.1 503 Service Temporarily Unavailable"
2026-06-13 21:21:39,492 - httpx - INFO - HTTP Request: GET https://datafeed.dukascopy.com/datafeed/EURUSD/2026/05/04/22h_ticks.bi5 "HTTP/1.1 503 Service Temporarily Unavailable"
2026-06-13 21:21:39,497 - httpx - INFO - HTTP Request: GET https://datafeed.dukascopy.com/datafeed/EURUSD/2026/05/04/15h_ticks.bi5 "HTTP/1.1 503 Service Temporarily Unavailable"
2026-06-13 21:21:39,504 - httpx - INFO - HTTP Request: GET https://datafeed.dukascopy.com/datafeed/EURUSD/2026/05/04/08h_ticks.bi5 "HTTP/1.1 503 Service Temporarily Unavailable"
2026-06-13 21:21:39,511 - httpx - INFO - HTTP Request: GET https://datafeed.dukascopy.com/datafeed/EURUSD/2026/05/04/01h_ticks.bi5 "HTTP/1.1 200 OK"
2026-06-13 21:21:39,686 - httpx - INFO - HTTP Request: GET https://datafeed.dukascopy.com/datafeed/EURUSD/2026/05/04/20h_ticks.bi5 "HTTP/1.1 503 Service Temporarily Unavailable"
2026-06-13 21:21:39,694 - httpx - INFO - HTTP Request: GET https://datafeed.dukascopy.com/datafeed/EURUSD/2026/05/04/18h_ticks.bi5 "HTTP/1.1 503 Service Temporarily Unavailable"
2026-06-13 21:21:39,714 - httpx - INFO - HTTP Request: GET https://datafeed.dukascopy.com/datafeed/EURUSD/2026/05/04/04h_ticks.bi5 "HTTP/1.1 200 OK"
2026-06-13 21:21:39,918 - httpx - INFO - HTTP Request: GET https://datafeed.dukascopy.com/datafeed/EURUSD/2026/05/04/07h_ticks.bi5 "HTTP/1.1 200 OK"
2026-06-13 21:21:40,108 - httpx - INFO - HTTP Request: GET https://datafeed.dukascopy.com/datafeed/EURUSD/2026/05/04/03h_ticks.bi5 "HTTP/1.1 200 OK"
2026-06-13 21:21:40,378 - httpx - INFO - HTTP Request: GET https://datafeed.dukascopy.com/datafeed/EURUSD/2026/05/04/12h_ticks.bi5 "HTTP/1.1 200 OK"
2026-06-13 21:21:40,508 - httpx - INFO - HTTP Request: GET https://datafeed.dukascopy.com/datafeed/EURUSD/2026/05/04/06h_ticks.bi5 "HTTP/1.1 200 OK"
2026-06-13 21:21:40,710 - httpx - INFO - HTTP Request: GET https://datafeed.dukascopy.com/datafeed/EURUSD/2026/05/04/17h_ticks.bi5 "HTTP/1.1 200 OK"
2026-06-13 21:21:40,908 - httpx - INFO - HTTP Request: GET https://datafeed.dukascopy.com/datafeed/EURUSD/2026/05/04/02h_ticks.bi5 "HTTP/1.1 200 OK"
2026-06-13 21:21:41,107 - httpx - INFO - HTTP Request: GET https://datafeed.dukascopy.com/datafeed/EURUSD/2026/05/04/10h_ticks.bi5 "HTTP/1.1 200 OK"
2026-06-13 21:21:41,306 - httpx - INFO - HTTP Request: GET https://datafeed.dukascopy.com/datafeed/EURUSD/2026/05/04/05h_ticks.bi5 "HTTP/1.1 200 OK"
2026-06-13 21:21:41,508 - httpx - INFO - HTTP Request: GET https://datafeed.dukascopy.com/datafeed/EURUSD/2026/05/04/16h_ticks.bi5 "HTTP/1.1 200 OK"
2026-06-13 21:21:41,706 - httpx - INFO - HTTP Request: GET https://datafeed.dukascopy.com/datafeed/EURUSD/2026/05/04/19h_ticks.bi5 "HTTP/1.1 200 OK"
2026-06-13 21:21:41,960 - httpx - INFO - HTTP Request: GET https://datafeed.dukascopy.com/datafeed/EURUSD/2026/05/04/23h_ticks.bi5 "HTTP/1.1 200 OK"
2026-06-13 21:21:42,106 - httpx - INFO - HTTP Request: GET https://datafeed.dukascopy.com/datafeed/EURUSD/2026/05/04/21h_ticks.bi5 "HTTP/1.1 200 OK"
2026-06-13 21:21:42,379 - httpx - INFO - HTTP Request: GET https://datafeed.dukascopy.com/datafeed/EURUSD/2026/05/04/14h_ticks.bi5 "HTTP/1.1 200 OK"
2026-06-13 21:21:42,584 - httpx - INFO - HTTP Request: GET https://datafeed.dukascopy.com/datafeed/EURUSD/2026/05/04/11h_ticks.bi5 "HTTP/1.1 200 OK"
2026-06-13 21:21:42,758 - httpx - INFO - HTTP Request: GET https://datafeed.dukascopy.com/datafeed/EURUSD/2026/05/03/00h_ticks.bi5 "HTTP/1.1 200 OK"
2026-06-13 21:21:42,938 - httpx - INFO - HTTP Request: GET https://datafeed.dukascopy.com/datafeed/EURUSD/2026/05/03/01h_ticks.bi5 "HTTP/1.1 200 OK"
2026-06-13 21:21:42,958 - httpx - INFO - HTTP Request: GET https://datafeed.dukascopy.com/datafeed/EURUSD/2026/05/03/23h_ticks.bi5 "HTTP/1.1 503 Service Temporarily Unavailable"
2026-06-13 21:21:42,974 - httpx - INFO - HTTP Request: GET https://datafeed.dukascopy.com/datafeed/EURUSD/2026/05/03/16h_ticks.bi5 "HTTP/1.1 503 Service Temporarily Unavailable"
2026-06-13 21:21:42,978 - httpx - INFO - HTTP Request: GET https://datafeed.dukascopy.com/datafeed/EURUSD/2026/05/03/08h_ticks.bi5 "HTTP/1.1 503 Service Temporarily Unavailable"
2026-06-13 21:21:42,980 - httpx - INFO - HTTP Request: GET https://datafeed.dukascopy.com/datafeed/EURUSD/2026/05/03/09h_ticks.bi5 "HTTP/1.1 503 Service Temporarily Unavailable"
2026-06-13 21:21:43,150 - httpx - INFO - HTTP Request: GET https://datafeed.dukascopy.com/datafeed/EURUSD/2026/05/03/04h_ticks.bi5 "HTTP/1.1 200 OK"
2026-06-13 21:21:43,158 - httpx - INFO - HTTP Request: GET https://datafeed.dukascopy.com/datafeed/EURUSD/2026/05/03/05h_ticks.bi5 "HTTP/1.1 503 Service Temporarily Unavailable"
2026-06-13 21:21:43,169 - httpx - INFO - HTTP Request: GET https://datafeed.dukascopy.com/datafeed/EURUSD/2026/05/03/15h_ticks.bi5 "HTTP/1.1 503 Service Temporarily Unavailable"
2026-06-13 21:21:43,406 - httpx - INFO - HTTP Request: GET https://datafeed.dukascopy.com/datafeed/EURUSD/2026/05/03/07h_ticks.bi5 "HTTP/1.1 200 OK"
2026-06-13 21:21:43,534 - httpx - INFO - HTTP Request: GET https://datafeed.dukascopy.com/datafeed/EURUSD/2026/05/03/03h_ticks.bi5 "HTTP/1.1 200 OK"
2026-06-13 21:21:43,807 - httpx - INFO - HTTP Request: GET https://datafeed.dukascopy.com/datafeed/EURUSD/2026/05/03/12h_ticks.bi5 "HTTP/1.1 200 OK"
2026-06-13 21:21:43,942 - httpx - INFO - HTTP Request: GET https://datafeed.dukascopy.com/datafeed/EURUSD/2026/05/03/06h_ticks.bi5 "HTTP/1.1 200 OK"
2026-06-13 21:21:44,138 - httpx - INFO - HTTP Request: GET https://datafeed.dukascopy.com/datafeed/EURUSD/2026/05/03/17h_ticks.bi5 "HTTP/1.1 200 OK"
2026-06-13 21:21:44,346 - httpx - INFO - HTTP Request: GET https://datafeed.dukascopy.com/datafeed/EURUSD/2026/05/03/02h_ticks.bi5 "HTTP/1.1 200 OK"
2026-06-13 21:21:44,538 - httpx - INFO - HTTP Request: GET https://datafeed.dukascopy.com/datafeed/EURUSD/2026/05/03/21h_ticks.bi5 "HTTP/1.1 200 OK"
2026-06-13 21:21:44,736 - httpx - INFO - HTTP Request: GET https://datafeed.dukascopy.com/datafeed/EURUSD/2026/05/03/18h_ticks.bi5 "HTTP/1.1 200 OK"
2026-06-13 21:21:45,034 - httpx - INFO - HTTP Request: GET https://datafeed.dukascopy.com/datafeed/EURUSD/2026/05/03/13h_ticks.bi5 "HTTP/1.1 200 OK"
2026-06-13 21:21:45,141 - httpx - INFO - HTTP Request: GET https://datafeed.dukascopy.com/datafeed/EURUSD/2026/05/03/22h_ticks.bi5 "HTTP/1.1 200 OK"
2026-06-13 21:21:45,341 - httpx - INFO - HTTP Request: GET https://datafeed.dukascopy.com/datafeed/EURUSD/2026/05/03/11h_ticks.bi5 "HTTP/1.1 200 OK"
2026-06-13 21:21:45,539 - httpx - INFO - HTTP Request: GET https://datafeed.dukascopy.com/datafeed/EURUSD/2026/05/03/19h_ticks.bi5 "HTTP/1.1 200 OK"
2026-06-13 21:21:45,824 - httpx - INFO - HTTP Request: GET https://datafeed.dukascopy.com/datafeed/EURUSD/2026/05/03/14h_ticks.bi5 "HTTP/1.1 200 OK"
2026-06-13 21:21:45,936 - httpx - INFO - HTTP Request: GET https://datafeed.dukascopy.com/datafeed/EURUSD/2026/05/03/20h_ticks.bi5 "HTTP/1.1 200 OK"
2026-06-13 21:21:46,208 - httpx - INFO - HTTP Request: GET https://datafeed.dukascopy.com/datafeed/EURUSD/2026/05/03/10h_ticks.bi5 "HTTP/1.1 200 OK"
2026-06-13 21:21:46,460 - httpx - INFO - HTTP Request: GET https://datafeed.dukascopy.com/datafeed/EURUSD/2026/05/02/00h_ticks.bi5 "HTTP/1.1 200 OK"
2026-06-13 21:21:46,661 - httpx - INFO - HTTP Request: GET https://datafeed.dukascopy.com/datafeed/EURUSD/2026/05/02/01h_ticks.bi5 "HTTP/1.1 200 OK"
2026-06-13 21:21:46,807 - httpx - INFO - HTTP Request: GET https://datafeed.dukascopy.com/datafeed/EURUSD/2026/05/02/20h_ticks.bi5 "HTTP/1.1 503 Service Temporarily Unavailable"
2026-06-13 21:21:46,817 - httpx - INFO - HTTP Request: GET https://datafeed.dukascopy.com/datafeed/EURUSD/2026/05/02/02h_ticks.bi5 "HTTP/1.1 503 Service Temporarily Unavailable"
2026-06-13 21:21:46,822 - httpx - INFO - HTTP Request: GET https://datafeed.dukascopy.com/datafeed/EURUSD/2026/05/02/04h_ticks.bi5 "HTTP/1.1 200 OK"
2026-06-13 21:21:46,842 - httpx - INFO - HTTP Request: GET https://datafeed.dukascopy.com/datafeed/EURUSD/2026/05/02/10h_ticks.bi5 "HTTP/1.1 503 Service Temporarily Unavailable"
2026-06-13 21:21:46,847 - httpx - INFO - HTTP Request: GET https://datafeed.dukascopy.com/datafeed/EURUSD/2026/05/02/11h_ticks.bi5 "HTTP/1.1 503 Service Temporarily Unavailable"
2026-06-13 21:21:47,025 - httpx - INFO - HTTP Request: GET https://datafeed.dukascopy.com/datafeed/EURUSD/2026/05/02/07h_ticks.bi5 "HTTP/1.1 200 OK"
2026-06-13 21:21:47,052 - httpx - INFO - HTTP Request: GET https://datafeed.dukascopy.com/datafeed/EURUSD/2026/05/02/08h_ticks.bi5 "HTTP/1.1 503 Service Temporarily Unavailable"
2026-06-13 21:21:47,223 - httpx - INFO - HTTP Request: GET https://datafeed.dukascopy.com/datafeed/EURUSD/2026/05/02/03h_ticks.bi5 "HTTP/1.1 200 OK"
2026-06-13 21:21:47,429 - httpx - INFO - HTTP Request: GET https://datafeed.dukascopy.com/datafeed/EURUSD/2026/05/02/12h_ticks.bi5 "HTTP/1.1 200 OK"
2026-06-13 21:21:47,622 - httpx - INFO - HTTP Request: GET https://datafeed.dukascopy.com/datafeed/EURUSD/2026/05/02/06h_ticks.bi5 "HTTP/1.1 200 OK"
2026-06-13 21:21:47,834 - httpx - INFO - HTTP Request: GET https://datafeed.dukascopy.com/datafeed/EURUSD/2026/05/02/17h_ticks.bi5 "HTTP/1.1 200 OK"
2026-06-13 21:21:48,027 - httpx - INFO - HTTP Request: GET https://datafeed.dukascopy.com/datafeed/EURUSD/2026/05/02/09h_ticks.bi5 "HTTP/1.1 200 OK"
2026-06-13 21:21:48,225 - httpx - INFO - HTTP Request: GET https://datafeed.dukascopy.com/datafeed/EURUSD/2026/05/02/16h_ticks.bi5 "HTTP/1.1 200 OK"
2026-06-13 21:21:48,420 - httpx - INFO - HTTP Request: GET https://datafeed.dukascopy.com/datafeed/EURUSD/2026/05/02/22h_ticks.bi5 "HTTP/1.1 200 OK"
2026-06-13 21:21:48,622 - httpx - INFO - HTTP Request: GET https://datafeed.dukascopy.com/datafeed/EURUSD/2026/05/02/19h_ticks.bi5 "HTTP/1.1 200 OK"
2026-06-13 21:21:48,822 - httpx - INFO - HTTP Request: GET https://datafeed.dukascopy.com/datafeed/EURUSD/2026/05/02/18h_ticks.bi5 "HTTP/1.1 200 OK"
2026-06-13 21:21:49,026 - httpx - INFO - HTTP Request: GET https://datafeed.dukascopy.com/datafeed/EURUSD/2026/05/02/05h_ticks.bi5 "HTTP/1.1 200 OK"
2026-06-13 21:21:49,222 - httpx - INFO - HTTP Request: GET https://datafeed.dukascopy.com/datafeed/EURUSD/2026/05/02/21h_ticks.bi5 "HTTP/1.1 200 OK"
2026-06-13 21:21:49,497 - httpx - INFO - HTTP Request: GET https://datafeed.dukascopy.com/datafeed/EURUSD/2026/05/02/15h_ticks.bi5 "HTTP/1.1 200 OK"
2026-06-13 21:21:49,698 - httpx - INFO - HTTP Request: GET https://datafeed.dukascopy.com/datafeed/EURUSD/2026/05/02/13h_ticks.bi5 "HTTP/1.1 200 OK"
2026-06-13 21:21:49,897 - httpx - INFO - HTTP Request: GET https://datafeed.dukascopy.com/datafeed/EURUSD/2026/05/02/14h_ticks.bi5 "HTTP/1.1 200 OK"
2026-06-13 21:21:50,020 - httpx - INFO - HTTP Request: GET https://datafeed.dukascopy.com/datafeed/EURUSD/2026/05/02/23h_ticks.bi5 "HTTP/1.1 200 OK"
2026-06-13 21:21:50,324 - httpx - INFO - HTTP Request: GET https://datafeed.dukascopy.com/datafeed/EURUSD/2026/05/01/00h_ticks.bi5 "HTTP/1.1 200 OK"
2026-06-13 21:21:50,454 - httpx - INFO - HTTP Request: GET https://datafeed.dukascopy.com/datafeed/EURUSD/2026/05/01/01h_ticks.bi5 "HTTP/1.1 200 OK"
2026-06-13 21:21:50,603 - httpx - INFO - HTTP Request: GET https://datafeed.dukascopy.com/datafeed/EURUSD/2026/05/01/21h_ticks.bi5 "HTTP/1.1 503 Service Temporarily Unavailable"
2026-06-13 21:21:50,618 - httpx - INFO - HTTP Request: GET https://datafeed.dukascopy.com/datafeed/EURUSD/2026/05/01/18h_ticks.bi5 "HTTP/1.1 503 Service Temporarily Unavailable"
2026-06-13 21:21:50,622 - httpx - INFO - HTTP Request: GET https://datafeed.dukascopy.com/datafeed/EURUSD/2026/05/01/04h_ticks.bi5 "HTTP/1.1 200 OK"
2026-06-13 21:21:50,631 - httpx - INFO - HTTP Request: GET https://datafeed.dukascopy.com/datafeed/EURUSD/2026/05/01/15h_ticks.bi5 "HTTP/1.1 503 Service Temporarily Unavailable"
2026-06-13 21:21:50,640 - httpx - INFO - HTTP Request: GET https://datafeed.dukascopy.com/datafeed/EURUSD/2026/05/01/16h_ticks.bi5 "HTTP/1.1 503 Service Temporarily Unavailable"
2026-06-13 21:21:50,938 - httpx - INFO - HTTP Request: GET https://datafeed.dukascopy.com/datafeed/EURUSD/2026/05/01/07h_ticks.bi5 "HTTP/1.1 200 OK"
2026-06-13 21:21:50,954 - httpx - INFO - HTTP Request: GET https://datafeed.dukascopy.com/datafeed/EURUSD/2026/05/01/22h_ticks.bi5 "HTTP/1.1 503 Service Temporarily Unavailable"
2026-06-13 21:21:51,021 - httpx - INFO - HTTP Request: GET https://datafeed.dukascopy.com/datafeed/EURUSD/2026/05/01/03h_ticks.bi5 "HTTP/1.1 200 OK"
2026-06-13 21:21:51,240 - httpx - INFO - HTTP Request: GET https://datafeed.dukascopy.com/datafeed/EURUSD/2026/05/01/12h_ticks.bi5 "HTTP/1.1 200 OK"
2026-06-13 21:21:51,563 - httpx - INFO - HTTP Request: GET https://datafeed.dukascopy.com/datafeed/EURUSD/2026/05/01/06h_ticks.bi5 "HTTP/1.1 200 OK"
2026-06-13 21:21:51,717 - httpx - INFO - HTTP Request: GET https://datafeed.dukascopy.com/datafeed/EURUSD/2026/05/01/17h_ticks.bi5 "HTTP/1.1 200 OK"
2026-06-13 21:21:51,785 - API - INFO - GET /system/status - 200 (0.01s)
2026-06-13 21:21:51,828 - httpx - INFO - HTTP Request: GET https://datafeed.dukascopy.com/datafeed/EURUSD/2026/05/01/02h_ticks.bi5 "HTTP/1.1 200 OK"
2026-06-13 21:21:52,090 - httpx - INFO - HTTP Request: GET https://datafeed.dukascopy.com/datafeed/EURUSD/2026/05/01/10h_ticks.bi5 "HTTP/1.1 200 OK"
2026-06-13 21:21:52,238 - httpx - INFO - HTTP Request: GET https://datafeed.dukascopy.com/datafeed/EURUSD/2026/05/01/05h_ticks.bi5 "HTTP/1.1 200 OK"
2026-06-13 21:21:52,431 - httpx - INFO - HTTP Request: GET https://datafeed.dukascopy.com/datafeed/EURUSD/2026/05/01/19h_ticks.bi5 "HTTP/1.1 200 OK"
2026-06-13 21:21:52,749 - httpx - INFO - HTTP Request: GET https://datafeed.dukascopy.com/datafeed/EURUSD/2026/05/01/13h_ticks.bi5 "HTTP/1.1 200 OK"
2026-06-13 21:21:52,826 - httpx - INFO - HTTP Request: GET https://datafeed.dukascopy.com/datafeed/EURUSD/2026/05/01/09h_ticks.bi5 "HTTP/1.1 200 OK"
2026-06-13 21:21:53,124 - httpx - INFO - HTTP Request: GET https://datafeed.dukascopy.com/datafeed/EURUSD/2026/05/01/14h_ticks.bi5 "HTTP/1.1 200 OK"
2026-06-13 21:21:53,223 - httpx - INFO - HTTP Request: GET https://datafeed.dukascopy.com/datafeed/EURUSD/2026/05/01/20h_ticks.bi5 "HTTP/1.1 200 OK"
2026-06-13 21:21:53,429 - httpx - INFO - HTTP Request: GET https://datafeed.dukascopy.com/datafeed/EURUSD/2026/05/01/23h_ticks.bi5 "HTTP/1.1 200 OK"
2026-06-13 21:21:53,642 - httpx - INFO - HTTP Request: GET https://datafeed.dukascopy.com/datafeed/EURUSD/2026/05/01/11h_ticks.bi5 "HTTP/1.1 200 OK"
2026-06-13 21:21:53,821 - httpx - INFO - HTTP Request: GET https://datafeed.dukascopy.com/datafeed/EURUSD/2026/05/01/08h_ticks.bi5 "HTTP/1.1 200 OK"
2026-06-13 21:21:54,034 - httpx - INFO - HTTP Request: GET https://datafeed.dukascopy.com/datafeed/EURUSD/2026/04/31/00h_ticks.bi5 "HTTP/1.1 200 OK"
2026-06-13 21:21:54,236 - httpx - INFO - HTTP Request: GET https://datafeed.dukascopy.com/datafeed/EURUSD/2026/04/31/21h_ticks.bi5 "HTTP/1.1 503 Service Temporarily Unavailable"
2026-06-13 21:21:54,241 - httpx - INFO - HTTP Request: GET https://datafeed.dukascopy.com/datafeed/EURUSD/2026/04/31/01h_ticks.bi5 "HTTP/1.1 200 OK"
2026-06-13 21:21:54,243 - httpx - INFO - HTTP Request: GET https://datafeed.dukascopy.com/datafeed/EURUSD/2026/04/31/22h_ticks.bi5 "HTTP/1.1 503 Service Temporarily Unavailable"
2026-06-13 21:21:54,245 - httpx - INFO - HTTP Request: GET https://datafeed.dukascopy.com/datafeed/EURUSD/2026/04/31/19h_ticks.bi5 "HTTP/1.1 503 Service Temporarily Unavailable"
2026-06-13 21:21:54,424 - httpx - INFO - HTTP Request: GET https://datafeed.dukascopy.com/datafeed/EURUSD/2026/04/31/04h_ticks.bi5 "HTTP/1.1 200 OK"
2026-06-13 21:21:54,428 - httpx - INFO - HTTP Request: GET https://datafeed.dukascopy.com/datafeed/EURUSD/2026/04/31/09h_ticks.bi5 "HTTP/1.1 503 Service Temporarily Unavailable"
2026-06-13 21:21:54,432 - httpx - INFO - HTTP Request: GET https://datafeed.dukascopy.com/datafeed/EURUSD/2026/04/31/15h_ticks.bi5 "HTTP/1.1 503 Service Temporarily Unavailable"
2026-06-13 21:21:54,606 - httpx - INFO - HTTP Request: GET https://datafeed.dukascopy.com/datafeed/EURUSD/2026/04/31/13h_ticks.bi5 "HTTP/1.1 503 Service Temporarily Unavailable"
2026-06-13 21:21:54,622 - httpx - INFO - HTTP Request: GET https://datafeed.dukascopy.com/datafeed/EURUSD/2026/04/31/07h_ticks.bi5 "HTTP/1.1 200 OK"
2026-06-13 21:21:54,829 - httpx - INFO - HTTP Request: GET https://datafeed.dukascopy.com/datafeed/EURUSD/2026/04/31/03h_ticks.bi5 "HTTP/1.1 200 OK"
2026-06-13 21:21:55,021 - httpx - INFO - HTTP Request: GET https://datafeed.dukascopy.com/datafeed/EURUSD/2026/04/31/12h_ticks.bi5 "HTTP/1.1 200 OK"
2026-06-13 21:21:55,218 - httpx - INFO - HTTP Request: GET https://datafeed.dukascopy.com/datafeed/EURUSD/2026/04/31/06h_ticks.bi5 "HTTP/1.1 200 OK"
2026-06-13 21:21:55,418 - httpx - INFO - HTTP Request: GET https://datafeed.dukascopy.com/datafeed/EURUSD/2026/04/31/17h_ticks.bi5 "HTTP/1.1 200 OK"
2026-06-13 21:21:55,621 - httpx - INFO - HTTP Request: GET https://datafeed.dukascopy.com/datafeed/EURUSD/2026/04/31/02h_ticks.bi5 "HTTP/1.1 200 OK"
2026-06-13 21:21:55,803 - API - INFO - ForexAI API Starting up...
2026-06-13 21:21:55,818 - httpx - INFO - HTTP Request: GET https://datafeed.dukascopy.com/datafeed/EURUSD/2026/04/31/10h_ticks.bi5 "HTTP/1.1 200 OK"
2026-06-13 21:21:56,023 - httpx - INFO - HTTP Request: GET https://datafeed.dukascopy.com/datafeed/EURUSD/2026/04/31/05h_ticks.bi5 "HTTP/1.1 200 OK"
2026-06-13 21:21:56,089 - API - INFO - All background workers launched.
2026-06-13 21:21:56,091 - LiveEngine - INFO - --- Starting Live Cycle: EURUSD H1 ---
2026-06-13 21:21:56,111 - LearnerScheduler - INFO - Continuous Learner Scheduler started.
2026-06-13 21:21:56,221 - httpx - INFO - HTTP Request: GET https://datafeed.dukascopy.com/datafeed/EURUSD/2026/04/31/16h_ticks.bi5 "HTTP/1.1 200 OK"
2026-06-13 21:21:56,271 - API - INFO - ForexAI API Shutting down...
2026-06-13 21:21:56,439 - httpx - INFO - HTTP Request: GET https://datafeed.dukascopy.com/datafeed/EURUSD/2026/04/31/23h_ticks.bi5 "HTTP/1.1 200 OK"
2026-06-13 21:21:56,630 - httpx - INFO - HTTP Request: GET https://datafeed.dukascopy.com/datafeed/EURUSD/2026/04/31/14h_ticks.bi5 "HTTP/1.1 200 OK"
2026-06-13 21:21:56,826 - httpx - INFO - HTTP Request: GET https://datafeed.dukascopy.com/datafeed/EURUSD/2026/04/31/08h_ticks.bi5 "HTTP/1.1 200 OK"
2026-06-13 21:21:57,021 - httpx - INFO - HTTP Request: GET https://datafeed.dukascopy.com/datafeed/EURUSD/2026/04/31/18h_ticks.bi5 "HTTP/1.1 200 OK"
2026-06-13 21:21:57,221 - httpx - INFO - HTTP Request: GET https://datafeed.dukascopy.com/datafeed/EURUSD/2026/04/31/11h_ticks.bi5 "HTTP/1.1 200 OK"
2026-06-13 21:21:57,225 - LiveFeedWS - ERROR - WebSocket error for EURUSD: PubSub.get_message() got an unexpected keyword argument 'ignore_subscribe_crap'
2026-06-13 21:21:57,424 - httpx - INFO - HTTP Request: GET https://datafeed.dukascopy.com/datafeed/EURUSD/2026/04/31/20h_ticks.bi5 "HTTP/1.1 200 OK"
2026-06-13 21:21:57,634 - httpx - INFO - HTTP Request: GET https://datafeed.dukascopy.com/datafeed/EURUSD/2026/04/30/00h_ticks.bi5 "HTTP/1.1 200 OK"
2026-06-13 21:21:57,756 - httpx - INFO - HTTP Request: GET https://datafeed.dukascopy.com/datafeed/EURUSD/2026/04/30/09h_ticks.bi5 "HTTP/1.1 503 Service Temporarily Unavailable"
2026-06-13 21:21:57,763 - httpx - INFO - HTTP Request: GET https://datafeed.dukascopy.com/datafeed/EURUSD/2026/04/30/13h_ticks.bi5 "HTTP/1.1 503 Service Temporarily Unavailable"
2026-06-13 21:21:57,766 - httpx - INFO - HTTP Request: GET https://datafeed.dukascopy.com/datafeed/EURUSD/2026/04/30/11h_ticks.bi5 "HTTP/1.1 503 Service Temporarily Unavailable"
2026-06-13 21:21:57,780 - httpx - INFO - HTTP Request: GET https://datafeed.dukascopy.com/datafeed/EURUSD/2026/04/30/22h_ticks.bi5 "HTTP/1.1 503 Service Temporarily Unavailable"
2026-06-13 21:21:57,784 - httpx - INFO - HTTP Request: GET https://datafeed.dukascopy.com/datafeed/EURUSD/2026/04/30/21h_ticks.bi5 "HTTP/1.1 503 Service Temporarily Unavailable"
2026-06-13 21:21:57,817 - httpx - INFO - HTTP Request: GET https://datafeed.dukascopy.com/datafeed/EURUSD/2026/04/30/01h_ticks.bi5 "HTTP/1.1 200 OK"
2026-06-13 21:21:57,952 - httpx - INFO - HTTP Request: GET https://datafeed.dukascopy.com/datafeed/EURUSD/2026/04/30/20h_ticks.bi5 "HTTP/1.1 503 Service Temporarily Unavailable"
2026-06-13 21:21:57,956 - httpx - INFO - HTTP Request: GET https://datafeed.dukascopy.com/datafeed/EURUSD/2026/04/30/15h_ticks.bi5 "HTTP/1.1 503 Service Temporarily Unavailable"
2026-06-13 21:21:58,019 - httpx - INFO - HTTP Request: GET https://datafeed.dukascopy.com/datafeed/EURUSD/2026/04/30/04h_ticks.bi5 "HTTP/1.1 200 OK"
2026-06-13 21:21:58,219 - httpx - INFO - HTTP Request: GET https://datafeed.dukascopy.com/datafeed/EURUSD/2026/04/30/07h_ticks.bi5 "HTTP/1.1 200 OK"
2026-06-13 21:21:58,418 - httpx - INFO - HTTP Request: GET https://datafeed.dukascopy.com/datafeed/EURUSD/2026/04/30/03h_ticks.bi5 "HTTP/1.1 200 OK"
2026-06-13 21:21:58,619 - httpx - INFO - HTTP Request: GET https://datafeed.dukascopy.com/datafeed/EURUSD/2026/04/30/12h_ticks.bi5 "HTTP/1.1 200 OK"
2026-06-13 21:21:58,818 - httpx - INFO - HTTP Request: GET https://datafeed.dukascopy.com/datafeed/EURUSD/2026/04/30/06h_ticks.bi5 "HTTP/1.1 200 OK"
2026-06-13 21:21:59,027 - httpx - INFO - HTTP Request: GET https://datafeed.dukascopy.com/datafeed/EURUSD/2026/04/30/17h_ticks.bi5 "HTTP/1.1 200 OK"
2026-06-13 21:21:59,219 - httpx - INFO - HTTP Request: GET https://datafeed.dukascopy.com/datafeed/EURUSD/2026/04/30/02h_ticks.bi5 "HTTP/1.1 200 OK"
2026-06-13 21:21:59,419 - httpx - INFO - HTTP Request: GET https://datafeed.dukascopy.com/datafeed/EURUSD/2026/04/30/10h_ticks.bi5 "HTTP/1.1 200 OK"
2026-06-13 21:21:59,620 - httpx - INFO - HTTP Request: GET https://datafeed.dukascopy.com/datafeed/EURUSD/2026/04/30/05h_ticks.bi5 "HTTP/1.1 200 OK"
2026-06-13 21:21:59,819 - httpx - INFO - HTTP Request: GET https://datafeed.dukascopy.com/datafeed/EURUSD/2026/04/30/16h_ticks.bi5 "HTTP/1.1 200 OK"
2026-06-13 21:22:00,021 - httpx - INFO - HTTP Request: GET https://datafeed.dukascopy.com/datafeed/EURUSD/2026/04/30/23h_ticks.bi5 "HTTP/1.1 200 OK"
2026-06-13 21:22:00,221 - httpx - INFO - HTTP Request: GET https://datafeed.dukascopy.com/datafeed/EURUSD/2026/04/30/18h_ticks.bi5 "HTTP/1.1 200 OK"
2026-06-13 21:22:00,418 - httpx - INFO - HTTP Request: GET https://datafeed.dukascopy.com/datafeed/EURUSD/2026/04/30/08h_ticks.bi5 "HTTP/1.1 200 OK"
2026-06-13 21:22:00,623 - httpx - INFO - HTTP Request: GET https://datafeed.dukascopy.com/datafeed/EURUSD/2026/04/30/14h_ticks.bi5 "HTTP/1.1 200 OK"
2026-06-13 21:22:00,831 - httpx - INFO - HTTP Request: GET https://datafeed.dukascopy.com/datafeed/EURUSD/2026/04/30/19h_ticks.bi5 "HTTP/1.1 200 OK"
2026-06-13 21:22:01,045 - httpx - INFO - HTTP Request: GET https://datafeed.dukascopy.com/datafeed/EURUSD/2026/04/29/00h_ticks.bi5 "HTTP/1.1 200 OK"
2026-06-13 21:22:01,174 - httpx - INFO - HTTP Request: GET https://datafeed.dukascopy.com/datafeed/EURUSD/2026/04/29/15h_ticks.bi5 "HTTP/1.1 503 Service Temporarily Unavailable"
2026-06-13 21:22:01,177 - httpx - INFO - HTTP Request: GET https://datafeed.dukascopy.com/datafeed/EURUSD/2026/04/29/20h_ticks.bi5 "HTTP/1.1 503 Service Temporarily Unavailable"
2026-06-13 21:22:01,184 - httpx - INFO - HTTP Request: GET https://datafeed.dukascopy.com/datafeed/EURUSD/2026/04/29/09h_ticks.bi5 "HTTP/1.1 503 Service Temporarily Unavailable"
2026-06-13 21:22:01,188 - httpx - INFO - HTTP Request: GET https://datafeed.dukascopy.com/datafeed/EURUSD/2026/04/29/14h_ticks.bi5 "HTTP/1.1 503 Service Temporarily Unavailable"
2026-06-13 21:22:01,197 - httpx - INFO - HTTP Request: GET https://datafeed.dukascopy.com/datafeed/EURUSD/2026/04/29/11h_ticks.bi5 "HTTP/1.1 503 Service Temporarily Unavailable"
2026-06-13 21:22:01,224 - httpx - INFO - HTTP Request: GET https://datafeed.dukascopy.com/datafeed/EURUSD/2026/04/29/01h_ticks.bi5 "HTTP/1.1 200 OK"
2026-06-13 21:22:01,420 - httpx - INFO - HTTP Request: GET https://datafeed.dukascopy.com/datafeed/EURUSD/2026/04/29/04h_ticks.bi5 "HTTP/1.1 200 OK"
2026-06-13 21:22:01,726 - httpx - INFO - HTTP Request: GET https://datafeed.dukascopy.com/datafeed/EURUSD/2026/04/29/07h_ticks.bi5 "HTTP/1.1 200 OK"
2026-06-13 21:22:01,826 - httpx - INFO - HTTP Request: GET https://datafeed.dukascopy.com/datafeed/EURUSD/2026/04/29/03h_ticks.bi5 "HTTP/1.1 200 OK"
2026-06-13 21:22:02,022 - httpx - INFO - HTTP Request: GET https://datafeed.dukascopy.com/datafeed/EURUSD/2026/04/29/12h_ticks.bi5 "HTTP/1.1 200 OK"
2026-06-13 21:22:02,222 - httpx - INFO - HTTP Request: GET https://datafeed.dukascopy.com/datafeed/EURUSD/2026/04/29/06h_ticks.bi5 "HTTP/1.1 200 OK"
2026-06-13 21:22:02,424 - httpx - INFO - HTTP Request: GET https://datafeed.dukascopy.com/datafeed/EURUSD/2026/04/29/17h_ticks.bi5 "HTTP/1.1 200 OK"
2026-06-13 21:22:02,620 - httpx - INFO - HTTP Request: GET https://datafeed.dukascopy.com/datafeed/EURUSD/2026/04/29/02h_ticks.bi5 "HTTP/1.1 200 OK"
2026-06-13 21:22:02,823 - httpx - INFO - HTTP Request: GET https://datafeed.dukascopy.com/datafeed/EURUSD/2026/04/29/10h_ticks.bi5 "HTTP/1.1 200 OK"
2026-06-13 21:22:03,023 - httpx - INFO - HTTP Request: GET https://datafeed.dukascopy.com/datafeed/EURUSD/2026/04/29/05h_ticks.bi5 "HTTP/1.1 200 OK"
2026-06-13 21:22:03,290 - httpx - INFO - HTTP Request: GET https://datafeed.dukascopy.com/datafeed/EURUSD/2026/04/29/16h_ticks.bi5 "HTTP/1.1 200 OK"
2026-06-13 21:22:03,420 - httpx - INFO - HTTP Request: GET https://datafeed.dukascopy.com/datafeed/EURUSD/2026/04/29/23h_ticks.bi5 "HTTP/1.1 200 OK"
2026-06-13 21:22:03,625 - httpx - INFO - HTTP Request: GET https://datafeed.dukascopy.com/datafeed/EURUSD/2026/04/29/18h_ticks.bi5 "HTTP/1.1 200 OK"
2026-06-13 21:22:03,818 - httpx - INFO - HTTP Request: GET https://datafeed.dukascopy.com/datafeed/EURUSD/2026/04/29/22h_ticks.bi5 "HTTP/1.1 200 OK"
2026-06-13 21:22:04,096 - httpx - INFO - HTTP Request: GET https://datafeed.dukascopy.com/datafeed/EURUSD/2026/04/29/13h_ticks.bi5 "HTTP/1.1 200 OK"
2026-06-13 21:22:04,290 - httpx - INFO - HTTP Request: GET https://datafeed.dukascopy.com/datafeed/EURUSD/2026/04/29/19h_ticks.bi5 "HTTP/1.1 200 OK"
2026-06-13 21:22:04,497 - httpx - INFO - HTTP Request: GET https://datafeed.dukascopy.com/datafeed/EURUSD/2026/04/29/08h_ticks.bi5 "HTTP/1.1 200 OK"
2026-06-13 21:22:04,629 - httpx - INFO - HTTP Request: GET https://datafeed.dukascopy.com/datafeed/EURUSD/2026/04/29/21h_ticks.bi5 "HTTP/1.1 200 OK"
2026-06-13 21:22:04,841 - httpx - INFO - HTTP Request: GET https://datafeed.dukascopy.com/datafeed/EURUSD/2026/04/28/00h_ticks.bi5 "HTTP/1.1 200 OK"
2026-06-13 21:22:04,964 - httpx - INFO - HTTP Request: GET https://datafeed.dukascopy.com/datafeed/EURUSD/2026/04/28/09h_ticks.bi5 "HTTP/1.1 503 Service Temporarily Unavailable"
2026-06-13 21:22:04,971 - httpx - INFO - HTTP Request: GET https://datafeed.dukascopy.com/datafeed/EURUSD/2026/04/28/13h_ticks.bi5 "HTTP/1.1 503 Service Temporarily Unavailable"
2026-06-13 21:22:04,978 - httpx - INFO - HTTP Request: GET https://datafeed.dukascopy.com/datafeed/EURUSD/2026/04/28/11h_ticks.bi5 "HTTP/1.1 503 Service Temporarily Unavailable"
2026-06-13 21:22:04,989 - httpx - INFO - HTTP Request: GET https://datafeed.dukascopy.com/datafeed/EURUSD/2026/04/28/21h_ticks.bi5 "HTTP/1.1 503 Service Temporarily Unavailable"
2026-06-13 21:22:05,000 - httpx - INFO - HTTP Request: GET https://datafeed.dukascopy.com/datafeed/EURUSD/2026/04/28/22h_ticks.bi5 "HTTP/1.1 503 Service Temporarily Unavailable"
2026-06-13 21:22:05,026 - httpx - INFO - HTTP Request: GET https://datafeed.dukascopy.com/datafeed/EURUSD/2026/04/28/01h_ticks.bi5 "HTTP/1.1 200 OK"
2026-06-13 21:22:05,166 - httpx - INFO - HTTP Request: GET https://datafeed.dukascopy.com/datafeed/EURUSD/2026/04/28/19h_ticks.bi5 "HTTP/1.1 503 Service Temporarily Unavailable"
2026-06-13 21:22:05,170 - httpx - INFO - HTTP Request: GET https://datafeed.dukascopy.com/datafeed/EURUSD/2026/04/28/20h_ticks.bi5 "HTTP/1.1 503 Service Temporarily Unavailable"
2026-06-13 21:22:05,223 - httpx - INFO - HTTP Request: GET https://datafeed.dukascopy.com/datafeed/EURUSD/2026/04/28/04h_ticks.bi5 "HTTP/1.1 200 OK"
2026-06-13 21:22:05,423 - httpx - INFO - HTTP Request: GET https://datafeed.dukascopy.com/datafeed/EURUSD/2026/04/28/07h_ticks.bi5 "HTTP/1.1 200 OK"
2026-06-13 21:22:05,622 - httpx - INFO - HTTP Request: GET https://datafeed.dukascopy.com/datafeed/EURUSD/2026/04/28/03h_ticks.bi5 "HTTP/1.1 200 OK"
2026-06-13 21:22:05,897 - httpx - INFO - HTTP Request: GET https://datafeed.dukascopy.com/datafeed/EURUSD/2026/04/28/12h_ticks.bi5 "HTTP/1.1 200 OK"
2026-06-13 21:22:06,026 - httpx - INFO - HTTP Request: GET https://datafeed.dukascopy.com/datafeed/EURUSD/2026/04/28/06h_ticks.bi5 "HTTP/1.1 200 OK"
2026-06-13 21:22:06,421 - httpx - INFO - HTTP Request: GET https://datafeed.dukascopy.com/datafeed/EURUSD/2026/04/28/02h_ticks.bi5 "HTTP/1.1 200 OK"
2026-06-13 21:22:06,626 - httpx - INFO - HTTP Request: GET https://datafeed.dukascopy.com/datafeed/EURUSD/2026/04/28/10h_ticks.bi5 "HTTP/1.1 200 OK"
2026-06-13 21:22:06,683 - httpx - INFO - HTTP Request: GET https://datafeed.dukascopy.com/datafeed/EURUSD/2026/04/28/17h_ticks.bi5 "HTTP/1.1 200 OK"
2026-06-13 21:22:06,896 - httpx - INFO - HTTP Request: GET https://datafeed.dukascopy.com/datafeed/EURUSD/2026/04/28/16h_ticks.bi5 "HTTP/1.1 200 OK"
2026-06-13 21:22:07,026 - httpx - INFO - HTTP Request: GET https://datafeed.dukascopy.com/datafeed/EURUSD/2026/04/28/05h_ticks.bi5 "HTTP/1.1 200 OK"
2026-06-13 21:22:07,265 - httpx - INFO - HTTP Request: GET https://datafeed.dukascopy.com/datafeed/EURUSD/2026/04/28/23h_ticks.bi5 "HTTP/1.1 200 OK"
2026-06-13 21:22:07,438 - httpx - INFO - HTTP Request: GET https://datafeed.dukascopy.com/datafeed/EURUSD/2026/04/28/18h_ticks.bi5 "HTTP/1.1 200 OK"
2026-06-13 21:22:07,626 - httpx - INFO - HTTP Request: GET https://datafeed.dukascopy.com/datafeed/EURUSD/2026/04/28/08h_ticks.bi5 "HTTP/1.1 200 OK"
2026-06-13 21:22:07,903 - httpx - INFO - HTTP Request: GET https://datafeed.dukascopy.com/datafeed/EURUSD/2026/04/28/14h_ticks.bi5 "HTTP/1.1 200 OK"
2026-06-13 21:22:08,112 - httpx - INFO - HTTP Request: GET https://datafeed.dukascopy.com/datafeed/EURUSD/2026/04/28/15h_ticks.bi5 "HTTP/1.1 200 OK"
2026-06-13 21:22:08,291 - httpx - INFO - HTTP Request: GET https://datafeed.dukascopy.com/datafeed/EURUSD/2026/04/27/00h_ticks.bi5 "HTTP/1.1 200 OK"
2026-06-13 21:22:08,461 - httpx - INFO - HTTP Request: GET https://datafeed.dukascopy.com/datafeed/EURUSD/2026/04/27/14h_ticks.bi5 "HTTP/1.1 503 Service Temporarily Unavailable"
2026-06-13 21:22:08,469 - httpx - INFO - HTTP Request: GET https://datafeed.dukascopy.com/datafeed/EURUSD/2026/04/27/01h_ticks.bi5 "HTTP/1.1 200 OK"
2026-06-13 21:22:08,481 - httpx - INFO - HTTP Request: GET https://datafeed.dukascopy.com/datafeed/EURUSD/2026/04/27/05h_ticks.bi5 "HTTP/1.1 503 Service Temporarily Unavailable"
2026-06-13 21:22:08,484 - httpx - INFO - HTTP Request: GET https://datafeed.dukascopy.com/datafeed/EURUSD/2026/04/27/18h_ticks.bi5 "HTTP/1.1 503 Service Temporarily Unavailable"
2026-06-13 21:22:08,490 - httpx - INFO - HTTP Request: GET https://datafeed.dukascopy.com/datafeed/EURUSD/2026/04/27/19h_ticks.bi5 "HTTP/1.1 503 Service Temporarily Unavailable"
2026-06-13 21:22:08,670 - httpx - INFO - HTTP Request: GET https://datafeed.dukascopy.com/datafeed/EURUSD/2026/04/27/21h_ticks.bi5 "HTTP/1.1 503 Service Temporarily Unavailable"
2026-06-13 21:22:08,673 - httpx - INFO - HTTP Request: GET https://datafeed.dukascopy.com/datafeed/EURUSD/2026/04/27/11h_ticks.bi5 "HTTP/1.1 503 Service Temporarily Unavailable"
2026-06-13 21:22:08,675 - httpx - INFO - HTTP Request: GET https://datafeed.dukascopy.com/datafeed/EURUSD/2026/04/27/04h_ticks.bi5 "HTTP/1.1 200 OK"
2026-06-13 21:22:09,067 - httpx - INFO - HTTP Request: GET https://datafeed.dukascopy.com/datafeed/EURUSD/2026/04/27/03h_ticks.bi5 "HTTP/1.1 200 OK"
2026-06-13 21:22:09,295 - httpx - INFO - HTTP Request: GET https://datafeed.dukascopy.com/datafeed/EURUSD/2026/04/27/07h_ticks.bi5 "HTTP/1.1 200 OK"
2026-06-13 21:22:09,341 - httpx - INFO - HTTP Request: GET https://datafeed.dukascopy.com/datafeed/EURUSD/2026/04/27/12h_ticks.bi5 "HTTP/1.1 200 OK"
2026-06-13 21:22:09,599 - httpx - INFO - HTTP Request: GET https://datafeed.dukascopy.com/datafeed/EURUSD/2026/04/27/06h_ticks.bi5 "HTTP/1.1 200 OK"
2026-06-13 21:22:09,744 - httpx - INFO - HTTP Request: GET https://datafeed.dukascopy.com/datafeed/EURUSD/2026/04/27/17h_ticks.bi5 "HTTP/1.1 200 OK"
2026-06-13 21:22:09,869 - httpx - INFO - HTTP Request: GET https://datafeed.dukascopy.com/datafeed/EURUSD/2026/04/27/02h_ticks.bi5 "HTTP/1.1 200 OK"
2026-06-13 21:22:10,091 - httpx - INFO - HTTP Request: GET https://datafeed.dukascopy.com/datafeed/EURUSD/2026/04/27/22h_ticks.bi5 "HTTP/1.1 200 OK"
2026-06-13 21:22:10,271 - httpx - INFO - HTTP Request: GET https://datafeed.dukascopy.com/datafeed/EURUSD/2026/04/27/10h_ticks.bi5 "HTTP/1.1 200 OK"
2026-06-13 21:22:10,468 - httpx - INFO - HTTP Request: GET https://datafeed.dukascopy.com/datafeed/EURUSD/2026/04/27/23h_ticks.bi5 "HTTP/1.1 200 OK"
2026-06-13 21:22:10,667 - httpx - INFO - HTTP Request: GET https://datafeed.dukascopy.com/datafeed/EURUSD/2026/04/27/20h_ticks.bi5 "HTTP/1.1 200 OK"
2026-06-13 21:22:10,950 - httpx - INFO - HTTP Request: GET https://datafeed.dukascopy.com/datafeed/EURUSD/2026/04/27/15h_ticks.bi5 "HTTP/1.1 200 OK"
2026-06-13 21:22:11,073 - httpx - INFO - HTTP Request: GET https://datafeed.dukascopy.com/datafeed/EURUSD/2026/04/27/09h_ticks.bi5 "HTTP/1.1 200 OK"
2026-06-13 21:22:11,339 - httpx - INFO - HTTP Request: GET https://datafeed.dukascopy.com/datafeed/EURUSD/2026/04/27/13h_ticks.bi5 "HTTP/1.1 200 OK"
2026-06-13 21:22:11,548 - httpx - INFO - HTTP Request: GET https://datafeed.dukascopy.com/datafeed/EURUSD/2026/04/27/08h_ticks.bi5 "HTTP/1.1 200 OK"
2026-06-13 21:22:11,686 - httpx - INFO - HTTP Request: GET https://datafeed.dukascopy.com/datafeed/EURUSD/2026/04/27/16h_ticks.bi5 "HTTP/1.1 200 OK"
2026-06-13 21:22:11,886 - httpx - INFO - HTTP Request: GET https://datafeed.dukascopy.com/datafeed/EURUSD/2026/04/26/00h_ticks.bi5 "HTTP/1.1 200 OK"
2026-06-13 21:22:12,035 - httpx - INFO - HTTP Request: GET https://datafeed.dukascopy.com/datafeed/EURUSD/2026/04/26/14h_ticks.bi5 "HTTP/1.1 503 Service Temporarily Unavailable"
2026-06-13 21:22:12,044 - httpx - INFO - HTTP Request: GET https://datafeed.dukascopy.com/datafeed/EURUSD/2026/04/26/20h_ticks.bi5 "HTTP/1.1 503 Service Temporarily Unavailable"
2026-06-13 21:22:12,055 - httpx - INFO - HTTP Request: GET https://datafeed.dukascopy.com/datafeed/EURUSD/2026/04/26/23h_ticks.bi5 "HTTP/1.1 503 Service Temporarily Unavailable"
2026-06-13 21:22:12,064 - httpx - INFO - HTTP Request: GET https://datafeed.dukascopy.com/datafeed/EURUSD/2026/04/26/19h_ticks.bi5 "HTTP/1.1 503 Service Temporarily Unavailable"
2026-06-13 21:22:12,068 - httpx - INFO - HTTP Request: GET https://datafeed.dukascopy.com/datafeed/EURUSD/2026/04/26/15h_ticks.bi5 "HTTP/1.1 503 Service Temporarily Unavailable"
2026-06-13 21:22:12,071 - httpx - INFO - HTTP Request: GET https://datafeed.dukascopy.com/datafeed/EURUSD/2026/04/26/01h_ticks.bi5 "HTTP/1.1 200 OK"
2026-06-13 21:22:12,256 - httpx - INFO - HTTP Request: GET https://datafeed.dukascopy.com/datafeed/EURUSD/2026/04/26/18h_ticks.bi5 "HTTP/1.1 503 Service Temporarily Unavailable"
2026-06-13 21:22:12,261 - httpx - INFO - HTTP Request: GET https://datafeed.dukascopy.com/datafeed/EURUSD/2026/04/26/09h_ticks.bi5 "HTTP/1.1 503 Service Temporarily Unavailable"
2026-06-13 21:22:12,271 - httpx - INFO - HTTP Request: GET https://datafeed.dukascopy.com/datafeed/EURUSD/2026/04/26/04h_ticks.bi5 "HTTP/1.1 200 OK"
2026-06-13 21:22:12,544 - httpx - INFO - HTTP Request: GET https://datafeed.dukascopy.com/datafeed/EURUSD/2026/04/26/07h_ticks.bi5 "HTTP/1.1 200 OK"
2026-06-13 21:22:12,666 - httpx - INFO - HTTP Request: GET https://datafeed.dukascopy.com/datafeed/EURUSD/2026/04/26/03h_ticks.bi5 "HTTP/1.1 200 OK"
2026-06-13 21:22:12,869 - httpx - INFO - HTTP Request: GET https://datafeed.dukascopy.com/datafeed/EURUSD/2026/04/26/12h_ticks.bi5 "HTTP/1.1 200 OK"
2026-06-13 21:22:13,068 - httpx - INFO - HTTP Request: GET https://datafeed.dukascopy.com/datafeed/EURUSD/2026/04/26/06h_ticks.bi5 "HTTP/1.1 200 OK"
2026-06-13 21:22:13,268 - httpx - INFO - HTTP Request: GET https://datafeed.dukascopy.com/datafeed/EURUSD/2026/04/26/17h_ticks.bi5 "HTTP/1.1 200 OK"
2026-06-13 21:22:13,481 - httpx - INFO - HTTP Request: GET https://datafeed.dukascopy.com/datafeed/EURUSD/2026/04/26/02h_ticks.bi5 "HTTP/1.1 200 OK"
2026-06-13 21:22:13,676 - httpx - INFO - HTTP Request: GET https://datafeed.dukascopy.com/datafeed/EURUSD/2026/04/26/10h_ticks.bi5 "HTTP/1.1 200 OK"
2026-06-13 21:22:13,869 - httpx - INFO - HTTP Request: GET https://datafeed.dukascopy.com/datafeed/EURUSD/2026/04/26/05h_ticks.bi5 "HTTP/1.1 200 OK"
2026-06-13 21:22:14,072 - httpx - INFO - HTTP Request: GET https://datafeed.dukascopy.com/datafeed/EURUSD/2026/04/26/16h_ticks.bi5 "HTTP/1.1 200 OK"
2026-06-13 21:22:14,345 - httpx - INFO - HTTP Request: GET https://datafeed.dukascopy.com/datafeed/EURUSD/2026/04/26/13h_ticks.bi5 "HTTP/1.1 200 OK"
2026-06-13 21:22:14,471 - httpx - INFO - HTTP Request: GET https://datafeed.dukascopy.com/datafeed/EURUSD/2026/04/26/11h_ticks.bi5 "HTTP/1.1 200 OK"
2026-06-13 21:22:14,669 - httpx - INFO - HTTP Request: GET https://datafeed.dukascopy.com/datafeed/EURUSD/2026/04/26/22h_ticks.bi5 "HTTP/1.1 200 OK"
2026-06-13 21:22:14,872 - httpx - INFO - HTTP Request: GET https://datafeed.dukascopy.com/datafeed/EURUSD/2026/04/26/21h_ticks.bi5 "HTTP/1.1 200 OK"
2026-06-13 21:22:15,077 - httpx - INFO - HTTP Request: GET https://datafeed.dukascopy.com/datafeed/EURUSD/2026/04/26/08h_ticks.bi5 "HTTP/1.1 200 OK"
2026-06-13 21:22:15,283 - httpx - INFO - HTTP Request: GET https://datafeed.dukascopy.com/datafeed/EURUSD/2026/04/25/00h_ticks.bi5 "HTTP/1.1 200 OK"
2026-06-13 21:22:15,423 - httpx - INFO - HTTP Request: GET https://datafeed.dukascopy.com/datafeed/EURUSD/2026/04/25/09h_ticks.bi5 "HTTP/1.1 503 Service Temporarily Unavailable"
2026-06-13 21:22:15,428 - httpx - INFO - HTTP Request: GET https://datafeed.dukascopy.com/datafeed/EURUSD/2026/04/25/13h_ticks.bi5 "HTTP/1.1 503 Service Temporarily Unavailable"
2026-06-13 21:22:15,437 - httpx - INFO - HTTP Request: GET https://datafeed.dukascopy.com/datafeed/EURUSD/2026/04/25/22h_ticks.bi5 "HTTP/1.1 503 Service Temporarily Unavailable"
2026-06-13 21:22:15,447 - httpx - INFO - HTTP Request: GET https://datafeed.dukascopy.com/datafeed/EURUSD/2026/04/25/15h_ticks.bi5 "HTTP/1.1 503 Service Temporarily Unavailable"
2026-06-13 21:22:15,451 - httpx - INFO - HTTP Request: GET https://datafeed.dukascopy.com/datafeed/EURUSD/2026/04/25/08h_ticks.bi5 "HTTP/1.1 503 Service Temporarily Unavailable"
2026-06-13 21:22:15,474 - httpx - INFO - HTTP Request: GET https://datafeed.dukascopy.com/datafeed/EURUSD/2026/04/25/01h_ticks.bi5 "HTTP/1.1 200 OK"
2026-06-13 21:22:15,651 - httpx - INFO - HTTP Request: GET https://datafeed.dukascopy.com/datafeed/EURUSD/2026/04/25/11h_ticks.bi5 "HTTP/1.1 503 Service Temporarily Unavailable"
2026-06-13 21:22:15,656 - httpx - INFO - HTTP Request: GET https://datafeed.dukascopy.com/datafeed/EURUSD/2026/04/25/20h_ticks.bi5 "HTTP/1.1 503 Service Temporarily Unavailable"
2026-06-13 21:22:15,669 - httpx - INFO - HTTP Request: GET https://datafeed.dukascopy.com/datafeed/EURUSD/2026/04/25/04h_ticks.bi5 "HTTP/1.1 200 OK"
2026-06-13 21:22:15,869 - httpx - INFO - HTTP Request: GET https://datafeed.dukascopy.com/datafeed/EURUSD/2026/04/25/07h_ticks.bi5 "HTTP/1.1 200 OK"
2026-06-13 21:22:16,067 - httpx - INFO - HTTP Request: GET https://datafeed.dukascopy.com/datafeed/EURUSD/2026/04/25/03h_ticks.bi5 "HTTP/1.1 200 OK"
2026-06-13 21:22:16,268 - httpx - INFO - HTTP Request: GET https://datafeed.dukascopy.com/datafeed/EURUSD/2026/04/25/12h_ticks.bi5 "HTTP/1.1 200 OK"
2026-06-13 21:22:16,518 - httpx - INFO - HTTP Request: GET https://datafeed.dukascopy.com/datafeed/EURUSD/2026/04/25/06h_ticks.bi5 "HTTP/1.1 200 OK"
2026-06-13 21:22:16,666 - httpx - INFO - HTTP Request: GET https://datafeed.dukascopy.com/datafeed/EURUSD/2026/04/25/17h_ticks.bi5 "HTTP/1.1 200 OK"
2026-06-13 21:22:16,868 - httpx - INFO - HTTP Request: GET https://datafeed.dukascopy.com/datafeed/EURUSD/2026/04/25/02h_ticks.bi5 "HTTP/1.1 200 OK"
2026-06-13 21:22:17,074 - httpx - INFO - HTTP Request: GET https://datafeed.dukascopy.com/datafeed/EURUSD/2026/04/25/10h_ticks.bi5 "HTTP/1.1 200 OK"
2026-06-13 21:22:17,268 - httpx - INFO - HTTP Request: GET https://datafeed.dukascopy.com/datafeed/EURUSD/2026/04/25/05h_ticks.bi5 "HTTP/1.1 200 OK"
2026-06-13 21:22:17,472 - httpx - INFO - HTTP Request: GET https://datafeed.dukascopy.com/datafeed/EURUSD/2026/04/25/16h_ticks.bi5 "HTTP/1.1 200 OK"
2026-06-13 21:22:17,668 - httpx - INFO - HTTP Request: GET https://datafeed.dukascopy.com/datafeed/EURUSD/2026/04/25/23h_ticks.bi5 "HTTP/1.1 200 OK"
2026-06-13 21:22:17,870 - httpx - INFO - HTTP Request: GET https://datafeed.dukascopy.com/datafeed/EURUSD/2026/04/25/19h_ticks.bi5 "HTTP/1.1 200 OK"
2026-06-13 21:22:18,070 - httpx - INFO - HTTP Request: GET https://datafeed.dukascopy.com/datafeed/EURUSD/2026/04/25/21h_ticks.bi5 "HTTP/1.1 200 OK"
2026-06-13 21:22:18,267 - httpx - INFO - HTTP Request: GET https://datafeed.dukascopy.com/datafeed/EURUSD/2026/04/25/14h_ticks.bi5 "HTTP/1.1 200 OK"
2026-06-13 21:22:18,465 - httpx - INFO - HTTP Request: GET https://datafeed.dukascopy.com/datafeed/EURUSD/2026/04/25/18h_ticks.bi5 "HTTP/1.1 200 OK"
2026-06-13 21:22:18,678 - httpx - INFO - HTTP Request: GET https://datafeed.dukascopy.com/datafeed/EURUSD/2026/04/24/00h_ticks.bi5 "HTTP/1.1 200 OK"
2026-06-13 21:22:18,793 - httpx - INFO - HTTP Request: GET https://datafeed.dukascopy.com/datafeed/EURUSD/2026/04/24/09h_ticks.bi5 "HTTP/1.1 503 Service Temporarily Unavailable"
2026-06-13 21:22:18,804 - httpx - INFO - HTTP Request: GET https://datafeed.dukascopy.com/datafeed/EURUSD/2026/04/24/13h_ticks.bi5 "HTTP/1.1 503 Service Temporarily Unavailable"
2026-06-13 21:22:18,808 - httpx - INFO - HTTP Request: GET https://datafeed.dukascopy.com/datafeed/EURUSD/2026/04/24/11h_ticks.bi5 "HTTP/1.1 503 Service Temporarily Unavailable"
2026-06-13 21:22:18,816 - httpx - INFO - HTTP Request: GET https://datafeed.dukascopy.com/datafeed/EURUSD/2026/04/24/21h_ticks.bi5 "HTTP/1.1 503 Service Temporarily Unavailable"
2026-06-13 21:22:18,824 - httpx - INFO - HTTP Request: GET https://datafeed.dukascopy.com/datafeed/EURUSD/2026/04/24/22h_ticks.bi5 "HTTP/1.1 503 Service Temporarily Unavailable"
2026-06-13 21:22:18,864 - httpx - INFO - HTTP Request: GET https://datafeed.dukascopy.com/datafeed/EURUSD/2026/04/24/01h_ticks.bi5 "HTTP/1.1 200 OK"
2026-06-13 21:22:18,991 - httpx - INFO - HTTP Request: GET https://datafeed.dukascopy.com/datafeed/EURUSD/2026/04/24/15h_ticks.bi5 "HTTP/1.1 503 Service Temporarily Unavailable"
2026-06-13 21:22:18,995 - httpx - INFO - HTTP Request: GET https://datafeed.dukascopy.com/datafeed/EURUSD/2026/04/24/19h_ticks.bi5 "HTTP/1.1 503 Service Temporarily Unavailable"
2026-06-13 21:22:19,074 - httpx - INFO - HTTP Request: GET https://datafeed.dukascopy.com/datafeed/EURUSD/2026/04/24/04h_ticks.bi5 "HTTP/1.1 200 OK"
2026-06-13 21:22:19,281 - httpx - INFO - HTTP Request: GET https://datafeed.dukascopy.com/datafeed/EURUSD/2026/04/24/07h_ticks.bi5 "HTTP/1.1 200 OK"
2026-06-13 21:22:19,464 - httpx - INFO - HTTP Request: GET https://datafeed.dukascopy.com/datafeed/EURUSD/2026/04/24/03h_ticks.bi5 "HTTP/1.1 200 OK"
2026-06-13 21:22:19,666 - httpx - INFO - HTTP Request: GET https://datafeed.dukascopy.com/datafeed/EURUSD/2026/04/24/12h_ticks.bi5 "HTTP/1.1 200 OK"
2026-06-13 21:22:42,968 - API - INFO - ForexAI API Starting up...
2026-06-13 21:22:43,241 - API - INFO - All background workers launched.
2026-06-13 21:22:43,244 - LiveEngine - INFO - --- Starting Live Cycle: EURUSD H1 ---
2026-06-13 21:22:43,264 - LearnerScheduler - INFO - Continuous Learner Scheduler started.
2026-06-13 21:22:44,979 - httpx - INFO - HTTP Request: GET https://datafeed.dukascopy.com/datafeed/EURUSD/2026/05/13/01h_ticks.bi5 "HTTP/1.1 200 OK"
2026-06-13 21:22:45,096 - httpx - INFO - HTTP Request: GET https://datafeed.dukascopy.com/datafeed/EURUSD/2026/05/13/16h_ticks.bi5 "HTTP/1.1 503 Service Temporarily Unavailable"
2026-06-13 21:22:45,098 - httpx - INFO - HTTP Request: GET https://datafeed.dukascopy.com/datafeed/EURUSD/2026/05/13/20h_ticks.bi5 "HTTP/1.1 503 Service Temporarily Unavailable"
2026-06-13 21:22:45,101 - httpx - INFO - HTTP Request: GET https://datafeed.dukascopy.com/datafeed/EURUSD/2026/05/13/21h_ticks.bi5 "HTTP/1.1 503 Service Temporarily Unavailable"
2026-06-13 21:22:45,103 - httpx - INFO - HTTP Request: GET https://datafeed.dukascopy.com/datafeed/EURUSD/2026/05/13/19h_ticks.bi5 "HTTP/1.1 503 Service Temporarily Unavailable"
2026-06-13 21:22:45,105 - httpx - INFO - HTTP Request: GET https://datafeed.dukascopy.com/datafeed/EURUSD/2026/05/13/15h_ticks.bi5 "HTTP/1.1 503 Service Temporarily Unavailable"
2026-06-13 21:22:45,107 - httpx - INFO - HTTP Request: GET https://datafeed.dukascopy.com/datafeed/EURUSD/2026/05/13/10h_ticks.bi5 "HTTP/1.1 503 Service Temporarily Unavailable"
2026-06-13 21:22:45,255 - httpx - INFO - HTTP Request: GET https://datafeed.dukascopy.com/datafeed/EURUSD/2026/05/13/11h_ticks.bi5 "HTTP/1.1 503 Service Temporarily Unavailable"
2026-06-13 21:22:45,283 - httpx - INFO - HTTP Request: GET https://datafeed.dukascopy.com/datafeed/EURUSD/2026/05/13/14h_ticks.bi5 "HTTP/1.1 503 Service Temporarily Unavailable"
2026-06-13 21:22:45,294 - httpx - INFO - HTTP Request: GET https://datafeed.dukascopy.com/datafeed/EURUSD/2026/05/13/06h_ticks.bi5 "HTTP/1.1 200 OK"
2026-06-13 21:22:45,302 - API - INFO - GET /system/status - 200 (0.31s)
2026-06-13 21:22:45,372 - httpx - INFO - HTTP Request: GET https://datafeed.dukascopy.com/datafeed/EURUSD/2026/05/13/00h_ticks.bi5 "HTTP/1.1 200 OK"
2026-06-13 21:22:45,482 - httpx - INFO - HTTP Request: GET https://datafeed.dukascopy.com/datafeed/EURUSD/2026/05/13/08h_ticks.bi5 "HTTP/1.1 200 OK"
2026-06-13 21:22:45,687 - httpx - INFO - HTTP Request: GET https://datafeed.dukascopy.com/datafeed/EURUSD/2026/05/13/02h_ticks.bi5 "HTTP/1.1 200 OK"
2026-06-13 21:22:45,883 - httpx - INFO - HTTP Request: GET https://datafeed.dukascopy.com/datafeed/EURUSD/2026/05/13/03h_ticks.bi5 "HTTP/1.1 200 OK"
2026-06-13 21:22:46,092 - httpx - INFO - HTTP Request: GET https://datafeed.dukascopy.com/datafeed/EURUSD/2026/05/13/04h_ticks.bi5 "HTTP/1.1 200 OK"
2026-06-13 21:22:46,288 - httpx - INFO - HTTP Request: GET https://datafeed.dukascopy.com/datafeed/EURUSD/2026/05/13/05h_ticks.bi5 "HTTP/1.1 200 OK"
2026-06-13 21:22:46,503 - httpx - INFO - HTTP Request: GET https://datafeed.dukascopy.com/datafeed/EURUSD/2026/05/13/12h_ticks.bi5 "HTTP/1.1 200 OK"
2026-06-13 21:22:46,682 - httpx - INFO - HTTP Request: GET https://datafeed.dukascopy.com/datafeed/EURUSD/2026/05/13/23h_ticks.bi5 "HTTP/1.1 404 Not Found"
2026-06-13 21:22:46,882 - httpx - INFO - HTTP Request: GET https://datafeed.dukascopy.com/datafeed/EURUSD/2026/05/13/13h_ticks.bi5 "HTTP/1.1 200 OK"
2026-06-13 21:22:47,086 - httpx - INFO - HTTP Request: GET https://datafeed.dukascopy.com/datafeed/EURUSD/2026/05/13/07h_ticks.bi5 "HTTP/1.1 200 OK"
2026-06-13 21:22:47,280 - httpx - INFO - HTTP Request: GET https://datafeed.dukascopy.com/datafeed/EURUSD/2026/05/13/17h_ticks.bi5 "HTTP/1.1 200 OK"
2026-06-13 21:22:47,483 - httpx - INFO - HTTP Request: GET https://datafeed.dukascopy.com/datafeed/EURUSD/2026/05/13/22h_ticks.bi5 "HTTP/1.1 404 Not Found"
2026-06-13 21:22:47,681 - httpx - INFO - HTTP Request: GET https://datafeed.dukascopy.com/datafeed/EURUSD/2026/05/13/18h_ticks.bi5 "HTTP/1.1 404 Not Found"
2026-06-13 21:22:47,882 - httpx - INFO - HTTP Request: GET https://datafeed.dukascopy.com/datafeed/EURUSD/2026/05/13/09h_ticks.bi5 "HTTP/1.1 200 OK"
2026-06-13 21:22:48,167 - httpx - INFO - HTTP Request: GET https://datafeed.dukascopy.com/datafeed/EURUSD/2026/05/12/00h_ticks.bi5 "HTTP/1.1 200 OK"
2026-06-13 21:22:48,212 - httpx - INFO - HTTP Request: GET https://datafeed.dukascopy.com/datafeed/EURUSD/2026/05/12/15h_ticks.bi5 "HTTP/1.1 503 Service Temporarily Unavailable"
2026-06-13 21:22:48,218 - httpx - INFO - HTTP Request: GET https://datafeed.dukascopy.com/datafeed/EURUSD/2026/05/12/20h_ticks.bi5 "HTTP/1.1 503 Service Temporarily Unavailable"
2026-06-13 21:22:48,226 - httpx - INFO - HTTP Request: GET https://datafeed.dukascopy.com/datafeed/EURUSD/2026/05/12/09h_ticks.bi5 "HTTP/1.1 503 Service Temporarily Unavailable"
2026-06-13 21:22:48,235 - httpx - INFO - HTTP Request: GET https://datafeed.dukascopy.com/datafeed/EURUSD/2026/05/12/14h_ticks.bi5 "HTTP/1.1 503 Service Temporarily Unavailable"
2026-06-13 21:22:48,359 - httpx - INFO - HTTP Request: GET https://datafeed.dukascopy.com/datafeed/EURUSD/2026/05/12/01h_ticks.bi5 "HTTP/1.1 200 OK"
2026-06-13 21:22:48,455 - httpx - INFO - HTTP Request: GET https://datafeed.dukascopy.com/datafeed/EURUSD/2026/05/12/21h_ticks.bi5 "HTTP/1.1 503 Service Temporarily Unavailable"
2026-06-13 21:22:48,458 - httpx - INFO - HTTP Request: GET https://datafeed.dukascopy.com/datafeed/EURUSD/2026/05/12/08h_ticks.bi5 "HTTP/1.1 503 Service Temporarily Unavailable"
2026-06-13 21:22:48,461 - httpx - INFO - HTTP Request: GET https://datafeed.dukascopy.com/datafeed/EURUSD/2026/05/12/19h_ticks.bi5 "HTTP/1.1 503 Service Temporarily Unavailable"
2026-06-13 21:22:48,488 - httpx - INFO - HTTP Request: GET https://datafeed.dukascopy.com/datafeed/EURUSD/2026/05/12/04h_ticks.bi5 "HTTP/1.1 200 OK"
2026-06-13 21:22:48,769 - httpx - INFO - HTTP Request: GET https://datafeed.dukascopy.com/datafeed/EURUSD/2026/05/12/07h_ticks.bi5 "HTTP/1.1 200 OK"
2026-06-13 21:22:48,900 - httpx - INFO - HTTP Request: GET https://datafeed.dukascopy.com/datafeed/EURUSD/2026/05/12/03h_ticks.bi5 "HTTP/1.1 200 OK"
2026-06-13 21:22:49,161 - httpx - INFO - HTTP Request: GET https://datafeed.dukascopy.com/datafeed/EURUSD/2026/05/12/12h_ticks.bi5 "HTTP/1.1 200 OK"
2026-06-13 21:22:49,357 - httpx - INFO - HTTP Request: GET https://datafeed.dukascopy.com/datafeed/EURUSD/2026/05/12/06h_ticks.bi5 "HTTP/1.1 200 OK"
2026-06-13 21:22:49,485 - httpx - INFO - HTTP Request: GET https://datafeed.dukascopy.com/datafeed/EURUSD/2026/05/12/17h_ticks.bi5 "HTTP/1.1 200 OK"
2026-06-13 21:22:49,686 - httpx - INFO - HTTP Request: GET https://datafeed.dukascopy.com/datafeed/EURUSD/2026/05/12/02h_ticks.bi5 "HTTP/1.1 200 OK"
2026-06-13 21:22:49,961 - httpx - INFO - HTTP Request: GET https://datafeed.dukascopy.com/datafeed/EURUSD/2026/05/12/10h_ticks.bi5 "HTTP/1.1 200 OK"
2026-06-13 21:22:50,086 - httpx - INFO - HTTP Request: GET https://datafeed.dukascopy.com/datafeed/EURUSD/2026/05/12/05h_ticks.bi5 "HTTP/1.1 200 OK"
2026-06-13 21:22:50,366 - httpx - INFO - HTTP Request: GET https://datafeed.dukascopy.com/datafeed/EURUSD/2026/05/12/16h_ticks.bi5 "HTTP/1.1 200 OK"
2026-06-13 21:22:50,483 - httpx - INFO - HTTP Request: GET https://datafeed.dukascopy.com/datafeed/EURUSD/2026/05/12/23h_ticks.bi5 "HTTP/1.1 200 OK"
2026-06-13 21:22:50,684 - httpx - INFO - HTTP Request: GET https://datafeed.dukascopy.com/datafeed/EURUSD/2026/05/12/18h_ticks.bi5 "HTTP/1.1 200 OK"
2026-06-13 21:22:50,882 - httpx - INFO - HTTP Request: GET https://datafeed.dukascopy.com/datafeed/EURUSD/2026/05/12/22h_ticks.bi5 "HTTP/1.1 200 OK"
2026-06-13 21:22:51,152 - httpx - INFO - HTTP Request: GET https://datafeed.dukascopy.com/datafeed/EURUSD/2026/05/12/13h_ticks.bi5 "HTTP/1.1 200 OK"
2026-06-13 21:22:51,292 - httpx - INFO - HTTP Request: GET https://datafeed.dukascopy.com/datafeed/EURUSD/2026/05/12/11h_ticks.bi5 "HTTP/1.1 200 OK"
2026-06-13 21:22:51,575 - httpx - INFO - HTTP Request: GET https://datafeed.dukascopy.com/datafeed/EURUSD/2026/05/11/00h_ticks.bi5 "HTTP/1.1 200 OK"
2026-06-13 21:22:51,641 - httpx - INFO - HTTP Request: GET https://datafeed.dukascopy.com/datafeed/EURUSD/2026/05/11/15h_ticks.bi5 "HTTP/1.1 503 Service Temporarily Unavailable"
2026-06-13 21:22:51,655 - httpx - INFO - HTTP Request: GET https://datafeed.dukascopy.com/datafeed/EURUSD/2026/05/11/20h_ticks.bi5 "HTTP/1.1 503 Service Temporarily Unavailable"
2026-06-13 21:22:51,696 - httpx - INFO - HTTP Request: GET https://datafeed.dukascopy.com/datafeed/EURUSD/2026/05/11/01h_ticks.bi5 "HTTP/1.1 200 OK"
2026-06-13 21:22:51,715 - httpx - INFO - HTTP Request: GET https://datafeed.dukascopy.com/datafeed/EURUSD/2026/05/11/14h_ticks.bi5 "HTTP/1.1 503 Service Temporarily Unavailable"
2026-06-13 21:22:51,719 - httpx - INFO - HTTP Request: GET https://datafeed.dukascopy.com/datafeed/EURUSD/2026/05/11/11h_ticks.bi5 "HTTP/1.1 503 Service Temporarily Unavailable"
2026-06-13 21:22:51,876 - httpx - INFO - HTTP Request: GET https://datafeed.dukascopy.com/datafeed/EURUSD/2026/05/11/21h_ticks.bi5 "HTTP/1.1 503 Service Temporarily Unavailable"
2026-06-13 21:22:51,884 - httpx - INFO - HTTP Request: GET https://datafeed.dukascopy.com/datafeed/EURUSD/2026/05/11/04h_ticks.bi5 "HTTP/1.1 200 OK"
2026-06-13 21:22:51,898 - httpx - INFO - HTTP Request: GET https://datafeed.dukascopy.com/datafeed/EURUSD/2026/05/11/19h_ticks.bi5 "HTTP/1.1 503 Service Temporarily Unavailable"
2026-06-13 21:22:52,158 - httpx - INFO - HTTP Request: GET https://datafeed.dukascopy.com/datafeed/EURUSD/2026/05/11/07h_ticks.bi5 "HTTP/1.1 200 OK"
2026-06-13 21:22:52,281 - httpx - INFO - HTTP Request: GET https://datafeed.dukascopy.com/datafeed/EURUSD/2026/05/11/03h_ticks.bi5 "HTTP/1.1 200 OK"
2026-06-13 21:22:52,560 - httpx - INFO - HTTP Request: GET https://datafeed.dukascopy.com/datafeed/EURUSD/2026/05/11/12h_ticks.bi5 "HTTP/1.1 200 OK"
2026-06-13 21:22:52,684 - httpx - INFO - HTTP Request: GET https://datafeed.dukascopy.com/datafeed/EURUSD/2026/05/11/06h_ticks.bi5 "HTTP/1.1 200 OK"
2026-06-13 21:22:52,957 - httpx - INFO - HTTP Request: GET https://datafeed.dukascopy.com/datafeed/EURUSD/2026/05/11/17h_ticks.bi5 "HTTP/1.1 200 OK"
2026-06-13 21:22:53,095 - httpx - INFO - HTTP Request: GET https://datafeed.dukascopy.com/datafeed/EURUSD/2026/05/11/02h_ticks.bi5 "HTTP/1.1 200 OK"
2026-06-13 21:22:53,287 - httpx - INFO - HTTP Request: GET https://datafeed.dukascopy.com/datafeed/EURUSD/2026/05/11/10h_ticks.bi5 "HTTP/1.1 200 OK"
2026-06-13 21:22:53,488 - httpx - INFO - HTTP Request: GET https://datafeed.dukascopy.com/datafeed/EURUSD/2026/05/11/05h_ticks.bi5 "HTTP/1.1 200 OK"
2026-06-13 21:22:53,759 - httpx - INFO - HTTP Request: GET https://datafeed.dukascopy.com/datafeed/EURUSD/2026/05/11/16h_ticks.bi5 "HTTP/1.1 200 OK"
2026-06-13 21:22:53,884 - httpx - INFO - HTTP Request: GET https://datafeed.dukascopy.com/datafeed/EURUSD/2026/05/11/23h_ticks.bi5 "HTTP/1.1 200 OK"
2026-06-13 21:22:54,156 - httpx - INFO - HTTP Request: GET https://datafeed.dukascopy.com/datafeed/EURUSD/2026/05/11/18h_ticks.bi5 "HTTP/1.1 200 OK"
2026-06-13 21:22:54,285 - httpx - INFO - HTTP Request: GET https://datafeed.dukascopy.com/datafeed/EURUSD/2026/05/11/22h_ticks.bi5 "HTTP/1.1 200 OK"
2026-06-13 21:22:54,560 - httpx - INFO - HTTP Request: GET https://datafeed.dukascopy.com/datafeed/EURUSD/2026/05/11/13h_ticks.bi5 "HTTP/1.1 200 OK"
2026-06-13 21:22:54,694 - httpx - INFO - HTTP Request: GET https://datafeed.dukascopy.com/datafeed/EURUSD/2026/05/11/09h_ticks.bi5 "HTTP/1.1 200 OK"
2026-06-13 21:22:54,895 - httpx - INFO - HTTP Request: GET https://datafeed.dukascopy.com/datafeed/EURUSD/2026/05/11/08h_ticks.bi5 "HTTP/1.1 200 OK"
2026-06-13 21:22:55,163 - httpx - INFO - HTTP Request: GET https://datafeed.dukascopy.com/datafeed/EURUSD/2026/05/10/00h_ticks.bi5 "HTTP/1.1 200 OK"
2026-06-13 21:22:55,263 - httpx - INFO - HTTP Request: GET https://datafeed.dukascopy.com/datafeed/EURUSD/2026/05/10/15h_ticks.bi5 "HTTP/1.1 503 Service Temporarily Unavailable"
2026-06-13 21:22:55,281 - httpx - INFO - HTTP Request: GET https://datafeed.dukascopy.com/datafeed/EURUSD/2026/05/10/20h_ticks.bi5 "HTTP/1.1 503 Service Temporarily Unavailable"
2026-06-13 21:22:55,284 - httpx - INFO - HTTP Request: GET https://datafeed.dukascopy.com/datafeed/EURUSD/2026/05/10/08h_ticks.bi5 "HTTP/1.1 503 Service Temporarily Unavailable"
2026-06-13 21:22:55,286 - httpx - INFO - HTTP Request: GET https://datafeed.dukascopy.com/datafeed/EURUSD/2026/05/10/19h_ticks.bi5 "HTTP/1.1 503 Service Temporarily Unavailable"
2026-06-13 21:22:55,289 - httpx - INFO - HTTP Request: GET https://datafeed.dukascopy.com/datafeed/EURUSD/2026/05/10/21h_ticks.bi5 "HTTP/1.1 503 Service Temporarily Unavailable"
2026-06-13 21:22:55,451 - httpx - INFO - HTTP Request: GET https://datafeed.dukascopy.com/datafeed/EURUSD/2026/05/10/01h_ticks.bi5 "HTTP/1.1 200 OK"
2026-06-13 21:22:55,487 - httpx - INFO - HTTP Request: GET https://datafeed.dukascopy.com/datafeed/EURUSD/2026/05/10/04h_ticks.bi5 "HTTP/1.1 200 OK"
2026-06-13 21:22:55,689 - httpx - INFO - HTTP Request: GET https://datafeed.dukascopy.com/datafeed/EURUSD/2026/05/10/07h_ticks.bi5 "HTTP/1.1 200 OK"
2026-06-13 21:22:55,892 - httpx - INFO - HTTP Request: GET https://datafeed.dukascopy.com/datafeed/EURUSD/2026/05/10/03h_ticks.bi5 "HTTP/1.1 200 OK"
2026-06-13 21:22:56,159 - httpx - INFO - HTTP Request: GET https://datafeed.dukascopy.com/datafeed/EURUSD/2026/05/10/12h_ticks.bi5 "HTTP/1.1 200 OK"
2026-06-13 21:22:56,288 - httpx - INFO - HTTP Request: GET https://datafeed.dukascopy.com/datafeed/EURUSD/2026/05/10/06h_ticks.bi5 "HTTP/1.1 200 OK"
2026-06-13 21:22:56,570 - httpx - INFO - HTTP Request: GET https://datafeed.dukascopy.com/datafeed/EURUSD/2026/05/10/17h_ticks.bi5 "HTTP/1.1 200 OK"
2026-06-13 21:22:56,684 - httpx - INFO - HTTP Request: GET https://datafeed.dukascopy.com/datafeed/EURUSD/2026/05/10/02h_ticks.bi5 "HTTP/1.1 200 OK"
2026-06-13 21:22:56,886 - httpx - INFO - HTTP Request: GET https://datafeed.dukascopy.com/datafeed/EURUSD/2026/05/10/10h_ticks.bi5 "HTTP/1.1 200 OK"
2026-06-13 21:22:57,085 - httpx - INFO - HTTP Request: GET https://datafeed.dukascopy.com/datafeed/EURUSD/2026/05/10/05h_ticks.bi5 "HTTP/1.1 200 OK"
2026-06-13 21:22:57,585 - httpx - INFO - HTTP Request: GET https://datafeed.dukascopy.com/datafeed/EURUSD/2026/05/10/23h_ticks.bi5 "HTTP/1.1 200 OK"
2026-06-13 21:22:57,754 - httpx - INFO - HTTP Request: GET https://datafeed.dukascopy.com/datafeed/EURUSD/2026/05/10/18h_ticks.bi5 "HTTP/1.1 200 OK"
2026-06-13 21:22:57,891 - httpx - INFO - HTTP Request: GET https://datafeed.dukascopy.com/datafeed/EURUSD/2026/05/10/22h_ticks.bi5 "HTTP/1.1 200 OK"
2026-06-13 21:22:57,977 - httpx - INFO - HTTP Request: GET https://datafeed.dukascopy.com/datafeed/EURUSD/2026/05/10/16h_ticks.bi5 "HTTP/1.1 200 OK"
2026-06-13 21:22:58,159 - httpx - INFO - HTTP Request: GET https://datafeed.dukascopy.com/datafeed/EURUSD/2026/05/10/13h_ticks.bi5 "HTTP/1.1 200 OK"
2026-06-13 21:22:58,363 - httpx - INFO - HTTP Request: GET https://datafeed.dukascopy.com/datafeed/EURUSD/2026/05/10/09h_ticks.bi5 "HTTP/1.1 200 OK"
2026-06-13 21:22:58,567 - httpx - INFO - HTTP Request: GET https://datafeed.dukascopy.com/datafeed/EURUSD/2026/05/10/14h_ticks.bi5 "HTTP/1.1 200 OK"
2026-06-13 21:22:58,759 - httpx - INFO - HTTP Request: GET https://datafeed.dukascopy.com/datafeed/EURUSD/2026/05/10/11h_ticks.bi5 "HTTP/1.1 200 OK"
2026-06-13 21:22:59,022 - httpx - INFO - HTTP Request: GET https://datafeed.dukascopy.com/datafeed/EURUSD/2026/05/09/00h_ticks.bi5 "HTTP/1.1 200 OK"
2026-06-13 21:22:59,199 - httpx - INFO - HTTP Request: GET https://datafeed.dukascopy.com/datafeed/EURUSD/2026/05/09/14h_ticks.bi5 "HTTP/1.1 503 Service Temporarily Unavailable"
2026-06-13 21:22:59,215 - httpx - INFO - HTTP Request: GET https://datafeed.dukascopy.com/datafeed/EURUSD/2026/05/09/01h_ticks.bi5 "HTTP/1.1 200 OK"
2026-06-13 21:22:59,231 - httpx - INFO - HTTP Request: GET https://datafeed.dukascopy.com/datafeed/EURUSD/2026/05/09/05h_ticks.bi5 "HTTP/1.1 503 Service Temporarily Unavailable"
2026-06-13 21:22:59,235 - httpx - INFO - HTTP Request: GET https://datafeed.dukascopy.com/datafeed/EURUSD/2026/05/09/18h_ticks.bi5 "HTTP/1.1 503 Service Temporarily Unavailable"
2026-06-13 21:22:59,239 - httpx - INFO - HTTP Request: GET https://datafeed.dukascopy.com/datafeed/EURUSD/2026/05/09/19h_ticks.bi5 "HTTP/1.1 503 Service Temporarily Unavailable"
2026-06-13 21:22:59,396 - httpx - INFO - HTTP Request: GET https://datafeed.dukascopy.com/datafeed/EURUSD/2026/05/09/21h_ticks.bi5 "HTTP/1.1 503 Service Temporarily Unavailable"
2026-06-13 21:22:59,403 - httpx - INFO - HTTP Request: GET https://datafeed.dukascopy.com/datafeed/EURUSD/2026/05/09/04h_ticks.bi5 "HTTP/1.1 200 OK"
2026-06-13 21:22:59,417 - httpx - INFO - HTTP Request: GET https://datafeed.dukascopy.com/datafeed/EURUSD/2026/05/09/16h_ticks.bi5 "HTTP/1.1 503 Service Temporarily Unavailable"
2026-06-13 21:22:59,604 - httpx - INFO - HTTP Request: GET https://datafeed.dukascopy.com/datafeed/EURUSD/2026/05/09/07h_ticks.bi5 "HTTP/1.1 200 OK"
2026-06-13 21:22:59,802 - httpx - INFO - HTTP Request: GET https://datafeed.dukascopy.com/datafeed/EURUSD/2026/05/09/03h_ticks.bi5 "HTTP/1.1 200 OK"
2026-06-13 21:23:00,012 - httpx - INFO - HTTP Request: GET https://datafeed.dukascopy.com/datafeed/EURUSD/2026/05/09/12h_ticks.bi5 "HTTP/1.1 200 OK"
2026-06-13 21:23:00,207 - httpx - INFO - HTTP Request: GET https://datafeed.dukascopy.com/datafeed/EURUSD/2026/05/09/06h_ticks.bi5 "HTTP/1.1 200 OK"
2026-06-13 21:23:00,485 - httpx - INFO - HTTP Request: GET https://datafeed.dukascopy.com/datafeed/EURUSD/2026/05/09/17h_ticks.bi5 "HTTP/1.1 200 OK"
2026-06-13 21:23:00,605 - httpx - INFO - HTTP Request: GET https://datafeed.dukascopy.com/datafeed/EURUSD/2026/05/09/02h_ticks.bi5 "HTTP/1.1 200 OK"
2026-06-13 21:23:00,803 - httpx - INFO - HTTP Request: GET https://datafeed.dukascopy.com/datafeed/EURUSD/2026/05/09/22h_ticks.bi5 "HTTP/1.1 200 OK"
2026-06-13 21:23:01,001 - httpx - INFO - HTTP Request: GET https://datafeed.dukascopy.com/datafeed/EURUSD/2026/05/09/10h_ticks.bi5 "HTTP/1.1 200 OK"
2026-06-13 21:23:01,201 - httpx - INFO - HTTP Request: GET https://datafeed.dukascopy.com/datafeed/EURUSD/2026/05/09/23h_ticks.bi5 "HTTP/1.1 200 OK"
2026-06-13 21:23:01,403 - httpx - INFO - HTTP Request: GET https://datafeed.dukascopy.com/datafeed/EURUSD/2026/05/09/20h_ticks.bi5 "HTTP/1.1 200 OK"
2026-06-13 21:23:01,729 - httpx - INFO - HTTP Request: GET https://datafeed.dukascopy.com/datafeed/EURUSD/2026/05/09/15h_ticks.bi5 "HTTP/1.1 200 OK"
2026-06-13 21:23:01,803 - httpx - INFO - HTTP Request: GET https://datafeed.dukascopy.com/datafeed/EURUSD/2026/05/09/09h_ticks.bi5 "HTTP/1.1 200 OK"
2026-06-13 21:23:02,074 - httpx - INFO - HTTP Request: GET https://datafeed.dukascopy.com/datafeed/EURUSD/2026/05/09/13h_ticks.bi5 "HTTP/1.1 200 OK"
2026-06-13 21:23:02,269 - httpx - INFO - HTTP Request: GET https://datafeed.dukascopy.com/datafeed/EURUSD/2026/05/09/08h_ticks.bi5 "HTTP/1.1 200 OK"
2026-06-13 21:23:02,401 - httpx - INFO - HTTP Request: GET https://datafeed.dukascopy.com/datafeed/EURUSD/2026/05/09/11h_ticks.bi5 "HTTP/1.1 200 OK"
2026-06-13 21:23:02,624 - httpx - INFO - HTTP Request: GET https://datafeed.dukascopy.com/datafeed/EURUSD/2026/05/08/00h_ticks.bi5 "HTTP/1.1 200 OK"
2026-06-13 21:23:02,749 - httpx - INFO - HTTP Request: GET https://datafeed.dukascopy.com/datafeed/EURUSD/2026/05/08/09h_ticks.bi5 "HTTP/1.1 503 Service Temporarily Unavailable"
2026-06-13 21:23:02,755 - httpx - INFO - HTTP Request: GET https://datafeed.dukascopy.com/datafeed/EURUSD/2026/05/08/13h_ticks.bi5 "HTTP/1.1 503 Service Temporarily Unavailable"
2026-06-13 21:23:02,775 - httpx - INFO - HTTP Request: GET https://datafeed.dukascopy.com/datafeed/EURUSD/2026/05/08/11h_ticks.bi5 "HTTP/1.1 503 Service Temporarily Unavailable"
2026-06-13 21:23:02,779 - httpx - INFO - HTTP Request: GET https://datafeed.dukascopy.com/datafeed/EURUSD/2026/05/08/21h_ticks.bi5 "HTTP/1.1 503 Service Temporarily Unavailable"
2026-06-13 21:23:02,782 - httpx - INFO - HTTP Request: GET https://datafeed.dukascopy.com/datafeed/EURUSD/2026/05/08/22h_ticks.bi5 "HTTP/1.1 503 Service Temporarily Unavailable"
2026-06-13 21:23:02,873 - httpx - INFO - HTTP Request: GET https://datafeed.dukascopy.com/datafeed/EURUSD/2026/05/08/01h_ticks.bi5 "HTTP/1.1 200 OK"
2026-06-13 21:23:02,948 - httpx - INFO - HTTP Request: GET https://datafeed.dukascopy.com/datafeed/EURUSD/2026/05/08/20h_ticks.bi5 "HTTP/1.1 503 Service Temporarily Unavailable"
2026-06-13 21:23:02,985 - httpx - INFO - HTTP Request: GET https://datafeed.dukascopy.com/datafeed/EURUSD/2026/05/08/19h_ticks.bi5 "HTTP/1.1 503 Service Temporarily Unavailable"
2026-06-13 21:23:03,002 - httpx - INFO - HTTP Request: GET https://datafeed.dukascopy.com/datafeed/EURUSD/2026/05/08/04h_ticks.bi5 "HTTP/1.1 200 OK"
2026-06-13 21:23:03,287 - httpx - INFO - HTTP Request: GET https://datafeed.dukascopy.com/datafeed/EURUSD/2026/05/08/07h_ticks.bi5 "HTTP/1.1 200 OK"
2026-06-13 21:23:03,402 - httpx - INFO - HTTP Request: GET https://datafeed.dukascopy.com/datafeed/EURUSD/2026/05/08/03h_ticks.bi5 "HTTP/1.1 200 OK"
2026-06-13 21:23:03,682 - httpx - INFO - HTTP Request: GET https://datafeed.dukascopy.com/datafeed/EURUSD/2026/05/08/12h_ticks.bi5 "HTTP/1.1 200 OK"
2026-06-13 21:23:03,878 - httpx - INFO - HTTP Request: GET https://datafeed.dukascopy.com/datafeed/EURUSD/2026/05/08/06h_ticks.bi5 "HTTP/1.1 200 OK"
2026-06-13 21:23:04,005 - httpx - INFO - HTTP Request: GET https://datafeed.dukascopy.com/datafeed/EURUSD/2026/05/08/17h_ticks.bi5 "HTTP/1.1 200 OK"
2026-06-13 21:23:04,211 - httpx - INFO - HTTP Request: GET https://datafeed.dukascopy.com/datafeed/EURUSD/2026/05/08/02h_ticks.bi5 "HTTP/1.1 200 OK"
2026-06-13 21:23:04,484 - httpx - INFO - HTTP Request: GET https://datafeed.dukascopy.com/datafeed/EURUSD/2026/05/08/10h_ticks.bi5 "HTTP/1.1 200 OK"
2026-06-13 21:23:04,603 - httpx - INFO - HTTP Request: GET https://datafeed.dukascopy.com/datafeed/EURUSD/2026/05/08/05h_ticks.bi5 "HTTP/1.1 200 OK"
2026-06-13 21:23:04,804 - httpx - INFO - HTTP Request: GET https://datafeed.dukascopy.com/datafeed/EURUSD/2026/05/08/16h_ticks.bi5 "HTTP/1.1 200 OK"
2026-06-13 21:23:05,007 - httpx - INFO - HTTP Request: GET https://datafeed.dukascopy.com/datafeed/EURUSD/2026/05/08/23h_ticks.bi5 "HTTP/1.1 200 OK"
2026-06-13 21:23:05,213 - httpx - INFO - HTTP Request: GET https://datafeed.dukascopy.com/datafeed/EURUSD/2026/05/08/18h_ticks.bi5 "HTTP/1.1 200 OK"
2026-06-13 21:23:05,476 - httpx - INFO - HTTP Request: GET https://datafeed.dukascopy.com/datafeed/EURUSD/2026/05/08/08h_ticks.bi5 "HTTP/1.1 200 OK"
2026-06-13 21:23:05,672 - httpx - INFO - HTTP Request: GET https://datafeed.dukascopy.com/datafeed/EURUSD/2026/05/08/14h_ticks.bi5 "HTTP/1.1 200 OK"
2026-06-13 21:23:05,884 - httpx - INFO - HTTP Request: GET https://datafeed.dukascopy.com/datafeed/EURUSD/2026/05/08/15h_ticks.bi5 "HTTP/1.1 200 OK"
2026-06-13 21:23:06,051 - httpx - INFO - HTTP Request: GET https://datafeed.dukascopy.com/datafeed/EURUSD/2026/05/07/00h_ticks.bi5 "HTTP/1.1 200 OK"
2026-06-13 21:23:06,236 - httpx - INFO - HTTP Request: GET https://datafeed.dukascopy.com/datafeed/EURUSD/2026/05/07/01h_ticks.bi5 "HTTP/1.1 200 OK"
2026-06-13 21:23:06,240 - httpx - INFO - HTTP Request: GET https://datafeed.dukascopy.com/datafeed/EURUSD/2026/05/07/20h_ticks.bi5 "HTTP/1.1 503 Service Temporarily Unavailable"
2026-06-13 21:23:06,258 - httpx - INFO - HTTP Request: GET https://datafeed.dukascopy.com/datafeed/EURUSD/2026/05/07/16h_ticks.bi5 "HTTP/1.1 503 Service Temporarily Unavailable"
2026-06-13 21:23:06,262 - httpx - INFO - HTTP Request: GET https://datafeed.dukascopy.com/datafeed/EURUSD/2026/05/07/08h_ticks.bi5 "HTTP/1.1 503 Service Temporarily Unavailable"
2026-06-13 21:23:06,275 - httpx - INFO - HTTP Request: GET https://datafeed.dukascopy.com/datafeed/EURUSD/2026/05/07/09h_ticks.bi5 "HTTP/1.1 503 Service Temporarily Unavailable"
2026-06-13 21:23:06,437 - httpx - INFO - HTTP Request: GET https://datafeed.dukascopy.com/datafeed/EURUSD/2026/05/07/04h_ticks.bi5 "HTTP/1.1 200 OK"
2026-06-13 21:23:06,442 - httpx - INFO - HTTP Request: GET https://datafeed.dukascopy.com/datafeed/EURUSD/2026/05/07/05h_ticks.bi5 "HTTP/1.1 503 Service Temporarily Unavailable"
2026-06-13 21:23:06,445 - httpx - INFO - HTTP Request: GET https://datafeed.dukascopy.com/datafeed/EURUSD/2026/05/07/10h_ticks.bi5 "HTTP/1.1 503 Service Temporarily Unavailable"
2026-06-13 21:23:06,633 - httpx - INFO - HTTP Request: GET https://datafeed.dukascopy.com/datafeed/EURUSD/2026/05/07/07h_ticks.bi5 "HTTP/1.1 200 OK"
2026-06-13 21:23:06,835 - httpx - INFO - HTTP Request: GET https://datafeed.dukascopy.com/datafeed/EURUSD/2026/05/07/03h_ticks.bi5 "HTTP/1.1 200 OK"
2026-06-13 21:23:07,037 - httpx - INFO - HTTP Request: GET https://datafeed.dukascopy.com/datafeed/EURUSD/2026/05/07/12h_ticks.bi5 "HTTP/1.1 200 OK"
2026-06-13 21:23:07,235 - httpx - INFO - HTTP Request: GET https://datafeed.dukascopy.com/datafeed/EURUSD/2026/05/07/06h_ticks.bi5 "HTTP/1.1 200 OK"
2026-06-13 21:23:07,436 - httpx - INFO - HTTP Request: GET https://datafeed.dukascopy.com/datafeed/EURUSD/2026/05/07/17h_ticks.bi5 "HTTP/1.1 200 OK"
2026-06-13 21:23:07,636 - httpx - INFO - HTTP Request: GET https://datafeed.dukascopy.com/datafeed/EURUSD/2026/05/07/02h_ticks.bi5 "HTTP/1.1 200 OK"
2026-06-13 21:23:07,836 - httpx - INFO - HTTP Request: GET https://datafeed.dukascopy.com/datafeed/EURUSD/2026/05/07/21h_ticks.bi5 "HTTP/1.1 200 OK"
2026-06-13 21:23:08,036 - httpx - INFO - HTTP Request: GET https://datafeed.dukascopy.com/datafeed/EURUSD/2026/05/07/18h_ticks.bi5 "HTTP/1.1 200 OK"
2026-06-13 21:23:08,237 - httpx - INFO - HTTP Request: GET https://datafeed.dukascopy.com/datafeed/EURUSD/2026/05/07/13h_ticks.bi5 "HTTP/1.1 200 OK"
2026-06-13 21:23:08,436 - httpx - INFO - HTTP Request: GET https://datafeed.dukascopy.com/datafeed/EURUSD/2026/05/07/22h_ticks.bi5 "HTTP/1.1 200 OK"
2026-06-13 21:23:08,636 - httpx - INFO - HTTP Request: GET https://datafeed.dukascopy.com/datafeed/EURUSD/2026/05/07/11h_ticks.bi5 "HTTP/1.1 200 OK"
2026-06-13 21:23:08,838 - httpx - INFO - HTTP Request: GET https://datafeed.dukascopy.com/datafeed/EURUSD/2026/05/07/19h_ticks.bi5 "HTTP/1.1 200 OK"
2026-06-13 21:23:09,033 - httpx - INFO - HTTP Request: GET https://datafeed.dukascopy.com/datafeed/EURUSD/2026/05/07/14h_ticks.bi5 "HTTP/1.1 200 OK"
2026-06-13 21:23:09,239 - httpx - INFO - HTTP Request: GET https://datafeed.dukascopy.com/datafeed/EURUSD/2026/05/07/23h_ticks.bi5 "HTTP/1.1 200 OK"
2026-06-13 21:23:09,435 - httpx - INFO - HTTP Request: GET https://datafeed.dukascopy.com/datafeed/EURUSD/2026/05/07/15h_ticks.bi5 "HTTP/1.1 200 OK"
2026-06-13 21:23:09,657 - httpx - INFO - HTTP Request: GET https://datafeed.dukascopy.com/datafeed/EURUSD/2026/05/06/00h_ticks.bi5 "HTTP/1.1 200 OK"
2026-06-13 21:23:09,787 - httpx - INFO - HTTP Request: GET https://datafeed.dukascopy.com/datafeed/EURUSD/2026/05/06/09h_ticks.bi5 "HTTP/1.1 503 Service Temporarily Unavailable"
2026-06-13 21:23:09,790 - httpx - INFO - HTTP Request: GET https://datafeed.dukascopy.com/datafeed/EURUSD/2026/05/06/13h_ticks.bi5 "HTTP/1.1 503 Service Temporarily Unavailable"
2026-06-13 21:23:09,799 - httpx - INFO - HTTP Request: GET https://datafeed.dukascopy.com/datafeed/EURUSD/2026/05/06/11h_ticks.bi5 "HTTP/1.1 503 Service Temporarily Unavailable"
2026-06-13 21:23:09,808 - httpx - INFO - HTTP Request: GET https://datafeed.dukascopy.com/datafeed/EURUSD/2026/05/06/21h_ticks.bi5 "HTTP/1.1 503 Service Temporarily Unavailable"
2026-06-13 21:23:09,811 - httpx - INFO - HTTP Request: GET https://datafeed.dukascopy.com/datafeed/EURUSD/2026/05/06/22h_ticks.bi5 "HTTP/1.1 503 Service Temporarily Unavailable"
2026-06-13 21:23:09,837 - httpx - INFO - HTTP Request: GET https://datafeed.dukascopy.com/datafeed/EURUSD/2026/05/06/01h_ticks.bi5 "HTTP/1.1 200 OK"
2026-06-13 21:23:10,035 - httpx - INFO - HTTP Request: GET https://datafeed.dukascopy.com/datafeed/EURUSD/2026/05/06/19h_ticks.bi5 "HTTP/1.1 503 Service Temporarily Unavailable"
2026-06-13 21:23:10,040 - httpx - INFO - HTTP Request: GET https://datafeed.dukascopy.com/datafeed/EURUSD/2026/05/06/04h_ticks.bi5 "HTTP/1.1 200 OK"
2026-06-13 21:23:10,236 - httpx - INFO - HTTP Request: GET https://datafeed.dukascopy.com/datafeed/EURUSD/2026/05/06/07h_ticks.bi5 "HTTP/1.1 200 OK"
2026-06-13 21:23:10,438 - httpx - INFO - HTTP Request: GET https://datafeed.dukascopy.com/datafeed/EURUSD/2026/05/06/03h_ticks.bi5 "HTTP/1.1 200 OK"
2026-06-13 21:23:10,637 - httpx - INFO - HTTP Request: GET https://datafeed.dukascopy.com/datafeed/EURUSD/2026/05/06/12h_ticks.bi5 "HTTP/1.1 200 OK"
2026-06-13 21:23:10,836 - httpx - INFO - HTTP Request: GET https://datafeed.dukascopy.com/datafeed/EURUSD/2026/05/06/06h_ticks.bi5 "HTTP/1.1 200 OK"
2026-06-13 21:23:11,036 - httpx - INFO - HTTP Request: GET https://datafeed.dukascopy.com/datafeed/EURUSD/2026/05/06/17h_ticks.bi5 "HTTP/1.1 200 OK"
2026-06-13 21:23:11,234 - httpx - INFO - HTTP Request: GET https://datafeed.dukascopy.com/datafeed/EURUSD/2026/05/06/02h_ticks.bi5 "HTTP/1.1 200 OK"
2026-06-13 21:23:11,434 - httpx - INFO - HTTP Request: GET https://datafeed.dukascopy.com/datafeed/EURUSD/2026/05/06/10h_ticks.bi5 "HTTP/1.1 200 OK"
2026-06-13 21:23:11,633 - httpx - INFO - HTTP Request: GET https://datafeed.dukascopy.com/datafeed/EURUSD/2026/05/06/05h_ticks.bi5 "HTTP/1.1 200 OK"
2026-06-13 21:23:11,837 - httpx - INFO - HTTP Request: GET https://datafeed.dukascopy.com/datafeed/EURUSD/2026/05/06/16h_ticks.bi5 "HTTP/1.1 200 OK"
2026-06-13 21:23:12,036 - httpx - INFO - HTTP Request: GET https://datafeed.dukascopy.com/datafeed/EURUSD/2026/05/06/23h_ticks.bi5 "HTTP/1.1 200 OK"
2026-06-13 21:23:12,234 - httpx - INFO - HTTP Request: GET https://datafeed.dukascopy.com/datafeed/EURUSD/2026/05/06/18h_ticks.bi5 "HTTP/1.1 200 OK"
2026-06-13 21:23:12,440 - httpx - INFO - HTTP Request: GET https://datafeed.dukascopy.com/datafeed/EURUSD/2026/05/06/08h_ticks.bi5 "HTTP/1.1 200 OK"
2026-06-13 21:23:12,634 - httpx - INFO - HTTP Request: GET https://datafeed.dukascopy.com/datafeed/EURUSD/2026/05/06/14h_ticks.bi5 "HTTP/1.1 200 OK"
2026-06-13 21:23:12,836 - httpx - INFO - HTTP Request: GET https://datafeed.dukascopy.com/datafeed/EURUSD/2026/05/06/15h_ticks.bi5 "HTTP/1.1 200 OK"
2026-06-13 21:23:13,035 - httpx - INFO - HTTP Request: GET https://datafeed.dukascopy.com/datafeed/EURUSD/2026/05/06/20h_ticks.bi5 "HTTP/1.1 200 OK"
2026-06-13 21:23:13,267 - httpx - INFO - HTTP Request: GET https://datafeed.dukascopy.com/datafeed/EURUSD/2026/05/05/00h_ticks.bi5 "HTTP/1.1 200 OK"
2026-06-13 21:23:13,373 - httpx - INFO - HTTP Request: GET https://datafeed.dukascopy.com/datafeed/EURUSD/2026/05/05/08h_ticks.bi5 "HTTP/1.1 503 Service Temporarily Unavailable"
2026-06-13 21:23:13,376 - httpx - INFO - HTTP Request: GET https://datafeed.dukascopy.com/datafeed/EURUSD/2026/05/05/15h_ticks.bi5 "HTTP/1.1 503 Service Temporarily Unavailable"
2026-06-13 21:23:13,384 - httpx - INFO - HTTP Request: GET https://datafeed.dukascopy.com/datafeed/EURUSD/2026/05/05/11h_ticks.bi5 "HTTP/1.1 503 Service Temporarily Unavailable"
2026-06-13 21:23:13,404 - httpx - INFO - HTTP Request: GET https://datafeed.dukascopy.com/datafeed/EURUSD/2026/05/05/20h_ticks.bi5 "HTTP/1.1 503 Service Temporarily Unavailable"
2026-06-13 21:23:13,408 - httpx - INFO - HTTP Request: GET https://datafeed.dukascopy.com/datafeed/EURUSD/2026/05/05/14h_ticks.bi5 "HTTP/1.1 503 Service Temporarily Unavailable"
2026-06-13 21:23:13,440 - httpx - INFO - HTTP Request: GET https://datafeed.dukascopy.com/datafeed/EURUSD/2026/05/05/01h_ticks.bi5 "HTTP/1.1 200 OK"
2026-06-13 21:23:13,579 - httpx - INFO - HTTP Request: GET https://datafeed.dukascopy.com/datafeed/EURUSD/2026/05/05/09h_ticks.bi5 "HTTP/1.1 503 Service Temporarily Unavailable"
2026-06-13 21:23:13,583 - httpx - INFO - HTTP Request: GET https://datafeed.dukascopy.com/datafeed/EURUSD/2026/05/05/19h_ticks.bi5 "HTTP/1.1 503 Service Temporarily Unavailable"
2026-06-13 21:23:13,637 - httpx - INFO - HTTP Request: GET https://datafeed.dukascopy.com/datafeed/EURUSD/2026/05/05/04h_ticks.bi5 "HTTP/1.1 200 OK"
2026-06-13 21:23:13,849 - httpx - INFO - HTTP Request: GET https://datafeed.dukascopy.com/datafeed/EURUSD/2026/05/05/07h_ticks.bi5 "HTTP/1.1 200 OK"
2026-06-13 21:23:14,042 - httpx - INFO - HTTP Request: GET https://datafeed.dukascopy.com/datafeed/EURUSD/2026/05/05/03h_ticks.bi5 "HTTP/1.1 200 OK"
2026-06-13 21:23:14,317 - httpx - INFO - HTTP Request: GET https://datafeed.dukascopy.com/datafeed/EURUSD/2026/05/05/12h_ticks.bi5 "HTTP/1.1 200 OK"
2026-06-13 21:23:14,441 - httpx - INFO - HTTP Request: GET https://datafeed.dukascopy.com/datafeed/EURUSD/2026/05/05/06h_ticks.bi5 "HTTP/1.1 200 OK"
2026-06-13 21:23:14,722 - httpx - INFO - HTTP Request: GET https://datafeed.dukascopy.com/datafeed/EURUSD/2026/05/05/17h_ticks.bi5 "HTTP/1.1 200 OK"
2026-06-13 21:23:14,838 - httpx - INFO - HTTP Request: GET https://datafeed.dukascopy.com/datafeed/EURUSD/2026/05/05/02h_ticks.bi5 "HTTP/1.1 200 OK"
2026-06-13 21:23:15,044 - httpx - INFO - HTTP Request: GET https://datafeed.dukascopy.com/datafeed/EURUSD/2026/05/05/10h_ticks.bi5 "HTTP/1.1 200 OK"
2026-06-13 21:23:15,237 - httpx - INFO - HTTP Request: GET https://datafeed.dukascopy.com/datafeed/EURUSD/2026/05/05/05h_ticks.bi5 "HTTP/1.1 200 OK"
2026-06-13 21:23:15,511 - httpx - INFO - HTTP Request: GET https://datafeed.dukascopy.com/datafeed/EURUSD/2026/05/05/16h_ticks.bi5 "HTTP/1.1 200 OK"
2026-06-13 21:23:15,635 - httpx - INFO - HTTP Request: GET https://datafeed.dukascopy.com/datafeed/EURUSD/2026/05/05/23h_ticks.bi5 "HTTP/1.1 200 OK"
2026-06-13 21:23:15,908 - httpx - INFO - HTTP Request: GET https://datafeed.dukascopy.com/datafeed/EURUSD/2026/05/05/18h_ticks.bi5 "HTTP/1.1 200 OK"
2026-06-13 21:23:16,039 - httpx - INFO - HTTP Request: GET https://datafeed.dukascopy.com/datafeed/EURUSD/2026/05/05/22h_ticks.bi5 "HTTP/1.1 200 OK"
2026-06-13 21:23:16,320 - httpx - INFO - HTTP Request: GET https://datafeed.dukascopy.com/datafeed/EURUSD/2026/05/05/13h_ticks.bi5 "HTTP/1.1 200 OK"
2026-06-13 21:23:16,480 - httpx - INFO - HTTP Request: GET https://datafeed.dukascopy.com/datafeed/EURUSD/2026/05/05/21h_ticks.bi5 "HTTP/1.1 200 OK"
2026-06-13 21:23:16,663 - httpx - INFO - HTTP Request: GET https://datafeed.dukascopy.com/datafeed/EURUSD/2026/05/04/00h_ticks.bi5 "HTTP/1.1 200 OK"
2026-06-13 21:23:16,827 - httpx - INFO - HTTP Request: GET https://datafeed.dukascopy.com/datafeed/EURUSD/2026/05/04/15h_ticks.bi5 "HTTP/1.1 503 Service Temporarily Unavailable"
2026-06-13 21:23:16,836 - httpx - INFO - HTTP Request: GET https://datafeed.dukascopy.com/datafeed/EURUSD/2026/05/04/01h_ticks.bi5 "HTTP/1.1 200 OK"
2026-06-13 21:23:16,849 - httpx - INFO - HTTP Request: GET https://datafeed.dukascopy.com/datafeed/EURUSD/2026/05/04/09h_ticks.bi5 "HTTP/1.1 503 Service Temporarily Unavailable"
2026-06-13 21:23:16,915 - httpx - INFO - HTTP Request: GET https://datafeed.dukascopy.com/datafeed/EURUSD/2026/05/04/11h_ticks.bi5 "HTTP/1.1 503 Service Temporarily Unavailable"
2026-06-13 21:23:17,015 - httpx - INFO - HTTP Request: GET https://datafeed.dukascopy.com/datafeed/EURUSD/2026/05/04/14h_ticks.bi5 "HTTP/1.1 503 Service Temporarily Unavailable"
2026-06-13 21:23:17,037 - httpx - INFO - HTTP Request: GET https://datafeed.dukascopy.com/datafeed/EURUSD/2026/05/04/04h_ticks.bi5 "HTTP/1.1 200 OK"
2026-06-13 21:23:17,096 - httpx - INFO - HTTP Request: GET https://datafeed.dukascopy.com/datafeed/EURUSD/2026/05/04/08h_ticks.bi5 "HTTP/1.1 503 Service Temporarily Unavailable"
2026-06-13 21:23:17,100 - httpx - INFO - HTTP Request: GET https://datafeed.dukascopy.com/datafeed/EURUSD/2026/05/04/19h_ticks.bi5 "HTTP/1.1 503 Service Temporarily Unavailable"
2026-06-13 21:23:17,249 - httpx - INFO - HTTP Request: GET https://datafeed.dukascopy.com/datafeed/EURUSD/2026/05/04/07h_ticks.bi5 "HTTP/1.1 200 OK"
2026-06-13 21:23:17,436 - httpx - INFO - HTTP Request: GET https://datafeed.dukascopy.com/datafeed/EURUSD/2026/05/04/03h_ticks.bi5 "HTTP/1.1 200 OK"
2026-06-13 21:23:17,709 - httpx - INFO - HTTP Request: GET https://datafeed.dukascopy.com/datafeed/EURUSD/2026/05/04/12h_ticks.bi5 "HTTP/1.1 200 OK"
2026-06-13 21:23:17,842 - httpx - INFO - HTTP Request: GET https://datafeed.dukascopy.com/datafeed/EURUSD/2026/05/04/06h_ticks.bi5 "HTTP/1.1 200 OK"
2026-06-13 21:23:18,040 - httpx - INFO - HTTP Request: GET https://datafeed.dukascopy.com/datafeed/EURUSD/2026/05/04/17h_ticks.bi5 "HTTP/1.1 200 OK"
2026-06-13 21:23:18,246 - httpx - INFO - HTTP Request: GET https://datafeed.dukascopy.com/datafeed/EURUSD/2026/05/04/02h_ticks.bi5 "HTTP/1.1 200 OK"
2026-06-13 21:23:18,449 - httpx - INFO - HTTP Request: GET https://datafeed.dukascopy.com/datafeed/EURUSD/2026/05/04/10h_ticks.bi5 "HTTP/1.1 200 OK"
2026-06-13 21:23:18,638 - httpx - INFO - HTTP Request: GET https://datafeed.dukascopy.com/datafeed/EURUSD/2026/05/04/05h_ticks.bi5 "HTTP/1.1 200 OK"
2026-06-13 21:23:18,838 - httpx - INFO - HTTP Request: GET https://datafeed.dukascopy.com/datafeed/EURUSD/2026/05/04/16h_ticks.bi5 "HTTP/1.1 200 OK"
2026-06-13 21:23:19,037 - httpx - INFO - HTTP Request: GET https://datafeed.dukascopy.com/datafeed/EURUSD/2026/05/04/23h_ticks.bi5 "HTTP/1.1 200 OK"
2026-06-13 21:23:19,240 - httpx - INFO - HTTP Request: GET https://datafeed.dukascopy.com/datafeed/EURUSD/2026/05/04/18h_ticks.bi5 "HTTP/1.1 200 OK"
2026-06-13 21:23:19,437 - httpx - INFO - HTTP Request: GET https://datafeed.dukascopy.com/datafeed/EURUSD/2026/05/04/22h_ticks.bi5 "HTTP/1.1 200 OK"
2026-06-13 21:23:19,703 - httpx - INFO - HTTP Request: GET https://datafeed.dukascopy.com/datafeed/EURUSD/2026/05/04/13h_ticks.bi5 "HTTP/1.1 200 OK"
2026-06-13 21:23:19,836 - httpx - INFO - HTTP Request: GET https://datafeed.dukascopy.com/datafeed/EURUSD/2026/05/04/20h_ticks.bi5 "HTTP/1.1 200 OK"
2026-06-13 21:23:20,038 - httpx - INFO - HTTP Request: GET https://datafeed.dukascopy.com/datafeed/EURUSD/2026/05/04/21h_ticks.bi5 "HTTP/1.1 200 OK"
2026-06-13 21:23:20,257 - httpx - INFO - HTTP Request: GET https://datafeed.dukascopy.com/datafeed/EURUSD/2026/05/03/00h_ticks.bi5 "HTTP/1.1 200 OK"
2026-06-13 21:23:20,401 - httpx - INFO - HTTP Request: GET https://datafeed.dukascopy.com/datafeed/EURUSD/2026/05/03/22h_ticks.bi5 "HTTP/1.1 503 Service Temporarily Unavailable"
2026-06-13 21:23:20,405 - httpx - INFO - HTTP Request: GET https://datafeed.dukascopy.com/datafeed/EURUSD/2026/05/03/13h_ticks.bi5 "HTTP/1.1 503 Service Temporarily Unavailable"
2026-06-13 21:23:20,415 - httpx - INFO - HTTP Request: GET https://datafeed.dukascopy.com/datafeed/EURUSD/2026/05/03/21h_ticks.bi5 "HTTP/1.1 503 Service Temporarily Unavailable"
2026-06-13 21:23:20,424 - httpx - INFO - HTTP Request: GET https://datafeed.dukascopy.com/datafeed/EURUSD/2026/05/03/19h_ticks.bi5 "HTTP/1.1 503 Service Temporarily Unavailable"
2026-06-13 21:23:20,430 - httpx - INFO - HTTP Request: GET https://datafeed.dukascopy.com/datafeed/EURUSD/2026/05/03/11h_ticks.bi5 "HTTP/1.1 503 Service Temporarily Unavailable"
2026-06-13 21:23:20,438 - httpx - INFO - HTTP Request: GET https://datafeed.dukascopy.com/datafeed/EURUSD/2026/05/03/01h_ticks.bi5 "HTTP/1.1 200 OK"
2026-06-13 21:23:20,613 - httpx - INFO - HTTP Request: GET https://datafeed.dukascopy.com/datafeed/EURUSD/2026/05/03/15h_ticks.bi5 "HTTP/1.1 503 Service Temporarily Unavailable"
2026-06-13 21:23:20,616 - httpx - INFO - HTTP Request: GET https://datafeed.dukascopy.com/datafeed/EURUSD/2026/05/03/09h_ticks.bi5 "HTTP/1.1 503 Service Temporarily Unavailable"
2026-06-13 21:23:20,637 - httpx - INFO - HTTP Request: GET https://datafeed.dukascopy.com/datafeed/EURUSD/2026/05/03/04h_ticks.bi5 "HTTP/1.1 200 OK"
2026-06-13 21:23:20,912 - httpx - INFO - HTTP Request: GET https://datafeed.dukascopy.com/datafeed/EURUSD/2026/05/03/07h_ticks.bi5 "HTTP/1.1 200 OK"
2026-06-13 21:23:21,041 - httpx - INFO - HTTP Request: GET https://datafeed.dukascopy.com/datafeed/EURUSD/2026/05/03/03h_ticks.bi5 "HTTP/1.1 200 OK"
2026-06-13 21:23:21,315 - httpx - INFO - HTTP Request: GET https://datafeed.dukascopy.com/datafeed/EURUSD/2026/05/03/12h_ticks.bi5 "HTTP/1.1 200 OK"
2026-06-13 21:23:21,484 - httpx - INFO - HTTP Request: GET https://datafeed.dukascopy.com/datafeed/EURUSD/2026/05/03/06h_ticks.bi5 "HTTP/1.1 200 OK"
2026-06-13 21:23:21,639 - httpx - INFO - HTTP Request: GET https://datafeed.dukascopy.com/datafeed/EURUSD/2026/05/03/17h_ticks.bi5 "HTTP/1.1 200 OK"
2026-06-13 21:23:21,836 - httpx - INFO - HTTP Request: GET https://datafeed.dukascopy.com/datafeed/EURUSD/2026/05/03/02h_ticks.bi5 "HTTP/1.1 200 OK"
2026-06-13 21:23:22,110 - httpx - INFO - HTTP Request: GET https://datafeed.dukascopy.com/datafeed/EURUSD/2026/05/03/10h_ticks.bi5 "HTTP/1.1 200 OK"
2026-06-13 21:23:22,239 - httpx - INFO - HTTP Request: GET https://datafeed.dukascopy.com/datafeed/EURUSD/2026/05/03/05h_ticks.bi5 "HTTP/1.1 200 OK"
2026-06-13 21:23:22,515 - httpx - INFO - HTTP Request: GET https://datafeed.dukascopy.com/datafeed/EURUSD/2026/05/03/16h_ticks.bi5 "HTTP/1.1 200 OK"
2026-06-13 21:23:22,646 - httpx - INFO - HTTP Request: GET https://datafeed.dukascopy.com/datafeed/EURUSD/2026/05/03/23h_ticks.bi5 "HTTP/1.1 200 OK"
2026-06-13 21:23:22,925 - httpx - INFO - HTTP Request: GET https://datafeed.dukascopy.com/datafeed/EURUSD/2026/05/03/14h_ticks.bi5 "HTTP/1.1 200 OK"
2026-06-13 21:23:23,105 - httpx - INFO - HTTP Request: GET https://datafeed.dukascopy.com/datafeed/EURUSD/2026/05/03/08h_ticks.bi5 "HTTP/1.1 200 OK"
2026-06-13 21:23:23,238 - httpx - INFO - HTTP Request: GET https://datafeed.dukascopy.com/datafeed/EURUSD/2026/05/03/18h_ticks.bi5 "HTTP/1.1 200 OK"
2026-06-13 21:23:23,442 - httpx - INFO - HTTP Request: GET https://datafeed.dukascopy.com/datafeed/EURUSD/2026/05/03/20h_ticks.bi5 "HTTP/1.1 200 OK"
2026-06-13 21:23:23,686 - httpx - INFO - HTTP Request: GET https://datafeed.dukascopy.com/datafeed/EURUSD/2026/05/02/00h_ticks.bi5 "HTTP/1.1 200 OK"
2026-06-13 21:23:23,809 - httpx - INFO - HTTP Request: GET https://datafeed.dukascopy.com/datafeed/EURUSD/2026/05/02/19h_ticks.bi5 "HTTP/1.1 503 Service Temporarily Unavailable"
2026-06-13 21:23:23,811 - httpx - INFO - HTTP Request: GET https://datafeed.dukascopy.com/datafeed/EURUSD/2026/05/02/09h_ticks.bi5 "HTTP/1.1 503 Service Temporarily Unavailable"
2026-06-13 21:23:23,816 - httpx - INFO - HTTP Request: GET https://datafeed.dukascopy.com/datafeed/EURUSD/2026/05/02/15h_ticks.bi5 "HTTP/1.1 503 Service Temporarily Unavailable"
2026-06-13 21:23:23,822 - httpx - INFO - HTTP Request: GET https://datafeed.dukascopy.com/datafeed/EURUSD/2026/05/02/11h_ticks.bi5 "HTTP/1.1 503 Service Temporarily Unavailable"
2026-06-13 21:23:23,839 - httpx - INFO - HTTP Request: GET https://datafeed.dukascopy.com/datafeed/EURUSD/2026/05/02/13h_ticks.bi5 "HTTP/1.1 503 Service Temporarily Unavailable"
2026-06-13 21:23:23,853 - httpx - INFO - HTTP Request: GET https://datafeed.dukascopy.com/datafeed/EURUSD/2026/05/02/01h_ticks.bi5 "HTTP/1.1 200 OK"
2026-06-13 21:23:24,025 - httpx - INFO - HTTP Request: GET https://datafeed.dukascopy.com/datafeed/EURUSD/2026/05/02/20h_ticks.bi5 "HTTP/1.1 503 Service Temporarily Unavailable"
2026-06-13 21:23:24,028 - httpx - INFO - HTTP Request: GET https://datafeed.dukascopy.com/datafeed/EURUSD/2026/05/02/08h_ticks.bi5 "HTTP/1.1 503 Service Temporarily Unavailable"
2026-06-13 21:23:24,038 - httpx - INFO - HTTP Request: GET https://datafeed.dukascopy.com/datafeed/EURUSD/2026/05/02/04h_ticks.bi5 "HTTP/1.1 200 OK"
2026-06-13 21:23:24,240 - httpx - INFO - HTTP Request: GET https://datafeed.dukascopy.com/datafeed/EURUSD/2026/05/02/07h_ticks.bi5 "HTTP/1.1 200 OK"
2026-06-13 21:23:24,641 - httpx - INFO - HTTP Request: GET https://datafeed.dukascopy.com/datafeed/EURUSD/2026/05/02/12h_ticks.bi5 "HTTP/1.1 200 OK"
2026-06-13 21:23:24,775 - httpx - INFO - HTTP Request: GET https://datafeed.dukascopy.com/datafeed/EURUSD/2026/05/02/03h_ticks.bi5 "HTTP/1.1 200 OK"
2026-06-13 21:23:24,841 - httpx - INFO - HTTP Request: GET https://datafeed.dukascopy.com/datafeed/EURUSD/2026/05/02/06h_ticks.bi5 "HTTP/1.1 200 OK"
2026-06-13 21:23:25,038 - httpx - INFO - HTTP Request: GET https://datafeed.dukascopy.com/datafeed/EURUSD/2026/05/02/17h_ticks.bi5 "HTTP/1.1 200 OK"
2026-06-13 21:23:25,240 - httpx - INFO - HTTP Request: GET https://datafeed.dukascopy.com/datafeed/EURUSD/2026/05/02/02h_ticks.bi5 "HTTP/1.1 200 OK"
2026-06-13 21:23:25,439 - httpx - INFO - HTTP Request: GET https://datafeed.dukascopy.com/datafeed/EURUSD/2026/05/02/10h_ticks.bi5 "HTTP/1.1 200 OK"
2026-06-13 21:23:25,638 - httpx - INFO - HTTP Request: GET https://datafeed.dukascopy.com/datafeed/EURUSD/2026/05/02/05h_ticks.bi5 "HTTP/1.1 200 OK"
2026-06-13 21:23:25,839 - httpx - INFO - HTTP Request: GET https://datafeed.dukascopy.com/datafeed/EURUSD/2026/05/02/16h_ticks.bi5 "HTTP/1.1 200 OK"
2026-06-13 21:23:26,042 - httpx - INFO - HTTP Request: GET https://datafeed.dukascopy.com/datafeed/EURUSD/2026/05/02/23h_ticks.bi5 "HTTP/1.1 200 OK"
2026-06-13 21:23:26,235 - httpx - INFO - HTTP Request: GET https://datafeed.dukascopy.com/datafeed/EURUSD/2026/05/02/18h_ticks.bi5 "HTTP/1.1 200 OK"
2026-06-13 21:23:26,438 - httpx - INFO - HTTP Request: GET https://datafeed.dukascopy.com/datafeed/EURUSD/2026/05/02/22h_ticks.bi5 "HTTP/1.1 200 OK"
2026-06-13 21:23:26,638 - httpx - INFO - HTTP Request: GET https://datafeed.dukascopy.com/datafeed/EURUSD/2026/05/02/21h_ticks.bi5 "HTTP/1.1 200 OK"
2026-06-13 21:23:26,911 - httpx - INFO - HTTP Request: GET https://datafeed.dukascopy.com/datafeed/EURUSD/2026/05/02/14h_ticks.bi5 "HTTP/1.1 200 OK"
2026-06-13 21:23:27,157 - httpx - INFO - HTTP Request: GET https://datafeed.dukascopy.com/datafeed/EURUSD/2026/05/01/00h_ticks.bi5 "HTTP/1.1 200 OK"
2026-06-13 21:23:27,270 - httpx - INFO - HTTP Request: GET https://datafeed.dukascopy.com/datafeed/EURUSD/2026/05/01/01h_ticks.bi5 "HTTP/1.1 200 OK"
2026-06-13 21:23:27,298 - httpx - INFO - HTTP Request: GET https://datafeed.dukascopy.com/datafeed/EURUSD/2026/05/01/20h_ticks.bi5 "HTTP/1.1 503 Service Temporarily Unavailable"
2026-06-13 21:23:27,307 - httpx - INFO - HTTP Request: GET https://datafeed.dukascopy.com/datafeed/EURUSD/2026/05/01/09h_ticks.bi5 "HTTP/1.1 503 Service Temporarily Unavailable"
2026-06-13 21:23:27,314 - httpx - INFO - HTTP Request: GET https://datafeed.dukascopy.com/datafeed/EURUSD/2026/05/01/14h_ticks.bi5 "HTTP/1.1 503 Service Temporarily Unavailable"
2026-06-13 21:23:27,333 - httpx - INFO - HTTP Request: GET https://datafeed.dukascopy.com/datafeed/EURUSD/2026/05/01/11h_ticks.bi5 "HTTP/1.1 503 Service Temporarily Unavailable"
2026-06-13 21:23:27,470 - httpx - INFO - HTTP Request: GET https://datafeed.dukascopy.com/datafeed/EURUSD/2026/05/01/04h_ticks.bi5 "HTTP/1.1 200 OK"
2026-06-13 21:23:27,498 - httpx - INFO - HTTP Request: GET https://datafeed.dukascopy.com/datafeed/EURUSD/2026/05/01/19h_ticks.bi5 "HTTP/1.1 503 Service Temporarily Unavailable"
2026-06-13 21:23:27,508 - httpx - INFO - HTTP Request: GET https://datafeed.dukascopy.com/datafeed/EURUSD/2026/05/01/08h_ticks.bi5 "HTTP/1.1 503 Service Temporarily Unavailable"
2026-06-13 21:23:27,674 - httpx - INFO - HTTP Request: GET https://datafeed.dukascopy.com/datafeed/EURUSD/2026/05/01/07h_ticks.bi5 "HTTP/1.1 200 OK"
2026-06-13 21:23:27,871 - httpx - INFO - HTTP Request: GET https://datafeed.dukascopy.com/datafeed/EURUSD/2026/05/01/03h_ticks.bi5 "HTTP/1.1 200 OK"
2026-06-13 21:23:28,072 - httpx - INFO - HTTP Request: GET https://datafeed.dukascopy.com/datafeed/EURUSD/2026/05/01/12h_ticks.bi5 "HTTP/1.1 200 OK"
2026-06-13 21:23:28,344 - httpx - INFO - HTTP Request: GET https://datafeed.dukascopy.com/datafeed/EURUSD/2026/05/01/06h_ticks.bi5 "HTTP/1.1 200 OK"
2026-06-13 21:23:28,561 - httpx - INFO - HTTP Request: GET https://datafeed.dukascopy.com/datafeed/EURUSD/2026/05/01/17h_ticks.bi5 "HTTP/1.1 200 OK"
2026-06-13 21:23:28,668 - httpx - INFO - HTTP Request: GET https://datafeed.dukascopy.com/datafeed/EURUSD/2026/05/01/02h_ticks.bi5 "HTTP/1.1 200 OK"
2026-06-13 21:23:28,879 - httpx - INFO - HTTP Request: GET https://datafeed.dukascopy.com/datafeed/EURUSD/2026/05/01/10h_ticks.bi5 "HTTP/1.1 200 OK"
2026-06-13 21:23:29,070 - httpx - INFO - HTTP Request: GET https://datafeed.dukascopy.com/datafeed/EURUSD/2026/05/01/05h_ticks.bi5 "HTTP/1.1 200 OK"
2026-06-13 21:23:29,346 - httpx - INFO - HTTP Request: GET https://datafeed.dukascopy.com/datafeed/EURUSD/2026/05/01/16h_ticks.bi5 "HTTP/1.1 200 OK"
2026-06-13 21:23:29,469 - httpx - INFO - HTTP Request: GET https://datafeed.dukascopy.com/datafeed/EURUSD/2026/05/01/23h_ticks.bi5 "HTTP/1.1 200 OK"
2026-06-13 21:23:29,690 - httpx - INFO - HTTP Request: GET https://datafeed.dukascopy.com/datafeed/EURUSD/2026/05/01/18h_ticks.bi5 "HTTP/1.1 200 OK"
2026-06-13 21:23:29,870 - httpx - INFO - HTTP Request: GET https://datafeed.dukascopy.com/datafeed/EURUSD/2026/05/01/22h_ticks.bi5 "HTTP/1.1 200 OK"
2026-06-13 21:23:30,150 - httpx - INFO - HTTP Request: GET https://datafeed.dukascopy.com/datafeed/EURUSD/2026/05/01/13h_ticks.bi5 "HTTP/1.1 200 OK"
2026-06-13 21:23:30,352 - httpx - INFO - HTTP Request: GET https://datafeed.dukascopy.com/datafeed/EURUSD/2026/05/01/15h_ticks.bi5 "HTTP/1.1 200 OK"
2026-06-13 21:23:30,467 - httpx - INFO - HTTP Request: GET https://datafeed.dukascopy.com/datafeed/EURUSD/2026/05/01/21h_ticks.bi5 "HTTP/1.1 200 OK"
2026-06-13 21:23:30,684 - httpx - INFO - HTTP Request: GET https://datafeed.dukascopy.com/datafeed/EURUSD/2026/04/31/00h_ticks.bi5 "HTTP/1.1 200 OK"
2026-06-13 21:23:30,812 - httpx - INFO - HTTP Request: GET https://datafeed.dukascopy.com/datafeed/EURUSD/2026/04/31/09h_ticks.bi5 "HTTP/1.1 503 Service Temporarily Unavailable"
2026-06-13 21:23:30,824 - httpx - INFO - HTTP Request: GET https://datafeed.dukascopy.com/datafeed/EURUSD/2026/04/31/13h_ticks.bi5 "HTTP/1.1 503 Service Temporarily Unavailable"
2026-06-13 21:23:30,830 - httpx - INFO - HTTP Request: GET https://datafeed.dukascopy.com/datafeed/EURUSD/2026/04/31/22h_ticks.bi5 "HTTP/1.1 503 Service Temporarily Unavailable"
2026-06-13 21:23:30,840 - httpx - INFO - HTTP Request: GET https://datafeed.dukascopy.com/datafeed/EURUSD/2026/04/31/08h_ticks.bi5 "HTTP/1.1 503 Service Temporarily Unavailable"
2026-06-13 21:23:30,843 - httpx - INFO - HTTP Request: GET https://datafeed.dukascopy.com/datafeed/EURUSD/2026/04/31/15h_ticks.bi5 "HTTP/1.1 503 Service Temporarily Unavailable"
2026-06-13 21:23:30,868 - httpx - INFO - HTTP Request: GET https://datafeed.dukascopy.com/datafeed/EURUSD/2026/04/31/01h_ticks.bi5 "HTTP/1.1 200 OK"
2026-06-13 21:23:31,001 - httpx - INFO - HTTP Request: GET https://datafeed.dukascopy.com/datafeed/EURUSD/2026/04/31/20h_ticks.bi5 "HTTP/1.1 503 Service Temporarily Unavailable"
2026-06-13 21:23:31,034 - httpx - INFO - HTTP Request: GET https://datafeed.dukascopy.com/datafeed/EURUSD/2026/04/31/11h_ticks.bi5 "HTTP/1.1 503 Service Temporarily Unavailable"
2026-06-13 21:23:31,067 - httpx - INFO - HTTP Request: GET https://datafeed.dukascopy.com/datafeed/EURUSD/2026/04/31/04h_ticks.bi5 "HTTP/1.1 200 OK"
2026-06-13 21:23:31,270 - httpx - INFO - HTTP Request: GET https://datafeed.dukascopy.com/datafeed/EURUSD/2026/04/31/07h_ticks.bi5 "HTTP/1.1 200 OK"
2026-06-13 21:23:31,470 - httpx - INFO - HTTP Request: GET https://datafeed.dukascopy.com/datafeed/EURUSD/2026/04/31/03h_ticks.bi5 "HTTP/1.1 200 OK"
2026-06-13 21:23:31,717 - httpx - INFO - HTTP Request: GET https://datafeed.dukascopy.com/datafeed/EURUSD/2026/04/31/12h_ticks.bi5 "HTTP/1.1 200 OK"
2026-06-13 21:23:31,868 - httpx - INFO - HTTP Request: GET https://datafeed.dukascopy.com/datafeed/EURUSD/2026/04/31/06h_ticks.bi5 "HTTP/1.1 200 OK"
2026-06-13 21:23:32,067 - httpx - INFO - HTTP Request: GET https://datafeed.dukascopy.com/datafeed/EURUSD/2026/04/31/17h_ticks.bi5 "HTTP/1.1 200 OK"
2026-06-13 21:23:32,270 - httpx - INFO - HTTP Request: GET https://datafeed.dukascopy.com/datafeed/EURUSD/2026/04/31/02h_ticks.bi5 "HTTP/1.1 200 OK"
2026-06-13 21:23:32,468 - httpx - INFO - HTTP Request: GET https://datafeed.dukascopy.com/datafeed/EURUSD/2026/04/31/10h_ticks.bi5 "HTTP/1.1 200 OK"
2026-06-13 21:23:32,667 - httpx - INFO - HTTP Request: GET https://datafeed.dukascopy.com/datafeed/EURUSD/2026/04/31/05h_ticks.bi5 "HTTP/1.1 200 OK"
2026-06-13 21:23:32,872 - httpx - INFO - HTTP Request: GET https://datafeed.dukascopy.com/datafeed/EURUSD/2026/04/31/16h_ticks.bi5 "HTTP/1.1 200 OK"
2026-06-13 21:23:33,068 - httpx - INFO - HTTP Request: GET https://datafeed.dukascopy.com/datafeed/EURUSD/2026/04/31/23h_ticks.bi5 "HTTP/1.1 200 OK"
2026-06-13 21:23:33,268 - httpx - INFO - HTTP Request: GET https://datafeed.dukascopy.com/datafeed/EURUSD/2026/04/31/19h_ticks.bi5 "HTTP/1.1 200 OK"
2026-06-13 21:23:33,471 - httpx - INFO - HTTP Request: GET https://datafeed.dukascopy.com/datafeed/EURUSD/2026/04/31/21h_ticks.bi5 "HTTP/1.1 200 OK"
2026-06-13 21:23:33,669 - httpx - INFO - HTTP Request: GET https://datafeed.dukascopy.com/datafeed/EURUSD/2026/04/31/14h_ticks.bi5 "HTTP/1.1 200 OK"
2026-06-13 21:23:33,868 - httpx - INFO - HTTP Request: GET https://datafeed.dukascopy.com/datafeed/EURUSD/2026/04/31/18h_ticks.bi5 "HTTP/1.1 200 OK"
2026-06-13 21:23:34,085 - httpx - INFO - HTTP Request: GET https://datafeed.dukascopy.com/datafeed/EURUSD/2026/04/30/00h_ticks.bi5 "HTTP/1.1 200 OK"
2026-06-13 21:23:34,217 - httpx - INFO - HTTP Request: GET https://datafeed.dukascopy.com/datafeed/EURUSD/2026/04/30/15h_ticks.bi5 "HTTP/1.1 503 Service Temporarily Unavailable"
2026-06-13 21:23:34,225 - httpx - INFO - HTTP Request: GET https://datafeed.dukascopy.com/datafeed/EURUSD/2026/04/30/20h_ticks.bi5 "HTTP/1.1 503 Service Temporarily Unavailable"
2026-06-13 21:23:34,233 - httpx - INFO - HTTP Request: GET https://datafeed.dukascopy.com/datafeed/EURUSD/2026/04/30/14h_ticks.bi5 "HTTP/1.1 503 Service Temporarily Unavailable"
2026-06-13 21:23:34,237 - httpx - INFO - HTTP Request: GET https://datafeed.dukascopy.com/datafeed/EURUSD/2026/04/30/09h_ticks.bi5 "HTTP/1.1 503 Service Temporarily Unavailable"
2026-06-13 21:23:34,249 - httpx - INFO - HTTP Request: GET https://datafeed.dukascopy.com/datafeed/EURUSD/2026/04/30/11h_ticks.bi5 "HTTP/1.1 503 Service Temporarily Unavailable"
2026-06-13 21:23:34,270 - httpx - INFO - HTTP Request: GET https://datafeed.dukascopy.com/datafeed/EURUSD/2026/04/30/01h_ticks.bi5 "HTTP/1.1 200 OK"
2026-06-13 21:23:34,468 - httpx - INFO - HTTP Request: GET https://datafeed.dukascopy.com/datafeed/EURUSD/2026/04/30/04h_ticks.bi5 "HTTP/1.1 200 OK"
2026-06-13 21:23:34,668 - httpx - INFO - HTTP Request: GET https://datafeed.dukascopy.com/datafeed/EURUSD/2026/04/30/07h_ticks.bi5 "HTTP/1.1 200 OK"
2026-06-13 21:23:34,766 - httpx - INFO - HTTP Request: GET https://datafeed.dukascopy.com/datafeed/EURUSD/2026/04/30/08h_ticks.bi5 "HTTP/1.1 503 Service Temporarily Unavailable"
2026-06-13 21:23:34,833 - httpx - INFO - HTTP Request: GET https://datafeed.dukascopy.com/datafeed/EURUSD/2026/04/30/21h_ticks.bi5 "HTTP/1.1 503 Service Temporarily Unavailable"
2026-06-13 21:23:34,873 - httpx - INFO - HTTP Request: GET https://datafeed.dukascopy.com/datafeed/EURUSD/2026/04/30/03h_ticks.bi5 "HTTP/1.1 200 OK"
2026-06-13 21:23:35,069 - httpx - INFO - HTTP Request: GET https://datafeed.dukascopy.com/datafeed/EURUSD/2026/04/30/12h_ticks.bi5 "HTTP/1.1 200 OK"
2026-06-13 21:23:35,270 - httpx - INFO - HTTP Request: GET https://datafeed.dukascopy.com/datafeed/EURUSD/2026/04/30/06h_ticks.bi5 "HTTP/1.1 200 OK"
2026-06-13 21:23:35,466 - httpx - INFO - HTTP Request: GET https://datafeed.dukascopy.com/datafeed/EURUSD/2026/04/30/17h_ticks.bi5 "HTTP/1.1 200 OK"
2026-06-13 21:23:35,669 - httpx - INFO - HTTP Request: GET https://datafeed.dukascopy.com/datafeed/EURUSD/2026/04/30/02h_ticks.bi5 "HTTP/1.1 200 OK"
2026-06-13 21:23:35,868 - httpx - INFO - HTTP Request: GET https://datafeed.dukascopy.com/datafeed/EURUSD/2026/04/30/10h_ticks.bi5 "HTTP/1.1 200 OK"
2026-06-13 21:23:36,067 - httpx - INFO - HTTP Request: GET https://datafeed.dukascopy.com/datafeed/EURUSD/2026/04/30/05h_ticks.bi5 "HTTP/1.1 200 OK"
2026-06-13 21:23:36,097 - API - INFO - ForexAI API Starting up...
2026-06-13 21:23:36,269 - httpx - INFO - HTTP Request: GET https://datafeed.dukascopy.com/datafeed/EURUSD/2026/04/30/16h_ticks.bi5 "HTTP/1.1 200 OK"
2026-06-13 21:23:36,366 - API - INFO - All background workers launched.
2026-06-13 21:23:36,368 - LiveEngine - INFO - --- Starting Live Cycle: EURUSD H1 ---
2026-06-13 21:23:36,388 - LearnerScheduler - INFO - Continuous Learner Scheduler started.
2026-06-13 21:23:36,465 - httpx - INFO - HTTP Request: GET https://datafeed.dukascopy.com/datafeed/EURUSD/2026/04/30/23h_ticks.bi5 "HTTP/1.1 200 OK"
2026-06-13 21:23:36,670 - httpx - INFO - HTTP Request: GET https://datafeed.dukascopy.com/datafeed/EURUSD/2026/04/30/18h_ticks.bi5 "HTTP/1.1 200 OK"
2026-06-13 21:23:36,869 - httpx - INFO - HTTP Request: GET https://datafeed.dukascopy.com/datafeed/EURUSD/2026/04/30/22h_ticks.bi5 "HTTP/1.1 200 OK"
2026-06-13 21:23:37,075 - httpx - INFO - HTTP Request: GET https://datafeed.dukascopy.com/datafeed/EURUSD/2026/04/30/13h_ticks.bi5 "HTTP/1.1 200 OK"
2026-06-13 21:23:37,267 - httpx - INFO - HTTP Request: GET https://datafeed.dukascopy.com/datafeed/EURUSD/2026/04/30/19h_ticks.bi5 "HTTP/1.1 200 OK"
2026-06-13 21:23:37,489 - httpx - INFO - HTTP Request: GET https://datafeed.dukascopy.com/datafeed/EURUSD/2026/04/29/00h_ticks.bi5 "HTTP/1.1 200 OK"
2026-06-13 21:23:37,629 - httpx - INFO - HTTP Request: GET https://datafeed.dukascopy.com/datafeed/EURUSD/2026/05/13/06h_ticks.bi5 "HTTP/1.1 503 Service Temporarily Unavailable"
2026-06-13 21:23:37,631 - httpx - INFO - HTTP Request: GET https://datafeed.dukascopy.com/datafeed/EURUSD/2026/04/29/13h_ticks.bi5 "HTTP/1.1 503 Service Temporarily Unavailable"
2026-06-13 21:23:37,633 - httpx - INFO - HTTP Request: GET https://datafeed.dukascopy.com/datafeed/EURUSD/2026/05/13/05h_ticks.bi5 "HTTP/1.1 503 Service Temporarily Unavailable"
2026-06-13 21:23:37,636 - httpx - INFO - HTTP Request: GET https://datafeed.dukascopy.com/datafeed/EURUSD/2026/05/13/04h_ticks.bi5 "HTTP/1.1 503 Service Temporarily Unavailable"
2026-06-13 21:23:37,636 - httpx - INFO - HTTP Request: GET https://datafeed.dukascopy.com/datafeed/EURUSD/2026/04/29/20h_ticks.bi5 "HTTP/1.1 503 Service Temporarily Unavailable"
2026-06-13 21:23:37,640 - httpx - INFO - HTTP Request: GET https://datafeed.dukascopy.com/datafeed/EURUSD/2026/05/13/12h_ticks.bi5 "HTTP/1.1 503 Service Temporarily Unavailable"
2026-06-13 21:23:37,640 - httpx - INFO - HTTP Request: GET https://datafeed.dukascopy.com/datafeed/EURUSD/2026/04/29/15h_ticks.bi5 "HTTP/1.1 503 Service Temporarily Unavailable"
2026-06-13 21:23:37,642 - httpx - INFO - HTTP Request: GET https://datafeed.dukascopy.com/datafeed/EURUSD/2026/04/29/09h_ticks.bi5 "HTTP/1.1 503 Service Temporarily Unavailable"
2026-06-13 21:23:37,642 - httpx - INFO - HTTP Request: GET https://datafeed.dukascopy.com/datafeed/EURUSD/2026/05/13/02h_ticks.bi5 "HTTP/1.1 503 Service Temporarily Unavailable"
2026-06-13 21:23:37,644 - httpx - INFO - HTTP Request: GET https://datafeed.dukascopy.com/datafeed/EURUSD/2026/05/13/07h_ticks.bi5 "HTTP/1.1 503 Service Temporarily Unavailable"
2026-06-13 21:23:37,646 - httpx - INFO - HTTP Request: GET https://datafeed.dukascopy.com/datafeed/EURUSD/2026/04/29/14h_ticks.bi5 "HTTP/1.1 503 Service Temporarily Unavailable"
2026-06-13 21:23:37,659 - httpx - INFO - HTTP Request: GET https://datafeed.dukascopy.com/datafeed/EURUSD/2026/04/29/11h_ticks.bi5 "HTTP/1.1 503 Service Temporarily Unavailable"
2026-06-13 21:23:37,677 - httpx - INFO - HTTP Request: GET https://datafeed.dukascopy.com/datafeed/EURUSD/2026/05/13/09h_ticks.bi5 "HTTP/1.1 503 Service Temporarily Unavailable"
2026-06-13 21:23:37,677 - httpx - INFO - HTTP Request: GET https://datafeed.dukascopy.com/datafeed/EURUSD/2026/04/29/01h_ticks.bi5 "HTTP/1.1 200 OK"
2026-06-13 21:23:37,690 - httpx - INFO - HTTP Request: GET https://datafeed.dukascopy.com/datafeed/EURUSD/2026/05/13/20h_ticks.bi5 "HTTP/1.1 503 Service Temporarily Unavailable"
2026-06-13 21:23:37,693 - httpx - INFO - HTTP Request: GET https://datafeed.dukascopy.com/datafeed/EURUSD/2026/05/13/23h_ticks.bi5 "HTTP/1.1 503 Service Temporarily Unavailable"
2026-06-13 21:23:37,699 - httpx - INFO - HTTP Request: GET https://datafeed.dukascopy.com/datafeed/EURUSD/2026/05/13/13h_ticks.bi5 "HTTP/1.1 503 Service Temporarily Unavailable"
2026-06-13 21:23:37,702 - httpx - INFO - HTTP Request: GET https://datafeed.dukascopy.com/datafeed/EURUSD/2026/05/13/00h_ticks.bi5 "HTTP/1.1 503 Service Temporarily Unavailable"
2026-06-13 21:23:37,704 - httpx - INFO - HTTP Request: GET https://datafeed.dukascopy.com/datafeed/EURUSD/2026/05/13/10h_ticks.bi5 "HTTP/1.1 503 Service Temporarily Unavailable"
2026-06-13 21:23:37,708 - httpx - INFO - HTTP Request: GET https://datafeed.dukascopy.com/datafeed/EURUSD/2026/05/13/18h_ticks.bi5 "HTTP/1.1 503 Service Temporarily Unavailable"
2026-06-13 21:23:37,710 - httpx - INFO - HTTP Request: GET https://datafeed.dukascopy.com/datafeed/EURUSD/2026/05/13/21h_ticks.bi5 "HTTP/1.1 503 Service Temporarily Unavailable"
2026-06-13 21:23:37,714 - httpx - INFO - HTTP Request: GET https://datafeed.dukascopy.com/datafeed/EURUSD/2026/05/13/11h_ticks.bi5 "HTTP/1.1 503 Service Temporarily Unavailable"
2026-06-13 21:23:37,718 - httpx - INFO - HTTP Request: GET https://datafeed.dukascopy.com/datafeed/EURUSD/2026/05/13/17h_ticks.bi5 "HTTP/1.1 503 Service Temporarily Unavailable"
2026-06-13 21:23:37,719 - httpx - INFO - HTTP Request: GET https://datafeed.dukascopy.com/datafeed/EURUSD/2026/05/13/19h_ticks.bi5 "HTTP/1.1 503 Service Temporarily Unavailable"
2026-06-13 21:23:37,721 - httpx - INFO - HTTP Request: GET https://datafeed.dukascopy.com/datafeed/EURUSD/2026/05/13/08h_ticks.bi5 "HTTP/1.1 503 Service Temporarily Unavailable"
2026-06-13 21:23:37,723 - httpx - INFO - HTTP Request: GET https://datafeed.dukascopy.com/datafeed/EURUSD/2026/05/13/03h_ticks.bi5 "HTTP/1.1 503 Service Temporarily Unavailable"
2026-06-13 21:23:37,724 - httpx - INFO - HTTP Request: GET https://datafeed.dukascopy.com/datafeed/EURUSD/2026/05/13/15h_ticks.bi5 "HTTP/1.1 503 Service Temporarily Unavailable"
2026-06-13 21:23:37,758 - httpx - INFO - HTTP Request: GET https://datafeed.dukascopy.com/datafeed/EURUSD/2026/05/13/16h_ticks.bi5 "HTTP/1.1 503 Service Temporarily Unavailable"
2026-06-13 21:23:37,811 - httpx - INFO - HTTP Request: GET https://datafeed.dukascopy.com/datafeed/EURUSD/2026/04/29/19h_ticks.bi5 "HTTP/1.1 503 Service Temporarily Unavailable"
2026-06-13 21:23:37,815 - httpx - INFO - HTTP Request: GET https://datafeed.dukascopy.com/datafeed/EURUSD/2026/04/29/21h_ticks.bi5 "HTTP/1.1 503 Service Temporarily Unavailable"
2026-06-13 21:23:37,827 - httpx - INFO - HTTP Request: GET https://datafeed.dukascopy.com/datafeed/EURUSD/2026/04/29/08h_ticks.bi5 "HTTP/1.1 503 Service Temporarily Unavailable"
2026-06-13 21:23:37,870 - httpx - INFO - HTTP Request: GET https://datafeed.dukascopy.com/datafeed/EURUSD/2026/04/29/04h_ticks.bi5 "HTTP/1.1 200 OK"
2026-06-13 21:23:38,151 - httpx - INFO - HTTP Request: GET https://datafeed.dukascopy.com/datafeed/EURUSD/2026/04/29/07h_ticks.bi5 "HTTP/1.1 200 OK"
2026-06-13 21:23:38,270 - httpx - INFO - HTTP Request: GET https://datafeed.dukascopy.com/datafeed/EURUSD/2026/04/29/03h_ticks.bi5 "HTTP/1.1 200 OK"
2026-06-13 21:23:38,291 - httpx - INFO - HTTP Request: GET https://datafeed.dukascopy.com/datafeed/EURUSD/2026/05/13/22h_ticks.bi5 "HTTP/1.1 503 Service Temporarily Unavailable"
2026-06-13 21:23:38,471 - httpx - INFO - HTTP Request: GET https://datafeed.dukascopy.com/datafeed/EURUSD/2026/04/29/12h_ticks.bi5 "HTTP/1.1 200 OK"
2026-06-13 21:23:38,671 - httpx - INFO - HTTP Request: GET https://datafeed.dukascopy.com/datafeed/EURUSD/2026/04/29/06h_ticks.bi5 "HTTP/1.1 200 OK"
2026-06-13 21:23:38,783 - API - INFO - GET /system/status - 200 (0.21s)
2026-06-13 21:23:38,871 - httpx - INFO - HTTP Request: GET https://datafeed.dukascopy.com/datafeed/EURUSD/2026/04/29/17h_ticks.bi5 "HTTP/1.1 200 OK"
2026-06-13 21:23:39,070 - httpx - INFO - HTTP Request: GET https://datafeed.dukascopy.com/datafeed/EURUSD/2026/04/29/02h_ticks.bi5 "HTTP/1.1 200 OK"
2026-06-13 21:23:39,276 - httpx - INFO - HTTP Request: GET https://datafeed.dukascopy.com/datafeed/EURUSD/2026/04/29/10h_ticks.bi5 "HTTP/1.1 200 OK"
2026-06-13 21:23:39,470 - httpx - INFO - HTTP Request: GET https://datafeed.dukascopy.com/datafeed/EURUSD/2026/04/29/05h_ticks.bi5 "HTTP/1.1 200 OK"
2026-06-13 21:23:39,747 - httpx - INFO - HTTP Request: GET https://datafeed.dukascopy.com/datafeed/EURUSD/2026/04/29/16h_ticks.bi5 "HTTP/1.1 200 OK"
2026-06-13 21:23:39,866 - httpx - INFO - HTTP Request: GET https://datafeed.dukascopy.com/datafeed/EURUSD/2026/04/29/23h_ticks.bi5 "HTTP/1.1 200 OK"
2026-06-13 21:23:40,065 - httpx - INFO - HTTP Request: GET https://datafeed.dukascopy.com/datafeed/EURUSD/2026/05/13/01h_ticks.bi5 "HTTP/1.1 200 OK"
2026-06-13 21:23:40,267 - httpx - INFO - HTTP Request: GET https://datafeed.dukascopy.com/datafeed/EURUSD/2026/04/29/22h_ticks.bi5 "HTTP/1.1 200 OK"
2026-06-13 21:23:40,472 - httpx - INFO - HTTP Request: GET https://datafeed.dukascopy.com/datafeed/EURUSD/2026/04/29/18h_ticks.bi5 "HTTP/1.1 200 OK"
2026-06-13 21:23:40,669 - httpx - INFO - HTTP Request: GET https://datafeed.dukascopy.com/datafeed/EURUSD/2026/05/13/14h_ticks.bi5 "HTTP/1.1 200 OK"
2026-06-13 21:23:40,811 - httpx - INFO - HTTP Request: GET https://datafeed.dukascopy.com/datafeed/EURUSD/2026/04/28/13h_ticks.bi5 "HTTP/1.1 503 Service Temporarily Unavailable"
2026-06-13 21:23:40,823 - httpx - INFO - HTTP Request: GET https://datafeed.dukascopy.com/datafeed/EURUSD/2026/04/28/15h_ticks.bi5 "HTTP/1.1 503 Service Temporarily Unavailable"
2026-06-13 21:23:40,827 - httpx - INFO - HTTP Request: GET https://datafeed.dukascopy.com/datafeed/EURUSD/2026/04/28/20h_ticks.bi5 "HTTP/1.1 503 Service Temporarily Unavailable"
2026-06-13 21:23:40,835 - httpx - INFO - HTTP Request: GET https://datafeed.dukascopy.com/datafeed/EURUSD/2026/05/12/00h_ticks.bi5 "HTTP/1.1 503 Service Temporarily Unavailable"
2026-06-13 21:23:40,837 - httpx - INFO - HTTP Request: GET https://datafeed.dukascopy.com/datafeed/EURUSD/2026/04/28/09h_ticks.bi5 "HTTP/1.1 503 Service Temporarily Unavailable"
2026-06-13 21:23:40,844 - httpx - INFO - HTTP Request: GET https://datafeed.dukascopy.com/datafeed/EURUSD/2026/05/12/01h_ticks.bi5 "HTTP/1.1 503 Service Temporarily Unavailable"
2026-06-13 21:23:40,847 - httpx - INFO - HTTP Request: GET https://datafeed.dukascopy.com/datafeed/EURUSD/2026/04/28/14h_ticks.bi5 "HTTP/1.1 503 Service Temporarily Unavailable"
2026-06-13 21:23:40,859 - httpx - INFO - HTTP Request: GET https://datafeed.dukascopy.com/datafeed/EURUSD/2026/05/12/04h_ticks.bi5 "HTTP/1.1 503 Service Temporarily Unavailable"
2026-06-13 21:23:40,870 - httpx - INFO - HTTP Request: GET https://datafeed.dukascopy.com/datafeed/EURUSD/2026/05/12/07h_ticks.bi5 "HTTP/1.1 503 Service Temporarily Unavailable"
2026-06-13 21:23:40,874 - httpx - INFO - HTTP Request: GET https://datafeed.dukascopy.com/datafeed/EURUSD/2026/04/28/00h_ticks.bi5 "HTTP/1.1 200 OK"
2026-06-13 21:23:40,879 - httpx - INFO - HTTP Request: GET https://datafeed.dukascopy.com/datafeed/EURUSD/2026/05/12/03h_ticks.bi5 "HTTP/1.1 503 Service Temporarily Unavailable"
2026-06-13 21:23:40,896 - httpx - INFO - HTTP Request: GET https://datafeed.dukascopy.com/datafeed/EURUSD/2026/05/12/06h_ticks.bi5 "HTTP/1.1 503 Service Temporarily Unavailable"
2026-06-13 21:23:40,915 - httpx - INFO - HTTP Request: GET https://datafeed.dukascopy.com/datafeed/EURUSD/2026/05/12/17h_ticks.bi5 "HTTP/1.1 503 Service Temporarily Unavailable"
2026-06-13 21:23:40,931 - httpx - INFO - HTTP Request: GET https://datafeed.dukascopy.com/datafeed/EURUSD/2026/05/12/02h_ticks.bi5 "HTTP/1.1 503 Service Temporarily Unavailable"
2026-06-13 21:23:40,946 - httpx - INFO - HTTP Request: GET https://datafeed.dukascopy.com/datafeed/EURUSD/2026/05/12/10h_ticks.bi5 "HTTP/1.1 503 Service Temporarily Unavailable"
2026-06-13 21:23:40,953 - httpx - INFO - HTTP Request: GET https://datafeed.dukascopy.com/datafeed/EURUSD/2026/05/12/23h_ticks.bi5 "HTTP/1.1 503 Service Temporarily Unavailable"
2026-06-13 21:23:40,968 - httpx - INFO - HTTP Request: GET https://datafeed.dukascopy.com/datafeed/EURUSD/2026/05/12/05h_ticks.bi5 "HTTP/1.1 503 Service Temporarily Unavailable"
2026-06-13 21:23:40,984 - httpx - INFO - HTTP Request: GET https://datafeed.dukascopy.com/datafeed/EURUSD/2026/05/12/20h_ticks.bi5 "HTTP/1.1 503 Service Temporarily Unavailable"
2026-06-13 21:23:40,992 - httpx - INFO - HTTP Request: GET https://datafeed.dukascopy.com/datafeed/EURUSD/2026/05/12/15h_ticks.bi5 "HTTP/1.1 503 Service Temporarily Unavailable"
2026-06-13 21:23:40,998 - httpx - INFO - HTTP Request: GET https://datafeed.dukascopy.com/datafeed/EURUSD/2026/04/28/19h_ticks.bi5 "HTTP/1.1 503 Service Temporarily Unavailable"
2026-06-13 21:23:40,998 - httpx - INFO - HTTP Request: GET https://datafeed.dukascopy.com/datafeed/EURUSD/2026/05/12/14h_ticks.bi5 "HTTP/1.1 503 Service Temporarily Unavailable"
2026-06-13 21:23:41,005 - httpx - INFO - HTTP Request: GET https://datafeed.dukascopy.com/datafeed/EURUSD/2026/04/28/11h_ticks.bi5 "HTTP/1.1 503 Service Temporarily Unavailable"
2026-06-13 21:23:41,008 - httpx - INFO - HTTP Request: GET https://datafeed.dukascopy.com/datafeed/EURUSD/2026/05/12/08h_ticks.bi5 "HTTP/1.1 503 Service Temporarily Unavailable"
2026-06-13 21:23:41,019 - httpx - INFO - HTTP Request: GET https://datafeed.dukascopy.com/datafeed/EURUSD/2026/04/28/21h_ticks.bi5 "HTTP/1.1 503 Service Temporarily Unavailable"
2026-06-13 21:23:41,021 - httpx - INFO - HTTP Request: GET https://datafeed.dukascopy.com/datafeed/EURUSD/2026/05/12/18h_ticks.bi5 "HTTP/1.1 503 Service Temporarily Unavailable"
2026-06-13 21:23:41,023 - httpx - INFO - HTTP Request: GET https://datafeed.dukascopy.com/datafeed/EURUSD/2026/04/28/08h_ticks.bi5 "HTTP/1.1 503 Service Temporarily Unavailable"
2026-06-13 21:23:41,035 - httpx - INFO - HTTP Request: GET https://datafeed.dukascopy.com/datafeed/EURUSD/2026/05/12/22h_ticks.bi5 "HTTP/1.1 503 Service Temporarily Unavailable"
2026-06-13 21:23:41,051 - httpx - INFO - HTTP Request: GET https://datafeed.dukascopy.com/datafeed/EURUSD/2026/05/12/13h_ticks.bi5 "HTTP/1.1 503 Service Temporarily Unavailable"
2026-06-13 21:23:41,054 - httpx - INFO - HTTP Request: GET https://datafeed.dukascopy.com/datafeed/EURUSD/2026/05/12/09h_ticks.bi5 "HTTP/1.1 503 Service Temporarily Unavailable"
2026-06-13 21:23:41,058 - httpx - INFO - HTTP Request: GET https://datafeed.dukascopy.com/datafeed/EURUSD/2026/05/12/21h_ticks.bi5 "HTTP/1.1 503 Service Temporarily Unavailable"
2026-06-13 21:23:41,064 - httpx - INFO - HTTP Request: GET https://datafeed.dukascopy.com/datafeed/EURUSD/2026/05/12/19h_ticks.bi5 "HTTP/1.1 503 Service Temporarily Unavailable"
2026-06-13 21:23:41,068 - httpx - INFO - HTTP Request: GET https://datafeed.dukascopy.com/datafeed/EURUSD/2026/05/12/11h_ticks.bi5 "HTTP/1.1 503 Service Temporarily Unavailable"
2026-06-13 21:23:41,074 - httpx - INFO - HTTP Request: GET https://datafeed.dukascopy.com/datafeed/EURUSD/2026/04/28/01h_ticks.bi5 "HTTP/1.1 200 OK"
2026-06-13 21:23:41,271 - httpx - INFO - HTTP Request: GET https://datafeed.dukascopy.com/datafeed/EURUSD/2026/04/28/04h_ticks.bi5 "HTTP/1.1 200 OK"
2026-06-13 21:23:41,540 - httpx - INFO - HTTP Request: GET https://datafeed.dukascopy.com/datafeed/EURUSD/2026/04/28/07h_ticks.bi5 "HTTP/1.1 200 OK"
2026-06-13 21:23:41,673 - httpx - INFO - HTTP Request: GET https://datafeed.dukascopy.com/datafeed/EURUSD/2026/04/28/03h_ticks.bi5 "HTTP/1.1 200 OK"
2026-06-13 21:23:41,957 - httpx - INFO - HTTP Request: GET https://datafeed.dukascopy.com/datafeed/EURUSD/2026/04/28/12h_ticks.bi5 "HTTP/1.1 200 OK"
2026-06-13 21:23:42,077 - httpx - INFO - HTTP Request: GET https://datafeed.dukascopy.com/datafeed/EURUSD/2026/04/28/06h_ticks.bi5 "HTTP/1.1 200 OK"
2026-06-13 21:23:42,269 - httpx - INFO - HTTP Request: GET https://datafeed.dukascopy.com/datafeed/EURUSD/2026/04/28/17h_ticks.bi5 "HTTP/1.1 200 OK"
2026-06-13 21:23:42,473 - httpx - INFO - HTTP Request: GET https://datafeed.dukascopy.com/datafeed/EURUSD/2026/04/28/02h_ticks.bi5 "HTTP/1.1 200 OK"
2026-06-13 21:23:42,671 - httpx - INFO - HTTP Request: GET https://datafeed.dukascopy.com/datafeed/EURUSD/2026/04/28/10h_ticks.bi5 "HTTP/1.1 200 OK"
2026-06-13 21:23:42,875 - httpx - INFO - HTTP Request: GET https://datafeed.dukascopy.com/datafeed/EURUSD/2026/04/28/05h_ticks.bi5 "HTTP/1.1 200 OK"
2026-06-13 21:23:43,142 - httpx - INFO - HTTP Request: GET https://datafeed.dukascopy.com/datafeed/EURUSD/2026/04/28/16h_ticks.bi5 "HTTP/1.1 200 OK"
2026-06-13 21:23:43,267 - httpx - INFO - HTTP Request: GET https://datafeed.dukascopy.com/datafeed/EURUSD/2026/04/28/23h_ticks.bi5 "HTTP/1.1 200 OK"
2026-06-13 21:23:43,471 - httpx - INFO - HTTP Request: GET https://datafeed.dukascopy.com/datafeed/EURUSD/2026/04/28/18h_ticks.bi5 "HTTP/1.1 200 OK"
2026-06-13 21:23:43,670 - httpx - INFO - HTTP Request: GET https://datafeed.dukascopy.com/datafeed/EURUSD/2026/04/28/22h_ticks.bi5 "HTTP/1.1 200 OK"
2026-06-13 21:23:43,952 - httpx - INFO - HTTP Request: GET https://datafeed.dukascopy.com/datafeed/EURUSD/2026/05/12/12h_ticks.bi5 "HTTP/1.1 200 OK"
2026-06-13 21:23:43,985 - httpx - INFO - HTTP Request: GET https://datafeed.dukascopy.com/datafeed/EURUSD/2026/04/27/22h_ticks.bi5 "HTTP/1.1 503 Service Temporarily Unavailable"
2026-06-13 21:23:43,999 - httpx - INFO - HTTP Request: GET https://datafeed.dukascopy.com/datafeed/EURUSD/2026/04/27/13h_ticks.bi5 "HTTP/1.1 503 Service Temporarily Unavailable"
2026-06-13 21:23:44,002 - httpx - INFO - HTTP Request: GET https://datafeed.dukascopy.com/datafeed/EURUSD/2026/04/27/15h_ticks.bi5 "HTTP/1.1 503 Service Temporarily Unavailable"
2026-06-13 21:23:44,012 - httpx - INFO - HTTP Request: GET https://datafeed.dukascopy.com/datafeed/EURUSD/2026/04/27/20h_ticks.bi5 "HTTP/1.1 503 Service Temporarily Unavailable"
2026-06-13 21:23:44,020 - httpx - INFO - HTTP Request: GET https://datafeed.dukascopy.com/datafeed/EURUSD/2026/04/27/09h_ticks.bi5 "HTTP/1.1 503 Service Temporarily Unavailable"
2026-06-13 21:23:44,023 - httpx - INFO - HTTP Request: GET https://datafeed.dukascopy.com/datafeed/EURUSD/2026/04/27/14h_ticks.bi5 "HTTP/1.1 503 Service Temporarily Unavailable"
2026-06-13 21:23:44,148 - httpx - INFO - HTTP Request: GET https://datafeed.dukascopy.com/datafeed/EURUSD/2026/05/12/16h_ticks.bi5 "HTTP/1.1 200 OK"
2026-06-13 21:23:44,191 - httpx - INFO - HTTP Request: GET https://datafeed.dukascopy.com/datafeed/EURUSD/2026/04/27/11h_ticks.bi5 "HTTP/1.1 503 Service Temporarily Unavailable"
2026-06-13 21:23:44,195 - httpx - INFO - HTTP Request: GET https://datafeed.dukascopy.com/datafeed/EURUSD/2026/04/27/19h_ticks.bi5 "HTTP/1.1 503 Service Temporarily Unavailable"
2026-06-13 21:23:44,198 - httpx - INFO - HTTP Request: GET https://datafeed.dukascopy.com/datafeed/EURUSD/2026/04/27/21h_ticks.bi5 "HTTP/1.1 503 Service Temporarily Unavailable"
2026-06-13 21:23:44,354 - httpx - INFO - HTTP Request: GET https://datafeed.dukascopy.com/datafeed/EURUSD/2026/05/11/01h_ticks.bi5 "HTTP/1.1 503 Service Temporarily Unavailable"
2026-06-13 21:23:44,356 - httpx - INFO - HTTP Request: GET https://datafeed.dukascopy.com/datafeed/EURUSD/2026/05/11/04h_ticks.bi5 "HTTP/1.1 503 Service Temporarily Unavailable"
2026-06-13 21:23:44,359 - httpx - INFO - HTTP Request: GET https://datafeed.dukascopy.com/datafeed/EURUSD/2026/05/11/07h_ticks.bi5 "HTTP/1.1 503 Service Temporarily Unavailable"
2026-06-13 21:23:44,360 - httpx - INFO - HTTP Request: GET https://datafeed.dukascopy.com/datafeed/EURUSD/2026/05/11/03h_ticks.bi5 "HTTP/1.1 503 Service Temporarily Unavailable"
2026-06-13 21:23:44,377 - httpx - INFO - HTTP Request: GET https://datafeed.dukascopy.com/datafeed/EURUSD/2026/05/11/06h_ticks.bi5 "HTTP/1.1 503 Service Temporarily Unavailable"
2026-06-13 21:23:44,380 - httpx - INFO - HTTP Request: GET https://datafeed.dukascopy.com/datafeed/EURUSD/2026/05/11/17h_ticks.bi5 "HTTP/1.1 503 Service Temporarily Unavailable"
2026-06-13 21:23:44,382 - httpx - INFO - HTTP Request: GET https://datafeed.dukascopy.com/datafeed/EURUSD/2026/05/11/12h_ticks.bi5 "HTTP/1.1 503 Service Temporarily Unavailable"
2026-06-13 21:23:44,390 - httpx - INFO - HTTP Request: GET https://datafeed.dukascopy.com/datafeed/EURUSD/2026/05/11/02h_ticks.bi5 "HTTP/1.1 503 Service Temporarily Unavailable"
2026-06-13 21:23:44,402 - httpx - INFO - HTTP Request: GET https://datafeed.dukascopy.com/datafeed/EURUSD/2026/05/11/10h_ticks.bi5 "HTTP/1.1 503 Service Temporarily Unavailable"
2026-06-13 21:23:44,403 - httpx - INFO - HTTP Request: GET https://datafeed.dukascopy.com/datafeed/EURUSD/2026/04/27/00h_ticks.bi5 "HTTP/1.1 200 OK"
2026-06-13 21:23:44,404 - httpx - INFO - HTTP Request: GET https://datafeed.dukascopy.com/datafeed/EURUSD/2026/05/11/05h_ticks.bi5 "HTTP/1.1 503 Service Temporarily Unavailable"
2026-06-13 21:23:44,472 - httpx - INFO - HTTP Request: GET https://datafeed.dukascopy.com/datafeed/EURUSD/2026/04/27/01h_ticks.bi5 "HTTP/1.1 200 OK"
2026-06-13 21:23:44,622 - httpx - INFO - HTTP Request: GET https://datafeed.dukascopy.com/datafeed/EURUSD/2026/05/11/16h_ticks.bi5 "HTTP/1.1 503 Service Temporarily Unavailable"
2026-06-13 21:23:44,634 - httpx - INFO - HTTP Request: GET https://datafeed.dukascopy.com/datafeed/EURUSD/2026/05/11/11h_ticks.bi5 "HTTP/1.1 503 Service Temporarily Unavailable"
2026-06-13 21:23:44,665 - httpx - INFO - HTTP Request: GET https://datafeed.dukascopy.com/datafeed/EURUSD/2026/05/11/13h_ticks.bi5 "HTTP/1.1 503 Service Temporarily Unavailable"
2026-06-13 21:23:44,668 - httpx - INFO - HTTP Request: GET https://datafeed.dukascopy.com/datafeed/EURUSD/2026/05/11/21h_ticks.bi5 "HTTP/1.1 503 Service Temporarily Unavailable"
2026-06-13 21:23:44,670 - httpx - INFO - HTTP Request: GET https://datafeed.dukascopy.com/datafeed/EURUSD/2026/05/11/08h_ticks.bi5 "HTTP/1.1 503 Service Temporarily Unavailable"
2026-06-13 21:23:44,671 - httpx - INFO - HTTP Request: GET https://datafeed.dukascopy.com/datafeed/EURUSD/2026/05/11/15h_ticks.bi5 "HTTP/1.1 503 Service Temporarily Unavailable"
2026-06-13 21:23:44,673 - httpx - INFO - HTTP Request: GET https://datafeed.dukascopy.com/datafeed/EURUSD/2026/04/27/04h_ticks.bi5 "HTTP/1.1 200 OK"
2026-06-13 21:23:44,673 - httpx - INFO - HTTP Request: GET https://datafeed.dukascopy.com/datafeed/EURUSD/2026/05/11/23h_ticks.bi5 "HTTP/1.1 503 Service Temporarily Unavailable"
2026-06-13 21:23:44,699 - httpx - INFO - HTTP Request: GET https://datafeed.dukascopy.com/datafeed/EURUSD/2026/05/11/19h_ticks.bi5 "HTTP/1.1 503 Service Temporarily Unavailable"
2026-06-13 21:23:44,703 - httpx - INFO - HTTP Request: GET https://datafeed.dukascopy.com/datafeed/EURUSD/2026/05/11/09h_ticks.bi5 "HTTP/1.1 503 Service Temporarily Unavailable"
2026-06-13 21:23:44,709 - httpx - INFO - HTTP Request: GET https://datafeed.dukascopy.com/datafeed/EURUSD/2026/05/11/22h_ticks.bi5 "HTTP/1.1 503 Service Temporarily Unavailable"
2026-06-13 21:23:44,714 - httpx - INFO - HTTP Request: GET https://datafeed.dukascopy.com/datafeed/EURUSD/2026/05/11/14h_ticks.bi5 "HTTP/1.1 503 Service Temporarily Unavailable"
2026-06-13 21:23:44,870 - httpx - INFO - HTTP Request: GET https://datafeed.dukascopy.com/datafeed/EURUSD/2026/04/27/07h_ticks.bi5 "HTTP/1.1 200 OK"
2026-06-13 21:23:45,071 - httpx - INFO - HTTP Request: GET https://datafeed.dukascopy.com/datafeed/EURUSD/2026/04/27/03h_ticks.bi5 "HTTP/1.1 200 OK"
2026-06-13 21:23:45,358 - httpx - INFO - HTTP Request: GET https://datafeed.dukascopy.com/datafeed/EURUSD/2026/04/27/12h_ticks.bi5 "HTTP/1.1 200 OK"
2026-06-13 21:23:45,478 - httpx - INFO - HTTP Request: GET https://datafeed.dukascopy.com/datafeed/EURUSD/2026/04/27/06h_ticks.bi5 "HTTP/1.1 200 OK"
2026-06-13 21:23:45,670 - httpx - INFO - HTTP Request: GET https://datafeed.dukascopy.com/datafeed/EURUSD/2026/04/27/17h_ticks.bi5 "HTTP/1.1 200 OK"
2026-06-13 21:23:45,870 - httpx - INFO - HTTP Request: GET https://datafeed.dukascopy.com/datafeed/EURUSD/2026/04/27/02h_ticks.bi5 "HTTP/1.1 200 OK"
2026-06-13 21:23:46,071 - httpx - INFO - HTTP Request: GET https://datafeed.dukascopy.com/datafeed/EURUSD/2026/04/27/10h_ticks.bi5 "HTTP/1.1 200 OK"
2026-06-13 21:23:46,276 - httpx - INFO - HTTP Request: GET https://datafeed.dukascopy.com/datafeed/EURUSD/2026/04/27/05h_ticks.bi5 "HTTP/1.1 200 OK"
2026-06-13 21:23:46,477 - httpx - INFO - HTTP Request: GET https://datafeed.dukascopy.com/datafeed/EURUSD/2026/04/27/16h_ticks.bi5 "HTTP/1.1 200 OK"
2026-06-13 21:23:46,666 - httpx - INFO - HTTP Request: GET https://datafeed.dukascopy.com/datafeed/EURUSD/2026/04/27/23h_ticks.bi5 "HTTP/1.1 200 OK"
2026-06-13 21:23:46,872 - httpx - INFO - HTTP Request: GET https://datafeed.dukascopy.com/datafeed/EURUSD/2026/04/27/18h_ticks.bi5 "HTTP/1.1 200 OK"
2026-06-13 21:23:47,070 - httpx - INFO - HTTP Request: GET https://datafeed.dukascopy.com/datafeed/EURUSD/2026/04/27/08h_ticks.bi5 "HTTP/1.1 200 OK"
2026-06-13 21:23:47,342 - httpx - INFO - HTTP Request: GET https://datafeed.dukascopy.com/datafeed/EURUSD/2026/05/11/00h_ticks.bi5 "HTTP/1.1 200 OK"
2026-06-13 21:23:47,393 - httpx - INFO - HTTP Request: GET https://datafeed.dukascopy.com/datafeed/EURUSD/2026/04/26/18h_ticks.bi5 "HTTP/1.1 503 Service Temporarily Unavailable"
2026-06-13 21:23:47,405 - httpx - INFO - HTTP Request: GET https://datafeed.dukascopy.com/datafeed/EURUSD/2026/04/26/22h_ticks.bi5 "HTTP/1.1 503 Service Temporarily Unavailable"
2026-06-13 21:23:47,409 - httpx - INFO - HTTP Request: GET https://datafeed.dukascopy.com/datafeed/EURUSD/2026/04/26/13h_ticks.bi5 "HTTP/1.1 503 Service Temporarily Unavailable"
2026-06-13 21:23:47,423 - httpx - INFO - HTTP Request: GET https://datafeed.dukascopy.com/datafeed/EURUSD/2026/04/26/15h_ticks.bi5 "HTTP/1.1 503 Service Temporarily Unavailable"
2026-06-13 21:23:47,427 - httpx - INFO - HTTP Request: GET https://datafeed.dukascopy.com/datafeed/EURUSD/2026/04/26/20h_ticks.bi5 "HTTP/1.1 503 Service Temporarily Unavailable"
2026-06-13 21:23:47,434 - httpx - INFO - HTTP Request: GET https://datafeed.dukascopy.com/datafeed/EURUSD/2026/04/26/09h_ticks.bi5 "HTTP/1.1 503 Service Temporarily Unavailable"
2026-06-13 21:23:47,441 - httpx - INFO - HTTP Request: GET https://datafeed.dukascopy.com/datafeed/EURUSD/2026/04/26/14h_ticks.bi5 "HTTP/1.1 503 Service Temporarily Unavailable"
2026-06-13 21:23:47,548 - httpx - INFO - HTTP Request: GET https://datafeed.dukascopy.com/datafeed/EURUSD/2026/05/11/18h_ticks.bi5 "HTTP/1.1 200 OK"
2026-06-13 21:23:47,612 - httpx - INFO - HTTP Request: GET https://datafeed.dukascopy.com/datafeed/EURUSD/2026/04/26/11h_ticks.bi5 "HTTP/1.1 503 Service Temporarily Unavailable"
2026-06-13 21:23:47,664 - httpx - INFO - HTTP Request: GET https://datafeed.dukascopy.com/datafeed/EURUSD/2026/04/26/21h_ticks.bi5 "HTTP/1.1 503 Service Temporarily Unavailable"
2026-06-13 21:23:47,668 - httpx - INFO - HTTP Request: GET https://datafeed.dukascopy.com/datafeed/EURUSD/2026/04/26/19h_ticks.bi5 "HTTP/1.1 503 Service Temporarily Unavailable"
2026-06-13 21:23:47,945 - httpx - INFO - HTTP Request: GET https://datafeed.dukascopy.com/datafeed/EURUSD/2026/04/26/00h_ticks.bi5 "HTTP/1.1 200 OK"
2026-06-13 21:23:48,071 - httpx - INFO - HTTP Request: GET https://datafeed.dukascopy.com/datafeed/EURUSD/2026/04/26/01h_ticks.bi5 "HTTP/1.1 200 OK"
2026-06-13 21:23:48,189 - httpx - INFO - HTTP Request: GET https://datafeed.dukascopy.com/datafeed/EURUSD/2026/05/11/20h_ticks.bi5 "HTTP/1.1 200 OK"
2026-06-13 21:23:48,269 - httpx - INFO - HTTP Request: GET https://datafeed.dukascopy.com/datafeed/EURUSD/2026/04/26/04h_ticks.bi5 "HTTP/1.1 200 OK"
2026-06-13 21:23:48,408 - httpx - INFO - HTTP Request: GET https://datafeed.dukascopy.com/datafeed/EURUSD/2026/05/10/03h_ticks.bi5 "HTTP/1.1 503 Service Temporarily Unavailable"
2026-06-13 21:23:48,416 - httpx - INFO - HTTP Request: GET https://datafeed.dukascopy.com/datafeed/EURUSD/2026/05/10/12h_ticks.bi5 "HTTP/1.1 503 Service Temporarily Unavailable"
2026-06-13 21:23:48,427 - httpx - INFO - HTTP Request: GET https://datafeed.dukascopy.com/datafeed/EURUSD/2026/05/10/06h_ticks.bi5 "HTTP/1.1 503 Service Temporarily Unavailable"
2026-06-13 21:23:48,441 - httpx - INFO - HTTP Request: GET https://datafeed.dukascopy.com/datafeed/EURUSD/2026/05/10/17h_ticks.bi5 "HTTP/1.1 503 Service Temporarily Unavailable"
2026-06-13 21:23:48,452 - httpx - INFO - HTTP Request: GET https://datafeed.dukascopy.com/datafeed/EURUSD/2026/05/10/02h_ticks.bi5 "HTTP/1.1 503 Service Temporarily Unavailable"
2026-06-13 21:23:48,507 - httpx - INFO - HTTP Request: GET https://datafeed.dukascopy.com/datafeed/EURUSD/2026/05/10/10h_ticks.bi5 "HTTP/1.1 503 Service Temporarily Unavailable"
2026-06-13 21:23:48,519 - httpx - INFO - HTTP Request: GET https://datafeed.dukascopy.com/datafeed/EURUSD/2026/05/10/23h_ticks.bi5 "HTTP/1.1 503 Service Temporarily Unavailable"
2026-06-13 21:23:48,522 - httpx - INFO - HTTP Request: GET https://datafeed.dukascopy.com/datafeed/EURUSD/2026/05/10/16h_ticks.bi5 "HTTP/1.1 503 Service Temporarily Unavailable"
2026-06-13 21:23:48,555 - httpx - INFO - HTTP Request: GET https://datafeed.dukascopy.com/datafeed/EURUSD/2026/05/10/18h_ticks.bi5 "HTTP/1.1 503 Service Temporarily Unavailable"
2026-06-13 21:23:48,558 - httpx - INFO - HTTP Request: GET https://datafeed.dukascopy.com/datafeed/EURUSD/2026/05/10/08h_ticks.bi5 "HTTP/1.1 503 Service Temporarily Unavailable"
2026-06-13 21:23:48,560 - httpx - INFO - HTTP Request: GET https://datafeed.dukascopy.com/datafeed/EURUSD/2026/05/10/14h_ticks.bi5 "HTTP/1.1 503 Service Temporarily Unavailable"
2026-06-13 21:23:48,562 - httpx - INFO - HTTP Request: GET https://datafeed.dukascopy.com/datafeed/EURUSD/2026/05/10/13h_ticks.bi5 "HTTP/1.1 503 Service Temporarily Unavailable"
2026-06-13 21:23:48,564 - httpx - INFO - HTTP Request: GET https://datafeed.dukascopy.com/datafeed/EURUSD/2026/05/10/09h_ticks.bi5 "HTTP/1.1 503 Service Temporarily Unavailable"
2026-06-13 21:23:48,570 - httpx - INFO - HTTP Request: GET https://datafeed.dukascopy.com/datafeed/EURUSD/2026/05/10/11h_ticks.bi5 "HTTP/1.1 503 Service Temporarily Unavailable"
2026-06-13 21:23:48,572 - httpx - INFO - HTTP Request: GET https://datafeed.dukascopy.com/datafeed/EURUSD/2026/05/10/21h_ticks.bi5 "HTTP/1.1 503 Service Temporarily Unavailable"
2026-06-13 21:23:48,576 - httpx - INFO - HTTP Request: GET https://datafeed.dukascopy.com/datafeed/EURUSD/2026/05/10/22h_ticks.bi5 "HTTP/1.1 503 Service Temporarily Unavailable"
2026-06-13 21:23:48,579 - httpx - INFO - HTTP Request: GET https://datafeed.dukascopy.com/datafeed/EURUSD/2026/05/10/15h_ticks.bi5 "HTTP/1.1 503 Service Temporarily Unavailable"
2026-06-13 21:23:48,584 - httpx - INFO - HTTP Request: GET https://datafeed.dukascopy.com/datafeed/EURUSD/2026/05/10/19h_ticks.bi5 "HTTP/1.1 503 Service Temporarily Unavailable"
2026-06-13 21:23:48,585 - httpx - INFO - HTTP Request: GET https://datafeed.dukascopy.com/datafeed/EURUSD/2026/04/26/07h_ticks.bi5 "HTTP/1.1 200 OK"
2026-06-13 21:23:48,588 - httpx - INFO - HTTP Request: GET https://datafeed.dukascopy.com/datafeed/EURUSD/2026/05/10/20h_ticks.bi5 "HTTP/1.1 503 Service Temporarily Unavailable"
2026-06-13 21:23:48,677 - httpx - INFO - HTTP Request: GET https://datafeed.dukascopy.com/datafeed/EURUSD/2026/04/26/03h_ticks.bi5 "HTTP/1.1 200 OK"
2026-06-13 21:23:48,876 - httpx - INFO - HTTP Request: GET https://datafeed.dukascopy.com/datafeed/EURUSD/2026/04/26/12h_ticks.bi5 "HTTP/1.1 200 OK"
2026-06-13 21:23:49,073 - httpx - INFO - HTTP Request: GET https://datafeed.dukascopy.com/datafeed/EURUSD/2026/04/26/06h_ticks.bi5 "HTTP/1.1 200 OK"
2026-06-13 21:23:49,272 - httpx - INFO - HTTP Request: GET https://datafeed.dukascopy.com/datafeed/EURUSD/2026/04/26/17h_ticks.bi5 "HTTP/1.1 200 OK"
2026-06-13 21:23:49,469 - httpx - INFO - HTTP Request: GET https://datafeed.dukascopy.com/datafeed/EURUSD/2026/04/26/02h_ticks.bi5 "HTTP/1.1 200 OK"
2026-06-13 21:23:49,675 - httpx - INFO - HTTP Request: GET https://datafeed.dukascopy.com/datafeed/EURUSD/2026/04/26/10h_ticks.bi5 "HTTP/1.1 200 OK"
2026-06-13 21:23:49,882 - httpx - INFO - HTTP Request: GET https://datafeed.dukascopy.com/datafeed/EURUSD/2026/04/26/05h_ticks.bi5 "HTTP/1.1 200 OK"
2026-06-13 21:23:50,072 - httpx - INFO - HTTP Request: GET https://datafeed.dukascopy.com/datafeed/EURUSD/2026/04/26/16h_ticks.bi5 "HTTP/1.1 200 OK"
2026-06-13 21:23:50,272 - httpx - INFO - HTTP Request: GET https://datafeed.dukascopy.com/datafeed/EURUSD/2026/04/26/23h_ticks.bi5 "HTTP/1.1 200 OK"
2026-06-13 21:23:50,474 - httpx - INFO - HTTP Request: GET https://datafeed.dukascopy.com/datafeed/EURUSD/2026/04/26/08h_ticks.bi5 "HTTP/1.1 200 OK"
2026-06-13 21:23:50,757 - httpx - INFO - HTTP Request: GET https://datafeed.dukascopy.com/datafeed/EURUSD/2026/05/10/00h_ticks.bi5 "HTTP/1.1 200 OK"
2026-06-13 21:23:50,778 - httpx - INFO - HTTP Request: GET https://datafeed.dukascopy.com/datafeed/EURUSD/2026/04/25/16h_ticks.bi5 "HTTP/1.1 503 Service Temporarily Unavailable"
2026-06-13 21:23:50,783 - httpx - INFO - HTTP Request: GET https://datafeed.dukascopy.com/datafeed/EURUSD/2026/04/25/23h_ticks.bi5 "HTTP/1.1 503 Service Temporarily Unavailable"
2026-06-13 21:23:50,787 - httpx - INFO - HTTP Request: GET https://datafeed.dukascopy.com/datafeed/EURUSD/2026/04/25/18h_ticks.bi5 "HTTP/1.1 503 Service Temporarily Unavailable"
2026-06-13 21:23:50,803 - httpx - INFO - HTTP Request: GET https://datafeed.dukascopy.com/datafeed/EURUSD/2026/04/25/22h_ticks.bi5 "HTTP/1.1 503 Service Temporarily Unavailable"
2026-06-13 21:23:50,807 - httpx - INFO - HTTP Request: GET https://datafeed.dukascopy.com/datafeed/EURUSD/2026/04/25/13h_ticks.bi5 "HTTP/1.1 503 Service Temporarily Unavailable"
2026-06-13 21:23:50,819 - httpx - INFO - HTTP Request: GET https://datafeed.dukascopy.com/datafeed/EURUSD/2026/04/25/15h_ticks.bi5 "HTTP/1.1 503 Service Temporarily Unavailable"
2026-06-13 21:23:50,827 - httpx - INFO - HTTP Request: GET https://datafeed.dukascopy.com/datafeed/EURUSD/2026/04/25/20h_ticks.bi5 "HTTP/1.1 503 Service Temporarily Unavailable"
2026-06-13 21:23:50,832 - httpx - INFO - HTTP Request: GET https://datafeed.dukascopy.com/datafeed/EURUSD/2026/04/25/09h_ticks.bi5 "HTTP/1.1 503 Service Temporarily Unavailable"
2026-06-13 21:23:50,842 - httpx - INFO - HTTP Request: GET https://datafeed.dukascopy.com/datafeed/EURUSD/2026/04/25/14h_ticks.bi5 "HTTP/1.1 503 Service Temporarily Unavailable"
2026-06-13 21:23:50,942 - httpx - INFO - HTTP Request: GET https://datafeed.dukascopy.com/datafeed/EURUSD/2026/05/10/01h_ticks.bi5 "HTTP/1.1 200 OK"
2026-06-13 21:23:51,005 - httpx - INFO - HTTP Request: GET https://datafeed.dukascopy.com/datafeed/EURUSD/2026/04/25/08h_ticks.bi5 "HTTP/1.1 503 Service Temporarily Unavailable"
2026-06-13 21:23:51,010 - httpx - INFO - HTTP Request: GET https://datafeed.dukascopy.com/datafeed/EURUSD/2026/04/25/19h_ticks.bi5 "HTTP/1.1 503 Service Temporarily Unavailable"
2026-06-13 21:23:51,017 - httpx - INFO - HTTP Request: GET https://datafeed.dukascopy.com/datafeed/EURUSD/2026/04/25/21h_ticks.bi5 "HTTP/1.1 503 Service Temporarily Unavailable"
2026-06-13 21:23:51,071 - httpx - INFO - HTTP Request: GET https://datafeed.dukascopy.com/datafeed/EURUSD/2026/05/10/04h_ticks.bi5 "HTTP/1.1 200 OK"
2026-06-13 21:23:51,272 - httpx - INFO - HTTP Request: GET https://datafeed.dukascopy.com/datafeed/EURUSD/2026/05/10/07h_ticks.bi5 "HTTP/1.1 200 OK"
2026-06-13 21:23:51,472 - httpx - INFO - HTTP Request: GET https://datafeed.dukascopy.com/datafeed/EURUSD/2026/05/10/05h_ticks.bi5 "HTTP/1.1 200 OK"
2026-06-13 21:23:51,672 - httpx - INFO - HTTP Request: GET https://datafeed.dukascopy.com/datafeed/EURUSD/2026/04/25/00h_ticks.bi5 "HTTP/1.1 200 OK"
2026-06-13 21:23:51,674 - httpx - INFO - HTTP Request: GET https://datafeed.dukascopy.com/datafeed/EURUSD/2026/05/09/07h_ticks.bi5 "HTTP/1.1 503 Service Temporarily Unavailable"
2026-06-13 21:23:51,687 - httpx - INFO - HTTP Request: GET https://datafeed.dukascopy.com/datafeed/EURUSD/2026/05/09/03h_ticks.bi5 "HTTP/1.1 503 Service Temporarily Unavailable"
2026-06-13 21:23:51,717 - httpx - INFO - HTTP Request: GET https://datafeed.dukascopy.com/datafeed/EURUSD/2026/05/09/06h_ticks.bi5 "HTTP/1.1 503 Service Temporarily Unavailable"
2026-06-13 21:23:51,724 - httpx - INFO - HTTP Request: GET https://datafeed.dukascopy.com/datafeed/EURUSD/2026/05/09/17h_ticks.bi5 "HTTP/1.1 503 Service Temporarily Unavailable"
2026-06-13 21:23:51,748 - httpx - INFO - HTTP Request: GET https://datafeed.dukascopy.com/datafeed/EURUSD/2026/05/09/02h_ticks.bi5 "HTTP/1.1 503 Service Temporarily Unavailable"
2026-06-13 21:23:51,754 - httpx - INFO - HTTP Request: GET https://datafeed.dukascopy.com/datafeed/EURUSD/2026/05/09/10h_ticks.bi5 "HTTP/1.1 503 Service Temporarily Unavailable"
2026-06-13 21:23:51,767 - httpx - INFO - HTTP Request: GET https://datafeed.dukascopy.com/datafeed/EURUSD/2026/05/09/05h_ticks.bi5 "HTTP/1.1 503 Service Temporarily Unavailable"
2026-06-13 21:23:51,786 - httpx - INFO - HTTP Request: GET https://datafeed.dukascopy.com/datafeed/EURUSD/2026/05/09/16h_ticks.bi5 "HTTP/1.1 503 Service Temporarily Unavailable"
2026-06-13 21:23:51,788 - httpx - INFO - HTTP Request: GET https://datafeed.dukascopy.com/datafeed/EURUSD/2026/05/09/13h_ticks.bi5 "HTTP/1.1 503 Service Temporarily Unavailable"
2026-06-13 21:23:51,801 - httpx - INFO - HTTP Request: GET https://datafeed.dukascopy.com/datafeed/EURUSD/2026/05/09/11h_ticks.bi5 "HTTP/1.1 503 Service Temporarily Unavailable"
2026-06-13 21:23:51,809 - httpx - INFO - HTTP Request: GET https://datafeed.dukascopy.com/datafeed/EURUSD/2026/05/09/22h_ticks.bi5 "HTTP/1.1 503 Service Temporarily Unavailable"
2026-06-13 21:23:51,820 - httpx - INFO - HTTP Request: GET https://datafeed.dukascopy.com/datafeed/EURUSD/2026/05/09/23h_ticks.bi5 "HTTP/1.1 503 Service Temporarily Unavailable"
2026-06-13 21:23:51,829 - httpx - INFO - HTTP Request: GET https://datafeed.dukascopy.com/datafeed/EURUSD/2026/05/09/15h_ticks.bi5 "HTTP/1.1 503 Service Temporarily Unavailable"
2026-06-13 21:23:51,841 - httpx - INFO - HTTP Request: GET https://datafeed.dukascopy.com/datafeed/EURUSD/2026/05/09/09h_ticks.bi5 "HTTP/1.1 503 Service Temporarily Unavailable"
2026-06-13 21:23:51,851 - httpx - INFO - HTTP Request: GET https://datafeed.dukascopy.com/datafeed/EURUSD/2026/05/09/14h_ticks.bi5 "HTTP/1.1 503 Service Temporarily Unavailable"
2026-06-13 21:23:51,863 - httpx - INFO - HTTP Request: GET https://datafeed.dukascopy.com/datafeed/EURUSD/2026/05/09/21h_ticks.bi5 "HTTP/1.1 503 Service Temporarily Unavailable"
2026-06-13 21:23:51,880 - httpx - INFO - HTTP Request: GET https://datafeed.dukascopy.com/datafeed/EURUSD/2026/05/09/08h_ticks.bi5 "HTTP/1.1 503 Service Temporarily Unavailable"
2026-06-13 21:23:51,886 - httpx - INFO - HTTP Request: GET https://datafeed.dukascopy.com/datafeed/EURUSD/2026/05/09/19h_ticks.bi5 "HTTP/1.1 503 Service Temporarily Unavailable"
2026-06-13 21:23:51,889 - httpx - INFO - HTTP Request: GET https://datafeed.dukascopy.com/datafeed/EURUSD/2026/05/09/18h_ticks.bi5 "HTTP/1.1 503 Service Temporarily Unavailable"
2026-06-13 21:23:52,071 - httpx - INFO - HTTP Request: GET https://datafeed.dukascopy.com/datafeed/EURUSD/2026/04/25/04h_ticks.bi5 "HTTP/1.1 200 OK"
2026-06-13 21:23:52,340 - httpx - INFO - HTTP Request: GET https://datafeed.dukascopy.com/datafeed/EURUSD/2026/04/25/07h_ticks.bi5 "HTTP/1.1 200 OK"
2026-06-13 21:23:52,475 - httpx - INFO - HTTP Request: GET https://datafeed.dukascopy.com/datafeed/EURUSD/2026/04/25/03h_ticks.bi5 "HTTP/1.1 200 OK"
2026-06-13 21:23:52,578 - httpx - INFO - HTTP Request: GET https://datafeed.dukascopy.com/datafeed/EURUSD/2026/04/25/01h_ticks.bi5 "HTTP/1.1 200 OK"
2026-06-13 21:23:52,670 - httpx - INFO - HTTP Request: GET https://datafeed.dukascopy.com/datafeed/EURUSD/2026/04/25/12h_ticks.bi5 "HTTP/1.1 200 OK"
2026-06-13 21:23:52,877 - httpx - INFO - HTTP Request: GET https://datafeed.dukascopy.com/datafeed/EURUSD/2026/04/25/06h_ticks.bi5 "HTTP/1.1 200 OK"
2026-06-13 21:23:53,125 - httpx - INFO - HTTP Request: GET https://datafeed.dukascopy.com/datafeed/EURUSD/2026/04/25/17h_ticks.bi5 "HTTP/1.1 200 OK"
2026-06-13 21:23:53,271 - httpx - INFO - HTTP Request: GET https://datafeed.dukascopy.com/datafeed/EURUSD/2026/04/25/02h_ticks.bi5 "HTTP/1.1 200 OK"
2026-06-13 21:23:53,470 - httpx - INFO - HTTP Request: GET https://datafeed.dukascopy.com/datafeed/EURUSD/2026/04/25/10h_ticks.bi5 "HTTP/1.1 200 OK"
2026-06-13 21:23:53,674 - httpx - INFO - HTTP Request: GET https://datafeed.dukascopy.com/datafeed/EURUSD/2026/04/25/05h_ticks.bi5 "HTTP/1.1 200 OK"
2026-06-13 21:23:53,876 - httpx - INFO - HTTP Request: GET https://datafeed.dukascopy.com/datafeed/EURUSD/2026/04/25/11h_ticks.bi5 "HTTP/1.1 200 OK"
2026-06-13 21:23:54,069 - httpx - INFO - HTTP Request: GET https://datafeed.dukascopy.com/datafeed/EURUSD/2026/05/09/00h_ticks.bi5 "HTTP/1.1 200 OK"
2026-06-13 21:23:54,176 - httpx - INFO - HTTP Request: GET https://datafeed.dukascopy.com/datafeed/EURUSD/2026/04/24/16h_ticks.bi5 "HTTP/1.1 503 Service Temporarily Unavailable"
2026-06-13 21:23:54,181 - httpx - INFO - HTTP Request: GET https://datafeed.dukascopy.com/datafeed/EURUSD/2026/04/24/23h_ticks.bi5 "HTTP/1.1 503 Service Temporarily Unavailable"
2026-06-13 21:23:54,188 - httpx - INFO - HTTP Request: GET https://datafeed.dukascopy.com/datafeed/EURUSD/2026/04/24/18h_ticks.bi5 "HTTP/1.1 503 Service Temporarily Unavailable"
2026-06-13 21:23:54,200 - httpx - INFO - HTTP Request: GET https://datafeed.dukascopy.com/datafeed/EURUSD/2026/04/24/22h_ticks.bi5 "HTTP/1.1 503 Service Temporarily Unavailable"
2026-06-13 21:23:54,210 - httpx - INFO - HTTP Request: GET https://datafeed.dukascopy.com/datafeed/EURUSD/2026/04/24/13h_ticks.bi5 "HTTP/1.1 503 Service Temporarily Unavailable"
2026-06-13 21:23:54,215 - httpx - INFO - HTTP Request: GET https://datafeed.dukascopy.com/datafeed/EURUSD/2026/04/24/15h_ticks.bi5 "HTTP/1.1 503 Service Temporarily Unavailable"
2026-06-13 21:23:54,227 - httpx - INFO - HTTP Request: GET https://datafeed.dukascopy.com/datafeed/EURUSD/2026/04/24/20h_ticks.bi5 "HTTP/1.1 503 Service Temporarily Unavailable"
2026-06-13 21:23:54,238 - httpx - INFO - HTTP Request: GET https://datafeed.dukascopy.com/datafeed/EURUSD/2026/04/24/09h_ticks.bi5 "HTTP/1.1 503 Service Temporarily Unavailable"
2026-06-13 21:23:54,243 - httpx - INFO - HTTP Request: GET https://datafeed.dukascopy.com/datafeed/EURUSD/2026/04/24/14h_ticks.bi5 "HTTP/1.1 503 Service Temporarily Unavailable"
2026-06-13 21:23:54,275 - httpx - INFO - HTTP Request: GET https://datafeed.dukascopy.com/datafeed/EURUSD/2026/05/09/01h_ticks.bi5 "HTTP/1.1 200 OK"
2026-06-13 21:23:54,417 - httpx - INFO - HTTP Request: GET https://datafeed.dukascopy.com/datafeed/EURUSD/2026/04/24/19h_ticks.bi5 "HTTP/1.1 503 Service Temporarily Unavailable"
2026-06-13 21:23:54,431 - httpx - INFO - HTTP Request: GET https://datafeed.dukascopy.com/datafeed/EURUSD/2026/04/24/21h_ticks.bi5 "HTTP/1.1 503 Service Temporarily Unavailable"
2026-06-13 21:23:54,443 - httpx - INFO - HTTP Request: GET https://datafeed.dukascopy.com/datafeed/EURUSD/2026/04/24/08h_ticks.bi5 "HTTP/1.1 503 Service Temporarily Unavailable"
2026-06-13 21:23:54,503 - httpx - INFO - HTTP Request: GET https://datafeed.dukascopy.com/datafeed/EURUSD/2026/05/09/04h_ticks.bi5 "HTTP/1.1 200 OK"
2026-06-13 21:23:54,875 - httpx - INFO - HTTP Request: GET https://datafeed.dukascopy.com/datafeed/EURUSD/2026/05/09/20h_ticks.bi5 "HTTP/1.1 200 OK"
2026-06-13 21:23:55,049 - httpx - INFO - HTTP Request: GET https://datafeed.dukascopy.com/datafeed/EURUSD/2026/05/09/12h_ticks.bi5 "HTTP/1.1 200 OK"
2026-06-13 21:23:55,070 - httpx - INFO - HTTP Request: GET https://datafeed.dukascopy.com/datafeed/EURUSD/2026/04/24/00h_ticks.bi5 "HTTP/1.1 200 OK"
2026-06-13 21:23:55,244 - httpx - INFO - HTTP Request: GET https://datafeed.dukascopy.com/datafeed/EURUSD/2026/05/08/03h_ticks.bi5 "HTTP/1.1 503 Service Temporarily Unavailable"
2026-06-13 21:23:55,267 - httpx - INFO - HTTP Request: GET https://datafeed.dukascopy.com/datafeed/EURUSD/2026/04/24/01h_ticks.bi5 "HTTP/1.1 200 OK"
2026-06-13 21:23:55,270 - httpx - INFO - HTTP Request: GET https://datafeed.dukascopy.com/datafeed/EURUSD/2026/05/08/12h_ticks.bi5 "HTTP/1.1 503 Service Temporarily Unavailable"
2026-06-13 21:23:55,272 - httpx - INFO - HTTP Request: GET https://datafeed.dukascopy.com/datafeed/EURUSD/2026/05/08/06h_ticks.bi5 "HTTP/1.1 503 Service Temporarily Unavailable"
2026-06-13 21:23:55,301 - httpx - INFO - HTTP Request: GET https://datafeed.dukascopy.com/datafeed/EURUSD/2026/05/08/02h_ticks.bi5 "HTTP/1.1 503 Service Temporarily Unavailable"
2026-06-13 21:23:55,312 - httpx - INFO - HTTP Request: GET https://datafeed.dukascopy.com/datafeed/EURUSD/2026/05/08/10h_ticks.bi5 "HTTP/1.1 503 Service Temporarily Unavailable"
2026-06-13 21:23:55,320 - httpx - INFO - HTTP Request: GET https://datafeed.dukascopy.com/datafeed/EURUSD/2026/05/08/05h_ticks.bi5 "HTTP/1.1 503 Service Temporarily Unavailable"
2026-06-13 21:23:55,324 - httpx - INFO - HTTP Request: GET https://datafeed.dukascopy.com/datafeed/EURUSD/2026/05/08/16h_ticks.bi5 "HTTP/1.1 503 Service Temporarily Unavailable"
2026-06-13 21:23:55,335 - httpx - INFO - HTTP Request: GET https://datafeed.dukascopy.com/datafeed/EURUSD/2026/05/08/23h_ticks.bi5 "HTTP/1.1 503 Service Temporarily Unavailable"
2026-06-13 21:23:55,339 - httpx - INFO - HTTP Request: GET https://datafeed.dukascopy.com/datafeed/EURUSD/2026/05/08/14h_ticks.bi5 "HTTP/1.1 503 Service Temporarily Unavailable"
2026-06-13 21:23:55,357 - httpx - INFO - HTTP Request: GET https://datafeed.dukascopy.com/datafeed/EURUSD/2026/05/08/08h_ticks.bi5 "HTTP/1.1 503 Service Temporarily Unavailable"
2026-06-13 21:23:55,361 - httpx - INFO - HTTP Request: GET https://datafeed.dukascopy.com/datafeed/EURUSD/2026/05/08/18h_ticks.bi5 "HTTP/1.1 503 Service Temporarily Unavailable"
2026-06-13 21:23:55,376 - httpx - INFO - HTTP Request: GET https://datafeed.dukascopy.com/datafeed/EURUSD/2026/05/08/22h_ticks.bi5 "HTTP/1.1 503 Service Temporarily Unavailable"
2026-06-13 21:23:55,393 - httpx - INFO - HTTP Request: GET https://datafeed.dukascopy.com/datafeed/EURUSD/2026/05/08/21h_ticks.bi5 "HTTP/1.1 503 Service Temporarily Unavailable"
2026-06-13 21:23:55,396 - httpx - INFO - HTTP Request: GET https://datafeed.dukascopy.com/datafeed/EURUSD/2026/05/08/20h_ticks.bi5 "HTTP/1.1 503 Service Temporarily Unavailable"
2026-06-13 21:23:55,468 - httpx - INFO - HTTP Request: GET https://datafeed.dukascopy.com/datafeed/EURUSD/2026/04/24/04h_ticks.bi5 "HTTP/1.1 200 OK"
2026-06-13 21:23:55,549 - httpx - INFO - HTTP Request: GET https://datafeed.dukascopy.com/datafeed/EURUSD/2026/05/08/09h_ticks.bi5 "HTTP/1.1 503 Service Temporarily Unavailable"
2026-06-13 21:23:55,552 - httpx - INFO - HTTP Request: GET https://datafeed.dukascopy.com/datafeed/EURUSD/2026/05/08/19h_ticks.bi5 "HTTP/1.1 503 Service Temporarily Unavailable"
2026-06-13 21:23:55,562 - httpx - INFO - HTTP Request: GET https://datafeed.dukascopy.com/datafeed/EURUSD/2026/05/08/15h_ticks.bi5 "HTTP/1.1 503 Service Temporarily Unavailable"
2026-06-13 21:23:55,566 - httpx - INFO - HTTP Request: GET https://datafeed.dukascopy.com/datafeed/EURUSD/2026/05/08/13h_ticks.bi5 "HTTP/1.1 503 Service Temporarily Unavailable"
2026-06-13 21:23:55,668 - httpx - INFO - HTTP Request: GET https://datafeed.dukascopy.com/datafeed/EURUSD/2026/04/24/07h_ticks.bi5 "HTTP/1.1 200 OK"
2026-06-13 21:23:55,867 - httpx - INFO - HTTP Request: GET https://datafeed.dukascopy.com/datafeed/EURUSD/2026/04/24/03h_ticks.bi5 "HTTP/1.1 200 OK"
2026-06-13 21:23:56,067 - httpx - INFO - HTTP Request: GET https://datafeed.dukascopy.com/datafeed/EURUSD/2026/04/24/12h_ticks.bi5 "HTTP/1.1 200 OK"
2026-06-13 21:23:56,268 - httpx - INFO - HTTP Request: GET https://datafeed.dukascopy.com/datafeed/EURUSD/2026/04/24/06h_ticks.bi5 "HTTP/1.1 200 OK"
2026-06-13 21:23:56,468 - httpx - INFO - HTTP Request: GET https://datafeed.dukascopy.com/datafeed/EURUSD/2026/04/24/17h_ticks.bi5 "HTTP/1.1 200 OK"
2026-06-13 21:23:56,709 - httpx - INFO - HTTP Request: GET https://datafeed.dukascopy.com/datafeed/EURUSD/2026/04/24/02h_ticks.bi5 "HTTP/1.1 200 OK"
2026-06-13 21:23:56,867 - httpx - INFO - HTTP Request: GET https://datafeed.dukascopy.com/datafeed/EURUSD/2026/04/24/10h_ticks.bi5 "HTTP/1.1 200 OK"
2026-06-13 21:23:57,066 - httpx - INFO - HTTP Request: GET https://datafeed.dukascopy.com/datafeed/EURUSD/2026/04/24/05h_ticks.bi5 "HTTP/1.1 200 OK"
2026-06-13 21:23:57,265 - httpx - INFO - HTTP Request: GET https://datafeed.dukascopy.com/datafeed/EURUSD/2026/04/24/11h_ticks.bi5 "HTTP/1.1 200 OK"
2026-06-13 21:23:57,476 - httpx - INFO - HTTP Request: GET https://datafeed.dukascopy.com/datafeed/EURUSD/2026/05/08/00h_ticks.bi5 "HTTP/1.1 200 OK"
2026-06-13 21:23:57,551 - httpx - INFO - HTTP Request: GET https://datafeed.dukascopy.com/datafeed/EURUSD/2026/04/23/05h_ticks.bi5 "HTTP/1.1 503 Service Temporarily Unavailable"
2026-06-13 21:23:57,565 - httpx - INFO - HTTP Request: GET https://datafeed.dukascopy.com/datafeed/EURUSD/2026/04/23/16h_ticks.bi5 "HTTP/1.1 503 Service Temporarily Unavailable"
2026-06-13 21:23:57,570 - httpx - INFO - HTTP Request: GET https://datafeed.dukascopy.com/datafeed/EURUSD/2026/04/23/23h_ticks.bi5 "HTTP/1.1 503 Service Temporarily Unavailable"
2026-06-13 21:23:57,574 - httpx - INFO - HTTP Request: GET https://datafeed.dukascopy.com/datafeed/EURUSD/2026/04/23/18h_ticks.bi5 "HTTP/1.1 503 Service Temporarily Unavailable"
2026-06-13 21:23:57,589 - httpx - INFO - HTTP Request: GET https://datafeed.dukascopy.com/datafeed/EURUSD/2026/04/23/22h_ticks.bi5 "HTTP/1.1 503 Service Temporarily Unavailable"
2026-06-13 21:23:57,596 - httpx - INFO - HTTP Request: GET https://datafeed.dukascopy.com/datafeed/EURUSD/2026/04/23/13h_ticks.bi5 "HTTP/1.1 503 Service Temporarily Unavailable"
2026-06-13 21:23:57,600 - httpx - INFO - HTTP Request: GET https://datafeed.dukascopy.com/datafeed/EURUSD/2026/04/23/15h_ticks.bi5 "HTTP/1.1 503 Service Temporarily Unavailable"
2026-06-13 21:23:57,616 - httpx - INFO - HTTP Request: GET https://datafeed.dukascopy.com/datafeed/EURUSD/2026/04/23/20h_ticks.bi5 "HTTP/1.1 503 Service Temporarily Unavailable"
2026-06-13 21:23:57,625 - httpx - INFO - HTTP Request: GET https://datafeed.dukascopy.com/datafeed/EURUSD/2026/04/23/09h_ticks.bi5 "HTTP/1.1 503 Service Temporarily Unavailable"
2026-06-13 21:23:57,645 - httpx - INFO - HTTP Request: GET https://datafeed.dukascopy.com/datafeed/EURUSD/2026/04/23/14h_ticks.bi5 "HTTP/1.1 503 Service Temporarily Unavailable"
2026-06-13 21:23:57,744 - httpx - INFO - HTTP Request: GET https://datafeed.dukascopy.com/datafeed/EURUSD/2026/05/08/01h_ticks.bi5 "HTTP/1.1 200 OK"
2026-06-13 21:23:57,822 - httpx - INFO - HTTP Request: GET https://datafeed.dukascopy.com/datafeed/EURUSD/2026/04/23/21h_ticks.bi5 "HTTP/1.1 503 Service Temporarily Unavailable"
2026-06-13 21:23:57,825 - httpx - INFO - HTTP Request: GET https://datafeed.dukascopy.com/datafeed/EURUSD/2026/04/23/08h_ticks.bi5 "HTTP/1.1 503 Service Temporarily Unavailable"
2026-06-13 21:23:57,827 - httpx - INFO - HTTP Request: GET https://datafeed.dukascopy.com/datafeed/EURUSD/2026/04/23/11h_ticks.bi5 "HTTP/1.1 503 Service Temporarily Unavailable"
2026-06-13 21:23:57,889 - httpx - INFO - HTTP Request: GET https://datafeed.dukascopy.com/datafeed/EURUSD/2026/05/08/04h_ticks.bi5 "HTTP/1.1 200 OK"
2026-06-13 21:23:58,151 - httpx - INFO - HTTP Request: GET https://datafeed.dukascopy.com/datafeed/EURUSD/2026/05/08/07h_ticks.bi5 "HTTP/1.1 200 OK"
2026-06-13 21:23:58,284 - httpx - INFO - HTTP Request: GET https://datafeed.dukascopy.com/datafeed/EURUSD/2026/05/08/17h_ticks.bi5 "HTTP/1.1 200 OK"
2026-06-13 21:23:58,546 - httpx - INFO - HTTP Request: GET https://datafeed.dukascopy.com/datafeed/EURUSD/2026/05/08/11h_ticks.bi5 "HTTP/1.1 200 OK"
2026-06-13 21:23:58,670 - httpx - INFO - HTTP Request: GET https://datafeed.dukascopy.com/datafeed/EURUSD/2026/04/23/00h_ticks.bi5 "HTTP/1.1 200 OK"
2026-06-13 21:23:58,793 - httpx - INFO - HTTP Request: GET https://datafeed.dukascopy.com/datafeed/EURUSD/2026/05/07/12h_ticks.bi5 "HTTP/1.1 503 Service Temporarily Unavailable"
2026-06-13 21:23:58,810 - httpx - INFO - HTTP Request: GET https://datafeed.dukascopy.com/datafeed/EURUSD/2026/05/07/06h_ticks.bi5 "HTTP/1.1 503 Service Temporarily Unavailable"
2026-06-13 21:23:58,829 - httpx - INFO - HTTP Request: GET https://datafeed.dukascopy.com/datafeed/EURUSD/2026/05/07/17h_ticks.bi5 "HTTP/1.1 503 Service Temporarily Unavailable"
2026-06-13 21:23:58,831 - httpx - INFO - HTTP Request: GET https://datafeed.dukascopy.com/datafeed/EURUSD/2026/05/07/02h_ticks.bi5 "HTTP/1.1 503 Service Temporarily Unavailable"
2026-06-13 21:23:58,855 - httpx - INFO - HTTP Request: GET https://datafeed.dukascopy.com/datafeed/EURUSD/2026/05/07/10h_ticks.bi5 "HTTP/1.1 503 Service Temporarily Unavailable"
2026-06-13 21:23:58,865 - httpx - INFO - HTTP Request: GET https://datafeed.dukascopy.com/datafeed/EURUSD/2026/05/07/05h_ticks.bi5 "HTTP/1.1 503 Service Temporarily Unavailable"
2026-06-13 21:23:58,867 - httpx - INFO - HTTP Request: GET https://datafeed.dukascopy.com/datafeed/EURUSD/2026/04/23/01h_ticks.bi5 "HTTP/1.1 200 OK"
2026-06-13 21:23:58,867 - httpx - INFO - HTTP Request: GET https://datafeed.dukascopy.com/datafeed/EURUSD/2026/05/07/16h_ticks.bi5 "HTTP/1.1 503 Service Temporarily Unavailable"
2026-06-13 21:23:58,886 - httpx - INFO - HTTP Request: GET https://datafeed.dukascopy.com/datafeed/EURUSD/2026/05/07/18h_ticks.bi5 "HTTP/1.1 503 Service Temporarily Unavailable"
2026-06-13 21:23:58,892 - httpx - INFO - HTTP Request: GET https://datafeed.dukascopy.com/datafeed/EURUSD/2026/05/07/22h_ticks.bi5 "HTTP/1.1 503 Service Temporarily Unavailable"
2026-06-13 21:23:58,904 - httpx - INFO - HTTP Request: GET https://datafeed.dukascopy.com/datafeed/EURUSD/2026/05/07/13h_ticks.bi5 "HTTP/1.1 503 Service Temporarily Unavailable"
2026-06-13 21:23:58,907 - httpx - INFO - HTTP Request: GET https://datafeed.dukascopy.com/datafeed/EURUSD/2026/05/07/08h_ticks.bi5 "HTTP/1.1 503 Service Temporarily Unavailable"
2026-06-13 21:23:58,923 - httpx - INFO - HTTP Request: GET https://datafeed.dukascopy.com/datafeed/EURUSD/2026/05/07/15h_ticks.bi5 "HTTP/1.1 503 Service Temporarily Unavailable"
2026-06-13 21:23:58,932 - httpx - INFO - HTTP Request: GET https://datafeed.dukascopy.com/datafeed/EURUSD/2026/05/07/20h_ticks.bi5 "HTTP/1.1 503 Service Temporarily Unavailable"
2026-06-13 21:23:58,935 - httpx - INFO - HTTP Request: GET https://datafeed.dukascopy.com/datafeed/EURUSD/2026/05/07/14h_ticks.bi5 "HTTP/1.1 503 Service Temporarily Unavailable"
2026-06-13 21:23:58,945 - httpx - INFO - HTTP Request: GET https://datafeed.dukascopy.com/datafeed/EURUSD/2026/05/07/09h_ticks.bi5 "HTTP/1.1 503 Service Temporarily Unavailable"
2026-06-13 21:23:58,947 - httpx - INFO - HTTP Request: GET https://datafeed.dukascopy.com/datafeed/EURUSD/2026/05/07/21h_ticks.bi5 "HTTP/1.1 503 Service Temporarily Unavailable"
2026-06-13 21:23:58,951 - httpx - INFO - HTTP Request: GET https://datafeed.dukascopy.com/datafeed/EURUSD/2026/05/07/19h_ticks.bi5 "HTTP/1.1 503 Service Temporarily Unavailable"
2026-06-13 21:23:58,954 - httpx - INFO - HTTP Request: GET https://datafeed.dukascopy.com/datafeed/EURUSD/2026/05/07/11h_ticks.bi5 "HTTP/1.1 503 Service Temporarily Unavailable"
2026-06-13 21:23:59,087 - httpx - INFO - HTTP Request: GET https://datafeed.dukascopy.com/datafeed/EURUSD/2026/04/23/04h_ticks.bi5 "HTTP/1.1 200 OK"
2026-06-13 21:23:59,268 - httpx - INFO - HTTP Request: GET https://datafeed.dukascopy.com/datafeed/EURUSD/2026/04/23/07h_ticks.bi5 "HTTP/1.1 200 OK"
2026-06-13 21:23:59,468 - httpx - INFO - HTTP Request: GET https://datafeed.dukascopy.com/datafeed/EURUSD/2026/04/23/03h_ticks.bi5 "HTTP/1.1 200 OK"
2026-06-13 21:23:59,669 - httpx - INFO - HTTP Request: GET https://datafeed.dukascopy.com/datafeed/EURUSD/2026/04/23/12h_ticks.bi5 "HTTP/1.1 200 OK"
2026-06-13 21:23:59,867 - httpx - INFO - HTTP Request: GET https://datafeed.dukascopy.com/datafeed/EURUSD/2026/04/23/06h_ticks.bi5 "HTTP/1.1 200 OK"
2026-06-13 21:24:00,067 - httpx - INFO - HTTP Request: GET https://datafeed.dukascopy.com/datafeed/EURUSD/2026/04/23/17h_ticks.bi5 "HTTP/1.1 200 OK"
2026-06-13 21:24:00,267 - httpx - INFO - HTTP Request: GET https://datafeed.dukascopy.com/datafeed/EURUSD/2026/04/23/02h_ticks.bi5 "HTTP/1.1 200 OK"
2026-06-13 21:24:00,470 - httpx - INFO - HTTP Request: GET https://datafeed.dukascopy.com/datafeed/EURUSD/2026/04/23/10h_ticks.bi5 "HTTP/1.1 200 OK"
2026-06-13 21:24:00,673 - httpx - INFO - HTTP Request: GET https://datafeed.dukascopy.com/datafeed/EURUSD/2026/04/23/19h_ticks.bi5 "HTTP/1.1 200 OK"
2026-06-13 21:24:00,867 - httpx - INFO - HTTP Request: GET https://datafeed.dukascopy.com/datafeed/EURUSD/2026/05/07/00h_ticks.bi5 "HTTP/1.1 200 OK"
2026-06-13 21:24:00,965 - httpx - INFO - HTTP Request: GET https://datafeed.dukascopy.com/datafeed/EURUSD/2026/04/22/05h_ticks.bi5 "HTTP/1.1 503 Service Temporarily Unavailable"
2026-06-13 21:24:00,968 - httpx - INFO - HTTP Request: GET https://datafeed.dukascopy.com/datafeed/EURUSD/2026/04/22/16h_ticks.bi5 "HTTP/1.1 503 Service Temporarily Unavailable"
2026-06-13 21:24:00,980 - httpx - INFO - HTTP Request: GET https://datafeed.dukascopy.com/datafeed/EURUSD/2026/04/22/23h_ticks.bi5 "HTTP/1.1 503 Service Temporarily Unavailable"
2026-06-13 21:24:00,983 - httpx - INFO - HTTP Request: GET https://datafeed.dukascopy.com/datafeed/EURUSD/2026/04/22/18h_ticks.bi5 "HTTP/1.1 503 Service Temporarily Unavailable"
2026-06-13 21:24:01,032 - httpx - INFO - HTTP Request: GET https://datafeed.dukascopy.com/datafeed/EURUSD/2026/04/22/13h_ticks.bi5 "HTTP/1.1 503 Service Temporarily Unavailable"
2026-06-13 21:24:01,037 - httpx - INFO - HTTP Request: GET https://datafeed.dukascopy.com/datafeed/EURUSD/2026/04/22/22h_ticks.bi5 "HTTP/1.1 503 Service Temporarily Unavailable"
2026-06-13 21:24:01,040 - httpx - INFO - HTTP Request: GET https://datafeed.dukascopy.com/datafeed/EURUSD/2026/04/22/09h_ticks.bi5 "HTTP/1.1 503 Service Temporarily Unavailable"
2026-06-13 21:24:01,043 - httpx - INFO - HTTP Request: GET https://datafeed.dukascopy.com/datafeed/EURUSD/2026/04/22/15h_ticks.bi5 "HTTP/1.1 503 Service Temporarily Unavailable"
2026-06-13 21:24:01,044 - httpx - INFO - HTTP Request: GET https://datafeed.dukascopy.com/datafeed/EURUSD/2026/04/22/20h_ticks.bi5 "HTTP/1.1 503 Service Temporarily Unavailable"
2026-06-13 21:24:01,060 - httpx - INFO - HTTP Request: GET https://datafeed.dukascopy.com/datafeed/EURUSD/2026/04/22/14h_ticks.bi5 "HTTP/1.1 503 Service Temporarily Unavailable"
2026-06-13 21:24:01,250 - httpx - INFO - HTTP Request: GET https://datafeed.dukascopy.com/datafeed/EURUSD/2026/04/22/08h_ticks.bi5 "HTTP/1.1 503 Service Temporarily Unavailable"
2026-06-13 21:24:01,254 - httpx - INFO - HTTP Request: GET https://datafeed.dukascopy.com/datafeed/EURUSD/2026/04/22/11h_ticks.bi5 "HTTP/1.1 503 Service Temporarily Unavailable"
2026-06-13 21:24:01,256 - httpx - INFO - HTTP Request: GET https://datafeed.dukascopy.com/datafeed/EURUSD/2026/04/22/19h_ticks.bi5 "HTTP/1.1 503 Service Temporarily Unavailable"
2026-06-13 21:24:01,268 - httpx - INFO - HTTP Request: GET https://datafeed.dukascopy.com/datafeed/EURUSD/2026/05/07/04h_ticks.bi5 "HTTP/1.1 200 OK"
2026-06-13 21:24:01,376 - httpx - INFO - HTTP Request: GET https://datafeed.dukascopy.com/datafeed/EURUSD/2026/05/07/01h_ticks.bi5 "HTTP/1.1 200 OK"
2026-06-13 21:24:01,510 - httpx - INFO - HTTP Request: GET https://datafeed.dukascopy.com/datafeed/EURUSD/2026/05/07/07h_ticks.bi5 "HTTP/1.1 200 OK"
2026-06-13 21:24:01,669 - httpx - INFO - HTTP Request: GET https://datafeed.dukascopy.com/datafeed/EURUSD/2026/05/07/03h_ticks.bi5 "HTTP/1.1 200 OK"
2026-06-13 21:24:01,874 - httpx - INFO - HTTP Request: GET https://datafeed.dukascopy.com/datafeed/EURUSD/2026/05/07/23h_ticks.bi5 "HTTP/1.1 200 OK"
2026-06-13 21:24:02,073 - httpx - INFO - HTTP Request: GET https://datafeed.dukascopy.com/datafeed/EURUSD/2026/04/22/00h_ticks.bi5 "HTTP/1.1 200 OK"
2026-06-13 21:24:02,076 - httpx - INFO - HTTP Request: GET https://datafeed.dukascopy.com/datafeed/EURUSD/2026/05/06/03h_ticks.bi5 "HTTP/1.1 503 Service Temporarily Unavailable"
2026-06-13 21:24:02,105 - httpx - INFO - HTTP Request: GET https://datafeed.dukascopy.com/datafeed/EURUSD/2026/05/06/06h_ticks.bi5 "HTTP/1.1 503 Service Temporarily Unavailable"
2026-06-13 21:24:02,111 - httpx - INFO - HTTP Request: GET https://datafeed.dukascopy.com/datafeed/EURUSD/2026/05/06/17h_ticks.bi5 "HTTP/1.1 503 Service Temporarily Unavailable"
2026-06-13 21:24:02,129 - httpx - INFO - HTTP Request: GET https://datafeed.dukascopy.com/datafeed/EURUSD/2026/05/06/02h_ticks.bi5 "HTTP/1.1 503 Service Temporarily Unavailable"
2026-06-13 21:24:02,144 - httpx - INFO - HTTP Request: GET https://datafeed.dukascopy.com/datafeed/EURUSD/2026/05/06/10h_ticks.bi5 "HTTP/1.1 503 Service Temporarily Unavailable"
2026-06-13 21:24:02,153 - httpx - INFO - HTTP Request: GET https://datafeed.dukascopy.com/datafeed/EURUSD/2026/05/06/05h_ticks.bi5 "HTTP/1.1 503 Service Temporarily Unavailable"
2026-06-13 21:24:02,164 - httpx - INFO - HTTP Request: GET https://datafeed.dukascopy.com/datafeed/EURUSD/2026/05/06/16h_ticks.bi5 "HTTP/1.1 503 Service Temporarily Unavailable"
2026-06-13 21:24:02,204 - httpx - INFO - HTTP Request: GET https://datafeed.dukascopy.com/datafeed/EURUSD/2026/05/06/23h_ticks.bi5 "HTTP/1.1 503 Service Temporarily Unavailable"
2026-06-13 21:24:02,207 - httpx - INFO - HTTP Request: GET https://datafeed.dukascopy.com/datafeed/EURUSD/2026/05/06/14h_ticks.bi5 "HTTP/1.1 503 Service Temporarily Unavailable"
2026-06-13 21:24:02,209 - httpx - INFO - HTTP Request: GET https://datafeed.dukascopy.com/datafeed/EURUSD/2026/05/06/08h_ticks.bi5 "HTTP/1.1 503 Service Temporarily Unavailable"
2026-06-13 21:24:02,211 - httpx - INFO - HTTP Request: GET https://datafeed.dukascopy.com/datafeed/EURUSD/2026/05/06/18h_ticks.bi5 "HTTP/1.1 503 Service Temporarily Unavailable"
2026-06-13 21:24:02,216 - httpx - INFO - HTTP Request: GET https://datafeed.dukascopy.com/datafeed/EURUSD/2026/05/06/22h_ticks.bi5 "HTTP/1.1 503 Service Temporarily Unavailable"
2026-06-13 21:24:02,225 - httpx - INFO - HTTP Request: GET https://datafeed.dukascopy.com/datafeed/EURUSD/2026/05/06/13h_ticks.bi5 "HTTP/1.1 503 Service Temporarily Unavailable"
2026-06-13 21:24:02,237 - httpx - INFO - HTTP Request: GET https://datafeed.dukascopy.com/datafeed/EURUSD/2026/05/06/21h_ticks.bi5 "HTTP/1.1 503 Service Temporarily Unavailable"
2026-06-13 21:24:02,240 - httpx - INFO - HTTP Request: GET https://datafeed.dukascopy.com/datafeed/EURUSD/2026/05/06/15h_ticks.bi5 "HTTP/1.1 503 Service Temporarily Unavailable"
2026-06-13 21:24:02,255 - httpx - INFO - HTTP Request: GET https://datafeed.dukascopy.com/datafeed/EURUSD/2026/05/06/11h_ticks.bi5 "HTTP/1.1 503 Service Temporarily Unavailable"
2026-06-13 21:24:02,259 - httpx - INFO - HTTP Request: GET https://datafeed.dukascopy.com/datafeed/EURUSD/2026/05/06/19h_ticks.bi5 "HTTP/1.1 503 Service Temporarily Unavailable"
2026-06-13 21:24:02,261 - httpx - INFO - HTTP Request: GET https://datafeed.dukascopy.com/datafeed/EURUSD/2026/05/06/09h_ticks.bi5 "HTTP/1.1 503 Service Temporarily Unavailable"
2026-06-13 21:24:02,265 - httpx - INFO - HTTP Request: GET https://datafeed.dukascopy.com/datafeed/EURUSD/2026/05/06/20h_ticks.bi5 "HTTP/1.1 503 Service Temporarily Unavailable"
2026-06-13 21:24:02,277 - httpx - INFO - HTTP Request: GET https://datafeed.dukascopy.com/datafeed/EURUSD/2026/04/22/01h_ticks.bi5 "HTTP/1.1 200 OK"
2026-06-13 21:24:02,471 - httpx - INFO - HTTP Request: GET https://datafeed.dukascopy.com/datafeed/EURUSD/2026/04/22/04h_ticks.bi5 "HTTP/1.1 200 OK"
2026-06-13 21:24:02,671 - httpx - INFO - HTTP Request: GET https://datafeed.dukascopy.com/datafeed/EURUSD/2026/04/22/07h_ticks.bi5 "HTTP/1.1 200 OK"
2026-06-13 21:24:02,868 - httpx - INFO - HTTP Request: GET https://datafeed.dukascopy.com/datafeed/EURUSD/2026/04/22/03h_ticks.bi5 "HTTP/1.1 200 OK"
2026-06-13 21:24:03,142 - httpx - INFO - HTTP Request: GET https://datafeed.dukascopy.com/datafeed/EURUSD/2026/04/22/12h_ticks.bi5 "HTTP/1.1 200 OK"
2026-06-13 21:24:03,276 - httpx - INFO - HTTP Request: GET https://datafeed.dukascopy.com/datafeed/EURUSD/2026/04/22/06h_ticks.bi5 "HTTP/1.1 200 OK"
2026-06-13 21:24:03,546 - httpx - INFO - HTTP Request: GET https://datafeed.dukascopy.com/datafeed/EURUSD/2026/04/22/17h_ticks.bi5 "HTTP/1.1 200 OK"
2026-06-13 21:24:03,672 - httpx - INFO - HTTP Request: GET https://datafeed.dukascopy.com/datafeed/EURUSD/2026/04/22/02h_ticks.bi5 "HTTP/1.1 200 OK"
2026-06-13 21:24:03,870 - httpx - INFO - HTTP Request: GET https://datafeed.dukascopy.com/datafeed/EURUSD/2026/04/22/10h_ticks.bi5 "HTTP/1.1 200 OK"
2026-06-13 21:24:04,067 - httpx - INFO - HTTP Request: GET https://datafeed.dukascopy.com/datafeed/EURUSD/2026/04/22/21h_ticks.bi5 "HTTP/1.1 200 OK"
2026-06-13 21:24:04,267 - httpx - INFO - HTTP Request: GET https://datafeed.dukascopy.com/datafeed/EURUSD/2026/05/06/00h_ticks.bi5 "HTTP/1.1 200 OK"
2026-06-13 21:24:04,364 - httpx - INFO - HTTP Request: GET https://datafeed.dukascopy.com/datafeed/EURUSD/2026/04/21/16h_ticks.bi5 "HTTP/1.1 503 Service Temporarily Unavailable"
2026-06-13 21:24:04,368 - httpx - INFO - HTTP Request: GET https://datafeed.dukascopy.com/datafeed/EURUSD/2026/04/21/23h_ticks.bi5 "HTTP/1.1 503 Service Temporarily Unavailable"
2026-06-13 21:24:04,398 - httpx - INFO - HTTP Request: GET https://datafeed.dukascopy.com/datafeed/EURUSD/2026/04/21/18h_ticks.bi5 "HTTP/1.1 503 Service Temporarily Unavailable"
2026-06-13 21:24:04,401 - httpx - INFO - HTTP Request: GET https://datafeed.dukascopy.com/datafeed/EURUSD/2026/04/21/22h_ticks.bi5 "HTTP/1.1 503 Service Temporarily Unavailable"
2026-06-13 21:24:04,403 - httpx - INFO - HTTP Request: GET https://datafeed.dukascopy.com/datafeed/EURUSD/2026/04/21/13h_ticks.bi5 "HTTP/1.1 503 Service Temporarily Unavailable"
2026-06-13 21:24:04,412 - httpx - INFO - HTTP Request: GET https://datafeed.dukascopy.com/datafeed/EURUSD/2026/04/21/15h_ticks.bi5 "HTTP/1.1 503 Service Temporarily Unavailable"
2026-06-13 21:24:04,442 - httpx - INFO - HTTP Request: GET https://datafeed.dukascopy.com/datafeed/EURUSD/2026/04/21/20h_ticks.bi5 "HTTP/1.1 503 Service Temporarily Unavailable"
2026-06-13 21:24:04,445 - httpx - INFO - HTTP Request: GET https://datafeed.dukascopy.com/datafeed/EURUSD/2026/04/21/09h_ticks.bi5 "HTTP/1.1 503 Service Temporarily Unavailable"
2026-06-13 21:24:04,448 - httpx - INFO - HTTP Request: GET https://datafeed.dukascopy.com/datafeed/EURUSD/2026/04/21/14h_ticks.bi5 "HTTP/1.1 503 Service Temporarily Unavailable"
2026-06-13 21:24:04,469 - httpx - INFO - HTTP Request: GET https://datafeed.dukascopy.com/datafeed/EURUSD/2026/05/06/01h_ticks.bi5 "HTTP/1.1 200 OK"
2026-06-13 21:24:04,622 - httpx - INFO - HTTP Request: GET https://datafeed.dukascopy.com/datafeed/EURUSD/2026/04/21/08h_ticks.bi5 "HTTP/1.1 503 Service Temporarily Unavailable"
2026-06-13 21:24:04,629 - httpx - INFO - HTTP Request: GET https://datafeed.dukascopy.com/datafeed/EURUSD/2026/04/21/19h_ticks.bi5 "HTTP/1.1 503 Service Temporarily Unavailable"
2026-06-13 21:24:04,633 - httpx - INFO - HTTP Request: GET https://datafeed.dukascopy.com/datafeed/EURUSD/2026/04/21/21h_ticks.bi5 "HTTP/1.1 503 Service Temporarily Unavailable"
2026-06-13 21:24:04,669 - httpx - INFO - HTTP Request: GET https://datafeed.dukascopy.com/datafeed/EURUSD/2026/05/06/04h_ticks.bi5 "HTTP/1.1 200 OK"
2026-06-13 21:24:04,870 - httpx - INFO - HTTP Request: GET https://datafeed.dukascopy.com/datafeed/EURUSD/2026/05/06/07h_ticks.bi5 "HTTP/1.1 200 OK"
2026-06-13 21:24:05,069 - httpx - INFO - HTTP Request: GET https://datafeed.dukascopy.com/datafeed/EURUSD/2026/05/06/12h_ticks.bi5 "HTTP/1.1 200 OK"
2026-06-13 21:24:05,250 - httpx - INFO - HTTP Request: GET https://datafeed.dukascopy.com/datafeed/EURUSD/2026/05/05/07h_ticks.bi5 "HTTP/1.1 503 Service Temporarily Unavailable"
2026-06-13 21:24:05,264 - httpx - INFO - HTTP Request: GET https://datafeed.dukascopy.com/datafeed/EURUSD/2026/05/05/03h_ticks.bi5 "HTTP/1.1 503 Service Temporarily Unavailable"
2026-06-13 21:24:05,274 - httpx - INFO - HTTP Request: GET https://datafeed.dukascopy.com/datafeed/EURUSD/2026/04/21/00h_ticks.bi5 "HTTP/1.1 200 OK"
2026-06-13 21:24:05,278 - httpx - INFO - HTTP Request: GET https://datafeed.dukascopy.com/datafeed/EURUSD/2026/05/05/12h_ticks.bi5 "HTTP/1.1 503 Service Temporarily Unavailable"
2026-06-13 21:24:05,290 - httpx - INFO - HTTP Request: GET https://datafeed.dukascopy.com/datafeed/EURUSD/2026/05/05/06h_ticks.bi5 "HTTP/1.1 503 Service Temporarily Unavailable"
2026-06-13 21:24:05,319 - httpx - INFO - HTTP Request: GET https://datafeed.dukascopy.com/datafeed/EURUSD/2026/05/05/02h_ticks.bi5 "HTTP/1.1 503 Service Temporarily Unavailable"
2026-06-13 21:24:05,327 - httpx - INFO - HTTP Request: GET https://datafeed.dukascopy.com/datafeed/EURUSD/2026/05/05/10h_ticks.bi5 "HTTP/1.1 503 Service Temporarily Unavailable"
2026-06-13 21:24:05,337 - httpx - INFO - HTTP Request: GET https://datafeed.dukascopy.com/datafeed/EURUSD/2026/05/05/05h_ticks.bi5 "HTTP/1.1 503 Service Temporarily Unavailable"
2026-06-13 21:24:05,353 - httpx - INFO - HTTP Request: GET https://datafeed.dukascopy.com/datafeed/EURUSD/2026/05/05/16h_ticks.bi5 "HTTP/1.1 503 Service Temporarily Unavailable"
2026-06-13 21:24:05,365 - httpx - INFO - HTTP Request: GET https://datafeed.dukascopy.com/datafeed/EURUSD/2026/05/05/22h_ticks.bi5 "HTTP/1.1 503 Service Temporarily Unavailable"
2026-06-13 21:24:05,374 - httpx - INFO - HTTP Request: GET https://datafeed.dukascopy.com/datafeed/EURUSD/2026/05/05/13h_ticks.bi5 "HTTP/1.1 503 Service Temporarily Unavailable"
2026-06-13 21:24:05,380 - httpx - INFO - HTTP Request: GET https://datafeed.dukascopy.com/datafeed/EURUSD/2026/05/05/19h_ticks.bi5 "HTTP/1.1 503 Service Temporarily Unavailable"
2026-06-13 21:24:05,390 - httpx - INFO - HTTP Request: GET https://datafeed.dukascopy.com/datafeed/EURUSD/2026/05/05/15h_ticks.bi5 "HTTP/1.1 503 Service Temporarily Unavailable"
2026-06-13 21:24:05,402 - httpx - INFO - HTTP Request: GET https://datafeed.dukascopy.com/datafeed/EURUSD/2026/05/05/18h_ticks.bi5 "HTTP/1.1 503 Service Temporarily Unavailable"
2026-06-13 21:24:05,413 - httpx - INFO - HTTP Request: GET https://datafeed.dukascopy.com/datafeed/EURUSD/2026/05/05/21h_ticks.bi5 "HTTP/1.1 503 Service Temporarily Unavailable"
2026-06-13 21:24:05,422 - httpx - INFO - HTTP Request: GET https://datafeed.dukascopy.com/datafeed/EURUSD/2026/05/05/09h_ticks.bi5 "HTTP/1.1 503 Service Temporarily Unavailable"
2026-06-13 21:24:05,445 - httpx - INFO - HTTP Request: GET https://datafeed.dukascopy.com/datafeed/EURUSD/2026/05/05/14h_ticks.bi5 "HTTP/1.1 503 Service Temporarily Unavailable"
2026-06-13 21:24:05,448 - httpx - INFO - HTTP Request: GET https://datafeed.dukascopy.com/datafeed/EURUSD/2026/05/05/11h_ticks.bi5 "HTTP/1.1 503 Service Temporarily Unavailable"
2026-06-13 21:24:05,451 - httpx - INFO - HTTP Request: GET https://datafeed.dukascopy.com/datafeed/EURUSD/2026/05/05/20h_ticks.bi5 "HTTP/1.1 503 Service Temporarily Unavailable"
2026-06-13 21:24:05,453 - httpx - INFO - HTTP Request: GET https://datafeed.dukascopy.com/datafeed/EURUSD/2026/05/05/23h_ticks.bi5 "HTTP/1.1 503 Service Temporarily Unavailable"
2026-06-13 21:24:05,458 - httpx - INFO - HTTP Request: GET https://datafeed.dukascopy.com/datafeed/EURUSD/2026/05/05/08h_ticks.bi5 "HTTP/1.1 503 Service Temporarily Unavailable"
2026-06-13 21:24:05,553 - httpx - INFO - HTTP Request: GET https://datafeed.dukascopy.com/datafeed/EURUSD/2026/04/21/01h_ticks.bi5 "HTTP/1.1 200 OK"
2026-06-13 21:24:05,668 - httpx - INFO - HTTP Request: GET https://datafeed.dukascopy.com/datafeed/EURUSD/2026/04/21/04h_ticks.bi5 "HTTP/1.1 200 OK"
2026-06-13 21:24:05,947 - httpx - INFO - HTTP Request: GET https://datafeed.dukascopy.com/datafeed/EURUSD/2026/04/21/07h_ticks.bi5 "HTTP/1.1 200 OK"
2026-06-13 21:24:06,078 - httpx - INFO - HTTP Request: GET https://datafeed.dukascopy.com/datafeed/EURUSD/2026/04/21/03h_ticks.bi5 "HTTP/1.1 200 OK"
2026-06-13 21:24:06,343 - httpx - INFO - HTTP Request: GET https://datafeed.dukascopy.com/datafeed/EURUSD/2026/04/21/12h_ticks.bi5 "HTTP/1.1 200 OK"
2026-06-13 21:24:06,475 - httpx - INFO - HTTP Request: GET https://datafeed.dukascopy.com/datafeed/EURUSD/2026/04/21/06h_ticks.bi5 "HTTP/1.1 200 OK"
2026-06-13 21:24:06,816 - httpx - INFO - HTTP Request: GET https://datafeed.dukascopy.com/datafeed/EURUSD/2026/04/21/17h_ticks.bi5 "HTTP/1.1 200 OK"
2026-06-13 21:24:06,875 - httpx - INFO - HTTP Request: GET https://datafeed.dukascopy.com/datafeed/EURUSD/2026/04/21/02h_ticks.bi5 "HTTP/1.1 200 OK"
2026-06-13 21:24:07,142 - httpx - INFO - HTTP Request: GET https://datafeed.dukascopy.com/datafeed/EURUSD/2026/04/21/10h_ticks.bi5 "HTTP/1.1 200 OK"
2026-06-13 21:24:07,270 - httpx - INFO - HTTP Request: GET https://datafeed.dukascopy.com/datafeed/EURUSD/2026/04/21/05h_ticks.bi5 "HTTP/1.1 200 OK"
2026-06-13 21:24:07,539 - httpx - INFO - HTTP Request: GET https://datafeed.dukascopy.com/datafeed/EURUSD/2026/04/21/11h_ticks.bi5 "HTTP/1.1 200 OK"
2026-06-13 21:24:07,682 - httpx - INFO - HTTP Request: GET https://datafeed.dukascopy.com/datafeed/EURUSD/2026/05/05/00h_ticks.bi5 "HTTP/1.1 200 OK"
2026-06-13 21:24:07,879 - httpx - INFO - HTTP Request: GET https://datafeed.dukascopy.com/datafeed/EURUSD/2026/04/20/23h_ticks.bi5 "HTTP/1.1 503 Service Temporarily Unavailable"
2026-06-13 21:24:07,881 - httpx - INFO - HTTP Request: GET https://datafeed.dukascopy.com/datafeed/EURUSD/2026/05/05/01h_ticks.bi5 "HTTP/1.1 200 OK"
2026-06-13 21:24:07,885 - httpx - INFO - HTTP Request: GET https://datafeed.dukascopy.com/datafeed/EURUSD/2026/04/20/22h_ticks.bi5 "HTTP/1.1 503 Service Temporarily Unavailable"
2026-06-13 21:24:07,890 - httpx - INFO - HTTP Request: GET https://datafeed.dukascopy.com/datafeed/EURUSD/2026/04/20/13h_ticks.bi5 "HTTP/1.1 503 Service Temporarily Unavailable"
2026-06-13 21:24:07,895 - httpx - INFO - HTTP Request: GET https://datafeed.dukascopy.com/datafeed/EURUSD/2026/04/20/15h_ticks.bi5 "HTTP/1.1 503 Service Temporarily Unavailable"
2026-06-13 21:24:07,906 - httpx - INFO - HTTP Request: GET https://datafeed.dukascopy.com/datafeed/EURUSD/2026/04/20/20h_ticks.bi5 "HTTP/1.1 503 Service Temporarily Unavailable"
2026-06-13 21:24:07,914 - httpx - INFO - HTTP Request: GET https://datafeed.dukascopy.com/datafeed/EURUSD/2026/04/20/09h_ticks.bi5 "HTTP/1.1 503 Service Temporarily Unavailable"
2026-06-13 21:24:07,922 - httpx - INFO - HTTP Request: GET https://datafeed.dukascopy.com/datafeed/EURUSD/2026/04/20/14h_ticks.bi5 "HTTP/1.1 503 Service Temporarily Unavailable"
2026-06-13 21:24:08,069 - httpx - INFO - HTTP Request: GET https://datafeed.dukascopy.com/datafeed/EURUSD/2026/05/05/04h_ticks.bi5 "HTTP/1.1 200 OK"
2026-06-13 21:24:08,118 - httpx - INFO - HTTP Request: GET https://datafeed.dukascopy.com/datafeed/EURUSD/2026/04/20/21h_ticks.bi5 "HTTP/1.1 503 Service Temporarily Unavailable"
2026-06-13 21:24:08,123 - httpx - INFO - HTTP Request: GET https://datafeed.dukascopy.com/datafeed/EURUSD/2026/04/20/08h_ticks.bi5 "HTTP/1.1 503 Service Temporarily Unavailable"
2026-06-13 21:24:08,127 - httpx - INFO - HTTP Request: GET https://datafeed.dukascopy.com/datafeed/EURUSD/2026/04/20/11h_ticks.bi5 "HTTP/1.1 503 Service Temporarily Unavailable"
2026-06-13 21:24:08,341 - httpx - INFO - HTTP Request: GET https://datafeed.dukascopy.com/datafeed/EURUSD/2026/05/05/17h_ticks.bi5 "HTTP/1.1 200 OK"
2026-06-13 21:24:08,525 - httpx - INFO - HTTP Request: GET https://datafeed.dukascopy.com/datafeed/EURUSD/2026/05/04/04h_ticks.bi5 "HTTP/1.1 503 Service Temporarily Unavailable"
2026-06-13 21:24:08,536 - httpx - INFO - HTTP Request: GET https://datafeed.dukascopy.com/datafeed/EURUSD/2026/05/04/07h_ticks.bi5 "HTTP/1.1 503 Service Temporarily Unavailable"
2026-06-13 21:24:08,542 - httpx - INFO - HTTP Request: GET https://datafeed.dukascopy.com/datafeed/EURUSD/2026/04/20/00h_ticks.bi5 "HTTP/1.1 200 OK"
2026-06-13 21:24:08,544 - httpx - INFO - HTTP Request: GET https://datafeed.dukascopy.com/datafeed/EURUSD/2026/05/04/03h_ticks.bi5 "HTTP/1.1 503 Service Temporarily Unavailable"
2026-06-13 21:24:08,558 - httpx - INFO - HTTP Request: GET https://datafeed.dukascopy.com/datafeed/EURUSD/2026/05/04/12h_ticks.bi5 "HTTP/1.1 503 Service Temporarily Unavailable"
2026-06-13 21:24:08,568 - httpx - INFO - HTTP Request: GET https://datafeed.dukascopy.com/datafeed/EURUSD/2026/05/04/06h_ticks.bi5 "HTTP/1.1 503 Service Temporarily Unavailable"
2026-06-13 21:24:08,578 - httpx - INFO - HTTP Request: GET https://datafeed.dukascopy.com/datafeed/EURUSD/2026/05/04/17h_ticks.bi5 "HTTP/1.1 503 Service Temporarily Unavailable"
2026-06-13 21:24:08,594 - httpx - INFO - HTTP Request: GET https://datafeed.dukascopy.com/datafeed/EURUSD/2026/05/04/02h_ticks.bi5 "HTTP/1.1 503 Service Temporarily Unavailable"
2026-06-13 21:24:08,602 - httpx - INFO - HTTP Request: GET https://datafeed.dukascopy.com/datafeed/EURUSD/2026/05/04/10h_ticks.bi5 "HTTP/1.1 503 Service Temporarily Unavailable"
2026-06-13 21:24:08,616 - httpx - INFO - HTTP Request: GET https://datafeed.dukascopy.com/datafeed/EURUSD/2026/05/04/05h_ticks.bi5 "HTTP/1.1 503 Service Temporarily Unavailable"
2026-06-13 21:24:08,630 - httpx - INFO - HTTP Request: GET https://datafeed.dukascopy.com/datafeed/EURUSD/2026/05/04/16h_ticks.bi5 "HTTP/1.1 503 Service Temporarily Unavailable"
2026-06-13 21:24:08,640 - httpx - INFO - HTTP Request: GET https://datafeed.dukascopy.com/datafeed/EURUSD/2026/05/04/13h_ticks.bi5 "HTTP/1.1 503 Service Temporarily Unavailable"
2026-06-13 21:24:08,649 - httpx - INFO - HTTP Request: GET https://datafeed.dukascopy.com/datafeed/EURUSD/2026/05/04/11h_ticks.bi5 "HTTP/1.1 503 Service Temporarily Unavailable"
2026-06-13 21:24:08,654 - httpx - INFO - HTTP Request: GET https://datafeed.dukascopy.com/datafeed/EURUSD/2026/05/04/22h_ticks.bi5 "HTTP/1.1 503 Service Temporarily Unavailable"
2026-06-13 21:24:08,664 - httpx - INFO - HTTP Request: GET https://datafeed.dukascopy.com/datafeed/EURUSD/2026/05/04/21h_ticks.bi5 "HTTP/1.1 503 Service Temporarily Unavailable"
2026-06-13 21:24:08,686 - httpx - INFO - HTTP Request: GET https://datafeed.dukascopy.com/datafeed/EURUSD/2026/05/04/20h_ticks.bi5 "HTTP/1.1 503 Service Temporarily Unavailable"
2026-06-13 21:24:08,697 - httpx - INFO - HTTP Request: GET https://datafeed.dukascopy.com/datafeed/EURUSD/2026/05/04/23h_ticks.bi5 "HTTP/1.1 503 Service Temporarily Unavailable"
2026-06-13 21:24:08,709 - httpx - INFO - HTTP Request: GET https://datafeed.dukascopy.com/datafeed/EURUSD/2026/05/04/19h_ticks.bi5 "HTTP/1.1 503 Service Temporarily Unavailable"
2026-06-13 21:24:08,724 - httpx - INFO - HTTP Request: GET https://datafeed.dukascopy.com/datafeed/EURUSD/2026/05/04/15h_ticks.bi5 "HTTP/1.1 503 Service Temporarily Unavailable"
2026-06-13 21:24:08,728 - httpx - INFO - HTTP Request: GET https://datafeed.dukascopy.com/datafeed/EURUSD/2026/05/04/09h_ticks.bi5 "HTTP/1.1 503 Service Temporarily Unavailable"
2026-06-13 21:24:08,731 - httpx - INFO - HTTP Request: GET https://datafeed.dukascopy.com/datafeed/EURUSD/2026/05/04/08h_ticks.bi5 "HTTP/1.1 503 Service Temporarily Unavailable"
2026-06-13 21:24:08,734 - httpx - INFO - HTTP Request: GET https://datafeed.dukascopy.com/datafeed/EURUSD/2026/05/04/18h_ticks.bi5 "HTTP/1.1 503 Service Temporarily Unavailable"
2026-06-13 21:24:08,747 - httpx - INFO - HTTP Request: GET https://datafeed.dukascopy.com/datafeed/EURUSD/2026/04/20/01h_ticks.bi5 "HTTP/1.1 200 OK"
2026-06-13 21:24:08,870 - httpx - INFO - HTTP Request: GET https://datafeed.dukascopy.com/datafeed/EURUSD/2026/04/20/04h_ticks.bi5 "HTTP/1.1 200 OK"
2026-06-13 21:24:09,071 - httpx - INFO - HTTP Request: GET https://datafeed.dukascopy.com/datafeed/EURUSD/2026/04/20/07h_ticks.bi5 "HTTP/1.1 200 OK"
2026-06-13 21:24:09,274 - httpx - INFO - HTTP Request: GET https://datafeed.dukascopy.com/datafeed/EURUSD/2026/04/20/03h_ticks.bi5 "HTTP/1.1 200 OK"
2026-06-13 21:24:09,475 - httpx - INFO - HTTP Request: GET https://datafeed.dukascopy.com/datafeed/EURUSD/2026/04/20/12h_ticks.bi5 "HTTP/1.1 200 OK"
2026-06-13 21:24:09,760 - httpx - INFO - HTTP Request: GET https://datafeed.dukascopy.com/datafeed/EURUSD/2026/04/20/06h_ticks.bi5 "HTTP/1.1 200 OK"
2026-06-13 21:24:09,998 - httpx - INFO - HTTP Request: GET https://datafeed.dukascopy.com/datafeed/EURUSD/2026/04/20/17h_ticks.bi5 "HTTP/1.1 200 OK"
2026-06-13 21:24:10,072 - httpx - INFO - HTTP Request: GET https://datafeed.dukascopy.com/datafeed/EURUSD/2026/04/20/02h_ticks.bi5 "HTTP/1.1 200 OK"
2026-06-13 21:24:10,270 - httpx - INFO - HTTP Request: GET https://datafeed.dukascopy.com/datafeed/EURUSD/2026/04/20/10h_ticks.bi5 "HTTP/1.1 200 OK"
2026-06-13 21:24:10,472 - httpx - INFO - HTTP Request: GET https://datafeed.dukascopy.com/datafeed/EURUSD/2026/04/20/05h_ticks.bi5 "HTTP/1.1 200 OK"
2026-06-13 21:24:10,745 - httpx - INFO - HTTP Request: GET https://datafeed.dukascopy.com/datafeed/EURUSD/2026/04/20/16h_ticks.bi5 "HTTP/1.1 200 OK"
2026-06-13 21:24:10,942 - httpx - INFO - HTTP Request: GET https://datafeed.dukascopy.com/datafeed/EURUSD/2026/04/20/18h_ticks.bi5 "HTTP/1.1 200 OK"
2026-06-13 21:24:11,069 - httpx - INFO - HTTP Request: GET https://datafeed.dukascopy.com/datafeed/EURUSD/2026/04/20/19h_ticks.bi5 "HTTP/1.1 200 OK"
2026-06-13 21:24:11,268 - httpx - INFO - HTTP Request: GET https://datafeed.dukascopy.com/datafeed/EURUSD/2026/05/04/00h_ticks.bi5 "HTTP/1.1 200 OK"
2026-06-13 21:24:11,415 - httpx - INFO - HTTP Request: GET https://datafeed.dukascopy.com/datafeed/EURUSD/2026/04/19/18h_ticks.bi5 "HTTP/1.1 503 Service Temporarily Unavailable"
2026-06-13 21:24:11,420 - httpx - INFO - HTTP Request: GET https://datafeed.dukascopy.com/datafeed/EURUSD/2026/04/19/22h_ticks.bi5 "HTTP/1.1 503 Service Temporarily Unavailable"
2026-06-13 21:24:11,422 - httpx - INFO - HTTP Request: GET https://datafeed.dukascopy.com/datafeed/EURUSD/2026/04/19/13h_ticks.bi5 "HTTP/1.1 503 Service Temporarily Unavailable"
2026-06-13 21:24:11,426 - httpx - INFO - HTTP Request: GET https://datafeed.dukascopy.com/datafeed/EURUSD/2026/04/19/15h_ticks.bi5 "HTTP/1.1 503 Service Temporarily Unavailable"
2026-06-13 21:24:11,430 - httpx - INFO - HTTP Request: GET https://datafeed.dukascopy.com/datafeed/EURUSD/2026/04/19/20h_ticks.bi5 "HTTP/1.1 503 Service Temporarily Unavailable"
2026-06-13 21:24:11,438 - httpx - INFO - HTTP Request: GET https://datafeed.dukascopy.com/datafeed/EURUSD/2026/04/19/09h_ticks.bi5 "HTTP/1.1 503 Service Temporarily Unavailable"
2026-06-13 21:24:11,443 - httpx - INFO - HTTP Request: GET https://datafeed.dukascopy.com/datafeed/EURUSD/2026/04/19/14h_ticks.bi5 "HTTP/1.1 503 Service Temporarily Unavailable"
2026-06-13 21:24:11,469 - httpx - INFO - HTTP Request: GET https://datafeed.dukascopy.com/datafeed/EURUSD/2026/05/04/01h_ticks.bi5 "HTTP/1.1 200 OK"
2026-06-13 21:24:11,606 - httpx - INFO - HTTP Request: GET https://datafeed.dukascopy.com/datafeed/EURUSD/2026/04/19/19h_ticks.bi5 "HTTP/1.1 503 Service Temporarily Unavailable"
2026-06-13 21:24:11,624 - httpx - INFO - HTTP Request: GET https://datafeed.dukascopy.com/datafeed/EURUSD/2026/04/19/11h_ticks.bi5 "HTTP/1.1 503 Service Temporarily Unavailable"
2026-06-13 21:24:11,629 - httpx - INFO - HTTP Request: GET https://datafeed.dukascopy.com/datafeed/EURUSD/2026/04/19/21h_ticks.bi5 "HTTP/1.1 503 Service Temporarily Unavailable"
2026-06-13 21:24:11,743 - httpx - INFO - HTTP Request: GET https://datafeed.dukascopy.com/datafeed/EURUSD/2026/05/04/14h_ticks.bi5 "HTTP/1.1 200 OK"
2026-06-13 21:24:11,876 - httpx - INFO - HTTP Request: GET https://datafeed.dukascopy.com/datafeed/EURUSD/2026/04/19/00h_ticks.bi5 "HTTP/1.1 200 OK"
2026-06-13 21:24:11,926 - httpx - INFO - HTTP Request: GET https://datafeed.dukascopy.com/datafeed/EURUSD/2026/05/03/04h_ticks.bi5 "HTTP/1.1 503 Service Temporarily Unavailable"
2026-06-13 21:24:11,943 - httpx - INFO - HTTP Request: GET https://datafeed.dukascopy.com/datafeed/EURUSD/2026/05/03/07h_ticks.bi5 "HTTP/1.1 503 Service Temporarily Unavailable"
2026-06-13 21:24:11,952 - httpx - INFO - HTTP Request: GET https://datafeed.dukascopy.com/datafeed/EURUSD/2026/05/03/03h_ticks.bi5 "HTTP/1.1 503 Service Temporarily Unavailable"
2026-06-13 21:24:11,960 - httpx - INFO - HTTP Request: GET https://datafeed.dukascopy.com/datafeed/EURUSD/2026/05/03/12h_ticks.bi5 "HTTP/1.1 503 Service Temporarily Unavailable"
2026-06-13 21:24:11,969 - httpx - INFO - HTTP Request: GET https://datafeed.dukascopy.com/datafeed/EURUSD/2026/05/03/06h_ticks.bi5 "HTTP/1.1 503 Service Temporarily Unavailable"
2026-06-13 21:24:11,979 - httpx - INFO - HTTP Request: GET https://datafeed.dukascopy.com/datafeed/EURUSD/2026/05/03/17h_ticks.bi5 "HTTP/1.1 503 Service Temporarily Unavailable"
2026-06-13 21:24:11,993 - httpx - INFO - HTTP Request: GET https://datafeed.dukascopy.com/datafeed/EURUSD/2026/05/03/02h_ticks.bi5 "HTTP/1.1 503 Service Temporarily Unavailable"
2026-06-13 21:24:12,007 - httpx - INFO - HTTP Request: GET https://datafeed.dukascopy.com/datafeed/EURUSD/2026/05/03/10h_ticks.bi5 "HTTP/1.1 503 Service Temporarily Unavailable"
2026-06-13 21:24:12,012 - httpx - INFO - HTTP Request: GET https://datafeed.dukascopy.com/datafeed/EURUSD/2026/05/03/05h_ticks.bi5 "HTTP/1.1 503 Service Temporarily Unavailable"
2026-06-13 21:24:12,023 - httpx - INFO - HTTP Request: GET https://datafeed.dukascopy.com/datafeed/EURUSD/2026/05/03/16h_ticks.bi5 "HTTP/1.1 503 Service Temporarily Unavailable"
2026-06-13 21:24:12,033 - httpx - INFO - HTTP Request: GET https://datafeed.dukascopy.com/datafeed/EURUSD/2026/05/03/22h_ticks.bi5 "HTTP/1.1 503 Service Temporarily Unavailable"
2026-06-13 21:24:12,044 - httpx - INFO - HTTP Request: GET https://datafeed.dukascopy.com/datafeed/EURUSD/2026/05/03/18h_ticks.bi5 "HTTP/1.1 503 Service Temporarily Unavailable"
2026-06-13 21:24:12,057 - httpx - INFO - HTTP Request: GET https://datafeed.dukascopy.com/datafeed/EURUSD/2026/05/03/19h_ticks.bi5 "HTTP/1.1 503 Service Temporarily Unavailable"
2026-06-13 21:24:12,068 - httpx - INFO - HTTP Request: GET https://datafeed.dukascopy.com/datafeed/EURUSD/2026/05/03/23h_ticks.bi5 "HTTP/1.1 503 Service Temporarily Unavailable"
2026-06-13 21:24:12,083 - httpx - INFO - HTTP Request: GET https://datafeed.dukascopy.com/datafeed/EURUSD/2026/05/03/08h_ticks.bi5 "HTTP/1.1 503 Service Temporarily Unavailable"
2026-06-13 21:24:12,096 - httpx - INFO - HTTP Request: GET https://datafeed.dukascopy.com/datafeed/EURUSD/2026/05/03/15h_ticks.bi5 "HTTP/1.1 503 Service Temporarily Unavailable"
2026-06-13 21:24:12,103 - httpx - INFO - HTTP Request: GET https://datafeed.dukascopy.com/datafeed/EURUSD/2026/05/03/09h_ticks.bi5 "HTTP/1.1 503 Service Temporarily Unavailable"
2026-06-13 21:24:12,107 - httpx - INFO - HTTP Request: GET https://datafeed.dukascopy.com/datafeed/EURUSD/2026/05/03/14h_ticks.bi5 "HTTP/1.1 503 Service Temporarily Unavailable"
2026-06-13 21:24:12,109 - httpx - INFO - HTTP Request: GET https://datafeed.dukascopy.com/datafeed/EURUSD/2026/05/03/11h_ticks.bi5 "HTTP/1.1 503 Service Temporarily Unavailable"
2026-06-13 21:24:12,150 - httpx - INFO - HTTP Request: GET https://datafeed.dukascopy.com/datafeed/EURUSD/2026/04/19/01h_ticks.bi5 "HTTP/1.1 200 OK"
2026-06-13 21:24:12,202 - httpx - INFO - HTTP Request: GET https://datafeed.dukascopy.com/datafeed/EURUSD/2026/05/03/20h_ticks.bi5 "HTTP/1.1 503 Service Temporarily Unavailable"
2026-06-13 21:24:12,207 - httpx - INFO - HTTP Request: GET https://datafeed.dukascopy.com/datafeed/EURUSD/2026/05/03/13h_ticks.bi5 "HTTP/1.1 503 Service Temporarily Unavailable"
2026-06-13 21:24:12,270 - httpx - INFO - HTTP Request: GET https://datafeed.dukascopy.com/datafeed/EURUSD/2026/04/19/04h_ticks.bi5 "HTTP/1.1 200 OK"
2026-06-13 21:24:12,545 - httpx - INFO - HTTP Request: GET https://datafeed.dukascopy.com/datafeed/EURUSD/2026/04/19/07h_ticks.bi5 "HTTP/1.1 200 OK"
2026-06-13 21:24:12,670 - httpx - INFO - HTTP Request: GET https://datafeed.dukascopy.com/datafeed/EURUSD/2026/04/19/03h_ticks.bi5 "HTTP/1.1 200 OK"
2026-06-13 21:24:12,946 - httpx - INFO - HTTP Request: GET https://datafeed.dukascopy.com/datafeed/EURUSD/2026/04/19/12h_ticks.bi5 "HTTP/1.1 200 OK"
2026-06-13 21:24:13,071 - httpx - INFO - HTTP Request: GET https://datafeed.dukascopy.com/datafeed/EURUSD/2026/04/19/06h_ticks.bi5 "HTTP/1.1 200 OK"
2026-06-13 21:24:13,272 - httpx - INFO - HTTP Request: GET https://datafeed.dukascopy.com/datafeed/EURUSD/2026/04/19/17h_ticks.bi5 "HTTP/1.1 200 OK"
2026-06-13 21:24:13,488 - httpx - INFO - HTTP Request: GET https://datafeed.dukascopy.com/datafeed/EURUSD/2026/04/19/02h_ticks.bi5 "HTTP/1.1 200 OK"
2026-06-13 21:24:13,753 - httpx - INFO - HTTP Request: GET https://datafeed.dukascopy.com/datafeed/EURUSD/2026/04/19/10h_ticks.bi5 "HTTP/1.1 200 OK"
2026-06-13 21:24:13,871 - httpx - INFO - HTTP Request: GET https://datafeed.dukascopy.com/datafeed/EURUSD/2026/04/19/05h_ticks.bi5 "HTTP/1.1 200 OK"
2026-06-13 21:24:14,147 - httpx - INFO - HTTP Request: GET https://datafeed.dukascopy.com/datafeed/EURUSD/2026/04/19/16h_ticks.bi5 "HTTP/1.1 200 OK"
2026-06-13 21:24:14,270 - httpx - INFO - HTTP Request: GET https://datafeed.dukascopy.com/datafeed/EURUSD/2026/04/19/23h_ticks.bi5 "HTTP/1.1 200 OK"
2026-06-13 21:24:14,668 - httpx - INFO - HTTP Request: GET https://datafeed.dukascopy.com/datafeed/EURUSD/2026/05/03/00h_ticks.bi5 "HTTP/1.1 200 OK"
2026-06-13 21:24:14,685 - httpx - INFO - HTTP Request: GET https://datafeed.dukascopy.com/datafeed/EURUSD/2026/04/19/08h_ticks.bi5 "HTTP/1.1 200 OK"
2026-06-13 21:24:14,871 - httpx - INFO - HTTP Request: GET https://datafeed.dukascopy.com/datafeed/EURUSD/2026/05/03/01h_ticks.bi5 "HTTP/1.1 200 OK"
2026-06-13 21:24:15,052 - httpx - INFO - HTTP Request: GET https://datafeed.dukascopy.com/datafeed/EURUSD/2026/04/18/22h_ticks.bi5 "HTTP/1.1 503 Service Temporarily Unavailable"
2026-06-13 21:24:15,057 - httpx - INFO - HTTP Request: GET https://datafeed.dukascopy.com/datafeed/EURUSD/2026/04/18/13h_ticks.bi5 "HTTP/1.1 503 Service Temporarily Unavailable"
2026-06-13 21:24:15,059 - httpx - INFO - HTTP Request: GET https://datafeed.dukascopy.com/datafeed/EURUSD/2026/04/18/15h_ticks.bi5 "HTTP/1.1 503 Service Temporarily Unavailable"
2026-06-13 21:24:15,061 - httpx - INFO - HTTP Request: GET https://datafeed.dukascopy.com/datafeed/EURUSD/2026/04/18/20h_ticks.bi5 "HTTP/1.1 503 Service Temporarily Unavailable"
2026-06-13 21:24:15,063 - httpx - INFO - HTTP Request: GET https://datafeed.dukascopy.com/datafeed/EURUSD/2026/04/18/09h_ticks.bi5 "HTTP/1.1 503 Service Temporarily Unavailable"
2026-06-13 21:24:15,069 - httpx - INFO - HTTP Request: GET https://datafeed.dukascopy.com/datafeed/EURUSD/2026/04/18/14h_ticks.bi5 "HTTP/1.1 503 Service Temporarily Unavailable"
2026-06-13 21:24:15,072 - httpx - INFO - HTTP Request: GET https://datafeed.dukascopy.com/datafeed/EURUSD/2026/05/03/21h_ticks.bi5 "HTTP/1.1 200 OK"
2026-06-13 21:24:15,237 - httpx - INFO - HTTP Request: GET https://datafeed.dukascopy.com/datafeed/EURUSD/2026/05/02/01h_ticks.bi5 "HTTP/1.1 503 Service Temporarily Unavailable"
2026-06-13 21:24:15,244 - httpx - INFO - HTTP Request: GET https://datafeed.dukascopy.com/datafeed/EURUSD/2026/05/02/04h_ticks.bi5 "HTTP/1.1 503 Service Temporarily Unavailable"
2026-06-13 21:24:15,267 - httpx - INFO - HTTP Request: GET https://datafeed.dukascopy.com/datafeed/EURUSD/2026/05/02/07h_ticks.bi5 "HTTP/1.1 503 Service Temporarily Unavailable"
2026-06-13 21:24:15,275 - httpx - INFO - HTTP Request: GET https://datafeed.dukascopy.com/datafeed/EURUSD/2026/05/02/03h_ticks.bi5 "HTTP/1.1 503 Service Temporarily Unavailable"
2026-06-13 21:24:15,283 - httpx - INFO - HTTP Request: GET https://datafeed.dukascopy.com/datafeed/EURUSD/2026/05/02/12h_ticks.bi5 "HTTP/1.1 503 Service Temporarily Unavailable"
2026-06-13 21:24:15,296 - httpx - INFO - HTTP Request: GET https://datafeed.dukascopy.com/datafeed/EURUSD/2026/04/18/08h_ticks.bi5 "HTTP/1.1 503 Service Temporarily Unavailable"
2026-06-13 21:24:15,306 - httpx - INFO - HTTP Request: GET https://datafeed.dukascopy.com/datafeed/EURUSD/2026/04/18/11h_ticks.bi5 "HTTP/1.1 503 Service Temporarily Unavailable"
2026-06-13 21:24:15,309 - httpx - INFO - HTTP Request: GET https://datafeed.dukascopy.com/datafeed/EURUSD/2026/04/18/19h_ticks.bi5 "HTTP/1.1 503 Service Temporarily Unavailable"
2026-06-13 21:24:15,311 - httpx - INFO - HTTP Request: GET https://datafeed.dukascopy.com/datafeed/EURUSD/2026/05/02/17h_ticks.bi5 "HTTP/1.1 503 Service Temporarily Unavailable"
2026-06-13 21:24:15,313 - httpx - INFO - HTTP Request: GET https://datafeed.dukascopy.com/datafeed/EURUSD/2026/04/18/21h_ticks.bi5 "HTTP/1.1 503 Service Temporarily Unavailable"
2026-06-13 21:24:15,324 - httpx - INFO - HTTP Request: GET https://datafeed.dukascopy.com/datafeed/EURUSD/2026/05/02/02h_ticks.bi5 "HTTP/1.1 503 Service Temporarily Unavailable"
2026-06-13 21:24:15,326 - httpx - INFO - HTTP Request: GET https://datafeed.dukascopy.com/datafeed/EURUSD/2026/05/02/10h_ticks.bi5 "HTTP/1.1 503 Service Temporarily Unavailable"
2026-06-13 21:24:15,339 - httpx - INFO - HTTP Request: GET https://datafeed.dukascopy.com/datafeed/EURUSD/2026/05/02/05h_ticks.bi5 "HTTP/1.1 503 Service Temporarily Unavailable"
2026-06-13 21:24:15,348 - httpx - INFO - HTTP Request: GET https://datafeed.dukascopy.com/datafeed/EURUSD/2026/05/02/16h_ticks.bi5 "HTTP/1.1 503 Service Temporarily Unavailable"
2026-06-13 21:24:15,361 - httpx - INFO - HTTP Request: GET https://datafeed.dukascopy.com/datafeed/EURUSD/2026/04/18/00h_ticks.bi5 "HTTP/1.1 200 OK"
2026-06-13 21:24:15,364 - httpx - INFO - HTTP Request: GET https://datafeed.dukascopy.com/datafeed/EURUSD/2026/05/02/23h_ticks.bi5 "HTTP/1.1 503 Service Temporarily Unavailable"
2026-06-13 21:24:15,368 - httpx - INFO - HTTP Request: GET https://datafeed.dukascopy.com/datafeed/EURUSD/2026/05/02/18h_ticks.bi5 "HTTP/1.1 503 Service Temporarily Unavailable"
2026-06-13 21:24:15,381 - httpx - INFO - HTTP Request: GET https://datafeed.dukascopy.com/datafeed/EURUSD/2026/05/02/22h_ticks.bi5 "HTTP/1.1 503 Service Temporarily Unavailable"
2026-06-13 21:24:15,391 - httpx - INFO - HTTP Request: GET https://datafeed.dukascopy.com/datafeed/EURUSD/2026/05/02/13h_ticks.bi5 "HTTP/1.1 503 Service Temporarily Unavailable"
2026-06-13 21:24:15,401 - httpx - INFO - HTTP Request: GET https://datafeed.dukascopy.com/datafeed/EURUSD/2026/05/02/15h_ticks.bi5 "HTTP/1.1 503 Service Temporarily Unavailable"
2026-06-13 21:24:15,404 - httpx - INFO - HTTP Request: GET https://datafeed.dukascopy.com/datafeed/EURUSD/2026/05/02/14h_ticks.bi5 "HTTP/1.1 503 Service Temporarily Unavailable"
2026-06-13 21:24:15,416 - httpx - INFO - HTTP Request: GET https://datafeed.dukascopy.com/datafeed/EURUSD/2026/05/02/08h_ticks.bi5 "HTTP/1.1 503 Service Temporarily Unavailable"
2026-06-13 21:24:15,420 - httpx - INFO - HTTP Request: GET https://datafeed.dukascopy.com/datafeed/EURUSD/2026/05/02/09h_ticks.bi5 "HTTP/1.1 503 Service Temporarily Unavailable"
2026-06-13 21:24:15,427 - httpx - INFO - HTTP Request: GET https://datafeed.dukascopy.com/datafeed/EURUSD/2026/05/02/11h_ticks.bi5 "HTTP/1.1 503 Service Temporarily Unavailable"
2026-06-13 21:24:15,434 - httpx - INFO - HTTP Request: GET https://datafeed.dukascopy.com/datafeed/EURUSD/2026/05/02/20h_ticks.bi5 "HTTP/1.1 503 Service Temporarily Unavailable"
2026-06-13 21:24:15,438 - httpx - INFO - HTTP Request: GET https://datafeed.dukascopy.com/datafeed/EURUSD/2026/05/02/21h_ticks.bi5 "HTTP/1.1 503 Service Temporarily Unavailable"
2026-06-13 21:24:15,439 - httpx - INFO - HTTP Request: GET https://datafeed.dukascopy.com/datafeed/EURUSD/2026/05/02/19h_ticks.bi5 "HTTP/1.1 503 Service Temporarily Unavailable"
2026-06-13 21:24:15,552 - httpx - INFO - HTTP Request: GET https://datafeed.dukascopy.com/datafeed/EURUSD/2026/04/18/01h_ticks.bi5 "HTTP/1.1 200 OK"
2026-06-13 21:24:15,674 - httpx - INFO - HTTP Request: GET https://datafeed.dukascopy.com/datafeed/EURUSD/2026/04/18/04h_ticks.bi5 "HTTP/1.1 200 OK"
2026-06-13 21:24:15,943 - httpx - INFO - HTTP Request: GET https://datafeed.dukascopy.com/datafeed/EURUSD/2026/04/18/07h_ticks.bi5 "HTTP/1.1 200 OK"
2026-06-13 21:24:16,071 - httpx - INFO - HTTP Request: GET https://datafeed.dukascopy.com/datafeed/EURUSD/2026/04/18/03h_ticks.bi5 "HTTP/1.1 200 OK"
2026-06-13 21:24:16,358 - httpx - INFO - HTTP Request: GET https://datafeed.dukascopy.com/datafeed/EURUSD/2026/04/18/12h_ticks.bi5 "HTTP/1.1 200 OK"
2026-06-13 21:24:16,471 - httpx - INFO - HTTP Request: GET https://datafeed.dukascopy.com/datafeed/EURUSD/2026/04/18/06h_ticks.bi5 "HTTP/1.1 200 OK"
2026-06-13 21:24:16,669 - httpx - INFO - HTTP Request: GET https://datafeed.dukascopy.com/datafeed/EURUSD/2026/04/18/17h_ticks.bi5 "HTTP/1.1 200 OK"
2026-06-13 21:24:16,871 - httpx - INFO - HTTP Request: GET https://datafeed.dukascopy.com/datafeed/EURUSD/2026/04/18/02h_ticks.bi5 "HTTP/1.1 200 OK"
2026-06-13 21:24:17,071 - httpx - INFO - HTTP Request: GET https://datafeed.dukascopy.com/datafeed/EURUSD/2026/04/18/10h_ticks.bi5 "HTTP/1.1 200 OK"
2026-06-13 21:24:17,270 - httpx - INFO - HTTP Request: GET https://datafeed.dukascopy.com/datafeed/EURUSD/2026/04/18/05h_ticks.bi5 "HTTP/1.1 200 OK"
2026-06-13 21:24:17,544 - httpx - INFO - HTTP Request: GET https://datafeed.dukascopy.com/datafeed/EURUSD/2026/04/18/16h_ticks.bi5 "HTTP/1.1 200 OK"
2026-06-13 21:24:17,670 - httpx - INFO - HTTP Request: GET https://datafeed.dukascopy.com/datafeed/EURUSD/2026/04/18/23h_ticks.bi5 "HTTP/1.1 200 OK"
2026-06-13 21:24:17,951 - httpx - INFO - HTTP Request: GET https://datafeed.dukascopy.com/datafeed/EURUSD/2026/04/18/18h_ticks.bi5 "HTTP/1.1 200 OK"
2026-06-13 21:24:18,068 - httpx - INFO - HTTP Request: GET https://datafeed.dukascopy.com/datafeed/EURUSD/2026/05/02/00h_ticks.bi5 "HTTP/1.1 200 OK"
2026-06-13 21:24:18,278 - httpx - INFO - HTTP Request: GET https://datafeed.dukascopy.com/datafeed/EURUSD/2026/05/02/06h_ticks.bi5 "HTTP/1.1 200 OK"
2026-06-13 21:24:18,303 - httpx - INFO - HTTP Request: GET https://datafeed.dukascopy.com/datafeed/EURUSD/2026/04/17/15h_ticks.bi5 "HTTP/1.1 503 Service Temporarily Unavailable"
2026-06-13 21:24:18,310 - httpx - INFO - HTTP Request: GET https://datafeed.dukascopy.com/datafeed/EURUSD/2026/04/17/22h_ticks.bi5 "HTTP/1.1 503 Service Temporarily Unavailable"
2026-06-13 21:24:18,314 - httpx - INFO - HTTP Request: GET https://datafeed.dukascopy.com/datafeed/EURUSD/2026/04/17/20h_ticks.bi5 "HTTP/1.1 503 Service Temporarily Unavailable"
2026-06-13 21:24:18,318 - httpx - INFO - HTTP Request: GET https://datafeed.dukascopy.com/datafeed/EURUSD/2026/04/17/09h_ticks.bi5 "HTTP/1.1 503 Service Temporarily Unavailable"
2026-06-13 21:24:18,331 - httpx - INFO - HTTP Request: GET https://datafeed.dukascopy.com/datafeed/EURUSD/2026/04/17/14h_ticks.bi5 "HTTP/1.1 503 Service Temporarily Unavailable"
2026-06-13 21:24:18,450 - httpx - INFO - HTTP Request: GET https://datafeed.dukascopy.com/datafeed/EURUSD/2026/05/01/00h_ticks.bi5 "HTTP/1.1 503 Service Temporarily Unavailable"
2026-06-13 21:24:18,457 - httpx - INFO - HTTP Request: GET https://datafeed.dukascopy.com/datafeed/EURUSD/2026/05/01/01h_ticks.bi5 "HTTP/1.1 503 Service Temporarily Unavailable"
2026-06-13 21:24:18,476 - httpx - INFO - HTTP Request: GET https://datafeed.dukascopy.com/datafeed/EURUSD/2026/05/01/04h_ticks.bi5 "HTTP/1.1 503 Service Temporarily Unavailable"
2026-06-13 21:24:18,476 - httpx - INFO - HTTP Request: GET https://datafeed.dukascopy.com/datafeed/EURUSD/2026/04/17/00h_ticks.bi5 "HTTP/1.1 200 OK"
2026-06-13 21:24:18,478 - httpx - INFO - HTTP Request: GET https://datafeed.dukascopy.com/datafeed/EURUSD/2026/05/01/07h_ticks.bi5 "HTTP/1.1 503 Service Temporarily Unavailable"
2026-06-13 21:24:18,488 - httpx - INFO - HTTP Request: GET https://datafeed.dukascopy.com/datafeed/EURUSD/2026/05/01/03h_ticks.bi5 "HTTP/1.1 503 Service Temporarily Unavailable"
2026-06-13 21:24:18,508 - httpx - INFO - HTTP Request: GET https://datafeed.dukascopy.com/datafeed/EURUSD/2026/04/17/21h_ticks.bi5 "HTTP/1.1 503 Service Temporarily Unavailable"
2026-06-13 21:24:18,512 - httpx - INFO - HTTP Request: GET https://datafeed.dukascopy.com/datafeed/EURUSD/2026/05/01/06h_ticks.bi5 "HTTP/1.1 503 Service Temporarily Unavailable"
2026-06-13 21:24:18,518 - httpx - INFO - HTTP Request: GET https://datafeed.dukascopy.com/datafeed/EURUSD/2026/04/17/11h_ticks.bi5 "HTTP/1.1 503 Service Temporarily Unavailable"
2026-06-13 21:24:18,522 - httpx - INFO - HTTP Request: GET https://datafeed.dukascopy.com/datafeed/EURUSD/2026/04/17/08h_ticks.bi5 "HTTP/1.1 503 Service Temporarily Unavailable"
2026-06-13 21:24:18,524 - httpx - INFO - HTTP Request: GET https://datafeed.dukascopy.com/datafeed/EURUSD/2026/04/17/19h_ticks.bi5 "HTTP/1.1 503 Service Temporarily Unavailable"
2026-06-13 21:24:18,529 - httpx - INFO - HTTP Request: GET https://datafeed.dukascopy.com/datafeed/EURUSD/2026/05/01/17h_ticks.bi5 "HTTP/1.1 503 Service Temporarily Unavailable"
2026-06-13 21:24:18,540 - httpx - INFO - HTTP Request: GET https://datafeed.dukascopy.com/datafeed/EURUSD/2026/05/01/02h_ticks.bi5 "HTTP/1.1 503 Service Temporarily Unavailable"
2026-06-13 21:24:18,554 - httpx - INFO - HTTP Request: GET https://datafeed.dukascopy.com/datafeed/EURUSD/2026/05/01/10h_ticks.bi5 "HTTP/1.1 503 Service Temporarily Unavailable"
2026-06-13 21:24:18,571 - httpx - INFO - HTTP Request: GET https://datafeed.dukascopy.com/datafeed/EURUSD/2026/05/01/05h_ticks.bi5 "HTTP/1.1 503 Service Temporarily Unavailable"
2026-06-13 21:24:18,582 - httpx - INFO - HTTP Request: GET https://datafeed.dukascopy.com/datafeed/EURUSD/2026/05/01/16h_ticks.bi5 "HTTP/1.1 503 Service Temporarily Unavailable"
2026-06-13 21:24:18,595 - httpx - INFO - HTTP Request: GET https://datafeed.dukascopy.com/datafeed/EURUSD/2026/05/01/23h_ticks.bi5 "HTTP/1.1 503 Service Temporarily Unavailable"
2026-06-13 21:24:18,633 - httpx - INFO - HTTP Request: GET https://datafeed.dukascopy.com/datafeed/EURUSD/2026/05/01/18h_ticks.bi5 "HTTP/1.1 503 Service Temporarily Unavailable"
2026-06-13 21:24:18,637 - httpx - INFO - HTTP Request: GET https://datafeed.dukascopy.com/datafeed/EURUSD/2026/05/01/22h_ticks.bi5 "HTTP/1.1 503 Service Temporarily Unavailable"
2026-06-13 21:24:18,675 - httpx - INFO - HTTP Request: GET https://datafeed.dukascopy.com/datafeed/EURUSD/2026/05/01/15h_ticks.bi5 "HTTP/1.1 503 Service Temporarily Unavailable"
2026-06-13 21:24:18,679 - httpx - INFO - HTTP Request: GET https://datafeed.dukascopy.com/datafeed/EURUSD/2026/05/01/13h_ticks.bi5 "HTTP/1.1 503 Service Temporarily Unavailable"
2026-06-13 21:24:18,680 - httpx - INFO - HTTP Request: GET https://datafeed.dukascopy.com/datafeed/EURUSD/2026/05/01/20h_ticks.bi5 "HTTP/1.1 503 Service Temporarily Unavailable"
2026-06-13 21:24:18,684 - httpx - INFO - HTTP Request: GET https://datafeed.dukascopy.com/datafeed/EURUSD/2026/05/01/09h_ticks.bi5 "HTTP/1.1 503 Service Temporarily Unavailable"
2026-06-13 21:24:18,687 - httpx - INFO - HTTP Request: GET https://datafeed.dukascopy.com/datafeed/EURUSD/2026/05/01/14h_ticks.bi5 "HTTP/1.1 503 Service Temporarily Unavailable"
2026-06-13 21:24:18,699 - httpx - INFO - HTTP Request: GET https://datafeed.dukascopy.com/datafeed/EURUSD/2026/04/17/01h_ticks.bi5 "HTTP/1.1 200 OK"
2026-06-13 21:24:18,700 - httpx - INFO - HTTP Request: GET https://datafeed.dukascopy.com/datafeed/EURUSD/2026/05/01/19h_ticks.bi5 "HTTP/1.1 503 Service Temporarily Unavailable"
2026-06-13 21:24:18,704 - httpx - INFO - HTTP Request: GET https://datafeed.dukascopy.com/datafeed/EURUSD/2026/05/01/08h_ticks.bi5 "HTTP/1.1 503 Service Temporarily Unavailable"
2026-06-13 21:24:18,707 - httpx - INFO - HTTP Request: GET https://datafeed.dukascopy.com/datafeed/EURUSD/2026/05/01/21h_ticks.bi5 "HTTP/1.1 503 Service Temporarily Unavailable"
2026-06-13 21:24:18,871 - httpx - INFO - HTTP Request: GET https://datafeed.dukascopy.com/datafeed/EURUSD/2026/04/17/07h_ticks.bi5 "HTTP/1.1 200 OK"
2026-06-13 21:24:19,069 - httpx - INFO - HTTP Request: GET https://datafeed.dukascopy.com/datafeed/EURUSD/2026/04/17/04h_ticks.bi5 "HTTP/1.1 200 OK"
2026-06-13 21:24:19,267 - httpx - INFO - HTTP Request: GET https://datafeed.dukascopy.com/datafeed/EURUSD/2026/04/17/03h_ticks.bi5 "HTTP/1.1 200 OK"
2026-06-13 21:24:19,467 - httpx - INFO - HTTP Request: GET https://datafeed.dukascopy.com/datafeed/EURUSD/2026/04/17/12h_ticks.bi5 "HTTP/1.1 200 OK"
2026-06-13 21:24:19,668 - httpx - INFO - HTTP Request: GET https://datafeed.dukascopy.com/datafeed/EURUSD/2026/04/17/06h_ticks.bi5 "HTTP/1.1 200 OK"
2026-06-13 21:24:19,872 - httpx - INFO - HTTP Request: GET https://datafeed.dukascopy.com/datafeed/EURUSD/2026/04/17/17h_ticks.bi5 "HTTP/1.1 200 OK"
2026-06-13 21:24:20,094 - httpx - INFO - HTTP Request: GET https://datafeed.dukascopy.com/datafeed/EURUSD/2026/04/17/02h_ticks.bi5 "HTTP/1.1 200 OK"
2026-06-13 21:24:20,267 - httpx - INFO - HTTP Request: GET https://datafeed.dukascopy.com/datafeed/EURUSD/2026/04/17/10h_ticks.bi5 "HTTP/1.1 200 OK"
2026-06-13 21:24:20,468 - httpx - INFO - HTTP Request: GET https://datafeed.dukascopy.com/datafeed/EURUSD/2026/04/17/05h_ticks.bi5 "HTTP/1.1 200 OK"
2026-06-13 21:24:20,669 - httpx - INFO - HTTP Request: GET https://datafeed.dukascopy.com/datafeed/EURUSD/2026/04/17/16h_ticks.bi5 "HTTP/1.1 200 OK"
2026-06-13 21:24:20,873 - httpx - INFO - HTTP Request: GET https://datafeed.dukascopy.com/datafeed/EURUSD/2026/04/17/23h_ticks.bi5 "HTTP/1.1 200 OK"
2026-06-13 21:24:21,067 - httpx - INFO - HTTP Request: GET https://datafeed.dukascopy.com/datafeed/EURUSD/2026/04/17/18h_ticks.bi5 "HTTP/1.1 200 OK"
2026-06-13 21:24:21,267 - httpx - INFO - HTTP Request: GET https://datafeed.dukascopy.com/datafeed/EURUSD/2026/04/17/13h_ticks.bi5 "HTTP/1.1 200 OK"
2026-06-13 21:24:21,477 - httpx - INFO - HTTP Request: GET https://datafeed.dukascopy.com/datafeed/EURUSD/2026/05/01/12h_ticks.bi5 "HTTP/1.1 200 OK"
2026-06-13 21:24:21,587 - httpx - INFO - HTTP Request: GET https://datafeed.dukascopy.com/datafeed/EURUSD/2026/04/16/22h_ticks.bi5 "HTTP/1.1 503 Service Temporarily Unavailable"
2026-06-13 21:24:21,664 - httpx - INFO - HTTP Request: GET https://datafeed.dukascopy.com/datafeed/EURUSD/2026/04/16/13h_ticks.bi5 "HTTP/1.1 503 Service Temporarily Unavailable"
2026-06-13 21:24:21,667 - httpx - INFO - HTTP Request: GET https://datafeed.dukascopy.com/datafeed/EURUSD/2026/04/16/15h_ticks.bi5 "HTTP/1.1 503 Service Temporarily Unavailable"
2026-06-13 21:24:21,670 - httpx - INFO - HTTP Request: GET https://datafeed.dukascopy.com/datafeed/EURUSD/2026/04/16/20h_ticks.bi5 "HTTP/1.1 503 Service Temporarily Unavailable"
2026-06-13 21:24:21,673 - httpx - INFO - HTTP Request: GET https://datafeed.dukascopy.com/datafeed/EURUSD/2026/04/16/09h_ticks.bi5 "HTTP/1.1 503 Service Temporarily Unavailable"
2026-06-13 21:24:21,673 - httpx - INFO - HTTP Request: GET https://datafeed.dukascopy.com/datafeed/EURUSD/2026/05/01/11h_ticks.bi5 "HTTP/1.1 200 OK"
2026-06-13 21:24:21,677 - httpx - INFO - HTTP Request: GET https://datafeed.dukascopy.com/datafeed/EURUSD/2026/04/16/14h_ticks.bi5 "HTTP/1.1 503 Service Temporarily Unavailable"
2026-06-13 21:24:21,845 - httpx - INFO - HTTP Request: GET https://datafeed.dukascopy.com/datafeed/EURUSD/2026/04/16/08h_ticks.bi5 "HTTP/1.1 503 Service Temporarily Unavailable"
2026-06-13 21:24:21,851 - httpx - INFO - HTTP Request: GET https://datafeed.dukascopy.com/datafeed/EURUSD/2026/04/31/01h_ticks.bi5 "HTTP/1.1 503 Service Temporarily Unavailable"
2026-06-13 21:24:21,852 - httpx - INFO - HTTP Request: GET https://datafeed.dukascopy.com/datafeed/EURUSD/2026/04/16/11h_ticks.bi5 "HTTP/1.1 503 Service Temporarily Unavailable"
2026-06-13 21:24:21,855 - httpx - INFO - HTTP Request: GET https://datafeed.dukascopy.com/datafeed/EURUSD/2026/04/16/21h_ticks.bi5 "HTTP/1.1 503 Service Temporarily Unavailable"
2026-06-13 21:24:21,857 - httpx - INFO - HTTP Request: GET https://datafeed.dukascopy.com/datafeed/EURUSD/2026/04/16/19h_ticks.bi5 "HTTP/1.1 503 Service Temporarily Unavailable"
2026-06-13 21:24:21,857 - httpx - INFO - HTTP Request: GET https://datafeed.dukascopy.com/datafeed/EURUSD/2026/04/31/04h_ticks.bi5 "HTTP/1.1 503 Service Temporarily Unavailable"
2026-06-13 21:24:21,866 - httpx - INFO - HTTP Request: GET https://datafeed.dukascopy.com/datafeed/EURUSD/2026/04/31/07h_ticks.bi5 "HTTP/1.1 503 Service Temporarily Unavailable"
2026-06-13 21:24:21,868 - httpx - INFO - HTTP Request: GET https://datafeed.dukascopy.com/datafeed/EURUSD/2026/04/16/00h_ticks.bi5 "HTTP/1.1 200 OK"
2026-06-13 21:24:21,873 - httpx - INFO - HTTP Request: GET https://datafeed.dukascopy.com/datafeed/EURUSD/2026/04/31/03h_ticks.bi5 "HTTP/1.1 503 Service Temporarily Unavailable"
2026-06-13 21:24:21,888 - httpx - INFO - HTTP Request: GET https://datafeed.dukascopy.com/datafeed/EURUSD/2026/04/31/12h_ticks.bi5 "HTTP/1.1 503 Service Temporarily Unavailable"
2026-06-13 21:24:21,910 - httpx - INFO - HTTP Request: GET https://datafeed.dukascopy.com/datafeed/EURUSD/2026/04/31/17h_ticks.bi5 "HTTP/1.1 503 Service Temporarily Unavailable"
2026-06-13 21:24:21,925 - httpx - INFO - HTTP Request: GET https://datafeed.dukascopy.com/datafeed/EURUSD/2026/04/31/02h_ticks.bi5 "HTTP/1.1 503 Service Temporarily Unavailable"
2026-06-13 21:24:21,929 - httpx - INFO - HTTP Request: GET https://datafeed.dukascopy.com/datafeed/EURUSD/2026/04/31/10h_ticks.bi5 "HTTP/1.1 503 Service Temporarily Unavailable"
2026-06-13 21:24:21,954 - httpx - INFO - HTTP Request: GET https://datafeed.dukascopy.com/datafeed/EURUSD/2026/04/31/05h_ticks.bi5 "HTTP/1.1 503 Service Temporarily Unavailable"
2026-06-13 21:24:21,963 - httpx - INFO - HTTP Request: GET https://datafeed.dukascopy.com/datafeed/EURUSD/2026/04/31/16h_ticks.bi5 "HTTP/1.1 503 Service Temporarily Unavailable"
2026-06-13 21:24:21,970 - httpx - INFO - HTTP Request: GET https://datafeed.dukascopy.com/datafeed/EURUSD/2026/04/31/13h_ticks.bi5 "HTTP/1.1 503 Service Temporarily Unavailable"
2026-06-13 21:24:21,979 - httpx - INFO - HTTP Request: GET https://datafeed.dukascopy.com/datafeed/EURUSD/2026/04/31/11h_ticks.bi5 "HTTP/1.1 503 Service Temporarily Unavailable"
2026-06-13 21:24:21,982 - httpx - INFO - HTTP Request: GET https://datafeed.dukascopy.com/datafeed/EURUSD/2026/04/31/22h_ticks.bi5 "HTTP/1.1 503 Service Temporarily Unavailable"
2026-06-13 21:24:21,996 - httpx - INFO - HTTP Request: GET https://datafeed.dukascopy.com/datafeed/EURUSD/2026/04/31/21h_ticks.bi5 "HTTP/1.1 503 Service Temporarily Unavailable"
2026-06-13 21:24:22,003 - httpx - INFO - HTTP Request: GET https://datafeed.dukascopy.com/datafeed/EURUSD/2026/04/31/14h_ticks.bi5 "HTTP/1.1 503 Service Temporarily Unavailable"
2026-06-13 21:24:22,012 - httpx - INFO - HTTP Request: GET https://datafeed.dukascopy.com/datafeed/EURUSD/2026/04/31/20h_ticks.bi5 "HTTP/1.1 503 Service Temporarily Unavailable"
2026-06-13 21:24:22,022 - httpx - INFO - HTTP Request: GET https://datafeed.dukascopy.com/datafeed/EURUSD/2026/04/31/23h_ticks.bi5 "HTTP/1.1 503 Service Temporarily Unavailable"
2026-06-13 21:24:22,045 - httpx - INFO - HTTP Request: GET https://datafeed.dukascopy.com/datafeed/EURUSD/2026/04/31/19h_ticks.bi5 "HTTP/1.1 503 Service Temporarily Unavailable"
2026-06-13 21:24:22,049 - httpx - INFO - HTTP Request: GET https://datafeed.dukascopy.com/datafeed/EURUSD/2026/04/31/18h_ticks.bi5 "HTTP/1.1 503 Service Temporarily Unavailable"
2026-06-13 21:24:22,051 - httpx - INFO - HTTP Request: GET https://datafeed.dukascopy.com/datafeed/EURUSD/2026/04/31/09h_ticks.bi5 "HTTP/1.1 503 Service Temporarily Unavailable"
2026-06-13 21:24:22,072 - httpx - INFO - HTTP Request: GET https://datafeed.dukascopy.com/datafeed/EURUSD/2026/04/16/01h_ticks.bi5 "HTTP/1.1 200 OK"
2026-06-13 21:24:22,218 - httpx - INFO - HTTP Request: GET https://datafeed.dukascopy.com/datafeed/EURUSD/2026/04/31/08h_ticks.bi5 "HTTP/1.1 503 Service Temporarily Unavailable"
2026-06-13 21:24:22,273 - httpx - INFO - HTTP Request: GET https://datafeed.dukascopy.com/datafeed/EURUSD/2026/04/16/04h_ticks.bi5 "HTTP/1.1 200 OK"
2026-06-13 21:24:22,472 - httpx - INFO - HTTP Request: GET https://datafeed.dukascopy.com/datafeed/EURUSD/2026/04/16/07h_ticks.bi5 "HTTP/1.1 200 OK"
2026-06-13 21:24:22,671 - httpx - INFO - HTTP Request: GET https://datafeed.dukascopy.com/datafeed/EURUSD/2026/04/16/03h_ticks.bi5 "HTTP/1.1 200 OK"
2026-06-13 21:24:22,867 - httpx - INFO - HTTP Request: GET https://datafeed.dukascopy.com/datafeed/EURUSD/2026/04/16/12h_ticks.bi5 "HTTP/1.1 200 OK"
2026-06-13 21:24:23,068 - httpx - INFO - HTTP Request: GET https://datafeed.dukascopy.com/datafeed/EURUSD/2026/04/16/06h_ticks.bi5 "HTTP/1.1 200 OK"
2026-06-13 21:24:23,266 - httpx - INFO - HTTP Request: GET https://datafeed.dukascopy.com/datafeed/EURUSD/2026/04/16/17h_ticks.bi5 "HTTP/1.1 200 OK"
2026-06-13 21:24:23,471 - httpx - INFO - HTTP Request: GET https://datafeed.dukascopy.com/datafeed/EURUSD/2026/04/16/02h_ticks.bi5 "HTTP/1.1 200 OK"
2026-06-13 21:24:23,679 - httpx - INFO - HTTP Request: GET https://datafeed.dukascopy.com/datafeed/EURUSD/2026/04/16/10h_ticks.bi5 "HTTP/1.1 200 OK"
2026-06-13 21:24:23,876 - httpx - INFO - HTTP Request: GET https://datafeed.dukascopy.com/datafeed/EURUSD/2026/04/16/05h_ticks.bi5 "HTTP/1.1 200 OK"
2026-06-13 21:24:24,068 - httpx - INFO - HTTP Request: GET https://datafeed.dukascopy.com/datafeed/EURUSD/2026/04/16/16h_ticks.bi5 "HTTP/1.1 200 OK"
2026-06-13 21:24:24,267 - httpx - INFO - HTTP Request: GET https://datafeed.dukascopy.com/datafeed/EURUSD/2026/04/16/23h_ticks.bi5 "HTTP/1.1 200 OK"
2026-06-13 21:24:24,467 - httpx - INFO - HTTP Request: GET https://datafeed.dukascopy.com/datafeed/EURUSD/2026/04/16/18h_ticks.bi5 "HTTP/1.1 200 OK"
2026-06-13 21:24:24,675 - httpx - INFO - HTTP Request: GET https://datafeed.dukascopy.com/datafeed/EURUSD/2026/04/31/00h_ticks.bi5 "HTTP/1.1 200 OK"
2026-06-13 21:24:24,797 - httpx - INFO - HTTP Request: GET https://datafeed.dukascopy.com/datafeed/EURUSD/2026/04/15/22h_ticks.bi5 "HTTP/1.1 503 Service Temporarily Unavailable"
2026-06-13 21:24:24,810 - httpx - INFO - HTTP Request: GET https://datafeed.dukascopy.com/datafeed/EURUSD/2026/04/15/13h_ticks.bi5 "HTTP/1.1 503 Service Temporarily Unavailable"
2026-06-13 21:24:24,820 - httpx - INFO - HTTP Request: GET https://datafeed.dukascopy.com/datafeed/EURUSD/2026/04/15/15h_ticks.bi5 "HTTP/1.1 503 Service Temporarily Unavailable"
2026-06-13 21:24:24,838 - httpx - INFO - HTTP Request: GET https://datafeed.dukascopy.com/datafeed/EURUSD/2026/04/15/09h_ticks.bi5 "HTTP/1.1 503 Service Temporarily Unavailable"
2026-06-13 21:24:24,845 - httpx - INFO - HTTP Request: GET https://datafeed.dukascopy.com/datafeed/EURUSD/2026/04/15/14h_ticks.bi5 "HTTP/1.1 503 Service Temporarily Unavailable"
2026-06-13 21:24:24,869 - httpx - INFO - HTTP Request: GET https://datafeed.dukascopy.com/datafeed/EURUSD/2026/04/31/06h_ticks.bi5 "HTTP/1.1 200 OK"
2026-06-13 21:24:24,883 - httpx - INFO - HTTP Request: GET https://datafeed.dukascopy.com/datafeed/EURUSD/2026/04/15/18h_ticks.bi5 "HTTP/1.1 503 Service Temporarily Unavailable"
2026-06-13 21:24:25,025 - httpx - INFO - HTTP Request: GET https://datafeed.dukascopy.com/datafeed/EURUSD/2026/04/15/08h_ticks.bi5 "HTTP/1.1 503 Service Temporarily Unavailable"
2026-06-13 21:24:25,028 - httpx - INFO - HTTP Request: GET https://datafeed.dukascopy.com/datafeed/EURUSD/2026/04/15/19h_ticks.bi5 "HTTP/1.1 503 Service Temporarily Unavailable"
2026-06-13 21:24:25,035 - httpx - INFO - HTTP Request: GET https://datafeed.dukascopy.com/datafeed/EURUSD/2026/04/15/21h_ticks.bi5 "HTTP/1.1 503 Service Temporarily Unavailable"
2026-06-13 21:24:25,068 - httpx - INFO - HTTP Request: GET https://datafeed.dukascopy.com/datafeed/EURUSD/2026/04/31/15h_ticks.bi5 "HTTP/1.1 200 OK"
2026-06-13 21:24:25,187 - httpx - INFO - HTTP Request: GET https://datafeed.dukascopy.com/datafeed/EURUSD/2026/04/15/20h_ticks.bi5 "HTTP/1.1 503 Service Temporarily Unavailable"
2026-06-13 21:24:25,228 - httpx - INFO - HTTP Request: GET https://datafeed.dukascopy.com/datafeed/EURUSD/2026/04/30/01h_ticks.bi5 "HTTP/1.1 503 Service Temporarily Unavailable"
2026-06-13 21:24:25,248 - httpx - INFO - HTTP Request: GET https://datafeed.dukascopy.com/datafeed/EURUSD/2026/04/30/04h_ticks.bi5 "HTTP/1.1 503 Service Temporarily Unavailable"
2026-06-13 21:24:25,250 - httpx - INFO - HTTP Request: GET https://datafeed.dukascopy.com/datafeed/EURUSD/2026/04/30/07h_ticks.bi5 "HTTP/1.1 503 Service Temporarily Unavailable"
2026-06-13 21:24:25,264 - httpx - INFO - HTTP Request: GET https://datafeed.dukascopy.com/datafeed/EURUSD/2026/04/30/03h_ticks.bi5 "HTTP/1.1 503 Service Temporarily Unavailable"
2026-06-13 21:24:25,271 - httpx - INFO - HTTP Request: GET https://datafeed.dukascopy.com/datafeed/EURUSD/2026/04/15/00h_ticks.bi5 "HTTP/1.1 200 OK"
2026-06-13 21:24:25,279 - httpx - INFO - HTTP Request: GET https://datafeed.dukascopy.com/datafeed/EURUSD/2026/04/30/12h_ticks.bi5 "HTTP/1.1 503 Service Temporarily Unavailable"
2026-06-13 21:24:25,291 - httpx - INFO - HTTP Request: GET https://datafeed.dukascopy.com/datafeed/EURUSD/2026/04/30/06h_ticks.bi5 "HTTP/1.1 503 Service Temporarily Unavailable"
2026-06-13 21:24:25,314 - httpx - INFO - HTTP Request: GET https://datafeed.dukascopy.com/datafeed/EURUSD/2026/04/30/02h_ticks.bi5 "HTTP/1.1 503 Service Temporarily Unavailable"
2026-06-13 21:24:25,328 - httpx - INFO - HTTP Request: GET https://datafeed.dukascopy.com/datafeed/EURUSD/2026/04/30/10h_ticks.bi5 "HTTP/1.1 503 Service Temporarily Unavailable"
2026-06-13 21:24:25,348 - httpx - INFO - HTTP Request: GET https://datafeed.dukascopy.com/datafeed/EURUSD/2026/04/30/05h_ticks.bi5 "HTTP/1.1 503 Service Temporarily Unavailable"
2026-06-13 21:24:25,362 - httpx - INFO - HTTP Request: GET https://datafeed.dukascopy.com/datafeed/EURUSD/2026/04/30/16h_ticks.bi5 "HTTP/1.1 503 Service Temporarily Unavailable"
2026-06-13 21:24:25,371 - httpx - INFO - HTTP Request: GET https://datafeed.dukascopy.com/datafeed/EURUSD/2026/04/30/13h_ticks.bi5 "HTTP/1.1 503 Service Temporarily Unavailable"
2026-06-13 21:24:25,376 - httpx - INFO - HTTP Request: GET https://datafeed.dukascopy.com/datafeed/EURUSD/2026/04/30/11h_ticks.bi5 "HTTP/1.1 503 Service Temporarily Unavailable"
2026-06-13 21:24:25,388 - httpx - INFO - HTTP Request: GET https://datafeed.dukascopy.com/datafeed/EURUSD/2026/04/30/22h_ticks.bi5 "HTTP/1.1 503 Service Temporarily Unavailable"
2026-06-13 21:24:25,396 - httpx - INFO - HTTP Request: GET https://datafeed.dukascopy.com/datafeed/EURUSD/2026/04/30/21h_ticks.bi5 "HTTP/1.1 503 Service Temporarily Unavailable"
2026-06-13 21:24:25,403 - httpx - INFO - HTTP Request: GET https://datafeed.dukascopy.com/datafeed/EURUSD/2026/04/30/14h_ticks.bi5 "HTTP/1.1 503 Service Temporarily Unavailable"
2026-06-13 21:24:25,417 - httpx - INFO - HTTP Request: GET https://datafeed.dukascopy.com/datafeed/EURUSD/2026/04/30/20h_ticks.bi5 "HTTP/1.1 503 Service Temporarily Unavailable"
2026-06-13 21:24:25,425 - httpx - INFO - HTTP Request: GET https://datafeed.dukascopy.com/datafeed/EURUSD/2026/04/30/23h_ticks.bi5 "HTTP/1.1 503 Service Temporarily Unavailable"
2026-06-13 21:24:25,437 - httpx - INFO - HTTP Request: GET https://datafeed.dukascopy.com/datafeed/EURUSD/2026/04/30/19h_ticks.bi5 "HTTP/1.1 503 Service Temporarily Unavailable"
2026-06-13 21:24:25,440 - httpx - INFO - HTTP Request: GET https://datafeed.dukascopy.com/datafeed/EURUSD/2026/04/30/09h_ticks.bi5 "HTTP/1.1 503 Service Temporarily Unavailable"
2026-06-13 21:24:25,443 - httpx - INFO - HTTP Request: GET https://datafeed.dukascopy.com/datafeed/EURUSD/2026/04/30/18h_ticks.bi5 "HTTP/1.1 503 Service Temporarily Unavailable"
2026-06-13 21:24:25,448 - httpx - INFO - HTTP Request: GET https://datafeed.dukascopy.com/datafeed/EURUSD/2026/04/30/08h_ticks.bi5 "HTTP/1.1 503 Service Temporarily Unavailable"
2026-06-13 21:24:25,454 - httpx - INFO - HTTP Request: GET https://datafeed.dukascopy.com/datafeed/EURUSD/2026/04/30/15h_ticks.bi5 "HTTP/1.1 503 Service Temporarily Unavailable"
2026-06-13 21:24:25,549 - httpx - INFO - HTTP Request: GET https://datafeed.dukascopy.com/datafeed/EURUSD/2026/04/15/01h_ticks.bi5 "HTTP/1.1 200 OK"
2026-06-13 21:24:25,669 - httpx - INFO - HTTP Request: GET https://datafeed.dukascopy.com/datafeed/EURUSD/2026/04/15/04h_ticks.bi5 "HTTP/1.1 200 OK"
2026-06-13 21:24:25,956 - httpx - INFO - HTTP Request: GET https://datafeed.dukascopy.com/datafeed/EURUSD/2026/04/15/07h_ticks.bi5 "HTTP/1.1 200 OK"
2026-06-13 21:24:26,075 - httpx - INFO - HTTP Request: GET https://datafeed.dukascopy.com/datafeed/EURUSD/2026/04/15/03h_ticks.bi5 "HTTP/1.1 200 OK"
2026-06-13 21:24:26,355 - httpx - INFO - HTTP Request: GET https://datafeed.dukascopy.com/datafeed/EURUSD/2026/04/15/12h_ticks.bi5 "HTTP/1.1 200 OK"
2026-06-13 21:24:26,553 - httpx - INFO - HTTP Request: GET https://datafeed.dukascopy.com/datafeed/EURUSD/2026/04/15/06h_ticks.bi5 "HTTP/1.1 200 OK"
2026-06-13 21:24:26,672 - httpx - INFO - HTTP Request: GET https://datafeed.dukascopy.com/datafeed/EURUSD/2026/04/15/17h_ticks.bi5 "HTTP/1.1 200 OK"
2026-06-13 21:24:26,872 - httpx - INFO - HTTP Request: GET https://datafeed.dukascopy.com/datafeed/EURUSD/2026/04/15/02h_ticks.bi5 "HTTP/1.1 200 OK"
2026-06-13 21:24:27,153 - httpx - INFO - HTTP Request: GET https://datafeed.dukascopy.com/datafeed/EURUSD/2026/04/15/10h_ticks.bi5 "HTTP/1.1 200 OK"
2026-06-13 21:24:27,357 - httpx - INFO - HTTP Request: GET https://datafeed.dukascopy.com/datafeed/EURUSD/2026/04/15/05h_ticks.bi5 "HTTP/1.1 200 OK"
2026-06-13 21:24:27,689 - httpx - INFO - HTTP Request: GET https://datafeed.dukascopy.com/datafeed/EURUSD/2026/04/15/23h_ticks.bi5 "HTTP/1.1 200 OK"
2026-06-13 21:24:27,694 - httpx - INFO - HTTP Request: GET https://datafeed.dukascopy.com/datafeed/EURUSD/2026/04/15/16h_ticks.bi5 "HTTP/1.1 200 OK"
2026-06-13 21:24:27,954 - httpx - INFO - HTTP Request: GET https://datafeed.dukascopy.com/datafeed/EURUSD/2026/04/15/11h_ticks.bi5 "HTTP/1.1 200 OK"
2026-06-13 21:24:28,065 - httpx - INFO - HTTP Request: GET https://datafeed.dukascopy.com/datafeed/EURUSD/2026/04/30/00h_ticks.bi5 "HTTP/1.1 200 OK"
2026-06-13 21:24:28,269 - httpx - INFO - HTTP Request: GET https://datafeed.dukascopy.com/datafeed/EURUSD/2026/04/30/17h_ticks.bi5 "HTTP/1.1 200 OK"
2026-06-13 21:24:28,487 - httpx - INFO - HTTP Request: GET https://datafeed.dukascopy.com/datafeed/EURUSD/2026/04/29/00h_ticks.bi5 "HTTP/1.1 200 OK"
2026-06-13 21:24:28,745 - httpx - INFO - HTTP Request: GET https://datafeed.dukascopy.com/datafeed/EURUSD/2026/04/29/01h_ticks.bi5 "HTTP/1.1 200 OK"
2026-06-13 21:24:28,774 - httpx - INFO - HTTP Request: GET https://datafeed.dukascopy.com/datafeed/EURUSD/2026/04/29/08h_ticks.bi5 "HTTP/1.1 503 Service Temporarily Unavailable"
2026-06-13 21:24:28,777 - httpx - INFO - HTTP Request: GET https://datafeed.dukascopy.com/datafeed/EURUSD/2026/04/29/19h_ticks.bi5 "HTTP/1.1 503 Service Temporarily Unavailable"
2026-06-13 21:24:28,779 - httpx - INFO - HTTP Request: GET https://datafeed.dukascopy.com/datafeed/EURUSD/2026/04/29/09h_ticks.bi5 "HTTP/1.1 503 Service Temporarily Unavailable"
2026-06-13 21:24:28,818 - httpx - INFO - HTTP Request: GET https://datafeed.dukascopy.com/datafeed/EURUSD/2026/04/29/20h_ticks.bi5 "HTTP/1.1 503 Service Temporarily Unavailable"
2026-06-13 21:24:28,828 - httpx - INFO - HTTP Request: GET https://datafeed.dukascopy.com/datafeed/EURUSD/2026/04/29/15h_ticks.bi5 "HTTP/1.1 503 Service Temporarily Unavailable"
2026-06-13 21:24:28,854 - httpx - INFO - HTTP Request: GET https://datafeed.dukascopy.com/datafeed/EURUSD/2026/04/29/14h_ticks.bi5 "HTTP/1.1 503 Service Temporarily Unavailable"
2026-06-13 21:24:28,857 - httpx - INFO - HTTP Request: GET https://datafeed.dukascopy.com/datafeed/EURUSD/2026/04/29/13h_ticks.bi5 "HTTP/1.1 503 Service Temporarily Unavailable"
2026-06-13 21:24:28,878 - httpx - INFO - HTTP Request: GET https://datafeed.dukascopy.com/datafeed/EURUSD/2026/04/29/04h_ticks.bi5 "HTTP/1.1 200 OK"
2026-06-13 21:24:29,149 - httpx - INFO - HTTP Request: GET https://datafeed.dukascopy.com/datafeed/EURUSD/2026/04/29/07h_ticks.bi5 "HTTP/1.1 200 OK"
2026-06-13 21:24:29,269 - httpx - INFO - HTTP Request: GET https://datafeed.dukascopy.com/datafeed/EURUSD/2026/04/29/03h_ticks.bi5 "HTTP/1.1 200 OK"
2026-06-13 21:24:29,472 - httpx - INFO - HTTP Request: GET https://datafeed.dukascopy.com/datafeed/EURUSD/2026/04/29/12h_ticks.bi5 "HTTP/1.1 200 OK"
2026-06-13 21:24:29,671 - httpx - INFO - HTTP Request: GET https://datafeed.dukascopy.com/datafeed/EURUSD/2026/04/29/06h_ticks.bi5 "HTTP/1.1 200 OK"
2026-06-13 21:24:29,874 - httpx - INFO - HTTP Request: GET https://datafeed.dukascopy.com/datafeed/EURUSD/2026/04/29/17h_ticks.bi5 "HTTP/1.1 200 OK"
2026-06-13 21:24:30,069 - httpx - INFO - HTTP Request: GET https://datafeed.dukascopy.com/datafeed/EURUSD/2026/04/29/02h_ticks.bi5 "HTTP/1.1 200 OK"
2026-06-13 21:24:30,269 - httpx - INFO - HTTP Request: GET https://datafeed.dukascopy.com/datafeed/EURUSD/2026/04/29/10h_ticks.bi5 "HTTP/1.1 200 OK"
2026-06-13 21:24:30,471 - httpx - INFO - HTTP Request: GET https://datafeed.dukascopy.com/datafeed/EURUSD/2026/04/29/05h_ticks.bi5 "HTTP/1.1 200 OK"
2026-06-13 21:24:30,750 - httpx - INFO - HTTP Request: GET https://datafeed.dukascopy.com/datafeed/EURUSD/2026/04/29/16h_ticks.bi5 "HTTP/1.1 200 OK"
2026-06-13 21:24:30,870 - httpx - INFO - HTTP Request: GET https://datafeed.dukascopy.com/datafeed/EURUSD/2026/04/29/23h_ticks.bi5 "HTTP/1.1 200 OK"
2026-06-13 21:24:31,070 - httpx - INFO - HTTP Request: GET https://datafeed.dukascopy.com/datafeed/EURUSD/2026/04/29/18h_ticks.bi5 "HTTP/1.1 200 OK"
2026-06-13 21:24:31,265 - httpx - INFO - HTTP Request: GET https://datafeed.dukascopy.com/datafeed/EURUSD/2026/04/29/21h_ticks.bi5 "HTTP/1.1 200 OK"
2026-06-13 21:24:31,472 - httpx - INFO - HTTP Request: GET https://datafeed.dukascopy.com/datafeed/EURUSD/2026/04/29/11h_ticks.bi5 "HTTP/1.1 200 OK"
2026-06-13 21:24:31,677 - httpx - INFO - HTTP Request: GET https://datafeed.dukascopy.com/datafeed/EURUSD/2026/04/29/22h_ticks.bi5 "HTTP/1.1 200 OK"
2026-06-13 21:24:31,898 - httpx - INFO - HTTP Request: GET https://datafeed.dukascopy.com/datafeed/EURUSD/2026/04/28/00h_ticks.bi5 "HTTP/1.1 200 OK"
2026-06-13 21:24:32,023 - httpx - INFO - HTTP Request: GET https://datafeed.dukascopy.com/datafeed/EURUSD/2026/04/28/15h_ticks.bi5 "HTTP/1.1 503 Service Temporarily Unavailable"
2026-06-13 21:24:32,033 - httpx - INFO - HTTP Request: GET https://datafeed.dukascopy.com/datafeed/EURUSD/2026/04/28/20h_ticks.bi5 "HTTP/1.1 503 Service Temporarily Unavailable"
2026-06-13 21:24:32,039 - httpx - INFO - HTTP Request: GET https://datafeed.dukascopy.com/datafeed/EURUSD/2026/04/28/09h_ticks.bi5 "HTTP/1.1 503 Service Temporarily Unavailable"
2026-06-13 21:24:32,052 - httpx - INFO - HTTP Request: GET https://datafeed.dukascopy.com/datafeed/EURUSD/2026/04/28/14h_ticks.bi5 "HTTP/1.1 503 Service Temporarily Unavailable"
2026-06-13 21:24:32,058 - httpx - INFO - HTTP Request: GET https://datafeed.dukascopy.com/datafeed/EURUSD/2026/04/28/11h_ticks.bi5 "HTTP/1.1 503 Service Temporarily Unavailable"
2026-06-13 21:24:32,092 - httpx - INFO - HTTP Request: GET https://datafeed.dukascopy.com/datafeed/EURUSD/2026/04/28/01h_ticks.bi5 "HTTP/1.1 200 OK"
2026-06-13 21:24:32,265 - httpx - INFO - HTTP Request: GET https://datafeed.dukascopy.com/datafeed/EURUSD/2026/04/28/19h_ticks.bi5 "HTTP/1.1 503 Service Temporarily Unavailable"
2026-06-13 21:24:32,269 - httpx - INFO - HTTP Request: GET https://datafeed.dukascopy.com/datafeed/EURUSD/2026/04/28/21h_ticks.bi5 "HTTP/1.1 503 Service Temporarily Unavailable"
2026-06-13 21:24:32,274 - httpx - INFO - HTTP Request: GET https://datafeed.dukascopy.com/datafeed/EURUSD/2026/04/28/04h_ticks.bi5 "HTTP/1.1 200 OK"
2026-06-13 21:24:32,470 - httpx - INFO - HTTP Request: GET https://datafeed.dukascopy.com/datafeed/EURUSD/2026/04/28/07h_ticks.bi5 "HTTP/1.1 200 OK"
2026-06-13 21:24:32,674 - httpx - INFO - HTTP Request: GET https://datafeed.dukascopy.com/datafeed/EURUSD/2026/04/28/03h_ticks.bi5 "HTTP/1.1 200 OK"
2026-06-13 21:24:32,943 - httpx - INFO - HTTP Request: GET https://datafeed.dukascopy.com/datafeed/EURUSD/2026/04/28/12h_ticks.bi5 "HTTP/1.1 200 OK"
2026-06-13 21:24:32,997 - AnomalyDetector - INFO - Building anomaly profile for EURUSD...
2026-06-13 21:24:33,047 - AnomalyDetector - INFO - Anomaly profile built for EURUSD with 36 indicators.
2026-06-13 21:24:33,051 - AnomalyDetector - WARNING - ANOMALY DETECTED for EURUSD: ['ema_9', 'ema_21', 'ema_50', 'ema_200', 'bb_upper', 'bb_middle', 'bb_lower', 'tenkan', 'kijun', 'senkou_a', 'senkou_b', 'pivot', 'r1', 's1', 'r2', 's2', 'r3', 's3', 'vwap']
2026-06-13 21:24:33,074 - httpx - INFO - HTTP Request: GET https://datafeed.dukascopy.com/datafeed/EURUSD/2026/04/28/06h_ticks.bi5 "HTTP/1.1 200 OK"
2026-06-13 21:24:33,225 - RiskManager - WARNING - Risk Check: R:R ratio too low for EURUSD. Trade blocked.
2026-06-13 21:24:33,227 - DecisionEngine - WARNING - Raising confidence threshold to 0.85 due to anomaly in EURUSD
2026-06-13 21:24:33,227 - DecisionEngine - ERROR - Error in Decision Pipeline for EURUSD: 3 validation errors for TradeDecision
stop_loss
  Input should be greater than 0 [type=greater_than, input_value=0.0, input_type=float]
    For further information visit https://errors.pydantic.dev/2.13/v/greater_than
take_profit
  Input should be greater than 0 [type=greater_than, input_value=0.0, input_type=float]
    For further information visit https://errors.pydantic.dev/2.13/v/greater_than
lot_size
  Input should be greater than 0 [type=greater_than, input_value=0.0, input_type=float]
    For further information visit https://errors.pydantic.dev/2.13/v/greater_than
Traceback (most recent call last):
  File "D:\prj\Intelli-Trader\backend\modules\decision\decision_engine.py", line 185, in run_pipeline
    trade_decision = TradeDecision(
                     ^^^^^^^^^^^^^^
  File "C:\Users\Me\AppData\Local\Programs\Python\Python312\Lib\site-packages\pydantic\main.py", line 263, in __init__
    validated_self = self.__pydantic_validator__.validate_python(data, self_instance=self)
                     ^^^^^^^^^^^^^^^^^^^^^^^^^^^^^^^^^^^^^^^^^^^^^^^^^^^^^^^^^^^^^^^^^^^^^
pydantic_core._pydantic_core.ValidationError: 3 validation errors for TradeDecision
stop_loss
  Input should be greater than 0 [type=greater_than, input_value=0.0, input_type=float]
    For further information visit https://errors.pydantic.dev/2.13/v/greater_than
take_profit
  Input should be greater than 0 [type=greater_than, input_value=0.0, input_type=float]
    For further information visit https://errors.pydantic.dev/2.13/v/greater_than
lot_size
  Input should be greater than 0 [type=greater_than, input_value=0.0, input_type=float]
    For further information visit https://errors.pydantic.dev/2.13/v/greater_than
2026-06-13 21:24:33,230 - LiveEngine - INFO - Signal for EURUSD: HOLD (Confidence: 0.0000)
2026-06-13 21:24:33,232 - LiveEngine - INFO - --- Starting Live Cycle: GBPUSD H1 ---
2026-06-13 21:24:33,276 - httpx - INFO - HTTP Request: GET https://datafeed.dukascopy.com/datafeed/EURUSD/2026/04/28/17h_ticks.bi5 "HTTP/1.1 200 OK"
2026-06-13 21:24:33,471 - httpx - INFO - HTTP Request: GET https://datafeed.dukascopy.com/datafeed/EURUSD/2026/04/28/02h_ticks.bi5 "HTTP/1.1 200 OK"
2026-06-13 21:24:33,676 - httpx - INFO - HTTP Request: GET https://datafeed.dukascopy.com/datafeed/EURUSD/2026/04/28/10h_ticks.bi5 "HTTP/1.1 200 OK"
2026-06-13 21:24:33,874 - httpx - INFO - HTTP Request: GET https://datafeed.dukascopy.com/datafeed/EURUSD/2026/04/28/05h_ticks.bi5 "HTTP/1.1 200 OK"
2026-06-13 21:24:34,145 - httpx - INFO - HTTP Request: GET https://datafeed.dukascopy.com/datafeed/EURUSD/2026/04/28/16h_ticks.bi5 "HTTP/1.1 200 OK"
2026-06-13 21:24:34,159 - httpx - INFO - HTTP Request: GET https://datafeed.dukascopy.com/datafeed/EURUSD/2026/05/13/00h_ticks.bi5 "HTTP/1.1 503 Service Temporarily Unavailable"
2026-06-13 21:24:34,164 - httpx - INFO - HTTP Request: GET https://datafeed.dukascopy.com/datafeed/EURUSD/2026/05/13/09h_ticks.bi5 "HTTP/1.1 503 Service Temporarily Unavailable"
2026-06-13 21:24:34,183 - httpx - INFO - HTTP Request: GET https://datafeed.dukascopy.com/datafeed/EURUSD/2026/05/13/08h_ticks.bi5 "HTTP/1.1 503 Service Temporarily Unavailable"
2026-06-13 21:24:34,269 - httpx - INFO - HTTP Request: GET https://datafeed.dukascopy.com/datafeed/EURUSD/2026/04/28/23h_ticks.bi5 "HTTP/1.1 200 OK"
2026-06-13 21:24:34,312 - httpx - INFO - HTTP Request: GET https://datafeed.dukascopy.com/datafeed/EURUSD/2026/05/13/21h_ticks.bi5 "HTTP/1.1 503 Service Temporarily Unavailable"
2026-06-13 21:24:34,323 - httpx - INFO - HTTP Request: GET https://datafeed.dukascopy.com/datafeed/EURUSD/2026/05/13/03h_ticks.bi5 "HTTP/1.1 503 Service Temporarily Unavailable"
2026-06-13 21:24:34,327 - httpx - INFO - HTTP Request: GET https://datafeed.dukascopy.com/datafeed/EURUSD/2026/05/13/23h_ticks.bi5 "HTTP/1.1 503 Service Temporarily Unavailable"
2026-06-13 21:24:34,477 - httpx - INFO - HTTP Request: GET https://datafeed.dukascopy.com/datafeed/EURUSD/2026/04/28/18h_ticks.bi5 "HTTP/1.1 200 OK"
2026-06-13 21:24:34,485 - httpx - INFO - HTTP Request: GET https://datafeed.dukascopy.com/datafeed/EURUSD/2026/05/13/11h_ticks.bi5 "HTTP/1.1 503 Service Temporarily Unavailable"
2026-06-13 21:24:34,493 - httpx - INFO - HTTP Request: GET https://datafeed.dukascopy.com/datafeed/EURUSD/2026/05/13/07h_ticks.bi5 "HTTP/1.1 503 Service Temporarily Unavailable"
2026-06-13 21:24:34,673 - httpx - INFO - HTTP Request: GET https://datafeed.dukascopy.com/datafeed/EURUSD/2026/04/28/22h_ticks.bi5 "HTTP/1.1 200 OK"
2026-06-13 21:24:34,685 - httpx - INFO - HTTP Request: GET https://datafeed.dukascopy.com/datafeed/EURUSD/2026/05/13/01h_ticks.bi5 "HTTP/1.1 503 Service Temporarily Unavailable"
2026-06-13 21:24:34,689 - httpx - INFO - HTTP Request: GET https://datafeed.dukascopy.com/datafeed/EURUSD/2026/05/13/14h_ticks.bi5 "HTTP/1.1 503 Service Temporarily Unavailable"
2026-06-13 21:24:34,695 - httpx - INFO - HTTP Request: GET https://datafeed.dukascopy.com/datafeed/EURUSD/2026/05/13/10h_ticks.bi5 "HTTP/1.1 503 Service Temporarily Unavailable"
2026-06-13 21:24:34,698 - httpx - INFO - HTTP Request: GET https://datafeed.dukascopy.com/datafeed/EURUSD/2026/05/13/12h_ticks.bi5 "HTTP/1.1 503 Service Temporarily Unavailable"
2026-06-13 21:24:34,952 - httpx - INFO - HTTP Request: GET https://datafeed.dukascopy.com/datafeed/EURUSD/2026/04/28/13h_ticks.bi5 "HTTP/1.1 200 OK"
2026-06-13 21:24:35,073 - httpx - INFO - HTTP Request: GET https://datafeed.dukascopy.com/datafeed/EURUSD/2026/04/28/08h_ticks.bi5 "HTTP/1.1 200 OK"
2026-06-13 21:24:35,348 - httpx - INFO - HTTP Request: GET https://datafeed.dukascopy.com/datafeed/EURUSD/2026/04/27/02h_ticks.bi5 "HTTP/1.1 503 Service Temporarily Unavailable"
2026-06-13 21:24:35,357 - httpx - INFO - HTTP Request: GET https://datafeed.dukascopy.com/datafeed/EURUSD/2026/05/13/02h_ticks.bi5 "HTTP/1.1 200 OK"
2026-06-13 21:24:35,364 - httpx - INFO - HTTP Request: GET https://datafeed.dukascopy.com/datafeed/EURUSD/2026/04/27/07h_ticks.bi5 "HTTP/1.1 503 Service Temporarily Unavailable"
2026-06-13 21:24:35,366 - httpx - INFO - HTTP Request: GET https://datafeed.dukascopy.com/datafeed/EURUSD/2026/04/27/03h_ticks.bi5 "HTTP/1.1 503 Service Temporarily Unavailable"
2026-06-13 21:24:35,372 - httpx - INFO - HTTP Request: GET https://datafeed.dukascopy.com/datafeed/EURUSD/2026/04/27/10h_ticks.bi5 "HTTP/1.1 503 Service Temporarily Unavailable"
2026-06-13 21:24:35,374 - httpx - INFO - HTTP Request: GET https://datafeed.dukascopy.com/datafeed/EURUSD/2026/04/27/06h_ticks.bi5 "HTTP/1.1 503 Service Temporarily Unavailable"
2026-06-13 21:24:35,375 - httpx - INFO - HTTP Request: GET https://datafeed.dukascopy.com/datafeed/EURUSD/2026/04/27/17h_ticks.bi5 "HTTP/1.1 503 Service Temporarily Unavailable"
2026-06-13 21:24:35,384 - httpx - INFO - HTTP Request: GET https://datafeed.dukascopy.com/datafeed/EURUSD/2026/04/27/05h_ticks.bi5 "HTTP/1.1 503 Service Temporarily Unavailable"
2026-06-13 21:24:35,389 - httpx - INFO - HTTP Request: GET https://datafeed.dukascopy.com/datafeed/EURUSD/2026/04/27/16h_ticks.bi5 "HTTP/1.1 503 Service Temporarily Unavailable"
2026-06-13 21:24:35,395 - httpx - INFO - HTTP Request: GET https://datafeed.dukascopy.com/datafeed/EURUSD/2026/04/27/23h_ticks.bi5 "HTTP/1.1 503 Service Temporarily Unavailable"
2026-06-13 21:24:35,398 - httpx - INFO - HTTP Request: GET https://datafeed.dukascopy.com/datafeed/EURUSD/2026/04/27/18h_ticks.bi5 "HTTP/1.1 503 Service Temporarily Unavailable"
2026-06-13 21:24:35,404 - httpx - INFO - HTTP Request: GET https://datafeed.dukascopy.com/datafeed/EURUSD/2026/04/27/22h_ticks.bi5 "HTTP/1.1 503 Service Temporarily Unavailable"
2026-06-13 21:24:35,407 - httpx - INFO - HTTP Request: GET https://datafeed.dukascopy.com/datafeed/EURUSD/2026/04/27/13h_ticks.bi5 "HTTP/1.1 503 Service Temporarily Unavailable"
2026-06-13 21:24:35,415 - httpx - INFO - HTTP Request: GET https://datafeed.dukascopy.com/datafeed/EURUSD/2026/04/27/15h_ticks.bi5 "HTTP/1.1 503 Service Temporarily Unavailable"
2026-06-13 21:24:35,435 - httpx - INFO - HTTP Request: GET https://datafeed.dukascopy.com/datafeed/EURUSD/2026/04/27/20h_ticks.bi5 "HTTP/1.1 503 Service Temporarily Unavailable"
2026-06-13 21:24:35,440 - httpx - INFO - HTTP Request: GET https://datafeed.dukascopy.com/datafeed/EURUSD/2026/04/27/09h_ticks.bi5 "HTTP/1.1 503 Service Temporarily Unavailable"
2026-06-13 21:24:35,447 - httpx - INFO - HTTP Request: GET https://datafeed.dukascopy.com/datafeed/EURUSD/2026/04/27/19h_ticks.bi5 "HTTP/1.1 503 Service Temporarily Unavailable"
2026-06-13 21:24:35,455 - httpx - INFO - HTTP Request: GET https://datafeed.dukascopy.com/datafeed/EURUSD/2026/04/27/08h_ticks.bi5 "HTTP/1.1 503 Service Temporarily Unavailable"
2026-06-13 21:24:35,465 - httpx - INFO - HTTP Request: GET https://datafeed.dukascopy.com/datafeed/EURUSD/2026/04/27/14h_ticks.bi5 "HTTP/1.1 503 Service Temporarily Unavailable"
2026-06-13 21:24:35,473 - httpx - INFO - HTTP Request: GET https://datafeed.dukascopy.com/datafeed/EURUSD/2026/05/13/04h_ticks.bi5 "HTTP/1.1 200 OK"
2026-06-13 21:24:35,476 - httpx - INFO - HTTP Request: GET https://datafeed.dukascopy.com/datafeed/EURUSD/2026/04/27/21h_ticks.bi5 "HTTP/1.1 503 Service Temporarily Unavailable"
2026-06-13 21:24:35,673 - httpx - INFO - HTTP Request: GET https://datafeed.dukascopy.com/datafeed/EURUSD/2026/05/13/16h_ticks.bi5 "HTTP/1.1 200 OK"
2026-06-13 21:24:35,871 - httpx - INFO - HTTP Request: GET https://datafeed.dukascopy.com/datafeed/EURUSD/2026/05/13/05h_ticks.bi5 "HTTP/1.1 200 OK"
2026-06-13 21:24:36,069 - httpx - INFO - HTTP Request: GET https://datafeed.dukascopy.com/datafeed/EURUSD/2026/05/13/18h_ticks.bi5 "HTTP/1.1 404 Not Found"
2026-06-13 21:24:36,272 - httpx - INFO - HTTP Request: GET https://datafeed.dukascopy.com/datafeed/EURUSD/2026/05/13/13h_ticks.bi5 "HTTP/1.1 200 OK"
2026-06-13 21:24:36,471 - httpx - INFO - HTTP Request: GET https://datafeed.dukascopy.com/datafeed/EURUSD/2026/05/13/15h_ticks.bi5 "HTTP/1.1 200 OK"
2026-06-13 21:24:36,740 - httpx - INFO - HTTP Request: GET https://datafeed.dukascopy.com/datafeed/EURUSD/2026/05/13/20h_ticks.bi5 "HTTP/1.1 404 Not Found"
2026-06-13 21:24:36,870 - httpx - INFO - HTTP Request: GET https://datafeed.dukascopy.com/datafeed/EURUSD/2026/05/13/19h_ticks.bi5 "HTTP/1.1 404 Not Found"
2026-06-13 21:24:37,070 - httpx - INFO - HTTP Request: GET https://datafeed.dukascopy.com/datafeed/EURUSD/2026/05/13/22h_ticks.bi5 "HTTP/1.1 404 Not Found"
2026-06-13 21:24:37,270 - httpx - INFO - HTTP Request: GET https://datafeed.dukascopy.com/datafeed/EURUSD/2026/05/13/06h_ticks.bi5 "HTTP/1.1 200 OK"
2026-06-13 21:24:37,472 - httpx - INFO - HTTP Request: GET https://datafeed.dukascopy.com/datafeed/EURUSD/2026/05/13/17h_ticks.bi5 "HTTP/1.1 200 OK"
2026-06-13 21:24:37,673 - httpx - INFO - HTTP Request: GET https://datafeed.dukascopy.com/datafeed/EURUSD/2026/04/27/00h_ticks.bi5 "HTTP/1.1 200 OK"
2026-06-13 21:24:37,766 - httpx - INFO - HTTP Request: GET https://datafeed.dukascopy.com/datafeed/EURUSD/2026/05/12/16h_ticks.bi5 "HTTP/1.1 503 Service Temporarily Unavailable"
2026-06-13 21:24:37,778 - httpx - INFO - HTTP Request: GET https://datafeed.dukascopy.com/datafeed/EURUSD/2026/05/12/23h_ticks.bi5 "HTTP/1.1 503 Service Temporarily Unavailable"
2026-06-13 21:24:37,782 - httpx - INFO - HTTP Request: GET https://datafeed.dukascopy.com/datafeed/EURUSD/2026/05/12/18h_ticks.bi5 "HTTP/1.1 503 Service Temporarily Unavailable"
2026-06-13 21:24:37,796 - httpx - INFO - HTTP Request: GET https://datafeed.dukascopy.com/datafeed/EURUSD/2026/05/12/22h_ticks.bi5 "HTTP/1.1 503 Service Temporarily Unavailable"
2026-06-13 21:24:37,803 - httpx - INFO - HTTP Request: GET https://datafeed.dukascopy.com/datafeed/EURUSD/2026/05/12/13h_ticks.bi5 "HTTP/1.1 503 Service Temporarily Unavailable"
2026-06-13 21:24:37,811 - httpx - INFO - HTTP Request: GET https://datafeed.dukascopy.com/datafeed/EURUSD/2026/05/12/15h_ticks.bi5 "HTTP/1.1 503 Service Temporarily Unavailable"
2026-06-13 21:24:37,827 - httpx - INFO - HTTP Request: GET https://datafeed.dukascopy.com/datafeed/EURUSD/2026/05/12/20h_ticks.bi5 "HTTP/1.1 503 Service Temporarily Unavailable"
2026-06-13 21:24:37,830 - httpx - INFO - HTTP Request: GET https://datafeed.dukascopy.com/datafeed/EURUSD/2026/05/12/09h_ticks.bi5 "HTTP/1.1 503 Service Temporarily Unavailable"
2026-06-13 21:24:37,835 - httpx - INFO - HTTP Request: GET https://datafeed.dukascopy.com/datafeed/EURUSD/2026/05/12/14h_ticks.bi5 "HTTP/1.1 503 Service Temporarily Unavailable"
2026-06-13 21:24:37,871 - httpx - INFO - HTTP Request: GET https://datafeed.dukascopy.com/datafeed/EURUSD/2026/04/27/01h_ticks.bi5 "HTTP/1.1 200 OK"
2026-06-13 21:24:38,012 - httpx - INFO - HTTP Request: GET https://datafeed.dukascopy.com/datafeed/EURUSD/2026/05/12/08h_ticks.bi5 "HTTP/1.1 503 Service Temporarily Unavailable"
2026-06-13 21:24:38,015 - httpx - INFO - HTTP Request: GET https://datafeed.dukascopy.com/datafeed/EURUSD/2026/05/12/21h_ticks.bi5 "HTTP/1.1 503 Service Temporarily Unavailable"
2026-06-13 21:24:38,025 - httpx - INFO - HTTP Request: GET https://datafeed.dukascopy.com/datafeed/EURUSD/2026/05/12/19h_ticks.bi5 "HTTP/1.1 503 Service Temporarily Unavailable"
2026-06-13 21:24:38,091 - httpx - INFO - HTTP Request: GET https://datafeed.dukascopy.com/datafeed/EURUSD/2026/04/27/04h_ticks.bi5 "HTTP/1.1 200 OK"
2026-06-13 21:24:38,360 - httpx - INFO - HTTP Request: GET https://datafeed.dukascopy.com/datafeed/EURUSD/2026/04/27/12h_ticks.bi5 "HTTP/1.1 200 OK"
2026-06-13 21:24:38,472 - httpx - INFO - HTTP Request: GET https://datafeed.dukascopy.com/datafeed/EURUSD/2026/04/27/11h_ticks.bi5 "HTTP/1.1 200 OK"
2026-06-13 21:24:38,685 - httpx - INFO - HTTP Request: GET https://datafeed.dukascopy.com/datafeed/EURUSD/2026/04/26/07h_ticks.bi5 "HTTP/1.1 503 Service Temporarily Unavailable"
2026-06-13 21:24:38,705 - httpx - INFO - HTTP Request: GET https://datafeed.dukascopy.com/datafeed/EURUSD/2026/04/26/12h_ticks.bi5 "HTTP/1.1 503 Service Temporarily Unavailable"
2026-06-13 21:24:38,728 - httpx - INFO - HTTP Request: GET https://datafeed.dukascopy.com/datafeed/EURUSD/2026/04/26/06h_ticks.bi5 "HTTP/1.1 503 Service Temporarily Unavailable"
2026-06-13 21:24:38,740 - httpx - INFO - HTTP Request: GET https://datafeed.dukascopy.com/datafeed/EURUSD/2026/04/26/17h_ticks.bi5 "HTTP/1.1 503 Service Temporarily Unavailable"
2026-06-13 21:24:38,769 - httpx - INFO - HTTP Request: GET https://datafeed.dukascopy.com/datafeed/EURUSD/2026/04/26/02h_ticks.bi5 "HTTP/1.1 503 Service Temporarily Unavailable"
2026-06-13 21:24:38,827 - httpx - INFO - HTTP Request: GET https://datafeed.dukascopy.com/datafeed/EURUSD/2026/05/12/00h_ticks.bi5 "HTTP/1.1 200 OK"
2026-06-13 21:24:38,828 - httpx - INFO - HTTP Request: GET https://datafeed.dukascopy.com/datafeed/EURUSD/2026/04/26/16h_ticks.bi5 "HTTP/1.1 503 Service Temporarily Unavailable"
2026-06-13 21:24:38,835 - httpx - INFO - HTTP Request: GET https://datafeed.dukascopy.com/datafeed/EURUSD/2026/04/26/13h_ticks.bi5 "HTTP/1.1 503 Service Temporarily Unavailable"
2026-06-13 21:24:38,839 - httpx - INFO - HTTP Request: GET https://datafeed.dukascopy.com/datafeed/EURUSD/2026/04/26/05h_ticks.bi5 "HTTP/1.1 503 Service Temporarily Unavailable"
2026-06-13 21:24:38,841 - httpx - INFO - HTTP Request: GET https://datafeed.dukascopy.com/datafeed/EURUSD/2026/04/26/10h_ticks.bi5 "HTTP/1.1 503 Service Temporarily Unavailable"
2026-06-13 21:24:38,842 - httpx - INFO - HTTP Request: GET https://datafeed.dukascopy.com/datafeed/EURUSD/2026/04/26/18h_ticks.bi5 "HTTP/1.1 503 Service Temporarily Unavailable"
2026-06-13 21:24:38,848 - httpx - INFO - HTTP Request: GET https://datafeed.dukascopy.com/datafeed/EURUSD/2026/04/26/22h_ticks.bi5 "HTTP/1.1 503 Service Temporarily Unavailable"
2026-06-13 21:24:38,851 - httpx - INFO - HTTP Request: GET https://datafeed.dukascopy.com/datafeed/EURUSD/2026/04/26/21h_ticks.bi5 "HTTP/1.1 503 Service Temporarily Unavailable"
2026-06-13 21:24:38,853 - httpx - INFO - HTTP Request: GET https://datafeed.dukascopy.com/datafeed/EURUSD/2026/04/26/19h_ticks.bi5 "HTTP/1.1 503 Service Temporarily Unavailable"
2026-06-13 21:24:38,856 - httpx - INFO - HTTP Request: GET https://datafeed.dukascopy.com/datafeed/EURUSD/2026/04/26/15h_ticks.bi5 "HTTP/1.1 503 Service Temporarily Unavailable"
2026-06-13 21:24:38,858 - httpx - INFO - HTTP Request: GET https://datafeed.dukascopy.com/datafeed/EURUSD/2026/04/26/14h_ticks.bi5 "HTTP/1.1 503 Service Temporarily Unavailable"
2026-06-13 21:24:38,863 - httpx - INFO - HTTP Request: GET https://datafeed.dukascopy.com/datafeed/EURUSD/2026/04/26/23h_ticks.bi5 "HTTP/1.1 503 Service Temporarily Unavailable"
2026-06-13 21:24:38,866 - httpx - INFO - HTTP Request: GET https://datafeed.dukascopy.com/datafeed/EURUSD/2026/04/26/20h_ticks.bi5 "HTTP/1.1 503 Service Temporarily Unavailable"
2026-06-13 21:24:38,870 - httpx - INFO - HTTP Request: GET https://datafeed.dukascopy.com/datafeed/EURUSD/2026/04/26/09h_ticks.bi5 "HTTP/1.1 503 Service Temporarily Unavailable"
2026-06-13 21:24:38,872 - httpx - INFO - HTTP Request: GET https://datafeed.dukascopy.com/datafeed/EURUSD/2026/04/26/08h_ticks.bi5 "HTTP/1.1 503 Service Temporarily Unavailable"
2026-06-13 21:24:38,946 - httpx - INFO - HTTP Request: GET https://datafeed.dukascopy.com/datafeed/EURUSD/2026/05/12/01h_ticks.bi5 "HTTP/1.1 200 OK"
2026-06-13 21:24:39,074 - httpx - INFO - HTTP Request: GET https://datafeed.dukascopy.com/datafeed/EURUSD/2026/05/12/04h_ticks.bi5 "HTTP/1.1 200 OK"
2026-06-13 21:24:39,233 - httpx - INFO - HTTP Request: GET https://datafeed.dukascopy.com/datafeed/EURUSD/2026/04/26/11h_ticks.bi5 "HTTP/1.1 503 Service Temporarily Unavailable"
2026-06-13 21:24:39,353 - httpx - INFO - HTTP Request: GET https://datafeed.dukascopy.com/datafeed/EURUSD/2026/05/12/07h_ticks.bi5 "HTTP/1.1 200 OK"
2026-06-13 21:24:39,475 - httpx - INFO - HTTP Request: GET https://datafeed.dukascopy.com/datafeed/EURUSD/2026/05/12/03h_ticks.bi5 "HTTP/1.1 200 OK"
2026-06-13 21:24:39,753 - httpx - INFO - HTTP Request: GET https://datafeed.dukascopy.com/datafeed/EURUSD/2026/05/12/12h_ticks.bi5 "HTTP/1.1 200 OK"
2026-06-13 21:24:39,950 - httpx - INFO - HTTP Request: GET https://datafeed.dukascopy.com/datafeed/EURUSD/2026/05/12/06h_ticks.bi5 "HTTP/1.1 200 OK"
2026-06-13 21:24:40,143 - httpx - INFO - HTTP Request: GET https://datafeed.dukascopy.com/datafeed/EURUSD/2026/05/12/17h_ticks.bi5 "HTTP/1.1 200 OK"
2026-06-13 21:24:40,287 - httpx - INFO - HTTP Request: GET https://datafeed.dukascopy.com/datafeed/EURUSD/2026/05/12/02h_ticks.bi5 "HTTP/1.1 200 OK"
2026-06-13 21:24:40,554 - httpx - INFO - HTTP Request: GET https://datafeed.dukascopy.com/datafeed/EURUSD/2026/05/12/10h_ticks.bi5 "HTTP/1.1 200 OK"
2026-06-13 21:24:40,671 - httpx - INFO - HTTP Request: GET https://datafeed.dukascopy.com/datafeed/EURUSD/2026/05/12/05h_ticks.bi5 "HTTP/1.1 200 OK"
2026-06-13 21:24:40,871 - httpx - INFO - HTTP Request: GET https://datafeed.dukascopy.com/datafeed/EURUSD/2026/05/12/11h_ticks.bi5 "HTTP/1.1 200 OK"
2026-06-13 21:24:41,086 - httpx - INFO - HTTP Request: GET https://datafeed.dukascopy.com/datafeed/EURUSD/2026/04/26/00h_ticks.bi5 "HTTP/1.1 200 OK"
2026-06-13 21:24:41,182 - httpx - INFO - HTTP Request: GET https://datafeed.dukascopy.com/datafeed/EURUSD/2026/05/11/23h_ticks.bi5 "HTTP/1.1 503 Service Temporarily Unavailable"
2026-06-13 21:24:41,185 - httpx - INFO - HTTP Request: GET https://datafeed.dukascopy.com/datafeed/EURUSD/2026/05/11/18h_ticks.bi5 "HTTP/1.1 503 Service Temporarily Unavailable"
2026-06-13 21:24:41,195 - httpx - INFO - HTTP Request: GET https://datafeed.dukascopy.com/datafeed/EURUSD/2026/05/11/22h_ticks.bi5 "HTTP/1.1 503 Service Temporarily Unavailable"
2026-06-13 21:24:41,202 - httpx - INFO - HTTP Request: GET https://datafeed.dukascopy.com/datafeed/EURUSD/2026/05/11/13h_ticks.bi5 "HTTP/1.1 503 Service Temporarily Unavailable"
2026-06-13 21:24:41,215 - httpx - INFO - HTTP Request: GET https://datafeed.dukascopy.com/datafeed/EURUSD/2026/05/11/15h_ticks.bi5 "HTTP/1.1 503 Service Temporarily Unavailable"
2026-06-13 21:24:41,219 - httpx - INFO - HTTP Request: GET https://datafeed.dukascopy.com/datafeed/EURUSD/2026/05/11/20h_ticks.bi5 "HTTP/1.1 503 Service Temporarily Unavailable"
2026-06-13 21:24:41,224 - httpx - INFO - HTTP Request: GET https://datafeed.dukascopy.com/datafeed/EURUSD/2026/05/11/09h_ticks.bi5 "HTTP/1.1 503 Service Temporarily Unavailable"
2026-06-13 21:24:41,240 - httpx - INFO - HTTP Request: GET https://datafeed.dukascopy.com/datafeed/EURUSD/2026/05/11/14h_ticks.bi5 "HTTP/1.1 503 Service Temporarily Unavailable"
2026-06-13 21:24:41,271 - httpx - INFO - HTTP Request: GET https://datafeed.dukascopy.com/datafeed/EURUSD/2026/04/26/01h_ticks.bi5 "HTTP/1.1 200 OK"
2026-06-13 21:24:41,423 - httpx - INFO - HTTP Request: GET https://datafeed.dukascopy.com/datafeed/EURUSD/2026/05/11/11h_ticks.bi5 "HTTP/1.1 503 Service Temporarily Unavailable"
2026-06-13 21:24:41,426 - httpx - INFO - HTTP Request: GET https://datafeed.dukascopy.com/datafeed/EURUSD/2026/05/11/08h_ticks.bi5 "HTTP/1.1 503 Service Temporarily Unavailable"
2026-06-13 21:24:41,430 - httpx - INFO - HTTP Request: GET https://datafeed.dukascopy.com/datafeed/EURUSD/2026/05/11/21h_ticks.bi5 "HTTP/1.1 503 Service Temporarily Unavailable"
2026-06-13 21:24:41,470 - httpx - INFO - HTTP Request: GET https://datafeed.dukascopy.com/datafeed/EURUSD/2026/04/26/04h_ticks.bi5 "HTTP/1.1 200 OK"
2026-06-13 21:24:41,668 - httpx - INFO - HTTP Request: GET https://datafeed.dukascopy.com/datafeed/EURUSD/2026/04/26/03h_ticks.bi5 "HTTP/1.1 200 OK"
2026-06-13 21:24:41,847 - httpx - INFO - HTTP Request: GET https://datafeed.dukascopy.com/datafeed/EURUSD/2026/04/25/04h_ticks.bi5 "HTTP/1.1 503 Service Temporarily Unavailable"
2026-06-13 21:24:41,861 - httpx - INFO - HTTP Request: GET https://datafeed.dukascopy.com/datafeed/EURUSD/2026/04/25/07h_ticks.bi5 "HTTP/1.1 503 Service Temporarily Unavailable"
2026-06-13 21:24:41,875 - httpx - INFO - HTTP Request: GET https://datafeed.dukascopy.com/datafeed/EURUSD/2026/04/25/03h_ticks.bi5 "HTTP/1.1 503 Service Temporarily Unavailable"
2026-06-13 21:24:41,896 - httpx - INFO - HTTP Request: GET https://datafeed.dukascopy.com/datafeed/EURUSD/2026/04/25/12h_ticks.bi5 "HTTP/1.1 503 Service Temporarily Unavailable"
2026-06-13 21:24:41,921 - httpx - INFO - HTTP Request: GET https://datafeed.dukascopy.com/datafeed/EURUSD/2026/04/25/17h_ticks.bi5 "HTTP/1.1 503 Service Temporarily Unavailable"
2026-06-13 21:24:41,955 - httpx - INFO - HTTP Request: GET https://datafeed.dukascopy.com/datafeed/EURUSD/2026/04/25/10h_ticks.bi5 "HTTP/1.1 503 Service Temporarily Unavailable"
2026-06-13 21:24:41,962 - httpx - INFO - HTTP Request: GET https://datafeed.dukascopy.com/datafeed/EURUSD/2026/04/25/02h_ticks.bi5 "HTTP/1.1 503 Service Temporarily Unavailable"
2026-06-13 21:24:41,971 - httpx - INFO - HTTP Request: GET https://datafeed.dukascopy.com/datafeed/EURUSD/2026/04/25/05h_ticks.bi5 "HTTP/1.1 503 Service Temporarily Unavailable"
2026-06-13 21:24:42,038 - httpx - INFO - HTTP Request: GET https://datafeed.dukascopy.com/datafeed/EURUSD/2026/05/11/00h_ticks.bi5 "HTTP/1.1 200 OK"
2026-06-13 21:24:42,039 - httpx - INFO - HTTP Request: GET https://datafeed.dukascopy.com/datafeed/EURUSD/2026/04/25/14h_ticks.bi5 "HTTP/1.1 503 Service Temporarily Unavailable"
2026-06-13 21:24:42,051 - httpx - INFO - HTTP Request: GET https://datafeed.dukascopy.com/datafeed/EURUSD/2026/04/25/21h_ticks.bi5 "HTTP/1.1 503 Service Temporarily Unavailable"
2026-06-13 21:24:42,055 - httpx - INFO - HTTP Request: GET https://datafeed.dukascopy.com/datafeed/EURUSD/2026/04/25/20h_ticks.bi5 "HTTP/1.1 503 Service Temporarily Unavailable"
2026-06-13 21:24:42,057 - httpx - INFO - HTTP Request: GET https://datafeed.dukascopy.com/datafeed/EURUSD/2026/04/25/19h_ticks.bi5 "HTTP/1.1 503 Service Temporarily Unavailable"
2026-06-13 21:24:42,059 - httpx - INFO - HTTP Request: GET https://datafeed.dukascopy.com/datafeed/EURUSD/2026/04/25/13h_ticks.bi5 "HTTP/1.1 503 Service Temporarily Unavailable"
2026-06-13 21:24:42,061 - httpx - INFO - HTTP Request: GET https://datafeed.dukascopy.com/datafeed/EURUSD/2026/04/25/09h_ticks.bi5 "HTTP/1.1 503 Service Temporarily Unavailable"
2026-06-13 21:24:42,063 - httpx - INFO - HTTP Request: GET https://datafeed.dukascopy.com/datafeed/EURUSD/2026/04/25/11h_ticks.bi5 "HTTP/1.1 503 Service Temporarily Unavailable"
2026-06-13 21:24:42,071 - httpx - INFO - HTTP Request: GET https://datafeed.dukascopy.com/datafeed/EURUSD/2026/04/25/16h_ticks.bi5 "HTTP/1.1 503 Service Temporarily Unavailable"
2026-06-13 21:24:42,073 - httpx - INFO - HTTP Request: GET https://datafeed.dukascopy.com/datafeed/EURUSD/2026/05/11/01h_ticks.bi5 "HTTP/1.1 200 OK"
2026-06-13 21:24:42,075 - httpx - INFO - HTTP Request: GET https://datafeed.dukascopy.com/datafeed/EURUSD/2026/04/25/08h_ticks.bi5 "HTTP/1.1 503 Service Temporarily Unavailable"
2026-06-13 21:24:42,076 - httpx - INFO - HTTP Request: GET https://datafeed.dukascopy.com/datafeed/EURUSD/2026/04/25/15h_ticks.bi5 "HTTP/1.1 503 Service Temporarily Unavailable"
2026-06-13 21:24:42,078 - httpx - INFO - HTTP Request: GET https://datafeed.dukascopy.com/datafeed/EURUSD/2026/04/25/23h_ticks.bi5 "HTTP/1.1 503 Service Temporarily Unavailable"
2026-06-13 21:24:42,080 - httpx - INFO - HTTP Request: GET https://datafeed.dukascopy.com/datafeed/EURUSD/2026/04/25/18h_ticks.bi5 "HTTP/1.1 503 Service Temporarily Unavailable"
2026-06-13 21:24:42,271 - httpx - INFO - HTTP Request: GET https://datafeed.dukascopy.com/datafeed/EURUSD/2026/05/11/04h_ticks.bi5 "HTTP/1.1 200 OK"
2026-06-13 21:24:42,547 - httpx - INFO - HTTP Request: GET https://datafeed.dukascopy.com/datafeed/EURUSD/2026/05/11/07h_ticks.bi5 "HTTP/1.1 200 OK"
2026-06-13 21:24:42,672 - httpx - INFO - HTTP Request: GET https://datafeed.dukascopy.com/datafeed/EURUSD/2026/05/11/03h_ticks.bi5 "HTTP/1.1 200 OK"
2026-06-13 21:24:42,946 - httpx - INFO - HTTP Request: GET https://datafeed.dukascopy.com/datafeed/EURUSD/2026/05/11/12h_ticks.bi5 "HTTP/1.1 200 OK"
2026-06-13 21:24:43,147 - httpx - INFO - HTTP Request: GET https://datafeed.dukascopy.com/datafeed/EURUSD/2026/05/11/06h_ticks.bi5 "HTTP/1.1 200 OK"
2026-06-13 21:24:43,346 - httpx - INFO - HTTP Request: GET https://datafeed.dukascopy.com/datafeed/EURUSD/2026/05/11/17h_ticks.bi5 "HTTP/1.1 200 OK"
2026-06-13 21:24:43,486 - httpx - INFO - HTTP Request: GET https://datafeed.dukascopy.com/datafeed/EURUSD/2026/05/11/02h_ticks.bi5 "HTTP/1.1 200 OK"
2026-06-13 21:24:43,799 - httpx - INFO - HTTP Request: GET https://datafeed.dukascopy.com/datafeed/EURUSD/2026/05/11/10h_ticks.bi5 "HTTP/1.1 200 OK"
2026-06-13 21:24:43,870 - httpx - INFO - HTTP Request: GET https://datafeed.dukascopy.com/datafeed/EURUSD/2026/05/11/05h_ticks.bi5 "HTTP/1.1 200 OK"
2026-06-13 21:24:44,143 - httpx - INFO - HTTP Request: GET https://datafeed.dukascopy.com/datafeed/EURUSD/2026/05/11/16h_ticks.bi5 "HTTP/1.1 200 OK"
2026-06-13 21:24:44,344 - httpx - INFO - HTTP Request: GET https://datafeed.dukascopy.com/datafeed/EURUSD/2026/05/11/19h_ticks.bi5 "HTTP/1.1 200 OK"
2026-06-13 21:24:44,471 - httpx - INFO - HTTP Request: GET https://datafeed.dukascopy.com/datafeed/EURUSD/2026/04/25/00h_ticks.bi5 "HTTP/1.1 200 OK"
2026-06-13 21:24:44,681 - httpx - INFO - HTTP Request: GET https://datafeed.dukascopy.com/datafeed/EURUSD/2026/05/10/23h_ticks.bi5 "HTTP/1.1 503 Service Temporarily Unavailable"
2026-06-13 21:24:44,701 - httpx - INFO - HTTP Request: GET https://datafeed.dukascopy.com/datafeed/EURUSD/2026/05/10/22h_ticks.bi5 "HTTP/1.1 503 Service Temporarily Unavailable"
2026-06-13 21:24:44,705 - httpx - INFO - HTTP Request: GET https://datafeed.dukascopy.com/datafeed/EURUSD/2026/05/10/13h_ticks.bi5 "HTTP/1.1 503 Service Temporarily Unavailable"
2026-06-13 21:24:44,710 - httpx - INFO - HTTP Request: GET https://datafeed.dukascopy.com/datafeed/EURUSD/2026/05/10/15h_ticks.bi5 "HTTP/1.1 503 Service Temporarily Unavailable"
2026-06-13 21:24:44,721 - httpx - INFO - HTTP Request: GET https://datafeed.dukascopy.com/datafeed/EURUSD/2026/05/10/20h_ticks.bi5 "HTTP/1.1 503 Service Temporarily Unavailable"
2026-06-13 21:24:44,728 - httpx - INFO - HTTP Request: GET https://datafeed.dukascopy.com/datafeed/EURUSD/2026/05/10/09h_ticks.bi5 "HTTP/1.1 503 Service Temporarily Unavailable"
2026-06-13 21:24:44,732 - httpx - INFO - HTTP Request: GET https://datafeed.dukascopy.com/datafeed/EURUSD/2026/05/10/14h_ticks.bi5 "HTTP/1.1 503 Service Temporarily Unavailable"
2026-06-13 21:24:44,874 - httpx - INFO - HTTP Request: GET https://datafeed.dukascopy.com/datafeed/EURUSD/2026/04/25/06h_ticks.bi5 "HTTP/1.1 200 OK"
2026-06-13 21:24:44,924 - httpx - INFO - HTTP Request: GET https://datafeed.dukascopy.com/datafeed/EURUSD/2026/05/10/21h_ticks.bi5 "HTTP/1.1 503 Service Temporarily Unavailable"
2026-06-13 21:24:44,928 - httpx - INFO - HTTP Request: GET https://datafeed.dukascopy.com/datafeed/EURUSD/2026/05/10/11h_ticks.bi5 "HTTP/1.1 503 Service Temporarily Unavailable"
2026-06-13 21:24:44,985 - httpx - INFO - HTTP Request: GET https://datafeed.dukascopy.com/datafeed/EURUSD/2026/04/25/01h_ticks.bi5 "HTTP/1.1 200 OK"
2026-06-13 21:24:45,070 - httpx - INFO - HTTP Request: GET https://datafeed.dukascopy.com/datafeed/EURUSD/2026/04/25/22h_ticks.bi5 "HTTP/1.1 200 OK"
2026-06-13 21:24:45,237 - httpx - INFO - HTTP Request: GET https://datafeed.dukascopy.com/datafeed/EURUSD/2026/04/24/01h_ticks.bi5 "HTTP/1.1 503 Service Temporarily Unavailable"
2026-06-13 21:24:45,252 - httpx - INFO - HTTP Request: GET https://datafeed.dukascopy.com/datafeed/EURUSD/2026/04/24/04h_ticks.bi5 "HTTP/1.1 503 Service Temporarily Unavailable"
2026-06-13 21:24:45,261 - httpx - INFO - HTTP Request: GET https://datafeed.dukascopy.com/datafeed/EURUSD/2026/04/24/07h_ticks.bi5 "HTTP/1.1 503 Service Temporarily Unavailable"
2026-06-13 21:24:45,279 - httpx - INFO - HTTP Request: GET https://datafeed.dukascopy.com/datafeed/EURUSD/2026/04/24/03h_ticks.bi5 "HTTP/1.1 503 Service Temporarily Unavailable"
2026-06-13 21:24:45,280 - httpx - INFO - HTTP Request: GET https://datafeed.dukascopy.com/datafeed/EURUSD/2026/04/24/12h_ticks.bi5 "HTTP/1.1 503 Service Temporarily Unavailable"
2026-06-13 21:24:45,298 - httpx - INFO - HTTP Request: GET https://datafeed.dukascopy.com/datafeed/EURUSD/2026/05/10/19h_ticks.bi5 "HTTP/1.1 503 Service Temporarily Unavailable"
2026-06-13 21:24:45,309 - httpx - INFO - HTTP Request: GET https://datafeed.dukascopy.com/datafeed/EURUSD/2026/04/24/17h_ticks.bi5 "HTTP/1.1 503 Service Temporarily Unavailable"
2026-06-13 21:24:45,321 - httpx - INFO - HTTP Request: GET https://datafeed.dukascopy.com/datafeed/EURUSD/2026/04/24/02h_ticks.bi5 "HTTP/1.1 503 Service Temporarily Unavailable"
2026-06-13 21:24:45,344 - httpx - INFO - HTTP Request: GET https://datafeed.dukascopy.com/datafeed/EURUSD/2026/05/10/00h_ticks.bi5 "HTTP/1.1 200 OK"
2026-06-13 21:24:45,360 - httpx - INFO - HTTP Request: GET https://datafeed.dukascopy.com/datafeed/EURUSD/2026/04/24/05h_ticks.bi5 "HTTP/1.1 503 Service Temporarily Unavailable"
2026-06-13 21:24:45,372 - httpx - INFO - HTTP Request: GET https://datafeed.dukascopy.com/datafeed/EURUSD/2026/04/24/16h_ticks.bi5 "HTTP/1.1 503 Service Temporarily Unavailable"
2026-06-13 21:24:45,397 - httpx - INFO - HTTP Request: GET https://datafeed.dukascopy.com/datafeed/EURUSD/2026/04/24/22h_ticks.bi5 "HTTP/1.1 503 Service Temporarily Unavailable"
2026-06-13 21:24:45,399 - httpx - INFO - HTTP Request: GET https://datafeed.dukascopy.com/datafeed/EURUSD/2026/04/24/23h_ticks.bi5 "HTTP/1.1 503 Service Temporarily Unavailable"
2026-06-13 21:24:45,417 - httpx - INFO - HTTP Request: GET https://datafeed.dukascopy.com/datafeed/EURUSD/2026/04/24/15h_ticks.bi5 "HTTP/1.1 503 Service Temporarily Unavailable"
2026-06-13 21:24:45,423 - httpx - INFO - HTTP Request: GET https://datafeed.dukascopy.com/datafeed/EURUSD/2026/04/24/18h_ticks.bi5 "HTTP/1.1 503 Service Temporarily Unavailable"
2026-06-13 21:24:45,427 - httpx - INFO - HTTP Request: GET https://datafeed.dukascopy.com/datafeed/EURUSD/2026/04/24/13h_ticks.bi5 "HTTP/1.1 503 Service Temporarily Unavailable"
2026-06-13 21:24:45,440 - httpx - INFO - HTTP Request: GET https://datafeed.dukascopy.com/datafeed/EURUSD/2026/04/24/20h_ticks.bi5 "HTTP/1.1 503 Service Temporarily Unavailable"
2026-06-13 21:24:45,444 - httpx - INFO - HTTP Request: GET https://datafeed.dukascopy.com/datafeed/EURUSD/2026/04/24/09h_ticks.bi5 "HTTP/1.1 503 Service Temporarily Unavailable"
2026-06-13 21:24:45,450 - httpx - INFO - HTTP Request: GET https://datafeed.dukascopy.com/datafeed/EURUSD/2026/04/24/14h_ticks.bi5 "HTTP/1.1 503 Service Temporarily Unavailable"
2026-06-13 21:24:45,454 - httpx - INFO - HTTP Request: GET https://datafeed.dukascopy.com/datafeed/EURUSD/2026/04/24/21h_ticks.bi5 "HTTP/1.1 503 Service Temporarily Unavailable"
2026-06-13 21:24:45,459 - httpx - INFO - HTTP Request: GET https://datafeed.dukascopy.com/datafeed/EURUSD/2026/04/24/08h_ticks.bi5 "HTTP/1.1 503 Service Temporarily Unavailable"
2026-06-13 21:24:45,466 - httpx - INFO - HTTP Request: GET https://datafeed.dukascopy.com/datafeed/EURUSD/2026/04/24/19h_ticks.bi5 "HTTP/1.1 503 Service Temporarily Unavailable"
2026-06-13 21:24:45,552 - httpx - INFO - HTTP Request: GET https://datafeed.dukascopy.com/datafeed/EURUSD/2026/05/10/01h_ticks.bi5 "HTTP/1.1 200 OK"
2026-06-13 21:24:45,672 - httpx - INFO - HTTP Request: GET https://datafeed.dukascopy.com/datafeed/EURUSD/2026/05/10/04h_ticks.bi5 "HTTP/1.1 200 OK"
2026-06-13 21:24:45,703 - httpx - INFO - HTTP Request: GET https://datafeed.dukascopy.com/datafeed/EURUSD/2026/04/24/10h_ticks.bi5 "HTTP/1.1 503 Service Temporarily Unavailable"
2026-06-13 21:24:45,876 - httpx - INFO - HTTP Request: GET https://datafeed.dukascopy.com/datafeed/EURUSD/2026/05/10/07h_ticks.bi5 "HTTP/1.1 200 OK"
2026-06-13 21:24:46,075 - httpx - INFO - HTTP Request: GET https://datafeed.dukascopy.com/datafeed/EURUSD/2026/05/10/03h_ticks.bi5 "HTTP/1.1 200 OK"
2026-06-13 21:24:46,350 - httpx - INFO - HTTP Request: GET https://datafeed.dukascopy.com/datafeed/EURUSD/2026/05/10/12h_ticks.bi5 "HTTP/1.1 200 OK"
2026-06-13 21:24:46,550 - httpx - INFO - HTTP Request: GET https://datafeed.dukascopy.com/datafeed/EURUSD/2026/05/10/06h_ticks.bi5 "HTTP/1.1 200 OK"
2026-06-13 21:24:46,787 - httpx - INFO - HTTP Request: GET https://datafeed.dukascopy.com/datafeed/EURUSD/2026/05/10/17h_ticks.bi5 "HTTP/1.1 200 OK"
2026-06-13 21:24:46,869 - httpx - INFO - HTTP Request: GET https://datafeed.dukascopy.com/datafeed/EURUSD/2026/05/10/02h_ticks.bi5 "HTTP/1.1 200 OK"
2026-06-13 21:24:47,069 - httpx - INFO - HTTP Request: GET https://datafeed.dukascopy.com/datafeed/EURUSD/2026/05/10/10h_ticks.bi5 "HTTP/1.1 200 OK"
2026-06-13 21:24:47,272 - httpx - INFO - HTTP Request: GET https://datafeed.dukascopy.com/datafeed/EURUSD/2026/05/10/05h_ticks.bi5 "HTTP/1.1 200 OK"
2026-06-13 21:24:47,545 - httpx - INFO - HTTP Request: GET https://datafeed.dukascopy.com/datafeed/EURUSD/2026/05/10/16h_ticks.bi5 "HTTP/1.1 200 OK"
2026-06-13 21:24:47,747 - httpx - INFO - HTTP Request: GET https://datafeed.dukascopy.com/datafeed/EURUSD/2026/05/10/18h_ticks.bi5 "HTTP/1.1 200 OK"
2026-06-13 21:24:47,945 - httpx - INFO - HTTP Request: GET https://datafeed.dukascopy.com/datafeed/EURUSD/2026/05/10/08h_ticks.bi5 "HTTP/1.1 200 OK"
2026-06-13 21:24:48,069 - httpx - INFO - HTTP Request: GET https://datafeed.dukascopy.com/datafeed/EURUSD/2026/04/24/00h_ticks.bi5 "HTTP/1.1 200 OK"
2026-06-13 21:24:48,263 - httpx - INFO - HTTP Request: GET https://datafeed.dukascopy.com/datafeed/EURUSD/2026/05/09/18h_ticks.bi5 "HTTP/1.1 503 Service Temporarily Unavailable"
2026-06-13 21:24:48,268 - httpx - INFO - HTTP Request: GET https://datafeed.dukascopy.com/datafeed/EURUSD/2026/04/24/06h_ticks.bi5 "HTTP/1.1 200 OK"
2026-06-13 21:24:48,285 - httpx - INFO - HTTP Request: GET https://datafeed.dukascopy.com/datafeed/EURUSD/2026/05/09/13h_ticks.bi5 "HTTP/1.1 503 Service Temporarily Unavailable"
2026-06-13 21:24:48,295 - httpx - INFO - HTTP Request: GET https://datafeed.dukascopy.com/datafeed/EURUSD/2026/05/09/15h_ticks.bi5 "HTTP/1.1 503 Service Temporarily Unavailable"
2026-06-13 21:24:48,304 - httpx - INFO - HTTP Request: GET https://datafeed.dukascopy.com/datafeed/EURUSD/2026/05/09/20h_ticks.bi5 "HTTP/1.1 503 Service Temporarily Unavailable"
2026-06-13 21:24:48,308 - httpx - INFO - HTTP Request: GET https://datafeed.dukascopy.com/datafeed/EURUSD/2026/05/09/09h_ticks.bi5 "HTTP/1.1 503 Service Temporarily Unavailable"
2026-06-13 21:24:48,331 - httpx - INFO - HTTP Request: GET https://datafeed.dukascopy.com/datafeed/EURUSD/2026/05/09/14h_ticks.bi5 "HTTP/1.1 503 Service Temporarily Unavailable"
2026-06-13 21:24:48,466 - httpx - INFO - HTTP Request: GET https://datafeed.dukascopy.com/datafeed/EURUSD/2026/04/24/11h_ticks.bi5 "HTTP/1.1 200 OK"
2026-06-13 21:24:48,511 - httpx - INFO - HTTP Request: GET https://datafeed.dukascopy.com/datafeed/EURUSD/2026/05/09/21h_ticks.bi5 "HTTP/1.1 503 Service Temporarily Unavailable"
2026-06-13 21:24:48,530 - httpx - INFO - HTTP Request: GET https://datafeed.dukascopy.com/datafeed/EURUSD/2026/05/09/11h_ticks.bi5 "HTTP/1.1 503 Service Temporarily Unavailable"
2026-06-13 21:24:48,546 - httpx - INFO - HTTP Request: GET https://datafeed.dukascopy.com/datafeed/EURUSD/2026/05/09/19h_ticks.bi5 "HTTP/1.1 503 Service Temporarily Unavailable"
2026-06-13 21:24:48,629 - httpx - INFO - HTTP Request: GET https://datafeed.dukascopy.com/datafeed/EURUSD/2026/04/23/00h_ticks.bi5 "HTTP/1.1 503 Service Temporarily Unavailable"
2026-06-13 21:24:48,643 - httpx - INFO - HTTP Request: GET https://datafeed.dukascopy.com/datafeed/EURUSD/2026/04/23/01h_ticks.bi5 "HTTP/1.1 503 Service Temporarily Unavailable"
2026-06-13 21:24:48,645 - httpx - INFO - HTTP Request: GET https://datafeed.dukascopy.com/datafeed/EURUSD/2026/04/23/04h_ticks.bi5 "HTTP/1.1 503 Service Temporarily Unavailable"
2026-06-13 21:24:48,659 - httpx - INFO - HTTP Request: GET https://datafeed.dukascopy.com/datafeed/EURUSD/2026/04/23/07h_ticks.bi5 "HTTP/1.1 503 Service Temporarily Unavailable"
2026-06-13 21:24:48,668 - httpx - INFO - HTTP Request: GET https://datafeed.dukascopy.com/datafeed/EURUSD/2026/04/23/03h_ticks.bi5 "HTTP/1.1 503 Service Temporarily Unavailable"
2026-06-13 21:24:48,670 - httpx - INFO - HTTP Request: GET https://datafeed.dukascopy.com/datafeed/EURUSD/2026/05/09/00h_ticks.bi5 "HTTP/1.1 200 OK"
2026-06-13 21:24:48,682 - httpx - INFO - HTTP Request: GET https://datafeed.dukascopy.com/datafeed/EURUSD/2026/04/23/12h_ticks.bi5 "HTTP/1.1 503 Service Temporarily Unavailable"
2026-06-13 21:24:48,705 - httpx - INFO - HTTP Request: GET https://datafeed.dukascopy.com/datafeed/EURUSD/2026/04/23/17h_ticks.bi5 "HTTP/1.1 503 Service Temporarily Unavailable"
2026-06-13 21:24:48,718 - httpx - INFO - HTTP Request: GET https://datafeed.dukascopy.com/datafeed/EURUSD/2026/04/23/02h_ticks.bi5 "HTTP/1.1 503 Service Temporarily Unavailable"
2026-06-13 21:24:48,735 - httpx - INFO - HTTP Request: GET https://datafeed.dukascopy.com/datafeed/EURUSD/2026/04/23/10h_ticks.bi5 "HTTP/1.1 503 Service Temporarily Unavailable"
2026-06-13 21:24:48,754 - httpx - INFO - HTTP Request: GET https://datafeed.dukascopy.com/datafeed/EURUSD/2026/04/23/05h_ticks.bi5 "HTTP/1.1 503 Service Temporarily Unavailable"
2026-06-13 21:24:48,767 - httpx - INFO - HTTP Request: GET https://datafeed.dukascopy.com/datafeed/EURUSD/2026/04/23/16h_ticks.bi5 "HTTP/1.1 503 Service Temporarily Unavailable"
2026-06-13 21:24:48,778 - httpx - INFO - HTTP Request: GET https://datafeed.dukascopy.com/datafeed/EURUSD/2026/04/23/23h_ticks.bi5 "HTTP/1.1 503 Service Temporarily Unavailable"
2026-06-13 21:24:48,786 - httpx - INFO - HTTP Request: GET https://datafeed.dukascopy.com/datafeed/EURUSD/2026/04/23/18h_ticks.bi5 "HTTP/1.1 503 Service Temporarily Unavailable"
2026-06-13 21:24:48,796 - httpx - INFO - HTTP Request: GET https://datafeed.dukascopy.com/datafeed/EURUSD/2026/04/23/22h_ticks.bi5 "HTTP/1.1 503 Service Temporarily Unavailable"
2026-06-13 21:24:48,803 - httpx - INFO - HTTP Request: GET https://datafeed.dukascopy.com/datafeed/EURUSD/2026/04/23/13h_ticks.bi5 "HTTP/1.1 503 Service Temporarily Unavailable"
2026-06-13 21:24:48,820 - httpx - INFO - HTTP Request: GET https://datafeed.dukascopy.com/datafeed/EURUSD/2026/04/23/15h_ticks.bi5 "HTTP/1.1 503 Service Temporarily Unavailable"
2026-06-13 21:24:48,838 - httpx - INFO - HTTP Request: GET https://datafeed.dukascopy.com/datafeed/EURUSD/2026/04/23/20h_ticks.bi5 "HTTP/1.1 503 Service Temporarily Unavailable"
2026-06-13 21:24:48,849 - httpx - INFO - HTTP Request: GET https://datafeed.dukascopy.com/datafeed/EURUSD/2026/04/23/09h_ticks.bi5 "HTTP/1.1 503 Service Temporarily Unavailable"
2026-06-13 21:24:48,862 - httpx - INFO - HTTP Request: GET https://datafeed.dukascopy.com/datafeed/EURUSD/2026/04/23/19h_ticks.bi5 "HTTP/1.1 503 Service Temporarily Unavailable"
2026-06-13 21:24:48,866 - httpx - INFO - HTTP Request: GET https://datafeed.dukascopy.com/datafeed/EURUSD/2026/04/23/08h_ticks.bi5 "HTTP/1.1 503 Service Temporarily Unavailable"
2026-06-13 21:24:48,867 - httpx - INFO - HTTP Request: GET https://datafeed.dukascopy.com/datafeed/EURUSD/2026/04/23/11h_ticks.bi5 "HTTP/1.1 503 Service Temporarily Unavailable"
2026-06-13 21:24:48,868 - httpx - INFO - HTTP Request: GET https://datafeed.dukascopy.com/datafeed/EURUSD/2026/05/09/01h_ticks.bi5 "HTTP/1.1 200 OK"
2026-06-13 21:24:48,869 - httpx - INFO - HTTP Request: GET https://datafeed.dukascopy.com/datafeed/EURUSD/2026/04/23/21h_ticks.bi5 "HTTP/1.1 503 Service Temporarily Unavailable"
2026-06-13 21:24:48,875 - httpx - INFO - HTTP Request: GET https://datafeed.dukascopy.com/datafeed/EURUSD/2026/04/23/14h_ticks.bi5 "HTTP/1.1 503 Service Temporarily Unavailable"
2026-06-13 21:24:49,084 - httpx - INFO - HTTP Request: GET https://datafeed.dukascopy.com/datafeed/EURUSD/2026/05/09/04h_ticks.bi5 "HTTP/1.1 200 OK"
2026-06-13 21:24:49,273 - httpx - INFO - HTTP Request: GET https://datafeed.dukascopy.com/datafeed/EURUSD/2026/05/09/07h_ticks.bi5 "HTTP/1.1 200 OK"
2026-06-13 21:24:49,469 - httpx - INFO - HTTP Request: GET https://datafeed.dukascopy.com/datafeed/EURUSD/2026/05/09/03h_ticks.bi5 "HTTP/1.1 200 OK"
2026-06-13 21:24:49,673 - httpx - INFO - HTTP Request: GET https://datafeed.dukascopy.com/datafeed/EURUSD/2026/05/09/12h_ticks.bi5 "HTTP/1.1 200 OK"
2026-06-13 21:24:49,964 - httpx - INFO - HTTP Request: GET https://datafeed.dukascopy.com/datafeed/EURUSD/2026/05/09/06h_ticks.bi5 "HTTP/1.1 200 OK"
2026-06-13 21:24:50,142 - httpx - INFO - HTTP Request: GET https://datafeed.dukascopy.com/datafeed/EURUSD/2026/05/09/17h_ticks.bi5 "HTTP/1.1 200 OK"
2026-06-13 21:24:50,273 - httpx - INFO - HTTP Request: GET https://datafeed.dukascopy.com/datafeed/EURUSD/2026/05/09/02h_ticks.bi5 "HTTP/1.1 200 OK"
2026-06-13 21:24:50,478 - httpx - INFO - HTTP Request: GET https://datafeed.dukascopy.com/datafeed/EURUSD/2026/05/09/10h_ticks.bi5 "HTTP/1.1 200 OK"
2026-06-13 21:24:50,675 - httpx - INFO - HTTP Request: GET https://datafeed.dukascopy.com/datafeed/EURUSD/2026/05/09/05h_ticks.bi5 "HTTP/1.1 200 OK"
2026-06-13 21:24:50,946 - httpx - INFO - HTTP Request: GET https://datafeed.dukascopy.com/datafeed/EURUSD/2026/05/09/16h_ticks.bi5 "HTTP/1.1 200 OK"
2026-06-13 21:24:51,069 - httpx - INFO - HTTP Request: GET https://datafeed.dukascopy.com/datafeed/EURUSD/2026/05/09/23h_ticks.bi5 "HTTP/1.1 200 OK"
2026-06-13 21:24:51,269 - httpx - INFO - HTTP Request: GET https://datafeed.dukascopy.com/datafeed/EURUSD/2026/05/09/22h_ticks.bi5 "HTTP/1.1 200 OK"
2026-06-13 21:24:51,538 - httpx - INFO - HTTP Request: GET https://datafeed.dukascopy.com/datafeed/EURUSD/2026/05/09/08h_ticks.bi5 "HTTP/1.1 200 OK"
2026-06-13 21:24:51,685 - httpx - INFO - HTTP Request: GET https://datafeed.dukascopy.com/datafeed/EURUSD/2026/04/23/06h_ticks.bi5 "HTTP/1.1 200 OK"
2026-06-13 21:24:51,851 - httpx - INFO - HTTP Request: GET https://datafeed.dukascopy.com/datafeed/EURUSD/2026/05/08/23h_ticks.bi5 "HTTP/1.1 503 Service Temporarily Unavailable"
2026-06-13 21:24:51,866 - httpx - INFO - HTTP Request: GET https://datafeed.dukascopy.com/datafeed/EURUSD/2026/05/08/18h_ticks.bi5 "HTTP/1.1 503 Service Temporarily Unavailable"
2026-06-13 21:24:51,867 - httpx - INFO - HTTP Request: GET https://datafeed.dukascopy.com/datafeed/EURUSD/2026/04/22/07h_ticks.bi5 "HTTP/1.1 503 Service Temporarily Unavailable"
2026-06-13 21:24:51,869 - httpx - INFO - HTTP Request: GET https://datafeed.dukascopy.com/datafeed/EURUSD/2026/05/08/00h_ticks.bi5 "HTTP/1.1 200 OK"
2026-06-13 21:24:51,883 - httpx - INFO - HTTP Request: GET https://datafeed.dukascopy.com/datafeed/EURUSD/2026/05/08/13h_ticks.bi5 "HTTP/1.1 503 Service Temporarily Unavailable"
2026-06-13 21:24:51,885 - httpx - INFO - HTTP Request: GET https://datafeed.dukascopy.com/datafeed/EURUSD/2026/04/22/03h_ticks.bi5 "HTTP/1.1 503 Service Temporarily Unavailable"
2026-06-13 21:24:51,893 - httpx - INFO - HTTP Request: GET https://datafeed.dukascopy.com/datafeed/EURUSD/2026/04/22/12h_ticks.bi5 "HTTP/1.1 503 Service Temporarily Unavailable"
2026-06-13 21:24:51,894 - httpx - INFO - HTTP Request: GET https://datafeed.dukascopy.com/datafeed/EURUSD/2026/05/08/15h_ticks.bi5 "HTTP/1.1 503 Service Temporarily Unavailable"
2026-06-13 21:24:51,904 - httpx - INFO - HTTP Request: GET https://datafeed.dukascopy.com/datafeed/EURUSD/2026/05/08/20h_ticks.bi5 "HTTP/1.1 503 Service Temporarily Unavailable"
2026-06-13 21:24:51,904 - httpx - INFO - HTTP Request: GET https://datafeed.dukascopy.com/datafeed/EURUSD/2026/04/22/06h_ticks.bi5 "HTTP/1.1 503 Service Temporarily Unavailable"
2026-06-13 21:24:51,914 - httpx - INFO - HTTP Request: GET https://datafeed.dukascopy.com/datafeed/EURUSD/2026/05/08/09h_ticks.bi5 "HTTP/1.1 503 Service Temporarily Unavailable"
2026-06-13 21:24:51,923 - httpx - INFO - HTTP Request: GET https://datafeed.dukascopy.com/datafeed/EURUSD/2026/05/08/14h_ticks.bi5 "HTTP/1.1 503 Service Temporarily Unavailable"
2026-06-13 21:24:51,926 - httpx - INFO - HTTP Request: GET https://datafeed.dukascopy.com/datafeed/EURUSD/2026/04/22/17h_ticks.bi5 "HTTP/1.1 503 Service Temporarily Unavailable"
2026-06-13 21:24:51,935 - httpx - INFO - HTTP Request: GET https://datafeed.dukascopy.com/datafeed/EURUSD/2026/04/22/02h_ticks.bi5 "HTTP/1.1 503 Service Temporarily Unavailable"
2026-06-13 21:24:51,949 - httpx - INFO - HTTP Request: GET https://datafeed.dukascopy.com/datafeed/EURUSD/2026/04/22/10h_ticks.bi5 "HTTP/1.1 503 Service Temporarily Unavailable"
2026-06-13 21:24:51,951 - httpx - INFO - HTTP Request: GET https://datafeed.dukascopy.com/datafeed/EURUSD/2026/04/22/05h_ticks.bi5 "HTTP/1.1 503 Service Temporarily Unavailable"
2026-06-13 21:24:51,962 - httpx - INFO - HTTP Request: GET https://datafeed.dukascopy.com/datafeed/EURUSD/2026/04/22/16h_ticks.bi5 "HTTP/1.1 503 Service Temporarily Unavailable"
2026-06-13 21:24:51,972 - httpx - INFO - HTTP Request: GET https://datafeed.dukascopy.com/datafeed/EURUSD/2026/04/22/22h_ticks.bi5 "HTTP/1.1 503 Service Temporarily Unavailable"
2026-06-13 21:24:51,984 - httpx - INFO - HTTP Request: GET https://datafeed.dukascopy.com/datafeed/EURUSD/2026/04/22/13h_ticks.bi5 "HTTP/1.1 503 Service Temporarily Unavailable"
2026-06-13 21:24:51,992 - httpx - INFO - HTTP Request: GET https://datafeed.dukascopy.com/datafeed/EURUSD/2026/04/22/18h_ticks.bi5 "HTTP/1.1 503 Service Temporarily Unavailable"
2026-06-13 21:24:51,995 - httpx - INFO - HTTP Request: GET https://datafeed.dukascopy.com/datafeed/EURUSD/2026/04/22/19h_ticks.bi5 "HTTP/1.1 503 Service Temporarily Unavailable"
2026-06-13 21:24:52,107 - httpx - INFO - HTTP Request: GET https://datafeed.dukascopy.com/datafeed/EURUSD/2026/04/22/23h_ticks.bi5 "HTTP/1.1 503 Service Temporarily Unavailable"
2026-06-13 21:24:52,110 - httpx - INFO - HTTP Request: GET https://datafeed.dukascopy.com/datafeed/EURUSD/2026/04/22/14h_ticks.bi5 "HTTP/1.1 503 Service Temporarily Unavailable"
2026-06-13 21:24:52,114 - httpx - INFO - HTTP Request: GET https://datafeed.dukascopy.com/datafeed/EURUSD/2026/04/22/15h_ticks.bi5 "HTTP/1.1 503 Service Temporarily Unavailable"
2026-06-13 21:24:52,115 - httpx - INFO - HTTP Request: GET https://datafeed.dukascopy.com/datafeed/EURUSD/2026/04/22/21h_ticks.bi5 "HTTP/1.1 503 Service Temporarily Unavailable"
2026-06-13 21:24:52,117 - httpx - INFO - HTTP Request: GET https://datafeed.dukascopy.com/datafeed/EURUSD/2026/04/22/08h_ticks.bi5 "HTTP/1.1 503 Service Temporarily Unavailable"
2026-06-13 21:24:52,119 - httpx - INFO - HTTP Request: GET https://datafeed.dukascopy.com/datafeed/EURUSD/2026/04/22/20h_ticks.bi5 "HTTP/1.1 503 Service Temporarily Unavailable"
2026-06-13 21:24:52,184 - httpx - INFO - HTTP Request: GET https://datafeed.dukascopy.com/datafeed/EURUSD/2026/05/08/01h_ticks.bi5 "HTTP/1.1 200 OK"
2026-06-13 21:24:52,214 - httpx - INFO - HTTP Request: GET https://datafeed.dukascopy.com/datafeed/EURUSD/2026/05/08/11h_ticks.bi5 "HTTP/1.1 503 Service Temporarily Unavailable"
2026-06-13 21:24:52,216 - httpx - INFO - HTTP Request: GET https://datafeed.dukascopy.com/datafeed/EURUSD/2026/05/08/08h_ticks.bi5 "HTTP/1.1 503 Service Temporarily Unavailable"
2026-06-13 21:24:52,218 - httpx - INFO - HTTP Request: GET https://datafeed.dukascopy.com/datafeed/EURUSD/2026/05/08/19h_ticks.bi5 "HTTP/1.1 503 Service Temporarily Unavailable"
2026-06-13 21:24:52,272 - httpx - INFO - HTTP Request: GET https://datafeed.dukascopy.com/datafeed/EURUSD/2026/05/08/04h_ticks.bi5 "HTTP/1.1 200 OK"
2026-06-13 21:24:52,335 - httpx - INFO - HTTP Request: GET https://datafeed.dukascopy.com/datafeed/EURUSD/2026/04/22/11h_ticks.bi5 "HTTP/1.1 503 Service Temporarily Unavailable"
2026-06-13 21:24:52,550 - httpx - INFO - HTTP Request: GET https://datafeed.dukascopy.com/datafeed/EURUSD/2026/05/08/07h_ticks.bi5 "HTTP/1.1 200 OK"
2026-06-13 21:24:52,680 - httpx - INFO - HTTP Request: GET https://datafeed.dukascopy.com/datafeed/EURUSD/2026/05/08/03h_ticks.bi5 "HTTP/1.1 200 OK"
2026-06-13 21:24:52,940 - httpx - INFO - HTTP Request: GET https://datafeed.dukascopy.com/datafeed/EURUSD/2026/05/08/12h_ticks.bi5 "HTTP/1.1 200 OK"
2026-06-13 21:24:53,149 - httpx - INFO - HTTP Request: GET https://datafeed.dukascopy.com/datafeed/EURUSD/2026/05/08/06h_ticks.bi5 "HTTP/1.1 200 OK"
2026-06-13 21:24:53,269 - httpx - INFO - HTTP Request: GET https://datafeed.dukascopy.com/datafeed/EURUSD/2026/05/08/17h_ticks.bi5 "HTTP/1.1 200 OK"
2026-06-13 21:24:53,470 - httpx - INFO - HTTP Request: GET https://datafeed.dukascopy.com/datafeed/EURUSD/2026/05/08/02h_ticks.bi5 "HTTP/1.1 200 OK"
2026-06-13 21:24:53,753 - httpx - INFO - HTTP Request: GET https://datafeed.dukascopy.com/datafeed/EURUSD/2026/05/08/10h_ticks.bi5 "HTTP/1.1 200 OK"
2026-06-13 21:24:53,871 - httpx - INFO - HTTP Request: GET https://datafeed.dukascopy.com/datafeed/EURUSD/2026/04/22/00h_ticks.bi5 "HTTP/1.1 200 OK"
2026-06-13 21:24:54,072 - httpx - INFO - HTTP Request: GET https://datafeed.dukascopy.com/datafeed/EURUSD/2026/05/08/05h_ticks.bi5 "HTTP/1.1 200 OK"
2026-06-13 21:24:54,275 - httpx - INFO - HTTP Request: GET https://datafeed.dukascopy.com/datafeed/EURUSD/2026/04/22/01h_ticks.bi5 "HTTP/1.1 200 OK"
2026-06-13 21:24:54,477 - httpx - INFO - HTTP Request: GET https://datafeed.dukascopy.com/datafeed/EURUSD/2026/05/08/16h_ticks.bi5 "HTTP/1.1 200 OK"
2026-06-13 21:24:54,674 - httpx - INFO - HTTP Request: GET https://datafeed.dukascopy.com/datafeed/EURUSD/2026/04/22/04h_ticks.bi5 "HTTP/1.1 200 OK"
2026-06-13 21:24:54,880 - httpx - INFO - HTTP Request: GET https://datafeed.dukascopy.com/datafeed/EURUSD/2026/05/08/22h_ticks.bi5 "HTTP/1.1 200 OK"
2026-06-13 21:24:55,067 - httpx - INFO - HTTP Request: GET https://datafeed.dukascopy.com/datafeed/EURUSD/2026/05/08/21h_ticks.bi5 "HTTP/1.1 200 OK"
2026-06-13 21:24:55,281 - httpx - INFO - HTTP Request: GET https://datafeed.dukascopy.com/datafeed/EURUSD/2026/04/22/09h_ticks.bi5 "HTTP/1.1 200 OK"
2026-06-13 21:24:55,400 - httpx - INFO - HTTP Request: GET https://datafeed.dukascopy.com/datafeed/EURUSD/2026/05/07/13h_ticks.bi5 "HTTP/1.1 503 Service Temporarily Unavailable"
2026-06-13 21:24:55,411 - httpx - INFO - HTTP Request: GET https://datafeed.dukascopy.com/datafeed/EURUSD/2026/05/07/15h_ticks.bi5 "HTTP/1.1 503 Service Temporarily Unavailable"
2026-06-13 21:24:55,415 - httpx - INFO - HTTP Request: GET https://datafeed.dukascopy.com/datafeed/EURUSD/2026/05/07/20h_ticks.bi5 "HTTP/1.1 503 Service Temporarily Unavailable"
2026-06-13 21:24:55,424 - httpx - INFO - HTTP Request: GET https://datafeed.dukascopy.com/datafeed/EURUSD/2026/05/07/09h_ticks.bi5 "HTTP/1.1 503 Service Temporarily Unavailable"
2026-06-13 21:24:55,431 - httpx - INFO - HTTP Request: GET https://datafeed.dukascopy.com/datafeed/EURUSD/2026/05/07/14h_ticks.bi5 "HTTP/1.1 503 Service Temporarily Unavailable"
2026-06-13 21:24:55,455 - httpx - INFO - HTTP Request: GET https://datafeed.dukascopy.com/datafeed/EURUSD/2026/04/21/00h_ticks.bi5 "HTTP/1.1 503 Service Temporarily Unavailable"
2026-06-13 21:24:55,463 - httpx - INFO - HTTP Request: GET https://datafeed.dukascopy.com/datafeed/EURUSD/2026/04/21/01h_ticks.bi5 "HTTP/1.1 503 Service Temporarily Unavailable"
2026-06-13 21:24:55,465 - httpx - INFO - HTTP Request: GET https://datafeed.dukascopy.com/datafeed/EURUSD/2026/04/21/04h_ticks.bi5 "HTTP/1.1 503 Service Temporarily Unavailable"
2026-06-13 21:24:55,466 - httpx - INFO - HTTP Request: GET https://datafeed.dukascopy.com/datafeed/EURUSD/2026/05/07/00h_ticks.bi5 "HTTP/1.1 200 OK"
2026-06-13 21:24:55,484 - httpx - INFO - HTTP Request: GET https://datafeed.dukascopy.com/datafeed/EURUSD/2026/04/21/07h_ticks.bi5 "HTTP/1.1 503 Service Temporarily Unavailable"
2026-06-13 21:24:55,486 - httpx - INFO - HTTP Request: GET https://datafeed.dukascopy.com/datafeed/EURUSD/2026/04/21/03h_ticks.bi5 "HTTP/1.1 503 Service Temporarily Unavailable"
2026-06-13 21:24:55,511 - httpx - INFO - HTTP Request: GET https://datafeed.dukascopy.com/datafeed/EURUSD/2026/04/21/06h_ticks.bi5 "HTTP/1.1 503 Service Temporarily Unavailable"
2026-06-13 21:24:55,540 - httpx - INFO - HTTP Request: GET https://datafeed.dukascopy.com/datafeed/EURUSD/2026/04/21/17h_ticks.bi5 "HTTP/1.1 503 Service Temporarily Unavailable"
2026-06-13 21:24:55,548 - httpx - INFO - HTTP Request: GET https://datafeed.dukascopy.com/datafeed/EURUSD/2026/04/21/02h_ticks.bi5 "HTTP/1.1 503 Service Temporarily Unavailable"
2026-06-13 21:24:55,550 - httpx - INFO - HTTP Request: GET https://datafeed.dukascopy.com/datafeed/EURUSD/2026/04/21/10h_ticks.bi5 "HTTP/1.1 503 Service Temporarily Unavailable"
2026-06-13 21:24:55,571 - httpx - INFO - HTTP Request: GET https://datafeed.dukascopy.com/datafeed/EURUSD/2026/04/21/05h_ticks.bi5 "HTTP/1.1 503 Service Temporarily Unavailable"
2026-06-13 21:24:55,578 - httpx - INFO - HTTP Request: GET https://datafeed.dukascopy.com/datafeed/EURUSD/2026/04/21/19h_ticks.bi5 "HTTP/1.1 503 Service Temporarily Unavailable"
2026-06-13 21:24:55,593 - httpx - INFO - HTTP Request: GET https://datafeed.dukascopy.com/datafeed/EURUSD/2026/04/21/13h_ticks.bi5 "HTTP/1.1 503 Service Temporarily Unavailable"
2026-06-13 21:24:55,606 - httpx - INFO - HTTP Request: GET https://datafeed.dukascopy.com/datafeed/EURUSD/2026/04/21/09h_ticks.bi5 "HTTP/1.1 503 Service Temporarily Unavailable"
2026-06-13 21:24:55,608 - httpx - INFO - HTTP Request: GET https://datafeed.dukascopy.com/datafeed/EURUSD/2026/04/21/14h_ticks.bi5 "HTTP/1.1 503 Service Temporarily Unavailable"
2026-06-13 21:24:55,612 - httpx - INFO - HTTP Request: GET https://datafeed.dukascopy.com/datafeed/EURUSD/2026/04/21/20h_ticks.bi5 "HTTP/1.1 503 Service Temporarily Unavailable"
2026-06-13 21:24:55,616 - httpx - INFO - HTTP Request: GET https://datafeed.dukascopy.com/datafeed/EURUSD/2026/05/07/19h_ticks.bi5 "HTTP/1.1 503 Service Temporarily Unavailable"
2026-06-13 21:24:55,629 - httpx - INFO - HTTP Request: GET https://datafeed.dukascopy.com/datafeed/EURUSD/2026/05/07/08h_ticks.bi5 "HTTP/1.1 503 Service Temporarily Unavailable"
2026-06-13 21:24:55,631 - httpx - INFO - HTTP Request: GET https://datafeed.dukascopy.com/datafeed/EURUSD/2026/04/21/21h_ticks.bi5 "HTTP/1.1 503 Service Temporarily Unavailable"
2026-06-13 21:24:55,632 - httpx - INFO - HTTP Request: GET https://datafeed.dukascopy.com/datafeed/EURUSD/2026/05/07/21h_ticks.bi5 "HTTP/1.1 503 Service Temporarily Unavailable"
2026-06-13 21:24:55,636 - httpx - INFO - HTTP Request: GET https://datafeed.dukascopy.com/datafeed/EURUSD/2026/05/07/11h_ticks.bi5 "HTTP/1.1 503 Service Temporarily Unavailable"
2026-06-13 21:24:55,645 - httpx - INFO - HTTP Request: GET https://datafeed.dukascopy.com/datafeed/EURUSD/2026/04/21/11h_ticks.bi5 "HTTP/1.1 503 Service Temporarily Unavailable"
2026-06-13 21:24:55,648 - httpx - INFO - HTTP Request: GET https://datafeed.dukascopy.com/datafeed/EURUSD/2026/04/21/16h_ticks.bi5 "HTTP/1.1 503 Service Temporarily Unavailable"
2026-06-13 21:24:55,662 - httpx - INFO - HTTP Request: GET https://datafeed.dukascopy.com/datafeed/EURUSD/2026/04/21/15h_ticks.bi5 "HTTP/1.1 503 Service Temporarily Unavailable"
2026-06-13 21:24:55,678 - httpx - INFO - HTTP Request: GET https://datafeed.dukascopy.com/datafeed/EURUSD/2026/05/07/01h_ticks.bi5 "HTTP/1.1 200 OK"
2026-06-13 21:24:55,679 - httpx - INFO - HTTP Request: GET https://datafeed.dukascopy.com/datafeed/EURUSD/2026/04/21/23h_ticks.bi5 "HTTP/1.1 503 Service Temporarily Unavailable"
2026-06-13 21:24:55,682 - httpx - INFO - HTTP Request: GET https://datafeed.dukascopy.com/datafeed/EURUSD/2026/04/21/22h_ticks.bi5 "HTTP/1.1 503 Service Temporarily Unavailable"
2026-06-13 21:24:55,685 - httpx - INFO - HTTP Request: GET https://datafeed.dukascopy.com/datafeed/EURUSD/2026/04/21/08h_ticks.bi5 "HTTP/1.1 503 Service Temporarily Unavailable"
2026-06-13 21:24:55,867 - httpx - INFO - HTTP Request: GET https://datafeed.dukascopy.com/datafeed/EURUSD/2026/05/07/04h_ticks.bi5 "HTTP/1.1 200 OK"
2026-06-13 21:24:56,074 - httpx - INFO - HTTP Request: GET https://datafeed.dukascopy.com/datafeed/EURUSD/2026/05/07/07h_ticks.bi5 "HTTP/1.1 200 OK"
2026-06-13 21:24:56,267 - httpx - INFO - HTTP Request: GET https://datafeed.dukascopy.com/datafeed/EURUSD/2026/05/07/03h_ticks.bi5 "HTTP/1.1 200 OK"
2026-06-13 21:24:56,476 - httpx - INFO - HTTP Request: GET https://datafeed.dukascopy.com/datafeed/EURUSD/2026/05/07/12h_ticks.bi5 "HTTP/1.1 200 OK"
2026-06-13 21:24:56,668 - httpx - INFO - HTTP Request: GET https://datafeed.dukascopy.com/datafeed/EURUSD/2026/05/07/06h_ticks.bi5 "HTTP/1.1 200 OK"
2026-06-13 21:24:56,868 - httpx - INFO - HTTP Request: GET https://datafeed.dukascopy.com/datafeed/EURUSD/2026/05/07/17h_ticks.bi5 "HTTP/1.1 200 OK"
2026-06-13 21:24:57,068 - httpx - INFO - HTTP Request: GET https://datafeed.dukascopy.com/datafeed/EURUSD/2026/05/07/02h_ticks.bi5 "HTTP/1.1 200 OK"
2026-06-13 21:24:57,270 - httpx - INFO - HTTP Request: GET https://datafeed.dukascopy.com/datafeed/EURUSD/2026/05/07/10h_ticks.bi5 "HTTP/1.1 200 OK"
2026-06-13 21:24:57,468 - httpx - INFO - HTTP Request: GET https://datafeed.dukascopy.com/datafeed/EURUSD/2026/05/07/05h_ticks.bi5 "HTTP/1.1 200 OK"
2026-06-13 21:24:57,671 - httpx - INFO - HTTP Request: GET https://datafeed.dukascopy.com/datafeed/EURUSD/2026/05/07/16h_ticks.bi5 "HTTP/1.1 200 OK"
2026-06-13 21:24:57,889 - httpx - INFO - HTTP Request: GET https://datafeed.dukascopy.com/datafeed/EURUSD/2026/05/07/23h_ticks.bi5 "HTTP/1.1 200 OK"
2026-06-13 21:24:58,068 - httpx - INFO - HTTP Request: GET https://datafeed.dukascopy.com/datafeed/EURUSD/2026/05/07/18h_ticks.bi5 "HTTP/1.1 200 OK"
2026-06-13 21:24:58,271 - httpx - INFO - HTTP Request: GET https://datafeed.dukascopy.com/datafeed/EURUSD/2026/05/07/22h_ticks.bi5 "HTTP/1.1 200 OK"
2026-06-13 21:24:58,541 - httpx - INFO - HTTP Request: GET https://datafeed.dukascopy.com/datafeed/EURUSD/2026/04/21/12h_ticks.bi5 "HTTP/1.1 200 OK"
2026-06-13 21:24:58,602 - httpx - INFO - HTTP Request: GET https://datafeed.dukascopy.com/datafeed/EURUSD/2026/05/06/22h_ticks.bi5 "HTTP/1.1 503 Service Temporarily Unavailable"
2026-06-13 21:24:58,608 - httpx - INFO - HTTP Request: GET https://datafeed.dukascopy.com/datafeed/EURUSD/2026/05/06/13h_ticks.bi5 "HTTP/1.1 503 Service Temporarily Unavailable"
2026-06-13 21:24:58,623 - httpx - INFO - HTTP Request: GET https://datafeed.dukascopy.com/datafeed/EURUSD/2026/05/06/15h_ticks.bi5 "HTTP/1.1 503 Service Temporarily Unavailable"
2026-06-13 21:24:58,626 - httpx - INFO - HTTP Request: GET https://datafeed.dukascopy.com/datafeed/EURUSD/2026/05/06/20h_ticks.bi5 "HTTP/1.1 503 Service Temporarily Unavailable"
2026-06-13 21:24:58,637 - httpx - INFO - HTTP Request: GET https://datafeed.dukascopy.com/datafeed/EURUSD/2026/05/06/09h_ticks.bi5 "HTTP/1.1 503 Service Temporarily Unavailable"
2026-06-13 21:24:58,640 - httpx - INFO - HTTP Request: GET https://datafeed.dukascopy.com/datafeed/EURUSD/2026/05/06/14h_ticks.bi5 "HTTP/1.1 503 Service Temporarily Unavailable"
2026-06-13 21:24:58,756 - httpx - INFO - HTTP Request: GET https://datafeed.dukascopy.com/datafeed/EURUSD/2026/04/21/18h_ticks.bi5 "HTTP/1.1 200 OK"
2026-06-13 21:24:58,837 - httpx - INFO - HTTP Request: GET https://datafeed.dukascopy.com/datafeed/EURUSD/2026/05/06/11h_ticks.bi5 "HTTP/1.1 503 Service Temporarily Unavailable"
2026-06-13 21:24:58,842 - httpx - INFO - HTTP Request: GET https://datafeed.dukascopy.com/datafeed/EURUSD/2026/05/06/21h_ticks.bi5 "HTTP/1.1 503 Service Temporarily Unavailable"
2026-06-13 21:24:58,845 - httpx - INFO - HTTP Request: GET https://datafeed.dukascopy.com/datafeed/EURUSD/2026/05/06/19h_ticks.bi5 "HTTP/1.1 503 Service Temporarily Unavailable"
2026-06-13 21:24:58,903 - httpx - INFO - HTTP Request: GET https://datafeed.dukascopy.com/datafeed/EURUSD/2026/05/06/00h_ticks.bi5 "HTTP/1.1 200 OK"
2026-06-13 21:24:58,946 - httpx - INFO - HTTP Request: GET https://datafeed.dukascopy.com/datafeed/EURUSD/2026/04/20/01h_ticks.bi5 "HTTP/1.1 503 Service Temporarily Unavailable"
2026-06-13 21:24:58,959 - httpx - INFO - HTTP Request: GET https://datafeed.dukascopy.com/datafeed/EURUSD/2026/04/20/04h_ticks.bi5 "HTTP/1.1 503 Service Temporarily Unavailable"
2026-06-13 21:24:58,966 - httpx - INFO - HTTP Request: GET https://datafeed.dukascopy.com/datafeed/EURUSD/2026/04/20/07h_ticks.bi5 "HTTP/1.1 503 Service Temporarily Unavailable"
2026-06-13 21:24:58,982 - httpx - INFO - HTTP Request: GET https://datafeed.dukascopy.com/datafeed/EURUSD/2026/04/20/03h_ticks.bi5 "HTTP/1.1 503 Service Temporarily Unavailable"
2026-06-13 21:24:58,988 - httpx - INFO - HTTP Request: GET https://datafeed.dukascopy.com/datafeed/EURUSD/2026/04/20/12h_ticks.bi5 "HTTP/1.1 503 Service Temporarily Unavailable"
2026-06-13 21:24:59,004 - httpx - INFO - HTTP Request: GET https://datafeed.dukascopy.com/datafeed/EURUSD/2026/04/20/06h_ticks.bi5 "HTTP/1.1 503 Service Temporarily Unavailable"
2026-06-13 21:24:59,015 - httpx - INFO - HTTP Request: GET https://datafeed.dukascopy.com/datafeed/EURUSD/2026/04/20/17h_ticks.bi5 "HTTP/1.1 503 Service Temporarily Unavailable"
2026-06-13 21:24:59,029 - httpx - INFO - HTTP Request: GET https://datafeed.dukascopy.com/datafeed/EURUSD/2026/04/20/02h_ticks.bi5 "HTTP/1.1 503 Service Temporarily Unavailable"
2026-06-13 21:24:59,042 - httpx - INFO - HTTP Request: GET https://datafeed.dukascopy.com/datafeed/EURUSD/2026/04/20/10h_ticks.bi5 "HTTP/1.1 503 Service Temporarily Unavailable"
2026-06-13 21:24:59,058 - httpx - INFO - HTTP Request: GET https://datafeed.dukascopy.com/datafeed/EURUSD/2026/04/20/05h_ticks.bi5 "HTTP/1.1 503 Service Temporarily Unavailable"
2026-06-13 21:24:59,064 - httpx - INFO - HTTP Request: GET https://datafeed.dukascopy.com/datafeed/EURUSD/2026/04/20/19h_ticks.bi5 "HTTP/1.1 503 Service Temporarily Unavailable"
2026-06-13 21:24:59,071 - httpx - INFO - HTTP Request: GET https://datafeed.dukascopy.com/datafeed/EURUSD/2026/05/06/01h_ticks.bi5 "HTTP/1.1 200 OK"
2026-06-13 21:24:59,078 - httpx - INFO - HTTP Request: GET https://datafeed.dukascopy.com/datafeed/EURUSD/2026/04/20/13h_ticks.bi5 "HTTP/1.1 503 Service Temporarily Unavailable"
2026-06-13 21:24:59,093 - httpx - INFO - HTTP Request: GET https://datafeed.dukascopy.com/datafeed/EURUSD/2026/04/20/14h_ticks.bi5 "HTTP/1.1 503 Service Temporarily Unavailable"
2026-06-13 21:24:59,103 - httpx - INFO - HTTP Request: GET https://datafeed.dukascopy.com/datafeed/EURUSD/2026/04/20/20h_ticks.bi5 "HTTP/1.1 503 Service Temporarily Unavailable"
2026-06-13 21:24:59,120 - httpx - INFO - HTTP Request: GET https://datafeed.dukascopy.com/datafeed/EURUSD/2026/04/20/21h_ticks.bi5 "HTTP/1.1 503 Service Temporarily Unavailable"
2026-06-13 21:24:59,128 - httpx - INFO - HTTP Request: GET https://datafeed.dukascopy.com/datafeed/EURUSD/2026/04/20/11h_ticks.bi5 "HTTP/1.1 503 Service Temporarily Unavailable"
2026-06-13 21:24:59,144 - httpx - INFO - HTTP Request: GET https://datafeed.dukascopy.com/datafeed/EURUSD/2026/04/20/16h_ticks.bi5 "HTTP/1.1 503 Service Temporarily Unavailable"
2026-06-13 21:24:59,189 - httpx - INFO - HTTP Request: GET https://datafeed.dukascopy.com/datafeed/EURUSD/2026/04/20/15h_ticks.bi5 "HTTP/1.1 503 Service Temporarily Unavailable"
2026-06-13 21:24:59,191 - httpx - INFO - HTTP Request: GET https://datafeed.dukascopy.com/datafeed/EURUSD/2026/04/20/18h_ticks.bi5 "HTTP/1.1 503 Service Temporarily Unavailable"
2026-06-13 21:24:59,194 - httpx - INFO - HTTP Request: GET https://datafeed.dukascopy.com/datafeed/EURUSD/2026/04/20/22h_ticks.bi5 "HTTP/1.1 503 Service Temporarily Unavailable"
2026-06-13 21:24:59,195 - httpx - INFO - HTTP Request: GET https://datafeed.dukascopy.com/datafeed/EURUSD/2026/04/20/23h_ticks.bi5 "HTTP/1.1 503 Service Temporarily Unavailable"
2026-06-13 21:24:59,197 - httpx - INFO - HTTP Request: GET https://datafeed.dukascopy.com/datafeed/EURUSD/2026/04/20/08h_ticks.bi5 "HTTP/1.1 503 Service Temporarily Unavailable"
2026-06-13 21:24:59,291 - httpx - INFO - HTTP Request: GET https://datafeed.dukascopy.com/datafeed/EURUSD/2026/05/06/04h_ticks.bi5 "HTTP/1.1 200 OK"
2026-06-13 21:24:59,469 - httpx - INFO - HTTP Request: GET https://datafeed.dukascopy.com/datafeed/EURUSD/2026/05/06/07h_ticks.bi5 "HTTP/1.1 200 OK"
2026-06-13 21:24:59,673 - httpx - INFO - HTTP Request: GET https://datafeed.dukascopy.com/datafeed/EURUSD/2026/05/06/03h_ticks.bi5 "HTTP/1.1 200 OK"
2026-06-13 21:24:59,868 - httpx - INFO - HTTP Request: GET https://datafeed.dukascopy.com/datafeed/EURUSD/2026/05/06/12h_ticks.bi5 "HTTP/1.1 200 OK"
2026-06-13 21:25:00,067 - httpx - INFO - HTTP Request: GET https://datafeed.dukascopy.com/datafeed/EURUSD/2026/05/06/06h_ticks.bi5 "HTTP/1.1 200 OK"
2026-06-13 21:25:00,479 - httpx - INFO - HTTP Request: GET https://datafeed.dukascopy.com/datafeed/EURUSD/2026/05/06/02h_ticks.bi5 "HTTP/1.1 200 OK"
2026-06-13 21:25:00,565 - httpx - INFO - HTTP Request: GET https://datafeed.dukascopy.com/datafeed/EURUSD/2026/05/06/17h_ticks.bi5 "HTTP/1.1 200 OK"
2026-06-13 21:25:00,670 - httpx - INFO - HTTP Request: GET https://datafeed.dukascopy.com/datafeed/EURUSD/2026/05/06/10h_ticks.bi5 "HTTP/1.1 200 OK"
2026-06-13 21:25:00,876 - httpx - INFO - HTTP Request: GET https://datafeed.dukascopy.com/datafeed/EURUSD/2026/05/06/05h_ticks.bi5 "HTTP/1.1 200 OK"
2026-06-13 21:25:01,075 - httpx - INFO - HTTP Request: GET https://datafeed.dukascopy.com/datafeed/EURUSD/2026/05/06/16h_ticks.bi5 "HTTP/1.1 200 OK"
2026-06-13 21:25:01,268 - httpx - INFO - HTTP Request: GET https://datafeed.dukascopy.com/datafeed/EURUSD/2026/05/06/18h_ticks.bi5 "HTTP/1.1 200 OK"
2026-06-13 21:25:01,468 - httpx - INFO - HTTP Request: GET https://datafeed.dukascopy.com/datafeed/EURUSD/2026/05/06/23h_ticks.bi5 "HTTP/1.1 200 OK"
2026-06-13 21:25:01,687 - httpx - INFO - HTTP Request: GET https://datafeed.dukascopy.com/datafeed/EURUSD/2026/05/06/08h_ticks.bi5 "HTTP/1.1 200 OK"
2026-06-13 21:25:01,961 - httpx - INFO - HTTP Request: GET https://datafeed.dukascopy.com/datafeed/EURUSD/2026/04/20/00h_ticks.bi5 "HTTP/1.1 200 OK"
2026-06-13 21:25:02,011 - httpx - INFO - HTTP Request: GET https://datafeed.dukascopy.com/datafeed/EURUSD/2026/05/05/22h_ticks.bi5 "HTTP/1.1 503 Service Temporarily Unavailable"
2026-06-13 21:25:02,055 - httpx - INFO - HTTP Request: GET https://datafeed.dukascopy.com/datafeed/EURUSD/2026/05/05/13h_ticks.bi5 "HTTP/1.1 503 Service Temporarily Unavailable"
2026-06-13 21:25:02,061 - httpx - INFO - HTTP Request: GET https://datafeed.dukascopy.com/datafeed/EURUSD/2026/05/05/20h_ticks.bi5 "HTTP/1.1 503 Service Temporarily Unavailable"
2026-06-13 21:25:02,062 - httpx - INFO - HTTP Request: GET https://datafeed.dukascopy.com/datafeed/EURUSD/2026/05/05/15h_ticks.bi5 "HTTP/1.1 503 Service Temporarily Unavailable"
2026-06-13 21:25:02,067 - httpx - INFO - HTTP Request: GET https://datafeed.dukascopy.com/datafeed/EURUSD/2026/05/05/09h_ticks.bi5 "HTTP/1.1 503 Service Temporarily Unavailable"
2026-06-13 21:25:02,069 - httpx - INFO - HTTP Request: GET https://datafeed.dukascopy.com/datafeed/EURUSD/2026/05/05/14h_ticks.bi5 "HTTP/1.1 503 Service Temporarily Unavailable"
2026-06-13 21:25:02,122 - httpx - INFO - HTTP Request: GET https://datafeed.dukascopy.com/datafeed/EURUSD/2026/04/20/09h_ticks.bi5 "HTTP/1.1 200 OK"
2026-06-13 21:25:02,269 - httpx - INFO - HTTP Request: GET https://datafeed.dukascopy.com/datafeed/EURUSD/2026/05/05/00h_ticks.bi5 "HTTP/1.1 200 OK"
2026-06-13 21:25:02,297 - httpx - INFO - HTTP Request: GET https://datafeed.dukascopy.com/datafeed/EURUSD/2026/05/05/11h_ticks.bi5 "HTTP/1.1 503 Service Temporarily Unavailable"
2026-06-13 21:25:02,308 - httpx - INFO - HTTP Request: GET https://datafeed.dukascopy.com/datafeed/EURUSD/2026/05/05/21h_ticks.bi5 "HTTP/1.1 503 Service Temporarily Unavailable"
2026-06-13 21:25:02,312 - httpx - INFO - HTTP Request: GET https://datafeed.dukascopy.com/datafeed/EURUSD/2026/04/19/04h_ticks.bi5 "HTTP/1.1 503 Service Temporarily Unavailable"
2026-06-13 21:25:02,313 - httpx - INFO - HTTP Request: GET https://datafeed.dukascopy.com/datafeed/EURUSD/2026/05/05/19h_ticks.bi5 "HTTP/1.1 503 Service Temporarily Unavailable"
2026-06-13 21:25:02,320 - httpx - INFO - HTTP Request: GET https://datafeed.dukascopy.com/datafeed/EURUSD/2026/04/19/07h_ticks.bi5 "HTTP/1.1 503 Service Temporarily Unavailable"
2026-06-13 21:25:02,332 - httpx - INFO - HTTP Request: GET https://datafeed.dukascopy.com/datafeed/EURUSD/2026/05/05/08h_ticks.bi5 "HTTP/1.1 503 Service Temporarily Unavailable"
2026-06-13 21:25:02,333 - httpx - INFO - HTTP Request: GET https://datafeed.dukascopy.com/datafeed/EURUSD/2026/04/19/03h_ticks.bi5 "HTTP/1.1 503 Service Temporarily Unavailable"
2026-06-13 21:25:02,347 - httpx - INFO - HTTP Request: GET https://datafeed.dukascopy.com/datafeed/EURUSD/2026/04/19/12h_ticks.bi5 "HTTP/1.1 503 Service Temporarily Unavailable"
2026-06-13 21:25:02,350 - httpx - INFO - HTTP Request: GET https://datafeed.dukascopy.com/datafeed/EURUSD/2026/04/19/06h_ticks.bi5 "HTTP/1.1 503 Service Temporarily Unavailable"
2026-06-13 21:25:02,365 - httpx - INFO - HTTP Request: GET https://datafeed.dukascopy.com/datafeed/EURUSD/2026/04/19/17h_ticks.bi5 "HTTP/1.1 503 Service Temporarily Unavailable"
2026-06-13 21:25:02,375 - httpx - INFO - HTTP Request: GET https://datafeed.dukascopy.com/datafeed/EURUSD/2026/04/19/02h_ticks.bi5 "HTTP/1.1 503 Service Temporarily Unavailable"
2026-06-13 21:25:02,393 - httpx - INFO - HTTP Request: GET https://datafeed.dukascopy.com/datafeed/EURUSD/2026/04/19/10h_ticks.bi5 "HTTP/1.1 503 Service Temporarily Unavailable"
2026-06-13 21:25:02,394 - httpx - INFO - HTTP Request: GET https://datafeed.dukascopy.com/datafeed/EURUSD/2026/04/19/05h_ticks.bi5 "HTTP/1.1 503 Service Temporarily Unavailable"
2026-06-13 21:25:02,408 - httpx - INFO - HTTP Request: GET https://datafeed.dukascopy.com/datafeed/EURUSD/2026/04/19/16h_ticks.bi5 "HTTP/1.1 503 Service Temporarily Unavailable"
2026-06-13 21:25:02,423 - httpx - INFO - HTTP Request: GET https://datafeed.dukascopy.com/datafeed/EURUSD/2026/04/19/19h_ticks.bi5 "HTTP/1.1 503 Service Temporarily Unavailable"
2026-06-13 21:25:02,433 - httpx - INFO - HTTP Request: GET https://datafeed.dukascopy.com/datafeed/EURUSD/2026/04/19/21h_ticks.bi5 "HTTP/1.1 503 Service Temporarily Unavailable"
2026-06-13 21:25:02,448 - httpx - INFO - HTTP Request: GET https://datafeed.dukascopy.com/datafeed/EURUSD/2026/04/19/14h_ticks.bi5 "HTTP/1.1 503 Service Temporarily Unavailable"
2026-06-13 21:25:02,451 - httpx - INFO - HTTP Request: GET https://datafeed.dukascopy.com/datafeed/EURUSD/2026/04/19/09h_ticks.bi5 "HTTP/1.1 503 Service Temporarily Unavailable"
2026-06-13 21:25:02,465 - httpx - INFO - HTTP Request: GET https://datafeed.dukascopy.com/datafeed/EURUSD/2026/04/19/13h_ticks.bi5 "HTTP/1.1 503 Service Temporarily Unavailable"
2026-06-13 21:25:02,482 - httpx - INFO - HTTP Request: GET https://datafeed.dukascopy.com/datafeed/EURUSD/2026/05/05/01h_ticks.bi5 "HTTP/1.1 200 OK"
2026-06-13 21:25:02,489 - httpx - INFO - HTTP Request: GET https://datafeed.dukascopy.com/datafeed/EURUSD/2026/04/19/15h_ticks.bi5 "HTTP/1.1 503 Service Temporarily Unavailable"
2026-06-13 21:25:02,499 - httpx - INFO - HTTP Request: GET https://datafeed.dukascopy.com/datafeed/EURUSD/2026/04/19/08h_ticks.bi5 "HTTP/1.1 503 Service Temporarily Unavailable"
2026-06-13 21:25:02,502 - httpx - INFO - HTTP Request: GET https://datafeed.dukascopy.com/datafeed/EURUSD/2026/04/19/11h_ticks.bi5 "HTTP/1.1 503 Service Temporarily Unavailable"
2026-06-13 21:25:02,506 - httpx - INFO - HTTP Request: GET https://datafeed.dukascopy.com/datafeed/EURUSD/2026/04/19/18h_ticks.bi5 "HTTP/1.1 503 Service Temporarily Unavailable"
2026-06-13 21:25:02,514 - httpx - INFO - HTTP Request: GET https://datafeed.dukascopy.com/datafeed/EURUSD/2026/04/19/20h_ticks.bi5 "HTTP/1.1 503 Service Temporarily Unavailable"
2026-06-13 21:25:02,603 - httpx - INFO - HTTP Request: GET https://datafeed.dukascopy.com/datafeed/EURUSD/2026/04/19/23h_ticks.bi5 "HTTP/1.1 503 Service Temporarily Unavailable"
2026-06-13 21:25:02,668 - httpx - INFO - HTTP Request: GET https://datafeed.dukascopy.com/datafeed/EURUSD/2026/05/05/04h_ticks.bi5 "HTTP/1.1 200 OK"
2026-06-13 21:25:02,881 - httpx - INFO - HTTP Request: GET https://datafeed.dukascopy.com/datafeed/EURUSD/2026/05/05/07h_ticks.bi5 "HTTP/1.1 200 OK"
2026-06-13 21:25:03,071 - httpx - INFO - HTTP Request: GET https://datafeed.dukascopy.com/datafeed/EURUSD/2026/05/05/03h_ticks.bi5 "HTTP/1.1 200 OK"
2026-06-13 21:25:03,350 - httpx - INFO - HTTP Request: GET https://datafeed.dukascopy.com/datafeed/EURUSD/2026/05/05/12h_ticks.bi5 "HTTP/1.1 200 OK"
2026-06-13 21:25:03,469 - httpx - INFO - HTTP Request: GET https://datafeed.dukascopy.com/datafeed/EURUSD/2026/05/05/06h_ticks.bi5 "HTTP/1.1 200 OK"
2026-06-13 21:25:03,750 - httpx - INFO - HTTP Request: GET https://datafeed.dukascopy.com/datafeed/EURUSD/2026/05/05/17h_ticks.bi5 "HTTP/1.1 200 OK"
2026-06-13 21:25:03,870 - httpx - INFO - HTTP Request: GET https://datafeed.dukascopy.com/datafeed/EURUSD/2026/05/05/02h_ticks.bi5 "HTTP/1.1 200 OK"
2026-06-13 21:25:04,071 - httpx - INFO - HTTP Request: GET https://datafeed.dukascopy.com/datafeed/EURUSD/2026/05/05/10h_ticks.bi5 "HTTP/1.1 200 OK"
2026-06-13 21:25:04,268 - httpx - INFO - HTTP Request: GET https://datafeed.dukascopy.com/datafeed/EURUSD/2026/05/05/05h_ticks.bi5 "HTTP/1.1 200 OK"
2026-06-13 21:25:04,556 - httpx - INFO - HTTP Request: GET https://datafeed.dukascopy.com/datafeed/EURUSD/2026/05/05/16h_ticks.bi5 "HTTP/1.1 200 OK"
2026-06-13 21:25:04,665 - httpx - INFO - HTTP Request: GET https://datafeed.dukascopy.com/datafeed/EURUSD/2026/05/05/23h_ticks.bi5 "HTTP/1.1 200 OK"
2026-06-13 21:25:04,959 - httpx - INFO - HTTP Request: GET https://datafeed.dukascopy.com/datafeed/EURUSD/2026/05/05/18h_ticks.bi5 "HTTP/1.1 200 OK"
2026-06-13 21:25:05,145 - httpx - INFO - HTTP Request: GET https://datafeed.dukascopy.com/datafeed/EURUSD/2026/04/19/01h_ticks.bi5 "HTTP/1.1 200 OK"
2026-06-13 21:25:05,294 - httpx - INFO - HTTP Request: GET https://datafeed.dukascopy.com/datafeed/EURUSD/2026/04/19/00h_ticks.bi5 "HTTP/1.1 200 OK"
2026-06-13 21:25:05,294 - httpx - INFO - HTTP Request: GET https://datafeed.dukascopy.com/datafeed/EURUSD/2026/05/04/22h_ticks.bi5 "HTTP/1.1 503 Service Temporarily Unavailable"
2026-06-13 21:25:05,312 - httpx - INFO - HTTP Request: GET https://datafeed.dukascopy.com/datafeed/EURUSD/2026/05/04/13h_ticks.bi5 "HTTP/1.1 503 Service Temporarily Unavailable"
2026-06-13 21:25:05,326 - httpx - INFO - HTTP Request: GET https://datafeed.dukascopy.com/datafeed/EURUSD/2026/05/04/15h_ticks.bi5 "HTTP/1.1 503 Service Temporarily Unavailable"
2026-06-13 21:25:05,329 - httpx - INFO - HTTP Request: GET https://datafeed.dukascopy.com/datafeed/EURUSD/2026/05/04/20h_ticks.bi5 "HTTP/1.1 503 Service Temporarily Unavailable"
2026-06-13 21:25:05,337 - httpx - INFO - HTTP Request: GET https://datafeed.dukascopy.com/datafeed/EURUSD/2026/05/04/09h_ticks.bi5 "HTTP/1.1 503 Service Temporarily Unavailable"
2026-06-13 21:25:05,345 - httpx - INFO - HTTP Request: GET https://datafeed.dukascopy.com/datafeed/EURUSD/2026/05/04/14h_ticks.bi5 "HTTP/1.1 503 Service Temporarily Unavailable"
2026-06-13 21:25:05,493 - httpx - INFO - HTTP Request: GET https://datafeed.dukascopy.com/datafeed/EURUSD/2026/04/19/22h_ticks.bi5 "HTTP/1.1 200 OK"
2026-06-13 21:25:05,565 - httpx - INFO - HTTP Request: GET https://datafeed.dukascopy.com/datafeed/EURUSD/2026/05/04/19h_ticks.bi5 "HTTP/1.1 503 Service Temporarily Unavailable"
2026-06-13 21:25:05,569 - httpx - INFO - HTTP Request: GET https://datafeed.dukascopy.com/datafeed/EURUSD/2026/05/04/21h_ticks.bi5 "HTTP/1.1 503 Service Temporarily Unavailable"
2026-06-13 21:25:05,570 - httpx - INFO - HTTP Request: GET https://datafeed.dukascopy.com/datafeed/EURUSD/2026/05/04/11h_ticks.bi5 "HTTP/1.1 503 Service Temporarily Unavailable"
2026-06-13 21:25:05,650 - httpx - INFO - HTTP Request: GET https://datafeed.dukascopy.com/datafeed/EURUSD/2026/04/18/00h_ticks.bi5 "HTTP/1.1 503 Service Temporarily Unavailable"
2026-06-13 21:25:05,658 - httpx - INFO - HTTP Request: GET https://datafeed.dukascopy.com/datafeed/EURUSD/2026/04/18/01h_ticks.bi5 "HTTP/1.1 503 Service Temporarily Unavailable"
2026-06-13 21:25:05,660 - httpx - INFO - HTTP Request: GET https://datafeed.dukascopy.com/datafeed/EURUSD/2026/04/18/04h_ticks.bi5 "HTTP/1.1 503 Service Temporarily Unavailable"
2026-06-13 21:25:05,677 - httpx - INFO - HTTP Request: GET https://datafeed.dukascopy.com/datafeed/EURUSD/2026/04/18/07h_ticks.bi5 "HTTP/1.1 503 Service Temporarily Unavailable"
2026-06-13 21:25:05,687 - httpx - INFO - HTTP Request: GET https://datafeed.dukascopy.com/datafeed/EURUSD/2026/05/04/00h_ticks.bi5 "HTTP/1.1 200 OK"
2026-06-13 21:25:05,700 - httpx - INFO - HTTP Request: GET https://datafeed.dukascopy.com/datafeed/EURUSD/2026/04/18/03h_ticks.bi5 "HTTP/1.1 503 Service Temporarily Unavailable"
2026-06-13 21:25:05,727 - httpx - INFO - HTTP Request: GET https://datafeed.dukascopy.com/datafeed/EURUSD/2026/04/18/06h_ticks.bi5 "HTTP/1.1 503 Service Temporarily Unavailable"
2026-06-13 21:25:05,729 - httpx - INFO - HTTP Request: GET https://datafeed.dukascopy.com/datafeed/EURUSD/2026/04/18/17h_ticks.bi5 "HTTP/1.1 503 Service Temporarily Unavailable"
2026-06-13 21:25:05,736 - httpx - INFO - HTTP Request: GET https://datafeed.dukascopy.com/datafeed/EURUSD/2026/04/18/02h_ticks.bi5 "HTTP/1.1 503 Service Temporarily Unavailable"
2026-06-13 21:25:05,745 - httpx - INFO - HTTP Request: GET https://datafeed.dukascopy.com/datafeed/EURUSD/2026/04/18/10h_ticks.bi5 "HTTP/1.1 503 Service Temporarily Unavailable"
2026-06-13 21:25:05,769 - httpx - INFO - HTTP Request: GET https://datafeed.dukascopy.com/datafeed/EURUSD/2026/04/18/05h_ticks.bi5 "HTTP/1.1 503 Service Temporarily Unavailable"
2026-06-13 21:25:05,787 - httpx - INFO - HTTP Request: GET https://datafeed.dukascopy.com/datafeed/EURUSD/2026/04/18/09h_ticks.bi5 "HTTP/1.1 503 Service Temporarily Unavailable"
2026-06-13 21:25:05,791 - httpx - INFO - HTTP Request: GET https://datafeed.dukascopy.com/datafeed/EURUSD/2026/04/18/13h_ticks.bi5 "HTTP/1.1 503 Service Temporarily Unavailable"
2026-06-13 21:25:05,792 - httpx - INFO - HTTP Request: GET https://datafeed.dukascopy.com/datafeed/EURUSD/2026/04/18/19h_ticks.bi5 "HTTP/1.1 503 Service Temporarily Unavailable"
2026-06-13 21:25:05,796 - httpx - INFO - HTTP Request: GET https://datafeed.dukascopy.com/datafeed/EURUSD/2026/04/18/14h_ticks.bi5 "HTTP/1.1 503 Service Temporarily Unavailable"
2026-06-13 21:25:05,803 - httpx - INFO - HTTP Request: GET https://datafeed.dukascopy.com/datafeed/EURUSD/2026/04/18/20h_ticks.bi5 "HTTP/1.1 503 Service Temporarily Unavailable"
2026-06-13 21:25:05,823 - httpx - INFO - HTTP Request: GET https://datafeed.dukascopy.com/datafeed/EURUSD/2026/04/18/21h_ticks.bi5 "HTTP/1.1 503 Service Temporarily Unavailable"
2026-06-13 21:25:05,832 - httpx - INFO - HTTP Request: GET https://datafeed.dukascopy.com/datafeed/EURUSD/2026/04/18/11h_ticks.bi5 "HTTP/1.1 503 Service Temporarily Unavailable"
2026-06-13 21:25:05,842 - httpx - INFO - HTTP Request: GET https://datafeed.dukascopy.com/datafeed/EURUSD/2026/04/18/16h_ticks.bi5 "HTTP/1.1 503 Service Temporarily Unavailable"
2026-06-13 21:25:05,846 - httpx - INFO - HTTP Request: GET https://datafeed.dukascopy.com/datafeed/EURUSD/2026/04/18/15h_ticks.bi5 "HTTP/1.1 503 Service Temporarily Unavailable"
2026-06-13 21:25:05,863 - httpx - INFO - HTTP Request: GET https://datafeed.dukascopy.com/datafeed/EURUSD/2026/04/18/18h_ticks.bi5 "HTTP/1.1 503 Service Temporarily Unavailable"
2026-06-13 21:25:05,866 - httpx - INFO - HTTP Request: GET https://datafeed.dukascopy.com/datafeed/EURUSD/2026/04/18/23h_ticks.bi5 "HTTP/1.1 503 Service Temporarily Unavailable"
2026-06-13 21:25:05,876 - httpx - INFO - HTTP Request: GET https://datafeed.dukascopy.com/datafeed/EURUSD/2026/05/04/01h_ticks.bi5 "HTTP/1.1 200 OK"
2026-06-13 21:25:06,019 - httpx - INFO - HTTP Request: GET https://datafeed.dukascopy.com/datafeed/EURUSD/2026/04/18/22h_ticks.bi5 "HTTP/1.1 503 Service Temporarily Unavailable"
2026-06-13 21:25:06,082 - httpx - INFO - HTTP Request: GET https://datafeed.dukascopy.com/datafeed/EURUSD/2026/05/04/04h_ticks.bi5 "HTTP/1.1 200 OK"
2026-06-13 21:25:06,285 - httpx - INFO - HTTP Request: GET https://datafeed.dukascopy.com/datafeed/EURUSD/2026/05/04/07h_ticks.bi5 "HTTP/1.1 200 OK"
2026-06-13 21:25:06,488 - httpx - INFO - HTTP Request: GET https://datafeed.dukascopy.com/datafeed/EURUSD/2026/05/04/03h_ticks.bi5 "HTTP/1.1 200 OK"
2026-06-13 21:25:06,746 - httpx - INFO - HTTP Request: GET https://datafeed.dukascopy.com/datafeed/EURUSD/2026/05/04/12h_ticks.bi5 "HTTP/1.1 200 OK"
2026-06-13 21:25:06,889 - httpx - INFO - HTTP Request: GET https://datafeed.dukascopy.com/datafeed/EURUSD/2026/05/04/06h_ticks.bi5 "HTTP/1.1 200 OK"
2026-06-13 21:25:07,072 - httpx - INFO - HTTP Request: GET https://datafeed.dukascopy.com/datafeed/EURUSD/2026/05/04/17h_ticks.bi5 "HTTP/1.1 200 OK"
2026-06-13 21:25:07,270 - httpx - INFO - HTTP Request: GET https://datafeed.dukascopy.com/datafeed/EURUSD/2026/05/04/02h_ticks.bi5 "HTTP/1.1 200 OK"
2026-06-13 21:25:07,479 - httpx - INFO - HTTP Request: GET https://datafeed.dukascopy.com/datafeed/EURUSD/2026/05/04/10h_ticks.bi5 "HTTP/1.1 200 OK"
2026-06-13 21:25:07,670 - httpx - INFO - HTTP Request: GET https://datafeed.dukascopy.com/datafeed/EURUSD/2026/05/04/05h_ticks.bi5 "HTTP/1.1 200 OK"
2026-06-13 21:25:07,870 - httpx - INFO - HTTP Request: GET https://datafeed.dukascopy.com/datafeed/EURUSD/2026/05/04/16h_ticks.bi5 "HTTP/1.1 200 OK"
2026-06-13 21:25:08,068 - httpx - INFO - HTTP Request: GET https://datafeed.dukascopy.com/datafeed/EURUSD/2026/05/04/23h_ticks.bi5 "HTTP/1.1 200 OK"
2026-06-13 21:25:08,267 - httpx - INFO - HTTP Request: GET https://datafeed.dukascopy.com/datafeed/EURUSD/2026/05/04/18h_ticks.bi5 "HTTP/1.1 200 OK"
2026-06-13 21:25:08,473 - httpx - INFO - HTTP Request: GET https://datafeed.dukascopy.com/datafeed/EURUSD/2026/05/04/08h_ticks.bi5 "HTTP/1.1 200 OK"
2026-06-13 21:25:08,744 - httpx - INFO - HTTP Request: GET https://datafeed.dukascopy.com/datafeed/EURUSD/2026/04/18/12h_ticks.bi5 "HTTP/1.1 200 OK"
2026-06-13 21:25:08,818 - httpx - INFO - HTTP Request: GET https://datafeed.dukascopy.com/datafeed/EURUSD/2026/05/03/22h_ticks.bi5 "HTTP/1.1 503 Service Temporarily Unavailable"
2026-06-13 21:25:08,830 - httpx - INFO - HTTP Request: GET https://datafeed.dukascopy.com/datafeed/EURUSD/2026/05/03/13h_ticks.bi5 "HTTP/1.1 503 Service Temporarily Unavailable"
2026-06-13 21:25:08,835 - httpx - INFO - HTTP Request: GET https://datafeed.dukascopy.com/datafeed/EURUSD/2026/05/03/15h_ticks.bi5 "HTTP/1.1 503 Service Temporarily Unavailable"
2026-06-13 21:25:08,850 - httpx - INFO - HTTP Request: GET https://datafeed.dukascopy.com/datafeed/EURUSD/2026/05/03/20h_ticks.bi5 "HTTP/1.1 503 Service Temporarily Unavailable"
2026-06-13 21:25:08,853 - httpx - INFO - HTTP Request: GET https://datafeed.dukascopy.com/datafeed/EURUSD/2026/05/03/09h_ticks.bi5 "HTTP/1.1 503 Service Temporarily Unavailable"
2026-06-13 21:25:08,855 - httpx - INFO - HTTP Request: GET https://datafeed.dukascopy.com/datafeed/EURUSD/2026/05/03/14h_ticks.bi5 "HTTP/1.1 503 Service Temporarily Unavailable"
2026-06-13 21:25:08,873 - httpx - INFO - HTTP Request: GET https://datafeed.dukascopy.com/datafeed/EURUSD/2026/04/18/08h_ticks.bi5 "HTTP/1.1 200 OK"
2026-06-13 21:25:09,049 - httpx - INFO - HTTP Request: GET https://datafeed.dukascopy.com/datafeed/EURUSD/2026/04/17/01h_ticks.bi5 "HTTP/1.1 503 Service Temporarily Unavailable"
2026-06-13 21:25:09,067 - httpx - INFO - HTTP Request: GET https://datafeed.dukascopy.com/datafeed/EURUSD/2026/05/03/11h_ticks.bi5 "HTTP/1.1 503 Service Temporarily Unavailable"
2026-06-13 21:25:09,069 - httpx - INFO - HTTP Request: GET https://datafeed.dukascopy.com/datafeed/EURUSD/2026/04/17/04h_ticks.bi5 "HTTP/1.1 503 Service Temporarily Unavailable"
2026-06-13 21:25:09,071 - httpx - INFO - HTTP Request: GET https://datafeed.dukascopy.com/datafeed/EURUSD/2026/05/03/00h_ticks.bi5 "HTTP/1.1 200 OK"
2026-06-13 21:25:09,076 - httpx - INFO - HTTP Request: GET https://datafeed.dukascopy.com/datafeed/EURUSD/2026/04/17/07h_ticks.bi5 "HTTP/1.1 503 Service Temporarily Unavailable"
2026-06-13 21:25:09,083 - httpx - INFO - HTTP Request: GET https://datafeed.dukascopy.com/datafeed/EURUSD/2026/05/03/19h_ticks.bi5 "HTTP/1.1 503 Service Temporarily Unavailable"
2026-06-13 21:25:09,085 - httpx - INFO - HTTP Request: GET https://datafeed.dukascopy.com/datafeed/EURUSD/2026/05/03/21h_ticks.bi5 "HTTP/1.1 503 Service Temporarily Unavailable"
2026-06-13 21:25:09,087 - httpx - INFO - HTTP Request: GET https://datafeed.dukascopy.com/datafeed/EURUSD/2026/05/03/08h_ticks.bi5 "HTTP/1.1 503 Service Temporarily Unavailable"
2026-06-13 21:25:09,096 - httpx - INFO - HTTP Request: GET https://datafeed.dukascopy.com/datafeed/EURUSD/2026/04/17/12h_ticks.bi5 "HTTP/1.1 503 Service Temporarily Unavailable"
2026-06-13 21:25:09,109 - httpx - INFO - HTTP Request: GET https://datafeed.dukascopy.com/datafeed/EURUSD/2026/04/17/06h_ticks.bi5 "HTTP/1.1 503 Service Temporarily Unavailable"
2026-06-13 21:25:09,118 - httpx - INFO - HTTP Request: GET https://datafeed.dukascopy.com/datafeed/EURUSD/2026/04/17/17h_ticks.bi5 "HTTP/1.1 503 Service Temporarily Unavailable"
2026-06-13 21:25:09,140 - httpx - INFO - HTTP Request: GET https://datafeed.dukascopy.com/datafeed/EURUSD/2026/04/17/02h_ticks.bi5 "HTTP/1.1 503 Service Temporarily Unavailable"
2026-06-13 21:25:09,169 - httpx - INFO - HTTP Request: GET https://datafeed.dukascopy.com/datafeed/EURUSD/2026/04/17/10h_ticks.bi5 "HTTP/1.1 503 Service Temporarily Unavailable"
2026-06-13 21:25:09,174 - httpx - INFO - HTTP Request: GET https://datafeed.dukascopy.com/datafeed/EURUSD/2026/04/17/05h_ticks.bi5 "HTTP/1.1 503 Service Temporarily Unavailable"
2026-06-13 21:25:09,181 - httpx - INFO - HTTP Request: GET https://datafeed.dukascopy.com/datafeed/EURUSD/2026/04/17/16h_ticks.bi5 "HTTP/1.1 503 Service Temporarily Unavailable"
2026-06-13 21:25:09,187 - httpx - INFO - HTTP Request: GET https://datafeed.dukascopy.com/datafeed/EURUSD/2026/04/17/13h_ticks.bi5 "HTTP/1.1 503 Service Temporarily Unavailable"
2026-06-13 21:25:09,196 - httpx - INFO - HTTP Request: GET https://datafeed.dukascopy.com/datafeed/EURUSD/2026/04/17/11h_ticks.bi5 "HTTP/1.1 503 Service Temporarily Unavailable"
2026-06-13 21:25:09,225 - httpx - INFO - HTTP Request: GET https://datafeed.dukascopy.com/datafeed/EURUSD/2026/04/17/22h_ticks.bi5 "HTTP/1.1 503 Service Temporarily Unavailable"
2026-06-13 21:25:09,232 - httpx - INFO - HTTP Request: GET https://datafeed.dukascopy.com/datafeed/EURUSD/2026/04/17/21h_ticks.bi5 "HTTP/1.1 503 Service Temporarily Unavailable"
2026-06-13 21:25:09,234 - httpx - INFO - HTTP Request: GET https://datafeed.dukascopy.com/datafeed/EURUSD/2026/04/17/14h_ticks.bi5 "HTTP/1.1 503 Service Temporarily Unavailable"
2026-06-13 21:25:09,237 - httpx - INFO - HTTP Request: GET https://datafeed.dukascopy.com/datafeed/EURUSD/2026/04/17/20h_ticks.bi5 "HTTP/1.1 503 Service Temporarily Unavailable"
2026-06-13 21:25:09,247 - httpx - INFO - HTTP Request: GET https://datafeed.dukascopy.com/datafeed/EURUSD/2026/04/17/23h_ticks.bi5 "HTTP/1.1 503 Service Temporarily Unavailable"
2026-06-13 21:25:09,264 - httpx - INFO - HTTP Request: GET https://datafeed.dukascopy.com/datafeed/EURUSD/2026/04/17/19h_ticks.bi5 "HTTP/1.1 503 Service Temporarily Unavailable"
2026-06-13 21:25:09,270 - httpx - INFO - HTTP Request: GET https://datafeed.dukascopy.com/datafeed/EURUSD/2026/05/03/01h_ticks.bi5 "HTTP/1.1 200 OK"
2026-06-13 21:25:09,284 - httpx - INFO - HTTP Request: GET https://datafeed.dukascopy.com/datafeed/EURUSD/2026/04/17/18h_ticks.bi5 "HTTP/1.1 503 Service Temporarily Unavailable"
2026-06-13 21:25:09,288 - httpx - INFO - HTTP Request: GET https://datafeed.dukascopy.com/datafeed/EURUSD/2026/04/17/08h_ticks.bi5 "HTTP/1.1 503 Service Temporarily Unavailable"
2026-06-13 21:25:09,292 - httpx - INFO - HTTP Request: GET https://datafeed.dukascopy.com/datafeed/EURUSD/2026/04/17/09h_ticks.bi5 "HTTP/1.1 503 Service Temporarily Unavailable"
2026-06-13 21:25:09,469 - httpx - INFO - HTTP Request: GET https://datafeed.dukascopy.com/datafeed/EURUSD/2026/05/03/04h_ticks.bi5 "HTTP/1.1 200 OK"
2026-06-13 21:25:09,797 - httpx - INFO - HTTP Request: GET https://datafeed.dukascopy.com/datafeed/EURUSD/2026/05/03/07h_ticks.bi5 "HTTP/1.1 200 OK"
2026-06-13 21:25:09,870 - httpx - INFO - HTTP Request: GET https://datafeed.dukascopy.com/datafeed/EURUSD/2026/05/03/03h_ticks.bi5 "HTTP/1.1 200 OK"
2026-06-13 21:25:10,168 - httpx - INFO - HTTP Request: GET https://datafeed.dukascopy.com/datafeed/EURUSD/2026/05/03/12h_ticks.bi5 "HTTP/1.1 200 OK"
2026-06-13 21:25:10,280 - httpx - INFO - HTTP Request: GET https://datafeed.dukascopy.com/datafeed/EURUSD/2026/05/03/06h_ticks.bi5 "HTTP/1.1 200 OK"
2026-06-13 21:25:10,478 - httpx - INFO - HTTP Request: GET https://datafeed.dukascopy.com/datafeed/EURUSD/2026/05/03/17h_ticks.bi5 "HTTP/1.1 200 OK"
2026-06-13 21:25:10,673 - httpx - INFO - HTTP Request: GET https://datafeed.dukascopy.com/datafeed/EURUSD/2026/05/03/02h_ticks.bi5 "HTTP/1.1 200 OK"
2026-06-13 21:25:10,952 - httpx - INFO - HTTP Request: GET https://datafeed.dukascopy.com/datafeed/EURUSD/2026/05/03/10h_ticks.bi5 "HTTP/1.1 200 OK"
2026-06-13 21:25:11,072 - httpx - INFO - HTTP Request: GET https://datafeed.dukascopy.com/datafeed/EURUSD/2026/05/03/05h_ticks.bi5 "HTTP/1.1 200 OK"
2026-06-13 21:25:11,410 - httpx - INFO - HTTP Request: GET https://datafeed.dukascopy.com/datafeed/EURUSD/2026/05/03/16h_ticks.bi5 "HTTP/1.1 200 OK"
2026-06-13 21:25:11,481 - httpx - INFO - HTTP Request: GET https://datafeed.dukascopy.com/datafeed/EURUSD/2026/05/03/23h_ticks.bi5 "HTTP/1.1 200 OK"
2026-06-13 21:25:11,684 - httpx - INFO - HTTP Request: GET https://datafeed.dukascopy.com/datafeed/EURUSD/2026/05/03/18h_ticks.bi5 "HTTP/1.1 200 OK"
2026-06-13 21:25:11,869 - httpx - INFO - HTTP Request: GET https://datafeed.dukascopy.com/datafeed/EURUSD/2026/04/17/00h_ticks.bi5 "HTTP/1.1 200 OK"
2026-06-13 21:25:12,007 - httpx - INFO - HTTP Request: GET https://datafeed.dukascopy.com/datafeed/EURUSD/2026/05/02/18h_ticks.bi5 "HTTP/1.1 503 Service Temporarily Unavailable"
2026-06-13 21:25:12,010 - httpx - INFO - HTTP Request: GET https://datafeed.dukascopy.com/datafeed/EURUSD/2026/05/02/22h_ticks.bi5 "HTTP/1.1 503 Service Temporarily Unavailable"
2026-06-13 21:25:12,022 - httpx - INFO - HTTP Request: GET https://datafeed.dukascopy.com/datafeed/EURUSD/2026/05/02/13h_ticks.bi5 "HTTP/1.1 503 Service Temporarily Unavailable"
2026-06-13 21:25:12,034 - httpx - INFO - HTTP Request: GET https://datafeed.dukascopy.com/datafeed/EURUSD/2026/05/02/15h_ticks.bi5 "HTTP/1.1 503 Service Temporarily Unavailable"
2026-06-13 21:25:12,047 - httpx - INFO - HTTP Request: GET https://datafeed.dukascopy.com/datafeed/EURUSD/2026/05/02/20h_ticks.bi5 "HTTP/1.1 503 Service Temporarily Unavailable"
2026-06-13 21:25:12,052 - httpx - INFO - HTTP Request: GET https://datafeed.dukascopy.com/datafeed/EURUSD/2026/05/02/09h_ticks.bi5 "HTTP/1.1 503 Service Temporarily Unavailable"
2026-06-13 21:25:12,056 - httpx - INFO - HTTP Request: GET https://datafeed.dukascopy.com/datafeed/EURUSD/2026/05/02/14h_ticks.bi5 "HTTP/1.1 503 Service Temporarily Unavailable"
2026-06-13 21:25:12,070 - httpx - INFO - HTTP Request: GET https://datafeed.dukascopy.com/datafeed/EURUSD/2026/04/17/03h_ticks.bi5 "HTTP/1.1 200 OK"
2026-06-13 21:25:12,262 - httpx - INFO - HTTP Request: GET https://datafeed.dukascopy.com/datafeed/EURUSD/2026/05/02/08h_ticks.bi5 "HTTP/1.1 503 Service Temporarily Unavailable"
2026-06-13 21:25:12,265 - httpx - INFO - HTTP Request: GET https://datafeed.dukascopy.com/datafeed/EURUSD/2026/05/02/21h_ticks.bi5 "HTTP/1.1 503 Service Temporarily Unavailable"
2026-06-13 21:25:12,268 - httpx - INFO - HTTP Request: GET https://datafeed.dukascopy.com/datafeed/EURUSD/2026/04/17/15h_ticks.bi5 "HTTP/1.1 200 OK"
2026-06-13 21:25:12,268 - httpx - INFO - HTTP Request: GET https://datafeed.dukascopy.com/datafeed/EURUSD/2026/05/02/19h_ticks.bi5 "HTTP/1.1 503 Service Temporarily Unavailable"
2026-06-13 21:25:12,469 - httpx - INFO - HTTP Request: GET https://datafeed.dukascopy.com/datafeed/EURUSD/2026/04/16/01h_ticks.bi5 "HTTP/1.1 503 Service Temporarily Unavailable"
2026-06-13 21:25:12,476 - httpx - INFO - HTTP Request: GET https://datafeed.dukascopy.com/datafeed/EURUSD/2026/04/16/04h_ticks.bi5 "HTTP/1.1 503 Service Temporarily Unavailable"
2026-06-13 21:25:12,482 - httpx - INFO - HTTP Request: GET https://datafeed.dukascopy.com/datafeed/EURUSD/2026/05/02/00h_ticks.bi5 "HTTP/1.1 200 OK"
2026-06-13 21:25:12,483 - httpx - INFO - HTTP Request: GET https://datafeed.dukascopy.com/datafeed/EURUSD/2026/04/16/07h_ticks.bi5 "HTTP/1.1 503 Service Temporarily Unavailable"
2026-06-13 21:25:12,485 - httpx - INFO - HTTP Request: GET https://datafeed.dukascopy.com/datafeed/EURUSD/2026/04/16/03h_ticks.bi5 "HTTP/1.1 503 Service Temporarily Unavailable"
2026-06-13 21:25:12,487 - httpx - INFO - HTTP Request: GET https://datafeed.dukascopy.com/datafeed/EURUSD/2026/04/16/12h_ticks.bi5 "HTTP/1.1 503 Service Temporarily Unavailable"
2026-06-13 21:25:12,488 - httpx - INFO - HTTP Request: GET https://datafeed.dukascopy.com/datafeed/EURUSD/2026/04/16/06h_ticks.bi5 "HTTP/1.1 503 Service Temporarily Unavailable"
2026-06-13 21:25:12,523 - httpx - INFO - HTTP Request: GET https://datafeed.dukascopy.com/datafeed/EURUSD/2026/04/16/02h_ticks.bi5 "HTTP/1.1 503 Service Temporarily Unavailable"
2026-06-13 21:25:12,527 - httpx - INFO - HTTP Request: GET https://datafeed.dukascopy.com/datafeed/EURUSD/2026/04/16/10h_ticks.bi5 "HTTP/1.1 503 Service Temporarily Unavailable"
2026-06-13 21:25:12,530 - httpx - INFO - HTTP Request: GET https://datafeed.dukascopy.com/datafeed/EURUSD/2026/04/16/05h_ticks.bi5 "HTTP/1.1 503 Service Temporarily Unavailable"
2026-06-13 21:25:12,533 - httpx - INFO - HTTP Request: GET https://datafeed.dukascopy.com/datafeed/EURUSD/2026/04/16/16h_ticks.bi5 "HTTP/1.1 503 Service Temporarily Unavailable"
2026-06-13 21:25:12,538 - httpx - INFO - HTTP Request: GET https://datafeed.dukascopy.com/datafeed/EURUSD/2026/04/16/23h_ticks.bi5 "HTTP/1.1 503 Service Temporarily Unavailable"
2026-06-13 21:25:12,571 - httpx - INFO - HTTP Request: GET https://datafeed.dukascopy.com/datafeed/EURUSD/2026/04/16/15h_ticks.bi5 "HTTP/1.1 503 Service Temporarily Unavailable"
2026-06-13 21:25:12,593 - httpx - INFO - HTTP Request: GET https://datafeed.dukascopy.com/datafeed/EURUSD/2026/04/16/20h_ticks.bi5 "HTTP/1.1 503 Service Temporarily Unavailable"
2026-06-13 21:25:12,606 - httpx - INFO - HTTP Request: GET https://datafeed.dukascopy.com/datafeed/EURUSD/2026/04/16/13h_ticks.bi5 "HTTP/1.1 503 Service Temporarily Unavailable"
2026-06-13 21:25:12,609 - httpx - INFO - HTTP Request: GET https://datafeed.dukascopy.com/datafeed/EURUSD/2026/04/16/14h_ticks.bi5 "HTTP/1.1 503 Service Temporarily Unavailable"
2026-06-13 21:25:12,682 - httpx - INFO - HTTP Request: GET https://datafeed.dukascopy.com/datafeed/EURUSD/2026/05/02/01h_ticks.bi5 "HTTP/1.1 200 OK"
2026-06-13 21:25:12,767 - httpx - INFO - HTTP Request: GET https://datafeed.dukascopy.com/datafeed/EURUSD/2026/04/16/22h_ticks.bi5 "HTTP/1.1 503 Service Temporarily Unavailable"
2026-06-13 21:25:12,770 - httpx - INFO - HTTP Request: GET https://datafeed.dukascopy.com/datafeed/EURUSD/2026/04/16/11h_ticks.bi5 "HTTP/1.1 503 Service Temporarily Unavailable"
2026-06-13 21:25:12,772 - httpx - INFO - HTTP Request: GET https://datafeed.dukascopy.com/datafeed/EURUSD/2026/04/16/08h_ticks.bi5 "HTTP/1.1 503 Service Temporarily Unavailable"
2026-06-13 21:25:12,787 - httpx - INFO - HTTP Request: GET https://datafeed.dukascopy.com/datafeed/EURUSD/2026/04/16/09h_ticks.bi5 "HTTP/1.1 503 Service Temporarily Unavailable"
2026-06-13 21:25:12,838 - httpx - INFO - HTTP Request: GET https://datafeed.dukascopy.com/datafeed/EURUSD/2026/04/16/19h_ticks.bi5 "HTTP/1.1 503 Service Temporarily Unavailable"
2026-06-13 21:25:12,870 - httpx - INFO - HTTP Request: GET https://datafeed.dukascopy.com/datafeed/EURUSD/2026/05/02/04h_ticks.bi5 "HTTP/1.1 200 OK"
2026-06-13 21:25:12,917 - httpx - INFO - HTTP Request: GET https://datafeed.dukascopy.com/datafeed/EURUSD/2026/04/16/21h_ticks.bi5 "HTTP/1.1 503 Service Temporarily Unavailable"
2026-06-13 21:25:13,096 - httpx - INFO - HTTP Request: GET https://datafeed.dukascopy.com/datafeed/EURUSD/2026/05/02/07h_ticks.bi5 "HTTP/1.1 200 OK"
2026-06-13 21:25:13,487 - httpx - INFO - HTTP Request: GET https://datafeed.dukascopy.com/datafeed/EURUSD/2026/05/02/12h_ticks.bi5 "HTTP/1.1 200 OK"
2026-06-13 21:25:13,697 - httpx - INFO - HTTP Request: GET https://datafeed.dukascopy.com/datafeed/EURUSD/2026/05/02/06h_ticks.bi5 "HTTP/1.1 200 OK"
2026-06-13 21:25:13,715 - httpx - INFO - HTTP Request: GET https://datafeed.dukascopy.com/datafeed/EURUSD/2026/05/02/03h_ticks.bi5 "HTTP/1.1 200 OK"
2026-06-13 21:25:13,886 - httpx - INFO - HTTP Request: GET https://datafeed.dukascopy.com/datafeed/EURUSD/2026/05/02/17h_ticks.bi5 "HTTP/1.1 200 OK"
2026-06-13 21:25:14,094 - httpx - INFO - HTTP Request: GET https://datafeed.dukascopy.com/datafeed/EURUSD/2026/05/02/02h_ticks.bi5 "HTTP/1.1 200 OK"
2026-06-13 21:25:14,272 - httpx - INFO - HTTP Request: GET https://datafeed.dukascopy.com/datafeed/EURUSD/2026/05/02/10h_ticks.bi5 "HTTP/1.1 200 OK"
2026-06-13 21:25:14,477 - httpx - INFO - HTTP Request: GET https://datafeed.dukascopy.com/datafeed/EURUSD/2026/05/02/05h_ticks.bi5 "HTTP/1.1 200 OK"
2026-06-13 21:25:14,685 - httpx - INFO - HTTP Request: GET https://datafeed.dukascopy.com/datafeed/EURUSD/2026/05/02/16h_ticks.bi5 "HTTP/1.1 200 OK"
2026-06-13 21:25:14,878 - httpx - INFO - HTTP Request: GET https://datafeed.dukascopy.com/datafeed/EURUSD/2026/05/02/23h_ticks.bi5 "HTTP/1.1 200 OK"
2026-06-13 21:25:15,095 - httpx - INFO - HTTP Request: GET https://datafeed.dukascopy.com/datafeed/EURUSD/2026/05/02/11h_ticks.bi5 "HTTP/1.1 200 OK"
2026-06-13 21:25:15,272 - httpx - INFO - HTTP Request: GET https://datafeed.dukascopy.com/datafeed/EURUSD/2026/04/16/00h_ticks.bi5 "HTTP/1.1 200 OK"
2026-06-13 21:25:15,455 - httpx - INFO - HTTP Request: GET https://datafeed.dukascopy.com/datafeed/EURUSD/2026/05/01/15h_ticks.bi5 "HTTP/1.1 503 Service Temporarily Unavailable"
2026-06-13 21:25:15,458 - httpx - INFO - HTTP Request: GET https://datafeed.dukascopy.com/datafeed/EURUSD/2026/05/01/18h_ticks.bi5 "HTTP/1.1 503 Service Temporarily Unavailable"
2026-06-13 21:25:15,481 - httpx - INFO - HTTP Request: GET https://datafeed.dukascopy.com/datafeed/EURUSD/2026/05/01/22h_ticks.bi5 "HTTP/1.1 503 Service Temporarily Unavailable"
2026-06-13 21:25:15,483 - httpx - INFO - HTTP Request: GET https://datafeed.dukascopy.com/datafeed/EURUSD/2026/04/16/17h_ticks.bi5 "HTTP/1.1 200 OK"
2026-06-13 21:25:15,484 - httpx - INFO - HTTP Request: GET https://datafeed.dukascopy.com/datafeed/EURUSD/2026/05/01/13h_ticks.bi5 "HTTP/1.1 503 Service Temporarily Unavailable"
2026-06-13 21:25:15,487 - httpx - INFO - HTTP Request: GET https://datafeed.dukascopy.com/datafeed/EURUSD/2026/05/01/20h_ticks.bi5 "HTTP/1.1 503 Service Temporarily Unavailable"
2026-06-13 21:25:15,489 - httpx - INFO - HTTP Request: GET https://datafeed.dukascopy.com/datafeed/EURUSD/2026/05/01/09h_ticks.bi5 "HTTP/1.1 503 Service Temporarily Unavailable"
2026-06-13 21:25:15,700 - httpx - INFO - HTTP Request: GET https://datafeed.dukascopy.com/datafeed/EURUSD/2026/04/16/18h_ticks.bi5 "HTTP/1.1 200 OK"
2026-06-13 21:25:15,718 - httpx - INFO - HTTP Request: GET https://datafeed.dukascopy.com/datafeed/EURUSD/2026/05/01/11h_ticks.bi5 "HTTP/1.1 503 Service Temporarily Unavailable"
2026-06-13 21:25:15,724 - httpx - INFO - HTTP Request: GET https://datafeed.dukascopy.com/datafeed/EURUSD/2026/05/01/08h_ticks.bi5 "HTTP/1.1 503 Service Temporarily Unavailable"
2026-06-13 21:25:15,726 - httpx - INFO - HTTP Request: GET https://datafeed.dukascopy.com/datafeed/EURUSD/2026/05/01/19h_ticks.bi5 "HTTP/1.1 503 Service Temporarily Unavailable"
2026-06-13 21:25:15,864 - httpx - INFO - HTTP Request: GET https://datafeed.dukascopy.com/datafeed/EURUSD/2026/04/15/00h_ticks.bi5 "HTTP/1.1 503 Service Temporarily Unavailable"
2026-06-13 21:25:15,879 - httpx - INFO - HTTP Request: GET https://datafeed.dukascopy.com/datafeed/EURUSD/2026/04/15/01h_ticks.bi5 "HTTP/1.1 503 Service Temporarily Unavailable"
2026-06-13 21:25:15,888 - httpx - INFO - HTTP Request: GET https://datafeed.dukascopy.com/datafeed/EURUSD/2026/04/15/04h_ticks.bi5 "HTTP/1.1 503 Service Temporarily Unavailable"
2026-06-13 21:25:15,918 - httpx - INFO - HTTP Request: GET https://datafeed.dukascopy.com/datafeed/EURUSD/2026/04/15/03h_ticks.bi5 "HTTP/1.1 503 Service Temporarily Unavailable"
2026-06-13 21:25:15,919 - httpx - INFO - HTTP Request: GET https://datafeed.dukascopy.com/datafeed/EURUSD/2026/04/15/12h_ticks.bi5 "HTTP/1.1 503 Service Temporarily Unavailable"
2026-06-13 21:25:15,930 - httpx - INFO - HTTP Request: GET https://datafeed.dukascopy.com/datafeed/EURUSD/2026/04/15/06h_ticks.bi5 "HTTP/1.1 503 Service Temporarily Unavailable"
2026-06-13 21:25:15,948 - httpx - INFO - HTTP Request: GET https://datafeed.dukascopy.com/datafeed/EURUSD/2026/04/15/17h_ticks.bi5 "HTTP/1.1 503 Service Temporarily Unavailable"
2026-06-13 21:25:15,955 - httpx - INFO - HTTP Request: GET https://datafeed.dukascopy.com/datafeed/EURUSD/2026/05/01/00h_ticks.bi5 "HTTP/1.1 200 OK"
2026-06-13 21:25:15,965 - httpx - INFO - HTTP Request: GET https://datafeed.dukascopy.com/datafeed/EURUSD/2026/04/15/02h_ticks.bi5 "HTTP/1.1 503 Service Temporarily Unavailable"
2026-06-13 21:25:15,982 - httpx - INFO - HTTP Request: GET https://datafeed.dukascopy.com/datafeed/EURUSD/2026/04/15/10h_ticks.bi5 "HTTP/1.1 503 Service Temporarily Unavailable"
2026-06-13 21:25:15,991 - httpx - INFO - HTTP Request: GET https://datafeed.dukascopy.com/datafeed/EURUSD/2026/04/15/23h_ticks.bi5 "HTTP/1.1 503 Service Temporarily Unavailable"
2026-06-13 21:25:16,001 - httpx - INFO - HTTP Request: GET https://datafeed.dukascopy.com/datafeed/EURUSD/2026/04/15/05h_ticks.bi5 "HTTP/1.1 503 Service Temporarily Unavailable"
2026-06-13 21:25:16,003 - httpx - INFO - HTTP Request: GET https://datafeed.dukascopy.com/datafeed/EURUSD/2026/04/15/19h_ticks.bi5 "HTTP/1.1 503 Service Temporarily Unavailable"
2026-06-13 21:25:16,028 - httpx - INFO - HTTP Request: GET https://datafeed.dukascopy.com/datafeed/EURUSD/2026/04/15/13h_ticks.bi5 "HTTP/1.1 503 Service Temporarily Unavailable"
2026-06-13 21:25:16,032 - httpx - INFO - HTTP Request: GET https://datafeed.dukascopy.com/datafeed/EURUSD/2026/04/15/18h_ticks.bi5 "HTTP/1.1 503 Service Temporarily Unavailable"
2026-06-13 21:25:16,045 - httpx - INFO - HTTP Request: GET https://datafeed.dukascopy.com/datafeed/EURUSD/2026/04/15/09h_ticks.bi5 "HTTP/1.1 503 Service Temporarily Unavailable"
2026-06-13 21:25:16,057 - httpx - INFO - HTTP Request: GET https://datafeed.dukascopy.com/datafeed/EURUSD/2026/04/15/22h_ticks.bi5 "HTTP/1.1 503 Service Temporarily Unavailable"
2026-06-13 21:25:16,062 - httpx - INFO - HTTP Request: GET https://datafeed.dukascopy.com/datafeed/EURUSD/2026/04/15/08h_ticks.bi5 "HTTP/1.1 503 Service Temporarily Unavailable"
2026-06-13 21:25:16,080 - httpx - INFO - HTTP Request: GET https://datafeed.dukascopy.com/datafeed/EURUSD/2026/05/01/01h_ticks.bi5 "HTTP/1.1 200 OK"
2026-06-13 21:25:16,089 - httpx - INFO - HTTP Request: GET https://datafeed.dukascopy.com/datafeed/EURUSD/2026/04/15/11h_ticks.bi5 "HTTP/1.1 503 Service Temporarily Unavailable"
2026-06-13 21:25:16,092 - httpx - INFO - HTTP Request: GET https://datafeed.dukascopy.com/datafeed/EURUSD/2026/04/15/21h_ticks.bi5 "HTTP/1.1 503 Service Temporarily Unavailable"
2026-06-13 21:25:16,095 - httpx - INFO - HTTP Request: GET https://datafeed.dukascopy.com/datafeed/EURUSD/2026/04/15/15h_ticks.bi5 "HTTP/1.1 503 Service Temporarily Unavailable"
2026-06-13 21:25:16,102 - httpx - INFO - HTTP Request: GET https://datafeed.dukascopy.com/datafeed/EURUSD/2026/04/15/14h_ticks.bi5 "HTTP/1.1 503 Service Temporarily Unavailable"
2026-06-13 21:25:16,106 - httpx - INFO - HTTP Request: GET https://datafeed.dukascopy.com/datafeed/EURUSD/2026/04/15/20h_ticks.bi5 "HTTP/1.1 503 Service Temporarily Unavailable"
2026-06-13 21:25:16,270 - httpx - INFO - HTTP Request: GET https://datafeed.dukascopy.com/datafeed/EURUSD/2026/05/01/04h_ticks.bi5 "HTTP/1.1 200 OK"
2026-06-13 21:25:16,491 - httpx - INFO - HTTP Request: GET https://datafeed.dukascopy.com/datafeed/EURUSD/2026/05/01/07h_ticks.bi5 "HTTP/1.1 200 OK"
2026-06-13 21:25:16,780 - httpx - INFO - HTTP Request: GET https://datafeed.dukascopy.com/datafeed/EURUSD/2026/05/01/03h_ticks.bi5 "HTTP/1.1 200 OK"
2026-06-13 21:25:16,888 - httpx - INFO - HTTP Request: GET https://datafeed.dukascopy.com/datafeed/EURUSD/2026/05/01/12h_ticks.bi5 "HTTP/1.1 200 OK"
2026-06-13 21:25:17,143 - httpx - INFO - HTTP Request: GET https://datafeed.dukascopy.com/datafeed/EURUSD/2026/05/01/06h_ticks.bi5 "HTTP/1.1 200 OK"
2026-06-13 21:25:17,360 - httpx - INFO - HTTP Request: GET https://datafeed.dukascopy.com/datafeed/EURUSD/2026/05/01/17h_ticks.bi5 "HTTP/1.1 200 OK"
2026-06-13 21:25:17,474 - httpx - INFO - HTTP Request: GET https://datafeed.dukascopy.com/datafeed/EURUSD/2026/05/01/02h_ticks.bi5 "HTTP/1.1 200 OK"
2026-06-13 21:25:17,672 - httpx - INFO - HTTP Request: GET https://datafeed.dukascopy.com/datafeed/EURUSD/2026/05/01/10h_ticks.bi5 "HTTP/1.1 200 OK"
2026-06-13 21:25:17,965 - httpx - INFO - HTTP Request: GET https://datafeed.dukascopy.com/datafeed/EURUSD/2026/05/01/16h_ticks.bi5 "HTTP/1.1 200 OK"
2026-06-13 21:25:18,071 - httpx - INFO - HTTP Request: GET https://datafeed.dukascopy.com/datafeed/EURUSD/2026/05/01/05h_ticks.bi5 "HTTP/1.1 200 OK"
2026-06-13 21:25:18,280 - httpx - INFO - HTTP Request: GET https://datafeed.dukascopy.com/datafeed/EURUSD/2026/05/01/23h_ticks.bi5 "HTTP/1.1 200 OK"
2026-06-13 21:25:18,580 - httpx - INFO - HTTP Request: GET https://datafeed.dukascopy.com/datafeed/EURUSD/2026/05/01/14h_ticks.bi5 "HTTP/1.1 200 OK"
2026-06-13 21:25:18,688 - httpx - INFO - HTTP Request: GET https://datafeed.dukascopy.com/datafeed/EURUSD/2026/05/01/21h_ticks.bi5 "HTTP/1.1 200 OK"
2026-06-13 21:25:18,987 - httpx - INFO - HTTP Request: GET https://datafeed.dukascopy.com/datafeed/EURUSD/2026/04/15/07h_ticks.bi5 "HTTP/1.1 200 OK"
2026-06-13 21:25:19,036 - httpx - INFO - HTTP Request: GET https://datafeed.dukascopy.com/datafeed/EURUSD/2026/04/31/22h_ticks.bi5 "HTTP/1.1 503 Service Temporarily Unavailable"
2026-06-13 21:25:19,040 - httpx - INFO - HTTP Request: GET https://datafeed.dukascopy.com/datafeed/EURUSD/2026/04/31/23h_ticks.bi5 "HTTP/1.1 503 Service Temporarily Unavailable"
2026-06-13 21:25:19,041 - httpx - INFO - HTTP Request: GET https://datafeed.dukascopy.com/datafeed/EURUSD/2026/04/31/20h_ticks.bi5 "HTTP/1.1 503 Service Temporarily Unavailable"
2026-06-13 21:25:19,048 - httpx - INFO - HTTP Request: GET https://datafeed.dukascopy.com/datafeed/EURUSD/2026/04/31/13h_ticks.bi5 "HTTP/1.1 503 Service Temporarily Unavailable"
2026-06-13 21:25:19,051 - httpx - INFO - HTTP Request: GET https://datafeed.dukascopy.com/datafeed/EURUSD/2026/04/31/09h_ticks.bi5 "HTTP/1.1 503 Service Temporarily Unavailable"
2026-06-13 21:25:19,053 - httpx - INFO - HTTP Request: GET https://datafeed.dukascopy.com/datafeed/EURUSD/2026/04/31/14h_ticks.bi5 "HTTP/1.1 503 Service Temporarily Unavailable"
2026-06-13 21:25:19,071 - httpx - INFO - HTTP Request: GET https://datafeed.dukascopy.com/datafeed/EURUSD/2026/04/15/16h_ticks.bi5 "HTTP/1.1 200 OK"
2026-06-13 21:25:19,257 - httpx - INFO - HTTP Request: GET https://datafeed.dukascopy.com/datafeed/EURUSD/2026/04/31/11h_ticks.bi5 "HTTP/1.1 503 Service Temporarily Unavailable"
2026-06-13 21:25:19,261 - httpx - INFO - HTTP Request: GET https://datafeed.dukascopy.com/datafeed/EURUSD/2026/04/31/19h_ticks.bi5 "HTTP/1.1 503 Service Temporarily Unavailable"
2026-06-13 21:25:19,265 - httpx - INFO - HTTP Request: GET https://datafeed.dukascopy.com/datafeed/EURUSD/2026/04/31/08h_ticks.bi5 "HTTP/1.1 503 Service Temporarily Unavailable"
2026-06-13 21:25:19,267 - httpx - INFO - HTTP Request: GET https://datafeed.dukascopy.com/datafeed/EURUSD/2026/04/31/00h_ticks.bi5 "HTTP/1.1 200 OK"
2026-06-13 21:25:19,467 - httpx - INFO - HTTP Request: GET https://datafeed.dukascopy.com/datafeed/EURUSD/2026/04/31/01h_ticks.bi5 "HTTP/1.1 200 OK"
2026-06-13 21:25:19,667 - httpx - INFO - HTTP Request: GET https://datafeed.dukascopy.com/datafeed/EURUSD/2026/04/31/04h_ticks.bi5 "HTTP/1.1 200 OK"
2026-06-13 21:25:19,868 - httpx - INFO - HTTP Request: GET https://datafeed.dukascopy.com/datafeed/EURUSD/2026/04/31/07h_ticks.bi5 "HTTP/1.1 200 OK"
2026-06-13 21:25:20,078 - httpx - INFO - HTTP Request: GET https://datafeed.dukascopy.com/datafeed/EURUSD/2026/04/31/03h_ticks.bi5 "HTTP/1.1 200 OK"
2026-06-13 21:25:20,276 - httpx - INFO - HTTP Request: GET https://datafeed.dukascopy.com/datafeed/EURUSD/2026/04/31/12h_ticks.bi5 "HTTP/1.1 200 OK"
2026-06-13 21:25:20,472 - httpx - INFO - HTTP Request: GET https://datafeed.dukascopy.com/datafeed/EURUSD/2026/04/31/06h_ticks.bi5 "HTTP/1.1 200 OK"
2026-06-13 21:25:20,668 - httpx - INFO - HTTP Request: GET https://datafeed.dukascopy.com/datafeed/EURUSD/2026/04/31/17h_ticks.bi5 "HTTP/1.1 200 OK"
2026-06-13 21:25:20,868 - httpx - INFO - HTTP Request: GET https://datafeed.dukascopy.com/datafeed/EURUSD/2026/04/31/02h_ticks.bi5 "HTTP/1.1 200 OK"
2026-06-13 21:25:21,071 - httpx - INFO - HTTP Request: GET https://datafeed.dukascopy.com/datafeed/EURUSD/2026/04/31/10h_ticks.bi5 "HTTP/1.1 200 OK"
2026-06-13 21:25:21,155 - AnomalyDetector - INFO - Building anomaly profile for EURUSD...
2026-06-13 21:25:21,289 - httpx - INFO - HTTP Request: GET https://datafeed.dukascopy.com/datafeed/EURUSD/2026/04/31/05h_ticks.bi5 "HTTP/1.1 200 OK"
2026-06-13 21:25:21,331 - AnomalyDetector - INFO - Anomaly profile built for EURUSD with 36 indicators.
2026-06-13 21:25:21,333 - AnomalyDetector - WARNING - ANOMALY DETECTED for EURUSD: ['ema_9', 'ema_21', 'ema_50', 'ema_200', 'bb_upper', 'bb_middle', 'bb_lower', 'tenkan', 'kijun', 'senkou_a', 'senkou_b', 'pivot', 'r1', 's1', 'r2', 's2', 'r3', 's3', 'vwap']
2026-06-13 21:25:21,477 - httpx - INFO - HTTP Request: GET https://datafeed.dukascopy.com/datafeed/EURUSD/2026/04/31/16h_ticks.bi5 "HTTP/1.1 200 OK"
2026-06-13 21:25:21,695 - httpx - INFO - HTTP Request: GET https://datafeed.dukascopy.com/datafeed/EURUSD/2026/04/31/15h_ticks.bi5 "HTTP/1.1 200 OK"
2026-06-13 21:25:21,748 - RiskManager - WARNING - Risk Check: R:R ratio too low for EURUSD. Trade blocked.
2026-06-13 21:25:21,748 - DecisionEngine - WARNING - Raising confidence threshold to 0.85 due to anomaly in EURUSD
2026-06-13 21:25:21,750 - DecisionEngine - ERROR - Error in Decision Pipeline for EURUSD: 3 validation errors for TradeDecision
stop_loss
  Input should be greater than 0 [type=greater_than, input_value=0.0, input_type=float]
    For further information visit https://errors.pydantic.dev/2.13/v/greater_than
take_profit
  Input should be greater than 0 [type=greater_than, input_value=0.0, input_type=float]
    For further information visit https://errors.pydantic.dev/2.13/v/greater_than
lot_size
  Input should be greater than 0 [type=greater_than, input_value=0.0, input_type=float]
    For further information visit https://errors.pydantic.dev/2.13/v/greater_than
Traceback (most recent call last):
  File "D:\prj\Intelli-Trader\backend\modules\decision\decision_engine.py", line 185, in run_pipeline
    trade_decision = TradeDecision(
                     ^^^^^^^^^^^^^^
  File "C:\Users\Me\AppData\Local\Programs\Python\Python312\Lib\site-packages\pydantic\main.py", line 263, in __init__
    validated_self = self.__pydantic_validator__.validate_python(data, self_instance=self)
                     ^^^^^^^^^^^^^^^^^^^^^^^^^^^^^^^^^^^^^^^^^^^^^^^^^^^^^^^^^^^^^^^^^^^^^
pydantic_core._pydantic_core.ValidationError: 3 validation errors for TradeDecision
stop_loss
  Input should be greater than 0 [type=greater_than, input_value=0.0, input_type=float]
    For further information visit https://errors.pydantic.dev/2.13/v/greater_than
take_profit
  Input should be greater than 0 [type=greater_than, input_value=0.0, input_type=float]
    For further information visit https://errors.pydantic.dev/2.13/v/greater_than
lot_size
  Input should be greater than 0 [type=greater_than, input_value=0.0, input_type=float]
    For further information visit https://errors.pydantic.dev/2.13/v/greater_than
2026-06-13 21:25:21,752 - LiveEngine - INFO - Signal for EURUSD: HOLD (Confidence: 0.0000)
2026-06-13 21:25:21,753 - LiveEngine - INFO - --- Starting Live Cycle: GBPUSD H1 ---
2026-06-13 21:25:21,869 - httpx - INFO - HTTP Request: GET https://datafeed.dukascopy.com/datafeed/EURUSD/2026/04/31/18h_ticks.bi5 "HTTP/1.1 200 OK"
2026-06-13 21:25:22,068 - httpx - INFO - HTTP Request: GET https://datafeed.dukascopy.com/datafeed/EURUSD/2026/04/31/21h_ticks.bi5 "HTTP/1.1 200 OK"
2026-06-13 21:25:22,282 - httpx - INFO - HTTP Request: GET https://datafeed.dukascopy.com/datafeed/EURUSD/2026/04/30/00h_ticks.bi5 "HTTP/1.1 200 OK"
2026-06-13 21:25:22,407 - httpx - INFO - HTTP Request: GET https://datafeed.dukascopy.com/datafeed/EURUSD/2026/04/30/15h_ticks.bi5 "HTTP/1.1 503 Service Temporarily Unavailable"
2026-06-13 21:25:22,437 - httpx - INFO - HTTP Request: GET https://datafeed.dukascopy.com/datafeed/EURUSD/2026/04/30/20h_ticks.bi5 "HTTP/1.1 503 Service Temporarily Unavailable"
2026-06-13 21:25:22,473 - httpx - INFO - HTTP Request: GET https://datafeed.dukascopy.com/datafeed/EURUSD/2026/04/30/09h_ticks.bi5 "HTTP/1.1 503 Service Temporarily Unavailable"
2026-06-13 21:25:22,476 - httpx - INFO - HTTP Request: GET https://datafeed.dukascopy.com/datafeed/EURUSD/2026/04/30/14h_ticks.bi5 "HTTP/1.1 503 Service Temporarily Unavailable"
2026-06-13 21:25:22,494 - httpx - INFO - HTTP Request: GET https://datafeed.dukascopy.com/datafeed/EURUSD/2026/04/30/11h_ticks.bi5 "HTTP/1.1 503 Service Temporarily Unavailable"
2026-06-13 21:25:22,503 - httpx - INFO - HTTP Request: GET https://datafeed.dukascopy.com/datafeed/EURUSD/2026/04/30/01h_ticks.bi5 "HTTP/1.1 200 OK"
2026-06-13 21:25:22,582 - httpx - INFO - HTTP Request: GET https://datafeed.dukascopy.com/datafeed/EURUSD/2026/05/13/02h_ticks.bi5 "HTTP/1.1 503 Service Temporarily Unavailable"
2026-06-13 21:25:22,584 - httpx - INFO - HTTP Request: GET https://datafeed.dukascopy.com/datafeed/EURUSD/2026/05/13/00h_ticks.bi5 "HTTP/1.1 503 Service Temporarily Unavailable"
2026-06-13 21:25:22,585 - httpx - INFO - HTTP Request: GET https://datafeed.dukascopy.com/datafeed/EURUSD/2026/05/13/14h_ticks.bi5 "HTTP/1.1 503 Service Temporarily Unavailable"
2026-06-13 21:25:22,587 - httpx - INFO - HTTP Request: GET https://datafeed.dukascopy.com/datafeed/EURUSD/2026/05/13/20h_ticks.bi5 "HTTP/1.1 503 Service Temporarily Unavailable"
2026-06-13 21:25:22,589 - httpx - INFO - HTTP Request: GET https://datafeed.dukascopy.com/datafeed/EURUSD/2026/05/13/13h_ticks.bi5 "HTTP/1.1 503 Service Temporarily Unavailable"
2026-06-13 21:25:22,590 - httpx - INFO - HTTP Request: GET https://datafeed.dukascopy.com/datafeed/EURUSD/2026/05/13/22h_ticks.bi5 "HTTP/1.1 503 Service Temporarily Unavailable"
2026-06-13 21:25:22,603 - httpx - INFO - HTTP Request: GET https://datafeed.dukascopy.com/datafeed/EURUSD/2026/05/13/05h_ticks.bi5 "HTTP/1.1 503 Service Temporarily Unavailable"
2026-06-13 21:25:22,643 - httpx - INFO - HTTP Request: GET https://datafeed.dukascopy.com/datafeed/EURUSD/2026/05/13/08h_ticks.bi5 "HTTP/1.1 503 Service Temporarily Unavailable"
2026-06-13 21:25:22,659 - httpx - INFO - HTTP Request: GET https://datafeed.dukascopy.com/datafeed/EURUSD/2026/05/13/16h_ticks.bi5 "HTTP/1.1 503 Service Temporarily Unavailable"
2026-06-13 21:25:22,662 - httpx - INFO - HTTP Request: GET https://datafeed.dukascopy.com/datafeed/EURUSD/2026/05/13/23h_ticks.bi5 "HTTP/1.1 503 Service Temporarily Unavailable"
2026-06-13 21:25:22,664 - httpx - INFO - HTTP Request: GET https://datafeed.dukascopy.com/datafeed/EURUSD/2026/05/13/09h_ticks.bi5 "HTTP/1.1 503 Service Temporarily Unavailable"
2026-06-13 21:25:22,668 - httpx - INFO - HTTP Request: GET https://datafeed.dukascopy.com/datafeed/EURUSD/2026/05/13/18h_ticks.bi5 "HTTP/1.1 503 Service Temporarily Unavailable"
2026-06-13 21:25:22,671 - httpx - INFO - HTTP Request: GET https://datafeed.dukascopy.com/datafeed/EURUSD/2026/05/13/01h_ticks.bi5 "HTTP/1.1 503 Service Temporarily Unavailable"
2026-06-13 21:25:22,674 - httpx - INFO - HTTP Request: GET https://datafeed.dukascopy.com/datafeed/EURUSD/2026/05/13/11h_ticks.bi5 "HTTP/1.1 503 Service Temporarily Unavailable"
2026-06-13 21:25:22,679 - httpx - INFO - HTTP Request: GET https://datafeed.dukascopy.com/datafeed/EURUSD/2026/05/13/15h_ticks.bi5 "HTTP/1.1 503 Service Temporarily Unavailable"
2026-06-13 21:25:22,684 - httpx - INFO - HTTP Request: GET https://datafeed.dukascopy.com/datafeed/EURUSD/2026/05/13/10h_ticks.bi5 "HTTP/1.1 503 Service Temporarily Unavailable"
2026-06-13 21:25:22,685 - httpx - INFO - HTTP Request: GET https://datafeed.dukascopy.com/datafeed/EURUSD/2026/05/13/21h_ticks.bi5 "HTTP/1.1 503 Service Temporarily Unavailable"
2026-06-13 21:25:22,690 - httpx - INFO - HTTP Request: GET https://datafeed.dukascopy.com/datafeed/EURUSD/2026/05/13/03h_ticks.bi5 "HTTP/1.1 503 Service Temporarily Unavailable"
2026-06-13 21:25:22,690 - httpx - INFO - HTTP Request: GET https://datafeed.dukascopy.com/datafeed/EURUSD/2026/04/30/21h_ticks.bi5 "HTTP/1.1 503 Service Temporarily Unavailable"
2026-06-13 21:25:22,692 - httpx - INFO - HTTP Request: GET https://datafeed.dukascopy.com/datafeed/EURUSD/2026/05/13/19h_ticks.bi5 "HTTP/1.1 503 Service Temporarily Unavailable"
2026-06-13 21:25:22,694 - httpx - INFO - HTTP Request: GET https://datafeed.dukascopy.com/datafeed/EURUSD/2026/04/30/08h_ticks.bi5 "HTTP/1.1 503 Service Temporarily Unavailable"
2026-06-13 21:25:22,696 - httpx - INFO - HTTP Request: GET https://datafeed.dukascopy.com/datafeed/EURUSD/2026/04/30/04h_ticks.bi5 "HTTP/1.1 200 OK"
2026-06-13 21:25:22,697 - httpx - INFO - HTTP Request: GET https://datafeed.dukascopy.com/datafeed/EURUSD/2026/05/13/07h_ticks.bi5 "HTTP/1.1 503 Service Temporarily Unavailable"
2026-06-13 21:25:22,699 - httpx - INFO - HTTP Request: GET https://datafeed.dukascopy.com/datafeed/EURUSD/2026/05/13/12h_ticks.bi5 "HTTP/1.1 503 Service Temporarily Unavailable"
2026-06-13 21:25:22,700 - httpx - INFO - HTTP Request: GET https://datafeed.dukascopy.com/datafeed/EURUSD/2026/04/30/19h_ticks.bi5 "HTTP/1.1 503 Service Temporarily Unavailable"
2026-06-13 21:25:22,701 - httpx - INFO - HTTP Request: GET https://datafeed.dukascopy.com/datafeed/EURUSD/2026/05/13/17h_ticks.bi5 "HTTP/1.1 503 Service Temporarily Unavailable"
2026-06-13 21:25:22,702 - httpx - INFO - HTTP Request: GET https://datafeed.dukascopy.com/datafeed/EURUSD/2026/05/13/06h_ticks.bi5 "HTTP/1.1 503 Service Temporarily Unavailable"
2026-06-13 21:25:22,866 - httpx - INFO - HTTP Request: GET https://datafeed.dukascopy.com/datafeed/EURUSD/2026/04/30/07h_ticks.bi5 "HTTP/1.1 200 OK"
2026-06-13 21:25:23,105 - httpx - INFO - HTTP Request: GET https://datafeed.dukascopy.com/datafeed/EURUSD/2026/04/30/03h_ticks.bi5 "HTTP/1.1 200 OK"
2026-06-13 21:25:23,269 - httpx - INFO - HTTP Request: GET https://datafeed.dukascopy.com/datafeed/EURUSD/2026/04/30/12h_ticks.bi5 "HTTP/1.1 200 OK"
2026-06-13 21:25:23,472 - httpx - INFO - HTTP Request: GET https://datafeed.dukascopy.com/datafeed/EURUSD/2026/04/30/06h_ticks.bi5 "HTTP/1.1 200 OK"
2026-06-13 21:25:23,666 - httpx - INFO - HTTP Request: GET https://datafeed.dukascopy.com/datafeed/EURUSD/2026/04/30/17h_ticks.bi5 "HTTP/1.1 200 OK"
2026-06-13 21:25:23,867 - httpx - INFO - HTTP Request: GET https://datafeed.dukascopy.com/datafeed/EURUSD/2026/04/30/02h_ticks.bi5 "HTTP/1.1 200 OK"
2026-06-13 21:25:24,068 - httpx - INFO - HTTP Request: GET https://datafeed.dukascopy.com/datafeed/EURUSD/2026/04/30/10h_ticks.bi5 "HTTP/1.1 200 OK"
2026-06-13 21:25:24,267 - httpx - INFO - HTTP Request: GET https://datafeed.dukascopy.com/datafeed/EURUSD/2026/04/30/05h_ticks.bi5 "HTTP/1.1 200 OK"
2026-06-13 21:25:24,472 - httpx - INFO - HTTP Request: GET https://datafeed.dukascopy.com/datafeed/EURUSD/2026/04/30/16h_ticks.bi5 "HTTP/1.1 200 OK"
2026-06-13 21:25:24,666 - httpx - INFO - HTTP Request: GET https://datafeed.dukascopy.com/datafeed/EURUSD/2026/04/30/23h_ticks.bi5 "HTTP/1.1 200 OK"
2026-06-13 21:25:24,865 - httpx - INFO - HTTP Request: GET https://datafeed.dukascopy.com/datafeed/EURUSD/2026/04/30/18h_ticks.bi5 "HTTP/1.1 200 OK"
2026-06-13 21:25:25,075 - httpx - INFO - HTTP Request: GET https://datafeed.dukascopy.com/datafeed/EURUSD/2026/04/30/22h_ticks.bi5 "HTTP/1.1 200 OK"
2026-06-13 21:25:25,266 - httpx - INFO - HTTP Request: GET https://datafeed.dukascopy.com/datafeed/EURUSD/2026/04/30/13h_ticks.bi5 "HTTP/1.1 200 OK"
2026-06-13 21:25:25,467 - httpx - INFO - HTTP Request: GET https://datafeed.dukascopy.com/datafeed/EURUSD/2026/05/13/04h_ticks.bi5 "HTTP/1.1 200 OK"
2026-06-13 21:25:25,599 - httpx - INFO - HTTP Request: GET https://datafeed.dukascopy.com/datafeed/EURUSD/2026/04/29/13h_ticks.bi5 "HTTP/1.1 503 Service Temporarily Unavailable"
2026-06-13 21:25:25,603 - httpx - INFO - HTTP Request: GET https://datafeed.dukascopy.com/datafeed/EURUSD/2026/04/29/15h_ticks.bi5 "HTTP/1.1 503 Service Temporarily Unavailable"
2026-06-13 21:25:25,613 - httpx - INFO - HTTP Request: GET https://datafeed.dukascopy.com/datafeed/EURUSD/2026/04/29/20h_ticks.bi5 "HTTP/1.1 503 Service Temporarily Unavailable"
2026-06-13 21:25:25,618 - httpx - INFO - HTTP Request: GET https://datafeed.dukascopy.com/datafeed/EURUSD/2026/04/29/09h_ticks.bi5 "HTTP/1.1 503 Service Temporarily Unavailable"
2026-06-13 21:25:25,627 - httpx - INFO - HTTP Request: GET https://datafeed.dukascopy.com/datafeed/EURUSD/2026/05/12/00h_ticks.bi5 "HTTP/1.1 503 Service Temporarily Unavailable"
2026-06-13 21:25:25,629 - httpx - INFO - HTTP Request: GET https://datafeed.dukascopy.com/datafeed/EURUSD/2026/05/12/01h_ticks.bi5 "HTTP/1.1 503 Service Temporarily Unavailable"
2026-06-13 21:25:25,645 - httpx - INFO - HTTP Request: GET https://datafeed.dukascopy.com/datafeed/EURUSD/2026/05/12/04h_ticks.bi5 "HTTP/1.1 503 Service Temporarily Unavailable"
2026-06-13 21:25:25,725 - httpx - INFO - HTTP Request: GET https://datafeed.dukascopy.com/datafeed/EURUSD/2026/04/29/00h_ticks.bi5 "HTTP/1.1 200 OK"
2026-06-13 21:25:25,735 - httpx - INFO - HTTP Request: GET https://datafeed.dukascopy.com/datafeed/EURUSD/2026/05/12/07h_ticks.bi5 "HTTP/1.1 503 Service Temporarily Unavailable"
2026-06-13 21:25:25,737 - httpx - INFO - HTTP Request: GET https://datafeed.dukascopy.com/datafeed/EURUSD/2026/05/12/03h_ticks.bi5 "HTTP/1.1 503 Service Temporarily Unavailable"
2026-06-13 21:25:25,738 - httpx - INFO - HTTP Request: GET https://datafeed.dukascopy.com/datafeed/EURUSD/2026/05/12/12h_ticks.bi5 "HTTP/1.1 503 Service Temporarily Unavailable"
2026-06-13 21:25:25,740 - httpx - INFO - HTTP Request: GET https://datafeed.dukascopy.com/datafeed/EURUSD/2026/05/12/17h_ticks.bi5 "HTTP/1.1 503 Service Temporarily Unavailable"
2026-06-13 21:25:25,742 - httpx - INFO - HTTP Request: GET https://datafeed.dukascopy.com/datafeed/EURUSD/2026/05/12/02h_ticks.bi5 "HTTP/1.1 503 Service Temporarily Unavailable"
2026-06-13 21:25:25,756 - httpx - INFO - HTTP Request: GET https://datafeed.dukascopy.com/datafeed/EURUSD/2026/05/12/10h_ticks.bi5 "HTTP/1.1 503 Service Temporarily Unavailable"
2026-06-13 21:25:25,763 - httpx - INFO - HTTP Request: GET https://datafeed.dukascopy.com/datafeed/EURUSD/2026/05/12/23h_ticks.bi5 "HTTP/1.1 503 Service Temporarily Unavailable"
2026-06-13 21:25:25,764 - httpx - INFO - HTTP Request: GET https://datafeed.dukascopy.com/datafeed/EURUSD/2026/05/12/05h_ticks.bi5 "HTTP/1.1 503 Service Temporarily Unavailable"
2026-06-13 21:25:25,776 - httpx - INFO - HTTP Request: GET https://datafeed.dukascopy.com/datafeed/EURUSD/2026/05/12/20h_ticks.bi5 "HTTP/1.1 503 Service Temporarily Unavailable"
2026-06-13 21:25:25,781 - httpx - INFO - HTTP Request: GET https://datafeed.dukascopy.com/datafeed/EURUSD/2026/05/12/14h_ticks.bi5 "HTTP/1.1 503 Service Temporarily Unavailable"
2026-06-13 21:25:25,784 - httpx - INFO - HTTP Request: GET https://datafeed.dukascopy.com/datafeed/EURUSD/2026/05/12/15h_ticks.bi5 "HTTP/1.1 503 Service Temporarily Unavailable"
2026-06-13 21:25:25,789 - httpx - INFO - HTTP Request: GET https://datafeed.dukascopy.com/datafeed/EURUSD/2026/05/12/08h_ticks.bi5 "HTTP/1.1 503 Service Temporarily Unavailable"
2026-06-13 21:25:25,792 - httpx - INFO - HTTP Request: GET https://datafeed.dukascopy.com/datafeed/EURUSD/2026/05/12/18h_ticks.bi5 "HTTP/1.1 503 Service Temporarily Unavailable"
2026-06-13 21:25:25,834 - httpx - INFO - HTTP Request: GET https://datafeed.dukascopy.com/datafeed/EURUSD/2026/05/12/22h_ticks.bi5 "HTTP/1.1 503 Service Temporarily Unavailable"
2026-06-13 21:25:25,837 - httpx - INFO - HTTP Request: GET https://datafeed.dukascopy.com/datafeed/EURUSD/2026/05/12/13h_ticks.bi5 "HTTP/1.1 503 Service Temporarily Unavailable"
2026-06-13 21:25:25,839 - httpx - INFO - HTTP Request: GET https://datafeed.dukascopy.com/datafeed/EURUSD/2026/04/29/14h_ticks.bi5 "HTTP/1.1 503 Service Temporarily Unavailable"
2026-06-13 21:25:25,841 - httpx - INFO - HTTP Request: GET https://datafeed.dukascopy.com/datafeed/EURUSD/2026/05/12/21h_ticks.bi5 "HTTP/1.1 503 Service Temporarily Unavailable"
2026-06-13 21:25:25,844 - httpx - INFO - HTTP Request: GET https://datafeed.dukascopy.com/datafeed/EURUSD/2026/05/12/16h_ticks.bi5 "HTTP/1.1 503 Service Temporarily Unavailable"
2026-06-13 21:25:25,853 - httpx - INFO - HTTP Request: GET https://datafeed.dukascopy.com/datafeed/EURUSD/2026/05/12/19h_ticks.bi5 "HTTP/1.1 503 Service Temporarily Unavailable"
2026-06-13 21:25:25,856 - httpx - INFO - HTTP Request: GET https://datafeed.dukascopy.com/datafeed/EURUSD/2026/05/12/11h_ticks.bi5 "HTTP/1.1 503 Service Temporarily Unavailable"
2026-06-13 21:25:25,859 - httpx - INFO - HTTP Request: GET https://datafeed.dukascopy.com/datafeed/EURUSD/2026/05/12/09h_ticks.bi5 "HTTP/1.1 503 Service Temporarily Unavailable"
2026-06-13 21:25:25,871 - httpx - INFO - HTTP Request: GET https://datafeed.dukascopy.com/datafeed/EURUSD/2026/04/29/01h_ticks.bi5 "HTTP/1.1 200 OK"
2026-06-13 21:25:25,924 - httpx - INFO - HTTP Request: GET https://datafeed.dukascopy.com/datafeed/EURUSD/2026/04/29/21h_ticks.bi5 "HTTP/1.1 503 Service Temporarily Unavailable"
2026-06-13 21:25:25,930 - httpx - INFO - HTTP Request: GET https://datafeed.dukascopy.com/datafeed/EURUSD/2026/04/29/11h_ticks.bi5 "HTTP/1.1 503 Service Temporarily Unavailable"
2026-06-13 21:25:25,934 - httpx - INFO - HTTP Request: GET https://datafeed.dukascopy.com/datafeed/EURUSD/2026/04/29/19h_ticks.bi5 "HTTP/1.1 503 Service Temporarily Unavailable"
2026-06-13 21:25:26,083 - httpx - INFO - HTTP Request: GET https://datafeed.dukascopy.com/datafeed/EURUSD/2026/04/29/04h_ticks.bi5 "HTTP/1.1 200 OK"
2026-06-13 21:25:26,340 - httpx - INFO - HTTP Request: GET https://datafeed.dukascopy.com/datafeed/EURUSD/2026/04/29/07h_ticks.bi5 "HTTP/1.1 200 OK"
2026-06-13 21:25:26,475 - httpx - INFO - HTTP Request: GET https://datafeed.dukascopy.com/datafeed/EURUSD/2026/04/29/03h_ticks.bi5 "HTTP/1.1 200 OK"
2026-06-13 21:25:26,679 - httpx - INFO - HTTP Request: GET https://datafeed.dukascopy.com/datafeed/EURUSD/2026/04/29/12h_ticks.bi5 "HTTP/1.1 200 OK"
2026-06-13 21:25:26,875 - httpx - INFO - HTTP Request: GET https://datafeed.dukascopy.com/datafeed/EURUSD/2026/04/29/06h_ticks.bi5 "HTTP/1.1 200 OK"
2026-06-13 21:25:27,145 - httpx - INFO - HTTP Request: GET https://datafeed.dukascopy.com/datafeed/EURUSD/2026/04/29/17h_ticks.bi5 "HTTP/1.1 200 OK"
2026-06-13 21:25:27,269 - httpx - INFO - HTTP Request: GET https://datafeed.dukascopy.com/datafeed/EURUSD/2026/04/29/02h_ticks.bi5 "HTTP/1.1 200 OK"
2026-06-13 21:25:27,472 - httpx - INFO - HTTP Request: GET https://datafeed.dukascopy.com/datafeed/EURUSD/2026/04/29/10h_ticks.bi5 "HTTP/1.1 200 OK"
2026-06-13 21:25:27,673 - httpx - INFO - HTTP Request: GET https://datafeed.dukascopy.com/datafeed/EURUSD/2026/04/29/05h_ticks.bi5 "HTTP/1.1 200 OK"
2026-06-13 21:25:27,950 - httpx - INFO - HTTP Request: GET https://datafeed.dukascopy.com/datafeed/EURUSD/2026/04/29/16h_ticks.bi5 "HTTP/1.1 200 OK"
2026-06-13 21:25:28,067 - httpx - INFO - HTTP Request: GET https://datafeed.dukascopy.com/datafeed/EURUSD/2026/04/29/23h_ticks.bi5 "HTTP/1.1 200 OK"
2026-06-13 21:25:28,270 - httpx - INFO - HTTP Request: GET https://datafeed.dukascopy.com/datafeed/EURUSD/2026/04/29/18h_ticks.bi5 "HTTP/1.1 200 OK"
2026-06-13 21:25:28,468 - httpx - INFO - HTTP Request: GET https://datafeed.dukascopy.com/datafeed/EURUSD/2026/04/29/22h_ticks.bi5 "HTTP/1.1 200 OK"
2026-06-13 21:25:28,749 - httpx - INFO - HTTP Request: GET https://datafeed.dukascopy.com/datafeed/EURUSD/2026/05/12/06h_ticks.bi5 "HTTP/1.1 200 OK"
2026-06-13 21:25:28,938 - httpx - INFO - HTTP Request: GET https://datafeed.dukascopy.com/datafeed/EURUSD/2026/04/29/08h_ticks.bi5 "HTTP/1.1 200 OK"
2026-06-13 21:25:29,094 - httpx - INFO - HTTP Request: GET https://datafeed.dukascopy.com/datafeed/EURUSD/2026/05/11/15h_ticks.bi5 "HTTP/1.1 503 Service Temporarily Unavailable"
2026-06-13 21:25:29,110 - httpx - INFO - HTTP Request: GET https://datafeed.dukascopy.com/datafeed/EURUSD/2026/04/28/00h_ticks.bi5 "HTTP/1.1 503 Service Temporarily Unavailable"
2026-06-13 21:25:29,125 - httpx - INFO - HTTP Request: GET https://datafeed.dukascopy.com/datafeed/EURUSD/2026/04/28/01h_ticks.bi5 "HTTP/1.1 503 Service Temporarily Unavailable"
2026-06-13 21:25:29,135 - httpx - INFO - HTTP Request: GET https://datafeed.dukascopy.com/datafeed/EURUSD/2026/04/28/04h_ticks.bi5 "HTTP/1.1 503 Service Temporarily Unavailable"
2026-06-13 21:25:29,150 - httpx - INFO - HTTP Request: GET https://datafeed.dukascopy.com/datafeed/EURUSD/2026/04/28/07h_ticks.bi5 "HTTP/1.1 503 Service Temporarily Unavailable"
2026-06-13 21:25:29,164 - httpx - INFO - HTTP Request: GET https://datafeed.dukascopy.com/datafeed/EURUSD/2026/05/11/00h_ticks.bi5 "HTTP/1.1 200 OK"
2026-06-13 21:25:29,176 - httpx - INFO - HTTP Request: GET https://datafeed.dukascopy.com/datafeed/EURUSD/2026/04/28/03h_ticks.bi5 "HTTP/1.1 503 Service Temporarily Unavailable"
2026-06-13 21:25:29,188 - httpx - INFO - HTTP Request: GET https://datafeed.dukascopy.com/datafeed/EURUSD/2026/04/28/12h_ticks.bi5 "HTTP/1.1 503 Service Temporarily Unavailable"
2026-06-13 21:25:29,190 - httpx - INFO - HTTP Request: GET https://datafeed.dukascopy.com/datafeed/EURUSD/2026/04/28/06h_ticks.bi5 "HTTP/1.1 503 Service Temporarily Unavailable"
2026-06-13 21:25:29,212 - httpx - INFO - HTTP Request: GET https://datafeed.dukascopy.com/datafeed/EURUSD/2026/04/28/17h_ticks.bi5 "HTTP/1.1 503 Service Temporarily Unavailable"
2026-06-13 21:25:29,233 - httpx - INFO - HTTP Request: GET https://datafeed.dukascopy.com/datafeed/EURUSD/2026/04/28/02h_ticks.bi5 "HTTP/1.1 503 Service Temporarily Unavailable"
2026-06-13 21:25:29,235 - httpx - INFO - HTTP Request: GET https://datafeed.dukascopy.com/datafeed/EURUSD/2026/04/28/21h_ticks.bi5 "HTTP/1.1 503 Service Temporarily Unavailable"
2026-06-13 21:25:29,252 - httpx - INFO - HTTP Request: GET https://datafeed.dukascopy.com/datafeed/EURUSD/2026/04/28/18h_ticks.bi5 "HTTP/1.1 503 Service Temporarily Unavailable"
2026-06-13 21:25:29,268 - httpx - INFO - HTTP Request: GET https://datafeed.dukascopy.com/datafeed/EURUSD/2026/04/28/22h_ticks.bi5 "HTTP/1.1 503 Service Temporarily Unavailable"
2026-06-13 21:25:29,278 - httpx - INFO - HTTP Request: GET https://datafeed.dukascopy.com/datafeed/EURUSD/2026/04/28/19h_ticks.bi5 "HTTP/1.1 503 Service Temporarily Unavailable"
2026-06-13 21:25:29,278 - httpx - INFO - HTTP Request: GET https://datafeed.dukascopy.com/datafeed/EURUSD/2026/05/11/01h_ticks.bi5 "HTTP/1.1 200 OK"
2026-06-13 21:25:29,292 - httpx - INFO - HTTP Request: GET https://datafeed.dukascopy.com/datafeed/EURUSD/2026/04/28/10h_ticks.bi5 "HTTP/1.1 503 Service Temporarily Unavailable"
2026-06-13 21:25:29,317 - httpx - INFO - HTTP Request: GET https://datafeed.dukascopy.com/datafeed/EURUSD/2026/05/11/19h_ticks.bi5 "HTTP/1.1 503 Service Temporarily Unavailable"
2026-06-13 21:25:29,318 - httpx - INFO - HTTP Request: GET https://datafeed.dukascopy.com/datafeed/EURUSD/2026/04/28/14h_ticks.bi5 "HTTP/1.1 503 Service Temporarily Unavailable"
2026-06-13 21:25:29,320 - httpx - INFO - HTTP Request: GET https://datafeed.dukascopy.com/datafeed/EURUSD/2026/05/11/09h_ticks.bi5 "HTTP/1.1 503 Service Temporarily Unavailable"
2026-06-13 21:25:29,321 - httpx - INFO - HTTP Request: GET https://datafeed.dukascopy.com/datafeed/EURUSD/2026/04/28/09h_ticks.bi5 "HTTP/1.1 503 Service Temporarily Unavailable"
2026-06-13 21:25:29,324 - httpx - INFO - HTTP Request: GET https://datafeed.dukascopy.com/datafeed/EURUSD/2026/05/11/08h_ticks.bi5 "HTTP/1.1 503 Service Temporarily Unavailable"
2026-06-13 21:25:29,328 - httpx - INFO - HTTP Request: GET https://datafeed.dukascopy.com/datafeed/EURUSD/2026/05/11/14h_ticks.bi5 "HTTP/1.1 503 Service Temporarily Unavailable"
2026-06-13 21:25:29,332 - httpx - INFO - HTTP Request: GET https://datafeed.dukascopy.com/datafeed/EURUSD/2026/05/11/11h_ticks.bi5 "HTTP/1.1 503 Service Temporarily Unavailable"
2026-06-13 21:25:29,335 - httpx - INFO - HTTP Request: GET https://datafeed.dukascopy.com/datafeed/EURUSD/2026/05/11/20h_ticks.bi5 "HTTP/1.1 503 Service Temporarily Unavailable"
2026-06-13 21:25:29,343 - httpx - INFO - HTTP Request: GET https://datafeed.dukascopy.com/datafeed/EURUSD/2026/05/11/21h_ticks.bi5 "HTTP/1.1 503 Service Temporarily Unavailable"
2026-06-13 21:25:29,344 - httpx - INFO - HTTP Request: GET https://datafeed.dukascopy.com/datafeed/EURUSD/2026/04/28/13h_ticks.bi5 "HTTP/1.1 503 Service Temporarily Unavailable"
2026-06-13 21:25:29,348 - httpx - INFO - HTTP Request: GET https://datafeed.dukascopy.com/datafeed/EURUSD/2026/04/28/20h_ticks.bi5 "HTTP/1.1 503 Service Temporarily Unavailable"
2026-06-13 21:25:29,352 - httpx - INFO - HTTP Request: GET https://datafeed.dukascopy.com/datafeed/EURUSD/2026/04/28/16h_ticks.bi5 "HTTP/1.1 503 Service Temporarily Unavailable"
2026-06-13 21:25:29,366 - httpx - INFO - HTTP Request: GET https://datafeed.dukascopy.com/datafeed/EURUSD/2026/04/28/15h_ticks.bi5 "HTTP/1.1 503 Service Temporarily Unavailable"
2026-06-13 21:25:29,370 - httpx - INFO - HTTP Request: GET https://datafeed.dukascopy.com/datafeed/EURUSD/2026/04/28/08h_ticks.bi5 "HTTP/1.1 503 Service Temporarily Unavailable"
2026-06-13 21:25:29,377 - httpx - INFO - HTTP Request: GET https://datafeed.dukascopy.com/datafeed/EURUSD/2026/04/28/05h_ticks.bi5 "HTTP/1.1 503 Service Temporarily Unavailable"
2026-06-13 21:25:29,382 - httpx - INFO - HTTP Request: GET https://datafeed.dukascopy.com/datafeed/EURUSD/2026/04/28/11h_ticks.bi5 "HTTP/1.1 503 Service Temporarily Unavailable"
2026-06-13 21:25:29,470 - httpx - INFO - HTTP Request: GET https://datafeed.dukascopy.com/datafeed/EURUSD/2026/05/11/04h_ticks.bi5 "HTTP/1.1 200 OK"
2026-06-13 21:25:29,738 - httpx - INFO - HTTP Request: GET https://datafeed.dukascopy.com/datafeed/EURUSD/2026/05/11/07h_ticks.bi5 "HTTP/1.1 200 OK"
2026-06-13 21:25:29,870 - httpx - INFO - HTTP Request: GET https://datafeed.dukascopy.com/datafeed/EURUSD/2026/05/11/03h_ticks.bi5 "HTTP/1.1 200 OK"
2026-06-13 21:25:30,146 - httpx - INFO - HTTP Request: GET https://datafeed.dukascopy.com/datafeed/EURUSD/2026/05/11/12h_ticks.bi5 "HTTP/1.1 200 OK"
2026-06-13 21:25:30,272 - httpx - INFO - HTTP Request: GET https://datafeed.dukascopy.com/datafeed/EURUSD/2026/05/11/06h_ticks.bi5 "HTTP/1.1 200 OK"
2026-06-13 21:25:30,547 - httpx - INFO - HTTP Request: GET https://datafeed.dukascopy.com/datafeed/EURUSD/2026/05/11/17h_ticks.bi5 "HTTP/1.1 200 OK"
2026-06-13 21:25:30,684 - httpx - INFO - HTTP Request: GET https://datafeed.dukascopy.com/datafeed/EURUSD/2026/05/11/02h_ticks.bi5 "HTTP/1.1 200 OK"
2026-06-13 21:25:30,873 - httpx - INFO - HTTP Request: GET https://datafeed.dukascopy.com/datafeed/EURUSD/2026/05/11/10h_ticks.bi5 "HTTP/1.1 200 OK"
2026-06-13 21:25:31,070 - httpx - INFO - HTTP Request: GET https://datafeed.dukascopy.com/datafeed/EURUSD/2026/05/11/05h_ticks.bi5 "HTTP/1.1 200 OK"
2026-06-13 21:25:31,342 - httpx - INFO - HTTP Request: GET https://datafeed.dukascopy.com/datafeed/EURUSD/2026/05/11/16h_ticks.bi5 "HTTP/1.1 200 OK"
2026-06-13 21:25:31,478 - httpx - INFO - HTTP Request: GET https://datafeed.dukascopy.com/datafeed/EURUSD/2026/05/11/23h_ticks.bi5 "HTTP/1.1 200 OK"
2026-06-13 21:25:31,746 - httpx - INFO - HTTP Request: GET https://datafeed.dukascopy.com/datafeed/EURUSD/2026/05/11/18h_ticks.bi5 "HTTP/1.1 200 OK"
2026-06-13 21:25:31,888 - httpx - INFO - HTTP Request: GET https://datafeed.dukascopy.com/datafeed/EURUSD/2026/05/11/22h_ticks.bi5 "HTTP/1.1 200 OK"
2026-06-13 21:25:32,147 - httpx - INFO - HTTP Request: GET https://datafeed.dukascopy.com/datafeed/EURUSD/2026/05/11/13h_ticks.bi5 "HTTP/1.1 200 OK"
2026-06-13 21:25:32,268 - httpx - INFO - HTTP Request: GET https://datafeed.dukascopy.com/datafeed/EURUSD/2026/04/28/23h_ticks.bi5 "HTTP/1.1 200 OK"
2026-06-13 21:25:32,485 - httpx - INFO - HTTP Request: GET https://datafeed.dukascopy.com/datafeed/EURUSD/2026/05/10/05h_ticks.bi5 "HTTP/1.1 503 Service Temporarily Unavailable"
2026-06-13 21:25:32,495 - httpx - INFO - HTTP Request: GET https://datafeed.dukascopy.com/datafeed/EURUSD/2026/04/27/06h_ticks.bi5 "HTTP/1.1 503 Service Temporarily Unavailable"
2026-06-13 21:25:32,495 - httpx - INFO - HTTP Request: GET https://datafeed.dukascopy.com/datafeed/EURUSD/2026/05/10/16h_ticks.bi5 "HTTP/1.1 503 Service Temporarily Unavailable"
2026-06-13 21:25:32,507 - httpx - INFO - HTTP Request: GET https://datafeed.dukascopy.com/datafeed/EURUSD/2026/05/10/23h_ticks.bi5 "HTTP/1.1 503 Service Temporarily Unavailable"
2026-06-13 21:25:32,515 - httpx - INFO - HTTP Request: GET https://datafeed.dukascopy.com/datafeed/EURUSD/2026/04/27/17h_ticks.bi5 "HTTP/1.1 503 Service Temporarily Unavailable"
2026-06-13 21:25:32,527 - httpx - INFO - HTTP Request: GET https://datafeed.dukascopy.com/datafeed/EURUSD/2026/05/10/18h_ticks.bi5 "HTTP/1.1 503 Service Temporarily Unavailable"
2026-06-13 21:25:32,531 - httpx - INFO - HTTP Request: GET https://datafeed.dukascopy.com/datafeed/EURUSD/2026/05/10/22h_ticks.bi5 "HTTP/1.1 503 Service Temporarily Unavailable"
2026-06-13 21:25:32,539 - httpx - INFO - HTTP Request: GET https://datafeed.dukascopy.com/datafeed/EURUSD/2026/05/10/13h_ticks.bi5 "HTTP/1.1 503 Service Temporarily Unavailable"
2026-06-13 21:25:32,540 - httpx - INFO - HTTP Request: GET https://datafeed.dukascopy.com/datafeed/EURUSD/2026/04/27/02h_ticks.bi5 "HTTP/1.1 503 Service Temporarily Unavailable"
2026-06-13 21:25:32,542 - httpx - INFO - HTTP Request: GET https://datafeed.dukascopy.com/datafeed/EURUSD/2026/05/10/15h_ticks.bi5 "HTTP/1.1 503 Service Temporarily Unavailable"
2026-06-13 21:25:32,546 - httpx - INFO - HTTP Request: GET https://datafeed.dukascopy.com/datafeed/EURUSD/2026/04/27/10h_ticks.bi5 "HTTP/1.1 503 Service Temporarily Unavailable"
2026-06-13 21:25:32,552 - httpx - INFO - HTTP Request: GET https://datafeed.dukascopy.com/datafeed/EURUSD/2026/05/10/00h_ticks.bi5 "HTTP/1.1 200 OK"
2026-06-13 21:25:32,554 - httpx - INFO - HTTP Request: GET https://datafeed.dukascopy.com/datafeed/EURUSD/2026/04/27/05h_ticks.bi5 "HTTP/1.1 503 Service Temporarily Unavailable"
2026-06-13 21:25:32,559 - httpx - INFO - HTTP Request: GET https://datafeed.dukascopy.com/datafeed/EURUSD/2026/04/27/16h_ticks.bi5 "HTTP/1.1 503 Service Temporarily Unavailable"
2026-06-13 21:25:32,563 - httpx - INFO - HTTP Request: GET https://datafeed.dukascopy.com/datafeed/EURUSD/2026/04/27/23h_ticks.bi5 "HTTP/1.1 503 Service Temporarily Unavailable"
2026-06-13 21:25:32,572 - httpx - INFO - HTTP Request: GET https://datafeed.dukascopy.com/datafeed/EURUSD/2026/05/10/20h_ticks.bi5 "HTTP/1.1 503 Service Temporarily Unavailable"
2026-06-13 21:25:32,575 - httpx - INFO - HTTP Request: GET https://datafeed.dukascopy.com/datafeed/EURUSD/2026/05/10/09h_ticks.bi5 "HTTP/1.1 503 Service Temporarily Unavailable"
2026-06-13 21:25:32,577 - httpx - INFO - HTTP Request: GET https://datafeed.dukascopy.com/datafeed/EURUSD/2026/05/10/14h_ticks.bi5 "HTTP/1.1 503 Service Temporarily Unavailable"
2026-06-13 21:25:32,614 - httpx - INFO - HTTP Request: GET https://datafeed.dukascopy.com/datafeed/EURUSD/2026/04/27/19h_ticks.bi5 "HTTP/1.1 503 Service Temporarily Unavailable"
2026-06-13 21:25:32,617 - httpx - INFO - HTTP Request: GET https://datafeed.dukascopy.com/datafeed/EURUSD/2026/05/10/11h_ticks.bi5 "HTTP/1.1 503 Service Temporarily Unavailable"
2026-06-13 21:25:32,618 - httpx - INFO - HTTP Request: GET https://datafeed.dukascopy.com/datafeed/EURUSD/2026/04/27/18h_ticks.bi5 "HTTP/1.1 503 Service Temporarily Unavailable"
2026-06-13 21:25:32,620 - httpx - INFO - HTTP Request: GET https://datafeed.dukascopy.com/datafeed/EURUSD/2026/04/27/22h_ticks.bi5 "HTTP/1.1 503 Service Temporarily Unavailable"
2026-06-13 21:25:32,624 - httpx - INFO - HTTP Request: GET https://datafeed.dukascopy.com/datafeed/EURUSD/2026/04/27/21h_ticks.bi5 "HTTP/1.1 503 Service Temporarily Unavailable"
2026-06-13 21:25:32,628 - httpx - INFO - HTTP Request: GET https://datafeed.dukascopy.com/datafeed/EURUSD/2026/04/27/13h_ticks.bi5 "HTTP/1.1 503 Service Temporarily Unavailable"
2026-06-13 21:25:32,738 - httpx - INFO - HTTP Request: GET https://datafeed.dukascopy.com/datafeed/EURUSD/2026/05/10/01h_ticks.bi5 "HTTP/1.1 200 OK"
2026-06-13 21:25:32,796 - httpx - INFO - HTTP Request: GET https://datafeed.dukascopy.com/datafeed/EURUSD/2026/05/10/21h_ticks.bi5 "HTTP/1.1 503 Service Temporarily Unavailable"
2026-06-13 21:25:32,800 - httpx - INFO - HTTP Request: GET https://datafeed.dukascopy.com/datafeed/EURUSD/2026/05/10/19h_ticks.bi5 "HTTP/1.1 503 Service Temporarily Unavailable"
2026-06-13 21:25:32,815 - httpx - INFO - HTTP Request: GET https://datafeed.dukascopy.com/datafeed/EURUSD/2026/04/27/15h_ticks.bi5 "HTTP/1.1 503 Service Temporarily Unavailable"
2026-06-13 21:25:32,828 - httpx - INFO - HTTP Request: GET https://datafeed.dukascopy.com/datafeed/EURUSD/2026/04/27/11h_ticks.bi5 "HTTP/1.1 503 Service Temporarily Unavailable"
2026-06-13 21:25:32,833 - httpx - INFO - HTTP Request: GET https://datafeed.dukascopy.com/datafeed/EURUSD/2026/04/27/08h_ticks.bi5 "HTTP/1.1 503 Service Temporarily Unavailable"
2026-06-13 21:25:32,844 - httpx - INFO - HTTP Request: GET https://datafeed.dukascopy.com/datafeed/EURUSD/2026/04/27/14h_ticks.bi5 "HTTP/1.1 503 Service Temporarily Unavailable"
2026-06-13 21:25:32,848 - httpx - INFO - HTTP Request: GET https://datafeed.dukascopy.com/datafeed/EURUSD/2026/04/27/20h_ticks.bi5 "HTTP/1.1 503 Service Temporarily Unavailable"
2026-06-13 21:25:32,851 - httpx - INFO - HTTP Request: GET https://datafeed.dukascopy.com/datafeed/EURUSD/2026/04/27/09h_ticks.bi5 "HTTP/1.1 503 Service Temporarily Unavailable"
2026-06-13 21:25:32,877 - httpx - INFO - HTTP Request: GET https://datafeed.dukascopy.com/datafeed/EURUSD/2026/05/10/04h_ticks.bi5 "HTTP/1.1 200 OK"
2026-06-13 21:25:33,075 - httpx - INFO - HTTP Request: GET https://datafeed.dukascopy.com/datafeed/EURUSD/2026/05/10/07h_ticks.bi5 "HTTP/1.1 200 OK"
2026-06-13 21:25:33,270 - httpx - INFO - HTTP Request: GET https://datafeed.dukascopy.com/datafeed/EURUSD/2026/05/10/03h_ticks.bi5 "HTTP/1.1 200 OK"
2026-06-13 21:25:33,533 - httpx - INFO - HTTP Request: GET https://datafeed.dukascopy.com/datafeed/EURUSD/2026/05/10/12h_ticks.bi5 "HTTP/1.1 200 OK"
2026-06-13 21:25:33,668 - httpx - INFO - HTTP Request: GET https://datafeed.dukascopy.com/datafeed/EURUSD/2026/04/27/00h_ticks.bi5 "HTTP/1.1 200 OK"
2026-06-13 21:25:33,879 - httpx - INFO - HTTP Request: GET https://datafeed.dukascopy.com/datafeed/EURUSD/2026/05/10/06h_ticks.bi5 "HTTP/1.1 200 OK"
2026-06-13 21:25:34,069 - httpx - INFO - HTTP Request: GET https://datafeed.dukascopy.com/datafeed/EURUSD/2026/04/27/01h_ticks.bi5 "HTTP/1.1 200 OK"
2026-06-13 21:25:34,272 - httpx - INFO - HTTP Request: GET https://datafeed.dukascopy.com/datafeed/EURUSD/2026/04/27/04h_ticks.bi5 "HTTP/1.1 200 OK"
2026-06-13 21:25:34,552 - httpx - INFO - HTTP Request: GET https://datafeed.dukascopy.com/datafeed/EURUSD/2026/05/10/17h_ticks.bi5 "HTTP/1.1 200 OK"
2026-06-13 21:25:34,673 - httpx - INFO - HTTP Request: GET https://datafeed.dukascopy.com/datafeed/EURUSD/2026/04/27/07h_ticks.bi5 "HTTP/1.1 200 OK"
2026-06-13 21:25:34,878 - httpx - INFO - HTTP Request: GET https://datafeed.dukascopy.com/datafeed/EURUSD/2026/05/10/02h_ticks.bi5 "HTTP/1.1 200 OK"
2026-06-13 21:25:35,068 - httpx - INFO - HTTP Request: GET https://datafeed.dukascopy.com/datafeed/EURUSD/2026/04/27/03h_ticks.bi5 "HTTP/1.1 200 OK"
2026-06-13 21:25:35,268 - httpx - INFO - HTTP Request: GET https://datafeed.dukascopy.com/datafeed/EURUSD/2026/05/10/10h_ticks.bi5 "HTTP/1.1 200 OK"
2026-06-13 21:25:35,544 - httpx - INFO - HTTP Request: GET https://datafeed.dukascopy.com/datafeed/EURUSD/2026/04/27/12h_ticks.bi5 "HTTP/1.1 200 OK"
2026-06-13 21:25:35,740 - httpx - INFO - HTTP Request: GET https://datafeed.dukascopy.com/datafeed/EURUSD/2026/05/10/08h_ticks.bi5 "HTTP/1.1 200 OK"
2026-06-13 21:25:35,888 - httpx - INFO - HTTP Request: GET https://datafeed.dukascopy.com/datafeed/EURUSD/2026/04/26/00h_ticks.bi5 "HTTP/1.1 200 OK"
2026-06-13 21:25:35,960 - httpx - INFO - HTTP Request: GET https://datafeed.dukascopy.com/datafeed/EURUSD/2026/04/26/23h_ticks.bi5 "HTTP/1.1 503 Service Temporarily Unavailable"
2026-06-13 21:25:35,970 - httpx - INFO - HTTP Request: GET https://datafeed.dukascopy.com/datafeed/EURUSD/2026/05/09/03h_ticks.bi5 "HTTP/1.1 503 Service Temporarily Unavailable"
2026-06-13 21:25:35,972 - httpx - INFO - HTTP Request: GET https://datafeed.dukascopy.com/datafeed/EURUSD/2026/05/09/12h_ticks.bi5 "HTTP/1.1 503 Service Temporarily Unavailable"
2026-06-13 21:25:35,972 - httpx - INFO - HTTP Request: GET https://datafeed.dukascopy.com/datafeed/EURUSD/2026/04/26/18h_ticks.bi5 "HTTP/1.1 503 Service Temporarily Unavailable"
2026-06-13 21:25:35,987 - httpx - INFO - HTTP Request: GET https://datafeed.dukascopy.com/datafeed/EURUSD/2026/04/26/22h_ticks.bi5 "HTTP/1.1 503 Service Temporarily Unavailable"
2026-06-13 21:25:35,992 - httpx - INFO - HTTP Request: GET https://datafeed.dukascopy.com/datafeed/EURUSD/2026/05/09/06h_ticks.bi5 "HTTP/1.1 503 Service Temporarily Unavailable"
2026-06-13 21:25:35,996 - httpx - INFO - HTTP Request: GET https://datafeed.dukascopy.com/datafeed/EURUSD/2026/04/26/19h_ticks.bi5 "HTTP/1.1 503 Service Temporarily Unavailable"
2026-06-13 21:25:36,004 - httpx - INFO - HTTP Request: GET https://datafeed.dukascopy.com/datafeed/EURUSD/2026/05/09/17h_ticks.bi5 "HTTP/1.1 503 Service Temporarily Unavailable"
2026-06-13 21:25:36,009 - httpx - INFO - HTTP Request: GET https://datafeed.dukascopy.com/datafeed/EURUSD/2026/04/26/21h_ticks.bi5 "HTTP/1.1 503 Service Temporarily Unavailable"
2026-06-13 21:25:36,017 - httpx - INFO - HTTP Request: GET https://datafeed.dukascopy.com/datafeed/EURUSD/2026/04/26/09h_ticks.bi5 "HTTP/1.1 503 Service Temporarily Unavailable"
2026-06-13 21:25:36,022 - httpx - INFO - HTTP Request: GET https://datafeed.dukascopy.com/datafeed/EURUSD/2026/04/26/08h_ticks.bi5 "HTTP/1.1 503 Service Temporarily Unavailable"
2026-06-13 21:25:36,024 - httpx - INFO - HTTP Request: GET https://datafeed.dukascopy.com/datafeed/EURUSD/2026/05/09/02h_ticks.bi5 "HTTP/1.1 503 Service Temporarily Unavailable"
2026-06-13 21:25:36,030 - httpx - INFO - HTTP Request: GET https://datafeed.dukascopy.com/datafeed/EURUSD/2026/04/26/15h_ticks.bi5 "HTTP/1.1 503 Service Temporarily Unavailable"
2026-06-13 21:25:36,031 - httpx - INFO - HTTP Request: GET https://datafeed.dukascopy.com/datafeed/EURUSD/2026/05/09/10h_ticks.bi5 "HTTP/1.1 503 Service Temporarily Unavailable"
2026-06-13 21:25:36,041 - httpx - INFO - HTTP Request: GET https://datafeed.dukascopy.com/datafeed/EURUSD/2026/05/09/05h_ticks.bi5 "HTTP/1.1 503 Service Temporarily Unavailable"
2026-06-13 21:25:36,046 - httpx - INFO - HTTP Request: GET https://datafeed.dukascopy.com/datafeed/EURUSD/2026/04/26/20h_ticks.bi5 "HTTP/1.1 503 Service Temporarily Unavailable"
2026-06-13 21:25:36,059 - httpx - INFO - HTTP Request: GET https://datafeed.dukascopy.com/datafeed/EURUSD/2026/05/09/16h_ticks.bi5 "HTTP/1.1 503 Service Temporarily Unavailable"
2026-06-13 21:25:36,074 - httpx - INFO - HTTP Request: GET https://datafeed.dukascopy.com/datafeed/EURUSD/2026/04/26/01h_ticks.bi5 "HTTP/1.1 200 OK"
2026-06-13 21:25:36,079 - httpx - INFO - HTTP Request: GET https://datafeed.dukascopy.com/datafeed/EURUSD/2026/05/09/23h_ticks.bi5 "HTTP/1.1 503 Service Temporarily Unavailable"
2026-06-13 21:25:36,086 - httpx - INFO - HTTP Request: GET https://datafeed.dukascopy.com/datafeed/EURUSD/2026/05/09/22h_ticks.bi5 "HTTP/1.1 503 Service Temporarily Unavailable"
2026-06-13 21:25:36,096 - httpx - INFO - HTTP Request: GET https://datafeed.dukascopy.com/datafeed/EURUSD/2026/05/09/13h_ticks.bi5 "HTTP/1.1 503 Service Temporarily Unavailable"
2026-06-13 21:25:36,116 - httpx - INFO - HTTP Request: GET https://datafeed.dukascopy.com/datafeed/EURUSD/2026/05/09/15h_ticks.bi5 "HTTP/1.1 503 Service Temporarily Unavailable"
2026-06-13 21:25:36,125 - httpx - INFO - HTTP Request: GET https://datafeed.dukascopy.com/datafeed/EURUSD/2026/05/09/20h_ticks.bi5 "HTTP/1.1 503 Service Temporarily Unavailable"
2026-06-13 21:25:36,133 - httpx - INFO - HTTP Request: GET https://datafeed.dukascopy.com/datafeed/EURUSD/2026/05/09/09h_ticks.bi5 "HTTP/1.1 503 Service Temporarily Unavailable"
2026-06-13 21:25:36,146 - httpx - INFO - HTTP Request: GET https://datafeed.dukascopy.com/datafeed/EURUSD/2026/05/09/14h_ticks.bi5 "HTTP/1.1 503 Service Temporarily Unavailable"
2026-06-13 21:25:36,156 - httpx - INFO - HTTP Request: GET https://datafeed.dukascopy.com/datafeed/EURUSD/2026/05/09/08h_ticks.bi5 "HTTP/1.1 503 Service Temporarily Unavailable"
2026-06-13 21:25:36,159 - httpx - INFO - HTTP Request: GET https://datafeed.dukascopy.com/datafeed/EURUSD/2026/05/09/21h_ticks.bi5 "HTTP/1.1 503 Service Temporarily Unavailable"
2026-06-13 21:25:36,209 - httpx - INFO - HTTP Request: GET https://datafeed.dukascopy.com/datafeed/EURUSD/2026/04/26/11h_ticks.bi5 "HTTP/1.1 503 Service Temporarily Unavailable"
2026-06-13 21:25:36,219 - httpx - INFO - HTTP Request: GET https://datafeed.dukascopy.com/datafeed/EURUSD/2026/04/26/13h_ticks.bi5 "HTTP/1.1 503 Service Temporarily Unavailable"
2026-06-13 21:25:36,273 - httpx - INFO - HTTP Request: GET https://datafeed.dukascopy.com/datafeed/EURUSD/2026/04/26/04h_ticks.bi5 "HTTP/1.1 200 OK"
2026-06-13 21:25:36,494 - httpx - INFO - HTTP Request: GET https://datafeed.dukascopy.com/datafeed/EURUSD/2026/05/09/19h_ticks.bi5 "HTTP/1.1 503 Service Temporarily Unavailable"
2026-06-13 21:25:36,523 - httpx - INFO - HTTP Request: GET https://datafeed.dukascopy.com/datafeed/EURUSD/2026/05/09/11h_ticks.bi5 "HTTP/1.1 503 Service Temporarily Unavailable"
2026-06-13 21:25:36,543 - httpx - INFO - HTTP Request: GET https://datafeed.dukascopy.com/datafeed/EURUSD/2026/04/26/07h_ticks.bi5 "HTTP/1.1 200 OK"
2026-06-13 21:25:36,685 - httpx - INFO - HTTP Request: GET https://datafeed.dukascopy.com/datafeed/EURUSD/2026/04/26/03h_ticks.bi5 "HTTP/1.1 200 OK"
2026-06-13 21:25:36,870 - httpx - INFO - HTTP Request: GET https://datafeed.dukascopy.com/datafeed/EURUSD/2026/04/26/12h_ticks.bi5 "HTTP/1.1 200 OK"
2026-06-13 21:25:37,077 - httpx - INFO - HTTP Request: GET https://datafeed.dukascopy.com/datafeed/EURUSD/2026/04/26/06h_ticks.bi5 "HTTP/1.1 200 OK"
2026-06-13 21:25:37,281 - httpx - INFO - HTTP Request: GET https://datafeed.dukascopy.com/datafeed/EURUSD/2026/04/26/17h_ticks.bi5 "HTTP/1.1 200 OK"
2026-06-13 21:25:37,478 - httpx - INFO - HTTP Request: GET https://datafeed.dukascopy.com/datafeed/EURUSD/2026/05/09/00h_ticks.bi5 "HTTP/1.1 200 OK"
2026-06-13 21:25:37,671 - httpx - INFO - HTTP Request: GET https://datafeed.dukascopy.com/datafeed/EURUSD/2026/04/26/02h_ticks.bi5 "HTTP/1.1 200 OK"
2026-06-13 21:25:37,868 - httpx - INFO - HTTP Request: GET https://datafeed.dukascopy.com/datafeed/EURUSD/2026/05/09/01h_ticks.bi5 "HTTP/1.1 200 OK"
2026-06-13 21:25:38,073 - httpx - INFO - HTTP Request: GET https://datafeed.dukascopy.com/datafeed/EURUSD/2026/04/26/10h_ticks.bi5 "HTTP/1.1 200 OK"
2026-06-13 21:25:38,273 - httpx - INFO - HTTP Request: GET https://datafeed.dukascopy.com/datafeed/EURUSD/2026/05/09/04h_ticks.bi5 "HTTP/1.1 200 OK"
2026-06-13 21:25:38,475 - httpx - INFO - HTTP Request: GET https://datafeed.dukascopy.com/datafeed/EURUSD/2026/04/26/05h_ticks.bi5 "HTTP/1.1 200 OK"
2026-06-13 21:25:38,672 - httpx - INFO - HTTP Request: GET https://datafeed.dukascopy.com/datafeed/EURUSD/2026/05/09/07h_ticks.bi5 "HTTP/1.1 200 OK"
2026-06-13 21:25:38,871 - httpx - INFO - HTTP Request: GET https://datafeed.dukascopy.com/datafeed/EURUSD/2026/04/26/16h_ticks.bi5 "HTTP/1.1 200 OK"
2026-06-13 21:25:39,152 - httpx - INFO - HTTP Request: GET https://datafeed.dukascopy.com/datafeed/EURUSD/2026/05/09/18h_ticks.bi5 "HTTP/1.1 200 OK"
2026-06-13 21:25:39,384 - httpx - INFO - HTTP Request: GET https://datafeed.dukascopy.com/datafeed/EURUSD/2026/04/26/14h_ticks.bi5 "HTTP/1.1 200 OK"
2026-06-13 21:25:39,471 - httpx - INFO - HTTP Request: GET https://datafeed.dukascopy.com/datafeed/EURUSD/2026/05/08/00h_ticks.bi5 "HTTP/1.1 200 OK"
2026-06-13 21:25:39,602 - httpx - INFO - HTTP Request: GET https://datafeed.dukascopy.com/datafeed/EURUSD/2026/04/25/00h_ticks.bi5 "HTTP/1.1 503 Service Temporarily Unavailable"
2026-06-13 21:25:39,610 - httpx - INFO - HTTP Request: GET https://datafeed.dukascopy.com/datafeed/EURUSD/2026/04/25/01h_ticks.bi5 "HTTP/1.1 503 Service Temporarily Unavailable"
2026-06-13 21:25:39,626 - httpx - INFO - HTTP Request: GET https://datafeed.dukascopy.com/datafeed/EURUSD/2026/04/25/04h_ticks.bi5 "HTTP/1.1 503 Service Temporarily Unavailable"
2026-06-13 21:25:39,636 - httpx - INFO - HTTP Request: GET https://datafeed.dukascopy.com/datafeed/EURUSD/2026/04/25/07h_ticks.bi5 "HTTP/1.1 503 Service Temporarily Unavailable"
2026-06-13 21:25:39,650 - httpx - INFO - HTTP Request: GET https://datafeed.dukascopy.com/datafeed/EURUSD/2026/04/25/03h_ticks.bi5 "HTTP/1.1 503 Service Temporarily Unavailable"
2026-06-13 21:25:39,653 - httpx - INFO - HTTP Request: GET https://datafeed.dukascopy.com/datafeed/EURUSD/2026/05/08/15h_ticks.bi5 "HTTP/1.1 503 Service Temporarily Unavailable"
2026-06-13 21:25:39,666 - httpx - INFO - HTTP Request: GET https://datafeed.dukascopy.com/datafeed/EURUSD/2026/04/25/12h_ticks.bi5 "HTTP/1.1 503 Service Temporarily Unavailable"
2026-06-13 21:25:39,679 - httpx - INFO - HTTP Request: GET https://datafeed.dukascopy.com/datafeed/EURUSD/2026/04/25/06h_ticks.bi5 "HTTP/1.1 503 Service Temporarily Unavailable"
2026-06-13 21:25:39,681 - httpx - INFO - HTTP Request: GET https://datafeed.dukascopy.com/datafeed/EURUSD/2026/05/08/11h_ticks.bi5 "HTTP/1.1 503 Service Temporarily Unavailable"
2026-06-13 21:25:39,685 - httpx - INFO - HTTP Request: GET https://datafeed.dukascopy.com/datafeed/EURUSD/2026/05/08/08h_ticks.bi5 "HTTP/1.1 503 Service Temporarily Unavailable"
2026-06-13 21:25:39,687 - httpx - INFO - HTTP Request: GET https://datafeed.dukascopy.com/datafeed/EURUSD/2026/05/08/09h_ticks.bi5 "HTTP/1.1 503 Service Temporarily Unavailable"
2026-06-13 21:25:39,690 - httpx - INFO - HTTP Request: GET https://datafeed.dukascopy.com/datafeed/EURUSD/2026/05/08/14h_ticks.bi5 "HTTP/1.1 503 Service Temporarily Unavailable"
2026-06-13 21:25:39,693 - httpx - INFO - HTTP Request: GET https://datafeed.dukascopy.com/datafeed/EURUSD/2026/05/08/21h_ticks.bi5 "HTTP/1.1 503 Service Temporarily Unavailable"
2026-06-13 21:25:39,694 - httpx - INFO - HTTP Request: GET https://datafeed.dukascopy.com/datafeed/EURUSD/2026/05/08/19h_ticks.bi5 "HTTP/1.1 503 Service Temporarily Unavailable"
2026-06-13 21:25:39,699 - httpx - INFO - HTTP Request: GET https://datafeed.dukascopy.com/datafeed/EURUSD/2026/05/08/20h_ticks.bi5 "HTTP/1.1 503 Service Temporarily Unavailable"
2026-06-13 21:25:39,711 - httpx - INFO - HTTP Request: GET https://datafeed.dukascopy.com/datafeed/EURUSD/2026/04/25/02h_ticks.bi5 "HTTP/1.1 503 Service Temporarily Unavailable"
2026-06-13 21:25:39,723 - httpx - INFO - HTTP Request: GET https://datafeed.dukascopy.com/datafeed/EURUSD/2026/04/25/22h_ticks.bi5 "HTTP/1.1 503 Service Temporarily Unavailable"
2026-06-13 21:25:39,725 - httpx - INFO - HTTP Request: GET https://datafeed.dukascopy.com/datafeed/EURUSD/2026/04/25/10h_ticks.bi5 "HTTP/1.1 503 Service Temporarily Unavailable"
2026-06-13 21:25:39,741 - httpx - INFO - HTTP Request: GET https://datafeed.dukascopy.com/datafeed/EURUSD/2026/04/25/09h_ticks.bi5 "HTTP/1.1 503 Service Temporarily Unavailable"
2026-06-13 21:25:39,744 - httpx - INFO - HTTP Request: GET https://datafeed.dukascopy.com/datafeed/EURUSD/2026/05/08/01h_ticks.bi5 "HTTP/1.1 200 OK"
2026-06-13 21:25:39,751 - httpx - INFO - HTTP Request: GET https://datafeed.dukascopy.com/datafeed/EURUSD/2026/04/25/14h_ticks.bi5 "HTTP/1.1 503 Service Temporarily Unavailable"
2026-06-13 21:25:39,768 - httpx - INFO - HTTP Request: GET https://datafeed.dukascopy.com/datafeed/EURUSD/2026/04/25/05h_ticks.bi5 "HTTP/1.1 503 Service Temporarily Unavailable"
2026-06-13 21:25:39,776 - httpx - INFO - HTTP Request: GET https://datafeed.dukascopy.com/datafeed/EURUSD/2026/04/25/16h_ticks.bi5 "HTTP/1.1 503 Service Temporarily Unavailable"
2026-06-13 21:25:39,787 - httpx - INFO - HTTP Request: GET https://datafeed.dukascopy.com/datafeed/EURUSD/2026/04/25/13h_ticks.bi5 "HTTP/1.1 503 Service Temporarily Unavailable"
2026-06-13 21:25:39,800 - httpx - INFO - HTTP Request: GET https://datafeed.dukascopy.com/datafeed/EURUSD/2026/04/25/08h_ticks.bi5 "HTTP/1.1 503 Service Temporarily Unavailable"
2026-06-13 21:25:39,814 - httpx - INFO - HTTP Request: GET https://datafeed.dukascopy.com/datafeed/EURUSD/2026/04/25/20h_ticks.bi5 "HTTP/1.1 503 Service Temporarily Unavailable"
2026-06-13 21:25:39,820 - httpx - INFO - HTTP Request: GET https://datafeed.dukascopy.com/datafeed/EURUSD/2026/04/25/18h_ticks.bi5 "HTTP/1.1 503 Service Temporarily Unavailable"
2026-06-13 21:25:39,836 - httpx - INFO - HTTP Request: GET https://datafeed.dukascopy.com/datafeed/EURUSD/2026/04/25/15h_ticks.bi5 "HTTP/1.1 503 Service Temporarily Unavailable"
2026-06-13 21:25:39,841 - httpx - INFO - HTTP Request: GET https://datafeed.dukascopy.com/datafeed/EURUSD/2026/04/25/19h_ticks.bi5 "HTTP/1.1 503 Service Temporarily Unavailable"
2026-06-13 21:25:39,846 - httpx - INFO - HTTP Request: GET https://datafeed.dukascopy.com/datafeed/EURUSD/2026/04/25/11h_ticks.bi5 "HTTP/1.1 503 Service Temporarily Unavailable"
2026-06-13 21:25:39,851 - httpx - INFO - HTTP Request: GET https://datafeed.dukascopy.com/datafeed/EURUSD/2026/04/25/21h_ticks.bi5 "HTTP/1.1 503 Service Temporarily Unavailable"
2026-06-13 21:25:39,854 - httpx - INFO - HTTP Request: GET https://datafeed.dukascopy.com/datafeed/EURUSD/2026/04/25/23h_ticks.bi5 "HTTP/1.1 503 Service Temporarily Unavailable"
2026-06-13 21:25:39,870 - httpx - INFO - HTTP Request: GET https://datafeed.dukascopy.com/datafeed/EURUSD/2026/05/08/04h_ticks.bi5 "HTTP/1.1 200 OK"
2026-06-13 21:25:40,149 - httpx - INFO - HTTP Request: GET https://datafeed.dukascopy.com/datafeed/EURUSD/2026/05/08/07h_ticks.bi5 "HTTP/1.1 200 OK"
2026-06-13 21:25:40,271 - httpx - INFO - HTTP Request: GET https://datafeed.dukascopy.com/datafeed/EURUSD/2026/05/08/03h_ticks.bi5 "HTTP/1.1 200 OK"
2026-06-13 21:25:40,554 - httpx - INFO - HTTP Request: GET https://datafeed.dukascopy.com/datafeed/EURUSD/2026/05/08/12h_ticks.bi5 "HTTP/1.1 200 OK"
2026-06-13 21:25:40,744 - httpx - INFO - HTTP Request: GET https://datafeed.dukascopy.com/datafeed/EURUSD/2026/05/08/06h_ticks.bi5 "HTTP/1.1 200 OK"
2026-06-13 21:25:40,870 - httpx - INFO - HTTP Request: GET https://datafeed.dukascopy.com/datafeed/EURUSD/2026/05/08/17h_ticks.bi5 "HTTP/1.1 200 OK"
2026-06-13 21:25:41,076 - httpx - INFO - HTTP Request: GET https://datafeed.dukascopy.com/datafeed/EURUSD/2026/05/08/02h_ticks.bi5 "HTTP/1.1 200 OK"
2026-06-13 21:25:41,345 - httpx - INFO - HTTP Request: GET https://datafeed.dukascopy.com/datafeed/EURUSD/2026/05/08/10h_ticks.bi5 "HTTP/1.1 200 OK"
2026-06-13 21:25:41,481 - httpx - INFO - HTTP Request: GET https://datafeed.dukascopy.com/datafeed/EURUSD/2026/05/08/05h_ticks.bi5 "HTTP/1.1 200 OK"
2026-06-13 21:25:41,676 - httpx - INFO - HTTP Request: GET https://datafeed.dukascopy.com/datafeed/EURUSD/2026/05/08/16h_ticks.bi5 "HTTP/1.1 200 OK"
2026-06-13 21:25:41,907 - httpx - INFO - HTTP Request: GET https://datafeed.dukascopy.com/datafeed/EURUSD/2026/05/08/23h_ticks.bi5 "HTTP/1.1 200 OK"
2026-06-13 21:25:42,139 - httpx - INFO - HTTP Request: GET https://datafeed.dukascopy.com/datafeed/EURUSD/2026/05/08/18h_ticks.bi5 "HTTP/1.1 200 OK"
2026-06-13 21:25:42,270 - httpx - INFO - HTTP Request: GET https://datafeed.dukascopy.com/datafeed/EURUSD/2026/05/08/22h_ticks.bi5 "HTTP/1.1 200 OK"
2026-06-13 21:25:42,551 - httpx - INFO - HTTP Request: GET https://datafeed.dukascopy.com/datafeed/EURUSD/2026/05/08/13h_ticks.bi5 "HTTP/1.1 200 OK"
2026-06-13 21:25:42,669 - httpx - INFO - HTTP Request: GET https://datafeed.dukascopy.com/datafeed/EURUSD/2026/04/25/17h_ticks.bi5 "HTTP/1.1 200 OK"
2026-06-13 21:25:42,868 - httpx - INFO - HTTP Request: GET https://datafeed.dukascopy.com/datafeed/EURUSD/2026/05/07/05h_ticks.bi5 "HTTP/1.1 503 Service Temporarily Unavailable"
2026-06-13 21:25:42,882 - httpx - INFO - HTTP Request: GET https://datafeed.dukascopy.com/datafeed/EURUSD/2026/05/07/16h_ticks.bi5 "HTTP/1.1 503 Service Temporarily Unavailable"
2026-06-13 21:25:42,884 - httpx - INFO - HTTP Request: GET https://datafeed.dukascopy.com/datafeed/EURUSD/2026/05/07/00h_ticks.bi5 "HTTP/1.1 200 OK"
2026-06-13 21:25:42,889 - httpx - INFO - HTTP Request: GET https://datafeed.dukascopy.com/datafeed/EURUSD/2026/05/07/23h_ticks.bi5 "HTTP/1.1 503 Service Temporarily Unavailable"
2026-06-13 21:25:42,894 - httpx - INFO - HTTP Request: GET https://datafeed.dukascopy.com/datafeed/EURUSD/2026/05/07/18h_ticks.bi5 "HTTP/1.1 503 Service Temporarily Unavailable"
2026-06-13 21:25:42,900 - httpx - INFO - HTTP Request: GET https://datafeed.dukascopy.com/datafeed/EURUSD/2026/04/24/06h_ticks.bi5 "HTTP/1.1 503 Service Temporarily Unavailable"
2026-06-13 21:25:42,909 - httpx - INFO - HTTP Request: GET https://datafeed.dukascopy.com/datafeed/EURUSD/2026/05/07/22h_ticks.bi5 "HTTP/1.1 503 Service Temporarily Unavailable"
2026-06-13 21:25:42,910 - httpx - INFO - HTTP Request: GET https://datafeed.dukascopy.com/datafeed/EURUSD/2026/04/24/17h_ticks.bi5 "HTTP/1.1 503 Service Temporarily Unavailable"
2026-06-13 21:25:42,913 - httpx - INFO - HTTP Request: GET https://datafeed.dukascopy.com/datafeed/EURUSD/2026/05/07/13h_ticks.bi5 "HTTP/1.1 503 Service Temporarily Unavailable"
2026-06-13 21:25:42,916 - httpx - INFO - HTTP Request: GET https://datafeed.dukascopy.com/datafeed/EURUSD/2026/04/24/02h_ticks.bi5 "HTTP/1.1 503 Service Temporarily Unavailable"
2026-06-13 21:25:42,921 - httpx - INFO - HTTP Request: GET https://datafeed.dukascopy.com/datafeed/EURUSD/2026/04/24/10h_ticks.bi5 "HTTP/1.1 503 Service Temporarily Unavailable"
2026-06-13 21:25:42,922 - httpx - INFO - HTTP Request: GET https://datafeed.dukascopy.com/datafeed/EURUSD/2026/05/07/15h_ticks.bi5 "HTTP/1.1 503 Service Temporarily Unavailable"
2026-06-13 21:25:42,947 - httpx - INFO - HTTP Request: GET https://datafeed.dukascopy.com/datafeed/EURUSD/2026/05/07/20h_ticks.bi5 "HTTP/1.1 503 Service Temporarily Unavailable"
2026-06-13 21:25:42,948 - httpx - INFO - HTTP Request: GET https://datafeed.dukascopy.com/datafeed/EURUSD/2026/04/24/05h_ticks.bi5 "HTTP/1.1 503 Service Temporarily Unavailable"
2026-06-13 21:25:42,950 - httpx - INFO - HTTP Request: GET https://datafeed.dukascopy.com/datafeed/EURUSD/2026/05/07/09h_ticks.bi5 "HTTP/1.1 503 Service Temporarily Unavailable"
2026-06-13 21:25:42,950 - httpx - INFO - HTTP Request: GET https://datafeed.dukascopy.com/datafeed/EURUSD/2026/04/24/16h_ticks.bi5 "HTTP/1.1 503 Service Temporarily Unavailable"
2026-06-13 21:25:42,953 - httpx - INFO - HTTP Request: GET https://datafeed.dukascopy.com/datafeed/EURUSD/2026/05/07/14h_ticks.bi5 "HTTP/1.1 503 Service Temporarily Unavailable"
2026-06-13 21:25:42,960 - httpx - INFO - HTTP Request: GET https://datafeed.dukascopy.com/datafeed/EURUSD/2026/04/24/23h_ticks.bi5 "HTTP/1.1 503 Service Temporarily Unavailable"
2026-06-13 21:25:43,078 - httpx - INFO - HTTP Request: GET https://datafeed.dukascopy.com/datafeed/EURUSD/2026/05/07/01h_ticks.bi5 "HTTP/1.1 200 OK"
2026-06-13 21:25:43,181 - httpx - INFO - HTTP Request: GET https://datafeed.dukascopy.com/datafeed/EURUSD/2026/05/07/21h_ticks.bi5 "HTTP/1.1 503 Service Temporarily Unavailable"
2026-06-13 21:25:43,184 - httpx - INFO - HTTP Request: GET https://datafeed.dukascopy.com/datafeed/EURUSD/2026/05/07/08h_ticks.bi5 "HTTP/1.1 503 Service Temporarily Unavailable"
2026-06-13 21:25:43,186 - httpx - INFO - HTTP Request: GET https://datafeed.dukascopy.com/datafeed/EURUSD/2026/05/07/19h_ticks.bi5 "HTTP/1.1 503 Service Temporarily Unavailable"
2026-06-13 21:25:43,189 - httpx - INFO - HTTP Request: GET https://datafeed.dukascopy.com/datafeed/EURUSD/2026/05/07/11h_ticks.bi5 "HTTP/1.1 503 Service Temporarily Unavailable"
2026-06-13 21:25:43,233 - httpx - INFO - HTTP Request: GET https://datafeed.dukascopy.com/datafeed/EURUSD/2026/04/24/15h_ticks.bi5 "HTTP/1.1 503 Service Temporarily Unavailable"
2026-06-13 21:25:43,237 - httpx - INFO - HTTP Request: GET https://datafeed.dukascopy.com/datafeed/EURUSD/2026/04/24/21h_ticks.bi5 "HTTP/1.1 503 Service Temporarily Unavailable"
2026-06-13 21:25:43,242 - httpx - INFO - HTTP Request: GET https://datafeed.dukascopy.com/datafeed/EURUSD/2026/04/24/18h_ticks.bi5 "HTTP/1.1 503 Service Temporarily Unavailable"
2026-06-13 21:25:43,244 - httpx - INFO - HTTP Request: GET https://datafeed.dukascopy.com/datafeed/EURUSD/2026/04/24/19h_ticks.bi5 "HTTP/1.1 503 Service Temporarily Unavailable"
2026-06-13 21:25:43,246 - httpx - INFO - HTTP Request: GET https://datafeed.dukascopy.com/datafeed/EURUSD/2026/04/24/11h_ticks.bi5 "HTTP/1.1 503 Service Temporarily Unavailable"
2026-06-13 21:25:43,252 - httpx - INFO - HTTP Request: GET https://datafeed.dukascopy.com/datafeed/EURUSD/2026/04/24/09h_ticks.bi5 "HTTP/1.1 503 Service Temporarily Unavailable"
2026-06-13 21:25:43,256 - httpx - INFO - HTTP Request: GET https://datafeed.dukascopy.com/datafeed/EURUSD/2026/04/24/13h_ticks.bi5 "HTTP/1.1 503 Service Temporarily Unavailable"
2026-06-13 21:25:43,261 - httpx - INFO - HTTP Request: GET https://datafeed.dukascopy.com/datafeed/EURUSD/2026/04/24/20h_ticks.bi5 "HTTP/1.1 503 Service Temporarily Unavailable"
2026-06-13 21:25:43,265 - httpx - INFO - HTTP Request: GET https://datafeed.dukascopy.com/datafeed/EURUSD/2026/04/24/14h_ticks.bi5 "HTTP/1.1 503 Service Temporarily Unavailable"
2026-06-13 21:25:43,267 - httpx - INFO - HTTP Request: GET https://datafeed.dukascopy.com/datafeed/EURUSD/2026/04/24/08h_ticks.bi5 "HTTP/1.1 503 Service Temporarily Unavailable"
2026-06-13 21:25:43,476 - httpx - INFO - HTTP Request: GET https://datafeed.dukascopy.com/datafeed/EURUSD/2026/05/07/07h_ticks.bi5 "HTTP/1.1 200 OK"
2026-06-13 21:25:43,666 - httpx - INFO - HTTP Request: GET https://datafeed.dukascopy.com/datafeed/EURUSD/2026/05/07/03h_ticks.bi5 "HTTP/1.1 200 OK"
2026-06-13 21:25:43,865 - httpx - INFO - HTTP Request: GET https://datafeed.dukascopy.com/datafeed/EURUSD/2026/05/07/12h_ticks.bi5 "HTTP/1.1 200 OK"
2026-06-13 21:25:44,066 - httpx - INFO - HTTP Request: GET https://datafeed.dukascopy.com/datafeed/EURUSD/2026/05/07/06h_ticks.bi5 "HTTP/1.1 200 OK"
2026-06-13 21:25:44,267 - httpx - INFO - HTTP Request: GET https://datafeed.dukascopy.com/datafeed/EURUSD/2026/04/24/00h_ticks.bi5 "HTTP/1.1 200 OK"
2026-06-13 21:25:44,469 - httpx - INFO - HTTP Request: GET https://datafeed.dukascopy.com/datafeed/EURUSD/2026/05/07/17h_ticks.bi5 "HTTP/1.1 200 OK"
2026-06-13 21:25:44,668 - httpx - INFO - HTTP Request: GET https://datafeed.dukascopy.com/datafeed/EURUSD/2026/04/24/01h_ticks.bi5 "HTTP/1.1 200 OK"
2026-06-13 21:25:44,869 - httpx - INFO - HTTP Request: GET https://datafeed.dukascopy.com/datafeed/EURUSD/2026/04/24/04h_ticks.bi5 "HTTP/1.1 200 OK"
2026-06-13 21:25:45,072 - httpx - INFO - HTTP Request: GET https://datafeed.dukascopy.com/datafeed/EURUSD/2026/05/07/02h_ticks.bi5 "HTTP/1.1 200 OK"
2026-06-13 21:25:45,272 - httpx - INFO - HTTP Request: GET https://datafeed.dukascopy.com/datafeed/EURUSD/2026/04/24/07h_ticks.bi5 "HTTP/1.1 200 OK"
2026-06-13 21:25:45,466 - httpx - INFO - HTTP Request: GET https://datafeed.dukascopy.com/datafeed/EURUSD/2026/05/07/10h_ticks.bi5 "HTTP/1.1 200 OK"
2026-06-13 21:25:45,679 - httpx - INFO - HTTP Request: GET https://datafeed.dukascopy.com/datafeed/EURUSD/2026/04/24/03h_ticks.bi5 "HTTP/1.1 200 OK"
2026-06-13 21:25:45,773 - httpx - INFO - HTTP Request: GET https://datafeed.dukascopy.com/datafeed/EURUSD/2026/05/06/18h_ticks.bi5 "HTTP/1.1 503 Service Temporarily Unavailable"
2026-06-13 21:25:45,812 - httpx - INFO - HTTP Request: GET https://datafeed.dukascopy.com/datafeed/EURUSD/2026/05/06/22h_ticks.bi5 "HTTP/1.1 503 Service Temporarily Unavailable"
2026-06-13 21:25:45,814 - httpx - INFO - HTTP Request: GET https://datafeed.dukascopy.com/datafeed/EURUSD/2026/05/06/13h_ticks.bi5 "HTTP/1.1 503 Service Temporarily Unavailable"
2026-06-13 21:25:45,817 - httpx - INFO - HTTP Request: GET https://datafeed.dukascopy.com/datafeed/EURUSD/2026/05/06/15h_ticks.bi5 "HTTP/1.1 503 Service Temporarily Unavailable"
2026-06-13 21:25:45,820 - httpx - INFO - HTTP Request: GET https://datafeed.dukascopy.com/datafeed/EURUSD/2026/05/06/20h_ticks.bi5 "HTTP/1.1 503 Service Temporarily Unavailable"
2026-06-13 21:25:45,822 - httpx - INFO - HTTP Request: GET https://datafeed.dukascopy.com/datafeed/EURUSD/2026/05/06/09h_ticks.bi5 "HTTP/1.1 503 Service Temporarily Unavailable"
2026-06-13 21:25:45,826 - httpx - INFO - HTTP Request: GET https://datafeed.dukascopy.com/datafeed/EURUSD/2026/05/06/14h_ticks.bi5 "HTTP/1.1 503 Service Temporarily Unavailable"
2026-06-13 21:25:45,887 - httpx - INFO - HTTP Request: GET https://datafeed.dukascopy.com/datafeed/EURUSD/2026/04/24/12h_ticks.bi5 "HTTP/1.1 200 OK"
2026-06-13 21:25:46,007 - httpx - INFO - HTTP Request: GET https://datafeed.dukascopy.com/datafeed/EURUSD/2026/05/06/19h_ticks.bi5 "HTTP/1.1 503 Service Temporarily Unavailable"
2026-06-13 21:25:46,010 - httpx - INFO - HTTP Request: GET https://datafeed.dukascopy.com/datafeed/EURUSD/2026/05/06/21h_ticks.bi5 "HTTP/1.1 503 Service Temporarily Unavailable"
2026-06-13 21:25:46,011 - httpx - INFO - HTTP Request: GET https://datafeed.dukascopy.com/datafeed/EURUSD/2026/05/06/11h_ticks.bi5 "HTTP/1.1 503 Service Temporarily Unavailable"
2026-06-13 21:25:46,069 - httpx - INFO - HTTP Request: GET https://datafeed.dukascopy.com/datafeed/EURUSD/2026/04/24/22h_ticks.bi5 "HTTP/1.1 200 OK"
2026-06-13 21:25:46,246 - httpx - INFO - HTTP Request: GET https://datafeed.dukascopy.com/datafeed/EURUSD/2026/04/23/01h_ticks.bi5 "HTTP/1.1 503 Service Temporarily Unavailable"
2026-06-13 21:25:46,263 - httpx - INFO - HTTP Request: GET https://datafeed.dukascopy.com/datafeed/EURUSD/2026/04/23/04h_ticks.bi5 "HTTP/1.1 503 Service Temporarily Unavailable"
2026-06-13 21:25:46,276 - httpx - INFO - HTTP Request: GET https://datafeed.dukascopy.com/datafeed/EURUSD/2026/05/06/00h_ticks.bi5 "HTTP/1.1 200 OK"
2026-06-13 21:25:46,281 - httpx - INFO - HTTP Request: GET https://datafeed.dukascopy.com/datafeed/EURUSD/2026/04/23/07h_ticks.bi5 "HTTP/1.1 503 Service Temporarily Unavailable"
2026-06-13 21:25:46,290 - httpx - INFO - HTTP Request: GET https://datafeed.dukascopy.com/datafeed/EURUSD/2026/04/23/03h_ticks.bi5 "HTTP/1.1 503 Service Temporarily Unavailable"
2026-06-13 21:25:46,309 - httpx - INFO - HTTP Request: GET https://datafeed.dukascopy.com/datafeed/EURUSD/2026/04/23/06h_ticks.bi5 "HTTP/1.1 503 Service Temporarily Unavailable"
2026-06-13 21:25:46,327 - httpx - INFO - HTTP Request: GET https://datafeed.dukascopy.com/datafeed/EURUSD/2026/04/23/17h_ticks.bi5 "HTTP/1.1 503 Service Temporarily Unavailable"
2026-06-13 21:25:46,347 - httpx - INFO - HTTP Request: GET https://datafeed.dukascopy.com/datafeed/EURUSD/2026/04/23/02h_ticks.bi5 "HTTP/1.1 503 Service Temporarily Unavailable"
2026-06-13 21:25:46,363 - httpx - INFO - HTTP Request: GET https://datafeed.dukascopy.com/datafeed/EURUSD/2026/04/23/10h_ticks.bi5 "HTTP/1.1 503 Service Temporarily Unavailable"
2026-06-13 21:25:46,385 - httpx - INFO - HTTP Request: GET https://datafeed.dukascopy.com/datafeed/EURUSD/2026/04/23/19h_ticks.bi5 "HTTP/1.1 503 Service Temporarily Unavailable"
2026-06-13 21:25:46,390 - httpx - INFO - HTTP Request: GET https://datafeed.dukascopy.com/datafeed/EURUSD/2026/04/23/23h_ticks.bi5 "HTTP/1.1 503 Service Temporarily Unavailable"
2026-06-13 21:25:46,402 - httpx - INFO - HTTP Request: GET https://datafeed.dukascopy.com/datafeed/EURUSD/2026/04/23/21h_ticks.bi5 "HTTP/1.1 503 Service Temporarily Unavailable"
2026-06-13 21:25:46,410 - httpx - INFO - HTTP Request: GET https://datafeed.dukascopy.com/datafeed/EURUSD/2026/04/23/22h_ticks.bi5 "HTTP/1.1 503 Service Temporarily Unavailable"
2026-06-13 21:25:46,418 - httpx - INFO - HTTP Request: GET https://datafeed.dukascopy.com/datafeed/EURUSD/2026/04/23/11h_ticks.bi5 "HTTP/1.1 503 Service Temporarily Unavailable"
2026-06-13 21:25:46,438 - httpx - INFO - HTTP Request: GET https://datafeed.dukascopy.com/datafeed/EURUSD/2026/04/23/13h_ticks.bi5 "HTTP/1.1 503 Service Temporarily Unavailable"
2026-06-13 21:25:46,449 - httpx - INFO - HTTP Request: GET https://datafeed.dukascopy.com/datafeed/EURUSD/2026/04/23/20h_ticks.bi5 "HTTP/1.1 503 Service Temporarily Unavailable"
2026-06-13 21:25:46,452 - httpx - INFO - HTTP Request: GET https://datafeed.dukascopy.com/datafeed/EURUSD/2026/04/23/18h_ticks.bi5 "HTTP/1.1 503 Service Temporarily Unavailable"
2026-06-13 21:25:46,471 - httpx - INFO - HTTP Request: GET https://datafeed.dukascopy.com/datafeed/EURUSD/2026/04/23/16h_ticks.bi5 "HTTP/1.1 503 Service Temporarily Unavailable"
2026-06-13 21:25:46,475 - httpx - INFO - HTTP Request: GET https://datafeed.dukascopy.com/datafeed/EURUSD/2026/05/06/01h_ticks.bi5 "HTTP/1.1 200 OK"
2026-06-13 21:25:46,479 - httpx - INFO - HTTP Request: GET https://datafeed.dukascopy.com/datafeed/EURUSD/2026/04/23/09h_ticks.bi5 "HTTP/1.1 503 Service Temporarily Unavailable"
2026-06-13 21:25:46,489 - httpx - INFO - HTTP Request: GET https://datafeed.dukascopy.com/datafeed/EURUSD/2026/04/23/05h_ticks.bi5 "HTTP/1.1 503 Service Temporarily Unavailable"
2026-06-13 21:25:46,493 - httpx - INFO - HTTP Request: GET https://datafeed.dukascopy.com/datafeed/EURUSD/2026/04/23/14h_ticks.bi5 "HTTP/1.1 503 Service Temporarily Unavailable"
2026-06-13 21:25:46,497 - httpx - INFO - HTTP Request: GET https://datafeed.dukascopy.com/datafeed/EURUSD/2026/04/23/15h_ticks.bi5 "HTTP/1.1 503 Service Temporarily Unavailable"
2026-06-13 21:25:46,667 - httpx - INFO - HTTP Request: GET https://datafeed.dukascopy.com/datafeed/EURUSD/2026/05/06/04h_ticks.bi5 "HTTP/1.1 200 OK"
2026-06-13 21:25:46,871 - httpx - INFO - HTTP Request: GET https://datafeed.dukascopy.com/datafeed/EURUSD/2026/05/06/07h_ticks.bi5 "HTTP/1.1 200 OK"
2026-06-13 21:25:47,078 - httpx - INFO - HTTP Request: GET https://datafeed.dukascopy.com/datafeed/EURUSD/2026/05/06/03h_ticks.bi5 "HTTP/1.1 200 OK"
2026-06-13 21:25:47,276 - httpx - INFO - HTTP Request: GET https://datafeed.dukascopy.com/datafeed/EURUSD/2026/05/06/12h_ticks.bi5 "HTTP/1.1 200 OK"
2026-06-13 21:25:47,475 - httpx - INFO - HTTP Request: GET https://datafeed.dukascopy.com/datafeed/EURUSD/2026/05/06/06h_ticks.bi5 "HTTP/1.1 200 OK"
2026-06-13 21:25:47,666 - httpx - INFO - HTTP Request: GET https://datafeed.dukascopy.com/datafeed/EURUSD/2026/05/06/17h_ticks.bi5 "HTTP/1.1 200 OK"
2026-06-13 21:25:47,867 - httpx - INFO - HTTP Request: GET https://datafeed.dukascopy.com/datafeed/EURUSD/2026/05/06/02h_ticks.bi5 "HTTP/1.1 200 OK"
2026-06-13 21:25:48,067 - httpx - INFO - HTTP Request: GET https://datafeed.dukascopy.com/datafeed/EURUSD/2026/05/06/10h_ticks.bi5 "HTTP/1.1 200 OK"
2026-06-13 21:25:48,271 - httpx - INFO - HTTP Request: GET https://datafeed.dukascopy.com/datafeed/EURUSD/2026/05/06/05h_ticks.bi5 "HTTP/1.1 200 OK"
2026-06-13 21:25:48,472 - httpx - INFO - HTTP Request: GET https://datafeed.dukascopy.com/datafeed/EURUSD/2026/05/06/16h_ticks.bi5 "HTTP/1.1 200 OK"
2026-06-13 21:25:48,667 - httpx - INFO - HTTP Request: GET https://datafeed.dukascopy.com/datafeed/EURUSD/2026/05/06/23h_ticks.bi5 "HTTP/1.1 200 OK"
2026-06-13 21:25:48,868 - httpx - INFO - HTTP Request: GET https://datafeed.dukascopy.com/datafeed/EURUSD/2026/05/06/08h_ticks.bi5 "HTTP/1.1 200 OK"
2026-06-13 21:25:49,122 - httpx - INFO - HTTP Request: GET https://datafeed.dukascopy.com/datafeed/EURUSD/2026/04/23/00h_ticks.bi5 "HTTP/1.1 200 OK"
2026-06-13 21:25:49,169 - httpx - INFO - HTTP Request: GET https://datafeed.dukascopy.com/datafeed/EURUSD/2026/05/05/18h_ticks.bi5 "HTTP/1.1 503 Service Temporarily Unavailable"
2026-06-13 21:25:49,180 - httpx - INFO - HTTP Request: GET https://datafeed.dukascopy.com/datafeed/EURUSD/2026/05/05/22h_ticks.bi5 "HTTP/1.1 503 Service Temporarily Unavailable"
2026-06-13 21:25:49,200 - httpx - INFO - HTTP Request: GET https://datafeed.dukascopy.com/datafeed/EURUSD/2026/05/05/13h_ticks.bi5 "HTTP/1.1 503 Service Temporarily Unavailable"
2026-06-13 21:25:49,204 - httpx - INFO - HTTP Request: GET https://datafeed.dukascopy.com/datafeed/EURUSD/2026/05/05/15h_ticks.bi5 "HTTP/1.1 503 Service Temporarily Unavailable"
2026-06-13 21:25:49,208 - httpx - INFO - HTTP Request: GET https://datafeed.dukascopy.com/datafeed/EURUSD/2026/05/05/20h_ticks.bi5 "HTTP/1.1 503 Service Temporarily Unavailable"
2026-06-13 21:25:49,213 - httpx - INFO - HTTP Request: GET https://datafeed.dukascopy.com/datafeed/EURUSD/2026/05/05/09h_ticks.bi5 "HTTP/1.1 503 Service Temporarily Unavailable"
2026-06-13 21:25:49,220 - httpx - INFO - HTTP Request: GET https://datafeed.dukascopy.com/datafeed/EURUSD/2026/05/05/14h_ticks.bi5 "HTTP/1.1 503 Service Temporarily Unavailable"
2026-06-13 21:25:49,269 - httpx - INFO - HTTP Request: GET https://datafeed.dukascopy.com/datafeed/EURUSD/2026/04/23/12h_ticks.bi5 "HTTP/1.1 200 OK"
2026-06-13 21:25:49,433 - httpx - INFO - HTTP Request: GET https://datafeed.dukascopy.com/datafeed/EURUSD/2026/05/05/19h_ticks.bi5 "HTTP/1.1 503 Service Temporarily Unavailable"
2026-06-13 21:25:49,437 - httpx - INFO - HTTP Request: GET https://datafeed.dukascopy.com/datafeed/EURUSD/2026/05/05/08h_ticks.bi5 "HTTP/1.1 503 Service Temporarily Unavailable"
2026-06-13 21:25:49,439 - httpx - INFO - HTTP Request: GET https://datafeed.dukascopy.com/datafeed/EURUSD/2026/05/05/21h_ticks.bi5 "HTTP/1.1 503 Service Temporarily Unavailable"
2026-06-13 21:25:49,467 - httpx - INFO - HTTP Request: GET https://datafeed.dukascopy.com/datafeed/EURUSD/2026/04/23/08h_ticks.bi5 "HTTP/1.1 200 OK"
2026-06-13 21:25:49,632 - httpx - INFO - HTTP Request: GET https://datafeed.dukascopy.com/datafeed/EURUSD/2026/04/22/01h_ticks.bi5 "HTTP/1.1 503 Service Temporarily Unavailable"
2026-06-13 21:25:49,642 - httpx - INFO - HTTP Request: GET https://datafeed.dukascopy.com/datafeed/EURUSD/2026/04/22/04h_ticks.bi5 "HTTP/1.1 503 Service Temporarily Unavailable"
2026-06-13 21:25:49,656 - httpx - INFO - HTTP Request: GET https://datafeed.dukascopy.com/datafeed/EURUSD/2026/04/22/07h_ticks.bi5 "HTTP/1.1 503 Service Temporarily Unavailable"
2026-06-13 21:25:49,669 - httpx - INFO - HTTP Request: GET https://datafeed.dukascopy.com/datafeed/EURUSD/2026/04/22/03h_ticks.bi5 "HTTP/1.1 503 Service Temporarily Unavailable"
2026-06-13 21:25:49,670 - httpx - INFO - HTTP Request: GET https://datafeed.dukascopy.com/datafeed/EURUSD/2026/05/05/00h_ticks.bi5 "HTTP/1.1 200 OK"
2026-06-13 21:25:49,690 - httpx - INFO - HTTP Request: GET https://datafeed.dukascopy.com/datafeed/EURUSD/2026/04/22/12h_ticks.bi5 "HTTP/1.1 503 Service Temporarily Unavailable"
2026-06-13 21:25:49,706 - httpx - INFO - HTTP Request: GET https://datafeed.dukascopy.com/datafeed/EURUSD/2026/04/22/17h_ticks.bi5 "HTTP/1.1 503 Service Temporarily Unavailable"
2026-06-13 21:25:49,724 - httpx - INFO - HTTP Request: GET https://datafeed.dukascopy.com/datafeed/EURUSD/2026/04/22/02h_ticks.bi5 "HTTP/1.1 503 Service Temporarily Unavailable"
2026-06-13 21:25:49,739 - httpx - INFO - HTTP Request: GET https://datafeed.dukascopy.com/datafeed/EURUSD/2026/04/22/10h_ticks.bi5 "HTTP/1.1 503 Service Temporarily Unavailable"
2026-06-13 21:25:49,755 - httpx - INFO - HTTP Request: GET https://datafeed.dukascopy.com/datafeed/EURUSD/2026/04/22/05h_ticks.bi5 "HTTP/1.1 503 Service Temporarily Unavailable"
2026-06-13 21:25:49,768 - httpx - INFO - HTTP Request: GET https://datafeed.dukascopy.com/datafeed/EURUSD/2026/04/22/16h_ticks.bi5 "HTTP/1.1 503 Service Temporarily Unavailable"
2026-06-13 21:25:49,779 - httpx - INFO - HTTP Request: GET https://datafeed.dukascopy.com/datafeed/EURUSD/2026/04/22/23h_ticks.bi5 "HTTP/1.1 503 Service Temporarily Unavailable"
2026-06-13 21:25:49,787 - httpx - INFO - HTTP Request: GET https://datafeed.dukascopy.com/datafeed/EURUSD/2026/04/22/18h_ticks.bi5 "HTTP/1.1 503 Service Temporarily Unavailable"
2026-06-13 21:25:49,804 - httpx - INFO - HTTP Request: GET https://datafeed.dukascopy.com/datafeed/EURUSD/2026/04/22/22h_ticks.bi5 "HTTP/1.1 503 Service Temporarily Unavailable"
2026-06-13 21:25:49,811 - httpx - INFO - HTTP Request: GET https://datafeed.dukascopy.com/datafeed/EURUSD/2026/04/22/13h_ticks.bi5 "HTTP/1.1 503 Service Temporarily Unavailable"
2026-06-13 21:25:49,826 - httpx - INFO - HTTP Request: GET https://datafeed.dukascopy.com/datafeed/EURUSD/2026/04/22/15h_ticks.bi5 "HTTP/1.1 503 Service Temporarily Unavailable"
2026-06-13 21:25:49,830 - httpx - INFO - HTTP Request: GET https://datafeed.dukascopy.com/datafeed/EURUSD/2026/04/22/20h_ticks.bi5 "HTTP/1.1 503 Service Temporarily Unavailable"
2026-06-13 21:25:49,834 - httpx - INFO - HTTP Request: GET https://datafeed.dukascopy.com/datafeed/EURUSD/2026/04/22/08h_ticks.bi5 "HTTP/1.1 503 Service Temporarily Unavailable"
2026-06-13 21:25:49,846 - httpx - INFO - HTTP Request: GET https://datafeed.dukascopy.com/datafeed/EURUSD/2026/04/22/19h_ticks.bi5 "HTTP/1.1 503 Service Temporarily Unavailable"
2026-06-13 21:25:49,851 - httpx - INFO - HTTP Request: GET https://datafeed.dukascopy.com/datafeed/EURUSD/2026/04/22/21h_ticks.bi5 "HTTP/1.1 503 Service Temporarily Unavailable"
2026-06-13 21:25:49,859 - httpx - INFO - HTTP Request: GET https://datafeed.dukascopy.com/datafeed/EURUSD/2026/04/22/14h_ticks.bi5 "HTTP/1.1 503 Service Temporarily Unavailable"
2026-06-13 21:25:49,876 - httpx - INFO - HTTP Request: GET https://datafeed.dukascopy.com/datafeed/EURUSD/2026/04/22/11h_ticks.bi5 "HTTP/1.1 503 Service Temporarily Unavailable"
2026-06-13 21:25:49,879 - httpx - INFO - HTTP Request: GET https://datafeed.dukascopy.com/datafeed/EURUSD/2026/05/05/01h_ticks.bi5 "HTTP/1.1 200 OK"
2026-06-13 21:25:50,073 - httpx - INFO - HTTP Request: GET https://datafeed.dukascopy.com/datafeed/EURUSD/2026/05/05/04h_ticks.bi5 "HTTP/1.1 200 OK"
2026-06-13 21:25:50,268 - httpx - INFO - HTTP Request: GET https://datafeed.dukascopy.com/datafeed/EURUSD/2026/05/05/07h_ticks.bi5 "HTTP/1.1 200 OK"
2026-06-13 21:25:50,467 - httpx - INFO - HTTP Request: GET https://datafeed.dukascopy.com/datafeed/EURUSD/2026/05/05/03h_ticks.bi5 "HTTP/1.1 200 OK"
2026-06-13 21:25:50,744 - httpx - INFO - HTTP Request: GET https://datafeed.dukascopy.com/datafeed/EURUSD/2026/05/05/12h_ticks.bi5 "HTTP/1.1 200 OK"
2026-06-13 21:25:50,869 - httpx - INFO - HTTP Request: GET https://datafeed.dukascopy.com/datafeed/EURUSD/2026/05/05/06h_ticks.bi5 "HTTP/1.1 200 OK"
2026-06-13 21:25:51,155 - httpx - INFO - HTTP Request: GET https://datafeed.dukascopy.com/datafeed/EURUSD/2026/05/05/17h_ticks.bi5 "HTTP/1.1 200 OK"
2026-06-13 21:25:51,269 - httpx - INFO - HTTP Request: GET https://datafeed.dukascopy.com/datafeed/EURUSD/2026/05/05/02h_ticks.bi5 "HTTP/1.1 200 OK"
2026-06-13 21:25:51,471 - httpx - INFO - HTTP Request: GET https://datafeed.dukascopy.com/datafeed/EURUSD/2026/05/05/10h_ticks.bi5 "HTTP/1.1 200 OK"
2026-06-13 21:25:51,696 - httpx - INFO - HTTP Request: GET https://datafeed.dukascopy.com/datafeed/EURUSD/2026/05/05/05h_ticks.bi5 "HTTP/1.1 200 OK"
2026-06-13 21:25:52,024 - httpx - INFO - HTTP Request: GET https://datafeed.dukascopy.com/datafeed/EURUSD/2026/05/05/16h_ticks.bi5 "HTTP/1.1 200 OK"
2026-06-13 21:25:52,066 - httpx - INFO - HTTP Request: GET https://datafeed.dukascopy.com/datafeed/EURUSD/2026/05/05/23h_ticks.bi5 "HTTP/1.1 200 OK"
2026-06-13 21:25:52,291 - httpx - INFO - HTTP Request: GET https://datafeed.dukascopy.com/datafeed/EURUSD/2026/05/05/11h_ticks.bi5 "HTTP/1.1 200 OK"
2026-06-13 21:25:52,474 - httpx - INFO - HTTP Request: GET https://datafeed.dukascopy.com/datafeed/EURUSD/2026/04/22/00h_ticks.bi5 "HTTP/1.1 200 OK"
2026-06-13 21:25:52,601 - httpx - INFO - HTTP Request: GET https://datafeed.dukascopy.com/datafeed/EURUSD/2026/05/04/18h_ticks.bi5 "HTTP/1.1 503 Service Temporarily Unavailable"
2026-06-13 21:25:52,609 - httpx - INFO - HTTP Request: GET https://datafeed.dukascopy.com/datafeed/EURUSD/2026/05/04/22h_ticks.bi5 "HTTP/1.1 503 Service Temporarily Unavailable"
2026-06-13 21:25:52,634 - httpx - INFO - HTTP Request: GET https://datafeed.dukascopy.com/datafeed/EURUSD/2026/05/04/13h_ticks.bi5 "HTTP/1.1 503 Service Temporarily Unavailable"
2026-06-13 21:25:52,637 - httpx - INFO - HTTP Request: GET https://datafeed.dukascopy.com/datafeed/EURUSD/2026/05/04/15h_ticks.bi5 "HTTP/1.1 503 Service Temporarily Unavailable"
2026-06-13 21:25:52,641 - httpx - INFO - HTTP Request: GET https://datafeed.dukascopy.com/datafeed/EURUSD/2026/05/04/20h_ticks.bi5 "HTTP/1.1 503 Service Temporarily Unavailable"
2026-06-13 21:25:52,645 - httpx - INFO - HTTP Request: GET https://datafeed.dukascopy.com/datafeed/EURUSD/2026/05/04/09h_ticks.bi5 "HTTP/1.1 503 Service Temporarily Unavailable"
2026-06-13 21:25:52,658 - httpx - INFO - HTTP Request: GET https://datafeed.dukascopy.com/datafeed/EURUSD/2026/05/04/14h_ticks.bi5 "HTTP/1.1 503 Service Temporarily Unavailable"
2026-06-13 21:25:52,672 - httpx - INFO - HTTP Request: GET https://datafeed.dukascopy.com/datafeed/EURUSD/2026/04/22/06h_ticks.bi5 "HTTP/1.1 200 OK"
2026-06-13 21:25:52,831 - httpx - INFO - HTTP Request: GET https://datafeed.dukascopy.com/datafeed/EURUSD/2026/05/04/08h_ticks.bi5 "HTTP/1.1 503 Service Temporarily Unavailable"
2026-06-13 21:25:52,834 - httpx - INFO - HTTP Request: GET https://datafeed.dukascopy.com/datafeed/EURUSD/2026/05/04/19h_ticks.bi5 "HTTP/1.1 503 Service Temporarily Unavailable"
2026-06-13 21:25:52,840 - httpx - INFO - HTTP Request: GET https://datafeed.dukascopy.com/datafeed/EURUSD/2026/05/04/11h_ticks.bi5 "HTTP/1.1 503 Service Temporarily Unavailable"
2026-06-13 21:25:52,871 - httpx - INFO - HTTP Request: GET https://datafeed.dukascopy.com/datafeed/EURUSD/2026/04/22/09h_ticks.bi5 "HTTP/1.1 200 OK"
2026-06-13 21:25:53,049 - httpx - INFO - HTTP Request: GET https://datafeed.dukascopy.com/datafeed/EURUSD/2026/04/21/01h_ticks.bi5 "HTTP/1.1 503 Service Temporarily Unavailable"
2026-06-13 21:25:53,060 - httpx - INFO - HTTP Request: GET https://datafeed.dukascopy.com/datafeed/EURUSD/2026/04/21/04h_ticks.bi5 "HTTP/1.1 503 Service Temporarily Unavailable"
2026-06-13 21:25:53,071 - httpx - INFO - HTTP Request: GET https://datafeed.dukascopy.com/datafeed/EURUSD/2026/05/04/00h_ticks.bi5 "HTTP/1.1 200 OK"
2026-06-13 21:25:53,073 - httpx - INFO - HTTP Request: GET https://datafeed.dukascopy.com/datafeed/EURUSD/2026/04/21/07h_ticks.bi5 "HTTP/1.1 503 Service Temporarily Unavailable"
2026-06-13 21:25:53,081 - httpx - INFO - HTTP Request: GET https://datafeed.dukascopy.com/datafeed/EURUSD/2026/04/21/03h_ticks.bi5 "HTTP/1.1 503 Service Temporarily Unavailable"
2026-06-13 21:25:53,100 - httpx - INFO - HTTP Request: GET https://datafeed.dukascopy.com/datafeed/EURUSD/2026/04/21/06h_ticks.bi5 "HTTP/1.1 503 Service Temporarily Unavailable"
2026-06-13 21:25:53,114 - httpx - INFO - HTTP Request: GET https://datafeed.dukascopy.com/datafeed/EURUSD/2026/04/21/17h_ticks.bi5 "HTTP/1.1 503 Service Temporarily Unavailable"
2026-06-13 21:25:53,140 - httpx - INFO - HTTP Request: GET https://datafeed.dukascopy.com/datafeed/EURUSD/2026/04/21/02h_ticks.bi5 "HTTP/1.1 503 Service Temporarily Unavailable"
2026-06-13 21:25:53,153 - httpx - INFO - HTTP Request: GET https://datafeed.dukascopy.com/datafeed/EURUSD/2026/04/21/10h_ticks.bi5 "HTTP/1.1 503 Service Temporarily Unavailable"
2026-06-13 21:25:53,162 - httpx - INFO - HTTP Request: GET https://datafeed.dukascopy.com/datafeed/EURUSD/2026/04/21/05h_ticks.bi5 "HTTP/1.1 503 Service Temporarily Unavailable"
2026-06-13 21:25:53,169 - httpx - INFO - HTTP Request: GET https://datafeed.dukascopy.com/datafeed/EURUSD/2026/04/21/19h_ticks.bi5 "HTTP/1.1 503 Service Temporarily Unavailable"
2026-06-13 21:25:53,182 - httpx - INFO - HTTP Request: GET https://datafeed.dukascopy.com/datafeed/EURUSD/2026/04/21/13h_ticks.bi5 "HTTP/1.1 503 Service Temporarily Unavailable"
2026-06-13 21:25:53,226 - httpx - INFO - HTTP Request: GET https://datafeed.dukascopy.com/datafeed/EURUSD/2026/04/21/09h_ticks.bi5 "HTTP/1.1 503 Service Temporarily Unavailable"
2026-06-13 21:25:53,229 - httpx - INFO - HTTP Request: GET https://datafeed.dukascopy.com/datafeed/EURUSD/2026/04/21/14h_ticks.bi5 "HTTP/1.1 503 Service Temporarily Unavailable"
2026-06-13 21:25:53,231 - httpx - INFO - HTTP Request: GET https://datafeed.dukascopy.com/datafeed/EURUSD/2026/04/21/20h_ticks.bi5 "HTTP/1.1 503 Service Temporarily Unavailable"
2026-06-13 21:25:53,235 - httpx - INFO - HTTP Request: GET https://datafeed.dukascopy.com/datafeed/EURUSD/2026/04/21/21h_ticks.bi5 "HTTP/1.1 503 Service Temporarily Unavailable"
2026-06-13 21:25:53,237 - httpx - INFO - HTTP Request: GET https://datafeed.dukascopy.com/datafeed/EURUSD/2026/04/21/11h_ticks.bi5 "HTTP/1.1 503 Service Temporarily Unavailable"
2026-06-13 21:25:53,241 - httpx - INFO - HTTP Request: GET https://datafeed.dukascopy.com/datafeed/EURUSD/2026/04/21/23h_ticks.bi5 "HTTP/1.1 503 Service Temporarily Unavailable"
2026-06-13 21:25:53,254 - httpx - INFO - HTTP Request: GET https://datafeed.dukascopy.com/datafeed/EURUSD/2026/04/21/08h_ticks.bi5 "HTTP/1.1 503 Service Temporarily Unavailable"
2026-06-13 21:25:53,257 - httpx - INFO - HTTP Request: GET https://datafeed.dukascopy.com/datafeed/EURUSD/2026/04/21/18h_ticks.bi5 "HTTP/1.1 503 Service Temporarily Unavailable"
2026-06-13 21:25:53,274 - httpx - INFO - HTTP Request: GET https://datafeed.dukascopy.com/datafeed/EURUSD/2026/04/21/16h_ticks.bi5 "HTTP/1.1 503 Service Temporarily Unavailable"
2026-06-13 21:25:53,278 - httpx - INFO - HTTP Request: GET https://datafeed.dukascopy.com/datafeed/EURUSD/2026/05/04/01h_ticks.bi5 "HTTP/1.1 200 OK"
2026-06-13 21:25:53,431 - httpx - INFO - HTTP Request: GET https://datafeed.dukascopy.com/datafeed/EURUSD/2026/04/21/15h_ticks.bi5 "HTTP/1.1 503 Service Temporarily Unavailable"
2026-06-13 21:25:53,469 - httpx - INFO - HTTP Request: GET https://datafeed.dukascopy.com/datafeed/EURUSD/2026/05/04/04h_ticks.bi5 "HTTP/1.1 200 OK"
2026-06-13 21:25:53,671 - httpx - INFO - HTTP Request: GET https://datafeed.dukascopy.com/datafeed/EURUSD/2026/05/04/07h_ticks.bi5 "HTTP/1.1 200 OK"
2026-06-13 21:25:53,890 - httpx - INFO - HTTP Request: GET https://datafeed.dukascopy.com/datafeed/EURUSD/2026/05/04/03h_ticks.bi5 "HTTP/1.1 200 OK"
2026-06-13 21:25:54,146 - httpx - INFO - HTTP Request: GET https://datafeed.dukascopy.com/datafeed/EURUSD/2026/05/04/12h_ticks.bi5 "HTTP/1.1 200 OK"
2026-06-13 21:25:54,275 - httpx - INFO - HTTP Request: GET https://datafeed.dukascopy.com/datafeed/EURUSD/2026/05/04/06h_ticks.bi5 "HTTP/1.1 200 OK"
2026-06-13 21:25:54,469 - httpx - INFO - HTTP Request: GET https://datafeed.dukascopy.com/datafeed/EURUSD/2026/05/04/17h_ticks.bi5 "HTTP/1.1 200 OK"
2026-06-13 21:25:54,670 - httpx - INFO - HTTP Request: GET https://datafeed.dukascopy.com/datafeed/EURUSD/2026/05/04/02h_ticks.bi5 "HTTP/1.1 200 OK"
2026-06-13 21:25:54,872 - httpx - INFO - HTTP Request: GET https://datafeed.dukascopy.com/datafeed/EURUSD/2026/05/04/10h_ticks.bi5 "HTTP/1.1 200 OK"
2026-06-13 21:25:55,078 - httpx - INFO - HTTP Request: GET https://datafeed.dukascopy.com/datafeed/EURUSD/2026/05/04/05h_ticks.bi5 "HTTP/1.1 200 OK"
2026-06-13 21:25:55,270 - httpx - INFO - HTTP Request: GET https://datafeed.dukascopy.com/datafeed/EURUSD/2026/05/04/16h_ticks.bi5 "HTTP/1.1 200 OK"
2026-06-13 21:25:55,470 - httpx - INFO - HTTP Request: GET https://datafeed.dukascopy.com/datafeed/EURUSD/2026/05/04/23h_ticks.bi5 "HTTP/1.1 200 OK"
2026-06-13 21:25:55,668 - httpx - INFO - HTTP Request: GET https://datafeed.dukascopy.com/datafeed/EURUSD/2026/05/04/21h_ticks.bi5 "HTTP/1.1 200 OK"
2026-06-13 21:25:55,868 - httpx - INFO - HTTP Request: GET https://datafeed.dukascopy.com/datafeed/EURUSD/2026/04/21/00h_ticks.bi5 "HTTP/1.1 200 OK"
2026-06-13 21:25:55,975 - httpx - INFO - HTTP Request: GET https://datafeed.dukascopy.com/datafeed/EURUSD/2026/05/03/18h_ticks.bi5 "HTTP/1.1 503 Service Temporarily Unavailable"
2026-06-13 21:25:55,981 - httpx - INFO - HTTP Request: GET https://datafeed.dukascopy.com/datafeed/EURUSD/2026/05/03/22h_ticks.bi5 "HTTP/1.1 503 Service Temporarily Unavailable"
2026-06-13 21:25:55,988 - httpx - INFO - HTTP Request: GET https://datafeed.dukascopy.com/datafeed/EURUSD/2026/05/03/13h_ticks.bi5 "HTTP/1.1 503 Service Temporarily Unavailable"
2026-06-13 21:25:56,007 - httpx - INFO - HTTP Request: GET https://datafeed.dukascopy.com/datafeed/EURUSD/2026/05/03/15h_ticks.bi5 "HTTP/1.1 503 Service Temporarily Unavailable"
2026-06-13 21:25:56,009 - httpx - INFO - HTTP Request: GET https://datafeed.dukascopy.com/datafeed/EURUSD/2026/05/03/20h_ticks.bi5 "HTTP/1.1 503 Service Temporarily Unavailable"
2026-06-13 21:25:56,013 - httpx - INFO - HTTP Request: GET https://datafeed.dukascopy.com/datafeed/EURUSD/2026/05/03/09h_ticks.bi5 "HTTP/1.1 503 Service Temporarily Unavailable"
2026-06-13 21:25:56,022 - httpx - INFO - HTTP Request: GET https://datafeed.dukascopy.com/datafeed/EURUSD/2026/05/03/14h_ticks.bi5 "HTTP/1.1 503 Service Temporarily Unavailable"
2026-06-13 21:25:56,150 - httpx - INFO - HTTP Request: GET https://datafeed.dukascopy.com/datafeed/EURUSD/2026/04/21/12h_ticks.bi5 "HTTP/1.1 200 OK"
2026-06-13 21:25:56,201 - httpx - INFO - HTTP Request: GET https://datafeed.dukascopy.com/datafeed/EURUSD/2026/05/03/08h_ticks.bi5 "HTTP/1.1 503 Service Temporarily Unavailable"
2026-06-13 21:25:56,219 - httpx - INFO - HTTP Request: GET https://datafeed.dukascopy.com/datafeed/EURUSD/2026/05/03/11h_ticks.bi5 "HTTP/1.1 503 Service Temporarily Unavailable"
2026-06-13 21:25:56,222 - httpx - INFO - HTTP Request: GET https://datafeed.dukascopy.com/datafeed/EURUSD/2026/05/03/21h_ticks.bi5 "HTTP/1.1 503 Service Temporarily Unavailable"
2026-06-13 21:25:56,270 - httpx - INFO - HTTP Request: GET https://datafeed.dukascopy.com/datafeed/EURUSD/2026/04/21/22h_ticks.bi5 "HTTP/1.1 200 OK"
2026-06-13 21:25:56,444 - httpx - INFO - HTTP Request: GET https://datafeed.dukascopy.com/datafeed/EURUSD/2026/04/20/01h_ticks.bi5 "HTTP/1.1 503 Service Temporarily Unavailable"
2026-06-13 21:25:56,453 - httpx - INFO - HTTP Request: GET https://datafeed.dukascopy.com/datafeed/EURUSD/2026/04/20/04h_ticks.bi5 "HTTP/1.1 503 Service Temporarily Unavailable"
2026-06-13 21:25:56,483 - httpx - INFO - HTTP Request: GET https://datafeed.dukascopy.com/datafeed/EURUSD/2026/05/03/00h_ticks.bi5 "HTTP/1.1 200 OK"
2026-06-13 21:25:56,491 - httpx - INFO - HTTP Request: GET https://datafeed.dukascopy.com/datafeed/EURUSD/2026/04/20/07h_ticks.bi5 "HTTP/1.1 503 Service Temporarily Unavailable"
2026-06-13 21:25:56,493 - httpx - INFO - HTTP Request: GET https://datafeed.dukascopy.com/datafeed/EURUSD/2026/04/20/03h_ticks.bi5 "HTTP/1.1 503 Service Temporarily Unavailable"
2026-06-13 21:25:56,504 - httpx - INFO - HTTP Request: GET https://datafeed.dukascopy.com/datafeed/EURUSD/2026/04/20/06h_ticks.bi5 "HTTP/1.1 503 Service Temporarily Unavailable"
2026-06-13 21:25:56,512 - httpx - INFO - HTTP Request: GET https://datafeed.dukascopy.com/datafeed/EURUSD/2026/04/20/17h_ticks.bi5 "HTTP/1.1 503 Service Temporarily Unavailable"
2026-06-13 21:25:56,532 - httpx - INFO - HTTP Request: GET https://datafeed.dukascopy.com/datafeed/EURUSD/2026/04/20/02h_ticks.bi5 "HTTP/1.1 503 Service Temporarily Unavailable"
2026-06-13 21:25:56,540 - httpx - INFO - HTTP Request: GET https://datafeed.dukascopy.com/datafeed/EURUSD/2026/04/20/10h_ticks.bi5 "HTTP/1.1 503 Service Temporarily Unavailable"
2026-06-13 21:25:56,554 - httpx - INFO - HTTP Request: GET https://datafeed.dukascopy.com/datafeed/EURUSD/2026/04/20/05h_ticks.bi5 "HTTP/1.1 503 Service Temporarily Unavailable"
2026-06-13 21:25:56,559 - httpx - INFO - HTTP Request: GET https://datafeed.dukascopy.com/datafeed/EURUSD/2026/04/20/19h_ticks.bi5 "HTTP/1.1 503 Service Temporarily Unavailable"
2026-06-13 21:25:56,570 - httpx - INFO - HTTP Request: GET https://datafeed.dukascopy.com/datafeed/EURUSD/2026/04/20/13h_ticks.bi5 "HTTP/1.1 503 Service Temporarily Unavailable"
2026-06-13 21:25:56,578 - httpx - INFO - HTTP Request: GET https://datafeed.dukascopy.com/datafeed/EURUSD/2026/04/20/09h_ticks.bi5 "HTTP/1.1 503 Service Temporarily Unavailable"
2026-06-13 21:25:56,594 - httpx - INFO - HTTP Request: GET https://datafeed.dukascopy.com/datafeed/EURUSD/2026/04/20/14h_ticks.bi5 "HTTP/1.1 503 Service Temporarily Unavailable"
2026-06-13 21:25:56,602 - httpx - INFO - HTTP Request: GET https://datafeed.dukascopy.com/datafeed/EURUSD/2026/04/20/22h_ticks.bi5 "HTTP/1.1 503 Service Temporarily Unavailable"
2026-06-13 21:25:56,607 - httpx - INFO - HTTP Request: GET https://datafeed.dukascopy.com/datafeed/EURUSD/2026/04/20/16h_ticks.bi5 "HTTP/1.1 503 Service Temporarily Unavailable"
2026-06-13 21:25:56,619 - httpx - INFO - HTTP Request: GET https://datafeed.dukascopy.com/datafeed/EURUSD/2026/04/20/20h_ticks.bi5 "HTTP/1.1 503 Service Temporarily Unavailable"
2026-06-13 21:25:56,628 - httpx - INFO - HTTP Request: GET https://datafeed.dukascopy.com/datafeed/EURUSD/2026/04/20/21h_ticks.bi5 "HTTP/1.1 503 Service Temporarily Unavailable"
2026-06-13 21:25:56,670 - httpx - INFO - HTTP Request: GET https://datafeed.dukascopy.com/datafeed/EURUSD/2026/04/20/18h_ticks.bi5 "HTTP/1.1 503 Service Temporarily Unavailable"
2026-06-13 21:25:56,674 - httpx - INFO - HTTP Request: GET https://datafeed.dukascopy.com/datafeed/EURUSD/2026/04/20/23h_ticks.bi5 "HTTP/1.1 503 Service Temporarily Unavailable"
2026-06-13 21:25:56,675 - httpx - INFO - HTTP Request: GET https://datafeed.dukascopy.com/datafeed/EURUSD/2026/05/03/01h_ticks.bi5 "HTTP/1.1 200 OK"
2026-06-13 21:25:56,676 - httpx - INFO - HTTP Request: GET https://datafeed.dukascopy.com/datafeed/EURUSD/2026/04/20/11h_ticks.bi5 "HTTP/1.1 503 Service Temporarily Unavailable"
2026-06-13 21:25:56,678 - httpx - INFO - HTTP Request: GET https://datafeed.dukascopy.com/datafeed/EURUSD/2026/04/20/15h_ticks.bi5 "HTTP/1.1 503 Service Temporarily Unavailable"
2026-06-13 21:25:56,683 - httpx - INFO - HTTP Request: GET https://datafeed.dukascopy.com/datafeed/EURUSD/2026/04/20/08h_ticks.bi5 "HTTP/1.1 503 Service Temporarily Unavailable"
2026-06-13 21:25:56,869 - httpx - INFO - HTTP Request: GET https://datafeed.dukascopy.com/datafeed/EURUSD/2026/05/03/04h_ticks.bi5 "HTTP/1.1 200 OK"
2026-06-13 21:25:57,150 - httpx - INFO - HTTP Request: GET https://datafeed.dukascopy.com/datafeed/EURUSD/2026/05/03/07h_ticks.bi5 "HTTP/1.1 200 OK"
2026-06-13 21:25:57,280 - httpx - INFO - HTTP Request: GET https://datafeed.dukascopy.com/datafeed/EURUSD/2026/05/03/03h_ticks.bi5 "HTTP/1.1 200 OK"
2026-06-13 21:25:57,547 - httpx - INFO - HTTP Request: GET https://datafeed.dukascopy.com/datafeed/EURUSD/2026/05/03/12h_ticks.bi5 "HTTP/1.1 200 OK"
2026-06-13 21:25:57,699 - httpx - INFO - HTTP Request: GET https://datafeed.dukascopy.com/datafeed/EURUSD/2026/05/03/06h_ticks.bi5 "HTTP/1.1 200 OK"
2026-06-13 21:25:57,868 - httpx - INFO - HTTP Request: GET https://datafeed.dukascopy.com/datafeed/EURUSD/2026/05/03/17h_ticks.bi5 "HTTP/1.1 200 OK"
2026-06-13 21:25:58,077 - httpx - INFO - HTTP Request: GET https://datafeed.dukascopy.com/datafeed/EURUSD/2026/05/03/02h_ticks.bi5 "HTTP/1.1 200 OK"
2026-06-13 21:25:58,348 - httpx - INFO - HTTP Request: GET https://datafeed.dukascopy.com/datafeed/EURUSD/2026/05/03/10h_ticks.bi5 "HTTP/1.1 200 OK"
2026-06-13 21:25:58,469 - httpx - INFO - HTTP Request: GET https://datafeed.dukascopy.com/datafeed/EURUSD/2026/05/03/05h_ticks.bi5 "HTTP/1.1 200 OK"
2026-06-13 21:25:58,748 - httpx - INFO - HTTP Request: GET https://datafeed.dukascopy.com/datafeed/EURUSD/2026/05/03/16h_ticks.bi5 "HTTP/1.1 200 OK"
2026-06-13 21:25:58,903 - httpx - INFO - HTTP Request: GET https://datafeed.dukascopy.com/datafeed/EURUSD/2026/05/03/23h_ticks.bi5 "HTTP/1.1 200 OK"
2026-06-13 21:25:59,074 - httpx - INFO - HTTP Request: GET https://datafeed.dukascopy.com/datafeed/EURUSD/2026/05/03/19h_ticks.bi5 "HTTP/1.1 200 OK"
2026-06-13 21:25:59,340 - httpx - INFO - HTTP Request: GET https://datafeed.dukascopy.com/datafeed/EURUSD/2026/04/20/00h_ticks.bi5 "HTTP/1.1 200 OK"
2026-06-13 21:25:59,399 - httpx - INFO - HTTP Request: GET https://datafeed.dukascopy.com/datafeed/EURUSD/2026/05/02/22h_ticks.bi5 "HTTP/1.1 503 Service Temporarily Unavailable"
2026-06-13 21:25:59,402 - httpx - INFO - HTTP Request: GET https://datafeed.dukascopy.com/datafeed/EURUSD/2026/05/02/13h_ticks.bi5 "HTTP/1.1 503 Service Temporarily Unavailable"
2026-06-13 21:25:59,411 - httpx - INFO - HTTP Request: GET https://datafeed.dukascopy.com/datafeed/EURUSD/2026/05/02/15h_ticks.bi5 "HTTP/1.1 503 Service Temporarily Unavailable"
2026-06-13 21:25:59,416 - httpx - INFO - HTTP Request: GET https://datafeed.dukascopy.com/datafeed/EURUSD/2026/05/02/20h_ticks.bi5 "HTTP/1.1 503 Service Temporarily Unavailable"
2026-06-13 21:25:59,431 - httpx - INFO - HTTP Request: GET https://datafeed.dukascopy.com/datafeed/EURUSD/2026/05/02/09h_ticks.bi5 "HTTP/1.1 503 Service Temporarily Unavailable"
2026-06-13 21:25:59,435 - httpx - INFO - HTTP Request: GET https://datafeed.dukascopy.com/datafeed/EURUSD/2026/05/02/14h_ticks.bi5 "HTTP/1.1 503 Service Temporarily Unavailable"
2026-06-13 21:25:59,474 - httpx - INFO - HTTP Request: GET https://datafeed.dukascopy.com/datafeed/EURUSD/2026/04/20/12h_ticks.bi5 "HTTP/1.1 200 OK"
2026-06-13 21:25:59,610 - httpx - INFO - HTTP Request: GET https://datafeed.dukascopy.com/datafeed/EURUSD/2026/05/02/11h_ticks.bi5 "HTTP/1.1 503 Service Temporarily Unavailable"
2026-06-13 21:25:59,633 - httpx - INFO - HTTP Request: GET https://datafeed.dukascopy.com/datafeed/EURUSD/2026/05/02/08h_ticks.bi5 "HTTP/1.1 503 Service Temporarily Unavailable"
2026-06-13 21:25:59,639 - httpx - INFO - HTTP Request: GET https://datafeed.dukascopy.com/datafeed/EURUSD/2026/05/02/19h_ticks.bi5 "HTTP/1.1 503 Service Temporarily Unavailable"
2026-06-13 21:25:59,645 - httpx - INFO - HTTP Request: GET https://datafeed.dukascopy.com/datafeed/EURUSD/2026/04/19/00h_ticks.bi5 "HTTP/1.1 503 Service Temporarily Unavailable"
2026-06-13 21:25:59,659 - httpx - INFO - HTTP Request: GET https://datafeed.dukascopy.com/datafeed/EURUSD/2026/04/19/01h_ticks.bi5 "HTTP/1.1 503 Service Temporarily Unavailable"
2026-06-13 21:25:59,669 - httpx - INFO - HTTP Request: GET https://datafeed.dukascopy.com/datafeed/EURUSD/2026/04/19/04h_ticks.bi5 "HTTP/1.1 503 Service Temporarily Unavailable"
2026-06-13 21:25:59,683 - httpx - INFO - HTTP Request: GET https://datafeed.dukascopy.com/datafeed/EURUSD/2026/05/02/00h_ticks.bi5 "HTTP/1.1 200 OK"
2026-06-13 21:25:59,685 - httpx - INFO - HTTP Request: GET https://datafeed.dukascopy.com/datafeed/EURUSD/2026/04/19/07h_ticks.bi5 "HTTP/1.1 503 Service Temporarily Unavailable"
2026-06-13 21:25:59,693 - httpx - INFO - HTTP Request: GET https://datafeed.dukascopy.com/datafeed/EURUSD/2026/04/19/03h_ticks.bi5 "HTTP/1.1 503 Service Temporarily Unavailable"
2026-06-13 21:25:59,714 - httpx - INFO - HTTP Request: GET https://datafeed.dukascopy.com/datafeed/EURUSD/2026/04/19/06h_ticks.bi5 "HTTP/1.1 503 Service Temporarily Unavailable"
2026-06-13 21:25:59,723 - httpx - INFO - HTTP Request: GET https://datafeed.dukascopy.com/datafeed/EURUSD/2026/04/19/17h_ticks.bi5 "HTTP/1.1 503 Service Temporarily Unavailable"
2026-06-13 21:25:59,744 - httpx - INFO - HTTP Request: GET https://datafeed.dukascopy.com/datafeed/EURUSD/2026/04/19/02h_ticks.bi5 "HTTP/1.1 503 Service Temporarily Unavailable"
2026-06-13 21:25:59,755 - httpx - INFO - HTTP Request: GET https://datafeed.dukascopy.com/datafeed/EURUSD/2026/04/19/10h_ticks.bi5 "HTTP/1.1 503 Service Temporarily Unavailable"
2026-06-13 21:25:59,765 - httpx - INFO - HTTP Request: GET https://datafeed.dukascopy.com/datafeed/EURUSD/2026/04/19/23h_ticks.bi5 "HTTP/1.1 503 Service Temporarily Unavailable"
2026-06-13 21:25:59,778 - httpx - INFO - HTTP Request: GET https://datafeed.dukascopy.com/datafeed/EURUSD/2026/04/19/05h_ticks.bi5 "HTTP/1.1 503 Service Temporarily Unavailable"
2026-06-13 21:25:59,788 - httpx - INFO - HTTP Request: GET https://datafeed.dukascopy.com/datafeed/EURUSD/2026/04/19/19h_ticks.bi5 "HTTP/1.1 503 Service Temporarily Unavailable"
2026-06-13 21:25:59,794 - httpx - INFO - HTTP Request: GET https://datafeed.dukascopy.com/datafeed/EURUSD/2026/04/19/13h_ticks.bi5 "HTTP/1.1 503 Service Temporarily Unavailable"
2026-06-13 21:25:59,798 - httpx - INFO - HTTP Request: GET https://datafeed.dukascopy.com/datafeed/EURUSD/2026/04/19/18h_ticks.bi5 "HTTP/1.1 503 Service Temporarily Unavailable"
2026-06-13 21:25:59,812 - httpx - INFO - HTTP Request: GET https://datafeed.dukascopy.com/datafeed/EURUSD/2026/04/19/09h_ticks.bi5 "HTTP/1.1 503 Service Temporarily Unavailable"
2026-06-13 21:25:59,815 - httpx - INFO - HTTP Request: GET https://datafeed.dukascopy.com/datafeed/EURUSD/2026/04/19/08h_ticks.bi5 "HTTP/1.1 503 Service Temporarily Unavailable"
2026-06-13 21:25:59,840 - httpx - INFO - HTTP Request: GET https://datafeed.dukascopy.com/datafeed/EURUSD/2026/04/19/22h_ticks.bi5 "HTTP/1.1 503 Service Temporarily Unavailable"
2026-06-13 21:25:59,845 - httpx - INFO - HTTP Request: GET https://datafeed.dukascopy.com/datafeed/EURUSD/2026/04/19/16h_ticks.bi5 "HTTP/1.1 503 Service Temporarily Unavailable"
2026-06-13 21:25:59,855 - httpx - INFO - HTTP Request: GET https://datafeed.dukascopy.com/datafeed/EURUSD/2026/04/19/11h_ticks.bi5 "HTTP/1.1 503 Service Temporarily Unavailable"
2026-06-13 21:25:59,862 - httpx - INFO - HTTP Request: GET https://datafeed.dukascopy.com/datafeed/EURUSD/2026/04/19/21h_ticks.bi5 "HTTP/1.1 503 Service Temporarily Unavailable"
2026-06-13 21:25:59,865 - httpx - INFO - HTTP Request: GET https://datafeed.dukascopy.com/datafeed/EURUSD/2026/04/19/15h_ticks.bi5 "HTTP/1.1 503 Service Temporarily Unavailable"
2026-06-13 21:25:59,867 - httpx - INFO - HTTP Request: GET https://datafeed.dukascopy.com/datafeed/EURUSD/2026/04/19/14h_ticks.bi5 "HTTP/1.1 503 Service Temporarily Unavailable"
2026-06-13 21:25:59,870 - httpx - INFO - HTTP Request: GET https://datafeed.dukascopy.com/datafeed/EURUSD/2026/05/02/01h_ticks.bi5 "HTTP/1.1 200 OK"
2026-06-13 21:26:00,076 - httpx - INFO - HTTP Request: GET https://datafeed.dukascopy.com/datafeed/EURUSD/2026/05/02/04h_ticks.bi5 "HTTP/1.1 200 OK"
2026-06-13 21:26:00,282 - httpx - INFO - HTTP Request: GET https://datafeed.dukascopy.com/datafeed/EURUSD/2026/05/02/07h_ticks.bi5 "HTTP/1.1 200 OK"
2026-06-13 21:26:00,465 - httpx - INFO - HTTP Request: GET https://datafeed.dukascopy.com/datafeed/EURUSD/2026/05/02/03h_ticks.bi5 "HTTP/1.1 200 OK"
2026-06-13 21:26:00,669 - httpx - INFO - HTTP Request: GET https://datafeed.dukascopy.com/datafeed/EURUSD/2026/05/02/12h_ticks.bi5 "HTTP/1.1 200 OK"
2026-06-13 21:26:00,871 - httpx - INFO - HTTP Request: GET https://datafeed.dukascopy.com/datafeed/EURUSD/2026/05/02/06h_ticks.bi5 "HTTP/1.1 200 OK"
2026-06-13 21:26:01,070 - httpx - INFO - HTTP Request: GET https://datafeed.dukascopy.com/datafeed/EURUSD/2026/05/02/17h_ticks.bi5 "HTTP/1.1 200 OK"
2026-06-13 21:26:01,270 - httpx - INFO - HTTP Request: GET https://datafeed.dukascopy.com/datafeed/EURUSD/2026/05/02/02h_ticks.bi5 "HTTP/1.1 200 OK"
2026-06-13 21:26:01,470 - httpx - INFO - HTTP Request: GET https://datafeed.dukascopy.com/datafeed/EURUSD/2026/05/02/10h_ticks.bi5 "HTTP/1.1 200 OK"
2026-06-13 21:26:01,669 - httpx - INFO - HTTP Request: GET https://datafeed.dukascopy.com/datafeed/EURUSD/2026/05/02/05h_ticks.bi5 "HTTP/1.1 200 OK"
2026-06-13 21:26:01,885 - httpx - INFO - HTTP Request: GET https://datafeed.dukascopy.com/datafeed/EURUSD/2026/05/02/16h_ticks.bi5 "HTTP/1.1 200 OK"
2026-06-13 21:26:02,083 - httpx - INFO - HTTP Request: GET https://datafeed.dukascopy.com/datafeed/EURUSD/2026/05/02/23h_ticks.bi5 "HTTP/1.1 200 OK"
2026-06-13 21:26:02,267 - httpx - INFO - HTTP Request: GET https://datafeed.dukascopy.com/datafeed/EURUSD/2026/05/02/18h_ticks.bi5 "HTTP/1.1 200 OK"
2026-06-13 21:26:02,470 - httpx - INFO - HTTP Request: GET https://datafeed.dukascopy.com/datafeed/EURUSD/2026/05/02/21h_ticks.bi5 "HTTP/1.1 200 OK"
2026-06-13 21:26:02,749 - httpx - INFO - HTTP Request: GET https://datafeed.dukascopy.com/datafeed/EURUSD/2026/04/19/12h_ticks.bi5 "HTTP/1.1 200 OK"
2026-06-13 21:26:02,796 - httpx - INFO - HTTP Request: GET https://datafeed.dukascopy.com/datafeed/EURUSD/2026/05/01/22h_ticks.bi5 "HTTP/1.1 503 Service Temporarily Unavailable"
2026-06-13 21:26:02,800 - httpx - INFO - HTTP Request: GET https://datafeed.dukascopy.com/datafeed/EURUSD/2026/05/01/13h_ticks.bi5 "HTTP/1.1 503 Service Temporarily Unavailable"
2026-06-13 21:26:02,821 - httpx - INFO - HTTP Request: GET https://datafeed.dukascopy.com/datafeed/EURUSD/2026/05/01/15h_ticks.bi5 "HTTP/1.1 503 Service Temporarily Unavailable"
2026-06-13 21:26:02,824 - httpx - INFO - HTTP Request: GET https://datafeed.dukascopy.com/datafeed/EURUSD/2026/05/01/20h_ticks.bi5 "HTTP/1.1 503 Service Temporarily Unavailable"
2026-06-13 21:26:02,827 - httpx - INFO - HTTP Request: GET https://datafeed.dukascopy.com/datafeed/EURUSD/2026/05/01/09h_ticks.bi5 "HTTP/1.1 503 Service Temporarily Unavailable"
2026-06-13 21:26:02,830 - httpx - INFO - HTTP Request: GET https://datafeed.dukascopy.com/datafeed/EURUSD/2026/05/01/14h_ticks.bi5 "HTTP/1.1 503 Service Temporarily Unavailable"
2026-06-13 21:26:02,873 - httpx - INFO - HTTP Request: GET https://datafeed.dukascopy.com/datafeed/EURUSD/2026/04/19/20h_ticks.bi5 "HTTP/1.1 200 OK"
2026-06-13 21:26:03,029 - httpx - INFO - HTTP Request: GET https://datafeed.dukascopy.com/datafeed/EURUSD/2026/05/01/08h_ticks.bi5 "HTTP/1.1 503 Service Temporarily Unavailable"
2026-06-13 21:26:03,032 - httpx - INFO - HTTP Request: GET https://datafeed.dukascopy.com/datafeed/EURUSD/2026/05/01/19h_ticks.bi5 "HTTP/1.1 503 Service Temporarily Unavailable"
2026-06-13 21:26:03,040 - httpx - INFO - HTTP Request: GET https://datafeed.dukascopy.com/datafeed/EURUSD/2026/05/01/11h_ticks.bi5 "HTTP/1.1 503 Service Temporarily Unavailable"
2026-06-13 21:26:03,046 - httpx - INFO - HTTP Request: GET https://datafeed.dukascopy.com/datafeed/EURUSD/2026/04/18/01h_ticks.bi5 "HTTP/1.1 503 Service Temporarily Unavailable"
2026-06-13 21:26:03,048 - httpx - INFO - HTTP Request: GET https://datafeed.dukascopy.com/datafeed/EURUSD/2026/05/01/21h_ticks.bi5 "HTTP/1.1 503 Service Temporarily Unavailable"
2026-06-13 21:26:03,048 - httpx - INFO - HTTP Request: GET https://datafeed.dukascopy.com/datafeed/EURUSD/2026/04/18/04h_ticks.bi5 "HTTP/1.1 503 Service Temporarily Unavailable"
2026-06-13 21:26:03,061 - httpx - INFO - HTTP Request: GET https://datafeed.dukascopy.com/datafeed/EURUSD/2026/04/18/07h_ticks.bi5 "HTTP/1.1 503 Service Temporarily Unavailable"
2026-06-13 21:26:03,074 - httpx - INFO - HTTP Request: GET https://datafeed.dukascopy.com/datafeed/EURUSD/2026/04/18/03h_ticks.bi5 "HTTP/1.1 503 Service Temporarily Unavailable"
2026-06-13 21:26:03,091 - httpx - INFO - HTTP Request: GET https://datafeed.dukascopy.com/datafeed/EURUSD/2026/04/18/12h_ticks.bi5 "HTTP/1.1 503 Service Temporarily Unavailable"
2026-06-13 21:26:03,107 - httpx - INFO - HTTP Request: GET https://datafeed.dukascopy.com/datafeed/EURUSD/2026/04/18/17h_ticks.bi5 "HTTP/1.1 503 Service Temporarily Unavailable"
2026-06-13 21:26:03,133 - httpx - INFO - HTTP Request: GET https://datafeed.dukascopy.com/datafeed/EURUSD/2026/04/18/10h_ticks.bi5 "HTTP/1.1 503 Service Temporarily Unavailable"
2026-06-13 21:26:03,135 - httpx - INFO - HTTP Request: GET https://datafeed.dukascopy.com/datafeed/EURUSD/2026/04/18/02h_ticks.bi5 "HTTP/1.1 503 Service Temporarily Unavailable"
2026-06-13 21:26:03,152 - httpx - INFO - HTTP Request: GET https://datafeed.dukascopy.com/datafeed/EURUSD/2026/05/01/00h_ticks.bi5 "HTTP/1.1 200 OK"
2026-06-13 21:26:03,157 - httpx - INFO - HTTP Request: GET https://datafeed.dukascopy.com/datafeed/EURUSD/2026/04/18/05h_ticks.bi5 "HTTP/1.1 503 Service Temporarily Unavailable"
2026-06-13 21:26:03,164 - httpx - INFO - HTTP Request: GET https://datafeed.dukascopy.com/datafeed/EURUSD/2026/04/18/16h_ticks.bi5 "HTTP/1.1 503 Service Temporarily Unavailable"
2026-06-13 21:26:03,169 - httpx - INFO - HTTP Request: GET https://datafeed.dukascopy.com/datafeed/EURUSD/2026/04/18/11h_ticks.bi5 "HTTP/1.1 503 Service Temporarily Unavailable"
2026-06-13 21:26:03,172 - httpx - INFO - HTTP Request: GET https://datafeed.dukascopy.com/datafeed/EURUSD/2026/04/18/13h_ticks.bi5 "HTTP/1.1 503 Service Temporarily Unavailable"
2026-06-13 21:26:03,183 - httpx - INFO - HTTP Request: GET https://datafeed.dukascopy.com/datafeed/EURUSD/2026/04/18/22h_ticks.bi5 "HTTP/1.1 503 Service Temporarily Unavailable"
2026-06-13 21:26:03,194 - httpx - INFO - HTTP Request: GET https://datafeed.dukascopy.com/datafeed/EURUSD/2026/04/18/21h_ticks.bi5 "HTTP/1.1 503 Service Temporarily Unavailable"
2026-06-13 21:26:03,218 - httpx - INFO - HTTP Request: GET https://datafeed.dukascopy.com/datafeed/EURUSD/2026/04/18/14h_ticks.bi5 "HTTP/1.1 503 Service Temporarily Unavailable"
2026-06-13 21:26:03,222 - httpx - INFO - HTTP Request: GET https://datafeed.dukascopy.com/datafeed/EURUSD/2026/04/18/20h_ticks.bi5 "HTTP/1.1 503 Service Temporarily Unavailable"
2026-06-13 21:26:03,250 - httpx - INFO - HTTP Request: GET https://datafeed.dukascopy.com/datafeed/EURUSD/2026/04/18/09h_ticks.bi5 "HTTP/1.1 503 Service Temporarily Unavailable"
2026-06-13 21:26:03,256 - httpx - INFO - HTTP Request: GET https://datafeed.dukascopy.com/datafeed/EURUSD/2026/04/18/19h_ticks.bi5 "HTTP/1.1 503 Service Temporarily Unavailable"
2026-06-13 21:26:03,264 - httpx - INFO - HTTP Request: GET https://datafeed.dukascopy.com/datafeed/EURUSD/2026/04/18/18h_ticks.bi5 "HTTP/1.1 503 Service Temporarily Unavailable"
2026-06-13 21:26:03,269 - httpx - INFO - HTTP Request: GET https://datafeed.dukascopy.com/datafeed/EURUSD/2026/05/01/01h_ticks.bi5 "HTTP/1.1 200 OK"
2026-06-13 21:26:03,426 - httpx - INFO - HTTP Request: GET https://datafeed.dukascopy.com/datafeed/EURUSD/2026/04/18/08h_ticks.bi5 "HTTP/1.1 503 Service Temporarily Unavailable"
2026-06-13 21:26:03,430 - httpx - INFO - HTTP Request: GET https://datafeed.dukascopy.com/datafeed/EURUSD/2026/04/18/15h_ticks.bi5 "HTTP/1.1 503 Service Temporarily Unavailable"
2026-06-13 21:26:03,469 - httpx - INFO - HTTP Request: GET https://datafeed.dukascopy.com/datafeed/EURUSD/2026/05/01/04h_ticks.bi5 "HTTP/1.1 200 OK"
2026-06-13 21:26:03,675 - httpx - INFO - HTTP Request: GET https://datafeed.dukascopy.com/datafeed/EURUSD/2026/05/01/07h_ticks.bi5 "HTTP/1.1 200 OK"
2026-06-13 21:26:03,867 - httpx - INFO - HTTP Request: GET https://datafeed.dukascopy.com/datafeed/EURUSD/2026/05/01/03h_ticks.bi5 "HTTP/1.1 200 OK"
2026-06-13 21:26:04,071 - httpx - INFO - HTTP Request: GET https://datafeed.dukascopy.com/datafeed/EURUSD/2026/05/01/12h_ticks.bi5 "HTTP/1.1 200 OK"
2026-06-13 21:26:04,357 - httpx - INFO - HTTP Request: GET https://datafeed.dukascopy.com/datafeed/EURUSD/2026/05/01/06h_ticks.bi5 "HTTP/1.1 200 OK"
2026-06-13 21:26:04,551 - httpx - INFO - HTTP Request: GET https://datafeed.dukascopy.com/datafeed/EURUSD/2026/05/01/17h_ticks.bi5 "HTTP/1.1 200 OK"
2026-06-13 21:26:04,669 - httpx - INFO - HTTP Request: GET https://datafeed.dukascopy.com/datafeed/EURUSD/2026/05/01/02h_ticks.bi5 "HTTP/1.1 200 OK"
2026-06-13 21:26:04,872 - httpx - INFO - HTTP Request: GET https://datafeed.dukascopy.com/datafeed/EURUSD/2026/05/01/10h_ticks.bi5 "HTTP/1.1 200 OK"
2026-06-13 21:26:05,083 - httpx - INFO - HTTP Request: GET https://datafeed.dukascopy.com/datafeed/EURUSD/2026/05/01/05h_ticks.bi5 "HTTP/1.1 200 OK"
2026-06-13 21:26:05,344 - httpx - INFO - HTTP Request: GET https://datafeed.dukascopy.com/datafeed/EURUSD/2026/05/01/16h_ticks.bi5 "HTTP/1.1 200 OK"
2026-06-13 21:26:05,478 - httpx - INFO - HTTP Request: GET https://datafeed.dukascopy.com/datafeed/EURUSD/2026/05/01/23h_ticks.bi5 "HTTP/1.1 200 OK"
2026-06-13 21:26:05,695 - httpx - INFO - HTTP Request: GET https://datafeed.dukascopy.com/datafeed/EURUSD/2026/05/01/18h_ticks.bi5 "HTTP/1.1 200 OK"
2026-06-13 21:26:05,954 - httpx - INFO - HTTP Request: GET https://datafeed.dukascopy.com/datafeed/EURUSD/2026/04/18/00h_ticks.bi5 "HTTP/1.1 200 OK"
2026-06-13 21:26:05,997 - httpx - INFO - HTTP Request: GET https://datafeed.dukascopy.com/datafeed/EURUSD/2026/04/31/18h_ticks.bi5 "HTTP/1.1 503 Service Temporarily Unavailable"
2026-06-13 21:26:06,006 - httpx - INFO - HTTP Request: GET https://datafeed.dukascopy.com/datafeed/EURUSD/2026/04/31/22h_ticks.bi5 "HTTP/1.1 503 Service Temporarily Unavailable"
2026-06-13 21:26:06,018 - httpx - INFO - HTTP Request: GET https://datafeed.dukascopy.com/datafeed/EURUSD/2026/04/31/13h_ticks.bi5 "HTTP/1.1 503 Service Temporarily Unavailable"
2026-06-13 21:26:06,042 - httpx - INFO - HTTP Request: GET https://datafeed.dukascopy.com/datafeed/EURUSD/2026/04/31/15h_ticks.bi5 "HTTP/1.1 503 Service Temporarily Unavailable"
2026-06-13 21:26:06,047 - httpx - INFO - HTTP Request: GET https://datafeed.dukascopy.com/datafeed/EURUSD/2026/04/31/20h_ticks.bi5 "HTTP/1.1 503 Service Temporarily Unavailable"
2026-06-13 21:26:06,050 - httpx - INFO - HTTP Request: GET https://datafeed.dukascopy.com/datafeed/EURUSD/2026/04/31/09h_ticks.bi5 "HTTP/1.1 503 Service Temporarily Unavailable"
2026-06-13 21:26:06,055 - httpx - INFO - HTTP Request: GET https://datafeed.dukascopy.com/datafeed/EURUSD/2026/04/31/14h_ticks.bi5 "HTTP/1.1 503 Service Temporarily Unavailable"
2026-06-13 21:26:06,073 - httpx - INFO - HTTP Request: GET https://datafeed.dukascopy.com/datafeed/EURUSD/2026/04/18/06h_ticks.bi5 "HTTP/1.1 200 OK"
2026-06-13 21:26:06,218 - httpx - INFO - HTTP Request: GET https://datafeed.dukascopy.com/datafeed/EURUSD/2026/04/31/19h_ticks.bi5 "HTTP/1.1 503 Service Temporarily Unavailable"
2026-06-13 21:26:06,230 - httpx - INFO - HTTP Request: GET https://datafeed.dukascopy.com/datafeed/EURUSD/2026/04/31/08h_ticks.bi5 "HTTP/1.1 503 Service Temporarily Unavailable"
2026-06-13 21:26:06,245 - httpx - INFO - HTTP Request: GET https://datafeed.dukascopy.com/datafeed/EURUSD/2026/04/31/21h_ticks.bi5 "HTTP/1.1 503 Service Temporarily Unavailable"
2026-06-13 21:26:06,267 - httpx - INFO - HTTP Request: GET https://datafeed.dukascopy.com/datafeed/EURUSD/2026/04/18/23h_ticks.bi5 "HTTP/1.1 200 OK"
2026-06-13 21:26:06,433 - httpx - INFO - HTTP Request: GET https://datafeed.dukascopy.com/datafeed/EURUSD/2026/04/17/01h_ticks.bi5 "HTTP/1.1 503 Service Temporarily Unavailable"
2026-06-13 21:26:06,447 - httpx - INFO - HTTP Request: GET https://datafeed.dukascopy.com/datafeed/EURUSD/2026/04/17/04h_ticks.bi5 "HTTP/1.1 503 Service Temporarily Unavailable"
2026-06-13 21:26:06,456 - httpx - INFO - HTTP Request: GET https://datafeed.dukascopy.com/datafeed/EURUSD/2026/04/17/07h_ticks.bi5 "HTTP/1.1 503 Service Temporarily Unavailable"
2026-06-13 21:26:06,469 - httpx - INFO - HTTP Request: GET https://datafeed.dukascopy.com/datafeed/EURUSD/2026/04/17/03h_ticks.bi5 "HTTP/1.1 503 Service Temporarily Unavailable"
2026-06-13 21:26:06,471 - httpx - INFO - HTTP Request: GET https://datafeed.dukascopy.com/datafeed/EURUSD/2026/04/31/00h_ticks.bi5 "HTTP/1.1 200 OK"
2026-06-13 21:26:06,489 - httpx - INFO - HTTP Request: GET https://datafeed.dukascopy.com/datafeed/EURUSD/2026/04/17/12h_ticks.bi5 "HTTP/1.1 503 Service Temporarily Unavailable"
2026-06-13 21:26:06,510 - httpx - INFO - HTTP Request: GET https://datafeed.dukascopy.com/datafeed/EURUSD/2026/04/17/17h_ticks.bi5 "HTTP/1.1 503 Service Temporarily Unavailable"
2026-06-13 21:26:06,529 - httpx - INFO - HTTP Request: GET https://datafeed.dukascopy.com/datafeed/EURUSD/2026/04/17/02h_ticks.bi5 "HTTP/1.1 503 Service Temporarily Unavailable"
2026-06-13 21:26:06,539 - httpx - INFO - HTTP Request: GET https://datafeed.dukascopy.com/datafeed/EURUSD/2026/04/17/10h_ticks.bi5 "HTTP/1.1 503 Service Temporarily Unavailable"
2026-06-13 21:26:06,551 - httpx - INFO - HTTP Request: GET https://datafeed.dukascopy.com/datafeed/EURUSD/2026/04/17/05h_ticks.bi5 "HTTP/1.1 503 Service Temporarily Unavailable"
2026-06-13 21:26:06,564 - httpx - INFO - HTTP Request: GET https://datafeed.dukascopy.com/datafeed/EURUSD/2026/04/17/16h_ticks.bi5 "HTTP/1.1 503 Service Temporarily Unavailable"
2026-06-13 21:26:06,575 - httpx - INFO - HTTP Request: GET https://datafeed.dukascopy.com/datafeed/EURUSD/2026/04/17/23h_ticks.bi5 "HTTP/1.1 503 Service Temporarily Unavailable"
2026-06-13 21:26:06,587 - httpx - INFO - HTTP Request: GET https://datafeed.dukascopy.com/datafeed/EURUSD/2026/04/17/18h_ticks.bi5 "HTTP/1.1 503 Service Temporarily Unavailable"
2026-06-13 21:26:06,610 - httpx - INFO - HTTP Request: GET https://datafeed.dukascopy.com/datafeed/EURUSD/2026/04/17/22h_ticks.bi5 "HTTP/1.1 503 Service Temporarily Unavailable"
2026-06-13 21:26:06,613 - httpx - INFO - HTTP Request: GET https://datafeed.dukascopy.com/datafeed/EURUSD/2026/04/17/13h_ticks.bi5 "HTTP/1.1 503 Service Temporarily Unavailable"
2026-06-13 21:26:06,616 - httpx - INFO - HTTP Request: GET https://datafeed.dukascopy.com/datafeed/EURUSD/2026/04/17/08h_ticks.bi5 "HTTP/1.1 503 Service Temporarily Unavailable"
2026-06-13 21:26:06,626 - httpx - INFO - HTTP Request: GET https://datafeed.dukascopy.com/datafeed/EURUSD/2026/04/17/15h_ticks.bi5 "HTTP/1.1 503 Service Temporarily Unavailable"
2026-06-13 21:26:06,648 - httpx - INFO - HTTP Request: GET https://datafeed.dukascopy.com/datafeed/EURUSD/2026/04/17/20h_ticks.bi5 "HTTP/1.1 503 Service Temporarily Unavailable"
2026-06-13 21:26:06,651 - httpx - INFO - HTTP Request: GET https://datafeed.dukascopy.com/datafeed/EURUSD/2026/04/17/14h_ticks.bi5 "HTTP/1.1 503 Service Temporarily Unavailable"
2026-06-13 21:26:06,655 - httpx - INFO - HTTP Request: GET https://datafeed.dukascopy.com/datafeed/EURUSD/2026/04/17/11h_ticks.bi5 "HTTP/1.1 503 Service Temporarily Unavailable"
2026-06-13 21:26:06,662 - httpx - INFO - HTTP Request: GET https://datafeed.dukascopy.com/datafeed/EURUSD/2026/04/17/09h_ticks.bi5 "HTTP/1.1 503 Service Temporarily Unavailable"
2026-06-13 21:26:06,665 - httpx - INFO - HTTP Request: GET https://datafeed.dukascopy.com/datafeed/EURUSD/2026/04/17/19h_ticks.bi5 "HTTP/1.1 503 Service Temporarily Unavailable"
2026-06-13 21:26:06,668 - httpx - INFO - HTTP Request: GET https://datafeed.dukascopy.com/datafeed/EURUSD/2026/04/17/21h_ticks.bi5 "HTTP/1.1 503 Service Temporarily Unavailable"
2026-06-13 21:26:06,669 - httpx - INFO - HTTP Request: GET https://datafeed.dukascopy.com/datafeed/EURUSD/2026/04/31/01h_ticks.bi5 "HTTP/1.1 200 OK"
2026-06-13 21:26:06,867 - httpx - INFO - HTTP Request: GET https://datafeed.dukascopy.com/datafeed/EURUSD/2026/04/31/04h_ticks.bi5 "HTTP/1.1 200 OK"
2026-06-13 21:26:07,070 - httpx - INFO - HTTP Request: GET https://datafeed.dukascopy.com/datafeed/EURUSD/2026/04/31/07h_ticks.bi5 "HTTP/1.1 200 OK"
2026-06-13 21:26:07,266 - httpx - INFO - HTTP Request: GET https://datafeed.dukascopy.com/datafeed/EURUSD/2026/04/31/03h_ticks.bi5 "HTTP/1.1 200 OK"
2026-06-13 21:26:07,508 - httpx - INFO - HTTP Request: GET https://datafeed.dukascopy.com/datafeed/EURUSD/2026/04/31/12h_ticks.bi5 "HTTP/1.1 200 OK"
2026-06-13 21:26:07,667 - httpx - INFO - HTTP Request: GET https://datafeed.dukascopy.com/datafeed/EURUSD/2026/04/31/06h_ticks.bi5 "HTTP/1.1 200 OK"
2026-06-13 21:26:07,872 - httpx - INFO - HTTP Request: GET https://datafeed.dukascopy.com/datafeed/EURUSD/2026/04/31/17h_ticks.bi5 "HTTP/1.1 200 OK"
2026-06-13 21:26:08,067 - httpx - INFO - HTTP Request: GET https://datafeed.dukascopy.com/datafeed/EURUSD/2026/04/31/02h_ticks.bi5 "HTTP/1.1 200 OK"
2026-06-13 21:26:08,268 - httpx - INFO - HTTP Request: GET https://datafeed.dukascopy.com/datafeed/EURUSD/2026/04/31/10h_ticks.bi5 "HTTP/1.1 200 OK"
2026-06-13 21:26:08,470 - httpx - INFO - HTTP Request: GET https://datafeed.dukascopy.com/datafeed/EURUSD/2026/04/31/05h_ticks.bi5 "HTTP/1.1 200 OK"
2026-06-13 21:26:08,673 - httpx - INFO - HTTP Request: GET https://datafeed.dukascopy.com/datafeed/EURUSD/2026/04/31/16h_ticks.bi5 "HTTP/1.1 200 OK"
2026-06-13 21:26:08,878 - httpx - INFO - HTTP Request: GET https://datafeed.dukascopy.com/datafeed/EURUSD/2026/04/31/23h_ticks.bi5 "HTTP/1.1 200 OK"
2026-06-13 21:26:09,075 - httpx - INFO - HTTP Request: GET https://datafeed.dukascopy.com/datafeed/EURUSD/2026/04/31/11h_ticks.bi5 "HTTP/1.1 200 OK"
2026-06-13 21:26:09,266 - httpx - INFO - HTTP Request: GET https://datafeed.dukascopy.com/datafeed/EURUSD/2026/04/17/00h_ticks.bi5 "HTTP/1.1 200 OK"
2026-06-13 21:26:09,391 - httpx - INFO - HTTP Request: GET https://datafeed.dukascopy.com/datafeed/EURUSD/2026/04/30/22h_ticks.bi5 "HTTP/1.1 503 Service Temporarily Unavailable"
2026-06-13 21:26:09,404 - httpx - INFO - HTTP Request: GET https://datafeed.dukascopy.com/datafeed/EURUSD/2026/04/30/13h_ticks.bi5 "HTTP/1.1 503 Service Temporarily Unavailable"
2026-06-13 21:26:09,407 - httpx - INFO - HTTP Request: GET https://datafeed.dukascopy.com/datafeed/EURUSD/2026/04/30/15h_ticks.bi5 "HTTP/1.1 503 Service Temporarily Unavailable"
2026-06-13 21:26:09,413 - httpx - INFO - HTTP Request: GET https://datafeed.dukascopy.com/datafeed/EURUSD/2026/04/30/20h_ticks.bi5 "HTTP/1.1 503 Service Temporarily Unavailable"
2026-06-13 21:26:09,426 - httpx - INFO - HTTP Request: GET https://datafeed.dukascopy.com/datafeed/EURUSD/2026/04/30/09h_ticks.bi5 "HTTP/1.1 503 Service Temporarily Unavailable"
2026-06-13 21:26:09,429 - httpx - INFO - HTTP Request: GET https://datafeed.dukascopy.com/datafeed/EURUSD/2026/04/30/14h_ticks.bi5 "HTTP/1.1 503 Service Temporarily Unavailable"
2026-06-13 21:26:09,467 - httpx - INFO - HTTP Request: GET https://datafeed.dukascopy.com/datafeed/EURUSD/2026/04/17/06h_ticks.bi5 "HTTP/1.1 200 OK"
2026-06-13 21:26:09,604 - httpx - INFO - HTTP Request: GET https://datafeed.dukascopy.com/datafeed/EURUSD/2026/04/30/11h_ticks.bi5 "HTTP/1.1 503 Service Temporarily Unavailable"
2026-06-13 21:26:09,612 - httpx - INFO - HTTP Request: GET https://datafeed.dukascopy.com/datafeed/EURUSD/2026/04/30/21h_ticks.bi5 "HTTP/1.1 503 Service Temporarily Unavailable"
2026-06-13 21:26:09,632 - httpx - INFO - HTTP Request: GET https://datafeed.dukascopy.com/datafeed/EURUSD/2026/04/16/01h_ticks.bi5 "HTTP/1.1 503 Service Temporarily Unavailable"
2026-06-13 21:26:09,634 - httpx - INFO - HTTP Request: GET https://datafeed.dukascopy.com/datafeed/EURUSD/2026/04/30/19h_ticks.bi5 "HTTP/1.1 503 Service Temporarily Unavailable"
2026-06-13 21:26:09,637 - httpx - INFO - HTTP Request: GET https://datafeed.dukascopy.com/datafeed/EURUSD/2026/04/30/08h_ticks.bi5 "HTTP/1.1 503 Service Temporarily Unavailable"
2026-06-13 21:26:09,649 - httpx - INFO - HTTP Request: GET https://datafeed.dukascopy.com/datafeed/EURUSD/2026/04/16/04h_ticks.bi5 "HTTP/1.1 503 Service Temporarily Unavailable"
2026-06-13 21:26:09,657 - httpx - INFO - HTTP Request: GET https://datafeed.dukascopy.com/datafeed/EURUSD/2026/04/16/07h_ticks.bi5 "HTTP/1.1 503 Service Temporarily Unavailable"
2026-06-13 21:26:09,660 - httpx - INFO - HTTP Request: GET https://datafeed.dukascopy.com/datafeed/EURUSD/2026/04/16/03h_ticks.bi5 "HTTP/1.1 503 Service Temporarily Unavailable"
2026-06-13 21:26:09,677 - httpx - INFO - HTTP Request: GET https://datafeed.dukascopy.com/datafeed/EURUSD/2026/04/30/00h_ticks.bi5 "HTTP/1.1 200 OK"
2026-06-13 21:26:09,682 - httpx - INFO - HTTP Request: GET https://datafeed.dukascopy.com/datafeed/EURUSD/2026/04/16/12h_ticks.bi5 "HTTP/1.1 503 Service Temporarily Unavailable"
2026-06-13 21:26:09,689 - httpx - INFO - HTTP Request: GET https://datafeed.dukascopy.com/datafeed/EURUSD/2026/04/16/06h_ticks.bi5 "HTTP/1.1 503 Service Temporarily Unavailable"
2026-06-13 21:26:09,710 - httpx - INFO - HTTP Request: GET https://datafeed.dukascopy.com/datafeed/EURUSD/2026/04/16/02h_ticks.bi5 "HTTP/1.1 503 Service Temporarily Unavailable"
2026-06-13 21:26:09,723 - httpx - INFO - HTTP Request: GET https://datafeed.dukascopy.com/datafeed/EURUSD/2026/04/16/10h_ticks.bi5 "HTTP/1.1 503 Service Temporarily Unavailable"
2026-06-13 21:26:09,745 - httpx - INFO - HTTP Request: GET https://datafeed.dukascopy.com/datafeed/EURUSD/2026/04/16/05h_ticks.bi5 "HTTP/1.1 503 Service Temporarily Unavailable"
2026-06-13 21:26:09,750 - httpx - INFO - HTTP Request: GET https://datafeed.dukascopy.com/datafeed/EURUSD/2026/04/16/16h_ticks.bi5 "HTTP/1.1 503 Service Temporarily Unavailable"
2026-06-13 21:26:09,759 - httpx - INFO - HTTP Request: GET https://datafeed.dukascopy.com/datafeed/EURUSD/2026/04/16/23h_ticks.bi5 "HTTP/1.1 503 Service Temporarily Unavailable"
2026-06-13 21:26:09,762 - httpx - INFO - HTTP Request: GET https://datafeed.dukascopy.com/datafeed/EURUSD/2026/04/16/19h_ticks.bi5 "HTTP/1.1 503 Service Temporarily Unavailable"
2026-06-13 21:26:09,772 - httpx - INFO - HTTP Request: GET https://datafeed.dukascopy.com/datafeed/EURUSD/2026/04/16/21h_ticks.bi5 "HTTP/1.1 503 Service Temporarily Unavailable"
2026-06-13 21:26:09,788 - httpx - INFO - HTTP Request: GET https://datafeed.dukascopy.com/datafeed/EURUSD/2026/04/16/14h_ticks.bi5 "HTTP/1.1 503 Service Temporarily Unavailable"
2026-06-13 21:26:09,804 - httpx - INFO - HTTP Request: GET https://datafeed.dukascopy.com/datafeed/EURUSD/2026/04/16/09h_ticks.bi5 "HTTP/1.1 503 Service Temporarily Unavailable"
2026-06-13 21:26:09,807 - httpx - INFO - HTTP Request: GET https://datafeed.dukascopy.com/datafeed/EURUSD/2026/04/16/13h_ticks.bi5 "HTTP/1.1 503 Service Temporarily Unavailable"
2026-06-13 21:26:09,824 - httpx - INFO - HTTP Request: GET https://datafeed.dukascopy.com/datafeed/EURUSD/2026/04/16/22h_ticks.bi5 "HTTP/1.1 503 Service Temporarily Unavailable"
2026-06-13 21:26:09,827 - httpx - INFO - HTTP Request: GET https://datafeed.dukascopy.com/datafeed/EURUSD/2026/04/16/15h_ticks.bi5 "HTTP/1.1 503 Service Temporarily Unavailable"
2026-06-13 21:26:09,831 - httpx - INFO - HTTP Request: GET https://datafeed.dukascopy.com/datafeed/EURUSD/2026/04/16/08h_ticks.bi5 "HTTP/1.1 503 Service Temporarily Unavailable"
2026-06-13 21:26:09,875 - httpx - INFO - HTTP Request: GET https://datafeed.dukascopy.com/datafeed/EURUSD/2026/04/30/01h_ticks.bi5 "HTTP/1.1 200 OK"
2026-06-13 21:26:09,877 - httpx - INFO - HTTP Request: GET https://datafeed.dukascopy.com/datafeed/EURUSD/2026/04/16/11h_ticks.bi5 "HTTP/1.1 503 Service Temporarily Unavailable"
2026-06-13 21:26:09,880 - httpx - INFO - HTTP Request: GET https://datafeed.dukascopy.com/datafeed/EURUSD/2026/04/16/18h_ticks.bi5 "HTTP/1.1 503 Service Temporarily Unavailable"
2026-06-13 21:26:10,068 - httpx - INFO - HTTP Request: GET https://datafeed.dukascopy.com/datafeed/EURUSD/2026/04/30/04h_ticks.bi5 "HTTP/1.1 200 OK"
2026-06-13 21:26:10,291 - httpx - INFO - HTTP Request: GET https://datafeed.dukascopy.com/datafeed/EURUSD/2026/04/30/07h_ticks.bi5 "HTTP/1.1 200 OK"
2026-06-13 21:26:10,466 - httpx - INFO - HTTP Request: GET https://datafeed.dukascopy.com/datafeed/EURUSD/2026/04/30/03h_ticks.bi5 "HTTP/1.1 200 OK"
2026-06-13 21:26:10,669 - httpx - INFO - HTTP Request: GET https://datafeed.dukascopy.com/datafeed/EURUSD/2026/04/30/12h_ticks.bi5 "HTTP/1.1 200 OK"
2026-06-13 21:26:10,870 - httpx - INFO - HTTP Request: GET https://datafeed.dukascopy.com/datafeed/EURUSD/2026/04/30/06h_ticks.bi5 "HTTP/1.1 200 OK"
2026-06-13 21:26:11,066 - httpx - INFO - HTTP Request: GET https://datafeed.dukascopy.com/datafeed/EURUSD/2026/04/30/17h_ticks.bi5 "HTTP/1.1 200 OK"
2026-06-13 21:26:11,269 - httpx - INFO - HTTP Request: GET https://datafeed.dukascopy.com/datafeed/EURUSD/2026/04/30/02h_ticks.bi5 "HTTP/1.1 200 OK"
2026-06-13 21:26:11,467 - httpx - INFO - HTTP Request: GET https://datafeed.dukascopy.com/datafeed/EURUSD/2026/04/30/10h_ticks.bi5 "HTTP/1.1 200 OK"
2026-06-13 21:26:11,665 - httpx - INFO - HTTP Request: GET https://datafeed.dukascopy.com/datafeed/EURUSD/2026/04/30/05h_ticks.bi5 "HTTP/1.1 200 OK"
2026-06-13 21:26:11,867 - httpx - INFO - HTTP Request: GET https://datafeed.dukascopy.com/datafeed/EURUSD/2026/04/30/16h_ticks.bi5 "HTTP/1.1 200 OK"
2026-06-13 21:26:12,067 - httpx - INFO - HTTP Request: GET https://datafeed.dukascopy.com/datafeed/EURUSD/2026/04/30/23h_ticks.bi5 "HTTP/1.1 200 OK"
2026-06-13 21:26:12,267 - httpx - INFO - HTTP Request: GET https://datafeed.dukascopy.com/datafeed/EURUSD/2026/04/30/18h_ticks.bi5 "HTTP/1.1 200 OK"
2026-06-13 21:26:12,464 - httpx - INFO - HTTP Request: GET https://datafeed.dukascopy.com/datafeed/EURUSD/2026/04/16/00h_ticks.bi5 "HTTP/1.1 200 OK"
2026-06-13 21:26:12,656 - httpx - INFO - HTTP Request: GET https://datafeed.dukascopy.com/datafeed/EURUSD/2026/04/29/18h_ticks.bi5 "HTTP/1.1 503 Service Temporarily Unavailable"
2026-06-13 21:26:12,660 - httpx - INFO - HTTP Request: GET https://datafeed.dukascopy.com/datafeed/EURUSD/2026/04/29/22h_ticks.bi5 "HTTP/1.1 503 Service Temporarily Unavailable"
2026-06-13 21:26:12,663 - httpx - INFO - HTTP Request: GET https://datafeed.dukascopy.com/datafeed/EURUSD/2026/04/29/13h_ticks.bi5 "HTTP/1.1 503 Service Temporarily Unavailable"
2026-06-13 21:26:12,664 - httpx - INFO - HTTP Request: GET https://datafeed.dukascopy.com/datafeed/EURUSD/2026/04/29/15h_ticks.bi5 "HTTP/1.1 503 Service Temporarily Unavailable"
2026-06-13 21:26:12,667 - httpx - INFO - HTTP Request: GET https://datafeed.dukascopy.com/datafeed/EURUSD/2026/04/16/17h_ticks.bi5 "HTTP/1.1 200 OK"
2026-06-13 21:26:12,669 - httpx - INFO - HTTP Request: GET https://datafeed.dukascopy.com/datafeed/EURUSD/2026/04/29/20h_ticks.bi5 "HTTP/1.1 503 Service Temporarily Unavailable"
2026-06-13 21:26:12,671 - httpx - INFO - HTTP Request: GET https://datafeed.dukascopy.com/datafeed/EURUSD/2026/04/29/09h_ticks.bi5 "HTTP/1.1 503 Service Temporarily Unavailable"
2026-06-13 21:26:12,673 - httpx - INFO - HTTP Request: GET https://datafeed.dukascopy.com/datafeed/EURUSD/2026/04/29/14h_ticks.bi5 "HTTP/1.1 503 Service Temporarily Unavailable"
2026-06-13 21:26:12,850 - httpx - INFO - HTTP Request: GET https://datafeed.dukascopy.com/datafeed/EURUSD/2026/04/29/21h_ticks.bi5 "HTTP/1.1 503 Service Temporarily Unavailable"
2026-06-13 21:26:12,853 - httpx - INFO - HTTP Request: GET https://datafeed.dukascopy.com/datafeed/EURUSD/2026/04/29/08h_ticks.bi5 "HTTP/1.1 503 Service Temporarily Unavailable"
2026-06-13 21:26:12,856 - httpx - INFO - HTTP Request: GET https://datafeed.dukascopy.com/datafeed/EURUSD/2026/04/29/19h_ticks.bi5 "HTTP/1.1 503 Service Temporarily Unavailable"
2026-06-13 21:26:12,866 - httpx - INFO - HTTP Request: GET https://datafeed.dukascopy.com/datafeed/EURUSD/2026/04/16/20h_ticks.bi5 "HTTP/1.1 200 OK"
2026-06-13 21:26:13,024 - httpx - INFO - HTTP Request: GET https://datafeed.dukascopy.com/datafeed/EURUSD/2026/04/15/01h_ticks.bi5 "HTTP/1.1 503 Service Temporarily Unavailable"
2026-06-13 21:26:13,038 - httpx - INFO - HTTP Request: GET https://datafeed.dukascopy.com/datafeed/EURUSD/2026/04/15/04h_ticks.bi5 "HTTP/1.1 503 Service Temporarily Unavailable"
2026-06-13 21:26:13,044 - httpx - INFO - HTTP Request: GET https://datafeed.dukascopy.com/datafeed/EURUSD/2026/04/15/07h_ticks.bi5 "HTTP/1.1 503 Service Temporarily Unavailable"
2026-06-13 21:26:13,060 - httpx - INFO - HTTP Request: GET https://datafeed.dukascopy.com/datafeed/EURUSD/2026/04/15/03h_ticks.bi5 "HTTP/1.1 503 Service Temporarily Unavailable"
2026-06-13 21:26:13,070 - httpx - INFO - HTTP Request: GET https://datafeed.dukascopy.com/datafeed/EURUSD/2026/04/29/00h_ticks.bi5 "HTTP/1.1 200 OK"
2026-06-13 21:26:13,071 - httpx - INFO - HTTP Request: GET https://datafeed.dukascopy.com/datafeed/EURUSD/2026/04/15/12h_ticks.bi5 "HTTP/1.1 503 Service Temporarily Unavailable"
2026-06-13 21:26:13,082 - httpx - INFO - HTTP Request: GET https://datafeed.dukascopy.com/datafeed/EURUSD/2026/04/15/06h_ticks.bi5 "HTTP/1.1 503 Service Temporarily Unavailable"
2026-06-13 21:26:13,107 - httpx - INFO - HTTP Request: GET https://datafeed.dukascopy.com/datafeed/EURUSD/2026/04/15/02h_ticks.bi5 "HTTP/1.1 503 Service Temporarily Unavailable"
2026-06-13 21:26:13,120 - httpx - INFO - HTTP Request: GET https://datafeed.dukascopy.com/datafeed/EURUSD/2026/04/15/10h_ticks.bi5 "HTTP/1.1 503 Service Temporarily Unavailable"
2026-06-13 21:26:13,132 - httpx - INFO - HTTP Request: GET https://datafeed.dukascopy.com/datafeed/EURUSD/2026/04/15/05h_ticks.bi5 "HTTP/1.1 503 Service Temporarily Unavailable"
2026-06-13 21:26:13,139 - httpx - INFO - HTTP Request: GET https://datafeed.dukascopy.com/datafeed/EURUSD/2026/04/15/19h_ticks.bi5 "HTTP/1.1 503 Service Temporarily Unavailable"
2026-06-13 21:26:13,153 - httpx - INFO - HTTP Request: GET https://datafeed.dukascopy.com/datafeed/EURUSD/2026/04/15/13h_ticks.bi5 "HTTP/1.1 503 Service Temporarily Unavailable"
2026-06-13 21:26:13,163 - httpx - INFO - HTTP Request: GET https://datafeed.dukascopy.com/datafeed/EURUSD/2026/04/15/09h_ticks.bi5 "HTTP/1.1 503 Service Temporarily Unavailable"
2026-06-13 21:26:13,169 - httpx - INFO - HTTP Request: GET https://datafeed.dukascopy.com/datafeed/EURUSD/2026/04/15/14h_ticks.bi5 "HTTP/1.1 503 Service Temporarily Unavailable"
2026-06-13 21:26:13,181 - httpx - INFO - HTTP Request: GET https://datafeed.dukascopy.com/datafeed/EURUSD/2026/04/15/20h_ticks.bi5 "HTTP/1.1 503 Service Temporarily Unavailable"
2026-06-13 21:26:13,190 - httpx - INFO - HTTP Request: GET https://datafeed.dukascopy.com/datafeed/EURUSD/2026/04/15/21h_ticks.bi5 "HTTP/1.1 503 Service Temporarily Unavailable"
2026-06-13 21:26:13,216 - httpx - INFO - HTTP Request: GET https://datafeed.dukascopy.com/datafeed/EURUSD/2026/04/15/11h_ticks.bi5 "HTTP/1.1 503 Service Temporarily Unavailable"
2026-06-13 21:26:13,220 - httpx - INFO - HTTP Request: GET https://datafeed.dukascopy.com/datafeed/EURUSD/2026/04/15/16h_ticks.bi5 "HTTP/1.1 503 Service Temporarily Unavailable"
2026-06-13 21:26:13,223 - httpx - INFO - HTTP Request: GET https://datafeed.dukascopy.com/datafeed/EURUSD/2026/04/15/15h_ticks.bi5 "HTTP/1.1 503 Service Temporarily Unavailable"
2026-06-13 21:26:13,229 - httpx - INFO - HTTP Request: GET https://datafeed.dukascopy.com/datafeed/EURUSD/2026/04/15/23h_ticks.bi5 "HTTP/1.1 503 Service Temporarily Unavailable"
2026-06-13 21:26:13,243 - httpx - INFO - HTTP Request: GET https://datafeed.dukascopy.com/datafeed/EURUSD/2026/04/15/22h_ticks.bi5 "HTTP/1.1 503 Service Temporarily Unavailable"
2026-06-13 21:26:13,248 - httpx - INFO - HTTP Request: GET https://datafeed.dukascopy.com/datafeed/EURUSD/2026/04/15/08h_ticks.bi5 "HTTP/1.1 503 Service Temporarily Unavailable"
2026-06-13 21:26:13,251 - httpx - INFO - HTTP Request: GET https://datafeed.dukascopy.com/datafeed/EURUSD/2026/04/15/18h_ticks.bi5 "HTTP/1.1 503 Service Temporarily Unavailable"
2026-06-13 21:26:13,297 - httpx - INFO - HTTP Request: GET https://datafeed.dukascopy.com/datafeed/EURUSD/2026/04/29/01h_ticks.bi5 "HTTP/1.1 200 OK"
2026-06-13 21:26:13,471 - httpx - INFO - HTTP Request: GET https://datafeed.dukascopy.com/datafeed/EURUSD/2026/04/29/04h_ticks.bi5 "HTTP/1.1 200 OK"
2026-06-13 21:26:13,739 - httpx - INFO - HTTP Request: GET https://datafeed.dukascopy.com/datafeed/EURUSD/2026/04/29/07h_ticks.bi5 "HTTP/1.1 200 OK"
2026-06-13 21:26:13,869 - httpx - INFO - HTTP Request: GET https://datafeed.dukascopy.com/datafeed/EURUSD/2026/04/29/03h_ticks.bi5 "HTTP/1.1 200 OK"
2026-06-13 21:26:14,076 - httpx - INFO - HTTP Request: GET https://datafeed.dukascopy.com/datafeed/EURUSD/2026/04/29/12h_ticks.bi5 "HTTP/1.1 200 OK"
2026-06-13 21:26:14,273 - httpx - INFO - HTTP Request: GET https://datafeed.dukascopy.com/datafeed/EURUSD/2026/04/29/06h_ticks.bi5 "HTTP/1.1 200 OK"
2026-06-13 21:26:14,475 - httpx - INFO - HTTP Request: GET https://datafeed.dukascopy.com/datafeed/EURUSD/2026/04/29/17h_ticks.bi5 "HTTP/1.1 200 OK"
2026-06-13 21:26:14,674 - httpx - INFO - HTTP Request: GET https://datafeed.dukascopy.com/datafeed/EURUSD/2026/04/29/02h_ticks.bi5 "HTTP/1.1 200 OK"
2026-06-13 21:26:14,870 - httpx - INFO - HTTP Request: GET https://datafeed.dukascopy.com/datafeed/EURUSD/2026/04/29/10h_ticks.bi5 "HTTP/1.1 200 OK"
2026-06-13 21:26:15,073 - httpx - INFO - HTTP Request: GET https://datafeed.dukascopy.com/datafeed/EURUSD/2026/04/29/05h_ticks.bi5 "HTTP/1.1 200 OK"
2026-06-13 21:26:15,344 - httpx - INFO - HTTP Request: GET https://datafeed.dukascopy.com/datafeed/EURUSD/2026/04/29/16h_ticks.bi5 "HTTP/1.1 200 OK"
2026-06-13 21:26:15,469 - httpx - INFO - HTTP Request: GET https://datafeed.dukascopy.com/datafeed/EURUSD/2026/04/29/23h_ticks.bi5 "HTTP/1.1 200 OK"
2026-06-13 21:26:15,675 - httpx - INFO - HTTP Request: GET https://datafeed.dukascopy.com/datafeed/EURUSD/2026/04/29/11h_ticks.bi5 "HTTP/1.1 200 OK"
2026-06-13 21:26:15,879 - httpx - INFO - HTTP Request: GET https://datafeed.dukascopy.com/datafeed/EURUSD/2026/04/15/00h_ticks.bi5 "HTTP/1.1 200 OK"
2026-06-13 21:26:16,011 - httpx - INFO - HTTP Request: GET https://datafeed.dukascopy.com/datafeed/EURUSD/2026/04/28/22h_ticks.bi5 "HTTP/1.1 503 Service Temporarily Unavailable"
2026-06-13 21:26:16,016 - httpx - INFO - HTTP Request: GET https://datafeed.dukascopy.com/datafeed/EURUSD/2026/04/28/13h_ticks.bi5 "HTTP/1.1 503 Service Temporarily Unavailable"
2026-06-13 21:26:16,021 - httpx - INFO - HTTP Request: GET https://datafeed.dukascopy.com/datafeed/EURUSD/2026/04/28/15h_ticks.bi5 "HTTP/1.1 503 Service Temporarily Unavailable"
2026-06-13 21:26:16,031 - httpx - INFO - HTTP Request: GET https://datafeed.dukascopy.com/datafeed/EURUSD/2026/04/28/20h_ticks.bi5 "HTTP/1.1 503 Service Temporarily Unavailable"
2026-06-13 21:26:16,040 - httpx - INFO - HTTP Request: GET https://datafeed.dukascopy.com/datafeed/EURUSD/2026/04/28/09h_ticks.bi5 "HTTP/1.1 503 Service Temporarily Unavailable"
2026-06-13 21:26:16,050 - httpx - INFO - HTTP Request: GET https://datafeed.dukascopy.com/datafeed/EURUSD/2026/04/28/14h_ticks.bi5 "HTTP/1.1 503 Service Temporarily Unavailable"
2026-06-13 21:26:16,074 - httpx - INFO - HTTP Request: GET https://datafeed.dukascopy.com/datafeed/EURUSD/2026/04/15/17h_ticks.bi5 "HTTP/1.1 200 OK"
2026-06-13 21:26:16,264 - httpx - INFO - HTTP Request: GET https://datafeed.dukascopy.com/datafeed/EURUSD/2026/04/28/19h_ticks.bi5 "HTTP/1.1 503 Service Temporarily Unavailable"
2026-06-13 21:26:16,271 - httpx - INFO - HTTP Request: GET https://datafeed.dukascopy.com/datafeed/EURUSD/2026/04/28/00h_ticks.bi5 "HTTP/1.1 200 OK"
2026-06-13 21:26:16,285 - httpx - INFO - HTTP Request: GET https://datafeed.dukascopy.com/datafeed/EURUSD/2026/04/28/21h_ticks.bi5 "HTTP/1.1 503 Service Temporarily Unavailable"
2026-06-13 21:26:16,471 - httpx - INFO - HTTP Request: GET https://datafeed.dukascopy.com/datafeed/EURUSD/2026/04/28/01h_ticks.bi5 "HTTP/1.1 200 OK"
2026-06-13 21:26:16,680 - httpx - INFO - HTTP Request: GET https://datafeed.dukascopy.com/datafeed/EURUSD/2026/04/28/04h_ticks.bi5 "HTTP/1.1 200 OK"
2026-06-13 21:26:16,867 - httpx - INFO - HTTP Request: GET https://datafeed.dukascopy.com/datafeed/EURUSD/2026/04/28/07h_ticks.bi5 "HTTP/1.1 200 OK"
2026-06-13 21:26:17,077 - httpx - INFO - HTTP Request: GET https://datafeed.dukascopy.com/datafeed/EURUSD/2026/04/28/03h_ticks.bi5 "HTTP/1.1 200 OK"
2026-06-13 21:26:17,343 - httpx - INFO - HTTP Request: GET https://datafeed.dukascopy.com/datafeed/EURUSD/2026/04/28/12h_ticks.bi5 "HTTP/1.1 200 OK"
2026-06-13 21:26:17,469 - httpx - INFO - HTTP Request: GET https://datafeed.dukascopy.com/datafeed/EURUSD/2026/04/28/06h_ticks.bi5 "HTTP/1.1 200 OK"
2026-06-13 21:26:17,669 - httpx - INFO - HTTP Request: GET https://datafeed.dukascopy.com/datafeed/EURUSD/2026/04/28/17h_ticks.bi5 "HTTP/1.1 200 OK"
2026-06-13 21:26:17,868 - httpx - INFO - HTTP Request: GET https://datafeed.dukascopy.com/datafeed/EURUSD/2026/04/28/02h_ticks.bi5 "HTTP/1.1 200 OK"
2026-06-13 21:26:18,076 - httpx - INFO - HTTP Request: GET https://datafeed.dukascopy.com/datafeed/EURUSD/2026/04/28/10h_ticks.bi5 "HTTP/1.1 200 OK"
2026-06-13 21:26:18,410 - httpx - INFO - HTTP Request: GET https://datafeed.dukascopy.com/datafeed/EURUSD/2026/04/28/05h_ticks.bi5 "HTTP/1.1 200 OK"
2026-06-13 21:26:18,565 - httpx - INFO - HTTP Request: GET https://datafeed.dukascopy.com/datafeed/EURUSD/2026/04/28/16h_ticks.bi5 "HTTP/1.1 200 OK"
2026-06-13 21:26:18,673 - httpx - INFO - HTTP Request: GET https://datafeed.dukascopy.com/datafeed/EURUSD/2026/04/28/23h_ticks.bi5 "HTTP/1.1 200 OK"
2026-06-13 21:26:18,875 - httpx - INFO - HTTP Request: GET https://datafeed.dukascopy.com/datafeed/EURUSD/2026/04/28/18h_ticks.bi5 "HTTP/1.1 200 OK"
2026-06-13 21:26:19,077 - httpx - INFO - HTTP Request: GET https://datafeed.dukascopy.com/datafeed/EURUSD/2026/04/28/11h_ticks.bi5 "HTTP/1.1 200 OK"
2026-06-13 21:26:19,272 - httpx - INFO - HTTP Request: GET https://datafeed.dukascopy.com/datafeed/EURUSD/2026/04/28/08h_ticks.bi5 "HTTP/1.1 200 OK"
2026-06-13 21:26:19,406 - AnomalyDetector - WARNING - ANOMALY DETECTED for GBPUSD: ['ema_9', 'ema_21', 'ema_50', 'ema_200', 'bb_upper', 'bb_middle', 'bb_lower', 'tenkan', 'kijun', 'senkou_a', 'senkou_b', 'pivot', 'r1', 's1', 'r2', 's2', 'r3', 's3', 'vwap']
2026-06-13 21:26:19,488 - httpx - INFO - HTTP Request: GET https://datafeed.dukascopy.com/datafeed/EURUSD/2026/04/27/00h_ticks.bi5 "HTTP/1.1 200 OK"
2026-06-13 21:26:19,533 - RiskManager - WARNING - Risk Check: R:R ratio too low for GBPUSD. Trade blocked.
2026-06-13 21:26:19,534 - DecisionEngine - WARNING - Raising confidence threshold to 0.85 due to anomaly in GBPUSD
2026-06-13 21:26:19,535 - DecisionEngine - ERROR - Error in Decision Pipeline for GBPUSD: 3 validation errors for TradeDecision
stop_loss
  Input should be greater than 0 [type=greater_than, input_value=0.0, input_type=float]
    For further information visit https://errors.pydantic.dev/2.13/v/greater_than
take_profit
  Input should be greater than 0 [type=greater_than, input_value=0.0, input_type=float]
    For further information visit https://errors.pydantic.dev/2.13/v/greater_than
lot_size
  Input should be greater than 0 [type=greater_than, input_value=0.0, input_type=float]
    For further information visit https://errors.pydantic.dev/2.13/v/greater_than
Traceback (most recent call last):
  File "D:\prj\Intelli-Trader\backend\modules\decision\decision_engine.py", line 185, in run_pipeline
    trade_decision = TradeDecision(
                     ^^^^^^^^^^^^^^
  File "C:\Users\Me\AppData\Local\Programs\Python\Python312\Lib\site-packages\pydantic\main.py", line 263, in __init__
    validated_self = self.__pydantic_validator__.validate_python(data, self_instance=self)
                     ^^^^^^^^^^^^^^^^^^^^^^^^^^^^^^^^^^^^^^^^^^^^^^^^^^^^^^^^^^^^^^^^^^^^^
pydantic_core._pydantic_core.ValidationError: 3 validation errors for TradeDecision
stop_loss
  Input should be greater than 0 [type=greater_than, input_value=0.0, input_type=float]
    For further information visit https://errors.pydantic.dev/2.13/v/greater_than
take_profit
  Input should be greater than 0 [type=greater_than, input_value=0.0, input_type=float]
    For further information visit https://errors.pydantic.dev/2.13/v/greater_than
lot_size
  Input should be greater than 0 [type=greater_than, input_value=0.0, input_type=float]
    For further information visit https://errors.pydantic.dev/2.13/v/greater_than
2026-06-13 21:26:19,537 - LiveEngine - INFO - Signal for GBPUSD: HOLD (Confidence: 0.0000)
2026-06-13 21:26:19,538 - LiveEngine - INFO - --- Starting Live Cycle: USDJPY H1 ---
2026-06-13 21:26:19,629 - httpx - INFO - HTTP Request: GET https://datafeed.dukascopy.com/datafeed/EURUSD/2026/04/27/22h_ticks.bi5 "HTTP/1.1 503 Service Temporarily Unavailable"
2026-06-13 21:26:19,636 - httpx - INFO - HTTP Request: GET https://datafeed.dukascopy.com/datafeed/EURUSD/2026/04/27/13h_ticks.bi5 "HTTP/1.1 503 Service Temporarily Unavailable"
2026-06-13 21:26:19,645 - httpx - INFO - HTTP Request: GET https://datafeed.dukascopy.com/datafeed/EURUSD/2026/04/27/21h_ticks.bi5 "HTTP/1.1 503 Service Temporarily Unavailable"
2026-06-13 21:26:19,650 - httpx - INFO - HTTP Request: GET https://datafeed.dukascopy.com/datafeed/EURUSD/2026/04/27/19h_ticks.bi5 "HTTP/1.1 503 Service Temporarily Unavailable"
2026-06-13 21:26:19,660 - httpx - INFO - HTTP Request: GET https://datafeed.dukascopy.com/datafeed/EURUSD/2026/04/27/11h_ticks.bi5 "HTTP/1.1 503 Service Temporarily Unavailable"
2026-06-13 21:26:19,672 - httpx - INFO - HTTP Request: GET https://datafeed.dukascopy.com/datafeed/EURUSD/2026/04/27/01h_ticks.bi5 "HTTP/1.1 200 OK"
2026-06-13 21:26:19,836 - httpx - INFO - HTTP Request: GET https://datafeed.dukascopy.com/datafeed/EURUSD/2026/04/27/20h_ticks.bi5 "HTTP/1.1 503 Service Temporarily Unavailable"
2026-06-13 21:26:19,838 - httpx - INFO - HTTP Request: GET https://datafeed.dukascopy.com/datafeed/EURUSD/2026/04/27/09h_ticks.bi5 "HTTP/1.1 503 Service Temporarily Unavailable"
2026-06-13 21:26:20,079 - httpx - INFO - HTTP Request: GET https://datafeed.dukascopy.com/datafeed/EURUSD/2026/04/27/07h_ticks.bi5 "HTTP/1.1 200 OK"
2026-06-13 21:26:20,205 - httpx - INFO - HTTP Request: GET https://datafeed.dukascopy.com/datafeed/EURUSD/2026/04/27/04h_ticks.bi5 "HTTP/1.1 200 OK"
2026-06-13 21:26:20,270 - httpx - INFO - HTTP Request: GET https://datafeed.dukascopy.com/datafeed/EURUSD/2026/04/27/03h_ticks.bi5 "HTTP/1.1 200 OK"
2026-06-13 21:26:20,356 - httpx - INFO - HTTP Request: GET https://datafeed.dukascopy.com/datafeed/EURUSD/2026/05/13/10h_ticks.bi5 "HTTP/1.1 503 Service Temporarily Unavailable"
2026-06-13 21:26:20,361 - httpx - INFO - HTTP Request: GET https://datafeed.dukascopy.com/datafeed/EURUSD/2026/05/13/06h_ticks.bi5 "HTTP/1.1 503 Service Temporarily Unavailable"
2026-06-13 21:26:20,362 - httpx - INFO - HTTP Request: GET https://datafeed.dukascopy.com/datafeed/EURUSD/2026/05/13/04h_ticks.bi5 "HTTP/1.1 503 Service Temporarily Unavailable"
2026-06-13 21:26:20,437 - httpx - INFO - HTTP Request: GET https://datafeed.dukascopy.com/datafeed/EURUSD/2026/05/13/00h_ticks.bi5 "HTTP/1.1 503 Service Temporarily Unavailable"
2026-06-13 21:26:20,442 - httpx - INFO - HTTP Request: GET https://datafeed.dukascopy.com/datafeed/EURUSD/2026/05/13/09h_ticks.bi5 "HTTP/1.1 503 Service Temporarily Unavailable"
2026-06-13 21:26:20,445 - httpx - INFO - HTTP Request: GET https://datafeed.dukascopy.com/datafeed/EURUSD/2026/05/13/11h_ticks.bi5 "HTTP/1.1 503 Service Temporarily Unavailable"
2026-06-13 21:26:20,450 - httpx - INFO - HTTP Request: GET https://datafeed.dukascopy.com/datafeed/EURUSD/2026/05/13/12h_ticks.bi5 "HTTP/1.1 503 Service Temporarily Unavailable"
2026-06-13 21:26:20,453 - httpx - INFO - HTTP Request: GET https://datafeed.dukascopy.com/datafeed/EURUSD/2026/05/13/19h_ticks.bi5 "HTTP/1.1 503 Service Temporarily Unavailable"
2026-06-13 21:26:20,456 - httpx - INFO - HTTP Request: GET https://datafeed.dukascopy.com/datafeed/EURUSD/2026/05/13/08h_ticks.bi5 "HTTP/1.1 503 Service Temporarily Unavailable"
2026-06-13 21:26:20,459 - httpx - INFO - HTTP Request: GET https://datafeed.dukascopy.com/datafeed/EURUSD/2026/05/13/15h_ticks.bi5 "HTTP/1.1 503 Service Temporarily Unavailable"
2026-06-13 21:26:20,464 - httpx - INFO - HTTP Request: GET https://datafeed.dukascopy.com/datafeed/EURUSD/2026/05/13/17h_ticks.bi5 "HTTP/1.1 503 Service Temporarily Unavailable"
2026-06-13 21:26:20,467 - httpx - INFO - HTTP Request: GET https://datafeed.dukascopy.com/datafeed/EURUSD/2026/05/13/23h_ticks.bi5 "HTTP/1.1 503 Service Temporarily Unavailable"
2026-06-13 21:26:20,469 - httpx - INFO - HTTP Request: GET https://datafeed.dukascopy.com/datafeed/EURUSD/2026/05/13/21h_ticks.bi5 "HTTP/1.1 503 Service Temporarily Unavailable"
2026-06-13 21:26:20,472 - httpx - INFO - HTTP Request: GET https://datafeed.dukascopy.com/datafeed/EURUSD/2026/05/13/14h_ticks.bi5 "HTTP/1.1 503 Service Temporarily Unavailable"
2026-06-13 21:26:20,477 - httpx - INFO - HTTP Request: GET https://datafeed.dukascopy.com/datafeed/EURUSD/2026/05/13/05h_ticks.bi5 "HTTP/1.1 503 Service Temporarily Unavailable"
2026-06-13 21:26:20,479 - httpx - INFO - HTTP Request: GET https://datafeed.dukascopy.com/datafeed/EURUSD/2026/05/13/16h_ticks.bi5 "HTTP/1.1 503 Service Temporarily Unavailable"
2026-06-13 21:26:20,484 - httpx - INFO - HTTP Request: GET https://datafeed.dukascopy.com/datafeed/EURUSD/2026/05/13/20h_ticks.bi5 "HTTP/1.1 503 Service Temporarily Unavailable"
2026-06-13 21:26:20,485 - httpx - INFO - HTTP Request: GET https://datafeed.dukascopy.com/datafeed/EURUSD/2026/05/13/18h_ticks.bi5 "HTTP/1.1 503 Service Temporarily Unavailable"
2026-06-13 21:26:20,488 - httpx - INFO - HTTP Request: GET https://datafeed.dukascopy.com/datafeed/EURUSD/2026/05/13/02h_ticks.bi5 "HTTP/1.1 503 Service Temporarily Unavailable"
2026-06-13 21:26:20,490 - httpx - INFO - HTTP Request: GET https://datafeed.dukascopy.com/datafeed/EURUSD/2026/05/13/22h_ticks.bi5 "HTTP/1.1 503 Service Temporarily Unavailable"
2026-06-13 21:26:20,492 - httpx - INFO - HTTP Request: GET https://datafeed.dukascopy.com/datafeed/EURUSD/2026/05/13/13h_ticks.bi5 "HTTP/1.1 503 Service Temporarily Unavailable"
2026-06-13 21:26:20,554 - httpx - INFO - HTTP Request: GET https://datafeed.dukascopy.com/datafeed/EURUSD/2026/04/27/12h_ticks.bi5 "HTTP/1.1 200 OK"
2026-06-13 21:26:20,678 - httpx - INFO - HTTP Request: GET https://datafeed.dukascopy.com/datafeed/EURUSD/2026/04/27/06h_ticks.bi5 "HTTP/1.1 200 OK"
2026-06-13 21:26:20,874 - httpx - INFO - HTTP Request: GET https://datafeed.dukascopy.com/datafeed/EURUSD/2026/04/27/17h_ticks.bi5 "HTTP/1.1 200 OK"
2026-06-13 21:26:21,069 - httpx - INFO - HTTP Request: GET https://datafeed.dukascopy.com/datafeed/EURUSD/2026/04/27/02h_ticks.bi5 "HTTP/1.1 200 OK"
2026-06-13 21:26:21,268 - httpx - INFO - HTTP Request: GET https://datafeed.dukascopy.com/datafeed/EURUSD/2026/04/27/10h_ticks.bi5 "HTTP/1.1 200 OK"
2026-06-13 21:26:21,472 - httpx - INFO - HTTP Request: GET https://datafeed.dukascopy.com/datafeed/EURUSD/2026/04/27/05h_ticks.bi5 "HTTP/1.1 200 OK"
2026-06-13 21:26:21,671 - httpx - INFO - HTTP Request: GET https://datafeed.dukascopy.com/datafeed/EURUSD/2026/04/27/16h_ticks.bi5 "HTTP/1.1 200 OK"
2026-06-13 21:26:21,884 - httpx - INFO - HTTP Request: GET https://datafeed.dukascopy.com/datafeed/EURUSD/2026/04/27/23h_ticks.bi5 "HTTP/1.1 200 OK"
2026-06-13 21:26:22,148 - httpx - INFO - HTTP Request: GET https://datafeed.dukascopy.com/datafeed/EURUSD/2026/04/27/14h_ticks.bi5 "HTTP/1.1 200 OK"
2026-06-13 21:26:22,270 - httpx - INFO - HTTP Request: GET https://datafeed.dukascopy.com/datafeed/EURUSD/2026/04/27/08h_ticks.bi5 "HTTP/1.1 200 OK"
2026-06-13 21:26:22,472 - httpx - INFO - HTTP Request: GET https://datafeed.dukascopy.com/datafeed/EURUSD/2026/04/27/18h_ticks.bi5 "HTTP/1.1 200 OK"
2026-06-13 21:26:22,740 - httpx - INFO - HTTP Request: GET https://datafeed.dukascopy.com/datafeed/EURUSD/2026/04/27/15h_ticks.bi5 "HTTP/1.1 200 OK"
2026-06-13 21:26:22,894 - httpx - INFO - HTTP Request: GET https://datafeed.dukascopy.com/datafeed/EURUSD/2026/05/13/03h_ticks.bi5 "HTTP/1.1 200 OK"
2026-06-13 21:26:23,071 - httpx - INFO - HTTP Request: GET https://datafeed.dukascopy.com/datafeed/EURUSD/2026/05/13/07h_ticks.bi5 "HTTP/1.1 200 OK"
2026-06-13 21:26:23,092 - httpx - INFO - HTTP Request: GET https://datafeed.dukascopy.com/datafeed/EURUSD/2026/04/26/22h_ticks.bi5 "HTTP/1.1 503 Service Temporarily Unavailable"
2026-06-13 21:26:23,122 - httpx - INFO - HTTP Request: GET https://datafeed.dukascopy.com/datafeed/EURUSD/2026/04/26/13h_ticks.bi5 "HTTP/1.1 503 Service Temporarily Unavailable"
2026-06-13 21:26:23,124 - httpx - INFO - HTTP Request: GET https://datafeed.dukascopy.com/datafeed/EURUSD/2026/04/26/15h_ticks.bi5 "HTTP/1.1 503 Service Temporarily Unavailable"
2026-06-13 21:26:23,127 - httpx - INFO - HTTP Request: GET https://datafeed.dukascopy.com/datafeed/EURUSD/2026/04/26/20h_ticks.bi5 "HTTP/1.1 503 Service Temporarily Unavailable"
2026-06-13 21:26:23,139 - httpx - INFO - HTTP Request: GET https://datafeed.dukascopy.com/datafeed/EURUSD/2026/04/26/09h_ticks.bi5 "HTTP/1.1 503 Service Temporarily Unavailable"
2026-06-13 21:26:23,142 - httpx - INFO - HTTP Request: GET https://datafeed.dukascopy.com/datafeed/EURUSD/2026/04/26/14h_ticks.bi5 "HTTP/1.1 503 Service Temporarily Unavailable"
2026-06-13 21:26:23,264 - httpx - INFO - HTTP Request: GET https://datafeed.dukascopy.com/datafeed/EURUSD/2026/05/13/01h_ticks.bi5 "HTTP/1.1 200 OK"
2026-06-13 21:26:23,320 - httpx - INFO - HTTP Request: GET https://datafeed.dukascopy.com/datafeed/EURUSD/2026/04/26/19h_ticks.bi5 "HTTP/1.1 503 Service Temporarily Unavailable"
2026-06-13 21:26:23,324 - httpx - INFO - HTTP Request: GET https://datafeed.dukascopy.com/datafeed/EURUSD/2026/04/26/11h_ticks.bi5 "HTTP/1.1 503 Service Temporarily Unavailable"
2026-06-13 21:26:23,326 - httpx - INFO - HTTP Request: GET https://datafeed.dukascopy.com/datafeed/EURUSD/2026/04/26/08h_ticks.bi5 "HTTP/1.1 503 Service Temporarily Unavailable"
2026-06-13 21:26:23,420 - httpx - INFO - HTTP Request: GET https://datafeed.dukascopy.com/datafeed/EURUSD/2026/05/12/00h_ticks.bi5 "HTTP/1.1 503 Service Temporarily Unavailable"
2026-06-13 21:26:23,440 - httpx - INFO - HTTP Request: GET https://datafeed.dukascopy.com/datafeed/EURUSD/2026/05/12/01h_ticks.bi5 "HTTP/1.1 503 Service Temporarily Unavailable"
2026-06-13 21:26:23,441 - httpx - INFO - HTTP Request: GET https://datafeed.dukascopy.com/datafeed/EURUSD/2026/05/12/04h_ticks.bi5 "HTTP/1.1 503 Service Temporarily Unavailable"
2026-06-13 21:26:23,460 - httpx - INFO - HTTP Request: GET https://datafeed.dukascopy.com/datafeed/EURUSD/2026/05/12/07h_ticks.bi5 "HTTP/1.1 503 Service Temporarily Unavailable"
2026-06-13 21:26:23,469 - httpx - INFO - HTTP Request: GET https://datafeed.dukascopy.com/datafeed/EURUSD/2026/05/12/03h_ticks.bi5 "HTTP/1.1 503 Service Temporarily Unavailable"
2026-06-13 21:26:23,470 - httpx - INFO - HTTP Request: GET https://datafeed.dukascopy.com/datafeed/EURUSD/2026/04/26/00h_ticks.bi5 "HTTP/1.1 200 OK"
2026-06-13 21:26:23,485 - httpx - INFO - HTTP Request: GET https://datafeed.dukascopy.com/datafeed/EURUSD/2026/05/12/12h_ticks.bi5 "HTTP/1.1 503 Service Temporarily Unavailable"
2026-06-13 21:26:23,508 - httpx - INFO - HTTP Request: GET https://datafeed.dukascopy.com/datafeed/EURUSD/2026/05/12/17h_ticks.bi5 "HTTP/1.1 503 Service Temporarily Unavailable"
2026-06-13 21:26:23,524 - httpx - INFO - HTTP Request: GET https://datafeed.dukascopy.com/datafeed/EURUSD/2026/05/12/02h_ticks.bi5 "HTTP/1.1 503 Service Temporarily Unavailable"
2026-06-13 21:26:23,529 - httpx - INFO - HTTP Request: GET https://datafeed.dukascopy.com/datafeed/EURUSD/2026/05/12/22h_ticks.bi5 "HTTP/1.1 503 Service Temporarily Unavailable"
2026-06-13 21:26:23,540 - httpx - INFO - HTTP Request: GET https://datafeed.dukascopy.com/datafeed/EURUSD/2026/05/12/10h_ticks.bi5 "HTTP/1.1 503 Service Temporarily Unavailable"
2026-06-13 21:26:23,557 - httpx - INFO - HTTP Request: GET https://datafeed.dukascopy.com/datafeed/EURUSD/2026/05/12/23h_ticks.bi5 "HTTP/1.1 503 Service Temporarily Unavailable"
2026-06-13 21:26:23,567 - httpx - INFO - HTTP Request: GET https://datafeed.dukascopy.com/datafeed/EURUSD/2026/05/12/18h_ticks.bi5 "HTTP/1.1 503 Service Temporarily Unavailable"
2026-06-13 21:26:23,575 - httpx - INFO - HTTP Request: GET https://datafeed.dukascopy.com/datafeed/EURUSD/2026/05/12/05h_ticks.bi5 "HTTP/1.1 503 Service Temporarily Unavailable"
2026-06-13 21:26:23,584 - httpx - INFO - HTTP Request: GET https://datafeed.dukascopy.com/datafeed/EURUSD/2026/05/12/14h_ticks.bi5 "HTTP/1.1 503 Service Temporarily Unavailable"
2026-06-13 21:26:23,594 - httpx - INFO - HTTP Request: GET https://datafeed.dukascopy.com/datafeed/EURUSD/2026/05/12/13h_ticks.bi5 "HTTP/1.1 503 Service Temporarily Unavailable"
2026-06-13 21:26:23,607 - httpx - INFO - HTTP Request: GET https://datafeed.dukascopy.com/datafeed/EURUSD/2026/05/12/19h_ticks.bi5 "HTTP/1.1 503 Service Temporarily Unavailable"
2026-06-13 21:26:23,623 - httpx - INFO - HTTP Request: GET https://datafeed.dukascopy.com/datafeed/EURUSD/2026/05/12/15h_ticks.bi5 "HTTP/1.1 503 Service Temporarily Unavailable"
2026-06-13 21:26:23,626 - httpx - INFO - HTTP Request: GET https://datafeed.dukascopy.com/datafeed/EURUSD/2026/05/12/20h_ticks.bi5 "HTTP/1.1 503 Service Temporarily Unavailable"
2026-06-13 21:26:23,633 - httpx - INFO - HTTP Request: GET https://datafeed.dukascopy.com/datafeed/EURUSD/2026/05/12/08h_ticks.bi5 "HTTP/1.1 503 Service Temporarily Unavailable"
2026-06-13 21:26:23,647 - httpx - INFO - HTTP Request: GET https://datafeed.dukascopy.com/datafeed/EURUSD/2026/05/12/09h_ticks.bi5 "HTTP/1.1 503 Service Temporarily Unavailable"
2026-06-13 21:26:23,659 - httpx - INFO - HTTP Request: GET https://datafeed.dukascopy.com/datafeed/EURUSD/2026/05/12/11h_ticks.bi5 "HTTP/1.1 503 Service Temporarily Unavailable"
2026-06-13 21:26:23,663 - httpx - INFO - HTTP Request: GET https://datafeed.dukascopy.com/datafeed/EURUSD/2026/05/12/21h_ticks.bi5 "HTTP/1.1 503 Service Temporarily Unavailable"
2026-06-13 21:26:23,666 - httpx - INFO - HTTP Request: GET https://datafeed.dukascopy.com/datafeed/EURUSD/2026/05/12/16h_ticks.bi5 "HTTP/1.1 503 Service Temporarily Unavailable"
2026-06-13 21:26:23,670 - httpx - INFO - HTTP Request: GET https://datafeed.dukascopy.com/datafeed/EURUSD/2026/04/26/01h_ticks.bi5 "HTTP/1.1 200 OK"
2026-06-13 21:26:23,873 - httpx - INFO - HTTP Request: GET https://datafeed.dukascopy.com/datafeed/EURUSD/2026/04/26/04h_ticks.bi5 "HTTP/1.1 200 OK"
2026-06-13 21:26:24,144 - httpx - INFO - HTTP Request: GET https://datafeed.dukascopy.com/datafeed/EURUSD/2026/04/26/07h_ticks.bi5 "HTTP/1.1 200 OK"
2026-06-13 21:26:24,266 - httpx - INFO - HTTP Request: GET https://datafeed.dukascopy.com/datafeed/EURUSD/2026/04/26/03h_ticks.bi5 "HTTP/1.1 200 OK"
2026-06-13 21:26:24,472 - httpx - INFO - HTTP Request: GET https://datafeed.dukascopy.com/datafeed/EURUSD/2026/04/26/12h_ticks.bi5 "HTTP/1.1 200 OK"
2026-06-13 21:26:24,669 - httpx - INFO - HTTP Request: GET https://datafeed.dukascopy.com/datafeed/EURUSD/2026/04/26/06h_ticks.bi5 "HTTP/1.1 200 OK"
2026-06-13 21:26:24,870 - httpx - INFO - HTTP Request: GET https://datafeed.dukascopy.com/datafeed/EURUSD/2026/04/26/17h_ticks.bi5 "HTTP/1.1 200 OK"
2026-06-13 21:26:25,069 - httpx - INFO - HTTP Request: GET https://datafeed.dukascopy.com/datafeed/EURUSD/2026/04/26/02h_ticks.bi5 "HTTP/1.1 200 OK"
2026-06-13 21:26:25,275 - httpx - INFO - HTTP Request: GET https://datafeed.dukascopy.com/datafeed/EURUSD/2026/04/26/10h_ticks.bi5 "HTTP/1.1 200 OK"
2026-06-13 21:26:25,467 - httpx - INFO - HTTP Request: GET https://datafeed.dukascopy.com/datafeed/EURUSD/2026/04/26/05h_ticks.bi5 "HTTP/1.1 200 OK"
2026-06-13 21:26:25,673 - httpx - INFO - HTTP Request: GET https://datafeed.dukascopy.com/datafeed/EURUSD/2026/04/26/16h_ticks.bi5 "HTTP/1.1 200 OK"
2026-06-13 21:26:25,869 - httpx - INFO - HTTP Request: GET https://datafeed.dukascopy.com/datafeed/EURUSD/2026/04/26/23h_ticks.bi5 "HTTP/1.1 200 OK"
2026-06-13 21:26:26,080 - httpx - INFO - HTTP Request: GET https://datafeed.dukascopy.com/datafeed/EURUSD/2026/04/26/18h_ticks.bi5 "HTTP/1.1 200 OK"
2026-06-13 21:26:26,268 - httpx - INFO - HTTP Request: GET https://datafeed.dukascopy.com/datafeed/EURUSD/2026/04/26/21h_ticks.bi5 "HTTP/1.1 200 OK"
2026-06-13 21:26:26,554 - httpx - INFO - HTTP Request: GET https://datafeed.dukascopy.com/datafeed/EURUSD/2026/05/12/06h_ticks.bi5 "HTTP/1.1 200 OK"
2026-06-13 21:26:26,607 - httpx - INFO - HTTP Request: GET https://datafeed.dukascopy.com/datafeed/EURUSD/2026/04/25/13h_ticks.bi5 "HTTP/1.1 503 Service Temporarily Unavailable"
2026-06-13 21:26:26,612 - httpx - INFO - HTTP Request: GET https://datafeed.dukascopy.com/datafeed/EURUSD/2026/04/25/15h_ticks.bi5 "HTTP/1.1 503 Service Temporarily Unavailable"
2026-06-13 21:26:26,618 - httpx - INFO - HTTP Request: GET https://datafeed.dukascopy.com/datafeed/EURUSD/2026/04/25/20h_ticks.bi5 "HTTP/1.1 503 Service Temporarily Unavailable"
2026-06-13 21:26:26,621 - httpx - INFO - HTTP Request: GET https://datafeed.dukascopy.com/datafeed/EURUSD/2026/04/25/09h_ticks.bi5 "HTTP/1.1 503 Service Temporarily Unavailable"
2026-06-13 21:26:26,638 - httpx - INFO - HTTP Request: GET https://datafeed.dukascopy.com/datafeed/EURUSD/2026/04/25/14h_ticks.bi5 "HTTP/1.1 503 Service Temporarily Unavailable"
2026-06-13 21:26:26,669 - httpx - INFO - HTTP Request: GET https://datafeed.dukascopy.com/datafeed/EURUSD/2026/04/25/00h_ticks.bi5 "HTTP/1.1 200 OK"
2026-06-13 21:26:26,732 - httpx - INFO - HTTP Request: GET https://datafeed.dukascopy.com/datafeed/EURUSD/2026/05/11/01h_ticks.bi5 "HTTP/1.1 503 Service Temporarily Unavailable"
2026-06-13 21:26:26,745 - httpx - INFO - HTTP Request: GET https://datafeed.dukascopy.com/datafeed/EURUSD/2026/05/11/04h_ticks.bi5 "HTTP/1.1 503 Service Temporarily Unavailable"
2026-06-13 21:26:26,757 - httpx - INFO - HTTP Request: GET https://datafeed.dukascopy.com/datafeed/EURUSD/2026/05/11/07h_ticks.bi5 "HTTP/1.1 503 Service Temporarily Unavailable"
2026-06-13 21:26:26,767 - httpx - INFO - HTTP Request: GET https://datafeed.dukascopy.com/datafeed/EURUSD/2026/05/11/03h_ticks.bi5 "HTTP/1.1 503 Service Temporarily Unavailable"
2026-06-13 21:26:26,778 - httpx - INFO - HTTP Request: GET https://datafeed.dukascopy.com/datafeed/EURUSD/2026/05/11/12h_ticks.bi5 "HTTP/1.1 503 Service Temporarily Unavailable"
2026-06-13 21:26:26,784 - httpx - INFO - HTTP Request: GET https://datafeed.dukascopy.com/datafeed/EURUSD/2026/05/11/06h_ticks.bi5 "HTTP/1.1 503 Service Temporarily Unavailable"
2026-06-13 21:26:26,798 - httpx - INFO - HTTP Request: GET https://datafeed.dukascopy.com/datafeed/EURUSD/2026/04/25/11h_ticks.bi5 "HTTP/1.1 503 Service Temporarily Unavailable"
2026-06-13 21:26:26,807 - httpx - INFO - HTTP Request: GET https://datafeed.dukascopy.com/datafeed/EURUSD/2026/04/25/21h_ticks.bi5 "HTTP/1.1 503 Service Temporarily Unavailable"
2026-06-13 21:26:26,810 - httpx - INFO - HTTP Request: GET https://datafeed.dukascopy.com/datafeed/EURUSD/2026/04/25/19h_ticks.bi5 "HTTP/1.1 503 Service Temporarily Unavailable"
2026-06-13 21:26:26,812 - httpx - INFO - HTTP Request: GET https://datafeed.dukascopy.com/datafeed/EURUSD/2026/04/25/08h_ticks.bi5 "HTTP/1.1 503 Service Temporarily Unavailable"
2026-06-13 21:26:26,812 - httpx - INFO - HTTP Request: GET https://datafeed.dukascopy.com/datafeed/EURUSD/2026/05/11/17h_ticks.bi5 "HTTP/1.1 503 Service Temporarily Unavailable"
2026-06-13 21:26:26,818 - httpx - INFO - HTTP Request: GET https://datafeed.dukascopy.com/datafeed/EURUSD/2026/05/11/02h_ticks.bi5 "HTTP/1.1 503 Service Temporarily Unavailable"
2026-06-13 21:26:26,827 - httpx - INFO - HTTP Request: GET https://datafeed.dukascopy.com/datafeed/EURUSD/2026/05/11/10h_ticks.bi5 "HTTP/1.1 503 Service Temporarily Unavailable"
2026-06-13 21:26:26,840 - httpx - INFO - HTTP Request: GET https://datafeed.dukascopy.com/datafeed/EURUSD/2026/05/11/05h_ticks.bi5 "HTTP/1.1 503 Service Temporarily Unavailable"
2026-06-13 21:26:26,850 - httpx - INFO - HTTP Request: GET https://datafeed.dukascopy.com/datafeed/EURUSD/2026/05/11/19h_ticks.bi5 "HTTP/1.1 503 Service Temporarily Unavailable"
2026-06-13 21:26:26,861 - httpx - INFO - HTTP Request: GET https://datafeed.dukascopy.com/datafeed/EURUSD/2026/05/11/13h_ticks.bi5 "HTTP/1.1 503 Service Temporarily Unavailable"
2026-06-13 21:26:26,873 - httpx - INFO - HTTP Request: GET https://datafeed.dukascopy.com/datafeed/EURUSD/2026/04/25/01h_ticks.bi5 "HTTP/1.1 200 OK"
2026-06-13 21:26:26,881 - httpx - INFO - HTTP Request: GET https://datafeed.dukascopy.com/datafeed/EURUSD/2026/05/11/09h_ticks.bi5 "HTTP/1.1 503 Service Temporarily Unavailable"
2026-06-13 21:26:26,885 - httpx - INFO - HTTP Request: GET https://datafeed.dukascopy.com/datafeed/EURUSD/2026/05/11/20h_ticks.bi5 "HTTP/1.1 503 Service Temporarily Unavailable"
2026-06-13 21:26:26,910 - httpx - INFO - HTTP Request: GET https://datafeed.dukascopy.com/datafeed/EURUSD/2026/05/11/21h_ticks.bi5 "HTTP/1.1 503 Service Temporarily Unavailable"
2026-06-13 21:26:26,917 - httpx - INFO - HTTP Request: GET https://datafeed.dukascopy.com/datafeed/EURUSD/2026/05/11/11h_ticks.bi5 "HTTP/1.1 503 Service Temporarily Unavailable"
2026-06-13 21:26:26,937 - httpx - INFO - HTTP Request: GET https://datafeed.dukascopy.com/datafeed/EURUSD/2026/05/11/15h_ticks.bi5 "HTTP/1.1 503 Service Temporarily Unavailable"
2026-06-13 21:26:26,942 - httpx - INFO - HTTP Request: GET https://datafeed.dukascopy.com/datafeed/EURUSD/2026/05/11/18h_ticks.bi5 "HTTP/1.1 503 Service Temporarily Unavailable"
2026-06-13 21:26:26,945 - httpx - INFO - HTTP Request: GET https://datafeed.dukascopy.com/datafeed/EURUSD/2026/05/11/23h_ticks.bi5 "HTTP/1.1 503 Service Temporarily Unavailable"
2026-06-13 21:26:26,968 - httpx - INFO - HTTP Request: GET https://datafeed.dukascopy.com/datafeed/EURUSD/2026/05/11/22h_ticks.bi5 "HTTP/1.1 503 Service Temporarily Unavailable"
2026-06-13 21:26:27,070 - httpx - INFO - HTTP Request: GET https://datafeed.dukascopy.com/datafeed/EURUSD/2026/04/25/04h_ticks.bi5 "HTTP/1.1 200 OK"
2026-06-13 21:26:27,275 - httpx - INFO - HTTP Request: GET https://datafeed.dukascopy.com/datafeed/EURUSD/2026/04/25/07h_ticks.bi5 "HTTP/1.1 200 OK"
2026-06-13 21:26:27,275 - httpx - INFO - HTTP Request: GET https://datafeed.dukascopy.com/datafeed/EURUSD/2026/05/11/16h_ticks.bi5 "HTTP/1.1 503 Service Temporarily Unavailable"
2026-06-13 21:26:27,466 - httpx - INFO - HTTP Request: GET https://datafeed.dukascopy.com/datafeed/EURUSD/2026/04/25/03h_ticks.bi5 "HTTP/1.1 200 OK"
2026-06-13 21:26:27,671 - httpx - INFO - HTTP Request: GET https://datafeed.dukascopy.com/datafeed/EURUSD/2026/04/25/12h_ticks.bi5 "HTTP/1.1 200 OK"
2026-06-13 21:26:27,872 - httpx - INFO - HTTP Request: GET https://datafeed.dukascopy.com/datafeed/EURUSD/2026/04/25/06h_ticks.bi5 "HTTP/1.1 200 OK"
2026-06-13 21:26:28,066 - httpx - INFO - HTTP Request: GET https://datafeed.dukascopy.com/datafeed/EURUSD/2026/04/25/17h_ticks.bi5 "HTTP/1.1 200 OK"
2026-06-13 21:26:28,274 - httpx - INFO - HTTP Request: GET https://datafeed.dukascopy.com/datafeed/EURUSD/2026/04/25/02h_ticks.bi5 "HTTP/1.1 200 OK"
2026-06-13 21:26:28,473 - httpx - INFO - HTTP Request: GET https://datafeed.dukascopy.com/datafeed/EURUSD/2026/04/25/10h_ticks.bi5 "HTTP/1.1 200 OK"
2026-06-13 21:26:28,684 - httpx - INFO - HTTP Request: GET https://datafeed.dukascopy.com/datafeed/EURUSD/2026/04/25/05h_ticks.bi5 "HTTP/1.1 200 OK"
2026-06-13 21:26:28,872 - httpx - INFO - HTTP Request: GET https://datafeed.dukascopy.com/datafeed/EURUSD/2026/04/25/16h_ticks.bi5 "HTTP/1.1 200 OK"
2026-06-13 21:26:29,069 - httpx - INFO - HTTP Request: GET https://datafeed.dukascopy.com/datafeed/EURUSD/2026/04/25/23h_ticks.bi5 "HTTP/1.1 200 OK"
2026-06-13 21:26:29,267 - httpx - INFO - HTTP Request: GET https://datafeed.dukascopy.com/datafeed/EURUSD/2026/04/25/18h_ticks.bi5 "HTTP/1.1 200 OK"
2026-06-13 21:26:29,477 - httpx - INFO - HTTP Request: GET https://datafeed.dukascopy.com/datafeed/EURUSD/2026/04/25/22h_ticks.bi5 "HTTP/1.1 200 OK"
2026-06-13 21:26:29,744 - httpx - INFO - HTTP Request: GET https://datafeed.dukascopy.com/datafeed/EURUSD/2026/05/11/00h_ticks.bi5 "HTTP/1.1 200 OK"
2026-06-13 21:26:29,793 - httpx - INFO - HTTP Request: GET https://datafeed.dukascopy.com/datafeed/EURUSD/2026/04/24/18h_ticks.bi5 "HTTP/1.1 503 Service Temporarily Unavailable"
2026-06-13 21:26:29,796 - httpx - INFO - HTTP Request: GET https://datafeed.dukascopy.com/datafeed/EURUSD/2026/04/24/22h_ticks.bi5 "HTTP/1.1 503 Service Temporarily Unavailable"
2026-06-13 21:26:29,804 - httpx - INFO - HTTP Request: GET https://datafeed.dukascopy.com/datafeed/EURUSD/2026/04/24/13h_ticks.bi5 "HTTP/1.1 503 Service Temporarily Unavailable"
2026-06-13 21:26:29,812 - httpx - INFO - HTTP Request: GET https://datafeed.dukascopy.com/datafeed/EURUSD/2026/04/24/15h_ticks.bi5 "HTTP/1.1 503 Service Temporarily Unavailable"
2026-06-13 21:26:29,817 - httpx - INFO - HTTP Request: GET https://datafeed.dukascopy.com/datafeed/EURUSD/2026/04/24/20h_ticks.bi5 "HTTP/1.1 503 Service Temporarily Unavailable"
2026-06-13 21:26:29,825 - httpx - INFO - HTTP Request: GET https://datafeed.dukascopy.com/datafeed/EURUSD/2026/04/24/09h_ticks.bi5 "HTTP/1.1 503 Service Temporarily Unavailable"
2026-06-13 21:26:29,837 - httpx - INFO - HTTP Request: GET https://datafeed.dukascopy.com/datafeed/EURUSD/2026/04/24/14h_ticks.bi5 "HTTP/1.1 503 Service Temporarily Unavailable"
2026-06-13 21:26:29,951 - httpx - INFO - HTTP Request: GET https://datafeed.dukascopy.com/datafeed/EURUSD/2026/05/11/14h_ticks.bi5 "HTTP/1.1 200 OK"
2026-06-13 21:26:30,019 - httpx - INFO - HTTP Request: GET https://datafeed.dukascopy.com/datafeed/EURUSD/2026/04/24/08h_ticks.bi5 "HTTP/1.1 503 Service Temporarily Unavailable"
2026-06-13 21:26:30,028 - httpx - INFO - HTTP Request: GET https://datafeed.dukascopy.com/datafeed/EURUSD/2026/04/24/19h_ticks.bi5 "HTTP/1.1 503 Service Temporarily Unavailable"
2026-06-13 21:26:30,041 - httpx - INFO - HTTP Request: GET https://datafeed.dukascopy.com/datafeed/EURUSD/2026/04/24/11h_ticks.bi5 "HTTP/1.1 503 Service Temporarily Unavailable"
2026-06-13 21:26:30,071 - httpx - INFO - HTTP Request: GET https://datafeed.dukascopy.com/datafeed/EURUSD/2026/05/11/08h_ticks.bi5 "HTTP/1.1 200 OK"
2026-06-13 21:26:30,246 - httpx - INFO - HTTP Request: GET https://datafeed.dukascopy.com/datafeed/EURUSD/2026/05/10/01h_ticks.bi5 "HTTP/1.1 503 Service Temporarily Unavailable"
2026-06-13 21:26:30,260 - httpx - INFO - HTTP Request: GET https://datafeed.dukascopy.com/datafeed/EURUSD/2026/05/10/04h_ticks.bi5 "HTTP/1.1 503 Service Temporarily Unavailable"
2026-06-13 21:26:30,268 - httpx - INFO - HTTP Request: GET https://datafeed.dukascopy.com/datafeed/EURUSD/2026/05/10/07h_ticks.bi5 "HTTP/1.1 503 Service Temporarily Unavailable"
2026-06-13 21:26:30,269 - httpx - INFO - HTTP Request: GET https://datafeed.dukascopy.com/datafeed/EURUSD/2026/04/24/00h_ticks.bi5 "HTTP/1.1 200 OK"
2026-06-13 21:26:30,276 - httpx - INFO - HTTP Request: GET https://datafeed.dukascopy.com/datafeed/EURUSD/2026/05/10/03h_ticks.bi5 "HTTP/1.1 503 Service Temporarily Unavailable"
2026-06-13 21:26:30,299 - httpx - INFO - HTTP Request: GET https://datafeed.dukascopy.com/datafeed/EURUSD/2026/05/10/06h_ticks.bi5 "HTTP/1.1 503 Service Temporarily Unavailable"
2026-06-13 21:26:30,312 - httpx - INFO - HTTP Request: GET https://datafeed.dukascopy.com/datafeed/EURUSD/2026/05/10/17h_ticks.bi5 "HTTP/1.1 503 Service Temporarily Unavailable"
2026-06-13 21:26:30,329 - httpx - INFO - HTTP Request: GET https://datafeed.dukascopy.com/datafeed/EURUSD/2026/05/10/02h_ticks.bi5 "HTTP/1.1 503 Service Temporarily Unavailable"
2026-06-13 21:26:30,343 - httpx - INFO - HTTP Request: GET https://datafeed.dukascopy.com/datafeed/EURUSD/2026/05/10/10h_ticks.bi5 "HTTP/1.1 503 Service Temporarily Unavailable"
2026-06-13 21:26:30,358 - httpx - INFO - HTTP Request: GET https://datafeed.dukascopy.com/datafeed/EURUSD/2026/05/10/05h_ticks.bi5 "HTTP/1.1 503 Service Temporarily Unavailable"
2026-06-13 21:26:30,366 - httpx - INFO - HTTP Request: GET https://datafeed.dukascopy.com/datafeed/EURUSD/2026/05/10/19h_ticks.bi5 "HTTP/1.1 503 Service Temporarily Unavailable"
2026-06-13 21:26:30,376 - httpx - INFO - HTTP Request: GET https://datafeed.dukascopy.com/datafeed/EURUSD/2026/05/10/13h_ticks.bi5 "HTTP/1.1 503 Service Temporarily Unavailable"
2026-06-13 21:26:30,386 - httpx - INFO - HTTP Request: GET https://datafeed.dukascopy.com/datafeed/EURUSD/2026/05/10/09h_ticks.bi5 "HTTP/1.1 503 Service Temporarily Unavailable"
2026-06-13 21:26:30,392 - httpx - INFO - HTTP Request: GET https://datafeed.dukascopy.com/datafeed/EURUSD/2026/05/10/14h_ticks.bi5 "HTTP/1.1 503 Service Temporarily Unavailable"
2026-06-13 21:26:30,405 - httpx - INFO - HTTP Request: GET https://datafeed.dukascopy.com/datafeed/EURUSD/2026/05/10/20h_ticks.bi5 "HTTP/1.1 503 Service Temporarily Unavailable"
2026-06-13 21:26:30,411 - httpx - INFO - HTTP Request: GET https://datafeed.dukascopy.com/datafeed/EURUSD/2026/05/10/21h_ticks.bi5 "HTTP/1.1 503 Service Temporarily Unavailable"
2026-06-13 21:26:30,426 - httpx - INFO - HTTP Request: GET https://datafeed.dukascopy.com/datafeed/EURUSD/2026/05/10/11h_ticks.bi5 "HTTP/1.1 503 Service Temporarily Unavailable"
2026-06-13 21:26:30,446 - httpx - INFO - HTTP Request: GET https://datafeed.dukascopy.com/datafeed/EURUSD/2026/05/10/16h_ticks.bi5 "HTTP/1.1 503 Service Temporarily Unavailable"
2026-06-13 21:26:30,448 - httpx - INFO - HTTP Request: GET https://datafeed.dukascopy.com/datafeed/EURUSD/2026/05/10/15h_ticks.bi5 "HTTP/1.1 503 Service Temporarily Unavailable"
2026-06-13 21:26:30,452 - httpx - INFO - HTTP Request: GET https://datafeed.dukascopy.com/datafeed/EURUSD/2026/05/10/23h_ticks.bi5 "HTTP/1.1 503 Service Temporarily Unavailable"
2026-06-13 21:26:30,461 - httpx - INFO - HTTP Request: GET https://datafeed.dukascopy.com/datafeed/EURUSD/2026/05/10/22h_ticks.bi5 "HTTP/1.1 503 Service Temporarily Unavailable"
2026-06-13 21:26:30,463 - httpx - INFO - HTTP Request: GET https://datafeed.dukascopy.com/datafeed/EURUSD/2026/05/10/18h_ticks.bi5 "HTTP/1.1 503 Service Temporarily Unavailable"
2026-06-13 21:26:30,467 - httpx - INFO - HTTP Request: GET https://datafeed.dukascopy.com/datafeed/EURUSD/2026/04/24/01h_ticks.bi5 "HTTP/1.1 200 OK"
2026-06-13 21:26:30,667 - httpx - INFO - HTTP Request: GET https://datafeed.dukascopy.com/datafeed/EURUSD/2026/04/24/04h_ticks.bi5 "HTTP/1.1 200 OK"
2026-06-13 21:26:30,870 - httpx - INFO - HTTP Request: GET https://datafeed.dukascopy.com/datafeed/EURUSD/2026/04/24/07h_ticks.bi5 "HTTP/1.1 200 OK"
2026-06-13 21:26:31,080 - httpx - INFO - HTTP Request: GET https://datafeed.dukascopy.com/datafeed/EURUSD/2026/04/24/03h_ticks.bi5 "HTTP/1.1 200 OK"
2026-06-13 21:26:31,266 - httpx - INFO - HTTP Request: GET https://datafeed.dukascopy.com/datafeed/EURUSD/2026/04/24/12h_ticks.bi5 "HTTP/1.1 200 OK"
2026-06-13 21:26:31,467 - httpx - INFO - HTTP Request: GET https://datafeed.dukascopy.com/datafeed/EURUSD/2026/04/24/06h_ticks.bi5 "HTTP/1.1 200 OK"
2026-06-13 21:26:31,670 - httpx - INFO - HTTP Request: GET https://datafeed.dukascopy.com/datafeed/EURUSD/2026/04/24/17h_ticks.bi5 "HTTP/1.1 200 OK"
2026-06-13 21:26:31,872 - httpx - INFO - HTTP Request: GET https://datafeed.dukascopy.com/datafeed/EURUSD/2026/04/24/02h_ticks.bi5 "HTTP/1.1 200 OK"
2026-06-13 21:26:32,068 - httpx - INFO - HTTP Request: GET https://datafeed.dukascopy.com/datafeed/EURUSD/2026/04/24/10h_ticks.bi5 "HTTP/1.1 200 OK"
2026-06-13 21:26:32,265 - httpx - INFO - HTTP Request: GET https://datafeed.dukascopy.com/datafeed/EURUSD/2026/04/24/05h_ticks.bi5 "HTTP/1.1 200 OK"
2026-06-13 21:26:32,473 - httpx - INFO - HTTP Request: GET https://datafeed.dukascopy.com/datafeed/EURUSD/2026/04/24/16h_ticks.bi5 "HTTP/1.1 200 OK"
2026-06-13 21:26:32,672 - httpx - INFO - HTTP Request: GET https://datafeed.dukascopy.com/datafeed/EURUSD/2026/04/24/23h_ticks.bi5 "HTTP/1.1 200 OK"
2026-06-13 21:26:32,864 - httpx - INFO - HTTP Request: GET https://datafeed.dukascopy.com/datafeed/EURUSD/2026/04/24/21h_ticks.bi5 "HTTP/1.1 200 OK"
2026-06-13 21:26:33,137 - httpx - INFO - HTTP Request: GET https://datafeed.dukascopy.com/datafeed/EURUSD/2026/05/10/00h_ticks.bi5 "HTTP/1.1 200 OK"
2026-06-13 21:26:33,169 - httpx - INFO - HTTP Request: GET https://datafeed.dukascopy.com/datafeed/EURUSD/2026/04/23/18h_ticks.bi5 "HTTP/1.1 503 Service Temporarily Unavailable"
2026-06-13 21:26:33,185 - httpx - INFO - HTTP Request: GET https://datafeed.dukascopy.com/datafeed/EURUSD/2026/04/23/22h_ticks.bi5 "HTTP/1.1 503 Service Temporarily Unavailable"
2026-06-13 21:26:33,189 - httpx - INFO - HTTP Request: GET https://datafeed.dukascopy.com/datafeed/EURUSD/2026/04/23/13h_ticks.bi5 "HTTP/1.1 503 Service Temporarily Unavailable"
2026-06-13 21:26:33,210 - httpx - INFO - HTTP Request: GET https://datafeed.dukascopy.com/datafeed/EURUSD/2026/04/23/20h_ticks.bi5 "HTTP/1.1 503 Service Temporarily Unavailable"
2026-06-13 21:26:33,213 - httpx - INFO - HTTP Request: GET https://datafeed.dukascopy.com/datafeed/EURUSD/2026/04/23/15h_ticks.bi5 "HTTP/1.1 503 Service Temporarily Unavailable"
2026-06-13 21:26:33,215 - httpx - INFO - HTTP Request: GET https://datafeed.dukascopy.com/datafeed/EURUSD/2026/04/23/09h_ticks.bi5 "HTTP/1.1 503 Service Temporarily Unavailable"
2026-06-13 21:26:33,222 - httpx - INFO - HTTP Request: GET https://datafeed.dukascopy.com/datafeed/EURUSD/2026/04/23/14h_ticks.bi5 "HTTP/1.1 503 Service Temporarily Unavailable"
2026-06-13 21:26:33,350 - httpx - INFO - HTTP Request: GET https://datafeed.dukascopy.com/datafeed/EURUSD/2026/05/10/12h_ticks.bi5 "HTTP/1.1 200 OK"
2026-06-13 21:26:33,393 - httpx - INFO - HTTP Request: GET https://datafeed.dukascopy.com/datafeed/EURUSD/2026/04/23/19h_ticks.bi5 "HTTP/1.1 503 Service Temporarily Unavailable"
2026-06-13 21:26:33,412 - httpx - INFO - HTTP Request: GET https://datafeed.dukascopy.com/datafeed/EURUSD/2026/04/23/21h_ticks.bi5 "HTTP/1.1 503 Service Temporarily Unavailable"
2026-06-13 21:26:33,415 - httpx - INFO - HTTP Request: GET https://datafeed.dukascopy.com/datafeed/EURUSD/2026/04/23/08h_ticks.bi5 "HTTP/1.1 503 Service Temporarily Unavailable"
2026-06-13 21:26:33,555 - httpx - INFO - HTTP Request: GET https://datafeed.dukascopy.com/datafeed/EURUSD/2026/05/10/08h_ticks.bi5 "HTTP/1.1 200 OK"
2026-06-13 21:26:33,667 - httpx - INFO - HTTP Request: GET https://datafeed.dukascopy.com/datafeed/EURUSD/2026/04/23/01h_ticks.bi5 "HTTP/1.1 200 OK"
2026-06-13 21:26:33,739 - httpx - INFO - HTTP Request: GET https://datafeed.dukascopy.com/datafeed/EURUSD/2026/05/09/04h_ticks.bi5 "HTTP/1.1 503 Service Temporarily Unavailable"
2026-06-13 21:26:33,756 - httpx - INFO - HTTP Request: GET https://datafeed.dukascopy.com/datafeed/EURUSD/2026/05/09/07h_ticks.bi5 "HTTP/1.1 503 Service Temporarily Unavailable"
2026-06-13 21:26:33,767 - httpx - INFO - HTTP Request: GET https://datafeed.dukascopy.com/datafeed/EURUSD/2026/05/09/03h_ticks.bi5 "HTTP/1.1 503 Service Temporarily Unavailable"
2026-06-13 21:26:33,779 - httpx - INFO - HTTP Request: GET https://datafeed.dukascopy.com/datafeed/EURUSD/2026/05/09/12h_ticks.bi5 "HTTP/1.1 503 Service Temporarily Unavailable"
2026-06-13 21:26:33,784 - httpx - INFO - HTTP Request: GET https://datafeed.dukascopy.com/datafeed/EURUSD/2026/05/09/06h_ticks.bi5 "HTTP/1.1 503 Service Temporarily Unavailable"
2026-06-13 21:26:33,795 - httpx - INFO - HTTP Request: GET https://datafeed.dukascopy.com/datafeed/EURUSD/2026/05/09/17h_ticks.bi5 "HTTP/1.1 503 Service Temporarily Unavailable"
2026-06-13 21:26:33,813 - httpx - INFO - HTTP Request: GET https://datafeed.dukascopy.com/datafeed/EURUSD/2026/05/09/02h_ticks.bi5 "HTTP/1.1 503 Service Temporarily Unavailable"
2026-06-13 21:26:33,823 - httpx - INFO - HTTP Request: GET https://datafeed.dukascopy.com/datafeed/EURUSD/2026/05/09/10h_ticks.bi5 "HTTP/1.1 503 Service Temporarily Unavailable"
2026-06-13 21:26:33,833 - httpx - INFO - HTTP Request: GET https://datafeed.dukascopy.com/datafeed/EURUSD/2026/05/09/05h_ticks.bi5 "HTTP/1.1 503 Service Temporarily Unavailable"
2026-06-13 21:26:33,844 - httpx - INFO - HTTP Request: GET https://datafeed.dukascopy.com/datafeed/EURUSD/2026/05/09/16h_ticks.bi5 "HTTP/1.1 503 Service Temporarily Unavailable"
2026-06-13 21:26:33,851 - httpx - INFO - HTTP Request: GET https://datafeed.dukascopy.com/datafeed/EURUSD/2026/05/09/13h_ticks.bi5 "HTTP/1.1 503 Service Temporarily Unavailable"
2026-06-13 21:26:33,866 - httpx - INFO - HTTP Request: GET https://datafeed.dukascopy.com/datafeed/EURUSD/2026/05/09/14h_ticks.bi5 "HTTP/1.1 503 Service Temporarily Unavailable"
2026-06-13 21:26:33,866 - httpx - INFO - HTTP Request: GET https://datafeed.dukascopy.com/datafeed/EURUSD/2026/04/23/00h_ticks.bi5 "HTTP/1.1 200 OK"
2026-06-13 21:26:33,885 - httpx - INFO - HTTP Request: GET https://datafeed.dukascopy.com/datafeed/EURUSD/2026/05/09/18h_ticks.bi5 "HTTP/1.1 503 Service Temporarily Unavailable"
2026-06-13 21:26:33,893 - httpx - INFO - HTTP Request: GET https://datafeed.dukascopy.com/datafeed/EURUSD/2026/05/09/20h_ticks.bi5 "HTTP/1.1 503 Service Temporarily Unavailable"
2026-06-13 21:26:33,905 - httpx - INFO - HTTP Request: GET https://datafeed.dukascopy.com/datafeed/EURUSD/2026/05/09/08h_ticks.bi5 "HTTP/1.1 503 Service Temporarily Unavailable"
2026-06-13 21:26:33,914 - httpx - INFO - HTTP Request: GET https://datafeed.dukascopy.com/datafeed/EURUSD/2026/05/09/21h_ticks.bi5 "HTTP/1.1 503 Service Temporarily Unavailable"
2026-06-13 21:26:33,929 - httpx - INFO - HTTP Request: GET https://datafeed.dukascopy.com/datafeed/EURUSD/2026/05/09/23h_ticks.bi5 "HTTP/1.1 503 Service Temporarily Unavailable"
2026-06-13 21:26:33,933 - httpx - INFO - HTTP Request: GET https://datafeed.dukascopy.com/datafeed/EURUSD/2026/05/09/15h_ticks.bi5 "HTTP/1.1 503 Service Temporarily Unavailable"
2026-06-13 21:26:33,935 - httpx - INFO - HTTP Request: GET https://datafeed.dukascopy.com/datafeed/EURUSD/2026/05/09/19h_ticks.bi5 "HTTP/1.1 503 Service Temporarily Unavailable"
2026-06-13 21:26:34,016 - httpx - INFO - HTTP Request: GET https://datafeed.dukascopy.com/datafeed/EURUSD/2026/05/09/11h_ticks.bi5 "HTTP/1.1 503 Service Temporarily Unavailable"
2026-06-13 21:26:34,022 - httpx - INFO - HTTP Request: GET https://datafeed.dukascopy.com/datafeed/EURUSD/2026/05/09/09h_ticks.bi5 "HTTP/1.1 503 Service Temporarily Unavailable"
2026-06-13 21:26:34,066 - httpx - INFO - HTTP Request: GET https://datafeed.dukascopy.com/datafeed/EURUSD/2026/04/23/04h_ticks.bi5 "HTTP/1.1 200 OK"
2026-06-13 21:26:34,266 - httpx - INFO - HTTP Request: GET https://datafeed.dukascopy.com/datafeed/EURUSD/2026/04/23/07h_ticks.bi5 "HTTP/1.1 200 OK"
2026-06-13 21:26:34,465 - httpx - INFO - HTTP Request: GET https://datafeed.dukascopy.com/datafeed/EURUSD/2026/04/23/03h_ticks.bi5 "HTTP/1.1 200 OK"
2026-06-13 21:26:34,666 - httpx - INFO - HTTP Request: GET https://datafeed.dukascopy.com/datafeed/EURUSD/2026/04/23/12h_ticks.bi5 "HTTP/1.1 200 OK"
2026-06-13 21:26:34,871 - httpx - INFO - HTTP Request: GET https://datafeed.dukascopy.com/datafeed/EURUSD/2026/04/23/06h_ticks.bi5 "HTTP/1.1 200 OK"
2026-06-13 21:26:35,067 - httpx - INFO - HTTP Request: GET https://datafeed.dukascopy.com/datafeed/EURUSD/2026/04/23/17h_ticks.bi5 "HTTP/1.1 200 OK"
2026-06-13 21:26:35,270 - httpx - INFO - HTTP Request: GET https://datafeed.dukascopy.com/datafeed/EURUSD/2026/04/23/02h_ticks.bi5 "HTTP/1.1 200 OK"
2026-06-13 21:26:35,467 - httpx - INFO - HTTP Request: GET https://datafeed.dukascopy.com/datafeed/EURUSD/2026/04/23/10h_ticks.bi5 "HTTP/1.1 200 OK"
2026-06-13 21:26:35,670 - httpx - INFO - HTTP Request: GET https://datafeed.dukascopy.com/datafeed/EURUSD/2026/04/23/05h_ticks.bi5 "HTTP/1.1 200 OK"
2026-06-13 21:26:35,869 - httpx - INFO - HTTP Request: GET https://datafeed.dukascopy.com/datafeed/EURUSD/2026/04/23/16h_ticks.bi5 "HTTP/1.1 200 OK"
2026-06-13 21:26:36,066 - httpx - INFO - HTTP Request: GET https://datafeed.dukascopy.com/datafeed/EURUSD/2026/04/23/23h_ticks.bi5 "HTTP/1.1 200 OK"
2026-06-13 21:26:36,266 - httpx - INFO - HTTP Request: GET https://datafeed.dukascopy.com/datafeed/EURUSD/2026/04/23/11h_ticks.bi5 "HTTP/1.1 200 OK"
2026-06-13 21:26:36,468 - httpx - INFO - HTTP Request: GET https://datafeed.dukascopy.com/datafeed/EURUSD/2026/05/09/00h_ticks.bi5 "HTTP/1.1 200 OK"
2026-06-13 21:26:36,589 - httpx - INFO - HTTP Request: GET https://datafeed.dukascopy.com/datafeed/EURUSD/2026/04/22/18h_ticks.bi5 "HTTP/1.1 503 Service Temporarily Unavailable"
2026-06-13 21:26:36,592 - httpx - INFO - HTTP Request: GET https://datafeed.dukascopy.com/datafeed/EURUSD/2026/04/22/22h_ticks.bi5 "HTTP/1.1 503 Service Temporarily Unavailable"
2026-06-13 21:26:36,602 - httpx - INFO - HTTP Request: GET https://datafeed.dukascopy.com/datafeed/EURUSD/2026/04/22/13h_ticks.bi5 "HTTP/1.1 503 Service Temporarily Unavailable"
2026-06-13 21:26:36,606 - httpx - INFO - HTTP Request: GET https://datafeed.dukascopy.com/datafeed/EURUSD/2026/04/22/15h_ticks.bi5 "HTTP/1.1 503 Service Temporarily Unavailable"
2026-06-13 21:26:36,617 - httpx - INFO - HTTP Request: GET https://datafeed.dukascopy.com/datafeed/EURUSD/2026/04/22/20h_ticks.bi5 "HTTP/1.1 503 Service Temporarily Unavailable"
2026-06-13 21:26:36,625 - httpx - INFO - HTTP Request: GET https://datafeed.dukascopy.com/datafeed/EURUSD/2026/04/22/09h_ticks.bi5 "HTTP/1.1 503 Service Temporarily Unavailable"
2026-06-13 21:26:36,631 - httpx - INFO - HTTP Request: GET https://datafeed.dukascopy.com/datafeed/EURUSD/2026/04/22/14h_ticks.bi5 "HTTP/1.1 503 Service Temporarily Unavailable"
2026-06-13 21:26:36,668 - httpx - INFO - HTTP Request: GET https://datafeed.dukascopy.com/datafeed/EURUSD/2026/05/09/01h_ticks.bi5 "HTTP/1.1 200 OK"
2026-06-13 21:26:36,810 - httpx - INFO - HTTP Request: GET https://datafeed.dukascopy.com/datafeed/EURUSD/2026/04/22/19h_ticks.bi5 "HTTP/1.1 503 Service Temporarily Unavailable"
2026-06-13 21:26:36,815 - httpx - INFO - HTTP Request: GET https://datafeed.dukascopy.com/datafeed/EURUSD/2026/04/22/21h_ticks.bi5 "HTTP/1.1 503 Service Temporarily Unavailable"
2026-06-13 21:26:36,817 - httpx - INFO - HTTP Request: GET https://datafeed.dukascopy.com/datafeed/EURUSD/2026/04/22/11h_ticks.bi5 "HTTP/1.1 503 Service Temporarily Unavailable"
2026-06-13 21:26:36,869 - httpx - INFO - HTTP Request: GET https://datafeed.dukascopy.com/datafeed/EURUSD/2026/05/09/22h_ticks.bi5 "HTTP/1.1 200 OK"
2026-06-13 21:26:37,039 - httpx - INFO - HTTP Request: GET https://datafeed.dukascopy.com/datafeed/EURUSD/2026/05/08/01h_ticks.bi5 "HTTP/1.1 503 Service Temporarily Unavailable"
2026-06-13 21:26:37,047 - httpx - INFO - HTTP Request: GET https://datafeed.dukascopy.com/datafeed/EURUSD/2026/05/08/04h_ticks.bi5 "HTTP/1.1 503 Service Temporarily Unavailable"
2026-06-13 21:26:37,059 - httpx - INFO - HTTP Request: GET https://datafeed.dukascopy.com/datafeed/EURUSD/2026/05/08/07h_ticks.bi5 "HTTP/1.1 503 Service Temporarily Unavailable"
2026-06-13 21:26:37,068 - httpx - INFO - HTTP Request: GET https://datafeed.dukascopy.com/datafeed/EURUSD/2026/05/08/03h_ticks.bi5 "HTTP/1.1 503 Service Temporarily Unavailable"
2026-06-13 21:26:37,077 - httpx - INFO - HTTP Request: GET https://datafeed.dukascopy.com/datafeed/EURUSD/2026/04/22/00h_ticks.bi5 "HTTP/1.1 200 OK"
2026-06-13 21:26:37,082 - httpx - INFO - HTTP Request: GET https://datafeed.dukascopy.com/datafeed/EURUSD/2026/05/08/12h_ticks.bi5 "HTTP/1.1 503 Service Temporarily Unavailable"
2026-06-13 21:26:37,120 - httpx - INFO - HTTP Request: GET https://datafeed.dukascopy.com/datafeed/EURUSD/2026/05/08/17h_ticks.bi5 "HTTP/1.1 503 Service Temporarily Unavailable"
2026-06-13 21:26:37,121 - httpx - INFO - HTTP Request: GET https://datafeed.dukascopy.com/datafeed/EURUSD/2026/05/08/02h_ticks.bi5 "HTTP/1.1 503 Service Temporarily Unavailable"
2026-06-13 21:26:37,133 - httpx - INFO - HTTP Request: GET https://datafeed.dukascopy.com/datafeed/EURUSD/2026/05/08/10h_ticks.bi5 "HTTP/1.1 503 Service Temporarily Unavailable"
2026-06-13 21:26:37,154 - httpx - INFO - HTTP Request: GET https://datafeed.dukascopy.com/datafeed/EURUSD/2026/05/08/05h_ticks.bi5 "HTTP/1.1 503 Service Temporarily Unavailable"
2026-06-13 21:26:37,160 - httpx - INFO - HTTP Request: GET https://datafeed.dukascopy.com/datafeed/EURUSD/2026/05/08/16h_ticks.bi5 "HTTP/1.1 503 Service Temporarily Unavailable"
2026-06-13 21:26:37,188 - httpx - INFO - HTTP Request: GET https://datafeed.dukascopy.com/datafeed/EURUSD/2026/05/08/23h_ticks.bi5 "HTTP/1.1 503 Service Temporarily Unavailable"
2026-06-13 21:26:37,192 - httpx - INFO - HTTP Request: GET https://datafeed.dukascopy.com/datafeed/EURUSD/2026/05/08/22h_ticks.bi5 "HTTP/1.1 503 Service Temporarily Unavailable"
2026-06-13 21:26:37,194 - httpx - INFO - HTTP Request: GET https://datafeed.dukascopy.com/datafeed/EURUSD/2026/05/08/13h_ticks.bi5 "HTTP/1.1 503 Service Temporarily Unavailable"
2026-06-13 21:26:37,202 - httpx - INFO - HTTP Request: GET https://datafeed.dukascopy.com/datafeed/EURUSD/2026/05/08/18h_ticks.bi5 "HTTP/1.1 503 Service Temporarily Unavailable"
2026-06-13 21:26:37,213 - httpx - INFO - HTTP Request: GET https://datafeed.dukascopy.com/datafeed/EURUSD/2026/05/08/15h_ticks.bi5 "HTTP/1.1 503 Service Temporarily Unavailable"
2026-06-13 21:26:37,218 - httpx - INFO - HTTP Request: GET https://datafeed.dukascopy.com/datafeed/EURUSD/2026/05/08/19h_ticks.bi5 "HTTP/1.1 503 Service Temporarily Unavailable"
2026-06-13 21:26:37,222 - httpx - INFO - HTTP Request: GET https://datafeed.dukascopy.com/datafeed/EURUSD/2026/05/08/14h_ticks.bi5 "HTTP/1.1 503 Service Temporarily Unavailable"
2026-06-13 21:26:37,239 - httpx - INFO - HTTP Request: GET https://datafeed.dukascopy.com/datafeed/EURUSD/2026/05/08/09h_ticks.bi5 "HTTP/1.1 503 Service Temporarily Unavailable"
2026-06-13 21:26:37,268 - httpx - INFO - HTTP Request: GET https://datafeed.dukascopy.com/datafeed/EURUSD/2026/05/08/11h_ticks.bi5 "HTTP/1.1 503 Service Temporarily Unavailable"
2026-06-13 21:26:37,272 - httpx - INFO - HTTP Request: GET https://datafeed.dukascopy.com/datafeed/EURUSD/2026/05/08/21h_ticks.bi5 "HTTP/1.1 503 Service Temporarily Unavailable"
2026-06-13 21:26:37,275 - httpx - INFO - HTTP Request: GET https://datafeed.dukascopy.com/datafeed/EURUSD/2026/05/08/08h_ticks.bi5 "HTTP/1.1 503 Service Temporarily Unavailable"
2026-06-13 21:26:37,278 - httpx - INFO - HTTP Request: GET https://datafeed.dukascopy.com/datafeed/EURUSD/2026/05/08/20h_ticks.bi5 "HTTP/1.1 503 Service Temporarily Unavailable"
2026-06-13 21:26:37,283 - httpx - INFO - HTTP Request: GET https://datafeed.dukascopy.com/datafeed/EURUSD/2026/04/22/01h_ticks.bi5 "HTTP/1.1 200 OK"
2026-06-13 21:26:37,474 - httpx - INFO - HTTP Request: GET https://datafeed.dukascopy.com/datafeed/EURUSD/2026/04/22/04h_ticks.bi5 "HTTP/1.1 200 OK"
2026-06-13 21:26:37,673 - httpx - INFO - HTTP Request: GET https://datafeed.dukascopy.com/datafeed/EURUSD/2026/04/22/07h_ticks.bi5 "HTTP/1.1 200 OK"
2026-06-13 21:26:37,866 - httpx - INFO - HTTP Request: GET https://datafeed.dukascopy.com/datafeed/EURUSD/2026/04/22/03h_ticks.bi5 "HTTP/1.1 200 OK"
2026-06-13 21:26:38,184 - httpx - INFO - HTTP Request: GET https://datafeed.dukascopy.com/datafeed/EURUSD/2026/04/22/12h_ticks.bi5 "HTTP/1.1 200 OK"
2026-06-13 21:26:38,271 - httpx - INFO - HTTP Request: GET https://datafeed.dukascopy.com/datafeed/EURUSD/2026/04/22/06h_ticks.bi5 "HTTP/1.1 200 OK"
2026-06-13 21:26:38,540 - httpx - INFO - HTTP Request: GET https://datafeed.dukascopy.com/datafeed/EURUSD/2026/04/22/17h_ticks.bi5 "HTTP/1.1 200 OK"
2026-06-13 21:26:38,735 - httpx - INFO - HTTP Request: GET https://datafeed.dukascopy.com/datafeed/EURUSD/2026/04/22/02h_ticks.bi5 "HTTP/1.1 200 OK"
2026-06-13 21:26:38,870 - httpx - INFO - HTTP Request: GET https://datafeed.dukascopy.com/datafeed/EURUSD/2026/04/22/10h_ticks.bi5 "HTTP/1.1 200 OK"
2026-06-13 21:26:39,070 - httpx - INFO - HTTP Request: GET https://datafeed.dukascopy.com/datafeed/EURUSD/2026/04/22/05h_ticks.bi5 "HTTP/1.1 200 OK"
2026-06-13 21:26:39,277 - httpx - INFO - HTTP Request: GET https://datafeed.dukascopy.com/datafeed/EURUSD/2026/04/22/16h_ticks.bi5 "HTTP/1.1 200 OK"
2026-06-13 21:26:39,471 - httpx - INFO - HTTP Request: GET https://datafeed.dukascopy.com/datafeed/EURUSD/2026/04/22/23h_ticks.bi5 "HTTP/1.1 200 OK"
2026-06-13 21:26:39,743 - httpx - INFO - HTTP Request: GET https://datafeed.dukascopy.com/datafeed/EURUSD/2026/04/22/08h_ticks.bi5 "HTTP/1.1 200 OK"
2026-06-13 21:26:39,868 - httpx - INFO - HTTP Request: GET https://datafeed.dukascopy.com/datafeed/EURUSD/2026/05/08/00h_ticks.bi5 "HTTP/1.1 200 OK"
2026-06-13 21:26:40,083 - httpx - INFO - HTTP Request: GET https://datafeed.dukascopy.com/datafeed/EURUSD/2026/04/21/13h_ticks.bi5 "HTTP/1.1 503 Service Temporarily Unavailable"
2026-06-13 21:26:40,089 - httpx - INFO - HTTP Request: GET https://datafeed.dukascopy.com/datafeed/EURUSD/2026/04/21/15h_ticks.bi5 "HTTP/1.1 503 Service Temporarily Unavailable"
2026-06-13 21:26:40,099 - httpx - INFO - HTTP Request: GET https://datafeed.dukascopy.com/datafeed/EURUSD/2026/04/21/20h_ticks.bi5 "HTTP/1.1 503 Service Temporarily Unavailable"
2026-06-13 21:26:40,108 - httpx - INFO - HTTP Request: GET https://datafeed.dukascopy.com/datafeed/EURUSD/2026/04/21/09h_ticks.bi5 "HTTP/1.1 503 Service Temporarily Unavailable"
2026-06-13 21:26:40,111 - httpx - INFO - HTTP Request: GET https://datafeed.dukascopy.com/datafeed/EURUSD/2026/04/21/14h_ticks.bi5 "HTTP/1.1 503 Service Temporarily Unavailable"
2026-06-13 21:26:40,155 - httpx - INFO - HTTP Request: GET https://datafeed.dukascopy.com/datafeed/EURUSD/2026/05/08/06h_ticks.bi5 "HTTP/1.1 200 OK"
2026-06-13 21:26:40,275 - httpx - INFO - HTTP Request: GET https://datafeed.dukascopy.com/datafeed/EURUSD/2026/04/21/00h_ticks.bi5 "HTTP/1.1 200 OK"
2026-06-13 21:26:40,300 - httpx - INFO - HTTP Request: GET https://datafeed.dukascopy.com/datafeed/EURUSD/2026/04/21/21h_ticks.bi5 "HTTP/1.1 503 Service Temporarily Unavailable"
2026-06-13 21:26:40,307 - httpx - INFO - HTTP Request: GET https://datafeed.dukascopy.com/datafeed/EURUSD/2026/04/21/19h_ticks.bi5 "HTTP/1.1 503 Service Temporarily Unavailable"
2026-06-13 21:26:40,310 - httpx - INFO - HTTP Request: GET https://datafeed.dukascopy.com/datafeed/EURUSD/2026/04/21/08h_ticks.bi5 "HTTP/1.1 503 Service Temporarily Unavailable"
2026-06-13 21:26:40,325 - httpx - INFO - HTTP Request: GET https://datafeed.dukascopy.com/datafeed/EURUSD/2026/05/07/00h_ticks.bi5 "HTTP/1.1 503 Service Temporarily Unavailable"
2026-06-13 21:26:40,340 - httpx - INFO - HTTP Request: GET https://datafeed.dukascopy.com/datafeed/EURUSD/2026/05/07/01h_ticks.bi5 "HTTP/1.1 503 Service Temporarily Unavailable"
2026-06-13 21:26:40,342 - httpx - INFO - HTTP Request: GET https://datafeed.dukascopy.com/datafeed/EURUSD/2026/05/07/04h_ticks.bi5 "HTTP/1.1 503 Service Temporarily Unavailable"
2026-06-13 21:26:40,359 - httpx - INFO - HTTP Request: GET https://datafeed.dukascopy.com/datafeed/EURUSD/2026/05/07/07h_ticks.bi5 "HTTP/1.1 503 Service Temporarily Unavailable"
2026-06-13 21:26:40,375 - httpx - INFO - HTTP Request: GET https://datafeed.dukascopy.com/datafeed/EURUSD/2026/05/07/03h_ticks.bi5 "HTTP/1.1 503 Service Temporarily Unavailable"
2026-06-13 21:26:40,384 - httpx - INFO - HTTP Request: GET https://datafeed.dukascopy.com/datafeed/EURUSD/2026/05/07/12h_ticks.bi5 "HTTP/1.1 503 Service Temporarily Unavailable"
2026-06-13 21:26:40,394 - httpx - INFO - HTTP Request: GET https://datafeed.dukascopy.com/datafeed/EURUSD/2026/05/07/06h_ticks.bi5 "HTTP/1.1 503 Service Temporarily Unavailable"
2026-06-13 21:26:40,419 - httpx - INFO - HTTP Request: GET https://datafeed.dukascopy.com/datafeed/EURUSD/2026/05/07/17h_ticks.bi5 "HTTP/1.1 503 Service Temporarily Unavailable"
2026-06-13 21:26:40,421 - httpx - INFO - HTTP Request: GET https://datafeed.dukascopy.com/datafeed/EURUSD/2026/05/07/02h_ticks.bi5 "HTTP/1.1 503 Service Temporarily Unavailable"
2026-06-13 21:26:40,439 - httpx - INFO - HTTP Request: GET https://datafeed.dukascopy.com/datafeed/EURUSD/2026/05/07/23h_ticks.bi5 "HTTP/1.1 503 Service Temporarily Unavailable"
2026-06-13 21:26:40,441 - httpx - INFO - HTTP Request: GET https://datafeed.dukascopy.com/datafeed/EURUSD/2026/05/07/10h_ticks.bi5 "HTTP/1.1 503 Service Temporarily Unavailable"
2026-06-13 21:26:40,460 - httpx - INFO - HTTP Request: GET https://datafeed.dukascopy.com/datafeed/EURUSD/2026/05/07/05h_ticks.bi5 "HTTP/1.1 503 Service Temporarily Unavailable"
2026-06-13 21:26:40,469 - httpx - INFO - HTTP Request: GET https://datafeed.dukascopy.com/datafeed/EURUSD/2026/05/07/19h_ticks.bi5 "HTTP/1.1 503 Service Temporarily Unavailable"
2026-06-13 21:26:40,472 - httpx - INFO - HTTP Request: GET https://datafeed.dukascopy.com/datafeed/EURUSD/2026/04/21/01h_ticks.bi5 "HTTP/1.1 200 OK"
2026-06-13 21:26:40,482 - httpx - INFO - HTTP Request: GET https://datafeed.dukascopy.com/datafeed/EURUSD/2026/05/07/18h_ticks.bi5 "HTTP/1.1 503 Service Temporarily Unavailable"
2026-06-13 21:26:40,495 - httpx - INFO - HTTP Request: GET https://datafeed.dukascopy.com/datafeed/EURUSD/2026/05/07/09h_ticks.bi5 "HTTP/1.1 503 Service Temporarily Unavailable"
2026-06-13 21:26:40,512 - httpx - INFO - HTTP Request: GET https://datafeed.dukascopy.com/datafeed/EURUSD/2026/05/07/08h_ticks.bi5 "HTTP/1.1 503 Service Temporarily Unavailable"
2026-06-13 21:26:40,522 - httpx - INFO - HTTP Request: GET https://datafeed.dukascopy.com/datafeed/EURUSD/2026/05/07/22h_ticks.bi5 "HTTP/1.1 503 Service Temporarily Unavailable"
2026-06-13 21:26:40,529 - httpx - INFO - HTTP Request: GET https://datafeed.dukascopy.com/datafeed/EURUSD/2026/05/07/16h_ticks.bi5 "HTTP/1.1 503 Service Temporarily Unavailable"
2026-06-13 21:26:40,535 - httpx - INFO - HTTP Request: GET https://datafeed.dukascopy.com/datafeed/EURUSD/2026/05/07/21h_ticks.bi5 "HTTP/1.1 503 Service Temporarily Unavailable"
2026-06-13 21:26:40,550 - httpx - INFO - HTTP Request: GET https://datafeed.dukascopy.com/datafeed/EURUSD/2026/05/07/14h_ticks.bi5 "HTTP/1.1 503 Service Temporarily Unavailable"
2026-06-13 21:26:40,556 - httpx - INFO - HTTP Request: GET https://datafeed.dukascopy.com/datafeed/EURUSD/2026/05/07/20h_ticks.bi5 "HTTP/1.1 503 Service Temporarily Unavailable"
2026-06-13 21:26:40,560 - httpx - INFO - HTTP Request: GET https://datafeed.dukascopy.com/datafeed/EURUSD/2026/05/07/11h_ticks.bi5 "HTTP/1.1 503 Service Temporarily Unavailable"
2026-06-13 21:26:40,562 - httpx - INFO - HTTP Request: GET https://datafeed.dukascopy.com/datafeed/EURUSD/2026/05/07/15h_ticks.bi5 "HTTP/1.1 503 Service Temporarily Unavailable"
2026-06-13 21:26:40,669 - httpx - INFO - HTTP Request: GET https://datafeed.dukascopy.com/datafeed/EURUSD/2026/04/21/04h_ticks.bi5 "HTTP/1.1 200 OK"
2026-06-13 21:26:40,936 - httpx - INFO - HTTP Request: GET https://datafeed.dukascopy.com/datafeed/EURUSD/2026/04/21/07h_ticks.bi5 "HTTP/1.1 200 OK"
2026-06-13 21:26:41,069 - httpx - INFO - HTTP Request: GET https://datafeed.dukascopy.com/datafeed/EURUSD/2026/04/21/03h_ticks.bi5 "HTTP/1.1 200 OK"
2026-06-13 21:26:41,355 - httpx - INFO - HTTP Request: GET https://datafeed.dukascopy.com/datafeed/EURUSD/2026/04/21/12h_ticks.bi5 "HTTP/1.1 200 OK"
2026-06-13 21:26:41,478 - httpx - INFO - HTTP Request: GET https://datafeed.dukascopy.com/datafeed/EURUSD/2026/04/21/06h_ticks.bi5 "HTTP/1.1 200 OK"
2026-06-13 21:26:41,740 - httpx - INFO - HTTP Request: GET https://datafeed.dukascopy.com/datafeed/EURUSD/2026/04/21/17h_ticks.bi5 "HTTP/1.1 200 OK"
2026-06-13 21:26:41,870 - httpx - INFO - HTTP Request: GET https://datafeed.dukascopy.com/datafeed/EURUSD/2026/04/21/02h_ticks.bi5 "HTTP/1.1 200 OK"
2026-06-13 21:26:42,147 - httpx - INFO - HTTP Request: GET https://datafeed.dukascopy.com/datafeed/EURUSD/2026/04/21/10h_ticks.bi5 "HTTP/1.1 200 OK"
2026-06-13 21:26:42,269 - httpx - INFO - HTTP Request: GET https://datafeed.dukascopy.com/datafeed/EURUSD/2026/04/21/05h_ticks.bi5 "HTTP/1.1 200 OK"
2026-06-13 21:26:42,547 - httpx - INFO - HTTP Request: GET https://datafeed.dukascopy.com/datafeed/EURUSD/2026/04/21/16h_ticks.bi5 "HTTP/1.1 200 OK"
2026-06-13 21:26:42,667 - httpx - INFO - HTTP Request: GET https://datafeed.dukascopy.com/datafeed/EURUSD/2026/04/21/23h_ticks.bi5 "HTTP/1.1 200 OK"
2026-06-13 21:26:42,949 - httpx - INFO - HTTP Request: GET https://datafeed.dukascopy.com/datafeed/EURUSD/2026/04/21/18h_ticks.bi5 "HTTP/1.1 200 OK"
2026-06-13 21:26:43,075 - httpx - INFO - HTTP Request: GET https://datafeed.dukascopy.com/datafeed/EURUSD/2026/04/21/22h_ticks.bi5 "HTTP/1.1 200 OK"
2026-06-13 21:26:43,350 - httpx - INFO - HTTP Request: GET https://datafeed.dukascopy.com/datafeed/EURUSD/2026/04/21/11h_ticks.bi5 "HTTP/1.1 200 OK"
2026-06-13 21:26:43,465 - httpx - INFO - HTTP Request: GET https://datafeed.dukascopy.com/datafeed/EURUSD/2026/05/07/13h_ticks.bi5 "HTTP/1.1 200 OK"
2026-06-13 21:26:43,649 - httpx - INFO - HTTP Request: GET https://datafeed.dukascopy.com/datafeed/EURUSD/2026/04/20/05h_ticks.bi5 "HTTP/1.1 503 Service Temporarily Unavailable"
2026-06-13 21:26:43,669 - httpx - INFO - HTTP Request: GET https://datafeed.dukascopy.com/datafeed/EURUSD/2026/04/20/16h_ticks.bi5 "HTTP/1.1 503 Service Temporarily Unavailable"
2026-06-13 21:26:43,674 - httpx - INFO - HTTP Request: GET https://datafeed.dukascopy.com/datafeed/EURUSD/2026/04/20/23h_ticks.bi5 "HTTP/1.1 503 Service Temporarily Unavailable"
2026-06-13 21:26:43,675 - httpx - INFO - HTTP Request: GET https://datafeed.dukascopy.com/datafeed/EURUSD/2026/05/06/12h_ticks.bi5 "HTTP/1.1 503 Service Temporarily Unavailable"
2026-06-13 21:26:43,678 - httpx - INFO - HTTP Request: GET https://datafeed.dukascopy.com/datafeed/EURUSD/2026/04/20/18h_ticks.bi5 "HTTP/1.1 503 Service Temporarily Unavailable"
2026-06-13 21:26:43,678 - httpx - INFO - HTTP Request: GET https://datafeed.dukascopy.com/datafeed/EURUSD/2026/05/06/06h_ticks.bi5 "HTTP/1.1 503 Service Temporarily Unavailable"
2026-06-13 21:26:43,689 - httpx - INFO - HTTP Request: GET https://datafeed.dukascopy.com/datafeed/EURUSD/2026/04/20/22h_ticks.bi5 "HTTP/1.1 503 Service Temporarily Unavailable"
2026-06-13 21:26:43,694 - httpx - INFO - HTTP Request: GET https://datafeed.dukascopy.com/datafeed/EURUSD/2026/05/06/02h_ticks.bi5 "HTTP/1.1 503 Service Temporarily Unavailable"
2026-06-13 21:26:43,695 - httpx - INFO - HTTP Request: GET https://datafeed.dukascopy.com/datafeed/EURUSD/2026/04/20/13h_ticks.bi5 "HTTP/1.1 503 Service Temporarily Unavailable"
2026-06-13 21:26:43,706 - httpx - INFO - HTTP Request: GET https://datafeed.dukascopy.com/datafeed/EURUSD/2026/04/20/15h_ticks.bi5 "HTTP/1.1 503 Service Temporarily Unavailable"
2026-06-13 21:26:43,707 - httpx - INFO - HTTP Request: GET https://datafeed.dukascopy.com/datafeed/EURUSD/2026/05/06/10h_ticks.bi5 "HTTP/1.1 503 Service Temporarily Unavailable"
2026-06-13 21:26:43,717 - httpx - INFO - HTTP Request: GET https://datafeed.dukascopy.com/datafeed/EURUSD/2026/05/06/05h_ticks.bi5 "HTTP/1.1 503 Service Temporarily Unavailable"
2026-06-13 21:26:43,731 - httpx - INFO - HTTP Request: GET https://datafeed.dukascopy.com/datafeed/EURUSD/2026/04/20/20h_ticks.bi5 "HTTP/1.1 503 Service Temporarily Unavailable"
2026-06-13 21:26:43,765 - httpx - INFO - HTTP Request: GET https://datafeed.dukascopy.com/datafeed/EURUSD/2026/04/20/08h_ticks.bi5 "HTTP/1.1 503 Service Temporarily Unavailable"
2026-06-13 21:26:43,770 - httpx - INFO - HTTP Request: GET https://datafeed.dukascopy.com/datafeed/EURUSD/2026/04/20/09h_ticks.bi5 "HTTP/1.1 503 Service Temporarily Unavailable"
2026-06-13 21:26:43,771 - httpx - INFO - HTTP Request: GET https://datafeed.dukascopy.com/datafeed/EURUSD/2026/04/20/14h_ticks.bi5 "HTTP/1.1 503 Service Temporarily Unavailable"
2026-06-13 21:26:43,774 - httpx - INFO - HTTP Request: GET https://datafeed.dukascopy.com/datafeed/EURUSD/2026/04/20/00h_ticks.bi5 "HTTP/1.1 200 OK"
2026-06-13 21:26:43,935 - httpx - INFO - HTTP Request: GET https://datafeed.dukascopy.com/datafeed/EURUSD/2026/05/06/19h_ticks.bi5 "HTTP/1.1 503 Service Temporarily Unavailable"
2026-06-13 21:26:43,947 - httpx - INFO - HTTP Request: GET https://datafeed.dukascopy.com/datafeed/EURUSD/2026/04/20/01h_ticks.bi5 "HTTP/1.1 200 OK"
2026-06-13 21:26:43,968 - httpx - INFO - HTTP Request: GET https://datafeed.dukascopy.com/datafeed/EURUSD/2026/05/06/15h_ticks.bi5 "HTTP/1.1 503 Service Temporarily Unavailable"
2026-06-13 21:26:43,969 - httpx - INFO - HTTP Request: GET https://datafeed.dukascopy.com/datafeed/EURUSD/2026/04/20/19h_ticks.bi5 "HTTP/1.1 503 Service Temporarily Unavailable"
2026-06-13 21:26:43,971 - httpx - INFO - HTTP Request: GET https://datafeed.dukascopy.com/datafeed/EURUSD/2026/04/20/11h_ticks.bi5 "HTTP/1.1 503 Service Temporarily Unavailable"
2026-06-13 21:26:43,972 - httpx - INFO - HTTP Request: GET https://datafeed.dukascopy.com/datafeed/EURUSD/2026/05/06/16h_ticks.bi5 "HTTP/1.1 503 Service Temporarily Unavailable"
2026-06-13 21:26:43,976 - httpx - INFO - HTTP Request: GET https://datafeed.dukascopy.com/datafeed/EURUSD/2026/04/20/21h_ticks.bi5 "HTTP/1.1 503 Service Temporarily Unavailable"
2026-06-13 21:26:43,978 - httpx - INFO - HTTP Request: GET https://datafeed.dukascopy.com/datafeed/EURUSD/2026/05/06/23h_ticks.bi5 "HTTP/1.1 503 Service Temporarily Unavailable"
2026-06-13 21:26:43,984 - httpx - INFO - HTTP Request: GET https://datafeed.dukascopy.com/datafeed/EURUSD/2026/05/06/11h_ticks.bi5 "HTTP/1.1 503 Service Temporarily Unavailable"
2026-06-13 21:26:43,988 - httpx - INFO - HTTP Request: GET https://datafeed.dukascopy.com/datafeed/EURUSD/2026/05/06/13h_ticks.bi5 "HTTP/1.1 503 Service Temporarily Unavailable"
2026-06-13 21:26:43,993 - httpx - INFO - HTTP Request: GET https://datafeed.dukascopy.com/datafeed/EURUSD/2026/05/06/21h_ticks.bi5 "HTTP/1.1 503 Service Temporarily Unavailable"
2026-06-13 21:26:43,996 - httpx - INFO - HTTP Request: GET https://datafeed.dukascopy.com/datafeed/EURUSD/2026/05/06/09h_ticks.bi5 "HTTP/1.1 503 Service Temporarily Unavailable"
2026-06-13 21:26:43,999 - httpx - INFO - HTTP Request: GET https://datafeed.dukascopy.com/datafeed/EURUSD/2026/05/06/14h_ticks.bi5 "HTTP/1.1 503 Service Temporarily Unavailable"
2026-06-13 21:26:44,004 - httpx - INFO - HTTP Request: GET https://datafeed.dukascopy.com/datafeed/EURUSD/2026/05/06/18h_ticks.bi5 "HTTP/1.1 503 Service Temporarily Unavailable"
2026-06-13 21:26:44,006 - httpx - INFO - HTTP Request: GET https://datafeed.dukascopy.com/datafeed/EURUSD/2026/05/06/20h_ticks.bi5 "HTTP/1.1 503 Service Temporarily Unavailable"
2026-06-13 21:26:44,074 - httpx - INFO - HTTP Request: GET https://datafeed.dukascopy.com/datafeed/EURUSD/2026/04/20/04h_ticks.bi5 "HTTP/1.1 200 OK"
2026-06-13 21:26:44,271 - httpx - INFO - HTTP Request: GET https://datafeed.dukascopy.com/datafeed/EURUSD/2026/04/20/07h_ticks.bi5 "HTTP/1.1 200 OK"
2026-06-13 21:26:44,474 - httpx - INFO - HTTP Request: GET https://datafeed.dukascopy.com/datafeed/EURUSD/2026/04/20/03h_ticks.bi5 "HTTP/1.1 200 OK"
2026-06-13 21:26:44,678 - httpx - INFO - HTTP Request: GET https://datafeed.dukascopy.com/datafeed/EURUSD/2026/04/20/12h_ticks.bi5 "HTTP/1.1 200 OK"
2026-06-13 21:26:44,940 - httpx - INFO - HTTP Request: GET https://datafeed.dukascopy.com/datafeed/EURUSD/2026/04/20/06h_ticks.bi5 "HTTP/1.1 200 OK"
2026-06-13 21:26:45,139 - httpx - INFO - HTTP Request: GET https://datafeed.dukascopy.com/datafeed/EURUSD/2026/04/20/17h_ticks.bi5 "HTTP/1.1 200 OK"
2026-06-13 21:26:45,266 - httpx - INFO - HTTP Request: GET https://datafeed.dukascopy.com/datafeed/EURUSD/2026/05/06/00h_ticks.bi5 "HTTP/1.1 200 OK"
2026-06-13 21:26:45,478 - httpx - INFO - HTTP Request: GET https://datafeed.dukascopy.com/datafeed/EURUSD/2026/05/06/01h_ticks.bi5 "HTTP/1.1 200 OK"
2026-06-13 21:26:45,670 - httpx - INFO - HTTP Request: GET https://datafeed.dukascopy.com/datafeed/EURUSD/2026/04/20/02h_ticks.bi5 "HTTP/1.1 200 OK"
2026-06-13 21:26:45,865 - httpx - INFO - HTTP Request: GET https://datafeed.dukascopy.com/datafeed/EURUSD/2026/05/06/04h_ticks.bi5 "HTTP/1.1 200 OK"
2026-06-13 21:26:46,070 - httpx - INFO - HTTP Request: GET https://datafeed.dukascopy.com/datafeed/EURUSD/2026/04/20/10h_ticks.bi5 "HTTP/1.1 200 OK"
2026-06-13 21:26:46,267 - httpx - INFO - HTTP Request: GET https://datafeed.dukascopy.com/datafeed/EURUSD/2026/05/06/07h_ticks.bi5 "HTTP/1.1 200 OK"
2026-06-13 21:26:46,380 - httpx - INFO - HTTP Request: GET https://datafeed.dukascopy.com/datafeed/EURUSD/2026/04/19/23h_ticks.bi5 "HTTP/1.1 503 Service Temporarily Unavailable"
2026-06-13 21:26:46,401 - httpx - INFO - HTTP Request: GET https://datafeed.dukascopy.com/datafeed/EURUSD/2026/04/19/22h_ticks.bi5 "HTTP/1.1 503 Service Temporarily Unavailable"
2026-06-13 21:26:46,405 - httpx - INFO - HTTP Request: GET https://datafeed.dukascopy.com/datafeed/EURUSD/2026/04/19/13h_ticks.bi5 "HTTP/1.1 503 Service Temporarily Unavailable"
2026-06-13 21:26:46,412 - httpx - INFO - HTTP Request: GET https://datafeed.dukascopy.com/datafeed/EURUSD/2026/04/19/15h_ticks.bi5 "HTTP/1.1 503 Service Temporarily Unavailable"
2026-06-13 21:26:46,431 - httpx - INFO - HTTP Request: GET https://datafeed.dukascopy.com/datafeed/EURUSD/2026/04/19/20h_ticks.bi5 "HTTP/1.1 503 Service Temporarily Unavailable"
2026-06-13 21:26:46,434 - httpx - INFO - HTTP Request: GET https://datafeed.dukascopy.com/datafeed/EURUSD/2026/04/19/09h_ticks.bi5 "HTTP/1.1 503 Service Temporarily Unavailable"
2026-06-13 21:26:46,451 - httpx - INFO - HTTP Request: GET https://datafeed.dukascopy.com/datafeed/EURUSD/2026/04/19/14h_ticks.bi5 "HTTP/1.1 503 Service Temporarily Unavailable"
2026-06-13 21:26:46,524 - httpx - INFO - HTTP Request: GET https://datafeed.dukascopy.com/datafeed/EURUSD/2026/05/06/03h_ticks.bi5 "HTTP/1.1 200 OK"
2026-06-13 21:26:46,667 - httpx - INFO - HTTP Request: GET https://datafeed.dukascopy.com/datafeed/EURUSD/2026/05/06/17h_ticks.bi5 "HTTP/1.1 200 OK"
2026-06-13 21:26:46,693 - httpx - INFO - HTTP Request: GET https://datafeed.dukascopy.com/datafeed/EURUSD/2026/04/19/19h_ticks.bi5 "HTTP/1.1 503 Service Temporarily Unavailable"
2026-06-13 21:26:46,780 - httpx - INFO - HTTP Request: GET https://datafeed.dukascopy.com/datafeed/EURUSD/2026/04/19/18h_ticks.bi5 "HTTP/1.1 503 Service Temporarily Unavailable"
2026-06-13 21:26:46,863 - httpx - INFO - HTTP Request: GET https://datafeed.dukascopy.com/datafeed/EURUSD/2026/05/06/08h_ticks.bi5 "HTTP/1.1 200 OK"
2026-06-13 21:26:47,039 - httpx - INFO - HTTP Request: GET https://datafeed.dukascopy.com/datafeed/EURUSD/2026/05/05/01h_ticks.bi5 "HTTP/1.1 503 Service Temporarily Unavailable"
2026-06-13 21:26:47,048 - httpx - INFO - HTTP Request: GET https://datafeed.dukascopy.com/datafeed/EURUSD/2026/05/05/04h_ticks.bi5 "HTTP/1.1 503 Service Temporarily Unavailable"
2026-06-13 21:26:47,064 - httpx - INFO - HTTP Request: GET https://datafeed.dukascopy.com/datafeed/EURUSD/2026/05/05/07h_ticks.bi5 "HTTP/1.1 503 Service Temporarily Unavailable"
2026-06-13 21:26:47,071 - httpx - INFO - HTTP Request: GET https://datafeed.dukascopy.com/datafeed/EURUSD/2026/05/05/03h_ticks.bi5 "HTTP/1.1 503 Service Temporarily Unavailable"
2026-06-13 21:26:47,082 - httpx - INFO - HTTP Request: GET https://datafeed.dukascopy.com/datafeed/EURUSD/2026/04/19/00h_ticks.bi5 "HTTP/1.1 200 OK"
2026-06-13 21:26:47,094 - httpx - INFO - HTTP Request: GET https://datafeed.dukascopy.com/datafeed/EURUSD/2026/05/05/12h_ticks.bi5 "HTTP/1.1 503 Service Temporarily Unavailable"
2026-06-13 21:26:47,115 - httpx - INFO - HTTP Request: GET https://datafeed.dukascopy.com/datafeed/EURUSD/2026/05/05/17h_ticks.bi5 "HTTP/1.1 503 Service Temporarily Unavailable"
2026-06-13 21:26:47,130 - httpx - INFO - HTTP Request: GET https://datafeed.dukascopy.com/datafeed/EURUSD/2026/05/05/02h_ticks.bi5 "HTTP/1.1 503 Service Temporarily Unavailable"
2026-06-13 21:26:47,155 - httpx - INFO - HTTP Request: GET https://datafeed.dukascopy.com/datafeed/EURUSD/2026/05/05/10h_ticks.bi5 "HTTP/1.1 503 Service Temporarily Unavailable"
2026-06-13 21:26:47,166 - httpx - INFO - HTTP Request: GET https://datafeed.dukascopy.com/datafeed/EURUSD/2026/05/05/05h_ticks.bi5 "HTTP/1.1 503 Service Temporarily Unavailable"
2026-06-13 21:26:47,179 - httpx - INFO - HTTP Request: GET https://datafeed.dukascopy.com/datafeed/EURUSD/2026/05/05/16h_ticks.bi5 "HTTP/1.1 503 Service Temporarily Unavailable"
2026-06-13 21:26:47,196 - httpx - INFO - HTTP Request: GET https://datafeed.dukascopy.com/datafeed/EURUSD/2026/05/05/23h_ticks.bi5 "HTTP/1.1 503 Service Temporarily Unavailable"
2026-06-13 21:26:47,212 - httpx - INFO - HTTP Request: GET https://datafeed.dukascopy.com/datafeed/EURUSD/2026/05/05/18h_ticks.bi5 "HTTP/1.1 503 Service Temporarily Unavailable"
2026-06-13 21:26:47,220 - httpx - INFO - HTTP Request: GET https://datafeed.dukascopy.com/datafeed/EURUSD/2026/05/05/22h_ticks.bi5 "HTTP/1.1 503 Service Temporarily Unavailable"
2026-06-13 21:26:47,224 - httpx - INFO - HTTP Request: GET https://datafeed.dukascopy.com/datafeed/EURUSD/2026/05/05/13h_ticks.bi5 "HTTP/1.1 503 Service Temporarily Unavailable"
2026-06-13 21:26:47,242 - httpx - INFO - HTTP Request: GET https://datafeed.dukascopy.com/datafeed/EURUSD/2026/05/05/15h_ticks.bi5 "HTTP/1.1 503 Service Temporarily Unavailable"
2026-06-13 21:26:47,257 - httpx - INFO - HTTP Request: GET https://datafeed.dukascopy.com/datafeed/EURUSD/2026/05/05/20h_ticks.bi5 "HTTP/1.1 503 Service Temporarily Unavailable"
2026-06-13 21:26:47,272 - httpx - INFO - HTTP Request: GET https://datafeed.dukascopy.com/datafeed/EURUSD/2026/04/19/01h_ticks.bi5 "HTTP/1.1 200 OK"
2026-06-13 21:26:47,274 - httpx - INFO - HTTP Request: GET https://datafeed.dukascopy.com/datafeed/EURUSD/2026/05/05/11h_ticks.bi5 "HTTP/1.1 503 Service Temporarily Unavailable"
2026-06-13 21:26:47,282 - httpx - INFO - HTTP Request: GET https://datafeed.dukascopy.com/datafeed/EURUSD/2026/05/05/08h_ticks.bi5 "HTTP/1.1 503 Service Temporarily Unavailable"
2026-06-13 21:26:47,292 - httpx - INFO - HTTP Request: GET https://datafeed.dukascopy.com/datafeed/EURUSD/2026/05/05/21h_ticks.bi5 "HTTP/1.1 503 Service Temporarily Unavailable"
2026-06-13 21:26:47,295 - httpx - INFO - HTTP Request: GET https://datafeed.dukascopy.com/datafeed/EURUSD/2026/05/05/19h_ticks.bi5 "HTTP/1.1 503 Service Temporarily Unavailable"
2026-06-13 21:26:47,299 - httpx - INFO - HTTP Request: GET https://datafeed.dukascopy.com/datafeed/EURUSD/2026/05/05/09h_ticks.bi5 "HTTP/1.1 503 Service Temporarily Unavailable"
2026-06-13 21:26:47,469 - httpx - INFO - HTTP Request: GET https://datafeed.dukascopy.com/datafeed/EURUSD/2026/04/19/04h_ticks.bi5 "HTTP/1.1 200 OK"
2026-06-13 21:26:47,736 - httpx - INFO - HTTP Request: GET https://datafeed.dukascopy.com/datafeed/EURUSD/2026/04/19/07h_ticks.bi5 "HTTP/1.1 200 OK"
2026-06-13 21:26:47,867 - httpx - INFO - HTTP Request: GET https://datafeed.dukascopy.com/datafeed/EURUSD/2026/04/19/03h_ticks.bi5 "HTTP/1.1 200 OK"
2026-06-13 21:26:48,144 - httpx - INFO - HTTP Request: GET https://datafeed.dukascopy.com/datafeed/EURUSD/2026/04/19/12h_ticks.bi5 "HTTP/1.1 200 OK"
2026-06-13 21:26:48,274 - httpx - INFO - HTTP Request: GET https://datafeed.dukascopy.com/datafeed/EURUSD/2026/04/19/06h_ticks.bi5 "HTTP/1.1 200 OK"
2026-06-13 21:26:48,475 - httpx - INFO - HTTP Request: GET https://datafeed.dukascopy.com/datafeed/EURUSD/2026/04/19/17h_ticks.bi5 "HTTP/1.1 200 OK"
2026-06-13 21:26:48,674 - httpx - INFO - HTTP Request: GET https://datafeed.dukascopy.com/datafeed/EURUSD/2026/04/19/02h_ticks.bi5 "HTTP/1.1 200 OK"
2026-06-13 21:26:48,944 - httpx - INFO - HTTP Request: GET https://datafeed.dukascopy.com/datafeed/EURUSD/2026/04/19/10h_ticks.bi5 "HTTP/1.1 200 OK"
2026-06-13 21:26:49,148 - httpx - INFO - HTTP Request: GET https://datafeed.dukascopy.com/datafeed/EURUSD/2026/04/19/05h_ticks.bi5 "HTTP/1.1 200 OK"
2026-06-13 21:26:49,351 - httpx - INFO - HTTP Request: GET https://datafeed.dukascopy.com/datafeed/EURUSD/2026/04/19/16h_ticks.bi5 "HTTP/1.1 200 OK"
2026-06-13 21:26:49,471 - httpx - INFO - HTTP Request: GET https://datafeed.dukascopy.com/datafeed/EURUSD/2026/04/19/11h_ticks.bi5 "HTTP/1.1 200 OK"
2026-06-13 21:26:49,671 - httpx - INFO - HTTP Request: GET https://datafeed.dukascopy.com/datafeed/EURUSD/2026/04/19/21h_ticks.bi5 "HTTP/1.1 200 OK"
2026-06-13 21:26:49,868 - httpx - INFO - HTTP Request: GET https://datafeed.dukascopy.com/datafeed/EURUSD/2026/05/05/00h_ticks.bi5 "HTTP/1.1 200 OK"
2026-06-13 21:26:50,070 - httpx - INFO - HTTP Request: GET https://datafeed.dukascopy.com/datafeed/EURUSD/2026/05/05/06h_ticks.bi5 "HTTP/1.1 200 OK"
2026-06-13 21:26:50,350 - httpx - INFO - HTTP Request: GET https://datafeed.dukascopy.com/datafeed/EURUSD/2026/05/05/14h_ticks.bi5 "HTTP/1.1 200 OK"
2026-06-13 21:26:50,543 - httpx - INFO - HTTP Request: GET https://datafeed.dukascopy.com/datafeed/EURUSD/2026/04/19/08h_ticks.bi5 "HTTP/1.1 200 OK"
2026-06-13 21:26:50,668 - httpx - INFO - HTTP Request: GET https://datafeed.dukascopy.com/datafeed/EURUSD/2026/05/04/00h_ticks.bi5 "HTTP/1.1 200 OK"
2026-06-13 21:26:50,761 - httpx - INFO - HTTP Request: GET https://datafeed.dukascopy.com/datafeed/EURUSD/2026/04/18/03h_ticks.bi5 "HTTP/1.1 503 Service Temporarily Unavailable"
2026-06-13 21:26:50,780 - httpx - INFO - HTTP Request: GET https://datafeed.dukascopy.com/datafeed/EURUSD/2026/04/18/12h_ticks.bi5 "HTTP/1.1 503 Service Temporarily Unavailable"
2026-06-13 21:26:50,791 - httpx - INFO - HTTP Request: GET https://datafeed.dukascopy.com/datafeed/EURUSD/2026/04/18/06h_ticks.bi5 "HTTP/1.1 503 Service Temporarily Unavailable"
2026-06-13 21:26:50,802 - httpx - INFO - HTTP Request: GET https://datafeed.dukascopy.com/datafeed/EURUSD/2026/04/18/17h_ticks.bi5 "HTTP/1.1 503 Service Temporarily Unavailable"
2026-06-13 21:26:50,818 - httpx - INFO - HTTP Request: GET https://datafeed.dukascopy.com/datafeed/EURUSD/2026/04/18/02h_ticks.bi5 "HTTP/1.1 503 Service Temporarily Unavailable"
2026-06-13 21:26:50,831 - httpx - INFO - HTTP Request: GET https://datafeed.dukascopy.com/datafeed/EURUSD/2026/04/18/10h_ticks.bi5 "HTTP/1.1 503 Service Temporarily Unavailable"
2026-06-13 21:26:50,839 - httpx - INFO - HTTP Request: GET https://datafeed.dukascopy.com/datafeed/EURUSD/2026/04/18/05h_ticks.bi5 "HTTP/1.1 503 Service Temporarily Unavailable"
2026-06-13 21:26:50,860 - httpx - INFO - HTTP Request: GET https://datafeed.dukascopy.com/datafeed/EURUSD/2026/04/18/16h_ticks.bi5 "HTTP/1.1 503 Service Temporarily Unavailable"
2026-06-13 21:26:50,864 - httpx - INFO - HTTP Request: GET https://datafeed.dukascopy.com/datafeed/EURUSD/2026/04/18/23h_ticks.bi5 "HTTP/1.1 503 Service Temporarily Unavailable"
2026-06-13 21:26:50,870 - httpx - INFO - HTTP Request: GET https://datafeed.dukascopy.com/datafeed/EURUSD/2026/04/18/19h_ticks.bi5 "HTTP/1.1 503 Service Temporarily Unavailable"
2026-06-13 21:26:50,881 - httpx - INFO - HTTP Request: GET https://datafeed.dukascopy.com/datafeed/EURUSD/2026/04/18/11h_ticks.bi5 "HTTP/1.1 503 Service Temporarily Unavailable"
2026-06-13 21:26:50,893 - httpx - INFO - HTTP Request: GET https://datafeed.dukascopy.com/datafeed/EURUSD/2026/04/18/15h_ticks.bi5 "HTTP/1.1 503 Service Temporarily Unavailable"
2026-06-13 21:26:50,901 - httpx - INFO - HTTP Request: GET https://datafeed.dukascopy.com/datafeed/EURUSD/2026/04/18/18h_ticks.bi5 "HTTP/1.1 503 Service Temporarily Unavailable"
2026-06-13 21:26:50,902 - httpx - INFO - HTTP Request: GET https://datafeed.dukascopy.com/datafeed/EURUSD/2026/05/04/01h_ticks.bi5 "HTTP/1.1 200 OK"
2026-06-13 21:26:50,912 - httpx - INFO - HTTP Request: GET https://datafeed.dukascopy.com/datafeed/EURUSD/2026/04/18/20h_ticks.bi5 "HTTP/1.1 503 Service Temporarily Unavailable"
2026-06-13 21:26:50,935 - httpx - INFO - HTTP Request: GET https://datafeed.dukascopy.com/datafeed/EURUSD/2026/05/04/13h_ticks.bi5 "HTTP/1.1 503 Service Temporarily Unavailable"
2026-06-13 21:26:50,937 - httpx - INFO - HTTP Request: GET https://datafeed.dukascopy.com/datafeed/EURUSD/2026/04/18/13h_ticks.bi5 "HTTP/1.1 503 Service Temporarily Unavailable"
2026-06-13 21:26:50,941 - httpx - INFO - HTTP Request: GET https://datafeed.dukascopy.com/datafeed/EURUSD/2026/04/18/14h_ticks.bi5 "HTTP/1.1 503 Service Temporarily Unavailable"
2026-06-13 21:26:50,943 - httpx - INFO - HTTP Request: GET https://datafeed.dukascopy.com/datafeed/EURUSD/2026/05/04/19h_ticks.bi5 "HTTP/1.1 503 Service Temporarily Unavailable"
2026-06-13 21:26:50,943 - httpx - INFO - HTTP Request: GET https://datafeed.dukascopy.com/datafeed/EURUSD/2026/04/18/09h_ticks.bi5 "HTTP/1.1 503 Service Temporarily Unavailable"
2026-06-13 21:26:50,947 - httpx - INFO - HTTP Request: GET https://datafeed.dukascopy.com/datafeed/EURUSD/2026/05/04/23h_ticks.bi5 "HTTP/1.1 503 Service Temporarily Unavailable"
2026-06-13 21:26:50,948 - httpx - INFO - HTTP Request: GET https://datafeed.dukascopy.com/datafeed/EURUSD/2026/04/18/22h_ticks.bi5 "HTTP/1.1 503 Service Temporarily Unavailable"
2026-06-13 21:26:50,950 - httpx - INFO - HTTP Request: GET https://datafeed.dukascopy.com/datafeed/EURUSD/2026/04/18/08h_ticks.bi5 "HTTP/1.1 503 Service Temporarily Unavailable"
2026-06-13 21:26:50,963 - httpx - INFO - HTTP Request: GET https://datafeed.dukascopy.com/datafeed/EURUSD/2026/05/04/11h_ticks.bi5 "HTTP/1.1 503 Service Temporarily Unavailable"
2026-06-13 21:26:50,967 - httpx - INFO - HTTP Request: GET https://datafeed.dukascopy.com/datafeed/EURUSD/2026/05/04/14h_ticks.bi5 "HTTP/1.1 503 Service Temporarily Unavailable"
2026-06-13 21:26:50,973 - httpx - INFO - HTTP Request: GET https://datafeed.dukascopy.com/datafeed/EURUSD/2026/05/04/20h_ticks.bi5 "HTTP/1.1 503 Service Temporarily Unavailable"
2026-06-13 21:26:50,980 - httpx - INFO - HTTP Request: GET https://datafeed.dukascopy.com/datafeed/EURUSD/2026/05/04/21h_ticks.bi5 "HTTP/1.1 503 Service Temporarily Unavailable"
2026-06-13 21:26:50,983 - httpx - INFO - HTTP Request: GET https://datafeed.dukascopy.com/datafeed/EURUSD/2026/05/04/18h_ticks.bi5 "HTTP/1.1 503 Service Temporarily Unavailable"
2026-06-13 21:26:50,986 - httpx - INFO - HTTP Request: GET https://datafeed.dukascopy.com/datafeed/EURUSD/2026/05/04/15h_ticks.bi5 "HTTP/1.1 503 Service Temporarily Unavailable"
2026-06-13 21:26:50,989 - httpx - INFO - HTTP Request: GET https://datafeed.dukascopy.com/datafeed/EURUSD/2026/05/04/22h_ticks.bi5 "HTTP/1.1 503 Service Temporarily Unavailable"
2026-06-13 21:26:50,993 - httpx - INFO - HTTP Request: GET https://datafeed.dukascopy.com/datafeed/EURUSD/2026/05/04/09h_ticks.bi5 "HTTP/1.1 503 Service Temporarily Unavailable"
2026-06-13 21:26:50,996 - httpx - INFO - HTTP Request: GET https://datafeed.dukascopy.com/datafeed/EURUSD/2026/05/04/08h_ticks.bi5 "HTTP/1.1 503 Service Temporarily Unavailable"
2026-06-13 21:26:51,067 - httpx - INFO - HTTP Request: GET https://datafeed.dukascopy.com/datafeed/EURUSD/2026/05/04/04h_ticks.bi5 "HTTP/1.1 200 OK"
2026-06-13 21:26:51,269 - httpx - INFO - HTTP Request: GET https://datafeed.dukascopy.com/datafeed/EURUSD/2026/05/04/07h_ticks.bi5 "HTTP/1.1 200 OK"
2026-06-13 21:26:51,470 - httpx - INFO - HTTP Request: GET https://datafeed.dukascopy.com/datafeed/EURUSD/2026/05/04/03h_ticks.bi5 "HTTP/1.1 200 OK"
2026-06-13 21:26:51,742 - httpx - INFO - HTTP Request: GET https://datafeed.dukascopy.com/datafeed/EURUSD/2026/05/04/12h_ticks.bi5 "HTTP/1.1 200 OK"
2026-06-13 21:26:51,872 - httpx - INFO - HTTP Request: GET https://datafeed.dukascopy.com/datafeed/EURUSD/2026/05/04/06h_ticks.bi5 "HTTP/1.1 200 OK"
2026-06-13 21:26:52,071 - httpx - INFO - HTTP Request: GET https://datafeed.dukascopy.com/datafeed/EURUSD/2026/05/04/17h_ticks.bi5 "HTTP/1.1 200 OK"
2026-06-13 21:26:52,268 - httpx - INFO - HTTP Request: GET https://datafeed.dukascopy.com/datafeed/EURUSD/2026/05/04/02h_ticks.bi5 "HTTP/1.1 200 OK"
2026-06-13 21:26:52,477 - httpx - INFO - HTTP Request: GET https://datafeed.dukascopy.com/datafeed/EURUSD/2026/05/04/10h_ticks.bi5 "HTTP/1.1 200 OK"
2026-06-13 21:26:52,671 - httpx - INFO - HTTP Request: GET https://datafeed.dukascopy.com/datafeed/EURUSD/2026/05/04/05h_ticks.bi5 "HTTP/1.1 200 OK"
2026-06-13 21:26:52,869 - httpx - INFO - HTTP Request: GET https://datafeed.dukascopy.com/datafeed/EURUSD/2026/05/04/16h_ticks.bi5 "HTTP/1.1 200 OK"
2026-06-13 21:26:53,151 - httpx - INFO - HTTP Request: GET https://datafeed.dukascopy.com/datafeed/EURUSD/2026/04/18/00h_ticks.bi5 "HTTP/1.1 200 OK"
2026-06-13 21:26:53,167 - httpx - INFO - HTTP Request: GET https://datafeed.dukascopy.com/datafeed/EURUSD/2026/05/03/16h_ticks.bi5 "HTTP/1.1 503 Service Temporarily Unavailable"
2026-06-13 21:26:53,180 - httpx - INFO - HTTP Request: GET https://datafeed.dukascopy.com/datafeed/EURUSD/2026/05/03/23h_ticks.bi5 "HTTP/1.1 503 Service Temporarily Unavailable"
2026-06-13 21:26:53,184 - httpx - INFO - HTTP Request: GET https://datafeed.dukascopy.com/datafeed/EURUSD/2026/05/03/18h_ticks.bi5 "HTTP/1.1 503 Service Temporarily Unavailable"
2026-06-13 21:26:53,189 - httpx - INFO - HTTP Request: GET https://datafeed.dukascopy.com/datafeed/EURUSD/2026/05/03/22h_ticks.bi5 "HTTP/1.1 503 Service Temporarily Unavailable"
2026-06-13 21:26:53,199 - httpx - INFO - HTTP Request: GET https://datafeed.dukascopy.com/datafeed/EURUSD/2026/05/03/13h_ticks.bi5 "HTTP/1.1 503 Service Temporarily Unavailable"
2026-06-13 21:26:53,208 - httpx - INFO - HTTP Request: GET https://datafeed.dukascopy.com/datafeed/EURUSD/2026/05/03/15h_ticks.bi5 "HTTP/1.1 503 Service Temporarily Unavailable"
2026-06-13 21:26:53,224 - httpx - INFO - HTTP Request: GET https://datafeed.dukascopy.com/datafeed/EURUSD/2026/05/03/09h_ticks.bi5 "HTTP/1.1 503 Service Temporarily Unavailable"
2026-06-13 21:26:53,227 - httpx - INFO - HTTP Request: GET https://datafeed.dukascopy.com/datafeed/EURUSD/2026/05/03/20h_ticks.bi5 "HTTP/1.1 503 Service Temporarily Unavailable"
2026-06-13 21:26:53,231 - httpx - INFO - HTTP Request: GET https://datafeed.dukascopy.com/datafeed/EURUSD/2026/05/03/14h_ticks.bi5 "HTTP/1.1 503 Service Temporarily Unavailable"
2026-06-13 21:26:53,347 - httpx - INFO - HTTP Request: GET https://datafeed.dukascopy.com/datafeed/EURUSD/2026/04/18/01h_ticks.bi5 "HTTP/1.1 200 OK"
2026-06-13 21:26:53,425 - httpx - INFO - HTTP Request: GET https://datafeed.dukascopy.com/datafeed/EURUSD/2026/05/03/19h_ticks.bi5 "HTTP/1.1 503 Service Temporarily Unavailable"
2026-06-13 21:26:53,429 - httpx - INFO - HTTP Request: GET https://datafeed.dukascopy.com/datafeed/EURUSD/2026/05/03/08h_ticks.bi5 "HTTP/1.1 503 Service Temporarily Unavailable"
2026-06-13 21:26:53,432 - httpx - INFO - HTTP Request: GET https://datafeed.dukascopy.com/datafeed/EURUSD/2026/05/03/21h_ticks.bi5 "HTTP/1.1 503 Service Temporarily Unavailable"
2026-06-13 21:26:53,469 - httpx - INFO - HTTP Request: GET https://datafeed.dukascopy.com/datafeed/EURUSD/2026/04/18/04h_ticks.bi5 "HTTP/1.1 200 OK"
2026-06-13 21:26:53,736 - httpx - INFO - HTTP Request: GET https://datafeed.dukascopy.com/datafeed/EURUSD/2026/04/18/07h_ticks.bi5 "HTTP/1.1 200 OK"
2026-06-13 21:26:53,868 - httpx - INFO - HTTP Request: GET https://datafeed.dukascopy.com/datafeed/EURUSD/2026/04/18/21h_ticks.bi5 "HTTP/1.1 200 OK"
2026-06-13 21:26:54,060 - httpx - INFO - HTTP Request: GET https://datafeed.dukascopy.com/datafeed/EURUSD/2026/04/17/07h_ticks.bi5 "HTTP/1.1 503 Service Temporarily Unavailable"
2026-06-13 21:26:54,067 - httpx - INFO - HTTP Request: GET https://datafeed.dukascopy.com/datafeed/EURUSD/2026/05/03/00h_ticks.bi5 "HTTP/1.1 200 OK"
2026-06-13 21:26:54,074 - httpx - INFO - HTTP Request: GET https://datafeed.dukascopy.com/datafeed/EURUSD/2026/04/17/03h_ticks.bi5 "HTTP/1.1 503 Service Temporarily Unavailable"
2026-06-13 21:26:54,088 - httpx - INFO - HTTP Request: GET https://datafeed.dukascopy.com/datafeed/EURUSD/2026/04/17/12h_ticks.bi5 "HTTP/1.1 503 Service Temporarily Unavailable"
2026-06-13 21:26:54,113 - httpx - INFO - HTTP Request: GET https://datafeed.dukascopy.com/datafeed/EURUSD/2026/04/17/17h_ticks.bi5 "HTTP/1.1 503 Service Temporarily Unavailable"
2026-06-13 21:26:54,131 - httpx - INFO - HTTP Request: GET https://datafeed.dukascopy.com/datafeed/EURUSD/2026/04/17/02h_ticks.bi5 "HTTP/1.1 503 Service Temporarily Unavailable"
2026-06-13 21:26:54,145 - httpx - INFO - HTTP Request: GET https://datafeed.dukascopy.com/datafeed/EURUSD/2026/04/17/10h_ticks.bi5 "HTTP/1.1 503 Service Temporarily Unavailable"
2026-06-13 21:26:54,159 - httpx - INFO - HTTP Request: GET https://datafeed.dukascopy.com/datafeed/EURUSD/2026/04/17/05h_ticks.bi5 "HTTP/1.1 503 Service Temporarily Unavailable"
2026-06-13 21:26:54,175 - httpx - INFO - HTTP Request: GET https://datafeed.dukascopy.com/datafeed/EURUSD/2026/04/17/16h_ticks.bi5 "HTTP/1.1 503 Service Temporarily Unavailable"
2026-06-13 21:26:54,177 - httpx - INFO - HTTP Request: GET https://datafeed.dukascopy.com/datafeed/EURUSD/2026/04/17/13h_ticks.bi5 "HTTP/1.1 503 Service Temporarily Unavailable"
2026-06-13 21:26:54,183 - httpx - INFO - HTTP Request: GET https://datafeed.dukascopy.com/datafeed/EURUSD/2026/04/17/11h_ticks.bi5 "HTTP/1.1 503 Service Temporarily Unavailable"
2026-06-13 21:26:54,196 - httpx - INFO - HTTP Request: GET https://datafeed.dukascopy.com/datafeed/EURUSD/2026/04/17/22h_ticks.bi5 "HTTP/1.1 503 Service Temporarily Unavailable"
2026-06-13 21:26:54,232 - httpx - INFO - HTTP Request: GET https://datafeed.dukascopy.com/datafeed/EURUSD/2026/04/17/21h_ticks.bi5 "HTTP/1.1 503 Service Temporarily Unavailable"
2026-06-13 21:26:54,267 - httpx - INFO - HTTP Request: GET https://datafeed.dukascopy.com/datafeed/EURUSD/2026/05/03/01h_ticks.bi5 "HTTP/1.1 200 OK"
2026-06-13 21:26:54,291 - httpx - INFO - HTTP Request: GET https://datafeed.dukascopy.com/datafeed/EURUSD/2026/04/17/20h_ticks.bi5 "HTTP/1.1 503 Service Temporarily Unavailable"
2026-06-13 21:26:54,298 - httpx - INFO - HTTP Request: GET https://datafeed.dukascopy.com/datafeed/EURUSD/2026/04/17/18h_ticks.bi5 "HTTP/1.1 503 Service Temporarily Unavailable"
2026-06-13 21:26:54,301 - httpx - INFO - HTTP Request: GET https://datafeed.dukascopy.com/datafeed/EURUSD/2026/04/17/09h_ticks.bi5 "HTTP/1.1 503 Service Temporarily Unavailable"
2026-06-13 21:26:54,302 - httpx - INFO - HTTP Request: GET https://datafeed.dukascopy.com/datafeed/EURUSD/2026/04/17/19h_ticks.bi5 "HTTP/1.1 503 Service Temporarily Unavailable"
2026-06-13 21:26:54,304 - httpx - INFO - HTTP Request: GET https://datafeed.dukascopy.com/datafeed/EURUSD/2026/04/17/23h_ticks.bi5 "HTTP/1.1 503 Service Temporarily Unavailable"
2026-06-13 21:26:54,310 - httpx - INFO - HTTP Request: GET https://datafeed.dukascopy.com/datafeed/EURUSD/2026/04/17/08h_ticks.bi5 "HTTP/1.1 503 Service Temporarily Unavailable"
2026-06-13 21:26:54,313 - httpx - INFO - HTTP Request: GET https://datafeed.dukascopy.com/datafeed/EURUSD/2026/04/17/14h_ticks.bi5 "HTTP/1.1 503 Service Temporarily Unavailable"
2026-06-13 21:26:54,472 - httpx - INFO - HTTP Request: GET https://datafeed.dukascopy.com/datafeed/EURUSD/2026/05/03/04h_ticks.bi5 "HTTP/1.1 200 OK"
2026-06-13 21:26:54,749 - httpx - INFO - HTTP Request: GET https://datafeed.dukascopy.com/datafeed/EURUSD/2026/05/03/07h_ticks.bi5 "HTTP/1.1 200 OK"
2026-06-13 21:26:54,870 - httpx - INFO - HTTP Request: GET https://datafeed.dukascopy.com/datafeed/EURUSD/2026/05/03/03h_ticks.bi5 "HTTP/1.1 200 OK"
2026-06-13 21:26:55,140 - httpx - INFO - HTTP Request: GET https://datafeed.dukascopy.com/datafeed/EURUSD/2026/05/03/12h_ticks.bi5 "HTTP/1.1 200 OK"
2026-06-13 21:26:55,270 - httpx - INFO - HTTP Request: GET https://datafeed.dukascopy.com/datafeed/EURUSD/2026/05/03/06h_ticks.bi5 "HTTP/1.1 200 OK"
2026-06-13 21:26:55,470 - httpx - INFO - HTTP Request: GET https://datafeed.dukascopy.com/datafeed/EURUSD/2026/05/03/17h_ticks.bi5 "HTTP/1.1 200 OK"
2026-06-13 21:26:55,669 - httpx - INFO - HTTP Request: GET https://datafeed.dukascopy.com/datafeed/EURUSD/2026/05/03/02h_ticks.bi5 "HTTP/1.1 200 OK"
2026-06-13 21:26:55,941 - httpx - INFO - HTTP Request: GET https://datafeed.dukascopy.com/datafeed/EURUSD/2026/05/03/10h_ticks.bi5 "HTTP/1.1 200 OK"
2026-06-13 21:26:56,070 - httpx - INFO - HTTP Request: GET https://datafeed.dukascopy.com/datafeed/EURUSD/2026/05/03/05h_ticks.bi5 "HTTP/1.1 200 OK"
2026-06-13 21:26:56,266 - httpx - INFO - HTTP Request: GET https://datafeed.dukascopy.com/datafeed/EURUSD/2026/05/03/11h_ticks.bi5 "HTTP/1.1 200 OK"
2026-06-13 21:26:56,465 - httpx - INFO - HTTP Request: GET https://datafeed.dukascopy.com/datafeed/EURUSD/2026/04/17/00h_ticks.bi5 "HTTP/1.1 200 OK"
2026-06-13 21:26:56,561 - httpx - INFO - HTTP Request: GET https://datafeed.dukascopy.com/datafeed/EURUSD/2026/05/02/16h_ticks.bi5 "HTTP/1.1 503 Service Temporarily Unavailable"
2026-06-13 21:26:56,569 - httpx - INFO - HTTP Request: GET https://datafeed.dukascopy.com/datafeed/EURUSD/2026/05/02/23h_ticks.bi5 "HTTP/1.1 503 Service Temporarily Unavailable"
2026-06-13 21:26:56,581 - httpx - INFO - HTTP Request: GET https://datafeed.dukascopy.com/datafeed/EURUSD/2026/05/02/18h_ticks.bi5 "HTTP/1.1 503 Service Temporarily Unavailable"
2026-06-13 21:26:56,587 - httpx - INFO - HTTP Request: GET https://datafeed.dukascopy.com/datafeed/EURUSD/2026/05/02/22h_ticks.bi5 "HTTP/1.1 503 Service Temporarily Unavailable"
2026-06-13 21:26:56,594 - httpx - INFO - HTTP Request: GET https://datafeed.dukascopy.com/datafeed/EURUSD/2026/05/02/13h_ticks.bi5 "HTTP/1.1 503 Service Temporarily Unavailable"
2026-06-13 21:26:56,602 - httpx - INFO - HTTP Request: GET https://datafeed.dukascopy.com/datafeed/EURUSD/2026/05/02/15h_ticks.bi5 "HTTP/1.1 503 Service Temporarily Unavailable"
2026-06-13 21:26:56,610 - httpx - INFO - HTTP Request: GET https://datafeed.dukascopy.com/datafeed/EURUSD/2026/05/02/20h_ticks.bi5 "HTTP/1.1 503 Service Temporarily Unavailable"
2026-06-13 21:26:56,624 - httpx - INFO - HTTP Request: GET https://datafeed.dukascopy.com/datafeed/EURUSD/2026/05/02/09h_ticks.bi5 "HTTP/1.1 503 Service Temporarily Unavailable"
2026-06-13 21:26:56,627 - httpx - INFO - HTTP Request: GET https://datafeed.dukascopy.com/datafeed/EURUSD/2026/05/02/14h_ticks.bi5 "HTTP/1.1 503 Service Temporarily Unavailable"
2026-06-13 21:26:56,668 - httpx - INFO - HTTP Request: GET https://datafeed.dukascopy.com/datafeed/EURUSD/2026/04/17/01h_ticks.bi5 "HTTP/1.1 200 OK"
2026-06-13 21:26:56,840 - httpx - INFO - HTTP Request: GET https://datafeed.dukascopy.com/datafeed/EURUSD/2026/05/02/11h_ticks.bi5 "HTTP/1.1 503 Service Temporarily Unavailable"
2026-06-13 21:26:56,844 - httpx - INFO - HTTP Request: GET https://datafeed.dukascopy.com/datafeed/EURUSD/2026/05/02/19h_ticks.bi5 "HTTP/1.1 503 Service Temporarily Unavailable"
2026-06-13 21:26:56,846 - httpx - INFO - HTTP Request: GET https://datafeed.dukascopy.com/datafeed/EURUSD/2026/05/02/08h_ticks.bi5 "HTTP/1.1 503 Service Temporarily Unavailable"
2026-06-13 21:26:56,868 - httpx - INFO - HTTP Request: GET https://datafeed.dukascopy.com/datafeed/EURUSD/2026/04/17/04h_ticks.bi5 "HTTP/1.1 200 OK"
2026-06-13 21:26:57,066 - httpx - INFO - HTTP Request: GET https://datafeed.dukascopy.com/datafeed/EURUSD/2026/04/17/06h_ticks.bi5 "HTTP/1.1 200 OK"
2026-06-13 21:26:57,277 - httpx - INFO - HTTP Request: GET https://datafeed.dukascopy.com/datafeed/EURUSD/2026/04/17/15h_ticks.bi5 "HTTP/1.1 200 OK"
2026-06-13 21:26:57,449 - httpx - INFO - HTTP Request: GET https://datafeed.dukascopy.com/datafeed/EURUSD/2026/04/16/07h_ticks.bi5 "HTTP/1.1 503 Service Temporarily Unavailable"
2026-06-13 21:26:57,507 - httpx - INFO - HTTP Request: GET https://datafeed.dukascopy.com/datafeed/EURUSD/2026/05/02/00h_ticks.bi5 "HTTP/1.1 200 OK"
2026-06-13 21:26:57,520 - httpx - INFO - HTTP Request: GET https://datafeed.dukascopy.com/datafeed/EURUSD/2026/04/16/03h_ticks.bi5 "HTTP/1.1 503 Service Temporarily Unavailable"
2026-06-13 21:26:57,522 - httpx - INFO - HTTP Request: GET https://datafeed.dukascopy.com/datafeed/EURUSD/2026/04/16/12h_ticks.bi5 "HTTP/1.1 503 Service Temporarily Unavailable"
2026-06-13 21:26:57,524 - httpx - INFO - HTTP Request: GET https://datafeed.dukascopy.com/datafeed/EURUSD/2026/04/16/17h_ticks.bi5 "HTTP/1.1 503 Service Temporarily Unavailable"
2026-06-13 21:26:57,526 - httpx - INFO - HTTP Request: GET https://datafeed.dukascopy.com/datafeed/EURUSD/2026/04/16/02h_ticks.bi5 "HTTP/1.1 503 Service Temporarily Unavailable"
2026-06-13 21:26:57,537 - httpx - INFO - HTTP Request: GET https://datafeed.dukascopy.com/datafeed/EURUSD/2026/04/16/10h_ticks.bi5 "HTTP/1.1 503 Service Temporarily Unavailable"
2026-06-13 21:26:57,541 - httpx - INFO - HTTP Request: GET https://datafeed.dukascopy.com/datafeed/EURUSD/2026/04/16/05h_ticks.bi5 "HTTP/1.1 503 Service Temporarily Unavailable"
2026-06-13 21:26:57,545 - httpx - INFO - HTTP Request: GET https://datafeed.dukascopy.com/datafeed/EURUSD/2026/04/16/16h_ticks.bi5 "HTTP/1.1 503 Service Temporarily Unavailable"
2026-06-13 21:26:57,560 - httpx - INFO - HTTP Request: GET https://datafeed.dukascopy.com/datafeed/EURUSD/2026/04/16/13h_ticks.bi5 "HTTP/1.1 503 Service Temporarily Unavailable"
2026-06-13 21:26:57,569 - httpx - INFO - HTTP Request: GET https://datafeed.dukascopy.com/datafeed/EURUSD/2026/04/16/11h_ticks.bi5 "HTTP/1.1 503 Service Temporarily Unavailable"
2026-06-13 21:26:57,572 - httpx - INFO - HTTP Request: GET https://datafeed.dukascopy.com/datafeed/EURUSD/2026/04/16/22h_ticks.bi5 "HTTP/1.1 503 Service Temporarily Unavailable"
2026-06-13 21:26:57,578 - httpx - INFO - HTTP Request: GET https://datafeed.dukascopy.com/datafeed/EURUSD/2026/04/16/21h_ticks.bi5 "HTTP/1.1 503 Service Temporarily Unavailable"
2026-06-13 21:26:57,583 - httpx - INFO - HTTP Request: GET https://datafeed.dukascopy.com/datafeed/EURUSD/2026/04/16/14h_ticks.bi5 "HTTP/1.1 503 Service Temporarily Unavailable"
2026-06-13 21:26:57,612 - httpx - INFO - HTTP Request: GET https://datafeed.dukascopy.com/datafeed/EURUSD/2026/04/16/09h_ticks.bi5 "HTTP/1.1 503 Service Temporarily Unavailable"
2026-06-13 21:26:57,672 - httpx - INFO - HTTP Request: GET https://datafeed.dukascopy.com/datafeed/EURUSD/2026/05/02/01h_ticks.bi5 "HTTP/1.1 200 OK"
2026-06-13 21:26:57,772 - httpx - INFO - HTTP Request: GET https://datafeed.dukascopy.com/datafeed/EURUSD/2026/04/16/15h_ticks.bi5 "HTTP/1.1 503 Service Temporarily Unavailable"
2026-06-13 21:26:57,775 - httpx - INFO - HTTP Request: GET https://datafeed.dukascopy.com/datafeed/EURUSD/2026/04/16/20h_ticks.bi5 "HTTP/1.1 503 Service Temporarily Unavailable"
2026-06-13 21:26:57,786 - httpx - INFO - HTTP Request: GET https://datafeed.dukascopy.com/datafeed/EURUSD/2026/04/16/23h_ticks.bi5 "HTTP/1.1 503 Service Temporarily Unavailable"
2026-06-13 21:26:57,789 - httpx - INFO - HTTP Request: GET https://datafeed.dukascopy.com/datafeed/EURUSD/2026/04/16/19h_ticks.bi5 "HTTP/1.1 503 Service Temporarily Unavailable"
2026-06-13 21:26:57,793 - httpx - INFO - HTTP Request: GET https://datafeed.dukascopy.com/datafeed/EURUSD/2026/04/16/18h_ticks.bi5 "HTTP/1.1 503 Service Temporarily Unavailable"
2026-06-13 21:26:57,869 - httpx - INFO - HTTP Request: GET https://datafeed.dukascopy.com/datafeed/EURUSD/2026/05/02/04h_ticks.bi5 "HTTP/1.1 200 OK"
2026-06-13 21:26:58,069 - httpx - INFO - HTTP Request: GET https://datafeed.dukascopy.com/datafeed/EURUSD/2026/05/02/07h_ticks.bi5 "HTTP/1.1 200 OK"
2026-06-13 21:26:58,271 - httpx - INFO - HTTP Request: GET https://datafeed.dukascopy.com/datafeed/EURUSD/2026/05/02/03h_ticks.bi5 "HTTP/1.1 200 OK"
2026-06-13 21:26:58,479 - httpx - INFO - HTTP Request: GET https://datafeed.dukascopy.com/datafeed/EURUSD/2026/05/02/12h_ticks.bi5 "HTTP/1.1 200 OK"
2026-06-13 21:26:58,672 - httpx - INFO - HTTP Request: GET https://datafeed.dukascopy.com/datafeed/EURUSD/2026/05/02/06h_ticks.bi5 "HTTP/1.1 200 OK"
2026-06-13 21:26:58,868 - httpx - INFO - HTTP Request: GET https://datafeed.dukascopy.com/datafeed/EURUSD/2026/05/02/17h_ticks.bi5 "HTTP/1.1 200 OK"
2026-06-13 21:26:59,067 - httpx - INFO - HTTP Request: GET https://datafeed.dukascopy.com/datafeed/EURUSD/2026/05/02/02h_ticks.bi5 "HTTP/1.1 200 OK"
2026-06-13 21:26:59,267 - httpx - INFO - HTTP Request: GET https://datafeed.dukascopy.com/datafeed/EURUSD/2026/05/02/10h_ticks.bi5 "HTTP/1.1 200 OK"
2026-06-13 21:26:59,470 - httpx - INFO - HTTP Request: GET https://datafeed.dukascopy.com/datafeed/EURUSD/2026/05/02/05h_ticks.bi5 "HTTP/1.1 200 OK"
2026-06-13 21:26:59,669 - httpx - INFO - HTTP Request: GET https://datafeed.dukascopy.com/datafeed/EURUSD/2026/05/02/21h_ticks.bi5 "HTTP/1.1 200 OK"
2026-06-13 21:26:59,866 - httpx - INFO - HTTP Request: GET https://datafeed.dukascopy.com/datafeed/EURUSD/2026/04/16/00h_ticks.bi5 "HTTP/1.1 200 OK"
2026-06-13 21:26:59,966 - httpx - INFO - HTTP Request: GET https://datafeed.dukascopy.com/datafeed/EURUSD/2026/05/01/16h_ticks.bi5 "HTTP/1.1 503 Service Temporarily Unavailable"
2026-06-13 21:26:59,971 - httpx - INFO - HTTP Request: GET https://datafeed.dukascopy.com/datafeed/EURUSD/2026/05/01/23h_ticks.bi5 "HTTP/1.1 503 Service Temporarily Unavailable"
2026-06-13 21:26:59,978 - httpx - INFO - HTTP Request: GET https://datafeed.dukascopy.com/datafeed/EURUSD/2026/05/01/18h_ticks.bi5 "HTTP/1.1 503 Service Temporarily Unavailable"
2026-06-13 21:26:59,993 - httpx - INFO - HTTP Request: GET https://datafeed.dukascopy.com/datafeed/EURUSD/2026/05/01/22h_ticks.bi5 "HTTP/1.1 503 Service Temporarily Unavailable"
2026-06-13 21:26:59,999 - httpx - INFO - HTTP Request: GET https://datafeed.dukascopy.com/datafeed/EURUSD/2026/05/01/13h_ticks.bi5 "HTTP/1.1 503 Service Temporarily Unavailable"
2026-06-13 21:27:00,012 - httpx - INFO - HTTP Request: GET https://datafeed.dukascopy.com/datafeed/EURUSD/2026/05/01/15h_ticks.bi5 "HTTP/1.1 503 Service Temporarily Unavailable"
2026-06-13 21:27:00,018 - httpx - INFO - HTTP Request: GET https://datafeed.dukascopy.com/datafeed/EURUSD/2026/05/01/20h_ticks.bi5 "HTTP/1.1 503 Service Temporarily Unavailable"
2026-06-13 21:27:00,023 - httpx - INFO - HTTP Request: GET https://datafeed.dukascopy.com/datafeed/EURUSD/2026/05/01/09h_ticks.bi5 "HTTP/1.1 503 Service Temporarily Unavailable"
2026-06-13 21:27:00,032 - httpx - INFO - HTTP Request: GET https://datafeed.dukascopy.com/datafeed/EURUSD/2026/05/01/14h_ticks.bi5 "HTTP/1.1 503 Service Temporarily Unavailable"
2026-06-13 21:27:00,069 - httpx - INFO - HTTP Request: GET https://datafeed.dukascopy.com/datafeed/EURUSD/2026/04/16/01h_ticks.bi5 "HTTP/1.1 200 OK"
2026-06-13 21:27:00,197 - httpx - INFO - HTTP Request: GET https://datafeed.dukascopy.com/datafeed/EURUSD/2026/05/01/11h_ticks.bi5 "HTTP/1.1 503 Service Temporarily Unavailable"
2026-06-13 21:27:00,217 - httpx - INFO - HTTP Request: GET https://datafeed.dukascopy.com/datafeed/EURUSD/2026/05/01/21h_ticks.bi5 "HTTP/1.1 503 Service Temporarily Unavailable"
2026-06-13 21:27:00,221 - httpx - INFO - HTTP Request: GET https://datafeed.dukascopy.com/datafeed/EURUSD/2026/05/01/19h_ticks.bi5 "HTTP/1.1 503 Service Temporarily Unavailable"
2026-06-13 21:27:00,266 - httpx - INFO - HTTP Request: GET https://datafeed.dukascopy.com/datafeed/EURUSD/2026/04/16/04h_ticks.bi5 "HTTP/1.1 200 OK"
2026-06-13 21:27:00,466 - httpx - INFO - HTTP Request: GET https://datafeed.dukascopy.com/datafeed/EURUSD/2026/04/16/06h_ticks.bi5 "HTTP/1.1 200 OK"
2026-06-13 21:27:00,668 - httpx - INFO - HTTP Request: GET https://datafeed.dukascopy.com/datafeed/EURUSD/2026/04/16/08h_ticks.bi5 "HTTP/1.1 200 OK"
2026-06-13 21:27:00,861 - httpx - INFO - HTTP Request: GET https://datafeed.dukascopy.com/datafeed/EURUSD/2026/04/15/07h_ticks.bi5 "HTTP/1.1 503 Service Temporarily Unavailable"
2026-06-13 21:27:00,880 - httpx - INFO - HTTP Request: GET https://datafeed.dukascopy.com/datafeed/EURUSD/2026/04/15/03h_ticks.bi5 "HTTP/1.1 503 Service Temporarily Unavailable"
2026-06-13 21:27:00,894 - httpx - INFO - HTTP Request: GET https://datafeed.dukascopy.com/datafeed/EURUSD/2026/04/15/12h_ticks.bi5 "HTTP/1.1 503 Service Temporarily Unavailable"
2026-06-13 21:27:00,913 - httpx - INFO - HTTP Request: GET https://datafeed.dukascopy.com/datafeed/EURUSD/2026/04/15/17h_ticks.bi5 "HTTP/1.1 503 Service Temporarily Unavailable"
2026-06-13 21:27:00,942 - httpx - INFO - HTTP Request: GET https://datafeed.dukascopy.com/datafeed/EURUSD/2026/04/15/02h_ticks.bi5 "HTTP/1.1 503 Service Temporarily Unavailable"
2026-06-13 21:27:00,994 - httpx - INFO - HTTP Request: GET https://datafeed.dukascopy.com/datafeed/EURUSD/2026/04/15/13h_ticks.bi5 "HTTP/1.1 503 Service Temporarily Unavailable"
2026-06-13 21:27:00,994 - httpx - INFO - HTTP Request: GET https://datafeed.dukascopy.com/datafeed/EURUSD/2026/05/01/00h_ticks.bi5 "HTTP/1.1 200 OK"
2026-06-13 21:27:00,997 - httpx - INFO - HTTP Request: GET https://datafeed.dukascopy.com/datafeed/EURUSD/2026/04/15/10h_ticks.bi5 "HTTP/1.1 503 Service Temporarily Unavailable"
2026-06-13 21:27:01,045 - httpx - INFO - HTTP Request: GET https://datafeed.dukascopy.com/datafeed/EURUSD/2026/04/15/11h_ticks.bi5 "HTTP/1.1 503 Service Temporarily Unavailable"
2026-06-13 21:27:01,048 - httpx - INFO - HTTP Request: GET https://datafeed.dukascopy.com/datafeed/EURUSD/2026/04/15/16h_ticks.bi5 "HTTP/1.1 503 Service Temporarily Unavailable"
2026-06-13 21:27:01,050 - httpx - INFO - HTTP Request: GET https://datafeed.dukascopy.com/datafeed/EURUSD/2026/04/15/05h_ticks.bi5 "HTTP/1.1 503 Service Temporarily Unavailable"
2026-06-13 21:27:01,054 - httpx - INFO - HTTP Request: GET https://datafeed.dukascopy.com/datafeed/EURUSD/2026/04/15/22h_ticks.bi5 "HTTP/1.1 503 Service Temporarily Unavailable"
2026-06-13 21:27:01,056 - httpx - INFO - HTTP Request: GET https://datafeed.dukascopy.com/datafeed/EURUSD/2026/04/15/14h_ticks.bi5 "HTTP/1.1 503 Service Temporarily Unavailable"
2026-06-13 21:27:01,057 - httpx - INFO - HTTP Request: GET https://datafeed.dukascopy.com/datafeed/EURUSD/2026/04/15/18h_ticks.bi5 "HTTP/1.1 503 Service Temporarily Unavailable"
2026-06-13 21:27:01,062 - httpx - INFO - HTTP Request: GET https://datafeed.dukascopy.com/datafeed/EURUSD/2026/04/15/08h_ticks.bi5 "HTTP/1.1 503 Service Temporarily Unavailable"
2026-06-13 21:27:01,066 - httpx - INFO - HTTP Request: GET https://datafeed.dukascopy.com/datafeed/EURUSD/2026/04/15/19h_ticks.bi5 "HTTP/1.1 503 Service Temporarily Unavailable"
2026-06-13 21:27:01,068 - httpx - INFO - HTTP Request: GET https://datafeed.dukascopy.com/datafeed/EURUSD/2026/04/15/23h_ticks.bi5 "HTTP/1.1 503 Service Temporarily Unavailable"
2026-06-13 21:27:01,069 - httpx - INFO - HTTP Request: GET https://datafeed.dukascopy.com/datafeed/EURUSD/2026/04/15/20h_ticks.bi5 "HTTP/1.1 503 Service Temporarily Unavailable"
2026-06-13 21:27:01,075 - httpx - INFO - HTTP Request: GET https://datafeed.dukascopy.com/datafeed/EURUSD/2026/04/15/21h_ticks.bi5 "HTTP/1.1 503 Service Temporarily Unavailable"
2026-06-13 21:27:01,077 - httpx - INFO - HTTP Request: GET https://datafeed.dukascopy.com/datafeed/EURUSD/2026/04/15/15h_ticks.bi5 "HTTP/1.1 503 Service Temporarily Unavailable"
2026-06-13 21:27:01,079 - httpx - INFO - HTTP Request: GET https://datafeed.dukascopy.com/datafeed/EURUSD/2026/05/01/01h_ticks.bi5 "HTTP/1.1 200 OK"
2026-06-13 21:27:01,079 - httpx - INFO - HTTP Request: GET https://datafeed.dukascopy.com/datafeed/EURUSD/2026/04/15/09h_ticks.bi5 "HTTP/1.1 503 Service Temporarily Unavailable"
2026-06-13 21:27:01,282 - httpx - INFO - HTTP Request: GET https://datafeed.dukascopy.com/datafeed/EURUSD/2026/05/01/04h_ticks.bi5 "HTTP/1.1 200 OK"
2026-06-13 21:27:01,472 - httpx - INFO - HTTP Request: GET https://datafeed.dukascopy.com/datafeed/EURUSD/2026/05/01/07h_ticks.bi5 "HTTP/1.1 200 OK"
2026-06-13 21:27:01,668 - httpx - INFO - HTTP Request: GET https://datafeed.dukascopy.com/datafeed/EURUSD/2026/05/01/03h_ticks.bi5 "HTTP/1.1 200 OK"
2026-06-13 21:27:01,877 - httpx - INFO - HTTP Request: GET https://datafeed.dukascopy.com/datafeed/EURUSD/2026/05/01/12h_ticks.bi5 "HTTP/1.1 200 OK"
2026-06-13 21:27:02,148 - httpx - INFO - HTTP Request: GET https://datafeed.dukascopy.com/datafeed/EURUSD/2026/05/01/06h_ticks.bi5 "HTTP/1.1 200 OK"
2026-06-13 21:27:02,346 - httpx - INFO - HTTP Request: GET https://datafeed.dukascopy.com/datafeed/EURUSD/2026/05/01/17h_ticks.bi5 "HTTP/1.1 200 OK"
2026-06-13 21:27:02,469 - httpx - INFO - HTTP Request: GET https://datafeed.dukascopy.com/datafeed/EURUSD/2026/05/01/02h_ticks.bi5 "HTTP/1.1 200 OK"
2026-06-13 21:27:02,680 - httpx - INFO - HTTP Request: GET https://datafeed.dukascopy.com/datafeed/EURUSD/2026/05/01/10h_ticks.bi5 "HTTP/1.1 200 OK"
2026-06-13 21:27:02,868 - httpx - INFO - HTTP Request: GET https://datafeed.dukascopy.com/datafeed/EURUSD/2026/05/01/05h_ticks.bi5 "HTTP/1.1 200 OK"
2026-06-13 21:27:03,067 - httpx - INFO - HTTP Request: GET https://datafeed.dukascopy.com/datafeed/EURUSD/2026/05/01/08h_ticks.bi5 "HTTP/1.1 200 OK"
2026-06-13 21:27:03,276 - httpx - INFO - HTTP Request: GET https://datafeed.dukascopy.com/datafeed/EURUSD/2026/04/15/00h_ticks.bi5 "HTTP/1.1 200 OK"
2026-06-13 21:27:03,377 - httpx - INFO - HTTP Request: GET https://datafeed.dukascopy.com/datafeed/EURUSD/2026/04/31/23h_ticks.bi5 "HTTP/1.1 503 Service Temporarily Unavailable"
2026-06-13 21:27:03,392 - httpx - INFO - HTTP Request: GET https://datafeed.dukascopy.com/datafeed/EURUSD/2026/04/31/18h_ticks.bi5 "HTTP/1.1 503 Service Temporarily Unavailable"
2026-06-13 21:27:03,396 - httpx - INFO - HTTP Request: GET https://datafeed.dukascopy.com/datafeed/EURUSD/2026/04/31/22h_ticks.bi5 "HTTP/1.1 503 Service Temporarily Unavailable"
2026-06-13 21:27:03,407 - httpx - INFO - HTTP Request: GET https://datafeed.dukascopy.com/datafeed/EURUSD/2026/04/31/13h_ticks.bi5 "HTTP/1.1 503 Service Temporarily Unavailable"
2026-06-13 21:27:03,428 - httpx - INFO - HTTP Request: GET https://datafeed.dukascopy.com/datafeed/EURUSD/2026/04/31/15h_ticks.bi5 "HTTP/1.1 503 Service Temporarily Unavailable"
2026-06-13 21:27:03,433 - httpx - INFO - HTTP Request: GET https://datafeed.dukascopy.com/datafeed/EURUSD/2026/04/31/20h_ticks.bi5 "HTTP/1.1 503 Service Temporarily Unavailable"
2026-06-13 21:27:03,438 - httpx - INFO - HTTP Request: GET https://datafeed.dukascopy.com/datafeed/EURUSD/2026/04/31/09h_ticks.bi5 "HTTP/1.1 503 Service Temporarily Unavailable"
2026-06-13 21:27:03,542 - httpx - INFO - HTTP Request: GET https://datafeed.dukascopy.com/datafeed/EURUSD/2026/04/15/01h_ticks.bi5 "HTTP/1.1 200 OK"
2026-06-13 21:27:03,669 - httpx - INFO - HTTP Request: GET https://datafeed.dukascopy.com/datafeed/EURUSD/2026/04/15/04h_ticks.bi5 "HTTP/1.1 200 OK"
2026-06-13 21:27:03,706 - httpx - INFO - HTTP Request: GET https://datafeed.dukascopy.com/datafeed/EURUSD/2026/04/31/08h_ticks.bi5 "HTTP/1.1 503 Service Temporarily Unavailable"
2026-06-13 21:27:03,715 - httpx - INFO - HTTP Request: GET https://datafeed.dukascopy.com/datafeed/EURUSD/2026/04/31/21h_ticks.bi5 "HTTP/1.1 503 Service Temporarily Unavailable"
2026-06-13 21:27:03,719 - httpx - INFO - HTTP Request: GET https://datafeed.dukascopy.com/datafeed/EURUSD/2026/04/31/19h_ticks.bi5 "HTTP/1.1 503 Service Temporarily Unavailable"
2026-06-13 21:27:03,942 - httpx - INFO - HTTP Request: GET https://datafeed.dukascopy.com/datafeed/EURUSD/2026/04/15/06h_ticks.bi5 "HTTP/1.1 200 OK"
2026-06-13 21:27:04,064 - httpx - INFO - HTTP Request: GET https://datafeed.dukascopy.com/datafeed/EURUSD/2026/04/31/00h_ticks.bi5 "HTTP/1.1 200 OK"
2026-06-13 21:27:04,266 - httpx - INFO - HTTP Request: GET https://datafeed.dukascopy.com/datafeed/EURUSD/2026/04/31/01h_ticks.bi5 "HTTP/1.1 200 OK"
2026-06-13 21:27:04,468 - httpx - INFO - HTTP Request: GET https://datafeed.dukascopy.com/datafeed/EURUSD/2026/04/31/04h_ticks.bi5 "HTTP/1.1 200 OK"
2026-06-13 21:27:04,668 - httpx - INFO - HTTP Request: GET https://datafeed.dukascopy.com/datafeed/EURUSD/2026/04/31/07h_ticks.bi5 "HTTP/1.1 200 OK"
2026-06-13 21:27:04,871 - httpx - INFO - HTTP Request: GET https://datafeed.dukascopy.com/datafeed/EURUSD/2026/04/31/03h_ticks.bi5 "HTTP/1.1 200 OK"
2026-06-13 21:27:05,066 - httpx - INFO - HTTP Request: GET https://datafeed.dukascopy.com/datafeed/EURUSD/2026/04/31/12h_ticks.bi5 "HTTP/1.1 200 OK"
2026-06-13 21:27:05,267 - httpx - INFO - HTTP Request: GET https://datafeed.dukascopy.com/datafeed/EURUSD/2026/04/31/06h_ticks.bi5 "HTTP/1.1 200 OK"
2026-06-13 21:27:05,466 - httpx - INFO - HTTP Request: GET https://datafeed.dukascopy.com/datafeed/EURUSD/2026/04/31/10h_ticks.bi5 "HTTP/1.1 200 OK"
2026-06-13 21:27:05,674 - httpx - INFO - HTTP Request: GET https://datafeed.dukascopy.com/datafeed/EURUSD/2026/04/31/17h_ticks.bi5 "HTTP/1.1 200 OK"
2026-06-13 21:27:05,875 - httpx - INFO - HTTP Request: GET https://datafeed.dukascopy.com/datafeed/EURUSD/2026/04/31/02h_ticks.bi5 "HTTP/1.1 200 OK"
2026-06-13 21:27:06,070 - httpx - INFO - HTTP Request: GET https://datafeed.dukascopy.com/datafeed/EURUSD/2026/04/31/05h_ticks.bi5 "HTTP/1.1 200 OK"
2026-06-13 21:27:06,266 - httpx - INFO - HTTP Request: GET https://datafeed.dukascopy.com/datafeed/EURUSD/2026/04/31/16h_ticks.bi5 "HTTP/1.1 200 OK"
2026-06-13 21:27:06,468 - httpx - INFO - HTTP Request: GET https://datafeed.dukascopy.com/datafeed/EURUSD/2026/04/31/14h_ticks.bi5 "HTTP/1.1 200 OK"
2026-06-13 21:27:06,667 - httpx - INFO - HTTP Request: GET https://datafeed.dukascopy.com/datafeed/EURUSD/2026/04/31/11h_ticks.bi5 "HTTP/1.1 200 OK"
2026-06-13 21:27:06,876 - httpx - INFO - HTTP Request: GET https://datafeed.dukascopy.com/datafeed/EURUSD/2026/04/30/00h_ticks.bi5 "HTTP/1.1 200 OK"
2026-06-13 21:27:07,017 - httpx - INFO - HTTP Request: GET https://datafeed.dukascopy.com/datafeed/EURUSD/2026/04/30/15h_ticks.bi5 "HTTP/1.1 503 Service Temporarily Unavailable"
2026-06-13 21:27:07,020 - httpx - INFO - HTTP Request: GET https://datafeed.dukascopy.com/datafeed/EURUSD/2026/04/30/20h_ticks.bi5 "HTTP/1.1 503 Service Temporarily Unavailable"
2026-06-13 21:27:07,022 - httpx - INFO - HTTP Request: GET https://datafeed.dukascopy.com/datafeed/EURUSD/2026/04/30/09h_ticks.bi5 "HTTP/1.1 503 Service Temporarily Unavailable"
2026-06-13 21:27:07,027 - httpx - INFO - HTTP Request: GET https://datafeed.dukascopy.com/datafeed/EURUSD/2026/04/30/14h_ticks.bi5 "HTTP/1.1 503 Service Temporarily Unavailable"
2026-06-13 21:27:07,034 - httpx - INFO - HTTP Request: GET https://datafeed.dukascopy.com/datafeed/EURUSD/2026/04/30/11h_ticks.bi5 "HTTP/1.1 503 Service Temporarily Unavailable"
2026-06-13 21:27:07,064 - httpx - INFO - HTTP Request: GET https://datafeed.dukascopy.com/datafeed/EURUSD/2026/04/30/01h_ticks.bi5 "HTTP/1.1 200 OK"
2026-06-13 21:27:07,207 - httpx - INFO - HTTP Request: GET https://datafeed.dukascopy.com/datafeed/EURUSD/2026/04/30/19h_ticks.bi5 "HTTP/1.1 503 Service Temporarily Unavailable"
2026-06-13 21:27:07,212 - httpx - INFO - HTTP Request: GET https://datafeed.dukascopy.com/datafeed/EURUSD/2026/04/30/08h_ticks.bi5 "HTTP/1.1 503 Service Temporarily Unavailable"
2026-06-13 21:27:07,266 - httpx - INFO - HTTP Request: GET https://datafeed.dukascopy.com/datafeed/EURUSD/2026/04/30/04h_ticks.bi5 "HTTP/1.1 200 OK"
2026-06-13 21:27:07,467 - httpx - INFO - HTTP Request: GET https://datafeed.dukascopy.com/datafeed/EURUSD/2026/04/30/07h_ticks.bi5 "HTTP/1.1 200 OK"
2026-06-13 21:27:07,726 - httpx - INFO - HTTP Request: GET https://datafeed.dukascopy.com/datafeed/EURUSD/2026/04/30/03h_ticks.bi5 "HTTP/1.1 200 OK"
2026-06-13 21:27:07,865 - httpx - INFO - HTTP Request: GET https://datafeed.dukascopy.com/datafeed/EURUSD/2026/04/30/12h_ticks.bi5 "HTTP/1.1 200 OK"
2026-06-13 21:27:07,891 - AnomalyDetector - WARNING - ANOMALY DETECTED for GBPUSD: ['ema_9', 'ema_21', 'ema_50', 'ema_200', 'bb_upper', 'bb_middle', 'bb_lower', 'tenkan', 'kijun', 'senkou_a', 'senkou_b', 'pivot', 'r1', 's1', 'r2', 's2', 'r3', 's3', 'vwap']
2026-06-13 21:27:07,976 - RiskManager - WARNING - Risk Check: R:R ratio too low for GBPUSD. Trade blocked.
2026-06-13 21:27:07,977 - DecisionEngine - WARNING - Raising confidence threshold to 0.85 due to anomaly in GBPUSD
2026-06-13 21:27:07,978 - DecisionEngine - ERROR - Error in Decision Pipeline for GBPUSD: 3 validation errors for TradeDecision
stop_loss
  Input should be greater than 0 [type=greater_than, input_value=0.0, input_type=float]
    For further information visit https://errors.pydantic.dev/2.13/v/greater_than
take_profit
  Input should be greater than 0 [type=greater_than, input_value=0.0, input_type=float]
    For further information visit https://errors.pydantic.dev/2.13/v/greater_than
lot_size
  Input should be greater than 0 [type=greater_than, input_value=0.0, input_type=float]
    For further information visit https://errors.pydantic.dev/2.13/v/greater_than
Traceback (most recent call last):
  File "D:\prj\Intelli-Trader\backend\modules\decision\decision_engine.py", line 185, in run_pipeline
    trade_decision = TradeDecision(
                     ^^^^^^^^^^^^^^
  File "C:\Users\Me\AppData\Local\Programs\Python\Python312\Lib\site-packages\pydantic\main.py", line 263, in __init__
    validated_self = self.__pydantic_validator__.validate_python(data, self_instance=self)
                     ^^^^^^^^^^^^^^^^^^^^^^^^^^^^^^^^^^^^^^^^^^^^^^^^^^^^^^^^^^^^^^^^^^^^^
pydantic_core._pydantic_core.ValidationError: 3 validation errors for TradeDecision
stop_loss
  Input should be greater than 0 [type=greater_than, input_value=0.0, input_type=float]
    For further information visit https://errors.pydantic.dev/2.13/v/greater_than
take_profit
  Input should be greater than 0 [type=greater_than, input_value=0.0, input_type=float]
    For further information visit https://errors.pydantic.dev/2.13/v/greater_than
lot_size
  Input should be greater than 0 [type=greater_than, input_value=0.0, input_type=float]
    For further information visit https://errors.pydantic.dev/2.13/v/greater_than
2026-06-13 21:27:07,979 - LiveEngine - INFO - Signal for GBPUSD: HOLD (Confidence: 0.0000)
2026-06-13 21:27:07,980 - LiveEngine - INFO - --- Starting Live Cycle: USDJPY H1 ---
2026-06-13 21:27:08,068 - httpx - INFO - HTTP Request: GET https://datafeed.dukascopy.com/datafeed/EURUSD/2026/04/30/06h_ticks.bi5 "HTTP/1.1 200 OK"
2026-06-13 21:27:08,268 - httpx - INFO - HTTP Request: GET https://datafeed.dukascopy.com/datafeed/EURUSD/2026/04/30/17h_ticks.bi5 "HTTP/1.1 200 OK"
2026-06-13 21:27:08,465 - httpx - INFO - HTTP Request: GET https://datafeed.dukascopy.com/datafeed/EURUSD/2026/04/30/02h_ticks.bi5 "HTTP/1.1 200 OK"
2026-06-13 21:27:08,665 - httpx - INFO - HTTP Request: GET https://datafeed.dukascopy.com/datafeed/EURUSD/2026/04/30/10h_ticks.bi5 "HTTP/1.1 200 OK"
2026-06-13 21:27:08,799 - httpx - INFO - HTTP Request: GET https://datafeed.dukascopy.com/datafeed/EURUSD/2026/05/13/20h_ticks.bi5 "HTTP/1.1 503 Service Temporarily Unavailable"
2026-06-13 21:27:08,803 - httpx - INFO - HTTP Request: GET https://datafeed.dukascopy.com/datafeed/EURUSD/2026/05/13/13h_ticks.bi5 "HTTP/1.1 503 Service Temporarily Unavailable"
2026-06-13 21:27:08,823 - httpx - INFO - HTTP Request: GET https://datafeed.dukascopy.com/datafeed/EURUSD/2026/05/13/22h_ticks.bi5 "HTTP/1.1 503 Service Temporarily Unavailable"
2026-06-13 21:27:08,845 - httpx - INFO - HTTP Request: GET https://datafeed.dukascopy.com/datafeed/EURUSD/2026/05/13/19h_ticks.bi5 "HTTP/1.1 503 Service Temporarily Unavailable"
2026-06-13 21:27:08,848 - httpx - INFO - HTTP Request: GET https://datafeed.dukascopy.com/datafeed/EURUSD/2026/05/13/15h_ticks.bi5 "HTTP/1.1 503 Service Temporarily Unavailable"
2026-06-13 21:27:08,850 - httpx - INFO - HTTP Request: GET https://datafeed.dukascopy.com/datafeed/EURUSD/2026/05/13/18h_ticks.bi5 "HTTP/1.1 503 Service Temporarily Unavailable"
2026-06-13 21:27:08,854 - httpx - INFO - HTTP Request: GET https://datafeed.dukascopy.com/datafeed/EURUSD/2026/05/13/01h_ticks.bi5 "HTTP/1.1 503 Service Temporarily Unavailable"
2026-06-13 21:27:08,855 - httpx - INFO - HTTP Request: GET https://datafeed.dukascopy.com/datafeed/EURUSD/2026/05/13/23h_ticks.bi5 "HTTP/1.1 503 Service Temporarily Unavailable"
2026-06-13 21:27:08,858 - httpx - INFO - HTTP Request: GET https://datafeed.dukascopy.com/datafeed/EURUSD/2026/05/13/16h_ticks.bi5 "HTTP/1.1 503 Service Temporarily Unavailable"
2026-06-13 21:27:08,859 - httpx - INFO - HTTP Request: GET https://datafeed.dukascopy.com/datafeed/EURUSD/2026/05/13/21h_ticks.bi5 "HTTP/1.1 503 Service Temporarily Unavailable"
2026-06-13 21:27:08,865 - httpx - INFO - HTTP Request: GET https://datafeed.dukascopy.com/datafeed/EURUSD/2026/05/13/03h_ticks.bi5 "HTTP/1.1 503 Service Temporarily Unavailable"
2026-06-13 21:27:08,866 - httpx - INFO - HTTP Request: GET https://datafeed.dukascopy.com/datafeed/EURUSD/2026/04/30/05h_ticks.bi5 "HTTP/1.1 200 OK"
2026-06-13 21:27:08,866 - httpx - INFO - HTTP Request: GET https://datafeed.dukascopy.com/datafeed/EURUSD/2026/05/13/17h_ticks.bi5 "HTTP/1.1 503 Service Temporarily Unavailable"
2026-06-13 21:27:08,868 - httpx - INFO - HTTP Request: GET https://datafeed.dukascopy.com/datafeed/EURUSD/2026/05/13/02h_ticks.bi5 "HTTP/1.1 503 Service Temporarily Unavailable"
2026-06-13 21:27:08,870 - httpx - INFO - HTTP Request: GET https://datafeed.dukascopy.com/datafeed/EURUSD/2026/05/13/14h_ticks.bi5 "HTTP/1.1 503 Service Temporarily Unavailable"
2026-06-13 21:27:08,872 - httpx - INFO - HTTP Request: GET https://datafeed.dukascopy.com/datafeed/EURUSD/2026/05/13/04h_ticks.bi5 "HTTP/1.1 503 Service Temporarily Unavailable"
2026-06-13 21:27:08,873 - httpx - INFO - HTTP Request: GET https://datafeed.dukascopy.com/datafeed/EURUSD/2026/05/13/08h_ticks.bi5 "HTTP/1.1 503 Service Temporarily Unavailable"
2026-06-13 21:27:09,065 - httpx - INFO - HTTP Request: GET https://datafeed.dukascopy.com/datafeed/EURUSD/2026/04/30/16h_ticks.bi5 "HTTP/1.1 200 OK"
2026-06-13 21:27:09,274 - httpx - INFO - HTTP Request: GET https://datafeed.dukascopy.com/datafeed/EURUSD/2026/04/30/23h_ticks.bi5 "HTTP/1.1 200 OK"
2026-06-13 21:27:09,470 - httpx - INFO - HTTP Request: GET https://datafeed.dukascopy.com/datafeed/EURUSD/2026/04/30/18h_ticks.bi5 "HTTP/1.1 200 OK"
2026-06-13 21:27:09,667 - httpx - INFO - HTTP Request: GET https://datafeed.dukascopy.com/datafeed/EURUSD/2026/04/30/22h_ticks.bi5 "HTTP/1.1 200 OK"
2026-06-13 21:27:09,879 - httpx - INFO - HTTP Request: GET https://datafeed.dukascopy.com/datafeed/EURUSD/2026/04/30/13h_ticks.bi5 "HTTP/1.1 200 OK"
2026-06-13 21:27:10,067 - httpx - INFO - HTTP Request: GET https://datafeed.dukascopy.com/datafeed/EURUSD/2026/04/30/21h_ticks.bi5 "HTTP/1.1 200 OK"
2026-06-13 21:27:10,263 - httpx - INFO - HTTP Request: GET https://datafeed.dukascopy.com/datafeed/EURUSD/2026/05/13/05h_ticks.bi5 "HTTP/1.1 200 OK"
2026-06-13 21:27:10,318 - httpx - INFO - HTTP Request: GET https://datafeed.dukascopy.com/datafeed/EURUSD/2026/04/29/02h_ticks.bi5 "HTTP/1.1 503 Service Temporarily Unavailable"
2026-06-13 21:27:10,333 - httpx - INFO - HTTP Request: GET https://datafeed.dukascopy.com/datafeed/EURUSD/2026/04/29/10h_ticks.bi5 "HTTP/1.1 503 Service Temporarily Unavailable"
2026-06-13 21:27:10,344 - httpx - INFO - HTTP Request: GET https://datafeed.dukascopy.com/datafeed/EURUSD/2026/04/29/05h_ticks.bi5 "HTTP/1.1 503 Service Temporarily Unavailable"
2026-06-13 21:27:10,356 - httpx - INFO - HTTP Request: GET https://datafeed.dukascopy.com/datafeed/EURUSD/2026/04/29/16h_ticks.bi5 "HTTP/1.1 503 Service Temporarily Unavailable"
2026-06-13 21:27:10,364 - httpx - INFO - HTTP Request: GET https://datafeed.dukascopy.com/datafeed/EURUSD/2026/04/29/23h_ticks.bi5 "HTTP/1.1 503 Service Temporarily Unavailable"
2026-06-13 21:27:10,369 - httpx - INFO - HTTP Request: GET https://datafeed.dukascopy.com/datafeed/EURUSD/2026/04/29/18h_ticks.bi5 "HTTP/1.1 503 Service Temporarily Unavailable"
2026-06-13 21:27:10,380 - httpx - INFO - HTTP Request: GET https://datafeed.dukascopy.com/datafeed/EURUSD/2026/04/29/22h_ticks.bi5 "HTTP/1.1 503 Service Temporarily Unavailable"
2026-06-13 21:27:10,385 - httpx - INFO - HTTP Request: GET https://datafeed.dukascopy.com/datafeed/EURUSD/2026/04/29/13h_ticks.bi5 "HTTP/1.1 503 Service Temporarily Unavailable"
2026-06-13 21:27:10,398 - httpx - INFO - HTTP Request: GET https://datafeed.dukascopy.com/datafeed/EURUSD/2026/04/29/15h_ticks.bi5 "HTTP/1.1 503 Service Temporarily Unavailable"
2026-06-13 21:27:10,408 - httpx - INFO - HTTP Request: GET https://datafeed.dukascopy.com/datafeed/EURUSD/2026/04/29/20h_ticks.bi5 "HTTP/1.1 503 Service Temporarily Unavailable"
2026-06-13 21:27:10,414 - httpx - INFO - HTTP Request: GET https://datafeed.dukascopy.com/datafeed/EURUSD/2026/04/29/08h_ticks.bi5 "HTTP/1.1 503 Service Temporarily Unavailable"
2026-06-13 21:27:10,423 - httpx - INFO - HTTP Request: GET https://datafeed.dukascopy.com/datafeed/EURUSD/2026/04/29/19h_ticks.bi5 "HTTP/1.1 503 Service Temporarily Unavailable"
2026-06-13 21:27:10,435 - httpx - INFO - HTTP Request: GET https://datafeed.dukascopy.com/datafeed/EURUSD/2026/04/29/11h_ticks.bi5 "HTTP/1.1 503 Service Temporarily Unavailable"
2026-06-13 21:27:10,443 - httpx - INFO - HTTP Request: GET https://datafeed.dukascopy.com/datafeed/EURUSD/2026/04/29/21h_ticks.bi5 "HTTP/1.1 503 Service Temporarily Unavailable"
2026-06-13 21:27:10,447 - httpx - INFO - HTTP Request: GET https://datafeed.dukascopy.com/datafeed/EURUSD/2026/04/29/09h_ticks.bi5 "HTTP/1.1 503 Service Temporarily Unavailable"
2026-06-13 21:27:10,449 - httpx - INFO - HTTP Request: GET https://datafeed.dukascopy.com/datafeed/EURUSD/2026/04/29/14h_ticks.bi5 "HTTP/1.1 503 Service Temporarily Unavailable"
2026-06-13 21:27:10,465 - httpx - INFO - HTTP Request: GET https://datafeed.dukascopy.com/datafeed/EURUSD/2026/05/13/06h_ticks.bi5 "HTTP/1.1 200 OK"
2026-06-13 21:27:10,665 - httpx - INFO - HTTP Request: GET https://datafeed.dukascopy.com/datafeed/EURUSD/2026/05/13/07h_ticks.bi5 "HTTP/1.1 200 OK"
2026-06-13 21:27:10,866 - httpx - INFO - HTTP Request: GET https://datafeed.dukascopy.com/datafeed/EURUSD/2026/05/13/10h_ticks.bi5 "HTTP/1.1 200 OK"
2026-06-13 21:27:11,071 - httpx - INFO - HTTP Request: GET https://datafeed.dukascopy.com/datafeed/EURUSD/2026/05/13/00h_ticks.bi5 "HTTP/1.1 200 OK"
2026-06-13 21:27:11,265 - httpx - INFO - HTTP Request: GET https://datafeed.dukascopy.com/datafeed/EURUSD/2026/05/13/09h_ticks.bi5 "HTTP/1.1 200 OK"
2026-06-13 21:27:11,466 - httpx - INFO - HTTP Request: GET https://datafeed.dukascopy.com/datafeed/EURUSD/2026/05/13/11h_ticks.bi5 "HTTP/1.1 200 OK"
2026-06-13 21:27:11,663 - httpx - INFO - HTTP Request: GET https://datafeed.dukascopy.com/datafeed/EURUSD/2026/05/13/12h_ticks.bi5 "HTTP/1.1 200 OK"
2026-06-13 21:27:11,865 - httpx - INFO - HTTP Request: GET https://datafeed.dukascopy.com/datafeed/EURUSD/2026/04/29/00h_ticks.bi5 "HTTP/1.1 200 OK"
2026-06-13 21:27:11,922 - httpx - INFO - HTTP Request: GET https://datafeed.dukascopy.com/datafeed/EURUSD/2026/05/12/02h_ticks.bi5 "HTTP/1.1 503 Service Temporarily Unavailable"
2026-06-13 21:27:11,936 - httpx - INFO - HTTP Request: GET https://datafeed.dukascopy.com/datafeed/EURUSD/2026/05/12/10h_ticks.bi5 "HTTP/1.1 503 Service Temporarily Unavailable"
2026-06-13 21:27:11,943 - httpx - INFO - HTTP Request: GET https://datafeed.dukascopy.com/datafeed/EURUSD/2026/05/12/05h_ticks.bi5 "HTTP/1.1 503 Service Temporarily Unavailable"
2026-06-13 21:27:11,951 - httpx - INFO - HTTP Request: GET https://datafeed.dukascopy.com/datafeed/EURUSD/2026/05/12/16h_ticks.bi5 "HTTP/1.1 503 Service Temporarily Unavailable"
2026-06-13 21:27:11,962 - httpx - INFO - HTTP Request: GET https://datafeed.dukascopy.com/datafeed/EURUSD/2026/05/12/23h_ticks.bi5 "HTTP/1.1 503 Service Temporarily Unavailable"
2026-06-13 21:27:11,968 - httpx - INFO - HTTP Request: GET https://datafeed.dukascopy.com/datafeed/EURUSD/2026/05/12/18h_ticks.bi5 "HTTP/1.1 503 Service Temporarily Unavailable"
2026-06-13 21:27:11,976 - httpx - INFO - HTTP Request: GET https://datafeed.dukascopy.com/datafeed/EURUSD/2026/05/12/22h_ticks.bi5 "HTTP/1.1 503 Service Temporarily Unavailable"
2026-06-13 21:27:11,984 - httpx - INFO - HTTP Request: GET https://datafeed.dukascopy.com/datafeed/EURUSD/2026/05/12/13h_ticks.bi5 "HTTP/1.1 503 Service Temporarily Unavailable"
2026-06-13 21:27:11,996 - httpx - INFO - HTTP Request: GET https://datafeed.dukascopy.com/datafeed/EURUSD/2026/05/12/15h_ticks.bi5 "HTTP/1.1 503 Service Temporarily Unavailable"
2026-06-13 21:27:12,006 - httpx - INFO - HTTP Request: GET https://datafeed.dukascopy.com/datafeed/EURUSD/2026/05/12/20h_ticks.bi5 "HTTP/1.1 503 Service Temporarily Unavailable"
2026-06-13 21:27:12,021 - httpx - INFO - HTTP Request: GET https://datafeed.dukascopy.com/datafeed/EURUSD/2026/05/12/14h_ticks.bi5 "HTTP/1.1 503 Service Temporarily Unavailable"
2026-06-13 21:27:12,025 - httpx - INFO - HTTP Request: GET https://datafeed.dukascopy.com/datafeed/EURUSD/2026/05/12/11h_ticks.bi5 "HTTP/1.1 503 Service Temporarily Unavailable"
2026-06-13 21:27:12,028 - httpx - INFO - HTTP Request: GET https://datafeed.dukascopy.com/datafeed/EURUSD/2026/05/12/21h_ticks.bi5 "HTTP/1.1 503 Service Temporarily Unavailable"
2026-06-13 21:27:12,032 - httpx - INFO - HTTP Request: GET https://datafeed.dukascopy.com/datafeed/EURUSD/2026/05/12/19h_ticks.bi5 "HTTP/1.1 503 Service Temporarily Unavailable"
2026-06-13 21:27:12,038 - httpx - INFO - HTTP Request: GET https://datafeed.dukascopy.com/datafeed/EURUSD/2026/05/12/09h_ticks.bi5 "HTTP/1.1 503 Service Temporarily Unavailable"
2026-06-13 21:27:12,042 - httpx - INFO - HTTP Request: GET https://datafeed.dukascopy.com/datafeed/EURUSD/2026/05/12/08h_ticks.bi5 "HTTP/1.1 503 Service Temporarily Unavailable"
2026-06-13 21:27:12,067 - httpx - INFO - HTTP Request: GET https://datafeed.dukascopy.com/datafeed/EURUSD/2026/04/29/01h_ticks.bi5 "HTTP/1.1 200 OK"
2026-06-13 21:27:12,273 - httpx - INFO - HTTP Request: GET https://datafeed.dukascopy.com/datafeed/EURUSD/2026/04/29/04h_ticks.bi5 "HTTP/1.1 200 OK"
2026-06-13 21:27:12,540 - httpx - INFO - HTTP Request: GET https://datafeed.dukascopy.com/datafeed/EURUSD/2026/04/29/07h_ticks.bi5 "HTTP/1.1 200 OK"
2026-06-13 21:27:12,668 - httpx - INFO - HTTP Request: GET https://datafeed.dukascopy.com/datafeed/EURUSD/2026/04/29/03h_ticks.bi5 "HTTP/1.1 200 OK"
2026-06-13 21:27:12,870 - httpx - INFO - HTTP Request: GET https://datafeed.dukascopy.com/datafeed/EURUSD/2026/04/29/12h_ticks.bi5 "HTTP/1.1 200 OK"
2026-06-13 21:27:13,069 - httpx - INFO - HTTP Request: GET https://datafeed.dukascopy.com/datafeed/EURUSD/2026/04/29/06h_ticks.bi5 "HTTP/1.1 200 OK"
2026-06-13 21:27:13,271 - httpx - INFO - HTTP Request: GET https://datafeed.dukascopy.com/datafeed/EURUSD/2026/04/29/17h_ticks.bi5 "HTTP/1.1 200 OK"
2026-06-13 21:27:13,540 - httpx - INFO - HTTP Request: GET https://datafeed.dukascopy.com/datafeed/EURUSD/2026/05/12/00h_ticks.bi5 "HTTP/1.1 200 OK"
2026-06-13 21:27:13,545 - httpx - INFO - HTTP Request: GET https://datafeed.dukascopy.com/datafeed/EURUSD/2026/04/28/02h_ticks.bi5 "HTTP/1.1 503 Service Temporarily Unavailable"
2026-06-13 21:27:13,547 - httpx - INFO - HTTP Request: GET https://datafeed.dukascopy.com/datafeed/EURUSD/2026/04/28/10h_ticks.bi5 "HTTP/1.1 503 Service Temporarily Unavailable"
2026-06-13 21:27:13,564 - httpx - INFO - HTTP Request: GET https://datafeed.dukascopy.com/datafeed/EURUSD/2026/04/28/05h_ticks.bi5 "HTTP/1.1 503 Service Temporarily Unavailable"
2026-06-13 21:27:13,572 - httpx - INFO - HTTP Request: GET https://datafeed.dukascopy.com/datafeed/EURUSD/2026/04/28/16h_ticks.bi5 "HTTP/1.1 503 Service Temporarily Unavailable"
2026-06-13 21:27:13,585 - httpx - INFO - HTTP Request: GET https://datafeed.dukascopy.com/datafeed/EURUSD/2026/04/28/23h_ticks.bi5 "HTTP/1.1 503 Service Temporarily Unavailable"
2026-06-13 21:27:13,593 - httpx - INFO - HTTP Request: GET https://datafeed.dukascopy.com/datafeed/EURUSD/2026/04/28/18h_ticks.bi5 "HTTP/1.1 503 Service Temporarily Unavailable"
2026-06-13 21:27:13,605 - httpx - INFO - HTTP Request: GET https://datafeed.dukascopy.com/datafeed/EURUSD/2026/04/28/13h_ticks.bi5 "HTTP/1.1 503 Service Temporarily Unavailable"
2026-06-13 21:27:13,608 - httpx - INFO - HTTP Request: GET https://datafeed.dukascopy.com/datafeed/EURUSD/2026/04/28/22h_ticks.bi5 "HTTP/1.1 503 Service Temporarily Unavailable"
2026-06-13 21:27:13,614 - httpx - INFO - HTTP Request: GET https://datafeed.dukascopy.com/datafeed/EURUSD/2026/04/28/15h_ticks.bi5 "HTTP/1.1 503 Service Temporarily Unavailable"
2026-06-13 21:27:13,632 - httpx - INFO - HTTP Request: GET https://datafeed.dukascopy.com/datafeed/EURUSD/2026/04/28/20h_ticks.bi5 "HTTP/1.1 503 Service Temporarily Unavailable"
2026-06-13 21:27:13,638 - httpx - INFO - HTTP Request: GET https://datafeed.dukascopy.com/datafeed/EURUSD/2026/04/28/09h_ticks.bi5 "HTTP/1.1 503 Service Temporarily Unavailable"
2026-06-13 21:27:13,651 - httpx - INFO - HTTP Request: GET https://datafeed.dukascopy.com/datafeed/EURUSD/2026/04/28/14h_ticks.bi5 "HTTP/1.1 503 Service Temporarily Unavailable"
2026-06-13 21:27:13,663 - httpx - INFO - HTTP Request: GET https://datafeed.dukascopy.com/datafeed/EURUSD/2026/04/28/11h_ticks.bi5 "HTTP/1.1 503 Service Temporarily Unavailable"
2026-06-13 21:27:13,668 - httpx - INFO - HTTP Request: GET https://datafeed.dukascopy.com/datafeed/EURUSD/2026/04/28/19h_ticks.bi5 "HTTP/1.1 503 Service Temporarily Unavailable"
2026-06-13 21:27:13,675 - httpx - INFO - HTTP Request: GET https://datafeed.dukascopy.com/datafeed/EURUSD/2026/04/28/21h_ticks.bi5 "HTTP/1.1 503 Service Temporarily Unavailable"
2026-06-13 21:27:13,743 - httpx - INFO - HTTP Request: GET https://datafeed.dukascopy.com/datafeed/EURUSD/2026/05/12/01h_ticks.bi5 "HTTP/1.1 200 OK"
2026-06-13 21:27:13,882 - httpx - INFO - HTTP Request: GET https://datafeed.dukascopy.com/datafeed/EURUSD/2026/05/12/04h_ticks.bi5 "HTTP/1.1 200 OK"
2026-06-13 21:27:14,146 - httpx - INFO - HTTP Request: GET https://datafeed.dukascopy.com/datafeed/EURUSD/2026/05/12/07h_ticks.bi5 "HTTP/1.1 200 OK"
2026-06-13 21:27:14,271 - httpx - INFO - HTTP Request: GET https://datafeed.dukascopy.com/datafeed/EURUSD/2026/05/12/03h_ticks.bi5 "HTTP/1.1 200 OK"
2026-06-13 21:27:14,536 - httpx - INFO - HTTP Request: GET https://datafeed.dukascopy.com/datafeed/EURUSD/2026/05/12/12h_ticks.bi5 "HTTP/1.1 200 OK"
2026-06-13 21:27:14,751 - httpx - INFO - HTTP Request: GET https://datafeed.dukascopy.com/datafeed/EURUSD/2026/05/12/06h_ticks.bi5 "HTTP/1.1 200 OK"
2026-06-13 21:27:14,904 - httpx - INFO - HTTP Request: GET https://datafeed.dukascopy.com/datafeed/EURUSD/2026/05/12/17h_ticks.bi5 "HTTP/1.1 200 OK"
2026-06-13 21:27:15,068 - httpx - INFO - HTTP Request: GET https://datafeed.dukascopy.com/datafeed/EURUSD/2026/04/28/00h_ticks.bi5 "HTTP/1.1 200 OK"
2026-06-13 21:27:15,156 - httpx - INFO - HTTP Request: GET https://datafeed.dukascopy.com/datafeed/EURUSD/2026/05/11/17h_ticks.bi5 "HTTP/1.1 503 Service Temporarily Unavailable"
2026-06-13 21:27:15,173 - httpx - INFO - HTTP Request: GET https://datafeed.dukascopy.com/datafeed/EURUSD/2026/05/11/02h_ticks.bi5 "HTTP/1.1 503 Service Temporarily Unavailable"
2026-06-13 21:27:15,184 - httpx - INFO - HTTP Request: GET https://datafeed.dukascopy.com/datafeed/EURUSD/2026/05/11/10h_ticks.bi5 "HTTP/1.1 503 Service Temporarily Unavailable"
2026-06-13 21:27:15,194 - httpx - INFO - HTTP Request: GET https://datafeed.dukascopy.com/datafeed/EURUSD/2026/05/11/05h_ticks.bi5 "HTTP/1.1 503 Service Temporarily Unavailable"
2026-06-13 21:27:15,208 - httpx - INFO - HTTP Request: GET https://datafeed.dukascopy.com/datafeed/EURUSD/2026/05/11/16h_ticks.bi5 "HTTP/1.1 503 Service Temporarily Unavailable"
2026-06-13 21:27:15,215 - httpx - INFO - HTTP Request: GET https://datafeed.dukascopy.com/datafeed/EURUSD/2026/05/11/23h_ticks.bi5 "HTTP/1.1 503 Service Temporarily Unavailable"
2026-06-13 21:27:15,223 - httpx - INFO - HTTP Request: GET https://datafeed.dukascopy.com/datafeed/EURUSD/2026/05/11/18h_ticks.bi5 "HTTP/1.1 503 Service Temporarily Unavailable"
2026-06-13 21:27:15,229 - httpx - INFO - HTTP Request: GET https://datafeed.dukascopy.com/datafeed/EURUSD/2026/05/11/22h_ticks.bi5 "HTTP/1.1 503 Service Temporarily Unavailable"
2026-06-13 21:27:15,240 - httpx - INFO - HTTP Request: GET https://datafeed.dukascopy.com/datafeed/EURUSD/2026/05/11/13h_ticks.bi5 "HTTP/1.1 503 Service Temporarily Unavailable"
2026-06-13 21:27:15,248 - httpx - INFO - HTTP Request: GET https://datafeed.dukascopy.com/datafeed/EURUSD/2026/05/11/15h_ticks.bi5 "HTTP/1.1 503 Service Temporarily Unavailable"
2026-06-13 21:27:15,264 - httpx - INFO - HTTP Request: GET https://datafeed.dukascopy.com/datafeed/EURUSD/2026/05/11/20h_ticks.bi5 "HTTP/1.1 503 Service Temporarily Unavailable"
2026-06-13 21:27:15,272 - httpx - INFO - HTTP Request: GET https://datafeed.dukascopy.com/datafeed/EURUSD/2026/04/28/01h_ticks.bi5 "HTTP/1.1 200 OK"
2026-06-13 21:27:15,278 - httpx - INFO - HTTP Request: GET https://datafeed.dukascopy.com/datafeed/EURUSD/2026/05/11/11h_ticks.bi5 "HTTP/1.1 503 Service Temporarily Unavailable"
2026-06-13 21:27:15,282 - httpx - INFO - HTTP Request: GET https://datafeed.dukascopy.com/datafeed/EURUSD/2026/05/11/08h_ticks.bi5 "HTTP/1.1 503 Service Temporarily Unavailable"
2026-06-13 21:27:15,294 - httpx - INFO - HTTP Request: GET https://datafeed.dukascopy.com/datafeed/EURUSD/2026/05/11/21h_ticks.bi5 "HTTP/1.1 503 Service Temporarily Unavailable"
2026-06-13 21:27:15,301 - httpx - INFO - HTTP Request: GET https://datafeed.dukascopy.com/datafeed/EURUSD/2026/05/11/19h_ticks.bi5 "HTTP/1.1 503 Service Temporarily Unavailable"
2026-06-13 21:27:15,305 - httpx - INFO - HTTP Request: GET https://datafeed.dukascopy.com/datafeed/EURUSD/2026/05/11/09h_ticks.bi5 "HTTP/1.1 503 Service Temporarily Unavailable"
2026-06-13 21:27:15,545 - httpx - INFO - HTTP Request: GET https://datafeed.dukascopy.com/datafeed/EURUSD/2026/04/28/04h_ticks.bi5 "HTTP/1.1 200 OK"
2026-06-13 21:27:15,671 - httpx - INFO - HTTP Request: GET https://datafeed.dukascopy.com/datafeed/EURUSD/2026/04/28/07h_ticks.bi5 "HTTP/1.1 200 OK"
2026-06-13 21:27:15,874 - httpx - INFO - HTTP Request: GET https://datafeed.dukascopy.com/datafeed/EURUSD/2026/04/28/03h_ticks.bi5 "HTTP/1.1 200 OK"
2026-06-13 21:27:16,142 - httpx - INFO - HTTP Request: GET https://datafeed.dukascopy.com/datafeed/EURUSD/2026/04/28/12h_ticks.bi5 "HTTP/1.1 200 OK"
2026-06-13 21:27:16,282 - httpx - INFO - HTTP Request: GET https://datafeed.dukascopy.com/datafeed/EURUSD/2026/04/28/06h_ticks.bi5 "HTTP/1.1 200 OK"
2026-06-13 21:27:16,475 - httpx - INFO - HTTP Request: GET https://datafeed.dukascopy.com/datafeed/EURUSD/2026/04/28/17h_ticks.bi5 "HTTP/1.1 200 OK"
2026-06-13 21:27:16,670 - httpx - INFO - HTTP Request: GET https://datafeed.dukascopy.com/datafeed/EURUSD/2026/04/28/08h_ticks.bi5 "HTTP/1.1 200 OK"
2026-06-13 21:27:16,927 - httpx - INFO - HTTP Request: GET https://datafeed.dukascopy.com/datafeed/EURUSD/2026/04/27/02h_ticks.bi5 "HTTP/1.1 503 Service Temporarily Unavailable"
2026-06-13 21:27:16,945 - httpx - INFO - HTTP Request: GET https://datafeed.dukascopy.com/datafeed/EURUSD/2026/05/11/00h_ticks.bi5 "HTTP/1.1 200 OK"
2026-06-13 21:27:16,950 - httpx - INFO - HTTP Request: GET https://datafeed.dukascopy.com/datafeed/EURUSD/2026/04/27/10h_ticks.bi5 "HTTP/1.1 503 Service Temporarily Unavailable"
2026-06-13 21:27:16,956 - httpx - INFO - HTTP Request: GET https://datafeed.dukascopy.com/datafeed/EURUSD/2026/04/27/05h_ticks.bi5 "HTTP/1.1 503 Service Temporarily Unavailable"
2026-06-13 21:27:16,962 - httpx - INFO - HTTP Request: GET https://datafeed.dukascopy.com/datafeed/EURUSD/2026/04/27/16h_ticks.bi5 "HTTP/1.1 503 Service Temporarily Unavailable"
2026-06-13 21:27:16,966 - httpx - INFO - HTTP Request: GET https://datafeed.dukascopy.com/datafeed/EURUSD/2026/04/27/23h_ticks.bi5 "HTTP/1.1 503 Service Temporarily Unavailable"
2026-06-13 21:27:16,988 - httpx - INFO - HTTP Request: GET https://datafeed.dukascopy.com/datafeed/EURUSD/2026/04/27/22h_ticks.bi5 "HTTP/1.1 503 Service Temporarily Unavailable"
2026-06-13 21:27:16,992 - httpx - INFO - HTTP Request: GET https://datafeed.dukascopy.com/datafeed/EURUSD/2026/04/27/13h_ticks.bi5 "HTTP/1.1 503 Service Temporarily Unavailable"
2026-06-13 21:27:17,004 - httpx - INFO - HTTP Request: GET https://datafeed.dukascopy.com/datafeed/EURUSD/2026/04/27/15h_ticks.bi5 "HTTP/1.1 503 Service Temporarily Unavailable"
2026-06-13 21:27:17,014 - httpx - INFO - HTTP Request: GET https://datafeed.dukascopy.com/datafeed/EURUSD/2026/04/27/20h_ticks.bi5 "HTTP/1.1 503 Service Temporarily Unavailable"
2026-06-13 21:27:17,021 - httpx - INFO - HTTP Request: GET https://datafeed.dukascopy.com/datafeed/EURUSD/2026/04/27/14h_ticks.bi5 "HTTP/1.1 503 Service Temporarily Unavailable"
2026-06-13 21:27:17,069 - httpx - INFO - HTTP Request: GET https://datafeed.dukascopy.com/datafeed/EURUSD/2026/05/11/01h_ticks.bi5 "HTTP/1.1 200 OK"
2026-06-13 21:27:17,189 - httpx - INFO - HTTP Request: GET https://datafeed.dukascopy.com/datafeed/EURUSD/2026/04/27/08h_ticks.bi5 "HTTP/1.1 503 Service Temporarily Unavailable"
2026-06-13 21:27:17,206 - httpx - INFO - HTTP Request: GET https://datafeed.dukascopy.com/datafeed/EURUSD/2026/04/27/19h_ticks.bi5 "HTTP/1.1 503 Service Temporarily Unavailable"
2026-06-13 21:27:17,210 - httpx - INFO - HTTP Request: GET https://datafeed.dukascopy.com/datafeed/EURUSD/2026/04/27/21h_ticks.bi5 "HTTP/1.1 503 Service Temporarily Unavailable"
2026-06-13 21:27:17,212 - httpx - INFO - HTTP Request: GET https://datafeed.dukascopy.com/datafeed/EURUSD/2026/04/27/09h_ticks.bi5 "HTTP/1.1 503 Service Temporarily Unavailable"
2026-06-13 21:27:17,267 - httpx - INFO - HTTP Request: GET https://datafeed.dukascopy.com/datafeed/EURUSD/2026/05/11/04h_ticks.bi5 "HTTP/1.1 200 OK"
2026-06-13 21:27:17,294 - httpx - INFO - HTTP Request: GET https://datafeed.dukascopy.com/datafeed/EURUSD/2026/04/27/18h_ticks.bi5 "HTTP/1.1 503 Service Temporarily Unavailable"
2026-06-13 21:27:17,546 - httpx - INFO - HTTP Request: GET https://datafeed.dukascopy.com/datafeed/EURUSD/2026/05/11/07h_ticks.bi5 "HTTP/1.1 200 OK"
2026-06-13 21:27:17,669 - httpx - INFO - HTTP Request: GET https://datafeed.dukascopy.com/datafeed/EURUSD/2026/05/11/03h_ticks.bi5 "HTTP/1.1 200 OK"
2026-06-13 21:27:17,992 - httpx - INFO - HTTP Request: GET https://datafeed.dukascopy.com/datafeed/EURUSD/2026/05/11/12h_ticks.bi5 "HTTP/1.1 200 OK"
2026-06-13 21:27:18,072 - httpx - INFO - HTTP Request: GET https://datafeed.dukascopy.com/datafeed/EURUSD/2026/05/11/06h_ticks.bi5 "HTTP/1.1 200 OK"
2026-06-13 21:27:18,469 - httpx - INFO - HTTP Request: GET https://datafeed.dukascopy.com/datafeed/EURUSD/2026/04/27/00h_ticks.bi5 "HTTP/1.1 200 OK"
2026-06-13 21:27:18,469 - httpx - INFO - HTTP Request: GET https://datafeed.dukascopy.com/datafeed/EURUSD/2026/05/11/14h_ticks.bi5 "HTTP/1.1 200 OK"
2026-06-13 21:27:18,674 - httpx - INFO - HTTP Request: GET https://datafeed.dukascopy.com/datafeed/EURUSD/2026/04/27/01h_ticks.bi5 "HTTP/1.1 200 OK"
2026-06-13 21:27:18,867 - httpx - INFO - HTTP Request: GET https://datafeed.dukascopy.com/datafeed/EURUSD/2026/04/27/04h_ticks.bi5 "HTTP/1.1 200 OK"
2026-06-13 21:27:18,914 - httpx - INFO - HTTP Request: GET https://datafeed.dukascopy.com/datafeed/EURUSD/2026/05/10/10h_ticks.bi5 "HTTP/1.1 503 Service Temporarily Unavailable"
2026-06-13 21:27:18,922 - httpx - INFO - HTTP Request: GET https://datafeed.dukascopy.com/datafeed/EURUSD/2026/05/10/05h_ticks.bi5 "HTTP/1.1 503 Service Temporarily Unavailable"
2026-06-13 21:27:18,925 - httpx - INFO - HTTP Request: GET https://datafeed.dukascopy.com/datafeed/EURUSD/2026/05/10/16h_ticks.bi5 "HTTP/1.1 503 Service Temporarily Unavailable"
2026-06-13 21:27:18,933 - httpx - INFO - HTTP Request: GET https://datafeed.dukascopy.com/datafeed/EURUSD/2026/05/10/23h_ticks.bi5 "HTTP/1.1 503 Service Temporarily Unavailable"
2026-06-13 21:27:18,948 - httpx - INFO - HTTP Request: GET https://datafeed.dukascopy.com/datafeed/EURUSD/2026/05/10/18h_ticks.bi5 "HTTP/1.1 503 Service Temporarily Unavailable"
2026-06-13 21:27:18,956 - httpx - INFO - HTTP Request: GET https://datafeed.dukascopy.com/datafeed/EURUSD/2026/05/10/22h_ticks.bi5 "HTTP/1.1 503 Service Temporarily Unavailable"
2026-06-13 21:27:18,967 - httpx - INFO - HTTP Request: GET https://datafeed.dukascopy.com/datafeed/EURUSD/2026/05/10/13h_ticks.bi5 "HTTP/1.1 503 Service Temporarily Unavailable"
2026-06-13 21:27:18,987 - httpx - INFO - HTTP Request: GET https://datafeed.dukascopy.com/datafeed/EURUSD/2026/05/10/15h_ticks.bi5 "HTTP/1.1 503 Service Temporarily Unavailable"
2026-06-13 21:27:19,075 - httpx - INFO - HTTP Request: GET https://datafeed.dukascopy.com/datafeed/EURUSD/2026/04/27/07h_ticks.bi5 "HTTP/1.1 200 OK"
2026-06-13 21:27:19,148 - httpx - INFO - HTTP Request: GET https://datafeed.dukascopy.com/datafeed/EURUSD/2026/05/10/11h_ticks.bi5 "HTTP/1.1 503 Service Temporarily Unavailable"
2026-06-13 21:27:19,164 - httpx - INFO - HTTP Request: GET https://datafeed.dukascopy.com/datafeed/EURUSD/2026/05/10/14h_ticks.bi5 "HTTP/1.1 503 Service Temporarily Unavailable"
2026-06-13 21:27:19,171 - httpx - INFO - HTTP Request: GET https://datafeed.dukascopy.com/datafeed/EURUSD/2026/05/10/21h_ticks.bi5 "HTTP/1.1 503 Service Temporarily Unavailable"
2026-06-13 21:27:19,174 - httpx - INFO - HTTP Request: GET https://datafeed.dukascopy.com/datafeed/EURUSD/2026/05/10/09h_ticks.bi5 "HTTP/1.1 503 Service Temporarily Unavailable"
2026-06-13 21:27:19,191 - httpx - INFO - HTTP Request: GET https://datafeed.dukascopy.com/datafeed/EURUSD/2026/05/10/20h_ticks.bi5 "HTTP/1.1 503 Service Temporarily Unavailable"
2026-06-13 21:27:19,194 - httpx - INFO - HTTP Request: GET https://datafeed.dukascopy.com/datafeed/EURUSD/2026/05/10/19h_ticks.bi5 "HTTP/1.1 503 Service Temporarily Unavailable"
2026-06-13 21:27:19,269 - httpx - INFO - HTTP Request: GET https://datafeed.dukascopy.com/datafeed/EURUSD/2026/04/27/03h_ticks.bi5 "HTTP/1.1 200 OK"
2026-06-13 21:27:19,548 - httpx - INFO - HTTP Request: GET https://datafeed.dukascopy.com/datafeed/EURUSD/2026/04/27/12h_ticks.bi5 "HTTP/1.1 200 OK"
2026-06-13 21:27:19,674 - httpx - INFO - HTTP Request: GET https://datafeed.dukascopy.com/datafeed/EURUSD/2026/04/27/06h_ticks.bi5 "HTTP/1.1 200 OK"
2026-06-13 21:27:19,872 - httpx - INFO - HTTP Request: GET https://datafeed.dukascopy.com/datafeed/EURUSD/2026/04/27/17h_ticks.bi5 "HTTP/1.1 200 OK"
2026-06-13 21:27:20,067 - httpx - INFO - HTTP Request: GET https://datafeed.dukascopy.com/datafeed/EURUSD/2026/04/27/11h_ticks.bi5 "HTTP/1.1 200 OK"
2026-06-13 21:27:20,306 - httpx - INFO - HTTP Request: GET https://datafeed.dukascopy.com/datafeed/EURUSD/2026/04/26/06h_ticks.bi5 "HTTP/1.1 503 Service Temporarily Unavailable"
2026-06-13 21:27:20,325 - httpx - INFO - HTTP Request: GET https://datafeed.dukascopy.com/datafeed/EURUSD/2026/04/26/17h_ticks.bi5 "HTTP/1.1 503 Service Temporarily Unavailable"
2026-06-13 21:27:20,339 - httpx - INFO - HTTP Request: GET https://datafeed.dukascopy.com/datafeed/EURUSD/2026/04/26/02h_ticks.bi5 "HTTP/1.1 503 Service Temporarily Unavailable"
2026-06-13 21:27:20,341 - httpx - INFO - HTTP Request: GET https://datafeed.dukascopy.com/datafeed/EURUSD/2026/05/10/00h_ticks.bi5 "HTTP/1.1 200 OK"
2026-06-13 21:27:20,345 - httpx - INFO - HTTP Request: GET https://datafeed.dukascopy.com/datafeed/EURUSD/2026/04/26/10h_ticks.bi5 "HTTP/1.1 503 Service Temporarily Unavailable"
2026-06-13 21:27:20,356 - httpx - INFO - HTTP Request: GET https://datafeed.dukascopy.com/datafeed/EURUSD/2026/04/26/05h_ticks.bi5 "HTTP/1.1 503 Service Temporarily Unavailable"
2026-06-13 21:27:20,372 - httpx - INFO - HTTP Request: GET https://datafeed.dukascopy.com/datafeed/EURUSD/2026/04/26/16h_ticks.bi5 "HTTP/1.1 503 Service Temporarily Unavailable"
2026-06-13 21:27:20,379 - httpx - INFO - HTTP Request: GET https://datafeed.dukascopy.com/datafeed/EURUSD/2026/04/26/23h_ticks.bi5 "HTTP/1.1 503 Service Temporarily Unavailable"
2026-06-13 21:27:20,390 - httpx - INFO - HTTP Request: GET https://datafeed.dukascopy.com/datafeed/EURUSD/2026/04/26/18h_ticks.bi5 "HTTP/1.1 503 Service Temporarily Unavailable"
2026-06-13 21:27:20,396 - httpx - INFO - HTTP Request: GET https://datafeed.dukascopy.com/datafeed/EURUSD/2026/04/26/22h_ticks.bi5 "HTTP/1.1 503 Service Temporarily Unavailable"
2026-06-13 21:27:20,404 - httpx - INFO - HTTP Request: GET https://datafeed.dukascopy.com/datafeed/EURUSD/2026/04/26/19h_ticks.bi5 "HTTP/1.1 503 Service Temporarily Unavailable"
2026-06-13 21:27:20,413 - httpx - INFO - HTTP Request: GET https://datafeed.dukascopy.com/datafeed/EURUSD/2026/04/26/21h_ticks.bi5 "HTTP/1.1 503 Service Temporarily Unavailable"
2026-06-13 21:27:20,422 - httpx - INFO - HTTP Request: GET https://datafeed.dukascopy.com/datafeed/EURUSD/2026/04/26/13h_ticks.bi5 "HTTP/1.1 503 Service Temporarily Unavailable"
2026-06-13 21:27:20,434 - httpx - INFO - HTTP Request: GET https://datafeed.dukascopy.com/datafeed/EURUSD/2026/04/26/20h_ticks.bi5 "HTTP/1.1 503 Service Temporarily Unavailable"
2026-06-13 21:27:20,442 - httpx - INFO - HTTP Request: GET https://datafeed.dukascopy.com/datafeed/EURUSD/2026/04/26/14h_ticks.bi5 "HTTP/1.1 503 Service Temporarily Unavailable"
2026-06-13 21:27:20,451 - httpx - INFO - HTTP Request: GET https://datafeed.dukascopy.com/datafeed/EURUSD/2026/04/26/08h_ticks.bi5 "HTTP/1.1 503 Service Temporarily Unavailable"
2026-06-13 21:27:20,464 - httpx - INFO - HTTP Request: GET https://datafeed.dukascopy.com/datafeed/EURUSD/2026/04/26/11h_ticks.bi5 "HTTP/1.1 503 Service Temporarily Unavailable"
2026-06-13 21:27:20,486 - httpx - INFO - HTTP Request: GET https://datafeed.dukascopy.com/datafeed/EURUSD/2026/04/26/09h_ticks.bi5 "HTTP/1.1 503 Service Temporarily Unavailable"
2026-06-13 21:27:20,543 - httpx - INFO - HTTP Request: GET https://datafeed.dukascopy.com/datafeed/EURUSD/2026/05/10/01h_ticks.bi5 "HTTP/1.1 200 OK"
2026-06-13 21:27:20,669 - httpx - INFO - HTTP Request: GET https://datafeed.dukascopy.com/datafeed/EURUSD/2026/05/10/04h_ticks.bi5 "HTTP/1.1 200 OK"
2026-06-13 21:27:20,873 - httpx - INFO - HTTP Request: GET https://datafeed.dukascopy.com/datafeed/EURUSD/2026/05/10/07h_ticks.bi5 "HTTP/1.1 200 OK"
2026-06-13 21:27:21,069 - httpx - INFO - HTTP Request: GET https://datafeed.dukascopy.com/datafeed/EURUSD/2026/05/10/03h_ticks.bi5 "HTTP/1.1 200 OK"
2026-06-13 21:27:21,343 - httpx - INFO - HTTP Request: GET https://datafeed.dukascopy.com/datafeed/EURUSD/2026/05/10/12h_ticks.bi5 "HTTP/1.1 200 OK"
2026-06-13 21:27:21,471 - httpx - INFO - HTTP Request: GET https://datafeed.dukascopy.com/datafeed/EURUSD/2026/05/10/06h_ticks.bi5 "HTTP/1.1 200 OK"
2026-06-13 21:27:21,745 - httpx - INFO - HTTP Request: GET https://datafeed.dukascopy.com/datafeed/EURUSD/2026/05/10/17h_ticks.bi5 "HTTP/1.1 200 OK"
2026-06-13 21:27:21,868 - httpx - INFO - HTTP Request: GET https://datafeed.dukascopy.com/datafeed/EURUSD/2026/05/10/02h_ticks.bi5 "HTTP/1.1 200 OK"
2026-06-13 21:27:22,142 - httpx - INFO - HTTP Request: GET https://datafeed.dukascopy.com/datafeed/EURUSD/2026/05/10/08h_ticks.bi5 "HTTP/1.1 200 OK"
2026-06-13 21:27:22,271 - httpx - INFO - HTTP Request: GET https://datafeed.dukascopy.com/datafeed/EURUSD/2026/04/26/00h_ticks.bi5 "HTTP/1.1 200 OK"
2026-06-13 21:27:22,420 - httpx - INFO - HTTP Request: GET https://datafeed.dukascopy.com/datafeed/EURUSD/2026/05/09/10h_ticks.bi5 "HTTP/1.1 503 Service Temporarily Unavailable"
2026-06-13 21:27:22,432 - httpx - INFO - HTTP Request: GET https://datafeed.dukascopy.com/datafeed/EURUSD/2026/05/09/05h_ticks.bi5 "HTTP/1.1 503 Service Temporarily Unavailable"
2026-06-13 21:27:22,445 - httpx - INFO - HTTP Request: GET https://datafeed.dukascopy.com/datafeed/EURUSD/2026/05/09/16h_ticks.bi5 "HTTP/1.1 503 Service Temporarily Unavailable"
2026-06-13 21:27:22,453 - httpx - INFO - HTTP Request: GET https://datafeed.dukascopy.com/datafeed/EURUSD/2026/05/09/23h_ticks.bi5 "HTTP/1.1 503 Service Temporarily Unavailable"
2026-06-13 21:27:22,459 - httpx - INFO - HTTP Request: GET https://datafeed.dukascopy.com/datafeed/EURUSD/2026/05/09/18h_ticks.bi5 "HTTP/1.1 503 Service Temporarily Unavailable"
2026-06-13 21:27:22,463 - httpx - INFO - HTTP Request: GET https://datafeed.dukascopy.com/datafeed/EURUSD/2026/05/09/22h_ticks.bi5 "HTTP/1.1 503 Service Temporarily Unavailable"
2026-06-13 21:27:22,469 - httpx - INFO - HTTP Request: GET https://datafeed.dukascopy.com/datafeed/EURUSD/2026/04/26/01h_ticks.bi5 "HTTP/1.1 200 OK"
2026-06-13 21:27:22,483 - httpx - INFO - HTTP Request: GET https://datafeed.dukascopy.com/datafeed/EURUSD/2026/05/09/15h_ticks.bi5 "HTTP/1.1 503 Service Temporarily Unavailable"
2026-06-13 21:27:22,491 - httpx - INFO - HTTP Request: GET https://datafeed.dukascopy.com/datafeed/EURUSD/2026/05/09/20h_ticks.bi5 "HTTP/1.1 503 Service Temporarily Unavailable"
2026-06-13 21:27:22,502 - httpx - INFO - HTTP Request: GET https://datafeed.dukascopy.com/datafeed/EURUSD/2026/05/09/09h_ticks.bi5 "HTTP/1.1 503 Service Temporarily Unavailable"
2026-06-13 21:27:22,515 - httpx - INFO - HTTP Request: GET https://datafeed.dukascopy.com/datafeed/EURUSD/2026/05/09/14h_ticks.bi5 "HTTP/1.1 503 Service Temporarily Unavailable"
2026-06-13 21:27:22,519 - httpx - INFO - HTTP Request: GET https://datafeed.dukascopy.com/datafeed/EURUSD/2026/05/09/11h_ticks.bi5 "HTTP/1.1 503 Service Temporarily Unavailable"
2026-06-13 21:27:22,531 - httpx - INFO - HTTP Request: GET https://datafeed.dukascopy.com/datafeed/EURUSD/2026/05/09/19h_ticks.bi5 "HTTP/1.1 503 Service Temporarily Unavailable"
2026-06-13 21:27:22,534 - httpx - INFO - HTTP Request: GET https://datafeed.dukascopy.com/datafeed/EURUSD/2026/05/09/21h_ticks.bi5 "HTTP/1.1 503 Service Temporarily Unavailable"
2026-06-13 21:27:22,537 - httpx - INFO - HTTP Request: GET https://datafeed.dukascopy.com/datafeed/EURUSD/2026/05/09/08h_ticks.bi5 "HTTP/1.1 503 Service Temporarily Unavailable"
2026-06-13 21:27:22,670 - httpx - INFO - HTTP Request: GET https://datafeed.dukascopy.com/datafeed/EURUSD/2026/04/26/04h_ticks.bi5 "HTTP/1.1 200 OK"
2026-06-13 21:27:23,001 - httpx - INFO - HTTP Request: GET https://datafeed.dukascopy.com/datafeed/EURUSD/2026/04/26/07h_ticks.bi5 "HTTP/1.1 200 OK"
2026-06-13 21:27:23,068 - httpx - INFO - HTTP Request: GET https://datafeed.dukascopy.com/datafeed/EURUSD/2026/04/26/03h_ticks.bi5 "HTTP/1.1 200 OK"
2026-06-13 21:27:23,270 - httpx - INFO - HTTP Request: GET https://datafeed.dukascopy.com/datafeed/EURUSD/2026/04/26/12h_ticks.bi5 "HTTP/1.1 200 OK"
2026-06-13 21:27:23,539 - httpx - INFO - HTTP Request: GET https://datafeed.dukascopy.com/datafeed/EURUSD/2026/04/26/15h_ticks.bi5 "HTTP/1.1 200 OK"
2026-06-13 21:27:23,672 - httpx - INFO - HTTP Request: GET https://datafeed.dukascopy.com/datafeed/EURUSD/2026/05/09/00h_ticks.bi5 "HTTP/1.1 200 OK"
2026-06-13 21:27:23,770 - httpx - INFO - HTTP Request: GET https://datafeed.dukascopy.com/datafeed/EURUSD/2026/04/25/06h_ticks.bi5 "HTTP/1.1 503 Service Temporarily Unavailable"
2026-06-13 21:27:23,791 - httpx - INFO - HTTP Request: GET https://datafeed.dukascopy.com/datafeed/EURUSD/2026/04/25/17h_ticks.bi5 "HTTP/1.1 503 Service Temporarily Unavailable"
2026-06-13 21:27:23,808 - httpx - INFO - HTTP Request: GET https://datafeed.dukascopy.com/datafeed/EURUSD/2026/04/25/02h_ticks.bi5 "HTTP/1.1 503 Service Temporarily Unavailable"
2026-06-13 21:27:23,816 - httpx - INFO - HTTP Request: GET https://datafeed.dukascopy.com/datafeed/EURUSD/2026/04/25/10h_ticks.bi5 "HTTP/1.1 503 Service Temporarily Unavailable"
2026-06-13 21:27:23,825 - httpx - INFO - HTTP Request: GET https://datafeed.dukascopy.com/datafeed/EURUSD/2026/04/25/05h_ticks.bi5 "HTTP/1.1 503 Service Temporarily Unavailable"
2026-06-13 21:27:23,836 - httpx - INFO - HTTP Request: GET https://datafeed.dukascopy.com/datafeed/EURUSD/2026/04/25/16h_ticks.bi5 "HTTP/1.1 503 Service Temporarily Unavailable"
2026-06-13 21:27:23,839 - httpx - INFO - HTTP Request: GET https://datafeed.dukascopy.com/datafeed/EURUSD/2026/04/25/23h_ticks.bi5 "HTTP/1.1 503 Service Temporarily Unavailable"
2026-06-13 21:27:23,847 - httpx - INFO - HTTP Request: GET https://datafeed.dukascopy.com/datafeed/EURUSD/2026/04/25/18h_ticks.bi5 "HTTP/1.1 503 Service Temporarily Unavailable"
2026-06-13 21:27:23,859 - httpx - INFO - HTTP Request: GET https://datafeed.dukascopy.com/datafeed/EURUSD/2026/04/25/22h_ticks.bi5 "HTTP/1.1 503 Service Temporarily Unavailable"
2026-06-13 21:27:23,873 - httpx - INFO - HTTP Request: GET https://datafeed.dukascopy.com/datafeed/EURUSD/2026/05/09/04h_ticks.bi5 "HTTP/1.1 200 OK"
2026-06-13 21:27:23,875 - httpx - INFO - HTTP Request: GET https://datafeed.dukascopy.com/datafeed/EURUSD/2026/04/25/21h_ticks.bi5 "HTTP/1.1 503 Service Temporarily Unavailable"
2026-06-13 21:27:23,886 - httpx - INFO - HTTP Request: GET https://datafeed.dukascopy.com/datafeed/EURUSD/2026/04/25/08h_ticks.bi5 "HTTP/1.1 503 Service Temporarily Unavailable"
2026-06-13 21:27:23,904 - httpx - INFO - HTTP Request: GET https://datafeed.dukascopy.com/datafeed/EURUSD/2026/04/25/09h_ticks.bi5 "HTTP/1.1 503 Service Temporarily Unavailable"
2026-06-13 21:27:23,909 - httpx - INFO - HTTP Request: GET https://datafeed.dukascopy.com/datafeed/EURUSD/2026/04/25/20h_ticks.bi5 "HTTP/1.1 503 Service Temporarily Unavailable"
2026-06-13 21:27:23,912 - httpx - INFO - HTTP Request: GET https://datafeed.dukascopy.com/datafeed/EURUSD/2026/04/25/13h_ticks.bi5 "HTTP/1.1 503 Service Temporarily Unavailable"
2026-06-13 21:27:24,049 - httpx - INFO - HTTP Request: GET https://datafeed.dukascopy.com/datafeed/EURUSD/2026/04/25/15h_ticks.bi5 "HTTP/1.1 503 Service Temporarily Unavailable"
2026-06-13 21:27:24,056 - httpx - INFO - HTTP Request: GET https://datafeed.dukascopy.com/datafeed/EURUSD/2026/04/25/11h_ticks.bi5 "HTTP/1.1 503 Service Temporarily Unavailable"
2026-06-13 21:27:24,063 - httpx - INFO - HTTP Request: GET https://datafeed.dukascopy.com/datafeed/EURUSD/2026/04/25/14h_ticks.bi5 "HTTP/1.1 503 Service Temporarily Unavailable"
2026-06-13 21:27:24,077 - httpx - INFO - HTTP Request: GET https://datafeed.dukascopy.com/datafeed/EURUSD/2026/05/09/01h_ticks.bi5 "HTTP/1.1 200 OK"
2026-06-13 21:27:24,267 - httpx - INFO - HTTP Request: GET https://datafeed.dukascopy.com/datafeed/EURUSD/2026/05/09/12h_ticks.bi5 "HTTP/1.1 200 OK"
2026-06-13 21:27:24,471 - httpx - INFO - HTTP Request: GET https://datafeed.dukascopy.com/datafeed/EURUSD/2026/05/09/07h_ticks.bi5 "HTTP/1.1 200 OK"
2026-06-13 21:27:24,668 - httpx - INFO - HTTP Request: GET https://datafeed.dukascopy.com/datafeed/EURUSD/2026/05/09/03h_ticks.bi5 "HTTP/1.1 200 OK"
2026-06-13 21:27:24,870 - httpx - INFO - HTTP Request: GET https://datafeed.dukascopy.com/datafeed/EURUSD/2026/05/09/06h_ticks.bi5 "HTTP/1.1 200 OK"
2026-06-13 21:27:25,142 - httpx - INFO - HTTP Request: GET https://datafeed.dukascopy.com/datafeed/EURUSD/2026/05/09/17h_ticks.bi5 "HTTP/1.1 200 OK"
2026-06-13 21:27:25,269 - httpx - INFO - HTTP Request: GET https://datafeed.dukascopy.com/datafeed/EURUSD/2026/05/09/02h_ticks.bi5 "HTTP/1.1 200 OK"
2026-06-13 21:27:25,536 - httpx - INFO - HTTP Request: GET https://datafeed.dukascopy.com/datafeed/EURUSD/2026/05/09/13h_ticks.bi5 "HTTP/1.1 200 OK"
2026-06-13 21:27:25,668 - httpx - INFO - HTTP Request: GET https://datafeed.dukascopy.com/datafeed/EURUSD/2026/04/25/00h_ticks.bi5 "HTTP/1.1 200 OK"
2026-06-13 21:27:25,820 - httpx - INFO - HTTP Request: GET https://datafeed.dukascopy.com/datafeed/EURUSD/2026/05/08/10h_ticks.bi5 "HTTP/1.1 503 Service Temporarily Unavailable"
2026-06-13 21:27:25,831 - httpx - INFO - HTTP Request: GET https://datafeed.dukascopy.com/datafeed/EURUSD/2026/05/08/05h_ticks.bi5 "HTTP/1.1 503 Service Temporarily Unavailable"
2026-06-13 21:27:25,844 - httpx - INFO - HTTP Request: GET https://datafeed.dukascopy.com/datafeed/EURUSD/2026/05/08/16h_ticks.bi5 "HTTP/1.1 503 Service Temporarily Unavailable"
2026-06-13 21:27:25,853 - httpx - INFO - HTTP Request: GET https://datafeed.dukascopy.com/datafeed/EURUSD/2026/05/08/23h_ticks.bi5 "HTTP/1.1 503 Service Temporarily Unavailable"
2026-06-13 21:27:25,859 - httpx - INFO - HTTP Request: GET https://datafeed.dukascopy.com/datafeed/EURUSD/2026/05/08/18h_ticks.bi5 "HTTP/1.1 503 Service Temporarily Unavailable"
2026-06-13 21:27:25,863 - httpx - INFO - HTTP Request: GET https://datafeed.dukascopy.com/datafeed/EURUSD/2026/05/08/22h_ticks.bi5 "HTTP/1.1 503 Service Temporarily Unavailable"
2026-06-13 21:27:25,868 - httpx - INFO - HTTP Request: GET https://datafeed.dukascopy.com/datafeed/EURUSD/2026/04/25/01h_ticks.bi5 "HTTP/1.1 200 OK"
2026-06-13 21:27:25,882 - httpx - INFO - HTTP Request: GET https://datafeed.dukascopy.com/datafeed/EURUSD/2026/05/08/15h_ticks.bi5 "HTTP/1.1 503 Service Temporarily Unavailable"
2026-06-13 21:27:25,890 - httpx - INFO - HTTP Request: GET https://datafeed.dukascopy.com/datafeed/EURUSD/2026/05/08/20h_ticks.bi5 "HTTP/1.1 503 Service Temporarily Unavailable"
2026-06-13 21:27:25,899 - httpx - INFO - HTTP Request: GET https://datafeed.dukascopy.com/datafeed/EURUSD/2026/05/08/09h_ticks.bi5 "HTTP/1.1 503 Service Temporarily Unavailable"
2026-06-13 21:27:25,921 - httpx - INFO - HTTP Request: GET https://datafeed.dukascopy.com/datafeed/EURUSD/2026/05/08/14h_ticks.bi5 "HTTP/1.1 503 Service Temporarily Unavailable"
2026-06-13 21:27:25,924 - httpx - INFO - HTTP Request: GET https://datafeed.dukascopy.com/datafeed/EURUSD/2026/05/08/11h_ticks.bi5 "HTTP/1.1 503 Service Temporarily Unavailable"
2026-06-13 21:27:25,926 - httpx - INFO - HTTP Request: GET https://datafeed.dukascopy.com/datafeed/EURUSD/2026/05/08/19h_ticks.bi5 "HTTP/1.1 503 Service Temporarily Unavailable"
2026-06-13 21:27:25,930 - httpx - INFO - HTTP Request: GET https://datafeed.dukascopy.com/datafeed/EURUSD/2026/05/08/21h_ticks.bi5 "HTTP/1.1 503 Service Temporarily Unavailable"
2026-06-13 21:27:26,068 - httpx - INFO - HTTP Request: GET https://datafeed.dukascopy.com/datafeed/EURUSD/2026/04/25/04h_ticks.bi5 "HTTP/1.1 200 OK"
2026-06-13 21:27:26,281 - httpx - INFO - HTTP Request: GET https://datafeed.dukascopy.com/datafeed/EURUSD/2026/04/25/07h_ticks.bi5 "HTTP/1.1 200 OK"
2026-06-13 21:27:26,469 - httpx - INFO - HTTP Request: GET https://datafeed.dukascopy.com/datafeed/EURUSD/2026/04/25/03h_ticks.bi5 "HTTP/1.1 200 OK"
2026-06-13 21:27:26,673 - httpx - INFO - HTTP Request: GET https://datafeed.dukascopy.com/datafeed/EURUSD/2026/04/25/12h_ticks.bi5 "HTTP/1.1 200 OK"
2026-06-13 21:27:26,869 - httpx - INFO - HTTP Request: GET https://datafeed.dukascopy.com/datafeed/EURUSD/2026/04/25/19h_ticks.bi5 "HTTP/1.1 200 OK"
2026-06-13 21:27:27,068 - httpx - INFO - HTTP Request: GET https://datafeed.dukascopy.com/datafeed/EURUSD/2026/04/24/03h_ticks.bi5 "HTTP/1.1 503 Service Temporarily Unavailable"
2026-06-13 21:27:27,072 - httpx - INFO - HTTP Request: GET https://datafeed.dukascopy.com/datafeed/EURUSD/2026/05/08/00h_ticks.bi5 "HTTP/1.1 200 OK"
2026-06-13 21:27:27,089 - httpx - INFO - HTTP Request: GET https://datafeed.dukascopy.com/datafeed/EURUSD/2026/04/24/12h_ticks.bi5 "HTTP/1.1 503 Service Temporarily Unavailable"
2026-06-13 21:27:27,109 - httpx - INFO - HTTP Request: GET https://datafeed.dukascopy.com/datafeed/EURUSD/2026/04/24/17h_ticks.bi5 "HTTP/1.1 503 Service Temporarily Unavailable"
2026-06-13 21:27:27,126 - httpx - INFO - HTTP Request: GET https://datafeed.dukascopy.com/datafeed/EURUSD/2026/04/24/02h_ticks.bi5 "HTTP/1.1 503 Service Temporarily Unavailable"
2026-06-13 21:27:27,137 - httpx - INFO - HTTP Request: GET https://datafeed.dukascopy.com/datafeed/EURUSD/2026/04/24/10h_ticks.bi5 "HTTP/1.1 503 Service Temporarily Unavailable"
2026-06-13 21:27:27,147 - httpx - INFO - HTTP Request: GET https://datafeed.dukascopy.com/datafeed/EURUSD/2026/04/24/05h_ticks.bi5 "HTTP/1.1 503 Service Temporarily Unavailable"
2026-06-13 21:27:27,160 - httpx - INFO - HTTP Request: GET https://datafeed.dukascopy.com/datafeed/EURUSD/2026/04/24/16h_ticks.bi5 "HTTP/1.1 503 Service Temporarily Unavailable"
2026-06-13 21:27:27,171 - httpx - INFO - HTTP Request: GET https://datafeed.dukascopy.com/datafeed/EURUSD/2026/04/24/23h_ticks.bi5 "HTTP/1.1 503 Service Temporarily Unavailable"
2026-06-13 21:27:27,176 - httpx - INFO - HTTP Request: GET https://datafeed.dukascopy.com/datafeed/EURUSD/2026/04/24/19h_ticks.bi5 "HTTP/1.1 503 Service Temporarily Unavailable"
2026-06-13 21:27:27,185 - httpx - INFO - HTTP Request: GET https://datafeed.dukascopy.com/datafeed/EURUSD/2026/04/24/21h_ticks.bi5 "HTTP/1.1 503 Service Temporarily Unavailable"
2026-06-13 21:27:27,189 - httpx - INFO - HTTP Request: GET https://datafeed.dukascopy.com/datafeed/EURUSD/2026/04/24/11h_ticks.bi5 "HTTP/1.1 503 Service Temporarily Unavailable"
2026-06-13 21:27:27,197 - httpx - INFO - HTTP Request: GET https://datafeed.dukascopy.com/datafeed/EURUSD/2026/04/24/15h_ticks.bi5 "HTTP/1.1 503 Service Temporarily Unavailable"
2026-06-13 21:27:27,205 - httpx - INFO - HTTP Request: GET https://datafeed.dukascopy.com/datafeed/EURUSD/2026/04/24/20h_ticks.bi5 "HTTP/1.1 503 Service Temporarily Unavailable"
2026-06-13 21:27:27,213 - httpx - INFO - HTTP Request: GET https://datafeed.dukascopy.com/datafeed/EURUSD/2026/04/24/14h_ticks.bi5 "HTTP/1.1 503 Service Temporarily Unavailable"
2026-06-13 21:27:27,221 - httpx - INFO - HTTP Request: GET https://datafeed.dukascopy.com/datafeed/EURUSD/2026/04/24/09h_ticks.bi5 "HTTP/1.1 503 Service Temporarily Unavailable"
2026-06-13 21:27:27,224 - httpx - INFO - HTTP Request: GET https://datafeed.dukascopy.com/datafeed/EURUSD/2026/04/24/08h_ticks.bi5 "HTTP/1.1 503 Service Temporarily Unavailable"
2026-06-13 21:27:27,228 - httpx - INFO - HTTP Request: GET https://datafeed.dukascopy.com/datafeed/EURUSD/2026/04/24/13h_ticks.bi5 "HTTP/1.1 503 Service Temporarily Unavailable"
2026-06-13 21:27:27,231 - httpx - INFO - HTTP Request: GET https://datafeed.dukascopy.com/datafeed/EURUSD/2026/04/24/18h_ticks.bi5 "HTTP/1.1 503 Service Temporarily Unavailable"
2026-06-13 21:27:27,233 - httpx - INFO - HTTP Request: GET https://datafeed.dukascopy.com/datafeed/EURUSD/2026/04/24/22h_ticks.bi5 "HTTP/1.1 503 Service Temporarily Unavailable"
2026-06-13 21:27:27,352 - httpx - INFO - HTTP Request: GET https://datafeed.dukascopy.com/datafeed/EURUSD/2026/05/08/01h_ticks.bi5 "HTTP/1.1 200 OK"
2026-06-13 21:27:27,522 - httpx - INFO - HTTP Request: GET https://datafeed.dukascopy.com/datafeed/EURUSD/2026/05/08/04h_ticks.bi5 "HTTP/1.1 200 OK"
2026-06-13 21:27:27,749 - httpx - INFO - HTTP Request: GET https://datafeed.dukascopy.com/datafeed/EURUSD/2026/05/08/07h_ticks.bi5 "HTTP/1.1 200 OK"
2026-06-13 21:27:27,871 - httpx - INFO - HTTP Request: GET https://datafeed.dukascopy.com/datafeed/EURUSD/2026/05/08/03h_ticks.bi5 "HTTP/1.1 200 OK"
2026-06-13 21:27:28,141 - httpx - INFO - HTTP Request: GET https://datafeed.dukascopy.com/datafeed/EURUSD/2026/05/08/12h_ticks.bi5 "HTTP/1.1 200 OK"
2026-06-13 21:27:28,370 - httpx - INFO - HTTP Request: GET https://datafeed.dukascopy.com/datafeed/EURUSD/2026/05/08/06h_ticks.bi5 "HTTP/1.1 200 OK"
2026-06-13 21:27:28,474 - httpx - INFO - HTTP Request: GET https://datafeed.dukascopy.com/datafeed/EURUSD/2026/05/08/17h_ticks.bi5 "HTTP/1.1 200 OK"
2026-06-13 21:27:28,670 - httpx - INFO - HTTP Request: GET https://datafeed.dukascopy.com/datafeed/EURUSD/2026/05/08/02h_ticks.bi5 "HTTP/1.1 200 OK"
2026-06-13 21:27:28,940 - httpx - INFO - HTTP Request: GET https://datafeed.dukascopy.com/datafeed/EURUSD/2026/05/08/13h_ticks.bi5 "HTTP/1.1 200 OK"
2026-06-13 21:27:29,143 - httpx - INFO - HTTP Request: GET https://datafeed.dukascopy.com/datafeed/EURUSD/2026/05/08/08h_ticks.bi5 "HTTP/1.1 200 OK"
2026-06-13 21:27:29,265 - httpx - INFO - HTTP Request: GET https://datafeed.dukascopy.com/datafeed/EURUSD/2026/04/24/00h_ticks.bi5 "HTTP/1.1 200 OK"
2026-06-13 21:27:29,444 - httpx - INFO - HTTP Request: GET https://datafeed.dukascopy.com/datafeed/EURUSD/2026/05/07/16h_ticks.bi5 "HTTP/1.1 503 Service Temporarily Unavailable"
2026-06-13 21:27:29,449 - httpx - INFO - HTTP Request: GET https://datafeed.dukascopy.com/datafeed/EURUSD/2026/05/07/23h_ticks.bi5 "HTTP/1.1 503 Service Temporarily Unavailable"
2026-06-13 21:27:29,451 - httpx - INFO - HTTP Request: GET https://datafeed.dukascopy.com/datafeed/EURUSD/2026/05/07/18h_ticks.bi5 "HTTP/1.1 503 Service Temporarily Unavailable"
2026-06-13 21:27:29,472 - httpx - INFO - HTTP Request: GET https://datafeed.dukascopy.com/datafeed/EURUSD/2026/05/07/22h_ticks.bi5 "HTTP/1.1 503 Service Temporarily Unavailable"
2026-06-13 21:27:29,472 - httpx - INFO - HTTP Request: GET https://datafeed.dukascopy.com/datafeed/EURUSD/2026/04/24/01h_ticks.bi5 "HTTP/1.1 200 OK"
2026-06-13 21:27:29,483 - httpx - INFO - HTTP Request: GET https://datafeed.dukascopy.com/datafeed/EURUSD/2026/05/07/15h_ticks.bi5 "HTTP/1.1 503 Service Temporarily Unavailable"
2026-06-13 21:27:29,493 - httpx - INFO - HTTP Request: GET https://datafeed.dukascopy.com/datafeed/EURUSD/2026/05/07/20h_ticks.bi5 "HTTP/1.1 503 Service Temporarily Unavailable"
2026-06-13 21:27:29,497 - httpx - INFO - HTTP Request: GET https://datafeed.dukascopy.com/datafeed/EURUSD/2026/05/07/09h_ticks.bi5 "HTTP/1.1 503 Service Temporarily Unavailable"
2026-06-13 21:27:29,506 - httpx - INFO - HTTP Request: GET https://datafeed.dukascopy.com/datafeed/EURUSD/2026/05/07/14h_ticks.bi5 "HTTP/1.1 503 Service Temporarily Unavailable"
2026-06-13 21:27:29,666 - httpx - INFO - HTTP Request: GET https://datafeed.dukascopy.com/datafeed/EURUSD/2026/04/24/04h_ticks.bi5 "HTTP/1.1 200 OK"
2026-06-13 21:27:29,713 - httpx - INFO - HTTP Request: GET https://datafeed.dukascopy.com/datafeed/EURUSD/2026/05/07/11h_ticks.bi5 "HTTP/1.1 503 Service Temporarily Unavailable"
2026-06-13 21:27:29,716 - httpx - INFO - HTTP Request: GET https://datafeed.dukascopy.com/datafeed/EURUSD/2026/05/07/21h_ticks.bi5 "HTTP/1.1 503 Service Temporarily Unavailable"
2026-06-13 21:27:29,722 - httpx - INFO - HTTP Request: GET https://datafeed.dukascopy.com/datafeed/EURUSD/2026/05/07/08h_ticks.bi5 "HTTP/1.1 503 Service Temporarily Unavailable"
2026-06-13 21:27:29,866 - httpx - INFO - HTTP Request: GET https://datafeed.dukascopy.com/datafeed/EURUSD/2026/04/24/07h_ticks.bi5 "HTTP/1.1 200 OK"
2026-06-13 21:27:30,066 - httpx - INFO - HTTP Request: GET https://datafeed.dukascopy.com/datafeed/EURUSD/2026/04/24/06h_ticks.bi5 "HTTP/1.1 200 OK"
2026-06-13 21:27:30,246 - httpx - INFO - HTTP Request: GET https://datafeed.dukascopy.com/datafeed/EURUSD/2026/04/23/04h_ticks.bi5 "HTTP/1.1 503 Service Temporarily Unavailable"
2026-06-13 21:27:30,255 - httpx - INFO - HTTP Request: GET https://datafeed.dukascopy.com/datafeed/EURUSD/2026/04/23/07h_ticks.bi5 "HTTP/1.1 503 Service Temporarily Unavailable"
2026-06-13 21:27:30,274 - httpx - INFO - HTTP Request: GET https://datafeed.dukascopy.com/datafeed/EURUSD/2026/04/23/03h_ticks.bi5 "HTTP/1.1 503 Service Temporarily Unavailable"
2026-06-13 21:27:30,294 - httpx - INFO - HTTP Request: GET https://datafeed.dukascopy.com/datafeed/EURUSD/2026/04/23/12h_ticks.bi5 "HTTP/1.1 503 Service Temporarily Unavailable"
2026-06-13 21:27:30,311 - httpx - INFO - HTTP Request: GET https://datafeed.dukascopy.com/datafeed/EURUSD/2026/04/23/17h_ticks.bi5 "HTTP/1.1 503 Service Temporarily Unavailable"
2026-06-13 21:27:30,327 - httpx - INFO - HTTP Request: GET https://datafeed.dukascopy.com/datafeed/EURUSD/2026/04/23/02h_ticks.bi5 "HTTP/1.1 503 Service Temporarily Unavailable"
2026-06-13 21:27:30,337 - httpx - INFO - HTTP Request: GET https://datafeed.dukascopy.com/datafeed/EURUSD/2026/04/23/10h_ticks.bi5 "HTTP/1.1 503 Service Temporarily Unavailable"
2026-06-13 21:27:30,350 - httpx - INFO - HTTP Request: GET https://datafeed.dukascopy.com/datafeed/EURUSD/2026/04/23/05h_ticks.bi5 "HTTP/1.1 503 Service Temporarily Unavailable"
2026-06-13 21:27:30,426 - httpx - INFO - HTTP Request: GET https://datafeed.dukascopy.com/datafeed/EURUSD/2026/04/23/16h_ticks.bi5 "HTTP/1.1 503 Service Temporarily Unavailable"
2026-06-13 21:27:30,429 - httpx - INFO - HTTP Request: GET https://datafeed.dukascopy.com/datafeed/EURUSD/2026/04/23/23h_ticks.bi5 "HTTP/1.1 503 Service Temporarily Unavailable"
2026-06-13 21:27:30,432 - httpx - INFO - HTTP Request: GET https://datafeed.dukascopy.com/datafeed/EURUSD/2026/04/23/08h_ticks.bi5 "HTTP/1.1 503 Service Temporarily Unavailable"
2026-06-13 21:27:30,435 - httpx - INFO - HTTP Request: GET https://datafeed.dukascopy.com/datafeed/EURUSD/2026/04/23/18h_ticks.bi5 "HTTP/1.1 503 Service Temporarily Unavailable"
2026-06-13 21:27:30,438 - httpx - INFO - HTTP Request: GET https://datafeed.dukascopy.com/datafeed/EURUSD/2026/04/23/22h_ticks.bi5 "HTTP/1.1 503 Service Temporarily Unavailable"
2026-06-13 21:27:30,440 - httpx - INFO - HTTP Request: GET https://datafeed.dukascopy.com/datafeed/EURUSD/2026/04/23/15h_ticks.bi5 "HTTP/1.1 503 Service Temporarily Unavailable"
2026-06-13 21:27:30,445 - httpx - INFO - HTTP Request: GET https://datafeed.dukascopy.com/datafeed/EURUSD/2026/04/23/13h_ticks.bi5 "HTTP/1.1 503 Service Temporarily Unavailable"
2026-06-13 21:27:30,448 - httpx - INFO - HTTP Request: GET https://datafeed.dukascopy.com/datafeed/EURUSD/2026/04/23/19h_ticks.bi5 "HTTP/1.1 503 Service Temporarily Unavailable"
2026-06-13 21:27:30,451 - httpx - INFO - HTTP Request: GET https://datafeed.dukascopy.com/datafeed/EURUSD/2026/04/23/09h_ticks.bi5 "HTTP/1.1 503 Service Temporarily Unavailable"
2026-06-13 21:27:30,454 - httpx - INFO - HTTP Request: GET https://datafeed.dukascopy.com/datafeed/EURUSD/2026/04/23/21h_ticks.bi5 "HTTP/1.1 503 Service Temporarily Unavailable"
2026-06-13 21:27:30,456 - httpx - INFO - HTTP Request: GET https://datafeed.dukascopy.com/datafeed/EURUSD/2026/04/23/14h_ticks.bi5 "HTTP/1.1 503 Service Temporarily Unavailable"
2026-06-13 21:27:30,462 - httpx - INFO - HTTP Request: GET https://datafeed.dukascopy.com/datafeed/EURUSD/2026/04/23/20h_ticks.bi5 "HTTP/1.1 503 Service Temporarily Unavailable"
2026-06-13 21:27:30,466 - httpx - INFO - HTTP Request: GET https://datafeed.dukascopy.com/datafeed/EURUSD/2026/04/23/11h_ticks.bi5 "HTTP/1.1 503 Service Temporarily Unavailable"
